date,hour,branch_id,branch_name,from_bus,to_bus,from_bus_id,to_bus_id,from_nuts3,to_nuts3,asset_class,reinforcement_eligible,diagnostic_multiplier,capacity_policy,base_line_rating_factor,flow_mw,flow_mvar,limit_mw,loading_pct
2025-06-27,19,266,LTGES0193,707,25,ES00714,ES00025,ES414,ES412,inter_nuts3,false,1.5,inter_allowance,0.8,-589.87,0.0,589.87,100.0
2025-06-25,15,2178,NEWXB_ES220_FR,150,850,ES00153,ES00859,ES220,FR,international,false,1.0,fixed,0.8,1600.0,0.0,1600.0,100.0
2024-08-22,10,1003,LTGES0668,481,908,ES00484,ES00919,ES423,ES300,inter_nuts3,false,1.5,inter_allowance,0.8,589.87,0.0,589.87,100.0
2025-06-25,15,dc1,LTGES0254,674,676,ES00681,ES00683,ES522,ES532,inter_nuts3,false,1.5,inter_allowance,0.8,-609.75,0.0,609.75,100.0
2024-08-20,0,1562,LTGES1027,850,851,ES00859,ES00860,FR,ES212,international,false,1.0,fixed,0.8,1429.98,0.0,1429.98,100.0
2024-08-20,0,2179,NEWES_ES412_ES416,684,905,ES00691,ES00916,ES412,ES416,inter_nuts3,false,1.5,inter_allowance,0.8,226.26,0.0,226.26,100.0
2024-08-21,8,869,LTGES0589,458,276,ES00461,ES00279,ES220,ES243,inter_nuts3,false,1.5,inter_allowance,0.8,-589.87,0.0,589.87,100.0
2025-06-24,13,1312,LTGES0862b,443,372,ES00446,ES00375,ES513,ES514,inter_nuts3,false,1.5,inter_allowance,0.8,1155.84,0.0,1179.73,98.0
2025-06-24,13,1311,LTGES0862a,443,372,ES00446,ES00375,ES513,ES514,inter_nuts3,false,1.5,inter_allowance,0.8,1155.84,0.0,1179.73,98.0
2025-06-25,17,1241,LTGES0815,531,215,ES00536,ES00218,ES212,ES220,inter_nuts3,false,1.5,inter_allowance,0.8,555.63,0.0,589.87,94.2
2025-06-25,17,423,LTGES0290,134,952,ES00135,ES00963,ES220,ES243,inter_nuts3,false,1.5,inter_allowance,0.8,1793.56,0.0,2144.97,83.6
2025-06-25,15,248,LTGES0177,733,735,ES00742,ES00744,FR,ES212,international,false,1.0,fixed,0.8,-335.34,0.0,402.18,83.4
2025-06-25,15,1859,LTGES1219,1055,970,ES01069,ES00981,ES241,FR,international,false,1.0,fixed,0.8,335.34,0.0,402.18,83.4
2025-06-25,15,1783,LTGES1173a,1108,1107,ES01126,ES01125,FR,ES512,international,false,1.0,fixed,0.8,-953.86,0.0,1143.98,83.4
2025-06-25,15,1784,LTGES1174b,1108,1107,ES01126,ES01125,FR,ES512,international,false,1.0,fixed,0.8,-953.86,0.0,1143.98,83.4
2025-06-25,17,1239,LTGES0813,215,97,ES00218,ES00097,ES220,ES212,inter_nuts3,false,1.5,inter_allowance,0.8,-489.9,0.0,589.87,83.1
2024-08-24,20,87,LTGES0059,95,44,ES00095,ES00044,ES211,ES412,inter_nuts3,false,1.5,inter_allowance,0.8,-477.56,0.0,589.87,81.0
2025-06-25,17,106,LTGES0073,109,971,ES00109,ES00982,ES419,ES113,inter_nuts3,false,1.5,inter_allowance,0.8,-476.52,0.0,589.87,80.8
2025-06-29,7,1558,LTGES1023,96,575,ES00096,ES00580,ES412,ES211,inter_nuts3,false,1.5,inter_allowance,0.8,472.92,0.0,589.87,80.2
2025-06-25,15,1896,LTGES1242,494,191,ES00497,ES00194,ES611,ES614,inter_nuts3,false,1.5,inter_allowance,0.8,1706.97,0.0,2144.97,79.6
2024-08-26,17,377,LTGES0257b,124,274,ES00124,ES00277,ES113,PT,international,false,1.0,fixed,0.8,2191.49,0.0,2859.96,76.6
2024-08-26,17,376,LTGES0257a,124,274,ES00124,ES00277,ES113,PT,international,false,1.0,fixed,0.8,2191.49,0.0,2859.96,76.6
2025-06-25,15,1817,LTGES1192,76,14,ES00076,ES00014,ES423,ES300,inter_nuts3,false,1.5,inter_allowance,0.8,1559.07,0.0,2144.97,72.7
2024-08-22,9,242,LTGES0172,963,212,ES00974,ES00215,ES220,ES241,inter_nuts3,false,1.5,inter_allowance,0.8,-429.0,0.0,589.87,72.7
2024-08-24,20,1999,LTGES1317,1023,95,ES01037,ES00095,ES230,ES211,inter_nuts3,false,1.5,inter_allowance,0.8,-401.99,0.0,589.87,68.1
2025-06-25,15,1511,LTGES0993,588,44,ES00593,ES00044,ES211,ES412,inter_nuts3,false,1.5,inter_allowance,0.8,-391.44,0.0,589.87,66.4
2025-06-25,17,305,LTGES0219,753,75,ES00762,ES00075,ES523,ES423,inter_nuts3,false,1.5,inter_allowance,0.8,-1414.43,0.0,2144.97,65.9
2025-06-25,15,1624,LTGES1069,1060,907,ES01075,ES00918,ES423,ES300,inter_nuts3,false,1.5,inter_allowance,0.8,1374.8,0.0,2144.97,64.1
2025-06-25,15,919,LTGES0619a,896,894,ES00905,ES00903,ES424,ES300,inter_nuts3,false,1.5,inter_allowance,0.8,2744.09,0.0,4289.94,64.0
2025-06-25,15,920,LTGES0619b,896,894,ES00905,ES00903,ES424,ES300,inter_nuts3,false,1.5,inter_allowance,0.8,2744.09,0.0,4289.94,64.0
2025-06-24,12,721,LTGES0497,410,266,ES00413,ES00269,ES242,ES243,inter_nuts3,false,1.5,inter_allowance,0.8,372.03,0.0,589.87,63.1
2024-08-26,8,74,LTGES0049,80,82,ES00080,ES00082,ES242,ES243,inter_nuts3,false,1.5,inter_allowance,0.8,-1338.37,0.0,2144.97,62.4
2025-06-30,19,1194,LTGES0783,451,986,ES00454,ES01000,ES513,ES241,inter_nuts3,false,1.5,inter_allowance,0.8,-363.71,0.0,589.87,61.7
2025-06-29,7,1471,LTGES0964,582,575,ES00587,ES00580,ES213,ES211,inter_nuts3,false,1.5,inter_allowance,0.8,-339.64,0.0,589.87,57.6
2025-06-29,7,1472,LTGES0965,582,575,ES00587,ES00580,ES213,ES211,inter_nuts3,false,1.5,inter_allowance,0.8,-338.32,0.0,589.87,57.4
2025-06-25,15,608,LTGES0423,353,830,ES00356,ES00839,ES620,ES521,inter_nuts3,false,1.5,inter_allowance,0.8,337.48,0.0,589.87,57.2
2025-06-25,15,458,LTGES0316,125,201,ES00125,ES00204,ES113,ES112,inter_nuts3,false,1.5,inter_allowance,0.8,-333.32,0.0,589.87,56.5
2025-06-25,15,1903,LTGES1246,1057,923,ES01071,ES00934,ES611,ES614,inter_nuts3,false,1.5,inter_allowance,0.8,332.06,0.0,589.87,56.3
2024-08-24,20,1519,LTGES0999,1023,590,ES01037,ES00595,ES230,ES211,inter_nuts3,false,1.5,inter_allowance,0.8,330.68,0.0,589.87,56.1
2025-06-25,15,459,LTGES0317,310,311,ES00313,ES00314,ES113,ES112,inter_nuts3,false,1.5,inter_allowance,0.8,-327.62,0.0,589.87,55.5
2025-06-30,20,1682,LTGES1110,623,301,ES00629,ES00304,ES243,ES241,inter_nuts3,false,1.5,inter_allowance,0.8,319.9,0.0,589.87,54.2
2025-06-24,12,648,LTGES0448,80,374,ES00080,ES00377,ES242,ES243,inter_nuts3,false,1.5,inter_allowance,0.8,-1149.87,0.0,2144.97,53.6
2025-06-25,15,460,LTGES0318,311,312,ES00314,ES00315,ES112,ES113,inter_nuts3,false,1.5,inter_allowance,0.8,-314.68,0.0,589.87,53.3
2025-06-25,15,2177,NEWXB_ES213_FR,993,850,ES01007,ES00859,ES213,FR,international,false,1.0,fixed,0.8,830.54,0.0,1600.0,51.9
2025-06-24,12,1546,LTGES1016a,600,436,ES00605,ES00439,ES511,ES514,inter_nuts3,false,1.5,inter_allowance,0.8,-594.6,0.0,1179.73,50.4
2025-06-25,15,1058,LTGES0700,193,495,ES00196,ES00498,ES614,ES617,inter_nuts3,false,1.5,inter_allowance,0.8,1081.93,0.0,2144.97,50.4
2025-06-24,12,1547,LTGES1016b,600,436,ES00605,ES00439,ES511,ES514,inter_nuts3,false,1.5,inter_allowance,0.8,-594.6,0.0,1179.73,50.4
2025-06-30,19,267,LTGES0194,54,228,ES00054,ES00231,ES418,ES414,inter_nuts3,false,1.5,inter_allowance,0.8,-295.71,0.0,589.87,50.1
2025-06-29,7,1473,LTGES0966,575,685,ES00580,ES00692,ES211,ES412,inter_nuts3,false,1.5,inter_allowance,0.8,-287.2,0.0,589.87,48.7
2025-06-24,13,1516,LTGES0996,589,590,ES00594,ES00595,ES230,ES211,inter_nuts3,false,1.5,inter_allowance,0.8,275.14,0.0,589.87,46.6
2025-06-25,15,1712,LTGES1126,960,139,ES00971,ES00142,ES220,ES230,inter_nuts3,false,1.5,inter_allowance,0.8,274.97,0.0,589.87,46.6
2024-08-26,8,77,LTGES0052,85,55,ES00085,ES00055,ES417,ES418,inter_nuts3,false,1.5,inter_allowance,0.8,-964.22,0.0,2144.97,45.0
2025-06-29,7,857,LTGES0581,454,452,ES00457,ES00455,ES241,ES513,inter_nuts3,false,1.5,inter_allowance,0.8,254.45,0.0,589.87,43.1
2025-06-24,16,1822,LTGES1197,633,356,ES00639,ES00359,ES421,ES523,inter_nuts3,false,1.5,inter_allowance,0.8,912.96,0.0,2144.97,42.6
2024-08-26,8,862,LTGES0585,85,64,ES00085,ES00064,ES417,ES243,inter_nuts3,false,1.5,inter_allowance,0.8,898.98,0.0,2144.97,41.9
2025-06-25,17,620,LTGES0431,75,357,ES00075,ES00360,ES423,ES523,inter_nuts3,false,1.5,inter_allowance,0.8,895.52,0.0,2144.97,41.7
2025-06-30,18,670,LTGES0462b,389,390,ES00392,ES00393,ES424,ES423,inter_nuts3,false,1.5,inter_allowance,0.8,-1771.57,0.0,4289.94,41.3
2025-06-30,18,669,LTGES0462a,389,390,ES00392,ES00393,ES424,ES423,inter_nuts3,false,1.5,inter_allowance,0.8,-1771.57,0.0,4289.94,41.3
2025-06-25,15,138,LTGES0100,134,66,ES00135,ES00066,ES220,ES230,inter_nuts3,false,1.5,inter_allowance,0.8,882.69,0.0,2144.97,41.2
2025-06-29,7,658,LTGES0455,378,266,ES00381,ES00269,ES514,ES243,inter_nuts3,false,1.5,inter_allowance,0.8,-239.87,0.0,589.87,40.7
2025-06-25,17,55,LTGES0036,66,39,ES00066,ES00039,ES230,ES412,inter_nuts3,false,1.5,inter_allowance,0.8,-857.57,0.0,2144.97,40.0
2025-06-29,20,1493,LTGES0981,1021,1019,ES01035,ES01033,ES212,ES213,inter_nuts3,false,1.5,inter_allowance,0.8,-229.71,0.0,589.87,38.9
2025-06-29,7,1892,LTGES1239,635,548,ES00641,ES00553,ES112,ES120,inter_nuts3,false,1.5,inter_allowance,0.8,828.09,0.0,2144.97,38.6
2024-08-26,17,1868,LTGES1225,804,322,ES00813,ES00325,PT,ES415,international,false,1.0,fixed,0.8,-150.51,0.0,393.24,38.3
2024-08-26,17,524,LTGES0363,808,99,ES00817,ES00099,PT,ES432,international,false,1.0,fixed,0.8,-547.32,0.0,1429.98,38.3
2024-08-26,17,1565,LTGES1029,1076,1122,ES01092,ES01142,PT,ES615,international,false,1.0,fixed,0.8,-547.32,0.0,1429.98,38.3
2024-08-26,17,525,LTGES0364,809,1143,ES00818,ES01163,PT,ES431,international,false,1.0,fixed,0.8,-547.32,0.0,1429.98,38.3
2025-06-24,14,1047,LTGES0691,489,490,ES00492,ES00493,ES425,ES422,inter_nuts3,false,1.5,inter_allowance,0.8,-221.91,0.0,589.87,37.6
2025-06-30,19,272,LTGES0198,224,229,ES00227,ES00232,ES414,ES130,inter_nuts3,false,1.5,inter_allowance,0.8,217.42,0.0,589.87,36.9
2025-06-30,18,491,LTGES0340,313,303,ES00316,ES00306,ES111,ES114,inter_nuts3,false,1.5,inter_allowance,0.8,213.67,0.0,589.87,36.2
2025-06-25,17,1412,LTGES0928,551,571,ES00556,ES00576,ES120,ES413,inter_nuts3,false,1.5,inter_allowance,0.8,-213.58,0.0,589.87,36.2
2025-06-25,17,61,LTGES0041a,68,69,ES00068,ES00069,ES415,ES432,inter_nuts3,false,1.5,inter_allowance,0.8,1503.9,0.0,4289.94,35.1
2025-06-25,17,62,LTGES0041b,68,69,ES00068,ES00069,ES415,ES432,inter_nuts3,false,1.5,inter_allowance,0.8,1503.9,0.0,4289.94,35.1
2025-06-25,17,1930,LTGES1263,651,329,ES00657,ES00332,ES432,ES431,inter_nuts3,false,1.5,inter_allowance,0.8,203.58,0.0,589.87,34.5
2024-08-26,17,452,LTGES0311,126,162,ES00126,ES00165,ES113,ES413,inter_nuts3,false,1.5,inter_allowance,0.8,-736.85,0.0,2144.97,34.4
2025-06-30,20,265,LTGES0192,227,190,ES00230,ES00193,ES611,ES614,inter_nuts3,false,1.5,inter_allowance,0.8,201.57,0.0,589.87,34.2
2025-06-29,7,91,LTGES0063,1007,39,ES01021,ES00039,ES211,ES412,inter_nuts3,false,1.5,inter_allowance,0.8,-731.63,0.0,2144.97,34.1
2025-06-24,14,1119,LTGES0739,364,937,ES00367,ES00948,ES521,ES523,inter_nuts3,false,1.5,inter_allowance,0.8,192.72,0.0,589.87,32.7
2024-08-23,17,925,LTGES0622a,467,385,ES00470,ES00388,ES300,ES424,inter_nuts3,false,1.5,inter_allowance,0.8,-382.65,0.0,1179.73,32.4
2024-08-23,17,926,LTGES0622b,467,385,ES00470,ES00388,ES300,ES424,inter_nuts3,false,1.5,inter_allowance,0.8,-382.65,0.0,1179.73,32.4
2025-06-25,15,1570,LTGES1032a,375,369,ES00378,ES00372,ES243,ES514,inter_nuts3,false,1.5,inter_allowance,0.8,-378.78,0.0,1179.73,32.1
2025-06-25,15,1571,LTGES1032b,375,369,ES00378,ES00372,ES243,ES514,inter_nuts3,false,1.5,inter_allowance,0.8,-378.78,0.0,1179.73,32.1
2025-06-29,7,90,LTGES0062,98,1007,ES00098,ES01021,ES212,ES211,inter_nuts3,false,1.5,inter_allowance,0.8,-684.1,0.0,2144.97,31.9
2025-06-25,17,502,LTGES0349a,802,112,ES00811,ES00112,ES415,ES419,inter_nuts3,false,1.5,inter_allowance,0.8,-375.53,0.0,1179.73,31.8
2025-06-25,17,503,LTGES0349b,802,112,ES00811,ES00112,ES415,ES419,inter_nuts3,false,1.5,inter_allowance,0.8,-375.53,0.0,1179.73,31.8
2024-08-26,8,574,LTGES0397,340,341,ES00343,ES00344,ES618,ES615,inter_nuts3,false,1.5,inter_allowance,0.8,-186.26,0.0,589.87,31.6
2025-06-25,17,229,LTGES0164,717,201,ES00726,ES00204,ES413,ES112,inter_nuts3,false,1.5,inter_allowance,0.8,-186.64,0.0,589.87,31.6
2025-06-29,20,1301,LTGES0856,950,523,ES00961,ES00526,ES513,ES511,inter_nuts3,false,1.5,inter_allowance,0.8,185.99,0.0,589.87,31.5
2025-06-25,17,1066,LTGES0705,176,455,ES00179,ES00458,ES617,ES613,inter_nuts3,false,1.5,inter_allowance,0.8,-671.14,0.0,2144.97,31.3
2025-06-29,20,296,LTGES0213,751,122,ES00760,ES00122,ES522,ES523,inter_nuts3,false,1.5,inter_allowance,0.8,-668.24,0.0,2144.97,31.2
2025-06-25,17,1848,LTGES1211,192,942,ES00195,ES00953,ES614,ES616,inter_nuts3,false,1.5,inter_allowance,0.8,-180.84,0.0,589.87,30.7
2024-08-24,20,1209,LTGES0796,333,964,ES00336,ES00975,ES618,ES613,inter_nuts3,false,1.5,inter_allowance,0.8,177.15,0.0,589.87,30.0
2025-06-24,12,1376,LTGES0904,62,554,ES00062,ES00559,ES413,ES120,inter_nuts3,false,1.5,inter_allowance,0.8,642.1,0.0,2144.97,29.9
2025-06-24,14,1100,LTGES0726,506,930,ES00509,ES00941,ES521,ES523,inter_nuts3,false,1.5,inter_allowance,0.8,638.32,0.0,2144.97,29.8
2024-08-26,8,932,LTGES0626,469,470,ES00472,ES00473,ES425,ES300,inter_nuts3,false,1.5,inter_allowance,0.8,175.88,0.0,589.87,29.8
2024-08-24,20,1948,LTGES1273,653,355,ES00659,ES00358,ES620,ES521,inter_nuts3,false,1.5,inter_allowance,0.8,172.98,0.0,589.87,29.3
2025-06-27,8,170,LTGES0126a,165,899,ES00168,ES00908,ES432,ES425,inter_nuts3,false,1.5,inter_allowance,0.8,343.11,0.0,1179.73,29.1
2025-06-27,8,171,LTGES0126b,165,899,ES00168,ES00908,ES432,ES425,inter_nuts3,false,1.5,inter_allowance,0.8,343.11,0.0,1179.73,29.1
2024-08-26,8,573,LTGES0396,339,902,ES00342,ES00911,ES618,ES615,inter_nuts3,false,1.5,inter_allowance,0.8,-170.97,0.0,589.87,29.0
2025-06-25,15,619,LTGES0430b,361,359,ES00364,ES00362,ES421,ES423,inter_nuts3,false,1.5,inter_allowance,0.8,1233.87,0.0,4289.94,28.8
2025-06-25,15,618,LTGES0430a,361,359,ES00364,ES00362,ES421,ES423,inter_nuts3,false,1.5,inter_allowance,0.8,1233.87,0.0,4289.94,28.8
2025-06-29,7,638,LTGES0443a,205,80,ES00208,ES00080,ES514,ES242,inter_nuts3,false,1.5,inter_allowance,0.8,-1221.57,0.0,4289.94,28.5
2025-06-29,7,639,LTGES0443b,205,80,ES00208,ES00080,ES514,ES242,inter_nuts3,false,1.5,inter_allowance,0.8,-1221.57,0.0,4289.94,28.5
2025-06-25,17,12,LTGES0008,16,920,ES00016,ES00931,ES300,ES425,inter_nuts3,false,1.5,inter_allowance,0.8,166.0,0.0,589.87,28.1
2025-06-25,17,262,LTGES0189,739,220,ES00748,ES00223,ES413,ES414,inter_nuts3,false,1.5,inter_allowance,0.8,165.28,0.0,589.87,28.0
2025-06-25,15,1439,LTGES0945,1082,294,ES01100,ES00297,ES212,ES213,inter_nuts3,false,1.5,inter_allowance,0.8,-597.8,0.0,2144.97,27.9
2025-06-25,17,222,LTGES0159a,56,127,ES00056,ES00127,ES419,ES415,inter_nuts3,false,1.5,inter_allowance,0.8,328.86,0.0,1179.73,27.9
2025-06-25,17,223,LTGES0159b,56,127,ES00056,ES00127,ES419,ES415,inter_nuts3,false,1.5,inter_allowance,0.8,328.86,0.0,1179.73,27.9
2024-08-21,8,39,LTGES0025,39,46,ES00039,ES00046,ES412,ES213,inter_nuts3,false,1.5,inter_allowance,0.8,593.32,0.0,2144.97,27.7
2025-06-25,17,763,LTGES0528a,17,36,ES00017,ES00036,ES432,ES431,inter_nuts3,false,1.5,inter_allowance,0.8,1180.0,0.0,4289.94,27.5
2025-06-25,17,764,LTGES0528b,17,36,ES00017,ES00036,ES432,ES431,inter_nuts3,false,1.5,inter_allowance,0.8,1180.0,0.0,4289.94,27.5
2024-08-26,8,939,LTGES0630b,898,296,ES00907,ES00299,ES425,ES300,inter_nuts3,false,1.5,inter_allowance,0.8,321.85,0.0,1179.73,27.3
2024-08-26,8,938,LTGES0630a,898,296,ES00907,ES00299,ES425,ES300,inter_nuts3,false,1.5,inter_allowance,0.8,321.85,0.0,1179.73,27.3
2025-06-29,7,355,LTGES0242,752,751,ES00761,ES00760,ES514,ES522,inter_nuts3,false,1.5,inter_allowance,0.8,-577.0,0.0,2144.97,26.9
2025-06-30,19,1332,LTGES0876b,42,26,ES00042,ES00026,ES414,ES412,inter_nuts3,false,1.5,inter_allowance,0.8,-317.25,0.0,1179.73,26.9
2025-06-30,19,1331,LTGES0876a,42,26,ES00042,ES00026,ES414,ES412,inter_nuts3,false,1.5,inter_allowance,0.8,-317.25,0.0,1179.73,26.9
2025-06-25,15,425,LTGES0291b,301,300,ES00304,ES00303,ES241,ES243,inter_nuts3,false,1.5,inter_allowance,0.8,-309.88,0.0,1179.73,26.3
2025-06-25,17,528,LTGES0367,329,901,ES00332,ES00910,ES431,ES618,inter_nuts3,false,1.5,inter_allowance,0.8,155.32,0.0,589.87,26.3
2025-06-25,15,424,LTGES0291a,301,300,ES00304,ES00303,ES241,ES243,inter_nuts3,false,1.5,inter_allowance,0.8,-309.88,0.0,1179.73,26.3
2025-06-25,17,1553,LTGES1020a,602,488,ES00607,ES00491,ES300,ES425,inter_nuts3,false,1.5,inter_allowance,0.8,308.78,0.0,1179.73,26.2
2025-06-25,17,1554,LTGES1020b,602,488,ES00607,ES00491,ES300,ES425,inter_nuts3,false,1.5,inter_allowance,0.8,308.78,0.0,1179.73,26.2
2025-06-29,7,1924,LTGES1259,691,46,ES00698,ES00046,ES412,ES213,inter_nuts3,false,1.5,inter_allowance,0.8,552.61,0.0,2144.97,25.8
2025-06-24,12,1643,LTGES1082,431,201,ES00434,ES00204,ES111,ES112,inter_nuts3,false,1.5,inter_allowance,0.8,-152.48,0.0,589.87,25.8
2025-06-30,19,441,LTGES0303,137,54,ES00140,ES00054,ES414,ES418,inter_nuts3,false,1.5,inter_allowance,0.8,151.0,0.0,589.87,25.6
2025-06-25,15,2148,LTGES1426b,674,117,ES00681,ES00117,ES522,ES523,inter_nuts3,false,1.5,inter_allowance,0.8,300.61,0.0,1179.73,25.5
2025-06-25,15,2147,LTGES1426a,674,117,ES00681,ES00117,ES522,ES523,inter_nuts3,false,1.5,inter_allowance,0.8,300.61,0.0,1179.73,25.5
2025-06-30,20,487,LTGES0337,315,795,ES00318,ES00804,ES113,ES114,inter_nuts3,false,1.5,inter_allowance,0.8,-148.88,0.0,589.87,25.2
2025-06-29,7,740,LTGES0509,377,4,ES00380,ES00004,ES513,ES511,inter_nuts3,false,1.5,inter_allowance,0.8,533.9,0.0,2144.97,24.9
2025-06-27,19,2229,TR_24f95bfa,40,41,ES00040,ES00041,ES414,ES414,intra_nuts3,true,10.0,intra_diagnostic,0.8,596.19,0.0,2400.0,24.8
2025-06-29,7,809,LTGES0553,379,863,ES00382,ES00872,ES514,ES511,inter_nuts3,false,1.5,inter_allowance,0.8,145.55,0.0,589.87,24.7
2024-08-26,8,2150,LTGES1428,1161,640,ES01181,ES00646,ES432,ES431,inter_nuts3,false,1.5,inter_allowance,0.8,145.81,0.0,589.87,24.7
2025-06-29,23,120,LTGES0084,115,261,ES00115,ES00264,ES523,ES522,inter_nuts3,false,1.5,inter_allowance,0.8,520.79,0.0,2144.97,24.3
2025-06-30,18,109,LTGES0076,55,41,ES00055,ES00041,ES418,ES414,inter_nuts3,false,1.5,inter_allowance,0.8,520.5,0.0,2144.97,24.3
2025-06-27,19,29,LTGES0018,26,706,ES00026,ES00713,ES412,ES414,inter_nuts3,false,1.5,inter_allowance,0.8,140.79,0.0,589.87,23.9
2025-06-30,18,2139,LTGES1421a,1148,870,ES01168,ES00879,ES512,ES511,inter_nuts3,false,1.5,inter_allowance,0.8,-1018.64,0.0,4289.94,23.7
2025-06-30,18,2140,LTGES1421b,1148,870,ES01168,ES00879,ES512,ES511,inter_nuts3,false,1.5,inter_allowance,0.8,-1018.64,0.0,4289.94,23.7
2025-06-24,9,987,LTGES0658,478,84,ES00481,ES00084,ES416,ES418,inter_nuts3,false,1.5,inter_allowance,0.8,500.85,0.0,2144.97,23.4
2025-06-25,17,160,LTGES0118,156,810,ES00159,ES00819,ES432,ES431,inter_nuts3,false,1.5,inter_allowance,0.8,501.19,0.0,2144.97,23.4
2025-06-25,15,363,LTGES0248,269,763,ES00272,ES00772,ES130,ES120,inter_nuts3,false,1.5,inter_allowance,0.8,-499.64,0.0,2144.97,23.3
2025-06-25,17,2181,TR_2ba8192a,123,124,ES00123,ES00124,ES113,ES113,intra_nuts3,true,10.0,intra_diagnostic,0.8,892.77,0.0,3840.0,23.2
2025-06-24,14,1147,LTGES0755b,400,943,ES00403,ES00954,ES422,ES425,inter_nuts3,false,1.5,inter_allowance,0.8,271.06,0.0,1179.73,23.0
2025-06-24,14,1146,LTGES0755a,400,943,ES00403,ES00954,ES422,ES425,inter_nuts3,false,1.5,inter_allowance,0.8,271.06,0.0,1179.73,23.0
2025-06-24,12,516,LTGES0359,324,112,ES00327,ES00112,ES415,ES419,inter_nuts3,false,1.5,inter_allowance,0.8,135.62,0.0,589.87,23.0
2025-06-24,12,1374,LTGES0902,62,549,ES00062,ES00554,ES413,ES120,inter_nuts3,false,1.5,inter_allowance,0.8,490.39,0.0,2144.97,22.9
2025-06-25,17,130,LTGES0092,41,678,ES00041,ES00685,ES414,ES300,inter_nuts3,false,1.5,inter_allowance,0.8,487.47,0.0,2144.97,22.7
2025-06-25,17,1612,LTGES1061,394,10,ES00397,ES00010,ES616,ES432,inter_nuts3,false,1.5,inter_allowance,0.8,-486.97,0.0,2144.97,22.7
2025-06-29,7,147,LTGES0110,41,218,ES00041,ES00221,ES414,ES211,inter_nuts3,false,1.5,inter_allowance,0.8,476.9,0.0,2144.97,22.2
2025-06-29,7,1334,LTGES0878,737,221,ES00746,ES00224,ES130,ES414,inter_nuts3,false,1.5,inter_allowance,0.8,-475.52,0.0,2144.97,22.2
2024-08-26,8,1751,LTGES1151,197,916,ES00200,ES00927,ES419,ES418,inter_nuts3,false,1.5,inter_allowance,0.8,130.58,0.0,589.87,22.1
2025-06-25,15,666,LTGES0460,386,388,ES00389,ES00391,ES424,ES424,intra_nuts3,true,10.0,intra_diagnostic,0.8,-859.61,0.0,3932.45,21.9
2025-06-30,18,1975,LTGES1297b,660,411,ES00666,ES00414,ES243,ES242,inter_nuts3,false,1.5,inter_allowance,0.8,257.71,0.0,1179.73,21.8
2025-06-30,18,1974,LTGES1297a,660,411,ES00666,ES00414,ES243,ES242,inter_nuts3,false,1.5,inter_allowance,0.8,257.71,0.0,1179.73,21.8
2025-06-27,8,48,LTGES0030,54,56,ES00054,ES00056,ES418,ES419,inter_nuts3,false,1.5,inter_allowance,0.8,-128.0,0.0,589.87,21.7
2024-08-26,8,984,LTGES0656a,477,760,ES00480,ES00769,ES300,ES416,inter_nuts3,false,1.5,inter_allowance,0.8,-925.48,0.0,4289.94,21.6
2024-08-26,8,985,LTGES0656b,477,760,ES00480,ES00769,ES300,ES416,inter_nuts3,false,1.5,inter_allowance,0.8,-925.48,0.0,4289.94,21.6
2024-08-26,17,454,LTGES0312b,542,110,ES00547,ES00110,ES113,ES419,inter_nuts3,false,1.5,inter_allowance,0.8,-922.04,0.0,4289.94,21.5
2024-08-26,17,453,LTGES0312a,542,110,ES00547,ES00110,ES113,ES419,inter_nuts3,false,1.5,inter_allowance,0.8,-922.04,0.0,4289.94,21.5
2025-06-30,20,2071,LTGES1369,1210,668,ES01231,ES00675,ES412,ES412,intra_nuts3,true,10.0,intra_diagnostic,0.8,837.37,0.0,3932.45,21.3
2025-06-30,20,2069,LTGES1367,668,669,ES00675,ES00676,ES412,ES412,intra_nuts3,true,10.0,intra_diagnostic,0.8,832.23,0.0,3932.45,21.2
2025-06-30,20,2070,LTGES1368,1208,669,ES01229,ES00676,ES412,ES412,intra_nuts3,true,10.0,intra_diagnostic,0.8,-832.21,0.0,3932.45,21.2
2025-06-30,20,2155,LTGES1433,1208,25,ES01229,ES00025,ES412,ES412,intra_nuts3,true,10.0,intra_diagnostic,0.8,832.16,0.0,3932.45,21.2
2025-06-24,9,2082,LTGES1378,477,478,ES00480,ES00481,ES300,ES416,inter_nuts3,false,1.5,inter_allowance,0.8,455.67,0.0,2144.97,21.2
2024-08-26,8,983,LTGES0655,915,33,ES00926,ES00033,ES418,ES300,inter_nuts3,false,1.5,inter_allowance,0.8,445.96,0.0,2144.97,20.8
2025-06-27,19,105,LTGES0072,108,107,ES00108,ES00107,ES113,ES419,inter_nuts3,false,1.5,inter_allowance,0.8,-122.68,0.0,589.87,20.8
2025-06-30,20,113,LTGES0079,112,54,ES00112,ES00054,ES419,ES418,inter_nuts3,false,1.5,inter_allowance,0.8,-122.16,0.0,589.87,20.7
2025-06-29,7,650,LTGES0450,376,377,ES00379,ES00380,ES243,ES513,inter_nuts3,false,1.5,inter_allowance,0.8,444.29,0.0,2144.97,20.7
2025-06-25,17,529,LTGES0368,328,35,ES00331,ES00035,ES431,ES618,inter_nuts3,false,1.5,inter_allowance,0.8,441.27,0.0,2144.97,20.6
2025-06-25,17,1864,LTGES1222b,156,643,ES00159,ES00649,ES432,ES431,inter_nuts3,false,1.5,inter_allowance,0.8,881.51,0.0,4289.94,20.5
2025-06-25,17,1863,LTGES1222a,156,643,ES00159,ES00649,ES432,ES431,inter_nuts3,false,1.5,inter_allowance,0.8,881.51,0.0,4289.94,20.5
2025-06-30,20,141,LTGES0105,137,86,ES00140,ES00086,ES414,ES418,inter_nuts3,false,1.5,inter_allowance,0.8,120.88,0.0,589.87,20.5
2025-06-29,7,264,LTGES0191,752,1030,ES00761,ES01044,ES514,ES511,inter_nuts3,false,1.5,inter_allowance,0.8,432.85,0.0,2144.97,20.2
2025-06-29,20,854,LTGES0578,210,451,ES00213,ES00454,ES511,ES513,inter_nuts3,false,1.5,inter_allowance,0.8,-118.74,0.0,589.87,20.1
2024-08-24,20,445,LTGES0306,49,696,ES00049,ES00703,ES416,ES418,inter_nuts3,false,1.5,inter_allowance,0.8,-117.7,0.0,589.87,20.0
2024-08-26,17,195,LTGES0141b,130,89,ES00130,ES00089,ES419,ES418,inter_nuts3,false,1.5,inter_allowance,0.8,-854.98,0.0,4289.94,19.9
2024-08-26,17,194,LTGES0141a,130,89,ES00130,ES00089,ES419,ES418,inter_nuts3,false,1.5,inter_allowance,0.8,-854.98,0.0,4289.94,19.9
2025-06-30,18,2066,LTGES1363b,71,429,ES00071,ES00432,ES111,ES114,inter_nuts3,false,1.5,inter_allowance,0.8,843.34,0.0,4289.94,19.7
2025-06-30,18,2065,LTGES1363a,71,429,ES00071,ES00432,ES111,ES114,inter_nuts3,false,1.5,inter_allowance,0.8,843.34,0.0,4289.94,19.7
2025-06-29,7,126,LTGES0088,43,79,ES00043,ES00079,ES414,ES412,inter_nuts3,false,1.5,inter_allowance,0.8,422.35,0.0,2144.97,19.7
2025-06-30,18,765,LTGES0529a,429,124,ES00432,ES00124,ES114,ES113,inter_nuts3,false,1.5,inter_allowance,0.8,846.68,0.0,4289.94,19.7
2025-06-29,7,251,LTGES0180,98,218,ES00098,ES00221,ES212,ES211,inter_nuts3,false,1.5,inter_allowance,0.8,-421.96,0.0,2144.97,19.7
2025-06-30,18,766,LTGES0529b,429,124,ES00432,ES00124,ES114,ES113,inter_nuts3,false,1.5,inter_allowance,0.8,846.68,0.0,4289.94,19.7
2025-06-25,17,990,LTGES0660,145,55,ES00148,ES00055,ES300,ES418,inter_nuts3,false,1.5,inter_allowance,0.8,-417.29,0.0,2144.97,19.5
2025-06-25,15,94,LTGES0065a,769,38,ES00778,ES00038,ES130,ES412,inter_nuts3,false,1.5,inter_allowance,0.8,230.1,0.0,1179.73,19.5
2025-06-25,15,95,LTGES0065b,769,38,ES00778,ES00038,ES130,ES412,inter_nuts3,false,1.5,inter_allowance,0.8,230.1,0.0,1179.73,19.5
2025-06-29,20,1305,LTGES0859a,557,451,ES00562,ES00454,ES511,ES513,inter_nuts3,false,1.5,inter_allowance,0.8,-229.15,0.0,1179.73,19.4
2025-06-29,20,1306,LTGES0859b,557,451,ES00562,ES00454,ES511,ES513,inter_nuts3,false,1.5,inter_allowance,0.8,-229.15,0.0,1179.73,19.4
2024-08-24,20,1902,LTGES1245b,503,175,ES00506,ES00178,ES614,ES617,inter_nuts3,false,1.5,inter_allowance,0.8,-229.18,0.0,1179.73,19.4
2024-08-24,20,1901,LTGES1245a,503,175,ES00506,ES00178,ES614,ES617,inter_nuts3,false,1.5,inter_allowance,0.8,-229.18,0.0,1179.73,19.4
2025-06-30,18,1598,LTGES1051,386,1100,ES00389,ES01118,ES424,ES423,inter_nuts3,false,1.5,inter_allowance,0.8,-112.16,0.0,589.87,19.0
2025-06-27,8,225,LTGES0161,196,197,ES00199,ES00200,ES418,ES419,inter_nuts3,false,1.5,inter_allowance,0.8,-112.05,0.0,589.87,19.0
2025-06-29,20,745,LTGES0513,853,1008,ES00862,ES01022,ES211,ES212,inter_nuts3,false,1.5,inter_allowance,0.8,111.56,0.0,589.87,18.9
2025-06-30,20,1991,LTGES1310,137,86,ES00140,ES00086,ES414,ES418,inter_nuts3,false,1.5,inter_allowance,0.8,110.87,0.0,589.87,18.8
2025-06-29,20,744,LTGES0512,1008,853,ES01022,ES00862,ES212,ES211,inter_nuts3,false,1.5,inter_allowance,0.8,-110.53,0.0,589.87,18.7
2025-06-29,7,233,LTGES0166b,205,203,ES00208,ES00206,ES514,ES511,inter_nuts3,false,1.5,inter_allowance,0.8,801.8,0.0,4289.94,18.7
2025-06-29,7,232,LTGES0166a,205,203,ES00208,ES00206,ES514,ES511,inter_nuts3,false,1.5,inter_allowance,0.8,801.8,0.0,4289.94,18.7
2024-08-26,8,42,LTGES0027a,50,915,ES00050,ES00926,ES416,ES418,inter_nuts3,false,1.5,inter_allowance,0.8,-801.52,0.0,4289.94,18.7
2024-08-26,8,43,LTGES0027b,50,915,ES00050,ES00926,ES416,ES418,inter_nuts3,false,1.5,inter_allowance,0.8,-801.52,0.0,4289.94,18.7
2024-08-20,18,2025,LTGES1333,43,37,ES00043,ES00037,ES414,ES412,inter_nuts3,false,1.5,inter_allowance,0.8,-398.83,0.0,2144.97,18.6
2025-06-25,17,622,LTGES0432b,362,1145,ES00365,ES01165,ES421,ES620,inter_nuts3,false,1.5,inter_allowance,0.8,777.03,0.0,4289.94,18.1
2025-06-25,17,621,LTGES0432a,362,1145,ES00365,ES01165,ES421,ES620,inter_nuts3,false,1.5,inter_allowance,0.8,777.03,0.0,4289.94,18.1
2025-06-25,17,694,LTGES0475,395,398,ES00398,ES00401,ES422,ES616,inter_nuts3,false,1.5,inter_allowance,0.8,105.56,0.0,589.87,17.9
2025-06-25,15,256,LTGES0184,174,43,ES00177,ES00043,ES413,ES414,inter_nuts3,false,1.5,inter_allowance,0.8,383.36,0.0,2144.97,17.9
2025-06-27,8,1264,LTGES0831,72,539,ES00072,ES00544,ES111,ES112,inter_nuts3,false,1.5,inter_allowance,0.8,380.24,0.0,2144.97,17.7
2025-06-25,17,624,LTGES0433b,1145,350,ES01165,ES00353,ES620,ES521,inter_nuts3,false,1.5,inter_allowance,0.8,760.19,0.0,4289.94,17.7
2025-06-25,17,623,LTGES0433a,1145,350,ES01165,ES00353,ES620,ES521,inter_nuts3,false,1.5,inter_allowance,0.8,760.19,0.0,4289.94,17.7
2024-08-20,18,263,LTGES0190,221,740,ES00224,ES00749,ES414,ES413,inter_nuts3,false,1.5,inter_allowance,0.8,376.36,0.0,2144.97,17.5
2025-06-24,12,465,LTGES0322a,306,782,ES00309,ES00791,ES114,ES113,inter_nuts3,false,1.5,inter_allowance,0.8,-205.03,0.0,1179.73,17.4
2025-06-24,12,466,LTGES0322b,306,782,ES00309,ES00791,ES114,ES113,inter_nuts3,false,1.5,inter_allowance,0.8,-205.03,0.0,1179.73,17.4
2025-06-24,12,427,LTGES0293,93,784,ES00093,ES00793,ES114,ES113,inter_nuts3,false,1.5,inter_allowance,0.8,-101.27,0.0,589.87,17.2
2025-06-30,18,2299,TR_14c8e677,411,412,ES00414,ES00415,ES242,ES242,intra_nuts3,true,10.0,intra_diagnostic,0.8,660.31,0.0,3840.0,17.2
2025-06-25,15,2294,TR_9af01115,344,345,ES00347,ES00348,ES620,ES620,intra_nuts3,true,10.0,intra_diagnostic,0.8,1014.18,0.0,6000.0,16.9
2024-08-26,8,507,LTGES0352a,321,89,ES00324,ES00089,ES419,ES418,inter_nuts3,false,1.5,inter_allowance,0.8,721.81,0.0,4289.94,16.8
2024-08-26,8,508,LTGES0352b,321,89,ES00324,ES00089,ES419,ES418,inter_nuts3,false,1.5,inter_allowance,0.8,721.81,0.0,4289.94,16.8
2025-06-29,7,651,LTGES0451a,367,208,ES00370,ES00211,ES514,ES511,inter_nuts3,false,1.5,inter_allowance,0.8,716.78,0.0,4289.94,16.7
2024-08-26,17,143,LTGES0107,54,1127,ES00054,ES01147,ES418,ES413,inter_nuts3,false,1.5,inter_allowance,0.8,98.74,0.0,589.87,16.7
2025-06-29,7,652,LTGES0451b,367,208,ES00370,ES00211,ES514,ES511,inter_nuts3,false,1.5,inter_allowance,0.8,716.78,0.0,4289.94,16.7
2025-06-30,18,2180,TR_519b8abe,70,71,ES00070,ES00071,ES111,ES111,intra_nuts3,true,10.0,intra_diagnostic,0.8,997.72,0.0,6000.0,16.6
2025-06-24,12,963,LTGES0645,341,902,ES00344,ES00911,ES615,ES615,intra_nuts3,true,10.0,intra_diagnostic,0.8,654.61,0.0,3932.45,16.6
2025-06-25,15,1743,LTGES1146,1095,48,ES01113,ES00048,ES511,ES511,intra_nuts3,true,10.0,intra_diagnostic,0.8,650.6,0.0,3932.45,16.5
2024-08-26,8,14,LTGES0009b,14,17,ES00014,ES00017,ES300,ES432,inter_nuts3,false,1.5,inter_allowance,0.8,-701.57,0.0,4289.94,16.4
2024-08-26,8,13,LTGES0009a,14,17,ES00014,ES00017,ES300,ES432,inter_nuts3,false,1.5,inter_allowance,0.8,-701.57,0.0,4289.94,16.4
2025-06-27,8,1278,LTGES0840,546,72,ES00551,ES00072,ES112,ES111,inter_nuts3,false,1.5,inter_allowance,0.8,-343.81,0.0,2144.97,16.0
2024-08-26,8,182,LTGES0133b,21,156,ES00021,ES00159,ES300,ES432,inter_nuts3,false,1.5,inter_allowance,0.8,-678.29,0.0,4289.94,15.8
2024-08-26,8,181,LTGES0133a,21,156,ES00021,ES00159,ES300,ES432,inter_nuts3,false,1.5,inter_allowance,0.8,-678.29,0.0,4289.94,15.8
2025-06-27,20,599,LTGES0415,1064,350,ES01079,ES00353,ES620,ES521,inter_nuts3,false,1.5,inter_allowance,0.8,-333.72,0.0,2144.97,15.6
2025-06-30,19,916,LTGES0617,892,466,ES00901,ES00469,ES243,ES243,intra_nuts3,true,10.0,intra_diagnostic,0.8,608.93,0.0,3932.45,15.5
2024-08-26,8,506,LTGES0351b,128,321,ES00128,ES00324,ES415,ES419,inter_nuts3,false,1.5,inter_allowance,0.8,656.57,0.0,4289.94,15.3
2024-08-26,8,505,LTGES0351a,128,321,ES00128,ES00324,ES415,ES419,inter_nuts3,false,1.5,inter_allowance,0.8,656.57,0.0,4289.94,15.3
2025-06-27,19,1815,LTGES1190,27,1117,ES00027,ES01135,ES412,ES412,intra_nuts3,true,10.0,intra_diagnostic,0.8,-599.14,0.0,3932.45,15.2
2024-08-26,9,183,LTGES0134,165,157,ES00168,ES00160,ES432,ES432,intra_nuts3,true,10.0,intra_diagnostic,0.8,-598.37,0.0,3932.45,15.2
2025-06-30,20,1251,LTGES0822b,8,968,ES00008,ES00979,ES618,ES612,inter_nuts3,false,1.5,inter_allowance,0.8,-176.71,0.0,1179.73,15.0
2024-08-21,2,462,LTGES0320,787,789,ES00796,ES00798,ES113,ES112,inter_nuts3,false,1.5,inter_allowance,0.8,88.22,0.0,589.87,15.0
2025-06-25,15,636,LTGES0441,833,204,ES00842,ES00207,ES514,ES514,intra_nuts3,true,10.0,intra_diagnostic,0.8,-588.15,0.0,3932.45,15.0
2025-06-27,20,442,LTGES0304,228,707,ES00231,ES00714,ES414,ES414,intra_nuts3,true,10.0,intra_diagnostic,0.8,-587.91,0.0,3932.45,15.0
2025-06-30,20,1250,LTGES0822a,8,968,ES00008,ES00979,ES618,ES612,inter_nuts3,false,1.5,inter_allowance,0.8,-176.71,0.0,1179.73,15.0
2025-06-29,7,778,LTGES0538b,373,433,ES00376,ES00436,ES514,ES511,inter_nuts3,false,1.5,inter_allowance,0.8,640.83,0.0,4289.94,14.9
2024-08-26,8,307,LTGES0220b,156,14,ES00159,ES00014,ES432,ES300,inter_nuts3,false,1.5,inter_allowance,0.8,640.2,0.0,4289.94,14.9
2024-08-26,8,306,LTGES0220a,156,14,ES00159,ES00014,ES432,ES300,inter_nuts3,false,1.5,inter_allowance,0.8,640.2,0.0,4289.94,14.9
2025-06-29,7,777,LTGES0538a,373,433,ES00376,ES00436,ES514,ES511,inter_nuts3,false,1.5,inter_allowance,0.8,640.83,0.0,4289.94,14.9
2025-06-25,15,2279,TR_01096471,493,494,ES00496,ES00497,ES611,ES611,intra_nuts3,true,10.0,intra_diagnostic,0.8,-567.16,0.0,3840.0,14.8
2025-06-25,17,686,LTGES0471a,36,1236,ES00036,ES01259,ES431,ES422,inter_nuts3,false,1.5,inter_allowance,0.8,634.62,0.0,4289.94,14.8
2025-06-25,17,687,LTGES0471b,36,1236,ES00036,ES01259,ES431,ES422,inter_nuts3,false,1.5,inter_allowance,0.8,634.62,0.0,4289.94,14.8
2025-06-25,17,683,LTGES0469b,838,839,ES00847,ES00848,ES613,ES422,inter_nuts3,false,1.5,inter_allowance,0.8,-171.62,0.0,1179.73,14.5
2025-06-25,17,682,LTGES0469a,838,839,ES00847,ES00848,ES613,ES422,inter_nuts3,false,1.5,inter_allowance,0.8,-171.62,0.0,1179.73,14.5
2025-06-30,20,2202,TR_df0161bf,6,7,ES00006,ES00007,ES612,ES612,intra_nuts3,true,10.0,intra_diagnostic,0.8,230.0,0.0,1600.0,14.4
2024-08-22,17,671,LTGES0463a,375,380,ES00378,ES00383,ES243,ES241,inter_nuts3,false,1.5,inter_allowance,0.8,170.36,0.0,1179.73,14.4
2024-08-22,17,672,LTGES0463b,375,380,ES00378,ES00383,ES243,ES241,inter_nuts3,false,1.5,inter_allowance,0.8,170.36,0.0,1179.73,14.4
2025-06-25,15,588,LTGES0408a,347,348,ES00350,ES00351,ES620,ES611,inter_nuts3,false,1.5,inter_allowance,0.8,613.2,0.0,4289.94,14.3
2025-06-25,15,589,LTGES0408b,347,348,ES00350,ES00351,ES620,ES611,inter_nuts3,false,1.5,inter_allowance,0.8,613.2,0.0,4289.94,14.3
2025-06-25,17,1275,LTGES0838a,545,161,ES00550,ES00164,ES113,ES413,inter_nuts3,false,1.5,inter_allowance,0.8,168.36,0.0,1179.73,14.3
2025-06-25,17,1276,LTGES0838b,545,161,ES00550,ES00164,ES113,ES413,inter_nuts3,false,1.5,inter_allowance,0.8,168.36,0.0,1179.73,14.3
2025-06-24,13,2038,LTGES1342,1197,525,ES01217,ES00530,ES423,ES423,intra_nuts3,true,10.0,intra_diagnostic,0.8,561.64,0.0,3932.45,14.3
2025-06-25,15,1497,LTGES0984,584,1006,ES00589,ES01020,ES213,ES211,inter_nuts3,false,1.5,inter_allowance,0.8,-83.87,0.0,589.87,14.2
2024-08-24,20,2291,TR_4cb0b32d,276,277,ES00279,ES00280,ES243,ES243,intra_nuts3,true,10.0,intra_diagnostic,0.8,-544.61,0.0,3840.0,14.2
2024-08-26,17,198,LTGES0143,722,689,ES00731,ES00696,ES413,ES418,inter_nuts3,false,1.5,inter_allowance,0.8,-84.0,0.0,589.87,14.2
2025-06-29,7,358,LTGES0245,759,237,ES00768,ES00240,ES242,ES522,inter_nuts3,false,1.5,inter_allowance,0.8,-304.96,0.0,2144.97,14.2
2025-06-25,15,597,LTGES0413,347,348,ES00350,ES00351,ES620,ES611,inter_nuts3,false,1.5,inter_allowance,0.8,301.54,0.0,2144.97,14.1
2025-06-25,15,2287,TR_65a15878,734,735,ES00743,ES00744,ES212,ES212,intra_nuts3,true,10.0,intra_diagnostic,0.8,335.34,0.0,2400.0,14.0
2025-06-29,23,128,LTGES0090,704,128,ES00711,ES00128,ES419,ES415,inter_nuts3,false,1.5,inter_allowance,0.8,-295.96,0.0,2144.97,13.8
2025-06-25,15,1000,LTGES0666,481,694,ES00484,ES00701,ES423,ES423,intra_nuts3,true,10.0,intra_diagnostic,0.8,-543.45,0.0,3932.45,13.8
2025-06-25,17,49,LTGES0031,59,54,ES00059,ES00054,ES419,ES418,inter_nuts3,false,1.5,inter_allowance,0.8,81.05,0.0,589.87,13.7
2025-06-24,12,1871,LTGES1227a,646,338,ES00652,ES00341,ES615,ES618,inter_nuts3,false,1.5,inter_allowance,0.8,159.98,0.0,1179.73,13.6
2024-08-26,17,1265,LTGES0832a,72,540,ES00072,ES00545,ES111,ES112,inter_nuts3,false,1.5,inter_allowance,0.8,-582.03,0.0,4289.94,13.6
2025-06-24,12,1872,LTGES1227b,646,338,ES00652,ES00341,ES615,ES618,inter_nuts3,false,1.5,inter_allowance,0.8,159.98,0.0,1179.73,13.6
2025-06-29,23,108,LTGES0075,687,720,ES00694,ES00729,ES419,ES414,inter_nuts3,false,1.5,inter_allowance,0.8,290.95,0.0,2144.97,13.6
2024-08-26,17,1266,LTGES0832b,72,540,ES00072,ES00545,ES111,ES112,inter_nuts3,false,1.5,inter_allowance,0.8,-582.03,0.0,4289.94,13.6
2024-08-20,3,366,LTGES0251,270,762,ES00273,ES00771,ES130,ES120,inter_nuts3,false,1.5,inter_allowance,0.8,78.46,0.0,589.87,13.3
2025-06-25,17,1932,LTGES1264b,35,327,ES00035,ES00330,ES618,ES431,inter_nuts3,false,1.5,inter_allowance,0.8,-569.65,0.0,4289.94,13.3
2025-06-25,17,1931,LTGES1264a,35,327,ES00035,ES00330,ES618,ES431,inter_nuts3,false,1.5,inter_allowance,0.8,-569.65,0.0,4289.94,13.3
2025-06-25,15,2244,TR_9925636e,192,193,ES00195,ES00196,ES614,ES614,intra_nuts3,true,10.0,intra_diagnostic,0.8,-509.53,0.0,3840.0,13.3
2025-06-25,15,2349,TR_1567d725,619,620,ES00624,ES00625,ES512,ES512,intra_nuts3,true,10.0,intra_diagnostic,0.8,-1995.16,0.0,15120.0,13.2
2025-06-30,19,1724,LTGES1133,793,123,ES00802,ES00123,ES113,ES113,intra_nuts3,true,10.0,intra_diagnostic,0.8,513.29,0.0,3932.45,13.1
2025-06-29,23,133,LTGES0094,41,128,ES00041,ES00128,ES414,ES415,inter_nuts3,false,1.5,inter_allowance,0.8,-279.96,0.0,2144.97,13.1
2025-06-25,17,2182,TR_72a9d275,125,126,ES00125,ES00126,ES113,ES113,intra_nuts3,true,10.0,intra_diagnostic,0.8,985.5,0.0,7560.0,13.0
2024-08-26,17,1267,LTGES0833a,540,780,ES00545,ES00789,ES112,ES413,inter_nuts3,false,1.5,inter_allowance,0.8,-557.8,0.0,4289.94,13.0
2024-08-26,17,1268,LTGES0833b,540,780,ES00545,ES00789,ES112,ES413,inter_nuts3,false,1.5,inter_allowance,0.8,-557.8,0.0,4289.94,13.0
2025-06-30,19,483,LTGES0333,314,793,ES00317,ES00802,ES113,ES113,intra_nuts3,true,10.0,intra_diagnostic,0.8,506.13,0.0,3932.45,12.9
2025-06-25,17,455,LTGES0313,310,125,ES00313,ES00125,ES113,ES113,intra_nuts3,true,10.0,intra_diagnostic,0.8,506.16,0.0,3932.45,12.9
2024-08-24,20,2254,TR_b592de8e,685,686,ES00692,ES00693,ES412,ES412,intra_nuts3,true,10.0,intra_diagnostic,0.8,205.87,0.0,1600.0,12.9
2025-06-25,15,1736,LTGES1141b,954,993,ES00965,ES01007,ES130,ES213,inter_nuts3,false,1.5,inter_allowance,0.8,550.4,0.0,4289.94,12.8
2025-06-24,13,2273,TR_871b5827,190,191,ES00193,ES00194,ES614,ES614,intra_nuts3,true,10.0,intra_diagnostic,0.8,491.71,0.0,3840.0,12.8
2024-08-20,18,364,LTGES0249,270,976,ES00273,ES00987,ES130,ES120,inter_nuts3,false,1.5,inter_allowance,0.8,75.38,0.0,589.87,12.8
2025-06-25,15,1735,LTGES1141a,954,993,ES00965,ES01007,ES130,ES213,inter_nuts3,false,1.5,inter_allowance,0.8,550.4,0.0,4289.94,12.8
2025-06-25,17,456,LTGES0314,125,1119,ES00125,ES01137,ES113,ES113,intra_nuts3,true,10.0,intra_diagnostic,0.8,-500.86,0.0,3932.45,12.7
2025-06-25,15,2290,TR_023fe59e,167,168,ES00170,ES00171,ES220,ES220,intra_nuts3,true,10.0,intra_diagnostic,0.8,-488.06,0.0,3840.0,12.7
2025-06-25,15,722,LTGES0498a,64,412,ES00064,ES00415,ES243,ES242,inter_nuts3,false,1.5,inter_allowance,0.8,-532.38,0.0,4289.94,12.4
2024-08-26,8,1216,LTGES0799b,183,178,ES00186,ES00181,ES612,ES617,inter_nuts3,false,1.5,inter_allowance,0.8,531.73,0.0,4289.94,12.4
2025-06-24,13,1318,LTGES0867b,987,527,ES01001,ES00532,ES612,ES617,inter_nuts3,false,1.5,inter_allowance,0.8,146.09,0.0,1179.73,12.4
2024-08-26,8,1215,LTGES0799a,183,178,ES00186,ES00181,ES612,ES617,inter_nuts3,false,1.5,inter_allowance,0.8,531.73,0.0,4289.94,12.4
2025-06-25,15,723,LTGES0498b,64,412,ES00064,ES00415,ES243,ES242,inter_nuts3,false,1.5,inter_allowance,0.8,-532.38,0.0,4289.94,12.4
2025-06-24,13,1317,LTGES0867a,987,527,ES01001,ES00532,ES612,ES617,inter_nuts3,false,1.5,inter_allowance,0.8,146.09,0.0,1179.73,12.4
2025-06-24,12,51,LTGES0033a,62,55,ES00062,ES00055,ES413,ES418,inter_nuts3,false,1.5,inter_allowance,0.8,-529.3,0.0,4289.94,12.3
2025-06-24,16,197,LTGES0142b,129,88,ES00129,ES00088,ES419,ES418,inter_nuts3,false,1.5,inter_allowance,0.8,-144.71,0.0,1179.73,12.3
2025-06-25,17,2183,TR_3d4e3db8,541,542,ES00546,ES00547,ES113,ES113,intra_nuts3,true,10.0,intra_diagnostic,0.8,294.0,0.0,2400.0,12.3
2025-06-25,17,2134,LTGES1416,482,562,ES00485,ES00567,ES300,ES300,intra_nuts3,true,10.0,intra_diagnostic,0.8,483.54,0.0,3932.45,12.3
2025-06-25,17,457,LTGES0315,1119,310,ES01137,ES00313,ES113,ES113,intra_nuts3,true,10.0,intra_diagnostic,0.8,-483.29,0.0,3932.45,12.3
2025-06-24,16,196,LTGES0142a,129,88,ES00129,ES00088,ES419,ES418,inter_nuts3,false,1.5,inter_allowance,0.8,-144.71,0.0,1179.73,12.3
2025-06-24,12,52,LTGES0033b,62,55,ES00062,ES00055,ES413,ES418,inter_nuts3,false,1.5,inter_allowance,0.8,-529.3,0.0,4289.94,12.3
2025-06-30,20,580,LTGES0403,337,343,ES00340,ES00346,ES618,ES612,inter_nuts3,false,1.5,inter_allowance,0.8,-71.28,0.0,589.87,12.1
2024-08-20,18,56,LTGES0037,41,684,ES00041,ES00691,ES414,ES412,inter_nuts3,false,1.5,inter_allowance,0.8,-258.13,0.0,2144.97,12.0
2025-06-25,15,103,LTGES0070,106,52,ES00106,ES00052,ES511,ES511,intra_nuts3,true,10.0,intra_diagnostic,0.8,-471.48,0.0,3932.45,12.0
2025-06-30,18,495,LTGES0343,316,195,ES00319,ES00198,ES111,ES111,intra_nuts3,true,10.0,intra_diagnostic,0.8,466.83,0.0,3932.45,11.9
2025-06-30,18,1792,LTGES1179a,256,258,ES00259,ES00261,ES523,ES522,inter_nuts3,false,1.5,inter_allowance,0.8,139.42,0.0,1179.73,11.8
2025-06-30,18,1793,LTGES1179b,256,258,ES00259,ES00261,ES523,ES522,inter_nuts3,false,1.5,inter_allowance,0.8,139.42,0.0,1179.73,11.8
2025-06-25,17,35,LTGES0021b,35,36,ES00035,ES00036,ES618,ES431,inter_nuts3,false,1.5,inter_allowance,0.8,-507.79,0.0,4289.94,11.8
2025-06-25,17,34,LTGES0021a,35,36,ES00035,ES00036,ES618,ES431,inter_nuts3,false,1.5,inter_allowance,0.8,-507.79,0.0,4289.94,11.8
2025-06-27,19,2036,LTGES1340,1117,1070,ES01135,ES01085,ES412,ES412,intra_nuts3,true,10.0,intra_diagnostic,0.8,-459.92,0.0,3932.45,11.7
2025-06-25,17,2160,LTGES1438,729,198,ES00738,ES00201,ES300,ES300,intra_nuts3,true,10.0,intra_diagnostic,0.8,461.16,0.0,3932.45,11.7
2025-06-30,19,38,LTGES0024,44,27,ES00044,ES00027,ES412,ES412,intra_nuts3,true,10.0,intra_diagnostic,0.8,-454.9,0.0,3932.45,11.6
2025-06-25,15,218,LTGES0155,191,193,ES00194,ES00196,ES614,ES614,intra_nuts3,true,10.0,intra_diagnostic,0.8,1655.2,0.0,14299.81,11.6
2025-06-25,15,1623,LTGES1068,359,1060,ES00362,ES01075,ES423,ES423,intra_nuts3,true,10.0,intra_diagnostic,0.8,1648.12,0.0,14299.81,11.5
2025-06-30,19,836,LTGES0567,267,759,ES00270,ES00768,ES243,ES242,inter_nuts3,false,1.5,inter_allowance,0.8,246.24,0.0,2144.97,11.5
2025-06-25,17,1240,LTGES0814,963,530,ES00974,ES00535,ES220,ES220,intra_nuts3,true,10.0,intra_diagnostic,0.8,-449.65,0.0,3932.45,11.4
2024-08-24,20,2284,TR_71f49079,572,573,ES00577,ES00578,ES212,ES212,intra_nuts3,true,10.0,intra_diagnostic,0.8,-433.94,0.0,3840.0,11.3
2024-08-26,17,1157,LTGES0762a,111,946,ES00111,ES00957,ES418,ES419,inter_nuts3,false,1.5,inter_allowance,0.8,485.19,0.0,4289.94,11.3
2024-08-22,17,667,LTGES0461a,389,982,ES00392,ES00996,ES424,ES417,inter_nuts3,false,1.5,inter_allowance,0.8,485.3,0.0,4289.94,11.3
2024-08-26,17,1158,LTGES0762b,111,946,ES00111,ES00957,ES418,ES419,inter_nuts3,false,1.5,inter_allowance,0.8,485.19,0.0,4289.94,11.3
2025-06-30,18,1231,LTGES0808,529,1140,ES00534,ES01160,ES220,ES220,intra_nuts3,true,10.0,intra_diagnostic,0.8,-446.16,0.0,3932.45,11.3
2024-08-22,17,668,LTGES0461b,389,982,ES00392,ES00996,ES424,ES417,inter_nuts3,false,1.5,inter_allowance,0.8,485.3,0.0,4289.94,11.3
2024-08-26,17,1852,LTGES1214a,946,990,ES00957,ES01004,ES419,ES413,inter_nuts3,false,1.5,inter_allowance,0.8,481.85,0.0,4289.94,11.2
2024-08-26,17,1853,LTGES1214b,946,990,ES00957,ES01004,ES419,ES413,inter_nuts3,false,1.5,inter_allowance,0.8,481.85,0.0,4289.94,11.2
2024-08-24,19,591,LTGES0409b,271,350,ES00274,ES00353,ES620,ES521,inter_nuts3,false,1.5,inter_allowance,0.8,-478.61,0.0,4289.94,11.2
2024-08-24,19,590,LTGES0409a,271,350,ES00274,ES00353,ES620,ES521,inter_nuts3,false,1.5,inter_allowance,0.8,-478.61,0.0,4289.94,11.2
2024-08-22,17,864,LTGES0586b,883,982,ES00892,ES00996,ES243,ES417,inter_nuts3,false,1.5,inter_allowance,0.8,-477.05,0.0,4289.94,11.1
2025-06-25,17,858,LTGES0582,394,455,ES00397,ES00458,ES616,ES613,inter_nuts3,false,1.5,inter_allowance,0.8,238.8,0.0,2144.97,11.1
2025-06-30,18,221,LTGES0158,712,195,ES00720,ES00198,ES111,ES111,intra_nuts3,true,10.0,intra_diagnostic,0.8,-435.39,0.0,3932.45,11.1
2025-06-30,20,2209,TR_65fab876,180,181,ES00183,ES00184,ES612,ES612,intra_nuts3,true,10.0,intra_diagnostic,0.8,177.98,0.0,1600.0,11.1
2024-08-22,17,863,LTGES0586a,883,982,ES00892,ES00996,ES243,ES417,inter_nuts3,false,1.5,inter_allowance,0.8,-477.05,0.0,4289.94,11.1
2025-06-25,17,1061,LTGES0702a,455,394,ES00458,ES00397,ES613,ES616,inter_nuts3,false,1.5,inter_allowance,0.8,-470.77,0.0,4289.94,11.0
2025-06-24,17,114,LTGES0080,703,721,ES00710,ES00730,ES414,ES413,inter_nuts3,false,1.5,inter_allowance,0.8,236.05,0.0,2144.97,11.0
2024-08-26,17,1370,LTGES0899,858,61,ES00867,ES00061,ES413,ES418,inter_nuts3,false,1.5,inter_allowance,0.8,-235.1,0.0,2144.97,11.0
2025-06-25,17,1541,LTGES1013,1062,20,ES01077,ES00020,ES300,ES300,intra_nuts3,true,10.0,intra_diagnostic,0.8,-432.32,0.0,3932.45,11.0
2025-06-25,15,1057,LTGES0699,351,494,ES00354,ES00497,ES611,ES611,intra_nuts3,true,10.0,intra_diagnostic,0.8,1570.25,0.0,14299.81,11.0
2025-06-25,17,1062,LTGES0702b,455,394,ES00458,ES00397,ES613,ES616,inter_nuts3,false,1.5,inter_allowance,0.8,-470.77,0.0,4289.94,11.0
2025-06-30,18,1189,LTGES0779,203,875,ES00206,ES00884,ES511,ES511,intra_nuts3,true,10.0,intra_diagnostic,0.8,1565.21,0.0,14299.81,10.9
2024-08-26,8,1816,LTGES1191,1118,82,ES01136,ES00082,ES243,ES243,intra_nuts3,true,10.0,intra_diagnostic,0.8,1538.99,0.0,14299.81,10.8
2024-08-26,8,1195,LTGES0784,952,1118,ES00963,ES01136,ES243,ES243,intra_nuts3,true,10.0,intra_diagnostic,0.8,1543.76,0.0,14299.81,10.8
2025-06-25,15,2017,LTGES1328,1140,149,ES01160,ES00152,ES220,ES220,intra_nuts3,true,10.0,intra_diagnostic,0.8,-425.1,0.0,3932.45,10.8
2025-06-25,17,2172,LTGES1446b,1236,394,ES01259,ES00397,ES422,ES616,inter_nuts3,false,1.5,inter_allowance,0.8,460.6,0.0,4289.94,10.7
2025-06-25,17,2171,LTGES1446a,1236,394,ES01259,ES00397,ES422,ES616,inter_nuts3,false,1.5,inter_allowance,0.8,460.6,0.0,4289.94,10.7
2024-08-26,8,2184,TR_10cbc112,475,476,ES00478,ES00479,ES615,ES615,intra_nuts3,true,10.0,intra_diagnostic,0.8,402.52,0.0,3840.0,10.5
2025-06-30,18,1232,LTGES0809,214,529,ES00217,ES00534,ES220,ES220,intra_nuts3,true,10.0,intra_diagnostic,0.8,-412.48,0.0,3932.45,10.5
2025-06-29,7,1474,LTGES0967,685,26,ES00692,ES00026,ES412,ES412,intra_nuts3,true,10.0,intra_diagnostic,0.8,-408.32,0.0,3932.45,10.4
2025-06-25,15,1054,LTGES0696,491,1057,ES00494,ES01071,ES611,ES611,intra_nuts3,true,10.0,intra_diagnostic,0.8,410.61,0.0,3932.45,10.4
2025-06-27,19,1809,LTGES1186,1114,1070,ES01132,ES01085,ES412,ES412,intra_nuts3,true,10.0,intra_diagnostic,0.8,407.57,0.0,3932.45,10.4
2024-08-22,9,88,LTGES0060,98,1012,ES00098,ES01026,ES212,ES213,inter_nuts3,false,1.5,inter_allowance,0.8,220.88,0.0,2144.97,10.3
2025-06-24,12,1520,LTGES1000,1025,138,ES01039,ES00141,ES230,ES230,intra_nuts3,true,10.0,intra_diagnostic,0.8,-401.28,0.0,3932.45,10.2
2025-06-25,15,2340,TR_5b9e4f80,372,373,ES00375,ES00376,ES514,ES514,intra_nuts3,true,10.0,intra_diagnostic,0.8,763.29,0.0,7560.0,10.1
2025-06-25,15,1261,LTGES0829,971,541,ES00982,ES00546,ES113,ES113,intra_nuts3,true,10.0,intra_diagnostic,0.8,-398.34,0.0,3932.45,10.1
2024-08-24,20,2288,TR_3ecfe90f,149,150,ES00152,ES00153,ES220,ES220,intra_nuts3,true,10.0,intra_diagnostic,0.8,-159.96,0.0,1600.0,10.0
2024-08-24,20,2289,TR_6cc3bf96,133,134,ES00134,ES00135,ES220,ES220,intra_nuts3,true,10.0,intra_diagnostic,0.8,-158.83,0.0,1600.0,9.9
2025-06-27,21,2072,LTGES1370,668,670,ES00675,ES00677,ES412,ES414,inter_nuts3,false,1.5,inter_allowance,0.8,-58.31,0.0,589.87,9.9
2025-06-25,15,2293,TR_cdc06a8b,63,64,ES00063,ES00064,ES243,ES243,intra_nuts3,true,10.0,intra_diagnostic,0.8,-594.05,0.0,6000.0,9.9
2025-06-25,15,246,LTGES0175,732,106,ES00741,ES00106,ES511,ES511,intra_nuts3,true,10.0,intra_diagnostic,0.8,-384.46,0.0,3932.45,9.8
2025-06-24,12,1243,LTGES0817a,964,533,ES00975,ES00538,ES613,ES618,inter_nuts3,false,1.5,inter_allowance,0.8,-115.64,0.0,1179.73,9.8
2025-06-24,12,1244,LTGES0817b,964,533,ES00975,ES00538,ES613,ES618,inter_nuts3,false,1.5,inter_allowance,0.8,-115.64,0.0,1179.73,9.8
2025-06-24,12,786,LTGES0542b,436,372,ES00439,ES00375,ES514,ES514,intra_nuts3,true,10.0,intra_diagnostic,0.8,-766.49,0.0,7864.9,9.7
2025-06-25,17,2238,TR_09234ca6,28,29,ES00028,ES00029,ES300,ES300,intra_nuts3,true,10.0,intra_diagnostic,0.8,-154.4,0.0,1600.0,9.7
2025-06-25,15,604,LTGES0420,352,828,ES00355,ES00837,ES620,ES620,intra_nuts3,true,10.0,intra_diagnostic,0.8,-379.68,0.0,3932.45,9.7
2025-06-24,12,785,LTGES0542a,436,372,ES00439,ES00375,ES514,ES514,intra_nuts3,true,10.0,intra_diagnostic,0.8,-766.49,0.0,7864.9,9.7
2025-06-27,19,2232,TR_a4e0ba25,42,43,ES00042,ES00043,ES414,ES414,intra_nuts3,true,10.0,intra_diagnostic,0.8,233.98,0.0,2400.0,9.7
2025-06-24,12,2320,TR_cc6607e7,266,267,ES00269,ES00270,ES243,ES243,intra_nuts3,true,10.0,intra_diagnostic,0.8,233.7,0.0,2400.0,9.7
2025-06-27,19,2078,LTGES1374,422,96,ES00425,ES00096,ES412,ES412,intra_nuts3,true,10.0,intra_diagnostic,0.8,383.12,0.0,3932.45,9.7
2024-08-26,9,2091,LTGES1384,155,165,ES00158,ES00168,ES432,ES432,intra_nuts3,true,10.0,intra_diagnostic,0.8,379.31,0.0,3932.45,9.6
2025-06-25,17,2190,TR_26503a3b,161,162,ES00164,ES00165,ES413,ES413,intra_nuts3,true,10.0,intra_diagnostic,0.8,230.82,0.0,2400.0,9.6
2025-06-25,17,988,LTGES0659a,31,200,ES00031,ES00203,ES300,ES300,intra_nuts3,true,10.0,intra_diagnostic,0.8,2717.99,0.0,28599.62,9.5
2025-06-30,20,1725,LTGES1134,706,137,ES00713,ES00140,ES414,ES414,intra_nuts3,true,10.0,intra_diagnostic,0.8,372.11,0.0,3932.45,9.5
2025-06-25,17,510,LTGES0354,801,802,ES00810,ES00811,ES415,ES415,intra_nuts3,true,10.0,intra_diagnostic,0.8,-374.22,0.0,3932.45,9.5
2025-06-25,17,989,LTGES0659b,31,200,ES00031,ES00203,ES300,ES300,intra_nuts3,true,10.0,intra_diagnostic,0.8,2717.99,0.0,28599.62,9.5
2025-06-25,17,1771,LTGES1163,198,629,ES00201,ES00635,ES300,ES300,intra_nuts3,true,10.0,intra_diagnostic,0.8,372.94,0.0,3932.45,9.5
2025-06-25,17,509,LTGES0353,801,802,ES00810,ES00811,ES415,ES415,intra_nuts3,true,10.0,intra_diagnostic,0.8,-374.22,0.0,3932.45,9.5
2025-06-25,17,2239,TR_089a759d,30,31,ES00030,ES00031,ES300,ES300,intra_nuts3,true,10.0,intra_diagnostic,0.8,-152.52,0.0,1600.0,9.5
2025-06-25,15,922,LTGES0620b,894,468,ES00903,ES00471,ES300,ES300,intra_nuts3,true,10.0,intra_diagnostic,0.8,2685.99,0.0,28599.62,9.4
2025-06-25,15,921,LTGES0620a,894,468,ES00903,ES00471,ES300,ES300,intra_nuts3,true,10.0,intra_diagnostic,0.8,2685.99,0.0,28599.62,9.4
2025-06-25,17,2241,TR_05391fc2,18,19,ES00018,ES00019,ES300,ES300,intra_nuts3,true,10.0,intra_diagnostic,0.8,-561.94,0.0,6000.0,9.4
2025-06-25,17,2237,TR_18c54756,32,33,ES00032,ES00033,ES300,ES300,intra_nuts3,true,10.0,intra_diagnostic,0.8,-225.98,0.0,2400.0,9.4
2025-06-30,19,1315,LTGES0865,986,212,ES01000,ES00215,ES241,ES241,intra_nuts3,true,10.0,intra_diagnostic,0.8,-368.16,0.0,3932.45,9.4
2025-06-25,17,972,LTGES0651a,200,903,ES00203,ES00914,ES300,ES300,intra_nuts3,true,10.0,intra_diagnostic,0.8,2650.89,0.0,28599.62,9.3
2025-06-25,15,603,LTGES0419,353,352,ES00356,ES00355,ES620,ES620,intra_nuts3,true,10.0,intra_diagnostic,0.8,-366.35,0.0,3932.45,9.3
2025-06-24,13,1254,LTGES0824,188,535,ES00191,ES00540,ES612,ES618,inter_nuts3,false,1.5,inter_allowance,0.8,55.07,0.0,589.87,9.3
2025-06-25,15,927,LTGES0623,683,907,ES00690,ES00918,ES300,ES300,intra_nuts3,true,10.0,intra_diagnostic,0.8,-1332.38,0.0,14299.81,9.3
2025-06-25,17,973,LTGES0651b,200,903,ES00203,ES00914,ES300,ES300,intra_nuts3,true,10.0,intra_diagnostic,0.8,2650.89,0.0,28599.62,9.3
2024-08-24,20,2280,TR_7644f0c2,97,98,ES00097,ES00098,ES212,ES212,intra_nuts3,true,10.0,intra_diagnostic,0.8,-354.5,0.0,3840.0,9.2
2025-06-29,22,944,LTGES0633,899,472,ES00908,ES00475,ES425,ES425,intra_nuts3,true,10.0,intra_diagnostic,0.8,-360.27,0.0,3932.45,9.2
2025-06-25,15,67,LTGES0045,75,76,ES00075,ES00076,ES423,ES423,intra_nuts3,true,10.0,intra_diagnostic,0.8,1318.0,0.0,14299.81,9.2
2025-06-25,17,613,LTGES0427,359,75,ES00362,ES00075,ES423,ES423,intra_nuts3,true,10.0,intra_diagnostic,0.8,1308.54,0.0,14299.81,9.2
2025-06-29,7,28,LTGES0017,25,26,ES00025,ES00026,ES412,ES412,intra_nuts3,true,10.0,intra_diagnostic,0.8,361.67,0.0,3932.45,9.2
2024-08-22,17,2304,TR_2ab84c9d,831,832,ES00840,ES00841,ES523,ES523,intra_nuts3,true,10.0,intra_diagnostic,0.8,-218.12,0.0,2400.0,9.1
2025-06-24,13,2277,TR_4422f4c8,388,389,ES00391,ES00392,ES424,ES424,intra_nuts3,true,10.0,intra_diagnostic,0.8,2180.46,0.0,24000.0,9.1
2025-06-25,15,924,LTGES0621b,896,389,ES00905,ES00392,ES424,ES424,intra_nuts3,true,10.0,intra_diagnostic,0.8,-2568.01,0.0,28599.62,9.0
2025-06-25,15,923,LTGES0621a,896,389,ES00905,ES00392,ES424,ES424,intra_nuts3,true,10.0,intra_diagnostic,0.8,-2568.01,0.0,28599.62,9.0
2025-06-27,19,1875,LTGES1229,960,1152,ES00971,ES01172,ES220,ES230,inter_nuts3,false,1.5,inter_allowance,0.8,-52.98,0.0,589.87,9.0
2024-08-25,21,2305,TR_8d4c74b6,240,241,ES00243,ES00244,ES523,ES523,intra_nuts3,true,10.0,intra_diagnostic,0.8,-537.11,0.0,6000.0,9.0
2024-08-22,17,250,LTGES0179,216,202,ES00219,ES00205,ES511,ES511,intra_nuts3,true,10.0,intra_diagnostic,0.8,-354.05,0.0,3932.45,9.0
2025-06-25,15,2292,TR_41fc927f,272,273,ES00275,ES00276,ES620,ES620,intra_nuts3,true,10.0,intra_diagnostic,0.8,340.57,0.0,3840.0,8.9
2024-08-24,20,2302,TR_ad3ea85c,81,82,ES00081,ES00082,ES243,ES243,intra_nuts3,true,10.0,intra_diagnostic,0.8,-213.73,0.0,2400.0,8.9
2025-06-29,7,1510,LTGES0992,587,588,ES00592,ES00593,ES211,ES211,intra_nuts3,true,10.0,intra_diagnostic,0.8,-351.83,0.0,3932.45,8.9
2025-06-25,15,601,LTGES0417,272,1124,ES00275,ES01144,ES620,ES620,intra_nuts3,true,10.0,intra_diagnostic,0.8,-344.09,0.0,3932.45,8.8
2025-06-27,8,711,LTGES0488,846,57,ES00855,ES00057,ES432,ES432,intra_nuts3,true,10.0,intra_diagnostic,0.8,-346.43,0.0,3932.45,8.8
2025-06-25,17,1011,LTGES0672b,147,143,ES00150,ES00146,ES300,ES300,intra_nuts3,true,10.0,intra_diagnostic,0.8,-2500.14,0.0,28599.62,8.7
2025-06-25,15,2330,TR_fa1d5cde,1054,1055,ES01068,ES01069,ES241,ES241,intra_nuts3,true,10.0,intra_diagnostic,0.8,335.34,0.0,3840.0,8.7
2025-06-24,12,1049,LTGES0693,1046,489,ES01060,ES00492,ES422,ES425,inter_nuts3,false,1.5,inter_allowance,0.8,51.49,0.0,589.87,8.7
2025-06-25,17,1010,LTGES0672a,147,143,ES00150,ES00146,ES300,ES300,intra_nuts3,true,10.0,intra_diagnostic,0.8,-2500.14,0.0,28599.62,8.7
2024-08-24,20,146,LTGES0109,139,138,ES00142,ES00141,ES230,ES230,intra_nuts3,true,10.0,intra_diagnostic,0.8,-337.05,0.0,3932.45,8.6
2025-06-27,8,501,LTGES0348,243,128,ES00246,ES00128,ES415,ES415,intra_nuts3,true,10.0,intra_diagnostic,0.8,1236.12,0.0,14299.81,8.6
2025-06-25,15,997,LTGES0664a,480,468,ES00483,ES00471,ES300,ES300,intra_nuts3,true,10.0,intra_diagnostic,0.8,-2455.63,0.0,28599.62,8.6
2025-06-25,15,998,LTGES0664b,480,468,ES00483,ES00471,ES300,ES300,intra_nuts3,true,10.0,intra_diagnostic,0.8,-2455.63,0.0,28599.62,8.6
2025-06-27,8,2185,TR_e96aa377,57,58,ES00057,ES00058,ES432,ES432,intra_nuts3,true,10.0,intra_diagnostic,0.8,1647.22,0.0,19200.0,8.6
2025-06-25,17,2257,TR_20f9f91a,680,681,ES00687,ES00688,ES300,ES300,intra_nuts3,true,10.0,intra_diagnostic,0.8,-204.47,0.0,2400.0,8.5
2025-06-27,19,1976,LTGES1298,659,463,ES00665,ES00466,ES243,ES243,intra_nuts3,true,10.0,intra_diagnostic,0.8,332.8,0.0,3932.45,8.5
2024-08-26,8,1055,LTGES0697,923,492,ES00934,ES00495,ES614,ES614,intra_nuts3,true,10.0,intra_diagnostic,0.8,-335.07,0.0,3932.45,8.5
2024-08-22,17,2315,TR_60f77458,91,92,ES00091,ES00092,ES523,ES523,intra_nuts3,true,10.0,intra_diagnostic,0.8,-203.17,0.0,2400.0,8.5
2025-06-25,15,1523,LTGES1002,1027,1054,ES01041,ES01068,ES241,ES241,intra_nuts3,true,10.0,intra_diagnostic,0.8,336.17,0.0,3932.45,8.5
2025-06-25,17,1561,LTGES1026,597,30,ES00602,ES00030,ES300,ES300,intra_nuts3,true,10.0,intra_diagnostic,0.8,-333.38,0.0,3932.45,8.5
2025-06-25,17,2192,TR_3cdb5cac,159,160,ES00162,ES00163,ES413,ES413,intra_nuts3,true,10.0,intra_diagnostic,0.8,201.81,0.0,2400.0,8.4
2025-06-25,17,2245,TR_9238fc7c,199,200,ES00202,ES00203,ES300,ES300,intra_nuts3,true,10.0,intra_diagnostic,0.8,-134.19,0.0,1600.0,8.4
2025-06-25,15,1668,LTGES1099,619,1107,ES00624,ES01125,ES512,ES512,intra_nuts3,true,10.0,intra_diagnostic,0.8,958.63,0.0,11439.85,8.4
2024-08-24,20,1230,LTGES0807,133,959,ES00134,ES00970,ES220,ES220,intra_nuts3,true,10.0,intra_diagnostic,0.8,330.7,0.0,3932.45,8.4
2025-06-25,15,1669,LTGES1100,619,1107,ES00624,ES01125,ES512,ES512,intra_nuts3,true,10.0,intra_diagnostic,0.8,958.63,0.0,11439.85,8.4
2025-06-24,14,1094,LTGES0722,507,506,ES00510,ES00509,ES521,ES521,intra_nuts3,true,10.0,intra_diagnostic,0.8,1185.86,0.0,14299.81,8.3
2025-06-25,17,1022,LTGES0676a,903,143,ES00914,ES00146,ES300,ES300,intra_nuts3,true,10.0,intra_diagnostic,0.8,2363.7,0.0,28599.62,8.3
2025-06-25,15,607,LTGES0422,830,355,ES00839,ES00358,ES521,ES521,intra_nuts3,true,10.0,intra_diagnostic,0.8,327.67,0.0,3932.45,8.3
2025-06-25,17,1023,LTGES0676b,903,143,ES00914,ES00146,ES300,ES300,intra_nuts3,true,10.0,intra_diagnostic,0.8,2363.7,0.0,28599.62,8.3
2025-06-27,19,2224,TR_dd3b02ef,220,221,ES00223,ES00224,ES414,ES414,intra_nuts3,true,10.0,intra_diagnostic,0.8,196.05,0.0,2400.0,8.2
2024-08-24,20,2223,TR_b42e8356,54,55,ES00054,ES00055,ES418,ES418,intra_nuts3,true,10.0,intra_diagnostic,0.8,494.18,0.0,6000.0,8.2
2025-06-29,7,1478,LTGES0970,582,45,ES00587,ES00045,ES213,ES213,intra_nuts3,true,10.0,intra_diagnostic,0.8,321.84,0.0,3932.45,8.2
2024-08-24,20,1225,LTGES0804,133,959,ES00134,ES00970,ES220,ES220,intra_nuts3,true,10.0,intra_diagnostic,0.8,323.15,0.0,3932.45,8.2
2025-06-25,17,2191,TR_b0d59f98,153,154,ES00156,ES00157,ES413,ES413,intra_nuts3,true,10.0,intra_diagnostic,0.8,131.31,0.0,1600.0,8.2
2025-06-29,7,1477,LTGES0969,45,582,ES00045,ES00587,ES213,ES213,intra_nuts3,true,10.0,intra_diagnostic,0.8,-322.46,0.0,3932.45,8.2
2025-06-24,16,612,LTGES0426,356,239,ES00359,ES00242,ES523,ES523,intra_nuts3,true,10.0,intra_diagnostic,0.8,1169.5,0.0,14299.81,8.2
2025-06-25,17,388,LTGES0263,276,773,ES00279,ES00782,ES243,ES243,intra_nuts3,true,10.0,intra_diagnostic,0.8,321.68,0.0,3932.45,8.2
2025-06-25,17,1139,LTGES0751,942,840,ES00953,ES00849,ES616,ES616,intra_nuts3,true,10.0,intra_diagnostic,0.8,-316.95,0.0,3932.45,8.1
2025-06-25,17,2222,TR_317465d6,88,89,ES00088,ES00089,ES418,ES418,intra_nuts3,true,10.0,intra_diagnostic,0.8,193.53,0.0,2400.0,8.1
2025-06-29,20,1095,LTGES0723,930,931,ES00941,ES00942,ES523,ES523,intra_nuts3,true,10.0,intra_diagnostic,0.8,1163.57,0.0,14299.81,8.1
2025-06-25,17,1002,LTGES0667b,147,483,ES00150,ES00486,ES300,ES300,intra_nuts3,true,10.0,intra_diagnostic,0.8,2311.68,0.0,28599.62,8.1
2025-06-25,17,1001,LTGES0667a,147,483,ES00150,ES00486,ES300,ES300,intra_nuts3,true,10.0,intra_diagnostic,0.8,2311.68,0.0,28599.62,8.1
2025-06-27,19,881,LTGES0596,774,462,ES00783,ES00465,ES243,ES243,intra_nuts3,true,10.0,intra_diagnostic,0.8,-313.2,0.0,3932.45,8.0
2025-06-30,18,498,LTGES0345,800,862,ES00809,ES00871,ES111,ES111,intra_nuts3,true,10.0,intra_diagnostic,0.8,312.61,0.0,3932.45,7.9
2024-08-23,17,2175,LTGES1449,631,564,ES00637,ES00569,ES300,ES300,intra_nuts3,true,10.0,intra_diagnostic,0.8,-310.9,0.0,3932.45,7.9
2025-06-25,15,121,LTGES0085a,116,117,ES00116,ES00117,ES523,ES523,intra_nuts3,true,10.0,intra_diagnostic,0.8,-619.49,0.0,7864.9,7.9
2025-06-25,15,122,LTGES0085b,116,117,ES00116,ES00117,ES523,ES523,intra_nuts3,true,10.0,intra_diagnostic,0.8,-619.49,0.0,7864.9,7.9
2024-08-20,0,848,LTGES0575a,211,881,ES00214,ES00890,ES511,ES513,inter_nuts3,false,1.5,inter_allowance,0.8,334.3,0.0,4289.94,7.8
2025-06-25,17,1009,LTGES0671b,480,483,ES00483,ES00486,ES300,ES300,intra_nuts3,true,10.0,intra_diagnostic,0.8,-2228.32,0.0,28599.62,7.8
2024-08-24,20,1719,LTGES1130,492,502,ES00495,ES00505,ES614,ES614,intra_nuts3,true,10.0,intra_diagnostic,0.8,-306.13,0.0,3932.45,7.8
2024-08-26,8,2231,TR_e25275d8,49,50,ES00049,ES00050,ES416,ES416,intra_nuts3,true,10.0,intra_diagnostic,0.8,125.02,0.0,1600.0,7.8
2024-08-26,8,213,LTGES0152b,177,182,ES00180,ES00185,ES617,ES612,inter_nuts3,false,1.5,inter_allowance,0.8,-92.27,0.0,1179.73,7.8
2024-08-20,0,849,LTGES0575b,211,881,ES00214,ES00890,ES511,ES513,inter_nuts3,false,1.5,inter_allowance,0.8,334.3,0.0,4289.94,7.8
2024-08-26,8,212,LTGES0152a,177,182,ES00180,ES00185,ES617,ES612,inter_nuts3,false,1.5,inter_allowance,0.8,-92.27,0.0,1179.73,7.8
2025-06-25,17,1008,LTGES0671a,480,483,ES00483,ES00486,ES300,ES300,intra_nuts3,true,10.0,intra_diagnostic,0.8,-2228.32,0.0,28599.62,7.8
2025-06-25,17,1779,LTGES1170,312,1105,ES00315,ES01123,ES113,ES113,intra_nuts3,true,10.0,intra_diagnostic,0.8,302.29,0.0,3932.45,7.7
2025-06-25,17,986,LTGES0657,144,1193,ES00147,ES01213,ES300,ES300,intra_nuts3,true,10.0,intra_diagnostic,0.8,300.91,0.0,3932.45,7.7
2025-06-25,17,738,LTGES0508a,33,19,ES00033,ES00019,ES300,ES300,intra_nuts3,true,10.0,intra_diagnostic,0.8,2176.53,0.0,28599.62,7.6
2024-08-24,19,2303,TR_0f0fff81,505,506,ES00508,ES00509,ES521,ES521,intra_nuts3,true,10.0,intra_diagnostic,0.8,-455.11,0.0,6000.0,7.6
2024-08-24,20,1488,LTGES0977,1019,583,ES01033,ES00588,ES213,ES213,intra_nuts3,true,10.0,intra_diagnostic,0.8,-297.74,0.0,3932.45,7.6
2025-06-27,8,2348,TR_5d89fb1a,621,1235,ES00626,ES01258,ES512,ES512,intra_nuts3,true,10.0,intra_diagnostic,0.8,-182.75,0.0,2400.0,7.6
2025-06-25,17,739,LTGES0508b,33,19,ES00033,ES00019,ES300,ES300,intra_nuts3,true,10.0,intra_diagnostic,0.8,2176.53,0.0,28599.62,7.6
2025-06-25,15,408,LTGES0280,284,286,ES00287,ES00289,ES532,ES532,intra_nuts3,true,10.0,intra_diagnostic,0.8,-298.37,0.0,3932.45,7.6
2025-06-25,17,515,LTGES0358,67,323,ES00067,ES00326,ES415,ES415,intra_nuts3,true,10.0,intra_diagnostic,0.8,-1065.44,0.0,14299.81,7.5
2025-06-25,17,2186,TR_0490c2aa,109,110,ES00109,ES00110,ES419,ES419,intra_nuts3,true,10.0,intra_diagnostic,0.8,179.6,0.0,2400.0,7.5
2025-06-29,7,1433,LTGES0941,98,851,ES00098,ES00860,ES212,ES212,intra_nuts3,true,10.0,intra_diagnostic,0.8,1060.72,0.0,14299.81,7.4
2025-06-25,15,397,LTGES0270,284,282,ES00287,ES00285,ES532,ES532,intra_nuts3,true,10.0,intra_diagnostic,0.8,292.18,0.0,3932.45,7.4
2024-08-22,17,2346,TR_da0a8bbb,202,203,ES00205,ES00206,ES511,ES511,intra_nuts3,true,10.0,intra_diagnostic,0.8,-884.68,0.0,12000.0,7.4
2025-06-25,15,398,LTGES0271,284,282,ES00287,ES00285,ES532,ES532,intra_nuts3,true,10.0,intra_diagnostic,0.8,289.7,0.0,3932.45,7.4
2025-06-25,17,389,LTGES0264,773,1139,ES00782,ES01159,ES243,ES243,intra_nuts3,true,10.0,intra_diagnostic,0.8,286.56,0.0,3932.45,7.3
2024-08-20,0,2026,LTGES1334a,1220,1186,ES01243,ES01206,ES213,ES212,inter_nuts3,false,1.5,inter_allowance,0.8,85.89,0.0,1179.73,7.3
2024-08-20,0,2027,LTGES1334b,1220,1186,ES01243,ES01206,ES213,ES212,inter_nuts3,false,1.5,inter_allowance,0.8,85.89,0.0,1179.73,7.3
2024-08-24,20,2295,TR_531ab7c5,653,654,ES00659,ES00660,ES620,ES620,intra_nuts3,true,10.0,intra_diagnostic,0.8,-172.98,0.0,2400.0,7.2
2025-06-25,17,2253,TR_63348a57,911,912,ES00922,ES00923,ES300,ES300,intra_nuts3,true,10.0,intra_diagnostic,0.8,-115.43,0.0,1600.0,7.2
2025-06-24,12,649,LTGES0449,374,878,ES00377,ES00887,ES243,ES243,intra_nuts3,true,10.0,intra_diagnostic,0.8,-1029.26,0.0,14299.81,7.2
2025-06-25,17,2133,LTGES1415,482,1193,ES00485,ES01213,ES300,ES300,intra_nuts3,true,10.0,intra_diagnostic,0.8,-281.7,0.0,3932.45,7.2
2025-06-25,15,1963,LTGES1286,495,176,ES00498,ES00179,ES617,ES617,intra_nuts3,true,10.0,intra_diagnostic,0.8,1035.59,0.0,14299.81,7.2
2025-06-25,17,2251,TR_4eff5937,485,486,ES00488,ES00489,ES300,ES300,intra_nuts3,true,10.0,intra_diagnostic,0.8,-275.48,0.0,3840.0,7.2
2025-06-25,17,2252,TR_3849e2ae,909,910,ES00920,ES00921,ES300,ES300,intra_nuts3,true,10.0,intra_diagnostic,0.8,-114.9,0.0,1600.0,7.2
2025-06-27,8,2338,TR_87714406,204,205,ES00207,ES00208,ES514,ES514,intra_nuts3,true,10.0,intra_diagnostic,0.8,1734.17,0.0,24000.0,7.2
2024-08-26,18,2345,TR_4e681766,52,53,ES00052,ES00053,ES511,ES511,intra_nuts3,true,10.0,intra_diagnostic,0.8,-271.64,0.0,3840.0,7.1
2025-06-25,15,2267,TR_e1d8c398,467,468,ES00470,ES00471,ES300,ES300,intra_nuts3,true,10.0,intra_diagnostic,0.8,-423.32,0.0,6000.0,7.1
2025-06-30,20,1972,LTGES1295,1172,660,ES01192,ES00666,ES243,ES243,intra_nuts3,true,10.0,intra_diagnostic,0.8,278.71,0.0,3932.45,7.1
2024-08-22,17,2342,TR_a35675e3,432,433,ES00435,ES00436,ES511,ES511,intra_nuts3,true,10.0,intra_diagnostic,0.8,-537.37,0.0,7560.0,7.1
2025-06-25,17,1704,LTGES1121,626,597,ES00632,ES00602,ES300,ES300,intra_nuts3,true,10.0,intra_diagnostic,0.8,-280.47,0.0,3932.45,7.1
2025-06-27,8,89,LTGES0061,99,58,ES00099,ES00058,ES432,ES432,intra_nuts3,true,10.0,intra_diagnostic,0.8,1022.19,0.0,14299.81,7.1
2025-06-25,17,7,LTGES0004a,7,9,ES00007,ES00009,ES612,ES618,inter_nuts3,false,1.5,inter_allowance,0.8,-300.95,0.0,4289.94,7.0
2025-06-25,17,8,LTGES0004b,7,9,ES00007,ES00009,ES612,ES618,inter_nuts3,false,1.5,inter_allowance,0.8,-300.95,0.0,4289.94,7.0
2025-06-27,19,878,LTGES0594b,461,885,ES00464,ES00894,ES243,ES417,inter_nuts3,false,1.5,inter_allowance,0.8,-82.9,0.0,1179.73,7.0
2024-08-26,8,2347,TR_cbe8a5bf,11,12,ES00011,ES00012,ES511,ES511,intra_nuts3,true,10.0,intra_diagnostic,0.8,-270.31,0.0,3840.0,7.0
2024-08-22,17,2308,TR_ac797598,247,248,ES00250,ES00251,ES523,ES523,intra_nuts3,true,10.0,intra_diagnostic,0.8,-168.47,0.0,2400.0,7.0
2024-08-22,17,1198,LTGES0790,358,694,ES00361,ES00701,ES423,ES423,intra_nuts3,true,10.0,intra_diagnostic,0.8,-276.94,0.0,3932.45,7.0
2025-06-25,15,1401,LTGES0919,553,102,ES00558,ES00102,ES120,ES120,intra_nuts3,true,10.0,intra_diagnostic,0.8,275.99,0.0,3932.45,7.0
2025-06-27,19,877,LTGES0594a,461,885,ES00464,ES00894,ES243,ES417,inter_nuts3,false,1.5,inter_allowance,0.8,-82.9,0.0,1179.73,7.0
2025-06-25,15,412,LTGES0284,292,46,ES00295,ES00046,ES213,ES213,intra_nuts3,true,10.0,intra_diagnostic,0.8,-999.3,0.0,14299.81,7.0
2024-08-24,21,165,LTGES0122,159,161,ES00162,ES00164,ES413,ES413,intra_nuts3,true,10.0,intra_diagnostic,0.8,-270.7,0.0,3932.45,6.9
2024-08-22,17,2341,TR_13fe3810,207,208,ES00210,ES00211,ES511,ES511,intra_nuts3,true,10.0,intra_diagnostic,0.8,-264.87,0.0,3840.0,6.9
2024-08-22,17,2311,TR_0577b900,121,122,ES00121,ES00122,ES523,ES523,intra_nuts3,true,10.0,intra_diagnostic,0.8,-165.26,0.0,2400.0,6.9
2025-06-25,17,2262,TR_4a6d455c,144,145,ES00147,ES00148,ES300,ES300,intra_nuts3,true,10.0,intra_diagnostic,0.8,-164.47,0.0,2400.0,6.9
2025-06-25,17,2263,TR_7fb6d213,482,483,ES00485,ES00486,ES300,ES300,intra_nuts3,true,10.0,intra_diagnostic,0.8,-166.74,0.0,2400.0,6.9
2024-08-22,17,164,LTGES0121,158,955,ES00161,ES00966,ES413,ES413,intra_nuts3,true,10.0,intra_diagnostic,0.8,266.22,0.0,3932.45,6.8
2025-06-29,7,659,LTGES0456,380,381,ES00383,ES00384,ES241,ES241,intra_nuts3,true,10.0,intra_diagnostic,0.8,265.71,0.0,3932.45,6.8
2025-06-25,17,1601,LTGES1053,142,1053,ES00145,ES01067,ES300,ES300,intra_nuts3,true,10.0,intra_diagnostic,0.8,267.74,0.0,3932.45,6.8
2025-06-24,12,436,LTGES0300,785,93,ES00794,ES00093,ES114,ES114,intra_nuts3,true,10.0,intra_diagnostic,0.8,-266.13,0.0,3932.45,6.8
2025-06-25,17,11,LTGES0007,680,16,ES00687,ES00016,ES300,ES300,intra_nuts3,true,10.0,intra_diagnostic,0.8,266.28,0.0,3932.45,6.8
2025-06-25,17,2198,TR_ec3a7de9,34,35,ES00034,ES00035,ES618,ES618,intra_nuts3,true,10.0,intra_diagnostic,0.8,-410.57,0.0,6000.0,6.8
2024-08-22,17,1464,LTGES0959,578,581,ES00583,ES00586,ES213,ES213,intra_nuts3,true,10.0,intra_diagnostic,0.8,265.87,0.0,3932.45,6.8
2025-06-24,12,1544,LTGES1015a,225,600,ES00228,ES00605,ES511,ES511,intra_nuts3,true,10.0,intra_diagnostic,0.8,-533.14,0.0,7864.9,6.8
2025-06-30,20,1916,LTGES1254,1206,623,ES01227,ES00629,ES243,ES243,intra_nuts3,true,10.0,intra_diagnostic,0.8,266.94,0.0,3932.45,6.8
2025-06-24,12,1545,LTGES1015b,225,600,ES00228,ES00605,ES511,ES511,intra_nuts3,true,10.0,intra_diagnostic,0.8,-533.14,0.0,7864.9,6.8
2024-08-22,17,1919,LTGES1256,955,159,ES00966,ES00162,ES413,ES413,intra_nuts3,true,10.0,intra_diagnostic,0.8,262.04,0.0,3932.45,6.7
2025-06-25,15,2265,TR_cee0d2e6,479,480,ES00482,ES00483,ES300,ES300,intra_nuts3,true,10.0,intra_diagnostic,0.8,-258.8,0.0,3840.0,6.7
2025-06-25,17,2255,TR_3af63bd6,677,678,ES00684,ES00685,ES300,ES300,intra_nuts3,true,10.0,intra_diagnostic,0.8,-160.52,0.0,2400.0,6.7
2025-06-30,20,1583,LTGES1040,319,316,ES00322,ES00319,ES111,ES111,intra_nuts3,true,10.0,intra_diagnostic,0.8,261.78,0.0,3932.45,6.7
2025-06-25,17,2258,TR_84534c7d,142,143,ES00145,ES00146,ES300,ES300,intra_nuts3,true,10.0,intra_diagnostic,0.8,-161.21,0.0,2400.0,6.7
2025-06-29,7,855,LTGES0579,381,453,ES00384,ES00456,ES241,ES241,intra_nuts3,true,10.0,intra_diagnostic,0.8,261.6,0.0,3932.45,6.7
2024-08-22,17,2343,TR_ba0a135f,3,4,ES00003,ES00004,ES511,ES511,intra_nuts3,true,10.0,intra_diagnostic,0.8,-787.57,0.0,12000.0,6.6
2025-06-25,17,2193,TR_f3d46ea1,172,173,ES00175,ES00176,ES419,ES419,intra_nuts3,true,10.0,intra_diagnostic,0.8,106.27,0.0,1600.0,6.6
2025-06-29,20,298,LTGES0215,753,693,ES00762,ES00700,ES523,ES523,intra_nuts3,true,10.0,intra_diagnostic,0.8,947.41,0.0,14299.81,6.6
2024-08-23,17,2176,LTGES1450,1104,296,ES01122,ES00299,ES300,ES300,intra_nuts3,true,10.0,intra_diagnostic,0.8,-259.75,0.0,3932.45,6.6
2025-06-29,7,856,LTGES0580,453,454,ES00456,ES00457,ES241,ES241,intra_nuts3,true,10.0,intra_diagnostic,0.8,259.76,0.0,3932.45,6.6
2025-06-30,20,1323,LTGES0870,6,559,ES00006,ES00564,ES612,ES612,intra_nuts3,true,10.0,intra_diagnostic,0.8,-257.25,0.0,3932.45,6.5
2024-08-22,17,2283,TR_59f3a3c3,358,359,ES00361,ES00362,ES423,ES423,intra_nuts3,true,10.0,intra_diagnostic,0.8,248.85,0.0,3840.0,6.5
2025-06-24,12,576,LTGES0399,340,825,ES00343,ES00834,ES618,ES618,intra_nuts3,true,10.0,intra_diagnostic,0.8,257.05,0.0,3932.45,6.5
2025-06-25,15,115,LTGES0081,114,116,ES00114,ES00116,ES523,ES523,intra_nuts3,true,10.0,intra_diagnostic,0.8,-254.32,0.0,3932.45,6.5
2025-06-25,17,1689,LTGES1114,1053,482,ES01067,ES00485,ES300,ES300,intra_nuts3,true,10.0,intra_diagnostic,0.8,255.73,0.0,3932.45,6.5
2025-06-27,19,889,LTGES0602,463,890,ES00466,ES00899,ES243,ES243,intra_nuts3,true,10.0,intra_diagnostic,0.8,-250.29,0.0,3932.45,6.4
2025-06-24,12,1794,LTGES1180a,255,257,ES00258,ES00260,ES523,ES522,inter_nuts3,false,1.5,inter_allowance,0.8,-26.1,0.0,406.05,6.4
2025-06-24,13,1242,LTGES0816,532,835,ES00537,ES00844,ES613,ES613,intra_nuts3,true,10.0,intra_diagnostic,0.8,253.29,0.0,3932.45,6.4
2025-06-24,12,1795,LTGES1180b,255,257,ES00258,ES00260,ES523,ES522,inter_nuts3,false,1.5,inter_allowance,0.8,-26.1,0.0,406.05,6.4
2025-06-30,19,1337,LTGES0881,229,988,ES00232,ES01002,ES130,ES130,intra_nuts3,true,10.0,intra_diagnostic,0.8,252.72,0.0,3932.45,6.4
2025-06-25,17,2197,TR_e2759977,129,130,ES00129,ES00130,ES419,ES419,intra_nuts3,true,10.0,intra_diagnostic,0.8,103.2,0.0,1600.0,6.4
2025-06-25,15,2243,TR_19887143,73,74,ES00073,ES00074,ES130,ES130,intra_nuts3,true,10.0,intra_diagnostic,0.8,152.01,0.0,2400.0,6.3
2025-06-29,20,1867,LTGES1224,693,248,ES00700,ES00251,ES523,ES523,intra_nuts3,true,10.0,intra_diagnostic,0.8,906.62,0.0,14299.81,6.3
2025-06-24,13,2296,TR_f79c0213,382,383,ES00385,ES00386,ES242,ES242,intra_nuts3,true,10.0,intra_diagnostic,0.8,242.17,0.0,3840.0,6.3
2025-06-29,20,635,LTGES0440,248,931,ES00251,ES00942,ES523,ES523,intra_nuts3,true,10.0,intra_diagnostic,0.8,-901.4,0.0,14299.81,6.3
2025-06-24,13,219,LTGES0156,190,194,ES00193,ES00197,ES614,ES614,intra_nuts3,true,10.0,intra_diagnostic,0.8,-245.92,0.0,3932.45,6.3
2025-06-27,19,1518,LTGES0998,1026,590,ES01040,ES00595,ES220,ES211,inter_nuts3,false,1.5,inter_allowance,0.8,36.5,0.0,589.87,6.2
2025-06-27,8,2240,TR_2eceb0ce,20,21,ES00020,ES00021,ES300,ES300,intra_nuts3,true,10.0,intra_diagnostic,0.8,-465.08,0.0,7560.0,6.2
2024-08-22,10,2225,TR_374f74ad,496,497,ES00499,ES00500,ES618,ES618,intra_nuts3,true,10.0,intra_diagnostic,0.8,-99.72,0.0,1600.0,6.2
2024-08-22,10,2247,TR_d45a10b0,630,631,ES00636,ES00637,ES300,ES300,intra_nuts3,true,10.0,intra_diagnostic,0.8,-237.4,0.0,3840.0,6.2
2025-06-25,17,625,LTGES0434,832,357,ES00841,ES00360,ES523,ES523,intra_nuts3,true,10.0,intra_diagnostic,0.8,-891.48,0.0,14299.81,6.2
2025-06-25,17,2260,TR_23a069a8,146,147,ES00149,ES00150,ES300,ES300,intra_nuts3,true,10.0,intra_diagnostic,0.8,-370.24,0.0,6000.0,6.2
2025-06-30,18,1201,LTGES0792a,390,359,ES00393,ES00362,ES423,ES423,intra_nuts3,true,10.0,intra_diagnostic,0.8,-1731.82,0.0,28599.62,6.1
2025-06-25,15,2271,TR_a5cf368f,427,428,ES00430,ES00431,ES213,ES213,intra_nuts3,true,10.0,intra_diagnostic,0.8,-145.79,0.0,2400.0,6.1
2025-06-30,18,1202,LTGES0792b,390,359,ES00393,ES00362,ES423,ES423,intra_nuts3,true,10.0,intra_diagnostic,0.8,-1731.82,0.0,28599.62,6.1
2024-08-22,10,2248,TR_71979234,1103,1104,ES01121,ES01122,ES300,ES300,intra_nuts3,true,10.0,intra_diagnostic,0.8,-145.68,0.0,2400.0,6.1
2025-06-25,17,885,LTGES0599b,275,463,ES00278,ES00466,ES243,ES243,intra_nuts3,true,10.0,intra_diagnostic,0.8,481.03,0.0,7864.9,6.1
2025-06-25,17,884,LTGES0599a,275,463,ES00278,ES00466,ES243,ES243,intra_nuts3,true,10.0,intra_diagnostic,0.8,481.03,0.0,7864.9,6.1
2025-06-25,15,602,LTGES0418,1124,828,ES01144,ES00837,ES620,ES620,intra_nuts3,true,10.0,intra_diagnostic,0.8,-241.48,0.0,3932.45,6.1
2024-08-24,20,2344,TR_6c5e9c5a,225,226,ES00228,ES00229,ES511,ES511,intra_nuts3,true,10.0,intra_diagnostic,0.8,-366.92,0.0,6000.0,6.1
2025-06-27,8,2246,TR_b47b078a,628,629,ES00634,ES00635,ES300,ES300,intra_nuts3,true,10.0,intra_diagnostic,0.8,-97.83,0.0,1600.0,6.1
2025-06-24,12,1532,LTGES1008a,432,594,ES00435,ES00599,ES511,ES514,inter_nuts3,false,1.5,inter_allowance,0.8,72.01,0.0,1179.73,6.1
2025-06-24,12,1533,LTGES1008b,432,594,ES00435,ES00599,ES511,ES514,inter_nuts3,false,1.5,inter_allowance,0.8,72.01,0.0,1179.73,6.1
2025-06-29,20,746,LTGES0514,855,854,ES00864,ES00863,ES211,ES211,intra_nuts3,true,10.0,intra_diagnostic,0.8,-238.82,0.0,3932.45,6.1
2025-06-25,15,2270,TR_4560a61c,578,579,ES00583,ES00584,ES213,ES213,intra_nuts3,true,10.0,intra_diagnostic,0.8,-96.75,0.0,1600.0,6.0
2025-06-29,20,123,LTGES0086,115,122,ES00115,ES00122,ES523,ES523,intra_nuts3,true,10.0,intra_diagnostic,0.8,-859.0,0.0,14299.81,6.0
2025-06-25,15,2199,TR_30aa9055,170,171,ES00173,ES00174,ES120,ES120,intra_nuts3,true,10.0,intra_diagnostic,0.8,95.61,0.0,1600.0,6.0
2024-08-25,19,1914,LTGES1252,207,209,ES00210,ES00212,ES511,ES511,intra_nuts3,true,10.0,intra_diagnostic,0.8,235.94,0.0,3932.45,6.0
2024-08-22,9,390,LTGES0265,1139,280,ES01159,ES00283,ES243,ES243,intra_nuts3,true,10.0,intra_diagnostic,0.8,-237.9,0.0,3932.45,6.0
2025-06-25,15,117,LTGES0082b,114,116,ES00114,ES00116,ES523,ES523,intra_nuts3,true,10.0,intra_diagnostic,0.8,-475.39,0.0,7864.9,6.0
2025-06-29,20,65,LTGES0043,73,692,ES00073,ES00699,ES130,ES130,intra_nuts3,true,10.0,intra_diagnostic,0.8,-235.34,0.0,3932.45,6.0
2025-06-24,12,1734,LTGES1140,964,532,ES00975,ES00537,ES613,ES613,intra_nuts3,true,10.0,intra_diagnostic,0.8,237.32,0.0,3932.45,6.0
2025-06-24,13,1245,LTGES0818,534,966,ES00539,ES00977,ES618,ES618,intra_nuts3,true,10.0,intra_diagnostic,0.8,-235.08,0.0,3932.45,6.0
2024-08-24,21,2226,TR_07f999e0,175,176,ES00178,ES00179,ES617,ES617,intra_nuts3,true,10.0,intra_diagnostic,0.8,-229.36,0.0,3840.0,6.0
2025-06-25,15,116,LTGES0082a,114,116,ES00114,ES00116,ES523,ES523,intra_nuts3,true,10.0,intra_diagnostic,0.8,-475.39,0.0,7864.9,6.0
2025-06-29,20,2045,LTGES1347,855,853,ES00864,ES00862,ES211,ES211,intra_nuts3,true,10.0,intra_diagnostic,0.8,233.17,0.0,3932.45,5.9
2025-06-24,14,2130,LTGES1413a,929,506,ES00940,ES00509,ES523,ES521,inter_nuts3,false,1.5,inter_allowance,0.8,-254.65,0.0,4289.94,5.9
2025-06-25,17,888,LTGES0601b,464,463,ES00467,ES00466,ES243,ES243,intra_nuts3,true,10.0,intra_diagnostic,0.8,-467.61,0.0,7864.9,5.9
2025-06-24,14,2131,LTGES1413b,929,506,ES00940,ES00509,ES523,ES521,inter_nuts3,false,1.5,inter_allowance,0.8,-254.65,0.0,4289.94,5.9
2024-08-24,20,1111,LTGES0734,934,355,ES00945,ES00358,ES521,ES521,intra_nuts3,true,10.0,intra_diagnostic,0.8,-231.13,0.0,3932.45,5.9
2025-06-27,19,273,LTGES0199,151,745,ES00154,ES00754,ES414,ES414,intra_nuts3,true,10.0,intra_diagnostic,0.8,-230.43,0.0,3932.45,5.9
2025-06-24,12,1046,LTGES0690,487,489,ES00490,ES00492,ES425,ES425,intra_nuts3,true,10.0,intra_diagnostic,0.8,-232.64,0.0,3932.45,5.9
2025-06-25,15,2272,TR_d11f8e41,45,46,ES00045,ES00046,ES213,ES213,intra_nuts3,true,10.0,intra_diagnostic,0.8,-228.37,0.0,3840.0,5.9
2025-06-25,17,887,LTGES0601a,464,463,ES00467,ES00466,ES243,ES243,intra_nuts3,true,10.0,intra_diagnostic,0.8,-467.61,0.0,7864.9,5.9
2025-06-30,20,75,LTGES0050,83,54,ES00083,ES00054,ES418,ES418,intra_nuts3,true,10.0,intra_diagnostic,0.8,-232.0,0.0,3932.45,5.9
2025-06-30,21,1192,LTGES0781,522,451,ES00525,ES00454,ES513,ES513,intra_nuts3,true,10.0,intra_diagnostic,0.8,-230.46,0.0,3932.45,5.9
2025-06-27,19,274,LTGES0200,151,40,ES00154,ES00040,ES414,ES414,intra_nuts3,true,10.0,intra_diagnostic,0.8,227.12,0.0,3932.45,5.8
2024-08-20,0,504,LTGES0350,112,803,ES00112,ES00812,ES419,ES419,intra_nuts3,true,10.0,intra_diagnostic,0.8,-228.99,0.0,3932.45,5.8
2025-06-25,17,2331,TR_a9eba461,748,749,ES00757,ES00758,ES522,ES522,intra_nuts3,true,10.0,intra_diagnostic,0.8,-140.19,0.0,2400.0,5.8
2024-08-26,8,1662,LTGES1095,475,618,ES00478,ES00623,ES615,ES615,intra_nuts3,true,10.0,intra_diagnostic,0.8,227.23,0.0,3932.45,5.8
2025-06-25,17,2329,TR_c6d90e4e,260,261,ES00263,ES00264,ES522,ES522,intra_nuts3,true,10.0,intra_diagnostic,0.8,-220.92,0.0,3840.0,5.8
2025-06-24,13,2007,LTGES1322,1188,57,ES01208,ES00057,ES432,ES432,intra_nuts3,true,10.0,intra_diagnostic,0.8,227.72,0.0,3932.45,5.8
2025-06-27,8,2339,TR_9e433286,366,367,ES00369,ES00370,ES514,ES514,intra_nuts3,true,10.0,intra_diagnostic,0.8,92.6,0.0,1600.0,5.8
2025-06-25,17,2266,TR_9e0dda04,13,14,ES00013,ES00014,ES300,ES300,intra_nuts3,true,10.0,intra_diagnostic,0.8,-344.1,0.0,6000.0,5.7
2025-06-25,15,933,LTGES0627,682,471,ES00689,ES00474,ES300,ES300,intra_nuts3,true,10.0,intra_diagnostic,0.8,224.09,0.0,3932.45,5.7
2025-06-25,15,2200,TR_82ae89fc,553,554,ES00558,ES00559,ES120,ES120,intra_nuts3,true,10.0,intra_diagnostic,0.8,217.68,0.0,3840.0,5.7
2025-06-25,17,2327,TR_f8ac356f,234,235,ES00237,ES00238,ES522,ES522,intra_nuts3,true,10.0,intra_diagnostic,0.8,-91.73,0.0,1600.0,5.7
2025-06-24,12,2117,LTGES1403,671,644,ES00678,ES00650,ES431,ES431,intra_nuts3,true,10.0,intra_diagnostic,0.8,222.78,0.0,3932.45,5.7
2024-08-23,17,1162,LTGES0765,482,467,ES00485,ES00470,ES300,ES300,intra_nuts3,true,10.0,intra_diagnostic,0.8,-222.35,0.0,3932.45,5.7
2025-06-30,18,1823,LTGES1198,362,633,ES00365,ES00639,ES421,ES421,intra_nuts3,true,10.0,intra_diagnostic,0.8,-801.81,0.0,14299.81,5.6
2025-06-25,17,1411,LTGES0927,571,560,ES00576,ES00565,ES413,ES413,intra_nuts3,true,10.0,intra_diagnostic,0.8,-219.4,0.0,3932.45,5.6
2025-06-29,7,655,LTGES0453,378,379,ES00381,ES00382,ES514,ES514,intra_nuts3,true,10.0,intra_diagnostic,0.8,218.53,0.0,3932.45,5.6
2024-08-26,8,382,LTGES0260a,275,276,ES00278,ES00279,ES243,ES243,intra_nuts3,true,10.0,intra_diagnostic,0.8,-440.3,0.0,7864.9,5.6
2024-08-24,20,709,LTGES0486,844,843,ES00853,ES00852,ES432,ES432,intra_nuts3,true,10.0,intra_diagnostic,0.8,220.65,0.0,3932.45,5.6
2024-08-26,8,383,LTGES0260b,275,276,ES00278,ES00279,ES243,ES243,intra_nuts3,true,10.0,intra_diagnostic,0.8,-440.3,0.0,7864.9,5.6
2025-06-30,21,471,LTGES0325,201,790,ES00204,ES00799,ES112,ES112,intra_nuts3,true,10.0,intra_diagnostic,0.8,-216.05,0.0,3932.45,5.5
2024-08-26,8,2324,TR_c51f01d1,117,118,ES00117,ES00118,ES523,ES523,intra_nuts3,true,10.0,intra_diagnostic,0.8,-329.65,0.0,6000.0,5.5
2024-08-26,17,1403,LTGES0921,981,554,ES00995,ES00559,ES120,ES120,intra_nuts3,true,10.0,intra_diagnostic,0.8,-788.16,0.0,14299.81,5.5
2025-06-30,20,1333,LTGES0877,224,220,ES00227,ES00223,ES414,ES414,intra_nuts3,true,10.0,intra_diagnostic,0.8,-217.67,0.0,3932.45,5.5
2025-06-29,20,1428,LTGES0938,854,736,ES00863,ES00745,ES211,ES211,intra_nuts3,true,10.0,intra_diagnostic,0.8,-217.74,0.0,3932.45,5.5
2025-06-27,19,1559,LTGES1024,27,26,ES00027,ES00026,ES412,ES412,intra_nuts3,true,10.0,intra_diagnostic,0.8,214.65,0.0,3932.45,5.5
2024-08-26,8,2322,TR_d307d820,114,115,ES00114,ES00115,ES523,ES523,intra_nuts3,true,10.0,intra_diagnostic,0.8,-87.73,0.0,1600.0,5.5
2025-06-25,17,2264,TR_3d81e7e0,682,683,ES00689,ES00690,ES300,ES300,intra_nuts3,true,10.0,intra_diagnostic,0.8,-88.76,0.0,1600.0,5.5
2025-06-25,17,2135,LTGES1417,1085,1231,ES01103,ES01254,ES300,ES300,intra_nuts3,true,10.0,intra_diagnostic,0.8,215.59,0.0,3932.45,5.5
2024-08-24,19,794,LTGES0546b,439,441,ES00442,ES00444,ES513,ES243,inter_nuts3,false,1.5,inter_allowance,0.8,-63.63,0.0,1179.73,5.4
2025-06-25,17,1279,LTGES0841,302,782,ES00305,ES00791,ES113,ES113,intra_nuts3,true,10.0,intra_diagnostic,0.8,212.63,0.0,3932.45,5.4
2024-08-26,8,2221,TR_11762966,60,61,ES00060,ES00061,ES418,ES418,intra_nuts3,true,10.0,intra_diagnostic,0.8,86.09,0.0,1600.0,5.4
2024-08-22,9,2269,TR_2cf031ef,38,39,ES00038,ES00039,ES412,ES412,intra_nuts3,true,10.0,intra_diagnostic,0.8,-206.67,0.0,3840.0,5.4
2025-06-24,12,54,LTGES0035,690,63,ES00697,ES00063,ES243,ES243,intra_nuts3,true,10.0,intra_diagnostic,0.8,213.74,0.0,3932.45,5.4
2024-08-24,19,793,LTGES0546a,439,441,ES00442,ES00444,ES513,ES243,inter_nuts3,false,1.5,inter_allowance,0.8,-63.63,0.0,1179.73,5.4
2025-06-24,13,1148,LTGES0756,400,841,ES00403,ES00850,ES422,ES422,intra_nuts3,true,10.0,intra_diagnostic,0.8,-212.51,0.0,3932.45,5.4
2025-06-24,14,720,LTGES0496,409,410,ES00412,ES00413,ES242,ES242,intra_nuts3,true,10.0,intra_diagnostic,0.8,-211.57,0.0,3932.45,5.4
2025-06-25,15,331,LTGES0231a,254,114,ES00257,ES00114,ES523,ES523,intra_nuts3,true,10.0,intra_diagnostic,0.8,-428.35,0.0,7864.9,5.4
2025-06-25,15,332,LTGES0231b,254,114,ES00257,ES00114,ES523,ES523,intra_nuts3,true,10.0,intra_diagnostic,0.8,-428.35,0.0,7864.9,5.4
2024-08-24,20,707,LTGES0484,843,1150,ES00852,ES01170,ES432,ES432,intra_nuts3,true,10.0,intra_diagnostic,0.8,213.28,0.0,3932.45,5.4
2025-06-25,11,2333,TR_f02d7b94,375,376,ES00378,ES00379,ES243,ES243,intra_nuts3,true,10.0,intra_diagnostic,0.8,206.54,0.0,3840.0,5.4
2024-08-22,17,83,LTGES0056,91,831,ES00091,ES00840,ES523,ES523,intra_nuts3,true,10.0,intra_diagnostic,0.8,-210.76,0.0,3932.45,5.4
2024-08-26,8,2278,TR_c5245018,217,218,ES00220,ES00221,ES211,ES211,intra_nuts3,true,10.0,intra_diagnostic,0.8,-205.46,0.0,3840.0,5.4
2025-06-25,17,953,LTGES0639a,473,35,ES00476,ES00035,ES615,ES618,inter_nuts3,false,1.5,inter_allowance,0.8,-227.8,0.0,4289.94,5.3
2025-06-25,17,954,LTGES0639b,473,35,ES00476,ES00035,ES615,ES618,inter_nuts3,false,1.5,inter_allowance,0.8,-227.8,0.0,4289.94,5.3
2025-06-25,17,60,LTGES0040b,67,68,ES00067,ES00068,ES415,ES415,intra_nuts3,true,10.0,intra_diagnostic,0.8,1512.4,0.0,28599.62,5.3
2025-06-29,20,252,LTGES0181,217,736,ES00220,ES00745,ES211,ES211,intra_nuts3,true,10.0,intra_diagnostic,0.8,208.82,0.0,3932.45,5.3
2025-06-25,17,1287,LTGES0847,550,551,ES00555,ES00556,ES120,ES120,intra_nuts3,true,10.0,intra_diagnostic,0.8,-207.99,0.0,3932.45,5.3
2025-06-30,20,1955,LTGES1279,1218,63,ES01239,ES00063,ES243,ES243,intra_nuts3,true,10.0,intra_diagnostic,0.8,207.05,0.0,3932.45,5.3
2025-06-30,20,1973,LTGES1296,1159,660,ES01179,ES00666,ES243,ES243,intra_nuts3,true,10.0,intra_diagnostic,0.8,209.77,0.0,3932.45,5.3
2024-08-26,8,1754,LTGES1153,899,469,ES00908,ES00472,ES425,ES425,intra_nuts3,true,10.0,intra_diagnostic,0.8,208.07,0.0,3932.45,5.3
2025-06-29,7,2031,LTGES1337,1141,647,ES01161,ES00653,ES242,ES242,intra_nuts3,true,10.0,intra_diagnostic,0.8,751.9,0.0,14299.81,5.3
2025-06-25,17,59,LTGES0040a,67,68,ES00067,ES00068,ES415,ES415,intra_nuts3,true,10.0,intra_diagnostic,0.8,1512.4,0.0,28599.62,5.3
2025-06-24,13,1149,LTGES0757,841,400,ES00850,ES00403,ES422,ES422,intra_nuts3,true,10.0,intra_diagnostic,0.8,209.5,0.0,3932.45,5.3
2025-06-30,18,741,LTGES0510,718,404,ES00727,ES00407,ES432,ES432,intra_nuts3,true,10.0,intra_diagnostic,0.8,203.31,0.0,3932.45,5.2
2025-06-25,17,1382,LTGES0907b,971,538,ES00982,ES00543,ES113,ES113,intra_nuts3,true,10.0,intra_diagnostic,0.8,-407.91,0.0,7864.9,5.2
2024-08-22,17,472,LTGES0326,792,201,ES00801,ES00204,ES112,ES112,intra_nuts3,true,10.0,intra_diagnostic,0.8,205.09,0.0,3932.45,5.2
2025-06-27,8,841,LTGES0570b,80,877,ES00080,ES00886,ES242,ES243,inter_nuts3,false,1.5,inter_allowance,0.8,-223.25,0.0,4289.94,5.2
2025-06-25,15,1170,LTGES0769b,420,225,ES00423,ES00228,ES511,ES511,intra_nuts3,true,10.0,intra_diagnostic,0.8,-406.68,0.0,7864.9,5.2
2025-06-25,15,187,LTGES0137,875,743,ES00884,ES00752,ES511,ES511,intra_nuts3,true,10.0,intra_diagnostic,0.8,-738.78,0.0,14299.81,5.2
2025-06-30,18,180,LTGES0132,718,716,ES00727,ES00725,ES432,ES432,intra_nuts3,true,10.0,intra_diagnostic,0.8,-204.27,0.0,3932.45,5.2
2025-06-30,19,890,LTGES0603a,464,280,ES00467,ES00283,ES243,ES243,intra_nuts3,true,10.0,intra_diagnostic,0.8,411.08,0.0,7864.9,5.2
2025-06-29,20,1296,LTGES0853,522,950,ES00525,ES00961,ES513,ES513,intra_nuts3,true,10.0,intra_diagnostic,0.8,204.43,0.0,3932.45,5.2
2025-06-25,15,1169,LTGES0769a,420,225,ES00423,ES00228,ES511,ES511,intra_nuts3,true,10.0,intra_diagnostic,0.8,-406.68,0.0,7864.9,5.2
2025-06-25,17,1263,LTGES0830b,538,994,ES00543,ES01008,ES113,ES113,intra_nuts3,true,10.0,intra_diagnostic,0.8,-408.12,0.0,7864.9,5.2
2025-06-25,17,1381,LTGES0907a,971,538,ES00982,ES00543,ES113,ES113,intra_nuts3,true,10.0,intra_diagnostic,0.8,-407.91,0.0,7864.9,5.2
2025-06-30,18,1329,LTGES0875a,562,479,ES00567,ES00482,ES300,ES300,intra_nuts3,true,10.0,intra_diagnostic,0.8,-410.64,0.0,7864.9,5.2
2025-06-25,17,1262,LTGES0830a,538,994,ES00543,ES01008,ES113,ES113,intra_nuts3,true,10.0,intra_diagnostic,0.8,-408.12,0.0,7864.9,5.2
2025-06-30,18,136,LTGES0098,711,710,ES00719,ES00718,ES111,ES111,intra_nuts3,true,10.0,intra_diagnostic,0.8,-204.33,0.0,3932.45,5.2
2025-06-27,8,1632,LTGES1074,206,213,ES00209,ES00216,ES511,ES511,intra_nuts3,true,10.0,intra_diagnostic,0.8,203.2,0.0,3932.45,5.2
2025-06-30,19,891,LTGES0603b,464,280,ES00467,ES00283,ES243,ES243,intra_nuts3,true,10.0,intra_diagnostic,0.8,411.08,0.0,7864.9,5.2
2025-06-30,18,1330,LTGES0875b,562,479,ES00567,ES00482,ES300,ES300,intra_nuts3,true,10.0,intra_diagnostic,0.8,-410.64,0.0,7864.9,5.2
2025-06-27,8,840,LTGES0570a,80,877,ES00080,ES00886,ES242,ES243,inter_nuts3,false,1.5,inter_allowance,0.8,-223.25,0.0,4289.94,5.2
2024-08-26,8,2282,TR_df0fbfc7,135,136,ES00136,ES00137,ES230,ES230,intra_nuts3,true,10.0,intra_diagnostic,0.8,-121.87,0.0,2400.0,5.1
2025-06-29,7,2164,LTGES1441,1195,167,ES01215,ES00170,ES220,ES220,intra_nuts3,true,10.0,intra_diagnostic,0.8,202.28,0.0,3932.45,5.1
2025-06-25,17,1238,LTGES0812b,962,215,ES00973,ES00218,ES220,ES220,intra_nuts3,true,10.0,intra_diagnostic,0.8,-403.49,0.0,7864.9,5.1
2025-06-25,17,2205,TR_ae86a0a4,333,334,ES00336,ES00337,ES618,ES618,intra_nuts3,true,10.0,intra_diagnostic,0.8,-386.06,0.0,7560.0,5.1
2024-08-22,10,959,LTGES0642,341,1151,ES00344,ES01171,ES615,ES615,intra_nuts3,true,10.0,intra_diagnostic,0.8,-198.85,0.0,3932.45,5.1
2025-06-30,18,767,LTGES0530,862,712,ES00871,ES00720,ES111,ES111,intra_nuts3,true,10.0,intra_diagnostic,0.8,-201.15,0.0,3932.45,5.1
2024-08-24,7,2228,TR_2d6a60de,498,499,ES00501,ES00502,ES617,ES617,intra_nuts3,true,10.0,intra_diagnostic,0.8,-122.34,0.0,2400.0,5.1
2025-06-27,8,2276,TR_07cc6fee,1006,1007,ES01020,ES01021,ES211,ES211,intra_nuts3,true,10.0,intra_diagnostic,0.8,-80.91,0.0,1600.0,5.1
2025-06-30,18,247,LTGES0176,214,215,ES00217,ES00218,ES220,ES220,intra_nuts3,true,10.0,intra_diagnostic,0.8,202.03,0.0,3932.45,5.1
2025-06-25,17,1237,LTGES0812a,962,215,ES00973,ES00218,ES220,ES220,intra_nuts3,true,10.0,intra_diagnostic,0.8,-403.49,0.0,7864.9,5.1
2024-08-26,17,125,LTGES0087b,124,126,ES00124,ES00126,ES113,ES113,intra_nuts3,true,10.0,intra_diagnostic,0.8,-1420.11,0.0,28599.62,5.0
2024-08-24,20,1059,LTGES0701a,455,497,ES00458,ES00500,ES613,ES618,inter_nuts3,false,1.5,inter_allowance,0.8,-213.28,0.0,4289.94,5.0
2025-06-24,12,2194,TR_d061a070,644,645,ES00650,ES00651,ES431,ES431,intra_nuts3,true,10.0,intra_diagnostic,0.8,380.22,0.0,7560.0,5.0
2025-06-30,18,2220,TR_4329bc31,177,178,ES00180,ES00181,ES617,ES617,intra_nuts3,true,10.0,intra_diagnostic,0.8,-120.51,0.0,2400.0,5.0
2024-08-22,17,1101,LTGES0727,938,91,ES00949,ES00091,ES523,ES523,intra_nuts3,true,10.0,intra_diagnostic,0.8,197.26,0.0,3932.45,5.0
2024-08-24,20,1060,LTGES0701b,455,497,ES00458,ES00500,ES613,ES618,inter_nuts3,false,1.5,inter_allowance,0.8,-213.28,0.0,4289.94,5.0
2024-08-26,17,124,LTGES0087a,124,126,ES00124,ES00126,ES113,ES113,intra_nuts3,true,10.0,intra_diagnostic,0.8,-1420.11,0.0,28599.62,5.0
2025-06-30,20,1980,LTGES1301,559,1045,ES00564,ES01059,ES612,ES612,intra_nuts3,true,10.0,intra_diagnostic,0.8,-198.57,0.0,3932.45,5.0
2025-06-25,17,513,LTGES0356b,127,801,ES00127,ES00810,ES415,ES415,intra_nuts3,true,10.0,intra_diagnostic,0.8,-389.82,0.0,7864.9,5.0
2025-06-25,17,1236,LTGES0811b,961,962,ES00972,ES00973,ES220,ES220,intra_nuts3,true,10.0,intra_diagnostic,0.8,-390.45,0.0,7864.9,5.0
2025-06-25,17,1235,LTGES0811a,961,962,ES00972,ES00973,ES220,ES220,intra_nuts3,true,10.0,intra_diagnostic,0.8,-390.45,0.0,7864.9,5.0
2024-08-20,0,297,LTGES0214,237,749,ES00240,ES00758,ES522,ES522,intra_nuts3,true,10.0,intra_diagnostic,0.8,715.08,0.0,14299.81,5.0
2025-06-25,15,675,LTGES0465,835,391,ES00844,ES00394,ES613,ES613,intra_nuts3,true,10.0,intra_diagnostic,0.8,-198.14,0.0,3932.45,5.0
2025-06-25,17,512,LTGES0356a,127,801,ES00127,ES00810,ES415,ES415,intra_nuts3,true,10.0,intra_diagnostic,0.8,-389.82,0.0,7864.9,5.0
2024-08-24,20,2207,TR_28414610,155,156,ES00158,ES00159,ES432,ES432,intra_nuts3,true,10.0,intra_diagnostic,0.8,1505.75,0.0,30000.0,5.0
2024-08-24,20,2281,TR_737e7f53,65,66,ES00065,ES00066,ES230,ES230,intra_nuts3,true,10.0,intra_diagnostic,0.8,-79.83,0.0,1600.0,5.0
2025-06-24,12,1402,LTGES0920,171,981,ES00174,ES00995,ES120,ES120,intra_nuts3,true,10.0,intra_diagnostic,0.8,-709.83,0.0,14299.81,5.0
2024-08-23,17,663,LTGES0458b,385,386,ES00388,ES00389,ES424,ES424,intra_nuts3,true,10.0,intra_diagnostic,0.8,-383.97,0.0,7864.9,4.9
2024-08-23,17,662,LTGES0458a,385,386,ES00388,ES00389,ES424,ES424,intra_nuts3,true,10.0,intra_diagnostic,0.8,-383.97,0.0,7864.9,4.9
2025-06-29,20,1427,LTGES0937,1009,1008,ES01023,ES01022,ES212,ES212,intra_nuts3,true,10.0,intra_diagnostic,0.8,-194.31,0.0,3932.45,4.9
2025-06-25,17,2214,TR_9b83d397,182,183,ES00185,ES00186,ES612,ES612,intra_nuts3,true,10.0,intra_diagnostic,0.8,-78.89,0.0,1600.0,4.9
2024-08-26,18,842,LTGES0571,743,4,ES00752,ES00004,ES511,ES511,intra_nuts3,true,10.0,intra_diagnostic,0.8,703.3,0.0,14299.81,4.9
2025-06-25,17,2215,TR_86452e13,186,187,ES00189,ES00190,ES612,ES612,intra_nuts3,true,10.0,intra_diagnostic,0.8,-79.17,0.0,1600.0,4.9
2025-06-25,17,2213,TR_0727c58f,184,185,ES00187,ES00188,ES612,ES612,intra_nuts3,true,10.0,intra_diagnostic,0.8,-116.78,0.0,2400.0,4.9
2025-06-25,15,1821,LTGES1195,125,541,ES00125,ES00546,ES113,ES113,intra_nuts3,true,10.0,intra_diagnostic,0.8,190.77,0.0,3932.45,4.9
2024-08-26,8,568,LTGES0392,338,336,ES00341,ES00339,ES618,ES618,intra_nuts3,true,10.0,intra_diagnostic,0.8,193.73,0.0,3932.45,4.9
2024-08-24,21,2236,TR_5e46f309,222,223,ES00225,ES00226,ES130,ES130,intra_nuts3,true,10.0,intra_diagnostic,0.8,-293.09,0.0,6000.0,4.9
2024-08-24,20,1064,LTGES0703b,497,7,ES00500,ES00007,ES618,ES612,inter_nuts3,false,1.5,inter_allowance,0.8,-205.94,0.0,4289.94,4.8
2025-06-30,20,883,LTGES0598,462,888,ES00465,ES00897,ES243,ES243,intra_nuts3,true,10.0,intra_diagnostic,0.8,-186.86,0.0,3932.45,4.8
2025-06-27,8,2127,LTGES1411b,69,403,ES00069,ES00406,ES432,ES432,intra_nuts3,true,10.0,intra_diagnostic,0.8,-1375.83,0.0,28599.62,4.8
2024-08-24,20,1063,LTGES0703a,497,7,ES00500,ES00007,ES618,ES612,inter_nuts3,false,1.5,inter_allowance,0.8,-205.94,0.0,4289.94,4.8
2025-06-30,18,2165,LTGES1442,214,1195,ES00217,ES01215,ES220,ES220,intra_nuts3,true,10.0,intra_diagnostic,0.8,187.19,0.0,3932.45,4.8
2025-06-25,17,2201,TR_a6bded06,8,9,ES00008,ES00009,ES618,ES618,intra_nuts3,true,10.0,intra_diagnostic,0.8,-360.59,0.0,7560.0,4.8
2025-06-27,8,2126,LTGES1411a,69,403,ES00069,ES00406,ES432,ES432,intra_nuts3,true,10.0,intra_diagnostic,0.8,-1375.83,0.0,28599.62,4.8
2025-06-25,17,417,LTGES0287a,295,296,ES00298,ES00299,ES300,ES300,intra_nuts3,true,10.0,intra_diagnostic,0.8,-378.39,0.0,7864.9,4.8
2025-06-30,20,1667,LTGES1098,227,1077,ES00230,ES01093,ES611,ES611,intra_nuts3,true,10.0,intra_diagnostic,0.8,-189.91,0.0,3932.45,4.8
2025-06-30,20,80,LTGES0054,696,86,ES00703,ES00086,ES418,ES418,intra_nuts3,true,10.0,intra_diagnostic,0.8,-186.92,0.0,3932.45,4.8
2025-06-25,17,418,LTGES0287b,295,296,ES00298,ES00299,ES300,ES300,intra_nuts3,true,10.0,intra_diagnostic,0.8,-378.39,0.0,7864.9,4.8
2024-08-22,9,1496,LTGES0983,585,97,ES00590,ES00097,ES212,ES212,intra_nuts3,true,10.0,intra_diagnostic,0.8,-183.26,0.0,3932.45,4.7
2025-06-25,17,1404,LTGES0922,550,980,ES00555,ES00994,ES120,ES120,intra_nuts3,true,10.0,intra_diagnostic,0.8,184.95,0.0,3932.45,4.7
2025-06-27,8,703,LTGES0482a,403,705,ES00406,ES00712,ES432,ES432,intra_nuts3,true,10.0,intra_diagnostic,0.8,-1333.79,0.0,28599.62,4.7
2025-06-27,8,1650,LTGES1087a,58,705,ES00058,ES00712,ES432,ES432,intra_nuts3,true,10.0,intra_diagnostic,0.8,1334.7,0.0,28599.62,4.7
2025-06-27,8,704,LTGES0482b,403,705,ES00406,ES00712,ES432,ES432,intra_nuts3,true,10.0,intra_diagnostic,0.8,-1333.79,0.0,28599.62,4.7
2025-06-29,7,1831,LTGES1204,636,981,ES00642,ES00995,ES120,ES120,intra_nuts3,true,10.0,intra_diagnostic,0.8,665.32,0.0,14299.81,4.7
2025-06-30,18,1820,LTGES1194,467,23,ES00470,ES00023,ES300,ES300,intra_nuts3,true,10.0,intra_diagnostic,0.8,184.17,0.0,3932.45,4.7
2025-06-25,17,435,LTGES0299,1105,783,ES01123,ES00792,ES113,ES113,intra_nuts3,true,10.0,intra_diagnostic,0.8,183.62,0.0,3932.45,4.7
2025-06-27,8,1651,LTGES1087b,58,705,ES00058,ES00712,ES432,ES432,intra_nuts3,true,10.0,intra_diagnostic,0.8,1334.7,0.0,28599.62,4.7
2024-08-24,20,1109,LTGES0732,509,934,ES00512,ES00945,ES521,ES521,intra_nuts3,true,10.0,intra_diagnostic,0.8,-181.32,0.0,3932.45,4.6
2024-08-26,8,1661,LTGES1094b,476,35,ES00479,ES00035,ES615,ES618,inter_nuts3,false,1.5,inter_allowance,0.8,197.44,0.0,4289.94,4.6
2025-06-25,15,1383,LTGES0908,541,125,ES00546,ES00125,ES113,ES113,intra_nuts3,true,10.0,intra_diagnostic,0.8,-181.32,0.0,3932.45,4.6
2025-06-30,18,428,LTGES0294,785,303,ES00794,ES00306,ES114,ES114,intra_nuts3,true,10.0,intra_diagnostic,0.8,-179.06,0.0,3932.45,4.6
2025-06-25,11,1297,LTGES0854a,209,3,ES00212,ES00003,ES511,ES511,intra_nuts3,true,10.0,intra_diagnostic,0.8,359.84,0.0,7864.9,4.6
2024-08-24,19,1336,LTGES0880,988,761,ES01002,ES00770,ES130,ES130,intra_nuts3,true,10.0,intra_diagnostic,0.8,178.97,0.0,3932.45,4.6
2025-06-25,15,776,LTGES0537,425,431,ES00428,ES00434,ES111,ES111,intra_nuts3,true,10.0,intra_diagnostic,0.8,180.87,0.0,3932.45,4.6
2024-08-26,8,1660,LTGES1094a,476,35,ES00479,ES00035,ES615,ES618,inter_nuts3,false,1.5,inter_allowance,0.8,197.44,0.0,4289.94,4.6
2025-06-25,11,1298,LTGES0854b,209,3,ES00212,ES00003,ES511,ES511,intra_nuts3,true,10.0,intra_diagnostic,0.8,359.84,0.0,7864.9,4.6
2025-06-26,9,110,LTGES0077,55,89,ES00055,ES00089,ES418,ES418,intra_nuts3,true,10.0,intra_diagnostic,0.8,-659.77,0.0,14299.81,4.6
2025-06-25,15,84,LTGES0057,91,755,ES00091,ES00764,ES523,ES523,intra_nuts3,true,10.0,intra_diagnostic,0.8,-179.52,0.0,3932.45,4.6
2025-06-25,17,1753,LTGES1152b,602,295,ES00607,ES00298,ES300,ES300,intra_nuts3,true,10.0,intra_diagnostic,0.8,-355.15,0.0,7864.9,4.5
2025-06-29,7,58,LTGES0039,686,39,ES00693,ES00039,ES412,ES412,intra_nuts3,true,10.0,intra_diagnostic,0.8,649.11,0.0,14299.81,4.5
2025-06-25,17,1752,LTGES1152a,602,295,ES00607,ES00298,ES300,ES300,intra_nuts3,true,10.0,intra_diagnostic,0.8,-355.15,0.0,7864.9,4.5
2025-06-30,18,1860,LTGES1220a,464,63,ES00467,ES00063,ES243,ES243,intra_nuts3,true,10.0,intra_diagnostic,0.8,-350.89,0.0,7864.9,4.5
2025-06-29,20,1314,LTGES0864,454,524,ES00457,ES00527,ES241,ES241,intra_nuts3,true,10.0,intra_diagnostic,0.8,-176.99,0.0,3932.45,4.5
2025-06-30,18,1861,LTGES1220b,464,63,ES00467,ES00063,ES243,ES243,intra_nuts3,true,10.0,intra_diagnostic,0.8,-350.89,0.0,7864.9,4.5
2025-06-24,12,964,LTGES0646,1079,475,ES01095,ES00478,ES615,ES615,intra_nuts3,true,10.0,intra_diagnostic,0.8,177.11,0.0,3932.45,4.5
2025-06-30,18,2168,LTGES1444,1050,711,ES01064,ES00719,ES111,ES111,intra_nuts3,true,10.0,intra_diagnostic,0.8,-176.9,0.0,3932.45,4.5
2025-06-29,20,1197,LTGES0786,524,953,ES00527,ES00964,ES241,ES241,intra_nuts3,true,10.0,intra_diagnostic,0.8,-178.4,0.0,3932.45,4.5
2025-06-24,12,962,LTGES0644,1079,475,ES01095,ES00478,ES615,ES615,intra_nuts3,true,10.0,intra_diagnostic,0.8,178.89,0.0,3932.45,4.5
2025-06-30,20,220,LTGES0157,180,957,ES00183,ES00968,ES612,ES612,intra_nuts3,true,10.0,intra_diagnostic,0.8,-177.98,0.0,3932.45,4.5
2025-06-27,19,685,LTGES0470b,837,393,ES00846,ES00396,ES613,ES616,inter_nuts3,false,1.5,inter_allowance,0.8,-51.6,0.0,1179.73,4.4
2025-06-25,17,2174,LTGES1448,1072,648,ES01088,ES00654,ES300,ES300,intra_nuts3,true,10.0,intra_diagnostic,0.8,-172.14,0.0,3932.45,4.4
2025-06-24,14,747,LTGES0515,408,421,ES00411,ES00424,ES431,ES431,intra_nuts3,true,10.0,intra_diagnostic,0.8,-172.34,0.0,3932.45,4.4
2025-06-29,7,861,LTGES0584,267,64,ES00270,ES00064,ES243,ES243,intra_nuts3,true,10.0,intra_diagnostic,0.8,-631.6,0.0,14299.81,4.4
2024-08-26,8,554,LTGES0384,820,336,ES00829,ES00339,ES618,ES618,intra_nuts3,true,10.0,intra_diagnostic,0.8,-173.26,0.0,3932.45,4.4
2025-06-25,17,753,LTGES0520,70,857,ES00070,ES00866,ES111,ES111,intra_nuts3,true,10.0,intra_diagnostic,0.8,-172.2,0.0,3932.45,4.4
2025-06-27,19,684,LTGES0470a,837,393,ES00846,ES00396,ES613,ES616,inter_nuts3,false,1.5,inter_allowance,0.8,-51.6,0.0,1179.73,4.4
2025-06-25,15,399,LTGES0272,285,284,ES00288,ES00287,ES532,ES532,intra_nuts3,true,10.0,intra_diagnostic,0.8,174.37,0.0,3932.45,4.4
2025-06-30,18,1499,LTGES0986a,97,572,ES00097,ES00577,ES212,ES212,intra_nuts3,true,10.0,intra_diagnostic,0.8,336.7,0.0,7864.9,4.3
2024-08-24,20,1093,LTGES0721,350,507,ES00353,ES00510,ES521,ES521,intra_nuts3,true,10.0,intra_diagnostic,0.8,614.37,0.0,14299.81,4.3
2025-06-27,8,1966,LTGES1289,93,305,ES00093,ES00308,ES114,ES114,intra_nuts3,true,10.0,intra_diagnostic,0.8,170.57,0.0,3932.45,4.3
2025-06-25,15,905,LTGES0611a,300,266,ES00303,ES00269,ES243,ES243,intra_nuts3,true,10.0,intra_diagnostic,0.8,-334.29,0.0,7864.9,4.3
2025-06-25,15,906,LTGES0611b,300,266,ES00303,ES00269,ES243,ES243,intra_nuts3,true,10.0,intra_diagnostic,0.8,-334.29,0.0,7864.9,4.3
2025-06-30,18,1302,LTGES0857,522,951,ES00525,ES00962,ES513,ES513,intra_nuts3,true,10.0,intra_diagnostic,0.8,-167.96,0.0,3932.45,4.3
2025-06-25,17,945,LTGES0634,157,651,ES00160,ES00657,ES432,ES432,intra_nuts3,true,10.0,intra_diagnostic,0.8,170.1,0.0,3932.45,4.3
2025-06-25,17,426,LTGES0292,783,302,ES00792,ES00305,ES113,ES113,intra_nuts3,true,10.0,intra_diagnostic,0.8,-167.43,0.0,3932.45,4.3
2025-06-24,11,701,LTGES0480,400,401,ES00403,ES00404,ES422,ES422,intra_nuts3,true,10.0,intra_diagnostic,0.8,-168.05,0.0,3932.45,4.3
2025-06-30,18,1500,LTGES0986b,97,572,ES00097,ES00577,ES212,ES212,intra_nuts3,true,10.0,intra_diagnostic,0.8,336.7,0.0,7864.9,4.3
2025-06-24,12,1681,LTGES1109b,441,375,ES00444,ES00378,ES243,ES243,intra_nuts3,true,10.0,intra_diagnostic,0.8,335.98,0.0,7864.9,4.3
2025-06-24,12,1680,LTGES1109a,441,375,ES00444,ES00378,ES243,ES243,intra_nuts3,true,10.0,intra_diagnostic,0.8,335.98,0.0,7864.9,4.3
2025-06-29,7,802,LTGES0550b,441,266,ES00444,ES00269,ES243,ES243,intra_nuts3,true,10.0,intra_diagnostic,0.8,-329.8,0.0,7864.9,4.2
2024-08-22,17,1328,LTGES0874,1000,560,ES01014,ES00565,ES413,ES413,intra_nuts3,true,10.0,intra_diagnostic,0.8,164.88,0.0,3932.45,4.2
2025-06-25,17,1772,LTGES1164,629,1104,ES00635,ES01122,ES300,ES300,intra_nuts3,true,10.0,intra_diagnostic,0.8,165.95,0.0,3932.45,4.2
2025-06-25,15,912,LTGES0615a,466,266,ES00469,ES00269,ES243,ES243,intra_nuts3,true,10.0,intra_diagnostic,0.8,-331.29,0.0,7864.9,4.2
2024-08-24,20,2234,TR_8a0345e0,393,394,ES00396,ES00397,ES616,ES616,intra_nuts3,true,10.0,intra_diagnostic,0.8,-250.27,0.0,6000.0,4.2
2025-06-25,17,1356,LTGES0893,161,717,ES00164,ES00726,ES413,ES413,intra_nuts3,true,10.0,intra_diagnostic,0.8,-165.72,0.0,3932.45,4.2
2025-06-25,15,913,LTGES0615b,466,266,ES00469,ES00269,ES243,ES243,intra_nuts3,true,10.0,intra_diagnostic,0.8,-331.29,0.0,7864.9,4.2
2024-08-22,16,1390,LTGES0914,569,739,ES00574,ES00748,ES413,ES413,intra_nuts3,true,10.0,intra_diagnostic,0.8,164.63,0.0,3932.45,4.2
2025-06-29,7,801,LTGES0550a,441,266,ES00444,ES00269,ES243,ES243,intra_nuts3,true,10.0,intra_diagnostic,0.8,-329.8,0.0,7864.9,4.2
2025-06-25,17,616,LTGES0429a,361,362,ES00364,ES00365,ES421,ES421,intra_nuts3,true,10.0,intra_diagnostic,0.8,1159.52,0.0,28599.62,4.1
2025-06-24,12,2151,LTGES1429,1228,407,ES01251,ES00410,ES432,ES432,intra_nuts3,true,10.0,intra_diagnostic,0.8,163.15,0.0,3932.45,4.1
2024-08-26,8,771,LTGES0533,430,70,ES00433,ES00070,ES111,ES111,intra_nuts3,true,10.0,intra_diagnostic,0.8,159.33,0.0,3932.45,4.1
2025-06-30,18,2049,LTGES1351,1050,1202,ES01064,ES01222,ES111,ES111,intra_nuts3,true,10.0,intra_diagnostic,0.8,161.83,0.0,3932.45,4.1
2025-06-25,17,617,LTGES0429b,361,362,ES00364,ES00365,ES421,ES421,intra_nuts3,true,10.0,intra_diagnostic,0.8,1159.52,0.0,28599.62,4.1
2025-06-25,15,1124,LTGES0742b,828,344,ES00837,ES00347,ES620,ES620,intra_nuts3,true,10.0,intra_diagnostic,0.8,-321.29,0.0,7864.9,4.1
2025-06-25,17,937,LTGES0629b,681,19,ES00688,ES00019,ES300,ES300,intra_nuts3,true,10.0,intra_diagnostic,0.8,-1168.65,0.0,28599.62,4.1
2025-06-24,14,2188,TR_b8345e3b,326,327,ES00329,ES00330,ES431,ES431,intra_nuts3,true,10.0,intra_diagnostic,0.8,98.94,0.0,2400.0,4.1
2025-06-25,15,1123,LTGES0742a,828,344,ES00837,ES00347,ES620,ES620,intra_nuts3,true,10.0,intra_diagnostic,0.8,-321.29,0.0,7864.9,4.1
2025-06-29,7,36,LTGES0022,37,39,ES00037,ES00039,ES412,ES412,intra_nuts3,true,10.0,intra_diagnostic,0.8,589.67,0.0,14299.81,4.1
2024-08-24,19,367,LTGES0252,766,761,ES00775,ES00770,ES130,ES130,intra_nuts3,true,10.0,intra_diagnostic,0.8,-163.09,0.0,3932.45,4.1
2025-06-30,18,743,LTGES0511b,167,961,ES00170,ES00972,ES220,ES220,intra_nuts3,true,10.0,intra_diagnostic,0.8,319.36,0.0,7864.9,4.1
2025-06-30,18,1599,LTGES1052a,467,479,ES00470,ES00482,ES300,ES300,intra_nuts3,true,10.0,intra_diagnostic,0.8,321.08,0.0,7864.9,4.1
2025-06-25,17,936,LTGES0629a,681,19,ES00688,ES00019,ES300,ES300,intra_nuts3,true,10.0,intra_diagnostic,0.8,-1168.65,0.0,28599.62,4.1
2025-06-30,18,742,LTGES0511a,167,961,ES00170,ES00972,ES220,ES220,intra_nuts3,true,10.0,intra_diagnostic,0.8,319.36,0.0,7864.9,4.1
2025-06-30,18,1600,LTGES1052b,467,479,ES00470,ES00482,ES300,ES300,intra_nuts3,true,10.0,intra_diagnostic,0.8,321.08,0.0,7864.9,4.1
2025-06-29,20,1492,LTGES0980,585,1021,ES00590,ES01035,ES212,ES212,intra_nuts3,true,10.0,intra_diagnostic,0.8,-155.51,0.0,3932.45,4.0
2025-06-25,15,25,LTGES0015b,13,24,ES00013,ES00024,ES300,ES300,intra_nuts3,true,10.0,intra_diagnostic,0.8,316.55,0.0,7864.9,4.0
2024-08-24,20,1227,LTGES0805b,959,458,ES00970,ES00461,ES220,ES220,intra_nuts3,true,10.0,intra_diagnostic,0.8,317.51,0.0,7864.9,4.0
2024-08-26,8,1233,LTGES0810a,961,530,ES00972,ES00535,ES220,ES220,intra_nuts3,true,10.0,intra_diagnostic,0.8,311.51,0.0,7864.9,4.0
2024-08-24,20,1226,LTGES0805a,959,458,ES00970,ES00461,ES220,ES220,intra_nuts3,true,10.0,intra_diagnostic,0.8,317.51,0.0,7864.9,4.0
2025-06-27,19,1805,LTGES1184a,610,423,ES00615,ES00426,ES412,ES412,intra_nuts3,true,10.0,intra_diagnostic,0.8,316.66,0.0,7864.9,4.0
2025-06-25,15,24,LTGES0015a,13,24,ES00013,ES00024,ES300,ES300,intra_nuts3,true,10.0,intra_diagnostic,0.8,316.55,0.0,7864.9,4.0
2024-08-26,8,1234,LTGES0810b,961,530,ES00972,ES00535,ES220,ES220,intra_nuts3,true,10.0,intra_diagnostic,0.8,311.51,0.0,7864.9,4.0
2025-06-24,12,1200,LTGES0791b,694,525,ES00701,ES00530,ES423,ES423,intra_nuts3,true,10.0,intra_diagnostic,0.8,-318.41,0.0,7864.9,4.0
2025-06-24,12,1199,LTGES0791a,694,525,ES00701,ES00530,ES423,ES423,intra_nuts3,true,10.0,intra_diagnostic,0.8,-318.41,0.0,7864.9,4.0
2025-06-27,19,1806,LTGES1184b,610,423,ES00615,ES00426,ES412,ES412,intra_nuts3,true,10.0,intra_diagnostic,0.8,316.66,0.0,7864.9,4.0
2025-06-25,17,965,LTGES0648a,31,29,ES00031,ES00029,ES300,ES300,intra_nuts3,true,10.0,intra_diagnostic,0.8,-1117.36,0.0,28599.62,3.9
2025-06-25,15,44,LTGES0028a,3,51,ES00003,ES00051,ES511,ES511,intra_nuts3,true,10.0,intra_diagnostic,0.8,308.52,0.0,7864.9,3.9
2025-06-25,15,45,LTGES0028b,3,51,ES00003,ES00051,ES511,ES511,intra_nuts3,true,10.0,intra_diagnostic,0.8,308.52,0.0,7864.9,3.9
2025-06-27,19,756,LTGES0522b,423,26,ES00426,ES00026,ES412,ES412,intra_nuts3,true,10.0,intra_diagnostic,0.8,306.18,0.0,7864.9,3.9
2025-06-27,19,750,LTGES0518,856,422,ES00865,ES00425,ES412,ES412,intra_nuts3,true,10.0,intra_diagnostic,0.8,153.66,0.0,3932.45,3.9
2025-06-27,19,755,LTGES0522a,423,26,ES00426,ES00026,ES412,ES412,intra_nuts3,true,10.0,intra_diagnostic,0.8,306.18,0.0,7864.9,3.9
2025-06-25,17,300,LTGES0216b,238,239,ES00241,ES00242,ES523,ES523,intra_nuts3,true,10.0,intra_diagnostic,0.8,-1104.42,0.0,28599.62,3.9
2025-06-27,8,1764,LTGES1158,511,513,ES00514,ES00516,ES523,ES523,intra_nuts3,true,10.0,intra_diagnostic,0.8,151.83,0.0,3932.45,3.9
2024-08-24,19,1731,LTGES1138,83,701,ES00083,ES00708,ES418,ES418,intra_nuts3,true,10.0,intra_diagnostic,0.8,153.85,0.0,3932.45,3.9
2025-06-30,20,724,LTGES0499,413,262,ES00416,ES00265,ES522,ES522,intra_nuts3,true,10.0,intra_diagnostic,0.8,153.02,0.0,3932.45,3.9
2025-06-25,17,966,LTGES0648b,31,29,ES00031,ES00029,ES300,ES300,intra_nuts3,true,10.0,intra_diagnostic,0.8,-1117.36,0.0,28599.62,3.9
2024-08-26,17,1889,LTGES1237,1143,327,ES01163,ES00330,ES431,ES431,intra_nuts3,true,10.0,intra_diagnostic,0.8,-558.93,0.0,14299.81,3.9
2024-08-20,1,710,LTGES0487,404,846,ES00407,ES00855,ES432,ES432,intra_nuts3,true,10.0,intra_diagnostic,0.8,151.95,0.0,3932.45,3.9
2024-08-26,8,1219,LTGES0801a,527,958,ES00532,ES00969,ES617,ES612,inter_nuts3,false,1.5,inter_allowance,0.8,-45.81,0.0,1179.73,3.9
2025-06-30,18,2154,LTGES1432,1202,1004,ES01222,ES01018,ES111,ES111,intra_nuts3,true,10.0,intra_diagnostic,0.8,152.78,0.0,3932.45,3.9
2025-06-25,17,299,LTGES0216a,238,239,ES00241,ES00242,ES523,ES523,intra_nuts3,true,10.0,intra_diagnostic,0.8,-1104.42,0.0,28599.62,3.9
2024-08-26,8,1220,LTGES0801b,527,958,ES00532,ES00969,ES617,ES612,inter_nuts3,false,1.5,inter_allowance,0.8,-45.81,0.0,1179.73,3.9
2025-06-27,8,2163,LTGES1440,1229,673,ES01252,ES00680,ES432,ES432,intra_nuts3,true,10.0,intra_diagnostic,0.8,153.92,0.0,3932.45,3.9
2025-06-24,13,546,LTGES0379,332,818,ES00335,ES00827,ES618,ES618,intra_nuts3,true,10.0,intra_diagnostic,0.8,-153.02,0.0,3932.45,3.9
2025-06-25,17,734,LTGES0506a,29,33,ES00029,ES00033,ES300,ES300,intra_nuts3,true,10.0,intra_diagnostic,0.8,1085.49,0.0,28599.62,3.8
2025-06-25,17,735,LTGES0506b,29,33,ES00029,ES00033,ES300,ES300,intra_nuts3,true,10.0,intra_diagnostic,0.8,1085.49,0.0,28599.62,3.8
2025-06-25,15,1090,LTGES0719,926,498,ES00937,ES00501,ES617,ES617,intra_nuts3,true,10.0,intra_diagnostic,0.8,-148.86,0.0,3932.45,3.8
2024-08-21,8,57,LTGES0038,684,686,ES00691,ES00693,ES412,ES412,intra_nuts3,true,10.0,intra_diagnostic,0.8,548.21,0.0,14299.81,3.8
2025-06-25,15,1028,LTGES0679,471,296,ES00474,ES00299,ES300,ES300,intra_nuts3,true,10.0,intra_diagnostic,0.8,149.76,0.0,3932.45,3.8
2025-06-27,8,2122,LTGES1408,672,673,ES00679,ES00680,ES432,ES432,intra_nuts3,true,10.0,intra_diagnostic,0.8,-148.44,0.0,3932.45,3.8
2024-08-22,17,1407,LTGES0924,980,552,ES00994,ES00557,ES120,ES120,intra_nuts3,true,10.0,intra_diagnostic,0.8,148.43,0.0,3932.45,3.8
2025-06-25,15,241,LTGES0171,207,210,ES00210,ES00213,ES511,ES511,intra_nuts3,true,10.0,intra_diagnostic,0.8,148.44,0.0,3932.45,3.8
2025-06-29,7,357,LTGES0244,80,759,ES00080,ES00768,ES242,ES242,intra_nuts3,true,10.0,intra_diagnostic,0.8,-539.68,0.0,14299.81,3.8
2025-06-30,18,1953,LTGES1278a,222,1156,ES00225,ES01176,ES130,ES130,intra_nuts3,true,10.0,intra_diagnostic,0.8,-302.76,0.0,7864.9,3.8
2025-06-29,7,356,LTGES0243,267,877,ES00270,ES00886,ES243,ES243,intra_nuts3,true,10.0,intra_diagnostic,0.8,536.83,0.0,14299.81,3.8
2025-06-25,17,2189,TR_86c7bc47,242,243,ES00245,ES00246,ES415,ES415,intra_nuts3,true,10.0,intra_diagnostic,0.8,456.08,0.0,12000.0,3.8
2025-06-30,18,1954,LTGES1278b,222,1156,ES00225,ES01176,ES130,ES130,intra_nuts3,true,10.0,intra_diagnostic,0.8,-302.76,0.0,7864.9,3.8
2024-08-26,17,1827,LTGES1201,473,1122,ES00476,ES01142,ES615,ES615,intra_nuts3,true,10.0,intra_diagnostic,0.8,538.06,0.0,14299.81,3.8
2025-06-25,17,33,LTGES0020b,33,29,ES00033,ES00029,ES300,ES300,intra_nuts3,true,10.0,intra_diagnostic,0.8,-1064.45,0.0,28599.62,3.7
2025-06-25,15,1530,LTGES1006b,592,301,ES00597,ES00304,ES241,ES241,intra_nuts3,true,10.0,intra_diagnostic,0.8,-293.17,0.0,7864.9,3.7
2024-08-22,10,1584,LTGES1041,1042,604,ES01056,ES00609,ES114,ES113,inter_nuts3,false,1.5,inter_allowance,0.8,-21.78,0.0,589.87,3.7
2025-06-30,18,795,LTGES0547a,438,440,ES00441,ES00443,ES513,ES243,inter_nuts3,false,1.5,inter_allowance,0.8,14.97,0.0,406.05,3.7
2025-06-25,15,1529,LTGES1006a,592,301,ES00597,ES00304,ES241,ES241,intra_nuts3,true,10.0,intra_diagnostic,0.8,-293.17,0.0,7864.9,3.7
2025-06-29,23,257,LTGES0185,770,223,ES00779,ES00226,ES130,ES130,intra_nuts3,true,10.0,intra_diagnostic,0.8,-523.67,0.0,14299.81,3.7
2024-08-22,9,2274,TR_c22e81d6,293,294,ES00296,ES00297,ES213,ES213,intra_nuts3,true,10.0,intra_diagnostic,0.8,-59.1,0.0,1600.0,3.7
2025-06-27,8,1136,LTGES0749,513,514,ES00516,ES00517,ES523,ES523,intra_nuts3,true,10.0,intra_diagnostic,0.8,143.81,0.0,3932.45,3.7
2025-06-30,18,137,LTGES0099,710,712,ES00718,ES00720,ES111,ES111,intra_nuts3,true,10.0,intra_diagnostic,0.8,-143.73,0.0,3932.45,3.7
2025-06-25,17,934,LTGES0628a,14,681,ES00014,ES00688,ES300,ES300,intra_nuts3,true,10.0,intra_diagnostic,0.8,-1052.66,0.0,28599.62,3.7
2025-06-24,14,718,LTGES0494,331,329,ES00334,ES00332,ES431,ES431,intra_nuts3,true,10.0,intra_diagnostic,0.8,145.42,0.0,3932.45,3.7
2025-06-25,17,1555,LTGES1021a,488,918,ES00491,ES00929,ES425,ES425,intra_nuts3,true,10.0,intra_diagnostic,0.8,287.37,0.0,7864.9,3.7
2025-06-30,18,1711,LTGES1125,1004,1005,ES01018,ES01019,ES111,ES111,intra_nuts3,true,10.0,intra_diagnostic,0.8,144.67,0.0,3932.45,3.7
2025-06-25,15,646,LTGES0447a,369,833,ES00372,ES00842,ES514,ES514,intra_nuts3,true,10.0,intra_diagnostic,0.8,-294.63,0.0,7864.9,3.7
2025-06-25,15,647,LTGES0447b,369,833,ES00372,ES00842,ES514,ES514,intra_nuts3,true,10.0,intra_diagnostic,0.8,-294.63,0.0,7864.9,3.7
2025-06-25,17,935,LTGES0628b,14,681,ES00014,ES00688,ES300,ES300,intra_nuts3,true,10.0,intra_diagnostic,0.8,-1052.66,0.0,28599.62,3.7
2025-06-25,17,1556,LTGES1021b,488,918,ES00491,ES00929,ES425,ES425,intra_nuts3,true,10.0,intra_diagnostic,0.8,287.37,0.0,7864.9,3.7
2025-06-25,15,47,LTGES0029b,51,52,ES00051,ES00052,ES511,ES511,intra_nuts3,true,10.0,intra_diagnostic,0.8,292.41,0.0,7864.9,3.7
2025-06-25,17,32,LTGES0020a,33,29,ES00033,ES00029,ES300,ES300,intra_nuts3,true,10.0,intra_diagnostic,0.8,-1064.45,0.0,28599.62,3.7
2025-06-24,12,403,LTGES0276,288,285,ES00291,ES00288,ES532,ES532,intra_nuts3,true,10.0,intra_diagnostic,0.8,143.66,0.0,3932.45,3.7
2025-06-30,18,2141,LTGES1422a,447,1235,ES00450,ES01258,ES512,ES512,intra_nuts3,true,10.0,intra_diagnostic,0.8,1050.06,0.0,28599.62,3.7
2024-08-24,8,1193,LTGES0782,523,876,ES00526,ES00885,ES511,ES511,intra_nuts3,true,10.0,intra_diagnostic,0.8,144.45,0.0,3932.45,3.7
2024-08-22,9,2275,TR_3b58070f,291,292,ES00294,ES00295,ES213,ES213,intra_nuts3,true,10.0,intra_diagnostic,0.8,-59.43,0.0,1600.0,3.7
2025-06-30,18,796,LTGES0547b,438,440,ES00441,ES00443,ES513,ES243,inter_nuts3,false,1.5,inter_allowance,0.8,14.97,0.0,406.05,3.7
2025-06-30,18,2142,LTGES1422b,447,1235,ES00450,ES01258,ES512,ES512,intra_nuts3,true,10.0,intra_diagnostic,0.8,1050.06,0.0,28599.62,3.7
2025-06-27,8,2120,LTGES1406,1229,1228,ES01252,ES01251,ES432,ES432,intra_nuts3,true,10.0,intra_diagnostic,0.8,-145.06,0.0,3932.45,3.7
2025-06-25,15,46,LTGES0029a,51,52,ES00051,ES00052,ES511,ES511,intra_nuts3,true,10.0,intra_diagnostic,0.8,292.41,0.0,7864.9,3.7
2024-08-24,19,611,LTGES0425,356,929,ES00359,ES00940,ES523,ES523,intra_nuts3,true,10.0,intra_diagnostic,0.8,513.06,0.0,14299.81,3.6
2025-06-27,8,2121,LTGES1407,651,672,ES00657,ES00679,ES432,ES432,intra_nuts3,true,10.0,intra_diagnostic,0.8,-142.01,0.0,3932.45,3.6
2025-06-25,15,1288,LTGES0848,103,102,ES00103,ES00102,ES120,ES120,intra_nuts3,true,10.0,intra_diagnostic,0.8,-140.89,0.0,3932.45,3.6
2025-06-27,8,1034,LTGES0683,56,197,ES00056,ES00200,ES419,ES419,intra_nuts3,true,10.0,intra_diagnostic,0.8,139.72,0.0,3932.45,3.6
2024-08-21,8,1557,LTGES1022,26,96,ES00026,ES00096,ES412,ES412,intra_nuts3,true,10.0,intra_diagnostic,0.8,140.48,0.0,3932.45,3.6
2025-06-27,20,1560,LTGES1025,73,603,ES00073,ES00608,ES130,ES130,intra_nuts3,true,10.0,intra_diagnostic,0.8,136.19,0.0,3932.45,3.5
2025-06-30,18,407,LTGES0279,289,286,ES00292,ES00289,ES532,ES532,intra_nuts3,true,10.0,intra_diagnostic,0.8,136.98,0.0,3932.45,3.5
2024-08-22,10,1005,LTGES0669b,908,13,ES00919,ES00013,ES300,ES300,intra_nuts3,true,10.0,intra_diagnostic,0.8,274.2,0.0,7864.9,3.5
2025-06-25,15,2169,LTGES1445a,283,676,ES00286,ES00683,ES532,ES532,intra_nuts3,true,10.0,intra_diagnostic,0.8,275.23,0.0,7864.9,3.5
2025-06-27,8,226,LTGES0162,197,56,ES00200,ES00056,ES419,ES419,intra_nuts3,true,10.0,intra_diagnostic,0.8,-138.92,0.0,3932.45,3.5
2025-06-25,15,396,LTGES0269b,282,283,ES00285,ES00286,ES532,ES532,intra_nuts3,true,10.0,intra_diagnostic,0.8,276.25,0.0,7864.9,3.5
2025-06-25,15,1342,LTGES0884,269,770,ES00272,ES00779,ES130,ES130,intra_nuts3,true,10.0,intra_diagnostic,0.8,505.0,0.0,14299.81,3.5
2025-06-25,15,1528,LTGES1005b,212,592,ES00215,ES00597,ES241,ES241,intra_nuts3,true,10.0,intra_diagnostic,0.8,-277.46,0.0,7864.9,3.5
2024-08-26,8,173,LTGES0127b,899,1043,ES00908,ES01057,ES425,ES425,intra_nuts3,true,10.0,intra_diagnostic,0.8,271.99,0.0,7864.9,3.5
2025-06-25,15,395,LTGES0269a,282,283,ES00285,ES00286,ES532,ES532,intra_nuts3,true,10.0,intra_diagnostic,0.8,276.25,0.0,7864.9,3.5
2025-06-27,19,1196,LTGES0785,1051,464,ES01065,ES00467,ES243,ES243,intra_nuts3,true,10.0,intra_diagnostic,0.8,137.13,0.0,3932.45,3.5
2025-06-25,15,1436,LTGES0943,573,1082,ES00578,ES01100,ES212,ES212,intra_nuts3,true,10.0,intra_diagnostic,0.8,-496.07,0.0,14299.81,3.5
2025-06-25,15,1527,LTGES1005a,212,592,ES00215,ES00597,ES241,ES241,intra_nuts3,true,10.0,intra_diagnostic,0.8,-277.46,0.0,7864.9,3.5
2025-06-24,12,404,LTGES0277,288,285,ES00291,ES00288,ES532,ES532,intra_nuts3,true,10.0,intra_diagnostic,0.8,137.67,0.0,3932.45,3.5
2025-06-25,17,30,LTGES0019a,29,31,ES00029,ES00031,ES300,ES300,intra_nuts3,true,10.0,intra_diagnostic,0.8,1001.27,0.0,28599.62,3.5
2024-08-26,8,1037,LTGES0685a,918,487,ES00929,ES00490,ES425,ES425,intra_nuts3,true,10.0,intra_diagnostic,0.8,-277.96,0.0,7864.9,3.5
2025-06-25,15,1995,LTGES1313,924,767,ES00935,ES00776,ES617,ES617,intra_nuts3,true,10.0,intra_diagnostic,0.8,136.11,0.0,3932.45,3.5
2025-06-24,13,569,LTGES0393,338,339,ES00341,ES00342,ES618,ES618,intra_nuts3,true,10.0,intra_diagnostic,0.8,137.39,0.0,3932.45,3.5
2024-08-26,8,1038,LTGES0685b,918,487,ES00929,ES00490,ES425,ES425,intra_nuts3,true,10.0,intra_diagnostic,0.8,-277.96,0.0,7864.9,3.5
2024-08-26,8,172,LTGES0127a,899,1043,ES00908,ES01057,ES425,ES425,intra_nuts3,true,10.0,intra_diagnostic,0.8,271.99,0.0,7864.9,3.5
2025-06-25,17,31,LTGES0019b,29,31,ES00029,ES00031,ES300,ES300,intra_nuts3,true,10.0,intra_diagnostic,0.8,1001.27,0.0,28599.62,3.5
2025-06-30,20,999,LTGES0665,956,481,ES00967,ES00484,ES423,ES423,intra_nuts3,true,10.0,intra_diagnostic,0.8,136.25,0.0,3932.45,3.5
2025-06-30,20,488,LTGES0338,315,302,ES00318,ES00305,ES113,ES113,intra_nuts3,true,10.0,intra_diagnostic,0.8,139.34,0.0,3932.45,3.5
2025-06-25,15,329,LTGES0230a,121,254,ES00121,ES00257,ES523,ES523,intra_nuts3,true,10.0,intra_diagnostic,0.8,-278.16,0.0,7864.9,3.5
2025-06-25,15,2170,LTGES1445b,283,676,ES00286,ES00683,ES532,ES532,intra_nuts3,true,10.0,intra_diagnostic,0.8,275.23,0.0,7864.9,3.5
2024-08-22,10,1004,LTGES0669a,908,13,ES00919,ES00013,ES300,ES300,intra_nuts3,true,10.0,intra_diagnostic,0.8,274.2,0.0,7864.9,3.5
2024-08-20,3,1521,LTGES1001a,212,1027,ES00215,ES01041,ES241,ES241,intra_nuts3,true,10.0,intra_diagnostic,0.8,-272.95,0.0,7864.9,3.5
2025-06-25,15,330,LTGES0230b,121,254,ES00121,ES00257,ES523,ES523,intra_nuts3,true,10.0,intra_diagnostic,0.8,-278.16,0.0,7864.9,3.5
2024-08-20,3,1522,LTGES1001b,212,1027,ES00215,ES01041,ES241,ES241,intra_nuts3,true,10.0,intra_diagnostic,0.8,-272.95,0.0,7864.9,3.5
2025-06-30,20,500,LTGES0347,320,70,ES00323,ES00070,ES111,ES111,intra_nuts3,true,10.0,intra_diagnostic,0.8,135.0,0.0,3932.45,3.4
2025-06-24,12,958,LTGES0641b,902,474,ES00911,ES00477,ES615,ES615,intra_nuts3,true,10.0,intra_diagnostic,0.8,269.13,0.0,7864.9,3.4
2025-06-24,14,1142,LTGES0753a,943,1038,ES00954,ES01052,ES425,ES425,intra_nuts3,true,10.0,intra_diagnostic,0.8,267.35,0.0,7864.9,3.4
2025-06-24,13,541,LTGES0376,822,816,ES00831,ES00825,ES618,ES618,intra_nuts3,true,10.0,intra_diagnostic,0.8,-134.3,0.0,3932.45,3.4
2024-08-26,8,174,LTGES0128a,1043,898,ES01057,ES00907,ES425,ES425,intra_nuts3,true,10.0,intra_diagnostic,0.8,264.74,0.0,7864.9,3.4
2025-06-24,12,733,LTGES0505,419,420,ES00422,ES00423,ES511,ES511,intra_nuts3,true,10.0,intra_diagnostic,0.8,-134.51,0.0,3932.45,3.4
2025-06-30,18,23,LTGES0014,23,15,ES00023,ES00015,ES300,ES300,intra_nuts3,true,10.0,intra_diagnostic,0.8,134.86,0.0,3932.45,3.4
2025-06-24,12,575,LTGES0398,825,34,ES00834,ES00034,ES618,ES618,intra_nuts3,true,10.0,intra_diagnostic,0.8,131.94,0.0,3932.45,3.4
2025-06-27,19,901,LTGES0608,465,1123,ES00468,ES01143,ES243,ES243,intra_nuts3,true,10.0,intra_diagnostic,0.8,-133.32,0.0,3932.45,3.4
2025-06-25,17,527,LTGES0366,328,810,ES00331,ES00819,ES431,ES431,intra_nuts3,true,10.0,intra_diagnostic,0.8,-484.78,0.0,14299.81,3.4
2024-08-22,17,1293,LTGES0851,553,101,ES00558,ES00101,ES120,ES120,intra_nuts3,true,10.0,intra_diagnostic,0.8,132.51,0.0,3932.45,3.4
2025-06-24,9,1654,LTGES1089a,243,67,ES00246,ES00067,ES415,ES415,intra_nuts3,true,10.0,intra_diagnostic,0.8,-959.03,0.0,28599.62,3.4
2025-06-25,17,1613,LTGES1062,10,156,ES00010,ES00159,ES432,ES432,intra_nuts3,true,10.0,intra_diagnostic,0.8,-489.89,0.0,14299.81,3.4
2025-06-29,20,303,LTGES0218a,238,241,ES00241,ES00244,ES523,ES523,intra_nuts3,true,10.0,intra_diagnostic,0.8,960.41,0.0,28599.62,3.4
2025-06-24,9,1655,LTGES1089b,243,67,ES00246,ES00067,ES415,ES415,intra_nuts3,true,10.0,intra_diagnostic,0.8,-959.03,0.0,28599.62,3.4
2025-06-24,12,957,LTGES0641a,902,474,ES00911,ES00477,ES615,ES615,intra_nuts3,true,10.0,intra_diagnostic,0.8,269.13,0.0,7864.9,3.4
2025-06-25,15,774,LTGES0535,424,430,ES00427,ES00433,ES111,ES111,intra_nuts3,true,10.0,intra_diagnostic,0.8,133.6,0.0,3932.45,3.4
2024-08-26,8,175,LTGES0128b,1043,898,ES01057,ES00907,ES425,ES425,intra_nuts3,true,10.0,intra_diagnostic,0.8,264.74,0.0,7864.9,3.4
2025-06-25,15,100,LTGES0068,102,103,ES00102,ES00103,ES120,ES120,intra_nuts3,true,10.0,intra_diagnostic,0.8,135.1,0.0,3932.45,3.4
2025-06-30,18,2143,LTGES1423a,1235,1078,ES01258,ES01094,ES512,ES512,intra_nuts3,true,10.0,intra_diagnostic,0.8,975.68,0.0,28599.62,3.4
2025-06-24,14,1143,LTGES0753b,943,1038,ES00954,ES01052,ES425,ES425,intra_nuts3,true,10.0,intra_diagnostic,0.8,267.35,0.0,7864.9,3.4
2025-06-29,20,304,LTGES0218b,238,241,ES00241,ES00244,ES523,ES523,intra_nuts3,true,10.0,intra_diagnostic,0.8,960.41,0.0,28599.62,3.4
2025-06-30,18,2144,LTGES1423b,1235,1078,ES01258,ES01094,ES512,ES512,intra_nuts3,true,10.0,intra_diagnostic,0.8,975.68,0.0,28599.62,3.4
2024-08-26,8,2020,LTGES1330,767,925,ES00776,ES00936,ES617,ES617,intra_nuts3,true,10.0,intra_diagnostic,0.8,-131.93,0.0,3932.45,3.4
2024-08-26,17,2196,TR_031c515e,405,406,ES00408,ES00409,ES432,ES432,intra_nuts3,true,10.0,intra_diagnostic,0.8,129.85,0.0,3840.0,3.4
2025-06-25,15,1304,LTGES0858b,209,556,ES00212,ES00561,ES511,ES511,intra_nuts3,true,10.0,intra_diagnostic,0.8,256.28,0.0,7864.9,3.3
2024-08-26,17,2064,LTGES1362b,126,542,ES00126,ES00547,ES113,ES113,intra_nuts3,true,10.0,intra_diagnostic,0.8,-954.38,0.0,28599.62,3.3
2024-08-26,8,994,LTGES0662b,905,268,ES00916,ES00271,ES416,ES416,intra_nuts3,true,10.0,intra_diagnostic,0.8,939.85,0.0,28599.62,3.3
2025-06-24,14,950,LTGES0637,408,329,ES00411,ES00332,ES431,ES431,intra_nuts3,true,10.0,intra_diagnostic,0.8,130.21,0.0,3932.45,3.3
2025-06-25,15,1303,LTGES0858a,209,556,ES00212,ES00561,ES511,ES511,intra_nuts3,true,10.0,intra_diagnostic,0.8,256.28,0.0,7864.9,3.3
2025-06-30,18,1672,LTGES1102,289,286,ES00292,ES00289,ES532,ES532,intra_nuts3,true,10.0,intra_diagnostic,0.8,130.7,0.0,3932.45,3.3
2024-08-26,8,359,LTGES0246a,268,760,ES00271,ES00769,ES416,ES416,intra_nuts3,true,10.0,intra_diagnostic,0.8,938.31,0.0,28599.62,3.3
2024-08-24,20,632,LTGES0438,365,932,ES00368,ES00943,ES521,ES521,intra_nuts3,true,10.0,intra_diagnostic,0.8,131.11,0.0,3932.45,3.3
2024-08-24,19,1782,LTGES1172,1106,272,ES01124,ES00275,ES620,ES620,intra_nuts3,true,10.0,intra_diagnostic,0.8,-129.17,0.0,3932.45,3.3
2024-08-26,8,993,LTGES0662a,905,268,ES00916,ES00271,ES416,ES416,intra_nuts3,true,10.0,intra_diagnostic,0.8,939.85,0.0,28599.62,3.3
2025-06-25,15,1670,LTGES1101a,493,491,ES00496,ES00494,ES611,ES611,intra_nuts3,true,10.0,intra_diagnostic,0.8,261.16,0.0,7864.9,3.3
2024-08-26,8,360,LTGES0246b,268,760,ES00271,ES00769,ES416,ES416,intra_nuts3,true,10.0,intra_diagnostic,0.8,938.31,0.0,28599.62,3.3
2025-06-25,15,1671,LTGES1101b,493,491,ES00496,ES00494,ES611,ES611,intra_nuts3,true,10.0,intra_diagnostic,0.8,261.16,0.0,7864.9,3.3
2024-08-20,7,1076,LTGES0711,501,1073,ES00504,ES01089,ES617,ES617,intra_nuts3,true,10.0,intra_diagnostic,0.8,-130.84,0.0,3932.45,3.3
2025-06-25,15,1942,LTGES1269b,572,416,ES00577,ES00419,ES212,ES212,intra_nuts3,true,10.0,intra_diagnostic,0.8,259.29,0.0,7864.9,3.3
2024-08-26,17,2063,LTGES1362a,126,542,ES00126,ES00547,ES113,ES113,intra_nuts3,true,10.0,intra_diagnostic,0.8,-954.38,0.0,28599.62,3.3
2025-06-25,15,1941,LTGES1269a,572,416,ES00577,ES00419,ES212,ES212,intra_nuts3,true,10.0,intra_diagnostic,0.8,259.29,0.0,7864.9,3.3
2025-06-30,20,1825,LTGES1199b,1120,1116,ES01140,ES01134,ES617,ES618,inter_nuts3,false,1.5,inter_allowance,0.8,37.75,0.0,1179.73,3.2
2025-06-24,14,1144,LTGES0754a,1038,487,ES01052,ES00490,ES425,ES425,intra_nuts3,true,10.0,intra_diagnostic,0.8,249.94,0.0,7864.9,3.2
2025-06-24,12,1531,LTGES1007,593,372,ES00598,ES00375,ES514,ES514,intra_nuts3,true,10.0,intra_diagnostic,0.8,-124.64,0.0,3932.45,3.2
2025-06-25,17,2195,TR_0e0d82af,127,128,ES00127,ES00128,ES415,ES415,intra_nuts3,true,10.0,intra_diagnostic,0.8,772.74,0.0,24000.0,3.2
2024-08-24,20,2268,TR_026f4709,606,607,ES00611,ES00612,ES422,ES422,intra_nuts3,true,10.0,intra_diagnostic,0.8,-124.69,0.0,3840.0,3.2
2025-06-25,15,1617,LTGES1064b,24,296,ES00024,ES00299,ES300,ES300,intra_nuts3,true,10.0,intra_diagnostic,0.8,252.99,0.0,7864.9,3.2
2025-06-24,9,991,LTGES0661a,904,477,ES00915,ES00480,ES300,ES300,intra_nuts3,true,10.0,intra_diagnostic,0.8,910.33,0.0,28599.62,3.2
2024-08-20,0,169,LTGES0125,163,165,ES00166,ES00168,ES432,ES432,intra_nuts3,true,10.0,intra_diagnostic,0.8,126.43,0.0,3932.45,3.2
2024-08-20,0,179,LTGES0131,163,165,ES00166,ES00168,ES432,ES432,intra_nuts3,true,10.0,intra_diagnostic,0.8,125.57,0.0,3932.45,3.2
2024-08-26,8,1502,LTGES0987b,97,531,ES00097,ES00536,ES212,ES212,intra_nuts3,true,10.0,intra_diagnostic,0.8,248.85,0.0,7864.9,3.2
2025-06-25,15,1616,LTGES1064a,24,296,ES00024,ES00299,ES300,ES300,intra_nuts3,true,10.0,intra_diagnostic,0.8,252.99,0.0,7864.9,3.2
2024-08-26,8,1501,LTGES0987a,97,531,ES00097,ES00536,ES212,ES212,intra_nuts3,true,10.0,intra_diagnostic,0.8,248.85,0.0,7864.9,3.2
2024-08-20,0,176,LTGES0129,163,165,ES00166,ES00168,ES432,ES432,intra_nuts3,true,10.0,intra_diagnostic,0.8,124.56,0.0,3932.45,3.2
2025-06-30,18,768,LTGES0531a,70,862,ES00070,ES00871,ES111,ES111,intra_nuts3,true,10.0,intra_diagnostic,0.8,-252.46,0.0,7864.9,3.2
2024-08-26,17,1277,LTGES0839,539,546,ES00544,ES00551,ES112,ES112,intra_nuts3,true,10.0,intra_diagnostic,0.8,451.36,0.0,14299.81,3.2
2025-06-29,7,1335,LTGES0879,223,737,ES00226,ES00746,ES130,ES130,intra_nuts3,true,10.0,intra_diagnostic,0.8,-451.25,0.0,14299.81,3.2
2025-06-24,9,2080,LTGES1376,904,477,ES00915,ES00480,ES300,ES300,intra_nuts3,true,10.0,intra_diagnostic,0.8,454.6,0.0,14299.81,3.2
2025-06-30,18,769,LTGES0531b,70,862,ES00070,ES00871,ES111,ES111,intra_nuts3,true,10.0,intra_diagnostic,0.8,-252.46,0.0,7864.9,3.2
2025-06-25,17,1776,LTGES1167,629,631,ES00635,ES00637,ES300,ES300,intra_nuts3,true,10.0,intra_diagnostic,0.8,124.75,0.0,3932.45,3.2
2025-06-30,20,1824,LTGES1199a,1120,1116,ES01140,ES01134,ES617,ES618,inter_nuts3,false,1.5,inter_allowance,0.8,37.75,0.0,1179.73,3.2
2025-06-24,9,992,LTGES0661b,904,477,ES00915,ES00480,ES300,ES300,intra_nuts3,true,10.0,intra_diagnostic,0.8,910.33,0.0,28599.62,3.2
2025-06-29,20,851,LTGES0576b,451,452,ES00454,ES00455,ES513,ES513,intra_nuts3,true,10.0,intra_diagnostic,0.8,-251.11,0.0,7864.9,3.2
2025-06-30,20,1029,LTGES0680,1003,54,ES01017,ES00054,ES418,ES418,intra_nuts3,true,10.0,intra_diagnostic,0.8,124.83,0.0,3932.45,3.2
2025-06-25,15,1548,LTGES1017a,594,601,ES00599,ES00606,ES514,ES511,inter_nuts3,false,1.5,inter_allowance,0.8,37.17,0.0,1179.73,3.2
2025-06-29,20,850,LTGES0576a,451,452,ES00454,ES00455,ES513,ES513,intra_nuts3,true,10.0,intra_diagnostic,0.8,-251.11,0.0,7864.9,3.2
2024-08-26,8,1979,LTGES1300,928,498,ES00939,ES00501,ES617,ES617,intra_nuts3,true,10.0,intra_diagnostic,0.8,-124.16,0.0,3932.45,3.2
2025-06-25,15,1549,LTGES1017b,594,601,ES00599,ES00606,ES514,ES511,inter_nuts3,false,1.5,inter_allowance,0.8,37.17,0.0,1179.73,3.2
2025-06-24,14,1145,LTGES0754b,1038,487,ES01052,ES00490,ES425,ES425,intra_nuts3,true,10.0,intra_diagnostic,0.8,249.94,0.0,7864.9,3.2
2025-06-25,15,1067,LTGES0706,175,498,ES00178,ES00501,ES617,ES617,intra_nuts3,true,10.0,intra_diagnostic,0.8,122.45,0.0,3932.45,3.1
2024-08-22,10,485,LTGES0335,313,799,ES00316,ES00808,ES111,ES114,inter_nuts3,false,1.5,inter_allowance,0.8,18.18,0.0,589.87,3.1
2025-06-27,19,393,LTGES0267,281,275,ES00284,ES00278,ES243,ES243,intra_nuts3,true,10.0,intra_diagnostic,0.8,121.27,0.0,3932.45,3.1
2024-08-26,17,2055,LTGES1358a,110,173,ES00110,ES00176,ES419,ES419,intra_nuts3,true,10.0,intra_diagnostic,0.8,-883.43,0.0,28599.62,3.1
2025-06-25,17,706,LTGES0483b,69,17,ES00069,ES00017,ES432,ES432,intra_nuts3,true,10.0,intra_diagnostic,0.8,883.78,0.0,28599.62,3.1
2024-08-24,20,1929,LTGES1262,1150,165,ES01170,ES00168,ES432,ES432,intra_nuts3,true,10.0,intra_diagnostic,0.8,121.06,0.0,3932.45,3.1
2024-08-26,17,2056,LTGES1358b,110,173,ES00110,ES00176,ES419,ES419,intra_nuts3,true,10.0,intra_diagnostic,0.8,-883.43,0.0,28599.62,3.1
2024-08-26,8,1960,LTGES1283,1162,1161,ES01182,ES01181,ES432,ES432,intra_nuts3,true,10.0,intra_diagnostic,0.8,123.42,0.0,3932.45,3.1
2025-06-25,15,27,LTGES0016b,296,24,ES00299,ES00024,ES300,ES300,intra_nuts3,true,10.0,intra_diagnostic,0.8,-242.92,0.0,7864.9,3.1
2025-06-25,17,705,LTGES0483a,69,17,ES00069,ES00017,ES432,ES432,intra_nuts3,true,10.0,intra_diagnostic,0.8,883.78,0.0,28599.62,3.1
2025-06-24,12,400,LTGES0273,286,285,ES00289,ES00288,ES532,ES532,intra_nuts3,true,10.0,intra_diagnostic,0.8,-123.32,0.0,3932.45,3.1
2025-06-25,17,2187,TR_1f77d9ec,322,323,ES00325,ES00326,ES415,ES415,intra_nuts3,true,10.0,intra_diagnostic,0.8,185.1,0.0,6000.0,3.1
2024-08-26,8,10,LTGES0006,15,680,ES00015,ES00687,ES300,ES300,intra_nuts3,true,10.0,intra_diagnostic,0.8,-120.38,0.0,3932.45,3.1
2025-06-29,7,365,LTGES0250,554,104,ES00559,ES00104,ES120,ES120,intra_nuts3,true,10.0,intra_diagnostic,0.8,445.42,0.0,14299.81,3.1
2025-06-24,12,961,LTGES0643b,474,1079,ES00477,ES01095,ES615,ES615,intra_nuts3,true,10.0,intra_diagnostic,0.8,242.22,0.0,7864.9,3.1
2025-06-27,19,1272,LTGES0836,108,543,ES00108,ES00548,ES113,ES113,intra_nuts3,true,10.0,intra_diagnostic,0.8,120.99,0.0,3932.45,3.1
2025-06-27,8,2235,TR_db0bb0db,1130,1131,ES01150,ES01151,ES422,ES422,intra_nuts3,true,10.0,intra_diagnostic,0.8,-185.68,0.0,6000.0,3.1
2025-06-25,17,1865,LTGES1223a,643,645,ES00649,ES00651,ES431,ES431,intra_nuts3,true,10.0,intra_diagnostic,0.8,880.24,0.0,28599.62,3.1
2025-06-29,7,127,LTGES0089,79,691,ES00079,ES00698,ES412,ES412,intra_nuts3,true,10.0,intra_diagnostic,0.8,447.53,0.0,14299.81,3.1
2025-06-24,12,960,LTGES0643a,474,1079,ES00477,ES01095,ES615,ES615,intra_nuts3,true,10.0,intra_diagnostic,0.8,242.22,0.0,7864.9,3.1
2025-06-27,19,775,LTGES0536,857,425,ES00866,ES00428,ES111,ES111,intra_nuts3,true,10.0,intra_diagnostic,0.8,121.89,0.0,3932.45,3.1
2025-06-25,17,1866,LTGES1223b,643,645,ES00649,ES00651,ES431,ES431,intra_nuts3,true,10.0,intra_diagnostic,0.8,880.24,0.0,28599.62,3.1
2025-06-27,8,2233,TR_90fa9b51,637,638,ES00643,ES00644,ES422,ES422,intra_nuts3,true,10.0,intra_diagnostic,0.8,-118.47,0.0,3840.0,3.1
2024-08-24,17,37,LTGES0023,41,43,ES00041,ES00043,ES414,ES414,intra_nuts3,true,10.0,intra_diagnostic,0.8,437.97,0.0,14299.81,3.1
2025-06-25,15,26,LTGES0016a,296,24,ES00299,ES00024,ES300,ES300,intra_nuts3,true,10.0,intra_diagnostic,0.8,-242.92,0.0,7864.9,3.1
2024-08-24,17,1384,LTGES0909,543,541,ES00548,ES00546,ES113,ES113,intra_nuts3,true,10.0,intra_diagnostic,0.8,117.5,0.0,3932.45,3.0
2024-08-26,8,2217,TR_9425d6c7,640,641,ES00646,ES00647,ES431,ES431,intra_nuts3,true,10.0,intra_diagnostic,0.8,180.74,0.0,6000.0,3.0
2025-06-30,20,1971,LTGES1294,1171,659,ES01191,ES00665,ES243,ES243,intra_nuts3,true,10.0,intra_diagnostic,0.8,116.22,0.0,3932.45,3.0
2024-08-22,10,2259,TR_53ce20b7,566,567,ES00571,ES00572,ES130,ES130,intra_nuts3,true,10.0,intra_diagnostic,0.8,-47.68,0.0,1600.0,3.0
2024-08-20,0,1442,LTGES0947,1012,292,ES01026,ES00295,ES213,ES213,intra_nuts3,true,10.0,intra_diagnostic,0.8,433.36,0.0,14299.81,3.0
2024-08-26,17,191,LTGES0139b,173,130,ES00176,ES00130,ES419,ES419,intra_nuts3,true,10.0,intra_diagnostic,0.8,-866.38,0.0,28599.62,3.0
2025-06-25,15,1344,LTGES0886,723,972,ES00732,ES00983,ES120,ES120,intra_nuts3,true,10.0,intra_diagnostic,0.8,117.89,0.0,3932.45,3.0
2024-08-26,17,190,LTGES0139a,173,130,ES00176,ES00130,ES419,ES419,intra_nuts3,true,10.0,intra_diagnostic,0.8,-866.38,0.0,28599.62,3.0
2024-08-22,16,1118,LTGES0738,364,510,ES00367,ES00513,ES521,ES521,intra_nuts3,true,10.0,intra_diagnostic,0.8,117.27,0.0,3932.45,3.0
2025-06-30,20,1915,LTGES1253,1137,797,ES01157,ES00806,ES114,ES114,intra_nuts3,true,10.0,intra_diagnostic,0.8,-116.72,0.0,3932.45,3.0
2025-06-29,7,1483,LTGES0973,1018,45,ES01032,ES00045,ES213,ES213,intra_nuts3,true,10.0,intra_diagnostic,0.8,-119.03,0.0,3932.45,3.0
2025-06-24,9,76,LTGES0051,55,84,ES00055,ES00084,ES418,ES418,intra_nuts3,true,10.0,intra_diagnostic,0.8,-430.3,0.0,14299.81,3.0
2025-06-25,15,1006,LTGES0670a,14,480,ES00014,ES00483,ES300,ES300,intra_nuts3,true,10.0,intra_diagnostic,0.8,-870.08,0.0,28599.62,3.0
2025-06-24,12,886,LTGES0600,463,889,ES00466,ES00898,ES243,ES243,intra_nuts3,true,10.0,intra_diagnostic,0.8,-119.16,0.0,3932.45,3.0
2025-06-30,20,1065,LTGES0704,1116,496,ES01134,ES00499,ES618,ES618,intra_nuts3,true,10.0,intra_diagnostic,0.8,119.73,0.0,3932.45,3.0
2025-06-25,15,1007,LTGES0670b,14,480,ES00014,ES00483,ES300,ES300,intra_nuts3,true,10.0,intra_diagnostic,0.8,-870.08,0.0,28599.62,3.0
2025-06-29,20,1778,LTGES1169,787,1105,ES00796,ES01123,ES113,ES113,intra_nuts3,true,10.0,intra_diagnostic,0.8,-118.09,0.0,3932.45,3.0
2025-06-24,12,1285,LTGES0845,549,554,ES00554,ES00559,ES120,ES120,intra_nuts3,true,10.0,intra_diagnostic,0.8,432.01,0.0,14299.81,3.0
2024-08-26,9,1653,LTGES1088b,155,157,ES00158,ES00160,ES432,ES432,intra_nuts3,true,10.0,intra_diagnostic,0.8,225.27,0.0,7864.9,2.9
2024-08-22,9,2298,TR_b4c6d83c,299,300,ES00302,ES00303,ES243,ES243,intra_nuts3,true,10.0,intra_diagnostic,0.8,-69.64,0.0,2400.0,2.9
2025-06-29,20,634,LTGES0439b,248,122,ES00251,ES00122,ES523,ES523,intra_nuts3,true,10.0,intra_diagnostic,0.8,832.74,0.0,28599.62,2.9
2025-06-24,13,698,LTGES0478a,395,399,ES00398,ES00402,ES422,ES422,intra_nuts3,true,10.0,intra_diagnostic,0.8,228.14,0.0,7864.9,2.9
2025-06-24,13,699,LTGES0478b,395,399,ES00398,ES00402,ES422,ES422,intra_nuts3,true,10.0,intra_diagnostic,0.8,228.14,0.0,7864.9,2.9
2025-06-25,17,695,LTGES0476,398,840,ES00401,ES00849,ES616,ES616,intra_nuts3,true,10.0,intra_diagnostic,0.8,112.73,0.0,3932.45,2.9
2025-06-25,15,1851,LTGES1213,1127,859,ES01147,ES00868,ES413,ES413,intra_nuts3,true,10.0,intra_diagnostic,0.8,-112.49,0.0,3932.45,2.9
2025-06-25,15,1387,LTGES0912,859,159,ES00868,ES00162,ES413,ES413,intra_nuts3,true,10.0,intra_diagnostic,0.8,-112.76,0.0,3932.45,2.9
2025-06-30,18,473,LTGES0327,975,765,ES00986,ES00774,ES120,ES120,intra_nuts3,true,10.0,intra_diagnostic,0.8,410.14,0.0,14299.81,2.9
2025-06-30,20,484,LTGES0334,795,1137,ES00804,ES01157,ES114,ES114,intra_nuts3,true,10.0,intra_diagnostic,0.8,-115.37,0.0,3932.45,2.9
2025-06-29,20,633,LTGES0439a,248,122,ES00251,ES00122,ES523,ES523,intra_nuts3,true,10.0,intra_diagnostic,0.8,832.74,0.0,28599.62,2.9
2025-06-30,18,1345,LTGES0887,724,973,ES00733,ES00984,ES120,ES120,intra_nuts3,true,10.0,intra_diagnostic,0.8,415.3,0.0,14299.81,2.9
2024-08-22,10,1048,LTGES0692,490,1049,ES00493,ES01063,ES422,ES422,intra_nuts3,true,10.0,intra_diagnostic,0.8,-112.23,0.0,3932.45,2.9
2024-08-26,8,995,LTGES0663a,905,50,ES00916,ES00050,ES416,ES416,intra_nuts3,true,10.0,intra_diagnostic,0.8,-838.53,0.0,28599.62,2.9
2024-08-26,9,1652,LTGES1088a,155,157,ES00158,ES00160,ES432,ES432,intra_nuts3,true,10.0,intra_diagnostic,0.8,225.27,0.0,7864.9,2.9
2024-08-26,8,996,LTGES0663b,905,50,ES00916,ES00050,ES416,ES416,intra_nuts3,true,10.0,intra_diagnostic,0.8,-838.53,0.0,28599.62,2.9
2025-06-27,8,712,LTGES0489,405,846,ES00408,ES00855,ES432,ES432,intra_nuts3,true,10.0,intra_diagnostic,0.8,-111.03,0.0,3932.45,2.8
2025-06-29,20,1340,LTGES0883a,769,222,ES00778,ES00225,ES130,ES130,intra_nuts3,true,10.0,intra_diagnostic,0.8,-218.54,0.0,7864.9,2.8
2025-06-27,19,761,LTGES0526,45,427,ES00045,ES00430,ES213,ES213,intra_nuts3,true,10.0,intra_diagnostic,0.8,110.0,0.0,3932.45,2.8
2025-06-27,8,715,LTGES0491,846,405,ES00855,ES00408,ES432,ES432,intra_nuts3,true,10.0,intra_diagnostic,0.8,111.03,0.0,3932.45,2.8
2025-06-25,15,600,LTGES0416,349,345,ES00352,ES00348,ES620,ES620,intra_nuts3,true,10.0,intra_diagnostic,0.8,-403.44,0.0,14299.81,2.8
2025-06-25,15,96,LTGES0066a,44,38,ES00044,ES00038,ES412,ES412,intra_nuts3,true,10.0,intra_diagnostic,0.8,-221.93,0.0,7864.9,2.8
2025-06-25,15,97,LTGES0066b,44,38,ES00044,ES00038,ES412,ES412,intra_nuts3,true,10.0,intra_diagnostic,0.8,-221.93,0.0,7864.9,2.8
2025-06-25,17,1947,LTGES1272b,645,327,ES00651,ES00330,ES431,ES431,intra_nuts3,true,10.0,intra_diagnostic,0.8,813.08,0.0,28599.62,2.8
2025-06-25,17,1946,LTGES1272a,645,327,ES00651,ES00330,ES431,ES431,intra_nuts3,true,10.0,intra_diagnostic,0.8,813.08,0.0,28599.62,2.8
2025-06-25,15,142,LTGES0106,54,60,ES00054,ES00060,ES418,ES418,intra_nuts3,true,10.0,intra_diagnostic,0.8,-111.47,0.0,3932.45,2.8
2025-06-24,13,199,LTGES0144,160,174,ES00163,ES00177,ES413,ES413,intra_nuts3,true,10.0,intra_diagnostic,0.8,-393.83,0.0,14299.81,2.8
2025-06-25,15,1308,LTGES0860b,556,557,ES00561,ES00562,ES511,ES511,intra_nuts3,true,10.0,intra_diagnostic,0.8,221.12,0.0,7864.9,2.8
2025-06-27,8,245,LTGES0174,213,169,ES00216,ES00172,ES511,ES511,intra_nuts3,true,10.0,intra_diagnostic,0.8,108.15,0.0,3932.45,2.8
2024-08-22,17,461,LTGES0319,784,787,ES00793,ES00796,ES113,ES113,intra_nuts3,true,10.0,intra_diagnostic,0.8,-111.87,0.0,3932.45,2.8
2025-06-29,20,1341,LTGES0883b,769,222,ES00778,ES00225,ES130,ES130,intra_nuts3,true,10.0,intra_diagnostic,0.8,-218.54,0.0,7864.9,2.8
2025-06-24,12,1597,LTGES1050,608,396,ES00613,ES00399,ES422,ES422,intra_nuts3,true,10.0,intra_diagnostic,0.8,109.03,0.0,3932.45,2.8
2024-08-24,20,1487,LTGES0976,1017,583,ES01031,ES00588,ES213,ES213,intra_nuts3,true,10.0,intra_diagnostic,0.8,109.18,0.0,3932.45,2.8
2025-06-27,19,760,LTGES0525,45,427,ES00045,ES00430,ES213,ES213,intra_nuts3,true,10.0,intra_diagnostic,0.8,111.32,0.0,3932.45,2.8
2024-08-24,20,1491,LTGES0979,1017,583,ES01031,ES00588,ES213,ES213,intra_nuts3,true,10.0,intra_diagnostic,0.8,110.31,0.0,3932.45,2.8
2025-06-25,15,1307,LTGES0860a,556,557,ES00561,ES00562,ES511,ES511,intra_nuts3,true,10.0,intra_diagnostic,0.8,221.12,0.0,7864.9,2.8
2025-06-25,17,2136,LTGES1418,309,199,ES00312,ES00202,ES300,ES300,intra_nuts3,true,10.0,intra_diagnostic,0.8,-104.65,0.0,3932.45,2.7
2024-08-26,8,2021,LTGES1331,925,926,ES00936,ES00937,ES617,ES617,intra_nuts3,true,10.0,intra_diagnostic,0.8,-105.32,0.0,3932.45,2.7
2025-06-24,12,1425,LTGES0935b,93,699,ES00093,ES00706,ES114,ES114,intra_nuts3,true,10.0,intra_diagnostic,0.8,-211.04,0.0,7864.9,2.7
2025-06-24,13,1045,LTGES0689b,399,841,ES00402,ES00850,ES422,ES422,intra_nuts3,true,10.0,intra_diagnostic,0.8,213.9,0.0,7864.9,2.7
2025-06-24,12,1424,LTGES0935a,93,699,ES00093,ES00706,ES114,ES114,intra_nuts3,true,10.0,intra_diagnostic,0.8,-211.04,0.0,7864.9,2.7
2025-06-24,12,2334,TR_314cfd1c,440,441,ES00443,ES00444,ES243,ES243,intra_nuts3,true,10.0,intra_diagnostic,0.8,43.86,0.0,1600.0,2.7
2024-08-24,20,1110,LTGES0733,509,365,ES00512,ES00368,ES521,ES521,intra_nuts3,true,10.0,intra_diagnostic,0.8,104.5,0.0,3932.45,2.7
2025-06-29,7,782,LTGES0540b,373,205,ES00376,ES00208,ES514,ES514,intra_nuts3,true,10.0,intra_diagnostic,0.8,-779.65,0.0,28599.62,2.7
2024-08-26,8,1992,LTGES1311,470,626,ES00473,ES00632,ES300,ES300,intra_nuts3,true,10.0,intra_diagnostic,0.8,107.27,0.0,3932.45,2.7
2025-06-24,13,1044,LTGES0689a,399,841,ES00402,ES00850,ES422,ES422,intra_nuts3,true,10.0,intra_diagnostic,0.8,213.9,0.0,7864.9,2.7
2025-06-24,14,446,LTGES0307,308,83,ES00311,ES00083,ES418,ES418,intra_nuts3,true,10.0,intra_diagnostic,0.8,107.06,0.0,3932.45,2.7
2025-06-27,19,2108,LTGES1394,63,1217,ES00063,ES01238,ES243,ES243,intra_nuts3,true,10.0,intra_diagnostic,0.8,-105.25,0.0,3932.45,2.7
2025-06-29,7,781,LTGES0540a,373,205,ES00376,ES00208,ES514,ES514,intra_nuts3,true,10.0,intra_diagnostic,0.8,-779.65,0.0,28599.62,2.7
2024-08-24,20,754,LTGES0521,1113,26,ES01131,ES00026,ES412,ES412,intra_nuts3,true,10.0,intra_diagnostic,0.8,107.14,0.0,3932.45,2.7
2025-06-30,19,1807,LTGES1185a,220,42,ES00223,ES00042,ES414,ES414,intra_nuts3,true,10.0,intra_diagnostic,0.8,-203.81,0.0,7864.9,2.6
2025-06-25,15,1631,LTGES1073b,1067,417,ES01082,ES00420,ES212,ES212,intra_nuts3,true,10.0,intra_diagnostic,0.8,201.47,0.0,7864.9,2.6
2024-08-20,18,1375,LTGES0903,740,62,ES00749,ES00062,ES413,ES413,intra_nuts3,true,10.0,intra_diagnostic,0.8,373.63,0.0,14299.81,2.6
2024-08-26,8,1089,LTGES0718,498,177,ES00501,ES00180,ES617,ES617,intra_nuts3,true,10.0,intra_diagnostic,0.8,-103.77,0.0,3932.45,2.6
2024-08-24,21,2230,TR_5c931ebf,762,763,ES00771,ES00772,ES120,ES120,intra_nuts3,true,10.0,intra_diagnostic,0.8,-41.88,0.0,1600.0,2.6
2025-06-25,11,2110,LTGES1397,301,1084,ES00304,ES01102,ES241,ES241,intra_nuts3,true,10.0,intra_diagnostic,0.8,-102.7,0.0,3932.45,2.6
2025-06-25,15,593,LTGES0410b,348,351,ES00351,ES00354,ES611,ES611,intra_nuts3,true,10.0,intra_diagnostic,0.8,747.05,0.0,28599.62,2.6
2025-06-24,12,438,LTGES0301b,699,306,ES00706,ES00309,ES114,ES114,intra_nuts3,true,10.0,intra_diagnostic,0.8,-206.87,0.0,7864.9,2.6
2025-06-24,12,719,LTGES0495,408,331,ES00411,ES00334,ES431,ES431,intra_nuts3,true,10.0,intra_diagnostic,0.8,100.61,0.0,3932.45,2.6
2025-06-24,12,1181,LTGES0775a,225,47,ES00228,ES00047,ES511,ES511,intra_nuts3,true,10.0,intra_diagnostic,0.8,204.77,0.0,7864.9,2.6
2025-06-25,15,1937,LTGES1267a,416,1067,ES00419,ES01082,ES212,ES212,intra_nuts3,true,10.0,intra_diagnostic,0.8,204.8,0.0,7864.9,2.6
2025-06-29,7,907,LTGES0612a,300,298,ES00303,ES00301,ES243,ES243,intra_nuts3,true,10.0,intra_diagnostic,0.8,-203.03,0.0,7864.9,2.6
2024-08-24,20,1081,LTGES0714a,192,503,ES00195,ES00506,ES614,ES614,intra_nuts3,true,10.0,intra_diagnostic,0.8,-204.62,0.0,7864.9,2.6
2024-08-24,8,249,LTGES0178,876,879,ES00885,ES00888,ES511,ES511,intra_nuts3,true,10.0,intra_diagnostic,0.8,101.18,0.0,3932.45,2.6
2024-08-24,20,1426,LTGES0936,531,1009,ES00536,ES01023,ES212,ES212,intra_nuts3,true,10.0,intra_diagnostic,0.8,-101.74,0.0,3932.45,2.6
2024-08-24,21,2227,TR_dd8f0a25,764,765,ES00773,ES00774,ES120,ES120,intra_nuts3,true,10.0,intra_diagnostic,0.8,-41.08,0.0,1600.0,2.6
2025-06-24,11,702,LTGES0481,401,402,ES00404,ES00405,ES422,ES422,intra_nuts3,true,10.0,intra_diagnostic,0.8,-103.14,0.0,3932.45,2.6
2025-06-24,12,1182,LTGES0775b,225,47,ES00228,ES00047,ES511,ES511,intra_nuts3,true,10.0,intra_diagnostic,0.8,204.77,0.0,7864.9,2.6
2025-06-25,15,592,LTGES0410a,348,351,ES00351,ES00354,ES611,ES611,intra_nuts3,true,10.0,intra_diagnostic,0.8,747.05,0.0,28599.62,2.6
2025-06-24,14,533,LTGES0371,331,326,ES00334,ES00329,ES431,ES431,intra_nuts3,true,10.0,intra_diagnostic,0.8,102.86,0.0,3932.45,2.6
2025-06-25,15,1630,LTGES1073a,1067,417,ES01082,ES00420,ES212,ES212,intra_nuts3,true,10.0,intra_diagnostic,0.8,201.47,0.0,7864.9,2.6
2025-06-29,7,908,LTGES0612b,300,298,ES00303,ES00301,ES243,ES243,intra_nuts3,true,10.0,intra_diagnostic,0.8,-203.03,0.0,7864.9,2.6
2024-08-22,10,2310,TR_a7560d62,120,121,ES00120,ES00121,ES523,ES523,intra_nuts3,true,10.0,intra_diagnostic,0.8,-61.35,0.0,2400.0,2.6
2025-06-24,12,437,LTGES0301a,699,306,ES00706,ES00309,ES114,ES114,intra_nuts3,true,10.0,intra_diagnostic,0.8,-206.87,0.0,7864.9,2.6
2024-08-24,20,1082,LTGES0714b,192,503,ES00195,ES00506,ES614,ES614,intra_nuts3,true,10.0,intra_diagnostic,0.8,-204.62,0.0,7864.9,2.6
2025-06-30,19,1808,LTGES1185b,220,42,ES00223,ES00042,ES414,ES414,intra_nuts3,true,10.0,intra_diagnostic,0.8,-203.81,0.0,7864.9,2.6
2025-06-25,15,1938,LTGES1267b,416,1067,ES00419,ES01082,ES212,ES212,intra_nuts3,true,10.0,intra_diagnostic,0.8,204.8,0.0,7864.9,2.6
2025-06-25,15,1173,LTGES0771a,225,518,ES00228,ES00521,ES511,ES511,intra_nuts3,true,10.0,intra_diagnostic,0.8,-203.43,0.0,7864.9,2.6
2025-06-25,15,1174,LTGES0771b,225,518,ES00228,ES00521,ES511,ES511,intra_nuts3,true,10.0,intra_diagnostic,0.8,-203.43,0.0,7864.9,2.6
2024-08-24,20,184,LTGES0135,716,166,ES00725,ES00169,ES432,ES432,intra_nuts3,true,10.0,intra_diagnostic,0.8,-103.34,0.0,3932.45,2.6
2025-06-25,15,1461,LTGES0957,579,580,ES00584,ES00585,ES213,ES213,intra_nuts3,true,10.0,intra_diagnostic,0.8,-374.9,0.0,14299.81,2.6
2024-08-26,8,1086,LTGES0716b,927,177,ES00938,ES00180,ES617,ES617,intra_nuts3,true,10.0,intra_diagnostic,0.8,-195.3,0.0,7864.9,2.5
2024-08-24,20,2173,LTGES1447,1081,1018,ES01097,ES01032,ES213,ES213,intra_nuts3,true,10.0,intra_diagnostic,0.8,-96.56,0.0,3932.45,2.5
2024-08-22,10,2318,TR_ba959aa8,244,245,ES00247,ES00248,ES523,ES523,intra_nuts3,true,10.0,intra_diagnostic,0.8,-60.34,0.0,2400.0,2.5
2025-06-25,17,1208,LTGES0795b,334,35,ES00337,ES00035,ES618,ES618,intra_nuts3,true,10.0,intra_diagnostic,0.8,-725.9,0.0,28599.62,2.5
2024-08-23,17,1618,LTGES1065a,611,296,ES00616,ES00299,ES300,ES300,intra_nuts3,true,10.0,intra_diagnostic,0.8,-195.5,0.0,7864.9,2.5
2025-06-27,8,2314,TR_ce97d6f4,90,91,ES00090,ES00091,ES523,ES523,intra_nuts3,true,10.0,intra_diagnostic,0.8,-58.88,0.0,2400.0,2.5
2025-06-29,7,2319,TR_62f1261f,265,266,ES00268,ES00269,ES243,ES243,intra_nuts3,true,10.0,intra_diagnostic,0.8,-59.04,0.0,2400.0,2.5
2025-06-24,14,2083,LTGES1379,131,324,ES00131,ES00327,ES415,ES415,intra_nuts3,true,10.0,intra_diagnostic,0.8,-96.48,0.0,3932.45,2.5
2024-08-22,10,1256,LTGES0826,537,313,ES00542,ES00316,ES114,ES111,inter_nuts3,false,1.5,inter_allowance,0.8,-14.56,0.0,589.87,2.5
2025-06-24,12,2048,LTGES1350,1201,490,ES01221,ES00493,ES422,ES422,intra_nuts3,true,10.0,intra_diagnostic,0.8,99.95,0.0,3932.45,2.5
2024-08-26,8,1085,LTGES0716a,927,177,ES00938,ES00180,ES617,ES617,intra_nuts3,true,10.0,intra_diagnostic,0.8,-195.3,0.0,7864.9,2.5
2024-08-22,17,847,LTGES0574,879,216,ES00888,ES00219,ES511,ES511,intra_nuts3,true,10.0,intra_diagnostic,0.8,-97.81,0.0,3932.45,2.5
2025-06-25,17,129,LTGES0091,127,131,ES00127,ES00131,ES415,ES415,intra_nuts3,true,10.0,intra_diagnostic,0.8,-98.93,0.0,3932.45,2.5
2024-08-22,10,2317,TR_cf9f1601,77,78,ES00077,ES00078,ES523,ES523,intra_nuts3,true,10.0,intra_diagnostic,0.8,-39.6,0.0,1600.0,2.5
2024-08-23,17,1619,LTGES1065b,611,296,ES00616,ES00299,ES300,ES300,intra_nuts3,true,10.0,intra_diagnostic,0.8,-195.5,0.0,7864.9,2.5
2025-06-24,12,748,LTGES0516,421,325,ES00424,ES00328,ES431,ES431,intra_nuts3,true,10.0,intra_diagnostic,0.8,-96.93,0.0,3932.45,2.5
2025-06-30,20,1574,LTGES1035,1039,56,ES01053,ES00056,ES419,ES419,intra_nuts3,true,10.0,intra_diagnostic,0.8,98.17,0.0,3932.45,2.5
2024-08-26,8,577,LTGES0400,825,339,ES00834,ES00342,ES618,ES618,intra_nuts3,true,10.0,intra_diagnostic,0.8,100.21,0.0,3932.45,2.5
2024-08-20,18,66,LTGES0044,692,766,ES00699,ES00775,ES130,ES130,intra_nuts3,true,10.0,intra_diagnostic,0.8,96.52,0.0,3932.45,2.5
2025-06-25,17,1207,LTGES0795a,334,35,ES00337,ES00035,ES618,ES618,intra_nuts3,true,10.0,intra_diagnostic,0.8,-725.9,0.0,28599.62,2.5
2025-06-24,13,2052,LTGES1355,1204,328,ES01225,ES00331,ES431,ES431,intra_nuts3,true,10.0,intra_diagnostic,0.8,355.85,0.0,14299.81,2.5
2025-06-27,8,1744,LTGES1147,1096,230,ES01114,ES00233,ES511,ES511,intra_nuts3,true,10.0,intra_diagnostic,0.8,-93.27,0.0,3932.45,2.4
2024-08-22,17,1470,LTGES0963,427,852,ES00430,ES00861,ES213,ES213,intra_nuts3,true,10.0,intra_diagnostic,0.8,-94.2,0.0,3932.45,2.4
2025-06-29,7,870,LTGES0590a,277,952,ES00280,ES00963,ES243,ES243,intra_nuts3,true,10.0,intra_diagnostic,0.8,687.93,0.0,28599.62,2.4
2025-06-27,19,2081,LTGES1377,665,634,ES00672,ES00640,ES417,ES417,intra_nuts3,true,10.0,intra_diagnostic,0.8,-93.65,0.0,3932.45,2.4
2025-06-24,13,2337,TR_585684a3,438,439,ES00441,ES00442,ES513,ES513,intra_nuts3,true,10.0,intra_diagnostic,0.8,37.62,0.0,1600.0,2.4
2025-06-25,15,1386,LTGES0911,153,781,ES00156,ES00790,ES413,ES413,intra_nuts3,true,10.0,intra_diagnostic,0.8,95.44,0.0,3932.45,2.4
2025-06-25,17,1605,LTGES1055b,729,1062,ES00738,ES01077,ES300,ES300,intra_nuts3,true,10.0,intra_diagnostic,0.8,-185.32,0.0,7864.9,2.4
2025-06-24,16,1253,LTGES0823b,968,189,ES00979,ES00192,ES612,ES612,intra_nuts3,true,10.0,intra_diagnostic,0.8,-188.88,0.0,7864.9,2.4
2024-08-22,17,1469,LTGES0962,427,852,ES00430,ES00861,ES213,ES213,intra_nuts3,true,10.0,intra_diagnostic,0.8,-94.2,0.0,3932.45,2.4
2025-06-27,8,162,LTGES0120a,156,69,ES00159,ES00069,ES432,ES432,intra_nuts3,true,10.0,intra_diagnostic,0.8,-692.12,0.0,28599.62,2.4
2025-06-29,7,871,LTGES0590b,277,952,ES00280,ES00963,ES243,ES243,intra_nuts3,true,10.0,intra_diagnostic,0.8,687.93,0.0,28599.62,2.4
2025-06-25,17,1604,LTGES1055a,729,1062,ES00738,ES01077,ES300,ES300,intra_nuts3,true,10.0,intra_diagnostic,0.8,-185.32,0.0,7864.9,2.4
2025-06-25,15,1385,LTGES0910,722,781,ES00731,ES00790,ES413,ES413,intra_nuts3,true,10.0,intra_diagnostic,0.8,-95.08,0.0,3932.45,2.4
2024-08-20,18,161,LTGES0119,157,155,ES00160,ES00158,ES432,ES432,intra_nuts3,true,10.0,intra_diagnostic,0.8,-94.72,0.0,3932.45,2.4
2025-06-27,8,514,LTGES0357,112,56,ES00112,ES00056,ES419,ES419,intra_nuts3,true,10.0,intra_diagnostic,0.8,-94.47,0.0,3932.45,2.4
2025-06-27,19,874,LTGES0592,885,459,ES00894,ES00462,ES417,ES417,intra_nuts3,true,10.0,intra_diagnostic,0.8,-92.63,0.0,3932.45,2.4
2025-06-25,17,15,LTGES0010a,19,21,ES00019,ES00021,ES300,ES300,intra_nuts3,true,10.0,intra_diagnostic,0.8,692.13,0.0,28599.62,2.4
2025-06-27,8,637,LTGES0442,366,833,ES00369,ES00842,ES514,ES514,intra_nuts3,true,10.0,intra_diagnostic,0.8,-92.6,0.0,3932.45,2.4
2025-06-25,17,16,LTGES0010b,19,21,ES00019,ES00021,ES300,ES300,intra_nuts3,true,10.0,intra_diagnostic,0.8,692.13,0.0,28599.62,2.4
2024-08-22,17,2316,TR_1d98b925,697,698,ES00704,ES00705,ES523,ES523,intra_nuts3,true,10.0,intra_diagnostic,0.8,-37.92,0.0,1600.0,2.4
2025-06-27,8,163,LTGES0120b,156,69,ES00159,ES00069,ES432,ES432,intra_nuts3,true,10.0,intra_diagnostic,0.8,-692.12,0.0,28599.62,2.4
2025-06-24,12,2037,LTGES1341,640,1134,ES00646,ES01154,ES431,ES431,intra_nuts3,true,10.0,intra_diagnostic,0.8,-95.47,0.0,3932.45,2.4
2024-08-21,2,1642,LTGES1081,789,790,ES00798,ES00799,ES112,ES112,intra_nuts3,true,10.0,intra_diagnostic,0.8,92.45,0.0,3932.45,2.4
2025-06-24,16,1252,LTGES0823a,968,189,ES00979,ES00192,ES612,ES612,intra_nuts3,true,10.0,intra_diagnostic,0.8,-188.88,0.0,7864.9,2.4
2024-08-24,20,839,LTGES0569,877,376,ES00886,ES00379,ES243,ES243,intra_nuts3,true,10.0,intra_diagnostic,0.8,326.52,0.0,14299.81,2.3
2025-06-27,8,2132,LTGES1414,1233,482,ES01256,ES00485,ES300,ES300,intra_nuts3,true,10.0,intra_diagnostic,0.8,-88.54,0.0,3932.45,2.3
2025-06-25,15,1504,LTGES0988b,734,586,ES00743,ES00591,ES212,ES212,intra_nuts3,true,10.0,intra_diagnostic,0.8,-182.33,0.0,7864.9,2.3
2025-06-27,8,788,LTGES0543b,865,436,ES00874,ES00439,ES514,ES514,intra_nuts3,true,10.0,intra_diagnostic,0.8,-177.1,0.0,7864.9,2.3
2025-06-24,12,1666,LTGES1097b,34,426,ES00034,ES00429,ES618,ES618,intra_nuts3,true,10.0,intra_diagnostic,0.8,-184.39,0.0,7864.9,2.3
2025-06-25,15,731,LTGES0503,416,417,ES00419,ES00420,ES212,ES212,intra_nuts3,true,10.0,intra_diagnostic,0.8,90.84,0.0,3932.45,2.3
2024-08-22,10,2300,TR_45015848,297,298,ES00300,ES00301,ES243,ES243,intra_nuts3,true,10.0,intra_diagnostic,0.8,-36.69,0.0,1600.0,2.3
2025-06-27,8,787,LTGES0543a,865,436,ES00874,ES00439,ES514,ES514,intra_nuts3,true,10.0,intra_diagnostic,0.8,-177.1,0.0,7864.9,2.3
2024-08-23,17,1785,LTGES1175a,909,485,ES00920,ES00488,ES300,ES300,intra_nuts3,true,10.0,intra_diagnostic,0.8,181.32,0.0,7864.9,2.3
2025-06-29,7,1552,LTGES1019,1030,226,ES01044,ES00229,ES511,ES511,intra_nuts3,true,10.0,intra_diagnostic,0.8,325.44,0.0,14299.81,2.3
2025-06-24,12,1665,LTGES1097a,34,426,ES00034,ES00429,ES618,ES618,intra_nuts3,true,10.0,intra_diagnostic,0.8,-184.39,0.0,7864.9,2.3
2024-08-24,20,1373,LTGES0901,62,776,ES00062,ES00785,ES413,ES413,intra_nuts3,true,10.0,intra_diagnostic,0.8,-321.81,0.0,14299.81,2.3
2025-06-30,18,2019,LTGES1329b,149,133,ES00152,ES00134,ES220,ES220,intra_nuts3,true,10.0,intra_diagnostic,0.8,-177.21,0.0,7864.9,2.3
2024-08-24,19,2149,LTGES1427,1173,491,ES01193,ES00494,ES611,ES611,intra_nuts3,true,10.0,intra_diagnostic,0.8,-88.88,0.0,3932.45,2.3
2025-06-30,18,2018,LTGES1329a,149,133,ES00152,ES00134,ES220,ES220,intra_nuts3,true,10.0,intra_diagnostic,0.8,-177.21,0.0,7864.9,2.3
2025-06-25,15,596,LTGES0412,349,347,ES00352,ES00350,ES620,ES620,intra_nuts3,true,10.0,intra_diagnostic,0.8,333.91,0.0,14299.81,2.3
2025-06-30,20,1326,LTGES0872,526,1097,ES00531,ES01115,ES612,ES612,intra_nuts3,true,10.0,intra_diagnostic,0.8,-90.39,0.0,3932.45,2.3
2025-06-25,15,1503,LTGES0988a,734,586,ES00743,ES00591,ES212,ES212,intra_nuts3,true,10.0,intra_diagnostic,0.8,-182.33,0.0,7864.9,2.3
2025-06-27,19,2297,TR_fa8d5caa,279,280,ES00282,ES00283,ES243,ES243,intra_nuts3,true,10.0,intra_diagnostic,0.8,-36.71,0.0,1600.0,2.3
2025-06-25,17,482,LTGES0332,313,70,ES00316,ES00070,ES111,ES111,intra_nuts3,true,10.0,intra_diagnostic,0.8,92.3,0.0,3932.45,2.3
2025-06-24,12,1961,LTGES1284,1163,426,ES01183,ES00429,ES618,ES618,intra_nuts3,true,10.0,intra_diagnostic,0.8,88.73,0.0,3932.45,2.3
2025-06-24,14,447,LTGES0308,196,83,ES00199,ES00083,ES418,ES418,intra_nuts3,true,10.0,intra_diagnostic,0.8,90.3,0.0,3932.45,2.3
2024-08-26,17,770,LTGES0532,71,72,ES00071,ES00072,ES111,ES111,intra_nuts3,true,10.0,intra_diagnostic,0.8,-334.48,0.0,14299.81,2.3
2024-08-23,17,1786,LTGES1175b,909,485,ES00920,ES00488,ES300,ES300,intra_nuts3,true,10.0,intra_diagnostic,0.8,181.32,0.0,7864.9,2.3
2024-08-22,10,2079,LTGES1375,1212,602,ES01233,ES00607,ES300,ES300,intra_nuts3,true,10.0,intra_diagnostic,0.8,-86.56,0.0,3932.45,2.2
2025-06-24,12,1515,LTGES0995b,589,1025,ES00594,ES01039,ES230,ES230,intra_nuts3,true,10.0,intra_diagnostic,0.8,-172.99,0.0,7864.9,2.2
2025-06-25,17,688,LTGES0472a,839,395,ES00848,ES00398,ES422,ES422,intra_nuts3,true,10.0,intra_diagnostic,0.8,-173.08,0.0,7864.9,2.2
2024-08-24,20,271,LTGES0197,958,186,ES00969,ES00189,ES612,ES612,intra_nuts3,true,10.0,intra_diagnostic,0.8,-85.12,0.0,3932.45,2.2
2025-06-25,17,434,LTGES0298b,783,786,ES00792,ES00795,ES113,ES113,intra_nuts3,true,10.0,intra_diagnostic,0.8,174.95,0.0,7864.9,2.2
2024-08-20,18,1343,LTGES0885,974,764,ES00985,ES00773,ES120,ES120,intra_nuts3,true,10.0,intra_diagnostic,0.8,-84.72,0.0,3932.45,2.2
2025-06-25,15,1415,LTGES0930,560,570,ES00565,ES00575,ES413,ES413,intra_nuts3,true,10.0,intra_diagnostic,0.8,88.02,0.0,3932.45,2.2
2024-08-20,3,1525,LTGES1003b,1027,1028,ES01041,ES01042,ES241,ES241,intra_nuts3,true,10.0,intra_diagnostic,0.8,-169.11,0.0,7864.9,2.2
2025-06-27,19,749,LTGES0517,1211,856,ES01232,ES00865,ES412,ES412,intra_nuts3,true,10.0,intra_diagnostic,0.8,86.57,0.0,3932.45,2.2
2025-06-24,12,1514,LTGES0995a,589,1025,ES00594,ES01039,ES230,ES230,intra_nuts3,true,10.0,intra_diagnostic,0.8,-172.99,0.0,7864.9,2.2
2025-06-25,17,1274,LTGES0837b,544,545,ES00549,ES00550,ES113,ES113,intra_nuts3,true,10.0,intra_diagnostic,0.8,171.68,0.0,7864.9,2.2
2025-06-25,15,1327,LTGES0873,560,153,ES00565,ES00156,ES413,ES413,intra_nuts3,true,10.0,intra_diagnostic,0.8,86.83,0.0,3932.45,2.2
2024-08-20,20,859,LTGES0583a,882,452,ES00891,ES00455,ES513,ES513,intra_nuts3,true,10.0,intra_diagnostic,0.8,-169.42,0.0,7864.9,2.2
2025-06-25,17,689,LTGES0472b,839,395,ES00848,ES00398,ES422,ES422,intra_nuts3,true,10.0,intra_diagnostic,0.8,-173.08,0.0,7864.9,2.2
2025-06-29,20,1102,LTGES0728a,241,930,ES00244,ES00941,ES523,ES523,intra_nuts3,true,10.0,intra_diagnostic,0.8,635.98,0.0,28599.62,2.2
2025-06-25,15,1408,LTGES0925,570,153,ES00575,ES00156,ES413,ES413,intra_nuts3,true,10.0,intra_diagnostic,0.8,85.63,0.0,3932.45,2.2
2024-08-26,17,50,LTGES0032,689,60,ES00696,ES00060,ES418,ES418,intra_nuts3,true,10.0,intra_diagnostic,0.8,-86.34,0.0,3932.45,2.2
2025-06-25,15,928,LTGES0624a,14,683,ES00014,ES00690,ES300,ES300,intra_nuts3,true,10.0,intra_diagnostic,0.8,-624.58,0.0,28599.62,2.2
2024-08-22,9,467,LTGES0323a,782,786,ES00791,ES00795,ES113,ES113,intra_nuts3,true,10.0,intra_diagnostic,0.8,-170.31,0.0,7864.9,2.2
2025-06-25,17,433,LTGES0298a,783,786,ES00792,ES00795,ES113,ES113,intra_nuts3,true,10.0,intra_diagnostic,0.8,174.95,0.0,7864.9,2.2
2025-06-25,17,1273,LTGES0837a,544,545,ES00549,ES00550,ES113,ES113,intra_nuts3,true,10.0,intra_diagnostic,0.8,171.68,0.0,7864.9,2.2
2024-08-20,3,1524,LTGES1003a,1027,1028,ES01041,ES01042,ES241,ES241,intra_nuts3,true,10.0,intra_diagnostic,0.8,-169.11,0.0,7864.9,2.2
2025-06-25,15,1506,LTGES0989b,586,417,ES00591,ES00420,ES212,ES212,intra_nuts3,true,10.0,intra_diagnostic,0.8,-174.72,0.0,7864.9,2.2
2025-06-29,20,1103,LTGES0728b,241,930,ES00244,ES00941,ES523,ES523,intra_nuts3,true,10.0,intra_diagnostic,0.8,635.98,0.0,28599.62,2.2
2024-08-21,17,157,LTGES0115b,150,134,ES00153,ES00135,ES220,ES220,intra_nuts3,true,10.0,intra_diagnostic,0.8,-624.69,0.0,28599.62,2.2
2025-06-25,15,929,LTGES0624b,14,683,ES00014,ES00690,ES300,ES300,intra_nuts3,true,10.0,intra_diagnostic,0.8,-624.58,0.0,28599.62,2.2
2025-06-25,15,1505,LTGES0989a,586,417,ES00591,ES00420,ES212,ES212,intra_nuts3,true,10.0,intra_diagnostic,0.8,-174.72,0.0,7864.9,2.2
2024-08-21,17,156,LTGES0115a,150,134,ES00153,ES00135,ES220,ES220,intra_nuts3,true,10.0,intra_diagnostic,0.8,-624.69,0.0,28599.62,2.2
2025-06-27,19,2301,TR_cdbd89a4,947,948,ES00958,ES00959,ES243,ES243,intra_nuts3,true,10.0,intra_diagnostic,0.8,-34.42,0.0,1600.0,2.2
2024-08-20,20,860,LTGES0583b,882,452,ES00891,ES00455,ES513,ES513,intra_nuts3,true,10.0,intra_diagnostic,0.8,-169.42,0.0,7864.9,2.2
2025-06-27,8,224,LTGES0160,56,112,ES00056,ES00112,ES419,ES419,intra_nuts3,true,10.0,intra_diagnostic,0.8,88.3,0.0,3932.45,2.2
2024-08-24,17,2210,TR_3ab3b8f1,103,104,ES00103,ES00104,ES120,ES120,intra_nuts3,true,10.0,intra_diagnostic,0.8,-34.5,0.0,1600.0,2.2
2024-08-22,9,468,LTGES0323b,782,786,ES00791,ES00795,ES113,ES113,intra_nuts3,true,10.0,intra_diagnostic,0.8,-170.31,0.0,7864.9,2.2
2024-08-23,9,1965,LTGES1288,1165,94,ES01185,ES00094,ES114,ES114,intra_nuts3,true,10.0,intra_diagnostic,0.8,-85.87,0.0,3932.45,2.2
2025-06-25,17,2104,LTGES1392b,1141,237,ES01161,ES00240,ES242,ES522,inter_nuts3,false,1.5,inter_allowance,0.8,177.89,0.0,8579.89,2.1
2025-06-25,17,542,LTGES0377a,819,333,ES00828,ES00336,ES618,ES618,intra_nuts3,true,10.0,intra_diagnostic,0.8,-162.37,0.0,7864.9,2.1
2025-06-25,11,239,LTGES0169b,208,203,ES00211,ES00206,ES511,ES511,intra_nuts3,true,10.0,intra_diagnostic,0.8,589.12,0.0,28599.62,2.1
2025-06-25,11,238,LTGES0169a,208,203,ES00211,ES00206,ES511,ES511,intra_nuts3,true,10.0,intra_diagnostic,0.8,589.12,0.0,28599.62,2.1
2025-06-30,18,336,LTGES0233b,114,256,ES00114,ES00259,ES523,ES523,intra_nuts3,true,10.0,intra_diagnostic,0.8,164.19,0.0,7864.9,2.1
2024-08-22,17,818,LTGES0558,12,728,ES00012,ES00737,ES511,ES512,inter_nuts3,false,1.5,inter_allowance,0.8,44.38,0.0,2144.97,2.1
2025-06-24,13,343,LTGES0237a,758,260,ES00767,ES00263,ES522,ES522,intra_nuts3,true,10.0,intra_diagnostic,0.8,-166.84,0.0,7864.9,2.1
2025-06-25,15,1620,LTGES1066,24,296,ES00024,ES00299,ES300,ES300,intra_nuts3,true,10.0,intra_diagnostic,0.8,83.69,0.0,3932.45,2.1
2025-06-24,13,344,LTGES0237b,758,260,ES00767,ES00263,ES522,ES522,intra_nuts3,true,10.0,intra_diagnostic,0.8,-166.84,0.0,7864.9,2.1
2025-06-25,15,68,LTGES0046a,698,78,ES00705,ES00078,ES523,ES523,intra_nuts3,true,10.0,intra_diagnostic,0.8,-161.87,0.0,7864.9,2.1
2025-06-25,17,2105,LTGES1392c,1141,237,ES01161,ES00240,ES242,ES522,inter_nuts3,false,1.5,inter_allowance,0.8,177.89,0.0,8579.89,2.1
2025-06-30,18,340,LTGES0235b,258,758,ES00261,ES00767,ES522,ES522,intra_nuts3,true,10.0,intra_diagnostic,0.8,165.55,0.0,7864.9,2.1
2024-08-26,8,1695,LTGES1117b,24,1087,ES00024,ES01105,ES300,ES300,intra_nuts3,true,10.0,intra_diagnostic,0.8,163.03,0.0,7864.9,2.1
2024-08-26,8,1694,LTGES1117a,24,1087,ES00024,ES01105,ES300,ES300,intra_nuts3,true,10.0,intra_diagnostic,0.8,163.03,0.0,7864.9,2.1
2025-06-30,18,339,LTGES0235a,258,758,ES00261,ES00767,ES522,ES522,intra_nuts3,true,10.0,intra_diagnostic,0.8,165.55,0.0,7864.9,2.1
2025-06-25,17,678,LTGES0467a,838,837,ES00847,ES00846,ES613,ES613,intra_nuts3,true,10.0,intra_diagnostic,0.8,168.19,0.0,7864.9,2.1
2025-06-25,17,2106,LTGES1392d,1141,237,ES01161,ES00240,ES242,ES522,inter_nuts3,false,1.5,inter_allowance,0.8,177.89,0.0,8579.89,2.1
2025-06-25,15,584,LTGES0406a,271,346,ES00274,ES00349,ES620,ES620,intra_nuts3,true,10.0,intra_diagnostic,0.8,601.8,0.0,28599.62,2.1
2025-06-25,15,69,LTGES0046b,698,78,ES00705,ES00078,ES523,ES523,intra_nuts3,true,10.0,intra_diagnostic,0.8,-161.87,0.0,7864.9,2.1
2025-06-25,15,585,LTGES0406b,271,346,ES00274,ES00349,ES620,ES620,intra_nuts3,true,10.0,intra_diagnostic,0.8,601.8,0.0,28599.62,2.1
2025-06-25,17,679,LTGES0467b,838,837,ES00847,ES00846,ES613,ES613,intra_nuts3,true,10.0,intra_diagnostic,0.8,168.19,0.0,7864.9,2.1
2025-06-29,23,1033,LTGES0682,687,704,ES00694,ES00711,ES419,ES419,intra_nuts3,true,10.0,intra_diagnostic,0.8,-296.68,0.0,14299.81,2.1
2025-06-30,18,335,LTGES0233a,114,256,ES00114,ES00259,ES523,ES523,intra_nuts3,true,10.0,intra_diagnostic,0.8,164.19,0.0,7864.9,2.1
2025-06-25,17,2103,LTGES1392a,1141,237,ES01161,ES00240,ES242,ES522,inter_nuts3,false,1.5,inter_allowance,0.8,177.89,0.0,8579.89,2.1
2025-06-25,17,543,LTGES0377b,819,333,ES00828,ES00336,ES618,ES618,intra_nuts3,true,10.0,intra_diagnostic,0.8,-162.37,0.0,7864.9,2.1
2025-06-24,13,1325,LTGES0871b,526,727,ES00531,ES00736,ES612,ES612,intra_nuts3,true,10.0,intra_diagnostic,0.8,155.95,0.0,7864.9,2.0
2025-06-30,18,834,LTGES0566a,870,875,ES00879,ES00884,ES511,ES511,intra_nuts3,true,10.0,intra_diagnostic,0.8,-559.94,0.0,28599.62,2.0
2025-06-30,18,2107,LTGES1393,849,382,ES00858,ES00385,ES242,ES242,intra_nuts3,true,10.0,intra_diagnostic,0.8,76.98,0.0,3932.45,2.0
2025-06-27,19,394,LTGES0268,276,884,ES00279,ES00893,ES243,ES243,intra_nuts3,true,10.0,intra_diagnostic,0.8,-79.77,0.0,3932.45,2.0
2025-06-27,19,392,LTGES0266b,275,774,ES00278,ES00783,ES243,ES243,intra_nuts3,true,10.0,intra_diagnostic,0.8,-156.57,0.0,7864.9,2.0
2025-06-25,15,587,LTGES0407b,346,347,ES00349,ES00350,ES620,ES620,intra_nuts3,true,10.0,intra_diagnostic,0.8,584.75,0.0,28599.62,2.0
2025-06-25,17,104,LTGES0071,107,59,ES00107,ES00059,ES419,ES419,intra_nuts3,true,10.0,intra_diagnostic,0.8,80.14,0.0,3932.45,2.0
2025-06-24,12,1171,LTGES0770a,420,517,ES00423,ES00520,ES511,ES511,intra_nuts3,true,10.0,intra_diagnostic,0.8,159.46,0.0,7864.9,2.0
2025-06-27,19,581,LTGES0404,337,335,ES00340,ES00338,ES618,ES618,intra_nuts3,true,10.0,intra_diagnostic,0.8,79.13,0.0,3932.45,2.0
2025-06-24,13,207,LTGES0149b,182,727,ES00185,ES00736,ES612,ES612,intra_nuts3,true,10.0,intra_diagnostic,0.8,-154.3,0.0,7864.9,2.0
2025-06-25,15,2158,LTGES1436,1213,485,ES01234,ES00488,ES300,ES300,intra_nuts3,true,10.0,intra_diagnostic,0.8,-79.13,0.0,3932.45,2.0
2024-08-23,9,429,LTGES0295,305,304,ES00308,ES00307,ES114,ES114,intra_nuts3,true,10.0,intra_diagnostic,0.8,77.84,0.0,3932.45,2.0
2025-06-24,13,1324,LTGES0871a,526,727,ES00531,ES00736,ES612,ES612,intra_nuts3,true,10.0,intra_diagnostic,0.8,155.95,0.0,7864.9,2.0
2025-06-27,19,391,LTGES0266a,275,774,ES00278,ES00783,ES243,ES243,intra_nuts3,true,10.0,intra_diagnostic,0.8,-156.57,0.0,7864.9,2.0
2024-08-22,10,236,LTGES0168a,206,202,ES00209,ES00205,ES511,ES511,intra_nuts3,true,10.0,intra_diagnostic,0.8,-155.41,0.0,7864.9,2.0
2024-08-23,9,486,LTGES0336,1041,1165,ES01055,ES01185,ES114,ES114,intra_nuts3,true,10.0,intra_diagnostic,0.8,-77.02,0.0,3932.45,2.0
2025-06-24,12,1172,LTGES0770b,420,517,ES00423,ES00520,ES511,ES511,intra_nuts3,true,10.0,intra_diagnostic,0.8,159.46,0.0,7864.9,2.0
2024-08-22,9,2212,TR_a1cd747b,976,977,ES00987,ES00988,ES120,ES120,intra_nuts3,true,10.0,intra_diagnostic,0.8,-31.98,0.0,1600.0,2.0
2025-06-25,17,518,LTGES0360b,322,127,ES00325,ES00127,ES415,ES415,intra_nuts3,true,10.0,intra_diagnostic,0.8,-153.73,0.0,7864.9,2.0
2025-06-24,14,1418,LTGES0932,916,308,ES00927,ES00311,ES418,ES418,intra_nuts3,true,10.0,intra_diagnostic,0.8,78.11,0.0,3932.45,2.0
2024-08-22,9,2211,TR_a5f948b9,997,998,ES01011,ES01012,ES120,ES120,intra_nuts3,true,10.0,intra_diagnostic,0.8,-32.15,0.0,1600.0,2.0
2025-06-30,18,833,LTGES0565b,870,875,ES00879,ES00884,ES511,ES511,intra_nuts3,true,10.0,intra_diagnostic,0.8,-559.94,0.0,28599.62,2.0
2024-08-24,21,1498,LTGES0985,1006,217,ES01020,ES00220,ES211,ES211,intra_nuts3,true,10.0,intra_diagnostic,0.8,76.7,0.0,3932.45,2.0
2025-06-30,18,835,LTGES0566b,870,875,ES00879,ES00884,ES511,ES511,intra_nuts3,true,10.0,intra_diagnostic,0.8,-559.94,0.0,28599.62,2.0
2024-08-24,17,2216,TR_0f7c87f6,723,724,ES00732,ES00733,ES120,ES120,intra_nuts3,true,10.0,intra_diagnostic,0.8,-31.46,0.0,1600.0,2.0
2025-06-25,17,2057,LTGES1359a,109,172,ES00109,ES00175,ES419,ES419,intra_nuts3,true,10.0,intra_diagnostic,0.8,157.41,0.0,7864.9,2.0
2025-06-30,18,832,LTGES0565a,870,875,ES00879,ES00884,ES511,ES511,intra_nuts3,true,10.0,intra_diagnostic,0.8,-559.94,0.0,28599.62,2.0
2025-06-27,8,6,LTGES0003b,3,5,ES00003,ES00005,ES511,ES511,intra_nuts3,true,10.0,intra_diagnostic,0.8,160.65,0.0,7864.9,2.0
2024-08-24,20,409,LTGES0281,290,776,ES00293,ES00785,ES413,ES413,intra_nuts3,true,10.0,intra_diagnostic,0.8,281.03,0.0,14299.81,2.0
2025-06-24,13,206,LTGES0149a,182,727,ES00185,ES00736,ES612,ES612,intra_nuts3,true,10.0,intra_diagnostic,0.8,-154.3,0.0,7864.9,2.0
2025-06-24,12,717,LTGES0493,845,407,ES00854,ES00410,ES432,ES432,intra_nuts3,true,10.0,intra_diagnostic,0.8,-78.93,0.0,3932.45,2.0
2025-06-25,15,2321,TR_5dccfcf1,113,114,ES00113,ES00114,ES523,ES523,intra_nuts3,true,10.0,intra_diagnostic,0.8,-32.39,0.0,1600.0,2.0
2024-08-22,10,237,LTGES0168b,206,202,ES00209,ES00205,ES511,ES511,intra_nuts3,true,10.0,intra_diagnostic,0.8,-155.41,0.0,7864.9,2.0
2024-08-26,17,1358,LTGES0894b,162,780,ES00165,ES00789,ES413,ES413,intra_nuts3,true,10.0,intra_diagnostic,0.8,561.14,0.0,28599.62,2.0
2025-06-27,8,5,LTGES0003a,3,5,ES00003,ES00005,ES511,ES511,intra_nuts3,true,10.0,intra_diagnostic,0.8,160.65,0.0,7864.9,2.0
2025-06-25,17,2058,LTGES1359b,109,172,ES00109,ES00175,ES419,ES419,intra_nuts3,true,10.0,intra_diagnostic,0.8,157.41,0.0,7864.9,2.0
2024-08-26,17,1357,LTGES0894a,162,780,ES00165,ES00789,ES413,ES413,intra_nuts3,true,10.0,intra_diagnostic,0.8,561.14,0.0,28599.62,2.0
2025-06-25,15,586,LTGES0407a,346,347,ES00349,ES00350,ES620,ES620,intra_nuts3,true,10.0,intra_diagnostic,0.8,584.75,0.0,28599.62,2.0
2025-06-24,12,716,LTGES0492,407,845,ES00410,ES00854,ES432,ES432,intra_nuts3,true,10.0,intra_diagnostic,0.8,79.08,0.0,3932.45,2.0
2025-06-29,23,135,LTGES0096,720,41,ES00729,ES00041,ES414,ES414,intra_nuts3,true,10.0,intra_diagnostic,0.8,280.52,0.0,14299.81,2.0
2025-06-25,17,517,LTGES0360a,322,127,ES00325,ES00127,ES415,ES415,intra_nuts3,true,10.0,intra_diagnostic,0.8,-153.73,0.0,7864.9,2.0
2025-06-25,17,2159,LTGES1437,1166,1213,ES01186,ES01234,ES300,ES300,intra_nuts3,true,10.0,intra_diagnostic,0.8,-75.52,0.0,3932.45,1.9
2025-06-25,17,1696,LTGES1118a,1088,562,ES01106,ES00567,ES300,ES300,intra_nuts3,true,10.0,intra_diagnostic,0.8,-148.3,0.0,7864.9,1.9
2025-06-30,18,1910,LTGES1250a,447,1148,ES00450,ES01168,ES512,ES512,intra_nuts3,true,10.0,intra_diagnostic,0.8,-541.02,0.0,28599.62,1.9
2025-06-25,15,1625,LTGES1070,76,1060,ES00076,ES01075,ES423,ES423,intra_nuts3,true,10.0,intra_diagnostic,0.8,-264.65,0.0,14299.81,1.9
2025-06-25,15,1634,LTGES1075b,230,48,ES00233,ES00048,ES511,ES511,intra_nuts3,true,10.0,intra_diagnostic,0.8,-150.17,0.0,7864.9,1.9
2025-06-27,8,1844,LTGES1209a,395,1130,ES00398,ES01150,ES422,ES422,intra_nuts3,true,10.0,intra_diagnostic,0.8,-151.7,0.0,7864.9,1.9
2024-08-26,8,1218,LTGES0800b,177,527,ES00180,ES00532,ES617,ES617,intra_nuts3,true,10.0,intra_diagnostic,0.8,-152.91,0.0,7864.9,1.9
2024-08-26,8,1217,LTGES0800a,177,527,ES00180,ES00532,ES617,ES617,intra_nuts3,true,10.0,intra_diagnostic,0.8,-152.91,0.0,7864.9,1.9
2025-06-25,15,1380,LTGES0906b,567,954,ES00572,ES00965,ES130,ES130,intra_nuts3,true,10.0,intra_diagnostic,0.8,536.57,0.0,28599.62,1.9
2025-06-27,19,1923,LTGES1258b,228,307,ES00231,ES00310,ES414,ES414,intra_nuts3,true,10.0,intra_diagnostic,0.8,146.56,0.0,7864.9,1.9
2025-06-25,15,1184,LTGES0776b,47,3,ES00047,ES00003,ES511,ES511,intra_nuts3,true,10.0,intra_diagnostic,0.8,153.04,0.0,7864.9,1.9
2024-08-23,17,1640,LTGES1080a,22,611,ES00022,ES00616,ES300,ES300,intra_nuts3,true,10.0,intra_diagnostic,0.8,-147.0,0.0,7864.9,1.9
2025-06-24,12,258,LTGES0186,221,43,ES00224,ES00043,ES414,ES414,intra_nuts3,true,10.0,intra_diagnostic,0.8,-272.33,0.0,14299.81,1.9
2024-08-22,16,1590,LTGES1045,606,1047,ES00611,ES01061,ES422,ES422,intra_nuts3,true,10.0,intra_diagnostic,0.8,74.5,0.0,3932.45,1.9
2025-06-25,15,1183,LTGES0776a,47,3,ES00047,ES00003,ES511,ES511,intra_nuts3,true,10.0,intra_diagnostic,0.8,153.04,0.0,7864.9,1.9
2024-08-26,8,1870,LTGES1226b,618,646,ES00623,ES00652,ES615,ES615,intra_nuts3,true,10.0,intra_diagnostic,0.8,147.12,0.0,7864.9,1.9
2024-08-23,17,1641,LTGES1080b,22,611,ES00022,ES00616,ES300,ES300,intra_nuts3,true,10.0,intra_diagnostic,0.8,-147.0,0.0,7864.9,1.9
2024-08-26,8,2119,LTGES1405,1227,667,ES01250,ES00674,ES432,ES432,intra_nuts3,true,10.0,intra_diagnostic,0.8,75.11,0.0,3932.45,1.9
2025-06-25,17,1697,LTGES1118b,1088,562,ES01106,ES00567,ES300,ES300,intra_nuts3,true,10.0,intra_diagnostic,0.8,-148.3,0.0,7864.9,1.9
2025-06-27,8,1845,LTGES1209b,395,1130,ES00398,ES01150,ES422,ES422,intra_nuts3,true,10.0,intra_diagnostic,0.8,-151.7,0.0,7864.9,1.9
2025-06-25,15,1789,LTGES1177b,254,247,ES00257,ES00250,ES523,ES523,intra_nuts3,true,10.0,intra_diagnostic,0.8,147.43,0.0,7864.9,1.9
2024-08-24,20,1486,LTGES0975,45,583,ES00045,ES00588,ES213,ES213,intra_nuts3,true,10.0,intra_diagnostic,0.8,72.89,0.0,3932.45,1.9
2024-08-26,8,1692,LTGES1116a,1087,1088,ES01105,ES01106,ES300,ES300,intra_nuts3,true,10.0,intra_diagnostic,0.8,150.43,0.0,7864.9,1.9
2025-06-27,19,1922,LTGES1258a,228,307,ES00231,ES00310,ES414,ES414,intra_nuts3,true,10.0,intra_diagnostic,0.8,146.56,0.0,7864.9,1.9
2025-06-25,15,1788,LTGES1177a,254,247,ES00257,ES00250,ES523,ES523,intra_nuts3,true,10.0,intra_diagnostic,0.8,147.43,0.0,7864.9,1.9
2024-08-26,8,1693,LTGES1116b,1087,1088,ES01105,ES01106,ES300,ES300,intra_nuts3,true,10.0,intra_diagnostic,0.8,150.43,0.0,7864.9,1.9
2025-06-30,18,1911,LTGES1250b,447,1148,ES00450,ES01168,ES512,ES512,intra_nuts3,true,10.0,intra_diagnostic,0.8,-541.02,0.0,28599.62,1.9
2024-08-26,8,1087,LTGES0717a,500,927,ES00503,ES00938,ES617,ES617,intra_nuts3,true,10.0,intra_diagnostic,0.8,-153.17,0.0,7864.9,1.9
2025-06-25,15,1379,LTGES0906a,567,954,ES00572,ES00965,ES130,ES130,intra_nuts3,true,10.0,intra_diagnostic,0.8,536.57,0.0,28599.62,1.9
2024-08-26,8,1869,LTGES1226a,618,646,ES00623,ES00652,ES615,ES615,intra_nuts3,true,10.0,intra_diagnostic,0.8,147.12,0.0,7864.9,1.9
2024-08-26,17,63,LTGES0042a,71,72,ES00071,ES00072,ES111,ES111,intra_nuts3,true,10.0,intra_diagnostic,0.8,-540.77,0.0,28599.62,1.9
2025-06-25,17,1926,LTGES1260b,541,544,ES00546,ES00549,ES113,ES113,intra_nuts3,true,10.0,intra_diagnostic,0.8,149.87,0.0,7864.9,1.9
2025-06-25,15,1633,LTGES1075a,230,48,ES00233,ES00048,ES511,ES511,intra_nuts3,true,10.0,intra_diagnostic,0.8,-150.17,0.0,7864.9,1.9
2025-06-26,9,816,LTGES0557a,868,865,ES00877,ES00874,ES514,ES514,intra_nuts3,true,10.0,intra_diagnostic,0.8,-150.44,0.0,7864.9,1.9
2024-08-26,8,1088,LTGES0717b,500,927,ES00503,ES00938,ES617,ES617,intra_nuts3,true,10.0,intra_diagnostic,0.8,-153.17,0.0,7864.9,1.9
2025-06-25,15,1378,LTGES0905b,771,567,ES00780,ES00572,ES130,ES130,intra_nuts3,true,10.0,intra_diagnostic,0.8,536.57,0.0,28599.62,1.9
2025-06-25,15,1760,LTGES1156a,599,485,ES00604,ES00488,ES300,ES300,intra_nuts3,true,10.0,intra_diagnostic,0.8,-147.03,0.0,7864.9,1.9
2024-08-26,8,570,LTGES0394,339,333,ES00342,ES00336,ES618,ES618,intra_nuts3,true,10.0,intra_diagnostic,0.8,74.74,0.0,3932.45,1.9
2025-06-30,18,1909,LTGES1249b,447,1148,ES00450,ES01168,ES512,ES512,intra_nuts3,true,10.0,intra_diagnostic,0.8,-541.02,0.0,28599.62,1.9
2025-06-25,15,1761,LTGES1156b,599,485,ES00604,ES00488,ES300,ES300,intra_nuts3,true,10.0,intra_diagnostic,0.8,-147.03,0.0,7864.9,1.9
2025-06-25,17,18,LTGES0011b,18,1065,ES00018,ES01080,ES300,ES300,intra_nuts3,true,10.0,intra_diagnostic,0.8,150.91,0.0,7864.9,1.9
2025-06-24,12,1945,LTGES1271,639,1153,ES00645,ES01173,ES431,ES431,intra_nuts3,true,10.0,intra_diagnostic,0.8,-74.63,0.0,3932.45,1.9
2024-08-23,9,1419,LTGES0933,305,304,ES00308,ES00307,ES114,ES114,intra_nuts3,true,10.0,intra_diagnostic,0.8,74.15,0.0,3932.45,1.9
2025-06-26,9,817,LTGES0557b,868,865,ES00877,ES00874,ES514,ES514,intra_nuts3,true,10.0,intra_diagnostic,0.8,-150.44,0.0,7864.9,1.9
2025-06-25,17,17,LTGES0011a,18,1065,ES00018,ES01080,ES300,ES300,intra_nuts3,true,10.0,intra_diagnostic,0.8,150.91,0.0,7864.9,1.9
2025-06-25,15,1377,LTGES0905a,771,567,ES00780,ES00572,ES130,ES130,intra_nuts3,true,10.0,intra_diagnostic,0.8,536.57,0.0,28599.62,1.9
2025-06-25,17,1925,LTGES1260a,541,544,ES00546,ES00549,ES113,ES113,intra_nuts3,true,10.0,intra_diagnostic,0.8,149.87,0.0,7864.9,1.9
2025-06-30,18,1908,LTGES1249a,447,1148,ES00450,ES01168,ES512,ES512,intra_nuts3,true,10.0,intra_diagnostic,0.8,-541.02,0.0,28599.62,1.9
2024-08-26,17,64,LTGES0042b,71,72,ES00071,ES00072,ES111,ES111,intra_nuts3,true,10.0,intra_diagnostic,0.8,-540.77,0.0,28599.62,1.9
2025-06-30,20,567,LTGES0391,822,814,ES00831,ES00823,ES618,ES618,intra_nuts3,true,10.0,intra_diagnostic,0.8,70.7,0.0,3932.45,1.8
2025-06-24,12,1322,LTGES0869b,987,343,ES01001,ES00346,ES612,ES612,intra_nuts3,true,10.0,intra_diagnostic,0.8,-139.62,0.0,7864.9,1.8
2025-06-30,19,1656,LTGES1090,615,616,ES00620,ES00621,ES413,ES413,intra_nuts3,true,10.0,intra_diagnostic,0.8,-69.42,0.0,3932.45,1.8
2024-08-26,17,757,LTGES0523,725,858,ES00734,ES00867,ES413,ES413,intra_nuts3,true,10.0,intra_diagnostic,0.8,-250.55,0.0,14299.81,1.8
2025-06-30,18,1280,LTGES0842,979,554,ES00991,ES00559,ES120,ES120,intra_nuts3,true,10.0,intra_diagnostic,0.8,253.97,0.0,14299.81,1.8
2025-06-25,15,334,LTGES0232b,253,113,ES00256,ES00113,ES523,ES523,intra_nuts3,true,10.0,intra_diagnostic,0.8,-48.44,0.0,2706.99,1.8
2025-06-30,18,1582,LTGES1039,317,710,ES00320,ES00718,ES111,ES111,intra_nuts3,true,10.0,intra_diagnostic,0.8,68.9,0.0,3932.45,1.8
2024-08-22,10,732,LTGES0504,417,418,ES00420,ES00421,ES212,ES212,intra_nuts3,true,10.0,intra_diagnostic,0.8,68.95,0.0,3932.45,1.8
2025-06-24,12,1321,LTGES0869a,987,343,ES01001,ES00346,ES612,ES612,intra_nuts3,true,10.0,intra_diagnostic,0.8,-139.62,0.0,7864.9,1.8
2025-06-24,9,971,LTGES0650c,904,31,ES00915,ES00031,ES300,ES300,intra_nuts3,true,10.0,intra_diagnostic,0.8,-789.33,0.0,42899.43,1.8
2025-06-24,9,969,LTGES0650a,904,31,ES00915,ES00031,ES300,ES300,intra_nuts3,true,10.0,intra_diagnostic,0.8,-789.33,0.0,42899.43,1.8
2024-08-26,17,107,LTGES0074,55,688,ES00055,ES00695,ES418,ES418,intra_nuts3,true,10.0,intra_diagnostic,0.8,250.42,0.0,14299.81,1.8
2025-06-29,7,420,LTGES0288b,298,948,ES00301,ES00959,ES243,ES243,intra_nuts3,true,10.0,intra_diagnostic,0.8,-144.44,0.0,7864.9,1.8
2024-08-26,8,202,LTGES0147a,176,178,ES00179,ES00181,ES617,ES617,intra_nuts3,true,10.0,intra_diagnostic,0.8,-524.03,0.0,28599.62,1.8
2025-06-29,7,419,LTGES0288a,298,948,ES00301,ES00959,ES243,ES243,intra_nuts3,true,10.0,intra_diagnostic,0.8,-144.44,0.0,7864.9,1.8
2025-06-30,18,302,LTGES0217b,239,753,ES00242,ES00762,ES523,ES523,intra_nuts3,true,10.0,intra_diagnostic,0.8,510.81,0.0,28599.62,1.8
2025-06-30,19,1659,LTGES1093,159,617,ES00162,ES00622,ES413,ES413,intra_nuts3,true,10.0,intra_diagnostic,0.8,-69.36,0.0,3932.45,1.8
2024-08-22,17,1749,LTGES1150a,968,526,ES00979,ES00531,ES612,ES612,intra_nuts3,true,10.0,intra_diagnostic,0.8,138.08,0.0,7864.9,1.8
2025-06-30,18,301,LTGES0217a,239,753,ES00242,ES00762,ES523,ES523,intra_nuts3,true,10.0,intra_diagnostic,0.8,510.81,0.0,28599.62,1.8
2024-08-22,9,2219,TR_d8a27e68,974,975,ES00985,ES00986,ES120,ES120,intra_nuts3,true,10.0,intra_diagnostic,0.8,-28.91,0.0,1600.0,1.8
2025-06-25,17,540,LTGES0375b,9,334,ES00009,ES00337,ES618,ES618,intra_nuts3,true,10.0,intra_diagnostic,0.8,-512.92,0.0,28599.62,1.8
2024-08-24,20,1742,LTGES1145,778,290,ES00787,ES00293,ES413,ES413,intra_nuts3,true,10.0,intra_diagnostic,0.8,259.6,0.0,14299.81,1.8
2025-06-27,19,1986,LTGES1305,885,459,ES00894,ES00462,ES417,ES417,intra_nuts3,true,10.0,intra_diagnostic,0.8,-71.26,0.0,3932.45,1.8
2025-06-24,12,270,LTGES0196,343,958,ES00346,ES00969,ES612,ES612,intra_nuts3,true,10.0,intra_diagnostic,0.8,70.69,0.0,3932.45,1.8
2024-08-22,17,1750,LTGES1150b,968,526,ES00979,ES00531,ES612,ES612,intra_nuts3,true,10.0,intra_diagnostic,0.8,138.08,0.0,7864.9,1.8
2025-06-30,19,1657,LTGES1091,617,615,ES00622,ES00620,ES413,ES413,intra_nuts3,true,10.0,intra_diagnostic,0.8,-69.39,0.0,3932.45,1.8
2025-06-25,15,1070,LTGES0708a,924,175,ES00935,ES00178,ES617,ES617,intra_nuts3,true,10.0,intra_diagnostic,0.8,-137.93,0.0,7864.9,1.8
2024-08-26,8,553,LTGES0383,335,820,ES00338,ES00829,ES618,ES618,intra_nuts3,true,10.0,intra_diagnostic,0.8,-72.69,0.0,3932.45,1.8
2025-06-25,15,1071,LTGES0708b,924,175,ES00935,ES00178,ES617,ES617,intra_nuts3,true,10.0,intra_diagnostic,0.8,-137.93,0.0,7864.9,1.8
2025-06-25,17,539,LTGES0375a,9,334,ES00009,ES00337,ES618,ES618,intra_nuts3,true,10.0,intra_diagnostic,0.8,-512.92,0.0,28599.62,1.8
2024-08-26,8,203,LTGES0147b,176,178,ES00179,ES00181,ES617,ES617,intra_nuts3,true,10.0,intra_diagnostic,0.8,-524.03,0.0,28599.62,1.8
2025-06-24,9,970,LTGES0650b,904,31,ES00915,ES00031,ES300,ES300,intra_nuts3,true,10.0,intra_diagnostic,0.8,-789.33,0.0,42899.43,1.8
2024-08-26,18,544,LTGES0378a,333,34,ES00336,ES00034,ES618,ES618,intra_nuts3,true,10.0,intra_diagnostic,0.8,-140.45,0.0,7864.9,1.8
2025-06-25,15,333,LTGES0232a,253,113,ES00256,ES00113,ES523,ES523,intra_nuts3,true,10.0,intra_diagnostic,0.8,-48.44,0.0,2706.99,1.8
2024-08-22,9,2218,TR_2336bf3a,972,973,ES00983,ES00984,ES120,ES120,intra_nuts3,true,10.0,intra_diagnostic,0.8,-28.84,0.0,1600.0,1.8
2025-06-25,15,2323,TR_a4b2c097,255,256,ES00258,ES00259,ES523,ES523,intra_nuts3,true,10.0,intra_diagnostic,0.8,-28.25,0.0,1600.0,1.8
2024-08-26,18,545,LTGES0378b,333,34,ES00336,ES00034,ES618,ES618,intra_nuts3,true,10.0,intra_diagnostic,0.8,-140.45,0.0,7864.9,1.8
2025-06-30,19,894,LTGES0604c,280,892,ES00283,ES00901,ES243,ES243,intra_nuts3,true,10.0,intra_diagnostic,0.8,195.85,0.0,11797.34,1.7
2024-08-22,17,1099,LTGES0725b,240,938,ES00243,ES00949,ES523,ES523,intra_nuts3,true,10.0,intra_diagnostic,0.8,135.44,0.0,7864.9,1.7
2025-06-25,17,416,LTGES0286b,153,159,ES00156,ES00162,ES413,ES413,intra_nuts3,true,10.0,intra_diagnostic,0.8,-130.61,0.0,7864.9,1.7
2025-06-25,15,1507,LTGES0990,417,586,ES00420,ES00591,ES212,ES212,intra_nuts3,true,10.0,intra_diagnostic,0.8,68.47,0.0,3932.45,1.7
2025-06-27,19,131,LTGES0093a,40,132,ES00040,ES00132,ES414,ES414,intra_nuts3,true,10.0,intra_diagnostic,0.8,-135.65,0.0,7864.9,1.7
2024-08-26,17,1371,LTGES0900a,990,777,ES01004,ES00786,ES413,ES413,intra_nuts3,true,10.0,intra_diagnostic,0.8,473.66,0.0,28599.62,1.7
2025-06-30,19,892,LTGES0604a,280,892,ES00283,ES00901,ES243,ES243,intra_nuts3,true,10.0,intra_diagnostic,0.8,195.85,0.0,11797.34,1.7
2025-06-30,18,405,LTGES0278a,775,289,ES00784,ES00292,ES532,ES532,intra_nuts3,true,10.0,intra_diagnostic,0.8,132.89,0.0,7864.9,1.7
2025-06-29,23,385,LTGES0261b,277,772,ES00280,ES00781,ES243,ES243,intra_nuts3,true,10.0,intra_diagnostic,0.8,-480.38,0.0,28599.62,1.7
2025-06-25,15,1638,LTGES1078b,217,587,ES00220,ES00592,ES211,ES211,intra_nuts3,true,10.0,intra_diagnostic,0.8,-132.82,0.0,7864.9,1.7
2024-08-24,20,1125,LTGES0743a,364,505,ES00367,ES00508,ES521,ES521,intra_nuts3,true,10.0,intra_diagnostic,0.8,-134.02,0.0,7864.9,1.7
2024-08-24,20,1131,LTGES0746,932,510,ES00943,ES00513,ES521,ES521,intra_nuts3,true,10.0,intra_diagnostic,0.8,65.37,0.0,3932.45,1.7
2024-08-24,19,93,LTGES0064b,692,769,ES00699,ES00778,ES130,ES130,intra_nuts3,true,10.0,intra_diagnostic,0.8,-135.86,0.0,7864.9,1.7
2024-08-22,10,578,LTGES0401,342,339,ES00345,ES00342,ES618,ES618,intra_nuts3,true,10.0,intra_diagnostic,0.8,-67.59,0.0,3932.45,1.7
2025-06-24,17,255,LTGES0183,741,43,ES00750,ES00043,ES414,ES414,intra_nuts3,true,10.0,intra_diagnostic,0.8,-239.58,0.0,14299.81,1.7
2025-06-25,17,21,LTGES0013a,18,1085,ES00018,ES01103,ES300,ES300,intra_nuts3,true,10.0,intra_diagnostic,0.8,130.06,0.0,7864.9,1.7
2025-06-25,17,2000,LTGES1318,597,1213,ES00602,ES01234,ES300,ES300,intra_nuts3,true,10.0,intra_diagnostic,0.8,67.52,0.0,3932.45,1.7
2024-08-23,17,1036,LTGES0684b,911,142,ES00922,ES00145,ES300,ES300,intra_nuts3,true,10.0,intra_diagnostic,0.8,-129.97,0.0,7864.9,1.7
2025-06-24,12,1720,LTGES1131a,492,1071,ES00495,ES01086,ES614,ES614,intra_nuts3,true,10.0,intra_diagnostic,0.8,-130.63,0.0,7864.9,1.7
2024-08-22,17,1098,LTGES0725a,240,938,ES00243,ES00949,ES523,ES523,intra_nuts3,true,10.0,intra_diagnostic,0.8,135.44,0.0,7864.9,1.7
2024-08-24,20,53,LTGES0034,61,688,ES00061,ES00695,ES418,ES418,intra_nuts3,true,10.0,intra_diagnostic,0.8,245.28,0.0,14299.81,1.7
2025-06-30,19,893,LTGES0604b,280,892,ES00283,ES00901,ES243,ES243,intra_nuts3,true,10.0,intra_diagnostic,0.8,195.85,0.0,11797.34,1.7
2025-06-24,12,2138,LTGES1420,426,1234,ES00429,ES01257,ES618,ES618,intra_nuts3,true,10.0,intra_diagnostic,0.8,-68.17,0.0,3932.45,1.7
2024-08-26,17,362,LTGES0247b,160,777,ES00163,ES00786,ES413,ES413,intra_nuts3,true,10.0,intra_diagnostic,0.8,-473.18,0.0,28599.62,1.7
2025-06-30,18,406,LTGES0278b,775,289,ES00784,ES00292,ES532,ES532,intra_nuts3,true,10.0,intra_diagnostic,0.8,132.89,0.0,7864.9,1.7
2025-06-24,16,193,LTGES0140b,172,129,ES00175,ES00129,ES419,ES419,intra_nuts3,true,10.0,intra_diagnostic,0.8,-135.07,0.0,7864.9,1.7
2024-08-22,17,821,LTGES0560a,702,11,ES00709,ES00011,ES511,ES511,intra_nuts3,true,10.0,intra_diagnostic,0.8,-133.23,0.0,7864.9,1.7
2025-06-30,18,101,LTGES0069a,105,874,ES00105,ES00883,ES511,ES511,intra_nuts3,true,10.0,intra_diagnostic,0.8,-132.66,0.0,7864.9,1.7
2025-06-25,15,1897,LTGES1243a,1078,620,ES01094,ES00625,ES512,ES512,intra_nuts3,true,10.0,intra_diagnostic,0.8,477.3,0.0,28599.62,1.7
2024-08-20,0,631,LTGES0437b,238,363,ES00241,ES00366,ES523,ES523,intra_nuts3,true,10.0,intra_diagnostic,0.8,482.19,0.0,28599.62,1.7
2025-06-24,12,1721,LTGES1131b,492,1071,ES00495,ES01086,ES614,ES614,intra_nuts3,true,10.0,intra_diagnostic,0.8,-130.63,0.0,7864.9,1.7
2025-06-29,23,384,LTGES0261a,277,772,ES00280,ES00781,ES243,ES243,intra_nuts3,true,10.0,intra_diagnostic,0.8,-480.38,0.0,28599.62,1.7
2025-06-26,17,277,LTGES0202,703,741,ES00710,ES00750,ES414,ES414,intra_nuts3,true,10.0,intra_diagnostic,0.8,-237.9,0.0,14299.81,1.7
2025-06-25,17,415,LTGES0286a,153,159,ES00156,ES00162,ES413,ES413,intra_nuts3,true,10.0,intra_diagnostic,0.8,-130.61,0.0,7864.9,1.7
2025-06-25,17,696,LTGES0477a,840,393,ES00849,ES00396,ES616,ES616,intra_nuts3,true,10.0,intra_diagnostic,0.8,-133.61,0.0,7864.9,1.7
2025-06-24,12,1247,LTGES0820a,533,534,ES00538,ES00539,ES618,ES618,intra_nuts3,true,10.0,intra_diagnostic,0.8,-130.86,0.0,7864.9,1.7
2024-08-22,17,822,LTGES0560b,702,11,ES00709,ES00011,ES511,ES511,intra_nuts3,true,10.0,intra_diagnostic,0.8,-133.23,0.0,7864.9,1.7
2025-06-25,17,22,LTGES0013b,18,1085,ES00018,ES01103,ES300,ES300,intra_nuts3,true,10.0,intra_diagnostic,0.8,130.06,0.0,7864.9,1.7
2025-06-30,18,102,LTGES0069b,105,874,ES00105,ES00883,ES511,ES511,intra_nuts3,true,10.0,intra_diagnostic,0.8,-132.66,0.0,7864.9,1.7
2025-06-24,16,192,LTGES0140a,172,129,ES00175,ES00129,ES419,ES419,intra_nuts3,true,10.0,intra_diagnostic,0.8,-135.07,0.0,7864.9,1.7
2025-06-27,19,132,LTGES0093b,40,132,ES00040,ES00132,ES414,ES414,intra_nuts3,true,10.0,intra_diagnostic,0.8,-135.65,0.0,7864.9,1.7
2024-08-24,20,410,LTGES0282,779,778,ES00788,ES00787,ES413,ES413,intra_nuts3,true,10.0,intra_diagnostic,0.8,237.15,0.0,14299.81,1.7
2024-08-20,0,630,LTGES0437a,238,363,ES00241,ES00366,ES523,ES523,intra_nuts3,true,10.0,intra_diagnostic,0.8,482.19,0.0,28599.62,1.7
2024-08-26,17,361,LTGES0247a,160,777,ES00163,ES00786,ES413,ES413,intra_nuts3,true,10.0,intra_diagnostic,0.8,-473.18,0.0,28599.62,1.7
2024-08-24,20,1126,LTGES0743b,364,505,ES00367,ES00508,ES521,ES521,intra_nuts3,true,10.0,intra_diagnostic,0.8,-134.02,0.0,7864.9,1.7
2024-08-26,17,111,LTGES0078a,111,55,ES00111,ES00055,ES418,ES418,intra_nuts3,true,10.0,intra_diagnostic,0.8,-488.82,0.0,28599.62,1.7
2025-06-25,15,1637,LTGES1078a,217,587,ES00220,ES00592,ES211,ES211,intra_nuts3,true,10.0,intra_diagnostic,0.8,-132.82,0.0,7864.9,1.7
2025-06-25,15,1898,LTGES1243b,1078,620,ES01094,ES00625,ES512,ES512,intra_nuts3,true,10.0,intra_diagnostic,0.8,477.3,0.0,28599.62,1.7
2025-06-25,15,1900,LTGES1244b,1078,620,ES01094,ES00625,ES512,ES512,intra_nuts3,true,10.0,intra_diagnostic,0.8,477.3,0.0,28599.62,1.7
2025-06-25,15,1899,LTGES1244a,1078,620,ES01094,ES00625,ES512,ES512,intra_nuts3,true,10.0,intra_diagnostic,0.8,477.3,0.0,28599.62,1.7
2024-08-26,17,112,LTGES0078b,111,55,ES00111,ES00055,ES418,ES418,intra_nuts3,true,10.0,intra_diagnostic,0.8,-488.82,0.0,28599.62,1.7
2024-08-23,17,1035,LTGES0684a,911,142,ES00922,ES00145,ES300,ES300,intra_nuts3,true,10.0,intra_diagnostic,0.8,-129.97,0.0,7864.9,1.7
2024-08-24,19,92,LTGES0064a,692,769,ES00699,ES00778,ES130,ES130,intra_nuts3,true,10.0,intra_diagnostic,0.8,-135.86,0.0,7864.9,1.7
2025-06-24,12,1248,LTGES0820b,533,534,ES00538,ES00539,ES618,ES618,intra_nuts3,true,10.0,intra_diagnostic,0.8,-130.86,0.0,7864.9,1.7
2024-08-26,17,200,LTGES0145,160,725,ES00163,ES00734,ES413,ES413,intra_nuts3,true,10.0,intra_diagnostic,0.8,-249.88,0.0,14299.81,1.7
2025-06-25,17,697,LTGES0477b,840,393,ES00849,ES00396,ES616,ES616,intra_nuts3,true,10.0,intra_diagnostic,0.8,-133.61,0.0,7864.9,1.7
2024-08-26,17,1372,LTGES0900b,990,777,ES01004,ES00786,ES413,ES413,intra_nuts3,true,10.0,intra_diagnostic,0.8,473.66,0.0,28599.62,1.7
2025-06-25,15,676,LTGES0466a,837,391,ES00846,ES00394,ES613,ES613,intra_nuts3,true,10.0,intra_diagnostic,0.8,122.59,0.0,7864.9,1.6
2025-06-25,17,968,LTGES0649b,30,28,ES00030,ES00028,ES300,ES300,intra_nuts3,true,10.0,intra_diagnostic,0.8,-121.93,0.0,7864.9,1.6
2024-08-22,9,1228,LTGES0806a,133,960,ES00134,ES00971,ES220,ES220,intra_nuts3,true,10.0,intra_diagnostic,0.8,126.95,0.0,7864.9,1.6
2025-06-24,9,1678,LTGES1106,583,1081,ES00588,ES01097,ES213,ES213,intra_nuts3,true,10.0,intra_diagnostic,0.8,63.9,0.0,3932.45,1.6
2025-06-25,15,677,LTGES0466b,837,391,ES00846,ES00394,ES613,ES613,intra_nuts3,true,10.0,intra_diagnostic,0.8,122.59,0.0,7864.9,1.6
2025-06-24,17,278,LTGES0203,721,154,ES00730,ES00157,ES413,ES413,intra_nuts3,true,10.0,intra_diagnostic,0.8,223.86,0.0,14299.81,1.6
2024-08-26,8,1072,LTGES0709a,926,500,ES00937,ES00503,ES617,ES617,intra_nuts3,true,10.0,intra_diagnostic,0.8,-123.33,0.0,7864.9,1.6
2024-08-24,19,1756,LTGES1154b,146,140,ES00149,ES00143,ES300,ES300,intra_nuts3,true,10.0,intra_diagnostic,0.8,121.95,0.0,7864.9,1.6
2024-08-22,9,897,LTGES0606a,280,948,ES00283,ES00959,ES243,ES243,intra_nuts3,true,10.0,intra_diagnostic,0.8,-129.56,0.0,7864.9,1.6
2025-06-27,19,499,LTGES0346,318,319,ES00321,ES00322,ES111,ES111,intra_nuts3,true,10.0,intra_diagnostic,0.8,63.32,0.0,3932.45,1.6
2025-06-25,17,1567,LTGES1030b,7,183,ES00007,ES00186,ES612,ES612,intra_nuts3,true,10.0,intra_diagnostic,0.8,458.4,0.0,28599.62,1.6
2025-06-25,11,783,LTGES0541a,433,208,ES00436,ES00211,ES511,ES511,intra_nuts3,true,10.0,intra_diagnostic,0.8,458.72,0.0,28599.62,1.6
2024-08-26,8,1073,LTGES0709b,926,500,ES00937,ES00503,ES617,ES617,intra_nuts3,true,10.0,intra_diagnostic,0.8,-123.33,0.0,7864.9,1.6
2025-06-27,20,444,LTGES0305b,307,706,ES00310,ES00713,ES414,ES414,intra_nuts3,true,10.0,intra_diagnostic,0.8,125.69,0.0,7864.9,1.6
2024-08-24,20,411,LTGES0283,154,779,ES00157,ES00788,ES413,ES413,intra_nuts3,true,10.0,intra_diagnostic,0.8,233.79,0.0,14299.81,1.6
2025-06-25,17,967,LTGES0649a,30,28,ES00030,ES00028,ES300,ES300,intra_nuts3,true,10.0,intra_diagnostic,0.8,-121.93,0.0,7864.9,1.6
2024-08-26,8,1031,LTGES0681b,89,915,ES00089,ES00926,ES418,ES418,intra_nuts3,true,10.0,intra_diagnostic,0.8,672.58,0.0,42899.43,1.6
2025-06-24,13,285,LTGES0207,748,233,ES00757,ES00236,ES522,ES522,intra_nuts3,true,10.0,intra_diagnostic,0.8,62.7,0.0,3932.45,1.6
2024-08-22,9,898,LTGES0606b,280,948,ES00283,ES00959,ES243,ES243,intra_nuts3,true,10.0,intra_diagnostic,0.8,-129.56,0.0,7864.9,1.6
2025-06-25,17,1566,LTGES1030a,7,183,ES00007,ES00186,ES612,ES612,intra_nuts3,true,10.0,intra_diagnostic,0.8,458.4,0.0,28599.62,1.6
2024-08-24,19,1755,LTGES1154a,146,140,ES00149,ES00143,ES300,ES300,intra_nuts3,true,10.0,intra_diagnostic,0.8,121.95,0.0,7864.9,1.6
2025-06-25,15,380,LTGES0259a,771,770,ES00780,ES00779,ES130,ES130,intra_nuts3,true,10.0,intra_diagnostic,0.8,-460.56,0.0,28599.62,1.6
2025-06-25,15,381,LTGES0259b,771,770,ES00780,ES00779,ES130,ES130,intra_nuts3,true,10.0,intra_diagnostic,0.8,-460.56,0.0,28599.62,1.6
2024-08-22,17,866,LTGES0587b,883,772,ES00892,ES00781,ES243,ES243,intra_nuts3,true,10.0,intra_diagnostic,0.8,450.9,0.0,28599.62,1.6
2025-06-30,20,2099,LTGES1389,1216,411,ES01237,ES00414,ES242,ES242,intra_nuts3,true,10.0,intra_diagnostic,0.8,61.02,0.0,3932.45,1.6
2024-08-26,8,1032,LTGES0681c,89,915,ES00089,ES00926,ES418,ES418,intra_nuts3,true,10.0,intra_diagnostic,0.8,672.58,0.0,42899.43,1.6
2025-06-27,20,443,LTGES0305a,307,706,ES00310,ES00713,ES414,ES414,intra_nuts3,true,10.0,intra_diagnostic,0.8,125.69,0.0,7864.9,1.6
2024-08-26,8,1030,LTGES0681a,89,915,ES00089,ES00926,ES418,ES418,intra_nuts3,true,10.0,intra_diagnostic,0.8,672.58,0.0,42899.43,1.6
2024-08-22,9,1229,LTGES0806b,133,960,ES00134,ES00971,ES220,ES220,intra_nuts3,true,10.0,intra_diagnostic,0.8,126.95,0.0,7864.9,1.6
2024-08-22,17,865,LTGES0587a,883,772,ES00892,ES00781,ES243,ES243,intra_nuts3,true,10.0,intra_diagnostic,0.8,450.9,0.0,28599.62,1.6
2025-06-24,14,534,LTGES0372,330,331,ES00333,ES00334,ES431,ES431,intra_nuts3,true,10.0,intra_diagnostic,0.8,64.14,0.0,3932.45,1.6
2025-06-30,18,1878,LTGES1231,149,133,ES00152,ES00134,ES220,ES220,intra_nuts3,true,10.0,intra_diagnostic,0.8,-63.69,0.0,3932.45,1.6
2025-06-25,11,784,LTGES0541b,433,208,ES00436,ES00211,ES511,ES511,intra_nuts3,true,10.0,intra_diagnostic,0.8,458.72,0.0,28599.62,1.6
2025-06-27,8,280,LTGES0204b,5,230,ES00005,ES00233,ES511,ES511,intra_nuts3,true,10.0,intra_diagnostic,0.8,119.76,0.0,7864.9,1.5
2025-06-24,12,1249,LTGES0821,967,189,ES00978,ES00192,ES612,ES612,intra_nuts3,true,10.0,intra_diagnostic,0.8,60.62,0.0,3932.45,1.5
2024-08-24,19,824,LTGES0561b,874,202,ES00883,ES00205,ES511,ES511,intra_nuts3,true,10.0,intra_diagnostic,0.8,-117.42,0.0,7864.9,1.5
2025-06-24,12,41,LTGES0026b,47,48,ES00047,ES00048,ES511,ES511,intra_nuts3,true,10.0,intra_diagnostic,0.8,116.86,0.0,7864.9,1.5
2024-08-22,10,1190,LTGES0780a,203,211,ES00206,ES00214,ES511,ES511,intra_nuts3,true,10.0,intra_diagnostic,0.8,420.64,0.0,28599.62,1.5
2025-06-25,17,19,LTGES0012a,1065,22,ES01080,ES00022,ES300,ES300,intra_nuts3,true,10.0,intra_diagnostic,0.8,116.54,0.0,7864.9,1.5
2024-08-24,6,1104,LTGES0729,937,240,ES00948,ES00243,ES523,ES523,intra_nuts3,true,10.0,intra_diagnostic,0.8,-58.31,0.0,3932.45,1.5
2025-06-27,19,875,LTGES0593a,276,461,ES00279,ES00464,ES243,ES243,intra_nuts3,true,10.0,intra_diagnostic,0.8,-119.23,0.0,7864.9,1.5
2025-06-30,19,1880,LTGES1232b,383,1141,ES00386,ES01161,ES242,ES242,intra_nuts3,true,10.0,intra_diagnostic,0.8,435.3,0.0,28599.62,1.5
2025-06-30,20,1222,LTGES0802b,726,183,ES00735,ES00186,ES612,ES612,intra_nuts3,true,10.0,intra_diagnostic,0.8,425.8,0.0,28599.62,1.5
2024-08-24,20,1479,LTGES0971a,45,1017,ES00045,ES01031,ES213,ES213,intra_nuts3,true,10.0,intra_diagnostic,0.8,120.28,0.0,7864.9,1.5
2025-06-24,12,40,LTGES0026a,47,48,ES00047,ES00048,ES511,ES511,intra_nuts3,true,10.0,intra_diagnostic,0.8,116.86,0.0,7864.9,1.5
2024-08-22,17,2312,TR_f4298876,754,755,ES00763,ES00764,ES523,ES523,intra_nuts3,true,10.0,intra_diagnostic,0.8,-23.86,0.0,1600.0,1.5
2025-06-30,20,1964,LTGES1287,1164,657,ES01184,ES00663,ES242,ES242,intra_nuts3,true,10.0,intra_diagnostic,0.8,57.35,0.0,3932.45,1.5
2025-06-25,17,1153,LTGES0760a,127,242,ES00127,ES00245,ES415,ES415,intra_nuts3,true,10.0,intra_diagnostic,0.8,116.02,0.0,7864.9,1.5
2024-08-22,10,1191,LTGES0780b,203,211,ES00206,ES00214,ES511,ES511,intra_nuts3,true,10.0,intra_diagnostic,0.8,420.64,0.0,28599.62,1.5
2025-06-24,12,2118,LTGES1404,671,1226,ES00678,ES01249,ES431,ES431,intra_nuts3,true,10.0,intra_diagnostic,0.8,-57.32,0.0,3932.45,1.5
2025-06-30,20,1969,LTGES1292,658,1170,ES00664,ES01190,ES418,ES418,intra_nuts3,true,10.0,intra_diagnostic,0.8,-57.47,0.0,3932.45,1.5
2024-08-24,19,823,LTGES0561a,874,202,ES00883,ES00205,ES511,ES511,intra_nuts3,true,10.0,intra_diagnostic,0.8,-117.42,0.0,7864.9,1.5
2025-06-27,8,279,LTGES0204a,5,230,ES00005,ES00233,ES511,ES511,intra_nuts3,true,10.0,intra_diagnostic,0.8,119.76,0.0,7864.9,1.5
2024-08-24,20,1283,LTGES0844a,548,547,ES00553,ES00552,ES120,ES120,intra_nuts3,true,10.0,intra_diagnostic,0.8,435.94,0.0,28599.62,1.5
2024-08-26,8,946,LTGES0635a,716,165,ES00725,ES00168,ES432,ES432,intra_nuts3,true,10.0,intra_diagnostic,0.8,118.9,0.0,7864.9,1.5
2025-06-25,17,1154,LTGES0760b,127,242,ES00127,ES00245,ES415,ES415,intra_nuts3,true,10.0,intra_diagnostic,0.8,116.02,0.0,7864.9,1.5
2025-06-27,19,876,LTGES0593b,276,461,ES00279,ES00464,ES243,ES243,intra_nuts3,true,10.0,intra_diagnostic,0.8,-119.23,0.0,7864.9,1.5
2024-08-24,20,1284,LTGES0844b,548,547,ES00553,ES00552,ES120,ES120,intra_nuts3,true,10.0,intra_diagnostic,0.8,435.94,0.0,28599.62,1.5
2024-08-24,20,1480,LTGES0971b,45,1017,ES00045,ES01031,ES213,ES213,intra_nuts3,true,10.0,intra_diagnostic,0.8,120.28,0.0,7864.9,1.5
2025-06-24,13,1952,LTGES1277,1155,532,ES01175,ES00537,ES613,ES613,intra_nuts3,true,10.0,intra_diagnostic,0.8,59.37,0.0,3932.45,1.5
2025-06-30,19,1879,LTGES1232a,383,1141,ES00386,ES01161,ES242,ES242,intra_nuts3,true,10.0,intra_diagnostic,0.8,435.3,0.0,28599.62,1.5
2024-08-26,8,947,LTGES0635b,716,165,ES00725,ES00168,ES432,ES432,intra_nuts3,true,10.0,intra_diagnostic,0.8,118.9,0.0,7864.9,1.5
2025-06-30,20,1221,LTGES0802a,726,183,ES00735,ES00186,ES612,ES612,intra_nuts3,true,10.0,intra_diagnostic,0.8,425.8,0.0,28599.62,1.5
2025-06-25,17,20,LTGES0012b,1065,22,ES01080,ES00022,ES300,ES300,intra_nuts3,true,10.0,intra_diagnostic,0.8,116.54,0.0,7864.9,1.5
2024-08-22,17,2306,TR_161e09c2,249,250,ES00252,ES00253,ES523,ES523,intra_nuts3,true,10.0,intra_diagnostic,0.8,-22.09,0.0,1600.0,1.4
2025-06-29,7,1882,LTGES1233b,647,80,ES00653,ES00080,ES242,ES242,intra_nuts3,true,10.0,intra_diagnostic,0.8,389.89,0.0,28599.62,1.4
2024-08-24,21,1156,LTGES0761b,127,242,ES00127,ES00245,ES415,ES415,intra_nuts3,true,10.0,intra_diagnostic,0.8,106.44,0.0,7864.9,1.4
2024-08-26,17,1730,LTGES1137b,714,162,ES00723,ES00165,ES413,ES413,intra_nuts3,true,10.0,intra_diagnostic,0.8,402.84,0.0,28599.62,1.4
2025-06-24,13,374,LTGES0256a,234,260,ES00237,ES00263,ES522,ES522,intra_nuts3,true,10.0,intra_diagnostic,0.8,113.62,0.0,7864.9,1.4
2025-06-29,7,653,LTGES0452a,208,743,ES00211,ES00752,ES511,ES511,intra_nuts3,true,10.0,intra_diagnostic,0.8,402.22,0.0,28599.62,1.4
2024-08-26,8,1160,LTGES0764a,562,24,ES00567,ES00024,ES300,ES300,intra_nuts3,true,10.0,intra_diagnostic,0.8,-113.23,0.0,7864.9,1.4
2025-06-24,14,2039,LTGES1343,1049,402,ES01063,ES00405,ES422,ES422,intra_nuts3,true,10.0,intra_diagnostic,0.8,-54.05,0.0,3932.45,1.4
2024-08-24,20,904,LTGES0610b,81,298,ES00081,ES00301,ES243,ES243,intra_nuts3,true,10.0,intra_diagnostic,0.8,107.25,0.0,7864.9,1.4
2025-06-24,12,956,LTGES0640b,426,339,ES00429,ES00342,ES618,ES618,intra_nuts3,true,10.0,intra_diagnostic,0.8,-111.05,0.0,7864.9,1.4
2024-08-25,8,1289,LTGES0849a,553,980,ES00558,ES00994,ES120,ES120,intra_nuts3,true,10.0,intra_diagnostic,0.8,111.83,0.0,7864.9,1.4
2025-06-27,8,819,LTGES0559a,1214,702,ES01235,ES00709,ES511,ES511,intra_nuts3,true,10.0,intra_diagnostic,0.8,-106.21,0.0,7864.9,1.4
2025-06-25,15,779,LTGES0539a,434,432,ES00437,ES00435,ES511,ES511,intra_nuts3,true,10.0,intra_diagnostic,0.8,-113.23,0.0,7864.9,1.4
2025-06-25,17,772,LTGES0534a,70,431,ES00070,ES00434,ES111,ES111,intra_nuts3,true,10.0,intra_diagnostic,0.8,-107.89,0.0,7864.9,1.4
2024-08-24,19,598,LTGES0414,345,1064,ES00348,ES01079,ES620,ES620,intra_nuts3,true,10.0,intra_diagnostic,0.8,-196.84,0.0,14299.81,1.4
2025-06-24,13,375,LTGES0256b,234,260,ES00237,ES00263,ES522,ES522,intra_nuts3,true,10.0,intra_diagnostic,0.8,113.62,0.0,7864.9,1.4
2025-06-25,17,1826,LTGES1200,634,1121,ES00640,ES01141,ES417,ES417,intra_nuts3,true,10.0,intra_diagnostic,0.8,-53.76,0.0,3932.45,1.4
2024-08-24,20,2242,TR_6f82474d,596,597,ES00601,ES00602,ES300,ES300,intra_nuts3,true,10.0,intra_diagnostic,0.8,-21.64,0.0,1600.0,1.4
2024-08-25,8,1290,LTGES0849b,553,980,ES00558,ES00994,ES120,ES120,intra_nuts3,true,10.0,intra_diagnostic,0.8,111.83,0.0,7864.9,1.4
2025-06-29,7,654,LTGES0452b,208,743,ES00211,ES00752,ES511,ES511,intra_nuts3,true,10.0,intra_diagnostic,0.8,402.22,0.0,28599.62,1.4
2024-08-22,17,2313,TR_7cb91515,253,254,ES00256,ES00257,ES523,ES523,intra_nuts3,true,10.0,intra_diagnostic,0.8,-22.85,0.0,1600.0,1.4
2025-06-25,15,2145,LTGES1424,748,750,ES00757,ES00759,ES522,ES522,intra_nuts3,true,10.0,intra_diagnostic,0.8,-53.38,0.0,3932.45,1.4
2024-08-24,20,903,LTGES0610a,81,298,ES00081,ES00301,ES243,ES243,intra_nuts3,true,10.0,intra_diagnostic,0.8,107.25,0.0,7864.9,1.4
2024-08-22,17,2307,TR_a6acaf6d,246,247,ES00249,ES00250,ES523,ES523,intra_nuts3,true,10.0,intra_diagnostic,0.8,-33.43,0.0,2400.0,1.4
2025-06-27,8,820,LTGES0559b,1214,702,ES01235,ES00709,ES511,ES511,intra_nuts3,true,10.0,intra_diagnostic,0.8,-106.21,0.0,7864.9,1.4
2025-06-25,15,780,LTGES0539b,434,432,ES00437,ES00435,ES511,ES511,intra_nuts3,true,10.0,intra_diagnostic,0.8,-113.23,0.0,7864.9,1.4
2024-08-26,17,1729,LTGES1137a,714,162,ES00723,ES00165,ES413,ES413,intra_nuts3,true,10.0,intra_diagnostic,0.8,402.84,0.0,28599.62,1.4
2024-08-26,8,1161,LTGES0764b,562,24,ES00567,ES00024,ES300,ES300,intra_nuts3,true,10.0,intra_diagnostic,0.8,-113.23,0.0,7864.9,1.4
2024-08-22,17,2309,TR_9657d8d2,251,252,ES00254,ES00255,ES523,ES523,intra_nuts3,true,10.0,intra_diagnostic,0.8,-21.91,0.0,1600.0,1.4
2025-06-29,7,1881,LTGES1233a,647,80,ES00653,ES00080,ES242,ES242,intra_nuts3,true,10.0,intra_diagnostic,0.8,389.89,0.0,28599.62,1.4
2024-08-22,10,2054,LTGES1357,1065,1219,ES01080,ES01240,ES300,ES300,intra_nuts3,true,10.0,intra_diagnostic,0.8,54.46,0.0,3932.45,1.4
2025-06-24,11,526,LTGES0365,327,328,ES00330,ES00331,ES431,ES431,intra_nuts3,true,10.0,intra_diagnostic,0.8,-198.16,0.0,14299.81,1.4
2024-08-24,6,1130,LTGES0745b,505,939,ES00508,ES00950,ES521,ES521,intra_nuts3,true,10.0,intra_diagnostic,0.8,106.69,0.0,7864.9,1.4
2025-06-24,12,955,LTGES0640a,426,339,ES00429,ES00342,ES618,ES618,intra_nuts3,true,10.0,intra_diagnostic,0.8,-111.05,0.0,7864.9,1.4
2024-08-22,9,566,LTGES0390,337,824,ES00340,ES00833,ES618,ES618,intra_nuts3,true,10.0,intra_diagnostic,0.8,53.38,0.0,3932.45,1.4
2024-08-24,21,1155,LTGES0761a,127,242,ES00127,ES00245,ES415,ES415,intra_nuts3,true,10.0,intra_diagnostic,0.8,106.44,0.0,7864.9,1.4
2025-06-25,17,773,LTGES0534b,70,431,ES00070,ES00434,ES111,ES111,intra_nuts3,true,10.0,intra_diagnostic,0.8,-107.89,0.0,7864.9,1.4
2024-08-24,6,1129,LTGES0745a,505,939,ES00508,ES00950,ES521,ES521,intra_nuts3,true,10.0,intra_diagnostic,0.8,106.69,0.0,7864.9,1.4
2025-06-24,13,579,LTGES0402,901,342,ES00910,ES00345,ES618,ES618,intra_nuts3,true,10.0,intra_diagnostic,0.8,-53.78,0.0,3932.45,1.4
2024-08-22,17,401,LTGES0274,287,285,ES00290,ES00288,ES532,ES532,intra_nuts3,true,10.0,intra_diagnostic,0.8,-49.7,0.0,3932.45,1.3
2025-06-25,15,843,LTGES0572a,434,863,ES00437,ES00872,ES511,ES511,intra_nuts3,true,10.0,intra_diagnostic,0.8,103.93,0.0,7864.9,1.3
2025-06-25,15,318,LTGES0224b,247,250,ES00250,ES00253,ES523,ES523,intra_nuts3,true,10.0,intra_diagnostic,0.8,101.39,0.0,7864.9,1.3
2025-06-29,7,1829,LTGES1203a,539,635,ES00544,ES00641,ES112,ES112,intra_nuts3,true,10.0,intra_diagnostic,0.8,378.33,0.0,28599.62,1.3
2025-06-24,14,729,LTGES0502a,382,414,ES00385,ES00417,ES242,ES242,intra_nuts3,true,10.0,intra_diagnostic,0.8,-102.27,0.0,7864.9,1.3
2025-06-25,17,1967,LTGES1290,1167,1166,ES01187,ES01186,ES300,ES300,intra_nuts3,true,10.0,intra_diagnostic,0.8,-50.0,0.0,3932.45,1.3
2025-06-25,17,2102,LTGES1391b,412,383,ES00415,ES00386,ES242,ES242,intra_nuts3,true,10.0,intra_diagnostic,0.8,376.29,0.0,28599.62,1.3
2025-06-24,12,2050,LTGES1352,156,1203,ES00159,ES01223,ES432,ES432,intra_nuts3,true,10.0,intra_diagnostic,0.8,-191.34,0.0,14299.81,1.3
2025-06-30,20,1572,LTGES1033,1036,371,ES01050,ES00374,ES514,ES514,intra_nuts3,true,10.0,intra_diagnostic,0.8,49.26,0.0,3932.45,1.3
2025-06-25,15,1543,LTGES1014b,73,1033,ES00073,ES01047,ES130,ES130,intra_nuts3,true,10.0,intra_diagnostic,0.8,-104.8,0.0,7864.9,1.3
2024-08-26,17,168,LTGES0124b,160,714,ES00163,ES00723,ES413,ES413,intra_nuts3,true,10.0,intra_diagnostic,0.8,364.92,0.0,28599.62,1.3
2024-08-26,17,167,LTGES0124a,160,714,ES00163,ES00723,ES413,ES413,intra_nuts3,true,10.0,intra_diagnostic,0.8,364.92,0.0,28599.62,1.3
2025-06-30,20,463,LTGES0321a,788,311,ES00797,ES00314,ES113,ES112,inter_nuts3,false,1.5,inter_allowance,0.8,15.56,0.0,1179.73,1.3
2024-08-20,18,479,LTGES0330b,766,270,ES00775,ES00273,ES130,ES130,intra_nuts3,true,10.0,intra_diagnostic,0.8,100.71,0.0,7864.9,1.3
2025-06-27,21,1368,LTGES0898a,70,565,ES00070,ES00570,ES111,ES111,intra_nuts3,true,10.0,intra_diagnostic,0.8,-99.22,0.0,7864.9,1.3
2025-06-25,15,813,LTGES0555b,445,446,ES00448,ES00449,ES514,ES514,intra_nuts3,true,10.0,intra_diagnostic,0.8,104.35,0.0,7864.9,1.3
2025-06-24,14,2092,LTGES1385a,622,409,ES00628,ES00412,ES242,ES242,intra_nuts3,true,10.0,intra_diagnostic,0.8,-104.77,0.0,7864.9,1.3
2024-08-22,17,402,LTGES0275,287,285,ES00290,ES00288,ES532,ES532,intra_nuts3,true,10.0,intra_diagnostic,0.8,-50.45,0.0,3932.45,1.3
2025-06-25,15,812,LTGES0555a,445,446,ES00448,ES00449,ES514,ES514,intra_nuts3,true,10.0,intra_diagnostic,0.8,104.35,0.0,7864.9,1.3
2025-06-25,15,1537,LTGES1011a,597,599,ES00602,ES00604,ES300,ES300,intra_nuts3,true,10.0,intra_diagnostic,0.8,-102.68,0.0,7864.9,1.3
2025-06-25,15,2146,LTGES1425,748,231,ES00757,ES00234,ES522,ES522,intra_nuts3,true,10.0,intra_diagnostic,0.8,-52.72,0.0,3932.45,1.3
2025-06-25,17,1888,LTGES1236b,679,648,ES00686,ES00654,ES300,ES300,intra_nuts3,true,10.0,intra_diagnostic,0.8,102.06,0.0,7864.9,1.3
2025-06-24,14,2094,LTGES1386a,622,414,ES00628,ES00417,ES242,ES242,intra_nuts3,true,10.0,intra_diagnostic,0.8,102.81,0.0,7864.9,1.3
2024-08-24,19,1891,LTGES1238b,511,240,ES00514,ES00243,ES523,ES523,intra_nuts3,true,10.0,intra_diagnostic,0.8,-98.91,0.0,7864.9,1.3
2025-06-25,15,322,LTGES0226b,250,252,ES00253,ES00255,ES523,ES523,intra_nuts3,true,10.0,intra_diagnostic,0.8,100.32,0.0,7864.9,1.3
2024-08-24,19,1890,LTGES1238a,511,240,ES00514,ES00243,ES523,ES523,intra_nuts3,true,10.0,intra_diagnostic,0.8,-98.91,0.0,7864.9,1.3
2024-08-22,9,2250,TR_98b6cb57,484,485,ES00487,ES00488,ES300,ES300,intra_nuts3,true,10.0,intra_diagnostic,0.8,-50.14,0.0,3840.0,1.3
2024-08-20,18,478,LTGES0330a,766,270,ES00775,ES00273,ES130,ES130,intra_nuts3,true,10.0,intra_diagnostic,0.8,100.71,0.0,7864.9,1.3
2024-08-26,17,1355,LTGES0892b,162,160,ES00165,ES00163,ES413,ES413,intra_nuts3,true,10.0,intra_diagnostic,0.8,-371.21,0.0,28599.62,1.3
2024-08-22,17,1466,LTGES0960b,852,581,ES00861,ES00586,ES213,ES213,intra_nuts3,true,10.0,intra_diagnostic,0.8,-102.14,0.0,7864.9,1.3
2024-08-22,17,1465,LTGES0960a,852,581,ES00861,ES00586,ES213,ES213,intra_nuts3,true,10.0,intra_diagnostic,0.8,-102.14,0.0,7864.9,1.3
2025-06-29,7,1830,LTGES1203b,539,635,ES00544,ES00641,ES112,ES112,intra_nuts3,true,10.0,intra_diagnostic,0.8,378.33,0.0,28599.62,1.3
2025-06-30,19,1339,LTGES0882b,222,988,ES00225,ES01002,ES130,ES130,intra_nuts3,true,10.0,intra_diagnostic,0.8,-105.62,0.0,7864.9,1.3
2025-06-30,19,1338,LTGES0882a,222,988,ES00225,ES01002,ES130,ES130,intra_nuts3,true,10.0,intra_diagnostic,0.8,-105.62,0.0,7864.9,1.3
2025-06-25,15,317,LTGES0224a,247,250,ES00250,ES00253,ES523,ES523,intra_nuts3,true,10.0,intra_diagnostic,0.8,101.39,0.0,7864.9,1.3
2025-06-24,13,2328,TR_e8bfe4d3,259,260,ES00262,ES00263,ES522,ES522,intra_nuts3,true,10.0,intra_diagnostic,0.8,-30.38,0.0,2400.0,1.3
2024-08-22,10,2249,TR_6b7707a8,598,599,ES00603,ES00604,ES300,ES300,intra_nuts3,true,10.0,intra_diagnostic,0.8,-20.33,0.0,1600.0,1.3
2024-08-26,8,1857,LTGES1217,36,641,ES00036,ES00647,ES431,ES431,intra_nuts3,true,10.0,intra_diagnostic,0.8,-180.74,0.0,14299.81,1.3
2024-08-20,0,1159,LTGES0763,949,430,ES00960,ES00433,ES111,ES111,intra_nuts3,true,10.0,intra_diagnostic,0.8,50.85,0.0,3932.45,1.3
2025-06-25,15,844,LTGES0572b,434,863,ES00437,ES00872,ES511,ES511,intra_nuts3,true,10.0,intra_diagnostic,0.8,103.93,0.0,7864.9,1.3
2024-08-22,16,700,LTGES0479,400,148,ES00403,ES00151,ES422,ES422,intra_nuts3,true,10.0,intra_diagnostic,0.8,51.76,0.0,3932.45,1.3
2025-06-24,14,730,LTGES0502b,382,414,ES00385,ES00417,ES242,ES242,intra_nuts3,true,10.0,intra_diagnostic,0.8,-102.27,0.0,7864.9,1.3
2024-08-26,17,1354,LTGES0892a,162,160,ES00165,ES00163,ES413,ES413,intra_nuts3,true,10.0,intra_diagnostic,0.8,-371.21,0.0,28599.62,1.3
2025-06-25,17,1887,LTGES1236a,679,648,ES00686,ES00654,ES300,ES300,intra_nuts3,true,10.0,intra_diagnostic,0.8,102.06,0.0,7864.9,1.3
2025-06-25,15,1269,LTGES0834,103,997,ES00103,ES01011,ES120,ES120,intra_nuts3,true,10.0,intra_diagnostic,0.8,50.4,0.0,3932.45,1.3
2025-06-30,20,464,LTGES0321b,788,311,ES00797,ES00314,ES113,ES112,inter_nuts3,false,1.5,inter_allowance,0.8,15.56,0.0,1179.73,1.3
2025-06-25,15,321,LTGES0226a,250,252,ES00253,ES00255,ES523,ES523,intra_nuts3,true,10.0,intra_diagnostic,0.8,100.32,0.0,7864.9,1.3
2025-06-25,17,2101,LTGES1391a,412,383,ES00415,ES00386,ES242,ES242,intra_nuts3,true,10.0,intra_diagnostic,0.8,376.29,0.0,28599.62,1.3
2025-06-25,15,1538,LTGES1011b,597,599,ES00602,ES00604,ES300,ES300,intra_nuts3,true,10.0,intra_diagnostic,0.8,-102.68,0.0,7864.9,1.3
2025-06-25,15,1542,LTGES1014a,73,1033,ES00073,ES01047,ES130,ES130,intra_nuts3,true,10.0,intra_diagnostic,0.8,-104.8,0.0,7864.9,1.3
2025-06-27,21,1369,LTGES0898b,70,565,ES00070,ES00570,ES111,ES111,intra_nuts3,true,10.0,intra_diagnostic,0.8,-99.22,0.0,7864.9,1.3
2025-06-24,14,2095,LTGES1386b,622,414,ES00628,ES00417,ES242,ES242,intra_nuts3,true,10.0,intra_diagnostic,0.8,102.81,0.0,7864.9,1.3
2025-06-24,14,2093,LTGES1385b,622,409,ES00628,ES00412,ES242,ES242,intra_nuts3,true,10.0,intra_diagnostic,0.8,-104.77,0.0,7864.9,1.3
2024-08-24,20,1833,LTGES1205b,636,1098,ES00642,ES01116,ES120,ES120,intra_nuts3,true,10.0,intra_diagnostic,0.8,-333.63,0.0,28599.62,1.2
2024-08-24,20,1569,LTGES1031b,1098,547,ES01116,ES00552,ES120,ES120,intra_nuts3,true,10.0,intra_diagnostic,0.8,-344.51,0.0,28599.62,1.2
2025-06-24,13,286,LTGES0208a,749,235,ES00758,ES00238,ES522,ES522,intra_nuts3,true,10.0,intra_diagnostic,0.8,346.28,0.0,28599.62,1.2
2024-08-24,20,1949,LTGES1274,654,1064,ES00660,ES01079,ES620,ES620,intra_nuts3,true,10.0,intra_diagnostic,0.8,-175.92,0.0,14299.81,1.2
2025-06-24,12,640,LTGES0444a,367,205,ES00370,ES00208,ES514,ES514,intra_nuts3,true,10.0,intra_diagnostic,0.8,-356.58,0.0,28599.62,1.2
2025-06-30,18,1120,LTGES0740,937,938,ES00948,ES00949,ES523,ES523,intra_nuts3,true,10.0,intra_diagnostic,0.8,-46.09,0.0,3932.45,1.2
2024-08-22,9,1435,LTGES0942b,851,573,ES00860,ES00578,ES212,ES212,intra_nuts3,true,10.0,intra_diagnostic,0.8,335.91,0.0,28599.62,1.2
2025-06-27,19,204,LTGES0148a,726,179,ES00735,ES00182,ES612,ES612,intra_nuts3,true,10.0,intra_diagnostic,0.8,-337.39,0.0,28599.62,1.2
2025-06-25,15,337,LTGES0234a,113,255,ES00113,ES00258,ES523,ES523,intra_nuts3,true,10.0,intra_diagnostic,0.8,-32.25,0.0,2706.99,1.2
2024-08-24,20,1849,LTGES1212a,502,192,ES00505,ES00195,ES614,ES614,intra_nuts3,true,10.0,intra_diagnostic,0.8,-90.68,0.0,7864.9,1.2
2025-06-25,15,1349,LTGES0889b,103,997,ES00103,ES01011,ES120,ES120,intra_nuts3,true,10.0,intra_diagnostic,0.8,97.31,0.0,7864.9,1.2
2025-06-24,13,287,LTGES0208b,749,235,ES00758,ES00238,ES522,ES522,intra_nuts3,true,10.0,intra_diagnostic,0.8,346.28,0.0,28599.62,1.2
2024-08-24,20,1832,LTGES1205a,636,1098,ES00642,ES01116,ES120,ES120,intra_nuts3,true,10.0,intra_diagnostic,0.8,-333.63,0.0,28599.62,1.2
2025-06-25,15,1348,LTGES0889a,103,997,ES00103,ES01011,ES120,ES120,intra_nuts3,true,10.0,intra_diagnostic,0.8,97.31,0.0,7864.9,1.2
2025-06-24,14,1854,LTGES1215,421,1133,ES00424,ES01153,ES431,ES431,intra_nuts3,true,10.0,intra_diagnostic,0.8,-48.08,0.0,3932.45,1.2
2024-08-23,17,153,LTGES0113b,142,144,ES00145,ES00147,ES300,ES300,intra_nuts3,true,10.0,intra_diagnostic,0.8,-93.91,0.0,7864.9,1.2
2025-06-27,20,1168,LTGES0768b,432,420,ES00435,ES00423,ES511,ES511,intra_nuts3,true,10.0,intra_diagnostic,0.8,91.91,0.0,7864.9,1.2
2025-06-25,17,626,LTGES0435a,241,832,ES00244,ES00841,ES523,ES523,intra_nuts3,true,10.0,intra_diagnostic,0.8,-338.4,0.0,28599.62,1.2
2025-06-25,15,261,LTGES0188,226,4,ES00229,ES00004,ES511,ES511,intra_nuts3,true,10.0,intra_diagnostic,0.8,167.97,0.0,14299.81,1.2
2025-06-24,11,2008,LTGES1323,327,1190,ES00330,ES01210,ES431,ES431,intra_nuts3,true,10.0,intra_diagnostic,0.8,-174.08,0.0,14299.81,1.2
2025-06-27,19,1165,LTGES0767a,432,420,ES00435,ES00423,ES511,ES511,intra_nuts3,true,10.0,intra_diagnostic,0.8,90.49,0.0,7864.9,1.2
2025-06-25,15,338,LTGES0234b,113,255,ES00113,ES00258,ES523,ES523,intra_nuts3,true,10.0,intra_diagnostic,0.8,-32.25,0.0,2706.99,1.2
2025-06-24,12,641,LTGES0444b,367,205,ES00370,ES00208,ES514,ES514,intra_nuts3,true,10.0,intra_diagnostic,0.8,-356.58,0.0,28599.62,1.2
2024-08-22,9,1434,LTGES0942a,851,573,ES00860,ES00578,ES212,ES212,intra_nuts3,true,10.0,intra_diagnostic,0.8,335.91,0.0,28599.62,1.2
2024-08-23,17,152,LTGES0113a,142,144,ES00145,ES00147,ES300,ES300,intra_nuts3,true,10.0,intra_diagnostic,0.8,-93.91,0.0,7864.9,1.2
2025-06-27,20,1167,LTGES0768a,432,420,ES00435,ES00423,ES511,ES511,intra_nuts3,true,10.0,intra_diagnostic,0.8,91.91,0.0,7864.9,1.2
2025-06-24,14,530,LTGES0369,330,811,ES00333,ES00820,ES431,ES431,intra_nuts3,true,10.0,intra_diagnostic,0.8,-46.96,0.0,3932.45,1.2
2024-08-26,8,759,LTGES0524b,857,424,ES00866,ES00427,ES111,ES111,intra_nuts3,true,10.0,intra_diagnostic,0.8,-93.62,0.0,7864.9,1.2
2025-06-27,19,205,LTGES0148b,726,179,ES00735,ES00182,ES612,ES612,intra_nuts3,true,10.0,intra_diagnostic,0.8,-337.39,0.0,28599.62,1.2
2025-06-24,13,2332,TR_f70b66d0,232,233,ES00235,ES00236,ES522,ES522,intra_nuts3,true,10.0,intra_diagnostic,0.8,-19.25,0.0,1600.0,1.2
2025-06-25,15,413,LTGES0285a,294,292,ES00297,ES00295,ES213,ES213,intra_nuts3,true,10.0,intra_diagnostic,0.8,-338.05,0.0,28599.62,1.2
2024-08-22,16,1591,LTGES1046,1047,1048,ES01061,ES01062,ES422,ES422,intra_nuts3,true,10.0,intra_diagnostic,0.8,46.8,0.0,3932.45,1.2
2025-06-27,19,1166,LTGES0767b,432,420,ES00435,ES00423,ES511,ES511,intra_nuts3,true,10.0,intra_diagnostic,0.8,90.49,0.0,7864.9,1.2
2024-08-26,8,758,LTGES0524a,857,424,ES00866,ES00427,ES111,ES111,intra_nuts3,true,10.0,intra_diagnostic,0.8,-93.62,0.0,7864.9,1.2
2024-08-24,7,1740,LTGES1144a,939,512,ES00950,ES00515,ES521,ES521,intra_nuts3,true,10.0,intra_diagnostic,0.8,92.4,0.0,7864.9,1.2
2024-08-24,7,1741,LTGES1144b,939,512,ES00950,ES00515,ES521,ES521,intra_nuts3,true,10.0,intra_diagnostic,0.8,92.4,0.0,7864.9,1.2
2025-06-25,17,627,LTGES0435b,241,832,ES00244,ES00841,ES523,ES523,intra_nuts3,true,10.0,intra_diagnostic,0.8,-338.4,0.0,28599.62,1.2
2025-06-25,15,414,LTGES0285b,294,292,ES00297,ES00295,ES213,ES213,intra_nuts3,true,10.0,intra_diagnostic,0.8,-338.05,0.0,28599.62,1.2
2024-08-24,20,1568,LTGES1031a,1098,547,ES01116,ES00552,ES120,ES120,intra_nuts3,true,10.0,intra_diagnostic,0.8,-344.51,0.0,28599.62,1.2
2024-08-24,20,1850,LTGES1212b,502,192,ES00505,ES00195,ES614,ES614,intra_nuts3,true,10.0,intra_diagnostic,0.8,-90.68,0.0,7864.9,1.2
2025-06-30,20,559,LTGES0387a,8,823,ES00008,ES00832,ES618,ES618,intra_nuts3,true,10.0,intra_diagnostic,0.8,86.21,0.0,7864.9,1.1
2025-06-30,20,536,LTGES0373b,819,823,ES00828,ES00832,ES618,ES618,intra_nuts3,true,10.0,intra_diagnostic,0.8,-86.42,0.0,7864.9,1.1
2025-06-27,19,910,LTGES0613b,299,297,ES00302,ES00300,ES243,ES243,intra_nuts3,true,10.0,intra_diagnostic,0.8,-30.08,0.0,2706.99,1.1
2025-06-25,17,155,LTGES0114b,142,146,ES00145,ES00149,ES300,ES300,intra_nuts3,true,10.0,intra_diagnostic,0.8,-83.38,0.0,7864.9,1.1
2025-06-27,8,1180,LTGES0774b,3,517,ES00003,ES00520,ES511,ES511,intra_nuts3,true,10.0,intra_diagnostic,0.8,82.7,0.0,7864.9,1.1
2025-06-30,18,930,LTGES0625a,13,682,ES00013,ES00689,ES300,ES300,intra_nuts3,true,10.0,intra_diagnostic,0.8,84.42,0.0,7864.9,1.1
2025-06-29,7,896,LTGES0605b,465,81,ES00468,ES00081,ES243,ES243,intra_nuts3,true,10.0,intra_diagnostic,0.8,82.8,0.0,7864.9,1.1
2024-08-20,0,2162,LTGES1439b,1186,1187,ES01206,ES01207,ES212,ES212,intra_nuts3,true,10.0,intra_diagnostic,0.8,85.89,0.0,7864.9,1.1
2024-08-22,9,290,LTGES0210a,367,752,ES00370,ES00761,ES514,ES514,intra_nuts3,true,10.0,intra_diagnostic,0.8,322.54,0.0,28599.62,1.1
2025-06-25,15,308,LTGES0221a,245,121,ES00248,ES00121,ES523,ES523,intra_nuts3,true,10.0,intra_diagnostic,0.8,-127.46,0.0,11797.34,1.1
2025-06-25,15,310,LTGES0221c,245,121,ES00248,ES00121,ES523,ES523,intra_nuts3,true,10.0,intra_diagnostic,0.8,-127.46,0.0,11797.34,1.1
2025-06-29,7,804,LTGES0551b,440,265,ES00443,ES00268,ES243,ES243,intra_nuts3,true,10.0,intra_diagnostic,0.8,-29.52,0.0,2706.99,1.1
2024-08-24,20,1077,LTGES0712a,502,192,ES00505,ES00195,ES614,ES614,intra_nuts3,true,10.0,intra_diagnostic,0.8,-82.66,0.0,7864.9,1.1
2024-08-22,9,1117,LTGES0737b,936,364,ES00947,ES00367,ES521,ES521,intra_nuts3,true,10.0,intra_diagnostic,0.8,-85.01,0.0,7864.9,1.1
2024-08-22,17,70,LTGES0047a,697,77,ES00704,ES00077,ES523,ES523,intra_nuts3,true,10.0,intra_diagnostic,0.8,29.94,0.0,2706.99,1.1
2025-06-25,17,154,LTGES0114a,142,146,ES00145,ES00149,ES300,ES300,intra_nuts3,true,10.0,intra_diagnostic,0.8,-83.38,0.0,7864.9,1.1
2025-06-24,12,216,LTGES0154a,188,189,ES00191,ES00192,ES612,ES612,intra_nuts3,true,10.0,intra_diagnostic,0.8,86.92,0.0,7864.9,1.1
2025-06-25,15,325,LTGES0228a,252,755,ES00255,ES00764,ES523,ES523,intra_nuts3,true,10.0,intra_diagnostic,0.8,89.27,0.0,7864.9,1.1
2024-08-20,0,2161,LTGES1439a,1186,1187,ES01206,ES01207,ES212,ES212,intra_nuts3,true,10.0,intra_diagnostic,0.8,85.89,0.0,7864.9,1.1
2024-08-22,9,291,LTGES0210b,367,752,ES00370,ES00761,ES514,ES514,intra_nuts3,true,10.0,intra_diagnostic,0.8,322.54,0.0,28599.62,1.1
2025-06-29,7,895,LTGES0605a,465,81,ES00468,ES00081,ES243,ES243,intra_nuts3,true,10.0,intra_diagnostic,0.8,82.8,0.0,7864.9,1.1
2025-06-27,19,470,LTGES0324b,790,791,ES00799,ES00800,ES112,ES112,intra_nuts3,true,10.0,intra_diagnostic,0.8,-82.74,0.0,7864.9,1.1
2025-06-30,18,2086,LTGES1381a,702,105,ES00709,ES00105,ES511,ES511,intra_nuts3,true,10.0,intra_diagnostic,0.8,-87.52,0.0,7864.9,1.1
2025-06-24,12,217,LTGES0154b,188,189,ES00191,ES00192,ES612,ES612,intra_nuts3,true,10.0,intra_diagnostic,0.8,86.92,0.0,7864.9,1.1
2025-06-30,18,2087,LTGES1381b,702,105,ES00709,ES00105,ES511,ES511,intra_nuts3,true,10.0,intra_diagnostic,0.8,-87.52,0.0,7864.9,1.1
2025-06-30,20,560,LTGES0387b,8,823,ES00008,ES00832,ES618,ES618,intra_nuts3,true,10.0,intra_diagnostic,0.8,86.21,0.0,7864.9,1.1
2025-06-25,17,2125,LTGES1410b,1231,22,ES01254,ES00022,ES300,ES300,intra_nuts3,true,10.0,intra_diagnostic,0.8,82.89,0.0,7864.9,1.1
2024-08-26,8,1043,LTGES0688b,920,487,ES00931,ES00490,ES425,ES425,intra_nuts3,true,10.0,intra_diagnostic,0.8,-83.79,0.0,7864.9,1.1
2025-06-25,17,2124,LTGES1410a,1231,22,ES01254,ES00022,ES300,ES300,intra_nuts3,true,10.0,intra_diagnostic,0.8,82.89,0.0,7864.9,1.1
2025-06-25,15,309,LTGES0221b,245,121,ES00248,ES00121,ES523,ES523,intra_nuts3,true,10.0,intra_diagnostic,0.8,-127.46,0.0,11797.34,1.1
2024-08-24,20,1078,LTGES0712b,502,192,ES00505,ES00195,ES614,ES614,intra_nuts3,true,10.0,intra_diagnostic,0.8,-82.66,0.0,7864.9,1.1
2025-06-27,8,1179,LTGES0774a,3,517,ES00003,ES00520,ES511,ES511,intra_nuts3,true,10.0,intra_diagnostic,0.8,82.7,0.0,7864.9,1.1
2025-06-30,18,931,LTGES0625b,13,682,ES00013,ES00689,ES300,ES300,intra_nuts3,true,10.0,intra_diagnostic,0.8,84.42,0.0,7864.9,1.1
2024-08-24,20,210,LTGES0151a,183,187,ES00186,ES00190,ES612,ES612,intra_nuts3,true,10.0,intra_diagnostic,0.8,-311.05,0.0,28599.62,1.1
2025-06-29,7,803,LTGES0551a,440,265,ES00443,ES00268,ES243,ES243,intra_nuts3,true,10.0,intra_diagnostic,0.8,-29.52,0.0,2706.99,1.1
2024-08-26,8,1042,LTGES0688a,920,487,ES00931,ES00490,ES425,ES425,intra_nuts3,true,10.0,intra_diagnostic,0.8,-83.79,0.0,7864.9,1.1
2025-06-25,15,326,LTGES0228b,252,755,ES00255,ES00764,ES523,ES523,intra_nuts3,true,10.0,intra_diagnostic,0.8,89.27,0.0,7864.9,1.1
2025-06-27,19,1586,LTGES1042b,359,605,ES00362,ES00610,ES423,ES423,intra_nuts3,true,10.0,intra_diagnostic,0.8,-317.05,0.0,28599.62,1.1
2024-08-22,9,1116,LTGES0737a,936,364,ES00947,ES00367,ES521,ES521,intra_nuts3,true,10.0,intra_diagnostic,0.8,-85.01,0.0,7864.9,1.1
2025-06-27,19,909,LTGES0613a,299,297,ES00302,ES00300,ES243,ES243,intra_nuts3,true,10.0,intra_diagnostic,0.8,-30.08,0.0,2706.99,1.1
2025-06-27,19,469,LTGES0324a,790,791,ES00799,ES00800,ES112,ES112,intra_nuts3,true,10.0,intra_diagnostic,0.8,-82.74,0.0,7864.9,1.1
2025-06-25,15,814,LTGES0556a,446,868,ES00449,ES00877,ES514,ES514,intra_nuts3,true,10.0,intra_diagnostic,0.8,89.78,0.0,7864.9,1.1
2025-06-25,15,815,LTGES0556b,446,868,ES00449,ES00877,ES514,ES514,intra_nuts3,true,10.0,intra_diagnostic,0.8,89.78,0.0,7864.9,1.1
2024-08-20,0,2002,LTGES1319b,97,1187,ES00097,ES01207,ES212,ES212,intra_nuts3,true,10.0,intra_diagnostic,0.8,-85.89,0.0,7864.9,1.1
2025-06-30,18,2325,TR_047a855a,257,258,ES00260,ES00261,ES522,ES522,intra_nuts3,true,10.0,intra_diagnostic,0.8,-17.14,0.0,1600.0,1.1
2024-08-20,0,2001,LTGES1319a,97,1187,ES00097,ES01207,ES212,ES212,intra_nuts3,true,10.0,intra_diagnostic,0.8,-85.89,0.0,7864.9,1.1
2025-06-30,20,535,LTGES0373a,819,823,ES00828,ES00832,ES618,ES618,intra_nuts3,true,10.0,intra_diagnostic,0.8,-86.42,0.0,7864.9,1.1
2024-08-22,17,71,LTGES0047b,697,77,ES00704,ES00077,ES523,ES523,intra_nuts3,true,10.0,intra_diagnostic,0.8,29.94,0.0,2706.99,1.1
2025-06-27,19,1585,LTGES1042a,359,605,ES00362,ES00610,ES423,ES423,intra_nuts3,true,10.0,intra_diagnostic,0.8,-317.05,0.0,28599.62,1.1
2024-08-24,20,211,LTGES0151b,183,187,ES00186,ES00190,ES612,ES612,intra_nuts3,true,10.0,intra_diagnostic,0.8,-311.05,0.0,28599.62,1.1
2025-06-24,9,762,LTGES0527,428,46,ES00431,ES00046,ES213,ES213,intra_nuts3,true,10.0,intra_diagnostic,0.8,-155.12,0.0,14299.81,1.1
2025-06-25,15,1575,LTGES1036a,78,245,ES00078,ES00248,ES523,ES523,intra_nuts3,true,10.0,intra_diagnostic,0.8,-115.53,0.0,11797.34,1.0
2025-06-24,13,372,LTGES0255a,235,261,ES00238,ES00264,ES522,ES522,intra_nuts3,true,10.0,intra_diagnostic,0.8,280.83,0.0,28599.62,1.0
2025-06-25,17,1024,LTGES0677a,903,912,ES00914,ES00923,ES300,ES300,intra_nuts3,true,10.0,intra_diagnostic,0.8,284.88,0.0,28599.62,1.0
2025-06-30,20,564,LTGES0389a,822,8,ES00831,ES00008,ES618,ES618,intra_nuts3,true,10.0,intra_diagnostic,0.8,-82.24,0.0,7864.9,1.0
2025-06-25,15,582,LTGES0405a,273,345,ES00276,ES00348,ES620,ES620,intra_nuts3,true,10.0,intra_diagnostic,0.8,-274.02,0.0,28599.62,1.0
2025-06-24,12,1417,LTGES0931b,88,914,ES00088,ES00925,ES418,ES418,intra_nuts3,true,10.0,intra_diagnostic,0.8,-75.94,0.0,7864.9,1.0
2025-06-25,17,1025,LTGES0677b,903,912,ES00914,ES00923,ES300,ES300,intra_nuts3,true,10.0,intra_diagnostic,0.8,284.88,0.0,28599.62,1.0
2025-06-25,17,2033,LTGES1338b,1072,612,ES01088,ES00617,ES300,ES300,intra_nuts3,true,10.0,intra_diagnostic,0.8,80.99,0.0,7864.9,1.0
2025-06-24,13,373,LTGES0255b,235,261,ES00238,ES00264,ES522,ES522,intra_nuts3,true,10.0,intra_diagnostic,0.8,280.83,0.0,28599.62,1.0
2025-06-25,15,1577,LTGES1036c,78,245,ES00078,ES00248,ES523,ES523,intra_nuts3,true,10.0,intra_diagnostic,0.8,-115.53,0.0,11797.34,1.0
2025-06-27,8,797,LTGES0548a,439,442,ES00442,ES00445,ES513,ES513,intra_nuts3,true,10.0,intra_diagnostic,0.8,-79.33,0.0,7864.9,1.0
2025-06-24,16,1177,LTGES0773a,520,175,ES00523,ES00178,ES617,ES617,intra_nuts3,true,10.0,intra_diagnostic,0.8,75.61,0.0,7864.9,1.0
2024-08-26,8,941,LTGES0631b,897,898,ES00906,ES00907,ES425,ES425,intra_nuts3,true,10.0,intra_diagnostic,0.8,75.49,0.0,7864.9,1.0
2025-06-24,12,1593,LTGES1047b,606,402,ES00611,ES00405,ES422,ES422,intra_nuts3,true,10.0,intra_diagnostic,0.8,-74.9,0.0,7864.9,1.0
2025-06-24,16,1178,LTGES0773b,520,175,ES00523,ES00178,ES617,ES617,intra_nuts3,true,10.0,intra_diagnostic,0.8,75.61,0.0,7864.9,1.0
2025-06-24,11,1122,LTGES0741b,511,937,ES00514,ES00948,ES523,ES523,intra_nuts3,true,10.0,intra_diagnostic,0.8,-76.52,0.0,7864.9,1.0
2024-08-24,19,1467,LTGES0961a,427,1015,ES00430,ES01029,ES213,ES213,intra_nuts3,true,10.0,intra_diagnostic,0.8,76.71,0.0,7864.9,1.0
2024-08-26,8,940,LTGES0631a,897,898,ES00906,ES00907,ES425,ES425,intra_nuts3,true,10.0,intra_diagnostic,0.8,75.49,0.0,7864.9,1.0
2024-08-24,20,145,LTGES0108b,135,138,ES00136,ES00141,ES230,ES230,intra_nuts3,true,10.0,intra_diagnostic,0.8,80.26,0.0,7864.9,1.0
2024-08-26,8,690,LTGES0473a,396,395,ES00399,ES00398,ES422,ES422,intra_nuts3,true,10.0,intra_diagnostic,0.8,77.44,0.0,7864.9,1.0
2025-06-24,12,2012,LTGES1326,1192,644,ES01212,ES00650,ES431,ES431,intra_nuts3,true,10.0,intra_diagnostic,0.8,39.47,0.0,3932.45,1.0
2025-06-25,15,1576,LTGES1036b,78,245,ES00078,ES00248,ES523,ES523,intra_nuts3,true,10.0,intra_diagnostic,0.8,-115.53,0.0,11797.34,1.0
2024-08-26,8,691,LTGES0473b,396,395,ES00399,ES00398,ES422,ES422,intra_nuts3,true,10.0,intra_diagnostic,0.8,77.44,0.0,7864.9,1.0
2025-06-24,12,714,LTGES0490b,845,405,ES00854,ES00408,ES432,ES432,intra_nuts3,true,10.0,intra_diagnostic,0.8,78.94,0.0,7864.9,1.0
2025-06-30,20,494,LTGES0342,797,798,ES00806,ES00807,ES114,ES114,intra_nuts3,true,10.0,intra_diagnostic,0.8,-38.59,0.0,3932.45,1.0
2025-06-25,15,269,LTGES0195b,48,3,ES00048,ES00003,ES511,ES511,intra_nuts3,true,10.0,intra_diagnostic,0.8,80.75,0.0,7864.9,1.0
2024-08-26,8,1936,LTGES1266b,329,644,ES00332,ES00650,ES431,ES431,intra_nuts3,true,10.0,intra_diagnostic,0.8,79.35,0.0,7864.9,1.0
2024-08-26,8,1920,LTGES1257a,88,916,ES00088,ES00927,ES418,ES418,intra_nuts3,true,10.0,intra_diagnostic,0.8,-75.9,0.0,7864.9,1.0
2025-06-30,20,565,LTGES0389b,822,8,ES00831,ES00008,ES618,ES618,intra_nuts3,true,10.0,intra_diagnostic,0.8,-82.24,0.0,7864.9,1.0
2025-06-29,7,1430,LTGES0939b,97,1009,ES00097,ES01023,ES212,ES212,intra_nuts3,true,10.0,intra_diagnostic,0.8,-77.86,0.0,7864.9,1.0
2024-08-24,20,144,LTGES0108a,135,138,ES00136,ES00141,ES230,ES230,intra_nuts3,true,10.0,intra_diagnostic,0.8,80.26,0.0,7864.9,1.0
2025-06-24,12,1592,LTGES1047a,606,402,ES00611,ES00405,ES422,ES422,intra_nuts3,true,10.0,intra_diagnostic,0.8,-74.9,0.0,7864.9,1.0
2024-08-22,16,149,LTGES0111b,140,141,ES00143,ES00144,ES300,ES300,intra_nuts3,true,10.0,intra_diagnostic,0.8,77.14,0.0,7864.9,1.0
2024-08-22,16,148,LTGES0111a,140,141,ES00143,ES00144,ES300,ES300,intra_nuts3,true,10.0,intra_diagnostic,0.8,77.14,0.0,7864.9,1.0
2024-08-20,0,1440,LTGES0946a,1011,1012,ES01025,ES01026,ES213,ES213,intra_nuts3,true,10.0,intra_diagnostic,0.8,292.29,0.0,28599.62,1.0
2025-06-27,8,798,LTGES0548b,439,442,ES00442,ES00445,ES513,ES513,intra_nuts3,true,10.0,intra_diagnostic,0.8,-79.33,0.0,7864.9,1.0
2025-06-24,12,713,LTGES0490a,845,405,ES00854,ES00408,ES432,ES432,intra_nuts3,true,10.0,intra_diagnostic,0.8,78.94,0.0,7864.9,1.0
2025-06-27,19,2112,LTGES1399,1222,132,ES01245,ES00132,ES414,ES414,intra_nuts3,true,10.0,intra_diagnostic,0.8,40.67,0.0,3932.45,1.0
2025-06-30,20,551,LTGES0382a,820,8,ES00829,ES00008,ES618,ES618,intra_nuts3,true,10.0,intra_diagnostic,0.8,-77.26,0.0,7864.9,1.0
2025-06-24,12,275,LTGES0201a,863,3,ES00872,ES00003,ES511,ES511,intra_nuts3,true,10.0,intra_diagnostic,0.8,79.81,0.0,7864.9,1.0
2024-08-26,8,1935,LTGES1266a,329,644,ES00332,ES00650,ES431,ES431,intra_nuts3,true,10.0,intra_diagnostic,0.8,79.35,0.0,7864.9,1.0
2025-06-30,20,552,LTGES0382b,820,8,ES00829,ES00008,ES618,ES618,intra_nuts3,true,10.0,intra_diagnostic,0.8,-77.26,0.0,7864.9,1.0
2025-06-24,12,276,LTGES0201b,863,3,ES00872,ES00003,ES511,ES511,intra_nuts3,true,10.0,intra_diagnostic,0.8,79.81,0.0,7864.9,1.0
2025-06-24,12,1416,LTGES0931a,88,914,ES00088,ES00925,ES418,ES418,intra_nuts3,true,10.0,intra_diagnostic,0.8,-75.94,0.0,7864.9,1.0
2025-06-30,18,1745,LTGES1148a,318,800,ES00321,ES00809,ES111,ES111,intra_nuts3,true,10.0,intra_diagnostic,0.8,81.56,0.0,7864.9,1.0
2025-06-27,8,825,LTGES0562a,419,3,ES00422,ES00003,ES511,ES511,intra_nuts3,true,10.0,intra_diagnostic,0.8,-80.63,0.0,7864.9,1.0
2024-08-20,0,1441,LTGES0946b,1011,1012,ES01025,ES01026,ES213,ES213,intra_nuts3,true,10.0,intra_diagnostic,0.8,292.29,0.0,28599.62,1.0
2025-06-25,15,268,LTGES0195a,48,3,ES00048,ES00003,ES511,ES511,intra_nuts3,true,10.0,intra_diagnostic,0.8,80.75,0.0,7864.9,1.0
2024-08-26,8,1921,LTGES1257b,88,916,ES00088,ES00927,ES418,ES418,intra_nuts3,true,10.0,intra_diagnostic,0.8,-75.9,0.0,7864.9,1.0
2025-06-29,7,1429,LTGES0939a,97,1009,ES00097,ES01023,ES212,ES212,intra_nuts3,true,10.0,intra_diagnostic,0.8,-77.86,0.0,7864.9,1.0
2024-08-24,20,1517,LTGES0997,138,135,ES00141,ES00136,ES230,ES230,intra_nuts3,true,10.0,intra_diagnostic,0.8,-40.25,0.0,3932.45,1.0
2025-06-25,17,2032,LTGES1338a,1072,612,ES01088,ES00617,ES300,ES300,intra_nuts3,true,10.0,intra_diagnostic,0.8,80.99,0.0,7864.9,1.0
2024-08-24,19,1468,LTGES0961b,427,1015,ES00430,ES01029,ES213,ES213,intra_nuts3,true,10.0,intra_diagnostic,0.8,76.71,0.0,7864.9,1.0
2025-06-24,11,1121,LTGES0741a,511,937,ES00514,ES00948,ES523,ES523,intra_nuts3,true,10.0,intra_diagnostic,0.8,-76.52,0.0,7864.9,1.0
2024-08-22,9,1367,LTGES0897,860,565,ES00869,ES00570,ES111,ES111,intra_nuts3,true,10.0,intra_diagnostic,0.8,-38.12,0.0,3932.45,1.0
2025-06-25,15,583,LTGES0405b,273,345,ES00276,ES00348,ES620,ES620,intra_nuts3,true,10.0,intra_diagnostic,0.8,-274.02,0.0,28599.62,1.0
2025-06-30,18,1746,LTGES1148b,318,800,ES00321,ES00809,ES111,ES111,intra_nuts3,true,10.0,intra_diagnostic,0.8,81.56,0.0,7864.9,1.0
2025-06-27,8,826,LTGES0562b,419,3,ES00422,ES00003,ES511,ES511,intra_nuts3,true,10.0,intra_diagnostic,0.8,-80.63,0.0,7864.9,1.0
2025-06-25,17,2,LTGES0001b,1,2,ES00001,ES00002,ES300,ES300,intra_nuts3,true,10.0,intra_diagnostic,0.8,67.49,0.0,7864.9,0.9
2025-06-24,12,571,LTGES0395a,340,826,ES00343,ES00835,ES618,ES618,intra_nuts3,true,10.0,intra_diagnostic,0.8,-73.52,0.0,7864.9,0.9
2024-08-22,10,2030,LTGES1336,1194,519,ES01214,ES00522,ES617,ES617,intra_nuts3,true,10.0,intra_diagnostic,0.8,-34.54,0.0,3932.45,0.9
2025-06-25,15,1393,LTGES0916a,976,723,ES00987,ES00732,ES120,ES120,intra_nuts3,true,10.0,intra_diagnostic,0.8,72.12,0.0,7864.9,0.9
2025-06-24,12,800,LTGES0549b,435,443,ES00438,ES00446,ES513,ES513,intra_nuts3,true,10.0,intra_diagnostic,0.8,73.8,0.0,7864.9,0.9
2025-06-24,12,341,LTGES0236a,257,757,ES00260,ES00766,ES522,ES522,intra_nuts3,true,10.0,intra_diagnostic,0.8,-23.86,0.0,2706.99,0.9
2025-06-24,12,1959,LTGES1282,1189,17,ES01209,ES00017,ES432,ES432,intra_nuts3,true,10.0,intra_diagnostic,0.8,127.9,0.0,14299.81,0.9
2025-06-25,15,1797,LTGES1181b,91,698,ES00091,ES00705,ES523,ES523,intra_nuts3,true,10.0,intra_diagnostic,0.8,-101.54,0.0,11797.34,0.9
2024-08-20,1,1128,LTGES0744b,508,512,ES00511,ES00515,ES521,ES521,intra_nuts3,true,10.0,intra_diagnostic,0.8,-69.32,0.0,7864.9,0.9
2025-06-25,15,185,LTGES0136a,150,168,ES00153,ES00171,ES220,ES220,intra_nuts3,true,10.0,intra_diagnostic,0.8,244.03,0.0,28599.62,0.9
2025-06-25,15,186,LTGES0136b,150,168,ES00153,ES00171,ES220,ES220,intra_nuts3,true,10.0,intra_diagnostic,0.8,244.03,0.0,28599.62,0.9
2024-08-22,10,1151,LTGES0759a,91,945,ES00091,ES00956,ES523,ES523,intra_nuts3,true,10.0,intra_diagnostic,0.8,69.18,0.0,7864.9,0.9
2024-08-22,9,917,LTGES0618a,892,465,ES00901,ES00468,ES243,ES243,intra_nuts3,true,10.0,intra_diagnostic,0.8,-72.39,0.0,7864.9,0.9
2024-08-22,9,918,LTGES0618b,892,465,ES00901,ES00468,ES243,ES243,intra_nuts3,true,10.0,intra_diagnostic,0.8,-72.39,0.0,7864.9,0.9
2025-06-24,13,288,LTGES0209a,748,234,ES00757,ES00237,ES522,ES522,intra_nuts3,true,10.0,intra_diagnostic,0.8,74.09,0.0,7864.9,0.9
2024-08-20,1,1127,LTGES0744a,508,512,ES00511,ES00515,ES521,ES521,intra_nuts3,true,10.0,intra_diagnostic,0.8,-69.32,0.0,7864.9,0.9
2025-06-24,12,342,LTGES0236b,257,757,ES00260,ES00766,ES522,ES522,intra_nuts3,true,10.0,intra_diagnostic,0.8,-23.86,0.0,2706.99,0.9
2024-08-22,17,1790,LTGES1178a,253,246,ES00256,ES00249,ES523,ES523,intra_nuts3,true,10.0,intra_diagnostic,0.8,-24.27,0.0,2706.99,0.9
2024-08-22,9,2051,LTGES1353,666,406,ES00673,ES00409,ES432,ES432,intra_nuts3,true,10.0,intra_diagnostic,0.8,-122.91,0.0,14299.81,0.9
2024-08-24,6,1105,LTGES0730a,365,508,ES00368,ES00511,ES521,ES521,intra_nuts3,true,10.0,intra_diagnostic,0.8,-67.42,0.0,7864.9,0.9
2025-06-25,15,1394,LTGES0916b,976,723,ES00987,ES00732,ES120,ES120,intra_nuts3,true,10.0,intra_diagnostic,0.8,72.12,0.0,7864.9,0.9
2025-06-25,15,1798,LTGES1181c,91,698,ES00091,ES00705,ES523,ES523,intra_nuts3,true,10.0,intra_diagnostic,0.8,-101.54,0.0,11797.34,0.9
2025-06-25,15,1796,LTGES1181a,91,698,ES00091,ES00705,ES523,ES523,intra_nuts3,true,10.0,intra_diagnostic,0.8,-101.54,0.0,11797.34,0.9
2025-06-24,12,799,LTGES0549a,435,443,ES00438,ES00446,ES513,ES513,intra_nuts3,true,10.0,intra_diagnostic,0.8,73.8,0.0,7864.9,0.9
2025-06-30,19,1150,LTGES0758,400,944,ES00403,ES00955,ES422,ES422,intra_nuts3,true,10.0,intra_diagnostic,0.8,-33.54,0.0,3932.45,0.9
2025-06-27,19,873,LTGES0591b,459,460,ES00462,ES00463,ES417,ES417,intra_nuts3,true,10.0,intra_diagnostic,0.8,-72.18,0.0,7864.9,0.9
2024-08-24,6,1106,LTGES0730b,365,508,ES00368,ES00511,ES521,ES521,intra_nuts3,true,10.0,intra_diagnostic,0.8,-67.42,0.0,7864.9,0.9
2025-06-27,19,872,LTGES0591a,459,460,ES00462,ES00463,ES417,ES417,intra_nuts3,true,10.0,intra_diagnostic,0.8,-72.18,0.0,7864.9,0.9
2024-08-22,10,1152,LTGES0759b,91,945,ES00091,ES00956,ES523,ES523,intra_nuts3,true,10.0,intra_diagnostic,0.8,69.18,0.0,7864.9,0.9
2025-06-24,12,572,LTGES0395b,340,826,ES00343,ES00835,ES618,ES618,intra_nuts3,true,10.0,intra_diagnostic,0.8,-73.52,0.0,7864.9,0.9
2025-06-25,17,1,LTGES0001a,1,2,ES00001,ES00002,ES300,ES300,intra_nuts3,true,10.0,intra_diagnostic,0.8,67.49,0.0,7864.9,0.9
2024-08-22,17,1791,LTGES1178b,253,246,ES00256,ES00249,ES523,ES523,intra_nuts3,true,10.0,intra_diagnostic,0.8,-24.27,0.0,2706.99,0.9
2025-06-24,13,289,LTGES0209b,748,234,ES00757,ES00237,ES522,ES522,intra_nuts3,true,10.0,intra_diagnostic,0.8,74.09,0.0,7864.9,0.9
2025-06-25,15,319,LTGES0225a,246,249,ES00249,ES00252,ES523,ES523,intra_nuts3,true,10.0,intra_diagnostic,0.8,21.98,0.0,2706.99,0.8
2024-08-22,9,1481,LTGES0972a,45,291,ES00045,ES00294,ES213,ES213,intra_nuts3,true,10.0,intra_diagnostic,0.8,-59.27,0.0,7864.9,0.8
2024-08-22,10,2109,LTGES1396,275,1221,ES00278,ES01244,ES243,ES243,intra_nuts3,true,10.0,intra_diagnostic,0.8,31.25,0.0,3932.45,0.8
2025-06-29,7,421,LTGES0289a,297,947,ES00300,ES00958,ES243,ES243,intra_nuts3,true,10.0,intra_diagnostic,0.8,-20.33,0.0,2706.99,0.8
2025-06-25,15,295,LTGES0212b,751,261,ES00760,ES00264,ES522,ES522,intra_nuts3,true,10.0,intra_diagnostic,0.8,-229.55,0.0,28599.62,0.8
2025-06-30,18,348,LTGES0239b,262,258,ES00265,ES00261,ES522,ES522,intra_nuts3,true,10.0,intra_diagnostic,0.8,60.54,0.0,7864.9,0.8
2025-06-30,20,725,LTGES0500a,848,413,ES00857,ES00416,ES522,ES522,intra_nuts3,true,10.0,intra_diagnostic,0.8,63.95,0.0,7864.9,0.8
2025-06-25,17,1962,LTGES1285,393,398,ES00396,ES00401,ES616,ES616,intra_nuts3,true,10.0,intra_diagnostic,0.8,30.11,0.0,3932.45,0.8
2024-08-22,10,1626,LTGES1071a,2,20,ES00002,ES00020,ES300,ES300,intra_nuts3,true,10.0,intra_diagnostic,0.8,-63.8,0.0,7864.9,0.8
2025-06-25,15,354,LTGES0241b,264,261,ES00267,ES00264,ES522,ES522,intra_nuts3,true,10.0,intra_diagnostic,0.8,215.0,0.0,28599.62,0.8
2025-06-24,14,537,LTGES0374a,332,819,ES00335,ES00828,ES618,ES618,intra_nuts3,true,10.0,intra_diagnostic,0.8,63.51,0.0,7864.9,0.8
2025-06-25,17,737,LTGES0507b,28,32,ES00028,ES00032,ES300,ES300,intra_nuts3,true,10.0,intra_diagnostic,0.8,-59.11,0.0,7864.9,0.8
2025-06-24,12,386,LTGES0262a,278,773,ES00281,ES00782,ES243,ES243,intra_nuts3,true,10.0,intra_diagnostic,0.8,60.55,0.0,7864.9,0.8
2025-06-24,12,2029,LTGES1335b,520,1110,ES00523,ES01128,ES617,ES617,intra_nuts3,true,10.0,intra_diagnostic,0.8,-66.7,0.0,7864.9,0.8
2025-06-27,8,2166,LTGES1443a,1236,638,ES01259,ES00644,ES422,ES422,intra_nuts3,true,10.0,intra_diagnostic,0.8,230.33,0.0,28599.62,0.8
2025-06-25,17,1644,LTGES1084a,612,1086,ES00617,ES01104,ES300,ES300,intra_nuts3,true,10.0,intra_diagnostic,0.8,65.09,0.0,7864.9,0.8
2025-06-25,15,1459,LTGES0956a,993,46,ES01007,ES00046,ES213,ES213,intra_nuts3,true,10.0,intra_diagnostic,0.8,241.21,0.0,28599.62,0.8
2024-08-22,9,1112,LTGES0735a,936,1091,ES00947,ES01109,ES521,ES521,intra_nuts3,true,10.0,intra_diagnostic,0.8,61.87,0.0,7864.9,0.8
2025-06-30,20,726,LTGES0500b,848,413,ES00857,ES00416,ES522,ES522,intra_nuts3,true,10.0,intra_diagnostic,0.8,63.95,0.0,7864.9,0.8
2025-06-25,17,1645,LTGES1084b,612,1086,ES00617,ES01104,ES300,ES300,intra_nuts3,true,10.0,intra_diagnostic,0.8,65.09,0.0,7864.9,0.8
2025-06-24,9,150,LTGES0112a,143,145,ES00146,ES00148,ES300,ES300,intra_nuts3,true,10.0,intra_diagnostic,0.8,234.94,0.0,28599.62,0.8
2025-06-24,14,538,LTGES0374b,332,819,ES00335,ES00828,ES618,ES618,intra_nuts3,true,10.0,intra_diagnostic,0.8,63.51,0.0,7864.9,0.8
2025-06-24,9,151,LTGES0112b,143,145,ES00146,ES00148,ES300,ES300,intra_nuts3,true,10.0,intra_diagnostic,0.8,234.94,0.0,28599.62,0.8
2024-08-20,0,557,LTGES0386a,823,814,ES00832,ES00823,ES618,ES618,intra_nuts3,true,10.0,intra_diagnostic,0.8,59.99,0.0,7864.9,0.8
2025-06-25,15,353,LTGES0241a,264,261,ES00267,ES00264,ES522,ES522,intra_nuts3,true,10.0,intra_diagnostic,0.8,215.0,0.0,28599.62,0.8
2025-06-25,15,440,LTGES0302b,264,261,ES00267,ES00264,ES522,ES522,intra_nuts3,true,10.0,intra_diagnostic,0.8,220.17,0.0,28599.62,0.8
2024-08-22,10,1635,LTGES1076,296,1147,ES00299,ES01167,ES300,ES300,intra_nuts3,true,10.0,intra_diagnostic,0.8,29.61,0.0,3932.45,0.8
2025-06-30,18,347,LTGES0239a,262,258,ES00265,ES00261,ES522,ES522,intra_nuts3,true,10.0,intra_diagnostic,0.8,60.54,0.0,7864.9,0.8
2024-08-22,10,1627,LTGES1071b,2,20,ES00002,ES00020,ES300,ES300,intra_nuts3,true,10.0,intra_diagnostic,0.8,-63.8,0.0,7864.9,0.8
2025-06-29,7,422,LTGES0289b,297,947,ES00300,ES00958,ES243,ES243,intra_nuts3,true,10.0,intra_diagnostic,0.8,-20.33,0.0,2706.99,0.8
2025-06-27,8,2167,LTGES1443b,1236,638,ES01259,ES00644,ES422,ES422,intra_nuts3,true,10.0,intra_diagnostic,0.8,230.33,0.0,28599.62,0.8
2025-06-25,15,439,LTGES0302a,264,261,ES00267,ES00264,ES522,ES522,intra_nuts3,true,10.0,intra_diagnostic,0.8,220.17,0.0,28599.62,0.8
2025-06-24,11,548,LTGES0380b,818,816,ES00827,ES00825,ES618,ES618,intra_nuts3,true,10.0,intra_diagnostic,0.8,-63.45,0.0,7864.9,0.8
2025-06-24,13,2326,TR_23eddb22,757,758,ES00766,ES00767,ES522,ES522,intra_nuts3,true,10.0,intra_diagnostic,0.8,-12.91,0.0,1600.0,0.8
2025-06-24,11,547,LTGES0380a,818,816,ES00827,ES00825,ES618,ES618,intra_nuts3,true,10.0,intra_diagnostic,0.8,-63.45,0.0,7864.9,0.8
2025-06-25,15,320,LTGES0225b,246,249,ES00249,ES00252,ES523,ES523,intra_nuts3,true,10.0,intra_diagnostic,0.8,21.98,0.0,2706.99,0.8
2025-06-25,15,1460,LTGES0956b,993,46,ES01007,ES00046,ES213,ES213,intra_nuts3,true,10.0,intra_diagnostic,0.8,241.21,0.0,28599.62,0.8
2024-08-22,9,1482,LTGES0972b,45,291,ES00045,ES00294,ES213,ES213,intra_nuts3,true,10.0,intra_diagnostic,0.8,-59.27,0.0,7864.9,0.8
2024-08-22,9,1113,LTGES0735b,936,1091,ES00947,ES01109,ES521,ES521,intra_nuts3,true,10.0,intra_diagnostic,0.8,61.87,0.0,7864.9,0.8
2025-06-25,15,294,LTGES0212a,751,261,ES00760,ES00264,ES522,ES522,intra_nuts3,true,10.0,intra_diagnostic,0.8,-229.55,0.0,28599.62,0.8
2025-06-24,12,2028,LTGES1335a,520,1110,ES00523,ES01128,ES617,ES617,intra_nuts3,true,10.0,intra_diagnostic,0.8,-66.7,0.0,7864.9,0.8
2025-06-25,17,736,LTGES0507a,28,32,ES00028,ES00032,ES300,ES300,intra_nuts3,true,10.0,intra_diagnostic,0.8,-59.11,0.0,7864.9,0.8
2025-06-25,15,1862,LTGES1221,642,131,ES00648,ES00131,ES415,ES415,intra_nuts3,true,10.0,intra_diagnostic,0.8,-31.14,0.0,3932.45,0.8
2024-08-20,0,558,LTGES0386b,823,814,ES00832,ES00823,ES618,ES618,intra_nuts3,true,10.0,intra_diagnostic,0.8,59.99,0.0,7864.9,0.8
2025-06-24,12,387,LTGES0262b,278,773,ES00281,ES00782,ES243,ES243,intra_nuts3,true,10.0,intra_diagnostic,0.8,60.55,0.0,7864.9,0.8
2025-06-27,19,900,LTGES0607b,279,947,ES00282,ES00958,ES243,ES243,intra_nuts3,true,10.0,intra_diagnostic,0.8,18.35,0.0,2706.99,0.7
2024-08-24,21,1747,LTGES1149a,526,987,ES00531,ES01001,ES612,ES612,intra_nuts3,true,10.0,intra_diagnostic,0.8,54.62,0.0,7864.9,0.7
2024-08-22,9,1951,LTGES1276,355,1154,ES00358,ES01174,ES521,ES521,intra_nuts3,true,10.0,intra_diagnostic,0.8,27.42,0.0,3932.45,0.7
2024-08-22,9,214,LTGES0153a,813,767,ES00822,ES00776,ES617,ES617,intra_nuts3,true,10.0,intra_diagnostic,0.8,-52.4,0.0,7864.9,0.7
2024-08-22,10,1361,LTGES0895c,562,564,ES00567,ES00569,ES300,ES300,intra_nuts3,true,10.0,intra_diagnostic,0.8,105.89,0.0,15729.79,0.7
2024-08-22,9,215,LTGES0153b,813,767,ES00822,ES00776,ES617,ES617,intra_nuts3,true,10.0,intra_diagnostic,0.8,-52.4,0.0,7864.9,0.7
2024-08-22,17,1292,LTGES0850b,170,552,ES00173,ES00557,ES120,ES120,intra_nuts3,true,10.0,intra_diagnostic,0.8,-55.95,0.0,7864.9,0.7
2025-06-27,8,82,LTGES0055b,87,88,ES00087,ES00088,ES418,ES418,intra_nuts3,true,10.0,intra_diagnostic,0.8,-54.43,0.0,7864.9,0.7
2025-06-25,15,628,LTGES0436a,240,831,ES00243,ES00840,ES523,ES523,intra_nuts3,true,10.0,intra_diagnostic,0.8,-54.76,0.0,7864.9,0.7
2024-08-22,16,244,LTGES0173b,731,963,ES00740,ES00974,ES220,ES220,intra_nuts3,true,10.0,intra_diagnostic,0.8,54.65,0.0,7864.9,0.7
2024-08-22,17,1291,LTGES0850a,170,552,ES00173,ES00557,ES120,ES120,intra_nuts3,true,10.0,intra_diagnostic,0.8,-55.95,0.0,7864.9,0.7
2025-06-30,20,2040,LTGES1344,1199,657,ES01219,ES00663,ES242,ES242,intra_nuts3,true,10.0,intra_diagnostic,0.8,27.03,0.0,3932.45,0.7
2025-06-27,8,2073,LTGES1371,649,650,ES00655,ES00656,ES514,ES514,intra_nuts3,true,10.0,intra_diagnostic,0.8,-25.8,0.0,3932.45,0.7
2024-08-24,17,2061,LTGES1361a,650,868,ES00656,ES00877,ES514,ES514,intra_nuts3,true,10.0,intra_diagnostic,0.8,-54.78,0.0,7864.9,0.7
2025-06-25,17,3,LTGES0002a,729,1086,ES00738,ES01104,ES300,ES300,intra_nuts3,true,10.0,intra_diagnostic,0.8,-54.56,0.0,7864.9,0.7
2024-08-20,18,475,LTGES0328b,763,765,ES00772,ES00774,ES120,ES120,intra_nuts3,true,10.0,intra_diagnostic,0.8,198.88,0.0,28599.62,0.7
2024-08-22,9,1648,LTGES1086a,514,614,ES00517,ES00619,ES523,ES523,intra_nuts3,true,10.0,intra_diagnostic,0.8,55.91,0.0,7864.9,0.7
2024-08-24,20,1092,LTGES0720b,928,501,ES00939,ES00504,ES617,ES617,intra_nuts3,true,10.0,intra_diagnostic,0.8,53.75,0.0,7864.9,0.7
2024-08-26,17,1813,LTGES1189a,154,162,ES00157,ES00165,ES413,ES413,intra_nuts3,true,10.0,intra_diagnostic,0.8,187.07,0.0,28599.62,0.7
2025-06-24,12,1422,LTGES0934c,786,123,ES00795,ES00123,ES113,ES113,intra_nuts3,true,10.0,intra_diagnostic,0.8,-104.39,0.0,15729.79,0.7
2025-06-24,12,1421,LTGES0934b,786,123,ES00795,ES00123,ES113,ES113,intra_nuts3,true,10.0,intra_diagnostic,0.8,-104.39,0.0,15729.79,0.7
2025-06-30,18,1351,LTGES0890b,973,975,ES00984,ES00986,ES120,ES120,intra_nuts3,true,10.0,intra_diagnostic,0.8,204.86,0.0,28599.62,0.7
2025-06-29,7,480,LTGES0331a,302,784,ES00305,ES00793,ES113,ES113,intra_nuts3,true,10.0,intra_diagnostic,0.8,52.13,0.0,7864.9,0.7
2024-08-24,20,1716,LTGES1128b,182,186,ES00185,ES00189,ES612,ES612,intra_nuts3,true,10.0,intra_diagnostic,0.8,56.76,0.0,7864.9,0.7
2025-06-27,19,2076,LTGES1373a,696,87,ES00703,ES00087,ES418,ES418,intra_nuts3,true,10.0,intra_diagnostic,0.8,54.58,0.0,7864.9,0.7
2024-08-24,19,1079,LTGES0713a,192,1132,ES00195,ES01152,ES614,ES614,intra_nuts3,true,10.0,intra_diagnostic,0.8,51.86,0.0,7864.9,0.7
2024-08-24,20,2111,LTGES1398,1209,670,ES01230,ES00677,ES414,ES414,intra_nuts3,true,10.0,intra_diagnostic,0.8,25.98,0.0,3932.45,0.7
2025-06-29,7,481,LTGES0331b,302,784,ES00305,ES00793,ES113,ES113,intra_nuts3,true,10.0,intra_diagnostic,0.8,52.13,0.0,7864.9,0.7
2024-08-24,19,902,LTGES0609,280,891,ES00283,ES00900,ES243,ES243,intra_nuts3,true,10.0,intra_diagnostic,0.8,26.02,0.0,3932.45,0.7
2025-06-27,19,899,LTGES0607a,279,947,ES00282,ES00958,ES243,ES243,intra_nuts3,true,10.0,intra_diagnostic,0.8,18.35,0.0,2706.99,0.7
2024-08-24,21,1137,LTGES0750a,942,515,ES00953,ES00518,ES616,ES616,intra_nuts3,true,10.0,intra_diagnostic,0.8,52.25,0.0,7864.9,0.7
2024-08-20,18,474,LTGES0328a,763,765,ES00772,ES00774,ES120,ES120,intra_nuts3,true,10.0,intra_diagnostic,0.8,198.88,0.0,28599.62,0.7
2024-08-22,9,1539,LTGES1012a,596,598,ES00601,ES00603,ES300,ES300,intra_nuts3,true,10.0,intra_diagnostic,0.8,-17.77,0.0,2706.99,0.7
2025-06-29,7,1347,LTGES0888b,104,998,ES00104,ES01012,ES120,ES120,intra_nuts3,true,10.0,intra_diagnostic,0.8,205.94,0.0,28599.62,0.7
2025-06-27,19,2041,LTGES1345a,460,665,ES00463,ES00672,ES417,ES417,intra_nuts3,true,10.0,intra_diagnostic,0.8,-54.62,0.0,7864.9,0.7
2024-08-22,10,2047,LTGES1349,1200,664,ES01220,ES00671,ES422,ES422,intra_nuts3,true,10.0,intra_diagnostic,0.8,-25.82,0.0,3932.45,0.7
2025-06-24,12,1420,LTGES0934a,786,123,ES00795,ES00123,ES113,ES113,intra_nuts3,true,10.0,intra_diagnostic,0.8,-104.39,0.0,15729.79,0.7
2024-08-24,17,2062,LTGES1361b,650,868,ES00656,ES00877,ES514,ES514,intra_nuts3,true,10.0,intra_diagnostic,0.8,-54.78,0.0,7864.9,0.7
2025-06-27,19,2077,LTGES1373b,696,87,ES00703,ES00087,ES418,ES418,intra_nuts3,true,10.0,intra_diagnostic,0.8,54.58,0.0,7864.9,0.7
2025-06-29,7,1346,LTGES0888a,104,998,ES00104,ES01012,ES120,ES120,intra_nuts3,true,10.0,intra_diagnostic,0.8,205.94,0.0,28599.62,0.7
2024-08-20,18,1810,LTGES1187,1084,1115,ES01102,ES01133,ES241,ES241,intra_nuts3,true,10.0,intra_diagnostic,0.8,-25.59,0.0,3932.45,0.7
2024-08-24,19,1080,LTGES0713b,192,1132,ES00195,ES01152,ES614,ES614,intra_nuts3,true,10.0,intra_diagnostic,0.8,51.86,0.0,7864.9,0.7
2024-08-22,10,1359,LTGES0895a,562,564,ES00567,ES00569,ES300,ES300,intra_nuts3,true,10.0,intra_diagnostic,0.8,105.89,0.0,15729.79,0.7
2025-06-24,12,1423,LTGES0934d,786,123,ES00795,ES00123,ES113,ES113,intra_nuts3,true,10.0,intra_diagnostic,0.8,-104.39,0.0,15729.79,0.7
2024-08-22,9,201,LTGES0146,159,730,ES00162,ES00739,ES413,ES413,intra_nuts3,true,10.0,intra_diagnostic,0.8,26.05,0.0,3932.45,0.7
2024-08-24,20,1715,LTGES1128a,182,186,ES00185,ES00189,ES612,ES612,intra_nuts3,true,10.0,intra_diagnostic,0.8,56.76,0.0,7864.9,0.7
2024-08-22,10,1780,LTGES1171a,593,591,ES00598,ES00596,ES514,ES514,intra_nuts3,true,10.0,intra_diagnostic,0.8,54.13,0.0,7864.9,0.7
2024-08-24,20,1091,LTGES0720a,928,501,ES00939,ES00504,ES617,ES617,intra_nuts3,true,10.0,intra_diagnostic,0.8,53.75,0.0,7864.9,0.7
2025-06-25,15,629,LTGES0436b,240,831,ES00243,ES00840,ES523,ES523,intra_nuts3,true,10.0,intra_diagnostic,0.8,-54.76,0.0,7864.9,0.7
2024-08-22,10,1362,LTGES0895d,562,564,ES00567,ES00569,ES300,ES300,intra_nuts3,true,10.0,intra_diagnostic,0.8,105.89,0.0,15729.79,0.7
2025-06-24,12,1596,LTGES1049,608,1158,ES00613,ES01178,ES422,ES422,intra_nuts3,true,10.0,intra_diagnostic,0.8,-28.17,0.0,3932.45,0.7
2024-08-22,16,243,LTGES0173a,731,963,ES00740,ES00974,ES220,ES220,intra_nuts3,true,10.0,intra_diagnostic,0.8,54.65,0.0,7864.9,0.7
2024-08-24,21,1138,LTGES0750b,942,515,ES00953,ES00518,ES616,ES616,intra_nuts3,true,10.0,intra_diagnostic,0.8,52.25,0.0,7864.9,0.7
2024-08-22,9,1540,LTGES1012b,596,598,ES00601,ES00603,ES300,ES300,intra_nuts3,true,10.0,intra_diagnostic,0.8,-17.77,0.0,2706.99,0.7
2024-08-26,17,1814,LTGES1189b,154,162,ES00157,ES00165,ES413,ES413,intra_nuts3,true,10.0,intra_diagnostic,0.8,187.07,0.0,28599.62,0.7
2024-08-22,10,1981,LTGES1302,709,1173,ES00716,ES01193,ES611,ES611,intra_nuts3,true,10.0,intra_diagnostic,0.8,-26.82,0.0,3932.45,0.7
2025-06-30,18,1350,LTGES0890a,973,975,ES00984,ES00986,ES120,ES120,intra_nuts3,true,10.0,intra_diagnostic,0.8,204.86,0.0,28599.62,0.7
2025-06-27,19,2042,LTGES1345b,460,665,ES00463,ES00672,ES417,ES417,intra_nuts3,true,10.0,intra_diagnostic,0.8,-54.62,0.0,7864.9,0.7
2025-06-27,8,81,LTGES0055a,87,88,ES00087,ES00088,ES418,ES418,intra_nuts3,true,10.0,intra_diagnostic,0.8,-54.43,0.0,7864.9,0.7
2024-08-22,9,1649,LTGES1086b,514,614,ES00517,ES00619,ES523,ES523,intra_nuts3,true,10.0,intra_diagnostic,0.8,55.91,0.0,7864.9,0.7
2024-08-22,10,1360,LTGES0895b,562,564,ES00567,ES00569,ES300,ES300,intra_nuts3,true,10.0,intra_diagnostic,0.8,105.89,0.0,15729.79,0.7
2024-08-22,10,1781,LTGES1171b,593,591,ES00598,ES00596,ES514,ES514,intra_nuts3,true,10.0,intra_diagnostic,0.8,54.13,0.0,7864.9,0.7
2025-06-25,17,4,LTGES0002b,729,1086,ES00738,ES01104,ES300,ES300,intra_nuts3,true,10.0,intra_diagnostic,0.8,-54.56,0.0,7864.9,0.7
2024-08-24,21,1748,LTGES1149b,526,987,ES00531,ES01001,ES612,ES612,intra_nuts3,true,10.0,intra_diagnostic,0.8,54.62,0.0,7864.9,0.7
2024-08-22,9,1818,LTGES1193a,467,632,ES00470,ES00638,ES300,ES300,intra_nuts3,true,10.0,intra_diagnostic,0.8,45.3,0.0,7864.9,0.6
2024-08-24,19,99,LTGES0067b,100,101,ES00100,ES00101,ES120,ES120,intra_nuts3,true,10.0,intra_diagnostic,0.8,-43.58,0.0,7864.9,0.6
2025-06-24,11,1856,LTGES1216b,1134,639,ES01154,ES00645,ES431,ES431,intra_nuts3,true,10.0,intra_diagnostic,0.8,-44.51,0.0,7864.9,0.6
2025-06-24,11,2053,LTGES1356,1205,328,ES01226,ES00331,ES431,ES431,intra_nuts3,true,10.0,intra_diagnostic,0.8,82.95,0.0,14299.81,0.6
2025-06-24,11,1855,LTGES1216a,1134,639,ES01154,ES00645,ES431,ES431,intra_nuts3,true,10.0,intra_diagnostic,0.8,-44.51,0.0,7864.9,0.6
2025-06-25,15,188,LTGES0138a,170,101,ES00173,ES00101,ES120,ES120,intra_nuts3,true,10.0,intra_diagnostic,0.8,-43.28,0.0,7864.9,0.6
2025-06-24,12,253,LTGES0182a,217,219,ES00220,ES00222,ES211,ES211,intra_nuts3,true,10.0,intra_diagnostic,0.8,44.21,0.0,7864.9,0.6
2024-08-24,19,98,LTGES0067a,100,101,ES00100,ES00101,ES120,ES120,intra_nuts3,true,10.0,intra_diagnostic,0.8,-43.58,0.0,7864.9,0.6
2025-06-30,19,1176,LTGES0772b,519,520,ES00522,ES00523,ES617,ES617,intra_nuts3,true,10.0,intra_diagnostic,0.8,45.85,0.0,7864.9,0.6
2024-08-22,9,1164,LTGES0766b,22,992,ES00022,ES01006,ES300,ES300,intra_nuts3,true,10.0,intra_diagnostic,0.8,47.16,0.0,7864.9,0.6
2024-08-22,17,2060,LTGES1360b,667,57,ES00674,ES00057,ES432,ES432,intra_nuts3,true,10.0,intra_diagnostic,0.8,49.05,0.0,7864.9,0.6
2024-08-24,21,1490,LTGES0978b,1019,584,ES01033,ES00589,ES213,ES213,intra_nuts3,true,10.0,intra_diagnostic,0.8,46.56,0.0,7864.9,0.6
2025-06-25,17,951,LTGES0638a,901,34,ES00910,ES00034,ES618,ES618,intra_nuts3,true,10.0,intra_diagnostic,0.8,48.39,0.0,7864.9,0.6
2025-06-30,19,1175,LTGES0772a,519,520,ES00522,ES00523,ES617,ES617,intra_nuts3,true,10.0,intra_diagnostic,0.8,45.85,0.0,7864.9,0.6
2024-08-22,17,2059,LTGES1360a,667,57,ES00674,ES00057,ES432,ES432,intra_nuts3,true,10.0,intra_diagnostic,0.8,49.05,0.0,7864.9,0.6
2025-06-26,9,1917,LTGES1255a,649,650,ES00655,ES00656,ES514,ES514,intra_nuts3,true,10.0,intra_diagnostic,0.8,-43.81,0.0,7864.9,0.6
2024-08-20,22,1777,LTGES1168,628,630,ES00634,ES00636,ES300,ES300,intra_nuts3,true,10.0,intra_diagnostic,0.8,-8.2,0.0,1353.49,0.6
2024-08-22,9,1819,LTGES1193b,467,632,ES00470,ES00638,ES300,ES300,intra_nuts3,true,10.0,intra_diagnostic,0.8,45.3,0.0,7864.9,0.6
2024-08-22,17,1563,LTGES1028a,118,115,ES00118,ES00115,ES523,ES523,intra_nuts3,true,10.0,intra_diagnostic,0.8,-171.48,0.0,28599.62,0.6
2024-08-22,9,1769,LTGES1161,314,604,ES00317,ES00609,ES113,ES113,intra_nuts3,true,10.0,intra_diagnostic,0.8,21.79,0.0,3932.45,0.6
2024-08-22,17,1564,LTGES1028b,118,115,ES00118,ES00115,ES523,ES523,intra_nuts3,true,10.0,intra_diagnostic,0.8,-171.48,0.0,28599.62,0.6
2024-08-24,21,1489,LTGES0978a,1019,584,ES01033,ES00589,ES213,ES213,intra_nuts3,true,10.0,intra_diagnostic,0.8,46.56,0.0,7864.9,0.6
2024-08-24,20,2156,LTGES1434,1167,1,ES01187,ES00001,ES300,ES300,intra_nuts3,true,10.0,intra_diagnostic,0.8,-22.89,0.0,3932.45,0.6
2024-08-20,5,1392,LTGES0915b,977,724,ES00988,ES00733,ES120,ES120,intra_nuts3,true,10.0,intra_diagnostic,0.8,-175.86,0.0,28599.62,0.6
2024-08-20,20,1709,LTGES1124a,240,609,ES00243,ES00614,ES523,ES523,intra_nuts3,true,10.0,intra_diagnostic,0.8,43.88,0.0,7864.9,0.6
2024-08-22,10,1691,LTGES1115b,22,991,ES00022,ES01005,ES300,ES300,intra_nuts3,true,10.0,intra_diagnostic,0.8,43.29,0.0,7864.9,0.6
2024-08-22,9,1432,LTGES0940b,1092,531,ES01110,ES00536,ES212,ES212,intra_nuts3,true,10.0,intra_diagnostic,0.8,-43.46,0.0,7864.9,0.6
2025-06-25,15,1353,LTGES0891b,972,974,ES00983,ES00985,ES120,ES120,intra_nuts3,true,10.0,intra_diagnostic,0.8,47.0,0.0,7864.9,0.6
2024-08-22,9,1083,LTGES0715a,927,504,ES00938,ES00507,ES617,ES617,intra_nuts3,true,10.0,intra_diagnostic,0.8,43.92,0.0,7864.9,0.6
2025-06-24,12,1246,LTGES0819,965,534,ES00976,ES00539,ES618,ES618,intra_nuts3,true,10.0,intra_diagnostic,0.8,22.35,0.0,3932.45,0.6
2025-06-26,9,1918,LTGES1255b,649,650,ES00655,ES00656,ES514,ES514,intra_nuts3,true,10.0,intra_diagnostic,0.8,-43.81,0.0,7864.9,0.6
2025-06-24,12,1714,LTGES1127b,713,139,ES00722,ES00142,ES230,ES230,intra_nuts3,true,10.0,intra_diagnostic,0.8,48.25,0.0,7864.9,0.6
2024-08-22,9,1431,LTGES0940a,1092,531,ES01110,ES00536,ES212,ES212,intra_nuts3,true,10.0,intra_diagnostic,0.8,-43.46,0.0,7864.9,0.6
2025-06-24,12,1713,LTGES1127a,713,139,ES00722,ES00142,ES230,ES230,intra_nuts3,true,10.0,intra_diagnostic,0.8,48.25,0.0,7864.9,0.6
2024-08-22,9,1876,LTGES1230a,1136,1139,ES01156,ES01159,ES243,ES243,intra_nuts3,true,10.0,intra_diagnostic,0.8,-46.81,0.0,7864.9,0.6
2024-08-22,9,1084,LTGES0715b,927,504,ES00938,ES00507,ES617,ES617,intra_nuts3,true,10.0,intra_diagnostic,0.8,43.92,0.0,7864.9,0.6
2025-06-25,15,1352,LTGES0891a,972,974,ES00983,ES00985,ES120,ES120,intra_nuts3,true,10.0,intra_diagnostic,0.8,47.0,0.0,7864.9,0.6
2025-06-30,20,2090,LTGES1383,593,1029,ES00598,ES01043,ES514,ES514,intra_nuts3,true,10.0,intra_diagnostic,0.8,-22.8,0.0,3932.45,0.6
2025-06-30,18,497,LTGES0344b,712,317,ES00720,ES00320,ES111,ES111,intra_nuts3,true,10.0,intra_diagnostic,0.8,48.59,0.0,7864.9,0.6
2024-08-26,17,1399,LTGES0918b,997,976,ES01011,ES00987,ES120,ES120,intra_nuts3,true,10.0,intra_diagnostic,0.8,-66.07,0.0,11797.34,0.6
2024-08-22,9,1877,LTGES1230b,1136,1139,ES01156,ES01159,ES243,ES243,intra_nuts3,true,10.0,intra_diagnostic,0.8,-46.81,0.0,7864.9,0.6
2024-08-22,9,86,LTGES0058b,93,94,ES00093,ES00094,ES114,ES114,intra_nuts3,true,10.0,intra_diagnostic,0.8,47.13,0.0,7864.9,0.6
2025-06-30,20,911,LTGES0614,893,409,ES00902,ES00412,ES242,ES242,intra_nuts3,true,10.0,intra_diagnostic,0.8,22.74,0.0,3932.45,0.6
2024-08-22,9,430,LTGES0296a,785,700,ES00794,ES00707,ES114,ES114,intra_nuts3,true,10.0,intra_diagnostic,0.8,46.81,0.0,7864.9,0.6
2024-08-22,10,240,LTGES0170,209,746,ES00212,ES00755,ES511,ES511,intra_nuts3,true,10.0,intra_diagnostic,0.8,21.85,0.0,3932.45,0.6
2024-08-22,9,2089,LTGES1382b,614,1149,ES00619,ES01169,ES523,ES523,intra_nuts3,true,10.0,intra_diagnostic,0.8,47.44,0.0,7864.9,0.6
2024-08-26,17,1398,LTGES0918a,997,976,ES01011,ES00987,ES120,ES120,intra_nuts3,true,10.0,intra_diagnostic,0.8,-66.07,0.0,11797.34,0.6
2024-08-22,9,674,LTGES0464b,835,836,ES00844,ES00845,ES613,ES613,intra_nuts3,true,10.0,intra_diagnostic,0.8,45.98,0.0,7864.9,0.6
2025-06-24,12,254,LTGES0182b,217,219,ES00220,ES00222,ES211,ES211,intra_nuts3,true,10.0,intra_diagnostic,0.8,44.21,0.0,7864.9,0.6
2024-08-20,19,1581,LTGES1038,319,1223,ES00322,ES01246,ES111,ES111,intra_nuts3,true,10.0,intra_diagnostic,0.8,21.72,0.0,3932.45,0.6
2024-08-26,17,1400,LTGES0918c,997,976,ES01011,ES00987,ES120,ES120,intra_nuts3,true,10.0,intra_diagnostic,0.8,-66.07,0.0,11797.34,0.6
2024-08-22,9,2088,LTGES1382a,614,1149,ES00619,ES01169,ES523,ES523,intra_nuts3,true,10.0,intra_diagnostic,0.8,47.44,0.0,7864.9,0.6
2024-08-20,20,1710,LTGES1124b,240,609,ES00243,ES00614,ES523,ES523,intra_nuts3,true,10.0,intra_diagnostic,0.8,43.88,0.0,7864.9,0.6
2025-06-24,12,1990,LTGES1309,131,662,ES00131,ES00668,ES415,ES415,intra_nuts3,true,10.0,intra_diagnostic,0.8,-23.04,0.0,3932.45,0.6
2024-08-22,9,85,LTGES0058a,93,94,ES00093,ES00094,ES114,ES114,intra_nuts3,true,10.0,intra_diagnostic,0.8,47.13,0.0,7864.9,0.6
2025-06-30,18,496,LTGES0344a,712,317,ES00720,ES00320,ES111,ES111,intra_nuts3,true,10.0,intra_diagnostic,0.8,48.59,0.0,7864.9,0.6
2024-08-22,9,673,LTGES0464a,835,836,ES00844,ES00845,ES613,ES613,intra_nuts3,true,10.0,intra_diagnostic,0.8,45.98,0.0,7864.9,0.6
2024-08-20,5,1391,LTGES0915a,977,724,ES00988,ES00733,ES120,ES120,intra_nuts3,true,10.0,intra_diagnostic,0.8,-175.86,0.0,28599.62,0.6
2025-06-25,17,952,LTGES0638b,901,34,ES00910,ES00034,ES618,ES618,intra_nuts3,true,10.0,intra_diagnostic,0.8,48.39,0.0,7864.9,0.6
2025-06-25,15,189,LTGES0138b,170,101,ES00173,ES00101,ES120,ES120,intra_nuts3,true,10.0,intra_diagnostic,0.8,-43.28,0.0,7864.9,0.6
2024-08-22,9,431,LTGES0296b,785,700,ES00794,ES00707,ES114,ES114,intra_nuts3,true,10.0,intra_diagnostic,0.8,46.81,0.0,7864.9,0.6
2024-08-22,10,1690,LTGES1115a,22,991,ES00022,ES01005,ES300,ES300,intra_nuts3,true,10.0,intra_diagnostic,0.8,43.29,0.0,7864.9,0.6
2024-08-22,9,1163,LTGES0766a,22,992,ES00022,ES01006,ES300,ES300,intra_nuts3,true,10.0,intra_diagnostic,0.8,47.16,0.0,7864.9,0.6
2024-08-24,20,2157,LTGES1435,1167,1,ES01187,ES00001,ES300,ES300,intra_nuts3,true,10.0,intra_diagnostic,0.8,-22.89,0.0,3932.45,0.6
2024-08-23,17,1017,LTGES0674b,909,911,ES00920,ES00922,ES300,ES300,intra_nuts3,true,10.0,intra_diagnostic,0.8,-77.72,0.0,15729.79,0.5
2025-06-25,17,562,LTGES0388b,814,337,ES00823,ES00340,ES618,ES618,intra_nuts3,true,10.0,intra_diagnostic,0.8,54.2,0.0,11797.34,0.5
2024-08-22,10,1053,LTGES0695b,923,922,ES00934,ES00933,ES614,ES614,intra_nuts3,true,10.0,intra_diagnostic,0.8,40.43,0.0,7864.9,0.5
2025-06-25,11,1684,LTGES1111b,1084,624,ES01102,ES00630,ES241,ES241,intra_nuts3,true,10.0,intra_diagnostic,0.8,-38.64,0.0,7864.9,0.5
2024-08-24,20,1927,LTGES1261a,1150,166,ES01170,ES00169,ES432,ES432,intra_nuts3,true,10.0,intra_diagnostic,0.8,41.81,0.0,7864.9,0.5
2024-08-24,20,1928,LTGES1261b,1150,166,ES01170,ES00169,ES432,ES432,intra_nuts3,true,10.0,intra_diagnostic,0.8,41.81,0.0,7864.9,0.5
2025-06-27,19,2074,LTGES1372a,658,88,ES00664,ES00088,ES418,ES418,intra_nuts3,true,10.0,intra_diagnostic,0.8,35.82,0.0,7864.9,0.5
2025-06-25,17,561,LTGES0388a,814,337,ES00823,ES00340,ES618,ES618,intra_nuts3,true,10.0,intra_diagnostic,0.8,54.2,0.0,11797.34,0.5
2024-08-22,9,1494,LTGES0982a,1021,1020,ES01035,ES01034,ES212,ES212,intra_nuts3,true,10.0,intra_diagnostic,0.8,37.09,0.0,7864.9,0.5
2025-06-25,11,1686,LTGES1112b,624,1111,ES00630,ES01129,ES241,ES241,intra_nuts3,true,10.0,intra_diagnostic,0.8,-36.76,0.0,7864.9,0.5
2025-06-26,9,1594,LTGES1048a,606,1049,ES00611,ES01063,ES422,ES422,intra_nuts3,true,10.0,intra_diagnostic,0.8,36.4,0.0,7864.9,0.5
2024-08-20,19,1775,LTGES1166b,1104,1102,ES01122,ES01120,ES300,ES300,intra_nuts3,true,10.0,intra_diagnostic,0.8,35.87,0.0,7864.9,0.5
2025-06-30,19,2100,LTGES1390,411,661,ES00414,ES00667,ES242,ES242,intra_nuts3,true,10.0,intra_diagnostic,0.8,-18.08,0.0,3932.45,0.5
2024-08-26,18,231,LTGES0165b,203,53,ES00206,ES00053,ES511,ES511,intra_nuts3,true,10.0,intra_diagnostic,0.8,135.82,0.0,28599.62,0.5
2024-08-24,20,1718,LTGES1129b,742,184,ES00751,ES00187,ES612,ES612,intra_nuts3,true,10.0,intra_diagnostic,0.8,-40.75,0.0,7864.9,0.5
2024-08-22,10,975,LTGES0652b,678,143,ES00685,ES00146,ES300,ES300,intra_nuts3,true,10.0,intra_diagnostic,0.8,-201.98,0.0,42899.43,0.5
2025-06-25,17,1020,LTGES0675a,910,486,ES00921,ES00489,ES300,ES300,intra_nuts3,true,10.0,intra_diagnostic,0.8,137.74,0.0,28599.62,0.5
2025-06-25,15,830,LTGES0563d,732,874,ES00741,ES00883,ES511,ES511,intra_nuts3,true,10.0,intra_diagnostic,0.8,83.94,0.0,15729.79,0.5
2025-06-30,20,1679,LTGES1108,1083,622,ES01101,ES00628,ES242,ES242,intra_nuts3,true,10.0,intra_diagnostic,0.8,18.57,0.0,3932.45,0.5
2024-08-24,20,1717,LTGES1129a,742,184,ES00751,ES00187,ES612,ES612,intra_nuts3,true,10.0,intra_diagnostic,0.8,-40.75,0.0,7864.9,0.5
2024-08-23,17,1019,LTGES0674d,909,911,ES00920,ES00922,ES300,ES300,intra_nuts3,true,10.0,intra_diagnostic,0.8,-77.72,0.0,15729.79,0.5
2024-08-20,20,1894,LTGES1241a,135,65,ES00136,ES00065,ES230,ES230,intra_nuts3,true,10.0,intra_diagnostic,0.8,-36.02,0.0,7864.9,0.5
2024-08-22,9,450,LTGES0310a,677,309,ES00684,ES00312,ES300,ES300,intra_nuts3,true,10.0,intra_diagnostic,0.8,36.63,0.0,7864.9,0.5
2025-06-27,19,1977,LTGES1299a,657,411,ES00663,ES00414,ES242,ES242,intra_nuts3,true,10.0,intra_diagnostic,0.8,38.83,0.0,7864.9,0.5
2024-08-20,3,477,LTGES0329b,762,764,ES00771,ES00773,ES120,ES120,intra_nuts3,true,10.0,intra_diagnostic,0.8,37.86,0.0,7864.9,0.5
2024-08-20,3,476,LTGES0329a,762,764,ES00771,ES00773,ES120,ES120,intra_nuts3,true,10.0,intra_diagnostic,0.8,37.86,0.0,7864.9,0.5
2025-06-24,12,2206,TR_565d8e08,715,716,ES00724,ES00725,ES432,ES432,intra_nuts3,true,10.0,intra_diagnostic,0.8,7.35,0.0,1600.0,0.5
2025-06-30,20,1526,LTGES1004,591,1035,ES00596,ES01049,ES514,ES514,intra_nuts3,true,10.0,intra_diagnostic,0.8,-20.89,0.0,3932.45,0.5
2024-08-22,9,1446,LTGES0950b,575,576,ES00580,ES00581,ES211,ES211,intra_nuts3,true,10.0,intra_diagnostic,0.8,37.38,0.0,7864.9,0.5
2025-06-26,9,1595,LTGES1048b,606,1049,ES00611,ES01063,ES422,ES422,intra_nuts3,true,10.0,intra_diagnostic,0.8,36.4,0.0,7864.9,0.5
2024-08-22,9,451,LTGES0310b,677,309,ES00684,ES00312,ES300,ES300,intra_nuts3,true,10.0,intra_diagnostic,0.8,36.63,0.0,7864.9,0.5
2025-06-30,19,1944,LTGES1270b,684,652,ES00691,ES00658,ES412,ES412,intra_nuts3,true,10.0,intra_diagnostic,0.8,-132.04,0.0,28599.62,0.5
2025-06-25,15,1454,LTGES0954b,428,579,ES00431,ES00584,ES213,ES213,intra_nuts3,true,10.0,intra_diagnostic,0.8,-139.08,0.0,28599.62,0.5
2024-08-22,17,292,LTGES0211a,758,236,ES00767,ES00239,ES522,ES522,intra_nuts3,true,10.0,intra_diagnostic,0.8,36.82,0.0,7864.9,0.5
2025-06-25,15,346,LTGES0238b,757,259,ES00766,ES00262,ES522,ES522,intra_nuts3,true,10.0,intra_diagnostic,0.8,13.54,0.0,2706.99,0.5
2024-08-22,17,448,LTGES0309a,308,196,ES00311,ES00199,ES418,ES418,intra_nuts3,true,10.0,intra_diagnostic,0.8,-39.67,0.0,7864.9,0.5
2025-06-25,15,829,LTGES0563c,732,874,ES00741,ES00883,ES511,ES511,intra_nuts3,true,10.0,intra_diagnostic,0.8,83.94,0.0,15729.79,0.5
2025-06-27,19,1978,LTGES1299b,657,411,ES00663,ES00414,ES242,ES242,intra_nuts3,true,10.0,intra_diagnostic,0.8,38.83,0.0,7864.9,0.5
2024-08-26,18,230,LTGES0165a,203,53,ES00206,ES00053,ES511,ES511,intra_nuts3,true,10.0,intra_diagnostic,0.8,135.82,0.0,28599.62,0.5
2025-06-30,18,664,LTGES0459a,387,896,ES00390,ES00905,ES424,ES424,intra_nuts3,true,10.0,intra_diagnostic,0.8,141.59,0.0,28599.62,0.5
2024-08-20,20,1610,LTGES1058a,1146,1057,ES01166,ES01071,ES611,ES611,intra_nuts3,true,10.0,intra_diagnostic,0.8,-35.39,0.0,7864.9,0.5
2024-08-24,20,209,LTGES0150b,182,742,ES00185,ES00751,ES612,ES612,intra_nuts3,true,10.0,intra_diagnostic,0.8,-38.29,0.0,7864.9,0.5
2025-06-30,18,665,LTGES0459b,387,896,ES00390,ES00905,ES424,ES424,intra_nuts3,true,10.0,intra_diagnostic,0.8,141.59,0.0,28599.62,0.5
2024-08-20,19,1698,LTGES1119a,20,1089,ES00020,ES01107,ES300,ES300,intra_nuts3,true,10.0,intra_diagnostic,0.8,35.88,0.0,7864.9,0.5
2024-08-22,10,656,LTGES0454a,378,834,ES00381,ES00843,ES514,ES514,intra_nuts3,true,10.0,intra_diagnostic,0.8,36.72,0.0,7864.9,0.5
2024-08-22,10,657,LTGES0454b,378,834,ES00381,ES00843,ES514,ES514,intra_nuts3,true,10.0,intra_diagnostic,0.8,36.72,0.0,7864.9,0.5
2025-06-24,12,1587,LTGES1043,1044,329,ES01058,ES00332,ES431,ES431,intra_nuts3,true,10.0,intra_diagnostic,0.8,19.42,0.0,3932.45,0.5
2024-08-22,9,1982,LTGES1303a,1174,332,ES01194,ES00335,ES618,ES618,intra_nuts3,true,10.0,intra_diagnostic,0.8,-38.22,0.0,7864.9,0.5
2024-08-20,19,1774,LTGES1166a,1104,1102,ES01122,ES01120,ES300,ES300,intra_nuts3,true,10.0,intra_diagnostic,0.8,35.87,0.0,7864.9,0.5
2025-06-27,19,882,LTGES0597,887,281,ES00896,ES00284,ES243,ES243,intra_nuts3,true,10.0,intra_diagnostic,0.8,21.41,0.0,3932.45,0.5
2025-06-25,15,828,LTGES0563b,732,874,ES00741,ES00883,ES511,ES511,intra_nuts3,true,10.0,intra_diagnostic,0.8,83.94,0.0,15729.79,0.5
2025-06-25,11,1683,LTGES1111a,1084,624,ES01102,ES00630,ES241,ES241,intra_nuts3,true,10.0,intra_diagnostic,0.8,-38.64,0.0,7864.9,0.5
2025-06-30,19,1943,LTGES1270a,684,652,ES00691,ES00658,ES412,ES412,intra_nuts3,true,10.0,intra_diagnostic,0.8,-132.04,0.0,28599.62,0.5
2024-08-22,9,1495,LTGES0982b,1021,1020,ES01035,ES01034,ES212,ES212,intra_nuts3,true,10.0,intra_diagnostic,0.8,37.09,0.0,7864.9,0.5
2025-06-24,14,2208,TR_2087835e,164,165,ES00167,ES00168,ES432,ES432,intra_nuts3,true,10.0,intra_diagnostic,0.8,7.23,0.0,1600.0,0.5
2024-08-20,19,1699,LTGES1119b,20,1089,ES00020,ES01107,ES300,ES300,intra_nuts3,true,10.0,intra_diagnostic,0.8,35.88,0.0,7864.9,0.5
2024-08-22,10,1636,LTGES1077,1109,158,ES01127,ES00161,ES113,ES413,inter_nuts3,false,1.5,inter_allowance,0.8,-2.71,0.0,589.87,0.5
2024-08-22,10,1052,LTGES0695a,923,922,ES00934,ES00933,ES614,ES614,intra_nuts3,true,10.0,intra_diagnostic,0.8,40.43,0.0,7864.9,0.5
2025-06-25,17,563,LTGES0388c,814,337,ES00823,ES00340,ES618,ES618,intra_nuts3,true,10.0,intra_diagnostic,0.8,54.2,0.0,11797.34,0.5
2024-08-22,17,293,LTGES0211b,758,236,ES00767,ES00239,ES522,ES522,intra_nuts3,true,10.0,intra_diagnostic,0.8,36.82,0.0,7864.9,0.5
2024-08-20,20,1895,LTGES1241b,135,65,ES00136,ES00065,ES230,ES230,intra_nuts3,true,10.0,intra_diagnostic,0.8,-36.02,0.0,7864.9,0.5
2025-06-27,19,2075,LTGES1372b,658,88,ES00664,ES00088,ES418,ES418,intra_nuts3,true,10.0,intra_diagnostic,0.8,35.82,0.0,7864.9,0.5
2024-08-22,10,976,LTGES0652c,678,143,ES00685,ES00146,ES300,ES300,intra_nuts3,true,10.0,intra_diagnostic,0.8,-201.98,0.0,42899.43,0.5
2024-08-20,20,1611,LTGES1058b,1146,1057,ES01166,ES01071,ES611,ES611,intra_nuts3,true,10.0,intra_diagnostic,0.8,-35.39,0.0,7864.9,0.5
2024-08-23,17,1016,LTGES0674a,909,911,ES00920,ES00922,ES300,ES300,intra_nuts3,true,10.0,intra_diagnostic,0.8,-77.72,0.0,15729.79,0.5
2025-06-27,19,489,LTGES0339a,797,796,ES00806,ES00805,ES114,ES114,intra_nuts3,true,10.0,intra_diagnostic,0.8,-37.39,0.0,7864.9,0.5
2025-06-25,17,1021,LTGES0675b,910,486,ES00921,ES00489,ES300,ES300,intra_nuts3,true,10.0,intra_diagnostic,0.8,137.74,0.0,28599.62,0.5
2024-08-24,20,208,LTGES0150a,182,742,ES00185,ES00751,ES612,ES612,intra_nuts3,true,10.0,intra_diagnostic,0.8,-38.29,0.0,7864.9,0.5
2024-08-22,10,974,LTGES0652a,678,143,ES00685,ES00146,ES300,ES300,intra_nuts3,true,10.0,intra_diagnostic,0.8,-201.98,0.0,42899.43,0.5
2025-06-25,15,345,LTGES0238a,757,259,ES00766,ES00262,ES522,ES522,intra_nuts3,true,10.0,intra_diagnostic,0.8,13.54,0.0,2706.99,0.5
2024-08-22,9,1628,LTGES1072a,170,1157,ES00173,ES01177,ES120,ES120,intra_nuts3,true,10.0,intra_diagnostic,0.8,37.73,0.0,7864.9,0.5
2024-08-23,17,1018,LTGES0674c,909,911,ES00920,ES00922,ES300,ES300,intra_nuts3,true,10.0,intra_diagnostic,0.8,-77.72,0.0,15729.79,0.5
2024-08-22,17,449,LTGES0309b,308,196,ES00311,ES00199,ES418,ES418,intra_nuts3,true,10.0,intra_diagnostic,0.8,-39.67,0.0,7864.9,0.5
2024-08-22,9,1983,LTGES1303b,1174,332,ES01194,ES00335,ES618,ES618,intra_nuts3,true,10.0,intra_diagnostic,0.8,-38.22,0.0,7864.9,0.5
2025-06-25,11,1685,LTGES1112a,624,1111,ES00630,ES01129,ES241,ES241,intra_nuts3,true,10.0,intra_diagnostic,0.8,-36.76,0.0,7864.9,0.5
2025-06-27,19,490,LTGES0339b,797,796,ES00806,ES00805,ES114,ES114,intra_nuts3,true,10.0,intra_diagnostic,0.8,-37.39,0.0,7864.9,0.5
2025-06-25,15,827,LTGES0563a,732,874,ES00741,ES00883,ES511,ES511,intra_nuts3,true,10.0,intra_diagnostic,0.8,83.94,0.0,15729.79,0.5
2024-08-22,9,1445,LTGES0950a,575,576,ES00580,ES00581,ES211,ES211,intra_nuts3,true,10.0,intra_diagnostic,0.8,37.38,0.0,7864.9,0.5
2025-06-25,15,1453,LTGES0954a,428,579,ES00431,ES00584,ES213,ES213,intra_nuts3,true,10.0,intra_diagnostic,0.8,-139.08,0.0,28599.62,0.5
2024-08-22,9,1629,LTGES1072b,170,1157,ES00173,ES01177,ES120,ES120,intra_nuts3,true,10.0,intra_diagnostic,0.8,37.73,0.0,7864.9,0.5
2024-08-20,8,1108,LTGES0731b,509,933,ES00512,ES00944,ES521,ES521,intra_nuts3,true,10.0,intra_diagnostic,0.8,28.56,0.0,7864.9,0.4
2025-06-30,18,1259,LTGES0827c,1005,313,ES01019,ES00316,ES111,ES111,intra_nuts3,true,10.0,intra_diagnostic,0.8,46.6,0.0,11797.34,0.4
2024-08-20,8,1985,LTGES1304b,1175,1174,ES01195,ES01194,ES618,ES618,intra_nuts3,true,10.0,intra_diagnostic,0.8,-27.99,0.0,7864.9,0.4
2025-06-27,19,643,LTGES0445b,369,371,ES00372,ES00374,ES514,ES514,intra_nuts3,true,10.0,intra_diagnostic,0.8,-27.68,0.0,7864.9,0.4
2024-08-21,19,1075,LTGES0710b,498,925,ES00501,ES00936,ES617,ES617,intra_nuts3,true,10.0,intra_diagnostic,0.8,28.01,0.0,7864.9,0.4
2024-08-20,8,1984,LTGES1304a,1175,1174,ES01195,ES01194,ES618,ES618,intra_nuts3,true,10.0,intra_diagnostic,0.8,-27.99,0.0,7864.9,0.4
2024-08-20,19,1513,LTGES0994b,1024,1023,ES01038,ES01037,ES230,ES230,intra_nuts3,true,10.0,intra_diagnostic,0.8,-28.72,0.0,7864.9,0.4
2025-06-25,15,2023,LTGES1332b,501,924,ES00504,ES00935,ES617,ES617,intra_nuts3,true,10.0,intra_diagnostic,0.8,-43.99,0.0,11797.34,0.4
2025-06-25,17,2015,LTGES1327c,142,679,ES00145,ES00686,ES300,ES300,intra_nuts3,true,10.0,intra_diagnostic,0.8,56.36,0.0,15729.79,0.4
2024-08-24,20,1214,LTGES0798,182,184,ES00185,ES00187,ES612,ES612,intra_nuts3,true,10.0,intra_diagnostic,0.8,-15.05,0.0,3932.45,0.4
2024-08-20,19,1885,LTGES1235a,448,621,ES00451,ES00626,ES512,ES512,intra_nuts3,true,10.0,intra_diagnostic,0.8,-28.31,0.0,7864.9,0.4
2025-06-25,17,2016,LTGES1327d,142,679,ES00145,ES00686,ES300,ES300,intra_nuts3,true,10.0,intra_diagnostic,0.8,56.36,0.0,15729.79,0.4
2024-08-20,19,1186,LTGES0777b,870,12,ES00879,ES00012,ES511,ES511,intra_nuts3,true,10.0,intra_diagnostic,0.8,102.31,0.0,28599.62,0.4
2025-06-24,13,1609,LTGES1057b,259,232,ES00262,ES00235,ES522,ES522,intra_nuts3,true,10.0,intra_diagnostic,0.8,-9.63,0.0,2706.99,0.4
2025-06-25,15,369,LTGES0253b,271,273,ES00274,ES00276,ES620,ES620,intra_nuts3,true,10.0,intra_diagnostic,0.8,-226.67,0.0,57199.25,0.4
2024-08-24,20,1282,LTGES0843b,979,547,ES00991,ES00552,ES120,ES120,intra_nuts3,true,10.0,intra_diagnostic,0.8,-109.09,0.0,28599.62,0.4
2025-06-25,15,283,LTGES0206a,750,231,ES00759,ES00234,ES522,ES522,intra_nuts3,true,10.0,intra_diagnostic,0.8,28.27,0.0,7864.9,0.4
2024-08-22,9,1133,LTGES0747b,932,940,ES00943,ES00951,ES521,ES521,intra_nuts3,true,10.0,intra_diagnostic,0.8,30.0,0.0,7864.9,0.4
2024-08-22,16,1463,LTGES0958b,580,568,ES00585,ES00573,ES213,ES213,intra_nuts3,true,10.0,intra_diagnostic,0.8,115.14,0.0,28599.62,0.4
2024-08-21,19,1074,LTGES0710a,498,925,ES00501,ES00936,ES617,ES617,intra_nuts3,true,10.0,intra_diagnostic,0.8,28.01,0.0,7864.9,0.4
2024-08-22,9,1757,LTGES1155a,1056,485,ES01070,ES00488,ES300,ES300,intra_nuts3,true,10.0,intra_diagnostic,0.8,-43.91,0.0,11797.34,0.4
2024-08-22,10,519,LTGES0361a,806,511,ES00815,ES00514,ES523,ES523,intra_nuts3,true,10.0,intra_diagnostic,0.8,-27.56,0.0,7864.9,0.4
2024-08-22,17,1767,LTGES1160a,380,1185,ES00383,ES01205,ES241,ES241,intra_nuts3,true,10.0,intra_diagnostic,0.8,27.85,0.0,7864.9,0.4
2024-08-20,20,1707,LTGES1123a,350,1090,ES00353,ES01108,ES521,ES620,inter_nuts3,false,1.5,inter_allowance,0.8,16.2,0.0,4289.94,0.4
2024-08-22,9,1485,LTGES0974b,291,293,ES00294,ES00296,ES213,ES213,intra_nuts3,true,10.0,intra_diagnostic,0.8,-29.55,0.0,7864.9,0.4
2025-06-27,19,879,LTGES0595a,886,461,ES00895,ES00464,ES243,ES243,intra_nuts3,true,10.0,intra_diagnostic,0.8,31.25,0.0,7864.9,0.4
2025-06-27,19,1658,LTGES1092,1232,616,ES01255,ES00621,ES413,ES413,intra_nuts3,true,10.0,intra_diagnostic,0.8,14.23,0.0,3932.45,0.4
2025-06-24,13,1608,LTGES1057a,259,232,ES00262,ES00235,ES522,ES522,intra_nuts3,true,10.0,intra_diagnostic,0.8,-9.63,0.0,2706.99,0.4
2024-08-20,19,1883,LTGES1234a,448,621,ES00451,ES00626,ES512,ES512,intra_nuts3,true,10.0,intra_diagnostic,0.8,-28.31,0.0,7864.9,0.4
2025-06-25,15,370,LTGES0253c,271,273,ES00274,ES00276,ES620,ES620,intra_nuts3,true,10.0,intra_diagnostic,0.8,-226.67,0.0,57199.25,0.4
2024-08-20,19,1187,LTGES0778a,870,12,ES00879,ES00012,ES511,ES511,intra_nuts3,true,10.0,intra_diagnostic,0.8,102.31,0.0,28599.62,0.4
2024-08-20,20,1708,LTGES1123b,350,1090,ES00353,ES01108,ES521,ES620,inter_nuts3,false,1.5,inter_allowance,0.8,16.2,0.0,4289.94,0.4
2024-08-22,9,1484,LTGES0974a,291,293,ES00294,ES00296,ES213,ES213,intra_nuts3,true,10.0,intra_diagnostic,0.8,-29.55,0.0,7864.9,0.4
2024-08-22,9,1828,LTGES1202,1124,1125,ES01144,ES01145,ES620,ES620,intra_nuts3,true,10.0,intra_diagnostic,0.8,14.56,0.0,3932.45,0.4
2024-08-20,8,1107,LTGES0731a,509,933,ES00512,ES00944,ES521,ES521,intra_nuts3,true,10.0,intra_diagnostic,0.8,28.56,0.0,7864.9,0.4
2024-08-22,9,1758,LTGES1155b,1056,485,ES01070,ES00488,ES300,ES300,intra_nuts3,true,10.0,intra_diagnostic,0.8,-43.91,0.0,11797.34,0.4
2025-06-27,19,880,LTGES0595b,886,461,ES00895,ES00464,ES243,ES243,intra_nuts3,true,10.0,intra_diagnostic,0.8,31.25,0.0,7864.9,0.4
2025-06-24,10,1987,LTGES1306,99,1176,ES00099,ES01196,ES432,ES432,intra_nuts3,true,10.0,intra_diagnostic,0.8,-50.46,0.0,14299.81,0.4
2025-06-30,19,1773,LTGES1165,628,1103,ES00634,ES01121,ES300,ES300,intra_nuts3,true,10.0,intra_diagnostic,0.8,4.74,0.0,1353.49,0.4
2024-08-22,16,1462,LTGES0958a,580,568,ES00585,ES00573,ES213,ES213,intra_nuts3,true,10.0,intra_diagnostic,0.8,115.14,0.0,28599.62,0.4
2025-06-25,15,371,LTGES0253d,271,273,ES00274,ES00276,ES620,ES620,intra_nuts3,true,10.0,intra_diagnostic,0.8,-226.67,0.0,57199.25,0.4
2025-06-25,15,327,LTGES0229a,251,754,ES00254,ES00763,ES523,ES523,intra_nuts3,true,10.0,intra_diagnostic,0.8,10.7,0.0,2706.99,0.4
2025-06-25,15,368,LTGES0253a,271,273,ES00274,ES00276,ES620,ES620,intra_nuts3,true,10.0,intra_diagnostic,0.8,-226.67,0.0,57199.25,0.4
2024-08-20,8,1451,LTGES0953a,577,576,ES00582,ES00581,ES211,ES211,intra_nuts3,true,10.0,intra_diagnostic,0.8,-27.59,0.0,7864.9,0.4
2025-06-27,19,2096,LTGES1387,622,1215,ES00628,ES01236,ES242,ES242,intra_nuts3,true,10.0,intra_diagnostic,0.8,-14.74,0.0,3932.45,0.4
2025-06-25,17,2014,LTGES1327b,142,679,ES00145,ES00686,ES300,ES300,intra_nuts3,true,10.0,intra_diagnostic,0.8,56.36,0.0,15729.79,0.4
2024-08-20,19,1096,LTGES0724a,92,931,ES00092,ES00942,ES523,ES523,intra_nuts3,true,10.0,intra_diagnostic,0.8,-111.27,0.0,28599.62,0.4
2025-06-25,15,284,LTGES0206b,750,231,ES00759,ES00234,ES522,ES522,intra_nuts3,true,10.0,intra_diagnostic,0.8,28.27,0.0,7864.9,0.4
2024-08-20,19,1097,LTGES0724b,92,931,ES00092,ES00942,ES523,ES523,intra_nuts3,true,10.0,intra_diagnostic,0.8,-111.27,0.0,28599.62,0.4
2024-08-24,20,1281,LTGES0843a,979,547,ES00991,ES00552,ES120,ES120,intra_nuts3,true,10.0,intra_diagnostic,0.8,-109.09,0.0,28599.62,0.4
2024-08-20,19,1884,LTGES1234b,448,621,ES00451,ES00626,ES512,ES512,intra_nuts3,true,10.0,intra_diagnostic,0.8,-28.31,0.0,7864.9,0.4
2024-08-20,8,831,LTGES0564,873,106,ES00882,ES00106,ES511,ES511,intra_nuts3,true,10.0,intra_diagnostic,0.8,-13.9,0.0,3932.45,0.4
2024-08-20,19,1188,LTGES0778b,870,12,ES00879,ES00012,ES511,ES511,intra_nuts3,true,10.0,intra_diagnostic,0.8,102.31,0.0,28599.62,0.4
2024-08-20,8,1452,LTGES0953b,577,576,ES00582,ES00581,ES211,ES211,intra_nuts3,true,10.0,intra_diagnostic,0.8,-27.59,0.0,7864.9,0.4
2024-08-22,17,1768,LTGES1160b,380,1185,ES00383,ES01205,ES241,ES241,intra_nuts3,true,10.0,intra_diagnostic,0.8,27.85,0.0,7864.9,0.4
2024-08-24,20,751,LTGES0519a,856,1138,ES00865,ES01158,ES412,ES412,intra_nuts3,true,10.0,intra_diagnostic,0.8,-27.99,0.0,7864.9,0.4
2024-08-20,19,1185,LTGES0777a,870,12,ES00879,ES00012,ES511,ES511,intra_nuts3,true,10.0,intra_diagnostic,0.8,102.31,0.0,28599.62,0.4
2024-08-20,19,324,LTGES0227b,249,251,ES00252,ES00254,ES523,ES523,intra_nuts3,true,10.0,intra_diagnostic,0.8,-10.6,0.0,2706.99,0.4
2024-08-20,19,1512,LTGES0994a,1024,1023,ES01038,ES01037,ES230,ES230,intra_nuts3,true,10.0,intra_diagnostic,0.8,-28.72,0.0,7864.9,0.4
2025-06-25,15,2022,LTGES1332a,501,924,ES00504,ES00935,ES617,ES617,intra_nuts3,true,10.0,intra_diagnostic,0.8,-43.99,0.0,11797.34,0.4
2025-06-27,19,642,LTGES0445a,369,371,ES00372,ES00374,ES514,ES514,intra_nuts3,true,10.0,intra_diagnostic,0.8,-27.68,0.0,7864.9,0.4
2025-06-25,15,2024,LTGES1332c,501,924,ES00504,ES00935,ES617,ES617,intra_nuts3,true,10.0,intra_diagnostic,0.8,-43.99,0.0,11797.34,0.4
2024-08-20,19,1886,LTGES1235b,448,621,ES00451,ES00626,ES512,ES512,intra_nuts3,true,10.0,intra_diagnostic,0.8,-28.31,0.0,7864.9,0.4
2024-08-24,20,752,LTGES0519b,856,1138,ES00865,ES01158,ES412,ES412,intra_nuts3,true,10.0,intra_diagnostic,0.8,-27.99,0.0,7864.9,0.4
2024-08-20,19,323,LTGES0227a,249,251,ES00252,ES00254,ES523,ES523,intra_nuts3,true,10.0,intra_diagnostic,0.8,-10.6,0.0,2706.99,0.4
2024-08-22,10,520,LTGES0361b,806,511,ES00815,ES00514,ES523,ES523,intra_nuts3,true,10.0,intra_diagnostic,0.8,-27.56,0.0,7864.9,0.4
2025-06-30,18,1258,LTGES0827b,1005,313,ES01019,ES00316,ES111,ES111,intra_nuts3,true,10.0,intra_diagnostic,0.8,46.6,0.0,11797.34,0.4
2025-06-25,15,328,LTGES0229b,251,754,ES00254,ES00763,ES523,ES523,intra_nuts3,true,10.0,intra_diagnostic,0.8,10.7,0.0,2706.99,0.4
2024-08-22,9,1759,LTGES1155c,1056,485,ES01070,ES00488,ES300,ES300,intra_nuts3,true,10.0,intra_diagnostic,0.8,-43.91,0.0,11797.34,0.4
2025-06-25,17,2013,LTGES1327a,142,679,ES00145,ES00686,ES300,ES300,intra_nuts3,true,10.0,intra_diagnostic,0.8,56.36,0.0,15729.79,0.4
2025-06-30,18,1257,LTGES0827a,1005,313,ES01019,ES00316,ES111,ES111,intra_nuts3,true,10.0,intra_diagnostic,0.8,46.6,0.0,11797.34,0.4
2024-08-22,9,1132,LTGES0747a,932,940,ES00943,ES00951,ES521,ES521,intra_nuts3,true,10.0,intra_diagnostic,0.8,30.0,0.0,7864.9,0.4
2025-06-25,17,982,LTGES0654c,677,142,ES00684,ES00145,ES300,ES300,intra_nuts3,true,10.0,intra_diagnostic,0.8,31.98,0.0,11797.34,0.3
2024-08-20,8,2203,TR_39a719b5,817,818,ES00826,ES00827,ES618,ES618,intra_nuts3,true,10.0,intra_diagnostic,0.8,-4.18,0.0,1600.0,0.3
2024-08-22,10,311,LTGES0222a,244,120,ES00247,ES00120,ES523,ES523,intra_nuts3,true,10.0,intra_diagnostic,0.8,-10.22,0.0,4060.48,0.3
2024-08-20,7,811,LTGES0554b,867,379,ES00876,ES00382,ES514,ES514,intra_nuts3,true,10.0,intra_diagnostic,0.8,-20.1,0.0,7864.9,0.3
2024-08-23,21,1846,LTGES1210a,1131,1129,ES01151,ES01149,ES422,ES422,intra_nuts3,true,10.0,intra_diagnostic,0.8,76.0,0.0,28599.62,0.3
2025-06-24,13,1663,LTGES1096a,341,1160,ES00344,ES01180,ES615,ES615,intra_nuts3,true,10.0,intra_diagnostic,0.8,20.73,0.0,7864.9,0.3
2024-08-24,20,1206,LTGES0794b,184,182,ES00187,ES00185,ES612,ES612,intra_nuts3,true,10.0,intra_diagnostic,0.8,23.05,0.0,7864.9,0.3
2025-06-25,17,979,LTGES0653c,677,142,ES00684,ES00145,ES300,ES300,intra_nuts3,true,10.0,intra_diagnostic,0.8,31.98,0.0,11797.34,0.3
2024-08-22,10,313,LTGES0222c,244,120,ES00247,ES00120,ES523,ES523,intra_nuts3,true,10.0,intra_diagnostic,0.8,-10.22,0.0,4060.48,0.3
2025-06-25,17,978,LTGES0653b,677,142,ES00684,ES00145,ES300,ES300,intra_nuts3,true,10.0,intra_diagnostic,0.8,31.98,0.0,11797.34,0.3
2024-08-20,7,792,LTGES0545b,437,439,ES00440,ES00442,ES513,ES513,intra_nuts3,true,10.0,intra_diagnostic,0.8,-20.28,0.0,7864.9,0.3
2024-08-20,7,791,LTGES0545a,437,439,ES00440,ES00442,ES513,ES513,intra_nuts3,true,10.0,intra_diagnostic,0.8,-20.28,0.0,7864.9,0.3
2025-06-25,15,1912,LTGES1251a,1148,869,ES01168,ES00878,ES512,ES512,intra_nuts3,true,10.0,intra_diagnostic,0.8,-83.85,0.0,28599.62,0.3
2024-08-20,19,1603,LTGES1054b,1052,140,ES01066,ES00143,ES300,ES300,intra_nuts3,true,10.0,intra_diagnostic,0.8,-19.9,0.0,7864.9,0.3
2024-08-20,18,1762,LTGES1157a,598,484,ES00603,ES00487,ES300,ES300,intra_nuts3,true,10.0,intra_diagnostic,0.8,-7.22,0.0,2706.99,0.3
2024-08-22,10,315,LTGES0223b,244,120,ES00247,ES00120,ES523,ES523,intra_nuts3,true,10.0,intra_diagnostic,0.8,-10.22,0.0,4060.48,0.3
2024-08-20,19,1606,LTGES1056a,260,233,ES00263,ES00236,ES522,ES522,intra_nuts3,true,10.0,intra_diagnostic,0.8,20.2,0.0,7864.9,0.3
2024-08-20,19,1607,LTGES1056b,260,233,ES00263,ES00236,ES522,ES522,intra_nuts3,true,10.0,intra_diagnostic,0.8,20.2,0.0,7864.9,0.3
2024-08-22,10,314,LTGES0223a,244,120,ES00247,ES00120,ES523,ES523,intra_nuts3,true,10.0,intra_diagnostic,0.8,-10.22,0.0,4060.48,0.3
2024-08-20,0,134,LTGES0095,719,720,ES00728,ES00729,ES418,ES414,inter_nuts3,false,1.5,inter_allowance,0.8,-5.55,0.0,2144.97,0.3
2024-08-20,8,1950,LTGES1275,1154,655,ES01174,ES00661,ES521,ES521,intra_nuts3,true,10.0,intra_diagnostic,0.8,10.12,0.0,3932.45,0.3
2024-08-20,8,1998,LTGES1316b,566,1183,ES00571,ES01203,ES130,ES130,intra_nuts3,true,10.0,intra_diagnostic,0.8,19.95,0.0,7864.9,0.3
2024-08-24,20,1722,LTGES1132a,182,627,ES00185,ES00633,ES612,ES612,intra_nuts3,true,10.0,intra_diagnostic,0.8,-26.22,0.0,7864.9,0.3
2024-08-24,21,379,LTGES0258b,74,771,ES00074,ES00780,ES130,ES130,intra_nuts3,true,10.0,intra_diagnostic,0.8,-72.58,0.0,28599.62,0.3
2024-08-20,5,1397,LTGES0917c,998,977,ES01012,ES00988,ES120,ES120,intra_nuts3,true,10.0,intra_diagnostic,0.8,-109.26,0.0,42899.43,0.3
2024-08-20,19,139,LTGES0101a,66,136,ES00066,ES00137,ES230,ES230,intra_nuts3,true,10.0,intra_diagnostic,0.8,74.26,0.0,28599.62,0.3
2024-08-22,10,1509,LTGES0991b,1022,588,ES01036,ES00593,ES211,ES211,intra_nuts3,true,10.0,intra_diagnostic,0.8,-19.74,0.0,7864.9,0.3
2024-08-23,21,1847,LTGES1210b,1131,1129,ES01151,ES01149,ES422,ES422,intra_nuts3,true,10.0,intra_diagnostic,0.8,76.0,0.0,28599.62,0.3
2024-08-20,8,1646,LTGES1085a,613,501,ES00618,ES00504,ES617,ES617,intra_nuts3,true,10.0,intra_diagnostic,0.8,-21.09,0.0,7864.9,0.3
2024-08-20,18,1763,LTGES1157b,598,484,ES00603,ES00487,ES300,ES300,intra_nuts3,true,10.0,intra_diagnostic,0.8,-7.22,0.0,2706.99,0.3
2024-08-20,8,1997,LTGES1316a,566,1183,ES00571,ES01203,ES130,ES130,intra_nuts3,true,10.0,intra_diagnostic,0.8,19.95,0.0,7864.9,0.3
2025-06-30,19,1141,LTGES0752b,516,943,ES00519,ES00954,ES425,ES425,intra_nuts3,true,10.0,intra_diagnostic,0.8,20.17,0.0,7864.9,0.3
2024-08-24,20,1723,LTGES1132b,182,627,ES00185,ES00633,ES612,ES612,intra_nuts3,true,10.0,intra_diagnostic,0.8,-26.22,0.0,7864.9,0.3
2024-08-22,10,1508,LTGES0991a,1022,588,ES01036,ES00593,ES211,ES211,intra_nuts3,true,10.0,intra_diagnostic,0.8,-19.74,0.0,7864.9,0.3
2024-08-20,8,1647,LTGES1085b,613,501,ES00618,ES00504,ES617,ES617,intra_nuts3,true,10.0,intra_diagnostic,0.8,-21.09,0.0,7864.9,0.3
2024-08-20,19,140,LTGES0101b,66,136,ES00066,ES00137,ES230,ES230,intra_nuts3,true,10.0,intra_diagnostic,0.8,74.26,0.0,28599.62,0.3
2024-08-20,19,1602,LTGES1054a,1052,140,ES01066,ES00143,ES300,ES300,intra_nuts3,true,10.0,intra_diagnostic,0.8,-19.9,0.0,7864.9,0.3
2025-06-25,15,1913,LTGES1251b,1148,869,ES01168,ES00878,ES512,ES512,intra_nuts3,true,10.0,intra_diagnostic,0.8,-83.85,0.0,28599.62,0.3
2025-06-25,17,977,LTGES0653a,677,142,ES00684,ES00145,ES300,ES300,intra_nuts3,true,10.0,intra_diagnostic,0.8,31.98,0.0,11797.34,0.3
2024-08-20,8,2204,TR_b44ed123,815,816,ES00824,ES00825,ES618,ES618,intra_nuts3,true,10.0,intra_diagnostic,0.8,-4.14,0.0,1600.0,0.3
2025-06-24,13,1664,LTGES1096b,341,1160,ES00344,ES01180,ES615,ES615,intra_nuts3,true,10.0,intra_diagnostic,0.8,20.73,0.0,7864.9,0.3
2024-08-20,7,1255,LTGES0825,536,537,ES00541,ES00542,ES114,ES114,intra_nuts3,true,10.0,intra_diagnostic,0.8,-9.94,0.0,3932.45,0.3
2024-08-20,8,555,LTGES0385a,335,821,ES00338,ES00830,ES618,ES618,intra_nuts3,true,10.0,intra_diagnostic,0.8,19.9,0.0,7864.9,0.3
2025-06-30,18,660,LTGES0457a,382,384,ES00385,ES00387,ES242,ES242,intra_nuts3,true,10.0,intra_diagnostic,0.8,-24.3,0.0,7864.9,0.3
2024-08-20,5,1395,LTGES0917a,998,977,ES01012,ES00988,ES120,ES120,intra_nuts3,true,10.0,intra_diagnostic,0.8,-109.26,0.0,42899.43,0.3
2024-08-20,8,1039,LTGES0686,919,488,ES00930,ES00491,ES425,ES425,intra_nuts3,true,10.0,intra_diagnostic,0.8,-10.21,0.0,3932.45,0.3
2024-08-24,20,1205,LTGES0794a,184,182,ES00187,ES00185,ES612,ES612,intra_nuts3,true,10.0,intra_diagnostic,0.8,23.05,0.0,7864.9,0.3
2024-08-20,8,556,LTGES0385b,335,821,ES00338,ES00830,ES618,ES618,intra_nuts3,true,10.0,intra_diagnostic,0.8,19.9,0.0,7864.9,0.3
2025-06-30,18,661,LTGES0457b,382,384,ES00385,ES00387,ES242,ES242,intra_nuts3,true,10.0,intra_diagnostic,0.8,-24.3,0.0,7864.9,0.3
2024-08-20,5,1396,LTGES0917b,998,977,ES01012,ES00988,ES120,ES120,intra_nuts3,true,10.0,intra_diagnostic,0.8,-109.26,0.0,42899.43,0.3
2024-08-22,10,316,LTGES0223c,244,120,ES00247,ES00120,ES523,ES523,intra_nuts3,true,10.0,intra_diagnostic,0.8,-10.22,0.0,4060.48,0.3
2024-08-22,10,312,LTGES0222b,244,120,ES00247,ES00120,ES523,ES523,intra_nuts3,true,10.0,intra_diagnostic,0.8,-10.22,0.0,4060.48,0.3
2025-06-29,7,1812,LTGES1188b,154,714,ES00157,ES00723,ES413,ES413,intra_nuts3,true,10.0,intra_diagnostic,0.8,-77.73,0.0,28599.62,0.3
2025-06-25,17,980,LTGES0654a,677,142,ES00684,ES00145,ES300,ES300,intra_nuts3,true,10.0,intra_diagnostic,0.8,31.98,0.0,11797.34,0.3
2024-08-24,21,378,LTGES0258a,74,771,ES00074,ES00780,ES130,ES130,intra_nuts3,true,10.0,intra_diagnostic,0.8,-72.58,0.0,28599.62,0.3
2025-06-25,17,981,LTGES0654b,677,142,ES00684,ES00145,ES300,ES300,intra_nuts3,true,10.0,intra_diagnostic,0.8,31.98,0.0,11797.34,0.3
2024-08-22,9,1996,LTGES1314,1182,1043,ES01202,ES01057,ES425,ES425,intra_nuts3,true,10.0,intra_diagnostic,0.8,-10.52,0.0,3932.45,0.3
2025-06-29,7,1811,LTGES1188a,154,714,ES00157,ES00723,ES413,ES413,intra_nuts3,true,10.0,intra_diagnostic,0.8,-77.73,0.0,28599.62,0.3
2024-08-20,7,810,LTGES0554a,867,379,ES00876,ES00382,ES514,ES514,intra_nuts3,true,10.0,intra_diagnostic,0.8,-20.1,0.0,7864.9,0.3
2025-06-30,19,1140,LTGES0752a,516,943,ES00519,ES00954,ES425,ES425,intra_nuts3,true,10.0,intra_diagnostic,0.8,20.17,0.0,7864.9,0.3
2024-08-20,0,1203,LTGES0793a,185,183,ES00188,ES00186,ES612,ES612,intra_nuts3,true,10.0,intra_diagnostic,0.8,-50.41,0.0,28599.62,0.2
2025-06-27,19,1989,LTGES1308,1178,661,ES01198,ES00667,ES242,ES242,intra_nuts3,true,10.0,intra_diagnostic,0.8,8.03,0.0,3932.45,0.2
2024-08-20,0,846,LTGES0573b,879,450,ES00888,ES00453,ES511,ES511,intra_nuts3,true,10.0,intra_diagnostic,0.8,12.76,0.0,7864.9,0.2
2025-06-25,17,1700,LTGES1120a,1,626,ES00001,ES00632,ES300,ES300,intra_nuts3,true,10.0,intra_diagnostic,0.8,-24.13,0.0,15729.79,0.2
2024-08-22,9,1535,LTGES1009b,595,1030,ES00600,ES01044,ES511,ES511,intra_nuts3,true,10.0,intra_diagnostic,0.8,-44.37,0.0,28599.62,0.2
2025-06-27,8,1841,LTGES1208b,637,1130,ES00643,ES01150,ES422,ES422,intra_nuts3,true,10.0,intra_diagnostic,0.8,28.6,0.0,15729.79,0.2
2024-08-24,21,1014,LTGES0673c,910,912,ES00921,ES00923,ES300,ES300,intra_nuts3,true,10.0,intra_diagnostic,0.8,-86.92,0.0,57199.25,0.2
2024-08-20,6,1589,LTGES1044b,607,1128,ES00612,ES01148,ES422,ES422,intra_nuts3,true,10.0,intra_diagnostic,0.8,-45.06,0.0,28599.62,0.2
2025-06-27,19,493,LTGES0341b,795,794,ES00804,ES00803,ES114,ES114,intra_nuts3,true,10.0,intra_diagnostic,0.8,-15.15,0.0,7864.9,0.2
2025-06-24,9,521,LTGES0362a,807,325,ES00816,ES00328,ES431,ES431,intra_nuts3,true,10.0,intra_diagnostic,0.8,18.19,0.0,11797.34,0.2
2024-08-20,0,1800,LTGES1182b,90,697,ES00090,ES00704,ES523,ES523,intra_nuts3,true,10.0,intra_diagnostic,0.8,6.69,0.0,4060.48,0.2
2024-08-20,0,1799,LTGES1182a,90,697,ES00090,ES00704,ES523,ES523,intra_nuts3,true,10.0,intra_diagnostic,0.8,6.69,0.0,4060.48,0.2
2024-08-20,0,838,LTGES0568b,80,449,ES00080,ES00452,ES242,ES241,inter_nuts3,false,1.5,inter_allowance,0.8,7.76,0.0,4289.94,0.2
2025-06-27,19,867,LTGES0588a,772,457,ES00781,ES00460,ES243,ES243,intra_nuts3,true,10.0,intra_diagnostic,0.8,-45.81,0.0,28599.62,0.2
2024-08-20,6,1588,LTGES1044a,607,1128,ES00612,ES01148,ES422,ES422,intra_nuts3,true,10.0,intra_diagnostic,0.8,-45.06,0.0,28599.62,0.2
2024-08-20,0,1309,LTGES0861a,984,556,ES00998,ES00561,ES511,ES511,intra_nuts3,true,10.0,intra_diagnostic,0.8,-13.62,0.0,7864.9,0.2
2024-08-20,8,1770,LTGES1162,536,1101,ES00541,ES01119,ES114,ES114,intra_nuts3,true,10.0,intra_diagnostic,0.8,6.22,0.0,3932.45,0.2
2024-08-22,9,1476,LTGES0968b,582,1016,ES00587,ES01030,ES213,ES213,intra_nuts3,true,10.0,intra_diagnostic,0.8,13.05,0.0,7864.9,0.2
2025-06-27,8,1843,LTGES1208d,637,1130,ES00643,ES01150,ES422,ES422,intra_nuts3,true,10.0,intra_diagnostic,0.8,28.6,0.0,15729.79,0.2
2024-08-20,19,2067,LTGES1364a,1207,1119,ES01228,ES01137,ES113,ES113,intra_nuts3,true,10.0,intra_diagnostic,0.8,12.44,0.0,7864.9,0.2
2024-08-20,0,1804,LTGES1183c,90,697,ES00090,ES00704,ES523,ES523,intra_nuts3,true,10.0,intra_diagnostic,0.8,6.69,0.0,4060.48,0.2
2024-08-20,2,1834,LTGES1206a,1128,1129,ES01148,ES01149,ES422,ES422,intra_nuts3,true,10.0,intra_diagnostic,0.8,-46.39,0.0,28599.62,0.2
2024-08-22,9,1534,LTGES1009a,595,1030,ES00600,ES01044,ES511,ES511,intra_nuts3,true,10.0,intra_diagnostic,0.8,-44.37,0.0,28599.62,0.2
2024-08-24,17,1874,LTGES1228b,184,627,ES00187,ES00633,ES612,ES612,intra_nuts3,true,10.0,intra_diagnostic,0.8,-13.13,0.0,7864.9,0.2
2024-08-22,16,708,LTGES0485,843,842,ES00852,ES00851,ES432,ES432,intra_nuts3,true,10.0,intra_diagnostic,0.8,6.23,0.0,3932.45,0.2
2024-08-20,7,1040,LTGES0687a,918,917,ES00929,ES00928,ES425,ES425,intra_nuts3,true,10.0,intra_diagnostic,0.8,12.08,0.0,7864.9,0.2
2024-08-20,0,1739,LTGES1143b,1094,939,ES01112,ES00950,ES521,ES521,intra_nuts3,true,10.0,intra_diagnostic,0.8,-13.14,0.0,7864.9,0.2
2024-08-20,7,281,LTGES0205a,747,5,ES00756,ES00005,ES511,ES511,intra_nuts3,true,10.0,intra_diagnostic,0.8,-12.45,0.0,7864.9,0.2
2024-08-20,0,837,LTGES0568a,80,449,ES00080,ES00452,ES242,ES241,inter_nuts3,false,1.5,inter_allowance,0.8,7.76,0.0,4289.94,0.2
2024-08-20,0,1573,LTGES1034,1037,1038,ES01051,ES01052,ES425,ES425,intra_nuts3,true,10.0,intra_diagnostic,0.8,-6.08,0.0,3932.45,0.2
2024-08-22,10,2336,TR_a3c83c97,370,371,ES00373,ES00374,ES514,ES514,intra_nuts3,true,10.0,intra_diagnostic,0.8,-2.43,0.0,1600.0,0.2
2025-06-24,10,2003,LTGES1320a,421,1230,ES00424,ES01253,ES431,ES431,intra_nuts3,true,10.0,intra_diagnostic,0.8,-12.2,0.0,7864.9,0.2
2025-06-27,8,1839,LTGES1207d,638,1131,ES00644,ES01151,ES422,ES422,intra_nuts3,true,10.0,intra_diagnostic,0.8,87.26,0.0,57199.25,0.2
2024-08-20,0,1705,LTGES1122a,626,1,ES00632,ES00001,ES300,ES300,intra_nuts3,true,10.0,intra_diagnostic,0.8,12.5,0.0,7864.9,0.2
2024-08-20,1,1550,LTGES1018a,51,601,ES00051,ES00606,ES511,ES511,intra_nuts3,true,10.0,intra_diagnostic,0.8,12.13,0.0,7864.9,0.2
2024-08-22,9,234,LTGES0167a,206,872,ES00209,ES00881,ES511,ES511,intra_nuts3,true,10.0,intra_diagnostic,0.8,12.11,0.0,7864.9,0.2
2025-06-27,8,1838,LTGES1207c,638,1131,ES00644,ES01151,ES422,ES422,intra_nuts3,true,10.0,intra_diagnostic,0.8,87.26,0.0,57199.25,0.2
2024-08-24,17,1873,LTGES1228a,184,627,ES00187,ES00633,ES612,ES612,intra_nuts3,true,10.0,intra_diagnostic,0.8,-13.13,0.0,7864.9,0.2
2024-08-22,10,2010,LTGES1325a,1047,664,ES01061,ES00671,ES422,ES422,intra_nuts3,true,10.0,intra_diagnostic,0.8,12.74,0.0,7864.9,0.2
2024-08-20,0,1802,LTGES1183a,90,697,ES00090,ES00704,ES523,ES523,intra_nuts3,true,10.0,intra_diagnostic,0.8,6.69,0.0,4060.48,0.2
2024-08-21,17,2128,LTGES1412a,666,403,ES00673,ES00406,ES432,ES432,intra_nuts3,true,10.0,intra_diagnostic,0.8,43.01,0.0,28599.62,0.2
2024-08-24,21,1012,LTGES0673a,910,912,ES00921,ES00923,ES300,ES300,intra_nuts3,true,10.0,intra_diagnostic,0.8,-86.92,0.0,57199.25,0.2
2024-08-24,21,1015,LTGES0673d,910,912,ES00921,ES00923,ES300,ES300,intra_nuts3,true,10.0,intra_diagnostic,0.8,-86.92,0.0,57199.25,0.2
2024-08-20,0,790,LTGES0544b,865,864,ES00874,ES00873,ES514,ES514,intra_nuts3,true,10.0,intra_diagnostic,0.8,12.88,0.0,7864.9,0.2
2024-08-20,7,1447,LTGES0951a,1013,577,ES01027,ES00582,ES211,ES211,intra_nuts3,true,10.0,intra_diagnostic,0.8,-11.87,0.0,7864.9,0.2
2024-08-20,0,845,LTGES0573a,879,450,ES00888,ES00453,ES511,ES511,intra_nuts3,true,10.0,intra_diagnostic,0.8,12.76,0.0,7864.9,0.2
2024-08-20,0,1310,LTGES0861b,984,556,ES00998,ES00561,ES511,ES511,intra_nuts3,true,10.0,intra_diagnostic,0.8,-13.62,0.0,7864.9,0.2
2024-08-22,9,1737,LTGES1142,954,1093,ES00965,ES01111,ES130,ES130,intra_nuts3,true,10.0,intra_diagnostic,0.8,22.88,0.0,14299.81,0.2
2024-08-20,0,2116,LTGES1402,667,1225,ES00674,ES01248,ES432,ES432,intra_nuts3,true,10.0,intra_diagnostic,0.8,6.78,0.0,3932.45,0.2
2025-06-27,19,492,LTGES0341a,795,794,ES00804,ES00803,ES114,ES114,intra_nuts3,true,10.0,intra_diagnostic,0.8,-15.15,0.0,7864.9,0.2
2024-08-20,0,1706,LTGES1122b,626,1,ES00632,ES00001,ES300,ES300,intra_nuts3,true,10.0,intra_diagnostic,0.8,12.5,0.0,7864.9,0.2
2024-08-20,0,1801,LTGES1182c,90,697,ES00090,ES00704,ES523,ES523,intra_nuts3,true,10.0,intra_diagnostic,0.8,6.69,0.0,4060.48,0.2
2024-08-20,0,1204,LTGES0793b,185,183,ES00188,ES00186,ES612,ES612,intra_nuts3,true,10.0,intra_diagnostic,0.8,-50.41,0.0,28599.62,0.2
2024-08-24,21,1013,LTGES0673b,910,912,ES00921,ES00923,ES300,ES300,intra_nuts3,true,10.0,intra_diagnostic,0.8,-86.92,0.0,57199.25,0.2
2024-08-20,0,1069,LTGES0707b,499,176,ES00502,ES00179,ES617,ES617,intra_nuts3,true,10.0,intra_diagnostic,0.8,-53.91,0.0,28599.62,0.2
2024-08-20,19,2068,LTGES1364b,1207,1119,ES01228,ES01137,ES113,ES113,intra_nuts3,true,10.0,intra_diagnostic,0.8,12.44,0.0,7864.9,0.2
2024-08-20,0,119,LTGES0083b,116,119,ES00116,ES00119,ES523,ES523,intra_nuts3,true,10.0,intra_diagnostic,0.8,12.37,0.0,7864.9,0.2
2025-06-24,10,2004,LTGES1320b,421,1230,ES00424,ES01253,ES431,ES431,intra_nuts3,true,10.0,intra_diagnostic,0.8,-12.2,0.0,7864.9,0.2
2025-06-24,12,1988,LTGES1307,1177,1176,ES01197,ES01196,ES432,ES432,intra_nuts3,true,10.0,intra_diagnostic,0.8,23.78,0.0,14299.81,0.2
2025-06-27,8,1842,LTGES1208c,637,1130,ES00643,ES01150,ES422,ES422,intra_nuts3,true,10.0,intra_diagnostic,0.8,28.6,0.0,15729.79,0.2
2024-08-21,17,2129,LTGES1412b,666,403,ES00673,ES00406,ES432,ES432,intra_nuts3,true,10.0,intra_diagnostic,0.8,43.01,0.0,28599.62,0.2
2024-08-20,7,1286,LTGES0846,1069,549,ES01084,ES00554,ES120,ES120,intra_nuts3,true,10.0,intra_diagnostic,0.8,-22.14,0.0,14299.81,0.2
2024-08-20,2,1835,LTGES1206b,1128,1129,ES01148,ES01149,ES422,ES422,intra_nuts3,true,10.0,intra_diagnostic,0.8,-46.39,0.0,28599.62,0.2
2024-08-20,0,1068,LTGES0707a,499,176,ES00502,ES00179,ES617,ES617,intra_nuts3,true,10.0,intra_diagnostic,0.8,-53.91,0.0,28599.62,0.2
2025-06-27,19,2137,LTGES1419,152,59,ES00155,ES00059,ES419,ES419,intra_nuts3,true,10.0,intra_diagnostic,0.8,6.58,0.0,3932.45,0.2
2024-08-20,0,1319,LTGES0868a,527,558,ES00532,ES00563,ES617,ES617,intra_nuts3,true,10.0,intra_diagnostic,0.8,13.21,0.0,7864.9,0.2
2025-06-24,9,522,LTGES0362b,807,325,ES00816,ES00328,ES431,ES431,intra_nuts3,true,10.0,intra_diagnostic,0.8,18.19,0.0,11797.34,0.2
2024-08-20,7,1448,LTGES0951b,1013,577,ES01027,ES00582,ES211,ES211,intra_nuts3,true,10.0,intra_diagnostic,0.8,-11.87,0.0,7864.9,0.2
2024-08-20,0,1114,LTGES0736a,936,935,ES00947,ES00946,ES521,ES521,intra_nuts3,true,10.0,intra_diagnostic,0.8,13.65,0.0,7864.9,0.2
2024-08-20,0,1738,LTGES1143a,1094,939,ES01112,ES00950,ES521,ES521,intra_nuts3,true,10.0,intra_diagnostic,0.8,-13.14,0.0,7864.9,0.2
2024-08-20,7,1041,LTGES0687b,918,917,ES00929,ES00928,ES425,ES425,intra_nuts3,true,10.0,intra_diagnostic,0.8,12.08,0.0,7864.9,0.2
2025-06-30,20,1295,LTGES0852b,982,555,ES00996,ES00560,ES417,ES417,intra_nuts3,true,10.0,intra_diagnostic,0.8,-46.77,0.0,28599.62,0.2
2025-06-27,8,1836,LTGES1207a,638,1131,ES00644,ES01151,ES422,ES422,intra_nuts3,true,10.0,intra_diagnostic,0.8,87.26,0.0,57199.25,0.2
2025-06-30,20,1294,LTGES0852a,982,555,ES00996,ES00560,ES417,ES417,intra_nuts3,true,10.0,intra_diagnostic,0.8,-46.77,0.0,28599.62,0.2
2024-08-20,0,1115,LTGES0736b,936,935,ES00947,ES00946,ES521,ES521,intra_nuts3,true,10.0,intra_diagnostic,0.8,13.65,0.0,7864.9,0.2
2024-08-20,19,1580,LTGES1037c,77,244,ES00077,ES00247,ES523,ES523,intra_nuts3,true,10.0,intra_diagnostic,0.8,7.35,0.0,4060.48,0.2
2024-08-22,9,235,LTGES0167b,206,872,ES00209,ES00881,ES511,ES511,intra_nuts3,true,10.0,intra_diagnostic,0.8,12.11,0.0,7864.9,0.2
2024-08-20,7,282,LTGES0205b,747,5,ES00756,ES00005,ES511,ES511,intra_nuts3,true,10.0,intra_diagnostic,0.8,-12.45,0.0,7864.9,0.2
2024-08-20,0,1320,LTGES0868b,527,558,ES00532,ES00563,ES617,ES617,intra_nuts3,true,10.0,intra_diagnostic,0.8,13.21,0.0,7864.9,0.2
2024-08-20,0,789,LTGES0544a,865,864,ES00874,ES00873,ES514,ES514,intra_nuts3,true,10.0,intra_diagnostic,0.8,12.88,0.0,7864.9,0.2
2024-08-22,9,1475,LTGES0968a,582,1016,ES00587,ES01030,ES213,ES213,intra_nuts3,true,10.0,intra_diagnostic,0.8,13.05,0.0,7864.9,0.2
2024-08-20,0,118,LTGES0083a,116,119,ES00116,ES00119,ES523,ES523,intra_nuts3,true,10.0,intra_diagnostic,0.8,12.37,0.0,7864.9,0.2
2024-08-26,9,2009,LTGES1324,1191,640,ES01211,ES00646,ES432,ES431,inter_nuts3,false,1.5,inter_allowance,0.8,0.9,0.0,589.87,0.2
2024-08-22,10,2011,LTGES1325b,1047,664,ES01061,ES00671,ES422,ES422,intra_nuts3,true,10.0,intra_diagnostic,0.8,12.74,0.0,7864.9,0.2
2024-08-20,0,1968,LTGES1291,1169,1168,ES01189,ES01188,ES413,ES418,inter_nuts3,false,1.5,inter_allowance,0.8,-3.87,0.0,2144.97,0.2
2025-06-25,17,1702,LTGES1120c,1,626,ES00001,ES00632,ES300,ES300,intra_nuts3,true,10.0,intra_diagnostic,0.8,-24.13,0.0,15729.79,0.2
2025-06-27,19,868,LTGES0588b,772,457,ES00781,ES00460,ES243,ES243,intra_nuts3,true,10.0,intra_diagnostic,0.8,-45.81,0.0,28599.62,0.2
2025-06-25,17,1703,LTGES1120d,1,626,ES00001,ES00632,ES300,ES300,intra_nuts3,true,10.0,intra_diagnostic,0.8,-24.13,0.0,15729.79,0.2
2025-06-24,9,523,LTGES0362c,807,325,ES00816,ES00328,ES431,ES431,intra_nuts3,true,10.0,intra_diagnostic,0.8,18.19,0.0,11797.34,0.2
2024-08-20,0,1803,LTGES1183b,90,697,ES00090,ES00704,ES523,ES523,intra_nuts3,true,10.0,intra_diagnostic,0.8,6.69,0.0,4060.48,0.2
2024-08-20,1,1551,LTGES1018b,51,601,ES00051,ES00606,ES511,ES511,intra_nuts3,true,10.0,intra_diagnostic,0.8,12.13,0.0,7864.9,0.2
2025-06-27,8,1840,LTGES1208a,637,1130,ES00643,ES01150,ES422,ES422,intra_nuts3,true,10.0,intra_diagnostic,0.8,28.6,0.0,15729.79,0.2
2025-06-25,17,1701,LTGES1120b,1,626,ES00001,ES00632,ES300,ES300,intra_nuts3,true,10.0,intra_diagnostic,0.8,-24.13,0.0,15729.79,0.2
2025-06-27,8,1837,LTGES1207b,638,1131,ES00644,ES01151,ES422,ES422,intra_nuts3,true,10.0,intra_diagnostic,0.8,87.26,0.0,57199.25,0.2
2024-08-20,19,1579,LTGES1037b,77,244,ES00077,ES00247,ES523,ES523,intra_nuts3,true,10.0,intra_diagnostic,0.8,7.35,0.0,4060.48,0.2
2024-08-20,19,1578,LTGES1037a,77,244,ES00077,ES00247,ES523,ES523,intra_nuts3,true,10.0,intra_diagnostic,0.8,7.35,0.0,4060.48,0.2
2024-08-21,17,1688,LTGES1113b,301,625,ES00304,ES00631,ES241,ES241,intra_nuts3,true,10.0,intra_diagnostic,0.8,-5.46,0.0,7864.9,0.1
2024-08-20,0,260,LTGES0187b,224,738,ES00227,ES00747,ES414,ES414,intra_nuts3,true,10.0,intra_diagnostic,0.8,4.32,0.0,7864.9,0.1
2024-08-20,0,1994,LTGES1312b,193,663,ES00196,ES00669,ES614,ES614,intra_nuts3,true,10.0,intra_diagnostic,0.8,25.51,0.0,28599.62,0.1
2024-08-20,0,2335,TR_8c3372a7,368,369,ES00371,ES00372,ES514,ES514,intra_nuts3,true,10.0,intra_diagnostic,0.8,-1.72,0.0,1600.0,0.1
2025-06-27,19,72,LTGES0048a,79,695,ES00079,ES00702,ES412,ES412,intra_nuts3,true,10.0,intra_diagnostic,0.8,-16.83,0.0,28599.62,0.1
2024-08-20,0,2044,LTGES1346b,1195,1196,ES01215,ES01216,ES220,ES220,intra_nuts3,true,10.0,intra_diagnostic,0.8,5.26,0.0,7864.9,0.1
2024-08-22,9,610,LTGES0424b,830,354,ES00839,ES00357,ES521,ES521,intra_nuts3,true,10.0,intra_diagnostic,0.8,4.01,0.0,7864.9,0.1
2024-08-20,0,1674,LTGES1103b,894,895,ES00903,ES00904,ES300,ES300,intra_nuts3,true,10.0,intra_diagnostic,0.8,25.91,0.0,28599.62,0.1
2024-08-22,10,1456,LTGES0955b,993,568,ES01007,ES00573,ES213,ES213,intra_nuts3,true,10.0,intra_diagnostic,0.8,-30.45,0.0,57199.25,0.1
2024-08-22,10,1457,LTGES0955c,993,568,ES01007,ES00573,ES213,ES213,intra_nuts3,true,10.0,intra_diagnostic,0.8,-30.45,0.0,57199.25,0.1
2024-08-24,20,1213,LTGES0797d,181,726,ES00184,ES00735,ES612,ES612,intra_nuts3,true,10.0,intra_diagnostic,0.8,29.08,0.0,57199.25,0.1
2024-08-20,0,595,LTGES0411b,827,346,ES00836,ES00349,ES620,ES620,intra_nuts3,true,10.0,intra_diagnostic,0.8,-15.47,0.0,28599.62,0.1
2024-08-20,0,227,LTGES0163a,675,198,ES00682,ES00201,ES300,ES300,intra_nuts3,true,10.0,intra_diagnostic,0.8,-5.22,0.0,7864.9,0.1
2024-08-20,0,1993,LTGES1312a,193,663,ES00196,ES00669,ES614,ES614,intra_nuts3,true,10.0,intra_diagnostic,0.8,25.51,0.0,28599.62,0.1
2024-08-20,8,432,LTGES0297,306,1040,ES00309,ES01054,ES114,ES114,intra_nuts3,true,10.0,intra_diagnostic,0.8,2.0,0.0,3932.45,0.1
2024-08-20,19,177,LTGES0130a,165,900,ES00168,ES00909,ES432,ES432,intra_nuts3,true,10.0,intra_diagnostic,0.8,4.34,0.0,7864.9,0.1
2024-08-20,0,349,LTGES0240a,260,263,ES00263,ES00266,ES522,ES522,intra_nuts3,true,10.0,intra_diagnostic,0.8,10.51,0.0,15729.79,0.1
2024-08-20,0,352,LTGES0240d,260,263,ES00263,ES00266,ES522,ES522,intra_nuts3,true,10.0,intra_diagnostic,0.8,10.51,0.0,15729.79,0.1
2025-06-27,19,73,LTGES0048b,79,695,ES00079,ES00702,ES412,ES412,intra_nuts3,true,10.0,intra_diagnostic,0.8,-16.83,0.0,28599.62,0.1
2024-08-24,20,1212,LTGES0797c,181,726,ES00184,ES00735,ES612,ES612,intra_nuts3,true,10.0,intra_diagnostic,0.8,29.08,0.0,57199.25,0.1
2025-06-24,11,2034,LTGES1339a,321,1126,ES00324,ES01146,ES419,ES419,intra_nuts3,true,10.0,intra_diagnostic,0.8,-15.35,0.0,28599.62,0.1
2024-08-20,0,1134,LTGES0748a,756,252,ES00765,ES00255,ES523,ES523,intra_nuts3,true,10.0,intra_diagnostic,0.8,-4.36,0.0,7864.9,0.1
2024-08-20,1,1443,LTGES0948,294,574,ES00297,ES00579,ES213,ES213,intra_nuts3,true,10.0,intra_diagnostic,0.8,9.03,0.0,14299.81,0.1
2024-08-20,0,2285,TR_d4b90a0d,415,416,ES00418,ES00419,ES212,ES212,intra_nuts3,true,10.0,intra_diagnostic,0.8,0.85,0.0,1600.0,0.1
2024-08-20,0,1933,LTGES1265a,444,866,ES00447,ES00875,ES514,ES514,intra_nuts3,true,10.0,intra_diagnostic,0.8,6.88,0.0,7864.9,0.1
2024-08-20,0,1405,LTGES0923a,999,550,ES01013,ES00555,ES120,ES120,intra_nuts3,true,10.0,intra_diagnostic,0.8,-5.24,0.0,7864.9,0.1
2024-08-20,0,1673,LTGES1103a,894,895,ES00903,ES00904,ES300,ES300,intra_nuts3,true,10.0,intra_diagnostic,0.8,25.91,0.0,28599.62,0.1
2024-08-20,0,2152,LTGES1430,1032,108,ES01046,ES00108,ES419,ES113,inter_nuts3,false,1.5,inter_allowance,0.8,-0.3,0.0,589.87,0.1
2024-08-20,0,350,LTGES0240b,260,263,ES00263,ES00266,ES522,ES522,intra_nuts3,true,10.0,intra_diagnostic,0.8,10.51,0.0,15729.79,0.1
2024-08-20,0,1299,LTGES0855a,521,950,ES00524,ES00961,ES513,ES513,intra_nuts3,true,10.0,intra_diagnostic,0.8,-5.18,0.0,7864.9,0.1
2025-06-24,11,2035,LTGES1339b,321,1126,ES00324,ES01146,ES419,ES419,intra_nuts3,true,10.0,intra_diagnostic,0.8,-15.35,0.0,28599.62,0.1
2024-08-20,19,914,LTGES0616a,456,883,ES00459,ES00892,ES243,ES243,intra_nuts3,true,10.0,intra_diagnostic,0.8,-16.61,0.0,28599.62,0.1
2024-08-20,0,1614,LTGES1063a,1059,609,ES01074,ES00614,ES523,ES523,intra_nuts3,true,10.0,intra_diagnostic,0.8,-6.07,0.0,7864.9,0.1
2024-08-20,1,1437,LTGES0944a,1082,1010,ES01100,ES01024,ES212,ES212,intra_nuts3,true,10.0,intra_diagnostic,0.8,17.01,0.0,28599.62,0.1
2024-08-20,0,1300,LTGES0855b,521,950,ES00524,ES00961,ES513,ES513,intra_nuts3,true,10.0,intra_diagnostic,0.8,-5.18,0.0,7864.9,0.1
2024-08-22,9,1389,LTGES0913b,569,996,ES00574,ES01010,ES413,ES413,intra_nuts3,true,10.0,intra_diagnostic,0.8,4.34,0.0,7864.9,0.1
2024-08-22,10,1455,LTGES0955a,993,568,ES01007,ES00573,ES213,ES213,intra_nuts3,true,10.0,intra_diagnostic,0.8,-30.45,0.0,57199.25,0.1
2024-08-20,1,1444,LTGES0949,294,574,ES00297,ES00579,ES213,ES213,intra_nuts3,true,10.0,intra_diagnostic,0.8,9.57,0.0,14299.81,0.1
2024-08-20,0,2286,TR_3a800caf,1066,1067,ES01081,ES01082,ES212,ES212,intra_nuts3,true,10.0,intra_diagnostic,0.8,-0.85,0.0,1600.0,0.1
2024-08-20,0,550,LTGES0381b,817,815,ES00826,ES00824,ES618,ES618,intra_nuts3,true,10.0,intra_diagnostic,0.8,-1.68,0.0,2706.99,0.1
2024-08-22,9,1388,LTGES0913a,569,996,ES00574,ES01010,ES413,ES413,intra_nuts3,true,10.0,intra_diagnostic,0.8,4.34,0.0,7864.9,0.1
2024-08-20,0,79,LTGES0053b,906,905,ES00917,ES00916,ES416,ES416,intra_nuts3,true,10.0,intra_diagnostic,0.8,-14.76,0.0,28599.62,0.1
2024-08-20,0,594,LTGES0411a,827,346,ES00836,ES00349,ES620,ES620,intra_nuts3,true,10.0,intra_diagnostic,0.8,-15.47,0.0,28599.62,0.1
2024-08-20,0,1970,LTGES1293,658,1180,ES00664,ES01200,ES418,ES418,intra_nuts3,true,10.0,intra_diagnostic,0.8,2.76,0.0,3932.45,0.1
2024-08-20,0,1615,LTGES1063b,1059,609,ES01074,ES00614,ES523,ES523,intra_nuts3,true,10.0,intra_diagnostic,0.8,-6.07,0.0,7864.9,0.1
2024-08-20,0,2043,LTGES1346a,1195,1196,ES01215,ES01216,ES220,ES220,intra_nuts3,true,10.0,intra_diagnostic,0.8,5.26,0.0,7864.9,0.1
2024-08-20,0,259,LTGES0187a,224,738,ES00227,ES00747,ES414,ES414,intra_nuts3,true,10.0,intra_diagnostic,0.8,4.32,0.0,7864.9,0.1
2024-08-22,9,609,LTGES0424a,830,354,ES00839,ES00357,ES521,ES521,intra_nuts3,true,10.0,intra_diagnostic,0.8,4.01,0.0,7864.9,0.1
2024-08-22,10,1458,LTGES0955d,993,568,ES01007,ES00573,ES213,ES213,intra_nuts3,true,10.0,intra_diagnostic,0.8,-30.45,0.0,57199.25,0.1
2024-08-20,0,1450,LTGES0952b,577,1014,ES00582,ES01028,ES211,ES211,intra_nuts3,true,10.0,intra_diagnostic,0.8,7.89,0.0,7864.9,0.1
2024-08-20,0,1135,LTGES0748b,756,252,ES00765,ES00255,ES523,ES523,intra_nuts3,true,10.0,intra_diagnostic,0.8,-4.36,0.0,7864.9,0.1
2024-08-20,0,2153,LTGES1431,1168,61,ES01188,ES00061,ES418,ES418,intra_nuts3,true,10.0,intra_diagnostic,0.8,-8.29,0.0,14299.81,0.1
2024-08-20,0,1050,LTGES0694a,1063,489,ES01078,ES00492,ES425,ES425,intra_nuts3,true,10.0,intra_diagnostic,0.8,-7.7,0.0,7864.9,0.1
2024-08-20,1,1438,LTGES0944b,1082,1010,ES01100,ES01024,ES212,ES212,intra_nuts3,true,10.0,intra_diagnostic,0.8,17.01,0.0,28599.62,0.1
2024-08-20,0,853,LTGES0577b,210,880,ES00213,ES00889,ES511,ES511,intra_nuts3,true,10.0,intra_diagnostic,0.8,8.24,0.0,7864.9,0.1
2024-08-24,20,1211,LTGES0797b,181,726,ES00184,ES00735,ES612,ES612,intra_nuts3,true,10.0,intra_diagnostic,0.8,29.08,0.0,57199.25,0.1
2024-08-20,0,2084,LTGES1380a,768,274,ES00777,ES00277,ES113,PT,international,false,1.0,fixed,0.8,-1.75,0.0,2859.96,0.1
2024-08-20,0,228,LTGES0163b,675,198,ES00682,ES00201,ES300,ES300,intra_nuts3,true,10.0,intra_diagnostic,0.8,-5.22,0.0,7864.9,0.1
2024-08-20,19,806,LTGES0552b,444,867,ES00447,ES00876,ES514,ES514,intra_nuts3,true,10.0,intra_diagnostic,0.8,-7.92,0.0,15729.79,0.1
2024-08-24,20,1210,LTGES0797a,181,726,ES00184,ES00735,ES612,ES612,intra_nuts3,true,10.0,intra_diagnostic,0.8,29.08,0.0,57199.25,0.1
2024-08-20,19,807,LTGES0552c,444,867,ES00447,ES00876,ES514,ES514,intra_nuts3,true,10.0,intra_diagnostic,0.8,-7.92,0.0,15729.79,0.1
2024-08-20,19,178,LTGES0130b,165,900,ES00168,ES00909,ES432,ES432,intra_nuts3,true,10.0,intra_diagnostic,0.8,4.34,0.0,7864.9,0.1
2024-08-20,19,805,LTGES0552a,444,867,ES00447,ES00876,ES514,ES514,intra_nuts3,true,10.0,intra_diagnostic,0.8,-7.92,0.0,15729.79,0.1
2024-08-20,19,808,LTGES0552d,444,867,ES00447,ES00876,ES514,ES514,intra_nuts3,true,10.0,intra_diagnostic,0.8,-7.92,0.0,15729.79,0.1
2024-08-26,9,1858,LTGES1218,639,1135,ES00645,ES01155,ES431,ES431,intra_nuts3,true,10.0,intra_diagnostic,0.8,-2.15,0.0,3932.45,0.1
2024-08-20,0,351,LTGES0240c,260,263,ES00263,ES00266,ES522,ES522,intra_nuts3,true,10.0,intra_diagnostic,0.8,10.51,0.0,15729.79,0.1
2024-08-20,19,915,LTGES0616b,456,883,ES00459,ES00892,ES243,ES243,intra_nuts3,true,10.0,intra_diagnostic,0.8,-16.61,0.0,28599.62,0.1
2024-08-20,0,852,LTGES0577a,210,880,ES00213,ES00889,ES511,ES511,intra_nuts3,true,10.0,intra_diagnostic,0.8,8.24,0.0,7864.9,0.1
2024-08-20,0,78,LTGES0053a,906,905,ES00917,ES00916,ES416,ES416,intra_nuts3,true,10.0,intra_diagnostic,0.8,-14.76,0.0,28599.62,0.1
2024-08-20,0,1934,LTGES1265b,444,866,ES00447,ES00875,ES514,ES514,intra_nuts3,true,10.0,intra_diagnostic,0.8,6.88,0.0,7864.9,0.1
2024-08-22,9,949,LTGES0636b,715,164,ES00724,ES00167,ES432,ES432,intra_nuts3,true,10.0,intra_diagnostic,0.8,-2.42,0.0,2706.99,0.1
2024-08-20,0,1956,LTGES1280,656,1198,ES00662,ES01218,ES415,ES415,intra_nuts3,true,10.0,intra_diagnostic,0.8,9.67,0.0,14299.81,0.1
2024-08-20,0,2115,LTGES1401,1224,667,ES01247,ES00674,ES432,ES432,intra_nuts3,true,10.0,intra_diagnostic,0.8,-2.99,0.0,3932.45,0.1
2024-08-20,0,1406,LTGES0923b,999,550,ES01013,ES00555,ES120,ES120,intra_nuts3,true,10.0,intra_diagnostic,0.8,-5.24,0.0,7864.9,0.1
2024-08-22,9,948,LTGES0636a,715,164,ES00724,ES00167,ES432,ES432,intra_nuts3,true,10.0,intra_diagnostic,0.8,-2.42,0.0,2706.99,0.1
2024-08-20,0,549,LTGES0381a,817,815,ES00826,ES00824,ES618,ES618,intra_nuts3,true,10.0,intra_diagnostic,0.8,-1.68,0.0,2706.99,0.1
2024-08-20,0,1726,LTGES1135,1034,979,ES01048,ES00991,ES120,ES120,intra_nuts3,true,10.0,intra_diagnostic,0.8,-14.87,0.0,14299.81,0.1
2024-08-20,0,1893,LTGES1240,273,1144,ES00276,ES01164,ES620,ES620,intra_nuts3,true,10.0,intra_diagnostic,0.8,9.11,0.0,14299.81,0.1
2024-08-21,17,1687,LTGES1113a,301,625,ES00304,ES00631,ES241,ES241,intra_nuts3,true,10.0,intra_diagnostic,0.8,-5.46,0.0,7864.9,0.1
2024-08-20,0,1449,LTGES0952a,577,1014,ES00582,ES01028,ES211,ES211,intra_nuts3,true,10.0,intra_diagnostic,0.8,7.89,0.0,7864.9,0.1
2024-08-20,0,1051,LTGES0694b,1063,489,ES01078,ES00492,ES425,ES425,intra_nuts3,true,10.0,intra_diagnostic,0.8,-7.7,0.0,7864.9,0.1
2024-08-20,0,2085,LTGES1380b,768,274,ES00777,ES00277,ES113,PT,international,false,1.0,fixed,0.8,-1.75,0.0,2859.96,0.1
2024-08-20,0,1223,LTGES0803a,150,528,ES00153,ES00533,ES220,ES220,intra_nuts3,true,10.0,intra_diagnostic,0.8,10.54,0.0,28599.62,0.0
2024-08-20,0,2046,LTGES1348,1074,615,ES01090,ES00620,ES413,ES413,intra_nuts3,true,10.0,intra_diagnostic,0.8,-0.01,0.0,3932.45,0.0
2024-08-20,0,2123,LTGES1409,673,1058,ES00680,ES01073,ES432,ES432,intra_nuts3,true,10.0,intra_diagnostic,0.8,0.79,0.0,3932.45,0.0
2024-08-20,0,2097,LTGES1388a,1179,661,ES01199,ES00667,ES242,ES242,intra_nuts3,true,10.0,intra_diagnostic,0.8,-0.04,0.0,7864.9,0.0
2024-08-20,0,1906,LTGES1248a,871,870,ES00880,ES00879,ES511,ES511,intra_nuts3,true,10.0,intra_diagnostic,0.8,-1.98,0.0,28599.62,0.0
2024-08-20,0,693,LTGES0474b,839,397,ES00848,ES00400,ES422,ES422,intra_nuts3,true,10.0,intra_diagnostic,0.8,0.82,0.0,7864.9,0.0
2024-08-20,0,1904,LTGES1247a,871,870,ES00880,ES00879,ES511,ES511,intra_nuts3,true,10.0,intra_diagnostic,0.8,-1.98,0.0,28599.62,0.0
2024-08-20,0,2006,LTGES1321b,1181,374,ES01201,ES00377,ES243,ES243,intra_nuts3,true,10.0,intra_diagnostic,0.8,-0.0,0.0,28599.62,0.0
2024-08-20,0,692,LTGES0474a,839,397,ES00848,ES00400,ES422,ES422,intra_nuts3,true,10.0,intra_diagnostic,0.8,0.82,0.0,7864.9,0.0
2024-08-20,0,1728,LTGES1136b,1075,617,ES01091,ES00622,ES413,ES413,intra_nuts3,true,10.0,intra_diagnostic,0.8,-0.01,0.0,7864.9,0.0
2024-08-20,0,1907,LTGES1248b,871,870,ES00880,ES00879,ES511,ES511,intra_nuts3,true,10.0,intra_diagnostic,0.8,-1.98,0.0,28599.62,0.0
2024-08-20,0,1365,LTGES0896c,561,563,ES00566,ES00568,ES300,ES300,intra_nuts3,true,10.0,intra_diagnostic,0.8,0.03,0.0,5413.98,0.0
2024-08-20,0,2256,TR_a8526d91,563,564,ES00568,ES00569,ES300,ES300,intra_nuts3,true,10.0,intra_diagnostic,0.8,0.13,0.0,1600.0,0.0
2024-08-20,0,1409,LTGES0926a,1001,571,ES01015,ES00576,ES413,ES413,intra_nuts3,true,10.0,intra_diagnostic,0.8,-0.46,0.0,7864.9,0.0
2024-08-20,0,159,LTGES0117,995,152,ES01009,ES00155,ES419,ES419,intra_nuts3,true,10.0,intra_diagnostic,0.8,-0.67,0.0,3932.45,0.0
2024-08-20,0,1939,LTGES1268a,415,1066,ES00418,ES01081,ES212,ES212,intra_nuts3,true,10.0,intra_diagnostic,0.8,-0.43,0.0,2706.99,0.0
2024-08-20,0,166,LTGES0123,160,989,ES00163,ES01003,ES413,ES413,intra_nuts3,true,10.0,intra_diagnostic,0.8,5.05,0.0,14299.81,0.0
2024-08-20,0,1364,LTGES0896b,561,563,ES00566,ES00568,ES300,ES300,intra_nuts3,true,10.0,intra_diagnostic,0.8,0.03,0.0,5413.98,0.0
2024-08-20,0,1313,LTGES0863,454,985,ES00457,ES00999,ES241,ES241,intra_nuts3,true,10.0,intra_diagnostic,0.8,0.67,0.0,3932.45,0.0
2024-08-20,0,728,LTGES0501b,847,413,ES00856,ES00416,ES522,ES522,intra_nuts3,true,10.0,intra_diagnostic,0.8,-0.47,0.0,7864.9,0.0
2024-08-20,0,1787,LTGES1176,1112,624,ES01130,ES00630,ES241,ES241,intra_nuts3,true,10.0,intra_diagnostic,0.8,-0.22,0.0,3932.45,0.0
2024-08-20,0,1733,LTGES1139b,983,557,ES00997,ES00562,ES511,ES511,intra_nuts3,true,10.0,intra_diagnostic,0.8,-2.56,0.0,7864.9,0.0
2024-08-20,0,1765,LTGES1159a,513,941,ES00516,ES00952,ES523,ES523,intra_nuts3,true,10.0,intra_diagnostic,0.8,1.14,0.0,7864.9,0.0
2024-08-20,0,1260,LTGES0828,969,537,ES00980,ES00542,ES114,ES114,intra_nuts3,true,10.0,intra_diagnostic,0.8,-0.41,0.0,3932.45,0.0
2024-08-20,0,1958,LTGES1281b,656,68,ES00662,ES00068,ES415,ES415,intra_nuts3,true,10.0,intra_diagnostic,0.8,-6.94,0.0,28599.62,0.0
2024-08-20,0,1027,LTGES0678b,913,471,ES00924,ES00474,ES300,ES300,intra_nuts3,true,10.0,intra_diagnostic,0.8,-1.14,0.0,7864.9,0.0
2024-08-20,0,531,LTGES0370a,330,812,ES00333,ES00821,ES431,ES431,intra_nuts3,true,10.0,intra_diagnostic,0.8,0.56,0.0,7864.9,0.0
2024-08-20,0,9,LTGES0005,10,861,ES00010,ES00870,ES432,ES432,intra_nuts3,true,10.0,intra_diagnostic,0.8,1.37,0.0,14299.81,0.0
2024-08-20,0,606,LTGES0421b,353,829,ES00356,ES00838,ES620,ES620,intra_nuts3,true,10.0,intra_diagnostic,0.8,2.82,0.0,7864.9,0.0
2024-08-20,0,1413,LTGES0929a,1002,551,ES01016,ES00556,ES120,ES120,intra_nuts3,true,10.0,intra_diagnostic,0.8,-1.78,0.0,7864.9,0.0
2024-08-20,0,1957,LTGES1281a,656,68,ES00662,ES00068,ES415,ES415,intra_nuts3,true,10.0,intra_diagnostic,0.8,-6.94,0.0,28599.62,0.0
2024-08-20,0,615,LTGES0428b,360,357,ES00363,ES00360,ES523,ES523,intra_nuts3,true,10.0,intra_diagnostic,0.8,-1.37,0.0,28599.62,0.0
2024-08-20,0,1363,LTGES0896a,561,563,ES00566,ES00568,ES300,ES300,intra_nuts3,true,10.0,intra_diagnostic,0.8,0.03,0.0,5413.98,0.0
2024-08-20,0,645,LTGES0446b,368,370,ES00371,ES00373,ES514,ES514,intra_nuts3,true,10.0,intra_diagnostic,0.8,0.86,0.0,2706.99,0.0
2024-08-20,0,158,LTGES0116,744,151,ES00753,ES00154,ES414,ES414,intra_nuts3,true,10.0,intra_diagnostic,0.8,-1.2,0.0,3932.45,0.0
2024-08-20,0,2005,LTGES1321a,1181,374,ES01201,ES00377,ES243,ES243,intra_nuts3,true,10.0,intra_diagnostic,0.8,-0.0,0.0,28599.62,0.0
2024-08-20,0,1622,LTGES1067b,76,1061,ES00076,ES01076,ES423,ES423,intra_nuts3,true,10.0,intra_diagnostic,0.8,5.86,0.0,28599.62,0.0
2024-08-20,0,1271,LTGES0835b,543,978,ES00548,ES00989,ES113,ES113,intra_nuts3,true,10.0,intra_diagnostic,0.8,0.24,0.0,7864.9,0.0
2024-08-20,0,1414,LTGES0929b,1002,551,ES01016,ES00556,ES120,ES120,intra_nuts3,true,10.0,intra_diagnostic,0.8,-1.78,0.0,7864.9,0.0
2024-08-20,0,1727,LTGES1136a,1075,617,ES01091,ES00622,ES413,ES413,intra_nuts3,true,10.0,intra_diagnostic,0.8,-0.01,0.0,7864.9,0.0
2024-08-20,0,1410,LTGES0926b,1001,571,ES01015,ES00576,ES413,ES413,intra_nuts3,true,10.0,intra_diagnostic,0.8,-0.46,0.0,7864.9,0.0
2024-08-20,0,2114,LTGES1400b,708,132,ES00715,ES00132,ES414,ES414,intra_nuts3,true,10.0,intra_diagnostic,0.8,-1.06,0.0,7864.9,0.0
2024-08-20,0,1536,LTGES1010,1032,1031,ES01046,ES01045,ES419,ES419,intra_nuts3,true,10.0,intra_diagnostic,0.8,0.25,0.0,3932.45,0.0
2024-08-20,0,532,LTGES0370b,330,812,ES00333,ES00821,ES431,ES431,intra_nuts3,true,10.0,intra_diagnostic,0.8,0.56,0.0,7864.9,0.0
2024-08-20,0,1316,LTGES0866,986,1184,ES01000,ES01204,ES241,ES241,intra_nuts3,true,10.0,intra_diagnostic,0.8,1.06,0.0,3932.45,0.0
2024-08-20,0,2113,LTGES1400a,708,132,ES00715,ES00132,ES414,ES414,intra_nuts3,true,10.0,intra_diagnostic,0.8,-1.06,0.0,7864.9,0.0
2024-08-20,0,511,LTGES0355,805,243,ES00814,ES00246,ES415,ES415,intra_nuts3,true,10.0,intra_diagnostic,0.8,-0.0,0.0,14299.81,0.0
2024-08-20,0,1732,LTGES1139a,983,557,ES00997,ES00562,ES511,ES511,intra_nuts3,true,10.0,intra_diagnostic,0.8,-2.56,0.0,7864.9,0.0
2024-08-20,0,1056,LTGES0698,921,351,ES00932,ES00354,ES611,ES611,intra_nuts3,true,10.0,intra_diagnostic,0.8,-0.49,0.0,14299.81,0.0
2024-08-20,0,1621,LTGES1067a,76,1061,ES00076,ES01076,ES423,ES423,intra_nuts3,true,10.0,intra_diagnostic,0.8,5.86,0.0,28599.62,0.0
2024-08-20,0,1270,LTGES0835a,543,978,ES00548,ES00989,ES113,ES113,intra_nuts3,true,10.0,intra_diagnostic,0.8,0.24,0.0,7864.9,0.0
2024-08-20,0,2261,TR_6fc17258,561,562,ES00566,ES00567,ES300,ES300,intra_nuts3,true,10.0,intra_diagnostic,0.8,-0.13,0.0,1600.0,0.0
2024-08-20,0,2098,LTGES1388b,1179,661,ES01199,ES00667,ES242,ES242,intra_nuts3,true,10.0,intra_diagnostic,0.8,-0.04,0.0,7864.9,0.0
2024-08-20,0,681,LTGES0468b,392,838,ES00395,ES00847,ES613,ES613,intra_nuts3,true,10.0,intra_diagnostic,0.8,-2.31,0.0,7864.9,0.0
2024-08-20,0,942,LTGES0632a,1099,469,ES01117,ES00472,ES425,ES425,intra_nuts3,true,10.0,intra_diagnostic,0.8,-2.17,0.0,7864.9,0.0
2024-08-20,0,1224,LTGES0803b,150,528,ES00153,ES00533,ES220,ES220,intra_nuts3,true,10.0,intra_diagnostic,0.8,10.54,0.0,28599.62,0.0
2024-08-20,0,644,LTGES0446a,368,370,ES00371,ES00373,ES514,ES514,intra_nuts3,true,10.0,intra_diagnostic,0.8,0.86,0.0,2706.99,0.0
2024-08-20,0,614,LTGES0428a,360,357,ES00363,ES00360,ES523,ES523,intra_nuts3,true,10.0,intra_diagnostic,0.8,-1.37,0.0,28599.62,0.0
2024-08-20,0,1676,LTGES1105a,142,1142,ES00145,ES01162,ES300,ES300,intra_nuts3,true,10.0,intra_diagnostic,0.8,1.61,0.0,7864.9,0.0
2024-08-20,0,1677,LTGES1105b,142,1142,ES00145,ES01162,ES300,ES300,intra_nuts3,true,10.0,intra_diagnostic,0.8,1.61,0.0,7864.9,0.0
2024-08-20,0,943,LTGES0632b,1099,469,ES01117,ES00472,ES425,ES425,intra_nuts3,true,10.0,intra_diagnostic,0.8,-2.17,0.0,7864.9,0.0
2024-08-20,0,1905,LTGES1247b,871,870,ES00880,ES00879,ES511,ES511,intra_nuts3,true,10.0,intra_diagnostic,0.8,-1.98,0.0,28599.62,0.0
2024-08-20,0,1026,LTGES0678a,913,471,ES00924,ES00474,ES300,ES300,intra_nuts3,true,10.0,intra_diagnostic,0.8,-1.14,0.0,7864.9,0.0
2024-08-20,0,605,LTGES0421a,353,829,ES00356,ES00838,ES620,ES620,intra_nuts3,true,10.0,intra_diagnostic,0.8,2.82,0.0,7864.9,0.0
2024-08-20,0,727,LTGES0501a,847,413,ES00856,ES00416,ES522,ES522,intra_nuts3,true,10.0,intra_diagnostic,0.8,-0.47,0.0,7864.9,0.0
2024-08-20,0,680,LTGES0468a,392,838,ES00395,ES00847,ES613,ES613,intra_nuts3,true,10.0,intra_diagnostic,0.8,-2.31,0.0,7864.9,0.0
2024-08-20,0,1766,LTGES1159b,513,941,ES00516,ES00952,ES523,ES523,intra_nuts3,true,10.0,intra_diagnostic,0.8,1.14,0.0,7864.9,0.0
2024-08-20,0,1639,LTGES1079,1069,1068,ES01084,ES01083,ES120,ES120,intra_nuts3,true,10.0,intra_diagnostic,0.8,2.9,0.0,14299.81,0.0
2024-08-20,0,1675,LTGES1104,679,1080,ES00686,ES01096,ES300,ES300,intra_nuts3,true,10.0,intra_diagnostic,0.8,1.12,0.0,3932.45,0.0
2024-08-20,0,1366,LTGES0896d,561,563,ES00566,ES00568,ES300,ES300,intra_nuts3,true,10.0,intra_diagnostic,0.8,0.03,0.0,5413.98,0.0
2024-08-20,0,1940,LTGES1268b,415,1066,ES00418,ES01081,ES212,ES212,intra_nuts3,true,10.0,intra_diagnostic,0.8,-0.43,0.0,2706.99,0.0
