Timestep,Import_FR_MW,Import_PT_MW
0,6820.45822667455,-495.1143437417468
1,6820.45822667455,-495.1143437417468
2,9652.894209322214,-4918.432113440216
3,9652.894209322214,-4918.432113440216
4,9470.205658107807,-4707.098191311308
5,9470.205658107807,-4707.098191311308
6,-1992.7456765691568,-815.2268355313518
7,-1992.7456765691568,-815.2268355313518
8,2928.759005071519,-1927.5233114907278
9,2928.759005071519,-1927.5233114907278
10,-7636.361900467062,-1148.971587917138
11,-7636.361900467062,-1148.971587917138
12,-9652.894209322214,-2519.453389107681
13,-9652.894209322214,-2519.453389107681
14,-9652.894209322214,-3823.0667979314203
15,-9652.894209322214,-3823.0667979314203
16,-6104.688566619578,-3307.8549217033724
17,-6104.688566619578,-3307.8549217033724
18,948.3285733443445,-4831.93392136287
19,948.3285733443445,-4831.93392136287
20,9546.757081243863,-2224.3237122063747
21,9546.757081243863,-2224.3237122063747
22,6269.353771807215,-2659.171327832655
23,6269.353771807215,-2659.171327832655
24,9652.894209322214,-2379.75600053165
25,9652.894209322214,-2379.75600053165
26,9652.894209322214,-2398.647365456938
27,9652.894209322214,-2398.647365456938
28,9652.894209322214,-3914.6895215190398
29,9652.894209322214,-3914.6895215190398
30,7118.954812131178,-4087.7255907326144
31,7118.954812131178,-4087.7255907326144
32,-7440.846704121352,-746.7978355016348
33,-7440.846704121352,-746.7978355016348
34,-9652.894209322214,-1084.1635805263213
35,-9652.894209322214,-1084.1635805263213
36,-9652.894209322214,-11798.332029053156
37,-9652.894209322214,-11798.332029053156
38,-9652.894209322214,-9410.114524132947
39,-9652.894209322214,-9410.114524132947
40,-9255.438034093557,-3156.8871820856766
41,-9255.438034093557,-3156.8871820856766
42,2640.9832537911607,-4049.848314615552
43,2640.9832537911607,-4049.848314615552
44,9652.894209322214,-3861.49405605605
45,9652.894209322214,-3861.49405605605
46,9652.894209322214,-2726.325017023466
47,9652.894209322214,-2726.325017023466
48,9652.894209322214,-5139.847627056073
49,9652.894209322214,-5139.847627056073
50,9652.894209322214,-2108.502908367249
51,9652.894209322214,-2108.502908367249
52,9652.894209322214,-4499.69315202504
53,9652.894209322214,-4499.69315202504
54,9652.894209322214,-1272.2726643444366
55,9652.894209322214,-1272.2726643444366
56,9652.894209322214,-3956.6592477279646
57,9652.894209322214,-3956.6592477279646
58,3395.9138993478537,-2298.1652426797573
59,3395.9138993478537,-2298.1652426797573
60,-6263.035635663946,-1516.983618012333
61,-6263.035635663946,-1516.983618012333
62,-7066.823818096487,-2461.6761096289683
63,-7066.823818096487,-2461.6761096289683
64,-7753.200704544364,-1815.9990562475105
65,-7753.200704544364,-1815.9990562475105
66,9652.894209322214,-3188.4068286621223
67,9652.894209322214,-3188.4068286621223
68,9652.894209322214,-4292.457135830664
69,9652.894209322214,-4292.457135830664
70,9652.894209322214,-4109.423535040243
71,9652.894209322214,-4109.423535040243
72,5985.49781601038,-3329.2022215884645
73,5985.49781601038,-3329.2022215884645
74,9652.894209322214,-3230.6809574145846
75,9652.894209322214,-3230.6809574145846
76,9652.894209322214,-1330.8325903584628
77,9652.894209322214,-1330.8325903584628
78,9652.894209322214,-1037.6419665515587
79,9652.894209322214,-1037.6419665515587
80,3727.8113645377452,756.4710342515482
81,3727.8113645377452,756.4710342515482
82,-522.6988542043491,-627.5168002555656
83,-522.6988542043491,-627.5168002555656
84,-6181.159195803686,-450.874519622972
85,-6181.159195803686,-450.874519622972
86,220.02206532391392,-1373.9682277154297
87,220.02206532391392,-1373.9682277154297
88,6472.339658060965,-897.7946538983979
89,6472.339658060965,-897.7946538983979
90,9652.894209322214,-1831.3824137276988
91,9652.894209322214,-1831.3824137276988
92,6535.5185847023595,-3805.2806060585262
93,6535.5185847023595,-3805.2806060585262
94,9652.894209322214,652.1841967678847
95,9652.894209322214,652.1841967678847
96,9444.121942320793,-3603.618077095325
97,9444.121942320793,-3603.618077095325
98,7696.662736327411,-3722.6596010444573
99,7696.662736327411,-3722.6596010444573
100,6811.871319566993,-3725.9758310203233
101,6811.871319566993,-3725.9758310203233
102,9652.894209322214,772.5582452331728
103,9652.894209322214,772.5582452331728
104,9652.894209322214,-1398.6604308197657
105,9652.894209322214,-1398.6604308197657
106,3917.74833104107,-2440.3411835291663
107,3917.74833104107,-2440.3411835291663
108,-9652.894209322214,-2487.2210534942697
109,-9652.894209322214,-2487.2210534942697
110,-9652.894209322214,-4044.73551227572
111,-9652.894209322214,-4044.73551227572
112,-9416.471795472433,-1122.4626468336755
113,-9416.471795472433,-1122.4626468336755
114,-1111.2077026611769,-449.4617122691998
115,-1111.2077026611769,-449.4617122691998
116,6374.168418043045,-1003.3341997769912
117,6374.168418043045,-1003.3341997769912
118,8706.06214537866,-812.9561693138985
119,8706.06214537866,-812.9561693138985
120,9652.894209322214,-3554.9259696787285
121,9652.894209322214,-3554.9259696787285
122,9021.425348777517,-1324.6760802910976
123,9021.425348777517,-1324.6760802910976
124,9429.567435814359,-3913.0991970529703
125,9429.567435814359,-3913.0991970529703
126,3527.6285105809766,-483.6717716743351
127,3527.6285105809766,-483.6717716743351
128,-1848.5427573446505,-1145.5739407586534
129,-1848.5427573446505,-1145.5739407586534
130,-2003.5059942085536,-2154.0347415121632
131,-2003.5059942085536,-2154.0347415121632
132,-9652.894209322214,-1960.4269704195976
133,-9652.894209322214,-1960.4269704195976
134,-7970.578100926883,-2663.212560216265
135,-7970.578100926883,-2663.212560216265
136,511.37668546684654,-4120.91287473462
137,511.37668546684654,-4120.91287473462
138,9561.076154155333,-3785.338291236707
139,9561.076154155333,-3785.338291236707
140,9652.894209322214,-2250.614376566353
141,9652.894209322214,-2250.614376566353
142,9652.894209322214,-4222.858076736755
143,9652.894209322214,-4222.858076736755
144,9652.894209322214,-3740.2969955571225
145,9652.894209322214,-3740.2969955571225
146,9652.894209322214,-3704.763844709114
147,9652.894209322214,-3704.763844709114
148,9652.894209322214,-4126.7543596189735
149,9652.894209322214,-4126.7543596189735
150,3730.1089115381983,-3049.991561042789
151,3730.1089115381983,-3049.991561042789
152,376.0695240093446,-3703.291560155456
153,376.0695240093446,-3703.291560155456
154,-9652.894209322214,-3799.2090785588007
155,-9652.894209322214,-3799.2090785588007
156,-9652.894209322214,-11207.520353370137
157,-9652.894209322214,-11207.520353370137
158,-5489.9796120895935,-12329.006097296327
159,-5489.9796120895935,-12329.006097296327
160,-2496.5878184114463,-6161.965273469859
161,-2496.5878184114463,-6161.965273469859
162,-219.72529046974887,-5775.964355675469
163,-219.72529046974887,-5775.964355675469
164,7196.16379921777,-6240.70860672364
165,7196.16379921777,-6240.70860672364
166,9652.894209322214,-4195.2459439334525
167,9652.894209322214,-4195.2459439334525
168,8257.314686850645,-2790.11598122312
169,8257.314686850645,-2790.11598122312
170,6285.021366403309,-2722.3399873720173
171,6285.021366403309,-2722.3399873720173
172,5041.033919292427,-2839.4343626883838
173,5041.033919292427,-2839.4343626883838
174,9652.894209322214,-2904.1773457131276
175,9652.894209322214,-2904.1773457131276
176,9652.894209322214,-3939.861741271472
177,9652.894209322214,-3939.861741271472
178,-1522.4935946924616,-2656.4089936411565
179,-1522.4935946924616,-2656.4089936411565
180,-9652.894209322214,-2484.576517850084
181,-9652.894209322214,-2484.576517850084
182,-2216.3772762641165,-3847.0790311195087
183,-2216.3772762641165,-3847.0790311195087
184,-2743.347470736935,-3264.5850053672402
185,-2743.347470736935,-3264.5850053672402
186,9652.894209322214,-4518.852397179686
187,9652.894209322214,-4518.852397179686
188,9652.894209322214,-4225.245250654865
189,9652.894209322214,-4225.245250654865
190,9652.894209322214,-1081.428274150012
191,9652.894209322214,-1081.428274150012
192,9652.894209322214,-359.1952504573437
193,9652.894209322214,-359.1952504573437
194,9652.894209322214,-1990.8224824975314
195,9652.894209322214,-1990.8224824975314
196,9652.894209322214,-4718.287044384317
197,9652.894209322214,-4718.287044384317
198,9652.894209322214,-363.52978880196315
199,9652.894209322214,-363.52978880196315
200,9652.894209322214,-3535.380785385887
201,9652.894209322214,-3535.380785385887
202,-4511.794323855705,-949.079588213559
203,-4511.794323855705,-949.079588213559
204,-9652.894209322214,-2354.419232563625
205,-9652.894209322214,-2354.419232563625
206,-9652.894209322214,-612.5394027978455
207,-9652.894209322214,-612.5394027978455
208,-9652.894209322214,-87.75294410221795
209,-9652.894209322214,-87.75294410221795
210,8906.18186600105,-2939.3094726610943
211,8906.18186600105,-2939.3094726610943
212,9652.894209322214,-1709.5508836768004
213,9652.894209322214,-1709.5508836768004
214,9652.894209322214,-3629.623141504164
215,9652.894209322214,-3629.623141504164
216,9652.894209322214,-1145.4838801011247
217,9652.894209322214,-1145.4838801011247
218,9652.894209322214,-2144.889741199717
219,9652.894209322214,-2144.889741199717
220,9652.894209322214,-3382.5387619612357
221,9652.894209322214,-3382.5387619612357
222,9023.021479169394,-2536.4908749531733
223,9023.021479169394,-2536.4908749531733
224,1160.5358503313037,-2505.913835803851
225,1160.5358503313037,-2505.913835803851
226,734.8342953726151,-683.2138759767149
227,734.8342953726151,-683.2138759767149
228,-9652.894209322214,103.47541537485813
229,-9652.894209322214,103.47541537485813
230,-1388.2452802176158,-444.67204529624723
231,-1388.2452802176158,-444.67204529624723
232,1178.2842470716714,-1337.680136176501
233,1178.2842470716714,-1337.680136176501
234,8239.235994966848,-2249.049580958521
235,8239.235994966848,-2249.049580958521
236,9652.894209322214,-3939.819133574123
237,9652.894209322214,-3939.819133574123
238,9652.894209322214,-3432.681790064489
239,9652.894209322214,-3432.681790064489
240,9652.894209322214,-735.5002268960288
241,9652.894209322214,-735.5002268960288
242,9652.894209322214,-667.5398203533932
243,9652.894209322214,-667.5398203533932
244,9652.894209322214,-286.49139072361686
245,9652.894209322214,-286.49139072361686
246,9652.894209322214,-1411.1724713683343
247,9652.894209322214,-1411.1724713683343
248,8725.169818051028,813.939268294429
249,8725.169818051028,813.939268294429
250,4095.2110786140656,-403.91989929720694
251,4095.2110786140656,-403.91989929720694
252,-8962.92808951602,235.0885779465134
253,-8962.92808951602,235.0885779465134
254,-7279.696297216535,-634.8097064533631
255,-7279.696297216535,-634.8097064533631
256,4822.914830761671,-2325.4199652446114
257,4822.914830761671,-2325.4199652446114
258,7839.657203424258,-2083.7627928819365
259,7839.657203424258,-2083.7627928819365
260,9652.894209322214,-889.1919216874612
261,9652.894209322214,-889.1919216874612
262,9652.894209322214,-4040.593456638193
263,9652.894209322214,-4040.593456638193
264,9652.894209322214,-4009.471625025333
265,9652.894209322214,-4009.471625025333
266,9652.894209322214,-1108.9319979224347
267,9652.894209322214,-1108.9319979224347
268,9652.894209322214,-832.0979619966129
269,9652.894209322214,-832.0979619966129
270,9295.956142372846,-351.50999068261626
271,9295.956142372846,-351.50999068261626
272,5235.472580187503,-3671.8260763062426
273,5235.472580187503,-3671.8260763062426
274,3924.6941528088246,-2522.5401927119674
275,3924.6941528088246,-2522.5401927119674
276,-8479.891728726194,-2416.7192795158608
277,-8479.891728726194,-2416.7192795158608
278,-5489.643000603468,-3877.357151874585
279,-5489.643000603468,-3877.357151874585
280,3452.4795140731294,-5828.345852283292
281,3452.4795140731294,-5828.345852283292
282,7942.909523712176,-4292.044357053124
283,7942.909523712176,-4292.044357053124
284,9652.894209322214,-2412.034321262623
285,9652.894209322214,-2412.034321262623
286,9652.894209322214,-4694.386621404885
287,9652.894209322214,-4694.386621404885
288,9652.894209322214,-1471.4725617186014
289,9652.894209322214,-1471.4725617186014
290,9652.894209322214,-2618.066371491108
291,9652.894209322214,-2618.066371491108
292,9173.908419844349,-3911.55527841766
293,9173.908419844349,-3911.55527841766
294,7900.299167588168,-4192.819582755785
295,7900.299167588168,-4192.819582755785
296,5040.018493745098,-3426.9547459525493
297,5040.018493745098,-3426.9547459525493
298,-1376.527274690492,-2811.5817301100033
299,-1376.527274690492,-2811.5817301100033
300,-9652.894209322214,-2435.515061246537
301,-9652.894209322214,-2435.515061246537
302,-9652.894209322214,-3502.6742186579486
303,-9652.894209322214,-3502.6742186579486
304,-3628.571346846569,-5406.7208297618145
305,-3628.571346846569,-5406.7208297618145
306,423.4683735275903,-1532.4901816597521
307,423.4683735275903,-1532.4901816597521
308,-763.8871829427226,-2800.643707116864
309,-763.8871829427226,-2800.643707116864
310,3283.688162299327,-1632.7500569630665
311,3283.688162299327,-1632.7500569630665
312,1305.3660041888143,-97.77274625693644
313,1305.3660041888143,-97.77274625693644
314,1394.863386993533,-2202.2568875142115
315,1394.863386993533,-2202.2568875142115
316,1843.9107880549864,-4272.640834773336
317,1843.9107880549864,-4272.640834773336
318,-846.0876531489739,-3752.902517692135
319,-846.0876531489739,-3752.902517692135
320,-8878.024105040262,-2131.849368640058
321,-8878.024105040262,-2131.849368640058
322,-9652.894209322214,-3380.1032474800413
323,-9652.894209322214,-3380.1032474800413
324,-9652.894209322214,-2454.8275589163823
325,-9652.894209322214,-2454.8275589163823
326,-9652.894209322214,-2771.36795124518
327,-9652.894209322214,-2771.36795124518
328,-9652.894209322214,-2383.2232792186624
329,-9652.894209322214,-2383.2232792186624
330,648.561890236022,-4330.770144032247
331,648.561890236022,-4330.770144032247
332,2522.3829613893467,-3104.5927197592555
333,2522.3829613893467,-3104.5927197592555
334,7617.546600784775,-4247.085242221341
335,7617.546600784775,-4247.085242221341
336,9652.894209322214,-4407.865070765203
337,9652.894209322214,-4407.865070765203
338,9652.894209322214,-1489.0706072871326
339,9652.894209322214,-1489.0706072871326
340,9652.894209322214,-2665.8888544560396
341,9652.894209322214,-2665.8888544560396
342,9652.894209322214,-3943.2318678841475
343,9652.894209322214,-3943.2318678841475
344,-1803.170510851207,-2056.3979757063535
345,-1803.170510851207,-2056.3979757063535
346,-6028.873809582836,-2603.650959177279
347,-6028.873809582836,-2603.650959177279
348,-9652.894209322214,-2172.993662088551
349,-9652.894209322214,-2172.993662088551
350,-6672.557594663973,-2782.5848686719964
351,-6672.557594663973,-2782.5848686719964
352,7599.046860449711,-4465.815610133737
353,7599.046860449711,-4465.815610133737
354,9652.894209322214,-1484.5883057040464
355,9652.894209322214,-1484.5883057040464
356,9652.894209322214,-2823.24141697087
357,9652.894209322214,-2823.24141697087
358,9652.894209322214,-937.783408145795
359,9652.894209322214,-937.783408145795
360,9652.894209322214,190.29853846744118
361,9652.894209322214,190.29853846744118
362,9652.894209322214,-2404.387960938753
363,9652.894209322214,-2404.387960938753
364,9652.894209322214,-3776.622951356285
365,9652.894209322214,-3776.622951356285
366,9652.894209322214,-1211.827287985816
367,9652.894209322214,-1211.827287985816
368,9652.894209322214,-2630.3155757827044
369,9652.894209322214,-2630.3155757827044
370,3007.490264214278,-4164.28026773684
371,3007.490264214278,-4164.28026773684
372,-4613.613008246937,-4194.750843492264
373,-4613.613008246937,-4194.750843492264
374,1672.583550344254,-4459.629968923104
375,1672.583550344254,-4459.629968923104
376,4798.5700247072855,-4501.094269669848
377,4798.5700247072855,-4501.094269669848
378,9652.894209322214,-4639.4957199860855
379,9652.894209322214,-4639.4957199860855
380,9652.894209322214,-5440.719622918177
381,9652.894209322214,-5440.719622918177
382,9652.894209322214,-3427.766443225946
383,9652.894209322214,-3427.766443225946
384,9652.894209322214,-4569.150039017522
385,9652.894209322214,-4569.150039017522
386,9652.894209322214,-1909.8501522382358
387,9652.894209322214,-1909.8501522382358
388,9652.894209322214,-4699.4502483583965
389,9652.894209322214,-4699.4502483583965
390,9652.894209322214,-134.64271461239514
391,9652.894209322214,-134.64271461239514
392,9652.894209322214,-3998.137786902271
393,9652.894209322214,-3998.137786902271
394,2876.6205865629563,-2811.779912051539
395,2876.6205865629563,-2811.779912051539
396,-9652.894209322214,-1698.9915266445823
397,-9652.894209322214,-1698.9915266445823
398,-3436.7733646806882,-2882.3509314379953
399,-3436.7733646806882,-2882.3509314379953
400,511.3390733149372,-4523.250951120275
401,511.3390733149372,-4523.250951120275
402,9652.894209322214,-3867.117472830547
403,9652.894209322214,-3867.117472830547
404,9652.894209322214,-5374.6770011655735
405,9652.894209322214,-5374.6770011655735
406,9652.894209322214,-4970.408273228839
407,9652.894209322214,-4970.408273228839
408,9652.894209322214,-4658.938844952261
409,9652.894209322214,-4658.938844952261
410,9652.894209322214,-4478.791345529955
411,9652.894209322214,-4478.791345529955
412,9652.894209322214,-1386.142128265512
413,9652.894209322214,-1386.142128265512
414,9652.894209322214,-1288.4115032785303
415,9652.894209322214,-1288.4115032785303
416,9652.894209322214,-2996.6446372480787
417,9652.894209322214,-2996.6446372480787
418,3279.3099650584936,-1205.2163486591562
419,3279.3099650584936,-1205.2163486591562
420,-9652.894209322214,-82.90618626388641
421,-9652.894209322214,-82.90618626388641
422,-2428.048098127818,-391.35502760858617
423,-2428.048098127818,-391.35502760858617
424,9652.894209322214,-2981.014083789809
425,9652.894209322214,-2981.014083789809
426,9652.894209322214,100.0294540869636
427,9652.894209322214,100.0294540869636
428,9652.894209322214,-4419.597704047186
429,9652.894209322214,-4419.597704047186
430,9652.894209322214,-4404.915323214187
431,9652.894209322214,-4404.915323214187
432,9652.894209322214,-1282.4934514004271
433,9652.894209322214,-1282.4934514004271
434,9652.894209322214,-1279.7903577399738
435,9652.894209322214,-1279.7903577399738
436,9652.894209322214,-2655.756324631262
437,9652.894209322214,-2655.756324631262
438,9652.894209322214,-656.0718725172974
439,9652.894209322214,-656.0718725172974
440,9652.894209322214,-1769.9705563746993
441,9652.894209322214,-1769.9705563746993
442,5266.334820876176,-3315.299440262819
443,5266.334820876176,-3315.299440262819
444,-1721.2918854942218,-2737.900864595593
445,-1721.2918854942218,-2737.900864595593
446,1914.6802842806119,-3377.2028580047863
447,1914.6802842806119,-3377.2028580047863
448,6848.108684210161,-1307.2209454468011
449,6848.108684210161,-1307.2209454468011
450,9652.894209322214,-3153.3454520080777
451,9652.894209322214,-3153.3454520080777
452,9652.894209322214,-2148.527778875048
453,9652.894209322214,-2148.527778875048
454,9652.894209322214,-791.6198669325695
455,9652.894209322214,-791.6198669325695
456,9652.894209322214,-2162.857839997354
457,9652.894209322214,-2162.857839997354
458,9652.894209322214,-1997.3523752873298
459,9652.894209322214,-1997.3523752873298
460,9652.894209322214,-4597.651169197736
461,9652.894209322214,-4597.651169197736
462,9652.894209322214,-585.3510150936036
463,9652.894209322214,-585.3510150936036
464,9652.894209322214,-4438.5158563421755
465,9652.894209322214,-4438.5158563421755
466,3181.648184541853,-2198.8373317421265
467,3181.648184541853,-2198.8373317421265
468,-9652.894209322214,-926.939591368513
469,-9652.894209322214,-926.939591368513
470,-9407.88762491772,-1348.2002741690103
471,-9407.88762491772,-1348.2002741690103
472,-7957.06119613396,-363.6656782094651
473,-7957.06119613396,-363.6656782094651
474,9652.894209322214,-3428.1231039444774
475,9652.894209322214,-3428.1231039444774
476,9652.894209322214,-2497.7569157551206
477,9652.894209322214,-2497.7569157551206
478,9652.894209322214,-2990.190561438616
479,9652.894209322214,-2990.190561438616
480,9652.894209322214,-1486.0766265391503
481,9652.894209322214,-1486.0766265391503
482,9652.894209322214,-1191.9680082641971
483,9652.894209322214,-1191.9680082641971
484,9652.894209322214,-3774.6230624957734
485,9652.894209322214,-3774.6230624957734
486,8363.649814411388,-2769.0113382054387
487,8363.649814411388,-2769.0113382054387
488,-9464.799075412418,-522.7367836207322
489,-9464.799075412418,-522.7367836207322
490,-9652.894209322214,-2013.456913841108
491,-9652.894209322214,-2013.456913841108
492,-9652.894209322214,-1335.0091729604137
493,-9652.894209322214,-1335.0091729604137
494,-9652.894209322214,-2032.007201779883
495,-9652.894209322214,-2032.007201779883
496,-4718.22126307998,-4487.266428410443
497,-4718.22126307998,-4487.266428410443
498,953.3305403794802,-4026.414107420287
499,953.3305403794802,-4026.414107420287
500,8335.21077928884,-5100.539601734943
501,8335.21077928884,-5100.539601734943
502,9652.894209322214,-4442.591223531641
503,9652.894209322214,-4442.591223531641
504,7710.184730102708,-4192.255109493015
505,7710.184730102708,-4192.255109493015
506,5029.4124315119625,-4051.8318399686596
507,5029.4124315119625,-4051.8318399686596
508,-233.36485231830193,-895.631042108198
509,-233.36485231830193,-895.631042108198
510,7116.23656325569,-3357.7086321818024
511,7116.23656325569,-3357.7086321818024
512,-445.98258677287595,-407.27116521758944
513,-445.98258677287595,-407.27116521758944
514,-9652.894209322214,1071.6171123810782
515,-9652.894209322214,1071.6171123810782
516,-9652.894209322214,-778.4919597829848
517,-9652.894209322214,-778.4919597829848
518,-9652.894209322214,-1159.9371680974418
519,-9652.894209322214,-1159.9371680974418
520,-9652.894209322214,3013.168545065828
521,-9652.894209322214,3013.168545065828
522,3259.4406349658093,1311.4151785748763
523,3259.4406349658093,1311.4151785748763
524,9545.365218218096,-1742.489646064707
525,9545.365218218096,-1742.489646064707
526,9652.894209322214,-465.1731500690112
527,9652.894209322214,-465.1731500690112
528,5466.921181568933,-503.8781326266708
529,5466.921181568933,-503.8781326266708
530,2431.2782316711337,-420.78749887151025
531,2431.2782316711337,-420.78749887151025
532,376.3106694556518,-289.8447367125973
533,376.3106694556518,-289.8447367125973
534,-924.769514657939,-815.6774260578586
535,-924.769514657939,-815.6774260578586
536,-2351.8950297232004,-967.8831746633587
537,-2351.8950297232004,-967.8831746633587
538,-9652.894209322214,-383.65246637206474
539,-9652.894209322214,-383.65246637206474
540,-9652.894209322214,-338.2967559825429
541,-9652.894209322214,-338.2967559825429
542,-9652.894209322214,-4196.981041409206
543,-9652.894209322214,-4196.981041409206
544,1626.6276593239218,-4082.0471069214345
545,1626.6276593239218,-4082.0471069214345
546,9652.894209322214,-4069.2175753616375
547,9652.894209322214,-4069.2175753616375
548,9652.894209322214,-4972.5103504592735
549,9652.894209322214,-4972.5103504592735
550,9652.894209322214,-3561.999053470354
551,9652.894209322214,-3561.999053470354
552,9652.894209322214,-3768.050677515397
553,9652.894209322214,-3768.050677515397
554,9652.894209322214,-3636.238268524001
555,9652.894209322214,-3636.238268524001
556,9652.894209322214,-5444.2943315688335
557,9652.894209322214,-5444.2943315688335
558,9652.894209322214,-1607.247128252422
559,9652.894209322214,-1607.247128252422
560,9346.057485804857,-1861.4234273371003
561,9346.057485804857,-1861.4234273371003
562,-3245.1116176641226,-470.0554923834261
563,-3245.1116176641226,-470.0554923834261
564,-9094.322333780085,-80.9324810445305
565,-9094.322333780085,-80.9324810445305
566,-4497.724129117492,-1304.40771988897
567,-4497.724129117492,-1304.40771988897
568,4427.133101271816,-3930.0327783454213
569,4427.133101271816,-3930.0327783454213
570,9652.894209322214,-2190.2016230227237
571,9652.894209322214,-2190.2016230227237
572,9652.894209322214,-3616.2039980555473
573,9652.894209322214,-3616.2039980555473
574,9652.894209322214,209.56343173454115
575,9652.894209322214,209.56343173454115
576,9652.894209322214,-424.1704612714839
577,9652.894209322214,-424.1704612714839
578,9652.894209322214,-2983.374145955555
579,9652.894209322214,-2983.374145955555
580,9652.894209322214,-133.98549605152584
581,9652.894209322214,-133.98549605152584
582,9652.894209322214,-1560.4147718428503
583,9652.894209322214,-1560.4147718428503
584,9652.894209322214,-1132.6252074203767
585,9652.894209322214,-1132.6252074203767
586,9652.894209322214,-10023.808950005558
587,9652.894209322214,-10023.808950005558
588,9652.894209322214,-9909.12654097431
589,9652.894209322214,-9909.12654097431
590,-9652.894209322214,-504.5779060411114
591,-9652.894209322214,-504.5779060411114
592,4336.719260792953,-1124.633743164066
593,4336.719260792953,-1124.633743164066
594,9652.894209322214,-2525.8719605582264
595,9652.894209322214,-2525.8719605582264
596,9652.894209322214,-4041.903184643603
597,9652.894209322214,-4041.903184643603
598,9652.894209322214,-3393.793302446855
599,9652.894209322214,-3393.793302446855
600,9652.894209322214,-733.3849816179409
601,9652.894209322214,-733.3849816179409
602,9652.894209322214,-1767.5561987795354
603,9652.894209322214,-1767.5561987795354
604,9652.894209322214,-3077.379272615128
605,9652.894209322214,-3077.379272615128
606,9652.894209322214,-2420.5504447022267
607,9652.894209322214,-2420.5504447022267
608,9652.894209322214,-3233.656048100267
609,9652.894209322214,-3233.656048100267
610,242.3812203800935,-1219.2692972400764
611,242.3812203800935,-1219.2692972400764
612,-9652.894209322214,-463.6109274352184
613,-9652.894209322214,-463.6109274352184
614,-9652.894209322214,-1074.092604644131
615,-9652.894209322214,-1074.092604644131
616,8548.930727294473,-3155.629702196491
617,8548.930727294473,-3155.629702196491
618,9652.894209322214,-3230.154587453864
619,9652.894209322214,-3230.154587453864
620,9652.894209322214,-1923.9225043580263
621,9652.894209322214,-1923.9225043580263
622,9652.894209322214,-893.5557633698863
623,9652.894209322214,-893.5557633698863
624,9652.894209322214,-791.0738729189798
625,9652.894209322214,-791.0738729189798
626,9652.894209322214,-3437.0668521231837
627,9652.894209322214,-3437.0668521231837
628,9652.894209322214,-481.1751897008289
629,9652.894209322214,-481.1751897008289
630,9652.894209322214,-2501.8585573610217
631,9652.894209322214,-2501.8585573610217
632,9652.894209322214,-3176.2869237092127
633,9652.894209322214,-3176.2869237092127
634,-1975.8209385498558,-1679.0848575002165
635,-1975.8209385498558,-1679.0848575002165
636,-9652.894209322214,-703.2391757630594
637,-9652.894209322214,-703.2391757630594
638,-9652.894209322214,-2633.280098169631
639,-9652.894209322214,-2633.280098169631
640,-9652.894209322214,117.16447819371024
641,-9652.894209322214,117.16447819371024
642,4628.577808992675,-3166.917677247413
643,4628.577808992675,-3166.917677247413
644,9652.894209322214,-2456.920402078693
645,9652.894209322214,-2456.920402078693
646,9652.894209322214,-2062.9808757605624
647,9652.894209322214,-2062.9808757605624
648,9652.894209322214,-1585.1299263285964
649,9652.894209322214,-1585.1299263285964
650,9652.894209322214,-1581.9781699638115
651,9652.894209322214,-1581.9781699638115
652,9652.894209322214,-4429.782287113396
653,9652.894209322214,-4429.782287113396
654,9652.894209322214,-3474.587088654882
655,9652.894209322214,-3474.587088654882
656,9652.894209322214,-3962.1305791546274
657,9652.894209322214,-3962.1305791546274
658,-9652.894209322214,-1639.6708797089595
659,-9652.894209322214,-1639.6708797089595
660,-9652.894209322214,-7193.913258784112
661,-9652.894209322214,-7193.913258784112
662,-9652.894209322214,-8930.190850209252
663,-9652.894209322214,-8930.190850209252
664,-9652.894209322214,-3489.659220719881
665,-9652.894209322214,-3489.659220719881
666,-1783.1925901853429,-3935.7733935231427
667,-1783.1925901853429,-3935.7733935231427
668,8980.62132771326,-6031.718079878381
669,8980.62132771326,-6031.718079878381
670,9652.894209322214,-2932.7116226291473
671,9652.894209322214,-2932.7116226291473
672,9652.894209322214,-5354.434582927108
673,9652.894209322214,-5354.434582927108
674,6699.231320316376,-5249.265554953192
675,6699.231320316376,-5249.265554953192
676,4834.437897217381,-5227.708295948671
677,4834.437897217381,-5227.708295948671
678,9652.894209322214,-7016.221705642258
679,9652.894209322214,-7016.221705642258
680,7865.514136655626,-5434.1286823926
681,7865.514136655626,-5434.1286823926
682,-2949.806969457448,-3352.5825916664744
683,-2949.806969457448,-3352.5825916664744
684,-9652.894209322214,-2836.890045908207
685,-9652.894209322214,-2836.890045908207
686,-8073.571060883751,-4323.083994324999
687,-8073.571060883751,-4323.083994324999
688,-9652.894209322214,-3894.9867190173045
689,-9652.894209322214,-3894.9867190173045
690,7444.240397888412,-5868.875411764371
691,7444.240397888412,-5868.875411764371
692,9652.894209322214,-3958.973318563525
693,9652.894209322214,-3958.973318563525
694,9652.894209322214,-3481.780503905722
695,9652.894209322214,-3481.780503905722
696,9652.894209322214,-2377.520549335799
697,9652.894209322214,-2377.520549335799
698,9652.894209322214,-5412.62968982804
699,9652.894209322214,-5412.62968982804
700,9652.894209322214,-4603.020825121748
701,9652.894209322214,-4603.020825121748
702,8534.336712570412,-4646.731639257283
703,8534.336712570412,-4646.731639257283
704,3988.5377740083914,-5667.375615721308
705,3988.5377740083914,-5667.375615721308
706,-169.79858116538344,-3620.9318527994055
707,-169.79858116538344,-3620.9318527994055
708,-8848.673203886661,-2806.366792799605
709,-8848.673203886661,-2806.366792799605
710,-9652.894209322214,-3507.1809449464545
711,-9652.894209322214,-3507.1809449464545
712,-7181.597887837379,-2211.2201071115232
713,-7181.597887837379,-2211.2201071115232
714,9652.894209322214,-4860.65428813683
715,9652.894209322214,-4860.65428813683
716,9652.894209322214,-5513.744721595029
717,9652.894209322214,-5513.744721595029
718,9652.894209322214,-1900.5039527686931
719,9652.894209322214,-1900.5039527686931
720,9652.894209322214,-1169.8138786413274
721,9652.894209322214,-1169.8138786413274
722,9652.894209322214,-1894.0554566058345
723,9652.894209322214,-1894.0554566058345
724,9652.894209322214,-3473.761719808701
725,9652.894209322214,-3473.761719808701
726,7554.554846453224,-1858.5292873462986
727,7554.554846453224,-1858.5292873462986
728,1965.7448560855191,-3508.602968385465
729,1965.7448560855191,-3508.602968385465
730,-2712.099710228831,-1891.8962565913716
731,-2712.099710228831,-1891.8962565913716
732,-9128.108827210075,-1371.7448760182142
733,-9128.108827210075,-1371.7448760182142
734,-5100.7156426335205,-2482.1564927676245
735,-5100.7156426335205,-2482.1564927676245
736,-3938.113845123953,-1899.863622477269
737,-3938.113845123953,-1899.863622477269
738,9652.894209322214,-3185.5594437788222
739,9652.894209322214,-3185.5594437788222
740,8163.849003405441,-2769.118711424717
741,8163.849003405441,-2769.118711424717
742,9652.894209322214,-2061.814760839219
743,9652.894209322214,-2061.814760839219
744,9652.894209322214,-1397.331782497322
745,9652.894209322214,-1397.331782497322
746,9652.894209322214,-4017.9685114981567
747,9652.894209322214,-4017.9685114981567
748,9652.894209322214,-3915.6248362523893
749,9652.894209322214,-3915.6248362523893
750,7929.01576463124,-2795.5164508991456
751,7929.01576463124,-2795.5164508991456
752,7486.0709447659065,-2172.8403093747766
753,7486.0709447659065,-2172.8403093747766
754,-4341.730781192764,390.18713069007754
755,-4341.730781192764,390.18713069007754
756,-9652.894209322214,-3234.430049817189
757,-9652.894209322214,-3234.430049817189
758,-9652.894209322214,266.3991208825755
759,-9652.894209322214,266.3991208825755
760,2863.976436031604,-3001.7372611933606
761,2863.976436031604,-3001.7372611933606
762,9652.894209322214,-3433.6589021848977
763,9652.894209322214,-3433.6589021848977
764,9652.894209322214,-1605.0250434176578
765,9652.894209322214,-1605.0250434176578
766,9652.894209322214,-1746.4200775316767
767,9652.894209322214,-1746.4200775316767
768,9652.894209322214,-1319.1178405492647
769,9652.894209322214,-1319.1178405492647
770,9652.894209322214,-1264.6533930329788
771,9652.894209322214,-1264.6533930329788
772,9652.894209322214,-1619.9443660467387
773,9652.894209322214,-1619.9443660467387
774,9652.894209322214,-4050.6181150161865
775,9652.894209322214,-4050.6181150161865
776,9476.003226157598,-5036.585189185267
777,9476.003226157598,-5036.585189185267
778,-2726.5749012704528,-2338.116680494082
779,-2726.5749012704528,-2338.116680494082
780,-9652.894209322214,-953.7360562825979
781,-9652.894209322214,-953.7360562825979
782,-9652.894209322214,-1317.1519221615363
783,-9652.894209322214,-1317.1519221615363
784,-99.93793425199692,-3389.460466041932
785,-99.93793425199692,-3389.460466041932
786,9652.894209322214,-3102.022204203151
787,9652.894209322214,-3102.022204203151
788,9652.894209322214,-4980.471880799911
789,9652.894209322214,-4980.471880799911
790,9652.894209322214,-262.3336009678369
791,9652.894209322214,-262.3336009678369
792,9652.894209322214,-1509.1529661144596
793,9652.894209322214,-1509.1529661144596
794,9652.894209322214,-1326.2996605727258
795,9652.894209322214,-1326.2996605727258
796,9652.894209322214,-142.26588136951978
797,9652.894209322214,-142.26588136951978
798,9411.853761146247,-3472.142117483603
799,9411.853761146247,-3472.142117483603
800,8292.278396089157,-4012.6470879990793
801,8292.278396089157,-4012.6470879990793
802,-5931.166075703777,-2067.509236010197
803,-5931.166075703777,-2067.509236010197
804,-9652.894209322214,-1739.485918932458
805,-9652.894209322214,-1739.485918932458
806,-8633.594458386127,-2712.069740014127
807,-8633.594458386127,-2712.069740014127
808,-8538.363897461357,-1831.0408110255576
809,-8538.363897461357,-1831.0408110255576
810,62.126514242379926,-806.7820309329963
811,62.126514242379926,-806.7820309329963
812,6703.030722031579,-2404.974079193922
813,6703.030722031579,-2404.974079193922
814,9652.894209322214,-1330.5400914414313
815,9652.894209322214,-1330.5400914414313
816,8537.92932093275,-1896.5314888866906
817,8537.92932093275,-1896.5314888866906
818,5542.329819763482,-1813.7226443805648
819,5542.329819763482,-1813.7226443805648
820,9652.894209322214,-4659.512824945899
821,9652.894209322214,-4659.512824945899
822,3294.201043760093,-808.7640789415527
823,3294.201043760093,-808.7640789415527
824,-7534.908361497022,-4199.813879458092
825,-7534.908361497022,-4199.813879458092
826,-9652.894209322214,-1886.078059753865
827,-9652.894209322214,-1886.078059753865
828,-9652.894209322214,-1165.0600381328022
829,-9652.894209322214,-1165.0600381328022
830,-9652.894209322214,-8738.720496135611
831,-9652.894209322214,-8738.720496135611
832,-3581.0464648823145,-4585.492759923392
833,-3581.0464648823145,-4585.492759923392
834,6777.355131374459,-4329.5597578064335
835,6777.355131374459,-4329.5597578064335
836,9652.894209322214,-5022.2609466639515
837,9652.894209322214,-5022.2609466639515
838,9652.894209322214,-2040.8050029858514
839,9652.894209322214,-2040.8050029858514
840,9652.894209322214,-1374.377599454383
841,9652.894209322214,-1374.377599454383
842,9652.894209322214,-4226.253958141342
843,9652.894209322214,-4226.253958141342
844,9652.894209322214,-4047.116064944663
845,9652.894209322214,-4047.116064944663
846,9652.894209322214,852.3711015038953
847,9652.894209322214,852.3711015038953
848,-826.8689741929593,-917.6217322457305
849,-826.8689741929593,-917.6217322457305
850,-9652.894209322214,61.71411868181167
851,-9652.894209322214,61.71411868181167
852,-9652.894209322214,-364.25760662110224
853,-9652.894209322214,-364.25760662110224
854,-9652.894209322214,-1025.3470050117685
855,-9652.894209322214,-1025.3470050117685
856,-9652.894209322214,-544.1510438401838
857,-9652.894209322214,-544.1510438401838
858,8355.455963905632,-493.34934535832326
859,8355.455963905632,-493.34934535832326
860,9652.894209322214,-78.74682093203774
861,9652.894209322214,-78.74682093203774
862,9652.894209322214,-2976.4496967417363
863,9652.894209322214,-2976.4496967417363
864,9652.894209322214,-3316.6577870885194
865,9652.894209322214,-3316.6577870885194
866,9652.894209322214,-1545.4379730173841
867,9652.894209322214,-1545.4379730173841
868,2417.2214215094864,-3202.9938992014486
869,2417.2214215094864,-3202.9938992014486
870,1894.3606636674685,929.4779755493892
871,1894.3606636674685,929.4779755493892
872,-3397.624173350112,441.67869641657126
873,-3397.624173350112,441.67869641657126
874,-9652.894209322214,1866.9939151999552
875,-9652.894209322214,1866.9939151999552
876,-9652.894209322214,-13.414979900993785
877,-9652.894209322214,-13.414979900993785
878,-9652.894209322214,-1569.9967780944517
879,-9652.894209322214,-1569.9967780944517
880,-9652.894209322214,-1417.0163128905333
881,-9652.894209322214,-1417.0163128905333
882,3300.2140247572906,-2613.074171436894
883,3300.2140247572906,-2613.074171436894
884,8640.339026748368,-3053.9590438254654
885,8640.339026748368,-3053.9590438254654
886,9652.894209322214,-1737.1401006560573
887,9652.894209322214,-1737.1401006560573
888,7154.689021148492,-2035.9686324786107
889,7154.689021148492,-2035.9686324786107
890,5285.892418908899,-1683.5896608262774
891,5285.892418908899,-1683.5896608262774
892,1695.70438237477,-1091.1339557027313
893,1695.70438237477,-1091.1339557027313
894,172.78506797463706,183.9305560187804
895,172.78506797463706,183.9305560187804
896,-3908.142305497002,2523.4387313294083
897,-3908.142305497002,2523.4387313294083
898,-9652.894209322214,3446.3929389100576
899,-9652.894209322214,3446.3929389100576
900,-9652.894209322214,2818.0065324058105
901,-9652.894209322214,2818.0065324058105
902,-9652.894209322214,906.2612042162291
903,-9652.894209322214,906.2612042162291
904,-6396.027160791018,-1392.4828703214735
905,-6396.027160791018,-1392.4828703214735
906,8560.70923887819,-4077.131920410422
907,8560.70923887819,-4077.131920410422
908,9652.894209322214,-3444.7649957342
909,9652.894209322214,-3444.7649957342
910,9652.894209322214,-1517.477007430185
911,9652.894209322214,-1517.477007430185
912,7954.239256316054,-1644.8967632800104
913,7954.239256316054,-1644.8967632800104
914,7776.334735744676,-1618.881329636337
915,7776.334735744676,-1618.881329636337
916,5855.14705966457,-1862.7325854683859
917,5855.14705966457,-1862.7325854683859
918,4083.170286397766,-901.4577963365864
919,4083.170286397766,-901.4577963365864
920,-3782.120208757955,871.3241442452563
921,-3782.120208757955,871.3241442452563
922,-9652.894209322214,651.5992392086337
923,-9652.894209322214,651.5992392086337
924,-9652.894209322214,-1156.6989964236745
925,-9652.894209322214,-1156.6989964236745
926,-9652.894209322214,-2202.4397943954827
927,-9652.894209322214,-2202.4397943954827
928,-5577.42105986804,-2176.0221731908223
929,-5577.42105986804,-2176.0221731908223
930,6737.197049983538,-4511.957973637154
931,6737.197049983538,-4511.957973637154
932,9652.894209322214,-5304.611528210515
933,9652.894209322214,-5304.611528210515
934,9652.894209322214,-2065.7812838290683
935,9652.894209322214,-2065.7812838290683
936,9652.894209322214,-1432.071074031639
937,9652.894209322214,-1432.071074031639
938,9652.894209322214,-1343.9371967308598
939,9652.894209322214,-1343.9371967308598
940,4882.989749027223,-4120.020129388517
941,4882.989749027223,-4120.020129388517
942,9652.894209322214,-3592.035977164871
943,9652.894209322214,-3592.035977164871
944,-3293.544697233545,-1000.1986286045903
945,-3293.544697233545,-1000.1986286045903
946,-9652.894209322214,-2040.4572038729057
947,-9652.894209322214,-2040.4572038729057
948,-9652.894209322214,-1380.4245683179997
949,-9652.894209322214,-1380.4245683179997
950,-9652.894209322214,-2433.059604805261
951,-9652.894209322214,-2433.059604805261
952,-8665.60183803532,-1173.0327937675283
953,-8665.60183803532,-1173.0327937675283
954,9612.976808986621,-660.1616823600216
955,9612.976808986621,-660.1616823600216
956,9652.894209322214,-3608.7130469511267
957,9652.894209322214,-3608.7130469511267
958,9652.894209322214,-1149.4812576935074
959,9652.894209322214,-1149.4812576935074
960,9652.894209322214,-4680.706913073074
961,9652.894209322214,-4680.706913073074
962,9652.894209322214,-1764.850172055385
963,9652.894209322214,-1764.850172055385
964,9430.791241570649,-4537.157761884488
965,9430.791241570649,-4537.157761884488
966,5918.583353162432,-3662.7951460809363
967,5918.583353162432,-3662.7951460809363
968,-5634.95309521548,-1607.696564202388
969,-5634.95309521548,-1607.696564202388
970,-9652.894209322214,-1857.133781567356
971,-9652.894209322214,-1857.133781567356
972,-9652.894209322214,-5980.305260045236
973,-9652.894209322214,-5980.305260045236
974,-9652.894209322214,-4978.928759676046
975,-9652.894209322214,-4978.928759676046
976,-9652.894209322214,-4409.789784309885
977,-9652.894209322214,-4409.789784309885
978,7774.297147540399,-4043.273670063958
979,7774.297147540399,-4043.273670063958
980,9652.894209322214,-2936.1853875592988
981,9652.894209322214,-2936.1853875592988
982,9652.894209322214,-2019.1058428118995
983,9652.894209322214,-2019.1058428118995
984,9652.894209322214,-4661.686126259496
985,9652.894209322214,-4661.686126259496
986,9652.894209322214,-3265.408348912835
987,9652.894209322214,-3265.408348912835
988,9652.894209322214,-4585.146280071996
989,9652.894209322214,-4585.146280071996
990,8879.43978541256,-4362.211535566283
991,8879.43978541256,-4362.211535566283
992,-5267.604952443084,-2193.4020514618533
993,-5267.604952443084,-2193.4020514618533
994,-9652.894209322214,-2388.8321100284247
995,-9652.894209322214,-2388.8321100284247
996,-9652.894209322214,-10262.33628703897
997,-9652.894209322214,-10262.33628703897
998,-9652.894209322214,-8506.08943985168
999,-9652.894209322214,-8506.08943985168
1000,-9652.894209322214,-2312.3326389393824
1001,-9652.894209322214,-2312.3326389393824
1002,-6296.175639502308,256.47351489340326
1003,-6296.175639502308,256.47351489340326
1004,-2285.0489412244297,-4440.999349392669
1005,-2285.0489412244297,-4440.999349392669
1006,6023.406804619477,-3262.1551402496007
1007,6023.406804619477,-3262.1551402496007
1008,2996.018588734909,-2759.4429381332393
1009,2996.018588734909,-2759.4429381332393
1010,3586.303985874285,-2960.900514032188
1011,3586.303985874285,-2960.900514032188
1012,-986.3359762150812,-3277.744873992795
1013,-986.3359762150812,-3277.744873992795
1014,-5768.871025445154,-1901.41349131248
1015,-5768.871025445154,-1901.41349131248
1016,-9652.894209322214,-1601.6455956687587
1017,-9652.894209322214,-1601.6455956687587
1018,-9652.894209322214,-10835.833314475967
1019,-9652.894209322214,-10835.833314475967
1020,-9652.894209322214,-10921.492605792166
1021,-9652.894209322214,-10921.492605792166
1022,-9652.894209322214,-10885.218506119296
1023,-9652.894209322214,-10885.218506119296
1024,-9652.894209322214,-2062.073230995864
1025,-9652.894209322214,-2062.073230995864
1026,2042.1712453016207,-2929.056481100766
1027,2042.1712453016207,-2929.056481100766
1028,9652.894209322214,-4568.254103443824
1029,9652.894209322214,-4568.254103443824
1030,9652.894209322214,-928.2710243084293
1031,9652.894209322214,-928.2710243084293
1032,8291.822703994105,-2813.326082753005
1033,8291.822703994105,-2813.326082753005
1034,5586.730238311156,-2518.309360236215
1035,5586.730238311156,-2518.309360236215
1036,5073.555266009417,-2894.837544592994
1037,5073.555266009417,-2894.837544592994
1038,3806.0514539968917,-1764.5812297526318
1039,3806.0514539968917,-1764.5812297526318
1040,9605.347510242613,-2721.1139963461646
1041,9605.347510242613,-2721.1139963461646
1042,-8879.749247835498,-1195.4090515142307
1043,-8879.749247835498,-1195.4090515142307
1044,-9652.894209322214,-1010.2989865228319
1045,-9652.894209322214,-1010.2989865228319
1046,-7334.685831606388,-3324.1825079796763
1047,-7334.685831606388,-3324.1825079796763
1048,9652.894209322214,-4936.680441289345
1049,9652.894209322214,-4936.680441289345
1050,9652.894209322214,-4535.55095064964
1051,9652.894209322214,-4535.55095064964
1052,9652.894209322214,-2642.501368678777
1053,9652.894209322214,-2642.501368678777
1054,9652.894209322214,-1749.3493693782984
1055,9652.894209322214,-1749.3493693782984
1056,9652.894209322214,-1017.2823658208872
1057,9652.894209322214,-1017.2823658208872
1058,9652.894209322214,-1254.6713867603612
1059,9652.894209322214,-1254.6713867603612
1060,9652.894209322214,-4138.283283050367
1061,9652.894209322214,-4138.283283050367
1062,9652.894209322214,-3309.325394748048
1063,9652.894209322214,-3309.325394748048
1064,3939.5440609225207,-2616.052885128296
1065,3939.5440609225207,-2616.052885128296
1066,-9652.894209322214,-885.8625758113449
1067,-9652.894209322214,-885.8625758113449
1068,-9652.894209322214,-3051.0314367557075
1069,-9652.894209322214,-3051.0314367557075
1070,-9652.894209322214,42.712157679734446
1071,-9652.894209322214,42.712157679734446
1072,-990.1439657529772,-2102.4402721541283
1073,-990.1439657529772,-2102.4402721541283
1074,5807.892020900526,-3224.629886058572
1075,5807.892020900526,-3224.629886058572
1076,9652.894209322214,-5197.835398732272
1077,9652.894209322214,-5197.835398732272
1078,9652.894209322214,-2221.6762066729116
1079,9652.894209322214,-2221.6762066729116
1080,9652.894209322214,-3892.458580799217
1081,9652.894209322214,-3892.458580799217
1082,9652.894209322214,-4087.20425542442
1083,9652.894209322214,-4087.20425542442
1084,9652.894209322214,-1208.7515332801268
1085,9652.894209322214,-1208.7515332801268
1086,9652.894209322214,-89.02472318346008
1087,9652.894209322214,-89.02472318346008
1088,1293.1712894352404,-1268.4147971802504
1089,1293.1712894352404,-1268.4147971802504
1090,-6305.741389545308,253.97029248588115
1091,-6305.741389545308,253.97029248588115
1092,-7015.840020753971,1711.667926391985
1093,-7015.840020753971,1711.667926391985
1094,962.4129219022943,2069.1127887314233
1095,962.4129219022943,2069.1127887314233
1096,2377.871174190559,364.44679487775466
1097,2377.871174190559,364.44679487775466
1098,9652.894209322214,-3227.8241576048968
1099,9652.894209322214,-3227.8241576048968
1100,9652.894209322214,-1018.9729023279979
1101,9652.894209322214,-1018.9729023279979
1102,9652.894209322214,-471.74320760832416
1103,9652.894209322214,-471.74320760832416
1104,9652.894209322214,-3734.578320201852
1105,9652.894209322214,-3734.578320201852
1106,9652.894209322214,-3458.8680626596342
1107,9652.894209322214,-3458.8680626596342
1108,7134.289317636089,-3472.0021098098714
1109,7134.289317636089,-3472.0021098098714
1110,9652.894209322214,-1595.2975281951767
1111,9652.894209322214,-1595.2975281951767
1112,-1900.6768689504934,-267.8499099224646
1113,-1900.6768689504934,-267.8499099224646
1114,-9652.894209322214,1801.3379943671353
1115,-9652.894209322214,1801.3379943671353
1116,-9652.894209322214,1788.696811485237
1117,-9652.894209322214,1788.696811485237
1118,-9652.894209322214,1296.1221952538326
1119,-9652.894209322214,1296.1221952538326
1120,-6225.996009157268,-440.08155031675597
1121,-6225.996009157268,-440.08155031675597
1122,8119.519677043153,-3348.021178851597
1123,8119.519677043153,-3348.021178851597
1124,9652.894209322214,-4308.6470200472795
1125,9652.894209322214,-4308.6470200472795
1126,9652.894209322214,-3214.1125464594497
1127,9652.894209322214,-3214.1125464594497
1128,9652.894209322214,-562.3128301656252
1129,9652.894209322214,-562.3128301656252
1130,9372.259606793643,-171.96225789323398
1131,9372.259606793643,-171.96225789323398
1132,9316.821530157556,-2717.5769577229057
1133,9316.821530157556,-2717.5769577229057
1134,6578.900654095641,-2073.1827296667707
1135,6578.900654095641,-2073.1827296667707
1136,-5517.38505974066,-48.41909193190804
1137,-5517.38505974066,-48.41909193190804
1138,-9652.894209322214,-1511.3785229053738
1139,-9652.894209322214,-1511.3785229053738
1140,-9652.894209322214,-1354.6980911559276
1141,-9652.894209322214,-1354.6980911559276
1142,-9652.894209322214,-2297.5539121367055
1143,-9652.894209322214,-2297.5539121367055
1144,-9652.894209322214,-1792.7050139205076
1145,-9652.894209322214,-1792.7050139205076
1146,3485.079736429895,-4302.37119652115
1147,3485.079736429895,-4302.37119652115
1148,3507.163951072722,-4872.231525224326
1149,3507.163951072722,-4872.231525224326
1150,9652.894209322214,-4151.2064911364505
1151,9652.894209322214,-4151.2064911364505
1152,630.0467195232504,-304.0907395250633
1153,630.0467195232504,-304.0907395250633
1154,9652.894209322214,-2838.7367360162207
1155,9652.894209322214,-2838.7367360162207
1156,-439.08610866994786,-2437.934051344486
1157,-439.08610866994786,-2437.934051344486
1158,-1968.097757233245,-2945.824957516261
1159,-1968.097757233245,-2945.824957516261
1160,-7974.813165817475,-1425.6861245030432
1161,-7974.813165817475,-1425.6861245030432
1162,-7978.23392514123,-2422.813037633312
1163,-7978.23392514123,-2422.813037633312
1164,-9652.894209322214,-2050.902646631499
1165,-9652.894209322214,-2050.902646631499
1166,-9652.894209322214,-3364.778171286578
1167,-9652.894209322214,-3364.778171286578
1168,-6495.870108789226,-3246.607497274088
1169,-6495.870108789226,-3246.607497274088
1170,129.15501517673692,-694.3742794577392
1171,129.15501517673692,-694.3742794577392
1172,3568.2420215799075,-1114.2533863300432
1173,3568.2420215799075,-1114.2533863300432
1174,6854.927219510835,-3234.4980429414736
1175,6854.927219510835,-3234.4980429414736
1176,4203.024225343481,-2670.3643532272927
1177,4203.024225343481,-2670.3643532272927
1178,3660.2226732066283,-4172.830011453701
1179,3660.2226732066283,-4172.830011453701
1180,2078.468479149985,-3289.5620577955815
1181,2078.468479149985,-3289.5620577955815
1182,-390.24019515996406,-585.5754538477831
1183,-390.24019515996406,-585.5754538477831
1184,-1980.0896136634965,-1046.5798878905061
1185,-1980.0896136634965,-1046.5798878905061
1186,-9652.894209322214,-2410.314358906342
1187,-9652.894209322214,-2410.314358906342
1188,-9652.894209322214,-2071.497450166189
1189,-9652.894209322214,-2071.497450166189
1190,-9652.894209322214,-3233.945549546839
1191,-9652.894209322214,-3233.945549546839
1192,-9652.894209322214,-1872.0075300285826
1193,-9652.894209322214,-1872.0075300285826
1194,5024.375044869761,-1714.6758151814556
1195,5024.375044869761,-1714.6758151814556
1196,6312.391196013477,-781.0947164120571
1197,6312.391196013477,-781.0947164120571
1198,8797.863892880816,-2240.376774919283
1199,8797.863892880816,-2240.376774919283
1200,5886.314141371502,-1944.4630455642728
1201,5886.314141371502,-1944.4630455642728
1202,3515.45317542305,-1891.4726094711095
1203,3515.45317542305,-1891.4726094711095
1204,331.4132359483956,-310.49410043112766
1205,331.4132359483956,-310.49410043112766
1206,2128.720069382254,-1290.1677948149463
1207,2128.720069382254,-1290.1677948149463
1208,4273.64954241917,-2051.247479634005
1209,4273.64954241917,-2051.247479634005
1210,-9652.894209322214,-660.8145872816567
1211,-9652.894209322214,-660.8145872816567
1212,-9652.894209322214,-2530.2869455075324
1213,-9652.894209322214,-2530.2869455075324
1214,-9652.894209322214,-3267.0459716167697
1215,-9652.894209322214,-3267.0459716167697
1216,-9652.894209322214,-2062.132470255159
1217,-9652.894209322214,-2062.132470255159
1218,4714.466196029165,-1275.024344271198
1219,4714.466196029165,-1275.024344271198
1220,9652.894209322214,-239.29821213499054
1221,9652.894209322214,-239.29821213499054
1222,9652.894209322214,-1250.7308958474787
1223,9652.894209322214,-1250.7308958474787
1224,9652.894209322214,-3961.7770518278594
1225,9652.894209322214,-3961.7770518278594
1226,9652.894209322214,-4299.71343009022
1227,9652.894209322214,-4299.71343009022
1228,9652.894209322214,-4276.645862090796
1229,9652.894209322214,-4276.645862090796
1230,4251.284037314377,-3505.8380524290496
1231,4251.284037314377,-3505.8380524290496
1232,870.4749874341014,-240.41623102637277
1233,870.4749874341014,-240.41623102637277
1234,-2371.276872600163,249.1832677535367
1235,-2371.276872600163,249.1832677535367
1236,-9652.894209322214,-1851.363305981753
1237,-9652.894209322214,-1851.363305981753
1238,-9652.894209322214,-712.8718500108735
1239,-9652.894209322214,-712.8718500108735
1240,-9652.894209322214,-32.91150213927358
1241,-9652.894209322214,-32.91150213927358
1242,9638.92791498097,-3563.1575847159347
1243,9638.92791498097,-3563.1575847159347
1244,3181.3657797866363,-1603.6539814351963
1245,3181.3657797866363,-1603.6539814351963
1246,9652.894209322214,-3529.783098988939
1247,9652.894209322214,-3529.783098988939
1248,9652.894209322214,-3807.42314193279
1249,9652.894209322214,-3807.42314193279
1250,9652.894209322214,-4131.703576945243
1251,9652.894209322214,-4131.703576945243
1252,9652.894209322214,-4023.8839451753065
1253,9652.894209322214,-4023.8839451753065
1254,9652.894209322214,-2270.392635533026
1255,9652.894209322214,-2270.392635533026
1256,-4165.287083485611,-231.95997840694326
1257,-4165.287083485611,-231.95997840694326
1258,-9652.894209322214,-9257.444302029598
1259,-9652.894209322214,-9257.444302029598
1260,-9652.894209322214,-9573.466024371617
1261,-9652.894209322214,-9573.466024371617
1262,-9652.894209322214,-9357.755071487547
1263,-9652.894209322214,-9357.755071487547
1264,-9652.894209322214,-935.8539429813754
1265,-9652.894209322214,-935.8539429813754
1266,8224.203165777057,-4400.429826911226
1267,8224.203165777057,-4400.429826911226
1268,9652.894209322214,-3566.355300780666
1269,9652.894209322214,-3566.355300780666
1270,9652.894209322214,-3980.528167477243
1271,9652.894209322214,-3980.528167477243
1272,9652.894209322214,-4229.5909731044285
1273,9652.894209322214,-4229.5909731044285
1274,9652.894209322214,-5326.586301027422
1275,9652.894209322214,-5326.586301027422
1276,9652.894209322214,-5647.312194874801
1277,9652.894209322214,-5647.312194874801
1278,9652.894209322214,-4822.0198924221
1279,9652.894209322214,-4822.0198924221
1280,3750.2563545379317,-3766.1071857709885
1281,3750.2563545379317,-3766.1071857709885
1282,-9027.408685658105,-1397.5914344422727
1283,-9027.408685658105,-1397.5914344422727
1284,-9652.894209322214,-8534.576815208711
1285,-9652.894209322214,-8534.576815208711
1286,-9652.894209322214,-6257.68165776014
1287,-9652.894209322214,-6257.68165776014
1288,3290.8193276281736,-4555.6061523198605
1289,3290.8193276281736,-4555.6061523198605
1290,9652.894209322214,-4722.526228145081
1291,9652.894209322214,-4722.526228145081
1292,9652.894209322214,-2988.313569101232
1293,9652.894209322214,-2988.313569101232
1294,9652.894209322214,-1312.8871590932413
1295,9652.894209322214,-1312.8871590932413
1296,9652.894209322214,-2037.6268341263221
1297,9652.894209322214,-2037.6268341263221
1298,9652.894209322214,-1832.6543987628884
1299,9652.894209322214,-1832.6543987628884
1300,9652.894209322214,-1883.3070546699855
1301,9652.894209322214,-1883.3070546699855
1302,9652.894209322214,-4256.91683778048
1303,9652.894209322214,-4256.91683778048
1304,9429.1822232734,-4433.042731386622
1305,9429.1822232734,-4433.042731386622
1306,9652.894209322214,-10784.87653614688
1307,9652.894209322214,-10784.87653614688
1308,8281.330535647789,-10809.265533091555
1309,8281.330535647789,-10809.265533091555
1310,-9652.894209322214,-2681.4095095756147
1311,-9652.894209322214,-2681.4095095756147
1312,8891.771777122514,-4816.53177456407
1313,8891.771777122514,-4816.53177456407
1314,9652.894209322214,-3225.6510721298855
1315,9652.894209322214,-3225.6510721298855
1316,9652.894209322214,-2589.0699159335945
1317,9652.894209322214,-2589.0699159335945
1318,9652.894209322214,-2161.9208410161464
1319,9652.894209322214,-2161.9208410161464
1320,9652.894209322214,-2302.71091082119
1321,9652.894209322214,-2302.71091082119
1322,9652.894209322214,-5235.060008841598
1323,9652.894209322214,-5235.060008841598
1324,9652.894209322214,-5247.338371107426
1325,9652.894209322214,-5247.338371107426
1326,9652.894209322214,-4520.324261254911
1327,9652.894209322214,-4520.324261254911
1328,-1088.603241934954,-4061.4608939519185
1329,-1088.603241934954,-4061.4608939519185
1330,-9652.894209322214,-10934.467270219806
1331,-9652.894209322214,-10934.467270219806
1332,-9652.894209322214,-10956.257130161404
1333,-9652.894209322214,-10956.257130161404
1334,-9652.894209322214,-10992.735963568632
1335,-9652.894209322214,-10992.735963568632
1336,-90.14850758921602,-4858.456334242646
1337,-90.14850758921602,-4858.456334242646
1338,9652.894209322214,-5498.809726407071
1339,9652.894209322214,-5498.809726407071
1340,9652.894209322214,-6069.313575985741
1341,9652.894209322214,-6069.313575985741
1342,9652.894209322214,-2518.8213046290093
1343,9652.894209322214,-2518.8213046290093
1344,9652.894209322214,-4210.091955632421
1345,9652.894209322214,-4210.091955632421
1346,9652.894209322214,-4519.971124606291
1347,9652.894209322214,-4519.971124606291
1348,6202.303530392683,-4244.868404743802
1349,6202.303530392683,-4244.868404743802
1350,4882.022965171556,-3761.868434302347
1351,4882.022965171556,-3761.868434302347
1352,-9652.894209322214,-180.6438506472714
1353,-9652.894209322214,-180.6438506472714
1354,-9652.894209322214,-4327.45649564956
1355,-9652.894209322214,-4327.45649564956
1356,-9652.894209322214,-11130.984368121331
1357,-9652.894209322214,-11130.984368121331
1358,-9652.894209322214,-7464.476353233211
1359,-9652.894209322214,-7464.476353233211
1360,-9652.894209322214,-3791.440697533504
1361,-9652.894209322214,-3791.440697533504
1362,9652.894209322214,-5057.659434388463
1363,9652.894209322214,-5057.659434388463
1364,9652.894209322214,-3125.8819999551306
1365,9652.894209322214,-3125.8819999551306
1366,9652.894209322214,-2412.2071028792707
1367,9652.894209322214,-2412.2071028792707
1368,9652.894209322214,-1519.2297929969736
1369,9652.894209322214,-1519.2297929969736
1370,9652.894209322214,-4247.4308377224315
1371,9652.894209322214,-4247.4308377224315
1372,9652.894209322214,-4529.882153661809
1373,9652.894209322214,-4529.882153661809
1374,9652.894209322214,-3930.482641791441
1375,9652.894209322214,-3930.482641791441
1376,-264.97649871908834,-1564.2178053110056
1377,-264.97649871908834,-1564.2178053110056
1378,-9652.894209322214,120.39163949987051
1379,-9652.894209322214,120.39163949987051
1380,-9652.894209322214,-2083.6781682796573
1381,-9652.894209322214,-2083.6781682796573
1382,-9652.894209322214,-1744.7318722301716
1383,-9652.894209322214,-1744.7318722301716
1384,-6623.753056894857,-1948.8074920670442
1385,-6623.753056894857,-1948.8074920670442
1386,4925.4363651618605,-3136.522307821515
1387,4925.4363651618605,-3136.522307821515
1388,9652.894209322214,-2361.0969329663076
1389,9652.894209322214,-2361.0969329663076
1390,9652.894209322214,-4483.848498244897
1391,9652.894209322214,-4483.848498244897
1392,9652.894209322214,-3752.4832496194576
1393,9652.894209322214,-3752.4832496194576
1394,9652.894209322214,-3965.771563768054
1395,9652.894209322214,-3965.771563768054
1396,8490.973844305427,-4392.842726082827
1397,8490.973844305427,-4392.842726082827
1398,8803.691462474471,-3505.22223145317
1399,8803.691462474471,-3505.22223145317
1400,7785.706335391056,-3049.534866772494
1401,7785.706335391056,-3049.534866772494
1402,-2001.4907914748928,-1748.815616211301
1403,-2001.4907914748928,-1748.815616211301
1404,-9652.894209322214,-986.9494084741455
1405,-9652.894209322214,-986.9494084741455
1406,-9652.894209322214,-2320.9645393388128
1407,-9652.894209322214,-2320.9645393388128
1408,-8464.473487945004,-2383.9148136177664
1409,-8464.473487945004,-2383.9148136177664
1410,9652.894209322214,-4732.291470401371
1411,9652.894209322214,-4732.291470401371
1412,9652.894209322214,-6144.772897926183
1413,9652.894209322214,-6144.772897926183
1414,9652.894209322214,-5101.960369315884
1415,9652.894209322214,-5101.960369315884
1416,9652.894209322214,-3727.0609383551036
1417,9652.894209322214,-3727.0609383551036
1418,7597.86382310037,-4298.937769872982
1419,7597.86382310037,-4298.937769872982
1420,6174.030527426284,-3797.7825402097023
1421,6174.030527426284,-3797.7825402097023
1422,5410.002012809396,-2463.9287295332597
1423,5410.002012809396,-2463.9287295332597
1424,5747.083544727937,-1878.5346072999146
1425,5747.083544727937,-1878.5346072999146
1426,-9652.894209322214,491.50659616970734
1427,-9652.894209322214,491.50659616970734
1428,-9652.894209322214,-3359.2612918411833
1429,-9652.894209322214,-3359.2612918411833
1430,-9652.894209322214,66.91139448814647
1431,-9652.894209322214,66.91139448814647
1432,-3645.2096687961493,-3536.1643259042467
1433,-3645.2096687961493,-3536.1643259042467
1434,3908.1672068086446,558.0815701617648
1435,3908.1672068086446,558.0815701617648
1436,9652.894209322214,-5058.644248258939
1437,9652.894209322214,-5058.644248258939
1438,8714.453660219198,-5287.740848849198
1439,8714.453660219198,-5287.740848849198
1440,9652.894209322214,-4786.356073865147
1441,9652.894209322214,-4786.356073865147
1442,9652.894209322214,-1522.105400976856
1443,9652.894209322214,-1522.105400976856
1444,5093.6556850525285,-4361.438634454298
1445,5093.6556850525285,-4361.438634454298
1446,2766.425982240131,-1566.1844137641401
1447,2766.425982240131,-1566.1844137641401
1448,662.1509820875581,-2225.501048192604
1449,662.1509820875581,-2225.501048192604
1450,-9652.894209322214,69.6759778592841
1451,-9652.894209322214,69.6759778592841
1452,-9652.894209322214,-1928.5739104380154
1453,-9652.894209322214,-1928.5739104380154
1454,-9652.894209322214,-2842.8969569749897
1455,-9652.894209322214,-2842.8969569749897
1456,-2678.715484880184,-2137.2775974969936
1457,-2678.715484880184,-2137.2775974969936
1458,9652.894209322214,-2235.783991510716
1459,9652.894209322214,-2235.783991510716
1460,9652.894209322214,-1021.6241036482952
1461,9652.894209322214,-1021.6241036482952
1462,9652.894209322214,-2933.169160266172
1463,9652.894209322214,-2933.169160266172
1464,9652.894209322214,-55.725003124223804
1465,9652.894209322214,-55.725003124223804
1466,9652.894209322214,-2296.3858391630674
1467,9652.894209322214,-2296.3858391630674
1468,8104.181846514996,-4538.838887885597
1469,8104.181846514996,-4538.838887885597
1470,4818.374520336775,-4239.823941212635
1471,4818.374520336775,-4239.823941212635
1472,-9652.894209322214,-2137.3592579303167
1473,-9652.894209322214,-2137.3592579303167
1474,-9652.894209322214,-2457.527340422981
1475,-9652.894209322214,-2457.527340422981
1476,-9652.894209322214,-1547.318491507578
1477,-9652.894209322214,-1547.318491507578
1478,-9652.894209322214,-2386.6686507802115
1479,-9652.894209322214,-2386.6686507802115
1480,-9652.894209322214,-2146.231324626784
1481,-9652.894209322214,-2146.231324626784
1482,3551.863099713183,-3903.787102488319
1483,3551.863099713183,-3903.787102488319
1484,8129.368248510633,-1980.8289035055896
1485,8129.368248510633,-1980.8289035055896
1486,9652.894209322214,-1805.0507896883955
1487,9652.894209322214,-1805.0507896883955
1488,9652.894209322214,-4327.1226410438085
1489,9652.894209322214,-4327.1226410438085
1490,8044.092876190842,-4448.433967918061
1491,8044.092876190842,-4448.433967918061
1492,6555.654693775323,-4419.3024135249325
1493,6555.654693775323,-4419.3024135249325
1494,5083.32697118115,-4062.6651470399083
1495,5083.32697118115,-4062.6651470399083
1496,6461.666585292236,-5395.38924009742
1497,6461.666585292236,-5395.38924009742
1498,-9652.894209322214,94.05737680281527
1499,-9652.894209322214,94.05737680281527
1500,-9652.894209322214,-904.3071286611284
1501,-9652.894209322214,-904.3071286611284
1502,-9652.894209322214,-1916.600110696163
1503,-9652.894209322214,-1916.600110696163
1504,-9652.894209322214,-2570.3529261391996
1505,-9652.894209322214,-2570.3529261391996
1506,-1581.1981249097935,-883.6722186041279
1507,-1581.1981249097935,-883.6722186041279
1508,5006.771742660957,-1877.881168960599
1509,5006.771742660957,-1877.881168960599
1510,7270.829974881594,-1610.9450951132076
1511,7270.829974881594,-1610.9450951132076
1512,8318.973661572845,-4132.15746962668
1513,8318.973661572845,-4132.15746962668
1514,6295.041331102223,-3890.3981079719288
1515,6295.041331102223,-3890.3981079719288
1516,3492.50965780576,-3832.901513220433
1517,3492.50965780576,-3832.901513220433
1518,2596.2496389186135,-3153.6972393245214
1519,2596.2496389186135,-3153.6972393245214
1520,-8852.130361364714,-516.7290459500364
1521,-8852.130361364714,-516.7290459500364
1522,-9652.894209322214,603.1956371509041
1523,-9652.894209322214,603.1956371509041
1524,-9652.894209322214,-2243.2155778630167
1525,-9652.894209322214,-2243.2155778630167
1526,-9652.894209322214,-3592.215207468347
1527,-9652.894209322214,-3592.215207468347
1528,-9251.305550671692,-3273.201991800732
1529,-9251.305550671692,-3273.201991800732
1530,8762.094257491048,-5134.205366988395
1531,8762.094257491048,-5134.205366988395
1532,9652.894209322214,-5119.662372496121
1533,9652.894209322214,-5119.662372496121
1534,9652.894209322214,-4278.874193905018
1535,9652.894209322214,-4278.874193905018
1536,8872.187032403082,-3368.3016239799854
1537,8872.187032403082,-3368.3016239799854
1538,7620.953583290808,-3007.2773319889548
1539,7620.953583290808,-3007.2773319889548
1540,6335.756513152282,-3121.582829885696
1541,6335.756513152282,-3121.582829885696
1542,7269.367099097358,-2737.9225006439938
1543,7269.367099097358,-2737.9225006439938
1544,-2581.1666070096817,10.073203221911172
1545,-2581.1666070096817,10.073203221911172
1546,23.289929868220497,-1613.4529724756449
1547,23.289929868220497,-1613.4529724756449
1548,-7554.248843327092,-1600.9322308844621
1549,-7554.248843327092,-1600.9322308844621
1550,-8752.851176248005,-3060.0018049485243
1551,-8752.851176248005,-3060.0018049485243
1552,-8518.702586373864,-2113.8702146090272
1553,-8518.702586373864,-2113.8702146090272
1554,9017.101438143827,-5130.227733170841
1555,9017.101438143827,-5130.227733170841
1556,9652.894209322214,-5255.203424086225
1557,9652.894209322214,-5255.203424086225
1558,9652.894209322214,-4254.287994219054
1559,9652.894209322214,-4254.287994219054
1560,9652.894209322214,-3185.853491464317
1561,9652.894209322214,-3185.853491464317
1562,8883.370949634264,-2986.814352166486
1563,8883.370949634264,-2986.814352166486
1564,7854.403662196639,-3517.5573395098418
1565,7854.403662196639,-3517.5573395098418
1566,9652.894209322214,-3482.636602067925
1567,9652.894209322214,-3482.636602067925
1568,9652.894209322214,-3244.0333508220447
1569,9652.894209322214,-3244.0333508220447
1570,5138.256068695326,-2608.5968761194144
1571,5138.256068695326,-2608.5968761194144
1572,-4100.811704298332,-3338.5000651111295
1573,-4100.811704298332,-3338.5000651111295
1574,7093.376355821338,-4327.9301229255925
1575,7093.376355821338,-4327.9301229255925
1576,9652.894209322214,-3869.3510165623393
1577,9652.894209322214,-3869.3510165623393
1578,9652.894209322214,-2625.6749732740063
1579,9652.894209322214,-2625.6749732740063
1580,9652.894209322214,-2088.694827131829
1581,9652.894209322214,-2088.694827131829
1582,9652.894209322214,-1581.9811615683284
1583,9652.894209322214,-1581.9811615683284
1584,9652.894209322214,-1668.4499854890928
1585,9652.894209322214,-1668.4499854890928
1586,9652.894209322214,-3235.019509574502
1587,9652.894209322214,-3235.019509574502
1588,9652.894209322214,-3135.3759980353425
1589,9652.894209322214,-3135.3759980353425
1590,9652.894209322214,-2159.204103448279
1591,9652.894209322214,-2159.204103448279
1592,9652.894209322214,45.33373130793734
1593,9652.894209322214,45.33373130793734
1594,-767.3956987273668,-1365.685258835927
1595,-767.3956987273668,-1365.685258835927
1596,121.50905015241733,-1346.6174291987463
1597,121.50905015241733,-1346.6174291987463
1598,7197.817212798665,-2440.9361214811597
1599,7197.817212798665,-2440.9361214811597
1600,8806.541282436381,-5312.318892531101
1601,8806.541282436381,-5312.318892531101
1602,9652.894209322214,-4357.400061952905
1603,9652.894209322214,-4357.400061952905
1604,9652.894209322214,-4487.868320150223
1605,9652.894209322214,-4487.868320150223
1606,9652.894209322214,-3770.0334193629024
1607,9652.894209322214,-3770.0334193629024
1608,9652.894209322214,-1006.2787450405958
1609,9652.894209322214,-1006.2787450405958
1610,9652.894209322214,-766.5081553463497
1611,9652.894209322214,-766.5081553463497
1612,9652.894209322214,-2275.27783842574
1613,9652.894209322214,-2275.27783842574
1614,9652.894209322214,-1645.5304305255686
1615,9652.894209322214,-1645.5304305255686
1616,2711.7280274883315,-1227.027253190192
1617,2711.7280274883315,-1227.027253190192
1618,4753.647675031209,-2606.363485239426
1619,4753.647675031209,-2606.363485239426
1620,-1445.7514772455925,-2600.0211000653617
1621,-1445.7514772455925,-2600.0211000653617
1622,3427.9370819191245,-4192.932756941213
1623,3427.9370819191245,-4192.932756941213
1624,2642.0274478913707,-3488.3361234438453
1625,2642.0274478913707,-3488.3361234438453
1626,9652.894209322214,-5551.477196059708
1627,9652.894209322214,-5551.477196059708
1628,9652.894209322214,-2584.9453872012236
1629,9652.894209322214,-2584.9453872012236
1630,9652.894209322214,-1501.8618161675222
1631,9652.894209322214,-1501.8618161675222
1632,9652.894209322214,-2270.376957532637
1633,9652.894209322214,-2270.376957532637
1634,9652.894209322214,-4211.423997451284
1635,9652.894209322214,-4211.423997451284
1636,9652.894209322214,-3811.327941958205
1637,9652.894209322214,-3811.327941958205
1638,9652.894209322214,-932.809847338618
1639,9652.894209322214,-932.809847338618
1640,-352.18891304340286,-2190.8130462973186
1641,-352.18891304340286,-2190.8130462973186
1642,-1930.2214166107515,-3769.8279053122824
1643,-1930.2214166107515,-3769.8279053122824
1644,-8155.67929553533,-2955.2989862879804
1645,-8155.67929553533,-2955.2989862879804
1646,-4999.642508816005,-2757.7759825489466
1647,-4999.642508816005,-2757.7759825489466
1648,-948.2325338129231,-3034.023123557925
1649,-948.2325338129231,-3034.023123557925
1650,9652.894209322214,-2286.8594719805114
1651,9652.894209322214,-2286.8594719805114
1652,9652.894209322214,-1105.9106080480233
1653,9652.894209322214,-1105.9106080480233
1654,9652.894209322214,-794.6966181081661
1655,9652.894209322214,-794.6966181081661
1656,9652.894209322214,-2329.023065079471
1657,9652.894209322214,-2329.023065079471
1658,9652.894209322214,-4947.457275632285
1659,9652.894209322214,-4947.457275632285
1660,9652.894209322214,-2141.4966950722173
1661,9652.894209322214,-2141.4966950722173
1662,9652.894209322214,-5263.428979041453
1663,9652.894209322214,-5263.428979041453
1664,-3081.4612241357718,-4259.7942480116235
1665,-3081.4612241357718,-4259.7942480116235
1666,-9652.894209322214,-4426.971264353606
1667,-9652.894209322214,-4426.971264353606
1668,-9652.894209322214,-4602.726285717879
1669,-9652.894209322214,-4602.726285717879
1670,-9652.894209322214,-3440.402550128825
1671,-9652.894209322214,-3440.402550128825
1672,-7569.68588835686,-3059.65707093711
1673,-7569.68588835686,-3059.65707093711
1674,8069.877469935465,-5858.75326200937
1675,8069.877469935465,-5858.75326200937
1676,9652.894209322214,-4605.590575891509
1677,9652.894209322214,-4605.590575891509
1678,9652.894209322214,-2966.7936899588385
1679,9652.894209322214,-2966.7936899588385
1680,7643.049846468523,-2182.3437726001957
1681,7643.049846468523,-2182.3437726001957
1682,8235.51527721258,-4791.557998528433
1683,8235.51527721258,-4791.557998528433
1684,4723.429664031499,-1808.9587857545066
1685,4723.429664031499,-1808.9587857545066
1686,5975.898101910008,-1477.3927040582494
1687,5975.898101910008,-1477.3927040582494
1688,-1198.6096596632724,-1431.08105196191
1689,-1198.6096596632724,-1431.08105196191
1690,-7886.44963164935,666.6248578218001
1691,-7886.44963164935,666.6248578218001
1692,-9652.894209322214,-1688.8006736326352
1693,-9652.894209322214,-1688.8006736326352
1694,-9652.894209322214,-2470.059699118641
1695,-9652.894209322214,-2470.059699118641
1696,-7015.699980725076,-1852.5631343058794
1697,-7015.699980725076,-1852.5631343058794
1698,8631.31834751348,-1547.3548635753232
1699,8631.31834751348,-1547.3548635753232
1700,9652.894209322214,-303.79967909685365
1701,9652.894209322214,-303.79967909685365
1702,9652.894209322214,-195.9357082125989
1703,9652.894209322214,-195.9357082125989
1704,9652.894209322214,-94.49044819473056
1705,9652.894209322214,-94.49044819473056
1706,8612.174810209282,-1870.689552795713
1707,8612.174810209282,-1870.689552795713
1708,9598.31406849738,-4916.293103529706
1709,9598.31406849738,-4916.293103529706
1710,7916.1596271885755,-3350.3383204034217
1711,7916.1596271885755,-3350.3383204034217
1712,5317.619450992548,-2138.4589741490945
1713,5317.619450992548,-2138.4589741490945
1714,-9652.894209322214,-2040.624157991242
1715,-9652.894209322214,-2040.624157991242
1716,-9652.894209322214,-1518.010703552054
1717,-9652.894209322214,-1518.010703552054
1718,-9652.894209322214,-2538.711439454506
1719,-9652.894209322214,-2538.711439454506
1720,-9652.894209322214,-2887.0525521216605
1721,-9652.894209322214,-2887.0525521216605
1722,4255.309298943267,-3742.6390537889147
1723,4255.309298943267,-3742.6390537889147
1724,9652.894209322214,-3488.083579084474
1725,9652.894209322214,-3488.083579084474
1726,8428.423305984434,-3088.122277624416
1727,8428.423305984434,-3088.122277624416
1728,9652.894209322214,-5804.174694123218
1729,9652.894209322214,-5804.174694123218
1730,9652.894209322214,-5563.318630313917
1731,9652.894209322214,-5563.318630313917
1732,7697.304896726393,-5436.036092721575
1733,7697.304896726393,-5436.036092721575
1734,6146.7016484099695,-4695.74344613603
1735,6146.7016484099695,-4695.74344613603
1736,6350.891267321018,-1324.6008728292763
1737,6350.891267321018,-1324.6008728292763
1738,9652.894209322214,-1069.6251061382573
1739,9652.894209322214,-1069.6251061382573
1740,-5422.152980048282,19.348125555796287
1741,-5422.152980048282,19.348125555796287
1742,-4612.423094783475,-985.8196534143572
1743,-4612.423094783475,-985.8196534143572
1744,-4977.520544616706,-1076.5544218750147
1745,-4977.520544616706,-1076.5544218750147
1746,3509.8558993947227,-1093.1099397326543
1747,3509.8558993947227,-1093.1099397326543
1748,8309.344146724354,-1696.9632094346834
1749,8309.344146724354,-1696.9632094346834
1750,4969.79448976771,-1253.9990529530514
1751,4969.79448976771,-1253.9990529530514
1752,1444.007037114683,-3358.7266285057685
1753,1444.007037114683,-3358.7266285057685
1754,-3254.6371634635234,-2931.9650125926364
1755,-3254.6371634635234,-2931.9650125926364
1756,-3282.3359238379126,-3618.4476507014024
1757,-3282.3359238379126,-3618.4476507014024
1758,-5849.649704748341,-2602.7567114916783
1759,-5849.649704748341,-2602.7567114916783
1760,-9652.894209322214,1405.9078542326624
1761,-9652.894209322214,1405.9078542326624
1762,-9652.894209322214,-3043.1664263701023
1763,-9652.894209322214,-3043.1664263701023
1764,-9652.894209322214,-9559.463255105868
1765,-9652.894209322214,-9559.463255105868
1766,-9652.894209322214,-6644.233865528429
1767,-9652.894209322214,-6644.233865528429
1768,-6903.303439550327,-1678.5718928774131
1769,-6903.303439550327,-1678.5718928774131
1770,9652.894209322214,-4011.4112231533654
1771,9652.894209322214,-4011.4112231533654
1772,9652.894209322214,-2581.9582606264084
1773,9652.894209322214,-2581.9582606264084
1774,9652.894209322214,-2469.844833744124
1775,9652.894209322214,-2469.844833744124
1776,9652.894209322214,-4488.3651701600575
1777,9652.894209322214,-4488.3651701600575
1778,9652.894209322214,-4552.500866923121
1779,9652.894209322214,-4552.500866923121
1780,9652.894209322214,-4581.73611720981
1781,9652.894209322214,-4581.73611720981
1782,9652.894209322214,-4790.0267444928995
1783,9652.894209322214,-4790.0267444928995
1784,9652.894209322214,-4803.850171695542
1785,9652.894209322214,-4803.850171695542
1786,-9652.894209322214,-1987.2408303357734
1787,-9652.894209322214,-1987.2408303357734
1788,-9652.894209322214,-4193.97524487233
1789,-9652.894209322214,-4193.97524487233
1790,-9652.894209322214,-2086.600689687617
1791,-9652.894209322214,-2086.600689687617
1792,9652.894209322214,-5152.980328336604
1793,9652.894209322214,-5152.980328336604
1794,9652.894209322214,-2723.512539155572
1795,9652.894209322214,-2723.512539155572
1796,9652.894209322214,-1999.6240006071075
1797,9652.894209322214,-1999.6240006071075
1798,9652.894209322214,-3321.11149821431
1799,9652.894209322214,-3321.11149821431
1800,9652.894209322214,-2204.867630590563
1801,9652.894209322214,-2204.867630590563
1802,9652.894209322214,-1942.1791462884812
1803,9652.894209322214,-1942.1791462884812
1804,9652.894209322214,-3740.7191958672356
1805,9652.894209322214,-3740.7191958672356
1806,9652.894209322214,-2662.3750868402185
1807,9652.894209322214,-2662.3750868402185
1808,-724.6215773234981,-785.795238001665
1809,-724.6215773234981,-785.795238001665
1810,-9652.894209322214,-6907.966337883699
1811,-9652.894209322214,-6907.966337883699
1812,-9652.894209322214,-981.539194153962
1813,-9652.894209322214,-981.539194153962
1814,-9652.894209322214,-6349.246616362844
1815,-9652.894209322214,-6349.246616362844
1816,-3148.8591180753283,-2945.2971902202826
1817,-3148.8591180753283,-2945.2971902202826
1818,5555.435151709928,-1282.1219317404884
1819,5555.435151709928,-1282.1219317404884
1820,9652.894209322214,-729.2719970499129
1821,9652.894209322214,-729.2719970499129
1822,9652.894209322214,336.81298740038073
1823,9652.894209322214,336.81298740038073
1824,5279.24337488906,1220.7660254603634
1825,5279.24337488906,1220.7660254603634
1826,2382.4068014599206,36.86444472682888
1827,2382.4068014599206,36.86444472682888
1828,78.87413061689949,-1375.0709144905304
1829,78.87413061689949,-1375.0709144905304
1830,-2498.0588998633357,-2026.5603570767144
1831,-2498.0588998633357,-2026.5603570767144
1832,-9652.894209322214,-7037.212218488824
1833,-9652.894209322214,-7037.212218488824
1834,-9652.894209322214,-11407.422852409412
1835,-9652.894209322214,-11407.422852409412
1836,-9652.894209322214,-11394.16755987664
1837,-9652.894209322214,-11394.16755987664
1838,-9652.894209322214,-11366.299013137186
1839,-9652.894209322214,-11366.299013137186
1840,-9446.061295568616,-2321.5360650529146
1841,-9446.061295568616,-2321.5360650529146
1842,9652.894209322214,-7180.651099741506
1843,9652.894209322214,-7180.651099741506
1844,9652.894209322214,-3191.5673698018436
1845,9652.894209322214,-3191.5673698018436
1846,9652.894209322214,-2657.6669259210685
1847,9652.894209322214,-2657.6669259210685
1848,9279.524043626403,-4170.25059409355
1849,9279.524043626403,-4170.25059409355
1850,6146.441533039506,-4984.926702085624
1851,6146.441533039506,-4984.926702085624
1852,1354.9638746451783,-4843.210070288305
1853,1354.9638746451783,-4843.210070288305
1854,4546.155704903713,-5310.380899804326
1855,4546.155704903713,-5310.380899804326
1856,384.71455375800724,-4995.679379562311
1857,384.71455375800724,-4995.679379562311
1858,-9652.894209322214,-2326.1901139820056
1859,-9652.894209322214,-2326.1901139820056
1860,-9652.894209322214,-4116.594151335317
1861,-9652.894209322214,-4116.594151335317
1862,-4706.3896759775835,-2630.652635844599
1863,-4706.3896759775835,-2630.652635844599
1864,-1395.5672761396709,-2768.7262822574703
1865,-1395.5672761396709,-2768.7262822574703
1866,9652.894209322214,-2307.981785054726
1867,9652.894209322214,-2307.981785054726
1868,9652.894209322214,-1316.463613268721
1869,9652.894209322214,-1316.463613268721
1870,9652.894209322214,449.16789063048964
1871,9652.894209322214,449.16789063048964
1872,9652.894209322214,-3345.3112020794033
1873,9652.894209322214,-3345.3112020794033
1874,9652.894209322214,-3299.136969094403
1875,9652.894209322214,-3299.136969094403
1876,9652.894209322214,-3367.9805884800044
1877,9652.894209322214,-3367.9805884800044
1878,9652.894209322214,-3885.6845004694733
1879,9652.894209322214,-3885.6845004694733
1880,9652.894209322214,-1681.0821923236708
1881,9652.894209322214,-1681.0821923236708
1882,-5319.4532560139,-2054.201557876915
1883,-5319.4532560139,-2054.201557876915
1884,-9652.894209322214,-1737.0299709665069
1885,-9652.894209322214,-1737.0299709665069
1886,2011.7480206257997,-3168.6219627120427
1887,2011.7480206257997,-3168.6219627120427
1888,2904.501805495147,-2978.5755190231193
1889,2904.501805495147,-2978.5755190231193
1890,9652.894209322214,-2079.8914712180667
1891,9652.894209322214,-2079.8914712180667
1892,9652.894209322214,-1468.7119144748958
1893,9652.894209322214,-1468.7119144748958
1894,9652.894209322214,-3252.307268866105
1895,9652.894209322214,-3252.307268866105
1896,9652.894209322214,343.6881735349252
1897,9652.894209322214,343.6881735349252
1898,9449.083491763551,-1834.9371111680302
1899,9449.083491763551,-1834.9371111680302
1900,8281.244373273566,-1549.3031418836272
1901,8281.244373273566,-1549.3031418836272
1902,9436.988848568508,-1526.109484659064
1903,9436.988848568508,-1526.109484659064
1904,-42.1867585170985,-276.6525120591996
1905,-42.1867585170985,-276.6525120591996
1906,-7981.3091522641225,-928.3130459442127
1907,-7981.3091522641225,-928.3130459442127
1908,-9652.894209322214,-665.7031216547057
1909,-9652.894209322214,-665.7031216547057
1910,-7188.328927687107,-2324.102532879444
1911,-7188.328927687107,-2324.102532879444
1912,-3247.739018729786,-2149.9368512981437
1913,-3247.739018729786,-2149.9368512981437
1914,9652.894209322214,-4836.612287085103
1915,9652.894209322214,-4836.612287085103
1916,9652.894209322214,-1582.9485593448026
1917,9652.894209322214,-1582.9485593448026
1918,9652.894209322214,-3443.950628443563
1919,9652.894209322214,-3443.950628443563
1920,9652.894209322214,-2642.1498385089744
1921,9652.894209322214,-2642.1498385089744
1922,9652.894209322214,105.48411174192734
1923,9652.894209322214,105.48411174192734
1924,9652.894209322214,-1449.1495974957415
1925,9652.894209322214,-1449.1495974957415
1926,9652.894209322214,-2136.784299374218
1927,9652.894209322214,-2136.784299374218
1928,9652.894209322214,-665.0138967751482
1929,9652.894209322214,-665.0138967751482
1930,-539.1581087064787,-1265.51297809666
1931,-539.1581087064787,-1265.51297809666
1932,-9652.894209322214,-564.1803885957106
1933,-9652.894209322214,-564.1803885957106
1934,-9309.092659695769,-1476.1909270403885
1935,-9309.092659695769,-1476.1909270403885
1936,-3376.250453162762,-1235.852611077602
1937,-3376.250453162762,-1235.852611077602
1938,6744.7293017579195,-921.7394719381791
1939,6744.7293017579195,-921.7394719381791
1940,9652.894209322214,330.32452528921567
1941,9652.894209322214,330.32452528921567
1942,9652.894209322214,-1085.0237328959865
1943,9652.894209322214,-1085.0237328959865
1944,9652.894209322214,26.51920377730312
1945,9652.894209322214,26.51920377730312
1946,9652.894209322214,-1019.5988023765367
1947,9652.894209322214,-1019.5988023765367
1948,5936.009056975004,-1180.2946485323682
1949,5936.009056975004,-1180.2946485323682
1950,9652.894209322214,-1402.4640227511936
1951,9652.894209322214,-1402.4640227511936
1952,1945.4392852060428,-1687.8758051983914
1953,1945.4392852060428,-1687.8758051983914
1954,-4496.318136587981,-2684.5448384954707
1955,-4496.318136587981,-2684.5448384954707
1956,-9652.894209322214,-1973.1509456616186
1957,-9652.894209322214,-1973.1509456616186
1958,-9652.894209322214,-2992.5280780766025
1959,-9652.894209322214,-2992.5280780766025
1960,-4551.938427249743,-2504.131641593516
1961,-4551.938427249743,-2504.131641593516
1962,9652.894209322214,-4282.435972416386
1963,9652.894209322214,-4282.435972416386
1964,9652.894209322214,-1428.3340805353891
1965,9652.894209322214,-1428.3340805353891
1966,9652.894209322214,-1012.6075041591448
1967,9652.894209322214,-1012.6075041591448
1968,9652.894209322214,-3712.2517888462226
1969,9652.894209322214,-3712.2517888462226
1970,9652.894209322214,-3659.2989555374425
1971,9652.894209322214,-3659.2989555374425
1972,9652.894209322214,-2213.9973761391266
1973,9652.894209322214,-2213.9973761391266
1974,9652.894209322214,-4272.341002463474
1975,9652.894209322214,-4272.341002463474
1976,4955.756749615435,-3609.3654630831534
1977,4955.756749615435,-3609.3654630831534
1978,-9652.894209322214,-3090.6743945378657
1979,-9652.894209322214,-3090.6743945378657
1980,-9652.894209322214,-11305.574429448954
1981,-9652.894209322214,-11305.574429448954
1982,-9652.894209322214,-11388.77231440315
1983,-9652.894209322214,-11388.77231440315
1984,139.1853196390366,-4182.407538540045
1985,139.1853196390366,-4182.407538540045
1986,6212.883525870744,-4898.589751833504
1987,6212.883525870744,-4898.589751833504
1988,9652.894209322214,-2799.480990645421
1989,9652.894209322214,-2799.480990645421
1990,9652.894209322214,-3359.450855337156
1991,9652.894209322214,-3359.450855337156
1992,9652.894209322214,-2830.1022382485226
1993,9652.894209322214,-2830.1022382485226
1994,7483.386004093525,-2727.7547147436107
1995,7483.386004093525,-2727.7547147436107
1996,5716.328190484694,-2785.824051275782
1997,5716.328190484694,-2785.824051275782
1998,4972.297590421113,-3264.7211009394687
1999,4972.297590421113,-3264.7211009394687
2000,-9652.894209322214,-792.7295575202152
2001,-9652.894209322214,-792.7295575202152
2002,-9652.894209322214,-3735.010281800187
2003,-9652.894209322214,-3735.010281800187
2004,-9652.894209322214,-8368.195437179882
2005,-9652.894209322214,-8368.195437179882
2006,-9652.894209322214,-4483.80303627978
2007,-9652.894209322214,-4483.80303627978
2008,-9652.894209322214,-3574.130122846718
2009,-9652.894209322214,-3574.130122846718
2010,8159.840987542293,-5588.875145967535
2011,8159.840987542293,-5588.875145967535
2012,9652.894209322214,-4090.8567842611355
2013,9652.894209322214,-4090.8567842611355
2014,9652.894209322214,-2927.45023902665
2015,9652.894209322214,-2927.45023902665
2016,9652.894209322214,-2680.738498799825
2017,9652.894209322214,-2680.738498799825
2018,9652.894209322214,-3002.5176936503794
2019,9652.894209322214,-3002.5176936503794
2020,8260.278678487151,-3118.8707172003633
2021,8260.278678487151,-3118.8707172003633
2022,9652.894209322214,-2881.0077633797973
2023,9652.894209322214,-2881.0077633797973
2024,9652.894209322214,-5874.488756810717
2025,9652.894209322214,-5874.488756810717
2026,-1885.1695552730635,-3460.0674022688054
2027,-1885.1695552730635,-3460.0674022688054
2028,-8592.205241897442,-3090.921625710527
2029,-8592.205241897442,-3090.921625710527
2030,-3475.14769397071,-4677.196889504858
2031,-3475.14769397071,-4677.196889504858
2032,1175.2417894352438,-4325.229172937941
2033,1175.2417894352438,-4325.229172937941
2034,9652.894209322214,-6097.8505151774425
2035,9652.894209322214,-6097.8505151774425
2036,9652.894209322214,-2103.9138834085206
2037,9652.894209322214,-2103.9138834085206
2038,9652.894209322214,-1661.9412799212914
2039,9652.894209322214,-1661.9412799212914
2040,9652.894209322214,-1473.871865186362
2041,9652.894209322214,-1473.871865186362
2042,9652.894209322214,-3994.1064604414514
2043,9652.894209322214,-3994.1064604414514
2044,9652.894209322214,-3506.6690867574343
2045,9652.894209322214,-3506.6690867574343
2046,9652.894209322214,-3982.615969720886
2047,9652.894209322214,-3982.615969720886
2048,-675.1117905435076,-2362.5829862382434
2049,-675.1117905435076,-2362.5829862382434
2050,-9652.894209322214,-3210.127781670735
2051,-9652.894209322214,-3210.127781670735
2052,-9652.894209322214,-2645.43403031647
2053,-9652.894209322214,-2645.43403031647
2054,-9652.894209322214,-4237.049236369445
2055,-9652.894209322214,-4237.049236369445
2056,2331.4364521538564,-3740.2276559251095
2057,2331.4364521538564,-3740.2276559251095
2058,9652.894209322214,-5612.424024757993
2059,9652.894209322214,-5612.424024757993
2060,9652.894209322214,-2000.1419074243677
2061,9652.894209322214,-2000.1419074243677
2062,9652.894209322214,-1807.4955202634883
2063,9652.894209322214,-1807.4955202634883
2064,9652.894209322214,-4305.552474888706
2065,9652.894209322214,-4305.552474888706
2066,9652.894209322214,-1464.1786602090888
2067,9652.894209322214,-1464.1786602090888
2068,9652.894209322214,257.40526765545656
2069,9652.894209322214,257.40526765545656
2070,9652.894209322214,1005.589590503112
2071,9652.894209322214,1005.589590503112
2072,4689.064546952669,-1530.3205654794565
2073,4689.064546952669,-1530.3205654794565
2074,745.4213430683558,-1886.0789807439887
2075,745.4213430683558,-1886.0789807439887
2076,-5344.935452631118,-1158.9056835909741
2077,-5344.935452631118,-1158.9056835909741
2078,2405.700764938566,-2376.2726313352596
2079,2405.700764938566,-2376.2726313352596
2080,6606.096625908196,-2074.4940477735745
2081,6606.096625908196,-2074.4940477735745
2082,9652.894209322214,-3827.418263504509
2083,9652.894209322214,-3827.418263504509
2084,9652.894209322214,306.5981749265593
2085,9652.894209322214,306.5981749265593
2086,9652.894209322214,-866.9789319005686
2087,9652.894209322214,-866.9789319005686
2088,9652.894209322214,-83.4622368272394
2089,9652.894209322214,-83.4622368272394
2090,9652.894209322214,-2506.0544996112912
2091,9652.894209322214,-2506.0544996112912
2092,9652.894209322214,398.56371652493726
2093,9652.894209322214,398.56371652493726
2094,9652.894209322214,135.43893317840593
2095,9652.894209322214,135.43893317840593
2096,9652.894209322214,-3175.922193755754
2097,9652.894209322214,-3175.922193755754
2098,1422.4079371939915,-1422.5972218875668
2099,1422.4079371939915,-1422.5972218875668
2100,-9652.894209322214,-811.9259708694117
2101,-9652.894209322214,-811.9259708694117
2102,441.91137384818103,-1974.3326111393562
2103,441.91137384818103,-1974.3326111393562
2104,9652.894209322214,-4749.509587968096
2105,9652.894209322214,-4749.509587968096
2106,9652.894209322214,-4264.0051215110325
2107,9652.894209322214,-4264.0051215110325
2108,9652.894209322214,-1560.128596962486
2109,9652.894209322214,-1560.128596962486
2110,9652.894209322214,637.0249411474742
2111,9652.894209322214,637.0249411474742
2112,9652.894209322214,-1640.9723046761646
2113,9652.894209322214,-1640.9723046761646
2114,9652.894209322214,-2706.101929281691
2115,9652.894209322214,-2706.101929281691
2116,6517.777035776467,-2418.6253773968147
2117,6517.777035776467,-2418.6253773968147
2118,7894.5675505970285,-3538.611722093796
2119,7894.5675505970285,-3538.611722093796
2120,6887.399258706555,-3966.214914503609
2121,6887.399258706555,-3966.214914503609
2122,-6616.4366368263545,-1621.29092552369
2123,-6616.4366368263545,-1621.29092552369
2124,-9652.894209322214,-1882.5714496107448
2125,-9652.894209322214,-1882.5714496107448
2126,-3300.1486423376864,-3907.91791879865
2127,-3300.1486423376864,-3907.91791879865
2128,5439.287476540743,-7379.611221836445
2129,5439.287476540743,-7379.611221836445
2130,9652.894209322214,-6520.646447506602
2131,9652.894209322214,-6520.646447506602
2132,9652.894209322214,-5688.88410366754
2133,9652.894209322214,-5688.88410366754
2134,9652.894209322214,-4927.387000001936
2135,9652.894209322214,-4927.387000001936
2136,9652.894209322214,-1415.6369770894034
2137,9652.894209322214,-1415.6369770894034
2138,9652.894209322214,-1169.1912081458831
2139,9652.894209322214,-1169.1912081458831
2140,9652.894209322214,-1451.536104320894
2141,9652.894209322214,-1451.536104320894
2142,9652.894209322214,-2266.561195917153
2143,9652.894209322214,-2266.561195917153
2144,9652.894209322214,-6044.90579336916
2145,9652.894209322214,-6044.90579336916
2146,-2759.406898792822,-3965.575727998934
2147,-2759.406898792822,-3965.575727998934
2148,-5684.278302234719,-3726.121672172745
2149,-5684.278302234719,-3726.121672172745
2150,2227.7817522475607,-5735.008366886728
2151,2227.7817522475607,-5735.008366886728
2152,9652.894209322214,-8177.064494087319
2153,9652.894209322214,-8177.064494087319
2154,8428.388458219211,-6571.768489538198
2155,8428.388458219211,-6571.768489538198
2156,9652.894209322214,-3495.266187129284
2157,9652.894209322214,-3495.266187129284
2158,9652.894209322214,-5519.055204985458
2159,9652.894209322214,-5519.055204985458
2160,9652.894209322214,-2631.0861610214542
2161,9652.894209322214,-2631.0861610214542
2162,9652.894209322214,-2373.441758346813
2163,9652.894209322214,-2373.441758346813
2164,9652.894209322214,-4848.446293657182
2165,9652.894209322214,-4848.446293657182
2166,9652.894209322214,-4906.096450427545
2167,9652.894209322214,-4906.096450427545
2168,9652.894209322214,-6329.426453777453
2169,9652.894209322214,-6329.426453777453
2170,-5260.3521505648605,-3121.750656201777
2171,-5260.3521505648605,-3121.750656201777
2172,-9652.894209322214,-1097.6986251341132
2173,-9652.894209322214,-1097.6986251341132
2174,-3976.0336873183587,-1695.658881301073
2175,-3976.0336873183587,-1695.658881301073
2176,608.1287633014617,-4574.81260814585
2177,608.1287633014617,-4574.81260814585
2178,9652.894209322214,-2971.8744776088715
2179,9652.894209322214,-2971.8744776088715
2180,9652.894209322214,-2854.7936427819604
2181,9652.894209322214,-2854.7936427819604
2182,9652.894209322214,-1258.3121239030643
2183,9652.894209322214,-1258.3121239030643
2184,9652.894209322214,-1629.3891742205324
2185,9652.894209322214,-1629.3891742205324
2186,9652.894209322214,-4696.503729560185
2187,9652.894209322214,-4696.503729560185
2188,7627.3475914663495,-4850.043486996687
2189,7627.3475914663495,-4850.043486996687
2190,7699.461273859978,-4489.606218649975
2191,7699.461273859978,-4489.606218649975
2192,1880.1020789211698,-1986.2550387837964
2193,1880.1020789211698,-1986.2550387837964
2194,-4787.388330154239,-2668.109370183656
2195,-4787.388330154239,-2668.109370183656
2196,-9652.894209322214,-2309.0559637697315
2197,-9652.894209322214,-2309.0559637697315
2198,-4726.078052925826,-3548.542813527154
2199,-4726.078052925826,-3548.542813527154
2200,864.4301729576873,-3254.4866634184527
2201,864.4301729576873,-3254.4866634184527
2202,8941.308383232728,-5184.560020450719
2203,8941.308383232728,-5184.560020450719
2204,9652.894209322214,-727.5383798616076
2205,9652.894209322214,-727.5383798616076
2206,9652.894209322214,-277.47612520989424
2207,9652.894209322214,-277.47612520989424
2208,9652.894209322214,-2595.342157596806
2209,9652.894209322214,-2595.342157596806
2210,9652.894209322214,-4450.528257939275
2211,9652.894209322214,-4450.528257939275
2212,8641.49113104375,-4393.486506329149
2213,8641.49113104375,-4393.486506329149
2214,8969.107647885457,-4471.033986201723
2215,8969.107647885457,-4471.033986201723
2216,4987.117504573702,-1856.3908657482552
2217,4987.117504573702,-1856.3908657482552
2218,-9652.894209322214,-2005.3420719736605
2219,-9652.894209322214,-2005.3420719736605
2220,-9652.894209322214,-1211.7942446062352
2221,-9652.894209322214,-1211.7942446062352
2222,-9652.894209322214,-2445.5871718839317
2223,-9652.894209322214,-2445.5871718839317
2224,-9652.894209322214,-1885.4791415700001
2225,-9652.894209322214,-1885.4791415700001
2226,4387.388134186932,-432.58221019207485
2227,4387.388134186932,-432.58221019207485
2228,5776.62214425082,-1009.9974116567519
2229,5776.62214425082,-1009.9974116567519
2230,9652.894209322214,-996.3173842484466
2231,9652.894209322214,-996.3173842484466
2232,9652.894209322214,-3175.1150297441054
2233,9652.894209322214,-3175.1150297441054
2234,8739.282918813315,-4992.274126775306
2235,8739.282918813315,-4992.274126775306
2236,2688.9201878569766,-32.35637730977396
2237,2688.9201878569766,-32.35637730977396
2238,4370.4056635777815,378.07400288197096
2239,4370.4056635777815,378.07400288197096
2240,9652.894209322214,-3166.7865184397633
2241,9652.894209322214,-3166.7865184397633
2242,-2228.4409293337376,-1305.7718400709418
2243,-2228.4409293337376,-1305.7718400709418
2244,-9652.894209322214,-2270.664478952167
2245,-9652.894209322214,-2270.664478952167
2246,-7958.195768628142,-2491.4990969758273
2247,-7958.195768628142,-2491.4990969758273
2248,-2492.4991904643502,-2163.2437628128228
2249,-2492.4991904643502,-2163.2437628128228
2250,9652.894209322214,-1557.700394294623
2251,9652.894209322214,-1557.700394294623
2252,9652.894209322214,-862.8740739665809
2253,9652.894209322214,-862.8740739665809
2254,9652.894209322214,36.621240833203046
2255,9652.894209322214,36.621240833203046
2256,6734.964052025839,-2384.5577294757804
2257,6734.964052025839,-2384.5577294757804
2258,6862.381705164732,-1366.207275130204
2259,6862.381705164732,-1366.207275130204
2260,2384.789049336974,72.25021415471383
2261,2384.789049336974,72.25021415471383
2262,5580.028517118797,1101.2385059556182
2263,5580.028517118797,1101.2385059556182
2264,8567.171945291595,-414.09697350076203
2265,8567.171945291595,-414.09697350076203
2266,-1186.0316509957684,1223.9093481675554
2267,-1186.0316509957684,1223.9093481675554
2268,-9652.894209322214,2703.4747679997618
2269,-9652.894209322214,2703.4747679997618
2270,-7169.783281081942,926.1319225173866
2271,-7169.783281081942,926.1319225173866
2272,7577.403220316828,-2051.7712879048595
2273,7577.403220316828,-2051.7712879048595
2274,9652.894209322214,1909.2097172591075
2275,9652.894209322214,1909.2097172591075
2276,9652.894209322214,2853.6171624761355
2277,9652.894209322214,2853.6171624761355
2278,9652.894209322214,2814.790523498252
2279,9652.894209322214,2814.790523498252
2280,8975.520758722998,-1683.0220475786136
2281,8975.520758722998,-1683.0220475786136
2282,6574.08238033843,-2137.626389310777
2283,6574.08238033843,-2137.626389310777
2284,-617.2510681359472,-2625.9440625551197
2285,-617.2510681359472,-2625.9440625551197
2286,-59.92309764683341,-3414.894203844904
2287,-59.92309764683341,-3414.894203844904
2288,-7618.751952999191,-658.9392384223065
2289,-7618.751952999191,-658.9392384223065
2290,-9652.894209322214,-7547.2228166510595
2291,-9652.894209322214,-7547.2228166510595
2292,-9652.894209322214,-11049.50015636831
2293,-9652.894209322214,-11049.50015636831
2294,-9652.894209322214,-6742.467639539911
2295,-9652.894209322214,-6742.467639539911
2296,-5975.0828954248445,-3433.3398858288
2297,-5975.0828954248445,-3433.3398858288
2298,6592.6946401766545,-4854.293399843016
2299,6592.6946401766545,-4854.293399843016
2300,9652.894209322214,-3983.3917875119023
2301,9652.894209322214,-3983.3917875119023
2302,9270.114212995893,-4207.183441513245
2303,9270.114212995893,-4207.183441513245
2304,7001.992833466271,-3605.177276288965
2305,7001.992833466271,-3605.177276288965
2306,8812.96424890266,-3775.070659167808
2307,8812.96424890266,-3775.070659167808
2308,7538.966357777965,-4407.411749753752
2309,7538.966357777965,-4407.411749753752
2310,3029.2148129561056,-5669.796097810346
2311,3029.2148129561056,-5669.796097810346
2312,-9652.894209322214,-3112.5765517337877
2313,-9652.894209322214,-3112.5765517337877
2314,-9652.894209322214,-11367.39191220183
2315,-9652.894209322214,-11367.39191220183
2316,-9652.894209322214,-11290.820856325487
2317,-9652.894209322214,-11290.820856325487
2318,-9652.894209322214,-11378.529333387893
2319,-9652.894209322214,-11378.529333387893
2320,2821.83567408662,-7432.460431403268
2321,2821.83567408662,-7432.460431403268
2322,9652.894209322214,-6423.483592822566
2323,9652.894209322214,-6423.483592822566
2324,9652.894209322214,-3201.5980127903404
2325,9652.894209322214,-3201.5980127903404
2326,9652.894209322214,-2143.5202235335964
2327,9652.894209322214,-2143.5202235335964
2328,9652.894209322214,-1876.2849258731057
2329,9652.894209322214,-1876.2849258731057
2330,9652.894209322214,-1830.4061749613775
2331,9652.894209322214,-1830.4061749613775
2332,9652.894209322214,-2035.7047856561203
2333,9652.894209322214,-2035.7047856561203
2334,9652.894209322214,-2416.236015094868
2335,9652.894209322214,-2416.236015094868
2336,-1983.7332362717025,-1798.0729788882745
2337,-1983.7332362717025,-1798.0729788882745
2338,-7670.576269385445,-2644.277679953919
2339,-7670.576269385445,-2644.277679953919
2340,-9652.894209322214,-1858.6915293058428
2341,-9652.894209322214,-1858.6915293058428
2342,-6471.516404209804,-3306.544765936982
2343,-6471.516404209804,-3306.544765936982
2344,-7825.055372188523,-615.7861891594275
2345,-7825.055372188523,-615.7861891594275
2346,-1037.1776293604016,-2070.209216218427
2347,-1037.1776293604016,-2070.209216218427
2348,3967.024630309914,-1743.3520488225531
2349,3967.024630309914,-1743.3520488225531
2350,9652.894209322214,-1142.3125285048282
2351,9652.894209322214,-1142.3125285048282
2352,-8049.530468812925,1160.2876652282575
2353,-8049.530468812925,1160.2876652282575
2354,-8507.101210654553,-1481.523646193018
2355,-8507.101210654553,-1481.523646193018
2356,-9652.894209322214,-579.9961357352586
2357,-9652.894209322214,-579.9961357352586
2358,-9652.894209322214,870.5817954398844
2359,-9652.894209322214,870.5817954398844
2360,-9652.894209322214,604.5098623830054
2361,-9652.894209322214,604.5098623830054
2362,-9652.894209322214,-1556.531919637362
2363,-9652.894209322214,-1556.531919637362
2364,-9652.894209322214,-1446.0185102757296
2365,-9652.894209322214,-1446.0185102757296
2366,-9652.894209322214,1539.749834033295
2367,-9652.894209322214,1539.749834033295
2368,-9652.894209322214,-2895.3126784724973
2369,-9652.894209322214,-2895.3126784724973
2370,-9652.894209322214,-2605.3172967051632
2371,-9652.894209322214,-2605.3172967051632
2372,-7078.640632415543,-1229.3523287263324
2373,-7078.640632415543,-1229.3523287263324
2374,-5830.328556631233,-564.7040622340592
2375,-5830.328556631233,-564.7040622340592
2376,-3081.622645087289,-2568.553316708758
2377,-3081.622645087289,-2568.553316708758
2378,-2552.83185308833,-2133.158144575302
2379,-2552.83185308833,-2133.158144575302
2380,-9652.894209322214,-1781.1863806067104
2381,-9652.894209322214,-1781.1863806067104
2382,-9652.894209322214,-1300.0232139176242
2383,-9652.894209322214,-1300.0232139176242
2384,-9652.894209322214,-3526.3430524497107
2385,-9652.894209322214,-3526.3430524497107
2386,-9652.894209322214,-3731.9576782547356
2387,-9652.894209322214,-3731.9576782547356
2388,-9652.894209322214,-1657.217933500082
2389,-9652.894209322214,-1657.217933500082
2390,-4263.242458410768,-3098.8800368848315
2391,-4263.242458410768,-3098.8800368848315
2392,3731.3697277309384,-3390.7338708517254
2393,3731.3697277309384,-3390.7338708517254
2394,3839.656451558072,-4981.176190286558
2395,3839.656451558072,-4981.176190286558
2396,8667.27720097669,-857.4649571471473
2397,8667.27720097669,-857.4649571471473
2398,9588.185754240367,-2943.022706690528
2399,9588.185754240367,-2943.022706690528
2400,9652.894209322214,490.6860168194926
2401,9652.894209322214,490.6860168194926
2402,9652.894209322214,-1734.5860000622542
2403,9652.894209322214,-1734.5860000622542
2404,9652.894209322214,-798.1002524840915
2405,9652.894209322214,-798.1002524840915
2406,9652.894209322214,-106.43387171001632
2407,9652.894209322214,-106.43387171001632
2408,9273.02609234065,-1003.563433931784
2409,9273.02609234065,-1003.563433931784
2410,1895.5663361587067,440.82540374161727
2411,1895.5663361587067,440.82540374161727
2412,-9652.894209322214,335.2735740158041
2413,-9652.894209322214,335.2735740158041
2414,5142.725766485355,-986.7522409621015
2415,5142.725766485355,-986.7522409621015
2416,6860.572072310897,-4159.417603403672
2417,6860.572072310897,-4159.417603403672
2418,9652.894209322214,-2453.1454157838725
2419,9652.894209322214,-2453.1454157838725
2420,9652.894209322214,-254.7461878544982
2421,9652.894209322214,-254.7461878544982
2422,9652.894209322214,2526.046850597153
2423,9652.894209322214,2526.046850597153
2424,9652.894209322214,820.5439613491817
2425,9652.894209322214,820.5439613491817
2426,9652.894209322214,-2070.850834765335
2427,9652.894209322214,-2070.850834765335
2428,9652.894209322214,-2163.620269231442
2429,9652.894209322214,-2163.620269231442
2430,9652.894209322214,791.1179863356992
2431,9652.894209322214,791.1179863356992
2432,9652.894209322214,-2485.169451601925
2433,9652.894209322214,-2485.169451601925
2434,9652.894209322214,-1688.0504530321705
2435,9652.894209322214,-1688.0504530321705
2436,1526.509166225529,-1144.2383567570414
2437,1526.509166225529,-1144.2383567570414
2438,9652.894209322214,-2493.4990866040407
2439,9652.894209322214,-2493.4990866040407
2440,8851.795389721692,-2628.7991678072594
2441,8851.795389721692,-2628.7991678072594
2442,9652.894209322214,-1218.6320957296812
2443,9652.894209322214,-1218.6320957296812
2444,9652.894209322214,-3601.037877378307
2445,9652.894209322214,-3601.037877378307
2446,9652.894209322214,-2852.8109630124636
2447,9652.894209322214,-2852.8109630124636
2448,9652.894209322214,426.30483286252274
2449,9652.894209322214,426.30483286252274
2450,9652.894209322214,-2535.017115700244
2451,9652.894209322214,-2535.017115700244
2452,-3318.7251444439935,-2756.9832600264144
2453,-3318.7251444439935,-2756.9832600264144
2454,3847.7122424088866,-641.9773270328878
2455,3847.7122424088866,-641.9773270328878
2456,1140.472627946252,-2628.619877831132
2457,1140.472627946252,-2628.619877831132
2458,-9652.894209322214,-1504.5876603842735
2459,-9652.894209322214,-1504.5876603842735
2460,-9093.790992261987,-2071.6051350203234
2461,-9093.790992261987,-2071.6051350203234
2462,-2611.883741382677,-4374.274535749051
2463,-2611.883741382677,-4374.274535749051
2464,-4376.285930393697,-1911.0082791160112
2465,-4376.285930393697,-1911.0082791160112
2466,9049.9032404469,-5295.99677898739
2467,9049.9032404469,-5295.99677898739
2468,-17.56823706836076,-1277.3702690448208
2469,-17.56823706836076,-1277.3702690448208
2470,9652.894209322214,-2863.841093188579
2471,9652.894209322214,-2863.841093188579
2472,7138.469006733638,-2552.900910036429
2473,7138.469006733638,-2552.900910036429
2474,3526.4968643836582,-2059.312294692032
2475,3526.4968643836582,-2059.312294692032
2476,1299.8354135737354,-2129.4028550215044
2477,1299.8354135737354,-2129.4028550215044
2478,-9550.400491964057,-1305.2276008853441
2479,-9550.400491964057,-1305.2276008853441
2480,-7233.90649876801,-985.326577233398
2481,-7233.90649876801,-985.326577233398
2482,-7825.723515575784,-128.1912292751258
2483,-7825.723515575784,-128.1912292751258
2484,-9652.894209322214,-1129.3850301997718
2485,-9652.894209322214,-1129.3850301997718
2486,-9652.894209322214,-3422.4596337651656
2487,-9652.894209322214,-3422.4596337651656
2488,-4917.499825947307,-3809.0201942244057
2489,-4917.499825947307,-3809.0201942244057
2490,3692.3124290360465,-5604.27223343578
2491,3692.3124290360465,-5604.27223343578
2492,-2034.932576430885,-4358.419026817015
2493,-2034.932576430885,-4358.419026817015
2494,-72.77042954820718,-2732.17783340857
2495,-72.77042954820718,-2732.17783340857
2496,2233.7910388126948,375.75587156373876
2497,2233.7910388126948,375.75587156373876
2498,2441.6809048439745,-2567.4879174277285
2499,2441.6809048439745,-2567.4879174277285
2500,-7726.318904053434,-3003.2015628544905
2501,-7726.318904053434,-3003.2015628544905
2502,-9652.894209322214,-2162.047357861842
2503,-9652.894209322214,-2162.047357861842
2504,-9652.894209322214,-4243.558769066214
2505,-9652.894209322214,-4243.558769066214
2506,-9652.894209322214,-7648.728916513976
2507,-9652.894209322214,-7648.728916513976
2508,-9652.894209322214,-11222.309181961404
2509,-9652.894209322214,-11222.309181961404
2510,-9652.894209322214,-7382.815507630774
2511,-9652.894209322214,-7382.815507630774
2512,-9652.894209322214,-6955.363881391203
2513,-9652.894209322214,-6955.363881391203
2514,-9507.999983586305,-1504.9297511118803
2515,-9507.999983586305,-1504.9297511118803
2516,-4905.034879027788,-3311.280391427259
2517,-4905.034879027788,-3311.280391427259
2518,-2734.8603397495463,-778.9768970899968
2519,-2734.8603397495463,-778.9768970899968
2520,-6573.348068040499,-2802.3700775188863
2521,-6573.348068040499,-2802.3700775188863
2522,-9652.894209322214,-2944.6256387398516
2523,-9652.894209322214,-2944.6256387398516
2524,-8358.728992521508,-3008.5206476233634
2525,-8358.728992521508,-3008.5206476233634
2526,-9652.894209322214,-1013.1404672625376
2527,-9652.894209322214,-1013.1404672625376
2528,-9652.894209322214,-1633.350865052511
2529,-9652.894209322214,-1633.350865052511
2530,-9652.894209322214,-1063.9569262422847
2531,-9652.894209322214,-1063.9569262422847
2532,-9652.894209322214,-2207.5018852653193
2533,-9652.894209322214,-2207.5018852653193
2534,-9652.894209322214,-3888.6494514689693
2535,-9652.894209322214,-3888.6494514689693
2536,-9652.894209322214,-4418.6936938988
2537,-9652.894209322214,-4418.6936938988
2538,-6848.578921271914,-2127.116411206285
2539,-6848.578921271914,-2127.116411206285
2540,-2969.6743656285926,-1015.2896409483819
2541,-2969.6743656285926,-1015.2896409483819
2542,-6288.460302036301,302.64754504880693
2543,-6288.460302036301,302.64754504880693
2544,-9108.286021221604,645.5672015696891
2545,-9108.286021221604,645.5672015696891
2546,-9652.894209322214,-960.7947034763893
2547,-9652.894209322214,-960.7947034763893
2548,-9652.894209322214,-2708.7023359423492
2549,-9652.894209322214,-2708.7023359423492
2550,-9652.894209322214,-961.4367334789822
2551,-9652.894209322214,-961.4367334789822
2552,-9652.894209322214,-3668.385696286523
2553,-9652.894209322214,-3668.385696286523
2554,-9652.894209322214,-1522.4417783539975
2555,-9652.894209322214,-1522.4417783539975
2556,-9652.894209322214,704.9852021493953
2557,-9652.894209322214,704.9852021493953
2558,-9652.894209322214,-1205.9630972078685
2559,-9652.894209322214,-1205.9630972078685
2560,-9652.894209322214,-3033.8100694099357
2561,-9652.894209322214,-3033.8100694099357
2562,-4229.768871919667,-1974.7371172654184
2563,-4229.768871919667,-1974.7371172654184
2564,-4272.128724328406,-644.489404522963
2565,-4272.128724328406,-644.489404522963
2566,-5801.325911775384,1231.954921614206
2567,-5801.325911775384,1231.954921614206
2568,-5232.872023379816,-2024.3516271461522
2569,-5232.872023379816,-2024.3516271461522
2570,-9652.894209322214,-1274.1303058219037
2571,-9652.894209322214,-1274.1303058219037
2572,-9652.894209322214,-691.9253191001972
2573,-9652.894209322214,-691.9253191001972
2574,-9652.894209322214,587.4194793785264
2575,-9652.894209322214,587.4194793785264
2576,-9652.894209322214,2559.536453340448
2577,-9652.894209322214,2559.536453340448
2578,-9652.894209322214,1958.0290069877829
2579,-9652.894209322214,1958.0290069877829
2580,-9652.894209322214,1154.702899177697
2581,-9652.894209322214,1154.702899177697
2582,-9652.894209322214,2265.3747531093377
2583,-9652.894209322214,2265.3747531093377
2584,-9652.894209322214,1618.0521073468717
2585,-9652.894209322214,1618.0521073468717
2586,-7559.9235684249,-2243.945032801732
2587,-7559.9235684249,-2243.945032801732
2588,-6540.283026407758,-3231.117685381332
2589,-6540.283026407758,-3231.117685381332
2590,-5648.547523647578,-1817.6703001667393
2591,-5648.547523647578,-1817.6703001667393
2592,906.5935591708258,-2335.340950166961
2593,906.5935591708258,-2335.340950166961
2594,4210.383860240887,-1820.4953733809398
2595,4210.383860240887,-1820.4953733809398
2596,-1718.547327125012,-1354.5969626587485
2597,-1718.547327125012,-1354.5969626587485
2598,2709.5066913780174,-1107.3564013922314
2599,2709.5066913780174,-1107.3564013922314
2600,-6578.6516527763415,-788.8001529109151
2601,-6578.6516527763415,-788.8001529109151
2602,-212.63019204831835,-634.8689267376485
2603,-212.63019204831835,-634.8689267376485
2604,-3982.6552608365364,-1333.6074786868994
2605,-3982.6552608365364,-1333.6074786868994
2606,-309.31200274070943,-2261.344371138188
2607,-309.31200274070943,-2261.344371138188
2608,-4088.374088946519,-3349.5287335554385
2609,-4088.374088946519,-3349.5287335554385
2610,456.0632727216471,-4728.84922394215
2611,456.0632727216471,-4728.84922394215
2612,2505.7191822311806,-2619.5831668444644
2613,2505.7191822311806,-2619.5831668444644
2614,-2697.581725234988,-1371.344057202159
2615,-2697.581725234988,-1371.344057202159
2616,-4234.279358931892,-3761.6268921560386
2617,-4234.279358931892,-3761.6268921560386
2618,-263.73695652062815,-3640.564031576936
2619,-263.73695652062815,-3640.564031576936
2620,-9108.651705594712,-3694.366715227743
2621,-9108.651705594712,-3694.366715227743
2622,-8653.156585180186,-4450.52747153675
2623,-8653.156585180186,-4450.52747153675
2624,-2252.7696439529827,-2948.944292765009
2625,-2252.7696439529827,-2948.944292765009
2626,1876.4999744148772,-357.19149821730934
2627,1876.4999744148772,-357.19149821730934
2628,-5600.157957388432,-290.2858889024701
2629,-5600.157957388432,-290.2858889024701
2630,-1329.277920002296,-2201.070745511375
2631,-1329.277920002296,-2201.070745511375
2632,-7359.755203413693,-4224.905302811776
2633,-7359.755203413693,-4224.905302811776
2634,-1826.7971623855537,-5283.456604410047
2635,-1826.7971623855537,-5283.456604410047
2636,640.1257016201089,-3839.251554273602
2637,640.1257016201089,-3839.251554273602
2638,-3610.9816732318177,-2450.6643298174386
2639,-3610.9816732318177,-2450.6643298174386
2640,-100.66945026309622,-1850.1488423511164
2641,-100.66945026309622,-1850.1488423511164
2642,3.9380174548532523,-1582.3656985855669
2643,3.9380174548532523,-1582.3656985855669
2644,-9652.894209322214,-1302.411210284501
2645,-9652.894209322214,-1302.411210284501
2646,-9652.894209322214,-2025.9715036038488
2647,-9652.894209322214,-2025.9715036038488
2648,-9652.894209322214,-97.48774681794566
2649,-9652.894209322214,-97.48774681794566
2650,-9652.894209322214,380.0618182321996
2651,-9652.894209322214,380.0618182321996
2652,-9652.894209322214,-1492.3392701948142
2653,-9652.894209322214,-1492.3392701948142
2654,-9652.894209322214,-1221.2084033215415
2655,-9652.894209322214,-1221.2084033215415
2656,-9652.894209322214,-3798.614066592956
2657,-9652.894209322214,-3798.614066592956
2658,-9652.894209322214,-2422.4118282122254
2659,-9652.894209322214,-2422.4118282122254
2660,-9652.894209322214,-1376.9573481578645
2661,-9652.894209322214,-1376.9573481578645
2662,-9652.894209322214,-245.70941026720357
2663,-9652.894209322214,-245.70941026720357
2664,-9652.894209322214,-653.6062792426474
2665,-9652.894209322214,-653.6062792426474
2666,-9652.894209322214,-1390.2717101966246
2667,-9652.894209322214,-1390.2717101966246
2668,-9652.894209322214,-1426.3734482905256
2669,-9652.894209322214,-1426.3734482905256
2670,-9652.894209322214,-2974.321314844703
2671,-9652.894209322214,-2974.321314844703
2672,-9652.894209322214,-4447.740766944067
2673,-9652.894209322214,-4447.740766944067
2674,-9652.894209322214,-9562.353936236254
2675,-9652.894209322214,-9562.353936236254
2676,-9652.894209322214,-11122.514040930273
2677,-9652.894209322214,-11122.514040930273
2678,-9652.894209322214,-11192.459755667282
2679,-9652.894209322214,-11192.459755667282
2680,-9652.894209322214,-3959.1798051931837
2681,-9652.894209322214,-3959.1798051931837
2682,-9652.894209322214,-6024.76872181324
2683,-9652.894209322214,-6024.76872181324
2684,8942.568559245583,-5354.130001061982
2685,8942.568559245583,-5354.130001061982
2686,9652.894209322214,-3972.387934207669
2687,9652.894209322214,-3972.387934207669
2688,8126.251731643148,-2884.6335273700606
2689,8126.251731643148,-2884.6335273700606
2690,5626.797753683345,-2746.340388606217
2691,5626.797753683345,-2746.340388606217
2692,3832.865078998937,-3112.006412983008
2693,3832.865078998937,-3112.006412983008
2694,6213.840923635141,-3919.206680681091
2695,6213.840923635141,-3919.206680681091
2696,-7021.174294896286,-2190.317762266228
2697,-7021.174294896286,-2190.317762266228
2698,-9652.894209322214,-2607.2251082402654
2699,-9652.894209322214,-2607.2251082402654
2700,-9652.894209322214,-4622.542195252718
2701,-9652.894209322214,-4622.542195252718
2702,-9652.894209322214,-4373.409975098924
2703,-9652.894209322214,-4373.409975098924
2704,-256.3680329938379,-4557.9370304075655
2705,-256.3680329938379,-4557.9370304075655
2706,9652.894209322214,-6917.831670318599
2707,9652.894209322214,-6917.831670318599
2708,9652.894209322214,-1757.3267919472164
2709,9652.894209322214,-1757.3267919472164
2710,9652.894209322214,-100.97044527388789
2711,9652.894209322214,-100.97044527388789
2712,9652.894209322214,-3103.592898203986
2713,9652.894209322214,-3103.592898203986
2714,9652.894209322214,-2975.24056404986
2715,9652.894209322214,-2975.24056404986
2716,9652.894209322214,-3388.0710220753444
2717,9652.894209322214,-3388.0710220753444
2718,9652.894209322214,-1460.7210678464235
2719,9652.894209322214,-1460.7210678464235
2720,9022.304578281997,-3469.755448165737
2721,9022.304578281997,-3469.755448165737
2722,-5902.377354020497,-5299.056416669284
2723,-5902.377354020497,-5299.056416669284
2724,-9652.894209322214,-5602.614107972982
2725,-9652.894209322214,-5602.614107972982
2726,-8152.171233179317,-3713.328067929504
2727,-8152.171233179317,-3713.328067929504
2728,-8242.243614539882,-2311.498674395538
2729,-8242.243614539882,-2311.498674395538
2730,-2804.9291724640716,-4908.783052617315
2731,-2804.9291724640716,-4908.783052617315
2732,9652.894209322214,-5575.838234687048
2733,9652.894209322214,-5575.838234687048
2734,9652.894209322214,-3078.6537820031244
2735,9652.894209322214,-3078.6537820031244
2736,9652.894209322214,-4470.783160318473
2737,9652.894209322214,-4470.783160318473
2738,9652.894209322214,-4444.690567701342
2739,9652.894209322214,-4444.690567701342
2740,9652.894209322214,-4492.27824842723
2741,9652.894209322214,-4492.27824842723
2742,9652.894209322214,-4221.657081195915
2743,9652.894209322214,-4221.657081195915
2744,9652.894209322214,-2947.0436598087053
2745,9652.894209322214,-2947.0436598087053
2746,4583.586949356549,-3582.140745274106
2747,4583.586949356549,-3582.140745274106
2748,-471.3232380680929,-2609.2021000118693
2749,-471.3232380680929,-2609.2021000118693
2750,7015.682346236779,-3048.7620278145205
2751,7015.682346236779,-3048.7620278145205
2752,9652.894209322214,-4547.730748529657
2753,9652.894209322214,-4547.730748529657
2754,9652.894209322214,-3154.399321249324
2755,9652.894209322214,-3154.399321249324
2756,9652.894209322214,-5286.020466966993
2757,9652.894209322214,-5286.020466966993
2758,9652.894209322214,211.24776160472356
2759,9652.894209322214,211.24776160472356
2760,9652.894209322214,-3330.0839665628737
2761,9652.894209322214,-3330.0839665628737
2762,8196.858247325612,-3041.008329021088
2763,8196.858247325612,-3041.008329021088
2764,6387.932534052969,-2635.277842091242
2765,6387.932534052969,-2635.277842091242
2766,9652.894209322214,-2403.4875000149204
2767,9652.894209322214,-2403.4875000149204
2768,7930.36855607506,-2301.8601908644523
2769,7930.36855607506,-2301.8601908644523
2770,-7469.27018580784,-286.2054530397654
2771,-7469.27018580784,-286.2054530397654
2772,-9652.894209322214,949.516238387183
2773,-9652.894209322214,949.516238387183
2774,-6150.765226802965,-598.5275915489219
2775,-6150.765226802965,-598.5275915489219
2776,-6526.163939534632,-3644.4821164867662
2777,-6526.163939534632,-3644.4821164867662
2778,6895.161071102615,-2228.61810848817
2779,6895.161071102615,-2228.61810848817
2780,8109.374630143483,-610.5508374425863
2781,8109.374630143483,-610.5508374425863
2782,9652.894209322214,-4103.8242522434575
2783,9652.894209322214,-4103.8242522434575
2784,9652.894209322214,-3024.7513510978933
2785,9652.894209322214,-3024.7513510978933
2786,7652.827269706908,-2507.5730563129673
2787,7652.827269706908,-2507.5730563129673
2788,5192.472072071667,-2709.274711151458
2789,5192.472072071667,-2709.274711151458
2790,4254.58312598173,-781.3028342650559
2791,4254.58312598173,-781.3028342650559
2792,7051.829656428768,-2664.5948321864216
2793,7051.829656428768,-2664.5948321864216
2794,-2127.7068119171927,2087.1167988978686
2795,-2127.7068119171927,2087.1167988978686
2796,-819.502067132953,810.5561575124411
2797,-819.502067132953,810.5561575124411
2798,-643.5402608942804,1364.9354945565174
2799,-643.5402608942804,1364.9354945565174
2800,5283.872287773647,-3613.5704577398537
2801,5283.872287773647,-3613.5704577398537
2802,988.8700459844549,-4055.3424849779276
2803,988.8700459844549,-4055.3424849779276
2804,942.2317313887506,-2456.054565202212
2805,942.2317313887506,-2456.054565202212
2806,9652.894209322214,-3844.4874089618315
2807,9652.894209322214,-3844.4874089618315
2808,5921.461078844478,-3557.7773460197204
2809,5921.461078844478,-3557.7773460197204
2810,9652.894209322214,-3242.3149927649374
2811,9652.894209322214,-3242.3149927649374
2812,-459.4390158202841,-3442.5504571138645
2813,-459.4390158202841,-3442.5504571138645
2814,-304.22869087903564,-3506.633542488864
2815,-304.22869087903564,-3506.633542488864
2816,-5531.380389027861,-3117.562054504029
2817,-5531.380389027861,-3117.562054504029
2818,-9652.894209322214,-2487.105034039414
2819,-9652.894209322214,-2487.105034039414
2820,-9652.894209322214,-2885.698421872088
2821,-9652.894209322214,-2885.698421872088
2822,-9652.894209322214,-4227.057156280573
2823,-9652.894209322214,-4227.057156280573
2824,-9652.894209322214,-3572.447490454115
2825,-9652.894209322214,-3572.447490454115
2826,-9652.894209322214,-1412.8636964226043
2827,-9652.894209322214,-1412.8636964226043
2828,-9652.894209322214,-3583.743236727807
2829,-9652.894209322214,-3583.743236727807
2830,-8873.321599921757,-2019.5328400669696
2831,-8873.321599921757,-2019.5328400669696
2832,-4546.616714296946,-805.8892823463011
2833,-4546.616714296946,-805.8892823463011
2834,-3380.5208231335855,-3864.0769268772274
2835,-3380.5208231335855,-3864.0769268772274
2836,-8269.46286501009,-1585.5509474891023
2837,-8269.46286501009,-1585.5509474891023
2838,-8980.813439627036,-2712.6548530015734
2839,-8980.813439627036,-2712.6548530015734
2840,-9652.894209322214,-6708.842860515059
2841,-9652.894209322214,-6708.842860515059
2842,-9652.894209322214,-9401.888167963287
2843,-9652.894209322214,-9401.888167963287
2844,-9652.894209322214,-11359.062068798925
2845,-9652.894209322214,-11359.062068798925
2846,-9652.894209322214,-6395.772245299719
2847,-9652.894209322214,-6395.772245299719
2848,-9652.894209322214,-6420.382462184101
2849,-9652.894209322214,-6420.382462184101
2850,-3697.42662576996,-3929.884359358335
2851,-3697.42662576996,-3929.884359358335
2852,3421.8066893509676,-1974.2723203584774
2853,3421.8066893509676,-1974.2723203584774
2854,6224.907865519064,-3844.334404883124
2855,6224.907865519064,-3844.334404883124
2856,2452.153097708644,-3088.430738416806
2857,2452.153097708644,-3088.430738416806
2858,7500.239761137465,-2256.0214796111995
2859,7500.239761137465,-2256.0214796111995
2860,-1176.1411559423905,-2937.7621840014
2861,-1176.1411559423905,-2937.7621840014
2862,2537.199953355863,-2952.606638238738
2863,2537.199953355863,-2952.606638238738
2864,-141.64724260349612,-3581.9236008179178
2865,-141.64724260349612,-3581.9236008179178
2866,-5812.888600445898,-4612.7226148150385
2867,-5812.888600445898,-4612.7226148150385
2868,-9652.894209322214,-3520.9839354449505
2869,-9652.894209322214,-3520.9839354449505
2870,-5362.911021497215,-2077.161371098513
2871,-5362.911021497215,-2077.161371098513
2872,-5583.99493557928,-655.5142359303536
2873,-5583.99493557928,-655.5142359303536
2874,9652.894209322214,-2204.992620569905
2875,9652.894209322214,-2204.992620569905
2876,8960.63825297311,-402.5636744588137
2877,8960.63825297311,-402.5636744588137
2878,9391.615077646038,-3155.592944951817
2879,9391.615077646038,-3155.592944951817
2880,9302.554119408775,-3105.5858524932464
2881,9302.554119408775,-3105.5858524932464
2882,8892.192782974587,-3132.442397573768
2883,8892.192782974587,-3132.442397573768
2884,3200.8235562848895,-3111.213076327678
2885,3200.8235562848895,-3111.213076327678
2886,-4508.507691839935,-635.3274260210364
2887,-4508.507691839935,-635.3274260210364
2888,-4039.902041603249,-1228.5374850252138
2889,-4039.902041603249,-1228.5374850252138
2890,-9652.894209322214,-4817.679378867311
2891,-9652.894209322214,-4817.679378867311
2892,-9652.894209322214,-2598.4546878982237
2893,-9652.894209322214,-2598.4546878982237
2894,-9402.704167574182,-3694.5941145539546
2895,-9402.704167574182,-3694.5941145539546
2896,-555.2699890107106,-3071.576504459432
2897,-555.2699890107106,-3071.576504459432
2898,5901.302504368498,-4353.462355138936
2899,5901.302504368498,-4353.462355138936
2900,9652.894209322214,-3290.8589015353264
2901,9652.894209322214,-3290.8589015353264
2902,4631.292745555334,-2105.5867843086944
2903,4631.292745555334,-2105.5867843086944
2904,3227.607964136547,-432.49303140790107
2905,3227.607964136547,-432.49303140790107
2906,8138.035465702782,-2477.3895877959058
2907,8138.035465702782,-2477.3895877959058
2908,2020.6825596457702,1010.5171133199165
2909,2020.6825596457702,1010.5171133199165
2910,-1353.5613407301898,29.04732170900752
2911,-1353.5613407301898,29.04732170900752
2912,-4811.8902121091705,-337.8744139935916
2913,-4811.8902121091705,-337.8744139935916
2914,-6294.817352248736,-1120.106046958861
2915,-6294.817352248736,-1120.106046958861
2916,-9652.894209322214,-1202.556923428563
2917,-9652.894209322214,-1202.556923428563
2918,709.3943702828092,-2241.8801374106897
2919,709.3943702828092,-2241.8801374106897
2920,9652.894209322214,-3444.390432790451
2921,9652.894209322214,-3444.390432790451
2922,9652.894209322214,-1791.9077101181738
2923,9652.894209322214,-1791.9077101181738
2924,9652.894209322214,-1515.5248272731133
2925,9652.894209322214,-1515.5248272731133
2926,9652.894209322214,-2161.935293325925
2927,9652.894209322214,-2161.935293325925
2928,9652.894209322214,-4104.618114171326
2929,9652.894209322214,-4104.618114171326
2930,9307.930345932462,-4498.388527402976
2931,9307.930345932462,-4498.388527402976
2932,4427.998502475718,-5281.067836597011
2933,4427.998502475718,-5281.067836597011
2934,8369.221898107851,-4792.2639199944315
2935,8369.221898107851,-4792.2639199944315
2936,-8012.7115116018285,-1003.208070600469
2937,-8012.7115116018285,-1003.208070600469
2938,-9652.894209322214,-4939.2021347108275
2939,-9652.894209322214,-4939.2021347108275
2940,-9652.894209322214,-9736.308189812698
2941,-9652.894209322214,-9736.308189812698
2942,-9652.894209322214,-6458.138593498577
2943,-9652.894209322214,-6458.138593498577
2944,-7988.642164354293,-3397.0111676857505
2945,-7988.642164354293,-3397.0111676857505
2946,-2744.1278952686444,-1639.766033458478
2947,-2744.1278952686444,-1639.766033458478
2948,5612.706235040207,-3472.7790832538503
2949,5612.706235040207,-3472.7790832538503
2950,-406.59159335528784,-2772.24568728767
2951,-406.59159335528784,-2772.24568728767
2952,1842.8427152324966,294.1559012909074
2953,1842.8427152324966,294.1559012909074
2954,-351.8464223408191,-1931.9416028407868
2955,-351.8464223408191,-1931.9416028407868
2956,-1594.567891293973,-3710.013805377821
2957,-1594.567891293973,-3710.013805377821
2958,-9290.804241874699,-2936.5714422496585
2959,-9290.804241874699,-2936.5714422496585
2960,-2970.0050154005057,-4304.324332291528
2961,-2970.0050154005057,-4304.324332291528
2962,-1326.76262892888,-3748.0005949057686
2963,-1326.76262892888,-3748.0005949057686
2964,-588.7653034426512,-3589.69141427463
2965,-588.7653034426512,-3589.69141427463
2966,2868.465584313867,-4678.953605718909
2967,2868.465584313867,-4678.953605718909
2968,16.461488170491066,-4426.86107425808
2969,16.461488170491066,-4426.86107425808
2970,9233.789476307038,-5522.106261128009
2971,9233.789476307038,-5522.106261128009
2972,7319.07201543936,-3177.665431615327
2973,7319.07201543936,-3177.665431615327
2974,4304.416887307923,-4804.851070266201
2975,4304.416887307923,-4804.851070266201
2976,6033.585149629482,-3858.092989932331
2977,6033.585149629482,-3858.092989932331
2978,431.1667269478148,-3720.362881170324
2979,431.1667269478148,-3720.362881170324
2980,-4867.02367978881,-3379.0728432981505
2981,-4867.02367978881,-3379.0728432981505
2982,-6532.860813145959,-3673.0453891819598
2983,-6532.860813145959,-3673.0453891819598
2984,-8165.616415646764,-3565.160635171518
2985,-8165.616415646764,-3565.160635171518
2986,-9652.894209322214,-2589.4274128405123
2987,-9652.894209322214,-2589.4274128405123
2988,-9652.894209322214,-1417.538977561022
2989,-9652.894209322214,-1417.538977561022
2990,-9652.894209322214,-4256.694173755031
2991,-9652.894209322214,-4256.694173755031
2992,-9329.038097131277,-2049.8784952029328
2993,-9329.038097131277,-2049.8784952029328
2994,1959.0221008128628,-1557.646794735967
2995,1959.0221008128628,-1557.646794735967
2996,5220.524126783545,-1554.0123839652588
2997,5220.524126783545,-1554.0123839652588
2998,3500.0136020660884,-1051.5824129405519
2999,3500.0136020660884,-1051.5824129405519
3000,7635.137333689554,530.0638649950815
3001,7635.137333689554,530.0638649950815
3002,6724.957472174676,-1169.098704156413
3003,6724.957472174676,-1169.098704156413
3004,2383.3442574410155,-127.45770391488077
3005,2383.3442574410155,-127.45770391488077
3006,-6818.02121252297,-99.01094045191167
3007,-6818.02121252297,-99.01094045191167
3008,-6752.8628376222405,-1249.7168343770154
3009,-6752.8628376222405,-1249.7168343770154
3010,-9652.894209322214,-3853.3808229008846
3011,-9652.894209322214,-3853.3808229008846
3012,-9652.894209322214,-3568.4370570098818
3013,-9652.894209322214,-3568.4370570098818
3014,-9652.894209322214,-4615.694995166477
3015,-9652.894209322214,-4615.694995166477
3016,-9011.18746704283,-1794.7289807626166
3017,-9011.18746704283,-1794.7289807626166
3018,-1334.4732386512278,-1795.394324892357
3019,-1334.4732386512278,-1795.394324892357
3020,6163.807916233732,-3237.74619631938
3021,6163.807916233732,-3237.74619631938
3022,3202.374764678698,-1781.0823300522152
3023,3202.374764678698,-1781.0823300522152
3024,9481.351483875156,-4282.587647932971
3025,9481.351483875156,-4282.587647932971
3026,5405.948133249654,-3749.977890048669
3027,5405.948133249654,-3749.977890048669
3028,2708.292038896814,-3675.4332046819727
3029,2708.292038896814,-3675.4332046819727
3030,4671.895650377801,-3448.483147433797
3031,4671.895650377801,-3448.483147433797
3032,2039.5549915114334,-3900.414136242509
3033,2039.5549915114334,-3900.414136242509
3034,-7047.375187804439,-2448.35006270098
3035,-7047.375187804439,-2448.35006270098
3036,-9652.894209322214,-4824.332519605279
3037,-9652.894209322214,-4824.332519605279
3038,-7065.957259747411,-3302.779200200095
3039,-7065.957259747411,-3302.779200200095
3040,7276.621147553618,-5260.175481403581
3041,7276.621147553618,-5260.175481403581
3042,9652.894209322214,-5888.294282765228
3043,9652.894209322214,-5888.294282765228
3044,9652.894209322214,-1832.4472316497613
3045,9652.894209322214,-1832.4472316497613
3046,9652.894209322214,-4896.426003053266
3047,9652.894209322214,-4896.426003053266
3048,9652.894209322214,131.74134921143195
3049,9652.894209322214,131.74134921143195
3050,9652.894209322214,-2738.684038436697
3051,9652.894209322214,-2738.684038436697
3052,8341.561783645564,-4079.3820368713295
3053,8341.561783645564,-4079.3820368713295
3054,9652.894209322214,-3110.0731699939442
3055,9652.894209322214,-3110.0731699939442
3056,3370.589336701326,-4253.476847038377
3057,3370.589336701326,-4253.476847038377
3058,-2109.4636268039576,-5629.352984335203
3059,-2109.4636268039576,-5629.352984335203
3060,-8679.551454499488,-5409.098601409749
3061,-8679.551454499488,-5409.098601409749
3062,1291.239091794796,-6722.524865608009
3063,1291.239091794796,-6722.524865608009
3064,9652.894209322214,-4619.312861028622
3065,9652.894209322214,-4619.312861028622
3066,9652.894209322214,-6342.876511000762
3067,9652.894209322214,-6342.876511000762
3068,9652.894209322214,-5795.80578679495
3069,9652.894209322214,-5795.80578679495
3070,9652.894209322214,-5374.584985961426
3071,9652.894209322214,-5374.584985961426
3072,9652.894209322214,-4391.20356949686
3073,9652.894209322214,-4391.20356949686
3074,9652.894209322214,-3518.3809476207007
3075,9652.894209322214,-3518.3809476207007
3076,9652.894209322214,-3875.1419093736713
3077,9652.894209322214,-3875.1419093736713
3078,9652.894209322214,-1936.492105555044
3079,9652.894209322214,-1936.492105555044
3080,4966.91191637684,-1531.9599834955643
3081,4966.91191637684,-1531.9599834955643
3082,1912.2697923130636,-2175.967084665559
3083,1912.2697923130636,-2175.967084665559
3084,-3771.3155501511465,-1259.4839384035295
3085,-3771.3155501511465,-1259.4839384035295
3086,875.1323348330516,-2572.628313561203
3087,875.1323348330516,-2572.628313561203
3088,9652.894209322214,-2859.7267731005486
3089,9652.894209322214,-2859.7267731005486
3090,9652.894209322214,-4554.363722550033
3091,9652.894209322214,-4554.363722550033
3092,9652.894209322214,-3463.774376105992
3093,9652.894209322214,-3463.774376105992
3094,9652.894209322214,-2339.46228087658
3095,9652.894209322214,-2339.46228087658
3096,9652.894209322214,-1385.011267726135
3097,9652.894209322214,-1385.011267726135
3098,9652.894209322214,-1877.666567108201
3099,9652.894209322214,-1877.666567108201
3100,9652.894209322214,-1879.97965032494
3101,9652.894209322214,-1879.97965032494
3102,9652.894209322214,-1620.3406881964347
3103,9652.894209322214,-1620.3406881964347
3104,9652.894209322214,-2935.480082227399
3105,9652.894209322214,-2935.480082227399
3106,-6670.7922468774195,-274.9201573170467
3107,-6670.7922468774195,-274.9201573170467
3108,-9652.894209322214,-573.871814971084
3109,-9652.894209322214,-573.871814971084
3110,-6398.447645028604,-2329.7683049901807
3111,-6398.447645028604,-2329.7683049901807
3112,9652.894209322214,-3831.80633620393
3113,9652.894209322214,-3831.80633620393
3114,9652.894209322214,-5359.705112513953
3115,9652.894209322214,-5359.705112513953
3116,9652.894209322214,-5247.2853390602995
3117,9652.894209322214,-5247.2853390602995
3118,9652.894209322214,-4804.0963806468335
3119,9652.894209322214,-4804.0963806468335
3120,9652.894209322214,-4297.13396562321
3121,9652.894209322214,-4297.13396562321
3122,9652.894209322214,-1089.6728545819424
3123,9652.894209322214,-1089.6728545819424
3124,9652.894209322214,1137.1667636374877
3125,9652.894209322214,1137.1667636374877
3126,9652.894209322214,-523.8239947258498
3127,9652.894209322214,-523.8239947258498
3128,9652.894209322214,-2454.637611135837
3129,9652.894209322214,-2454.637611135837
3130,9652.894209322214,-3574.2286966660213
3131,9652.894209322214,-3574.2286966660213
3132,1675.269583665683,-2867.4964202501687
3133,1675.269583665683,-2867.4964202501687
3134,9652.894209322214,-4819.335576996906
3135,9652.894209322214,-4819.335576996906
3136,9652.894209322214,-2007.029628358252
3137,9652.894209322214,-2007.029628358252
3138,9652.894209322214,-6497.508187725842
3139,9652.894209322214,-6497.508187725842
3140,9652.894209322214,-5808.889242750831
3141,9652.894209322214,-5808.889242750831
3142,9652.894209322214,-2430.0874605167664
3143,9652.894209322214,-2430.0874605167664
3144,9652.894209322214,-3817.0098115290875
3145,9652.894209322214,-3817.0098115290875
3146,9652.894209322214,1315.7204214741705
3147,9652.894209322214,1315.7204214741705
3148,9652.894209322214,-1639.1045707467892
3149,9652.894209322214,-1639.1045707467892
3150,9652.894209322214,-647.63298941418
3151,9652.894209322214,-647.63298941418
3152,9652.894209322214,-2315.802712721141
3153,9652.894209322214,-2315.802712721141
3154,3363.5223623517195,-3007.734808288311
3155,3363.5223623517195,-3007.734808288311
3156,-9652.894209322214,-2508.064625810841
3157,-9652.894209322214,-2508.064625810841
3158,-1624.1826830118844,-4575.7862291972815
3159,-1624.1826830118844,-4575.7862291972815
3160,9006.22339226654,-5016.919676445888
3161,9006.22339226654,-5016.919676445888
3162,9652.894209322214,-6643.934660095156
3163,9652.894209322214,-6643.934660095156
3164,9652.894209322214,-1698.6804591934033
3165,9652.894209322214,-1698.6804591934033
3166,9652.894209322214,-2925.3152631816793
3167,9652.894209322214,-2925.3152631816793
3168,9652.894209322214,-4574.134257048752
3169,9652.894209322214,-4574.134257048752
3170,9652.894209322214,195.1931410331763
3171,9652.894209322214,195.1931410331763
3172,9652.894209322214,561.8895059998522
3173,9652.894209322214,561.8895059998522
3174,9652.894209322214,-1129.727370453611
3175,9652.894209322214,-1129.727370453611
3176,1014.2480988989864,-3011.4627797474404
3177,1014.2480988989864,-3011.4627797474404
3178,-9652.894209322214,-1222.3851025624554
3179,-9652.894209322214,-1222.3851025624554
3180,-9652.894209322214,-2795.1230911368566
3181,-9652.894209322214,-2795.1230911368566
3182,-9652.894209322214,-1832.798164566584
3183,-9652.894209322214,-1832.798164566584
3184,6886.81570196897,-4790.833766430365
3185,6886.81570196897,-4790.833766430365
3186,9652.894209322214,-5927.000300037107
3187,9652.894209322214,-5927.000300037107
3188,9652.894209322214,-4057.831552374011
3189,9652.894209322214,-4057.831552374011
3190,9652.894209322214,-4707.20107648611
3191,9652.894209322214,-4707.20107648611
3192,9652.894209322214,407.9044568340196
3193,9652.894209322214,407.9044568340196
3194,9652.894209322214,-3792.0180455386217
3195,9652.894209322214,-3792.0180455386217
3196,9652.894209322214,-4029.049687051045
3197,9652.894209322214,-4029.049687051045
3198,9652.894209322214,-4009.248217133687
3199,9652.894209322214,-4009.248217133687
3200,7714.670400804453,-2788.668607306803
3201,7714.670400804453,-2788.668607306803
3202,-9609.61982215819,-713.7416123782605
3203,-9609.61982215819,-713.7416123782605
3204,-9652.894209322214,-111.07271036155726
3205,-9652.894209322214,-111.07271036155726
3206,-8088.730599725837,-2330.275874044917
3207,-8088.730599725837,-2330.275874044917
3208,9652.894209322214,-4711.251942159715
3209,9652.894209322214,-4711.251942159715
3210,9652.894209322214,-5722.9365171721165
3211,9652.894209322214,-5722.9365171721165
3212,9652.894209322214,-5438.0012649759665
3213,9652.894209322214,-5438.0012649759665
3214,9652.894209322214,-4771.467050966588
3215,9652.894209322214,-4771.467050966588
3216,9652.894209322214,-4453.1924488127315
3217,9652.894209322214,-4453.1924488127315
3218,9652.894209322214,-4351.058516009498
3219,9652.894209322214,-4351.058516009498
3220,9652.894209322214,-4436.311808523746
3221,9652.894209322214,-4436.311808523746
3222,9652.894209322214,420.0866904804261
3223,9652.894209322214,420.0866904804261
3224,9652.894209322214,-2706.064750618325
3225,9652.894209322214,-2706.064750618325
3226,6454.587835733921,-3121.5214327285303
3227,6454.587835733921,-3121.5214327285303
3228,-3434.284867787719,-2303.4438675933598
3229,-3434.284867787719,-2303.4438675933598
3230,1465.9037979560671,-4364.067622747098
3231,1465.9037979560671,-4364.067622747098
3232,9236.794509768552,-5030.463233526225
3233,9236.794509768552,-5030.463233526225
3234,9652.894209322214,-5651.176595690968
3235,9652.894209322214,-5651.176595690968
3236,9652.894209322214,-4619.345886185694
3237,9652.894209322214,-4619.345886185694
3238,9652.894209322214,-3111.6003701163954
3239,9652.894209322214,-3111.6003701163954
3240,9652.894209322214,2531.2335182076295
3241,9652.894209322214,2531.2335182076295
3242,9652.894209322214,44.381757738654414
3243,9652.894209322214,44.381757738654414
3244,9652.894209322214,-1921.1160856151619
3245,9652.894209322214,-1921.1160856151619
3246,9652.894209322214,-2036.0502036313355
3247,9652.894209322214,-2036.0502036313355
3248,9652.894209322214,-1016.4893995020138
3249,9652.894209322214,-1016.4893995020138
3250,9652.894209322214,-1777.045039387067
3251,9652.894209322214,-1777.045039387067
3252,-2664.024173409676,-1623.5482638871727
3253,-2664.024173409676,-1623.5482638871727
3254,9652.894209322214,-3552.257552720517
3255,9652.894209322214,-3552.257552720517
3256,9652.894209322214,614.5006587339685
3257,9652.894209322214,614.5006587339685
3258,9652.894209322214,-5722.944419756523
3259,9652.894209322214,-5722.944419756523
3260,9652.894209322214,129.13367266924797
3261,9652.894209322214,129.13367266924797
3262,9652.894209322214,-230.33091817740205
3263,9652.894209322214,-230.33091817740205
3264,9652.894209322214,-2474.146597202469
3265,9652.894209322214,-2474.146597202469
3266,9652.894209322214,653.6331597212575
3267,9652.894209322214,653.6331597212575
3268,9652.894209322214,729.109672878214
3269,9652.894209322214,729.109672878214
3270,9652.894209322214,905.2605687148225
3271,9652.894209322214,905.2605687148225
3272,9652.894209322214,-1177.2987905808113
3273,9652.894209322214,-1177.2987905808113
3274,9056.013838997125,-2122.793170292003
3275,9056.013838997125,-2122.793170292003
3276,-5161.886714973123,-1892.6238150746485
3277,-5161.886714973123,-1892.6238150746485
3278,9064.098285118196,-3348.6922342434136
3279,9064.098285118196,-3348.6922342434136
3280,9652.894209322214,-3856.678308878307
3281,9652.894209322214,-3856.678308878307
3282,9652.894209322214,-4899.469714156092
3283,9652.894209322214,-4899.469714156092
3284,9652.894209322214,-4875.898103409912
3285,9652.894209322214,-4875.898103409912
3286,9652.894209322214,-5114.800271264887
3287,9652.894209322214,-5114.800271264887
3288,9652.894209322214,-4442.394916849285
3289,9652.894209322214,-4442.394916849285
3290,9652.894209322214,-4280.446561667746
3291,9652.894209322214,-4280.446561667746
3292,9652.894209322214,-4229.818139896279
3293,9652.894209322214,-4229.818139896279
3294,9652.894209322214,-4455.637957736015
3295,9652.894209322214,-4455.637957736015
3296,9652.894209322214,-4258.325283893202
3297,9652.894209322214,-4258.325283893202
3298,5287.465408024946,-4081.6687457163644
3299,5287.465408024946,-4081.6687457163644
3300,-4169.810162744285,-2971.210320960281
3301,-4169.810162744285,-2971.210320960281
3302,3622.4125858863663,-4620.4707630671965
3303,3622.4125858863663,-4620.4707630671965
3304,9652.894209322214,-2083.668368935678
3305,9652.894209322214,-2083.668368935678
3306,9652.894209322214,-3033.4122189402005
3307,9652.894209322214,-3033.4122189402005
3308,9652.894209322214,-2511.2395188473947
3309,9652.894209322214,-2511.2395188473947
3310,9652.894209322214,-4890.427376849717
3311,9652.894209322214,-4890.427376849717
3312,9652.894209322214,-4631.52399374798
3313,9652.894209322214,-4631.52399374798
3314,9652.894209322214,-4493.8541693895295
3315,9652.894209322214,-4493.8541693895295
3316,9652.894209322214,-4022.60934690242
3317,9652.894209322214,-4022.60934690242
3318,9652.894209322214,-4600.947478533937
3319,9652.894209322214,-4600.947478533937
3320,9652.894209322214,-4781.082886004024
3321,9652.894209322214,-4781.082886004024
3322,3939.4065717358953,-4366.18758927395
3323,3939.4065717358953,-4366.18758927395
3324,-8451.182137099226,-3552.7385294451196
3325,-8451.182137099226,-3552.7385294451196
3326,1885.0052338800124,-5389.854697783994
3327,1885.0052338800124,-5389.854697783994
3328,9652.894209322214,-5567.023767275245
3329,9652.894209322214,-5567.023767275245
3330,9652.894209322214,-5882.360254540588
3331,9652.894209322214,-5882.360254540588
3332,9652.894209322214,-5685.833444976521
3333,9652.894209322214,-5685.833444976521
3334,9652.894209322214,-5121.9224201714405
3335,9652.894209322214,-5121.9224201714405
3336,9652.894209322214,-609.3010536113015
3337,9652.894209322214,-609.3010536113015
3338,9652.894209322214,-3950.121586335661
3339,9652.894209322214,-3950.121586335661
3340,9652.894209322214,-4013.4921240902095
3341,9652.894209322214,-4013.4921240902095
3342,9652.894209322214,-4422.956837510987
3343,9652.894209322214,-4422.956837510987
3344,9652.894209322214,-4942.149376136544
3345,9652.894209322214,-4942.149376136544
3346,5230.568157074551,-5377.601017100344
3347,5230.568157074551,-5377.601017100344
3348,-3315.452118650661,-4384.495405315161
3349,-3315.452118650661,-4384.495405315161
3350,5156.515216160809,-6013.392137998906
3351,5156.515216160809,-6013.392137998906
3352,9652.894209322214,-6300.122526990703
3353,9652.894209322214,-6300.122526990703
3354,9652.894209322214,-5801.118075594859
3355,9652.894209322214,-5801.118075594859
3356,9652.894209322214,-4412.684657141452
3357,9652.894209322214,-4412.684657141452
3358,9652.894209322214,-5485.981089741652
3359,9652.894209322214,-5485.981089741652
3360,9652.894209322214,-1818.9711830601755
3361,9652.894209322214,-1818.9711830601755
3362,9652.894209322214,-4153.673329163097
3363,9652.894209322214,-4153.673329163097
3364,9652.894209322214,-4045.734291863957
3365,9652.894209322214,-4045.734291863957
3366,9652.894209322214,-1037.5370849047613
3367,9652.894209322214,-1037.5370849047613
3368,9652.894209322214,-4353.960735372657
3369,9652.894209322214,-4353.960735372657
3370,9652.894209322214,-6581.382170927715
3371,9652.894209322214,-6581.382170927715
3372,-1699.8036662523446,-5222.83778791654
3373,-1699.8036662523446,-5222.83778791654
3374,6650.769581940229,-5928.112070221367
3375,6650.769581940229,-5928.112070221367
3376,9652.894209322214,-5238.627161721188
3377,9652.894209322214,-5238.627161721188
3378,9652.894209322214,-3645.675276913509
3379,9652.894209322214,-3645.675276913509
3380,9652.894209322214,-1250.0507045431495
3381,9652.894209322214,-1250.0507045431495
3382,9652.894209322214,-3286.670742430133
3383,9652.894209322214,-3286.670742430133
3384,9652.894209322214,-2354.0517733511588
3385,9652.894209322214,-2354.0517733511588
3386,9652.894209322214,-4277.881843248057
3387,9652.894209322214,-4277.881843248057
3388,9652.894209322214,-4329.654338827228
3389,9652.894209322214,-4329.654338827228
3390,9652.894209322214,-4410.796393092061
3391,9652.894209322214,-4410.796393092061
3392,5439.6257813740485,-4392.233487577916
3393,5439.6257813740485,-4392.233487577916
3394,355.0305835276813,-4649.400700601
3395,355.0305835276813,-4649.400700601
3396,-9652.894209322214,-3265.38904503055
3397,-9652.894209322214,-3265.38904503055
3398,-8327.03161511421,-4807.721664600207
3399,-8327.03161511421,-4807.721664600207
3400,-2050.148102704474,-4316.709403559902
3401,-2050.148102704474,-4316.709403559902
3402,9652.894209322214,-4257.942157795214
3403,9652.894209322214,-4257.942157795214
3404,7958.956167190866,-5031.543577846225
3405,7958.956167190866,-5031.543577846225
3406,678.215953307983,-3408.4760577971356
3407,678.215953307983,-3408.4760577971356
3408,4580.951647969909,-2242.7615638326024
3409,4580.951647969909,-2242.7615638326024
3410,1803.989255099772,-3241.24845896642
3411,1803.989255099772,-3241.24845896642
3412,1793.077105814822,-2208.9679182937925
3413,1793.077105814822,-2208.9679182937925
3414,2816.7625474118577,-2143.3489993953463
3415,2816.7625474118577,-2143.3489993953463
3416,-741.7349422148727,-1541.6339138538497
3417,-741.7349422148727,-1541.6339138538497
3418,-9029.571763375887,1363.9810619691034
3419,-9029.571763375887,1363.9810619691034
3420,-9652.894209322214,-10003.621917688171
3421,-9652.894209322214,-10003.621917688171
3422,-9652.894209322214,-6708.224899513188
3423,-9652.894209322214,-6708.224899513188
3424,-252.71182889784905,-4024.9517745453213
3425,-252.71182889784905,-4024.9517745453213
3426,6269.125257624715,-3618.587316221163
3427,6269.125257624715,-3618.587316221163
3428,7929.597423469475,-3229.3873484864835
3429,7929.597423469475,-3229.3873484864835
3430,9652.894209322214,-2568.998137304805
3431,9652.894209322214,-2568.998137304805
3432,2520.438290870112,-2378.5155573908596
3433,2520.438290870112,-2378.5155573908596
3434,-2642.603318062922,-2085.757293746059
3435,-2642.603318062922,-2085.757293746059
3436,-5271.944158322074,-2506.2365773537185
3437,-5271.944158322074,-2506.2365773537185
3438,-1967.190284107659,-2456.3259967505383
3439,-1967.190284107659,-2456.3259967505383
3440,-5839.53489024939,-1460.3408436431273
3441,-5839.53489024939,-1460.3408436431273
3442,-9652.894209322214,-977.0104018841866
3443,-9652.894209322214,-977.0104018841866
3444,-9652.894209322214,-3147.647554065703
3445,-9652.894209322214,-3147.647554065703
3446,-9652.894209322214,-1024.2497759605558
3447,-9652.894209322214,-1024.2497759605558
3448,-9652.894209322214,440.97887423772227
3449,-9652.894209322214,440.97887423772227
3450,-6279.489542361378,1451.3693575919497
3451,-6279.489542361378,1451.3693575919497
3452,-7277.530186370994,920.4515838364587
3453,-7277.530186370994,920.4515838364587
3454,-9652.894209322214,950.9944075930143
3455,-9652.894209322214,950.9944075930143
3456,-9652.894209322214,85.96012241031895
3457,-9652.894209322214,85.96012241031895
3458,-9652.894209322214,-2265.2055079896472
3459,-9652.894209322214,-2265.2055079896472
3460,-9652.894209322214,572.6855179519316
3461,-9652.894209322214,572.6855179519316
3462,-9652.894209322214,-2490.8103687789535
3463,-9652.894209322214,-2490.8103687789535
3464,-9652.894209322214,1096.4573508341764
3465,-9652.894209322214,1096.4573508341764
3466,-9652.894209322214,-376.3856260848679
3467,-9652.894209322214,-376.3856260848679
3468,-9652.894209322214,-5170.011692918044
3469,-9652.894209322214,-5170.011692918044
3470,-9652.894209322214,-3454.546237415332
3471,-9652.894209322214,-3454.546237415332
3472,-9652.894209322214,-28.456666003719874
3473,-9652.894209322214,-28.456666003719874
3474,-9652.894209322214,971.9443750894479
3475,-9652.894209322214,971.9443750894479
3476,-4632.940250607331,-1971.7776505341917
3477,-4632.940250607331,-1971.7776505341917
3478,9652.894209322214,-2659.257460414874
3479,9652.894209322214,-2659.257460414874
3480,9652.894209322214,-2137.4582421603227
3481,9652.894209322214,-2137.4582421603227
3482,9652.894209322214,-2712.397009560191
3483,9652.894209322214,-2712.397009560191
3484,9133.377483490787,-4783.529656244138
3485,9133.377483490787,-4783.529656244138
3486,7997.494955302651,-4580.151582962104
3487,7997.494955302651,-4580.151582962104
3488,-1197.9140946036714,-4239.852491825599
3489,-1197.9140946036714,-4239.852491825599
3490,-9652.894209322214,-5749.921307035156
3491,-9652.894209322214,-5749.921307035156
3492,-9652.894209322214,-4429.695400061213
3493,-9652.894209322214,-4429.695400061213
3494,-9652.894209322214,-5691.322459556717
3495,-9652.894209322214,-5691.322459556717
3496,1966.0972968141677,-4754.221459822818
3497,1966.0972968141677,-4754.221459822818
3498,9652.894209322214,-5906.47215721107
3499,9652.894209322214,-5906.47215721107
3500,9652.894209322214,-6042.654545829511
3501,9652.894209322214,-6042.654545829511
3502,9652.894209322214,-5289.949299565047
3503,9652.894209322214,-5289.949299565047
3504,5720.289046437238,-3465.1632793717527
3505,5720.289046437238,-3465.1632793717527
3506,-1348.851669407586,-2775.1463889723
3507,-1348.851669407586,-2775.1463889723
3508,-6994.739131932489,-2382.5007458126547
3509,-6994.739131932489,-2382.5007458126547
3510,-8484.376337514965,-2324.5920321907633
3511,-8484.376337514965,-2324.5920321907633
3512,-9652.894209322214,-3063.932653296557
3513,-9652.894209322214,-3063.932653296557
3514,-9652.894209322214,-2248.613463931588
3515,-9652.894209322214,-2248.613463931588
3516,-9652.894209322214,-8050.911490571352
3517,-9652.894209322214,-8050.911490571352
3518,-9652.894209322214,-5933.246812358713
3519,-9652.894209322214,-5933.246812358713
3520,-9652.894209322214,-4216.6003885677
3521,-9652.894209322214,-4216.6003885677
3522,-1087.3027669465391,-4455.622048890606
3523,-1087.3027669465391,-4455.622048890606
3524,645.9484194347242,-4609.663884227652
3525,645.9484194347242,-4609.663884227652
3526,1214.0564533290344,-3910.4274439779456
3527,1214.0564533290344,-3910.4274439779456
3528,-4447.2922892415045,-2557.6129508021822
3529,-4447.2922892415045,-2557.6129508021822
3530,-8440.674684879967,-2138.351678256773
3531,-8440.674684879967,-2138.351678256773
3532,-9652.894209322214,-2447.723536159938
3533,-9652.894209322214,-2447.723536159938
3534,-9652.894209322214,-2849.818389236405
3535,-9652.894209322214,-2849.818389236405
3536,-9652.894209322214,-2052.764207714512
3537,-9652.894209322214,-2052.764207714512
3538,-9652.894209322214,-1898.9418773687812
3539,-9652.894209322214,-1898.9418773687812
3540,-9652.894209322214,-8189.95857709166
3541,-9652.894209322214,-8189.95857709166
3542,-9652.894209322214,-2516.7395942177027
3543,-9652.894209322214,-2516.7395942177027
3544,-9652.894209322214,-3344.0129885108654
3545,-9652.894209322214,-3344.0129885108654
3546,-9652.894209322214,-4973.045298932133
3547,-9652.894209322214,-4973.045298932133
3548,-9652.894209322214,-685.8662051437859
3549,-9652.894209322214,-685.8662051437859
3550,8182.385424976483,-4562.524572524324
3551,8182.385424976483,-4562.524572524324
3552,4365.807814648717,-4063.0589828213815
3553,4365.807814648717,-4063.0589828213815
3554,1960.933792414824,-3889.0775032638085
3555,1960.933792414824,-3889.0775032638085
3556,1653.0520413881522,-4001.6716658029054
3557,1653.0520413881522,-4001.6716658029054
3558,5824.442524596974,-4421.895646709285
3559,5824.442524596974,-4421.895646709285
3560,3999.9112753819627,-4022.469429009494
3561,3999.9112753819627,-4022.469429009494
3562,-9652.894209322214,-1673.701901645094
3563,-9652.894209322214,-1673.701901645094
3564,-9652.894209322214,-3789.543748447999
3565,-9652.894209322214,-3789.543748447999
3566,-9652.894209322214,-2465.4200723072863
3567,-9652.894209322214,-2465.4200723072863
3568,9652.894209322214,-5195.7401660795385
3569,9652.894209322214,-5195.7401660795385
3570,9652.894209322214,-5490.7810369987
3571,9652.894209322214,-5490.7810369987
3572,9652.894209322214,-2870.242022871793
3573,9652.894209322214,-2870.242022871793
3574,9652.894209322214,-3162.1809971211424
3575,9652.894209322214,-3162.1809971211424
3576,9652.894209322214,-3513.1469488597613
3577,9652.894209322214,-3513.1469488597613
3578,9652.894209322214,-3775.8779012046016
3579,9652.894209322214,-3775.8779012046016
3580,9652.894209322214,-3541.5759090933225
3581,9652.894209322214,-3541.5759090933225
3582,9652.894209322214,-3603.0931865327493
3583,9652.894209322214,-3603.0931865327493
3584,9652.894209322214,-2577.9472754518083
3585,9652.894209322214,-2577.9472754518083
3586,7025.388671168506,-1903.4155614004885
3587,7025.388671168506,-1903.4155614004885
3588,-1680.18833733491,-2088.3264495167696
3589,-1680.18833733491,-2088.3264495167696
3590,656.8936010095058,-3972.527268551854
3591,656.8936010095058,-3972.527268551854
3592,9652.894209322214,-4710.626991516016
3593,9652.894209322214,-4710.626991516016
3594,9652.894209322214,-4951.888384498014
3595,9652.894209322214,-4951.888384498014
3596,9652.894209322214,-4272.60544030321
3597,9652.894209322214,-4272.60544030321
3598,9652.894209322214,-3865.0420311916623
3599,9652.894209322214,-3865.0420311916623
3600,9652.894209322214,1412.810236477224
3601,9652.894209322214,1412.810236477224
3602,9652.894209322214,-2835.293618443504
3603,9652.894209322214,-2835.293618443504
3604,9652.894209322214,-2699.4794240354404
3605,9652.894209322214,-2699.4794240354404
3606,9652.894209322214,-2633.069128724741
3607,9652.894209322214,-2633.069128724741
3608,9652.894209322214,-1871.5259991167677
3609,9652.894209322214,-1871.5259991167677
3610,3269.4997015671524,-2814.3014240697375
3611,3269.4997015671524,-2814.3014240697375
3612,422.628472676628,-2541.4540143437443
3613,422.628472676628,-2541.4540143437443
3614,9652.894209322214,-3995.284073653216
3615,9652.894209322214,-3995.284073653216
3616,9652.894209322214,-2754.307048245315
3617,9652.894209322214,-2754.307048245315
3618,9652.894209322214,-1410.2055531825335
3619,9652.894209322214,-1410.2055531825335
3620,9652.894209322214,-4513.661373156485
3621,9652.894209322214,-4513.661373156485
3622,9652.894209322214,-4802.320987798064
3623,9652.894209322214,-4802.320987798064
3624,9652.894209322214,-3642.5442787347274
3625,9652.894209322214,-3642.5442787347274
3626,9652.894209322214,-3125.830329367218
3627,9652.894209322214,-3125.830329367218
3628,9652.894209322214,-2795.365184100583
3629,9652.894209322214,-2795.365184100583
3630,9652.894209322214,-3039.321301845357
3631,9652.894209322214,-3039.321301845357
3632,9652.894209322214,-2844.9717296047766
3633,9652.894209322214,-2844.9717296047766
3634,9652.894209322214,-4421.12708382581
3635,9652.894209322214,-4421.12708382581
3636,-2678.3420464707215,-3680.9715474171862
3637,-2678.3420464707215,-3680.9715474171862
3638,2558.001649530059,-2796.92059798015
3639,2558.001649530059,-2796.92059798015
3640,9652.894209322214,-6014.082843142665
3641,9652.894209322214,-6014.082843142665
3642,9652.894209322214,-3897.9767687019194
3643,9652.894209322214,-3897.9767687019194
3644,9652.894209322214,-3890.634385360092
3645,9652.894209322214,-3890.634385360092
3646,9652.894209322214,-5346.1598129754875
3647,9652.894209322214,-5346.1598129754875
3648,9652.894209322214,-4329.080681758067
3649,9652.894209322214,-4329.080681758067
3650,9652.894209322214,-3535.825542980763
3651,9652.894209322214,-3535.825542980763
3652,9652.894209322214,-3196.8351362592784
3653,9652.894209322214,-3196.8351362592784
3654,9652.894209322214,-3426.0598927439223
3655,9652.894209322214,-3426.0598927439223
3656,8378.769945817137,-4091.9586153296477
3657,8378.769945817137,-4091.9586153296477
3658,-9652.894209322214,-2751.3097284237138
3659,-9652.894209322214,-2751.3097284237138
3660,-9652.894209322214,-2131.459251518094
3661,-9652.894209322214,-2131.459251518094
3662,-9414.669454718212,-3633.546643268355
3663,-9414.669454718212,-3633.546643268355
3664,9652.894209322214,-6493.095360933218
3665,9652.894209322214,-6493.095360933218
3666,9652.894209322214,-6149.017408675489
3667,9652.894209322214,-6149.017408675489
3668,9652.894209322214,-5353.5188170768
3669,9652.894209322214,-5353.5188170768
3670,9652.894209322214,-6154.011470120766
3671,9652.894209322214,-6154.011470120766
3672,9652.894209322214,-5032.721956101826
3673,9652.894209322214,-5032.721956101826
3674,9652.894209322214,-4540.950601820759
3675,9652.894209322214,-4540.950601820759
3676,9652.894209322214,-4379.512394409241
3677,9652.894209322214,-4379.512394409241
3678,9652.894209322214,-4323.410162186419
3679,9652.894209322214,-4323.410162186419
3680,4624.175232369634,-4821.999200577999
3681,4624.175232369634,-4821.999200577999
3682,-9652.894209322214,-3203.4852026129283
3683,-9652.894209322214,-3203.4852026129283
3684,-9652.894209322214,-1954.253677554594
3685,-9652.894209322214,-1954.253677554594
3686,-9652.894209322214,-3651.39906350373
3687,-9652.894209322214,-3651.39906350373
3688,9652.894209322214,-5579.18954317826
3689,9652.894209322214,-5579.18954317826
3690,9652.894209322214,-4171.401298331921
3691,9652.894209322214,-4171.401298331921
3692,9652.894209322214,-3545.1518010451873
3693,9652.894209322214,-3545.1518010451873
3694,9652.894209322214,-2614.4940425264376
3695,9652.894209322214,-2614.4940425264376
3696,9652.894209322214,-4244.746478313967
3697,9652.894209322214,-4244.746478313967
3698,9652.894209322214,-3640.3349900712433
3699,9652.894209322214,-3640.3349900712433
3700,9652.894209322214,-3395.434479460284
3701,9652.894209322214,-3395.434479460284
3702,9652.894209322214,-3694.5396853633356
3703,9652.894209322214,-3694.5396853633356
3704,7366.813411656265,-3823.9050459683895
3705,7366.813411656265,-3823.9050459683895
3706,-9652.894209322214,-2372.741133309253
3707,-9652.894209322214,-2372.741133309253
3708,-9652.894209322214,-3947.1006925105444
3709,-9652.894209322214,-3947.1006925105444
3710,-9652.894209322214,-2897.596078603407
3711,-9652.894209322214,-2897.596078603407
3712,9652.894209322214,-5622.246394134119
3713,9652.894209322214,-5622.246394134119
3714,9652.894209322214,-7472.9455880243095
3715,9652.894209322214,-7472.9455880243095
3716,9652.894209322214,-3360.582537012885
3717,9652.894209322214,-3360.582537012885
3718,9652.894209322214,-5463.934551762752
3719,9652.894209322214,-5463.934551762752
3720,9652.894209322214,-5670.885907632588
3721,9652.894209322214,-5670.885907632588
3722,9652.894209322214,-4747.344615410167
3723,9652.894209322214,-4747.344615410167
3724,9652.894209322214,-4366.968988921158
3725,9652.894209322214,-4366.968988921158
3726,9652.894209322214,-4390.624834035834
3727,9652.894209322214,-4390.624834035834
3728,9652.894209322214,-5557.874361112098
3729,9652.894209322214,-5557.874361112098
3730,574.1092842754041,-5771.48730580025
3731,574.1092842754041,-5771.48730580025
3732,-6717.899160220242,-5278.808826919061
3733,-6717.899160220242,-5278.808826919061
3734,580.1499991363398,-5197.0587854145
3735,580.1499991363398,-5197.0587854145
3736,9652.894209322214,-6502.941750421232
3737,9652.894209322214,-6502.941750421232
3738,9652.894209322214,-3486.3784705529215
3739,9652.894209322214,-3486.3784705529215
3740,9652.894209322214,-3471.8722476313233
3741,9652.894209322214,-3471.8722476313233
3742,9652.894209322214,-3001.0300833321644
3743,9652.894209322214,-3001.0300833321644
3744,9652.894209322214,-3623.2689734142778
3745,9652.894209322214,-3623.2689734142778
3746,9652.894209322214,-4378.447295715089
3747,9652.894209322214,-4378.447295715089
3748,9652.894209322214,-3500.5630353218785
3749,9652.894209322214,-3500.5630353218785
3750,9652.894209322214,-3156.4714522165136
3751,9652.894209322214,-3156.4714522165136
3752,9652.894209322214,-2525.0388878232347
3753,9652.894209322214,-2525.0388878232347
3754,9652.894209322214,-3930.3402407450503
3755,9652.894209322214,-3930.3402407450503
3756,5432.8083276733105,-2962.458689831274
3757,5432.8083276733105,-2962.458689831274
3758,7746.637066556852,-4685.466945134582
3759,7746.637066556852,-4685.466945134582
3760,9652.894209322214,-5057.167292916534
3761,9652.894209322214,-5057.167292916534
3762,9652.894209322214,-4573.159791497205
3763,9652.894209322214,-4573.159791497205
3764,9652.894209322214,-4630.940618020279
3765,9652.894209322214,-4630.940618020279
3766,9652.894209322214,-5723.1380968481235
3767,9652.894209322214,-5723.1380968481235
3768,9652.894209322214,-4208.071613134845
3769,9652.894209322214,-4208.071613134845
3770,9652.894209322214,-3574.799535340073
3771,9652.894209322214,-3574.799535340073
3772,9652.894209322214,-3433.356681130585
3773,9652.894209322214,-3433.356681130585
3774,9652.894209322214,-3291.049496157448
3775,9652.894209322214,-3291.049496157448
3776,9652.894209322214,-3222.561920872562
3777,9652.894209322214,-3222.561920872562
3778,9652.894209322214,-3669.109821993465
3779,9652.894209322214,-3669.109821993465
3780,2932.8001399588484,-2698.7745191298727
3781,2932.8001399588484,-2698.7745191298727
3782,9652.894209322214,-4810.47047099903
3783,9652.894209322214,-4810.47047099903
3784,9652.894209322214,-4482.467343421109
3785,9652.894209322214,-4482.467343421109
3786,9652.894209322214,-5307.059823218571
3787,9652.894209322214,-5307.059823218571
3788,9652.894209322214,-5067.773417881052
3789,9652.894209322214,-5067.773417881052
3790,9652.894209322214,-3854.7383029209655
3791,9652.894209322214,-3854.7383029209655
3792,9652.894209322214,-3052.212302006713
3793,9652.894209322214,-3052.212302006713
3794,9652.894209322214,-2743.832851312484
3795,9652.894209322214,-2743.832851312484
3796,7269.7446042448155,-2906.3404720966337
3797,7269.7446042448155,-2906.3404720966337
3798,8483.466380944894,-3147.1511256631475
3799,8483.466380944894,-3147.1511256631475
3800,9652.894209322214,-4322.154376026157
3801,9652.894209322214,-4322.154376026157
3802,3709.107587384682,-4440.078356264745
3803,3709.107587384682,-4440.078356264745
3804,-4012.7658258783827,-3068.1849716969095
3805,-4012.7658258783827,-3068.1849716969095
3806,3696.5915664166587,-4724.539220667108
3807,3696.5915664166587,-4724.539220667108
3808,9652.894209322214,-5767.813003152729
3809,9652.894209322214,-5767.813003152729
3810,9652.894209322214,-6708.099954724467
3811,9652.894209322214,-6708.099954724467
3812,9652.894209322214,-6062.443283006422
3813,9652.894209322214,-6062.443283006422
3814,9652.894209322214,-5120.788069395162
3815,9652.894209322214,-5120.788069395162
3816,9652.894209322214,-4022.3207679367383
3817,9652.894209322214,-4022.3207679367383
3818,9652.894209322214,-3874.117038897476
3819,9652.894209322214,-3874.117038897476
3820,9652.894209322214,-4003.872302300796
3821,9652.894209322214,-4003.872302300796
3822,9652.894209322214,-4154.149233106157
3823,9652.894209322214,-4154.149233106157
3824,8527.157302656784,-4574.633081818954
3825,8527.157302656784,-4574.633081818954
3826,-3629.8556374637255,-4623.604095257747
3827,-3629.8556374637255,-4623.604095257747
3828,-9652.894209322214,-4091.385760155546
3829,-9652.894209322214,-4091.385760155546
3830,-6826.468292856502,-3888.7751465841066
3831,-6826.468292856502,-3888.7751465841066
3832,9652.894209322214,-5789.115697051694
3833,9652.894209322214,-5789.115697051694
3834,9652.894209322214,-4909.832027936959
3835,9652.894209322214,-4909.832027936959
3836,9652.894209322214,-5571.0436895601415
3837,9652.894209322214,-5571.0436895601415
3838,9652.894209322214,-4707.424037786488
3839,9652.894209322214,-4707.424037786488
3840,9652.894209322214,-3312.6802437811266
3841,9652.894209322214,-3312.6802437811266
3842,9652.894209322214,-2929.5974997703634
3843,9652.894209322214,-2929.5974997703634
3844,9652.894209322214,-3058.7060194118435
3845,9652.894209322214,-3058.7060194118435
3846,8443.228693117704,-3723.9463431521854
3847,8443.228693117704,-3723.9463431521854
3848,6357.929149656718,-5013.198763969482
3849,6357.929149656718,-5013.198763969482
3850,-5639.646529423013,-3534.590551526699
3851,-5639.646529423013,-3534.590551526699
3852,-9652.894209322214,-5805.875588455417
3853,-9652.894209322214,-5805.875588455417
3854,-2918.7310721837584,-5179.559050042171
3855,-2918.7310721837584,-5179.559050042171
3856,9652.894209322214,-6688.703412473087
3857,9652.894209322214,-6688.703412473087
3858,9652.894209322214,-5876.544343809428
3859,9652.894209322214,-5876.544343809428
3860,9652.894209322214,-3217.3168455962714
3861,9652.894209322214,-3217.3168455962714
3862,9652.894209322214,-3950.1885880624473
3863,9652.894209322214,-3950.1885880624473
3864,9652.894209322214,-4342.6556805787495
3865,9652.894209322214,-4342.6556805787495
3866,9652.894209322214,-3802.8819885061803
3867,9652.894209322214,-3802.8819885061803
3868,9652.894209322214,-3783.4798006543224
3869,9652.894209322214,-3783.4798006543224
3870,9652.894209322214,-4331.689218158192
3871,9652.894209322214,-4331.689218158192
3872,9652.894209322214,-5929.900497440654
3873,9652.894209322214,-5929.900497440654
3874,9652.894209322214,-5087.439388436507
3875,9652.894209322214,-5087.439388436507
3876,9652.894209322214,-6459.7350056020005
3877,9652.894209322214,-6459.7350056020005
3878,9652.894209322214,-4525.402509819747
3879,9652.894209322214,-4525.402509819747
3880,9652.894209322214,-6887.397833172349
3881,9652.894209322214,-6887.397833172349
3882,9652.894209322214,-4269.48389837743
3883,9652.894209322214,-4269.48389837743
3884,9652.894209322214,-4188.031672530249
3885,9652.894209322214,-4188.031672530249
3886,9652.894209322214,-3385.7569389785513
3887,9652.894209322214,-3385.7569389785513
3888,9652.894209322214,-3733.165189475376
3889,9652.894209322214,-3733.165189475376
3890,9652.894209322214,-4313.3720280159305
3891,9652.894209322214,-4313.3720280159305
3892,9652.894209322214,-4291.8010609258035
3893,9652.894209322214,-4291.8010609258035
3894,9652.894209322214,-4567.642225922882
3895,9652.894209322214,-4567.642225922882
3896,9652.894209322214,-5246.7348740695215
3897,9652.894209322214,-5246.7348740695215
3898,9652.894209322214,-3830.562555635579
3899,9652.894209322214,-3830.562555635579
3900,9652.894209322214,-4727.525392397523
3901,9652.894209322214,-4727.525392397523
3902,9652.894209322214,-5006.318077504513
3903,9652.894209322214,-5006.318077504513
3904,9652.894209322214,-6505.527531431692
3905,9652.894209322214,-6505.527531431692
3906,9652.894209322214,-2535.494205858229
3907,9652.894209322214,-2535.494205858229
3908,9652.894209322214,-2241.031107772753
3909,9652.894209322214,-2241.031107772753
3910,9652.894209322214,-5678.092946157818
3911,9652.894209322214,-5678.092946157818
3912,9652.894209322214,-4391.806465542526
3913,9652.894209322214,-4391.806465542526
3914,9652.894209322214,-3645.47746802839
3915,9652.894209322214,-3645.47746802839
3916,9652.894209322214,-3616.1760470212703
3917,9652.894209322214,-3616.1760470212703
3918,9652.894209322214,-3797.2502789474693
3919,9652.894209322214,-3797.2502789474693
3920,9652.894209322214,-3453.788896655278
3921,9652.894209322214,-3453.788896655278
3922,9652.894209322214,-3792.914927203863
3923,9652.894209322214,-3792.914927203863
3924,9652.894209322214,-3089.056907428836
3925,9652.894209322214,-3089.056907428836
3926,9652.894209322214,-3205.9314948911724
3927,9652.894209322214,-3205.9314948911724
3928,9652.894209322214,-4779.7339129942175
3929,9652.894209322214,-4779.7339129942175
3930,9652.894209322214,-840.8172519885884
3931,9652.894209322214,-840.8172519885884
3932,9652.894209322214,-172.07365300471793
3933,9652.894209322214,-172.07365300471793
3934,9652.894209322214,-1094.6101833815355
3935,9652.894209322214,-1094.6101833815355
3936,9652.894209322214,-3049.2216524936503
3937,9652.894209322214,-3049.2216524936503
3938,9652.894209322214,-2646.8481268231444
3939,9652.894209322214,-2646.8481268231444
3940,9652.894209322214,-2705.0696038267997
3941,9652.894209322214,-2705.0696038267997
3942,9652.894209322214,-2467.9548672367127
3943,9652.894209322214,-2467.9548672367127
3944,9652.894209322214,-1851.9084246899165
3945,9652.894209322214,-1851.9084246899165
3946,9652.894209322214,-3773.5369751390117
3947,9652.894209322214,-3773.5369751390117
3948,-1824.4451241726529,-3680.094463614987
3949,-1824.4451241726529,-3680.094463614987
3950,-9652.894209322214,-1721.1474004145402
3951,-9652.894209322214,-1721.1474004145402
3952,-6396.135177213873,927.9235503786058
3953,-6396.135177213873,927.9235503786058
3954,-3103.2323395328694,403.55947578193627
3955,-3103.2323395328694,403.55947578193627
3956,-3567.6802740051244,-1120.5168048266132
3957,-3567.6802740051244,-1120.5168048266132
3958,-4968.925499871508,-498.5026696892928
3959,-4968.925499871508,-498.5026696892928
3960,-8195.226469537316,469.3809182055975
3961,-8195.226469537316,469.3809182055975
3962,-9652.894209322214,517.3943578885301
3963,-9652.894209322214,517.3943578885301
3964,-7330.219172610079,-76.5561140861737
3965,-7330.219172610079,-76.5561140861737
3966,-9652.894209322214,-547.8174364235074
3967,-9652.894209322214,-547.8174364235074
3968,-6655.117327377957,-1881.6965305225149
3969,-6655.117327377957,-1881.6965305225149
3970,-9652.894209322214,-1482.988919408017
3971,-9652.894209322214,-1482.988919408017
3972,-9652.894209322214,-1652.1835546048187
3973,-9652.894209322214,-1652.1835546048187
3974,-9652.894209322214,-3027.8804791681123
3975,-9652.894209322214,-3027.8804791681123
3976,-5748.1345922630735,-4058.8528120594256
3977,-5748.1345922630735,-4058.8528120594256
3978,1023.4947968018914,-4593.045886932845
3979,1023.4947968018914,-4593.045886932845
3980,4451.059983842734,-3822.2969582053756
3981,4451.059983842734,-3822.2969582053756
3982,1033.1722857083914,-2949.9506973305233
3983,1033.1722857083914,-2949.9506973305233
3984,938.8125932666189,-1678.8852861483756
3985,938.8125932666189,-1678.8852861483756
3986,6385.720544832746,-3770.5958955653605
3987,6385.720544832746,-3770.5958955653605
3988,-2711.964572662957,-1041.0691171632043
3989,-2711.964572662957,-1041.0691171632043
3990,-9652.894209322214,-1805.8330416238405
3991,-9652.894209322214,-1805.8330416238405
3992,-5295.057742523735,-2453.651163647597
3993,-5295.057742523735,-2453.651163647597
3994,-9289.66421613309,-2054.0269785478285
3995,-9289.66421613309,-2054.0269785478285
3996,-9652.894209322214,-2495.705001972863
3997,-9652.894209322214,-2495.705001972863
3998,-9652.894209322214,-3592.0237095588036
3999,-9652.894209322214,-3592.0237095588036
4000,959.1896422316786,-3379.5610810989892
4001,959.1896422316786,-3379.5610810989892
4002,1329.7508960722116,-4728.115053423253
4003,1329.7508960722116,-4728.115053423253
4004,8783.603850731586,-4733.653490727187
4005,8783.603850731586,-4733.653490727187
4006,9048.448953929768,-4212.531411829768
4007,9048.448953929768,-4212.531411829768
4008,9652.894209322214,-2479.6037703549846
4009,9652.894209322214,-2479.6037703549846
4010,9652.894209322214,-2156.7198195565925
4011,9652.894209322214,-2156.7198195565925
4012,9652.894209322214,-5279.283132690158
4013,9652.894209322214,-5279.283132690158
4014,-3948.7295743669674,-3213.3288501122697
4015,-3948.7295743669674,-3213.3288501122697
4016,-5290.437492306606,-3810.763173245934
4017,-5290.437492306606,-3810.763173245934
4018,-4534.92088838189,-5969.316130676823
4019,-4534.92088838189,-5969.316130676823
4020,-9652.894209322214,-5487.801707904817
4021,-9652.894209322214,-5487.801707904817
4022,-9159.849250555388,-4311.79886441678
4023,-9159.849250555388,-4311.79886441678
4024,-5190.82714400228,-4424.239341790246
4025,-5190.82714400228,-4424.239341790246
4026,6439.739900148262,-4722.35484470982
4027,6439.739900148262,-4722.35484470982
4028,8279.305346452331,-4303.818087805224
4029,8279.305346452331,-4303.818087805224
4030,6459.443853772865,-3621.324486722464
4031,6459.443853772865,-3621.324486722464
4032,9652.894209322214,-2428.706120672032
4033,9652.894209322214,-2428.706120672032
4034,9652.894209322214,-2005.9083247397339
4035,9652.894209322214,-2005.9083247397339
4036,7461.334990036436,-2334.124723039886
4037,7461.334990036436,-2334.124723039886
4038,9652.894209322214,-3013.4633985327728
4039,9652.894209322214,-3013.4633985327728
4040,9652.894209322214,-1223.152897002261
4041,9652.894209322214,-1223.152897002261
4042,-875.37171431975,-1670.5835785388917
4043,-875.37171431975,-1670.5835785388917
4044,-8066.47949137925,-260.96500754426415
4045,-8066.47949137925,-260.96500754426415
4046,-485.2305404284889,-2992.0212687316944
4047,-485.2305404284889,-2992.0212687316944
4048,9652.894209322214,-532.8560028331267
4049,9652.894209322214,-532.8560028331267
4050,9652.894209322214,-5097.40171013689
4051,9652.894209322214,-5097.40171013689
4052,9652.894209322214,-3833.846691303783
4053,9652.894209322214,-3833.846691303783
4054,9652.894209322214,-4335.402138432009
4055,9652.894209322214,-4335.402138432009
4056,9652.894209322214,-3639.4510594022304
4057,9652.894209322214,-3639.4510594022304
4058,9652.894209322214,-593.2500775139906
4059,9652.894209322214,-593.2500775139906
4060,9652.894209322214,-2219.2573988160657
4061,9652.894209322214,-2219.2573988160657
4062,9652.894209322214,-1378.724063136484
4063,9652.894209322214,-1378.724063136484
4064,9652.894209322214,-680.787001607463
4065,9652.894209322214,-680.787001607463
4066,636.4613880684337,-3710.335121620954
4067,636.4613880684337,-3710.335121620954
4068,-9652.894209322214,-2170.7758000973117
4069,-9652.894209322214,-2170.7758000973117
4070,-7455.210668787273,-2459.922722256608
4071,-7455.210668787273,-2459.922722256608
4072,9652.894209322214,-4311.0024497958275
4073,9652.894209322214,-4311.0024497958275
4074,9652.894209322214,-4231.9662149261985
4075,9652.894209322214,-4231.9662149261985
4076,9652.894209322214,-3916.4073091585033
4077,9652.894209322214,-3916.4073091585033
4078,9652.894209322214,-3428.742284063339
4079,9652.894209322214,-3428.742284063339
4080,9652.894209322214,526.4965411714766
4081,9652.894209322214,526.4965411714766
4082,9652.894209322214,-82.00347247816535
4083,9652.894209322214,-82.00347247816535
4084,9652.894209322214,-2322.519770589033
4085,9652.894209322214,-2322.519770589033
4086,9652.894209322214,-1499.4042380039828
4087,9652.894209322214,-1499.4042380039828
4088,7098.558978737863,-465.90895014827765
4089,7098.558978737863,-465.90895014827765
4090,-698.5116560667375,-1196.2787404299288
4091,-698.5116560667375,-1196.2787404299288
4092,-9652.894209322214,-853.3707561738556
4093,-9652.894209322214,-853.3707561738556
4094,-4007.229358487217,-2266.830390864163
4095,-4007.229358487217,-2266.830390864163
4096,2660.6376693017264,-832.1269040489424
4097,2660.6376693017264,-832.1269040489424
4098,9652.894209322214,2347.9691719806888
4099,9652.894209322214,2347.9691719806888
4100,9652.894209322214,478.030664571128
4101,9652.894209322214,478.030664571128
4102,9652.894209322214,-2119.076945269584
4103,9652.894209322214,-2119.076945269584
4104,9652.894209322214,-2273.431601924136
4105,9652.894209322214,-2273.431601924136
4106,9652.894209322214,-2619.9930594264533
4107,9652.894209322214,-2619.9930594264533
4108,9652.894209322214,-3571.194682517309
4109,9652.894209322214,-3571.194682517309
4110,9652.894209322214,-3331.9035345195607
4111,9652.894209322214,-3331.9035345195607
4112,9652.894209322214,-610.8953516200108
4113,9652.894209322214,-610.8953516200108
4114,9652.894209322214,-2769.658504684665
4115,9652.894209322214,-2769.658504684665
4116,9652.894209322214,-4243.517472521979
4117,9652.894209322214,-4243.517472521979
4118,9652.894209322214,-5639.852814160897
4119,9652.894209322214,-5639.852814160897
4120,9652.894209322214,-4488.586671833487
4121,9652.894209322214,-4488.586671833487
4122,9652.894209322214,-6062.438309502633
4123,9652.894209322214,-6062.438309502633
4124,9652.894209322214,-6107.614454662584
4125,9652.894209322214,-6107.614454662584
4126,9652.894209322214,-5556.438728895124
4127,9652.894209322214,-5556.438728895124
4128,9652.894209322214,-1955.152604527253
4129,9652.894209322214,-1955.152604527253
4130,9652.894209322214,-4091.049203793531
4131,9652.894209322214,-4091.049203793531
4132,9652.894209322214,-3837.7885983745036
4133,9652.894209322214,-3837.7885983745036
4134,9652.894209322214,-4426.311433550716
4135,9652.894209322214,-4426.311433550716
4136,9652.894209322214,-4791.973265868704
4137,9652.894209322214,-4791.973265868704
4138,9652.894209322214,-5335.803076326742
4139,9652.894209322214,-5335.803076326742
4140,8294.534583051372,-4227.7475975092075
4141,8294.534583051372,-4227.7475975092075
4142,9652.894209322214,-6003.254557346474
4143,9652.894209322214,-6003.254557346474
4144,9652.894209322214,-3307.5690021138817
4145,9652.894209322214,-3307.5690021138817
4146,9652.894209322214,-7164.033211590365
4147,9652.894209322214,-7164.033211590365
4148,9652.894209322214,-5452.650785550164
4149,9652.894209322214,-5452.650785550164
4150,9652.894209322214,-4669.657528668886
4151,9652.894209322214,-4669.657528668886
4152,9652.894209322214,-1619.8825475540998
4153,9652.894209322214,-1619.8825475540998
4154,9652.894209322214,-2757.668573463643
4155,9652.894209322214,-2757.668573463643
4156,9652.894209322214,-3720.1742397151684
4157,9652.894209322214,-3720.1742397151684
4158,9652.894209322214,-5844.887927742764
4159,9652.894209322214,-5844.887927742764
4160,9652.894209322214,-8151.909970497838
4161,9652.894209322214,-8151.909970497838
4162,2180.5359278206515,-6098.4452137647295
4163,2180.5359278206515,-6098.4452137647295
4164,-8700.0819274581,-4437.630880032861
4165,-8700.0819274581,-4437.630880032861
4166,-1920.3334550892469,-6265.5842891339635
4167,-1920.3334550892469,-6265.5842891339635
4168,9652.894209322214,-10172.129993573264
4169,9652.894209322214,-10172.129993573264
4170,9652.894209322214,-7698.868408633496
4171,9652.894209322214,-7698.868408633496
4172,9652.894209322214,-7590.020200022355
4173,9652.894209322214,-7590.020200022355
4174,9652.894209322214,-6969.8229159682605
4175,9652.894209322214,-6969.8229159682605
4176,9652.894209322214,-3777.256276405513
4177,9652.894209322214,-3777.256276405513
4178,9652.894209322214,-4832.982465433339
4179,9652.894209322214,-4832.982465433339
4180,9652.894209322214,-4747.486813266527
4181,9652.894209322214,-4747.486813266527
4182,9652.894209322214,-5049.952739087674
4183,9652.894209322214,-5049.952739087674
4184,9652.894209322214,-4460.215619353014
4185,9652.894209322214,-4460.215619353014
4186,9652.894209322214,-8101.099650294132
4187,9652.894209322214,-8101.099650294132
4188,3704.455227498627,-6805.39194732269
4189,3704.455227498627,-6805.39194732269
4190,2510.0875222225004,-8325.38822216223
4191,2510.0875222225004,-8325.38822216223
4192,5977.483822164838,-6911.568165025866
4193,5977.483822164838,-6911.568165025866
4194,9652.894209322214,-7119.239003353258
4195,9652.894209322214,-7119.239003353258
4196,9652.894209322214,-6803.332944454501
4197,9652.894209322214,-6803.332944454501
4198,9652.894209322214,-4372.59233536604
4199,9652.894209322214,-4372.59233536604
4200,9652.894209322214,-4629.498375989613
4201,9652.894209322214,-4629.498375989613
4202,9652.894209322214,-4488.509492127716
4203,9652.894209322214,-4488.509492127716
4204,9652.894209322214,-3503.038907268856
4205,9652.894209322214,-3503.038907268856
4206,9652.894209322214,-2719.9823685938645
4207,9652.894209322214,-2719.9823685938645
4208,9652.894209322214,-2982.8771034666916
4209,9652.894209322214,-2982.8771034666916
4210,9652.894209322214,-5961.09562618139
4211,9652.894209322214,-5961.09562618139
4212,2259.8640642719984,-4995.394958215407
4213,2259.8640642719984,-4995.394958215407
4214,3418.179638863967,-5739.45588969476
4215,3418.179638863967,-5739.45588969476
4216,9652.894209322214,-5086.348096655549
4217,9652.894209322214,-5086.348096655549
4218,9652.894209322214,-1516.0516551534347
4219,9652.894209322214,-1516.0516551534347
4220,9652.894209322214,-592.4730208854817
4221,9652.894209322214,-592.4730208854817
4222,9652.894209322214,-45.18413175739806
4223,9652.894209322214,-45.18413175739806
4224,9652.894209322214,-1260.529753680492
4225,9652.894209322214,-1260.529753680492
4226,9652.894209322214,-3663.4174828205832
4227,9652.894209322214,-3663.4174828205832
4228,9652.894209322214,-1951.9157117599862
4229,9652.894209322214,-1951.9157117599862
4230,9652.894209322214,-3178.5595349936066
4231,9652.894209322214,-3178.5595349936066
4232,9652.894209322214,-1940.997439133669
4233,9652.894209322214,-1940.997439133669
4234,2473.9950863900012,-3297.442256285818
4235,2473.9950863900012,-3297.442256285818
4236,-8468.13867846231,-3322.1610128488337
4237,-8468.13867846231,-3322.1610128488337
4238,-1945.2483170005034,-4421.388808505833
4239,-1945.2483170005034,-4421.388808505833
4240,9652.894209322214,-3759.3284242949703
4241,9652.894209322214,-3759.3284242949703
4242,9652.894209322214,-2425.456622452999
4243,9652.894209322214,-2425.456622452999
4244,9652.894209322214,-1109.906007763415
4245,9652.894209322214,-1109.906007763415
4246,9652.894209322214,-2282.9005395550157
4247,9652.894209322214,-2282.9005395550157
4248,9652.894209322214,-2425.4246751595565
4249,9652.894209322214,-2425.4246751595565
4250,9652.894209322214,-348.41376204053995
4251,9652.894209322214,-348.41376204053995
4252,9652.894209322214,-3238.960788430266
4253,9652.894209322214,-3238.960788430266
4254,9652.894209322214,-2668.117329886236
4255,9652.894209322214,-2668.117329886236
4256,9652.894209322214,-2160.2592257485103
4257,9652.894209322214,-2160.2592257485103
4258,8685.707455532465,-3634.789787596381
4259,8685.707455532465,-3634.789787596381
4260,-2216.9579833352855,-3194.1896066616464
4261,-2216.9579833352855,-3194.1896066616464
4262,4617.713317268397,-5128.628639016995
4263,4617.713317268397,-5128.628639016995
4264,9652.894209322214,-4050.39607039355
4265,9652.894209322214,-4050.39607039355
4266,9652.894209322214,-210.09501157191698
4267,9652.894209322214,-210.09501157191698
4268,9652.894209322214,-112.91798937987187
4269,9652.894209322214,-112.91798937987187
4270,9652.894209322214,-978.7567154111803
4271,9652.894209322214,-978.7567154111803
4272,9652.894209322214,-2872.5242927973777
4273,9652.894209322214,-2872.5242927973777
4274,9652.894209322214,-1105.5932920986197
4275,9652.894209322214,-1105.5932920986197
4276,9652.894209322214,-1879.2663895336736
4277,9652.894209322214,-1879.2663895336736
4278,9652.894209322214,-3241.788616579637
4279,9652.894209322214,-3241.788616579637
4280,9652.894209322214,-3149.970050295886
4281,9652.894209322214,-3149.970050295886
4282,-1408.1947973312017,-89.44890481881703
4283,-1408.1947973312017,-89.44890481881703
4284,-9652.894209322214,-1823.4894614736186
4285,-9652.894209322214,-1823.4894614736186
4286,-6078.592774159573,-824.5673529575288
4287,-6078.592774159573,-824.5673529575288
4288,-4257.8154937422005,-548.3162053768519
4289,-4257.8154937422005,-548.3162053768519
4290,8154.802549358261,-1838.6569205065316
4291,8154.802549358261,-1838.6569205065316
4292,6318.375838907199,-1523.9420581358063
4293,6318.375838907199,-1523.9420581358063
4294,3740.208447652014,-295.8873988215473
4295,3740.208447652014,-295.8873988215473
4296,3232.2029865109726,817.2136844678716
4297,3232.2029865109726,817.2136844678716
4298,5624.339003495266,-1442.8025613541085
4299,5624.339003495266,-1442.8025613541085
4300,2302.389819655722,-1091.1471868644894
4301,2302.389819655722,-1091.1471868644894
4302,-2746.4766584199097,1066.1526343965852
4303,-2746.4766584199097,1066.1526343965852
4304,407.92732426320254,-3012.3387496054183
4305,407.92732426320254,-3012.3387496054183
4306,-6535.197116234909,-2802.7003438641514
4307,-6535.197116234909,-2802.7003438641514
4308,-9652.894209322214,-3156.4372385712195
4309,-9652.894209322214,-3156.4372385712195
4310,-3493.95160519252,-3406.6942722658623
4311,-3493.95160519252,-3406.6942722658623
4312,880.7261406356993,-3257.2620623501807
4313,880.7261406356993,-3257.2620623501807
4314,9652.894209322214,-4350.845057337676
4315,9652.894209322214,-4350.845057337676
4316,9652.894209322214,-3081.5335403690424
4317,9652.894209322214,-3081.5335403690424
4318,9652.894209322214,-3982.386591521419
4319,9652.894209322214,-3982.386591521419
4320,9075.509414058799,-4803.82611210281
4321,9075.509414058799,-4803.82611210281
4322,8602.908058652281,-4673.880243269106
4323,8602.908058652281,-4673.880243269106
4324,8545.020756782944,-4658.68401737111
4325,8545.020756782944,-4658.68401737111
4326,1.8257852830975025,-3583.3320394661205
4327,1.8257852830975025,-3583.3320394661205
4328,1937.7921595107528,-4157.963182206373
4329,1937.7921595107528,-4157.963182206373
4330,-9652.894209322214,722.6511252279306
4331,-9652.894209322214,722.6511252279306
4332,-9652.894209322214,-478.55867192625374
4333,-9652.894209322214,-478.55867192625374
4334,-9652.894209322214,-2255.1693751787425
4335,-9652.894209322214,-2255.1693751787425
4336,-7800.305134475428,-1133.8115383039058
4337,-7800.305134475428,-1133.8115383039058
4338,6739.092787144264,-2028.8465664145679
4339,6739.092787144264,-2028.8465664145679
4340,5877.3729167872325,-1189.0199402289654
4341,5877.3729167872325,-1189.0199402289654
4342,9652.894209322214,-3168.4984716258623
4343,9652.894209322214,-3168.4984716258623
4344,9652.894209322214,-3544.9812597619475
4345,9652.894209322214,-3544.9812597619475
4346,9652.894209322214,-2383.301753553971
4347,9652.894209322214,-2383.301753553971
4348,9652.894209322214,-5159.4888407451945
4349,9652.894209322214,-5159.4888407451945
4350,9652.894209322214,-2339.1777751380796
4351,9652.894209322214,-2339.1777751380796
4352,8411.564369406497,-5241.416188248682
4353,8411.564369406497,-5241.416188248682
4354,-4147.8249693901635,-3474.1094478685263
4355,-4147.8249693901635,-3474.1094478685263
4356,-9652.894209322214,-11175.455025938767
4357,-9652.894209322214,-11175.455025938767
4358,-9652.894209322214,-8408.905416677144
4359,-9652.894209322214,-8408.905416677144
4360,1506.1377682459852,-5095.9308226021185
4361,1506.1377682459852,-5095.9308226021185
4362,9652.894209322214,-5513.1069803296705
4363,9652.894209322214,-5513.1069803296705
4364,9652.894209322214,-2212.852781506539
4365,9652.894209322214,-2212.852781506539
4366,9652.894209322214,-6070.268611795069
4367,9652.894209322214,-6070.268611795069
4368,9652.894209322214,-4525.93770088065
4369,9652.894209322214,-4525.93770088065
4370,9652.894209322214,-4665.669604421395
4371,9652.894209322214,-4665.669604421395
4372,9652.894209322214,-4492.099641872175
4373,9652.894209322214,-4492.099641872175
4374,9652.894209322214,-4812.446649303374
4375,9652.894209322214,-4812.446649303374
4376,9652.894209322214,-5188.555371678771
4377,9652.894209322214,-5188.555371678771
4378,9652.894209322214,-4629.124875993941
4379,9652.894209322214,-4629.124875993941
4380,9652.894209322214,-6004.488853135474
4381,9652.894209322214,-6004.488853135474
4382,9652.894209322214,-5057.482961239522
4383,9652.894209322214,-5057.482961239522
4384,9652.894209322214,-6219.674003909315
4385,9652.894209322214,-6219.674003909315
4386,9652.894209322214,-4903.437092292532
4387,9652.894209322214,-4903.437092292532
4388,9652.894209322214,-3208.166808653419
4389,9652.894209322214,-3208.166808653419
4390,9652.894209322214,-3560.632564959813
4391,9652.894209322214,-3560.632564959813
4392,9652.894209322214,-2815.277463997916
4393,9652.894209322214,-2815.277463997916
4394,9652.894209322214,-2515.2608194207187
4395,9652.894209322214,-2515.2608194207187
4396,9652.894209322214,-2210.2747702392426
4397,9652.894209322214,-2210.2747702392426
4398,9652.894209322214,-1879.667912078372
4399,9652.894209322214,-1879.667912078372
4400,9652.894209322214,-2394.4891487377954
4401,9652.894209322214,-2394.4891487377954
4402,-4479.0412717494,-1907.445573601277
4403,-4479.0412717494,-1907.445573601277
4404,-9652.894209322214,-1926.5348780598124
4405,-9652.894209322214,-1926.5348780598124
4406,-7110.81270947391,-3690.9168696457255
4407,-7110.81270947391,-3690.9168696457255
4408,9652.894209322214,-7710.867223758615
4409,9652.894209322214,-7710.867223758615
4410,9652.894209322214,-6033.13446293679
4411,9652.894209322214,-6033.13446293679
4412,9652.894209322214,-4906.5455484088325
4413,9652.894209322214,-4906.5455484088325
4414,9652.894209322214,-5025.708497588781
4415,9652.894209322214,-5025.708497588781
4416,9652.894209322214,-4064.929018270177
4417,9652.894209322214,-4064.929018270177
4418,9652.894209322214,-3689.838872982855
4419,9652.894209322214,-3689.838872982855
4420,9652.894209322214,-3037.8220335334554
4421,9652.894209322214,-3037.8220335334554
4422,9652.894209322214,-2996.1527120738174
4423,9652.894209322214,-2996.1527120738174
4424,9652.894209322214,-2146.8027526936858
4425,9652.894209322214,-2146.8027526936858
4426,5630.357225207894,-4146.943703305249
4427,5630.357225207894,-4146.943703305249
4428,-3149.3536092512513,-3986.062782569623
4429,-3149.3536092512513,-3986.062782569623
4430,-275.3226170120215,-5697.691602281897
4431,-275.3226170120215,-5697.691602281897
4432,9652.894209322214,-5634.037758021712
4433,9652.894209322214,-5634.037758021712
4434,9652.894209322214,-1935.3091510118375
4435,9652.894209322214,-1935.3091510118375
4436,9652.894209322214,-1498.422131152969
4437,9652.894209322214,-1498.422131152969
4438,9652.894209322214,-594.8914355629186
4439,9652.894209322214,-594.8914355629186
4440,9652.894209322214,-4407.051122567218
4441,9652.894209322214,-4407.051122567218
4442,9652.894209322214,-3544.2796140345436
4443,9652.894209322214,-3544.2796140345436
4444,9652.894209322214,-2973.658216096046
4445,9652.894209322214,-2973.658216096046
4446,9652.894209322214,-2849.878767274253
4447,9652.894209322214,-2849.878767274253
4448,9652.894209322214,-1215.9358959334677
4449,9652.894209322214,-1215.9358959334677
4450,1363.5226198905639,-2944.925861966749
4451,1363.5226198905639,-2944.925861966749
4452,-6601.585671234425,-2497.6546068950283
4453,-6601.585671234425,-2497.6546068950283
4454,-1546.5608342929827,-4424.207978983703
4455,-1546.5608342929827,-4424.207978983703
4456,7068.291494670842,-5284.323546258134
4457,7068.291494670842,-5284.323546258134
4458,9652.894209322214,-4310.890225409792
4459,9652.894209322214,-4310.890225409792
4460,9652.894209322214,-3648.4351936966723
4461,9652.894209322214,-3648.4351936966723
4462,9652.894209322214,-5673.90865648798
4463,9652.894209322214,-5673.90865648798
4464,9652.894209322214,-4398.931109549276
4465,9652.894209322214,-4398.931109549276
4466,9652.894209322214,-3005.434069070927
4467,9652.894209322214,-3005.434069070927
4468,9652.894209322214,-2353.2802593390206
4469,9652.894209322214,-2353.2802593390206
4470,9652.894209322214,-2016.0872558398532
4471,9652.894209322214,-2016.0872558398532
4472,9652.894209322214,-663.5215131386849
4473,9652.894209322214,-663.5215131386849
4474,394.32898857696273,-2759.1958612510552
4475,394.32898857696273,-2759.1958612510552
4476,-8489.007902730438,-2767.8692693264366
4477,-8489.007902730438,-2767.8692693264366
4478,-9652.894209322214,-4234.385704568111
4479,-9652.894209322214,-4234.385704568111
4480,-9652.894209322214,-5009.1814594132975
4481,-9652.894209322214,-5009.1814594132975
4482,9652.894209322214,-4432.751817355105
4483,9652.894209322214,-4432.751817355105
4484,9652.894209322214,-4745.745915463536
4485,9652.894209322214,-4745.745915463536
4486,9652.894209322214,-4196.536280438866
4487,9652.894209322214,-4196.536280438866
4488,9652.894209322214,-3082.173559008712
4489,9652.894209322214,-3082.173559008712
4490,7748.16389717633,-3740.1067907902943
4491,7748.16389717633,-3740.1067907902943
4492,2241.2991081371774,-2914.3339921934457
4493,2241.2991081371774,-2914.3339921934457
4494,-1332.1574561865527,-986.1245867897051
4495,-1332.1574561865527,-986.1245867897051
4496,-3576.2953633994184,-2726.6769375192653
4497,-3576.2953633994184,-2726.6769375192653
4498,-9652.894209322214,-2271.1766310485727
4499,-9652.894209322214,-2271.1766310485727
4500,-9652.894209322214,-4661.275117738716
4501,-9652.894209322214,-4661.275117738716
4502,-9652.894209322214,-3553.586831186609
4503,-9652.894209322214,-3553.586831186609
4504,-9652.894209322214,-3421.124572859384
4505,-9652.894209322214,-3421.124572859384
4506,-9652.894209322214,-982.9281922077553
4507,-9652.894209322214,-982.9281922077553
4508,-6153.234705869696,-1001.7414450927226
4509,-6153.234705869696,-1001.7414450927226
4510,2526.9687563180105,-2428.4686432685667
4511,2526.9687563180105,-2428.4686432685667
4512,-3225.994045400108,-1104.032728132819
4513,-3225.994045400108,-1104.032728132819
4514,1403.2884041218203,-3236.690590343709
4515,1403.2884041218203,-3236.690590343709
4516,-3202.296025861171,-3247.2292645158195
4517,-3202.296025861171,-3247.2292645158195
4518,-9652.894209322214,-3961.516809447223
4519,-9652.894209322214,-3961.516809447223
4520,-5660.352201817899,-4778.422802706033
4521,-5660.352201817899,-4778.422802706033
4522,-9652.894209322214,-4634.581042650443
4523,-9652.894209322214,-4634.581042650443
4524,-9652.894209322214,-5308.473569180893
4525,-9652.894209322214,-5308.473569180893
4526,-9652.894209322214,-4167.918744531298
4527,-9652.894209322214,-4167.918744531298
4528,-9652.894209322214,-3647.9816553763994
4529,-9652.894209322214,-3647.9816553763994
4530,-486.12482008091683,-4090.8797014613156
4531,-486.12482008091683,-4090.8797014613156
4532,9652.894209322214,-3838.8967903606917
4533,9652.894209322214,-3838.8967903606917
4534,9652.894209322214,-3883.6917771233802
4535,9652.894209322214,-3883.6917771233802
4536,1619.0662790262913,-4726.65363389031
4537,1619.0662790262913,-4726.65363389031
4538,-4997.125479512411,-2281.478917485385
4539,-4997.125479512411,-2281.478917485385
4540,1337.5045622558373,-2770.1689142339437
4541,1337.5045622558373,-2770.1689142339437
4542,-5082.120800019613,-1829.3929116607196
4543,-5082.120800019613,-1829.3929116607196
4544,-4068.300347892604,2.570990715392327
4545,-4068.300347892604,2.570990715392327
4546,-9652.894209322214,-1899.995556281312
4547,-9652.894209322214,-1899.995556281312
4548,-9652.894209322214,-1070.462687252957
4549,-9652.894209322214,-1070.462687252957
4550,-9652.894209322214,-2786.5854984929974
4551,-9652.894209322214,-2786.5854984929974
4552,-7325.455288078923,-5306.11364705053
4553,-7325.455288078923,-5306.11364705053
4554,9652.894209322214,-3629.1739756003753
4555,9652.894209322214,-3629.1739756003753
4556,9652.894209322214,-1804.3314557313097
4557,9652.894209322214,-1804.3314557313097
4558,9652.894209322214,-4505.868383931189
4559,9652.894209322214,-4505.868383931189
4560,9652.894209322214,-3515.608158331668
4561,9652.894209322214,-3515.608158331668
4562,9652.894209322214,-4307.426559056523
4563,9652.894209322214,-4307.426559056523
4564,9652.894209322214,-3972.2458202624603
4565,9652.894209322214,-3972.2458202624603
4566,2030.8390066400461,-2561.824217473988
4567,2030.8390066400461,-2561.824217473988
4568,2530.3397318713996,-2468.4323629285373
4569,2530.3397318713996,-2468.4323629285373
4570,-2819.327609330543,-2303.240283928135
4571,-2819.327609330543,-2303.240283928135
4572,-9652.894209322214,-1532.2219026550301
4573,-9652.894209322214,-1532.2219026550301
4574,-9652.894209322214,-3205.7798012812254
4575,-9652.894209322214,-3205.7798012812254
4576,-714.8064028058543,-6668.823399611051
4577,-714.8064028058543,-6668.823399611051
4578,9652.894209322214,-6261.519275337219
4579,9652.894209322214,-6261.519275337219
4580,9652.894209322214,-5836.491197564335
4581,9652.894209322214,-5836.491197564335
4582,9652.894209322214,-3773.493594585485
4583,9652.894209322214,-3773.493594585485
4584,9652.894209322214,-3767.9916454563645
4585,9652.894209322214,-3767.9916454563645
4586,9652.894209322214,-3378.3510595697935
4587,9652.894209322214,-3378.3510595697935
4588,9652.894209322214,-3412.3182655697383
4589,9652.894209322214,-3412.3182655697383
4590,9652.894209322214,-3488.233695445995
4591,9652.894209322214,-3488.233695445995
4592,9652.894209322214,-2932.9144788475496
4593,9652.894209322214,-2932.9144788475496
4594,9652.894209322214,-4592.823910293235
4595,9652.894209322214,-4592.823910293235
4596,-4192.058719108221,-3945.376514993968
4597,-4192.058719108221,-3945.376514993968
4598,8896.810915021788,-6095.510519049591
4599,8896.810915021788,-6095.510519049591
4600,9652.894209322214,-5961.851192079497
4601,9652.894209322214,-5961.851192079497
4602,9652.894209322214,-2441.9350294202923
4603,9652.894209322214,-2441.9350294202923
4604,9652.894209322214,-1778.950995140165
4605,9652.894209322214,-1778.950995140165
4606,9652.894209322214,-907.725646938854
4607,9652.894209322214,-907.725646938854
4608,9652.894209322214,-4257.449586287827
4609,9652.894209322214,-4257.449586287827
4610,9652.894209322214,-3992.2633468130825
4611,9652.894209322214,-3992.2633468130825
4612,9652.894209322214,-3934.844284130728
4613,9652.894209322214,-3934.844284130728
4614,9652.894209322214,-3709.344703216213
4615,9652.894209322214,-3709.344703216213
4616,9652.894209322214,-1736.2133511262164
4617,9652.894209322214,-1736.2133511262164
4618,9652.894209322214,-3997.622437359043
4619,9652.894209322214,-3997.622437359043
4620,-1693.0222999318394,-3612.36333659682
4621,-1693.0222999318394,-3612.36333659682
4622,9041.087842319266,-5290.644760009354
4623,9041.087842319266,-5290.644760009354
4624,9652.894209322214,-5478.962739147968
4625,9652.894209322214,-5478.962739147968
4626,9652.894209322214,-3066.8047672252615
4627,9652.894209322214,-3066.8047672252615
4628,9652.894209322214,-2974.8416478947856
4629,9652.894209322214,-2974.8416478947856
4630,9652.894209322214,-2267.968892676985
4631,9652.894209322214,-2267.968892676985
4632,9652.894209322214,-5715.284133596755
4633,9652.894209322214,-5715.284133596755
4634,9652.894209322214,-4618.750447651193
4635,9652.894209322214,-4618.750447651193
4636,9652.894209322214,-3741.1586307829166
4637,9652.894209322214,-3741.1586307829166
4638,9652.894209322214,-3577.6953545261986
4639,9652.894209322214,-3577.6953545261986
4640,9652.894209322214,-2230.7970102251256
4641,9652.894209322214,-2230.7970102251256
4642,9652.894209322214,-4687.263593450049
4643,9652.894209322214,-4687.263593450049
4644,-5196.6646518610305,-3455.2123539921577
4645,-5196.6646518610305,-3455.2123539921577
4646,1064.6430324779085,-4404.558801371879
4647,1064.6430324779085,-4404.558801371879
4648,9652.894209322214,-5134.973198316062
4649,9652.894209322214,-5134.973198316062
4650,9652.894209322214,-4740.0783554735135
4651,9652.894209322214,-4740.0783554735135
4652,9652.894209322214,-1865.0623583356155
4653,9652.894209322214,-1865.0623583356155
4654,9652.894209322214,-892.1340300454467
4655,9652.894209322214,-892.1340300454467
4656,9652.894209322214,-4122.303140250524
4657,9652.894209322214,-4122.303140250524
4658,9652.894209322214,-3413.1306798204732
4659,9652.894209322214,-3413.1306798204732
4660,9652.894209322214,-2987.49029893469
4661,9652.894209322214,-2987.49029893469
4662,9652.894209322214,-3730.3568901583985
4663,9652.894209322214,-3730.3568901583985
4664,9652.894209322214,-4698.767028409509
4665,9652.894209322214,-4698.767028409509
4666,9591.315234094205,-5186.650033560214
4667,9591.315234094205,-5186.650033560214
4668,-9292.280650019511,-4494.615503361818
4669,-9292.280650019511,-4494.615503361818
4670,-5332.284723838042,-6517.376716101764
4671,-5332.284723838042,-6517.376716101764
4672,9652.894209322214,-7181.607866896178
4673,9652.894209322214,-7181.607866896178
4674,9652.894209322214,-8077.923187356309
4675,9652.894209322214,-8077.923187356309
4676,9652.894209322214,-7546.214317859413
4677,9652.894209322214,-7546.214317859413
4678,9652.894209322214,-6364.409633008522
4679,9652.894209322214,-6364.409633008522
4680,9652.894209322214,-4923.524697543258
4681,9652.894209322214,-4923.524697543258
4682,9652.894209322214,-4451.939525504589
4683,9652.894209322214,-4451.939525504589
4684,9652.894209322214,-4722.1925291749885
4685,9652.894209322214,-4722.1925291749885
4686,9652.894209322214,-5341.102240663326
4687,9652.894209322214,-5341.102240663326
4688,9652.894209322214,-6752.985550439533
4689,9652.894209322214,-6752.985550439533
4690,5257.203396989836,-8029.335253218277
4691,5257.203396989836,-8029.335253218277
4692,-9652.894209322214,-6517.417415003355
4693,-9652.894209322214,-6517.417415003355
4694,-7327.386607698587,-8174.680813982583
4695,-7327.386607698587,-8174.680813982583
4696,52.57081516265862,-7938.852845403662
4697,52.57081516265862,-7938.852845403662
4698,9652.894209322214,-8607.30883052751
4699,9652.894209322214,-8607.30883052751
4700,9652.894209322214,-7975.262869263895
4701,9652.894209322214,-7975.262869263895
4702,9652.894209322214,-6970.717549274277
4703,9652.894209322214,-6970.717549274277
4704,9652.894209322214,-5891.391685261793
4705,9652.894209322214,-5891.391685261793
4706,9652.894209322214,-5668.400538759113
4707,9652.894209322214,-5668.400538759113
4708,9652.894209322214,-5648.571923756774
4709,9652.894209322214,-5648.571923756774
4710,9652.894209322214,-6165.388763021148
4711,9652.894209322214,-6165.388763021148
4712,2607.1776197740655,-6465.008218515748
4713,2607.1776197740655,-6465.008218515748
4714,9652.894209322214,-5691.934279218227
4715,9652.894209322214,-5691.934279218227
4716,-2756.1719451696463,-5433.290056067659
4717,-2756.1719451696463,-5433.290056067659
4718,-3480.5823851798123,-6833.185025879797
4719,-3480.5823851798123,-6833.185025879797
4720,-673.9241613294726,-6669.719680301073
4721,-673.9241613294726,-6669.719680301073
4722,9652.894209322214,-6021.423032836694
4723,9652.894209322214,-6021.423032836694
4724,9652.894209322214,-6381.595810735592
4725,9652.894209322214,-6381.595810735592
4726,9652.894209322214,-5796.967658312684
4727,9652.894209322214,-5796.967658312684
4728,9652.894209322214,-3874.590177569049
4729,9652.894209322214,-3874.590177569049
4730,9652.894209322214,-2359.39162957587
4731,9652.894209322214,-2359.39162957587
4732,9652.894209322214,-4329.475887217892
4733,9652.894209322214,-4329.475887217892
4734,9652.894209322214,-2316.501555229461
4735,9652.894209322214,-2316.501555229461
4736,9652.894209322214,-2015.3420494887923
4737,9652.894209322214,-2015.3420494887923
4738,512.4937488713294,-3761.9642432668606
4739,512.4937488713294,-3761.9642432668606
4740,-9652.894209322214,-2961.8064353149093
4741,-9652.894209322214,-2961.8064353149093
4742,-2457.5855203626197,-5619.874378412442
4743,-2457.5855203626197,-5619.874378412442
4744,9652.894209322214,-4518.112521613868
4745,9652.894209322214,-4518.112521613868
4746,9652.894209322214,-5740.374715337906
4747,9652.894209322214,-5740.374715337906
4748,9652.894209322214,-6037.852354792647
4749,9652.894209322214,-6037.852354792647
4750,9652.894209322214,-5243.6260321953505
4751,9652.894209322214,-5243.6260321953505
4752,9652.894209322214,-2444.512348350434
4753,9652.894209322214,-2444.512348350434
4754,9652.894209322214,-4177.168566143382
4755,9652.894209322214,-4177.168566143382
4756,9652.894209322214,-5075.09699757765
4757,9652.894209322214,-5075.09699757765
4758,-9652.894209322214,-4834.242059275266
4759,-9652.894209322214,-4834.242059275266
4760,-8492.110689424313,-4621.978261366674
4761,-8492.110689424313,-4621.978261366674
4762,-9652.894209322214,-4355.725577150864
4763,-9652.894209322214,-4355.725577150864
4764,-9652.894209322214,-6875.124347912237
4765,-9652.894209322214,-6875.124347912237
4766,-9652.894209322214,-7924.784841372503
4767,-9652.894209322214,-7924.784841372503
4768,-9652.894209322214,-6591.409840339059
4769,-9652.894209322214,-6591.409840339059
4770,-6755.741080022603,-2754.61488949018
4771,-6755.741080022603,-2754.61488949018
4772,-1359.6184397255238,-3002.236542730603
4773,-1359.6184397255238,-3002.236542730603
4774,6712.555578673793,-6842.229196973225
4775,6712.555578673793,-6842.229196973225
4776,-818.2438025731826,-5964.529827678682
4777,-818.2438025731826,-5964.529827678682
4778,-5174.710559461866,-5459.769882256878
4779,-5174.710559461866,-5459.769882256878
4780,-7667.82633072446,-5293.6869001675095
4781,-7667.82633072446,-5293.6869001675095
4782,-4301.493546292968,-5102.3678701458175
4783,-4301.493546292968,-5102.3678701458175
4784,-2411.517909404356,-5434.3448614265435
4785,-2411.517909404356,-5434.3448614265435
4786,-9652.894209322214,-4506.13348012329
4787,-9652.894209322214,-4506.13348012329
4788,-9652.894209322214,-7288.707162147586
4789,-9652.894209322214,-7288.707162147586
4790,-9652.894209322214,-8881.517739948104
4791,-9652.894209322214,-8881.517739948104
4792,-7745.152990920389,-4939.046434291031
4793,-7745.152990920389,-4939.046434291031
4794,9636.294379735902,-4685.050555466092
4795,9636.294379735902,-4685.050555466092
4796,9652.894209322214,-4850.184510198442
4797,9652.894209322214,-4850.184510198442
4798,6702.151802392573,-2901.4863579214834
4799,6702.151802392573,-2901.4863579214834
4800,-3635.5864998397337,-560.5525076279318
4801,-3635.5864998397337,-560.5525076279318
4802,-8535.866749423429,-673.003211401845
4803,-8535.866749423429,-673.003211401845
4804,-9652.894209322214,-1582.9832354136342
4805,-9652.894209322214,-1582.9832354136342
4806,-7110.344726439187,-2730.1298482603997
4807,-7110.344726439187,-2730.1298482603997
4808,-1485.1798109401534,-2894.173888252253
4809,-1485.1798109401534,-2894.173888252253
4810,-5159.107371567448,-3495.2081638473883
4811,-5159.107371567448,-3495.2081638473883
4812,-9540.142744400444,-3689.1519529843845
4813,-9540.142744400444,-3689.1519529843845
4814,-9652.894209322214,-2322.902684987812
4815,-9652.894209322214,-2322.902684987812
4816,-4879.255298244454,-3327.5383575385003
4817,-4879.255298244454,-3327.5383575385003
4818,-5610.09107969407,421.5548247708357
4819,-5610.09107969407,421.5548247708357
4820,-3007.8222669607494,2508.0889430923253
4821,-3007.8222669607494,2508.0889430923253
4822,-5777.444546946681,2612.9659930307807
4823,-5777.444546946681,2612.9659930307807
4824,-2962.1980329469443,433.57359354358596
4825,-2962.1980329469443,433.57359354358596
4826,-9652.894209322214,892.4638019645627
4827,-9652.894209322214,892.4638019645627
4828,-9652.894209322214,610.4224752228893
4829,-9652.894209322214,610.4224752228893
4830,-9652.894209322214,-1242.7654675233953
4831,-9652.894209322214,-1242.7654675233953
4832,-9652.894209322214,-1314.0851384015623
4833,-9652.894209322214,-1314.0851384015623
4834,-9652.894209322214,-785.5161581582433
4835,-9652.894209322214,-785.5161581582433
4836,-9652.894209322214,-1054.4494730765946
4837,-9652.894209322214,-1054.4494730765946
4838,-9652.894209322214,-3791.2840220356593
4839,-9652.894209322214,-3791.2840220356593
4840,-9652.894209322214,-5247.739359439513
4841,-9652.894209322214,-5247.739359439513
4842,-9652.894209322214,-1651.4334959336902
4843,-9652.894209322214,-1651.4334959336902
4844,-9652.894209322214,-587.2727955934097
4845,-9652.894209322214,-587.2727955934097
4846,-9652.894209322214,354.42617682899254
4847,-9652.894209322214,354.42617682899254
4848,-9652.894209322214,-1125.7451064036613
4849,-9652.894209322214,-1125.7451064036613
4850,-9652.894209322214,-4620.265635712585
4851,-9652.894209322214,-4620.265635712585
4852,-9652.894209322214,-2448.726294721664
4853,-9652.894209322214,-2448.726294721664
4854,-9652.894209322214,-2609.364440796793
4855,-9652.894209322214,-2609.364440796793
4856,-9652.894209322214,-2699.8787124757255
4857,-9652.894209322214,-2699.8787124757255
4858,-9652.894209322214,-2679.8888006335783
4859,-9652.894209322214,-2679.8888006335783
4860,-9652.894209322214,-4191.944320227552
4861,-9652.894209322214,-4191.944320227552
4862,-9652.894209322214,-4411.730707870096
4863,-9652.894209322214,-4411.730707870096
4864,-9652.894209322214,-3191.0542065538993
4865,-9652.894209322214,-3191.0542065538993
4866,-9652.894209322214,1239.7128656090263
4867,-9652.894209322214,1239.7128656090263
4868,-8147.331408603237,1468.746450853947
4869,-8147.331408603237,1468.746450853947
4870,-7948.61659438266,1957.3527637165735
4871,-7948.61659438266,1957.3527637165735
4872,-9652.894209322214,-2193.0816739069705
4873,-9652.894209322214,-2193.0816739069705
4874,-9652.894209322214,-4060.999911272107
4875,-9652.894209322214,-4060.999911272107
4876,-9652.894209322214,-3995.6773703492527
4877,-9652.894209322214,-3995.6773703492527
4878,-9652.894209322214,-4255.683863053962
4879,-9652.894209322214,-4255.683863053962
4880,-9652.894209322214,-4959.480010975874
4881,-9652.894209322214,-4959.480010975874
4882,-9652.894209322214,-5800.967244771402
4883,-9652.894209322214,-5800.967244771402
4884,-9652.894209322214,-3668.239712152945
4885,-9652.894209322214,-3668.239712152945
4886,-9652.894209322214,-5009.244672976325
4887,-9652.894209322214,-5009.244672976325
4888,-9652.894209322214,-3913.3056310640604
4889,-9652.894209322214,-3913.3056310640604
4890,-9652.894209322214,-2101.0354458412476
4891,-9652.894209322214,-2101.0354458412476
4892,-9652.894209322214,-2678.0243443803392
4893,-9652.894209322214,-2678.0243443803392
4894,-9652.894209322214,1528.8791828773028
4895,-9652.894209322214,1528.8791828773028
4896,-9652.894209322214,-1131.5414876920713
4897,-9652.894209322214,-1131.5414876920713
4898,-9652.894209322214,-494.5430275703475
4899,-9652.894209322214,-494.5430275703475
4900,-9652.894209322214,-678.9568554695052
4901,-9652.894209322214,-678.9568554695052
4902,-9652.894209322214,-2125.634008187815
4903,-9652.894209322214,-2125.634008187815
4904,-9652.894209322214,-3513.3107761356496
4905,-9652.894209322214,-3513.3107761356496
4906,-9652.894209322214,-2013.3070242316135
4907,-9652.894209322214,-2013.3070242316135
4908,-9652.894209322214,-4694.080999929793
4909,-9652.894209322214,-4694.080999929793
4910,-9652.894209322214,-6463.946206470545
4911,-9652.894209322214,-6463.946206470545
4912,-9652.894209322214,-6508.707259753201
4913,-9652.894209322214,-6508.707259753201
4914,-9652.894209322214,-2918.5835752505354
4915,-9652.894209322214,-2918.5835752505354
4916,-9652.894209322214,-404.5704539626968
4917,-9652.894209322214,-404.5704539626968
4918,-9652.894209322214,-2237.7835131415686
4919,-9652.894209322214,-2237.7835131415686
4920,-9652.894209322214,-628.1541679244128
4921,-9652.894209322214,-628.1541679244128
4922,-9652.894209322214,-3830.5244662609057
4923,-9652.894209322214,-3830.5244662609057
4924,-9652.894209322214,-4770.435344433752
4925,-9652.894209322214,-4770.435344433752
4926,-9652.894209322214,-4150.2055865214425
4927,-9652.894209322214,-4150.2055865214425
4928,-9652.894209322214,-4353.668616067969
4929,-9652.894209322214,-4353.668616067969
4930,-9652.894209322214,-7163.662467662883
4931,-9652.894209322214,-7163.662467662883
4932,-9652.894209322214,-5998.208428839294
4933,-9652.894209322214,-5998.208428839294
4934,-9652.894209322214,-6358.253315964516
4935,-9652.894209322214,-6358.253315964516
4936,-9652.894209322214,-6561.138194157781
4937,-9652.894209322214,-6561.138194157781
4938,-9652.894209322214,-927.5133521678435
4939,-9652.894209322214,-927.5133521678435
4940,-6292.340192023266,-3214.832441750841
4941,-6292.340192023266,-3214.832441750841
4942,3924.5581014419877,-6773.925292690867
4943,3924.5581014419877,-6773.925292690867
4944,9652.894209322214,-5392.0362195194775
4945,9652.894209322214,-5392.0362195194775
4946,9072.054599744304,-4191.815655846698
4947,9072.054599744304,-4191.815655846698
4948,5946.398084817674,-3624.652416658055
4949,5946.398084817674,-3624.652416658055
4950,7499.725659001456,-3707.4006320803946
4951,7499.725659001456,-3707.4006320803946
4952,4020.5099609671406,-2723.7581925076393
4953,4020.5099609671406,-2723.7581925076393
4954,-9652.894209322214,-2655.833169878797
4955,-9652.894209322214,-2655.833169878797
4956,-9652.894209322214,-1298.4138305905617
4957,-9652.894209322214,-1298.4138305905617
4958,-9652.894209322214,-3226.6023983596624
4959,-9652.894209322214,-3226.6023983596624
4960,-9652.894209322214,-4368.574466279435
4961,-9652.894209322214,-4368.574466279435
4962,-5302.690673577463,-4284.01324506918
4963,-5302.690673577463,-4284.01324506918
4964,-6531.8929705260925,-2053.9190624157345
4965,-6531.8929705260925,-2053.9190624157345
4966,-5832.552457296984,-3687.7184991541344
4967,-5832.552457296984,-3687.7184991541344
4968,-9652.894209322214,-3186.907661481062
4969,-9652.894209322214,-3186.907661481062
4970,-9652.894209322214,-2992.7705287181034
4971,-9652.894209322214,-2992.7705287181034
4972,-9652.894209322214,-2616.8018191784413
4973,-9652.894209322214,-2616.8018191784413
4974,-9652.894209322214,-2896.1907460531384
4975,-9652.894209322214,-2896.1907460531384
4976,-9652.894209322214,-1109.2701993066275
4977,-9652.894209322214,-1109.2701993066275
4978,-9652.894209322214,-2350.5292179190783
4979,-9652.894209322214,-2350.5292179190783
4980,-9652.894209322214,-10649.152133556428
4981,-9652.894209322214,-10649.152133556428
4982,-9652.894209322214,-6913.867174584491
4983,-9652.894209322214,-6913.867174584491
4984,-9652.894209322214,-3950.2914784745517
4985,-9652.894209322214,-3950.2914784745517
4986,-9652.894209322214,-2017.5672273102482
4987,-9652.894209322214,-2017.5672273102482
4988,-9652.894209322214,-3199.5800229477263
4989,-9652.894209322214,-3199.5800229477263
4990,-9652.894209322214,-1228.0777830484276
4991,-9652.894209322214,-1228.0777830484276
4992,-7495.336863506651,-875.4598118365338
4993,-7495.336863506651,-875.4598118365338
4994,-9380.891973460864,-2234.24917971536
4995,-9380.891973460864,-2234.24917971536
4996,-9652.894209322214,-2577.1889584671408
4997,-9652.894209322214,-2577.1889584671408
4998,-9652.894209322214,-3857.8786252191694
4999,-9652.894209322214,-3857.8786252191694
5000,-9652.894209322214,-3051.4709818441097
5001,-9652.894209322214,-3051.4709818441097
5002,-9652.894209322214,-4473.153617907536
5003,-9652.894209322214,-4473.153617907536
5004,-9652.894209322214,-3565.6631200130087
5005,-9652.894209322214,-3565.6631200130087
5006,-9652.894209322214,-5347.659504269313
5007,-9652.894209322214,-5347.659504269313
5008,-9652.894209322214,-5436.171733957846
5009,-9652.894209322214,-5436.171733957846
5010,-9652.894209322214,-2980.283549432226
5011,-9652.894209322214,-2980.283549432226
5012,3338.324594952417,-4795.811608527854
5013,3338.324594952417,-4795.811608527854
5014,3054.9710835289598,-4680.909966831312
5015,3054.9710835289598,-4680.909966831312
5016,-2231.408451782472,-3142.2315468195247
5017,-2231.408451782472,-3142.2315468195247
5018,8985.069620291915,-2424.590551364723
5019,8985.069620291915,-2424.590551364723
5020,-9652.894209322214,-2910.5874944504103
5021,-9652.894209322214,-2910.5874944504103
5022,-9652.894209322214,-3763.4476973165383
5023,-9652.894209322214,-3763.4476973165383
5024,-9652.894209322214,-3382.002718579628
5025,-9652.894209322214,-3382.002718579628
5026,-9652.894209322214,-4594.816015549137
5027,-9652.894209322214,-4594.816015549137
5028,-9652.894209322214,-3663.118470377027
5029,-9652.894209322214,-3663.118470377027
5030,-9652.894209322214,-5273.459777249782
5031,-9652.894209322214,-5273.459777249782
5032,-9652.894209322214,-5166.741847372719
5033,-9652.894209322214,-5166.741847372719
5034,-9652.894209322214,-5176.103644804405
5035,-9652.894209322214,-5176.103644804405
5036,-9652.894209322214,-1979.1244536154754
5037,-9652.894209322214,-1979.1244536154754
5038,-9652.894209322214,-1012.8999067850455
5039,-9652.894209322214,-1012.8999067850455
5040,-9652.894209322214,-1603.1527292488754
5041,-9652.894209322214,-1603.1527292488754
5042,-9652.894209322214,-2403.6776796942613
5043,-9652.894209322214,-2403.6776796942613
5044,-9652.894209322214,-2475.9991486717445
5045,-9652.894209322214,-2475.9991486717445
5046,-9652.894209322214,-4280.025800930771
5047,-9652.894209322214,-4280.025800930771
5048,-2448.962799343717,-2243.5408965465485
5049,-2448.962799343717,-2243.5408965465485
5050,-7429.4067603337135,-1231.8007235707228
5051,-7429.4067603337135,-1231.8007235707228
5052,-9652.894209322214,-2468.8035281054963
5053,-9652.894209322214,-2468.8035281054963
5054,-9652.894209322214,-3936.104063235376
5055,-9652.894209322214,-3936.104063235376
5056,3350.1195825991053,-5264.469927396543
5057,3350.1195825991053,-5264.469927396543
5058,9652.894209322214,-2186.5971050181124
5059,9652.894209322214,-2186.5971050181124
5060,9652.894209322214,-4017.216589417736
5061,9652.894209322214,-4017.216589417736
5062,9652.894209322214,-5894.281041426779
5063,9652.894209322214,-5894.281041426779
5064,9652.894209322214,8.442744003999906
5065,9652.894209322214,8.442744003999906
5066,9652.894209322214,-4520.026550162709
5067,9652.894209322214,-4520.026550162709
5068,5791.02954430416,-4444.9029690228435
5069,5791.02954430416,-4444.9029690228435
5070,2147.978259168238,-4226.90059971622
5071,2147.978259168238,-4226.90059971622
5072,2470.0009608095934,-4596.042378234724
5073,2470.0009608095934,-4596.042378234724
5074,-9652.894209322214,-2532.364323957643
5075,-9652.894209322214,-2532.364323957643
5076,-9652.894209322214,-7958.859706311327
5077,-9652.894209322214,-7958.859706311327
5078,-9652.894209322214,-5771.810779286661
5079,-9652.894209322214,-5771.810779286661
5080,-9652.894209322214,-2992.2041452109734
5081,-9652.894209322214,-2992.2041452109734
5082,-2320.6926297071514,-1460.4424041830807
5083,-2320.6926297071514,-1460.4424041830807
5084,-733.348706994253,-1047.523327050394
5085,-733.348706994253,-1047.523327050394
5086,-4400.576616260163,-1440.130935110852
5087,-4400.576616260163,-1440.130935110852
5088,-9652.894209322214,-538.0682520191294
5089,-9652.894209322214,-538.0682520191294
5090,-9652.894209322214,-2812.5197273492395
5091,-9652.894209322214,-2812.5197273492395
5092,-9652.894209322214,-2737.988271452299
5093,-9652.894209322214,-2737.988271452299
5094,-9652.894209322214,-2845.5425094619495
5095,-9652.894209322214,-2845.5425094619495
5096,-9652.894209322214,-822.7411827131964
5097,-9652.894209322214,-822.7411827131964
5098,-9652.894209322214,-595.1746078676624
5099,-9652.894209322214,-595.1746078676624
5100,-9652.894209322214,-2858.6001420794582
5101,-9652.894209322214,-2858.6001420794582
5102,-9652.894209322214,-3609.849605497444
5103,-9652.894209322214,-3609.849605497444
5104,-9652.894209322214,-32.00083301300583
5105,-9652.894209322214,-32.00083301300583
5106,-9652.894209322214,910.3476069563785
5107,-9652.894209322214,910.3476069563785
5108,-9652.894209322214,1820.2198277017415
5109,-9652.894209322214,1820.2198277017415
5110,-9652.894209322214,4129.449498320582
5111,-9652.894209322214,4129.449498320582
5112,-9652.894209322214,1136.4215874161127
5113,-9652.894209322214,1136.4215874161127
5114,-9652.894209322214,-780.4671851531493
5115,-9652.894209322214,-780.4671851531493
5116,-9652.894209322214,1491.803805268657
5117,-9652.894209322214,1491.803805268657
5118,-9652.894209322214,-1531.697413611606
5119,-9652.894209322214,-1531.697413611606
5120,-9652.894209322214,1465.8922930401332
5121,-9652.894209322214,1465.8922930401332
5122,-9652.894209322214,-2648.3198111508827
5123,-9652.894209322214,-2648.3198111508827
5124,-9652.894209322214,-11252.838783412823
5125,-9652.894209322214,-11252.838783412823
5126,-9652.894209322214,-11003.59664802353
5127,-9652.894209322214,-11003.59664802353
5128,-9652.894209322214,-3341.3619316457753
5129,-9652.894209322214,-3341.3619316457753
5130,-9652.894209322214,-2619.8569322929015
5131,-9652.894209322214,-2619.8569322929015
5132,-7498.697807823159,1318.3918824837092
5133,-7498.697807823159,1318.3918824837092
5134,3042.4160106292456,-3092.2709515118895
5135,3042.4160106292456,-3092.2709515118895
5136,-3095.0392944588766,-2680.994792145668
5137,-3095.0392944588766,-2680.994792145668
5138,-4985.85725612766,-2729.3281886688474
5139,-4985.85725612766,-2729.3281886688474
5140,-7621.895165720969,-2935.3250242032536
5141,-7621.895165720969,-2935.3250242032536
5142,-6872.876993757458,-3027.722959569959
5143,-6872.876993757458,-3027.722959569959
5144,-9430.676173923286,-1049.9251263437127
5145,-9430.676173923286,-1049.9251263437127
5146,-9652.894209322214,-5375.4078284303305
5147,-9652.894209322214,-5375.4078284303305
5148,-9652.894209322214,-10923.674512547486
5149,-9652.894209322214,-10923.674512547486
5150,-9652.894209322214,-10425.24812425234
5151,-9652.894209322214,-10425.24812425234
5152,-9652.894209322214,-2705.3810811159783
5153,-9652.894209322214,-2705.3810811159783
5154,-9652.894209322214,-2137.9456596951277
5155,-9652.894209322214,-2137.9456596951277
5156,-9652.894209322214,-3084.9420245023975
5157,-9652.894209322214,-3084.9420245023975
5158,-9652.894209322214,-1163.3787962772421
5159,-9652.894209322214,-1163.3787962772421
5160,-9652.894209322214,-3831.7114254624503
5161,-9652.894209322214,-3831.7114254624503
5162,-9652.894209322214,-2920.976576535091
5163,-9652.894209322214,-2920.976576535091
5164,-9652.894209322214,1896.4775316914947
5165,-9652.894209322214,1896.4775316914947
5166,-9652.894209322214,2133.756048882229
5167,-9652.894209322214,2133.756048882229
5168,-9652.894209322214,957.7457647670817
5169,-9652.894209322214,957.7457647670817
5170,-9652.894209322214,-2059.7974269464685
5171,-9652.894209322214,-2059.7974269464685
5172,-9652.894209322214,-3383.95284435541
5173,-9652.894209322214,-3383.95284435541
5174,-9652.894209322214,-4159.910210829268
5175,-9652.894209322214,-4159.910210829268
5176,-9652.894209322214,2115.3113069843293
5177,-9652.894209322214,2115.3113069843293
5178,-9652.894209322214,-2624.78353647913
5179,-9652.894209322214,-2624.78353647913
5180,-9652.894209322214,-1997.8892459809285
5181,-9652.894209322214,-1997.8892459809285
5182,-9652.894209322214,-924.7196307337981
5183,-9652.894209322214,-924.7196307337981
5184,-9652.894209322214,-1754.076513502332
5185,-9652.894209322214,-1754.076513502332
5186,-9652.894209322214,2073.723496932076
5187,-9652.894209322214,2073.723496932076
5188,-9652.894209322214,-2576.38164581618
5189,-9652.894209322214,-2576.38164581618
5190,-9652.894209322214,-483.56904604704687
5191,-9652.894209322214,-483.56904604704687
5192,-9652.894209322214,-1764.5346671906445
5193,-9652.894209322214,-1764.5346671906445
5194,-9652.894209322214,-2942.7177342892282
5195,-9652.894209322214,-2942.7177342892282
5196,-9652.894209322214,-7756.887772454154
5197,-9652.894209322214,-7756.887772454154
5198,-9652.894209322214,-2159.601301494449
5199,-9652.894209322214,-2159.601301494449
5200,-9652.894209322214,-1572.0763313931984
5201,-9652.894209322214,-1572.0763313931984
5202,-9652.894209322214,-2340.6664917850776
5203,-9652.894209322214,-2340.6664917850776
5204,-9652.894209322214,-800.5748130907305
5205,-9652.894209322214,-800.5748130907305
5206,-9652.894209322214,-3101.3459312852283
5207,-9652.894209322214,-3101.3459312852283
5208,-9652.894209322214,-2203.750433086052
5209,-9652.894209322214,-2203.750433086052
5210,-9652.894209322214,-1747.6845179747197
5211,-9652.894209322214,-1747.6845179747197
5212,-9652.894209322214,-1309.3855554166857
5213,-9652.894209322214,-1309.3855554166857
5214,-9652.894209322214,-1918.2003238223133
5215,-9652.894209322214,-1918.2003238223133
5216,-9652.894209322214,-179.807460516231
5217,-9652.894209322214,-179.807460516231
5218,-9652.894209322214,-425.35856363959647
5219,-9652.894209322214,-425.35856363959647
5220,-9652.894209322214,-12831.94847698106
5221,-9652.894209322214,-12831.94847698106
5222,-9652.894209322214,-12820.742749603458
5223,-9652.894209322214,-12820.742749603458
5224,-9652.894209322214,-4982.670083657145
5225,-9652.894209322214,-4982.670083657145
5226,-9652.894209322214,-3986.794174740251
5227,-9652.894209322214,-3986.794174740251
5228,-9652.894209322214,-4524.600274800374
5229,-9652.894209322214,-4524.600274800374
5230,-9652.894209322214,-4387.616244176526
5231,-9652.894209322214,-4387.616244176526
5232,-9652.894209322214,-3079.7119036149907
5233,-9652.894209322214,-3079.7119036149907
5234,-9652.894209322214,-2652.221974480666
5235,-9652.894209322214,-2652.221974480666
5236,-9652.894209322214,-2913.908846595199
5237,-9652.894209322214,-2913.908846595199
5238,-9652.894209322214,-3178.243999169623
5239,-9652.894209322214,-3178.243999169623
5240,-9652.894209322214,-1472.9145246731641
5241,-9652.894209322214,-1472.9145246731641
5242,-9652.894209322214,-6991.746149195503
5243,-9652.894209322214,-6991.746149195503
5244,-9652.894209322214,-12852.030497293888
5245,-9652.894209322214,-12852.030497293888
5246,-9652.894209322214,-12845.196366174861
5247,-9652.894209322214,-12845.196366174861
5248,-9652.894209322214,-7868.35970626699
5249,-9652.894209322214,-7868.35970626699
5250,-9652.894209322214,-2502.753922478205
5251,-9652.894209322214,-2502.753922478205
5252,-9652.894209322214,-2011.0423618538243
5253,-9652.894209322214,-2011.0423618538243
5254,-9652.894209322214,-1069.4384792976489
5255,-9652.894209322214,-1069.4384792976489
5256,-9652.894209322214,-2644.7966934894266
5257,-9652.894209322214,-2644.7966934894266
5258,-9652.894209322214,-2276.7999543166006
5259,-9652.894209322214,-2276.7999543166006
5260,-9652.894209322214,-3915.4780712520824
5261,-9652.894209322214,-3915.4780712520824
5262,-9652.894209322214,-4217.326602643125
5263,-9652.894209322214,-4217.326602643125
5264,-9652.894209322214,-3773.7989544382635
5265,-9652.894209322214,-3773.7989544382635
5266,-9652.894209322214,-4627.200952971243
5267,-9652.894209322214,-4627.200952971243
5268,-9652.894209322214,-9311.463209096248
5269,-9652.894209322214,-9311.463209096248
5270,-9652.894209322214,-6059.271288468784
5271,-9652.894209322214,-6059.271288468784
5272,-9652.894209322214,-5409.974635086803
5273,-9652.894209322214,-5409.974635086803
5274,-6856.937646941602,-2123.289786115047
5275,-6856.937646941602,-2123.289786115047
5276,-2666.282002365562,-1974.4004085282922
5277,-2666.282002365562,-1974.4004085282922
5278,-4710.534633524392,-668.8080171282672
5279,-4710.534633524392,-668.8080171282672
5280,-9454.120061999674,-345.2760658251991
5281,-9454.120061999674,-345.2760658251991
5282,-5777.406616074493,753.6652330039051
5283,-5777.406616074493,753.6652330039051
5284,-5269.883688426817,-1852.456667038201
5285,-5269.883688426817,-1852.456667038201
5286,-9128.543238525133,1254.4270566183168
5287,-9128.543238525133,1254.4270566183168
5288,322.8597722303184,-1323.6379786946272
5289,322.8597722303184,-1323.6379786946272
5290,-8845.681040561798,2119.5687825848054
5291,-8845.681040561798,2119.5687825848054
5292,-9652.894209322214,2449.130481495593
5293,-9652.894209322214,2449.130481495593
5294,-8315.679023509103,1075.9997803622427
5295,-8315.679023509103,1075.9997803622427
5296,-6897.693398091727,-1787.1814363153317
5297,-6897.693398091727,-1787.1814363153317
5298,9061.901908011409,-3999.3911429274103
5299,9061.901908011409,-3999.3911429274103
5300,9652.894209322214,-3910.3252950671176
5301,9652.894209322214,-3910.3252950671176
5302,9652.894209322214,-3814.642894327644
5303,9652.894209322214,-3814.642894327644
5304,9652.894209322214,-2854.478739505912
5305,9652.894209322214,-2854.478739505912
5306,9652.894209322214,-2460.331644999731
5307,9652.894209322214,-2460.331644999731
5308,9652.894209322214,-2684.445690182334
5309,9652.894209322214,-2684.445690182334
5310,9652.894209322214,-2416.973449771738
5311,9652.894209322214,-2416.973449771738
5312,9652.894209322214,-2256.335660067236
5313,9652.894209322214,-2256.335660067236
5314,-9652.894209322214,973.8652069091877
5315,-9652.894209322214,973.8652069091877
5316,-9652.894209322214,-10146.123781352422
5317,-9652.894209322214,-10146.123781352422
5318,-9652.894209322214,-8707.34603170467
5319,-9652.894209322214,-8707.34603170467
5320,-9652.894209322214,-1548.3854528405973
5321,-9652.894209322214,-1548.3854528405973
5322,-9652.894209322214,-2436.6422519136704
5323,-9652.894209322214,-2436.6422519136704
5324,-7730.916109905378,-1844.9690990100844
5325,-7730.916109905378,-1844.9690990100844
5326,-9330.823355657936,-868.9527216451697
5327,-9330.823355657936,-868.9527216451697
5328,2427.886708604894,-1151.0711480903574
5329,2427.886708604894,-1151.0711480903574
5330,-1090.3495766087526,-749.2848029980323
5331,-1090.3495766087526,-749.2848029980323
5332,-9652.894209322214,-694.6729761539118
5333,-9652.894209322214,-694.6729761539118
5334,-9652.894209322214,-1032.9854107966312
5335,-9652.894209322214,-1032.9854107966312
5336,-9652.894209322214,354.56424861775304
5337,-9652.894209322214,354.56424861775304
5338,-9652.894209322214,-1645.467657468007
5339,-9652.894209322214,-1645.467657468007
5340,-9652.894209322214,-12203.090977313834
5341,-9652.894209322214,-12203.090977313834
5342,-9652.894209322214,-7205.675692990761
5343,-9652.894209322214,-7205.675692990761
5344,-9652.894209322214,-4367.67746800946
5345,-9652.894209322214,-4367.67746800946
5346,-9652.894209322214,-3385.6873018551814
5347,-9652.894209322214,-3385.6873018551814
5348,-6891.2326763588135,-720.6130736329578
5349,-6891.2326763588135,-720.6130736329578
5350,-8941.401379704057,451.4677281050808
5351,-8941.401379704057,451.4677281050808
5352,-9652.894209322214,-1490.8515982247773
5353,-9652.894209322214,-1490.8515982247773
5354,-9652.894209322214,-980.5875466770685
5355,-9652.894209322214,-980.5875466770685
5356,-9652.894209322214,-930.4141143135403
5357,-9652.894209322214,-930.4141143135403
5358,-9652.894209322214,83.65679187574642
5359,-9652.894209322214,83.65679187574642
5360,-9652.894209322214,-2967.284232746635
5361,-9652.894209322214,-2967.284232746635
5362,-9652.894209322214,-1503.0690698240305
5363,-9652.894209322214,-1503.0690698240305
5364,-9652.894209322214,-4740.392506460419
5365,-9652.894209322214,-4740.392506460419
5366,-9652.894209322214,-3928.104246578283
5367,-9652.894209322214,-3928.104246578283
5368,-9652.894209322214,-6340.997452635966
5369,-9652.894209322214,-6340.997452635966
5370,-9652.894209322214,-42.81316805927963
5371,-9652.894209322214,-42.81316805927963
5372,-9652.894209322214,141.57991357879473
5373,-9652.894209322214,141.57991357879473
5374,-791.1822976126805,-1424.6358375971195
5375,-791.1822976126805,-1424.6358375971195
5376,-9652.894209322214,2556.5011185786334
5377,-9652.894209322214,2556.5011185786334
5378,-9652.894209322214,-1584.454758230666
5379,-9652.894209322214,-1584.454758230666
5380,-9652.894209322214,-4342.221176642201
5381,-9652.894209322214,-4342.221176642201
5382,-9652.894209322214,-1818.2399820207156
5383,-9652.894209322214,-1818.2399820207156
5384,-9652.894209322214,-2102.2907960196953
5385,-9652.894209322214,-2102.2907960196953
5386,-9652.894209322214,-5921.101889101141
5387,-9652.894209322214,-5921.101889101141
5388,-9652.894209322214,-4720.460725566803
5389,-9652.894209322214,-4720.460725566803
5390,-9652.894209322214,-6842.684758907133
5391,-9652.894209322214,-6842.684758907133
5392,-9652.894209322214,-2471.760226108516
5393,-9652.894209322214,-2471.760226108516
5394,-9652.894209322214,-2387.5413865687296
5395,-9652.894209322214,-2387.5413865687296
5396,-9652.894209322214,-715.8102619239253
5397,-9652.894209322214,-715.8102619239253
5398,-9652.894209322214,-2472.8141128020834
5399,-9652.894209322214,-2472.8141128020834
5400,-8854.385830518608,1299.0629250465154
5401,-8854.385830518608,1299.0629250465154
5402,-9421.793509143885,1945.3757765743194
5403,-9421.793509143885,1945.3757765743194
5404,-9652.894209322214,-528.0411921730829
5405,-9652.894209322214,-528.0411921730829
5406,-9652.894209322214,2323.7963703663354
5407,-9652.894209322214,2323.7963703663354
5408,-9652.894209322214,2874.9844456049705
5409,-9652.894209322214,2874.9844456049705
5410,-9652.894209322214,-4678.239639005376
5411,-9652.894209322214,-4678.239639005376
5412,-9652.894209322214,-3369.3914310104738
5413,-9652.894209322214,-3369.3914310104738
5414,-9652.894209322214,-4799.0928560784105
5415,-9652.894209322214,-4799.0928560784105
5416,-9652.894209322214,-1149.516398755577
5417,-9652.894209322214,-1149.516398755577
5418,-301.7923396853548,-1346.2460870542618
5419,-301.7923396853548,-1346.2460870542618
5420,3632.0172519925436,-1732.883572792145
5421,3632.0172519925436,-1732.883572792145
5422,-139.19260815959206,340.5387059823861
5423,-139.19260815959206,340.5387059823861
5424,-3548.0220637530547,-3449.3794079053296
5425,-3548.0220637530547,-3449.3794079053296
5426,80.07275017481334,-5220.801777469895
5427,80.07275017481334,-5220.801777469895
5428,-3803.1197568257776,-4983.91552750108
5429,-3803.1197568257776,-4983.91552750108
5430,-9652.894209322214,-5029.639889096834
5431,-9652.894209322214,-5029.639889096834
5432,-2377.9510530637963,-5172.468984220619
5433,-2377.9510530637963,-5172.468984220619
5434,-1477.7250965575877,-5346.61408619639
5435,-1477.7250965575877,-5346.61408619639
5436,-9652.894209322214,-3797.3153386034464
5437,-9652.894209322214,-3797.3153386034464
5438,-9652.894209322214,-4726.345405521142
5439,-9652.894209322214,-4726.345405521142
5440,5356.278736703631,-3975.225163785295
5441,5356.278736703631,-3975.225163785295
5442,4851.760499932734,-5222.865171749734
5443,4851.760499932734,-5222.865171749734
5444,5426.277414343051,-5868.020991063358
5445,5426.277414343051,-5868.020991063358
5446,9652.894209322214,-4750.886089644138
5447,9652.894209322214,-4750.886089644138
5448,9652.894209322214,-3881.8495611046874
5449,9652.894209322214,-3881.8495611046874
5450,9652.894209322214,-4100.865819300849
5451,9652.894209322214,-4100.865819300849
5452,7925.37502349644,-3957.417932299688
5453,7925.37502349644,-3957.417932299688
5454,8064.376172554406,-3763.058938996319
5455,8064.376172554406,-3763.058938996319
5456,1308.6581039692392,-2839.451387429477
5457,1308.6581039692392,-2839.451387429477
5458,-6030.015549370284,-1801.5822558742911
5459,-6030.015549370284,-1801.5822558742911
5460,-9652.894209322214,-4281.247984076535
5461,-9652.894209322214,-4281.247984076535
5462,-8910.835293766693,-4482.2329648891955
5463,-8910.835293766693,-4482.2329648891955
5464,-1383.880985556185,-2331.324170083679
5465,-1383.880985556185,-2331.324170083679
5466,-9652.894209322214,-1365.3355447224712
5467,-9652.894209322214,-1365.3355447224712
5468,-5927.671941467455,-1749.2910691605302
5469,-5927.671941467455,-1749.2910691605302
5470,-8215.792771242057,-556.2777690533039
5471,-8215.792771242057,-556.2777690533039
5472,-9652.894209322214,-378.1971499131705
5473,-9652.894209322214,-378.1971499131705
5474,5316.758960641852,3.1299239399577345
5475,5316.758960641852,3.1299239399577345
5476,3338.27982640988,115.1742108111921
5477,3338.27982640988,115.1742108111921
5478,-1439.864107662872,193.87039201730113
5479,-1439.864107662872,193.87039201730113
5480,9652.894209322214,-248.98037398694578
5481,9652.894209322214,-248.98037398694578
5482,3033.638584682205,-2809.001119178167
5483,3033.638584682205,-2809.001119178167
5484,-3661.1613500200874,-2893.141160852392
5485,-3661.1613500200874,-2893.141160852392
5486,-9652.894209322214,-1049.1748297586037
5487,-9652.894209322214,-1049.1748297586037
5488,3965.361085065806,-3213.2763719794184
5489,3965.361085065806,-3213.2763719794184
5490,691.5628189962044,-5085.067050278321
5491,691.5628189962044,-5085.067050278321
5492,4894.4802425207745,-5255.157602428011
5493,4894.4802425207745,-5255.157602428011
5494,9652.894209322214,-4990.443346341979
5495,9652.894209322214,-4990.443346341979
5496,9652.894209322214,-3883.3753709435496
5497,9652.894209322214,-3883.3753709435496
5498,8460.70058008644,-3597.6417027207153
5499,8460.70058008644,-3597.6417027207153
5500,3106.7606748056123,-3339.5923654854723
5501,3106.7606748056123,-3339.5923654854723
5502,-9652.894209322214,-3430.2469843142662
5503,-9652.894209322214,-3430.2469843142662
5504,3966.4516782299124,-2721.5353678140145
5505,3966.4516782299124,-2721.5353678140145
5506,-9652.894209322214,-307.95719262802413
5507,-9652.894209322214,-307.95719262802413
5508,-9652.894209322214,-2329.923240845581
5509,-9652.894209322214,-2329.923240845581
5510,-9652.894209322214,-3401.7390616544235
5511,-9652.894209322214,-3401.7390616544235
5512,-9652.894209322214,-2979.979183660602
5513,-9652.894209322214,-2979.979183660602
5514,-9033.468815085274,-1099.8452756444767
5515,-9033.468815085274,-1099.8452756444767
5516,-7795.459560681105,526.7927065382537
5517,-7795.459560681105,526.7927065382537
5518,9652.894209322214,-1160.4769729561485
5519,9652.894209322214,-1160.4769729561485
5520,9652.894209322214,-115.17744250149735
5521,9652.894209322214,-115.17744250149735
5522,1821.6111859214507,218.91614037056206
5523,1821.6111859214507,218.91614037056206
5524,-6070.556596451519,368.64711954091763
5525,-6070.556596451519,368.64711954091763
5526,-9652.894209322214,786.1548627247957
5527,-9652.894209322214,786.1548627247957
5528,-9652.894209322214,1273.3250774530334
5529,-9652.894209322214,1273.3250774530334
5530,-9652.894209322214,-6934.797063522495
5531,-9652.894209322214,-6934.797063522495
5532,-9652.894209322214,4973.588366189166
5533,-9652.894209322214,4973.588366189166
5534,-9652.894209322214,-10365.066857540389
5535,-9652.894209322214,-10365.066857540389
5536,-9652.894209322214,-1112.2118122796837
5537,-9652.894209322214,-1112.2118122796837
5538,-9652.894209322214,-816.6130022979632
5539,-9652.894209322214,-816.6130022979632
5540,-9652.894209322214,-1845.250673502942
5541,-9652.894209322214,-1845.250673502942
5542,2147.301537569475,-1450.2678116164516
5543,2147.301537569475,-1450.2678116164516
5544,-9652.894209322214,-1029.3945086251097
5545,-9652.894209322214,-1029.3945086251097
5546,-9652.894209322214,-1056.0346166522104
5547,-9652.894209322214,-1056.0346166522104
5548,-9652.894209322214,-1278.9295634070095
5549,-9652.894209322214,-1278.9295634070095
5550,-9652.894209322214,-1584.218783696444
5551,-9652.894209322214,-1584.218783696444
5552,-9652.894209322214,888.6198348269609
5553,-9652.894209322214,888.6198348269609
5554,-9652.894209322214,157.45643365624892
5555,-9652.894209322214,157.45643365624892
5556,-9652.894209322214,-1932.6513437130561
5557,-9652.894209322214,-1932.6513437130561
5558,-9652.894209322214,-2308.68605355434
5559,-9652.894209322214,-2308.68605355434
5560,-9652.894209322214,-3167.894990532388
5561,-9652.894209322214,-3167.894990532388
5562,-9652.894209322214,-1780.1837156682122
5563,-9652.894209322214,-1780.1837156682122
5564,-6834.689740504618,442.9226973613095
5565,-6834.689740504618,442.9226973613095
5566,-4142.069880203813,890.5064366760689
5567,-4142.069880203813,890.5064366760689
5568,9652.894209322214,-2724.102727060974
5569,9652.894209322214,-2724.102727060974
5570,9652.894209322214,-2764.548324501473
5571,9652.894209322214,-2764.548324501473
5572,-9652.894209322214,-2593.284520437792
5573,-9652.894209322214,-2593.284520437792
5574,-9652.894209322214,-55.02819061187256
5575,-9652.894209322214,-55.02819061187256
5576,7246.9507707240355,-1008.760078536272
5577,7246.9507707240355,-1008.760078536272
5578,5202.022412365537,-1153.5280990725987
5579,5202.022412365537,-1153.5280990725987
5580,-9652.894209322214,-2015.4470284625113
5581,-9652.894209322214,-2015.4470284625113
5582,-9652.894209322214,-4571.474372509627
5583,-9652.894209322214,-4571.474372509627
5584,-9652.894209322214,-5019.336335923228
5585,-9652.894209322214,-5019.336335923228
5586,694.078407519326,-2345.3825487267713
5587,694.078407519326,-2345.3825487267713
5588,4648.809260261601,-2242.1916753352107
5589,4648.809260261601,-2242.1916753352107
5590,2149.771535158766,-1260.6607870812932
5591,2149.771535158766,-1260.6607870812932
5592,-3861.4509513826197,-384.36944525214494
5593,-3861.4509513826197,-384.36944525214494
5594,897.4827709182573,-2170.6920814900714
5595,897.4827709182573,-2170.6920814900714
5596,-5043.33155815526,-4342.803941398366
5597,-5043.33155815526,-4342.803941398366
5598,-9652.894209322214,-1523.8194033209638
5599,-9652.894209322214,-1523.8194033209638
5600,3944.802762056148,-5077.053125479204
5601,3944.802762056148,-5077.053125479204
5602,-4062.773638658651,-3528.453048296009
5603,-4062.773638658651,-3528.453048296009
5604,-9652.894209322214,-5102.060299829345
5605,-9652.894209322214,-5102.060299829345
5606,-9652.894209322214,-5598.630526723233
5607,-9652.894209322214,-5598.630526723233
5608,-6973.480835838211,-4877.249391098072
5609,-6973.480835838211,-4877.249391098072
5610,-9164.25087046134,-1416.5066689511186
5611,-9164.25087046134,-1416.5066689511186
5612,-5032.370848826613,-1123.8123873121003
5613,-5032.370848826613,-1123.8123873121003
5614,-8770.687140686845,122.77349360192602
5615,-8770.687140686845,122.77349360192602
5616,-9652.894209322214,-400.7365129159789
5617,-9652.894209322214,-400.7365129159789
5618,-7484.665727795764,-2655.6812007920034
5619,-7484.665727795764,-2655.6812007920034
5620,-8926.632001814156,2879.9305929963866
5621,-8926.632001814156,2879.9305929963866
5622,-9652.894209322214,-599.8422890705297
5623,-9652.894209322214,-599.8422890705297
5624,-9652.894209322214,2179.079376314132
5625,-9652.894209322214,2179.079376314132
5626,-9652.894209322214,5992.914431459469
5627,-9652.894209322214,5992.914431459469
5628,-9652.894209322214,4335.733824949601
5629,-9652.894209322214,4335.733824949601
5630,-9652.894209322214,-8932.831436338522
5631,-9652.894209322214,-8932.831436338522
5632,-9652.894209322214,-998.5576237097848
5633,-9652.894209322214,-998.5576237097848
5634,-9652.894209322214,-1744.1606655694031
5635,-9652.894209322214,-1744.1606655694031
5636,-9652.894209322214,-186.51748103314821
5637,-9652.894209322214,-186.51748103314821
5638,-9652.894209322214,-2763.0474849359853
5639,-9652.894209322214,-2763.0474849359853
5640,-9652.894209322214,-2248.8592728748627
5641,-9652.894209322214,-2248.8592728748627
5642,-9652.894209322214,921.1029705638757
5643,-9652.894209322214,921.1029705638757
5644,-9652.894209322214,-2031.1079383044253
5645,-9652.894209322214,-2031.1079383044253
5646,-9652.894209322214,-2548.801711858725
5647,-9652.894209322214,-2548.801711858725
5648,-9652.894209322214,673.2815850844945
5649,-9652.894209322214,673.2815850844945
5650,-9652.894209322214,-362.94960872850606
5651,-9652.894209322214,-362.94960872850606
5652,-9652.894209322214,-9696.965105301919
5653,-9652.894209322214,-9696.965105301919
5654,-9652.894209322214,-5265.646437855197
5655,-9652.894209322214,-5265.646437855197
5656,-6075.517253494303,-2588.0145576991326
5657,-6075.517253494303,-2588.0145576991326
5658,9652.894209322214,-4275.66570008338
5659,9652.894209322214,-4275.66570008338
5660,9652.894209322214,-4652.234597202307
5661,9652.894209322214,-4652.234597202307
5662,9652.894209322214,-3598.22857755477
5663,9652.894209322214,-3598.22857755477
5664,9652.894209322214,-2563.166082462807
5665,9652.894209322214,-2563.166082462807
5666,5553.3911759281,-2146.826955962386
5667,5553.3911759281,-2146.826955962386
5668,-2282.9206512790333,-2645.6564303289306
5669,-2282.9206512790333,-2645.6564303289306
5670,-4780.878792131181,-3238.4196942522613
5671,-4780.878792131181,-3238.4196942522613
5672,-9149.127027298156,-2950.236841147276
5673,-9149.127027298156,-2950.236841147276
5674,-9652.894209322214,-2767.723325045452
5675,-9652.894209322214,-2767.723325045452
5676,-9652.894209322214,33.07484795325399
5677,-9652.894209322214,33.07484795325399
5678,-9652.894209322214,319.76426804734
5679,-9652.894209322214,319.76426804734
5680,-9652.894209322214,-121.51986191491596
5681,-9652.894209322214,-121.51986191491596
5682,-5681.196703262693,-2636.5695487805697
5683,-5681.196703262693,-2636.5695487805697
5684,-346.9181235135002,-3266.358749764473
5685,-346.9181235135002,-3266.358749764473
5686,-1938.6304301164164,-2775.768585288026
5687,-1938.6304301164164,-2775.768585288026
5688,-2676.390860564581,-2634.297142945419
5689,-2676.390860564581,-2634.297142945419
5690,-5688.91128715884,-2760.0900703735624
5691,-5688.91128715884,-2760.0900703735624
5692,-9652.894209322214,-2815.328649185154
5693,-9652.894209322214,-2815.328649185154
5694,-9652.894209322214,-3225.0181227796256
5695,-9652.894209322214,-3225.0181227796256
5696,-9652.894209322214,-2877.3439849806236
5697,-9652.894209322214,-2877.3439849806236
5698,-9652.894209322214,-12776.616570459502
5699,-9652.894209322214,-12776.616570459502
5700,-9652.894209322214,2094.2703403548967
5701,-9652.894209322214,2094.2703403548967
5702,-9652.894209322214,-12522.384816920705
5703,-9652.894209322214,-12522.384816920705
5704,-9652.894209322214,-3894.0679718903466
5705,-9652.894209322214,-3894.0679718903466
5706,-7488.216105347186,-3907.0057651608677
5707,-7488.216105347186,-3907.0057651608677
5708,-9652.894209322214,-5011.307000247612
5709,-9652.894209322214,-5011.307000247612
5710,-9355.934215098256,-4435.392731591901
5711,-9355.934215098256,-4435.392731591901
5712,-9652.894209322214,-3791.8360830020665
5713,-9652.894209322214,-3791.8360830020665
5714,-7198.61586222492,-1915.8228256198254
5715,-7198.61586222492,-1915.8228256198254
5716,-9652.894209322214,-527.8620417423826
5717,-9652.894209322214,-527.8620417423826
5718,-9652.894209322214,-3533.6752437441755
5719,-9652.894209322214,-3533.6752437441755
5720,-9652.894209322214,-1906.5661416013136
5721,-9652.894209322214,-1906.5661416013136
5722,-9652.894209322214,-838.1264309252256
5723,-9652.894209322214,-838.1264309252256
5724,-9652.894209322214,692.5304751191852
5725,-9652.894209322214,692.5304751191852
5726,-9652.894209322214,-4251.457019717032
5727,-9652.894209322214,-4251.457019717032
5728,-9652.894209322214,-2364.892047859694
5729,-9652.894209322214,-2364.892047859694
5730,-9652.894209322214,-4449.108957559647
5731,-9652.894209322214,-4449.108957559647
5732,-9652.894209322214,-3692.0876775653833
5733,-9652.894209322214,-3692.0876775653833
5734,-9652.894209322214,-4823.609275501816
5735,-9652.894209322214,-4823.609275501816
5736,-9652.894209322214,-1218.733670160289
5737,-9652.894209322214,-1218.733670160289
5738,-9652.894209322214,-3456.597128730269
5739,-9652.894209322214,-3456.597128730269
5740,-9652.894209322214,-3267.7659600535844
5741,-9652.894209322214,-3267.7659600535844
5742,-9652.894209322214,-3668.650587709244
5743,-9652.894209322214,-3668.650587709244
5744,-9652.894209322214,-2779.618551817992
5745,-9652.894209322214,-2779.618551817992
5746,-9652.894209322214,120.67915163429461
5747,-9652.894209322214,120.67915163429461
5748,-9652.894209322214,-416.30088633539526
5749,-9652.894209322214,-416.30088633539526
5750,-9652.894209322214,-1849.1278487885193
5751,-9652.894209322214,-1849.1278487885193
5752,-9652.894209322214,-88.26623579560328
5753,-9652.894209322214,-88.26623579560328
5754,-9652.894209322214,-4994.516215213842
5755,-9652.894209322214,-4994.516215213842
5756,-7833.324137124655,-4682.905683196859
5757,-7833.324137124655,-4682.905683196859
5758,-8979.56197725366,-4490.5574604370995
5759,-8979.56197725366,-4490.5574604370995
5760,-5912.142744040757,903.8443567052509
5761,-5912.142744040757,903.8443567052509
5762,-473.8638791119629,-3132.2518388487642
5763,-473.8638791119629,-3132.2518388487642
5764,-6386.276881796388,-1084.8847241052335
5765,-6386.276881796388,-1084.8847241052335
5766,-9652.894209322214,-104.86320700922079
5767,-9652.894209322214,-104.86320700922079
5768,-9652.894209322214,1665.4141372005652
5769,-9652.894209322214,1665.4141372005652
5770,-9652.894209322214,-168.88772058332506
5771,-9652.894209322214,-168.88772058332506
5772,-9652.894209322214,255.31102082556572
5773,-9652.894209322214,255.31102082556572
5774,-9652.894209322214,-8627.38979296988
5775,-9652.894209322214,-8627.38979296988
5776,-9652.894209322214,-2229.674839115565
5777,-9652.894209322214,-2229.674839115565
5778,-9652.894209322214,-3823.0702520132
5779,-9652.894209322214,-3823.0702520132
5780,-9652.894209322214,-854.4810295625502
5781,-9652.894209322214,-854.4810295625502
5782,-9652.894209322214,-1143.673508003867
5783,-9652.894209322214,-1143.673508003867
5784,-6527.323432069032,907.0361873907896
5785,-6527.323432069032,907.0361873907896
5786,-3392.6715734840836,-3227.729267619128
5787,-3392.6715734840836,-3227.729267619128
5788,-962.7318361143771,1249.9569147039492
5789,-962.7318361143771,1249.9569147039492
5790,-510.7659195531305,-2925.2132410156282
5791,-510.7659195531305,-2925.2132410156282
5792,841.531350577914,-1598.1917899513737
5793,841.531350577914,-1598.1917899513737
5794,-2546.718552197055,-1776.757041048666
5795,-2546.718552197055,-1776.757041048666
5796,-9652.894209322214,-1975.61727686208
5797,-9652.894209322214,-1975.61727686208
5798,-4404.070057544075,-3937.9350109912175
5799,-4404.070057544075,-3937.9350109912175
5800,9652.894209322214,-6491.302969812685
5801,9652.894209322214,-6491.302969812685
5802,9652.894209322214,-1425.934347897768
5803,9652.894209322214,-1425.934347897768
5804,9652.894209322214,-90.2896101008555
5805,9652.894209322214,-90.2896101008555
5806,9652.894209322214,-1307.1260109162977
5807,9652.894209322214,-1307.1260109162977
5808,9652.894209322214,-3712.772471224742
5809,9652.894209322214,-3712.772471224742
5810,9652.894209322214,-3548.433955896624
5811,9652.894209322214,-3548.433955896624
5812,9652.894209322214,-6739.510292173147
5813,9652.894209322214,-6739.510292173147
5814,9652.894209322214,-3290.4695870994783
5815,9652.894209322214,-3290.4695870994783
5816,9652.894209322214,-1241.3634260191993
5817,9652.894209322214,-1241.3634260191993
5818,6351.845201580181,-2389.260116230538
5819,6351.845201580181,-2389.260116230538
5820,-9652.894209322214,-2209.06513982045
5821,-9652.894209322214,-2209.06513982045
5822,-9652.894209322214,-3369.6845062690754
5823,-9652.894209322214,-3369.6845062690754
5824,9652.894209322214,-5590.048374785458
5825,9652.894209322214,-5590.048374785458
5826,9652.894209322214,-4379.426567969904
5827,9652.894209322214,-4379.426567969904
5828,9652.894209322214,-2116.969262637207
5829,9652.894209322214,-2116.969262637207
5830,9652.894209322214,-4812.34802048442
5831,9652.894209322214,-4812.34802048442
5832,9652.894209322214,-4118.965324734172
5833,9652.894209322214,-4118.965324734172
5834,9652.894209322214,-3638.9498889948663
5835,9652.894209322214,-3638.9498889948663
5836,9652.894209322214,-3811.9501187155274
5837,9652.894209322214,-3811.9501187155274
5838,9652.894209322214,-3789.3137349075732
5839,9652.894209322214,-3789.3137349075732
5840,9652.894209322214,-6827.152989315626
5841,9652.894209322214,-6827.152989315626
5842,840.6818025891644,-4652.852923810095
5843,840.6818025891644,-4652.852923810095
5844,-9652.894209322214,-3407.785863596302
5845,-9652.894209322214,-3407.785863596302
5846,-9652.894209322214,-4121.241958588904
5847,-9652.894209322214,-4121.241958588904
5848,-7355.601854201952,-4417.234715147466
5849,-7355.601854201952,-4417.234715147466
5850,9652.894209322214,-2939.9723459737525
5851,9652.894209322214,-2939.9723459737525
5852,9652.894209322214,-6059.844996383714
5853,9652.894209322214,-6059.844996383714
5854,9652.894209322214,-5100.594156591735
5855,9652.894209322214,-5100.594156591735
5856,9652.894209322214,-4684.229101569954
5857,9652.894209322214,-4684.229101569954
5858,9652.894209322214,286.15674333563584
5859,9652.894209322214,286.15674333563584
5860,9652.894209322214,668.8051855477916
5861,9652.894209322214,668.8051855477916
5862,9652.894209322214,547.5652701817708
5863,9652.894209322214,547.5652701817708
5864,9652.894209322214,-3347.912480226214
5865,9652.894209322214,-3347.912480226214
5866,400.7541744537193,-3445.48067425752
5867,400.7541744537193,-3445.48067425752
5868,-9652.894209322214,-2018.1306680561102
5869,-9652.894209322214,-2018.1306680561102
5870,-9652.894209322214,-3124.913977731989
5871,-9652.894209322214,-3124.913977731989
5872,-7855.792492576678,-3318.3571691523666
5873,-7855.792492576678,-3318.3571691523666
5874,3421.684579247846,-2364.680393768076
5875,3421.684579247846,-2364.680393768076
5876,-2717.2375263992762,-4400.305127618767
5877,-2717.2375263992762,-4400.305127618767
5878,9652.894209322214,-2338.377173812307
5879,9652.894209322214,-2338.377173812307
5880,3068.1688638348314,-3222.2897731907815
5881,3068.1688638348314,-3222.2897731907815
5882,5686.880816220913,-2476.5344926421803
5883,5686.880816220913,-2476.5344926421803
5884,-9652.894209322214,-1884.2671508918593
5885,-9652.894209322214,-1884.2671508918593
5886,-9652.894209322214,-1336.4181460836535
5887,-9652.894209322214,-1336.4181460836535
5888,-5447.732592213961,1593.0722937308637
5889,-5447.732592213961,1593.0722937308637
5890,-9652.894209322214,2059.56445652585
5891,-9652.894209322214,2059.56445652585
5892,-9652.894209322214,-11664.250241226737
5893,-9652.894209322214,-11664.250241226737
5894,-9652.894209322214,-11634.814164046862
5895,-9652.894209322214,-11634.814164046862
5896,-9652.894209322214,-2880.481959458608
5897,-9652.894209322214,-2880.481959458608
5898,-9652.894209322214,-1801.5289300462446
5899,-9652.894209322214,-1801.5289300462446
5900,-9652.894209322214,-1646.2227143985838
5901,-9652.894209322214,-1646.2227143985838
5902,-9652.894209322214,-687.4425570189251
5903,-9652.894209322214,-687.4425570189251
5904,-9652.894209322214,485.0917087832695
5905,-9652.894209322214,485.0917087832695
5906,-9652.894209322214,866.2312917321015
5907,-9652.894209322214,866.2312917321015
5908,-9652.894209322214,887.2711824764938
5909,-9652.894209322214,887.2711824764938
5910,-9652.894209322214,1172.0759707039178
5911,-9652.894209322214,1172.0759707039178
5912,-9652.894209322214,1000.02772868168
5913,-9652.894209322214,1000.02772868168
5914,-9652.894209322214,-12029.009195425571
5915,-9652.894209322214,-12029.009195425571
5916,-9652.894209322214,3566.989264499558
5917,-9652.894209322214,3566.989264499558
5918,-9652.894209322214,-11635.766559354459
5919,-9652.894209322214,-11635.766559354459
5920,-9652.894209322214,-4491.672173247169
5921,-9652.894209322214,-4491.672173247169
5922,-9652.894209322214,-4133.727421481064
5923,-9652.894209322214,-4133.727421481064
5924,-9652.894209322214,-378.38253788434486
5925,-9652.894209322214,-378.38253788434486
5926,-9652.894209322214,950.0917630474305
5927,-9652.894209322214,950.0917630474305
5928,-9652.894209322214,859.6915869351214
5929,-9652.894209322214,859.6915869351214
5930,-9652.894209322214,-223.14865759607346
5931,-9652.894209322214,-223.14865759607346
5932,-9652.894209322214,-1164.31156189817
5933,-9652.894209322214,-1164.31156189817
5934,-9652.894209322214,-896.5913993960548
5935,-9652.894209322214,-896.5913993960548
5936,-9652.894209322214,557.3281856333269
5937,-9652.894209322214,557.3281856333269
5938,-9652.894209322214,690.0672484335319
5939,-9652.894209322214,690.0672484335319
5940,-9652.894209322214,-2326.5357846565166
5941,-9652.894209322214,-2326.5357846565166
5942,-9652.894209322214,-2090.404621453299
5943,-9652.894209322214,-2090.404621453299
5944,-9652.894209322214,-2355.2082139771774
5945,-9652.894209322214,-2355.2082139771774
5946,-5642.885406390775,-428.1785777676487
5947,-5642.885406390775,-428.1785777676487
5948,1161.3396814754142,-296.14877031951437
5949,1161.3396814754142,-296.14877031951437
5950,727.8603451627714,-1207.4495501304355
5951,727.8603451627714,-1207.4495501304355
5952,9652.894209322214,-2904.3601292017775
5953,9652.894209322214,-2904.3601292017775
5954,9652.894209322214,-2337.5512355772844
5955,9652.894209322214,-2337.5512355772844
5956,9652.894209322214,-1774.418774450527
5957,9652.894209322214,-1774.418774450527
5958,9652.894209322214,-586.5529624501705
5959,9652.894209322214,-586.5529624501705
5960,9652.894209322214,-1506.879450258648
5961,9652.894209322214,-1506.879450258648
5962,-507.0130065092653,585.5271434039059
5963,-507.0130065092653,585.5271434039059
5964,-9652.894209322214,-820.5513267428978
5965,-9652.894209322214,-820.5513267428978
5966,-9652.894209322214,-770.1189024288415
5967,-9652.894209322214,-770.1189024288415
5968,9652.894209322214,-4721.245224546305
5969,9652.894209322214,-4721.245224546305
5970,9652.894209322214,-4980.335041783759
5971,9652.894209322214,-4980.335041783759
5972,9652.894209322214,-2111.8477457519803
5973,9652.894209322214,-2111.8477457519803
5974,9652.894209322214,-2199.2993206882784
5975,9652.894209322214,-2199.2993206882784
5976,9652.894209322214,-2951.3988767342616
5977,9652.894209322214,-2951.3988767342616
5978,9652.894209322214,-2477.0861410058587
5979,9652.894209322214,-2477.0861410058587
5980,9652.894209322214,-2199.2524360901825
5981,9652.894209322214,-2199.2524360901825
5982,9652.894209322214,-327.92521749475054
5983,9652.894209322214,-327.92521749475054
5984,9652.894209322214,-922.1321594761666
5985,9652.894209322214,-922.1321594761666
5986,-5320.3998917922745,1249.5180019578656
5987,-5320.3998917922745,1249.5180019578656
5988,-9652.894209322214,-817.6770693531362
5989,-9652.894209322214,-817.6770693531362
5990,-9652.894209322214,688.8733796265151
5991,-9652.894209322214,688.8733796265151
5992,-9652.894209322214,276.0230604761946
5993,-9652.894209322214,276.0230604761946
5994,-9652.894209322214,-3019.175107541727
5995,-9652.894209322214,-3019.175107541727
5996,-9652.894209322214,622.1224363144356
5997,-9652.894209322214,622.1224363144356
5998,-9652.894209322214,453.1566477954784
5999,-9652.894209322214,453.1566477954784
6000,-8203.551682550184,2716.4661008757157
6001,-8203.551682550184,2716.4661008757157
6002,-9652.894209322214,-646.1061329951517
6003,-9652.894209322214,-646.1061329951517
6004,-9652.894209322214,-845.0234981530157
6005,-9652.894209322214,-845.0234981530157
6006,-9652.894209322214,-798.3239240222447
6007,-9652.894209322214,-798.3239240222447
6008,-9652.894209322214,-195.45665779644514
6009,-9652.894209322214,-195.45665779644514
6010,-9652.894209322214,-1409.5563763114478
6011,-9652.894209322214,-1409.5563763114478
6012,-9652.894209322214,-682.0274120409449
6013,-9652.894209322214,-682.0274120409449
6014,-9652.894209322214,-2510.2345633158584
6015,-9652.894209322214,-2510.2345633158584
6016,-9652.894209322214,-2710.845115122991
6017,-9652.894209322214,-2710.845115122991
6018,-9652.894209322214,-974.3456618726377
6019,-9652.894209322214,-974.3456618726377
6020,-3906.3106516035186,-778.8684786077702
6021,-3906.3106516035186,-778.8684786077702
6022,-4883.073684240884,-160.13657822675123
6023,-4883.073684240884,-160.13657822675123
6024,-8100.37411602174,527.410143328716
6025,-8100.37411602174,527.410143328716
6026,-9652.894209322214,-327.8612531321487
6027,-9652.894209322214,-327.8612531321487
6028,-9652.894209322214,-1815.463081040194
6029,-9652.894209322214,-1815.463081040194
6030,-9652.894209322214,312.8201387784411
6031,-9652.894209322214,312.8201387784411
6032,-9652.894209322214,-1073.628595128468
6033,-9652.894209322214,-1073.628595128468
6034,-9652.894209322214,-2106.819709186837
6035,-9652.894209322214,-2106.819709186837
6036,-9652.894209322214,-4491.675832467074
6037,-9652.894209322214,-4491.675832467074
6038,-9652.894209322214,-2781.6402456561827
6039,-9652.894209322214,-2781.6402456561827
6040,-9652.894209322214,-2647.2825846361757
6041,-9652.894209322214,-2647.2825846361757
6042,-9354.209921807174,-528.986548070663
6043,-9354.209921807174,-528.986548070663
6044,-837.438195576422,-841.9552842839639
6045,-837.438195576422,-841.9552842839639
6046,-1829.5516386478157,-290.72136057575517
6047,-1829.5516386478157,-290.72136057575517
6048,-4735.5218347431655,-1251.517414013817
6049,-4735.5218347431655,-1251.517414013817
6050,-1838.7976969176652,509.68741384351233
6051,-1838.7976969176652,509.68741384351233
6052,-4816.181576167775,885.2879775423444
6053,-4816.181576167775,885.2879775423444
6054,-9652.894209322214,-1124.5297951192588
6055,-9652.894209322214,-1124.5297951192588
6056,-9652.894209322214,-866.7527429820657
6057,-9652.894209322214,-866.7527429820657
6058,-9652.894209322214,-1626.431250452688
6059,-9652.894209322214,-1626.431250452688
6060,-9652.894209322214,-827.2602897786055
6061,-9652.894209322214,-827.2602897786055
6062,-9652.894209322214,-2742.7320714083853
6063,-9652.894209322214,-2742.7320714083853
6064,-9652.894209322214,-2781.7417509945844
6065,-9652.894209322214,-2781.7417509945844
6066,-8533.405853234042,-425.4833305114753
6067,-8533.405853234042,-425.4833305114753
6068,-1162.1820646156884,-818.7003152758225
6069,-1162.1820646156884,-818.7003152758225
6070,-1772.7803556852468,-433.30973459294364
6071,-1772.7803556852468,-433.30973459294364
6072,-5434.311919102032,175.79720647508475
6073,-5434.311919102032,175.79720647508475
6074,-8178.763762305018,342.56570159578223
6075,-8178.763762305018,342.56570159578223
6076,-9652.894209322214,-427.168533594122
6077,-9652.894209322214,-427.168533594122
6078,-9652.894209322214,608.711671157731
6079,-9652.894209322214,608.711671157731
6080,-9652.894209322214,-1461.4149144398853
6081,-9652.894209322214,-1461.4149144398853
6082,-9652.894209322214,-2087.164006733403
6083,-9652.894209322214,-2087.164006733403
6084,-9652.894209322214,-1321.284327816189
6085,-9652.894209322214,-1321.284327816189
6086,-9652.894209322214,-2892.1452834909724
6087,-9652.894209322214,-2892.1452834909724
6088,-9652.894209322214,-2263.252798223988
6089,-9652.894209322214,-2263.252798223988
6090,-9652.894209322214,-3832.937748520537
6091,-9652.894209322214,-3832.937748520537
6092,-9652.894209322214,-104.10174579315208
6093,-9652.894209322214,-104.10174579315208
6094,-3119.9936683849264,-1826.5980088639953
6095,-3119.9936683849264,-1826.5980088639953
6096,-3784.4712759889226,-2535.967795209004
6097,-3784.4712759889226,-2535.967795209004
6098,-7647.910304948844,-1980.0902346535277
6099,-7647.910304948844,-1980.0902346535277
6100,-6668.956419009537,-1706.1507475266844
6101,-6668.956419009537,-1706.1507475266844
6102,-6935.938329386903,-430.7950504441269
6103,-6935.938329386903,-430.7950504441269
6104,-8400.817292158186,3543.770471582937
6105,-8400.817292158186,3543.770471582937
6106,-9652.894209322214,2572.1553166392023
6107,-9652.894209322214,2572.1553166392023
6108,-9652.894209322214,-2680.413720315293
6109,-9652.894209322214,-2680.413720315293
6110,-9652.894209322214,38.80655305260552
6111,-9652.894209322214,38.80655305260552
6112,-9652.894209322214,-726.1242410786454
6113,-9652.894209322214,-726.1242410786454
6114,-7516.17501639124,-1191.082514903077
6115,-7516.17501639124,-1191.082514903077
6116,-4422.76676599631,150.85103909442296
6117,-4422.76676599631,150.85103909442296
6118,-7401.411382648308,2533.062023499586
6119,-7401.411382648308,2533.062023499586
6120,-5157.254560392528,-1603.7209383399586
6121,-5157.254560392528,-1603.7209383399586
6122,-8510.591204626195,-1771.7240297422632
6123,-8510.591204626195,-1771.7240297422632
6124,-5584.385670795911,-1831.069703063562
6125,-5584.385670795911,-1831.069703063562
6126,-5256.933872018584,-878.9523908026367
6127,-5256.933872018584,-878.9523908026367
6128,-8468.410038938433,1965.1484213407657
6129,-8468.410038938433,1965.1484213407657
6130,-9652.894209322214,415.85307228662714
6131,-9652.894209322214,415.85307228662714
6132,-9652.894209322214,-9026.244750299025
6133,-9652.894209322214,-9026.244750299025
6134,-9652.894209322214,-7610.099927541749
6135,-9652.894209322214,-7610.099927541749
6136,-9652.894209322214,-3961.6379086508914
6137,-9652.894209322214,-3961.6379086508914
6138,-8020.420528672883,-3813.3601741968596
6139,-8020.420528672883,-3813.3601741968596
6140,215.2892581997894,-3788.78168992519
6141,215.2892581997894,-3788.78168992519
6142,109.46916689761565,-3137.0256652558055
6143,109.46916689761565,-3137.0256652558055
6144,-4458.155774906258,-1851.4006447896827
6145,-4458.155774906258,-1851.4006447896827
6146,-6079.456498184842,-1483.3230284011352
6147,-6079.456498184842,-1483.3230284011352
6148,-7517.1037269627195,-1722.3344883429945
6149,-7517.1037269627195,-1722.3344883429945
6150,-6057.5112115963275,-1156.8752919424333
6151,-6057.5112115963275,-1156.8752919424333
6152,-9500.00032205827,1181.0569574295569
6153,-9500.00032205827,1181.0569574295569
6154,-9652.894209322214,5.653629501564865
6155,-9652.894209322214,5.653629501564865
6156,-9652.894209322214,455.22776705848264
6157,-9652.894209322214,455.22776705848264
6158,-9652.894209322214,-124.2001212123123
6159,-9652.894209322214,-124.2001212123123
6160,-9652.894209322214,-803.433546059232
6161,-9652.894209322214,-803.433546059232
6162,135.4464410576984,-3787.9571004205245
6163,135.4464410576984,-3787.9571004205245
6164,6558.362179887115,-4671.353994606192
6165,6558.362179887115,-4671.353994606192
6166,5522.906680730915,-3732.5757025008224
6167,5522.906680730915,-3732.5757025008224
6168,-1383.1317056080643,-2233.0777213478123
6169,-1383.1317056080643,-2233.0777213478123
6170,-8738.324792197753,2330.336504908102
6171,-8738.324792197753,2330.336504908102
6172,-5722.5078701852235,-2166.5572475750305
6173,-5722.5078701852235,-2166.5572475750305
6174,-5304.352879036,-160.21769341997242
6175,-5304.352879036,-160.21769341997242
6176,-9652.894209322214,933.2301288050021
6177,-9652.894209322214,933.2301288050021
6178,-9652.894209322214,1288.0071337269364
6179,-9652.894209322214,1288.0071337269364
6180,-9652.894209322214,-902.4366832111009
6181,-9652.894209322214,-902.4366832111009
6182,-9652.894209322214,-1787.7849004467334
6183,-9652.894209322214,-1787.7849004467334
6184,-9652.894209322214,-1877.1979709541283
6185,-9652.894209322214,-1877.1979709541283
6186,-9652.894209322214,-674.3720180647779
6187,-9652.894209322214,-674.3720180647779
6188,6818.85033428243,-5373.73870856418
6189,6818.85033428243,-5373.73870856418
6190,-6543.581134966851,-1360.8975306685734
6191,-6543.581134966851,-1360.8975306685734
6192,-1065.1724623909577,-3709.78354942001
6193,-1065.1724623909577,-3709.78354942001
6194,-6187.213421369559,-3045.545396177471
6195,-6187.213421369559,-3045.545396177471
6196,-9652.894209322214,-2695.8808497302034
6197,-9652.894209322214,-2695.8808497302034
6198,-9652.894209322214,-2022.8123510103978
6199,-9652.894209322214,-2022.8123510103978
6200,-9652.894209322214,-1234.5734846011528
6201,-9652.894209322214,-1234.5734846011528
6202,-9652.894209322214,-2171.5241791674653
6203,-9652.894209322214,-2171.5241791674653
6204,-9652.894209322214,-11866.645378134426
6205,-9652.894209322214,-11866.645378134426
6206,-9652.894209322214,-5409.812585599993
6207,-9652.894209322214,-5409.812585599993
6208,-9652.894209322214,-5499.853267752565
6209,-9652.894209322214,-5499.853267752565
6210,-9652.894209322214,-5417.462399900154
6211,-9652.894209322214,-5417.462399900154
6212,-3792.986174969137,-5352.008643681356
6213,-3792.986174969137,-5352.008643681356
6214,-4295.855676139941,-4163.580147731502
6215,-4295.855676139941,-4163.580147731502
6216,-4483.167230344692,-1880.4793925912836
6217,-4483.167230344692,-1880.4793925912836
6218,-3273.029844521927,-1416.1488533286938
6219,-3273.029844521927,-1416.1488533286938
6220,-9078.325990245037,-1883.1545710026112
6221,-9078.325990245037,-1883.1545710026112
6222,-5665.023087613627,-113.40055466075137
6223,-5665.023087613627,-113.40055466075137
6224,-9652.894209322214,-1226.8942640106652
6225,-9652.894209322214,-1226.8942640106652
6226,-8148.379818756235,1951.1529794931976
6227,-8148.379818756235,1951.1529794931976
6228,-9652.894209322214,-416.6106332247946
6229,-9652.894209322214,-416.6106332247946
6230,-9652.894209322214,-1441.8195491953957
6231,-9652.894209322214,-1441.8195491953957
6232,-4487.983405497289,786.728083213402
6233,-4487.983405497289,786.728083213402
6234,1791.447489873327,-1702.602443223912
6235,1791.447489873327,-1702.602443223912
6236,9652.894209322214,-1984.8525427883178
6237,9652.894209322214,-1984.8525427883178
6238,1217.7294363751935,-4508.3864588634115
6239,1217.7294363751935,-4508.3864588634115
6240,2621.491716080356,-1894.3574332883109
6241,2621.491716080356,-1894.3574332883109
6242,4594.844008459082,-2790.557681686354
6243,4594.844008459082,-2790.557681686354
6244,1253.9615988342066,-2593.9724304054853
6245,1253.9615988342066,-2593.9724304054853
6246,-1389.4885223787314,-395.87060148718774
6247,-1389.4885223787314,-395.87060148718774
6248,-4821.32574024783,318.7235787737445
6249,-4821.32574024783,318.7235787737445
6250,-9652.894209322214,570.915933333481
6251,-9652.894209322214,570.915933333481
6252,-9652.894209322214,-137.31809085514215
6253,-9652.894209322214,-137.31809085514215
6254,-9652.894209322214,-2384.822017344033
6255,-9652.894209322214,-2384.822017344033
6256,-7233.321307561237,-3105.978742671381
6257,-7233.321307561237,-3105.978742671381
6258,318.2537736634349,-648.6290282660993
6259,318.2537736634349,-648.6290282660993
6260,2300.8337906146435,2013.8189456334858
6261,2300.8337906146435,2013.8189456334858
6262,-532.2790145629115,-241.73716827710814
6263,-532.2790145629115,-241.73716827710814
6264,-1428.2279398939681,-197.32917714441646
6265,-1428.2279398939681,-197.32917714441646
6266,-3334.6311801632182,-1585.4594095918274
6267,-3334.6311801632182,-1585.4594095918274
6268,-7966.191186529122,-1166.1498705740123
6269,-7966.191186529122,-1166.1498705740123
6270,-8488.718025809583,-969.7109885440022
6271,-8488.718025809583,-969.7109885440022
6272,-9652.894209322214,-575.7512230270477
6273,-9652.894209322214,-575.7512230270477
6274,-9652.894209322214,1527.360931548441
6275,-9652.894209322214,1527.360931548441
6276,-9652.894209322214,-2558.4187181679736
6277,-9652.894209322214,-2558.4187181679736
6278,-9652.894209322214,-2694.686272060748
6279,-9652.894209322214,-2694.686272060748
6280,-9652.894209322214,-1450.0088418498963
6281,-9652.894209322214,-1450.0088418498963
6282,-5426.396382502362,-4100.5184624919
6283,-5426.396382502362,-4100.5184624919
6284,-6400.9423325113385,-1916.4280925874136
6285,-6400.9423325113385,-1916.4280925874136
6286,-9652.894209322214,-3095.6911895626563
6287,-9652.894209322214,-3095.6911895626563
6288,-8065.505402338815,-2523.4974279461767
6289,-8065.505402338815,-2523.4974279461767
6290,-6083.738888014499,703.4607639251844
6291,-6083.738888014499,703.4607639251844
6292,-3133.940099232441,-1934.5308042309025
6293,-3133.940099232441,-1934.5308042309025
6294,1.565231859096457,-1506.0541549498066
6295,1.565231859096457,-1506.0541549498066
6296,-436.04034080713063,511.4493502637397
6297,-436.04034080713063,511.4493502637397
6298,-5353.78588836191,-832.4173486156633
6299,-5353.78588836191,-832.4173486156633
6300,-9652.894209322214,-1836.6609296639654
6301,-9652.894209322214,-1836.6609296639654
6302,-3811.9781546982995,-3028.2320038966263
6303,-3811.9781546982995,-3028.2320038966263
6304,206.60978164728294,-3044.1675254037455
6305,206.60978164728294,-3044.1675254037455
6306,6403.502751514648,-1878.0512769525612
6307,6403.502751514648,-1878.0512769525612
6308,6117.17552451427,-1692.2837616287488
6309,6117.17552451427,-1692.2837616287488
6310,8656.7442789526,94.03391117131832
6311,8656.7442789526,94.03391117131832
6312,-238.8990143277515,-652.7601149143447
6313,-238.8990143277515,-652.7601149143447
6314,4738.203113038373,-2505.1297238667375
6315,4738.203113038373,-2505.1297238667375
6316,1004.268523715853,-1565.1075212115738
6317,1004.268523715853,-1565.1075212115738
6318,3255.421582599567,-1421.1629698468005
6319,3255.421582599567,-1421.1629698468005
6320,9323.849020523692,-1079.7391142530178
6321,9323.849020523692,-1079.7391142530178
6322,3447.7673885857093,1112.6130831618157
6323,3447.7673885857093,1112.6130831618157
6324,-4408.746306985684,552.888888222813
6325,-4408.746306985684,552.888888222813
6326,-1113.1004987088854,-1928.6514671395053
6327,-1113.1004987088854,-1928.6514671395053
6328,-4836.468715960447,-2201.7440092972465
6329,-4836.468715960447,-2201.7440092972465
6330,-5108.573948323756,803.947739221072
6331,-5108.573948323756,803.947739221072
6332,5170.559861599922,-2729.3924411364715
6333,5170.559861599922,-2729.3924411364715
6334,-4482.045295106662,-2458.006960287459
6335,-4482.045295106662,-2458.006960287459
6336,-967.2965658444482,-2548.0484680429417
6337,-967.2965658444482,-2548.0484680429417
6338,-6070.029503953205,-240.362380205539
6339,-6070.029503953205,-240.362380205539
6340,-9652.894209322214,-1404.5999236882235
6341,-9652.894209322214,-1404.5999236882235
6342,-9652.894209322214,-2991.3827729560635
6343,-9652.894209322214,-2991.3827729560635
6344,-9652.894209322214,3465.1583340787092
6345,-9652.894209322214,3465.1583340787092
6346,-9652.894209322214,797.3399473036661
6347,-9652.894209322214,797.3399473036661
6348,-9652.894209322214,-280.7564400968422
6349,-9652.894209322214,-280.7564400968422
6350,-9652.894209322214,-273.1001574421625
6351,-9652.894209322214,-273.1001574421625
6352,-9652.894209322214,-749.9450459216332
6353,-9652.894209322214,-749.9450459216332
6354,-7381.5145018862095,448.5157516962572
6355,-7381.5145018862095,448.5157516962572
6356,-6549.194130513468,-2216.911943615378
6357,-6549.194130513468,-2216.911943615378
6358,-6897.381139973222,1904.9013793626746
6359,-6897.381139973222,1904.9013793626746
6360,-5130.127592750934,634.5443585332669
6361,-5130.127592750934,634.5443585332669
6362,-7287.007131497245,1097.3083451399234
6363,-7287.007131497245,1097.3083451399234
6364,-9652.894209322214,1050.3042692949166
6365,-9652.894209322214,1050.3042692949166
6366,-9652.894209322214,1381.453779411755
6367,-9652.894209322214,1381.453779411755
6368,-9652.894209322214,964.0658772302104
6369,-9652.894209322214,964.0658772302104
6370,-9652.894209322214,3647.1841683130206
6371,-9652.894209322214,3647.1841683130206
6372,-9652.894209322214,-1046.779371266759
6373,-9652.894209322214,-1046.779371266759
6374,-9652.894209322214,-2288.4321884128512
6375,-9652.894209322214,-2288.4321884128512
6376,-9652.894209322214,-2071.9995137656606
6377,-9652.894209322214,-2071.9995137656606
6378,-9652.894209322214,362.5752485266421
6379,-9652.894209322214,362.5752485266421
6380,-9652.894209322214,-2634.517102596801
6381,-9652.894209322214,-2634.517102596801
6382,-9652.894209322214,-2295.307505121522
6383,-9652.894209322214,-2295.307505121522
6384,-9652.894209322214,-914.7381641166721
6385,-9652.894209322214,-914.7381641166721
6386,-9652.894209322214,-2262.2316451707684
6387,-9652.894209322214,-2262.2316451707684
6388,-9652.894209322214,-2810.7222115808836
6389,-9652.894209322214,-2810.7222115808836
6390,-9652.894209322214,-1953.359076355393
6391,-9652.894209322214,-1953.359076355393
6392,-9652.894209322214,-163.08941269274692
6393,-9652.894209322214,-163.08941269274692
6394,-9652.894209322214,-11977.028183663451
6395,-9652.894209322214,-11977.028183663451
6396,-9652.894209322214,2273.3898778671773
6397,-9652.894209322214,2273.3898778671773
6398,-9652.894209322214,-11748.403848613274
6399,-9652.894209322214,-11748.403848613274
6400,-9652.894209322214,-3025.326380938497
6401,-9652.894209322214,-3025.326380938497
6402,-9652.894209322214,-3220.9900693717227
6403,-9652.894209322214,-3220.9900693717227
6404,-9652.894209322214,-1814.9241491757311
6405,-9652.894209322214,-1814.9241491757311
6406,-9652.894209322214,-1616.2492393581833
6407,-9652.894209322214,-1616.2492393581833
6408,-9652.894209322214,610.7739303721446
6409,-9652.894209322214,610.7739303721446
6410,-9652.894209322214,-600.3241634913593
6411,-9652.894209322214,-600.3241634913593
6412,-9652.894209322214,-2782.297581923627
6413,-9652.894209322214,-2782.297581923627
6414,-9652.894209322214,-1744.199646871919
6415,-9652.894209322214,-1744.199646871919
6416,-9652.894209322214,-2724.1874882071334
6417,-9652.894209322214,-2724.1874882071334
6418,-9652.894209322214,-2308.8420675052876
6419,-9652.894209322214,-2308.8420675052876
6420,-9652.894209322214,-9166.252359094142
6421,-9652.894209322214,-9166.252359094142
6422,-9652.894209322214,-2954.008096685293
6423,-9652.894209322214,-2954.008096685293
6424,-9652.894209322214,-3082.7866717137276
6425,-9652.894209322214,-3082.7866717137276
6426,-9652.894209322214,-1726.5012425294499
6427,-9652.894209322214,-1726.5012425294499
6428,-9220.011788478449,-2164.9540536771547
6429,-9220.011788478449,-2164.9540536771547
6430,-9652.894209322214,-1882.2651825453104
6431,-9652.894209322214,-1882.2651825453104
6432,-9652.894209322214,-1018.7039447386724
6433,-9652.894209322214,-1018.7039447386724
6434,-9652.894209322214,-1039.4982481000516
6435,-9652.894209322214,-1039.4982481000516
6436,-9652.894209322214,-2005.0626696221225
6437,-9652.894209322214,-2005.0626696221225
6438,-9652.894209322214,-567.2141567039362
6439,-9652.894209322214,-567.2141567039362
6440,-9652.894209322214,-288.5119418929153
6441,-9652.894209322214,-288.5119418929153
6442,-9652.894209322214,-1292.8715563748246
6443,-9652.894209322214,-1292.8715563748246
6444,-9652.894209322214,-7393.685266850009
6445,-9652.894209322214,-7393.685266850009
6446,-9652.894209322214,-1958.8478005696015
6447,-9652.894209322214,-1958.8478005696015
6448,-9652.894209322214,-1525.0838459304887
6449,-9652.894209322214,-1525.0838459304887
6450,-9652.894209322214,-861.3020072448871
6451,-9652.894209322214,-861.3020072448871
6452,-7735.837032118019,190.18763167355428
6453,-7735.837032118019,190.18763167355428
6454,-8634.122740608349,-1441.545967038286
6455,-8634.122740608349,-1441.545967038286
6456,-3124.9134974677036,830.3117639953889
6457,-3124.9134974677036,830.3117639953889
6458,-814.2666763027719,-3743.435403509897
6459,-814.2666763027719,-3743.435403509897
6460,-3666.4219934157336,-3105.626669013949
6461,-3666.4219934157336,-3105.626669013949
6462,-4161.534245450293,-2139.3964893142274
6463,-4161.534245450293,-2139.3964893142274
6464,4752.927324794518,-2464.070913223166
6465,4752.927324794518,-2464.070913223166
6466,-9652.894209322214,-91.58770450908196
6467,-9652.894209322214,-91.58770450908196
6468,-9652.894209322214,-10304.34283810138
6469,-9652.894209322214,-10304.34283810138
6470,-9652.894209322214,-8556.706221113676
6471,-9652.894209322214,-8556.706221113676
6472,1421.219011522886,-2385.5584828864685
6473,1421.219011522886,-2385.5584828864685
6474,9652.894209322214,-3217.5213811252943
6475,9652.894209322214,-3217.5213811252943
6476,9652.894209322214,-1550.9877413665217
6477,9652.894209322214,-1550.9877413665217
6478,9652.894209322214,-1047.5513421662363
6479,9652.894209322214,-1047.5513421662363
6480,9652.894209322214,-105.59739954345241
6481,9652.894209322214,-105.59739954345241
6482,9652.894209322214,-2741.5286950589743
6483,9652.894209322214,-2741.5286950589743
6484,9652.894209322214,-3042.3974885714815
6485,9652.894209322214,-3042.3974885714815
6486,9652.894209322214,-2380.445907301135
6487,9652.894209322214,-2380.445907301135
6488,8980.668843542288,-1075.6353143086963
6489,8980.668843542288,-1075.6353143086963
6490,1619.5137336611242,-9714.997017492213
6491,1619.5137336611242,-9714.997017492213
6492,-9652.894209322214,-9485.83307199946
6493,-9652.894209322214,-9485.83307199946
6494,-9652.894209322214,-6010.457198140455
6495,-9652.894209322214,-6010.457198140455
6496,3969.3623083457933,-2855.718243421954
6497,3969.3623083457933,-2855.718243421954
6498,9652.894209322214,-3166.807806713574
6499,9652.894209322214,-3166.807806713574
6500,9652.894209322214,-982.6821854859663
6501,9652.894209322214,-982.6821854859663
6502,9652.894209322214,-1140.7216357598554
6503,9652.894209322214,-1140.7216357598554
6504,9652.894209322214,-2462.3584546864167
6505,9652.894209322214,-2462.3584546864167
6506,9652.894209322214,-6014.424009207574
6507,9652.894209322214,-6014.424009207574
6508,9652.894209322214,-2837.6173357358693
6509,9652.894209322214,-2837.6173357358693
6510,9652.894209322214,-6018.456104778183
6511,9652.894209322214,-6018.456104778183
6512,908.1136487720541,-2993.9237026806186
6513,908.1136487720541,-2993.9237026806186
6514,-9652.894209322214,-6793.659858613536
6515,-9652.894209322214,-6793.659858613536
6516,-9652.894209322214,-11390.61563791655
6517,-9652.894209322214,-11390.61563791655
6518,-9652.894209322214,-11237.132569183821
6519,-9652.894209322214,-11237.132569183821
6520,-2034.2375369981928,-3596.3650191112392
6521,-2034.2375369981928,-3596.3650191112392
6522,9652.894209322214,-4376.693359830519
6523,9652.894209322214,-4376.693359830519
6524,9652.894209322214,-4749.620411678183
6525,9652.894209322214,-4749.620411678183
6526,9652.894209322214,-915.9083674926915
6527,9652.894209322214,-915.9083674926915
6528,9652.894209322214,-238.96717477582752
6529,9652.894209322214,-238.96717477582752
6530,9652.894209322214,-95.08721281012004
6531,9652.894209322214,-95.08721281012004
6532,9652.894209322214,-2800.0383239207385
6533,9652.894209322214,-2800.0383239207385
6534,9652.894209322214,-2346.148927966402
6535,9652.894209322214,-2346.148927966402
6536,3199.044063457697,-1396.8059954129913
6537,3199.044063457697,-1396.8059954129913
6538,-9652.894209322214,-6415.6696294477915
6539,-9652.894209322214,-6415.6696294477915
6540,-9652.894209322214,-11238.904320338614
6541,-9652.894209322214,-11238.904320338614
6542,-9652.894209322214,-11209.744734091966
6543,-9652.894209322214,-11209.744734091966
6544,-3807.2393184801967,-3617.7702116711753
6545,-3807.2393184801967,-3617.7702116711753
6546,9652.894209322214,-2882.9800250335193
6547,9652.894209322214,-2882.9800250335193
6548,9652.894209322214,-2159.53887636989
6549,9652.894209322214,-2159.53887636989
6550,9652.894209322214,-1899.2133536567508
6551,9652.894209322214,-1899.2133536567508
6552,9652.894209322214,-1723.9282285908987
6553,9652.894209322214,-1723.9282285908987
6554,9652.894209322214,-1409.9214222105165
6555,9652.894209322214,-1409.9214222105165
6556,9652.894209322214,-4056.4882659341984
6557,9652.894209322214,-4056.4882659341984
6558,9652.894209322214,-3454.2798679776597
6559,9652.894209322214,-3454.2798679776597
6560,4403.37928484061,23.91026580394646
6561,4403.37928484061,23.91026580394646
6562,-9652.894209322214,-3443.0268479620636
6563,-9652.894209322214,-3443.0268479620636
6564,-9652.894209322214,1000.4556092564616
6565,-9652.894209322214,1000.4556092564616
6566,-9652.894209322214,-8387.046678298531
6567,-9652.894209322214,-8387.046678298531
6568,2319.25423814627,-4570.75063830263
6569,2319.25423814627,-4570.75063830263
6570,3815.097062349756,-3375.9454408462516
6571,3815.097062349756,-3375.9454408462516
6572,-124.91921967602593,402.55055684326635
6573,-124.91921967602593,402.55055684326635
6574,9652.894209322214,204.3595607324387
6575,9652.894209322214,204.3595607324387
6576,9652.894209322214,-963.7046275243725
6577,9652.894209322214,-963.7046275243725
6578,7933.633641010926,-1261.0881376957745
6579,7933.633641010926,-1261.0881376957745
6580,3866.6417159271878,1488.3790159801138
6581,3866.6417159271878,1488.3790159801138
6582,7217.338704938391,-1619.4414318362797
6583,7217.338704938391,-1619.4414318362797
6584,-2136.826952137634,-582.6347538522177
6585,-2136.826952137634,-582.6347538522177
6586,-8275.735609240328,-754.5375612452553
6587,-8275.735609240328,-754.5375612452553
6588,-9652.894209322214,-6305.146474116693
6589,-9652.894209322214,-6305.146474116693
6590,-9652.894209322214,-3121.0955806283805
6591,-9652.894209322214,-3121.0955806283805
6592,-9652.894209322214,-3270.4406122081737
6593,-9652.894209322214,-3270.4406122081737
6594,-6842.106628179621,-742.3604202073466
6595,-6842.106628179621,-742.3604202073466
6596,-9652.894209322214,-250.75307950559545
6597,-9652.894209322214,-250.75307950559545
6598,-7536.300043362671,541.3282648128837
6599,-7536.300043362671,541.3282648128837
6600,-3548.5686684823922,1409.7863583903709
6601,-3548.5686684823922,1409.7863583903709
6602,-1836.3180935555447,1673.194327173418
6603,-1836.3180935555447,1673.194327173418
6604,-9652.894209322214,2007.1655078010963
6605,-9652.894209322214,2007.1655078010963
6606,-3273.286087263161,2723.0325073160698
6607,-3273.286087263161,2723.0325073160698
6608,5719.072838441072,-2245.853148045586
6609,5719.072838441072,-2245.853148045586
6610,-7353.771645922978,-4341.531701046352
6611,-7353.771645922978,-4341.531701046352
6612,-9652.894209322214,-3598.2737486726455
6613,-9652.894209322214,-3598.2737486726455
6614,-9652.894209322214,-2205.6475637162052
6615,-9652.894209322214,-2205.6475637162052
6616,-4703.761849081392,-3045.830455933607
6617,-4703.761849081392,-3045.830455933607
6618,-772.1264602776464,-1311.2781302394778
6619,-772.1264602776464,-1311.2781302394778
6620,1207.739364887996,210.6808441968924
6621,1207.739364887996,210.6808441968924
6622,776.9385488239323,839.6036897975964
6623,776.9385488239323,839.6036897975964
6624,-1729.396228300764,308.96952666316975
6625,-1729.396228300764,308.96952666316975
6626,1001.2821253825214,871.7555467475968
6627,1001.2821253825214,871.7555467475968
6628,-1640.1507748464091,811.0930561472733
6629,-1640.1507748464091,811.0930561472733
6630,-9030.320675194149,1408.392092783271
6631,-9030.320675194149,1408.392092783271
6632,-9652.894209322214,1739.3879272614176
6633,-9652.894209322214,1739.3879272614176
6634,-9652.894209322214,1629.5405149842632
6635,-9652.894209322214,1629.5405149842632
6636,-9652.894209322214,-7734.872017531539
6637,-9652.894209322214,-7734.872017531539
6638,-9652.894209322214,-5059.867623344995
6639,-9652.894209322214,-5059.867623344995
6640,-1242.2226084586073,-4196.321882797791
6641,-1242.2226084586073,-4196.321882797791
6642,999.3965710290336,-3538.013053442523
6643,999.3965710290336,-3538.013053442523
6644,-1415.7510953379287,-70.1080465877958
6645,-1415.7510953379287,-70.1080465877958
6646,491.7170528994834,-1531.8207485635216
6647,491.7170528994834,-1531.8207485635216
6648,4884.45123008007,-969.5481348154926
6649,4884.45123008007,-969.5481348154926
6650,1994.3615560948047,-438.1119638697628
6651,1994.3615560948047,-438.1119638697628
6652,558.007648979019,-232.74669193584123
6653,558.007648979019,-232.74669193584123
6654,1106.0042355873848,-315.64754465972055
6655,1106.0042355873848,-315.64754465972055
6656,3096.597759680877,-1765.3322520743423
6657,3096.597759680877,-1765.3322520743423
6658,-9652.894209322214,-1087.2072347429066
6659,-9652.894209322214,-1087.2072347429066
6660,-9652.894209322214,-7817.401778435422
6661,-9652.894209322214,-7817.401778435422
6662,-9652.894209322214,-2430.690622912285
6663,-9652.894209322214,-2430.690622912285
6664,2650.1824318412437,-4340.666291168845
6665,2650.1824318412437,-4340.666291168845
6666,6063.67433151723,-3317.5300857545285
6667,6063.67433151723,-3317.5300857545285
6668,9652.894209322214,-3367.134532920273
6669,9652.894209322214,-3367.134532920273
6670,5496.894452538971,-3557.7919643376354
6671,5496.894452538971,-3557.7919643376354
6672,715.2689741814138,-79.7256901036717
6673,715.2689741814138,-79.7256901036717
6674,109.53816770104095,-2350.1661591988177
6675,109.53816770104095,-2350.1661591988177
6676,-4997.484557113883,484.3208266293682
6677,-4997.484557113883,484.3208266293682
6678,-9235.812664194924,1124.6370646657742
6679,-9235.812664194924,1124.6370646657742
6680,3685.949595434282,-2464.8018647865683
6681,3685.949595434282,-2464.8018647865683
6682,-9652.894209322214,-1749.5816786573387
6683,-9652.894209322214,-1749.5816786573387
6684,-9652.894209322214,-5484.548562565858
6685,-9652.894209322214,-5484.548562565858
6686,-9652.894209322214,-4919.304009854731
6687,-9652.894209322214,-4919.304009854731
6688,-2145.7830207848874,-6920.277461987715
6689,-2145.7830207848874,-6920.277461987715
6690,764.6912063644684,-5213.7903830334135
6691,764.6912063644684,-5213.7903830334135
6692,5338.537255277726,-2563.461109623442
6693,5338.537255277726,-2563.461109623442
6694,9652.894209322214,-4734.5231319798595
6695,9652.894209322214,-4734.5231319798595
6696,669.7080411094248,-3948.3634532582087
6697,669.7080411094248,-3948.3634532582087
6698,1800.3913044396709,439.8171223495933
6699,1800.3913044396709,439.8171223495933
6700,-8277.823021660199,619.5710864172088
6701,-8277.823021660199,619.5710864172088
6702,-9652.894209322214,-1152.548111274893
6703,-9652.894209322214,-1152.548111274893
6704,-7439.582174954835,-1273.5094050732796
6705,-7439.582174954835,-1273.5094050732796
6706,-9652.894209322214,-11041.981041104333
6707,-9652.894209322214,-11041.981041104333
6708,-9652.894209322214,-10939.521548984821
6709,-9652.894209322214,-10939.521548984821
6710,-9652.894209322214,-10978.528275728262
6711,-9652.894209322214,-10978.528275728262
6712,-9652.894209322214,-4844.699562244443
6713,-9652.894209322214,-4844.699562244443
6714,-2758.1367446892764,-6107.928987239131
6715,-2758.1367446892764,-6107.928987239131
6716,1448.1601777778214,-3770.9432177965186
6717,1448.1601777778214,-3770.9432177965186
6718,1704.4307944496318,-2430.9475985305726
6719,1704.4307944496318,-2430.9475985305726
6720,179.25783275026515,-1429.6884252171458
6721,179.25783275026515,-1429.6884252171458
6722,-1483.279582233621,-1770.4559640264833
6723,-1483.279582233621,-1770.4559640264833
6724,-6149.494240163502,-1491.949802821895
6725,-6149.494240163502,-1491.949802821895
6726,-7687.958865254986,-1681.6458669262047
6727,-7687.958865254986,-1681.6458669262047
6728,-9652.894209322214,-2448.7722318099677
6729,-9652.894209322214,-2448.7722318099677
6730,-9652.894209322214,-3368.1504458751915
6731,-9652.894209322214,-3368.1504458751915
6732,-9652.894209322214,-11182.55518329414
6733,-9652.894209322214,-11182.55518329414
6734,-9652.894209322214,-7673.153188024604
6735,-9652.894209322214,-7673.153188024604
6736,-9652.894209322214,-5595.404984149853
6737,-9652.894209322214,-5595.404984149853
6738,4098.13736290397,-2947.605287169121
6739,4098.13736290397,-2947.605287169121
6740,5460.6020825421765,-4629.012919321807
6741,5460.6020825421765,-4629.012919321807
6742,7173.938205066199,-4097.220908975361
6743,7173.938205066199,-4097.220908975361
6744,9545.912317946586,-1519.052155703952
6745,9545.912317946586,-1519.052155703952
6746,8619.021929933382,-4331.9487706292
6747,8619.021929933382,-4331.9487706292
6748,-3876.985664351214,-794.6794755485116
6749,-3876.985664351214,-794.6794755485116
6750,507.2251561986868,-4190.825772073598
6751,507.2251561986868,-4190.825772073598
6752,341.63320553180165,-2776.515264794327
6753,341.63320553180165,-2776.515264794327
6754,-9652.894209322214,-1626.1004515968743
6755,-9652.894209322214,-1626.1004515968743
6756,-9652.894209322214,-4902.9887547977505
6757,-9652.894209322214,-4902.9887547977505
6758,-9652.894209322214,-5945.443373365346
6759,-9652.894209322214,-5945.443373365346
6760,-3760.2758742538845,-3620.9927152940236
6761,-3760.2758742538845,-3620.9927152940236
6762,1846.0977082107593,-1004.5375096956832
6763,1846.0977082107593,-1004.5375096956832
6764,6491.5205361203,-1052.2760292200564
6765,6491.5205361203,-1052.2760292200564
6766,418.33305955054857,-622.7896843113194
6767,418.33305955054857,-622.7896843113194
6768,-815.6753211901996,148.38931564266932
6769,-815.6753211901996,148.38931564266932
6770,-4030.056878395544,400.16471261156585
6771,-4030.056878395544,400.16471261156585
6772,-6022.526984433458,596.8663673944902
6773,-6022.526984433458,596.8663673944902
6774,-4308.474123750846,270.2427502223709
6775,-4308.474123750846,270.2427502223709
6776,-1570.1179209910224,-2863.8442477847766
6777,-1570.1179209910224,-2863.8442477847766
6778,-3124.3177414759666,-4231.59380183547
6779,-3124.3177414759666,-4231.59380183547
6780,-9185.675958240212,-4628.528326864531
6781,-9185.675958240212,-4628.528326864531
6782,-2214.4029380569445,-5733.134361489052
6783,-2214.4029380569445,-5733.134361489052
6784,-341.27411083426705,-3808.8679274336464
6785,-341.27411083426705,-3808.8679274336464
6786,7879.126726474697,-3036.391387075224
6787,7879.126726474697,-3036.391387075224
6788,9652.894209322214,-808.7866177639298
6789,9652.894209322214,-808.7866177639298
6790,9652.894209322214,-191.42252031181488
6791,9652.894209322214,-191.42252031181488
6792,9652.894209322214,188.0970243937736
6793,9652.894209322214,188.0970243937736
6794,9652.894209322214,-2496.44714268361
6795,9652.894209322214,-2496.44714268361
6796,9652.894209322214,-529.2033228337987
6797,9652.894209322214,-529.2033228337987
6798,9652.894209322214,-2239.671587163164
6799,9652.894209322214,-2239.671587163164
6800,9652.894209322214,-1725.428825254212
6801,9652.894209322214,-1725.428825254212
6802,7759.891821632204,531.1294969216106
6803,7759.891821632204,531.1294969216106
6804,-395.0696527332657,519.1050282345332
6805,-395.0696527332657,519.1050282345332
6806,-1594.3026560486524,-1346.5990682275533
6807,-1594.3026560486524,-1346.5990682275533
6808,9652.894209322214,-4179.381363809302
6809,9652.894209322214,-4179.381363809302
6810,9652.894209322214,-2081.121485179865
6811,9652.894209322214,-2081.121485179865
6812,9652.894209322214,-1678.9584762625418
6813,9652.894209322214,-1678.9584762625418
6814,9652.894209322214,-760.0012947225896
6815,9652.894209322214,-760.0012947225896
6816,9652.894209322214,620.5704427647597
6817,9652.894209322214,620.5704427647597
6818,9652.894209322214,-539.2856467711372
6819,9652.894209322214,-539.2856467711372
6820,9652.894209322214,-1948.2380706227468
6821,9652.894209322214,-1948.2380706227468
6822,9652.894209322214,-1405.7672313080711
6823,9652.894209322214,-1405.7672313080711
6824,8691.641167786047,-578.1576534154501
6825,8691.641167786047,-578.1576534154501
6826,-9652.894209322214,-1982.1624046936704
6827,-9652.894209322214,-1982.1624046936704
6828,-9652.894209322214,-9213.560701146107
6829,-9652.894209322214,-9213.560701146107
6830,-9652.894209322214,-5278.241646287166
6831,-9652.894209322214,-5278.241646287166
6832,-1658.4936347600706,-4237.793614145938
6833,-1658.4936347600706,-4237.793614145938
6834,9652.894209322214,-4856.6385570821985
6835,9652.894209322214,-4856.6385570821985
6836,9652.894209322214,-3530.5193874009983
6837,9652.894209322214,-3530.5193874009983
6838,9652.894209322214,-2232.4831326746353
6839,9652.894209322214,-2232.4831326746353
6840,9652.894209322214,-1217.8363716023177
6841,9652.894209322214,-1217.8363716023177
6842,9652.894209322214,-1114.4957936178253
6843,9652.894209322214,-1114.4957936178253
6844,9652.894209322214,-1523.3856548177046
6845,9652.894209322214,-1523.3856548177046
6846,9652.894209322214,-2002.858354752705
6847,9652.894209322214,-2002.858354752705
6848,-1572.0982479170634,-721.6469749782664
6849,-1572.0982479170634,-721.6469749782664
6850,-9652.894209322214,-10435.510796255985
6851,-9652.894209322214,-10435.510796255985
6852,-9652.894209322214,-10984.809118225225
6853,-9652.894209322214,-10984.809118225225
6854,-9652.894209322214,-10958.173030649272
6855,-9652.894209322214,-10958.173030649272
6856,-9652.894209322214,-5343.074338369164
6857,-9652.894209322214,-5343.074338369164
6858,318.1740456573789,-5936.696992061055
6859,318.1740456573789,-5936.696992061055
6860,705.5237356560574,-4161.263431862653
6861,705.5237356560574,-4161.263431862653
6862,7639.393341891619,-3866.700419520492
6863,7639.393341891619,-3866.700419520492
6864,3228.7634564072687,-2033.026805677131
6865,3228.7634564072687,-2033.026805677131
6866,1430.2911950267371,-1512.4501997813495
6867,1430.2911950267371,-1512.4501997813495
6868,-3206.766858165076,-1601.8476673952755
6869,-3206.766858165076,-1601.8476673952755
6870,-8815.674375196213,52.49127549850891
6871,-8815.674375196213,52.49127549850891
6872,-9652.894209322214,-3430.9820891718846
6873,-9652.894209322214,-3430.9820891718846
6874,-9652.894209322214,-11099.767874338218
6875,-9652.894209322214,-11099.767874338218
6876,-9652.894209322214,-2417.323662173516
6877,-9652.894209322214,-2417.323662173516
6878,-9652.894209322214,-4053.4240676272875
6879,-9652.894209322214,-4053.4240676272875
6880,-9652.894209322214,-6144.702459781751
6881,-9652.894209322214,-6144.702459781751
6882,-4103.954805736954,-2102.790014029384
6883,-4103.954805736954,-2102.790014029384
6884,5511.658856636198,-3831.6057734542574
6885,5511.658856636198,-3831.6057734542574
6886,6729.511203872468,-3064.24080027715
6887,6729.511203872468,-3064.24080027715
6888,6096.383640634228,-4125.826494999141
6889,6096.383640634228,-4125.826494999141
6890,3530.6726115913334,-3599.021988766608
6891,3530.6726115913334,-3599.021988766608
6892,2369.640229101442,-4078.498567389075
6893,2369.640229101442,-4078.498567389075
6894,3594.3757420707634,-4529.51228688986
6895,3594.3757420707634,-4529.51228688986
6896,7277.537877392864,-4670.7580430212965
6897,7277.537877392864,-4670.7580430212965
6898,3545.881414806884,-4704.560896710578
6899,3545.881414806884,-4704.560896710578
6900,-3941.9285834797447,-5616.127439647504
6901,-3941.9285834797447,-5616.127439647504
6902,2554.425779854735,-7219.304809469913
6903,2554.425779854735,-7219.304809469913
6904,2616.4337744368286,-5449.379347906814
6905,2616.4337744368286,-5449.379347906814
6906,6693.599799893058,-6148.944160803154
6907,6693.599799893058,-6148.944160803154
6908,3130.9472052401798,-3408.7518700891105
6909,3130.9472052401798,-3408.7518700891105
6910,5339.3704500397325,-708.461150332656
6911,5339.3704500397325,-708.461150332656
6912,6705.297480890732,-2047.5018103641942
6913,6705.297480890732,-2047.5018103641942
6914,5945.531485306157,-1906.5863761585551
6915,5945.531485306157,-1906.5863761585551
6916,9.003124800834485,-1605.438246062491
6917,9.003124800834485,-1605.438246062491
6918,2247.6870939460896,-1189.8310072803542
6919,2247.6870939460896,-1189.8310072803542
6920,3410.7941299041013,-1634.4392448793842
6921,3410.7941299041013,-1634.4392448793842
6922,-1866.8819434119869,-2171.870662233643
6923,-1866.8819434119869,-2171.870662233643
6924,-8532.710545921535,-1782.5514957032156
6925,-8532.710545921535,-1782.5514957032156
6926,-5407.566630550364,-2972.8335505485793
6927,-5407.566630550364,-2972.8335505485793
6928,-5178.007002391085,-2657.849020351485
6929,-5178.007002391085,-2657.849020351485
6930,430.65858718504387,-1017.661090661255
6931,430.65858718504387,-1017.661090661255
6932,2147.5263493001075,-2675.314607471002
6933,2147.5263493001075,-2675.314607471002
6934,9652.894209322214,-2303.329943649427
6935,9652.894209322214,-2303.329943649427
6936,6559.215708011801,-2789.1669298489596
6937,6559.215708011801,-2789.1669298489596
6938,7622.240656731581,-4415.403510787777
6939,7622.240656731581,-4415.403510787777
6940,2998.88808539417,193.48192319745613
6941,2998.88808539417,193.48192319745613
6942,4498.781063467348,-1370.020501215471
6943,4498.781063467348,-1370.020501215471
6944,-161.7233466325124,-2178.651438234723
6945,-161.7233466325124,-2178.651438234723
6946,-6015.174017324389,-3217.340204845017
6947,-6015.174017324389,-3217.340204845017
6948,-7549.220173933176,-1774.4712691235345
6949,-7549.220173933176,-1774.4712691235345
6950,-2331.079950676609,-2209.668392898355
6951,-2331.079950676609,-2209.668392898355
6952,-167.08513138539274,-1481.8181185643134
6953,-167.08513138539274,-1481.8181185643134
6954,8569.947923456992,-1804.2733908444588
6955,8569.947923456992,-1804.2733908444588
6956,-261.48642449555336,-2373.785990066699
6957,-261.48642449555336,-2373.785990066699
6958,2218.873227280772,-4409.306407699254
6959,2218.873227280772,-4409.306407699254
6960,7416.865291624959,-1146.3588000025484
6961,7416.865291624959,-1146.3588000025484
6962,9652.894209322214,-3153.6530808874777
6963,9652.894209322214,-3153.6530808874777
6964,7363.413707430238,-189.21004155346054
6965,7363.413707430238,-189.21004155346054
6966,8052.908048355263,-2535.323904865125
6967,8052.908048355263,-2535.323904865125
6968,9652.894209322214,-1721.6166065609668
6969,9652.894209322214,-1721.6166065609668
6970,-8591.834840271931,1033.269889462168
6971,-8591.834840271931,1033.269889462168
6972,-9652.894209322214,2677.251652523808
6973,-9652.894209322214,2677.251652523808
6974,-9652.894209322214,-5105.813102684402
6975,-9652.894209322214,-5105.813102684402
6976,1322.5019951540835,-1426.6778493864713
6977,1322.5019951540835,-1426.6778493864713
6978,9652.894209322214,-4411.193056828473
6979,9652.894209322214,-4411.193056828473
6980,9652.894209322214,-1760.0352486334414
6981,9652.894209322214,-1760.0352486334414
6982,9652.894209322214,-1649.1167133884119
6983,9652.894209322214,-1649.1167133884119
6984,9652.894209322214,-1351.7532062586815
6985,9652.894209322214,-1351.7532062586815
6986,9652.894209322214,-3982.1154524172016
6987,9652.894209322214,-3982.1154524172016
6988,9652.894209322214,-4319.530780900648
6989,9652.894209322214,-4319.530780900648
6990,9652.894209322214,-5996.397626536134
6991,9652.894209322214,-5996.397626536134
6992,4007.339888158307,-3062.4335032973886
6993,4007.339888158307,-3062.4335032973886
6994,-6789.899948113329,-5082.30305751832
6995,-6789.899948113329,-5082.30305751832
6996,-9652.894209322214,102.48916685835502
6997,-9652.894209322214,102.48916685835502
6998,-9652.894209322214,-5867.425074012666
6999,-9652.894209322214,-5867.425074012666
7000,2282.4318644935383,-3132.681294655702
7001,2282.4318644935383,-3132.681294655702
7002,9652.894209322214,-4071.517594128749
7003,9652.894209322214,-4071.517594128749
7004,9652.894209322214,10.111763291382886
7005,9652.894209322214,10.111763291382886
7006,9652.894209322214,-4070.200062814225
7007,9652.894209322214,-4070.200062814225
7008,9652.894209322214,576.5490709986334
7009,9652.894209322214,576.5490709986334
7010,9652.894209322214,544.7024694552147
7011,9652.894209322214,544.7024694552147
7012,247.54543610466862,-861.7667077984916
7013,247.54543610466862,-861.7667077984916
7014,7883.211399345315,-3325.9142120667057
7015,7883.211399345315,-3325.9142120667057
7016,-4024.070977610896,-750.7896516347282
7017,-4024.070977610896,-750.7896516347282
7018,-9652.894209322214,-553.85061090208
7019,-9652.894209322214,-553.85061090208
7020,-9652.894209322214,-825.5894560824363
7021,-9652.894209322214,-825.5894560824363
7022,-9652.894209322214,-2968.656317043071
7023,-9652.894209322214,-2968.656317043071
7024,-7971.239294893203,-2803.3474914833914
7025,-7971.239294893203,-2803.3474914833914
7026,7003.9796963749895,-4560.790730723607
7027,7003.9796963749895,-4560.790730723607
7028,9652.894209322214,-5403.621347075952
7029,9652.894209322214,-5403.621347075952
7030,9652.894209322214,-3829.745681927294
7031,9652.894209322214,-3829.745681927294
7032,9652.894209322214,-4276.858537296917
7033,9652.894209322214,-4276.858537296917
7034,9652.894209322214,-4139.246668933569
7035,9652.894209322214,-4139.246668933569
7036,4372.049011124689,-3857.78193117316
7037,4372.049011124689,-3857.78193117316
7038,-349.91937450245314,-2783.7443940322937
7039,-349.91937450245314,-2783.7443940322937
7040,2393.45887781099,-3966.4555002303314
7041,2393.45887781099,-3966.4555002303314
7042,-9652.894209322214,-9876.553485125904
7043,-9652.894209322214,-9876.553485125904
7044,-9652.894209322214,-11136.175074429164
7045,-9652.894209322214,-11136.175074429164
7046,-9652.894209322214,-11163.091605269985
7047,-9652.894209322214,-11163.091605269985
7048,-2322.0225586842807,-7642.191534949776
7049,-2322.0225586842807,-7642.191534949776
7050,9652.894209322214,-9740.83334775639
7051,9652.894209322214,-9740.83334775639
7052,9652.894209322214,-6732.005511224879
7053,9652.894209322214,-6732.005511224879
7054,9652.894209322214,-5483.32554433209
7055,9652.894209322214,-5483.32554433209
7056,9652.894209322214,-4985.400418967603
7057,9652.894209322214,-4985.400418967603
7058,9652.894209322214,-4635.563200629045
7059,9652.894209322214,-4635.563200629045
7060,7479.8512235185135,-4381.87712851126
7061,7479.8512235185135,-4381.87712851126
7062,7297.699246050579,-4437.325812128342
7063,7297.699246050579,-4437.325812128342
7064,2560.496700157304,-1340.6521307845815
7065,2560.496700157304,-1340.6521307845815
7066,-4700.359190130692,-1722.1121706018512
7067,-4700.359190130692,-1722.1121706018512
7068,-9652.894209322214,-1559.7094756192018
7069,-9652.894209322214,-1559.7094756192018
7070,-9652.894209322214,-1304.029196373298
7071,-9652.894209322214,-1304.029196373298
7072,-7875.04140143421,-894.7546571558432
7073,-7875.04140143421,-894.7546571558432
7074,-1887.9722721754406,-3916.819263234649
7075,-1887.9722721754406,-3916.819263234649
7076,-3957.2011752172257,-2183.4239962532065
7077,-3957.2011752172257,-2183.4239962532065
7078,-3696.8538920139363,-1933.405131800484
7079,-3696.8538920139363,-1933.405131800484
7080,2193.9377833008293,-4654.146995003122
7081,2193.9377833008293,-4654.146995003122
7082,1983.9752085254913,-4564.665640647823
7083,1983.9752085254913,-4564.665640647823
7084,-7296.308775489379,-3925.868387760065
7085,-7296.308775489379,-3925.868387760065
7086,-2790.349018674915,-1144.683663417958
7087,-2790.349018674915,-1144.683663417958
7088,4828.6983728570885,-1729.5474091789292
7089,4828.6983728570885,-1729.5474091789292
7090,-2890.1070479554382,-1054.2017155819703
7091,-2890.1070479554382,-1054.2017155819703
7092,-6076.290950974228,-332.7004556435804
7093,-6076.290950974228,-332.7004556435804
7094,-9652.894209322214,-121.72732815639756
7095,-9652.894209322214,-121.72732815639756
7096,-5061.767480013359,-2846.0352174976415
7097,-5061.767480013359,-2846.0352174976415
7098,2211.2166290154673,-2003.454135353486
7099,2211.2166290154673,-2003.454135353486
7100,3375.3352602442474,-5086.715768032818
7101,3375.3352602442474,-5086.715768032818
7102,2510.6886330853977,-2195.079204581609
7103,2510.6886330853977,-2195.079204581609
7104,583.6497586405712,-495.22078274381056
7105,583.6497586405712,-495.22078274381056
7106,2509.3253505633,-2196.6834380767013
7107,2509.3253505633,-2196.6834380767013
7108,-4001.232161173597,-4616.92042911008
7109,-4001.232161173597,-4616.92042911008
7110,-8812.929160426793,-4741.923435587663
7111,-8812.929160426793,-4741.923435587663
7112,4191.21440717709,-4348.103230356837
7113,4191.21440717709,-4348.103230356837
7114,-7747.092329461109,-3397.412379157051
7115,-7747.092329461109,-3397.412379157051
7116,-9652.894209322214,-2616.0129109569825
7117,-9652.894209322214,-2616.0129109569825
7118,-9652.894209322214,-2198.107630069386
7119,-9652.894209322214,-2198.107630069386
7120,-9652.894209322214,-3063.8471000421287
7121,-9652.894209322214,-3063.8471000421287
7122,-9652.894209322214,-2172.6012922712507
7123,-9652.894209322214,-2172.6012922712507
7124,906.3681822764593,-769.078075552261
7125,906.3681822764593,-769.078075552261
7126,-180.41838150856893,-1651.5856442027198
7127,-180.41838150856893,-1651.5856442027198
7128,341.11778085324113,-3537.3093923919932
7129,341.11778085324113,-3537.3093923919932
7130,5221.727226064439,-3102.3973940507894
7131,5221.727226064439,-3102.3973940507894
7132,4640.94050740722,-3191.296181163072
7133,4640.94050740722,-3191.296181163072
7134,1382.8163559545283,-2327.8591528619036
7135,1382.8163559545283,-2327.8591528619036
7136,1696.784020824456,-2318.6867713537467
7137,1696.784020824456,-2318.6867713537467
7138,-9652.894209322214,1605.4201767720224
7139,-9652.894209322214,1605.4201767720224
7140,-9652.894209322214,578.0022598095129
7141,-9652.894209322214,578.0022598095129
7142,-9652.894209322214,603.2288850161276
7143,-9652.894209322214,603.2288850161276
7144,4394.159011600681,-3490.479672739628
7145,4394.159011600681,-3490.479672739628
7146,4600.667980713919,-2254.376059659733
7147,4600.667980713919,-2254.376059659733
7148,9629.970937961802,979.7391646041888
7149,9629.970937961802,979.7391646041888
7150,9652.894209322214,843.5722382650838
7151,9652.894209322214,843.5722382650838
7152,4421.010471721584,-570.5056329387935
7153,4421.010471721584,-570.5056329387935
7154,3898.984510646911,-1272.2019737653773
7155,3898.984510646911,-1272.2019737653773
7156,3336.273065108733,-2269.9844536974015
7157,3336.273065108733,-2269.9844536974015
7158,54.28992364159785,-942.0071391275596
7159,54.28992364159785,-942.0071391275596
7160,-4942.658841838756,2360.1812330815465
7161,-4942.658841838756,2360.1812330815465
7162,-6863.10962691141,3676.629035648317
7163,-6863.10962691141,3676.629035648317
7164,-9652.894209322214,2089.9073674906667
7165,-9652.894209322214,2089.9073674906667
7166,-9652.894209322214,3397.92865624323
7167,-9652.894209322214,3397.92865624323
7168,-6955.928597303115,401.1877520474536
7169,-6955.928597303115,401.1877520474536
7170,6921.421859695285,-3347.1760577423847
7171,6921.421859695285,-3347.1760577423847
7172,9652.894209322214,-4332.5650622148005
7173,9652.894209322214,-4332.5650622148005
7174,9652.894209322214,-3590.762019719212
7175,9652.894209322214,-3590.762019719212
7176,9298.225783126472,-3805.054482654321
7177,9298.225783126472,-3805.054482654321
7178,9652.894209322214,-3958.6908455105695
7179,9652.894209322214,-3958.6908455105695
7180,3082.1401944581958,-4143.278934069696
7181,3082.1401944581958,-4143.278934069696
7182,-1775.758739653289,-4506.472973749196
7183,-1775.758739653289,-4506.472973749196
7184,-3265.1168807435897,-4606.170727378336
7185,-3265.1168807435897,-4606.170727378336
7186,-9652.894209322214,-1085.8172130122239
7187,-9652.894209322214,-1085.8172130122239
7188,-9652.894209322214,-287.227267997132
7189,-9652.894209322214,-287.227267997132
7190,-9652.894209322214,-8705.025430588423
7191,-9652.894209322214,-8705.025430588423
7192,-3648.231674495666,-3502.6051967496496
7193,-3648.231674495666,-3502.6051967496496
7194,1321.8782473182764,-4626.765487178027
7195,1321.8782473182764,-4626.765487178027
7196,2040.638839257841,-5409.043467988822
7197,2040.638839257841,-5409.043467988822
7198,6739.820661019504,-4784.969790150295
7199,6739.820661019504,-4784.969790150295
7200,4864.321549013297,-1652.7781744912827
7201,4864.321549013297,-1652.7781744912827
7202,3770.2177838695097,-4399.352177780924
7203,3770.2177838695097,-4399.352177780924
7204,-3567.769445635484,-4214.949295767006
7205,-3567.769445635484,-4214.949295767006
7206,-8076.687041792269,-2522.2507494117544
7207,-8076.687041792269,-2522.2507494117544
7208,-9652.894209322214,-2973.468499162196
7209,-9652.894209322214,-2973.468499162196
7210,-9652.894209322214,-3290.57688981486
7211,-9652.894209322214,-3290.57688981486
7212,-9652.894209322214,-6538.688046332525
7213,-9652.894209322214,-6538.688046332525
7214,-9652.894209322214,-2130.2449762331344
7215,-9652.894209322214,-2130.2449762331344
7216,-9652.894209322214,-1260.5938399417137
7217,-9652.894209322214,-1260.5938399417137
7218,-9652.894209322214,-3570.027341283687
7219,-9652.894209322214,-3570.027341283687
7220,-9324.682682778377,-1773.4575894953905
7221,-9324.682682778377,-1773.4575894953905
7222,-6943.550140341649,143.06727725565725
7223,-6943.550140341649,143.06727725565725
7224,-6710.697278069538,-1378.0112845460735
7225,-6710.697278069538,-1378.0112845460735
7226,-4913.487403468236,-1793.3085099805776
7227,-4913.487403468236,-1793.3085099805776
7228,-9652.894209322214,-1300.436744435361
7229,-9652.894209322214,-1300.436744435361
7230,-961.3112592090874,623.4943015111312
7231,-961.3112592090874,623.4943015111312
7232,245.6451263473591,282.9855870485608
7233,245.6451263473591,282.9855870485608
7234,-8160.433649415892,-1555.1132407197274
7235,-8160.433649415892,-1555.1132407197274
7236,-9652.894209322214,-1759.0353615327167
7237,-9652.894209322214,-1759.0353615327167
7238,-9652.894209322214,-3033.517069167883
7239,-9652.894209322214,-3033.517069167883
7240,3577.2679036933405,-4880.309091544257
7241,3577.2679036933405,-4880.309091544257
7242,2003.1213364509404,-1432.7628559104978
7243,2003.1213364509404,-1432.7628559104978
7244,9652.894209322214,-1511.511954966174
7245,9652.894209322214,-1511.511954966174
7246,9652.894209322214,-736.3444352987535
7247,9652.894209322214,-736.3444352987535
7248,9652.894209322214,-2277.7876258682827
7249,9652.894209322214,-2277.7876258682827
7250,9652.894209322214,-2181.7097692040534
7251,9652.894209322214,-2181.7097692040534
7252,3099.3164948094527,-1891.106724511741
7253,3099.3164948094527,-1891.106724511741
7254,632.2115868745714,-1821.7606289544638
7255,632.2115868745714,-1821.7606289544638
7256,-2229.9709987219812,-4013.732072239707
7257,-2229.9709987219812,-4013.732072239707
7258,-9652.894209322214,-1114.0903110304262
7259,-9652.894209322214,-1114.0903110304262
7260,-9652.894209322214,-7631.90843087672
7261,-9652.894209322214,-7631.90843087672
7262,-9652.894209322214,-1601.55406204063
7263,-9652.894209322214,-1601.55406204063
7264,-6749.417199206939,-4036.78330742248
7265,-6749.417199206939,-4036.78330742248
7266,-5161.831310892378,89.96231283822817
7267,-5161.831310892378,89.96231283822817
7268,2651.3819300717078,-1485.7357689115452
7269,2651.3819300717078,-1485.7357689115452
7270,1575.2403991450155,-302.72251157835126
7271,1575.2403991450155,-302.72251157835126
7272,3686.5305518869754,-3364.9681877217936
7273,3686.5305518869754,-3364.9681877217936
7274,9652.894209322214,-6814.425814732283
7275,9652.894209322214,-6814.425814732283
7276,9652.894209322214,-3983.7697804236122
7277,9652.894209322214,-3983.7697804236122
7278,5274.136116796962,-5508.030939246428
7279,5274.136116796962,-5508.030939246428
7280,-9652.894209322214,-1870.6548720824176
7281,-9652.894209322214,-1870.6548720824176
7282,-9652.894209322214,-8623.32287958403
7283,-9652.894209322214,-8623.32287958403
7284,-9652.894209322214,-9896.622821357634
7285,-9652.894209322214,-9896.622821357634
7286,-9652.894209322214,-8772.445617001522
7287,-9652.894209322214,-8772.445617001522
7288,-9652.894209322214,-2172.50966834224
7289,-9652.894209322214,-2172.50966834224
7290,9652.894209322214,-5395.674270031823
7291,9652.894209322214,-5395.674270031823
7292,5835.801193242611,-2640.9192671080036
7293,5835.801193242611,-2640.9192671080036
7294,9652.894209322214,-2808.5850159684105
7295,9652.894209322214,-2808.5850159684105
7296,6145.051670205529,-1584.8721932481458
7297,6145.051670205529,-1584.8721932481458
7298,1813.928170786966,-1456.7284584434583
7299,1813.928170786966,-1456.7284584434583
7300,-2160.079987770365,-953.3023931218468
7301,-2160.079987770365,-953.3023931218468
7302,-902.583494446928,-2674.868945385342
7303,-902.583494446928,-2674.868945385342
7304,-3282.0357410797296,-2002.8440077630385
7305,-3282.0357410797296,-2002.8440077630385
7306,-9652.894209322214,-1733.5889287766477
7307,-9652.894209322214,-1733.5889287766477
7308,-9652.894209322214,-7502.507138796649
7309,-9652.894209322214,-7502.507138796649
7310,-9652.894209322214,-4556.612397070114
7311,-9652.894209322214,-4556.612397070114
7312,2968.569193365496,-3279.219831286511
7313,2968.569193365496,-3279.219831286511
7314,9652.894209322214,-3251.166803672433
7315,9652.894209322214,-3251.166803672433
7316,9652.894209322214,-1681.7766952888214
7317,9652.894209322214,-1681.7766952888214
7318,9652.894209322214,-1568.7528190384182
7319,9652.894209322214,-1568.7528190384182
7320,9652.894209322214,-1416.0127697983298
7321,9652.894209322214,-1416.0127697983298
7322,9652.894209322214,-3651.857782197654
7323,9652.894209322214,-3651.857782197654
7324,9652.894209322214,-6022.632195710272
7325,9652.894209322214,-6022.632195710272
7326,4033.6895473432987,-2567.036794007252
7327,4033.6895473432987,-2567.036794007252
7328,8945.734796951108,-1595.250624922488
7329,8945.734796951108,-1595.250624922488
7330,-386.96918005926636,-2679.244569971592
7331,-386.96918005926636,-2679.244569971592
7332,-8279.719290138917,-2681.1950671982177
7333,-8279.719290138917,-2681.1950671982177
7334,-9335.228592084222,338.5961353264811
7335,-9335.228592084222,338.5961353264811
7336,9652.894209322214,-4805.643417402316
7337,9652.894209322214,-4805.643417402316
7338,9652.894209322214,-1814.2674283255947
7339,9652.894209322214,-1814.2674283255947
7340,9652.894209322214,-264.22834945154864
7341,9652.894209322214,-264.22834945154864
7342,9652.894209322214,-648.0800702764554
7343,9652.894209322214,-648.0800702764554
7344,9652.894209322214,30.637919645037982
7345,9652.894209322214,30.637919645037982
7346,9652.894209322214,-2507.3749292777047
7347,9652.894209322214,-2507.3749292777047
7348,-1815.7616547258276,-1131.5136074307393
7349,-1815.7616547258276,-1131.5136074307393
7350,-8140.092234403157,-959.0651899302629
7351,-8140.092234403157,-959.0651899302629
7352,-9363.088117520798,309.9317204162817
7353,-9363.088117520798,309.9317204162817
7354,-9652.894209322214,-3925.180154735781
7355,-9652.894209322214,-3925.180154735781
7356,-9652.894209322214,-11388.36153359572
7357,-9652.894209322214,-11388.36153359572
7358,-9652.894209322214,-10766.427495309134
7359,-9652.894209322214,-10766.427495309134
7360,-9652.894209322214,-2602.1542101398445
7361,-9652.894209322214,-2602.1542101398445
7362,12.719102169494363,-356.3992606099364
7363,12.719102169494363,-356.3992606099364
7364,5723.929639635637,-1618.836919575957
7365,5723.929639635637,-1618.836919575957
7366,9102.542269357684,-1899.3636288610596
7367,9102.542269357684,-1899.3636288610596
7368,9652.894209322214,-5831.898583367572
7369,9652.894209322214,-5831.898583367572
7370,9652.894209322214,-3712.2388171807124
7371,9652.894209322214,-3712.2388171807124
7372,9652.894209322214,-4238.390057959648
7373,9652.894209322214,-4238.390057959648
7374,8770.177278365361,-6940.454922161636
7375,8770.177278365361,-6940.454922161636
7376,2868.6212157421814,-3472.269902862672
7377,2868.6212157421814,-3472.269902862672
7378,7130.849106981117,-450.8706770299741
7379,7130.849106981117,-450.8706770299741
7380,9652.894209322214,-11227.02230917768
7381,9652.894209322214,-11227.02230917768
7382,-7867.408803557169,-11215.410677013582
7383,-7867.408803557169,-11215.410677013582
7384,-4609.149517295733,-3258.7070359310146
7385,-4609.149517295733,-3258.7070359310146
7386,9652.894209322214,-4453.791618138135
7387,9652.894209322214,-4453.791618138135
7388,9652.894209322214,-5520.035058868367
7389,9652.894209322214,-5520.035058868367
7390,9652.894209322214,-5454.938015171869
7391,9652.894209322214,-5454.938015171869
7392,9652.894209322214,-2154.511718821748
7393,9652.894209322214,-2154.511718821748
7394,9652.894209322214,-2153.5825745870716
7395,9652.894209322214,-2153.5825745870716
7396,9652.894209322214,-2070.057195005693
7397,9652.894209322214,-2070.057195005693
7398,9652.894209322214,-970.1531415588252
7399,9652.894209322214,-970.1531415588252
7400,9652.894209322214,-3340.2987848605662
7401,9652.894209322214,-3340.2987848605662
7402,6130.254498656146,-11208.374718887195
7403,6130.254498656146,-11208.374718887195
7404,-9652.894209322214,-2022.2967087385787
7405,-9652.894209322214,-2022.2967087385787
7406,3232.820519719282,-10230.972491307366
7407,3232.820519719282,-10230.972491307366
7408,9652.894209322214,-5894.354591132649
7409,9652.894209322214,-5894.354591132649
7410,9652.894209322214,-2778.8865355535254
7411,9652.894209322214,-2778.8865355535254
7412,9652.894209322214,-1249.7812634118163
7413,9652.894209322214,-1249.7812634118163
7414,9652.894209322214,-2.518034277321931
7415,9652.894209322214,-2.518034277321931
7416,9652.894209322214,565.8366939170464
7417,9652.894209322214,565.8366939170464
7418,9652.894209322214,-62.64823044293189
7419,9652.894209322214,-62.64823044293189
7420,9652.894209322214,530.8100110495452
7421,9652.894209322214,530.8100110495452
7422,9652.894209322214,-2967.1982129383377
7423,9652.894209322214,-2967.1982129383377
7424,7666.768200766257,-1180.6184996524007
7425,7666.768200766257,-1180.6184996524007
7426,-9652.894209322214,1952.2408359331585
7427,-9652.894209322214,1952.2408359331585
7428,-9652.894209322214,3102.2053543742095
7429,-9652.894209322214,3102.2053543742095
7430,-9652.894209322214,-6717.87251612934
7431,-9652.894209322214,-6717.87251612934
7432,-9652.894209322214,-1069.8945073857594
7433,-9652.894209322214,-1069.8945073857594
7434,-780.3810015223335,-3120.1723210757427
7435,-780.3810015223335,-3120.1723210757427
7436,7097.456195996572,-1379.5888828495335
7437,7097.456195996572,-1379.5888828495335
7438,9652.894209322214,-2073.402581192111
7439,9652.894209322214,-2073.402581192111
7440,6240.004718547641,-5051.249986322984
7441,6240.004718547641,-5051.249986322984
7442,9652.894209322214,-5680.545466562462
7443,9652.894209322214,-5680.545466562462
7444,3025.2356461489817,-6006.2583510444
7445,3025.2356461489817,-6006.2583510444
7446,-1459.6739226676273,-2831.6310117416597
7447,-1459.6739226676273,-2831.6310117416597
7448,-9075.738901295957,-2389.2893385147618
7449,-9075.738901295957,-2389.2893385147618
7450,-9652.894209322214,-8691.52432553791
7451,-9652.894209322214,-8691.52432553791
7452,-9652.894209322214,-11457.419657492124
7453,-9652.894209322214,-11457.419657492124
7454,-9652.894209322214,-10492.862147093841
7455,-9652.894209322214,-10492.862147093841
7456,-186.68863905465878,-4269.614110098426
7457,-186.68863905465878,-4269.614110098426
7458,9652.894209322214,-2767.881238813956
7459,9652.894209322214,-2767.881238813956
7460,9652.894209322214,-2275.132073774079
7461,9652.894209322214,-2275.132073774079
7462,9652.894209322214,-462.53468670889015
7463,9652.894209322214,-462.53468670889015
7464,9652.894209322214,-1765.081823694969
7465,9652.894209322214,-1765.081823694969
7466,9652.894209322214,-1543.3267216501663
7467,9652.894209322214,-1543.3267216501663
7468,9652.894209322214,-3994.371612890829
7469,9652.894209322214,-3994.371612890829
7470,9652.894209322214,492.2624002138491
7471,9652.894209322214,492.2624002138491
7472,9652.894209322214,-2308.076259804151
7473,9652.894209322214,-2308.076259804151
7474,-453.19451884742375,-1181.5458294059972
7475,-453.19451884742375,-1181.5458294059972
7476,9652.894209322214,-9979.409925504402
7477,9652.894209322214,-9979.409925504402
7478,-2440.775333848498,-2451.0845767789615
7479,-2440.775333848498,-2451.0845767789615
7480,9652.894209322214,-4741.197209714546
7481,9652.894209322214,-4741.197209714546
7482,9652.894209322214,-3720.7652018251247
7483,9652.894209322214,-3720.7652018251247
7484,9652.894209322214,-1776.52409111823
7485,9652.894209322214,-1776.52409111823
7486,9652.894209322214,262.01329801299835
7487,9652.894209322214,262.01329801299835
7488,9652.894209322214,-3034.9213810108104
7489,9652.894209322214,-3034.9213810108104
7490,9652.894209322214,-436.12644856791303
7491,9652.894209322214,-436.12644856791303
7492,9652.894209322214,-580.0114895050392
7493,9652.894209322214,-580.0114895050392
7494,9652.894209322214,-2404.988445058072
7495,9652.894209322214,-2404.988445058072
7496,9652.894209322214,-2252.9727903996845
7497,9652.894209322214,-2252.9727903996845
7498,813.5201803167256,-9312.772557548135
7499,813.5201803167256,-9312.772557548135
7500,-9652.894209322214,-6065.490332696538
7501,-9652.894209322214,-6065.490332696538
7502,-1960.766209411995,-9203.178160031992
7503,-1960.766209411995,-9203.178160031992
7504,2341.2737930157527,-2741.520390825277
7505,2341.2737930157527,-2741.520390825277
7506,2628.323074475087,-87.73856457046168
7507,2628.323074475087,-87.73856457046168
7508,8417.641665144365,-1266.106966183208
7509,8417.641665144365,-1266.106966183208
7510,9652.894209322214,-1270.6875975716212
7511,9652.894209322214,-1270.6875975716212
7512,9652.894209322214,-757.6500029415201
7513,9652.894209322214,-757.6500029415201
7514,8551.366316527932,-3707.191934617267
7515,8551.366316527932,-3707.191934617267
7516,2497.99174725959,-750.6021285784991
7517,2497.99174725959,-750.6021285784991
7518,9024.011613299137,-2866.960362001684
7519,9024.011613299137,-2866.960362001684
7520,2371.9098037081776,-3242.5287980531757
7521,2371.9098037081776,-3242.5287980531757
7522,-8889.28708860719,-637.0175207085504
7523,-8889.28708860719,-637.0175207085504
7524,-9652.894209322214,6.662022460814114
7525,-9652.894209322214,6.662022460814114
7526,-9652.894209322214,-3986.9251739302235
7527,-9652.894209322214,-3986.9251739302235
7528,-9652.894209322214,-4071.5789155811
7529,-9652.894209322214,-4071.5789155811
7530,9652.894209322214,-4653.218686301405
7531,9652.894209322214,-4653.218686301405
7532,9652.894209322214,-2858.838758126245
7533,9652.894209322214,-2858.838758126245
7534,8852.451537747256,-4731.039867717474
7535,8852.451537747256,-4731.039867717474
7536,9652.894209322214,-2643.4373922124487
7537,9652.894209322214,-2643.4373922124487
7538,9652.894209322214,-4993.102514529681
7539,9652.894209322214,-4993.102514529681
7540,9652.894209322214,-1291.0690764763967
7541,9652.894209322214,-1291.0690764763967
7542,8539.077834736303,-3163.576276003985
7543,8539.077834736303,-3163.576276003985
7544,-794.8938867093002,-3016.8385230054464
7545,-794.8938867093002,-3016.8385230054464
7546,-9652.894209322214,-3117.5561341578414
7547,-9652.894209322214,-3117.5561341578414
7548,-9652.894209322214,-10283.230751956798
7549,-9652.894209322214,-10283.230751956798
7550,-9652.894209322214,-6952.467804760119
7551,-9652.894209322214,-6952.467804760119
7552,-3282.943922971179,-5486.526050980905
7553,-3282.943922971179,-5486.526050980905
7554,9265.86504175163,-5654.207578269392
7555,9265.86504175163,-5654.207578269392
7556,7760.653596180545,-6476.313746164225
7557,7760.653596180545,-6476.313746164225
7558,9652.894209322214,-5479.818599817274
7559,9652.894209322214,-5479.818599817274
7560,8509.757879538949,-2368.753703382901
7561,8509.757879538949,-2368.753703382901
7562,9170.639912182964,-2362.420213809006
7563,9170.639912182964,-2362.420213809006
7564,1390.21324235465,-1257.0118268531714
7565,1390.21324235465,-1257.0118268531714
7566,87.80652046269824,-3883.581340451432
7567,87.80652046269824,-3883.581340451432
7568,-5601.197008988933,-2323.01676116198
7569,-5601.197008988933,-2323.01676116198
7570,-9506.56774080496,-2956.0974527821127
7571,-9506.56774080496,-2956.0974527821127
7572,-9652.894209322214,-10739.245543687626
7573,-9652.894209322214,-10739.245543687626
7574,-9652.894209322214,-7418.829067354868
7575,-9652.894209322214,-7418.829067354868
7576,-4904.399308230977,-3678.4590979978075
7577,-4904.399308230977,-3678.4590979978075
7578,6421.7125953043505,-2178.0734516485045
7579,6421.7125953043505,-2178.0734516485045
7580,6857.947849237005,-2448.4741725124386
7581,6857.947849237005,-2448.4741725124386
7582,4500.013144850975,-1251.7681154685997
7583,4500.013144850975,-1251.7681154685997
7584,9652.894209322214,-1341.6934531588322
7585,9652.894209322214,-1341.6934531588322
7586,9652.894209322214,-3786.764952462274
7587,9652.894209322214,-3786.764952462274
7588,9652.894209322214,-3027.330950560712
7589,9652.894209322214,-3027.330950560712
7590,9652.894209322214,-1498.16153040893
7591,9652.894209322214,-1498.16153040893
7592,-4432.072744775669,490.32780186138007
7593,-4432.072744775669,490.32780186138007
7594,9652.894209322214,-11280.64342835469
7595,9652.894209322214,-11280.64342835469
7596,-9652.894209322214,-11266.913125037177
7597,-9652.894209322214,-11266.913125037177
7598,-9652.894209322214,-11301.681181340313
7599,-9652.894209322214,-11301.681181340313
7600,-9652.894209322214,-1029.7288241824099
7601,-9652.894209322214,-1029.7288241824099
7602,631.6317012143154,-1519.9220037608993
7603,631.6317012143154,-1519.9220037608993
7604,-7361.63728998445,228.93991289366204
7605,-7361.63728998445,228.93991289366204
7606,-2021.57873235843,806.2797212300211
7607,-2021.57873235843,806.2797212300211
7608,7695.197238378954,-1876.765742517695
7609,7695.197238378954,-1876.765742517695
7610,974.8110766291411,-1810.182584556309
7611,974.8110766291411,-1810.182584556309
7612,4179.122370938757,-1529.202054636693
7613,4179.122370938757,-1529.202054636693
7614,-1050.832582111747,103.74681364262506
7615,-1050.832582111747,103.74681364262506
7616,-9652.894209322214,641.7019065442946
7617,-9652.894209322214,641.7019065442946
7618,-9652.894209322214,-10128.44736958475
7619,-9652.894209322214,-10128.44736958475
7620,-9652.894209322214,-11232.210108758514
7621,-9652.894209322214,-11232.210108758514
7622,-9652.894209322214,-11303.050991735929
7623,-9652.894209322214,-11303.050991735929
7624,-9652.894209322214,-2292.6209839850344
7625,-9652.894209322214,-2292.6209839850344
7626,954.8829549411021,-3247.900727608494
7627,954.8829549411021,-3247.900727608494
7628,1684.8076258554102,1103.8947524786563
7629,1684.8076258554102,1103.8947524786563
7630,-1478.707289479702,1237.220583434084
7631,-1478.707289479702,1237.220583434084
7632,-4410.652696004821,688.6650978319212
7633,-4410.652696004821,688.6650978319212
7634,-704.705822548267,617.0454207131097
7635,-704.705822548267,617.0454207131097
7636,4362.746782049489,-1830.185179095848
7637,4362.746782049489,-1830.185179095848
7638,725.8247992221877,-745.5380238855014
7639,725.8247992221877,-745.5380238855014
7640,-9652.894209322214,-271.3885607479933
7641,-9652.894209322214,-271.3885607479933
7642,-9652.894209322214,-10161.449612523946
7643,-9652.894209322214,-10161.449612523946
7644,-9652.894209322214,-10062.94875719818
7645,-9652.894209322214,-10062.94875719818
7646,-9652.894209322214,-9913.3580128848
7647,-9652.894209322214,-9913.3580128848
7648,-9652.894209322214,-2544.8960900596267
7649,-9652.894209322214,-2544.8960900596267
7650,2270.44217430933,-3524.153673532066
7651,2270.44217430933,-3524.153673532066
7652,3053.127856920939,211.69021016642546
7653,3053.127856920939,211.69021016642546
7654,5717.077054763609,-1175.352625399124
7655,5717.077054763609,-1175.352625399124
7656,5945.886132744177,-1055.816762733988
7657,5945.886132744177,-1055.816762733988
7658,5607.262537491391,-1145.5751738020408
7659,5607.262537491391,-1145.5751738020408
7660,1694.8367629007553,-1065.5160259918503
7661,1694.8367629007553,-1065.5160259918503
7662,4819.386579265012,-104.79273547549565
7663,4819.386579265012,-104.79273547549565
7664,-9652.894209322214,2002.0601830898504
7665,-9652.894209322214,2002.0601830898504
7666,-9652.894209322214,-4426.73011055033
7667,-9652.894209322214,-4426.73011055033
7668,-9652.894209322214,-9593.479738492908
7669,-9652.894209322214,-9593.479738492908
7670,-9652.894209322214,-6703.55467561711
7671,-9652.894209322214,-6703.55467561711
7672,-9652.894209322214,-1080.8247777260858
7673,-9652.894209322214,-1080.8247777260858
7674,173.70197856216328,-841.4806457117229
7675,173.70197856216328,-841.4806457117229
7676,-1072.564504362197,552.868579174743
7677,-1072.564504362197,552.868579174743
7678,4080.871995098024,-93.93711892245301
7679,4080.871995098024,-93.93711892245301
7680,3479.027931020628,450.1430964716601
7681,3479.027931020628,450.1430964716601
7682,433.00401357457486,2082.482374298086
7683,433.00401357457486,2082.482374298086
7684,24.742713654635736,1591.565695112662
7685,24.742713654635736,1591.565695112662
7686,-2656.809245916662,753.464270613058
7687,-2656.809245916662,753.464270613058
7688,-9283.41353540324,-2323.358953259414
7689,-9283.41353540324,-2323.358953259414
7690,-9652.894209322214,-3489.5387360155673
7691,-9652.894209322214,-3489.5387360155673
7692,-9652.894209322214,-6632.560812008283
7693,-9652.894209322214,-6632.560812008283
7694,-9652.894209322214,-3668.069703813546
7695,-9652.894209322214,-3668.069703813546
7696,-9652.894209322214,-1387.6727426430152
7697,-9652.894209322214,-1387.6727426430152
7698,8173.5817077145875,-2859.3673023423326
7699,8173.5817077145875,-2859.3673023423326
7700,-3235.478104735046,-924.7909001065327
7701,-3235.478104735046,-924.7909001065327
7702,9652.894209322214,-2965.7979141137876
7703,9652.894209322214,-2965.7979141137876
7704,9652.894209322214,-2382.4337442389697
7705,9652.894209322214,-2382.4337442389697
7706,8539.15799809694,-2167.546180902402
7707,8539.15799809694,-2167.546180902402
7708,-260.7398034241651,-1710.012307002913
7709,-260.7398034241651,-1710.012307002913
7710,-1776.1197365880016,369.3133324628343
7711,-1776.1197365880016,369.3133324628343
7712,-9652.894209322214,794.2361413772051
7713,-9652.894209322214,794.2361413772051
7714,-9652.894209322214,-6978.71608926935
7715,-9652.894209322214,-6978.71608926935
7716,-9652.894209322214,-11092.527418034953
7717,-9652.894209322214,-11092.527418034953
7718,-9652.894209322214,-11246.83110472435
7719,-9652.894209322214,-11246.83110472435
7720,-9652.894209322214,-2093.0846967740363
7721,-9652.894209322214,-2093.0846967740363
7722,-795.173870904262,-1229.2041346662027
7723,-795.173870904262,-1229.2041346662027
7724,-579.0648104157008,-2826.7745484026327
7725,-579.0648104157008,-2826.7745484026327
7726,4435.181124312927,-2479.7490465049214
7727,4435.181124312927,-2479.7490465049214
7728,7673.877173642747,-2226.7806206857076
7729,7673.877173642747,-2226.7806206857076
7730,6396.205862469804,-2542.8922471209353
7731,6396.205862469804,-2542.8922471209353
7732,1664.5399986906777,-2489.8491161303973
7733,1664.5399986906777,-2489.8491161303973
7734,-6717.778203729227,-1513.7240551915384
7735,-6717.778203729227,-1513.7240551915384
7736,-9652.894209322214,1237.5624309436425
7737,-9652.894209322214,1237.5624309436425
7738,-9652.894209322214,-2702.931036383001
7739,-9652.894209322214,-2702.931036383001
7740,-9652.894209322214,-9249.266201772152
7741,-9652.894209322214,-9249.266201772152
7742,-9652.894209322214,-5719.770791088977
7743,-9652.894209322214,-5719.770791088977
7744,-9652.894209322214,1225.9144019112973
7745,-9652.894209322214,1225.9144019112973
7746,-4582.254298361822,-2209.87123563967
7747,-4582.254298361822,-2209.87123563967
7748,-1658.7594076996047,-433.23236588665713
7749,-1658.7594076996047,-433.23236588665713
7750,589.9979585525216,197.69200658689624
7751,589.9979585525216,197.69200658689624
7752,296.6412446954855,-1916.8112900084125
7753,296.6412446954855,-1916.8112900084125
7754,2148.367857360292,1531.7331425018638
7755,2148.367857360292,1531.7331425018638
7756,-8734.877159370932,2592.575795143477
7757,-8734.877159370932,2592.575795143477
7758,-8453.864603502676,133.0076552337905
7759,-8453.864603502676,133.0076552337905
7760,-9652.894209322214,1913.2188826106558
7761,-9652.894209322214,1913.2188826106558
7762,-9652.894209322214,-5501.845085444023
7763,-9652.894209322214,-5501.845085444023
7764,-9652.894209322214,-11255.916392448426
7765,-9652.894209322214,-11255.916392448426
7766,-9652.894209322214,-9049.415610214844
7767,-9652.894209322214,-9049.415610214844
7768,-9652.894209322214,-3870.2152859724974
7769,-9652.894209322214,-3870.2152859724974
7770,-8662.456099791612,221.2144631805877
7771,-8662.456099791612,221.2144631805877
7772,-3763.354645486066,11.120449452617322
7773,-3763.354645486066,11.120449452617322
7774,-3507.006574334864,2331.9628414123963
7775,-3507.006574334864,2331.9628414123963
7776,-4126.562152472614,1331.5597106553523
7777,-4126.562152472614,1331.5597106553523
7778,-1170.3764242933757,2913.587320278404
7779,-1170.3764242933757,2913.587320278404
7780,-9652.894209322214,2164.41861413096
7781,-9652.894209322214,2164.41861413096
7782,-9652.894209322214,535.4393470322393
7783,-9652.894209322214,535.4393470322393
7784,-9652.894209322214,-130.53337991331136
7785,-9652.894209322214,-130.53337991331136
7786,-9652.894209322214,-6286.007161146648
7787,-9652.894209322214,-6286.007161146648
7788,-9652.894209322214,-11273.880356574282
7789,-9652.894209322214,-11273.880356574282
7790,-9652.894209322214,-7376.184034829985
7791,-9652.894209322214,-7376.184034829985
7792,-9652.894209322214,-2730.673739942118
7793,-9652.894209322214,-2730.673739942118
7794,-6708.238023041784,-596.1835248571679
7795,-6708.238023041784,-596.1835248571679
7796,-3192.1964386710315,-1198.2175464726151
7797,-3192.1964386710315,-1198.2175464726151
7798,2552.5323710250104,-1757.3814253782093
7799,2552.5323710250104,-1757.3814253782093
7800,-4762.5745486240685,1292.2445378810244
7801,-4762.5745486240685,1292.2445378810244
7802,-1854.1624157461192,-1927.1380953985408
7803,-1854.1624157461192,-1927.1380953985408
7804,1502.7266722824907,898.9522502662348
7805,1502.7266722824907,898.9522502662348
7806,-6696.326988521596,2496.993732462817
7807,-6696.326988521596,2496.993732462817
7808,-854.4335795416137,-126.84076494920009
7809,-854.4335795416137,-126.84076494920009
7810,-9652.894209322214,-1909.4249689136086
7811,-9652.894209322214,-1909.4249689136086
7812,-9652.894209322214,1191.5662135891125
7813,-9652.894209322214,1191.5662135891125
7814,-9652.894209322214,-3060.7836053214487
7815,-9652.894209322214,-3060.7836053214487
7816,-6125.39920265792,-2722.9761290779843
7817,-6125.39920265792,-2722.9761290779843
7818,3614.6088129596155,-3328.7491723247713
7819,3614.6088129596155,-3328.7491723247713
7820,8126.6199921716125,-3785.1938742401053
7821,8126.6199921716125,-3785.1938742401053
7822,9499.672731338422,-1838.141320395107
7823,9499.672731338422,-1838.141320395107
7824,7043.735048917352,-751.626463989438
7825,7043.735048917352,-751.626463989438
7826,6931.660597991491,-1167.404960529273
7827,6931.660597991491,-1167.404960529273
7828,6251.958892238765,-1385.6491662922435
7829,6251.958892238765,-1385.6491662922435
7830,468.29585128746476,332.82626128329684
7831,468.29585128746476,332.82626128329684
7832,2131.1016151897056,571.2158213919029
7833,2131.1016151897056,571.2158213919029
7834,-9652.894209322214,199.4537233164665
7835,-9652.894209322214,199.4537233164665
7836,-9652.894209322214,-1107.7316435066987
7837,-9652.894209322214,-1107.7316435066987
7838,-9652.894209322214,189.21998584700304
7839,-9652.894209322214,189.21998584700304
7840,-6419.654252102175,-2625.124088228631
7841,-6419.654252102175,-2625.124088228631
7842,4682.543974374015,-3316.8628870721823
7843,4682.543974374015,-3316.8628870721823
7844,-2111.8158188549423,1286.5300051577487
7845,-2111.8158188549423,1286.5300051577487
7846,2702.4038030094116,1026.1928607240097
7847,2702.4038030094116,1026.1928607240097
7848,-402.9609062681029,2856.592335806954
7849,-402.9609062681029,2856.592335806954
7850,-1240.400994737287,874.6652614729555
7851,-1240.400994737287,874.6652614729555
7852,2594.0097456308467,377.8652074700749
7853,2594.0097456308467,377.8652074700749
7854,2253.100779745302,-2316.085089776725
7855,2253.100779745302,-2316.085089776725
7856,-1561.8014114259313,-2488.012569312603
7857,-1561.8014114259313,-2488.012569312603
7858,-9652.894209322214,-3479.8600689141986
7859,-9652.894209322214,-3479.8600689141986
7860,-9652.894209322214,-2235.87942660298
7861,-9652.894209322214,-2235.87942660298
7862,-9652.894209322214,-3348.791772999859
7863,-9652.894209322214,-3348.791772999859
7864,-354.1979882128544,-5744.7755854319585
7865,-354.1979882128544,-5744.7755854319585
7866,4121.2496782722055,-5200.898768867215
7867,4121.2496782722055,-5200.898768867215
7868,3034.0861891672394,-2754.420003547848
7869,3034.0861891672394,-2754.420003547848
7870,8086.442155401,-1245.7140498331319
7871,8086.442155401,-1245.7140498331319
7872,3938.689111645046,-2458.253566610576
7873,3938.689111645046,-2458.253566610576
7874,5189.6927894881455,-2485.2704269846345
7875,5189.6927894881455,-2485.2704269846345
7876,-3682.91088588622,1950.8189961205771
7877,-3682.91088588622,1950.8189961205771
7878,-9652.894209322214,-2268.320205829137
7879,-9652.894209322214,-2268.320205829137
7880,-9652.894209322214,-2878.7890459189657
7881,-9652.894209322214,-2878.7890459189657
7882,-9652.894209322214,-11516.572255116746
7883,-9652.894209322214,-11516.572255116746
7884,-9652.894209322214,-11547.85669565133
7885,-9652.894209322214,-11547.85669565133
7886,-9652.894209322214,-11726.549379285401
7887,-9652.894209322214,-11726.549379285401
7888,-9652.894209322214,-4509.069289907522
7889,-9652.894209322214,-4509.069289907522
7890,-6386.004354560435,-5030.363333507743
7891,-6386.004354560435,-5030.363333507743
7892,1512.7515347699446,-2543.322486032712
7893,1512.7515347699446,-2543.322486032712
7894,6273.6588421641045,-2499.159468768741
7895,6273.6588421641045,-2499.159468768741
7896,2568.562097488717,-1616.0698676944521
7897,2568.562097488717,-1616.0698676944521
7898,-52.84184339881176,-1851.2550710174255
7899,-52.84184339881176,-1851.2550710174255
7900,-4698.557438190255,1032.591436761806
7901,-4698.557438190255,1032.591436761806
7902,-5586.177011686239,2123.856785511909
7903,-5586.177011686239,2123.856785511909
7904,-9652.894209322214,254.00083883254047
7905,-9652.894209322214,254.00083883254047
7906,-9652.894209322214,-1216.6607119896653
7907,-9652.894209322214,-1216.6607119896653
7908,-9652.894209322214,-5427.637317688001
7909,-9652.894209322214,-5427.637317688001
7910,-9652.894209322214,-3501.752801411001
7911,-9652.894209322214,-3501.752801411001
7912,-9652.894209322214,-3261.977529054824
7913,-9652.894209322214,-3261.977529054824
7914,-4183.324201404794,-2738.93917594063
7915,-4183.324201404794,-2738.93917594063
7916,1283.9368902122224,-5638.2260265843415
7917,1283.9368902122224,-5638.2260265843415
7918,1383.5012889020818,-1736.595888903319
7919,1383.5012889020818,-1736.595888903319
7920,6744.475767332558,-393.2750782826279
7921,6744.475767332558,-393.2750782826279
7922,2037.1714829410594,-530.8020635504763
7923,2037.1714829410594,-530.8020635504763
7924,3346.7779697217675,499.95073382827286
7925,3346.7779697217675,499.95073382827286
7926,9480.550354411002,-3191.190305901244
7927,9480.550354411002,-3191.190305901244
7928,9652.894209322214,-4193.539759007826
7929,9652.894209322214,-4193.539759007826
7930,-2972.1960230477744,-2313.3864003362287
7931,-2972.1960230477744,-2313.3864003362287
7932,-9652.894209322214,-1944.602387328303
7933,-9652.894209322214,-1944.602387328303
7934,-8897.786420914603,-3381.2429285523576
7935,-8897.786420914603,-3381.2429285523576
7936,-4779.66103075084,-2815.4358112303
7937,-4779.66103075084,-2815.4358112303
7938,-2077.1823523612657,-1543.8173110604748
7939,-2077.1823523612657,-1543.8173110604748
7940,-1267.4285756690042,-781.1569258070758
7941,-1267.4285756690042,-781.1569258070758
7942,1874.8216855929404,-397.96377520251735
7943,1874.8216855929404,-397.96377520251735
7944,2181.4769526976925,-3904.5593155975857
7945,2181.4769526976925,-3904.5593155975857
7946,4748.88643159195,350.3380300185654
7947,4748.88643159195,350.3380300185654
7948,-3178.3772989845384,518.5018187272963
7949,-3178.3772989845384,518.5018187272963
7950,-3469.273116626451,789.6060289412544
7951,-3469.273116626451,789.6060289412544
7952,3018.8220633047786,-4234.181562446989
7953,3018.8220633047786,-4234.181562446989
7954,-4419.090893213281,-1584.4381425663232
7955,-4419.090893213281,-1584.4381425663232
7956,-9652.894209322214,-695.2283521489535
7957,-9652.894209322214,-695.2283521489535
7958,-8183.263280254869,-1484.754902718374
7959,-8183.263280254869,-1484.754902718374
7960,5247.226005815385,-3320.9587712815646
7961,5247.226005815385,-3320.9587712815646
7962,9652.894209322214,-3238.224139006361
7963,9652.894209322214,-3238.224139006361
7964,9652.894209322214,-3335.920963989962
7965,9652.894209322214,-3335.920963989962
7966,9652.894209322214,-478.8839431416618
7967,9652.894209322214,-478.8839431416618
7968,9652.894209322214,-2653.7695826359086
7969,9652.894209322214,-2653.7695826359086
7970,9652.894209322214,-419.1299364534425
7971,9652.894209322214,-419.1299364534425
7972,9652.894209322214,412.0496111770972
7973,9652.894209322214,412.0496111770972
7974,9652.894209322214,-1746.5519505037628
7975,9652.894209322214,-1746.5519505037628
7976,9652.894209322214,-1894.017853354806
7977,9652.894209322214,-1894.017853354806
7978,-838.9887309210044,442.16753630186395
7979,-838.9887309210044,442.16753630186395
7980,-8893.310666388694,1354.183397231005
7981,-8893.310666388694,1354.183397231005
7982,-4310.772719609915,1001.3952876159383
7983,-4310.772719609915,1001.3952876159383
7984,5239.855467807669,-1536.2082481192829
7985,5239.855467807669,-1536.2082481192829
7986,9652.894209322214,-2037.2151665526926
7987,9652.894209322214,-2037.2151665526926
7988,9652.894209322214,-761.1489533688182
7989,9652.894209322214,-761.1489533688182
7990,9652.894209322214,-1099.8213022496147
7991,9652.894209322214,-1099.8213022496147
7992,9652.894209322214,-2510.5997673536167
7993,9652.894209322214,-2510.5997673536167
7994,9652.894209322214,-3224.9692805872746
7995,9652.894209322214,-3224.9692805872746
7996,9652.894209322214,101.20675273265624
7997,9652.894209322214,101.20675273265624
7998,9652.894209322214,-922.345679197655
7999,9652.894209322214,-922.345679197655
8000,9652.894209322214,-933.8083935013328
8001,9652.894209322214,-933.8083935013328
8002,9652.894209322214,-9522.608288278654
8003,9652.894209322214,-9522.608288278654
8004,-6631.801889262439,1256.8281139649407
8005,-6631.801889262439,1256.8281139649407
8006,9652.894209322214,-9228.656574285655
8007,9652.894209322214,-9228.656574285655
8008,9652.894209322214,-1818.1652243206136
8009,9652.894209322214,-1818.1652243206136
8010,9652.894209322214,-1684.098990993205
8011,9652.894209322214,-1684.098990993205
8012,9652.894209322214,912.853999761357
8013,9652.894209322214,912.853999761357
8014,9652.894209322214,-623.182037295428
8015,9652.894209322214,-623.182037295428
8016,9652.894209322214,-3403.078574010282
8017,9652.894209322214,-3403.078574010282
8018,9652.894209322214,-4070.549142371785
8019,9652.894209322214,-4070.549142371785
8020,9652.894209322214,-760.9423078317068
8021,9652.894209322214,-760.9423078317068
8022,9652.894209322214,-2999.619231779521
8023,9652.894209322214,-2999.619231779521
8024,9652.894209322214,-3861.9757400025956
8025,9652.894209322214,-3861.9757400025956
8026,-6735.659180953393,-1583.3396358425362
8027,-6735.659180953393,-1583.3396358425362
8028,-8367.716156735529,-712.2174789766086
8029,-8367.716156735529,-712.2174789766086
8030,-9652.894209322214,-1568.0988770089498
8031,-9652.894209322214,-1568.0988770089498
8032,9652.894209322214,-3885.246706451271
8033,9652.894209322214,-3885.246706451271
8034,9652.894209322214,-3950.2251208197213
8035,9652.894209322214,-3950.2251208197213
8036,9652.894209322214,-5340.15509820901
8037,9652.894209322214,-5340.15509820901
8038,9652.894209322214,-2587.337165124567
8039,9652.894209322214,-2587.337165124567
8040,9652.894209322214,169.55109633679967
8041,9652.894209322214,169.55109633679967
8042,9652.894209322214,-4583.539324305724
8043,9652.894209322214,-4583.539324305724
8044,9652.894209322214,-4211.618906502719
8045,9652.894209322214,-4211.618906502719
8046,9652.894209322214,-3509.519081785731
8047,9652.894209322214,-3509.519081785731
8048,9652.894209322214,-3913.4807218489386
8049,9652.894209322214,-3913.4807218489386
8050,2600.69427792649,-11090.842132045298
8051,2600.69427792649,-11090.842132045298
8052,-9652.894209322214,-2943.7098804868565
8053,-9652.894209322214,-2943.7098804868565
8054,9652.894209322214,-11628.800650884503
8055,9652.894209322214,-11628.800650884503
8056,9652.894209322214,-4937.141285486954
8057,9652.894209322214,-4937.141285486954
8058,9652.894209322214,-4415.607399988801
8059,9652.894209322214,-4415.607399988801
8060,9652.894209322214,-4415.045477704016
8061,9652.894209322214,-4415.045477704016
8062,9652.894209322214,-1799.189932243973
8063,9652.894209322214,-1799.189932243973
8064,9652.894209322214,-4298.134689916238
8065,9652.894209322214,-4298.134689916238
8066,9652.894209322214,-4232.773495387106
8067,9652.894209322214,-4232.773495387106
8068,9652.894209322214,-3493.5965102433893
8069,9652.894209322214,-3493.5965102433893
8070,9652.894209322214,-2608.0979767090703
8071,9652.894209322214,-2608.0979767090703
8072,9652.894209322214,-4043.657549125208
8073,9652.894209322214,-4043.657549125208
8074,660.9196235269756,-2013.088904055092
8075,660.9196235269756,-2013.088904055092
8076,-9652.894209322214,-2022.7390045665034
8077,-9652.894209322214,-2022.7390045665034
8078,-907.0939108924322,-3363.3820943265073
8079,-907.0939108924322,-3363.3820943265073
8080,-9652.894209322214,-2672.0045067454103
8081,-9652.894209322214,-2672.0045067454103
8082,45.677280712016,-233.1111185897771
8083,45.677280712016,-233.1111185897771
8084,4358.002252820325,-1026.6062063480913
8085,4358.002252820325,-1026.6062063480913
8086,7571.589138105217,-2021.822655682825
8087,7571.589138105217,-2021.822655682825
8088,7219.326069461643,-2464.076834664631
8089,7219.326069461643,-2464.076834664631
8090,6686.2943849460735,-2545.1475038379485
8091,6686.2943849460735,-2545.1475038379485
8092,2434.138958850778,-336.1443152914053
8093,2434.138958850778,-336.1443152914053
8094,80.0272526045319,725.840807753104
8095,80.0272526045319,725.840807753104
8096,8205.437908234175,-4004.1241600436497
8097,8205.437908234175,-4004.1241600436497
8098,-1406.3302923979209,-1812.322966597132
8099,-1406.3302923979209,-1812.322966597132
8100,-9652.894209322214,-1779.1116466167732
8101,-9652.894209322214,-1779.1116466167732
8102,-9652.894209322214,-3232.836295175528
8103,-9652.894209322214,-3232.836295175528
8104,-9652.894209322214,-2513.341782945112
8105,-9652.894209322214,-2513.341782945112
8106,-1498.399595075438,495.54221370294727
8107,-1498.399595075438,495.54221370294727
8108,3690.422857157233,-71.17534277851337
8109,3690.422857157233,-71.17534277851337
8110,6605.347758030042,-98.20686959677914
8111,6605.347758030042,-98.20686959677914
8112,8031.148645187957,-2076.480571907696
8113,8031.148645187957,-2076.480571907696
8114,4637.170585200805,-1167.1118741780974
8115,4637.170585200805,-1167.1118741780974
8116,637.5321326416433,-352.44237104964486
8117,637.5321326416433,-352.44237104964486
8118,-2699.644803587664,489.0174041519913
8119,-2699.644803587664,489.0174041519913
8120,9652.894209322214,-1681.8123780958576
8121,9652.894209322214,-1681.8123780958576
8122,-882.691154376982,-2434.504476951939
8123,-882.691154376982,-2434.504476951939
8124,-7971.376097809025,-2106.0714547556236
8125,-7971.376097809025,-2106.0714547556236
8126,-6212.17494581459,-474.3181652963467
8127,-6212.17494581459,-474.3181652963467
8128,-1266.6785506022861,-2204.038620773068
8129,-1266.6785506022861,-2204.038620773068
8130,9652.894209322214,-4335.101199694183
8131,9652.894209322214,-4335.101199694183
8132,9652.894209322214,-5132.429106399195
8133,9652.894209322214,-5132.429106399195
8134,9652.894209322214,-1689.6190749021607
8135,9652.894209322214,-1689.6190749021607
8136,9652.894209322214,-3962.3799191643466
8137,9652.894209322214,-3962.3799191643466
8138,9652.894209322214,-3598.038588928508
8139,9652.894209322214,-3598.038588928508
8140,9652.894209322214,-2969.5026911189743
8141,9652.894209322214,-2969.5026911189743
8142,9652.894209322214,-2371.22938358021
8143,9652.894209322214,-2371.22938358021
8144,3508.109189070594,-3283.3369179391357
8145,3508.109189070594,-3283.3369179391357
8146,-9652.894209322214,1015.7747014550532
8147,-9652.894209322214,1015.7747014550532
8148,-9652.894209322214,-3302.859671712198
8149,-9652.894209322214,-3302.859671712198
8150,-7892.326569506469,-2647.7505776405214
8151,-7892.326569506469,-2647.7505776405214
8152,7814.498837779136,-5066.0251137184405
8153,7814.498837779136,-5066.0251137184405
8154,9652.894209322214,-4741.009559461714
8155,9652.894209322214,-4741.009559461714
8156,9652.894209322214,-2886.705731781878
8157,9652.894209322214,-2886.705731781878
8158,9652.894209322214,-5167.382488146639
8159,9652.894209322214,-5167.382488146639
8160,9652.894209322214,-4054.860005498078
8161,9652.894209322214,-4054.860005498078
8162,9652.894209322214,-3580.5073148424617
8163,9652.894209322214,-3580.5073148424617
8164,9652.894209322214,-3040.89470933759
8165,9652.894209322214,-3040.89470933759
8166,9652.894209322214,-1979.7137060727964
8167,9652.894209322214,-1979.7137060727964
8168,9652.894209322214,-2911.9300393766407
8169,9652.894209322214,-2911.9300393766407
8170,-3600.093843045215,-2208.162328796736
8171,-3600.093843045215,-2208.162328796736
8172,-2079.3983557427455,-9847.924193354256
8173,-2079.3983557427455,-9847.924193354256
8174,-4818.586784911517,-3918.1677759957856
8175,-4818.586784911517,-3918.1677759957856
8176,7143.469007068069,-3349.198147306508
8177,7143.469007068069,-3349.198147306508
8178,9652.894209322214,-5377.929164373245
8179,9652.894209322214,-5377.929164373245
8180,9652.894209322214,-2905.473462742875
8181,9652.894209322214,-2905.473462742875
8182,9652.894209322214,-4503.080990666322
8183,9652.894209322214,-4503.080990666322
8184,9652.894209322214,-3149.27785930973
8185,9652.894209322214,-3149.27785930973
8186,9652.894209322214,-3778.437741303407
8187,9652.894209322214,-3778.437741303407
8188,9652.894209322214,-4062.133714358448
8189,9652.894209322214,-4062.133714358448
8190,9652.894209322214,-3728.8298805006743
8191,9652.894209322214,-3728.8298805006743
8192,1042.536755713776,-3989.241255552535
8193,1042.536755713776,-3989.241255552535
8194,-3384.5635084032183,-5178.308478222625
8195,-3384.5635084032183,-5178.308478222625
8196,-9652.894209322214,-5821.964305290952
8197,-9652.894209322214,-5821.964305290952
8198,-9652.894209322214,-4264.333619361534
8199,-9652.894209322214,-4264.333619361534
8200,7737.911387644454,-7730.310066689893
8201,7737.911387644454,-7730.310066689893
8202,9652.894209322214,-5939.794118297132
8203,9652.894209322214,-5939.794118297132
8204,9652.894209322214,-6467.010861412228
8205,9652.894209322214,-6467.010861412228
8206,9652.894209322214,-4884.447877536046
8207,9652.894209322214,-4884.447877536046
8208,9652.894209322214,-3775.751161895998
8209,9652.894209322214,-3775.751161895998
8210,9652.894209322214,-3860.4513412071956
8211,9652.894209322214,-3860.4513412071956
8212,9652.894209322214,-4106.404385648406
8213,9652.894209322214,-4106.404385648406
8214,9652.894209322214,-4517.65028795366
8215,9652.894209322214,-4517.65028795366
8216,5839.434675395103,-6288.931134263345
8217,5839.434675395103,-6288.931134263345
8218,-9652.894209322214,-3115.378721787347
8219,-9652.894209322214,-3115.378721787347
8220,-9652.894209322214,-4012.3398131431913
8221,-9652.894209322214,-4012.3398131431913
8222,-9652.894209322214,-5228.283090925186
8223,-9652.894209322214,-5228.283090925186
8224,-757.4518644274685,-4393.91832164028
8225,-757.4518644274685,-4393.91832164028
8226,9652.894209322214,-6691.294717585579
8227,9652.894209322214,-6691.294717585579
8228,9652.894209322214,-5502.88501769201
8229,9652.894209322214,-5502.88501769201
8230,9652.894209322214,-2751.3007398589907
8231,9652.894209322214,-2751.3007398589907
8232,9652.894209322214,-5094.997339661835
8233,9652.894209322214,-5094.997339661835
8234,9652.894209322214,-3209.3944642065035
8235,9652.894209322214,-3209.3944642065035
8236,9652.894209322214,-4696.368436567747
8237,9652.894209322214,-4696.368436567747
8238,9652.894209322214,-3281.630424397352
8239,9652.894209322214,-3281.630424397352
8240,5088.748572906854,-2412.448662982144
8241,5088.748572906854,-2412.448662982144
8242,-9343.373994577109,727.5161742580185
8243,-9343.373994577109,727.5161742580185
8244,-9652.894209322214,1382.8902706187691
8245,-9652.894209322214,1382.8902706187691
8246,-9652.894209322214,93.09601583434414
8247,-9652.894209322214,93.09601583434414
8248,2949.823895879542,-2992.73462260252
8249,2949.823895879542,-2992.73462260252
8250,9652.894209322214,-5008.982420972752
8251,9652.894209322214,-5008.982420972752
8252,9652.894209322214,-2448.5325287580654
8253,9652.894209322214,-2448.5325287580654
8254,9652.894209322214,-707.7897666593581
8255,9652.894209322214,-707.7897666593581
8256,9652.894209322214,-3373.303093440767
8257,9652.894209322214,-3373.303093440767
8258,9652.894209322214,-4889.218011234207
8259,9652.894209322214,-4889.218011234207
8260,9652.894209322214,-4421.677648595016
8261,9652.894209322214,-4421.677648595016
8262,9357.882996419105,-4379.950047726545
8263,9357.882996419105,-4379.950047726545
8264,5790.874391308007,-3468.4607041806994
8265,5790.874391308007,-3468.4607041806994
8266,-7770.700893933114,-230.95094977334156
8267,-7770.700893933114,-230.95094977334156
8268,-9652.894209322214,-1511.9981029676837
8269,-9652.894209322214,-1511.9981029676837
8270,-9652.894209322214,-1143.1875070291298
8271,-9652.894209322214,-1143.1875070291298
8272,-2230.2427032103988,-1309.5471102014944
8273,-2230.2427032103988,-1309.5471102014944
8274,3854.0952408754074,775.7631944674777
8275,3854.0952408754074,775.7631944674777
8276,9652.894209322214,-675.638890636541
8277,9652.894209322214,-675.638890636541
8278,9652.894209322214,-405.0290396200962
8279,9652.894209322214,-405.0290396200962
8280,9652.894209322214,-1789.572801672497
8281,9652.894209322214,-1789.572801672497
8282,9652.894209322214,-1748.7381359606243
8283,9652.894209322214,-1748.7381359606243
8284,9652.894209322214,-1371.0537565638679
8285,9652.894209322214,-1371.0537565638679
8286,9652.894209322214,-3049.7739870817004
8287,9652.894209322214,-3049.7739870817004
8288,5909.13021203535,-3701.3764946384163
8289,5909.13021203535,-3701.3764946384163
8290,-2766.6680820473175,-1649.113170210143
8291,-2766.6680820473175,-1649.113170210143
8292,-8504.141839574193,-1061.637012953206
8293,-8504.141839574193,-1061.637012953206
8294,-7271.594737152718,-1627.7367368287396
8295,-7271.594737152718,-1627.7367368287396
8296,-5107.8600997655685,-510.6402303190007
8297,-5107.8600997655685,-510.6402303190007
8298,9652.894209322214,-1293.8445554826849
8299,9652.894209322214,-1293.8445554826849
8300,9652.894209322214,-2169.7178945274663
8301,9652.894209322214,-2169.7178945274663
8302,9652.894209322214,-491.54567313567895
8303,9652.894209322214,-491.54567313567895
8304,9652.894209322214,-1284.9737196856477
8305,9652.894209322214,-1284.9737196856477
8306,9652.894209322214,-2051.904987460397
8307,9652.894209322214,-2051.904987460397
8308,9652.894209322214,-4312.843230729535
8309,9652.894209322214,-4312.843230729535
8310,9652.894209322214,-1963.0466825172134
8311,9652.894209322214,-1963.0466825172134
8312,143.29559765259546,921.6523945430945
8313,143.29559765259546,921.6523945430945
8314,-8323.297301898107,467.62515174841246
8315,-8323.297301898107,467.62515174841246
8316,-8241.780422796088,1042.7762898574329
8317,-8241.780422796088,1042.7762898574329
8318,-9652.894209322214,-894.8817372779013
8319,-9652.894209322214,-894.8817372779013
8320,-6841.673238577991,-684.8173915388052
8321,-6841.673238577991,-684.8173915388052
8322,9652.894209322214,-2157.7998440402735
8323,9652.894209322214,-2157.7998440402735
8324,9652.894209322214,-2089.3790073068576
8325,9652.894209322214,-2089.3790073068576
8326,9652.894209322214,-1210.2217865564617
8327,9652.894209322214,-1210.2217865564617
8328,9652.894209322214,-3269.024789861818
8329,9652.894209322214,-3269.024789861818
8330,9652.894209322214,-2875.121545206295
8331,9652.894209322214,-2875.121545206295
8332,9652.894209322214,-2919.8322930441373
8333,9652.894209322214,-2919.8322930441373
8334,9652.894209322214,-2189.2359517157693
8335,9652.894209322214,-2189.2359517157693
8336,9652.894209322214,-2779.7760698895618
8337,9652.894209322214,-2779.7760698895618
8338,1571.625239228687,-1020.1114059273004
8339,1571.625239228687,-1020.1114059273004
8340,-2228.3174452564635,-566.3582110317129
8341,-2228.3174452564635,-566.3582110317129
8342,-233.76664009226624,-2198.26261802282
8343,-233.76664009226624,-2198.26261802282
8344,-635.0975948265241,-1714.4134829780069
8345,-635.0975948265241,-1714.4134829780069
8346,9652.894209322214,-1835.7710086217867
8347,9652.894209322214,-1835.7710086217867
8348,9652.894209322214,-801.1186956668043
8349,9652.894209322214,-801.1186956668043
8350,9652.894209322214,-1509.0367091714925
8351,9652.894209322214,-1509.0367091714925
8352,9652.894209322214,-1307.3884942325058
8353,9652.894209322214,-1307.3884942325058
8354,9652.894209322214,-2559.816070346267
8355,9652.894209322214,-2559.816070346267
8356,9652.894209322214,-4040.0975654436534
8357,9652.894209322214,-4040.0975654436534
8358,3470.798566485437,-2935.0071424368452
8359,3470.798566485437,-2935.0071424368452
8360,-9652.894209322214,-449.1001162174289
8361,-9652.894209322214,-449.1001162174289
8362,-9652.894209322214,-1885.492690794379
8363,-9652.894209322214,-1885.492690794379
8364,-9652.894209322214,-1587.7754556103591
8365,-9652.894209322214,-1587.7754556103591
8366,-9652.894209322214,-2826.6049032279934
8367,-9652.894209322214,-2826.6049032279934
8368,-9652.894209322214,-2330.1512856824866
8369,-9652.894209322214,-2330.1512856824866
8370,4578.689477965229,-4281.316756048169
8371,4578.689477965229,-4281.316756048169
8372,9652.894209322214,-5396.096142399778
8373,9652.894209322214,-5396.096142399778
8374,9652.894209322214,-4742.492297987583
8375,9652.894209322214,-4742.492297987583
8376,9652.894209322214,-4358.495429841949
8377,9652.894209322214,-4358.495429841949
8378,7603.7520423517135,-4106.046885825772
8379,7603.7520423517135,-4106.046885825772
8380,4974.618794980794,-3717.991175863008
8381,4974.618794980794,-3717.991175863008
8382,-698.0932856427207,-2850.8033197614986
8383,-698.0932856427207,-2850.8033197614986
8384,-7549.374645414173,-3862.065977255421
8385,-7549.374645414173,-3862.065977255421
8386,-9652.894209322214,-3947.6388913906503
8387,-9652.894209322214,-3947.6388913906503
8388,-9652.894209322214,-5082.166150548299
8389,-9652.894209322214,-5082.166150548299
8390,-9652.894209322214,-3112.0312973251057
8391,-9652.894209322214,-3112.0312973251057
8392,-260.5595468301981,-5512.411426707644
8393,-260.5595468301981,-5512.411426707644
8394,4602.754372893491,-5158.702262286082
8395,4602.754372893491,-5158.702262286082
8396,9652.894209322214,-5785.325852785072
8397,9652.894209322214,-5785.325852785072
8398,9652.894209322214,-4344.714674967205
8399,9652.894209322214,-4344.714674967205
8400,8664.354999983287,-3475.663969759984
8401,8664.354999983287,-3475.663969759984
8402,6860.568508053799,-2930.4271514874035
8403,6860.568508053799,-2930.4271514874035
8404,-1136.951177444893,22.62642520301779
8405,-1136.951177444893,22.62642520301779
8406,-422.61042187330713,-3046.197610594905
8407,-422.61042187330713,-3046.197610594905
8408,-5370.745235255174,-921.763843289893
8409,-5370.745235255174,-921.763843289893
8410,-9652.894209322214,-2003.9279770502708
8411,-9652.894209322214,-2003.9279770502708
8412,-9652.894209322214,-6344.968494811001
8413,-9652.894209322214,-6344.968494811001
8414,-9652.894209322214,-2329.057818590949
8415,-9652.894209322214,-2329.057818590949
8416,-6874.8511877839155,-4254.969107354073
8417,-6874.8511877839155,-4254.969107354073
8418,3753.413562066432,-4161.943174609181
8419,3753.413562066432,-4161.943174609181
8420,1163.5809406349363,-5175.427719187357
8421,1163.5809406349363,-5175.427719187357
8422,7488.862911234028,-2253.3667094352895
8423,7488.862911234028,-2253.3667094352895
8424,4499.393241757865,-2199.9637326040447
8425,4499.393241757865,-2199.9637326040447
8426,3378.282370729783,-2082.4001421887297
8427,3378.282370729783,-2082.4001421887297
8428,2669.2716166606306,-2199.2957786721727
8429,2669.2716166606306,-2199.2957786721727
8430,-246.48299030045746,-212.32765284312336
8431,-246.48299030045746,-212.32765284312336
8432,-4474.716926480847,-2102.476186520138
8433,-4474.716926480847,-2102.476186520138
8434,-9652.894209322214,-811.5922140692564
8435,-9652.894209322214,-811.5922140692564
8436,-9652.894209322214,-3819.86510482202
8437,-9652.894209322214,-3819.86510482202
8438,-9652.894209322214,-3141.6991464368493
8439,-9652.894209322214,-3141.6991464368493
8440,-1639.3713413263831,-5795.882133845405
8441,-1639.3713413263831,-5795.882133845405
8442,7278.2513695379685,-5545.418831213285
8443,7278.2513695379685,-5545.418831213285
8444,9161.875080073183,-4429.370213842738
8445,9161.875080073183,-4429.370213842738
8446,9652.894209322214,-3972.647401863136
8447,9652.894209322214,-3972.647401863136
8448,6329.701589410452,-650.1994619200741
8449,6329.701589410452,-650.1994619200741
8450,6435.642817693897,-3134.479941095804
8451,6435.642817693897,-3134.479941095804
8452,3827.2256396085686,-2762.2242729368263
8453,3827.2256396085686,-2762.2242729368263
8454,3829.312560330909,-3472.30626523741
8455,3829.312560330909,-3472.30626523741
8456,-670.0869336659489,-1458.239307087444
8457,-670.0869336659489,-1458.239307087444
8458,-9652.894209322214,-2889.111407696697
8459,-9652.894209322214,-2889.111407696697
8460,-9652.894209322214,-5727.0755078557195
8461,-9652.894209322214,-5727.0755078557195
8462,-9652.894209322214,-4401.77661246768
8463,-9652.894209322214,-4401.77661246768
8464,-6844.871042053754,-6124.401227164884
8465,-6844.871042053754,-6124.401227164884
8466,7010.191027476625,-5693.18416112643
8467,7010.191027476625,-5693.18416112643
8468,9652.894209322214,-5747.674037031733
8469,9652.894209322214,-5747.674037031733
8470,8455.63407538991,-1575.8795006387281
8471,8455.63407538991,-1575.8795006387281
8472,6788.990544271843,-2864.0529163180345
8473,6788.990544271843,-2864.0529163180345
8474,3208.520857117055,-2013.4948200313665
8475,3208.520857117055,-2013.4948200313665
8476,666.3652682551547,8.629858973534283
8477,666.3652682551547,8.629858973534283
8478,978.9637209066732,-1392.1328093046668
8479,978.9637209066732,-1392.1328093046668
8480,-3703.631558249028,-2221.933060927753
8481,-3703.631558249028,-2221.933060927753
8482,-9652.894209322214,-1560.5354707620118
8483,-9652.894209322214,-1560.5354707620118
8484,-9652.894209322214,-4476.416538733727
8485,-9652.894209322214,-4476.416538733727
8486,-9652.894209322214,-2759.9466446913248
8487,-9652.894209322214,-2759.9466446913248
8488,-4459.58484024262,-2551.5933656191464
8489,-4459.58484024262,-2551.5933656191464
8490,5662.745447540637,-5354.09973495218
8491,5662.745447540637,-5354.09973495218
8492,1063.3768049597638,-2132.2835973643287
8493,1063.3768049597638,-2132.2835973643287
8494,7957.878700265039,-1192.4552272419387
8495,7957.878700265039,-1192.4552272419387
8496,4817.030318923451,-2873.5058855418156
8497,4817.030318923451,-2873.5058855418156
8498,9652.894209322214,-2874.196896635387
8499,9652.894209322214,-2874.196896635387
8500,9652.894209322214,-1945.3782349346384
8501,9652.894209322214,-1945.3782349346384
8502,9652.894209322214,-2819.8559120358386
8503,9652.894209322214,-2819.8559120358386
8504,3276.4825769830422,-263.39655252563716
8505,3276.4825769830422,-263.39655252563716
8506,1520.7816429798586,-1585.3038719303095
8507,1520.7816429798586,-1585.3038719303095
8508,-8378.157312331154,-951.7266864087305
8509,-8378.157312331154,-951.7266864087305
8510,1148.5155863079744,-1926.5016886781887
8511,1148.5155863079744,-1926.5016886781887
8512,-1070.6529997235484,-1827.731786348133
8513,-1070.6529997235484,-1827.731786348133
8514,5736.751489983533,-3923.9073993597503
8515,5736.751489983533,-3923.9073993597503
8516,6773.950620506344,-2042.4169987383702
8517,6773.950620506344,-2042.4169987383702
8518,8773.115879473316,-528.398740448778
8519,8773.115879473316,-528.398740448778
8520,7891.603884065242,-420.666927795186
8521,7891.603884065242,-420.666927795186
8522,8355.680827337233,-1996.4480154618504
8523,8355.680827337233,-1996.4480154618504
8524,4584.980026181005,-138.57279775379538
8525,4584.980026181005,-138.57279775379538
8526,-780.6549532476201,535.5686023064918
8527,-780.6549532476201,535.5686023064918
8528,-4939.143623357608,-1655.833075300603
8529,-4939.143623357608,-1655.833075300603
8530,-5713.778595874357,-2333.167193440111
8531,-5713.778595874357,-2333.167193440111
8532,-9652.894209322214,-1441.4779508412266
8533,-9652.894209322214,-1441.4779508412266
8534,-8953.226483933831,-2169.233605293013
8535,-8953.226483933831,-2169.233605293013
8536,551.9259730076337,-3510.7510070550197
8537,551.9259730076337,-3510.7510070550197
8538,7039.934707625649,-2993.4766751829757
8539,7039.934707625649,-2993.4766751829757
8540,6467.51567528266,-2117.316995956937
8541,6467.51567528266,-2117.316995956937
8542,9474.13685915996,-2149.688722879868
8543,9474.13685915996,-2149.688722879868
8544,9473.92212745448,-2434.020151865443
8545,9473.92212745448,-2434.020151865443
8546,7095.339503048377,-2697.2316789064826
8547,7095.339503048377,-2697.2316789064826
8548,2333.0019465226906,-1653.1280579891227
8549,2333.0019465226906,-1653.1280579891227
8550,-4814.132087012356,783.019784547625
8551,-4814.132087012356,783.019784547625
8552,-8056.654260263091,-2141.3315024419117
8553,-8056.654260263091,-2141.3315024419117
8554,-9652.894209322214,-3184.716840363988
8555,-9652.894209322214,-3184.716840363988
8556,-9652.894209322214,-3032.6958226219667
8557,-9652.894209322214,-3032.6958226219667
8558,-9652.894209322214,-4318.071655848136
8559,-9652.894209322214,-4318.071655848136
8560,-9652.894209322214,-3510.708853216036
8561,-9652.894209322214,-3510.708853216036
8562,-6521.106456749783,-1259.62023788837
8563,-6521.106456749783,-1259.62023788837
8564,1918.1819292358332,-1278.437039720884
8565,1918.1819292358332,-1278.437039720884
8566,6784.264835094117,-723.7893134155474
8567,6784.264835094117,-723.7893134155474
8568,9652.894209322214,-4834.922286515955
8569,9652.894209322214,-4834.922286515955
8570,9652.894209322214,-4776.670551480136
8571,9652.894209322214,-4776.670551480136
8572,8972.03913908479,-1592.6416631844822
8573,8972.03913908479,-1592.6416631844822
8574,4611.928067374153,-492.7361748140502
8575,4611.928067374153,-492.7361748140502
8576,3083.471046609613,-1370.07966532932
8577,3083.471046609613,-1370.07966532932
8578,-9652.894209322214,-571.1708745887172
8579,-9652.894209322214,-571.1708745887172
8580,-9652.894209322214,577.0474349392825
8581,-9652.894209322214,577.0474349392825
8582,-9652.894209322214,-511.4498981088873
8583,-9652.894209322214,-511.4498981088873
8584,-1494.7352669544398,-1858.4494362655696
8585,-1494.7352669544398,-1858.4494362655696
8586,7625.0989180505585,-3961.5954512651824
8587,7625.0989180505585,-3961.5954512651824
8588,476.2307164462072,-5401.83142130805
8589,476.2307164462072,-5401.83142130805
8590,5071.418440740868,-5205.063410488545
8591,5071.418440740868,-5205.063410488545
8592,5774.98187745197,-4794.056704797791
8593,5774.98187745197,-4794.056704797791
8594,4558.705758762324,-4669.13238893042
8595,4558.705758762324,-4669.13238893042
8596,-2019.05976441241,-42.68993910676545
8597,-2019.05976441241,-42.68993910676545
8598,-658.3966316744736,-3844.078108774893
8599,-658.3966316744736,-3844.078108774893
8600,1884.6067196908061,-1843.2647227132238
8601,1884.6067196908061,-1843.2647227132238
8602,-9652.894209322214,590.3942029612408
8603,-9652.894209322214,590.3942029612408
8604,-9652.894209322214,-1966.2684257742148
8605,-9652.894209322214,-1966.2684257742148
8606,-9652.894209322214,-300.4597953397715
8607,-9652.894209322214,-300.4597953397715
8608,-5236.658967283658,-1867.2508099060651
8609,-5236.658967283658,-1867.2508099060651
8610,7256.631357222315,-3696.6799562315955
8611,7256.631357222315,-3696.6799562315955
8612,-2597.4088447831946,-3568.436023630893
8613,-2597.4088447831946,-3568.436023630893
8614,-1126.1460532709334,-3722.926092660824
8615,-1126.1460532709334,-3722.926092660824
8616,3049.3221874464907,-4983.714125047083
8617,3049.3221874464907,-4983.714125047083
8618,7708.615785296275,-4614.31606632024
8619,7708.615785296275,-4614.31606632024
8620,6155.712485611122,-1501.321521820386
8621,6155.712485611122,-1501.321521820386
8622,-226.6331988270431,-3829.3849203427762
8623,-226.6331988270431,-3829.3849203427762
8624,668.6968567267977,-1536.4780800229164
8625,668.6968567267977,-1536.4780800229164
8626,-9652.894209322214,119.7750580789907
8627,-9652.894209322214,119.7750580789907
8628,-9652.894209322214,-1223.0369556129554
8629,-9652.894209322214,-1223.0369556129554
8630,-9652.894209322214,-586.0220337038008
8631,-9652.894209322214,-586.0220337038008
8632,-2508.178414202728,-2506.3454439634916
8633,-2508.178414202728,-2506.3454439634916
8634,9652.894209322214,-4422.474953040257
8635,9652.894209322214,-4422.474953040257
8636,9652.894209322214,-4784.476162653036
8637,9652.894209322214,-4784.476162653036
8638,9652.894209322214,-2189.961200475942
8639,9652.894209322214,-2189.961200475942
8640,9652.894209322214,-4120.4557446640865
8641,9652.894209322214,-4120.4557446640865
8642,9652.894209322214,-3776.883683519023
8643,9652.894209322214,-3776.883683519023
8644,9652.894209322214,-3284.102125880994
8645,9652.894209322214,-3284.102125880994
8646,9652.894209322214,-2348.096936115149
8647,9652.894209322214,-2348.096936115149
8648,-66.36503099837864,-245.3896796017725
8649,-66.36503099837864,-245.3896796017725
8650,-1477.8257751284054,-1275.9361995169875
8651,-1477.8257751284054,-1275.9361995169875
8652,-9652.894209322214,-484.985391653594
8653,-9652.894209322214,-484.985391653594
8654,-6783.019346164747,-571.3702983701169
8655,-6783.019346164747,-571.3702983701169
8656,-6809.236018484255,-75.07711357534208
8657,-6809.236018484255,-75.07711357534208
8658,9652.894209322214,-1559.3439874155538
8659,9652.894209322214,-1559.3439874155538
8660,9652.894209322214,-3722.1945494695246
8661,9652.894209322214,-3722.1945494695246
8662,7911.121159633853,-3717.353113703779
8663,7911.121159633853,-3717.353113703779
8664,3908.1850895018906,-2877.185685115828
8665,3908.1850895018906,-2877.185685115828
8666,7940.65351791086,1737.8157730669154
8667,7940.65351791086,1737.8157730669154
8668,9652.894209322214,258.447212225341
8669,9652.894209322214,258.447212225341
8670,9652.894209322214,36.49308194153673
8671,9652.894209322214,36.49308194153673
8672,9652.894209322214,508.0461763893618
8673,9652.894209322214,508.0461763893618
8674,5228.088439205308,-535.0879162871115
8675,5228.088439205308,-535.0879162871115
8676,-3866.1565651789642,-40.48999695494604
8677,-3866.1565651789642,-40.48999695494604
8678,-7565.662740917243,-964.937521818687
8679,-7565.662740917243,-964.937521818687
8680,-1943.2754567736374,-776.6489287806653
8681,-1943.2754567736374,-776.6489287806653
8682,9652.894209322214,-2942.263036699336
8683,9652.894209322214,-2942.263036699336
8684,9066.817699349867,-3813.7990654348196
8685,9066.817699349867,-3813.7990654348196
8686,9652.894209322214,660.9690544068017
8687,9652.894209322214,660.9690544068017
8688,9652.894209322214,-576.0723122714426
8689,9652.894209322214,-576.0723122714426
8690,9652.894209322214,-3431.0537975822062
8691,9652.894209322214,-3431.0537975822062
8692,9652.894209322214,-2979.028030718806
8693,9652.894209322214,-2979.028030718806
8694,5027.739208586625,-3232.8779487361317
8695,5027.739208586625,-3232.8779487361317
8696,-7584.324898133389,-1312.877521717428
8697,-7584.324898133389,-1312.877521717428
8698,-9652.894209322214,-44.226693029388116
8699,-9652.894209322214,-44.226693029388116
8700,-9652.894209322214,-1454.413218893009
8701,-9652.894209322214,-1454.413218893009
8702,-9652.894209322214,-2645.737078039683
8703,-9652.894209322214,-2645.737078039683
8704,-9652.894209322214,-2220.3473929361153
8705,-9652.894209322214,-2220.3473929361153
8706,8052.759231369827,-4285.596471329247
8707,8052.759231369827,-4285.596471329247
8708,9652.894209322214,-5379.365361923423
8709,9652.894209322214,-5379.365361923423
8710,9652.894209322214,-2712.910990799397
8711,9652.894209322214,-2712.910990799397
8712,9652.894209322214,-5334.434770737271
8713,9652.894209322214,-5334.434770737271
8714,9652.894209322214,-5141.1520179018535
8715,9652.894209322214,-5141.1520179018535
8716,9652.894209322214,-4994.644583469648
8717,9652.894209322214,-4994.644583469648
8718,5650.55822706823,-4059.9084029332935
8719,5650.55822706823,-4059.9084029332935
8720,1401.2356298308769,-4279.533746061374
8721,1401.2356298308769,-4279.533746061374
8722,-9652.894209322214,-3268.9369357866726
8723,-9652.894209322214,-3268.9369357866726
8724,-9652.894209322214,-11990.484503396878
8725,-9652.894209322214,-11990.484503396878
8726,-9652.894209322214,-10754.216885916874
8727,-9652.894209322214,-10754.216885916874
8728,-9652.894209322214,-3810.3019991589354
8729,-9652.894209322214,-3810.3019991589354
8730,906.4188630245371,-4582.058370345201
8731,906.4188630245371,-4582.058370345201
8732,9500.191142840244,-6203.452758496584
8733,9500.191142840244,-6203.452758496584
8734,9652.894209322214,-3283.55661984608
8735,9652.894209322214,-3283.55661984608
8736,9652.894209322214,-3455.1580377150876
8737,9652.894209322214,-3455.1580377150876
8738,8570.780779271929,-5487.522977185703
8739,8570.780779271929,-5487.522977185703
8740,7583.282867524547,-5341.860860641826
8741,7583.282867524547,-5341.860860641826
8742,8621.75512784947,-5053.301702692577
8743,8621.75512784947,-5053.301702692577
8744,-1570.9370103595793,-4333.16177457027
8745,-1570.9370103595793,-4333.16177457027
8746,-5478.449235627335,-5224.740293226963
8747,-5478.449235627335,-5224.740293226963
8748,-9652.894209322214,-11373.23859892397
8749,-9652.894209322214,-11373.23859892397
8750,-9652.894209322214,-7136.899307074541
8751,-9652.894209322214,-7136.899307074541
8752,-9652.894209322214,-4888.201567582781
8753,-9652.894209322214,-4888.201567582781
8754,-3405.1692394150086,-3777.3474869302954
8755,-3405.1692394150086,-3777.3474869302954
8756,5336.995795824867,-2083.1278067564945
8757,5336.995795824867,-2083.1278067564945
8758,8479.409077610715,-4907.085256415141
8759,8479.409077610715,-4907.085256415141
8760,4935.737723837348,-2124.1143437157825
8761,4935.737723837348,-2124.1143437157825
8762,9652.894209322214,-4607.454165639663
8763,9652.894209322214,-4607.454165639663
8764,9470.205658107807,-4707.098191311308
8765,9470.205658107807,-4707.098191311308
8766,-202.93963004873876,-2605.03288205177
8767,-202.93963004873876,-2605.03288205177
8768,2928.759005071519,-1927.5233114907278
8769,2928.759005071519,-1927.5233114907278
8770,-7636.361900467062,-1148.971587917138
8771,-7636.361900467062,-1148.971587917138
8772,-9652.894209322214,-2519.453389107681
8773,-9652.894209322214,-2519.453389107681
8774,-9652.894209322214,-3823.0667979314203
8775,-9652.894209322214,-3823.0667979314203
8776,-6104.684869814309,-3307.8586185086406
8777,-6104.684869814309,-3307.8586185086406
8778,1350.1002127413358,-4926.294592183045
8779,1350.1002127413358,-4926.294592183045
8780,4851.881579191228,-5705.448536266946
8781,4851.881579191228,-5705.448536266946
8782,6269.353771807215,-3363.6918914895123
8783,6269.353771807215,-3363.6918914895123
8784,9652.894209322214,-5206.756098857115
8785,9652.894209322214,-5206.756098857115
8786,9652.894209322214,-2398.647365456938
8787,9652.894209322214,-2398.647365456938
8788,9652.894209322214,-3892.754401777269
8789,9652.894209322214,-3892.754401777269
8790,7118.954812131178,-4087.7255907326144
8791,7118.954812131178,-4087.7255907326144
8792,914.7355655421634,-3513.9936927492545
8793,914.7355655421634,-3513.9936927492545
8794,-9652.894209322214,-1084.1635805263213
8795,-9652.894209322214,-1084.1635805263213
8796,-9652.894209322214,-11798.33585946945
8797,-9652.894209322214,-11798.33585946945
8798,-9652.894209322214,-9408.656073723523
8799,-9652.894209322214,-9408.656073723523
8800,-9255.438034093557,-4040.4224181648133
8801,-9255.438034093557,-4040.4224181648133
8802,2640.9832537911607,-4049.848314615552
8803,2640.9832537911607,-4049.848314615552
8804,9652.894209322214,-3861.49405605605
8805,9652.894209322214,-3861.49405605605
8806,9652.894209322214,-1097.3250170494302
8807,9652.894209322214,-1097.3250170494302
8808,9652.894209322214,-2312.8475287306064
8809,9652.894209322214,-2312.8475287306064
8810,9652.894209322214,-3306.506703523948
8811,9652.894209322214,-3306.506703523948
8812,9652.894209322214,-1672.689356894305
8813,9652.894209322214,-1672.689356894305
8814,9652.894209322214,-1272.2726643444366
8815,9652.894209322214,-1272.2726643444366
8816,9652.894209322214,-1559.66963179921
8817,9652.894209322214,-1559.66963179921
8818,3372.820408245707,-2298.161351305791
8819,3372.820408245707,-2298.161351305791
8820,-9652.894209322214,-1516.983618012333
8821,-9652.894209322214,-1516.983618012333
8822,-6377.8222810823045,-2461.6800010029347
8823,-6377.8222810823045,-2461.6800010029347
8824,-8194.915085340806,-1374.2846754510665
8825,-8194.915085340806,-1374.2846754510665
8826,9652.894209322214,-1746.9739179322714
8827,9652.894209322214,-1746.9739179322714
8828,9652.894209322214,163.5392656635704
8829,9652.894209322214,163.5392656635704
8830,9652.894209322214,-4179.064698227921
8831,9652.894209322214,-4179.064698227921
8832,9652.894209322214,1126.797876711038
8833,9652.894209322214,1126.797876711038
8834,9652.894209322214,-2391.180174523919
8835,9652.894209322214,-2391.180174523919
8836,9652.894209322214,-1330.8325903584628
8837,9652.894209322214,-1330.8325903584628
8838,9652.894209322214,-1037.6382697462905
8839,9652.894209322214,-1037.6382697462905
8840,3727.8113645377452,-2070.5290640739186
8841,3727.8113645377452,-2070.5290640739186
8842,166.30268280983364,-627.5131136907567
8843,166.30268280983364,-627.5131136907567
8844,-3636.9503677519806,-450.8782061877828
8845,-3636.9503677519806,-450.8782061877828
8846,243.1116650520944,-1373.9682277154297
8847,243.1116650520944,-1373.9682277154297
8848,7492.651757715052,-3724.7947522238646
8849,7492.651757715052,-3724.7947522238646
8850,9652.894209322214,-1809.447293985926
8851,9652.894209322214,-1809.447293985926
8852,9652.894209322214,650.7194922409763
8853,9652.894209322214,650.7194922409763
8854,9652.894209322214,-3622.4562125273205
8855,9652.894209322214,-3622.4562125273205
8856,9652.894209322214,-3603.618077095325
8857,9652.894209322214,-3603.618077095325
8858,9652.894209322214,-895.6558059137224
8859,9652.894209322214,-895.6558059137224
8860,9652.894209322214,-3725.9758310203233
8861,9652.894209322214,-3725.9758310203233
8862,9652.894209322214,772.5582452331728
8863,9652.894209322214,772.5582452331728
8864,9652.894209322214,-4225.660529145231
8865,9652.894209322214,-4225.660529145231
8866,3939.626375243104,-2440.344870093977
8867,3939.626375243104,-2440.344870093977
8868,-9652.894209322214,-2487.217366929459
8869,-9652.894209322214,-2487.217366929459
8870,-9652.894209322214,-4044.73551227572
8871,-9652.894209322214,-4044.73551227572
8872,-7753.537001762088,-2785.3974405440185
8873,-7753.537001762088,-2785.3974405440185
8874,495.85717757108614,-2078.4617122432355
8875,495.85717757108614,-2078.4617122432355
8876,6725.322261101461,-1354.4880428354081
8877,6725.322261101461,-1354.4880428354081
8878,9652.894209322214,-1759.7882332574518
8879,9652.894209322214,-1759.7882332574518
8880,9652.894209322214,-3532.990849936956
8881,9652.894209322214,-3532.990849936956
8882,9652.894209322214,-1324.6760802910976
8883,9652.894209322214,-1324.6760802910976
8884,6839.879851978982,-1086.0990987275036
8885,6839.879851978982,-1086.0990987275036
8886,8576.628514771994,-3310.67556680507
8887,8576.628514771994,-3310.67556680507
8888,-1848.5427573446505,-2506.430198138427
8889,-1848.5427573446505,-2506.430198138427
8890,-2004.7212362995106,-2154.0347415121632
8891,-2004.7212362995106,-2154.0347415121632
8892,-9652.894209322214,-1960.4269704195976
8893,-9652.894209322214,-1960.4269704195976
8894,-7969.362858835928,-2663.212560216265
8895,-7969.362858835928,-2663.212560216265
8896,6109.4129986152075,-4120.91287473462
8897,6109.4129986152075,-4120.91287473462
8898,8915.978924968851,-3785.338291236707
8899,8915.978924968851,-3785.338291236707
8900,9652.894209322214,-4599.873070085912
8901,9652.894209322214,-4599.873070085912
8902,9652.894209322214,-4222.856228334122
8903,9652.894209322214,-4222.856228334122
8904,9652.894209322214,-1399.2249695313203
8905,9652.894209322214,-1399.2249695313203
8906,9652.894209322214,-1363.6899702806786
8907,9652.894209322214,-1363.6899702806786
8908,9652.894209322214,-4126.7543596189735
8909,9652.894209322214,-4126.7543596189735
8910,9652.894209322214,-5004.837285858293
8911,9652.894209322214,-5004.837285858293
8912,1869.592308383013,-3703.291560155456
8913,1869.592308383013,-3703.291560155456
8914,-6500.627783331005,-6928.385904821829
8915,-6500.627783331005,-6928.385904821829
8916,-9652.894209322214,-11207.520353370137
8917,-9652.894209322214,-11207.520353370137
8918,-9652.894209322214,-10057.741578448193
8919,-9652.894209322214,-10057.741578448193
8920,-2496.5878184114463,-6161.965273469859
8921,-2496.5878184114463,-6161.965273469859
8922,2245.945655195984,-5775.964355675469
8923,2245.945655195984,-5775.964355675469
8924,9652.894209322214,-6240.70860672364
8925,9652.894209322214,-6240.70860672364
8926,9652.894209322214,-1854.1702211023821
8927,9652.894209322214,-1854.1702211023821
8928,8721.331523643668,-2790.117829625755
8929,8721.331523643668,-2790.117829625755
8930,6749.0363547936995,-2722.3399873720173
8931,6749.0363547936995,-2722.3399873720173
8932,4587.9864907729225,-2839.4343626883838
8933,4587.9864907729225,-2839.4343626883838
8934,9652.894209322214,-2904.1773457131276
8935,9652.894209322214,-2904.1773457131276
8936,9652.894209322214,-3939.861741271472
8937,9652.894209322214,-3939.861741271472
8938,-7264.727069619861,-2656.409198450312
8939,-7264.727069619861,-2656.409198450312
8940,-9652.894209322214,-2484.580204414895
8941,-9652.894209322214,-2484.580204414895
8942,-2238.2555252753064,-3847.0751397455424
8943,-2238.2555252753064,-3847.0751397455424
8944,-2743.347470736935,-3264.5850053672402
8945,-2743.347470736935,-3264.5850053672402
8946,9652.894209322214,-5554.711775077232
8947,9652.894209322214,-5554.711775077232
8948,9652.894209322214,-2610.805598884195
8949,9652.894209322214,-2610.805598884195
8950,9652.894209322214,-1354.5518904152395
8951,9652.894209322214,-1354.5518904152395
8952,9652.894209322214,-632.3188667225713
8953,9652.894209322214,-632.3188667225713
8954,9652.894209322214,-847.748706420527
8955,9652.894209322214,-847.748706420527
8956,9652.894209322214,-2556.1843903346453
8957,9652.894209322214,-2556.1843903346453
8958,9652.894209322214,-3965.6329920610206
8959,9652.894209322214,-3965.6329920610206
8960,9652.894209322214,-3535.380785385887
8961,9652.894209322214,-3535.380785385887
8962,-4511.794323855705,-949.0797930227145
8963,-4511.794323855705,-949.0797930227145
8964,-9652.894209322214,-1.1601652305198513
8965,-9652.894209322214,-1.1601652305198513
8966,-9652.894209322214,-612.5391979886899
8967,-9652.894209322214,-612.5391979886899
8968,-8169.471942604367,-87.75294410221795
8969,-8169.471942604367,-87.75294410221795
8970,9652.894209322214,-781.1865522343141
8971,9652.894209322214,-781.1865522343141
8972,9652.894209322214,-2195.480804379098
8973,9652.894209322214,-2195.480804379098
8974,9652.894209322214,-1815.8254108628134
8975,9652.894209322214,-1815.8254108628134
8976,9652.894209322214,-1631.4101039981542
8977,9652.894209322214,-1631.4101039981542
8978,9652.894209322214,-4259.815965070782
8979,9652.894209322214,-4259.815965070782
8980,9652.894209322214,-3946.3975653124016
8981,9652.894209322214,-3946.3975653124016
8982,9652.894209322214,-2536.4908749531733
8983,9652.894209322214,-2536.4908749531733
8984,1160.5358503313037,237.7789908220784
8985,1160.5358503313037,237.7789908220784
8986,-4944.782377850232,-683.2138759767149
8987,-4944.782377850232,-683.2138759767149
8988,-5488.6768530245245,103.47541537485813
8989,-5488.6768530245245,103.47541537485813
8990,-1365.1556804894353,-444.67204529624723
8991,-1365.1556804894353,-444.67204529624723
8992,1178.2842470716714,-2539.563776402236
8993,1178.2842470716714,-2539.563776402236
8994,9652.894209322214,-2734.9758048555505
8995,9652.894209322214,-2734.9758048555505
8996,9652.894209322214,-1598.7452591456858
8997,9652.894209322214,-1598.7452591456858
8998,9652.894209322214,-2949.781646058318
8999,9652.894209322214,-2949.781646058318
9000,9652.894209322214,-4048.426549118525
9001,9652.894209322214,-4048.426549118525
9002,9652.894209322214,-1153.4660442504228
9003,9652.894209322214,-1153.4660442504228
9004,9652.894209322214,-772.4176146206464
9005,9652.894209322214,-772.4176146206464
9006,9652.894209322214,929.8977062548347
9007,9652.894209322214,929.8977062548347
9008,8725.169818051028,-2013.0608300310396
9009,8725.169818051028,-2013.0608300310396
9010,2296.696153816767,-403.91989929720694
9011,2296.696153816767,-403.91989929720694
9012,-8962.92808951602,235.0885779465134
9013,-8962.92808951602,235.0885779465134
9014,-7279.696297216535,-634.8097064533631
9015,-7279.696297216535,-634.8097064533631
9016,4822.914830761671,-2325.4199652446114
9017,4822.914830761671,-2325.4199652446114
9018,9652.894209322214,-2569.685319973698
9019,9652.894209322214,-2569.685319973698
9020,9652.894209322214,-4202.121940715226
9021,9652.894209322214,-4202.121940715226
9022,9652.894209322214,-1953.093558375229
9023,9652.894209322214,-1953.093558375229
9024,9652.894209322214,-1668.397750596896
9025,9652.894209322214,-1668.397750596896
9026,9652.894209322214,-1594.8582218194642
9027,9652.894209322214,-1594.8582218194642
9028,9652.894209322214,-4145.024284219109
9029,9652.894209322214,-4145.024284219109
9030,9652.894209322214,-3664.4363129051126
9031,9652.894209322214,-3664.4363129051126
9032,5235.472580187503,-3671.8260763062426
9033,5235.472580187503,-3671.8260763062426
9034,3924.6941528088246,-2522.5401927119674
9035,3924.6941528088246,-2522.5401927119674
9036,-8479.891728726194,-2416.7192795158608
9037,-8479.891728726194,-2416.7192795158608
9038,-5489.643000603468,-3877.357151874585
9039,-5489.643000603468,-3877.357151874585
9040,3452.4795140731294,-5828.345852283292
9041,3452.4795140731294,-5828.345852283292
9042,9652.894209322214,-4777.970580950154
9043,9652.894209322214,-4777.970580950154
9044,9652.894209322214,-2897.9605451596526
9045,9652.894209322214,-2897.9605451596526
9046,9652.894209322214,-2353.3090501711795
9047,9652.894209322214,-2353.3090501711795
9048,9652.894209322214,-4784.402580746366
9049,9652.894209322214,-4784.402580746366
9050,9652.894209322214,-4599.053113613632
9051,9652.894209322214,-4599.053113613632
9052,9652.894209322214,-1570.4814039892226
9053,9652.894209322214,-1570.4814039892226
9054,9652.894209322214,-4192.819582755785
9055,9652.894209322214,-4192.819582755785
9056,5040.018493745098,-4811.642299925128
9057,5040.018493745098,-4811.642299925128
9058,-3658.4409496874177,-2811.5817301100033
9059,-3658.4409496874177,-2811.5817301100033
9060,-9652.894209322214,-2435.5152660556923
9061,-9652.894209322214,-2435.5152660556923
9062,-9652.894209322214,-3502.674013848793
9063,-9652.894209322214,-3502.674013848793
9064,-3628.571346846569,-2579.7207314363477
9065,-3628.571346846569,-2579.7207314363477
9066,6641.22995949803,-4845.416503882248
9067,6641.22995949803,-4845.416503882248
9068,2729.115367951121,-3388.8109942627652
9069,2729.115367951121,-3388.8109942627652
9070,9652.894209322214,-2981.6019775037166
9071,9652.894209322214,-2981.6019775037166
9072,2782.3064857770987,-1726.7764430362386
9073,2782.3064857770987,-1726.7764430362386
9074,1394.863386993533,-1406.3747758909976
9075,1394.863386993533,-1406.3747758909976
9076,1356.8875956683805,-1445.638888045236
9077,1356.8875956683805,-1445.638888045236
9078,-9652.894209322214,-1296.2838785644508
9079,-9652.894209322214,-1296.2838785644508
9080,-8856.088985298491,-2131.849368640058
9081,-8856.088985298491,-2131.849368640058
9082,-9652.894209322214,-3380.1032474800413
9083,-9652.894209322214,-3380.1032474800413
9084,-9652.894209322214,-2454.8275589163823
9085,-9652.894209322214,-2454.8275589163823
9086,-9652.894209322214,-2771.36795124518
9087,-9652.894209322214,-2771.36795124518
9088,-9652.894209322214,-2383.2232792186624
9089,-9652.894209322214,-2383.2232792186624
9090,648.561890236022,-4330.768295629614
9091,648.561890236022,-4330.768295629614
9092,-2246.015645744181,-5931.592818084722
9093,-2246.015645744181,-5931.592818084722
9094,1051.9258961174964,-5276.863243013058
9095,1051.9258961174964,-5276.863243013058
9096,9010.387871540926,-3051.988687056395
9097,9010.387871540926,-3051.988687056395
9098,9652.894209322214,-4589.194321877827
9099,9652.894209322214,-4589.194321877827
9100,1739.8026574750947,-4557.8531966139235
9101,1739.8026574750947,-4557.8531966139235
9102,-4466.028772336929,-4216.355484149377
9103,-4466.028772336929,-4216.355484149377
9104,-6736.6984963643445,-2056.3979757063535
9105,-6736.6984963643445,-2056.3979757063535
9106,-9652.894209322214,-3089.577183074309
9107,-9652.894209322214,-3089.577183074309
9108,-9652.894209322214,-2172.993662088551
9109,-9652.894209322214,-2172.993662088551
9110,-9652.894209322214,44.41543446262585
9111,-9652.894209322214,44.41543446262585
9112,504.683294449369,-2177.386876017308
9113,504.683294449369,-2177.386876017308
9114,9652.894209322214,-4584.712020294743
9115,9652.894209322214,-4584.712020294743
9116,7448.571338444999,-5480.373336801584
9117,7448.571338444999,-5480.373336801584
9118,6552.308632007887,-5054.72923954432
9119,6552.308632007887,-5054.72923954432
9120,9652.894209322214,-4538.825176097289
9121,9652.894209322214,-4538.825176097289
9122,9652.894209322214,-4306.5115771780165
9123,9652.894209322214,-4306.5115771780165
9124,4389.921120265066,-4049.7465676215143
9125,4389.921120265066,-4049.7465676215143
9126,9652.894209322214,-4311.95469938178
9127,9652.894209322214,-4311.95469938178
9128,5116.0925141075995,-2900.663954542959
9129,5116.0925141075995,-2900.663954542959
9130,8772.817230243822,-4164.283954301649
9131,8772.817230243822,-4164.283954301649
9132,1128.6169849248072,-4194.747156927455
9133,1128.6169849248072,-4194.747156927455
9134,1672.583550344254,-4459.629968923104
9135,1672.583550344254,-4459.629968923104
9136,2008.1937154946318,-3309.1594558990146
9137,2008.1937154946318,-3309.1594558990146
9138,6805.471000017244,-2085.619237925848
9139,6805.471000017244,-2085.619237925848
9140,-3486.826545951768,-1257.8394440786378
9141,-3486.826545951768,-1257.8394440786378
9142,-759.6572300434818,-813.3480332273084
9143,-759.6572300434818,-813.3480332273084
9144,-2.8825693963226513,-4842.27735208802
9145,-2.8825693963226513,-4842.27735208802
9146,3214.093522365756,-5009.97386682893
9147,3214.093522365756,-5009.97386682893
9148,8692.08998880626,-4972.573864623626
9149,8692.08998880626,-4972.573864623626
9150,9652.894209322214,-3234.7664292030913
9151,9652.894209322214,-3234.7664292030913
9152,9652.894209322214,-3998.137786902271
9153,9652.894209322214,-3998.137786902271
9154,-2865.613093173597,-2811.779912051539
9155,-2865.613093173597,-2811.779912051539
9156,-8144.120956116429,-1698.987635270616
9157,-8144.120956116429,-1698.987635270616
9158,-3413.6798735785414,-2882.3548228119616
9159,-3413.6798735785414,-2882.3548228119616
9160,-8018.618311308124,-1696.2508527948103
9161,-8018.618311308124,-1696.2508527948103
9162,9357.057883200463,315.7627060089944
9163,9357.057883200463,315.7627060089944
9164,-935.3251790884005,-5647.800617430803
9165,-935.3251790884005,-5647.800617430803
9166,-1584.0684335278747,-2416.535487973868
9167,-1584.0684335278747,-2416.535487973868
9168,9172.723752278078,-476.06236291798814
9169,9172.723752278078,-476.06236291798814
9170,9652.894209322214,-1646.861358232174
9171,9652.894209322214,-1646.861358232174
9172,9652.894209322214,-30.265744556705613
9173,9652.894209322214,-30.265744556705613
9174,9652.894209322214,-2543.540721868516
9175,9652.894209322214,-2543.540721868516
9176,9652.894209322214,-2996.6446372480787
9177,9652.894209322214,-2996.6446372480787
9178,3278.0947229675367,-1205.2163486591562
9179,3278.0947229675367,-1205.2163486591562
9180,-5959.609340912699,-82.90618626388641
9181,-5959.609340912699,-82.90618626388641
9182,-2428.048098127818,-391.35502760858617
9183,-2428.048098127818,-391.35502760858617
9184,9652.894209322214,-2981.014083789809
9185,9652.894209322214,-2981.014083789809
9186,9652.894209322214,-173.09416217826583
9187,9652.894209322214,-173.09416217826583
9188,9652.894209322214,-535.4026467550539
9189,9652.894209322214,-535.4026467550539
9190,9652.894209322214,-4678.042636284683
9191,9652.894209322214,-4678.042636284683
9192,9652.894209322214,-4596.9009161222
9193,9652.894209322214,-4596.9009161222
9194,9652.894209322214,-3963.0675773604926
9195,9652.894209322214,-3963.0675773604926
9196,9652.894209322214,-1730.8761457397904
9197,9652.894209322214,-1730.8761457397904
9198,9652.894209322214,-3756.1955871079917
9199,9652.894209322214,-3756.1955871079917
9200,5058.423874097069,-1769.9705563746993
9201,5058.423874097069,-1769.9705563746993
9202,2502.764425698373,-3315.2996450719747
9203,2502.764425698373,-3315.2996450719747
9204,-1721.288198929411,-2737.9045511604036
9205,-1721.288198929411,-2737.9045511604036
9206,-1674.8315418409748,-1424.4726733245134
9207,-1674.8315418409748,-1424.4726733245134
9208,1239.0213151364005,-1307.2209454468011
9209,1239.0213151364005,-1307.2209454468011
9210,668.5703845753724,-3426.469068273307
9211,668.5703845753724,-3426.469068273307
9212,8727.862225446019,-2421.651395140276
9213,8727.862225446019,-2421.651395140276
9214,6435.098304617979,-3891.747278328532
9215,6435.098304617979,-3891.747278328532
9216,7590.414598109692,-5262.981554588048
9217,7590.414598109692,-5262.981554588048
9218,9652.894209322214,-5097.476089878024
9219,9652.894209322214,-5097.476089878024
9220,6996.755954769502,-2043.7709903322284
9221,6996.755954769502,-2043.7709903322284
9222,9652.894209322214,-3685.474729684298
9223,9652.894209322214,-3685.474729684298
9224,9652.894209322214,-4438.5158563421755
9225,9652.894209322214,-4438.5158563421755
9226,3181.648184541853,-2198.8373317421265
9227,3181.648184541853,-2198.8373317421265
9228,-9652.894209322214,-926.939591368513
9229,-9652.894209322214,-926.939591368513
9230,-9652.894209322214,-1348.2002741690103
9231,-9652.894209322214,-1348.2002741690103
9232,-9652.894209322214,-363.6656782094651
9233,-9652.894209322214,-363.6656782094651
9234,-4087.4390968535117,-3701.244871807072
9235,-4087.4390968535117,-3701.244871807072
9236,-608.76831605595,-2614.580520706839
9237,-608.76831605595,-2614.580520706839
9238,7358.919034417868,-4892.3178744831475
9239,7358.919034417868,-4892.3178744831475
9240,9624.183193254015,-1658.9146967361266
9241,9624.183193254015,-1658.9146967361266
9242,5947.0551612987465,-1465.0897761267915
9243,5947.0551612987465,-1465.0897761267915
9244,1221.0878067699869,408.25341953849966
9245,1221.0878067699869,408.25341953849966
9246,-3617.3596969899445,1413.8651438288343
9247,-3617.3596969899445,1413.8651438288343
9248,-9464.799075412418,-522.7367836207322
9249,-9464.799075412418,-522.7367836207322
9250,-9555.54617091109,-2013.456913841108
9251,-9555.54617091109,-2013.456913841108
9252,-9652.894209322214,-1335.0128595252245
9253,-9652.894209322214,-1335.0128595252245
9254,-9652.894209322214,-2032.0035152150722
9255,-9652.894209322214,-2032.0035152150722
9256,-2642.4978087931704,-4487.266428410443
9257,-2642.4978087931704,-4487.266428410443
9258,2724.896907467348,-4512.340331317317
9259,2724.896907467348,-4512.340331317317
9260,7702.225108188291,-4489.489050376165
9261,7702.225108188291,-4489.489050376165
9262,8329.08460453069,-4715.716688199505
9263,8329.08460453069,-4715.716688199505
9264,8882.884714576252,-4192.251412687747
9265,8882.884714576252,-4192.251412687747
9266,9652.894209322214,-2422.8318399946256
9267,9652.894209322214,-2422.8318399946256
9268,5432.942734745531,-1168.7565067760606
9269,5432.942734745531,-1168.7565067760606
9270,-688.113059584437,-530.7085338563356
9271,-688.113059584437,-530.7085338563356
9272,-445.98258677287595,-407.27116521758944
9273,-445.98258677287595,-407.27116521758944
9274,-9652.894209322214,1180.8790823513955
9275,-9652.894209322214,1180.8790823513955
9276,-9652.894209322214,2048.504451977673
9277,-9652.894209322214,2048.504451977673
9278,-9652.894209322214,1667.062930228025
9279,-9652.894209322214,1667.062930228025
9280,-9106.67826721767,4642.168545039864
9281,-9106.67826721767,4642.168545039864
9282,-2399.6787497525365,-590.708437664387
9283,-2399.6787497525365,-590.708437664387
9284,3521.1762699206283,-2401.7621089402146
9285,3521.1762699206283,-2401.7621089402146
9286,4043.78407142399,-2367.3004631135427
9287,4043.78407142399,-2367.3004631135427
9288,7746.912094554343,-2406.001748865934
9289,7746.912094554343,-2406.001748865934
9290,7329.808275785366,-4941.450246239596
9291,7329.808275785366,-4941.450246239596
9292,6871.099375468876,-5018.968451277329
9293,6871.099375468876,-5018.968451277329
9294,9577.550733920074,-3642.677524383327
9295,9577.550733920074,-3642.677524383327
9296,6435.444970276796,-1579.222848550151
9297,6435.444970276796,-1579.222848550151
9298,-5233.5288488978495,-383.65246637206474
9299,-5233.5288488978495,-383.65246637206474
9300,-9652.894209322214,-4839.272092825022
9301,-9652.894209322214,-4839.272092825022
9302,-9652.894209322214,-4196.981041409206
9303,-9652.894209322214,-4196.981041409206
9304,1626.6276593239218,-4082.0471069214345
9305,1626.6276593239218,-4082.0471069214345
9306,9652.894209322214,-3520.3006461851055
9307,9652.894209322214,-3520.3006461851055
9308,9652.894209322214,-4972.5103504592735
9309,9652.894209322214,-4972.5103504592735
9310,9652.894209322214,-2202.539990739848
9311,9652.894209322214,-2202.539990739848
9312,9652.894209322214,-3768.050677515397
9313,9652.894209322214,-3768.050677515397
9314,9652.894209322214,-3636.238268524001
9315,9652.894209322214,-3636.238268524001
9316,9652.894209322214,-3210.3357620616425
9317,9652.894209322214,-3210.3357620616425
9318,9652.894209322214,-1607.247128252422
9319,9652.894209322214,-1607.247128252422
9320,3603.8238060683034,-1861.4234273371003
9321,3603.8238060683034,-1861.4234273371003
9322,-3245.1153042289334,-470.05180581861714
9323,-3245.1153042289334,-470.05180581861714
9324,-9094.318647215274,-80.93616760934128
9325,-9094.318647215274,-80.93616760934128
9326,-4497.724129117492,-1304.40771988897
9327,-4497.724129117492,-1304.40771988897
9328,4427.133101271816,-3930.0327783454213
9329,4427.133101271816,-3930.0327783454213
9330,9652.894209322214,-2190.2016230227237
9331,9652.894209322214,-2190.2016230227237
9332,9652.894209322214,-1282.2531377580435
9333,9652.894209322214,-1282.2531377580435
9334,9652.894209322214,-903.3734254435549
9335,9652.894209322214,-903.3734254435549
9336,9652.894209322214,-424.1704612714839
9337,9652.894209322214,-424.1704612714839
9338,9652.894209322214,-2983.374145955555
9339,9652.894209322214,-2983.374145955555
9340,9652.894209322214,-133.98549605152584
9341,9652.894209322214,-133.98549605152584
9342,9652.894209322214,-1560.4110750375821
9343,9652.894209322214,-1560.4110750375821
9344,9652.894209322214,-1132.6252074203767
9345,9652.894209322214,-1132.6252074203767
9346,9652.894209322214,-10023.812636570368
9347,9652.894209322214,-10023.812636570368
9348,9652.894209322214,-9909.123213849569
9349,9652.894209322214,-9909.123213849569
9350,-9652.894209322214,-505.61389992365184
9351,-9652.894209322214,-505.61389992365184
9352,4336.719260792953,-1124.633743164066
9353,4336.719260792953,-1124.633743164066
9354,9652.894209322214,-2525.8719605582264
9355,9652.894209322214,-2525.8719605582264
9356,9652.894209322214,-1425.8087402082874
9357,9652.894209322214,-1425.8087402082874
9358,9652.894209322214,-4070.612804272214
9359,9652.894209322214,-4070.612804272214
9360,9652.894209322214,-733.3849816179409
9361,9652.894209322214,-733.3849816179409
9362,9652.894209322214,-1767.5561987795354
9363,9652.894209322214,-1767.5561987795354
9364,9652.894209322214,-3331.926351447877
9365,9652.894209322214,-3331.926351447877
9366,9652.894209322214,-2748.951503732971
9367,9652.894209322214,-2748.951503732971
9368,9652.894209322214,-2329.2280655469076
9369,9652.894209322214,-2329.2280655469076
9370,220.51054930767896,-1219.2729838048872
9371,220.51054930767896,-1219.2729838048872
9372,-9652.894209322214,-463.6070360612521
9373,-9652.894209322214,-463.6070360612521
9374,-9652.894209322214,-1074.0928094532865
9375,-9652.894209322214,-1074.0928094532865
9376,8548.930727294473,-3155.629702196491
9377,8548.930727294473,-3155.629702196491
9378,9652.894209322214,-3451.3645738278065
9379,9652.894209322214,-3451.3645738278065
9380,9652.894209322214,-4750.922602683493
9381,9652.894209322214,-4750.922602683493
9382,9652.894209322214,-1201.9709890470585
9383,9652.894209322214,-1201.9709890470585
9384,9652.894209322214,-1445.39452546732
9385,9652.894209322214,-1445.39452546732
9386,9652.894209322214,-3437.0668521231837
9387,9652.894209322214,-3437.0668521231837
9388,9652.894209322214,-3308.1752880262957
9389,9652.894209322214,-3308.1752880262957
9390,9652.894209322214,-2501.8585573610217
9391,9652.894209322214,-2501.8585573610217
9392,9652.894209322214,-3176.2869237092127
9393,9652.894209322214,-3176.2869237092127
9394,-1975.8209385498558,-1679.0848575002165
9395,-1975.8209385498558,-1679.0848575002165
9396,-9652.894209322214,-703.2354891982486
9397,-9652.894209322214,-703.2354891982486
9398,-9652.894209322214,-2633.280098169631
9399,-9652.894209322214,-2633.280098169631
9400,-5836.14502910543,-1005.8026673080003
9401,-5836.14502910543,-1005.8026673080003
9402,4628.577808992675,-3166.917677247413
9403,4628.577808992675,-3166.917677247413
9404,8907.28038355957,-5283.922348806793
9405,8907.28038355957,-5283.922348806793
9406,9652.894209322214,-2062.9808757605624
9407,9652.894209322214,-2062.9808757605624
9408,9652.894209322214,-3738.2544092413264
9409,9652.894209322214,-3738.2544092413264
9410,9652.894209322214,-4408.976419886645
9411,9652.894209322214,-4408.976419886645
9412,9652.894209322214,-4226.4093747476345
9413,9652.894209322214,-4226.4093747476345
9414,9652.894209322214,-3474.587088654882
9415,9652.894209322214,-3474.587088654882
9416,9652.894209322214,-3962.1305791546274
9417,9652.894209322214,-3962.1305791546274
9418,-9652.894209322214,-1639.6708797089595
9419,-9652.894209322214,-1639.6708797089595
9420,-9652.894209322214,-7215.787616421336
9421,-9652.894209322214,-7215.787616421336
9422,-9652.894209322214,-8910.449242441657
9423,-9652.894209322214,-8910.449242441657
9424,-9652.894209322214,-3489.659220719881
9425,-9652.894209322214,-3489.659220719881
9426,2032.7512333972463,-4421.699617420172
9427,2032.7512333972463,-4421.699617420172
9428,9652.894209322214,-6517.644303775411
9429,9652.894209322214,-6517.644303775411
9430,9652.894209322214,-1815.3076683862182
9431,9652.894209322214,-1815.3076683862182
9432,9652.894209322214,-4649.663237212781
9433,9652.894209322214,-4649.663237212781
9434,9652.894209322214,-5735.191778850221
9435,9652.894209322214,-5735.191778850221
9436,8689.214373252744,-5713.6345198457
9437,8689.214373252744,-5713.6345198457
9438,7479.439386926322,-4842.766883246366
9439,7479.439386926322,-4842.766883246366
9440,7887.388494292851,-5434.1286823926
9441,7887.388494292851,-5434.1286823926
9442,995.2163435974671,-3352.5825916664744
9443,995.2163435974671,-3352.5825916664744
9444,-9652.894209322214,-2836.890045908207
9445,-9652.894209322214,-2836.890045908207
9446,-9341.044055063227,-4324.6833456569875
9447,-9341.044055063227,-4324.6833456569875
9448,-6424.95179518855,-3894.9867190173045
9449,-6424.95179518855,-3894.9867190173045
9450,9652.894209322214,-6354.801635661401
9451,9652.894209322214,-6354.801635661401
9452,9652.894209322214,-6785.973416888992
9453,9652.894209322214,-6785.973416888992
9454,9652.894209322214,-6308.784299036457
9455,9652.894209322214,-6308.784299036457
9456,9652.894209322214,-2874.194238051574
9457,9652.894209322214,-2874.194238051574
9458,9652.894209322214,-5412.62968982804
9459,9652.894209322214,-5412.62968982804
9460,9652.894209322214,-4624.955944863521
9461,9652.894209322214,-4624.955944863521
9462,9652.894209322214,-5132.6578631543125
9463,9652.894209322214,-5132.6578631543125
9464,1138.4441845807778,-2840.3716260218753
9465,1138.4441845807778,-2840.3716260218753
9466,-146.70509006323664,-3620.935744173372
9467,-146.70509006323664,-3620.935744173372
9468,-8847.45775698655,-2806.3669976087604
9469,-8847.45775698655,-2806.3669976087604
9470,-9652.894209322214,-820.3616707697583
9471,-9652.894209322214,-820.3616707697583
9472,-3326.821411802015,-2697.146331008553
9473,-3326.821411802015,-2697.146331008553
9474,9652.894209322214,-4868.608033405973
9475,9652.894209322214,-4868.608033405973
9476,9652.894209322214,-5513.748418400295
9477,9652.894209322214,-5513.748418400295
9478,9652.894209322214,-5213.430274991189
9479,9652.894209322214,-5213.430274991189
9480,9652.894209322214,-1169.8138786413274
9481,9652.894209322214,-1169.8138786413274
9482,9652.894209322214,-1915.9905763476072
9483,9652.894209322214,-1915.9905763476072
9484,9652.894209322214,-3473.7541316294682
9485,9652.894209322214,-3473.7541316294682
9486,9652.894209322214,-2344.4590232083337
9487,9652.894209322214,-2344.4590232083337
9488,-861.2552422399476,-681.6028700599982
9489,-861.2552422399476,-681.6028700599982
9490,-2733.9740678660546,-1891.8962565913716
9491,-2733.9740678660546,-1891.8962565913716
9492,-9106.234469572853,-1371.7448760182142
9493,-9106.234469572853,-1371.7448760182142
9494,-5100.7156426335205,-845.6782694425638
9495,-5100.7156426335205,-845.6782694425638
9496,-83.33736908858918,-2385.7898463742986
9497,-83.33736908858918,-2385.7898463742986
9498,9652.894209322214,-358.5630422586237
9499,9652.894209322214,-358.5630422586237
9500,9652.894209322214,-2769.118711424717
9501,9652.894209322214,-2769.118711424717
9502,9652.894209322214,-2061.811064033951
9503,9652.894209322214,-2061.811064033951
9504,9652.894209322214,-4710.258104719818
9505,9652.894209322214,-4710.258104719818
9506,9652.894209322214,-4017.9685114981567
9507,9652.894209322214,-4017.9685114981567
9508,9652.894209322214,-3915.6248362523893
9509,9652.894209322214,-3915.6248362523893
9510,9652.894209322214,-2795.5164508991456
9511,9652.894209322214,-2795.5164508991456
9512,7486.0709447659065,-2172.8403093747766
9513,7486.0709447659065,-2172.8403093747766
9514,-4341.730781192764,390.18713069007754
9515,-4341.730781192764,390.18713069007754
9516,-9652.894209322214,-3234.430049817189
9517,-9652.894209322214,-3234.430049817189
9518,-9652.894209322214,266.3991208825755
9519,-9652.894209322214,266.3991208825755
9520,2863.976436031604,-3001.7372611933606
9521,2863.976436031604,-3001.7372611933606
9522,9652.894209322214,-275.41090959586836
9523,9652.894209322214,-275.41090959586836
9524,9652.894209322214,-1605.0213466123896
9525,9652.894209322214,-1605.0213466123896
9526,9652.894209322214,-2232.3463014287063
9527,9652.894209322214,-2232.3463014287063
9528,9652.894209322214,-4632.044162771761
9529,9652.894209322214,-4632.044162771761
9530,9652.894209322214,-4577.579715255475
9531,9652.894209322214,-4577.579715255475
9532,9652.894209322214,-1619.9443660467387
9533,9652.894209322214,-1619.9443660467387
9534,9652.894209322214,-1223.621713495988
9535,9652.894209322214,-1223.621713495988
9536,3517.822834482494,-2209.585090859802
9537,3517.822834482494,-2209.585090859802
9538,3038.7485830034375,-2338.1168853032377
9539,3038.7485830034375,-2338.1168853032377
9540,-9652.894209322214,-953.7397428474087
9541,-9652.894209322214,-953.7397428474087
9542,-9652.894209322214,-1317.14803078757
9543,-9652.894209322214,-1317.14803078757
9544,-99.93793425199692,-3389.460466041932
9545,-99.93793425199692,-3389.460466041932
9546,9652.894209322214,-354.8251735959893
9547,9652.894209322214,-354.8251735959893
9548,9652.894209322214,-4980.471880799911
9549,9652.894209322214,-4980.471880799911
9550,9652.894209322214,-382.50598888358945
9551,9652.894209322214,-382.50598888358945
9552,9652.894209322214,-1509.1529661144596
9553,9652.894209322214,-1509.1529661144596
9554,9652.894209322214,-4153.2997588981925
9555,9652.894209322214,-4153.2997588981925
9556,9652.894209322214,-1502.0371421094023
9557,9652.894209322214,-1502.0371421094023
9558,9652.894209322214,-3472.142117483603
9559,9652.894209322214,-3472.142117483603
9560,-2710.7220283495117,-1185.6469896736107
9561,-2710.7220283495117,-1185.6469896736107
9562,-5931.166075703777,-2067.509236010197
9563,-5931.166075703777,-2067.509236010197
9564,-9652.894209322214,-1739.485918932458
9565,-9652.894209322214,-1739.485918932458
9566,-8633.594458386127,-2712.069740014127
9567,-8633.594458386127,-2712.069740014127
9568,-6278.966918455655,-1831.0408110255576
9569,-6278.966918455655,-1831.0408110255576
9570,62.126514242379926,-806.7820309329963
9571,62.126514242379926,-806.7820309329963
9572,-1817.6228449977534,-775.9740792198882
9573,-1817.6228449977534,-775.9740792198882
9574,8479.34071135653,-719.614161431793
9575,8479.34071135653,-719.614161431793
9576,-5696.355932367122,-267.5333373152898
9577,-5696.355932367122,-267.5333373152898
9578,191.86585288073184,-4640.72274270603
9579,191.86585288073184,-4640.72274270603
9580,2142.505071096268,-4430.562824790117
9581,2142.505071096268,-4430.562824790117
9582,1444.9686597208165,820.235921032483
9583,1444.9686597208165,820.235921032483
9584,-9652.894209322214,-2070.0779044677674
9585,-9652.894209322214,-2070.0779044677674
9586,-9652.894209322214,-1886.078059753865
9587,-9652.894209322214,-1886.078059753865
9588,-9652.894209322214,-11397.208729230508
9589,-9652.894209322214,-11397.208729230508
9590,-9652.894209322214,-8744.319724069694
9591,-9652.894209322214,-8744.319724069694
9592,-6046.093891699082,-4585.492759923392
9593,-6046.093891699082,-4585.492759923392
9594,4989.344064323985,-4329.5597578064335
9595,4989.344064323985,-4329.5597578064335
9596,8694.488929806213,-5022.2609466639515
9597,8694.488929806213,-5022.2609466639515
9598,8723.606230766869,-4588.136156905382
9599,8723.606230766869,-4588.136156905382
9600,9652.894209322214,-4474.501314045077
9601,9652.894209322214,-4474.501314045077
9602,9652.894209322214,-4499.37757440657
9603,9652.894209322214,-4499.37757440657
9604,5980.760911044537,-4320.241529612524
9605,5980.760911044537,-4320.241529612524
9606,9021.220510443598,864.9258922744957
9607,9021.220510443598,864.9258922744957
9608,-826.8689741929593,-917.6217322457305
9609,-826.8689741929593,-917.6217322457305
9610,-9652.894209322214,1261.6079611743498
9611,-9652.894209322214,1261.6079611743498
9612,-9652.894209322214,-364.25760662110224
9613,-9652.894209322214,-364.25760662110224
9614,-9652.894209322214,-1025.3470050117685
9615,-9652.894209322214,-1025.3470050117685
9616,-9652.894209322214,-544.1510438401838
9617,-9652.894209322214,-544.1510438401838
9618,-7535.662509592155,-3593.4730599490194
9619,-7535.662509592155,-3593.4730599490194
9620,9227.831814116373,-3178.8742323280003
9621,9227.831814116373,-3178.8742323280003
9622,8178.297361575215,-1123.9855522485905
9623,8178.297361575215,-1123.9855522485905
9624,7154.9717210015915,866.22239175102
9625,7154.9717210015915,866.22239175102
9626,2543.4115212793076,-1509.8056171048156
9627,2543.4115212793076,-1509.8056171048156
9628,241.21223619539342,-649.1174171412113
9629,241.21223619539342,-649.1174171412113
9630,-9273.998163468066,-2170.645739041305
9631,-9273.998163468066,-2170.645739041305
9632,-6837.043396494497,441.67869641657126
9633,-6837.043396494497,441.67869641657126
9634,-9652.894209322214,1866.9939151999552
9635,-9652.894209322214,1866.9939151999552
9636,-9652.894209322214,-13.411293336183007
9637,-9652.894209322214,-13.411293336183007
9638,-9652.894209322214,-1570.0004646592624
9639,-9652.894209322214,-1570.0004646592624
9640,-9652.894209322214,-1417.0163128905333
9641,-9652.894209322214,-1417.0163128905333
9642,-2125.5823408155666,-2886.197787702122
9643,-2125.5823408155666,-2886.197787702122
9644,-9652.894209322214,-3327.086356895961
9645,-9652.894209322214,-3327.086356895961
9646,-7521.983681222067,66.14117480394452
9647,-7521.983681222067,66.14117480394452
9648,-370.3203919533371,-2309.0922487438384
9649,-370.3203919533371,-2309.0922487438384
9650,5285.888722103632,-1683.5859640210092
9651,5285.888722103632,-1683.5859640210092
9652,1673.769262632998,-1091.1339557027313
9653,1673.769262632998,-1091.1339557027313
9654,-3980.507984667318,183.9305560187804
9655,-3980.507984667318,183.9305560187804
9656,-3908.142305497002,2523.4387313294083
9657,-3908.142305497002,2523.4387313294083
9658,-9652.894209322214,3446.3929389100576
9659,-9652.894209322214,3446.3929389100576
9660,-9652.894209322214,-8.98987935484729
9661,-9652.894209322214,-8.98987935484729
9662,-9652.894209322214,906.2575176514183
9663,-9652.894209322214,906.2575176514183
9664,-6396.030857596286,-1392.4791735162053
9665,-6396.030857596286,-1392.4791735162053
9666,8560.70923887819,-4077.131920410422
9667,8560.70923887819,-4077.131920410422
9668,1058.0745518010917,-3717.8886119994295
9669,1058.0745518010917,-3717.8886119994295
9670,8077.4024974298645,413.9468814665379
9671,8077.4024974298645,413.9468814665379
9672,7954.239256316054,-1644.8967632800104
9673,7954.239256316054,-1644.8967632800104
9674,7799.428226846823,-1618.8852210103014
9675,7799.428226846823,-1618.8852210103014
9676,5856.362506564683,-1862.7327902775414
9677,5856.362506564683,-1862.7327902775414
9678,5526.781285793101,-901.4540995313182
9679,5526.781285793101,-901.4540995313182
9680,-3275.681930373261,871.3241442452563
9681,-3275.681930373261,871.3241442452563
9682,-9652.894209322214,651.5992392086337
9683,-9652.894209322214,651.5992392086337
9684,-9652.894209322214,-1156.6989964236745
9685,-9652.894209322214,-1156.6989964236745
9686,-9652.894209322214,-2202.4397943954827
9687,-9652.894209322214,-2202.4397943954827
9688,-6750.541988559598,-2176.0221731908223
9689,-6750.541988559598,-2176.0221731908223
9690,2805.661617685855,-4785.081589902382
9691,2805.661617685855,-4785.081589902382
9692,5365.57975331325,-5577.735144475744
9693,5365.57975331325,-5577.735144475744
9694,1160.3346492409364,-5165.9013016144945
9695,1160.3346492409364,-5165.9013016144945
9696,784.6511625872408,-4532.194788622333
9697,784.6511625872408,-4532.194788622333
9698,9652.894209322214,-1617.0645098013556
9699,9652.894209322214,-1617.0645098013556
9700,2877.5759962786005,-1566.1436473282774
9701,2877.5759962786005,-1566.1436473282774
9702,-6636.37983780094,-2236.159593456063
9703,-6636.37983780094,-2236.159593456063
9704,-4152.896602397408,-1000.1986286045903
9705,-4152.896602397408,-1000.1986286045903
9706,-9652.894209322214,786.5428944525611
9707,-9652.894209322214,786.5428944525611
9708,-9652.894209322214,-1380.4245683179997
9709,-9652.894209322214,-1380.4245683179997
9710,-9652.894209322214,-2433.059604805261
9711,-9652.894209322214,-2433.059604805261
9712,-8665.60183803532,-1173.0327937675283
9713,-8665.60183803532,-1173.0327937675283
9714,9652.894209322214,-3760.2853969507178
9715,9652.894209322214,-3760.2853969507178
9716,1453.5052973204165,-2385.128299239708
9717,1453.5052973204165,-2385.128299239708
9718,8130.816030814793,-5223.262479850402
9719,8130.816030814793,-5223.262479850402
9720,9652.894209322214,-4953.830529338304
9721,9652.894209322214,-4953.830529338304
9722,9652.894209322214,-4707.141142224938
9723,9652.894209322214,-4707.141142224938
9724,9430.791241570649,-4537.157761884488
9725,9430.791241570649,-4537.157761884488
9726,5918.583353162432,-3662.7951460809363
9727,5918.583353162432,-3662.7951460809363
9728,-5634.95309521548,-1607.696564202388
9729,-5634.95309521548,-1607.696564202388
9730,-9652.894209322214,-1857.133781567356
9731,-9652.894209322214,-1857.133781567356
9732,-9652.894209322214,-6002.179617682459
9733,-9652.894209322214,-6002.179617682459
9734,-9652.894209322214,-4959.1871519084525
9735,-9652.894209322214,-4959.1871519084525
9736,-9652.894209322214,-1582.7896859844186
9737,-9652.894209322214,-1582.7896859844186
9738,7774.297147540399,-4043.273670063958
9739,7774.297147540399,-4043.273670063958
9740,9652.894209322214,-2011.3089054730954
9741,9652.894209322214,-2011.3089054730954
9742,9652.894209322214,-5119.227708999961
9743,9652.894209322214,-5119.227708999961
9744,9652.894209322214,-478.80964422522266
9745,9652.894209322214,-478.80964422522266
9746,9652.894209322214,-4864.8845717695385
9747,9652.894209322214,-4864.8845717695385
9748,9652.894209322214,-4858.273593142492
9749,9652.894209322214,-4858.273593142492
9750,9652.894209322214,-4848.137759463312
9751,9652.894209322214,-4848.137759463312
9752,-6581.521732905359,-2193.4020514618533
9753,-6581.521732905359,-2193.4020514618533
9754,-9652.894209322214,-2388.8321100284247
9755,-9652.894209322214,-2388.8321100284247
9756,-9652.894209322214,-10262.33628703897
9757,-9652.894209322214,-10262.33628703897
9758,-9652.894209322214,-8506.08943985168
9759,-9652.894209322214,-8506.08943985168
9760,-9652.894209322214,-2312.3326389393824
9761,-9652.894209322214,-2312.3326389393824
9762,-2818.1846281654653,-2843.650199697291
9763,-2818.1846281654653,-2843.650199697291
9764,-83.80262958837193,-1887.1247157350645
9765,-83.80262958837193,-1887.1247157350645
9766,-4123.69325032489,-708.2749613840951
9767,-4123.69325032489,-708.2749613840951
9768,3067.329916237639,-2830.754265635969
9769,3067.329916237639,-2830.754265635969
9770,3586.303985874285,-2960.900514032188
9771,3586.303985874285,-2960.900514032188
9772,-986.3359762150812,-3277.744873992795
9773,-986.3359762150812,-3277.744873992795
9774,-6748.663104816609,-1415.4891158180853
9775,-6748.663104816609,-1415.4891158180853
9776,-9652.894209322214,-1601.6455956687587
9777,-9652.894209322214,-1601.6455956687587
9778,-9652.894209322214,-10835.832955035898
9779,-9652.894209322214,-10835.832955035898
9780,-9652.894209322214,-10921.492605792166
9781,-9652.894209322214,-10921.492605792166
9782,-9652.894209322214,-10885.218506119296
9783,-9652.894209322214,-10885.218506119296
9784,-9652.894209322214,-2062.073230995864
9785,-9652.894209322214,-2062.073230995864
9786,2042.1712453016207,-2929.056481100766
9787,2042.1712453016207,-2929.056481100766
9788,4355.8655913469565,-4568.257800249092
9789,4355.8655913469565,-4568.257800249092
9790,9652.894209322214,-3755.271122633896
9791,9652.894209322214,-3755.271122633896
9792,8291.822703994105,-2813.326082753005
9793,8291.822703994105,-2813.326082753005
9794,6554.398234853983,-3004.23169275928
9795,6554.398234853983,-3004.23169275928
9796,5051.619961427382,-2894.8373597527316
9797,5051.619961427382,-2894.8373597527316
9798,3826.889817751575,-1764.5812297526318
9799,3826.889817751575,-1764.5812297526318
9800,9605.347510242613,-2721.117887720131
9801,9605.347510242613,-2721.117887720131
9802,-8879.749043026342,-1195.4092563233862
9803,-8879.749043026342,-1195.4092563233862
9804,-9652.894209322214,-1010.2987817136764
9805,-9652.894209322214,-1010.2987817136764
9806,-7334.689722980354,-3324.178616605712
9807,-7334.689722980354,-3324.178616605712
9808,9652.894209322214,-4936.680441289345
9809,9652.894209322214,-4936.680441289345
9810,9652.894209322214,-3909.485168448491
9811,9652.894209322214,-3909.485168448491
9812,9652.894209322214,-2642.501368678777
9813,9652.894209322214,-2642.501368678777
9814,9652.894209322214,-3323.695220661213
9815,9652.894209322214,-3323.695220661213
9816,9652.894209322214,-3844.282464146354
9817,9652.894209322214,-3844.282464146354
9818,9652.894209322214,-1254.6713867603612
9819,9652.894209322214,-1254.6713867603612
9820,9652.894209322214,-4138.283283050367
9821,9652.894209322214,-4138.283283050367
9822,9652.894209322214,-2604.1465191823263
9823,9652.894209322214,-2604.1465191823263
9824,2595.8907870926787,-1272.3996112984532
9825,2595.8907870926787,-1272.3996112984532
9826,-9652.894209322214,-885.8623710021875
9827,-9652.894209322214,-885.8623710021875
9828,-9652.894209322214,-3051.0314367557075
9829,-9652.894209322214,-3051.0314367557075
9830,-9652.894209322214,42.7119528705789
9831,-9652.894209322214,42.7119528705789
9832,-3148.8840706327064,449.3334255472819
9833,-3148.8840706327064,449.3334255472819
9834,5807.892020900526,-3224.629886058572
9835,5807.892020900526,-3224.629886058572
9836,9323.974526529932,-2370.835300406805
9837,9323.974526529932,-2370.835300406805
9838,6874.395957481662,-2221.6725098676434
9839,6874.395957481662,-2221.6725098676434
9840,9652.894209322214,-1502.9419278269033
9841,9652.894209322214,-1502.9419278269033
9842,9652.894209322214,-1260.2041570989531
9843,9652.894209322214,-1260.2041570989531
9844,9652.894209322214,-4035.7553284108617
9845,9652.894209322214,-4035.7553284108617
9846,9652.894209322214,-2916.024821508927
9847,9652.894209322214,-2916.024821508927
9848,1293.1712894352404,-1268.4147971802504
9849,1293.1712894352404,-1268.4147971802504
9850,-6305.741594354464,253.97029248588115
9851,-6305.741594354464,253.97029248588115
9852,-7015.839815944815,1711.6677215828295
9853,-7015.839815944815,1711.6677215828295
9854,962.4129219022943,2069.112993540579
9855,962.4129219022943,2069.112993540579
9856,2377.8748709958263,364.4430980724883
9857,2377.8748709958263,364.4430980724883
9858,6631.013839791285,-400.82405927943
9859,6631.013839791285,-400.82405927943
9860,9652.894209322214,-3125.4459382972964
9861,9652.894209322214,-3125.4459382972964
9862,9652.894209322214,-2703.1259294896936
9863,9652.894209322214,-2703.1259294896936
9864,9652.894209322214,-3734.578320201852
9865,9652.894209322214,-3734.578320201852
9866,9652.894209322214,-631.8679643341675
9867,9652.894209322214,-631.8679643341675
9868,1925.0792582696304,-3472.0021098098714
9869,1925.0792582696304,-3472.0021098098714
9870,2757.133647099392,103.25793398656424
9871,2757.133647099392,103.25793398656424
9872,-1900.6768689504934,-267.8499099224646
9873,-1900.6768689504934,-267.8499099224646
9874,-9652.894209322214,1801.3418857411016
9875,-9652.894209322214,1801.3418857411016
9876,-9652.894209322214,1810.5711691224624
9877,-9652.894209322214,1810.5711691224624
9878,-9652.894209322214,1296.121990444677
9879,-9652.894209322214,1296.121990444677
9880,-8262.220550719489,1083.6468764800284
9881,-8262.220550719489,1083.6468764800284
9882,-8668.944420486463,-2330.956112894184
9883,-8668.944420486463,-2330.956112894184
9884,-9279.259723309111,-4308.6470200472795
9885,-9279.259723309111,-4308.6470200472795
9886,-62.654385105572146,-3895.864686398025
9887,-62.654385105572146,-3895.864686398025
9888,5922.392991679066,-3389.312928491092
9889,5922.392991679066,-3389.312928491092
9890,492.1466263026705,-2998.962356218699
9891,492.1466263026705,-2998.962356218699
9892,658.0358679149904,-2234.791621593544
9893,658.0358679149904,-2234.791621593544
9894,-1597.0996720175644,-2073.1827296667707
9895,-1597.0996720175644,-2073.1827296667707
9896,-5517.38505974066,-48.41909193190804
9897,-5517.38505974066,-48.41909193190804
9898,-9652.894209322214,859.9992831966993
9899,-9652.894209322214,859.9992831966993
9900,-9652.894209322214,-1354.6980911559276
9901,-9652.894209322214,-1354.6980911559276
9902,-9652.894209322214,-2297.5539121367055
9903,-9652.894209322214,-2297.5539121367055
9904,-9652.894209322214,-1792.7050139205076
9905,-9652.894209322214,-1792.7050139205076
9906,3170.583983394552,-3987.8754434858074
9907,3170.583983394552,-3987.8754434858074
9908,5684.763959098939,-2045.2295784962243
9909,5684.763959098939,-2045.2295784962243
9910,2666.654818339968,-1449.448834330833
9911,2666.654818339968,-1449.448834330833
9912,-1799.7024820520965,-304.0907395250633
9913,-1799.7024820520965,-304.0907395250633
9914,-991.7747695683574,-11.734789288120737
9915,-991.7747695683574,-11.734789288120737
9916,185.685184561602,-3062.7053445760357
9917,185.685184561602,-3062.7053445760357
9918,-1968.097757233245,-2945.824957516261
9919,-1968.097757233245,-2945.824957516261
9920,-7974.813165817475,-1425.6861245030432
9921,-7974.813165817475,-1425.6861245030432
9922,-9652.894209322214,-748.1527534523284
9923,-9652.894209322214,-748.1527534523284
9924,-9652.894209322214,-2050.902646631499
9925,-9652.894209322214,-2050.902646631499
9926,-9652.894209322214,-3364.7779664774225
9927,-9652.894209322214,-3364.7779664774225
9928,-6495.870108789226,-3246.607497274088
9929,-6495.870108789226,-3246.607497274088
9930,-4919.844989014278,-5150.37437775724
9931,-4919.844989014278,-5150.37437775724
9932,5433.345569384986,-5570.253484629546
9933,5433.345569384986,-5570.253484629546
9934,5662.567812599576,-2042.138636030215
9935,5662.567812599576,-2042.138636030215
9936,4203.024225343481,-4324.674064132474
9937,4203.024225343481,-4324.674064132474
9938,5302.596147134744,-4172.830011453701
9939,5302.596147134744,-4172.830011453701
9940,2883.874354988224,-4094.9679336338213
9941,2883.874354988224,-4094.9679336338213
9942,-4006.5528357090498,-3412.575552173248
9943,-4006.5528357090498,-3412.575552173248
9944,-1946.1709082732486,-1532.5061117875357
9945,-1946.1709082732486,-1532.5061117875357
9946,-9652.894209322214,-1714.0389201472844
9947,-9652.894209322214,-1714.0389201472844
9948,-9652.894209322214,-406.09983318488594
9949,-9652.894209322214,-406.09983318488594
9950,-9652.894209322214,-3233.945549546839
9951,-9652.894209322214,-3233.945549546839
9952,-9652.894209322214,-1893.9426497703553
9953,-9652.894209322214,-1893.9426497703553
9954,-8202.242417273941,-495.5180192128737
9955,-8202.242417273941,-495.5180192128737
9956,6312.394892818745,-781.0984132173235
9957,6312.394892818745,-781.0984132173235
9958,653.720070368021,-2240.373078114015
9959,653.720070368021,-2240.373078114015
9960,5886.314141371502,-1944.4630455642728
9961,5886.314141371502,-1944.4630455642728
9962,-2565.0851836110123,-3089.4727078225424
9963,-2565.0851836110123,-3089.4727078225424
9964,-1880.1765694640162,-1939.4941004051634
9965,-1880.1765694640162,-1939.4941004051634
9966,-9652.894209322214,-1290.1677948149463
9967,-9652.894209322214,-1290.1677948149463
9968,4273.64954241917,-2051.247479634005
9969,4273.64954241917,-2051.247479634005
9970,-9652.894209322214,-637.7249875534762
9971,-9652.894209322214,-637.7249875534762
9972,-9652.894209322214,296.7131528179343
9973,-9652.894209322214,296.7131528179343
9974,-9652.894209322214,-3267.0420802428034
9975,-9652.894209322214,-3267.0420802428034
9976,-9652.894209322214,-2062.132470255159
9977,-9652.894209322214,-2062.132470255159
9978,-1682.9324110783982,-2473.024442622631
9979,-1682.9324110783982,-2473.024442622631
9980,-553.2794897537333,-491.2058012657162
9981,-553.2794897537333,-491.2058012657162
9982,5689.707422565287,-1881.3494712248048
9983,5689.707422565287,-1881.3494712248048
9984,9652.894209322214,-4386.432157831436
9985,9652.894209322214,-4386.432157831436
9986,9652.894209322214,-1472.713331764755
9987,9652.894209322214,-1472.713331764755
9988,9652.894209322214,-4276.642165285528
9989,9652.894209322214,-4276.642165285528
9990,6041.457765242588,-3019.91182853202
9991,6041.457765242588,-3019.91182853202
9992,870.4749874341014,-240.41623102637277
9993,870.4749874341014,-240.41623102637277
9994,-2371.276872600163,249.1832677535367
9995,-2371.276872600163,249.1832677535367
9996,-9652.894209322214,-1851.363305981753
9997,-9652.894209322214,-1851.363305981753
9998,-9652.894209322214,-712.8718500108735
9999,-9652.894209322214,-712.8718500108735
10000,-9652.894209322214,-32.91150213927358
10001,-9652.894209322214,-32.91150213927358
10002,8648.166427335997,-3077.231360818905
10003,8648.166427335997,-3077.231360818905
10004,9652.894209322214,-1398.0741888489065
10005,9652.894209322214,-1398.0741888489065
10006,9652.894209322214,-2582.1511728438363
10007,9652.894209322214,-2582.1511728438363
10008,9652.894209322214,-4129.6669902692975
10009,9652.894209322214,-4129.6669902692975
10010,9652.894209322214,-4131.703576945243
10011,9652.894209322214,-4131.703576945243
10012,9652.894209322214,-4023.8839451753065
10013,9652.894209322214,-4023.8839451753065
10014,9652.894209322214,-2270.392635533026
10015,9652.894209322214,-2270.392635533026
10016,189.3372013742628,-231.95997840694326
10017,189.3372013742628,-231.95997840694326
10018,-9652.894209322214,-9257.444302029598
10019,-9652.894209322214,-9257.444302029598
10020,-9652.894209322214,-9573.469915745583
10021,-9652.894209322214,-9573.469915745583
10022,-9652.894209322214,-9357.755071487547
10023,-9652.894209322214,-9357.755071487547
10024,-9652.894209322214,-935.8539429813754
10025,-9652.894209322214,-935.8539429813754
10026,8224.203165777057,-4400.429826911226
10027,8224.203165777057,-4400.429826911226
10028,9652.894209322214,-3566.358997585934
10029,9652.894209322214,-3566.358997585934
10030,9652.894209322214,-3980.524470671977
10031,9652.894209322214,-3980.524470671977
10032,9652.894209322214,-4207.655853362656
10033,9652.894209322214,-4207.655853362656
10034,9652.894209322214,-5326.586301027422
10035,9652.894209322214,-5326.586301027422
10036,9652.894209322214,-5669.247314616574
10037,9652.894209322214,-5669.247314616574
10038,9652.894209322214,-4822.0198924221
10039,9652.894209322214,-4822.0198924221
10040,3750.2563545379317,-3766.1071857709885
10041,3750.2563545379317,-3766.1071857709885
10042,-9027.408685658105,-1397.5914344422727
10043,-9027.408685658105,-1397.5914344422727
10044,-9652.894209322214,-8554.318422976306
10045,-9652.894209322214,-8554.318422976306
10046,-9652.894209322214,-6237.940049992547
10047,-9652.894209322214,-6237.940049992547
10048,3290.8193276281736,-4555.6061523198605
10049,3290.8193276281736,-4555.6061523198605
10050,9652.894209322214,-4910.22249323327
10051,9652.894209322214,-4910.22249323327
10052,9652.894209322214,-2988.313569101232
10053,9652.894209322214,-2988.313569101232
10054,9652.894209322214,-2437.630076463798
10055,9652.894209322214,-2437.630076463798
10056,9652.894209322214,-2037.6268341263221
10057,9652.894209322214,-2037.6268341263221
10058,9652.894209322214,-1832.6543987628884
10059,9652.894209322214,-1832.6543987628884
10060,9652.894209322214,-4568.584495252924
10061,9652.894209322214,-4568.584495252924
10062,9652.894209322214,-4256.91683778048
10063,9652.894209322214,-4256.91683778048
10064,9429.1822232734,-4433.042731386622
10065,9429.1822232734,-4433.042731386622
10066,1257.07917403395,-10784.88022271169
10067,1257.07917403395,-10784.88022271169
10068,-9652.894209322214,-5433.041856469885
10069,-9652.894209322214,-5433.041856469885
10070,-9652.894209322214,-2681.4095095756147
10071,-9652.894209322214,-2681.4095095756147
10072,8891.771777122514,-4816.53177456407
10073,8891.771777122514,-4816.53177456407
10074,9652.894209322214,-4485.237521868423
10075,9652.894209322214,-4485.237521868423
10076,9652.894209322214,-2589.0699159335945
10077,9652.894209322214,-2589.0699159335945
10078,9652.894209322214,-2161.9208410161464
10079,9652.894209322214,-2161.9208410161464
10080,9652.894209322214,-4632.591434943293
10081,9652.894209322214,-4632.591434943293
10082,9652.894209322214,-5235.060008841598
10083,9652.894209322214,-5235.060008841598
10084,7545.221968042892,-5247.338371107426
10085,7545.221968042892,-5247.338371107426
10086,2461.0052929229923,-4953.4466702705995
10087,2461.0052929229923,-4953.4466702705995
10088,-1088.603241934954,-4061.4608939519185
10089,-1088.603241934954,-4061.4608939519185
10090,-9652.894209322214,-10934.467834469031
10091,-9652.894209322214,-10934.467834469031
10092,-9652.894209322214,-10956.25656591218
10093,-9652.894209322214,-10956.25656591218
10094,-9652.894209322214,-10992.735963568632
10095,-9652.894209322214,-10992.735963568632
10096,-90.14850758921602,-4858.456334242646
10097,-90.14850758921602,-4858.456334242646
10098,6436.307726582741,-5498.809726407071
10099,6436.307726582741,-5498.809726407071
10100,9652.894209322214,-3242.313477660273
10101,9652.894209322214,-3242.313477660273
10102,9652.894209322214,-5345.823251357111
10103,9652.894209322214,-5345.823251357111
10104,9652.894209322214,-4483.213723495015
10105,9652.894209322214,-4483.213723495015
10106,9652.894209322214,-4519.971124606291
10107,9652.894209322214,-4519.971124606291
10108,6202.303530392683,-4244.868404743802
10109,6202.303530392683,-4244.868404743802
10110,4882.022965171556,-3761.868434302347
10111,4882.022965171556,-3761.868434302347
10112,-9652.894209322214,-180.6438506472714
10113,-9652.894209322214,-180.6438506472714
10114,-9652.894209322214,-4327.45649564956
10115,-9652.894209322214,-4327.45649564956
10116,-9652.894209322214,-11130.987695246073
10117,-9652.894209322214,-11130.987695246073
10118,-9652.894209322214,-7464.476353233211
10119,-9652.894209322214,-7464.476353233211
10120,-9652.894209322214,-964.4405992080374
10121,-9652.894209322214,-964.4405992080374
10122,-8408.53830162812,-2367.8235385224107
10123,-8408.53830162812,-2367.8235385224107
10124,-6082.19443457651,-4966.206345124538
10125,-6082.19443457651,-4966.206345124538
10126,-6250.682906784121,-2280.029018345136
10127,-6250.682906784121,-2280.029018345136
10128,-4454.318650356017,-4619.35350758767
10129,-4454.318650356017,-4619.35350758767
10130,-3959.789859052762,-1693.5580524674606
10131,-3959.789859052762,-1693.5580524674606
10132,-7311.059342380329,-4803.005769927038
10133,-7311.059342380329,-4803.005769927038
10134,-8185.125846226823,-4203.602561251402
10135,-8185.125846226823,-4203.602561251402
10136,-264.97649871908834,-1564.2178053110056
10137,-264.97649871908834,-1564.2178053110056
10138,-9652.894209322214,120.39143469071496
10139,-9652.894209322214,120.39143469071496
10140,-9652.894209322214,-2083.6781682796573
10141,-9652.894209322214,-2083.6781682796573
10142,-9652.894209322214,-1744.7318722301716
10143,-9652.894209322214,-1744.7318722301716
10144,-9652.894209322214,605.0689899931931
10145,-9652.894209322214,605.0689899931931
10146,-5562.647558260513,-265.7722095999088
10147,-5562.647558260513,-265.7722095999088
10148,-5142.2655696794045,-2361.0969329663076
10149,-5142.2655696794045,-2361.0969329663076
10150,3599.3650256285764,-4483.848498244897
10151,3599.3650256285764,-4483.848498244897
10152,9652.894209322214,-4025.6068658846852
10153,9652.894209322214,-4025.6068658846852
10154,8994.445565712933,-3812.1581839067167
10155,8994.445565712933,-3812.1581839067167
10156,8490.973844305427,-4392.842726082827
10157,8490.973844305427,-4392.842726082827
10158,8803.691462474471,-3505.22223145317
10159,8803.691462474471,-3505.22223145317
10160,2736.706331200041,-1094.9881570626421
10161,2736.706331200041,-1094.9881570626421
10162,-2001.4909962840484,-1748.8154114021454
10163,-2001.4909962840484,-1748.8154114021454
10164,-9652.894209322214,-986.9494084741455
10165,-9652.894209322214,-986.9494084741455
10166,-9652.894209322214,-2320.9647441479683
10167,-9652.894209322214,-2320.9647441479683
10168,-8464.473487945004,-2383.9148136177664
10169,-8464.473487945004,-2383.9148136177664
10170,-5164.183561240516,-5308.745434664694
10171,-5164.183561240516,-5308.745434664694
10172,-1341.8248118955325,-6144.772897926183
10173,-1341.8248118955325,-6144.772897926183
10174,-5700.750865859605,-5375.087682386382
10175,-5700.750865859605,-5375.087682386382
10176,-655.6884687061356,-4708.6955377453105
10177,-655.6884687061356,-4708.6955377453105
10178,2580.496138553546,-4298.937769872982
10179,2580.496138553546,-4298.937769872982
10180,2012.9777728806475,-3797.7825402097023
10181,2012.9777728806475,-3797.7825402097023
10182,1586.5883333435122,-834.9250327539576
10183,1586.5883333435122,-834.9250327539576
10184,-5255.916879710734,948.4654910255522
10185,-5255.916879710734,948.4654910255522
10186,-9652.894209322214,491.50659616970734
10187,-9652.894209322214,491.50659616970734
10188,-9652.894209322214,-3359.2612918411833
10189,-9652.894209322214,-3359.2612918411833
10190,-9652.894209322214,66.91139448814647
10191,-9652.894209322214,66.91139448814647
10192,-6472.209767121616,-709.1642275787799
10193,-6472.209767121616,-709.1642275787799
10194,-5990.70054497522,-1344.0420460774985
10195,-5990.70054497522,-1344.0420460774985
10196,-8843.649642564564,-1933.6970114564429
10197,-8843.649642564564,-1933.6970114564429
10198,7190.225459066041,-3853.9613473010777
10199,7190.225459066041,-3853.9613473010777
10200,-2965.1706113017826,-5059.479690130374
10201,-2965.1706113017826,-5059.479690130374
10202,-2317.674280157382,-3072.594948182543
10203,-2317.674280157382,-3072.594948182543
10204,-9652.894209322214,-4634.562250719526
10205,-9652.894209322214,-4634.562250719526
10206,-9652.894209322214,-1839.3080300293677
10207,-9652.894209322214,-1839.3080300293677
10208,-8564.801740136667,-1174.548652081583
10209,-8564.801740136667,-1174.548652081583
10210,-9652.894209322214,69.6759778592841
10211,-9652.894209322214,69.6759778592841
10212,-9652.894209322214,-261.24922504246933
10213,-9652.894209322214,-261.24922504246933
10214,-9652.894209322214,-212.38204653337743
10215,-9652.894209322214,-212.38204653337743
10216,-2794.3717492237665,-2410.4012137622212
10217,-2794.3717492237665,-2410.4012137622212
10218,2881.0899408058503,-5335.907706101412
10219,2881.0899408058503,-5335.907706101412
10220,2116.3870725171037,-5750.747818213025
10221,2116.3870725171037,-5750.747818213025
10222,4046.685423505365,-5070.90828197215
10223,4046.685423505365,-5070.90828197215
10224,9652.894209322214,-4784.848717688954
10225,9652.894209322214,-4784.848717688954
10226,9652.894209322214,-2296.3858391630674
10227,9652.894209322214,-2296.3858391630674
10228,6529.247823398688,-2963.904864769287
10229,6529.247823398688,-2963.904864769287
10230,-400.0045104073033,-4239.823941212635
10231,-400.0045104073033,-4239.823941212635
10232,-7796.029657649044,-2137.3592579303167
10233,-7796.029657649044,-2137.3592579303167
10234,-9652.894209322214,-2457.527340422981
10235,-9652.894209322214,-2457.527340422981
10236,-9652.894209322214,-1547.318491507578
10237,-9652.894209322214,-1547.318491507578
10238,-9652.894209322214,-2260.4078048236624
10239,-9652.894209322214,-2260.4078048236624
10240,-9652.894209322214,-2146.231324626784
10241,-9652.894209322214,-2146.231324626784
10242,-5451.722436940414,-3903.787102488319
10243,-5451.722436940414,-3903.787102488319
10244,-426.59065487391126,-1899.8424040163409
10245,-426.59065487391126,-1899.8424040163409
10246,2444.3972848775047,-2687.3934638160554
10247,2444.3972848775047,-2687.3934638160554
10248,4662.908113446403,-4548.19705850398
10249,4662.908113446403,-4548.19705850398
10250,859.7835084215512,-1621.4320211899612
10251,859.7835084215512,-1621.4320211899612
10252,-9652.894209322214,-4419.3024135249325
10253,-9652.894209322214,-4419.3024135249325
10254,-9652.894209322214,-4062.6651470399083
10255,-9652.894209322214,-4062.6651470399083
10256,-4541.333839146435,-2568.3891417719533
10257,-4541.333839146435,-2568.3891417719533
10258,-9652.894209322214,94.05737680281527
10259,-9652.894209322214,94.05737680281527
10260,-9652.894209322214,-904.3034420963177
10261,-9652.894209322214,-904.3034420963177
10262,-9652.894209322214,-1916.6037972609738
10263,-9652.894209322214,-1916.6037972609738
10264,-9652.894209322214,-2570.3529261391996
10265,-9652.894209322214,-2570.3529261391996
10266,-8184.580469780569,-3983.7959331948223
10267,-8184.580469780569,-3983.7959331948223
10268,3837.5328752989917,-4704.883115688701
10269,3837.5328752989917,-4704.883115688701
10270,2438.7040722013808,-4437.945193438676
10271,2438.7040722013808,-4437.945193438676
10272,5573.369544852434,-1408.4884726480414
10273,5573.369544852434,-1408.4884726480414
10274,5624.875077920671,-3890.3981079719288
10275,5624.875077920671,-3890.3981079719288
10276,-4672.5212600339255,-3832.9033616230663
10277,-4672.5212600339255,-3832.9033616230663
10278,-9652.894209322214,-3153.6935425192532
10279,-9652.894209322214,-3153.6935425192532
10280,-9652.894209322214,-516.7290459500364
10281,-9652.894209322214,-516.7290459500364
10282,-9652.894209322214,-2223.8044611745627
10283,-9652.894209322214,-2223.8044611745627
10284,-9652.894209322214,-2243.2155778630167
10285,-9652.894209322214,-2243.2155778630167
10286,-9652.894209322214,-2711.4630490303734
10287,-9652.894209322214,-2711.4630490303734
10288,-9099.729035871904,-3273.201991800732
10289,-9099.729035871904,-3273.201991800732
10290,-2897.715273492311,-5134.205366988395
10291,-2897.715273492311,-5134.205366988395
10292,-9652.894209322214,-1794.7358903839522
10293,-9652.894209322214,-1794.7358903839522
10294,-3725.492568225902,-2904.8173095938746
10295,-3725.492568225902,-2904.8173095938746
10296,-1129.4393638299425,-541.3015256545168
10297,-1129.4393638299425,-541.3015256545168
10298,-1410.7338864615485,-180.277233663488
10299,-1410.7338864615485,-180.277233663488
10300,-4966.328503147979,-3121.582829885696
10301,-4966.328503147979,-3121.582829885696
10302,-8889.251312333123,1718.0775976555087
10303,-8889.251312333123,1718.0775976555087
10304,-2581.1666070096817,10.073203221911172
10305,-2581.1666070096817,10.073203221911172
10306,-9652.894209322214,1213.5434392850111
10307,-9652.894209322214,1213.5434392850111
10308,-9652.894209322214,939.8537658638252
10309,-9652.894209322214,939.8537658638252
10310,-9652.894209322214,-233.00170662305754
10311,-9652.894209322214,-233.00170662305754
10312,-8725.741972280615,-1906.8308287022774
10313,-8725.741972280615,-1906.8308287022774
10314,841.101112030623,-5130.227733170841
10315,841.101112030623,-5130.227733170841
10316,892.8870983899942,-5528.327040351454
10317,892.8870983899942,-5528.327040351454
10318,9652.894209322214,-4527.41530728955
10319,9652.894209322214,-4527.41530728955
10320,9652.894209322214,-3185.8497946590487
10321,9652.894209322214,-3185.8497946590487
10322,8883.370949634264,-2986.814352166486
10323,8883.370949634264,-2986.814352166486
10324,6863.642174551665,-3031.631115612812
10325,6863.642174551665,-3031.631115612812
10326,9652.894209322214,-2977.589686686215
10327,9652.894209322214,-2977.589686686215
10328,9652.894209322214,-2781.3137378719075
10329,9652.894209322214,-2781.3137378719075
10330,5160.134112897359,-2608.6005626842234
10331,5160.134112897359,-2608.6005626842234
10332,1642.6374223383336,-3338.500269920285
10333,1642.6374223383336,-3338.500269920285
10334,7070.282864719191,-4327.926231551626
10335,7070.282864719191,-4327.926231551626
10336,9652.894209322214,-3869.3510165623393
10337,9652.894209322214,-3869.3510165623393
10338,9652.894209322214,-2540.8852351235637
10339,9652.894209322214,-2540.8852351235637
10340,9652.894209322214,-2361.818443397058
10341,9652.894209322214,-2361.818443397058
10342,9652.894209322214,-1855.104777833556
10343,9652.894209322214,-1855.104777833556
10344,9652.894209322214,-1290.5826887429466
10345,9652.894209322214,-1290.5826887429466
10346,9652.894209322214,-2019.1365023946037
10347,9652.894209322214,-2019.1365023946037
10348,9652.894209322214,-3408.4959174953037
10349,9652.894209322214,-3408.4959174953037
10350,9652.894209322214,-2159.204103448279
10351,9652.894209322214,-2159.204103448279
10352,9652.894209322214,45.33373130793734
10353,9652.894209322214,45.33373130793734
10354,4974.8379810091865,-1365.685258835927
10355,4974.8379810091865,-1365.685258835927
10356,-5597.631138481987,-1346.6213205727108
10357,-5597.631138481987,-1346.6213205727108
10358,7174.723721696518,-2440.9322301071934
10359,7174.723721696518,-2440.9322301071934
10360,4289.364635539188,-2485.318794205634
10361,4289.364635539188,-2485.318794205634
10362,9652.894209322214,-1803.523579892666
10363,9652.894209322214,-1803.523579892666
10364,9652.894209322214,-4760.991936415452
10365,9652.894209322214,-4760.991936415452
10366,9652.894209322214,-4519.331598529663
10367,9652.894209322214,-4519.331598529663
10368,9652.894209322214,-4106.40245963129
10369,9652.894209322214,-4106.40245963129
10370,9652.894209322214,-3787.0155650880606
10371,9652.894209322214,-3787.0155650880606
10372,8367.533196628776,-3697.909240137549
10373,8367.533196628776,-3697.909240137549
10374,9652.894209322214,-3455.0013886876277
10375,9652.894209322214,-3455.0013886876277
10376,2711.7280274883315,-1227.027253190192
10377,2711.7280274883315,-1227.027253190192
10378,1233.8184746776387,-2606.3673766133925
10379,1233.8184746776387,-2606.3673766133925
10380,-8054.773583358699,-2600.020895256206
10381,-8054.773583358699,-2600.020895256206
10382,3617.8174134827805,-3940.6724577517016
10383,3617.8174134827805,-3940.6724577517016
10384,3632.788935536344,-3974.262347340875
10385,3632.788935536344,-3974.262347340875
10386,9652.894209322214,-5824.600812324936
10387,9652.894209322214,-5824.600812324936
10388,9652.894209322214,-2969.3009471337846
10389,9652.894209322214,-2969.3009471337846
10390,9652.894209322214,-2165.6039461817654
10391,9652.894209322214,-2165.6039461817654
10392,9652.894209322214,-4672.294661404028
10393,9652.894209322214,-4672.294661404028
10394,9652.894209322214,-4484.5476137165115
10395,9652.894209322214,-4484.5476137165115
10396,9652.894209322214,-4084.4515582234326
10397,9652.894209322214,-4084.4515582234326
10398,9652.894209322214,-4032.929865124046
10399,9652.894209322214,-4032.929865124046
10400,-352.18891304340286,-2190.8130462973186
10401,-352.18891304340286,-2190.8130462973186
10402,-1953.3147029037427,-3769.8242187474716
10403,-1953.3147029037427,-3769.8242187474716
10404,-8155.67929553533,-2955.2989862879804
10405,-8155.67929553533,-2955.2989862879804
10406,-4976.549222523014,-2757.7796691137573
10407,-4976.549222523014,-2757.7796691137573
10408,-1938.9940214578965,-2548.0968996608954
10409,-1938.9940214578965,-2548.0968996608954
10410,9652.894209322214,-5386.981338168573
10411,9652.894209322214,-5386.981338168573
10412,9652.894209322214,-5489.708516722365
10413,9652.894209322214,-5489.708516722365
10414,9652.894209322214,-5515.703074809402
10415,9652.894209322214,-5515.703074809402
10416,9652.894209322214,-2222.7226411614192
10417,9652.894209322214,-2222.7226411614192
10418,9652.894209322214,-5220.580891897514
10419,9652.894209322214,-5220.580891897514
10420,9652.894209322214,-5241.6204096629135
10421,9652.894209322214,-5241.6204096629135
10422,9652.894209322214,-5536.552595306683
10423,9652.894209322214,-5536.552595306683
10424,-3403.36321523649,-4259.7942480116235
10425,-3403.36321523649,-4259.7942480116235
10426,-9652.894209322214,-4426.971264353606
10427,-9652.894209322214,-4426.971264353606
10428,-9652.894209322214,-4602.726285717879
10429,-9652.894209322214,-4602.726285717879
10430,-9652.894209322214,-3440.402550128825
10431,-9652.894209322214,-3440.402550128825
10432,-7569.68588835686,-3059.65707093711
10433,-7569.68588835686,-3059.65707093711
10434,2727.215337125009,-3304.8767799491307
10435,2727.215337125009,-3304.8767799491307
10436,3887.0493424197457,-3629.561295226089
10437,3887.0493424197457,-3629.561295226089
10438,9652.894209322214,-2610.861512954465
10439,9652.894209322214,-2610.861512954465
10440,9652.894209322214,-4192.1881354538855
10441,9652.894209322214,-4192.1881354538855
10442,9652.894209322214,-4791.557998528433
10443,9652.894209322214,-4791.557998528433
10444,7926.4415587755975,-4635.958884079973
10445,7926.4415587755975,-4635.958884079973
10446,-317.71600004588254,-1434.1906787602693
10447,-317.71600004588254,-1434.1906787602693
10448,6977.390666449932,-1431.08105196191
10449,6977.390666449932,-1431.08105196191
10450,-7886.44963164935,666.6248578218001
10451,-7886.44963164935,666.6248578218001
10452,-9652.894209322214,-1688.7969870678244
10453,-9652.894209322214,-1688.7969870678244
10454,-9652.894209322214,-2448.1853414814177
10455,-9652.894209322214,-2448.1853414814177
10456,-3365.589424857584,-1852.5631343058794
10457,-3365.589424857584,-1852.5631343058794
10458,888.5379362241692,-1547.3548635753232
10459,888.5379362241692,-1547.3548635753232
10460,9652.894209322214,-2205.926992141385
10461,9652.894209322214,-2205.926992141385
10462,9652.894209322214,-2098.0593244518623
10463,9652.894209322214,-2098.0593244518623
10464,9652.894209322214,-166.28678357645913
10465,9652.894209322214,-166.28678357645913
10466,9652.894209322214,-2911.4089519086447
10467,9652.894209322214,-2911.4089519086447
10468,9652.894209322214,-2089.2930052042393
10469,9652.894209322214,-2089.2930052042393
10470,9652.894209322214,-4666.127935701326
10471,9652.894209322214,-4666.127935701326
10472,5317.619450992548,-2138.4589741490945
10473,5317.619450992548,-2138.4589741490945
10474,-1098.7356142040917,-2417.5671849052032
10475,-1098.7356142040917,-2417.5671849052032
10476,-9652.894209322214,-1518.010703552054
10477,-9652.894209322214,-1518.010703552054
10478,-9092.915914808946,-2538.7112346453505
10479,-9092.915914808946,-2538.7112346453505
10480,-6747.342694115789,-2401.126328224631
10481,-6747.342694115789,-2401.126328224631
10482,9652.894209322214,-5619.749599468139
10483,9652.894209322214,-5619.749599468139
10484,9652.894209322214,-3466.148459342703
10485,9652.894209322214,-3466.148459342703
10486,9652.894209322214,-3088.122277624416
10487,9652.894209322214,-3088.122277624416
10488,9652.894209322214,-5318.248470226188
10489,9652.894209322214,-5318.248470226188
10490,9652.894209322214,-5077.392406416888
10491,9652.894209322214,-5077.392406416888
10492,9652.894209322214,-2418.371359232917
10493,9652.894209322214,-2418.371359232917
10494,9652.894209322214,-1382.8171239135336
10495,9652.894209322214,-1382.8171239135336
10496,9652.894209322214,-4120.9735141890615
10497,9652.894209322214,-4120.9735141890615
10498,9652.894209322214,-1069.6251061382573
10499,9652.894209322214,-1069.6251061382573
10500,-4773.397084787903,19.348125555796287
10501,-4773.397084787903,19.348125555796287
10502,-3678.782191402657,-985.8196534143572
10503,-3678.782191402657,-985.8196534143572
10504,-4977.520544616706,-1076.5544218750147
10505,-4977.520544616706,-1076.5544218750147
10506,9652.894209322214,-1093.1062429273861
10507,9652.894209322214,-1093.1062429273861
10508,9652.894209322214,-1696.9632094346834
10509,9652.894209322214,-1696.9632094346834
10510,9652.894209322214,-1253.9990529530514
10511,9652.894209322214,-1253.9990529530514
10512,9652.894209322214,-3391.6134746000953
10513,9652.894209322214,-3391.6134746000953
10514,4921.363162649681,-2931.9650125926364
10515,4921.363162649681,-2931.9650125926364
10516,2582.3598693327976,-3618.4476507014024
10517,2582.3598693327976,-3618.4476507014024
10518,53.65610492873748,-2272.0163416377472
10519,53.65610492873748,-2272.0163416377472
10520,-1992.8397695267995,1405.9078542326624
10521,-1992.8397695267995,1405.9078542326624
10522,-9652.894209322214,-3043.1664263701023
10523,-9652.894209322214,-3043.1664263701023
10524,-9652.894209322214,-9559.467146479834
10525,-9652.894209322214,-9559.467146479834
10526,-9652.894209322214,-6644.233865528429
10527,-9652.894209322214,-6644.233865528429
10528,-1161.0697598137758,-1678.5718928774131
10529,-1161.0697598137758,-1678.5718928774131
10530,9652.894209322214,-4011.4112231533654
10531,9652.894209322214,-4011.4112231533654
10532,9652.894209322214,-4868.491624509108
10533,9652.894209322214,-4868.491624509108
10534,9652.894209322214,-4765.651613594237
10535,9652.894209322214,-4765.651613594237
10536,9652.894209322214,-4488.3651701600575
10537,9652.894209322214,-4488.3651701600575
10538,9652.894209322214,-4552.500866923121
10539,9652.894209322214,-4552.500866923121
10540,9652.894209322214,-4581.73611720981
10541,9652.894209322214,-4581.73611720981
10542,9652.894209322214,-4790.0267444928995
10543,9652.894209322214,-4790.0267444928995
10544,9652.894209322214,-4803.850376504697
10545,9652.894209322214,-4803.850376504697
10546,-9652.894209322214,-1987.2406255266178
10547,-9652.894209322214,-1987.2406255266178
10548,-9652.894209322214,-4193.97524487233
10549,-9652.894209322214,-4193.97524487233
10550,-9652.894209322214,-2086.600689687617
10551,-9652.894209322214,-2086.600689687617
10552,9652.894209322214,-5152.980328336604
10553,9652.894209322214,-5152.980328336604
10554,9652.894209322214,-2723.512539155572
10555,9652.894209322214,-2723.512539155572
10556,9652.894209322214,-1999.6240006071075
10557,9652.894209322214,-1999.6240006071075
10558,9652.894209322214,-2835.1852743172803
10559,9652.894209322214,-2835.1852743172803
10560,9652.894209322214,-2204.8639337852965
10561,9652.894209322214,-2204.8639337852965
10562,9652.894209322214,-3569.5504072796375
10563,9652.894209322214,-3569.5504072796375
10564,9652.894209322214,-3740.7191958672356
10565,9652.894209322214,-3740.7191958672356
10566,9652.894209322214,-2662.3750868402185
10567,9652.894209322214,-2662.3750868402185
10568,2102.3785210019687,-3612.7953363271317
10569,2102.3785210019687,-3612.7953363271317
10570,-9652.894209322214,-6887.127974129016
10571,-9652.894209322214,-6887.127974129016
10572,-9652.894209322214,-11574.294878342213
10573,-9652.894209322214,-11574.294878342213
10574,-9652.894209322214,-6346.995380389347
10575,-9652.894209322214,-6346.995380389347
10576,-3148.8591180753283,-2945.2971902202826
10577,-3148.8591180753283,-2945.2971902202826
10578,6150.063304025963,-4109.118333260689
10579,6150.063304025963,-4109.118333260689
10580,9652.894209322214,-3556.275792180648
10581,9652.894209322214,-3556.275792180648
10582,9652.894209322214,-2490.189159016647
10583,9652.894209322214,-2490.189159016647
10584,8106.243473214527,-1606.2340728651034
10585,8106.243473214527,-1606.2340728651034
10586,3720.0515860284545,-1311.747899712592
10587,3720.0515860284545,-1311.747899712592
10588,78.87413061689949,-1375.0709144905304
10589,78.87413061689949,-1375.0709144905304
10590,-4848.83798949803,-2026.5603570767134
10591,-4848.83798949803,-2026.5603570767134
10592,-9652.894209322214,-7038.308974475913
10593,-9652.894209322214,-7038.308974475913
10594,-9652.894209322214,-11407.418961035446
10595,-9652.894209322214,-11407.418961035446
10596,-9652.894209322214,-11394.171451250606
10597,-9652.894209322214,-11394.171451250606
10598,-9652.894209322214,-11366.299197977449
10599,-9652.894209322214,-11366.299197977449
10600,-9446.061295568616,-2321.5360650529146
10601,-9446.061295568616,-2321.5360650529146
10602,8808.773580725983,-7180.651099741506
10603,8808.773580725983,-7180.651099741506
10604,9652.894209322214,-3191.5673698018436
10605,9652.894209322214,-3191.5673698018436
10606,9652.894209322214,-2668.634485791955
10607,9652.894209322214,-2668.634485791955
10608,9652.894209322214,-4542.405517698402
10609,9652.894209322214,-4542.405517698402
10610,9652.894209322214,-5788.003748108968
10611,9652.894209322214,-5788.003748108968
10612,5581.444378836193,-4533.815143578968
10613,5581.444378836193,-4533.815143578968
10614,8772.636209094728,-2483.3844982841256
10615,8772.636209094728,-2483.3844982841256
10616,-1397.3487243372501,-3213.616101467055
10617,-1397.3487243372501,-3213.616101467055
10618,-7357.708234613274,-2326.1903187911616
10619,-7357.708234613274,-2326.1903187911616
10620,-9652.894209322214,-4116.594151335317
10621,-9652.894209322214,-4116.594151335317
10622,-4707.605122877696,-2630.6524310354434
10623,-4707.605122877696,-2630.6524310354434
10624,2320.518699805381,-2768.7262822574703
10625,2320.518699805381,-2768.7262822574703
10626,9652.894209322214,-4748.517049210266
10627,9652.894209322214,-4748.517049210266
10628,9652.894209322214,-528.1288646017047
10629,9652.894209322214,-528.1288646017047
10630,9652.894209322214,261.9690519726559
10631,9652.894209322214,261.9690519726559
10632,9652.894209322214,-2967.443905333257
10633,9652.894209322214,-2967.443905333257
10634,9652.894209322214,-745.2604870341656
10635,9652.894209322214,-745.2604870341656
10636,9652.894209322214,-3641.104204745233
10637,9652.894209322214,-3641.104204745233
10638,9652.894209322214,-4158.808116734702
10639,9652.894209322214,-4158.808116734702
10640,9652.894209322214,-4508.082290649138
10641,9652.894209322214,-4508.082290649138
10642,-5319.4532560139,-2054.2015578769146
10643,-5319.4532560139,-2054.2015578769146
10644,-9652.894209322214,-1737.0299709665073
10645,-9652.894209322214,-1737.0299709665073
10646,2011.7480206257997,-3168.6219627120436
10647,2011.7480206257997,-3168.6219627120436
10648,2904.501805495147,-2978.5755190231203
10649,2904.501805495147,-2978.5755190231203
10650,9378.470787319147,-2353.0187842885634
10651,9378.470787319147,-2353.0187842885634
10652,8427.01068048508,-1741.8355307401243
10653,8427.01068048508,-1741.8355307401243
10654,8579.436848483469,-3070.6473507363858
10655,8579.436848483469,-3070.6473507363858
10656,4062.906222646234,-2014.6564814669036
10657,4062.906222646234,-2014.6564814669036
10658,2953.7046356497995,992.0629871574365
10659,2953.7046356497995,992.0629871574365
10660,105.24404716036224,-1549.3031418836272
10661,105.24404716036224,-1549.3031418836272
10662,9436.988848568508,-1526.1094846590645
10663,9436.988848568508,-1526.1094846590645
10664,-42.186758517099406,-276.6525120592005
10665,-42.186758517099406,-276.6525120592005
10666,-8843.597182670783,-928.3128411350572
10667,-8843.597182670783,-928.3128411350572
10668,-9652.894209322214,-665.7031216547053
10669,-9652.894209322214,-665.7031216547053
10670,-9652.894209322214,-2324.1027376886
10671,-9652.894209322214,-2324.1027376886
10672,-6510.24520981213,-2149.9368512981428
10673,-6510.24520981213,-2149.9368512981428
10674,3017.516859000284,-2282.735805024865
10675,3017.516859000284,-2282.735805024865
10676,6019.864814618314,-1856.0684788047624
10677,6019.864814618314,-1856.0684788047624
10678,8349.904679103794,-3717.0742447087914
10679,8349.904679103794,-3717.0742447087914
10680,8649.461317764395,-2915.2771515794702
10681,8649.461317764395,-2915.2771515794702
10682,5272.728281665946,-2994.639602848768
10683,5272.728281665946,-2994.639602848768
10684,3496.547208288908,-3090.935625829494
10685,3496.547208288908,-3090.935625829494
10686,8597.345470597284,417.09218268602035
10687,8597.345470597284,417.09218268602035
10688,1087.815042894762,-275.93505646090034
10689,1087.815042894762,-275.93505646090034
10690,-517.2800645044445,-1265.5166646614703
10691,-517.2800645044445,-1265.5166646614703
10692,-8506.194447449105,-564.1767020309004
10693,-8506.194447449105,-564.1767020309004
10694,-9307.877417604812,-1476.1909270403885
10695,-9307.877417604812,-1476.1909270403885
10696,-3376.250453162762,-1235.852611077602
10697,-3376.250453162762,-1235.852611077602
10698,1613.2782218209068,-1194.863088203408
10699,1613.2782218209068,-1194.863088203408
10700,9652.894209322214,-1571.7990909500463
10701,9652.894209322214,-1571.7990909500463
10702,9652.894209322214,-1358.147349161215
10703,9652.894209322214,-1358.147349161215
10704,9652.894209322214,-145.74940806147265
10705,9652.894209322214,-145.74940806147265
10706,9652.894209322214,-1877.7206969484469
10707,9652.894209322214,-1877.7206969484469
10708,6586.999969986378,-1453.4182647975958
10709,6586.999969986378,-1453.4182647975958
10710,1581.8503551706235,-1675.5876390164221
10711,1581.8503551706235,-1675.5876390164221
10712,1945.4392852060428,-1687.8758051983914
10713,1945.4392852060428,-1687.8758051983914
10714,-5628.299191303928,-2684.5448384954707
10715,-5628.299191303928,-2684.5448384954707
10716,-9652.894209322214,-1973.150945661619
10717,-9652.894209322214,-1973.150945661619
10718,-9652.894209322214,-2992.528078076602
10719,-9652.894209322214,-2992.528078076602
10720,-4551.938427249743,-2504.131641593516
10721,-4551.938427249743,-2504.131641593516
10722,8282.393504926076,-4555.5595886816145
10723,8282.393504926076,-4555.5595886816145
10724,9652.894209322214,-541.2958437926766
10725,9652.894209322214,-541.2958437926766
10726,9652.894209322214,-2573.5858398231503
10727,9652.894209322214,-2573.5858398231503
10728,9652.894209322214,-1158.3753067859852
10729,9652.894209322214,-1158.3753067859852
10730,9652.894209322214,-1105.4224734772038
10731,9652.894209322214,-1105.4224734772038
10732,9652.894209322214,-1836.1300793929804
10733,9652.894209322214,-1836.1300793929804
10734,9652.894209322214,-3878.4298880436327
10735,9652.894209322214,-3878.4298880436327
10736,6851.758642238103,-3609.3654630831534
10737,6851.758642238103,-3609.3654630831534
10738,-9652.894209322214,-3090.6743945378657
10739,-9652.894209322214,-3090.6743945378657
10740,-9652.894209322214,-11305.57499369818
10741,-9652.894209322214,-11305.57499369818
10742,-9652.894209322214,-11388.771750153925
10743,-9652.894209322214,-11388.771750153925
10744,-5603.048360097516,-4182.407538540044
10745,-5603.048360097516,-4182.407538540044
10746,5922.4538386467075,-4608.160064609468
10747,5922.4538386467075,-4608.160064609468
10748,9652.894209322214,-4253.574550622472
10749,9652.894209322214,-4253.574550622472
10750,9652.894209322214,-805.5780700821856
10751,9652.894209322214,-805.5780700821856
10752,9652.894209322214,-2775.6746158572314
10753,9652.894209322214,-2775.6746158572314
10754,8451.057892010318,-3213.6809386406403
10755,8451.057892010318,-3213.6809386406403
10756,5716.328190484694,-2785.824051275782
10757,5716.328190484694,-2785.824051275782
10758,2960.874387313006,-3264.7192525368355
10759,2960.874387313006,-3264.7192525368355
10760,-9652.894209322214,-792.7295575202152
10761,-9652.894209322214,-792.7295575202152
10762,-9652.894209322214,-3715.6303684549275
10763,-9652.894209322214,-3715.6303684549275
10764,-9652.894209322214,-8387.575350525141
10765,-9652.894209322214,-8387.575350525141
10766,-9652.894209322214,-4483.80303627978
10767,-9652.894209322214,-4483.80303627978
10768,-9652.894209322214,-3574.130122846718
10769,-9652.894209322214,-3574.130122846718
10770,8159.840987542293,-5588.875145967535
10771,8159.840987542293,-5588.875145967535
10772,6163.580760411289,-1536.9821506035314
10773,6163.580760411289,-1536.9821506035314
10774,9652.894209322214,-3200.573855291879
10775,9652.894209322214,-3200.573855291879
10776,9652.894209322214,-1498.1359975280975
10777,9652.894209322214,-1498.1359975280975
10778,9652.894209322214,-3068.3038767399103
10779,9652.894209322214,-3068.3038767399103
10780,8259.063231587039,-3118.8705123912077
10781,8259.063231587039,-3118.8705123912077
10782,9652.894209322214,-2481.2053468918803
10783,9652.894209322214,-2481.2053468918803
10784,346.6577510167954,-2561.562434588219
10785,346.6577510167954,-2561.562434588219
10786,-1863.2915110710292,-3460.0710888336143
10787,-1863.2915110710292,-3460.0710888336143
10788,-8614.083286099474,-3090.9179391457164
10789,-8614.083286099474,-3090.9179391457164
10790,-4297.667193970712,-3146.978472357787
10791,-4297.667193970712,-3146.978472357787
10792,1175.2417894352438,-4325.229172937941
10793,1175.2417894352438,-4325.229172937941
10794,5350.568086204012,-6435.237104403339
10795,5350.568086204012,-6435.237104403339
10796,9652.894209322214,-1726.0465866623745
10797,9652.894209322214,-1726.0465866623745
10798,9652.894209322214,-1555.6861150840814
10799,9652.894209322214,-1555.6861150840814
10800,9652.894209322214,-4025.0304919287646
10801,9652.894209322214,-4025.0304919287646
10802,9652.894209322214,-1440.2299783812123
10803,9652.894209322214,-1440.2299783812123
10804,310.19020922036725,-3779.7890062173956
10805,310.19020922036725,-3779.7890062173956
10806,9652.894209322214,-1428.7394876606468
10807,9652.894209322214,-1428.7394876606468
10808,-675.1117905435076,-2362.5829862382434
10809,-675.1117905435076,-2362.5829862382434
10810,-9652.894209322214,-383.127888154424
10811,-9652.894209322214,-383.127888154424
10812,-9652.894209322214,-2645.43403031647
10813,-9652.894209322214,-2645.43403031647
10814,-9652.894209322214,-1410.0489332348207
10815,-9652.894209322214,-1410.0489332348207
10816,1429.0279001640556,-2837.819103935308
10817,1429.0279001640556,-2837.819103935308
10818,9652.894209322214,-4297.973785434002
10819,9652.894209322214,-4297.973785434002
10820,9652.894209322214,-1622.2746106782215
10821,9652.894209322214,-1622.2746106782215
10822,9652.894209322214,-5041.386518418325
10823,9652.894209322214,-5041.386518418325
10824,9652.894209322214,-1751.6759928284682
10825,9652.894209322214,-1751.6759928284682
10826,9652.894209322214,-1563.4233293376074
10827,9652.894209322214,-1563.4233293376074
10828,9652.894209322214,-4471.718446909274
10829,9652.894209322214,-4471.718446909274
10830,9652.894209322214,-3723.5378208668862
10831,9652.894209322214,-3723.5378208668862
10832,4689.064546952669,-1530.3205654794565
10833,4689.064546952669,-1530.3205654794565
10834,746.6367899684683,-1886.079185553146
10835,746.6367899684683,-1886.079185553146
10836,-5346.150899531231,-1158.9054787818186
10837,-5346.150899531231,-1158.9054787818186
10838,2405.700764938566,-2376.2726313352596
10839,2405.700764938566,-2376.2726313352596
10840,7596.8581135531695,-2560.420271670604
10841,7596.8581135531695,-2560.420271670604
10842,9652.894209322214,-4261.193889218044
10843,9652.894209322214,-4261.193889218044
10844,9652.894209322214,-1282.7908211154954
10845,9652.894209322214,-1282.7908211154954
10846,9652.894209322214,-1084.1931203443637
10847,9652.894209322214,-1084.1931203443637
10848,9652.894209322214,-3183.5859514179338
10849,9652.894209322214,-3183.5859514179338
10850,9652.894209322214,-2779.1781158765207
10851,9652.894209322214,-2779.1781158765207
10852,9652.894209322214,-2701.559998065757
10853,9652.894209322214,-2701.559998065757
10854,9652.894209322214,-2000.4761141079853
10855,9652.894209322214,-2000.4761141079853
10856,9652.894209322214,-348.9220954302873
10857,9652.894209322214,-348.9220954302873
10858,1422.4079371939915,-1422.5972218875668
10859,1422.4079371939915,-1422.5972218875668
10860,-4143.232177675231,-811.9259708694117
10861,-4143.232177675231,-811.9259708694117
10862,441.91137384818103,-1974.3326111393562
10863,441.91137384818103,-1974.3326111393562
10864,9652.894209322214,-4749.509587968096
10865,9652.894209322214,-4749.509587968096
10866,9652.894209322214,-4537.128737776262
10867,9652.894209322214,-4537.128737776262
10868,9652.894209322214,-4660.248614747912
10869,9652.894209322214,-4660.248614747912
10870,9652.894209322214,-3753.1003230915103
10871,9652.894209322214,-3753.1003230915103
10872,9652.894209322214,-1263.1050079300185
10873,9652.894209322214,-1263.1050079300185
10874,9652.894209322214,-2706.101929281691
10875,9652.894209322214,-2706.101929281691
10876,7445.328131510681,-2904.551601293844
10877,7445.328131510681,-2904.551601293844
10878,7894.5675505970285,-3538.611722093796
10879,7894.5675505970285,-3538.611722093796
10880,6064.8797587065565,-1139.2148161781424
10881,6064.8797587065565,-1139.2148161781424
10882,-6617.6518789173115,-1621.29092552369
10883,-6617.6518789173115,-1621.29092552369
10884,-9652.894209322214,-1882.567763045934
10885,-9652.894209322214,-1882.567763045934
10886,-3277.055356044695,-3907.921605363461
10887,-3277.055356044695,-3907.921605363461
10888,4855.390046262852,-4552.611123510978
10889,4855.390046262852,-4552.611123510978
10890,9652.894209322214,-6793.770063771832
10891,9652.894209322214,-6793.770063771832
10892,9652.894209322214,-5311.016806921394
10893,9652.894209322214,-5311.016806921394
10894,9652.894209322214,-5200.510616267164
10895,9652.894209322214,-5200.510616267164
10896,9652.894209322214,-2886.760691706064
10897,9652.894209322214,-2886.760691706064
10898,9652.894209322214,-4269.3149227365775
10899,9652.894209322214,-4269.3149227365775
10900,9652.894209322214,-1073.668807574748
10901,9652.894209322214,-1073.668807574748
10902,9652.894209322214,-1888.6938991710085
10903,9652.894209322214,-1888.6938991710085
10904,9652.894209322214,-3471.5379091663453
10905,9652.894209322214,-3471.5379091663453
10906,-2736.3134076906754,-3965.5796193729
10907,-2736.3134076906754,-3965.5796193729
10908,-5706.156551245909,-3726.1177807987788
10909,-5706.156551245909,-3726.1177807987788
10910,2226.5665101566037,-5735.008366886728
10911,2226.5665101566037,-5735.008366886728
10912,9652.894209322214,-5350.064395761852
10913,9652.894209322214,-5350.064395761852
10914,9652.894209322214,-6571.768489538198
10915,9652.894209322214,-6571.768489538198
10916,9652.894209322214,-3128.366450254023
10917,9652.894209322214,-3128.366450254023
10918,9652.894209322214,-1386.0798035199077
10919,9652.894209322214,-1386.0798035199077
10920,9652.894209322214,-5523.087880257774
10921,9652.894209322214,-5523.087880257774
10922,9652.894209322214,-5347.223203398911
10923,9652.894209322214,-5347.223203398911
10924,7337.789569311788,-5121.569909922409
10925,7337.789569311788,-5121.569909922409
10926,9652.894209322214,-5179.21821829014
10927,9652.894209322214,-5179.21821829014
10928,6844.152529813837,-6329.426453777453
10929,6844.152529813837,-6329.426453777453
10930,-5260.3521505648605,-3121.750656201777
10931,-5260.3521505648605,-3121.750656201777
10932,-9652.894209322214,-1097.6986251341132
10933,-9652.894209322214,-1097.6986251341132
10934,-3976.0336873183587,-1695.658881301073
10935,-3976.0336873183587,-1695.658881301073
10936,608.1287633014617,-2330.4687537216178
10937,608.1287633014617,-2330.4687537216178
10938,9652.894209322214,-5784.871403090745
10939,9652.894209322214,-5784.871403090745
10940,9652.894209322214,-2181.930580886228
10941,9652.894209322214,-2181.930580886228
10942,9652.894209322214,-1531.4357401682937
10943,9652.894209322214,-1531.4357401682937
10944,9652.894209322214,-1240.5543176035026
10945,9652.894209322214,-1240.5543176035026
10946,9652.894209322214,-4318.636432814039
10947,9652.894209322214,-4318.636432814039
10948,9652.894209322214,-4850.043486996687
10949,9652.894209322214,-4850.043486996687
10950,9652.894209322214,-4489.606218649975
10951,9652.894209322214,-4489.606218649975
10952,1880.1020789211698,-1986.2550387837964
10953,1880.1020789211698,-1986.2550387837964
10954,-4786.169196689316,-2668.1132615576225
10955,-4786.169196689316,-2668.1132615576225
10956,-9652.894209322214,-2309.0559637697315
10957,-9652.894209322214,-2309.0559637697315
10958,-4726.081944299793,-3548.5389221531877
10959,-4726.081944299793,-3548.5389221531877
10960,864.4301729576873,-3254.4866634184527
10961,864.4301729576873,-3254.4866634184527
10962,9652.894209322214,-5184.560020450719
10963,9652.894209322214,-5184.560020450719
10964,9652.894209322214,-2629.661996100871
10965,9652.894209322214,-2629.661996100871
10966,9652.894209322214,-550.5997414751237
10967,9652.894209322214,-550.5997414751237
10968,9652.894209322214,-2239.4099805924325
10969,9652.894209322214,-2239.4099805924325
10970,9652.894209322214,-4072.660961193129
10971,9652.894209322214,-4072.660961193129
10972,9652.894209322214,-4393.486506329149
10973,9652.894209322214,-4393.486506329149
10974,9417.574347624157,-4744.15760246695
10975,9417.574347624157,-4744.15760246695
10976,4987.117504573702,-1856.3908657482552
10977,4987.117504573702,-1856.3908657482552
10978,-9652.894209322214,-2005.342276782816
10979,-9652.894209322214,-2005.342276782816
10980,-9652.894209322214,-1211.7942446062352
10981,-9652.894209322214,-1211.7942446062352
10982,-9652.894209322214,-2445.586967074776
10983,-9652.894209322214,-2445.586967074776
10984,-9652.894209322214,-1885.4791415700001
10985,-9652.894209322214,-1885.4791415700001
10986,963.9633878713757,-705.7095232625707
10987,963.9633878713757,-705.7095232625707
10988,-3523.278106224181,-1283.1210279219795
10989,-3523.278106224181,-1283.1210279219795
10990,9652.894209322214,-2898.441000487708
10991,9652.894209322214,-2898.441000487708
10992,9652.894209322214,-2797.2477329979592
10993,9652.894209322214,-2797.2477329979592
10994,4958.735204101507,-1232.5647758181804
10995,4958.735204101507,-1232.5647758181804
10996,1525.16958459136,-1428.3867319627352
10997,1525.16958459136,-1428.3867319627352
10998,-2026.9111127404103,104.95389858174713
10999,-2026.9111127404103,104.95389858174713
11000,9652.894209322214,-3166.7865184397633
11001,9652.894209322214,-3166.7865184397633
11002,-2228.4409293337376,-1305.7718400709418
11003,-2228.4409293337376,-1305.7718400709418
11004,-9652.894209322214,-2270.664478952167
11005,-9652.894209322214,-2270.664478952167
11006,-7959.411215528256,-2491.498892166672
11007,-7959.411215528256,-2491.498892166672
11008,2503.5908221216414,-4623.308674631835
11009,2503.5908221216414,-4623.308674631835
11010,9652.894209322214,-1830.8240105598525
11011,9652.894209322214,-1830.8240105598525
11012,6475.37360384221,-2764.9976902058424
11013,6475.37360384221,-2764.9976902058424
11014,9026.027074244153,-1177.1036547228177
11015,9026.027074244153,-1177.1036547228177
11016,6734.964052025839,-2384.5577294757804
11017,6734.964052025839,-2384.5577294757804
11018,8827.193507101349,-1366.207275130204
11019,8827.193507101349,-1366.207275130204
11020,2384.789049336974,72.25021415471383
11021,2384.789049336974,72.25021415471383
11022,5580.028517118797,1101.2385059556182
11023,5580.028517118797,1101.2385059556182
11024,7583.889494491636,351.9095149949462
11025,7583.889494491636,351.9095149949462
11026,-6928.265535541475,1223.909552976711
11027,-6928.265535541475,1223.909552976711
11028,-9652.894209322214,2703.4747679997618
11029,-9652.894209322214,2703.4747679997618
11030,-9652.894209322214,926.131717708231
11031,-9652.894209322214,926.131717708231
11032,7500.530847747597,775.2288104206073
11033,7500.530847747597,775.2288104206073
11034,9652.894209322214,1909.2060204538411
11035,9652.894209322214,1909.2060204538411
11036,9652.894209322214,2853.620859281402
11037,9652.894209322214,2853.620859281402
11038,9652.894209322214,2814.790523498252
11039,9652.894209322214,2814.790523498252
11040,9652.894209322214,-1683.0181562046473
11041,9652.894209322214,-1683.0181562046473
11042,6574.08238033843,-2137.6261845016215
11043,6574.08238033843,-2137.6261845016215
11044,520.0813683130764,-2625.9440625551197
11045,520.0813683130764,-2625.9440625551197
11046,-1082.6780998506001,-2371.3008378864542
11047,-1082.6780998506001,-2371.3008378864542
11048,-2569.7519488081743,-658.9392384223065
11049,-2569.7519488081743,-658.9392384223065
11050,-9652.894209322214,-7547.2228166510595
11051,-9652.894209322214,-7547.2228166510595
11052,-9652.894209322214,-11049.50015636831
11053,-9652.894209322214,-11049.50015636831
11054,-9652.894209322214,-6742.467639539911
11055,-9652.894209322214,-6742.467639539911
11056,-8802.079296945041,-606.3434843086015
11057,-8802.079296945041,-606.3434843086015
11058,4413.143589441707,-2674.742349108068
11059,4413.143589441707,-2674.742349108068
11060,8161.822848670126,-2492.320426859813
11061,8161.822848670126,-2492.320426859813
11062,6443.114114670428,-1380.1833431877767
11063,6443.114114670428,-1380.1833431877767
11064,7001.992833466271,-3605.177276288965
11065,7001.992833466271,-3605.177276288965
11066,8812.96424890266,-3775.070659167808
11067,8812.96424890266,-3775.070659167808
11068,7538.966357777965,-4407.411749753752
11069,7538.966357777965,-4407.411749753752
11070,2615.78444502813,-2842.7959994848807
11071,2615.78444502813,-2842.7959994848807
11072,-4345.095815624691,-3112.5765517337877
11073,-4345.095815624691,-3112.5765517337877
11074,-9652.894209322214,-11367.392476451056
11075,-9652.894209322214,-11367.392476451056
11076,-9652.894209322214,-11290.820292076261
11077,-9652.894209322214,-11290.820292076261
11078,-9652.894209322214,-11378.529333387893
11079,-9652.894209322214,-11378.529333387893
11080,-5.16442423884655,-4605.460333077801
11081,-5.16442423884655,-4605.460333077801
11082,9652.894209322214,-4169.437344845162
11083,9652.894209322214,-4169.437344845162
11084,9652.894209322214,-3201.596164387707
11085,9652.894209322214,-3201.596164387707
11086,9652.894209322214,-2143.5202235335964
11087,9652.894209322214,-2143.5202235335964
11088,9652.894209322214,-1876.288622678374
11089,9652.894209322214,-1876.288622678374
11090,9652.894209322214,-3028.404424910177
11091,9652.894209322214,-3028.404424910177
11092,9652.894209322214,-4679.915445480403
11093,9652.894209322214,-4679.915445480403
11094,9652.894209322214,-2416.236015094868
11095,9652.894209322214,-2416.236015094868
11096,-3231.227751638815,-2216.2234447604696
11097,-3231.227751638815,-2216.2234447604696
11098,-7670.576269385445,-2644.277679953919
11099,-7670.576269385445,-2644.277679953919
11100,-9652.894209322214,-1858.695420679809
11101,-9652.894209322214,-1858.695420679809
11102,-9373.635189418994,-3306.5408745630157
11103,-9373.635189418994,-3306.5408745630157
11104,-5988.816761508027,-2956.8600635878647
11105,-5988.816761508027,-2956.8600635878647
11106,5730.92104825137,-651.3400078461073
11107,5730.92104825137,-651.3400078461073
11108,7146.6697751214015,-3304.1241543036504
11109,7146.6697751214015,-3304.1241543036504
11110,9652.894209322214,-2340.312626856261
11111,9652.894209322214,-2340.312626856261
11112,9652.894209322214,-1939.8378977650718
11113,9652.894209322214,-1939.8378977650718
11114,2298.5800917759443,1072.352835867221
11115,2298.5800917759443,1072.352835867221
11116,-6637.682979618274,1189.4644243214316
11117,-6637.682979618274,1189.4644243214316
11118,-9652.894209322214,597.458179174655
11119,-9652.894209322214,597.458179174655
11120,-9364.851490046429,3158.3863444432445
11121,-9364.851490046429,3158.3863444432445
11122,-9652.894209322214,-102.50266722111883
11123,-9652.894209322214,-102.50266722111883
11124,-9652.894209322214,-1931.9447341727591
11125,-9652.894209322214,-1931.9447341727591
11126,-7239.827918184757,-362.3737822059684
11127,-7239.827918184757,-362.3737822059684
11128,-9652.894209322214,1287.5638035617758
11129,-9652.894209322214,1287.5638035617758
11130,-5480.072971929414,-3391.158589424218
11131,-5480.072971929414,-3391.158589424218
11132,1943.1071709614444,-3131.479641770862
11133,1943.1071709614444,-3131.479641770862
11134,5504.785495850962,-5293.827776798787
11135,5504.785495850962,-5293.827776798787
11136,5705.717354912707,-4470.676932948021
11137,5705.717354912707,-4470.676932948021
11138,6234.508146911667,-4035.281760814565
11139,6234.508146911667,-4035.281760814565
11140,7093.351106604885,-3683.3099968459737
11141,7093.351106604885,-3683.3099968459737
11142,-5987.2983218080335,-4400.14323170305
11143,-5987.2983218080335,-4400.14323170305
11144,-1012.5962673356953,-3799.4666687149384
11145,-1012.5962673356953,-3799.4666687149384
11146,-8808.165201998308,-1390.8799124523339
11147,-8808.165201998308,-1390.8799124523339
11148,-9652.894209322214,-2143.148048771078
11149,-9652.894209322214,-2143.148048771078
11150,-7069.445756280111,-757.8061624563943
11151,-7069.445756280111,-757.8061624563943
11152,9006.530378891845,-3663.857487116953
11153,9006.530378891845,-3663.857487116953
11154,9652.894209322214,-3625.299806577752
11155,9652.894209322214,-3625.299806577752
11156,9652.894209322214,-1848.7362090595252
11157,9652.894209322214,-1848.7362090595252
11158,9652.894209322214,-1587.1500197869882
11159,9652.894209322214,-1587.1500197869882
11160,9652.894209322214,217.56240055426497
11161,9652.894209322214,217.56240055426497
11162,9652.894209322214,-2007.7096163274819
11163,9652.894209322214,-2007.7096163274819
11164,9652.894209322214,-442.168075479718
11165,9652.894209322214,-442.168075479718
11166,9652.894209322214,149.46966457386588
11167,9652.894209322214,149.46966457386588
11168,6670.715194600154,-1489.4896578288135
11169,6670.715194600154,-1489.4896578288135
11170,1895.5626495938977,440.8290903064262
11171,1895.5626495938977,440.8290903064262
11172,-9652.894209322214,335.2696826418378
11173,-9652.894209322214,335.2696826418378
11174,4764.730798208525,-986.752036152946
11175,4764.730798208525,-986.752036152946
11176,7424.333461630404,-1818.3437289752346
11177,7424.333461630404,-1818.3437289752346
11178,9652.894209322214,-1097.2690320750662
11179,9652.894209322214,-1097.2690320750662
11180,9652.894209322214,-527.8661073144594
11181,9652.894209322214,-527.8661073144594
11182,9652.894209322214,-2203.0768639675753
11183,9652.894209322214,-2203.0768639675753
11184,9652.894209322214,-2279.5797532415145
11185,9652.894209322214,-2279.5797532415145
11186,9652.894209322214,-2343.9781478358327
11187,9652.894209322214,-2343.9781478358327
11188,9652.894209322214,-48.93645360787741
11189,9652.894209322214,-48.93645360787741
11190,9652.894209322214,-227.90200612072294
11191,9652.894209322214,-227.90200612072294
11192,9652.894209322214,-871.8839372196599
11193,9652.894209322214,-871.8839372196599
11194,9652.894209322214,-1688.0504530321705
11195,9652.894209322214,-1688.0504530321705
11196,1526.509166225529,-1144.2383567570414
11197,1526.509166225529,-1144.2383567570414
11198,9652.894209322214,-2493.4990866040407
11199,9652.894209322214,-2493.4990866040407
11200,9652.894209322214,-3114.725391704289
11201,9652.894209322214,-3114.725391704289
11202,9652.894209322214,-4318.752113515109
11203,9652.894209322214,-4318.752113515109
11204,9652.894209322214,-3874.1651904488044
11205,9652.894209322214,-3874.1651904488044
11206,9652.894209322214,-298.9344809522263
11207,9652.894209322214,-298.9344809522263
11208,9652.894209322214,-2673.8188817281716
11209,9652.894209322214,-2673.8188817281716
11210,9652.894209322214,-2961.415207067632
11211,9652.894209322214,-2961.415207067632
11212,8160.577341579277,-3030.106876291644
11213,8160.577341579277,-3030.106876291644
11214,7921.182673466218,-3742.101041623582
11215,7921.182673466218,-3742.101041623582
11216,2131.2341155912263,-3114.5461017281614
11217,2131.2341155912263,-3114.5461017281614
11218,-7887.165767106937,75.44454981060335
11219,-7887.165767106937,75.44454981060335
11220,-9652.894209322214,-2557.5352502913192
11221,-9652.894209322214,-2557.5352502913192
11222,-9652.894209322214,-2118.5397841471604
11223,-9652.894209322214,-2118.5397841471604
11224,-2096.295017408287,-3813.1318953552745
11225,-2096.295017408287,-3813.1318953552745
11226,8944.915121216578,-5627.136190054343
11227,8944.915121216578,-5627.136190054343
11228,9652.894209322214,-4377.493983635517
11229,9652.894209322214,-4377.493983635517
11230,9652.894209322214,-3136.964709453807
11231,9652.894209322214,-3136.964709453807
11232,7115.375515631491,-2552.897018662463
11233,7115.375515631491,-2552.897018662463
11234,4176.27233049492,-2332.435706148104
11235,4176.27233049492,-2332.435706148104
11236,984.7257103507982,-2402.526471286734
11237,984.7257103507982,-2402.526471286734
11238,2407.266760677281,-3207.3512171246075
11239,2407.266760677281,-3207.3512171246075
11240,-7782.233951005437,-436.9991249959694
11241,-7782.233951005437,-436.9991249959694
11242,-9652.894209322214,-614.1176579813109
11243,-9652.894209322214,-614.1176579813109
11244,-9652.894209322214,-1129.3887167645826
11245,-9652.894209322214,-1129.3887167645826
11246,-9652.894209322214,-3422.4557423911992
11247,-9652.894209322214,-3422.4557423911992
11248,-6097.1864895799135,-4077.9007090605173
11249,-6097.1864895799135,-4077.9007090605173
11250,7635.448675838923,-5877.395849701008
11251,7635.448675838923,-5877.395849701008
11252,9652.894209322214,-4631.5407946796095
11253,9652.894209322214,-4631.5407946796095
11254,8841.534546052673,-3005.305146479068
11255,8841.534546052673,-3005.305146479068
11256,5858.130894921957,-2724.3678430269556
11257,5858.130894921957,-2724.3678430269556
11258,3092.671817855349,-2840.611533692958
11259,3092.671817855349,-2840.611533692958
11260,-3987.978908244453,-3276.323330717085
11261,-3987.978908244453,-3276.323330717085
11262,-9652.894209322214,-4064.1709741011055
11263,-9652.894209322214,-4064.1709741011055
11264,-9652.894209322214,-1902.484894637777
11265,-9652.894209322214,-1902.484894637777
11266,-9652.894209322214,-7652.0769084745625
11267,-9652.894209322214,-7652.0769084745625
11268,-9652.894209322214,-11222.309746210629
11269,-9652.894209322214,-11222.309746210629
11270,-9652.894209322214,-4493.937896817044
11271,-9652.894209322214,-4493.937896817044
11272,-9652.894209322214,-4855.640133768578
11273,-9652.894209322214,-4855.640133768578
11274,-5769.659987777321,-6234.0553140792435
11275,-5769.659987777321,-6234.0553140792435
11276,-1166.6948832188027,-5213.404007666522
11277,-1166.6948832188027,-5213.404007666522
11278,1597.7062191033801,-3879.100611680691
11279,1597.7062191033801,-3879.100611680691
11280,5411.714425263544,-3075.495542186749
11281,5411.714425263544,-3075.495542186749
11282,1814.4085261989594,-3217.749255005081
11283,1814.4085261989594,-3217.749255005081
11284,-6114.794315912643,-3281.644263888593
11285,-6114.794315912643,-3281.644263888593
11286,-6480.194087599481,-2211.1368688087005
11287,-6480.194087599481,-2211.1368688087005
11288,-9652.894209322214,-1059.0987745669281
11289,-9652.894209322214,-1059.0987745669281
11290,-9652.894209322214,-2715.3731492196403
11291,-9652.894209322214,-2715.3731492196403
11292,-9652.894209322214,-2207.5018852653193
11293,-9652.894209322214,-2207.5018852653193
11294,-9652.894209322214,-4374.575675365999
11295,-9652.894209322214,-4374.575675365999
11296,-9652.894209322214,-4691.81731016403
11297,-9652.894209322214,-4691.81731016403
11298,-6848.578921271914,-2127.116411206285
11299,-6848.578921271914,-2127.116411206285
11300,-2969.6743656285926,-1015.2896409483819
11301,-2969.6743656285926,-1015.2896409483819
11302,-6288.460302036301,302.64754504880693
11303,-6288.460302036301,302.64754504880693
11304,-9108.286021221604,645.5672015696891
11305,-9108.286021221604,645.5672015696891
11306,-9652.894209322214,457.6368075990413
11307,-9652.894209322214,457.6368075990413
11308,-9652.894209322214,594.9187366493679
11309,-9652.894209322214,594.9187366493679
11310,-9652.894209322214,-31.835504916527498
11311,-9652.894209322214,-31.835504916527498
11312,-9652.894209322214,-2039.385696312489
11313,-9652.894209322214,-2039.385696312489
11314,-9652.894209322214,-853.1540638748356
11315,-9652.894209322214,-853.1540638748356
11316,-9652.894209322214,-2458.28338599394
11317,-9652.894209322214,-2458.28338599394
11318,-9652.894209322214,-1479.086713473096
11319,-9652.894209322214,-1479.086713473096
11320,-9652.894209322214,-3033.8100694099357
11321,-9652.894209322214,-3033.8100694099357
11322,-4251.703991661438,-1974.7371172654184
11323,-4251.703991661438,-1974.7371172654184
11324,-4250.193604586633,-644.489404522963
11325,-4250.193604586633,-644.489404522963
11326,-5801.325911775384,1231.954921614206
11327,-5801.325911775384,1231.954921614206
11328,4.051446698435029,-2297.47524341138
11329,4.051446698435029,-2297.47524341138
11330,2588.235334232635,-1547.253922087133
11331,2588.235334232635,-1547.253922087133
11332,-2002.7271395359166,-965.0489353654248
11333,-2002.7271395359166,-965.0489353654248
11334,-9378.37992287756,314.29586311329876
11335,-9378.37992287756,314.29586311329876
11336,-8503.179265438637,2286.4128370752205
11337,-8503.179265438637,2286.4128370752205
11338,-9652.894209322214,1258.055765084886
11339,-9652.894209322214,1258.055765084886
11340,-9652.894209322214,1154.702899177697
11341,-9652.894209322214,1154.702899177697
11342,-9652.894209322214,3472.7653980337473
11343,-9652.894209322214,3472.7653980337473
11344,-7670.170782602181,1344.928491081644
11345,-7670.170782602181,1344.928491081644
11346,-163.41094345879173,-2517.072161031965
11347,-163.41094345879173,-2517.072161031965
11348,1758.5273044652022,-3504.24130164656
11349,1758.5273044652022,-3504.24130164656
11350,3138.7924763524243,-3376.564891009799
11351,3138.7924763524243,-3376.564891009799
11352,9652.894209322214,-2608.464566432189
11353,9652.894209322214,-2608.464566432189
11354,9652.894209322214,-2093.6189896461674
11355,9652.894209322214,-2093.6189896461674
11356,7501.745254483401,-1627.720578923976
11357,7501.745254483401,-1627.720578923976
11358,2709.5066913780174,-1380.480017657459
11359,2709.5066913780174,-1380.480017657459
11360,469.7314004337786,-1061.9237691761446
11361,469.7314004337786,-1061.9237691761446
11362,438.36072096305725,-907.9925430028761
11363,438.36072096305725,-907.9925430028761
11364,-3354.7578389273094,-1606.7272035781625
11365,-3354.7578389273094,-1606.7272035781625
11366,2633.816127637214,-2534.4679874034173
11367,2633.816127637214,-2534.4679874034173
11368,2525.852062295522,-3622.652349820668
11369,2525.852062295522,-3622.652349820668
11370,8736.893296981852,-5001.97284020738
11371,8736.893296981852,-5001.97284020738
11372,5528.138277889175,-4521.706783083728
11373,5528.138277889175,-4521.706783083728
11374,6849.413988085347,-4471.467771792855
11375,6849.413988085347,-4471.467771792855
11376,9602.060645259127,-4034.750508421268
11377,9602.060645259127,-4034.750508421268
11378,8370.36990411004,-3913.6876478421636
11379,8370.36990411004,-3913.6876478421636
11380,-321.3117055947114,-3967.4903314929707
11381,-321.3117055947114,-3967.4903314929707
11382,-3087.922198574248,-4723.651087801978
11383,-3087.922198574248,-4723.651087801978
11384,6378.841188914548,-3222.0716058355047
11385,6378.841188914548,-3222.0716058355047
11386,-2174.4577749641267,-843.1177221143389
11387,-2174.4577749641267,-843.1177221143389
11388,-5859.706960564419,-290.2819975285038
11389,-5859.706960564419,-290.2819975285038
11390,-339.73187925743514,-2686.996764599249
11391,-339.73187925743514,-2686.996764599249
11392,1296.675463252137,-4498.028919077004
11393,1296.675463252137,-4498.028919077004
11394,6622.577349947798,-5556.580220675276
11395,6622.577349947798,-5556.580220675276
11396,5689.125705811126,-4112.375170538831
11397,5689.125705811126,-4112.375170538831
11398,7032.44063372372,-2723.7844341176624
11399,7032.44063372372,-2723.7844341176624
11400,6912.344810742672,-2123.272458616346
11401,6912.344810742672,-2123.272458616346
11402,1386.054656354505,-1855.4893148507963
11403,1386.054656354505,-1855.4893148507963
11404,-5701.287331975851,-1575.5348265497305
11405,-5701.287331975851,-1575.5348265497305
11406,-8721.670089117273,-2299.0988166743464
11407,-8721.670089117273,-2299.0988166743464
11408,-9652.894209322214,-2742.225344349761
11409,-9652.894209322214,-2742.225344349761
11410,-9652.894209322214,380.0618182321996
11411,-9652.894209322214,380.0618182321996
11412,-9652.894209322214,-1492.3392701948142
11413,-9652.894209322214,-1492.3392701948142
11414,-9652.894209322214,-1221.2084033215415
11415,-9652.894209322214,-1221.2084033215415
11416,-9652.894209322214,-2870.228737139132
11417,-9652.894209322214,-2870.228737139132
11418,-4494.988159783859,-2695.535444477455
11419,-4494.988159783859,-2695.535444477455
11420,-5831.98486820606,-1650.079116020459
11421,-5831.98486820606,-1650.079116020459
11422,-1288.6293527286252,588.891267054285
11423,-1288.6293527286252,588.891267054285
11424,-1099.1270468609637,-926.729895507875
11425,-1099.1270468609637,-926.729895507875
11426,-2443.4736602523444,-1663.3953264618522
11427,-2443.4736602523444,-1663.3953264618522
11428,-9652.894209322214,-1699.4970645557532
11429,-9652.894209322214,-1699.4970645557532
11430,-9652.894209322214,-3247.4467795125656
11431,-9652.894209322214,-3247.4467795125656
11432,-9652.894209322214,-4287.657384573811
11433,-9652.894209322214,-4287.657384573811
11434,-9652.894209322214,-9584.228293873477
11435,-9652.894209322214,-9584.228293873477
11436,-9652.894209322214,-11122.517727495084
11437,-9652.894209322214,-11122.517727495084
11438,-9652.894209322214,-11192.459376258319
11439,-9652.894209322214,-11192.459376258319
11440,-9652.894209322214,-6754.55499108334
11441,-9652.894209322214,-6754.55499108334
11442,-6992.312860860555,-6297.8941864811
11443,-6992.312860860555,-6297.8941864811
11444,9652.894209322214,-5627.249920521945
11445,9652.894209322214,-5627.249920521945
11446,9652.894209322214,-4245.511550472898
11447,9652.894209322214,-4245.511550472898
11448,9652.894209322214,-3370.55975126709
11449,9652.894209322214,-3370.55975126709
11450,9481.572181627147,-3232.2645644116838
11451,9481.572181627147,-3232.2645644116838
11452,7687.641555034301,-3597.9326368800375
11453,7687.641555034301,-3597.9326368800375
11454,7215.573667956268,-4405.136601383389
11455,7215.573667956268,-4405.136601383389
11456,-3166.3978188609235,-2676.2439861632574
11457,-3166.3978188609235,-2676.2439861632574
11458,-9652.894209322214,-2607.2251082402654
11459,-9652.894209322214,-2607.2251082402654
11460,-9652.894209322214,-4622.542195252718
11461,-9652.894209322214,-4622.542195252718
11462,-9652.894209322214,-3464.2536610189636
11463,-9652.894209322214,-3464.2536610189636
11464,-256.3680329938379,-4557.9370304075655
11465,-256.3680329938379,-4557.9370304075655
11466,9652.894209322214,-7190.951589778561
11467,9652.894209322214,-7190.951589778561
11468,9652.894209322214,-6486.454203317215
11469,9652.894209322214,-6486.454203317215
11470,9652.894209322214,-4830.094159838618
11471,9652.894209322214,-4830.094159838618
11472,9652.894209322214,-1747.7165144951814
11473,9652.894209322214,-1747.7165144951814
11474,9652.894209322214,-3248.3641803150895
11475,9652.894209322214,-3248.3641803150895
11476,21.18373541128676,-3661.194638340572
11477,21.18373541128676,-3661.194638340572
11478,1559.6064821633627,-4560.844782437118
11479,1559.6064821633627,-4560.844782437118
11480,9652.894209322214,-3595.5098154580082
11481,9652.894209322214,-3595.5098154580082
11482,-4874.600976310601,-2957.982542240845
11483,-4874.600976310601,-2957.982542240845
11484,-9652.894209322214,-5173.5747288205675
11485,-9652.894209322214,-5173.5747288205675
11486,-4761.4097455343435,-4199.2542918265335
11487,-4761.4097455343435,-4199.2542918265335
11488,-9652.894209322214,-3782.6223890121983
11489,-9652.894209322214,-3782.6223890121983
11490,-5653.868087336577,-2081.7792574865816
11491,-5653.868087336577,-2081.7792574865816
11492,8562.33005074647,-1392.9617526527745
11493,8562.33005074647,-1392.9617526527745
11494,9652.894209322214,-4980.777398242388
11495,9652.894209322214,-4980.777398242388
11496,9652.894209322214,-1916.906678258234
11497,9652.894209322214,-1916.906678258234
11498,9652.894209322214,-2163.7256184417874
11499,9652.894209322214,-2163.7256184417874
11500,9652.894209322214,-3136.401864718422
11501,9652.894209322214,-3136.401864718422
11502,9652.894209322214,-38.780599161642385
11503,9652.894209322214,-38.780599161642385
11504,9652.894209322214,194.0328219918847
11505,9652.894209322214,194.0328219918847
11506,8460.241674403103,-4068.070860545102
11507,8460.241674403103,-4068.070860545102
11508,3384.668480058228,-3095.128323908899
11509,3384.668480058228,-3095.128323908899
11510,9652.894209322214,-3534.6843603375855
11511,9652.894209322214,-3534.6843603375855
11512,9652.894209322214,-4820.8543647948845
11513,9652.894209322214,-4820.8543647948845
11514,9652.894209322214,-6254.52303584002
11515,9652.894209322214,-6254.52303584002
11516,9652.894209322214,-5559.1440832322205
11517,9652.894209322214,-5559.1440832322205
11518,9652.894209322214,-1690.8758546345398
11519,9652.894209322214,-1690.8758546345398
11520,9652.894209322214,-1974.2075828540674
11521,9652.894209322214,-1974.2075828540674
11522,9652.894209322214,-3526.930661544151
11523,9652.894209322214,-3526.930661544151
11524,9652.894209322214,-3121.2040659882714
11525,9652.894209322214,-3121.2040659882714
11526,9652.894209322214,-2506.253163554664
11527,9652.894209322214,-2506.253163554664
11528,9652.894209322214,-2787.786414761482
11529,9652.894209322214,-2787.786414761482
11530,-3613.2782628723635,-772.1318817459505
11531,-3613.2782628723635,-772.1318817459505
11532,-9112.624488631664,463.5900144901534
11533,-9112.624488631664,463.5900144901534
11534,-2956.7510167420805,-1084.453610636794
11535,-2956.7510167420805,-1084.453610636794
11536,6621.684077175464,-3917.6020359467275
11537,6621.684077175464,-3917.6020359467275
11538,5612.036671799386,-5328.741823078866
11539,5612.036671799386,-5328.741823078866
11540,9652.894209322214,-5339.678248812585
11541,9652.894209322214,-5339.678248812585
11542,9652.894209322214,-2747.947868534651
11543,9652.894209322214,-2747.947868534651
11544,9652.894209322214,-3297.874967363123
11545,9652.894209322214,-3297.874967363123
11546,9652.894209322214,-2993.4953888360305
11547,9652.894209322214,-2993.4953888360305
11548,5191.256625171553,-2709.274506342301
11549,5191.256625171553,-2709.274506342301
11550,6658.928040555775,-2785.845332351182
11551,6658.928040555775,-2785.845332351182
11552,3646.275560014101,740.959264228246
11553,3646.275560014101,740.959264228246
11554,590.8340817880726,1601.190575000839
11555,590.8340817880726,1601.190575000839
11556,-7989.600373173485,3151.6300319408783
11557,-7989.600373173485,3151.6300319408783
11558,-4942.889753334897,879.0092706594878
11559,-4942.889753334897,879.0092706594878
11560,6161.803587746155,-3886.6977708103495
11561,6161.803587746155,-3886.6977708103495
11562,7464.895842704698,-3130.466002891726
11563,7464.895842704698,-3130.466002891726
11564,9652.894209322214,-5556.178279792906
11565,9652.894209322214,-5556.178279792906
11566,9652.894209322214,-4117.607328421791
11567,9652.894209322214,-4117.607328421791
11568,9334.09244688334,-3624.6480616484278
11569,9334.09244688334,-3624.6480616484278
11570,6308.788481811457,-3728.241216661967
11571,6308.788481811457,-3728.241216661967
11572,3394.1220133149673,-3928.4764762017385
11573,3394.1220133149673,-3928.4764762017385
11574,1359.4625263243524,-4265.687079456389
11575,1359.4625263243524,-4265.687079456389
11576,-5232.79334964165,-3416.1490938902407
11577,-5232.79334964165,-3416.1490938902407
11578,-9652.894209322214,-3327.673740828357
11579,-9652.894209322214,-3327.673740828357
11580,-9652.894209322214,-2885.698421872088
11581,-9652.894209322214,-2885.698421872088
11582,-9652.894209322214,-4227.057156280573
11583,-9652.894209322214,-4227.057156280573
11584,-9652.894209322214,-3845.5711067193424
11585,-9652.894209322214,-3845.5711067193424
11586,-9652.894209322214,-4512.987411013297
11587,-9652.894209322214,-4512.987411013297
11588,-6325.653696099998,-3856.8668529930364
11589,-6325.653696099998,-3856.8668529930364
11590,-2270.255594747756,-2292.658304734832
11591,-2270.255594747756,-2292.658304734832
11592,-2915.8337219141195,-1564.937274105927
11593,-2915.8337219141195,-1564.937274105927
11594,-2352.7444454236884,-1523.0030524487902
11595,-2352.7444454236884,-1523.0030524487902
11596,-4414.686388974726,-2071.477171386132
11597,-4414.686388974726,-2071.477171386132
11598,-5169.240921711606,-3198.581076898603
11599,-5169.240921711606,-3198.581076898603
11600,-9652.894209322214,-4367.768986086621
11601,-9652.894209322214,-4367.768986086621
11602,-9652.894209322214,-9404.139403936784
11603,-9652.894209322214,-9404.139403936784
11604,-9652.894209322214,-11359.058382234114
11605,-9652.894209322214,-11359.058382234114
11606,-9652.894209322214,-6395.772245299719
11607,-9652.894209322214,-6395.772245299719
11608,-7375.704932625798,-5328.721486742181
11609,-7375.704932625798,-5328.721486742181
11610,6769.530324796907,-5832.006127194965
11611,6769.530324796907,-5832.006127194965
11612,9584.233983591,-5074.396034949174
11613,9584.233983591,-5074.396034949174
11614,7380.734042278382,-4117.458021148352
11615,7380.734042278382,-4117.458021148352
11616,5316.168086099035,-3088.430738416806
11617,5316.168086099035,-3088.430738416806
11618,2849.42364094774,-2741.9515948821954
11619,2849.42364094774,-2741.9515948821954
11620,1667.0319567283123,-2937.758672036396
11621,1667.0319567283123,-2937.758672036396
11622,6401.8490816776575,-3438.5347105384008
11623,6401.8490816776575,-3438.5347105384008
11624,3713.1292334318678,-4067.8498247149473
11625,3713.1292334318678,-4067.8498247149473
11626,-8553.174529720149,-1785.7225164895717
11627,-8553.174529720149,-1785.7225164895717
11628,-9652.894209322214,-3520.9839354449505
11629,-9652.894209322214,-3520.9839354449505
11630,-9652.894209322214,-2563.0875949955425
11631,-9652.894209322214,-2563.0875949955425
11632,183.01988502552922,-5287.947929466043
11633,183.01988502552922,-5287.947929466043
11634,9652.894209322214,-1827.1253238237587
11635,9652.894209322214,-1827.1253238237587
11636,9652.894209322214,-716.9523340617707
11637,9652.894209322214,-716.9523340617707
11638,9652.894209322214,-3039.004779881847
11639,9652.894209322214,-3039.004779881847
11640,9652.894209322214,-551.7093704330091
11641,9652.894209322214,-551.7093704330091
11642,9652.894209322214,-3405.5660138389976
11643,9652.894209322214,-3405.5660138389976
11644,6833.5845496333295,-3870.2629164899354
11645,6833.5845496333295,-3870.2629164899354
11646,7166.322009364794,-3735.4511406117326
11647,7166.322009364794,-3735.4511406117326
11648,-561.9110302664085,-4328.66119961591
11649,-561.9110302664085,-4328.66119961591
11650,-9652.894209322214,-5303.605602764341
11651,-9652.894209322214,-5303.605602764341
11652,-9652.894209322214,-2598.4546878982237
11653,-9652.894209322214,-2598.4546878982237
11654,-9652.894209322214,-1551.4187378453335
11655,-9652.894209322214,-1551.4187378453335
11656,95.72092400066504,-3344.7001207246594
11657,95.72092400066504,-3344.7001207246594
11658,9652.894209322214,-1799.585873078695
11659,9652.894209322214,-1799.585873078695
11660,9652.894209322214,-3563.982517800554
11661,9652.894209322214,-3563.982517800554
11662,8486.069221590697,-2591.513008205724
11663,8486.069221590697,-2591.513008205724
11664,2925.069721680028,-432.49303140790107
11665,2925.069721680028,-432.49303140790107
11666,109.83372293729553,349.6105105295628
11667,109.83372293729553,349.6105105295628
11668,-2804.1611072799005,524.5906846137295
11669,-2804.1611072799005,524.5906846137295
11670,-341.1590552744201,29.051213082973845
11671,-341.1590552744201,29.051213082973845
11672,-1443.0399599708362,-337.8744139935916
11673,-1443.0399599708362,-337.8744139935916
11674,-9652.894209322214,-1606.0322708558906
11675,-9652.894209322214,-1606.0322708558906
11676,-9652.894209322214,1624.4433797060592
11677,-9652.894209322214,1624.4433797060592
11678,-6415.736087018351,99.18984564378115
11679,-6415.736087018351,99.18984564378115
11680,9652.894209322214,-3717.5140490556787
11681,9652.894209322214,-3717.5140490556787
11682,9652.894209322214,-2065.031326383403
11683,9652.894209322214,-2065.031326383403
11684,9652.894209322214,-1788.6484435383409
11685,9652.894209322214,-1788.6484435383409
11686,9652.894209322214,-1784.067996579779
11687,9652.894209322214,-1784.067996579779
11688,9652.894209322214,-1550.7416321110886
11689,9652.894209322214,-1550.7416321110886
11690,9652.894209322214,-4498.388527402976
11691,9652.894209322214,-4498.388527402976
11692,5965.404918213808,-3449.6240001967653
11693,5965.404918213808,-3449.6240001967653
11694,1643.396588430769,-3150.8884525455796
11695,1643.396588430769,-3150.8884525455796
11696,-9078.037857610383,-1003.208070600469
11697,-9078.037857610383,-1003.208070600469
11698,-9652.894209322214,-4918.363770956144
11699,-9652.894209322214,-4918.363770956144
11700,-9652.894209322214,-9736.308549252768
11701,-9652.894209322214,-9736.308549252768
11702,-9652.894209322214,-6481.228193226758
11703,-9652.894209322214,-6481.228193226758
11704,-7951.627274289371,-570.0110693602855
11705,-7951.627274289371,-570.0110693602855
11706,-3566.647395268643,-2269.0320404392405
11707,-3566.647395268643,-2269.0320404392405
11708,933.5276013903494,-3958.70530715088
11709,933.5276013903494,-3958.70530715088
11710,-369.5767032903641,54.75441103779667
11711,-369.5767032903641,54.75441103779667
11712,-1631.3011494210823,294.1559012909074
11713,-1631.3011494210823,294.1559012909074
11714,996.4760122981261,-416.2490490893415
11715,996.4760122981261,-416.2490490893415
11716,-2417.0873912939715,-4863.152401747944
11717,-2417.0873912939715,-4863.152401747944
11718,-5436.027765839335,-3422.497666146688
11719,-5436.027765839335,-3422.497666146688
11720,906.7065803766309,-4790.250556188557
11721,906.7065803766309,-4790.250556188557
11722,-1306.588038482365,-3747.9968981005004
11723,-1306.588038482365,-3747.9968981005004
11724,-5878.876078719086,-3589.6916190837856
11725,-5878.876078719086,-3589.6916190837856
11726,-1937.4653561960804,-4678.957497092875
11727,-1937.4653561960804,-4678.957497092875
11728,6458.001969529791,-5185.910914420338
11729,6458.001969529791,-5185.910914420338
11730,7079.719107539986,-2968.2334758730376
11731,7079.719107539986,-2968.2334758730376
11732,9652.894209322214,-5155.555448493806
11733,9652.894209322214,-5155.555448493806
11734,9652.894209322214,-1599.4607694211409
11735,9652.894209322214,-1599.4607694211409
11736,8917.619339952398,-4617.14283009459
11737,8917.619339952398,-4617.14283009459
11738,4284.724069518255,-4206.285213693387
11739,4284.724069518255,-4206.285213693387
11740,-1035.3368034816267,-3864.99906719518
11741,-1035.3368034816267,-3864.99906719518
11742,-5542.099325500985,-4158.971613078989
11743,-5542.099325500985,-4158.971613078989
11744,-7152.916296295014,-4051.0903710335515
11745,-7152.916296295014,-4051.0903710335515
11746,-9652.894209322214,-2589.427617649668
11747,-9652.894209322214,-2589.427617649668
11748,-9652.894209322214,-1417.538977561022
11749,-9652.894209322214,-1417.538977561022
11750,-9652.894209322214,-1429.6938706204091
11751,-9652.894209322214,-1429.6938706204091
11752,-415.003734482696,-5150.002209793629
11753,-415.003734482696,-5150.002209793629
11754,7087.951928670779,-6286.7742061059635
11755,7087.951928670779,-6286.7742061059635
11756,5120.814354928315,-1076.4353153638822
11757,5120.814354928315,-1076.4353153638822
11758,7028.566112612421,-4151.704279128613
11759,7028.566112612421,-4151.704279128613
11760,674.0754817945854,-3055.986073492644
11761,674.0754817945854,-3055.986073492644
11762,1064.589650394275,-1928.1483395095147
11763,1064.589650394275,-1928.1483395095147
11764,-2332.324222680403,-886.5036527031734
11765,-2332.324222680403,-886.5036527031734
11766,-9652.894209322214,-858.064477419437
11767,-9652.894209322214,-858.064477419437
11768,-9652.894209322214,-2008.7648261366394
11769,-9652.894209322214,-2008.7648261366394
11770,-9652.894209322214,-3853.3808229008846
11771,-9652.894209322214,-3853.3808229008846
11772,-9652.894209322214,-3568.4370570098818
11773,-9652.894209322214,-3568.4370570098818
11774,-9652.894209322214,-3389.974949345702
11775,-9652.894209322214,-3389.974949345702
11776,-9652.894209322214,-5380.778919250342
11777,-9652.894209322214,-5380.778919250342
11778,-9652.894209322214,-2554.442316651981
11779,-9652.894209322214,-2554.442316651981
11780,-3631.788616564372,-5930.846134599387
11781,-3631.788616564372,-5930.846134599387
11782,-7749.931049189403,-2987.284998716561
11783,-7749.931049189403,-2987.284998716561
11784,-1933.649623120702,-4768.515535392371
11785,-1933.649623120702,-4768.515535392371
11786,-2776.339833969867,-4235.900427380888
11787,-2776.339833969867,-4235.900427380888
11788,-9164.394964977924,-4161.367016758237
11789,-9164.394964977924,-4161.367016758237
11790,-7730.680710096465,-3934.4056745255584
11791,-7730.680710096465,-3934.4056745255584
11792,-9652.894209322214,-4386.3403601395385
11793,-9652.894209322214,-4386.3403601395385
11794,-8837.477380210818,-5275.349956217291
11795,-8837.477380210818,-5275.349956217291
11796,-9652.894209322214,-4824.32883304047
11797,-9652.894209322214,-4824.32883304047
11798,-7743.413567341027,-5736.335296353007
11799,-7743.413567341027,-5736.335296353007
11800,-3764.1447293656893,-5746.101705300611
11801,-3764.1447293656893,-5746.101705300611
11802,-562.2183792841552,-4098.967955721009
11803,-562.2183792841552,-4098.967955721009
11804,-1347.929033384742,-3320.3204600209156
11805,-1347.929033384742,-3320.3204600209156
11806,-3928.360707463831,-2828.475744890058
11807,-3928.360707463831,-2828.475744890058
11808,3032.2732819507455,-5083.304892445061
11809,3032.2732819507455,-5083.304892445061
11810,4372.56339395024,-4450.527858326192
11811,4372.56339395024,-4450.527858326192
11812,-3575.0607718912725,-4565.308260768359
11813,-3575.0607718912725,-4565.308260768359
11814,-1429.1810925047394,-4517.791095232191
11815,-1429.1810925047394,-4517.791095232191
11816,-3471.77987325142,-4739.4030709354065
11817,-3471.77987325142,-4739.4030709354065
11818,-1645.448638413567,-5629.352984335203
11819,-1645.448638413567,-5629.352984335203
11820,-9652.894209322214,-3972.9561002875853
11821,-9652.894209322214,-3972.9561002875853
11822,-3585.807327052202,-6722.525070417166
11823,-3585.807327052202,-6722.525070417166
11824,-6037.554062869587,-1417.5610599149313
11825,-6037.554062869587,-1417.5610599149313
11826,4138.287849755644,-2645.929764828523
11827,4138.287849755644,-2645.929764828523
11828,3219.944780680805,-2098.8555286577066
11829,3219.944780680805,-2098.8555286577066
11830,9652.894209322214,-4283.731434513727
11831,9652.894209322214,-4283.731434513727
11832,9652.894209322214,-5150.253409659117
11833,9652.894209322214,-5150.253409659117
11834,9652.894209322214,-4277.430787782958
11835,9652.894209322214,-4277.430787782958
11836,9652.894209322214,-3875.138017999707
11837,9652.894209322214,-3875.138017999707
11838,9652.894209322214,-3646.0966467638955
11839,9652.894209322214,-3646.0966467638955
11840,9652.894209322214,-2017.8862073925939
11841,9652.894209322214,-2017.8862073925939
11842,4964.090664913492,-2175.967084665559
11843,4964.090664913492,-2175.967084665559
11844,-7635.921033763225,-1259.4839384035295
11845,-7635.921033763225,-1259.4839384035295
11846,6617.366014569606,-2572.628313561203
11847,6617.366014569606,-2572.628313561203
11848,9652.894209322214,-3370.2785026280744
11849,9652.894209322214,-3370.2785026280744
11850,9652.894209322214,-857.4097676075216
11851,9652.894209322214,-857.4097676075216
11852,9652.894209322214,-1395.8241179427823
11853,9652.894209322214,-1395.8241179427823
11854,9652.894209322214,-3098.512121038837
11855,9652.894209322214,-3098.512121038837
11856,9652.894209322214,-2144.0648046936603
11857,9652.894209322214,-2144.0648046936603
11858,9652.894209322214,-2724.304773284588
11859,9652.894209322214,-2724.304773284588
11860,9652.894209322214,-4706.979748650407
11861,9652.894209322214,-4706.979748650407
11862,9652.894209322214,-3124.426479229989
11863,9652.894209322214,-3124.426479229989
11864,9652.894209322214,-2935.480082227399
11865,9652.894209322214,-2935.480082227399
11866,-1323.1122941164576,-274.9201573170467
11867,-1323.1122941164576,-274.9201573170467
11868,-9652.894209322214,-573.871814971084
11869,-9652.894209322214,-573.871814971084
11870,-6398.447645028604,-2329.7683049901807
11871,-6398.447645028604,-2329.7683049901807
11872,9652.894209322214,-3831.80633620393
11873,9652.894209322214,-3831.80633620393
11874,9652.894209322214,-3512.6906154494154
11875,9652.894209322214,-3512.6906154494154
11876,9652.894209322214,-3179.3350808970918
11877,9652.894209322214,-3179.3350808970918
11878,9652.894209322214,-2736.149819288892
11879,9652.894209322214,-2736.149819288892
11880,9652.894209322214,-4321.309513799339
11881,9652.894209322214,-4321.309513799339
11882,9652.894209322214,-4675.722793069666
11883,9652.894209322214,-4675.722793069666
11884,9652.894209322214,-4077.883174824272
11885,9652.894209322214,-4077.883174824272
11886,9652.894209322214,-4109.873933213576
11887,9652.894209322214,-4109.873933213576
11888,9652.894209322214,-3084.680739417172
11889,9652.894209322214,-3084.680739417172
11890,9652.894209322214,-3574.2286966660213
11891,9652.894209322214,-3574.2286966660213
11892,1653.3952260284586,-2867.4964202501687
11893,1653.3952260284586,-2867.4964202501687
11894,9652.894209322214,-4819.335576996906
11895,9652.894209322214,-4819.335576996906
11896,9652.894209322214,-5593.079566845978
11897,9652.894209322214,-5593.079566845978
11898,9652.894209322214,-4627.226676536986
11899,9652.894209322214,-4627.226676536986
11900,9652.894209322214,-3740.938984587623
11901,9652.894209322214,-3740.938984587623
11902,9652.894209322214,-3144.1566291921645
11903,9652.894209322214,-3144.1566291921645
11904,9652.894209322214,-3491.687371251037
11905,9652.894209322214,-3491.687371251037
11906,9652.894209322214,-3899.329516987589
11907,9652.894209322214,-3899.329516987589
11908,9652.894209322214,-3305.4975047841835
11909,9652.894209322214,-3305.4975047841835
11910,9652.894209322214,-3035.686526355741
11911,9652.894209322214,-3035.686526355741
11912,9652.894209322214,-5142.802811046609
11913,9652.894209322214,-5142.802811046609
11914,3363.5223623517195,-3007.734808288311
11915,3363.5223623517195,-3007.734808288311
11916,-9652.894209322214,-2508.064625810841
11917,-9652.894209322214,-2508.064625810841
11918,-1160.1676946214939,-4575.7862291972815
11919,-1160.1676946214939,-4575.7862291972815
11920,9652.894209322214,-5502.845900342918
11921,9652.894209322214,-5502.845900342918
11922,9652.894209322214,-5773.984500283381
11923,9652.894209322214,-5773.984500283381
11924,9652.894209322214,-4086.730299329696
11925,9652.894209322214,-4086.730299329696
11926,9652.894209322214,-3374.921241877928
11927,9652.894209322214,-3374.921241877928
11928,9652.894209322214,-5333.187794016278
11929,9652.894209322214,-5333.187794016278
11930,9652.894209322214,-5019.856797428582
11931,9652.894209322214,-5019.856797428582
11932,9652.894209322214,-4653.1585840592725
11933,9652.894209322214,-4653.1585840592725
11934,9652.894209322214,-4715.777308941335
11935,9652.894209322214,-4715.777308941335
11936,9652.894209322214,-6324.389101969937
11937,9652.894209322214,-6324.389101969937
11938,1207.099356587447,-3476.1300003451724
11939,1207.099356587447,-3476.1300003451724
11940,-9652.894209322214,-2795.1230911368566
11941,-9652.894209322214,-2795.1230911368566
11942,-2648.709408803479,-4659.798262892053
11943,-2648.709408803479,-4659.798262892053
11944,-6848.368084231533,-3458.19875966373
11945,-6848.368084231533,-3458.19875966373
11946,9652.894209322214,-6686.050140199366
11947,9652.894209322214,-6686.050140199366
11948,9652.894209322214,-4651.454765470413
11949,9652.894209322214,-4651.454765470413
11950,9652.894209322214,-2639.252666725537
11951,9652.894209322214,-2639.252666725537
11952,9652.894209322214,-4807.147330030373
11953,9652.894209322214,-4807.147330030373
11954,9652.894209322214,-1724.067787375412
11955,9652.894209322214,-1724.067787375412
11956,9652.894209322214,-4788.099527213304
11957,9652.894209322214,-4788.099527213304
11958,9652.894209322214,-4768.298057295944
11959,9652.894209322214,-4768.298057295944
11960,9652.894209322214,-1529.5833965400598
11961,9652.894209322214,-1529.5833965400598
11962,4785.320658956151,-3540.7419155128828
11963,4785.320658956151,-3540.7419155128828
11964,-3991.930617053642,-2929.8956718769623
11965,-3991.930617053642,-2929.8956718769623
11966,5777.06936620311,-5157.275767561228
11967,5777.06936620311,-5157.275767561228
11968,-9652.894209322214,-1014.30538082774
11969,-9652.894209322214,-1014.30538082774
11970,5426.821971416265,-1540.0563383325753
11971,5426.821971416265,-1540.0563383325753
11972,9652.894209322214,-1741.051006838723
11973,9652.894209322214,-1741.051006838723
11974,9652.894209322214,-2703.516792803379
11975,9652.894209322214,-2703.516792803379
11976,9652.894209322214,-5212.242288974989
11977,9652.894209322214,-5212.242288974989
11978,9652.894209322214,-5110.108356171755
11979,9652.894209322214,-5110.108356171755
11980,9652.894209322214,-5195.361648686003
11981,9652.894209322214,-5195.361648686003
11982,9652.894209322214,-4794.963247981334
11983,9652.894209322214,-4794.963247981334
11984,9652.894209322214,-3465.114590780582
11985,9652.894209322214,-3465.114590780582
11986,9652.894209322214,-3121.5214327285303
11987,9652.894209322214,-3121.5214327285303
11988,2284.8553208466874,-2303.4399762193934
11989,2284.8553208466874,-2303.4399762193934
11990,8066.56447591454,-4364.071514121064
11991,8066.56447591454,-4364.071514121064
11992,9652.894209322214,-5030.463233526225
11993,9652.894209322214,-5030.463233526225
11994,9652.894209322214,-6410.226435853224
11995,9652.894209322214,-6410.226435853224
11996,9652.894209322214,-3470.938167272563
11997,9652.894209322214,-3470.938167272563
11998,9652.894209322214,-3870.6502102786526
11999,9652.894209322214,-3870.6502102786526
12000,9652.894209322214,-2683.81642025413
12001,9652.894209322214,-2683.81642025413
12002,9652.894209322214,-2567.329749878436
12003,9652.894209322214,-2567.329749878436
12004,9652.894209322214,-2793.5641178408205
12005,9652.894209322214,-2793.5641178408205
12006,9652.894209322214,-2795.1000437935927
12007,9652.894209322214,-2795.1000437935927
12008,9652.894209322214,-1401.657089321221
12009,9652.894209322214,-1401.657089321221
12010,5852.161714709636,-1777.0448345779096
12011,5852.161714709636,-1777.0448345779096
12012,-1313.149879834058,-1623.5482638871727
12013,-1313.149879834058,-1623.5482638871727
12014,5260.2068284928755,-3552.2577575296727
12015,5260.2068284928755,-3552.2577575296727
12016,9652.894209322214,-4600.549279727793
12017,9652.894209322214,-4600.549279727793
12018,9652.894209322214,-2245.452588266451
12019,9652.894209322214,-2245.452588266451
12020,9652.894209322214,-2292.880063809487
12021,9652.894209322214,-2292.880063809487
12022,9652.894209322214,-2187.380856691092
12023,9652.894209322214,-2187.380856691092
12024,9652.894209322214,-3233.196437364726
12025,9652.894209322214,-3233.196437364726
12026,9652.894209322214,-2932.4167787664683
12027,9652.894209322214,-2932.4167787664683
12028,9652.894209322214,-2856.94396241478
12029,9652.894209322214,-2856.94396241478
12030,9652.894209322214,-2680.7893697729032
12031,9652.894209322214,-2680.7893697729032
12032,9652.894209322214,-1177.2987905808113
12033,9652.894209322214,-1177.2987905808113
12034,9034.135794795091,-2122.7894837271924
12035,9034.135794795091,-2122.7894837271924
12036,602.2250089654644,-1892.6275016394593
12037,602.2250089654644,-1892.6275016394593
12038,9064.098285118196,-3348.6922342434136
12039,9064.098285118196,-3348.6922342434136
12040,9652.894209322214,-4615.728149040564
12041,9652.894209322214,-4615.728149040564
12042,9652.894209322214,-2227.317633730194
12043,9652.894209322214,-2227.317633730194
12044,9652.894209322214,-2084.1475017105568
12045,9652.894209322214,-2084.1475017105568
12046,9652.894209322214,-5126.858959970141
12047,9652.894209322214,-5126.858959970141
12048,9652.894209322214,-5201.444757011543
12049,9652.894209322214,-5201.444757011543
12050,9652.894209322214,-5039.496401830003
12051,9652.894209322214,-5039.496401830003
12052,9652.894209322214,-4988.867980058538
12053,9652.894209322214,-4988.867980058538
12054,9652.894209322214,-5214.687797898272
12055,9652.894209322214,-5214.687797898272
12056,9652.894209322214,-4258.325283893202
12057,9652.894209322214,-4258.325283893202
12058,9652.894209322214,-4081.6687457163644
12059,9652.894209322214,-4081.6687457163644
12060,1594.3015611943028,-2971.214007525092
12061,1594.3015611943028,-2971.214007525092
12062,9342.768221420885,-4620.4670765023875
12063,9342.768221420885,-4620.4670765023875
12064,9652.894209322214,-5485.485131064948
12065,9652.894209322214,-5485.485131064948
12066,9652.894209322214,-3792.4620591024595
12067,9652.894209322214,-3792.4620591024595
12068,9652.894209322214,-3270.289359009652
12069,9652.894209322214,-3270.289359009652
12070,9652.894209322214,-2822.473421881239
12071,9652.894209322214,-2822.473421881239
12072,9652.894209322214,-5390.573833910237
12073,9652.894209322214,-5390.573833910237
12074,9652.894209322214,-5252.904009551787
12075,9652.894209322214,-5252.904009551787
12076,9652.894209322214,-5082.839038852038
12077,9652.894209322214,-5082.839038852038
12078,9652.894209322214,-2424.941381640736
12079,9652.894209322214,-2424.941381640736
12080,9652.894209322214,-7346.350796913428
12081,9652.894209322214,-7346.350796913428
12082,3939.4065717358953,-4366.18758927395
12083,3939.4065717358953,-4366.18758927395
12084,-5864.65695933978,-3552.7422160099304
12085,-5864.65695933978,-3552.7422160099304
12086,1863.127189677979,-5389.851011219185
12087,1863.127189677979,-5389.851011219185
12088,9652.894209322214,-6276.046439779475
12089,9652.894209322214,-6276.046439779475
12090,9652.894209322214,-5049.525060092032
12091,9652.894209322214,-5049.525060092032
12092,9652.894209322214,-3287.854402986368
12093,9652.894209322214,-3287.854402986368
12094,9652.894209322214,-3934.8636801679804
12095,9652.894209322214,-3934.8636801679804
12096,9652.894209322214,-5030.703564350719
12097,9652.894209322214,-5030.703564350719
12098,9652.894209322214,-4709.171426497918
12099,9652.894209322214,-4709.171426497918
12100,9652.894209322214,-4772.544012344029
12101,9652.894209322214,-4772.544012344029
12102,9652.894209322214,-5182.01037447851
12103,9652.894209322214,-5182.01037447851
12104,9652.894209322214,-4942.149376136544
12105,9652.894209322214,-4942.149376136544
12106,5230.568157074551,-5377.601017100344
12107,5230.568157074551,-5377.601017100344
12108,-3896.7694695248247,-4384.495200506006
12109,-3896.7694695248247,-4384.495200506006
12110,2697.7381368704637,-3186.388148299475
12111,2697.7381368704637,-3186.388148299475
12112,9652.894209322214,-6300.122526990703
12113,9652.894209322214,-6300.122526990703
12114,9652.894209322214,-4370.667411186516
12115,9652.894209322214,-4370.667411186516
12116,9652.894209322214,-3859.643086497159
12117,9652.894209322214,-3859.643086497159
12118,9652.894209322214,-3418.0289831758073
12119,9652.894209322214,-3418.0289831758073
12120,9652.894209322214,-5405.02317475969
12121,9652.894209322214,-5405.02317475969
12122,9652.894209322214,-4912.723169325356
12123,9652.894209322214,-4912.723169325356
12124,9652.894209322214,-4804.784132026216
12125,9652.894209322214,-4804.784132026216
12126,9652.894209322214,-7450.591013091919
12127,9652.894209322214,-7450.591013091919
12128,9652.894209322214,-4930.916727762929
12129,9652.894209322214,-4930.916727762929
12130,9652.894209322214,-6581.378279553749
12131,9652.894209322214,-6581.378279553749
12132,-1701.0191131524589,-5222.837583107383
12133,-1701.0191131524589,-5222.837583107383
12134,7858.536786304528,-4362.1134432095805
12135,7858.536786304528,-4362.1134432095805
12136,2114.9598756221376,-5997.677001883445
12137,2114.9598756221376,-5997.677001883445
12138,9652.894209322214,-4404.7288138810345
12139,9652.894209322214,-4404.7288138810345
12140,9652.894209322214,-6465.100643004909
12141,9652.894209322214,-6465.100643004909
12142,9652.894209322214,-2847.716787435691
12143,9652.894209322214,-2847.716787435691
12144,9652.894209322214,-4899.052075873098
12145,9652.894209322214,-4899.052075873098
12146,9652.894209322214,-5036.931683410316
12147,9652.894209322214,-5036.931683410316
12148,9652.894209322214,-5088.708070363451
12149,9652.894209322214,-5088.708070363451
12150,1013.4933322652905,-5169.846233254319
12151,1013.4933322652905,-5169.846233254319
12152,-3379.704273019459,-4878.159711474946
12153,-3379.704273019459,-4878.159711474946
12154,355.0305835276813,-4649.400700601
12155,355.0305835276813,-4649.400700601
12156,-9652.894209322214,-3265.3851536565835
12157,-9652.894209322214,-3265.3851536565835
12158,-4161.024068316023,-4807.72145979105
12159,-4161.024068316023,-4807.72145979105
12160,-9652.894209322214,-5075.759243722159
12161,-9652.894209322214,-5075.759243722159
12162,-9652.894209322214,-3453.816682650264
12163,-9652.894209322214,-3453.816682650264
12164,-4378.014132920882,-5119.057176910121
12165,-4378.014132920882,-5119.057176910121
12166,2672.4061470444503,-3894.402281694165
12167,2672.4061470444503,-3894.402281694165
12168,4580.951647969909,-1990.9987723612794
12169,4580.951647969909,-1990.9987723612794
12170,1803.989255099772,-3241.24845896642
12171,1803.989255099772,-3241.24845896642
12172,1793.077105814822,-2208.9679182937925
12173,1793.077105814822,-2208.9679182937925
12174,2816.7625474118577,-2143.3489993953463
12175,2816.7625474118577,-2143.3489993953463
12176,982.5892025385801,-1541.6339138538497
12177,982.5892025385801,-1541.6339138538497
12178,-9029.571763375887,1363.9810619691034
12179,-9029.571763375887,1363.9810619691034
12180,-9652.894209322214,-10003.621917688171
12181,-9652.894209322214,-10003.621917688171
12182,-9652.894209322214,-6708.224899513188
12183,-9652.894209322214,-6708.224899513188
12184,-252.71182889784905,-4024.9517745453213
12185,-252.71182889784905,-4024.9517745453213
12186,1385.4142428515916,-3618.587316221163
12187,1385.4142428515916,-3618.587316221163
12188,-172.59515207006916,-3715.313572383513
12189,-172.59515207006916,-3715.313572383513
12190,-1528.2313196464838,-3390.618971282054
12191,-1528.2313196464838,-3390.618971282054
12192,6375.214766905476,-2864.441781287889
12193,6375.214766905476,-2864.441781287889
12194,1212.173157972442,-2571.6835176430886
12195,1212.173157972442,-2571.6835176430886
12196,-1417.1676822867103,-2992.162801250748
12197,-1417.1676822867103,-2992.162801250748
12198,1887.5861919277058,-2942.252220647568
12199,1887.5861919277058,-2942.252220647568
12200,-9652.894209322214,-1946.2670675401569
12201,-9652.894209322214,-1946.2670675401569
12202,-9652.894209322214,-3804.0105002096516
12203,-9652.894209322214,-3804.0105002096516
12204,-9652.894209322214,-320.64356436626986
12205,-9652.894209322214,-320.64356436626986
12206,-9652.894209322214,-1024.2495711514002
12207,-9652.894209322214,-1024.2495711514002
12208,-9652.894209322214,-3145.0710642500017
12209,-9652.894209322214,-3145.0710642500017
12210,-6301.424662103149,1451.3693575919497
12211,-6301.424662103149,1451.3693575919497
12212,-7255.595066629223,920.4515838364587
12213,-7255.595066629223,920.4515838364587
12214,-9652.894209322214,-170.86526580747704
12215,-9652.894209322214,-170.86526580747704
12216,-9652.894209322214,-3500.089816077405
12217,-9652.894209322214,-3500.089816077405
12218,-9652.894209322214,-327.082141604209
12219,-9652.894209322214,-327.082141604209
12220,-9652.894209322214,-3013.3683119097605
12221,-9652.894209322214,-3013.3683119097605
12222,-9652.894209322214,-3443.4066971839293
12223,-9652.894209322214,-3443.4066971839293
12224,-9652.894209322214,-2489.5925876535493
12225,-9652.894209322214,-2489.5925876535493
12226,-9652.894209322214,-1793.6683239907325
12227,-9652.894209322214,-1793.6683239907325
12228,-9652.894209322214,-5170.011692918044
12229,-9652.894209322214,-5170.011692918044
12230,-9652.894209322214,-3653.413045993748
12231,-9652.894209322214,-3653.413045993748
12232,-9652.894209322214,-5243.5066044654795
12233,-9652.894209322214,-5243.5066044654795
12234,-9652.894209322214,971.9443750894479
12235,-9652.894209322214,971.9443750894479
12236,-4632.940250607331,-1971.7776505341917
12237,-4632.940250607331,-1971.7776505341917
12238,-5304.833845584075,-1303.3810767060677
12239,-5304.833845584075,-1303.3810767060677
12240,-9652.894209322214,-2260.6109111324495
12241,-9652.894209322214,-2260.6109111324495
12242,-9652.894209322214,-3607.290399716687
12243,-9652.894209322214,-3607.290399716687
12244,-9652.894209322214,-5269.451988767201
12245,-9652.894209322214,-5269.451988767201
12246,-9652.894209322214,-5339.204935089367
12247,-9652.894209322214,-5339.204935089367
12248,-9652.894209322214,-4725.778920531784
12249,-9652.894209322214,-4725.778920531784
12250,-9652.894209322214,-5749.921102225999
12251,-9652.894209322214,-5749.921102225999
12252,-9652.894209322214,-4429.695400061213
12253,-9652.894209322214,-4429.695400061213
12254,-9652.894209322214,-5691.322459556717
12255,-9652.894209322214,-5691.322459556717
12256,-9652.894209322214,-5513.2712999850755
12257,-9652.894209322214,-5513.2712999850755
12258,-9652.894209322214,-2707.2629336232694
12259,-9652.894209322214,-2707.2629336232694
12260,-9652.894209322214,-2345.7024392896346
12261,-9652.894209322214,-2345.7024392896346
12262,-9652.894209322214,-3221.9990414018393
12263,-9652.894209322214,-3221.9990414018393
12264,-9652.894209322214,-1397.2111728059099
12265,-9652.894209322214,-1397.2111728059099
12266,-9652.894209322214,-3261.0726128693295
12267,-9652.894209322214,-3261.0726128693295
12268,-9652.894209322214,-2868.4269697096843
12269,-9652.894209322214,-2868.4269697096843
12270,-9652.894209322214,-3083.6418723530205
12271,-9652.894209322214,-3083.6418723530205
12272,-9652.894209322214,-3063.932653296557
12273,-9652.894209322214,-3063.932653296557
12274,-9652.894209322214,-2248.613463931588
12275,-9652.894209322214,-2248.613463931588
12276,-9652.894209322214,-8050.911490571352
12277,-9652.894209322214,-8050.911490571352
12278,-9652.894209322214,-5933.246812358713
12279,-9652.894209322214,-5933.246812358713
12280,-9652.894209322214,-4216.6003885677
12281,-9652.894209322214,-4216.6003885677
12282,-9652.894209322214,-5214.673737455498
12283,-9652.894209322214,-5214.673737455498
12284,-9652.894209322214,-5368.713724389909
12285,-9652.894209322214,-5368.713724389909
12286,-9652.894209322214,-4669.473587334936
12287,-9652.894209322214,-4669.473587334936
12288,-9652.894209322214,-3316.6627909644412
12289,-9652.894209322214,-3316.6627909644412
12290,-9652.894209322214,-2897.4015184190303
12291,-9652.894209322214,-2897.4015184190303
12292,-9652.894209322214,-2938.99200025175
12293,-9652.894209322214,-2938.99200025175
12294,-9652.894209322214,-3608.868229398664
12295,-9652.894209322214,-3608.868229398664
12296,-9652.894209322214,-3113.4192264023895
12297,-9652.894209322214,-3113.4192264023895
12298,-9652.894209322214,-1898.9418773687812
12299,-9652.894209322214,-1898.9418773687812
12300,-9652.894209322214,-8189.95857709166
12301,-9652.894209322214,-8189.95857709166
12302,-9652.894209322214,-2516.7395942177027
12303,-9652.894209322214,-2516.7395942177027
12304,-9652.894209322214,-4103.062828673123
12305,-9652.894209322214,-4103.062828673123
12306,-9652.894209322214,-5651.5412202939715
12307,-9652.894209322214,-5651.5412202939715
12308,-9652.894209322214,-5115.14898237251
12309,-9652.894209322214,-5115.14898237251
12310,-9652.894209322214,-5321.570715881315
12311,-9652.894209322214,-5321.570715881315
12312,-9652.894209322214,-4548.981315344445
12313,-9652.894209322214,-4548.981315344445
12314,-9652.894209322214,-4375.00372716084
12315,-9652.894209322214,-4375.00372716084
12316,-9652.894209322214,-4487.601781073901
12317,-9652.894209322214,-4487.601781073901
12318,-9652.894209322214,-2353.9453885460753
12319,-9652.894209322214,-2353.9453885460753
12320,-9652.894209322214,-2394.345426993037
12321,-9652.894209322214,-2394.345426993037
12322,2451.888036254976,-4500.702204779716
12323,2451.888036254976,-4500.702204779716
12324,-2824.2668693820924,-3789.5474350128097
12325,-2824.2668693820924,-3789.5474350128097
12326,-155.00551913235722,-5292.416279258787
12327,-155.00551913235722,-5292.416279258787
12328,9652.894209322214,-5681.666389976568
12329,9652.894209322214,-5681.666389976568
12330,9652.894209322214,-4069.446926973609
12331,9652.894209322214,-4069.446926973609
12332,9652.894209322214,-3629.288166228782
12333,9652.894209322214,-3629.288166228782
12334,9652.894209322214,-5550.230837257435
12335,9652.894209322214,-5550.230837257435
12336,9652.894209322214,-4272.200485827287
12337,9652.894209322214,-4272.200485827287
12338,9652.894209322214,-3775.8779012046016
12339,9652.894209322214,-3775.8779012046016
12340,9652.894209322214,-3836.945888907112
12341,9652.894209322214,-3836.945888907112
12342,9652.894209322214,-3603.0931865327493
12343,9652.894209322214,-3603.0931865327493
12344,9652.894209322214,-2577.9472754518083
12345,9652.894209322214,-2577.9472754518083
12346,7047.263028805732,-1903.4155614004885
12347,7047.263028805732,-1903.4155614004885
12348,-7444.296374708687,-2088.3264495167696
12349,-7444.296374708687,-2088.3264495167696
12350,3998.7840574189395,-3972.527268551854
12351,3998.7840574189395,-3972.527268551854
12352,9652.894209322214,-4710.626991516016
12353,9652.894209322214,-4710.626991516016
12354,9652.894209322214,-5710.9345278550045
12355,9652.894209322214,-5710.9345278550045
12356,9652.894209322214,-5031.655280465469
12357,9652.894209322214,-5031.655280465469
12358,9652.894209322214,-4624.0918713539195
12359,9652.894209322214,-4624.0918713539195
12360,9652.894209322214,-3802.243398789802
12361,9652.894209322214,-3802.243398789802
12362,9652.894209322214,-3594.343458605761
12363,9652.894209322214,-3594.343458605761
12364,9652.894209322214,-3458.5292641976994
12365,9652.894209322214,-3458.5292641976994
12366,9652.894209322214,-3392.118968886998
12367,9652.894209322214,-3392.118968886998
12368,9652.894209322214,-1871.5259991167677
12369,9652.894209322214,-1871.5259991167677
12370,3269.4960150023417,-2814.2977375049268
12371,3269.4960150023417,-2814.2977375049268
12372,-196.76489596875945,-2541.457700908555
12373,-196.76489596875945,-2541.457700908555
12374,9652.894209322214,-3995.284073653216
12375,9652.894209322214,-3995.284073653216
12376,9652.894209322214,-5142.356888381608
12377,9652.894209322214,-5142.356888381608
12378,9652.894209322214,-2169.2516965395225
12379,9652.894209322214,-2169.2516965395225
12380,9652.894209322214,-1739.0866893697985
12381,9652.894209322214,-1739.0866893697985
12382,9652.894209322214,-3878.120195866155
12383,9652.894209322214,-3878.120195866155
12384,9652.894209322214,-2070.2699136090214
12385,9652.894209322214,-2070.2699136090214
12386,9652.894209322214,-3884.880169529477
12387,9652.894209322214,-3884.880169529477
12388,9652.894209322214,-3554.4150242628402
12389,9652.894209322214,-3554.4150242628402
12390,9652.894209322214,-3798.3711420076143
12391,9652.894209322214,-3798.3711420076143
12392,9652.894209322214,-3604.0215697670337
12393,9652.894209322214,-3604.0215697670337
12394,5580.869358413476,-4421.123397261001
12395,5580.869358413476,-4421.123397261001
12396,-2679.557493370834,-3680.9713426080307
12397,-2679.557493370834,-3680.9713426080307
12398,6973.088312529321,-5623.924587679585
12399,6973.088312529321,-5623.924587679585
12400,9652.894209322214,-6773.132683304923
12401,9652.894209322214,-6773.132683304923
12402,9652.894209322214,-3148.2742883630144
12403,9652.894209322214,-3148.2742883630144
12404,9652.894209322214,-3012.936008037941
12405,9652.894209322214,-3012.936008037941
12406,9652.894209322214,-3278.2095548122797
12407,9652.894209322214,-3278.2095548122797
12408,9652.894209322214,-2261.1304235948573
12409,9652.894209322214,-2261.1304235948573
12410,9652.894209322214,-4294.87538314302
12411,9652.894209322214,-4294.87538314302
12412,9652.894209322214,-3955.8849764215374
12413,9652.894209322214,-3955.8849764215374
12414,9652.894209322214,-4185.1097329061795
12415,9652.894209322214,-4185.1097329061795
12416,9652.894209322214,-4577.884839226677
12417,9652.894209322214,-4577.884839226677
12418,1830.8837850903037,-5578.313513313991
12419,1830.8837850903037,-5578.313513313991
12420,-4427.277574314812,-4913.342458805882
12421,-4427.277574314812,-4913.342458805882
12422,-4379.315126605325,-4119.472867165385
12423,-4379.315126605325,-4119.472867165385
12424,-9652.894209322214,-2796.148799601242
12425,-9652.894209322214,-2796.148799601242
12426,4267.080905320624,-3179.0008753149505
12427,4267.080905320624,-3179.0008753149505
12428,9652.894209322214,-4041.11021051448
12429,9652.894209322214,-4041.11021051448
12430,9652.894209322214,-6019.546247907869
12431,9652.894209322214,-6019.546247907869
12432,9652.894209322214,-4732.754004157163
12433,9652.894209322214,-4732.754004157163
12434,9652.894209322214,-5300.004333356983
12435,9652.894209322214,-5300.004333356983
12436,3516.469680280811,-5138.562439380656
12437,3516.469680280811,-5138.562439380656
12438,-4353.208069435936,-2255.4562072179433
12439,-4353.208069435936,-2255.4562072179433
12440,-9652.894209322214,-5307.925424475028
12441,-9652.894209322214,-5307.925424475028
12442,-9652.894209322214,-6030.488987503206
12443,-9652.894209322214,-6030.488987503206
12444,-9652.894209322214,-4781.250089315252
12445,-9652.894209322214,-4781.250089315252
12446,-9652.894209322214,-6478.399161829197
12447,-9652.894209322214,-6478.399161829197
12448,-9652.894209322214,-7059.216160485966
12449,-9652.894209322214,-7059.216160485966
12450,-1246.0527611490106,-2815.5212178178444
12451,-1246.0527611490106,-2815.5212178178444
12452,530.9424287957754,-2232.300609756694
12453,530.9424287957754,-2232.300609756694
12454,5089.7939265868845,-6200.543981014163
12455,5089.7939265868845,-6200.543981014163
12456,8922.739476233157,-5003.796318476225
12457,8922.739476233157,-5003.796318476225
12458,3297.1171767507985,-4399.386678636134
12459,3297.1171767507985,-4399.386678636134
12460,-9652.894209322214,-4154.484319622543
12461,-9652.894209322214,-4154.484319622543
12462,-9652.894209322214,-4453.589525525595
12463,-9652.894209322214,-4453.589525525595
12464,-9652.894209322214,-4582.954886130648
12465,-9652.894209322214,-4582.954886130648
12466,-9652.894209322214,-5199.7414364438755
12467,-9652.894209322214,-5199.7414364438755
12468,-9652.894209322214,-3947.0968011365785
12469,-9652.894209322214,-3947.0968011365785
12470,-9652.894209322214,-5724.599863493684
12471,-9652.894209322214,-5724.599863493684
12472,-6077.213568142053,-3509.1454006208023
12473,-6077.213568142053,-3509.1454006208023
12474,1745.6509237909058,-3290.06540918477
12475,1745.6509237909058,-3290.06540918477
12476,4268.224249468884,-5247.275223036899
12477,4268.224249468884,-5247.275223036899
12478,9652.894209322214,-4833.243941814269
12479,9652.894209322214,-4833.243941814269
12480,9652.894209322214,-6429.935747794846
12481,9652.894209322214,-6429.935747794846
12482,9652.894209322214,-5506.394455572425
12483,9652.894209322214,-5506.394455572425
12484,9652.894209322214,-5126.018829083416
12485,9652.894209322214,-5126.018829083416
12486,9652.894209322214,-5149.674674198093
12487,9652.894209322214,-5149.674674198093
12488,9652.894209322214,-6316.924201274356
12489,9652.894209322214,-6316.924201274356
12490,2456.722229135681,-8598.487404125717
12491,2456.722229135681,-8598.487404125717
12492,2604.569196388533,-6944.360992424015
12493,2604.569196388533,-6944.360992424015
12494,-298.1132745663763,-8509.988999010962
12495,-298.1132745663763,-8509.988999010962
12496,8424.145464732348,-7261.991590583491
12497,8424.145464732348,-7261.991590583491
12498,9652.894209322214,-3108.5111738067753
12499,9652.894209322214,-3108.5111738067753
12500,9652.894209322214,-2589.1696871372333
12501,9652.894209322214,-2589.1696871372333
12502,9652.894209322214,-3760.0799234944225
12503,9652.894209322214,-3760.0799234944225
12504,9652.894209322214,-5786.719104308706
12505,9652.894209322214,-5786.719104308706
12506,9652.894209322214,-5137.497135877347
12507,9652.894209322214,-5137.497135877347
12508,9652.894209322214,-4259.612875484136
12509,9652.894209322214,-4259.612875484136
12510,9652.894209322214,-6610.109108268007
12511,9652.894209322214,-6610.109108268007
12512,9652.894209322214,-3284.0887279854924
12513,9652.894209322214,-3284.0887279854924
12514,9652.894209322214,-3930.3402407450503
12515,9652.894209322214,-3930.3402407450503
12516,5454.686371875345,-2962.4623763960844
12517,5454.686371875345,-2962.4623763960844
12518,9652.894209322214,-4685.463258569771
12519,9652.894209322214,-4685.463258569771
12520,9652.894209322214,-8643.217231404258
12521,9652.894209322214,-8643.217231404258
12522,9652.894209322214,-4195.29249475106
12523,9652.894209322214,-4195.29249475106
12524,9652.894209322214,-4253.0733212741325
12525,9652.894209322214,-4253.0733212741325
12526,9652.894209322214,-3655.187838684915
12527,9652.894209322214,-3655.187838684915
12528,9652.894209322214,-5515.171061621719
12529,9652.894209322214,-5515.171061621719
12530,9652.894209322214,-7160.849473827798
12531,9652.894209322214,-7160.849473827798
12532,9652.894209322214,-7019.40661961831
12533,9652.894209322214,-7019.40661961831
12534,9652.894209322214,-6877.0994346451735
12535,9652.894209322214,-6877.0994346451735
12536,9652.894209322214,-6049.562019198029
12537,9652.894209322214,-6049.562019198029
12538,9652.894209322214,-3669.1135085582755
12539,9652.894209322214,-3669.1135085582755
12540,2934.015586858961,-2698.7747239390283
12541,2934.015586858961,-2698.7747239390283
12542,9652.894209322214,-4810.466579625065
12543,9652.894209322214,-4810.466579625065
12544,9652.894209322214,-8068.517281908833
12545,9652.894209322214,-8068.517281908833
12546,9652.894209322214,-6066.105966575562
12547,9652.894209322214,-6066.105966575562
12548,9652.894209322214,-5826.826770008314
12549,9652.894209322214,-5826.826770008314
12550,9652.894209322214,-4613.788143083224
12551,9652.894209322214,-4613.788143083224
12552,9652.894209322214,-6638.262445303594
12553,9652.894209322214,-6638.262445303594
12554,9652.894209322214,-6157.776682578009
12555,9652.894209322214,-6157.776682578009
12556,2672.3530854111123,-3392.2666959936632
12557,2672.3530854111123,-3392.2666959936632
12558,-9652.894209322214,-3906.1972690201383
12559,-9652.894209322214,-3906.1972690201383
12560,-9652.894209322214,-5081.204216188415
12561,-9652.894209322214,-5081.204216188415
12562,-8671.529956542548,-4926.004580161774
12563,-8671.529956542548,-4926.004580161774
12564,-9652.894209322214,-5907.164889873211
12565,-9652.894209322214,-5907.164889873211
12566,-8273.398347758452,-5210.465444564137
12567,-8273.398347758452,-5210.465444564137
12568,-6654.523647875081,-6040.933107452953
12569,-6654.523647875081,-6040.933107452953
12570,-1005.4494426134934,-4154.223472664229
12571,-1005.4494426134934,-4154.223472664229
12572,-1147.2653010236445,-3508.5668009461824
12573,-1147.2653010236445,-3508.5668009461824
12574,8708.00667349231,-5879.83790955742
12575,8708.00667349231,-5879.83790955742
12576,5330.546031877885,-4781.378011437968
12577,5330.546031877885,-4781.378011437968
12578,1895.8868856564204,-4633.16708386889
12579,1895.8868856564204,-4633.16708386889
12580,-422.875639359605,-4762.922142463054
12581,-422.875639359605,-4762.922142463054
12582,-3889.576336153161,-4427.269152566119
12583,-3889.576336153161,-4427.269152566119
12584,-9652.894209322214,-2506.6828236557467
12585,-9652.894209322214,-2506.6828236557467
12586,-9652.894209322214,-5109.530523963933
12587,-9652.894209322214,-5109.530523963933
12588,-9652.894209322214,-6918.385858481013
12589,-9652.894209322214,-6918.385858481013
12590,-9652.894209322214,-7201.701468806603
12591,-9652.894209322214,-7201.701468806603
12592,-9652.894209322214,-3721.1654388884854
12593,-9652.894209322214,-3721.1654388884854
12594,-902.593707861457,-2141.5095802494616
12595,-902.593707861457,-2141.5095802494616
12596,8717.851090824763,-3017.1672074999024
12597,8717.851090824763,-3017.1672074999024
12598,1492.3693969531105,-2639.4737796232785
12599,1492.3693969531105,-2639.4737796232785
12600,9652.894209322214,-4071.7321320349456
12601,9652.894209322214,-4071.7321320349456
12602,9652.894209322214,-3688.6473399326223
12603,9652.894209322214,-3688.6473399326223
12604,-4522.806793727459,-3817.7521627688348
12605,-4522.806793727459,-3817.7521627688348
12606,-5686.417937798149,-4482.9961833144425
12607,-5686.417937798149,-4482.9961833144425
12608,-8609.328167816631,-5439.473181322186
12609,-8609.328167816631,-5439.473181322186
12610,-9652.894209322214,-4020.5165706145726
12611,-9652.894209322214,-4020.5165706145726
12612,-9652.894209322214,-6441.631178788169
12613,-9652.894209322214,-6441.631178788169
12614,-9652.894209322214,-5665.485478748358
12615,-9652.894209322214,-5665.485478748358
12616,584.4950139047887,-7447.753252635344
12617,584.4950139047887,-7447.753252635344
12618,9652.894209322214,-5876.544343809428
12619,9652.894209322214,-5876.544343809428
12620,9652.894209322214,-6209.609390002197
12621,9652.894209322214,-6209.609390002197
12622,9652.894209322214,-5325.450600302844
12623,9652.894209322214,-5325.450600302844
12624,9652.894209322214,-5101.705520741007
12625,9652.894209322214,-5101.705520741007
12626,9652.894209322214,-4561.935720042406
12627,9652.894209322214,-4561.935720042406
12628,9652.894209322214,-4542.529845625739
12629,9652.894209322214,-4542.529845625739
12630,2924.7299140190144,-5090.735361515182
12631,2924.7299140190144,-5090.735361515182
12632,9193.907325765056,-6688.9503376029115
12633,9193.907325765056,-6688.9503376029115
12634,-1828.9957102741519,-5846.493119972734
12635,-1828.9957102741519,-5846.493119972734
12636,-9533.817144407745,-4670.929308423443
12637,-9533.817144407745,-4670.929308423443
12638,-6482.854896117116,-5284.452349982004
12639,-6482.854896117116,-5284.452349982004
12640,9652.894209322214,-7182.903411412595
12641,9652.894209322214,-7182.903411412595
12642,9652.894209322214,-4269.48389837743
12643,9652.894209322214,-4269.48389837743
12644,9652.894209322214,-2712.4956484137765
12645,9652.894209322214,-2712.4956484137765
12646,9652.894209322214,-3385.7606357838195
12647,9652.894209322214,-3385.7606357838195
12648,9652.894209322214,-3733.165189475376
12649,9652.894209322214,-3733.165189475376
12650,9652.894209322214,-5072.421868178188
12651,9652.894209322214,-5072.421868178188
12652,9652.894209322214,-7877.854890787495
12653,9652.894209322214,-7877.854890787495
12654,5905.493491321364,-5326.692066085141
12655,5905.493491321364,-5326.692066085141
12656,9385.799213959368,-6005.781202266775
12657,9385.799213959368,-6005.781202266775
12658,9099.423274362025,-7416.612494123303
12659,9099.423274362025,-7416.612494123303
12660,-208.84648632904828,-6868.591821796756
12661,-208.84648632904828,-6868.591821796756
12662,-1478.5530061097816,-8592.368015992239
12663,-1478.5530061097816,-8592.368015992239
12664,9652.894209322214,-7264.5773715939495
12665,9652.894209322214,-7264.5773715939495
12666,9652.894209322214,-2535.490509052963
12667,9652.894209322214,-2535.490509052963
12668,9652.894209322214,-3467.4380203941546
12669,9652.894209322214,-3467.4380203941546
12670,9652.894209322214,-2851.0965446376176
12671,9652.894209322214,-2851.0965446376176
12672,9652.894209322214,-4664.930081807755
12673,9652.894209322214,-4664.930081807755
12674,9652.894209322214,-4404.531199564613
12675,9652.894209322214,-4404.531199564613
12676,9652.894209322214,-4375.226091992687
12677,9652.894209322214,-4375.226091992687
12678,3795.0423170275326,-4556.300119109728
12679,3795.0423170275326,-4556.300119109728
12680,6417.629694219871,-3944.7227821019205
12681,6417.629694219871,-3944.7227821019205
12682,6326.137580451019,-4803.708593112007
12683,6326.137580451019,-4803.708593112007
12684,-8622.30285287846,-3848.106747591093
12685,-8622.30285287846,-3848.106747591093
12686,-6656.809744345679,-2312.848875777516
12687,-6656.809744345679,-2312.848875777516
12688,9652.894209322214,-4497.535952075299
12689,9652.894209322214,-4497.535952075299
12690,9652.894209322214,-2469.8209487678905
12691,9652.894209322214,-2469.8209487678905
12692,9652.894209322214,-2364.7166397805504
12693,9652.894209322214,-2364.7166397805504
12694,9652.894209322214,-3921.610281707004
12695,9652.894209322214,-3921.610281707004
12696,9652.894209322214,-3322.345268758878
12697,9652.894209322214,-3322.345268758878
12698,9652.894209322214,-3405.9016535502124
12699,9652.894209322214,-3405.9016535502124
12700,9652.894209322214,-3464.1196487982143
12701,9652.894209322214,-3464.1196487982143
12702,2113.392360846263,-3227.00470739897
12703,2113.392360846263,-3227.00470739897
12704,1524.9344925864134,-2125.0283441498777
12705,1524.9344925864134,-2125.0283441498777
12706,-9652.894209322214,-1705.5867169758021
12707,-9652.894209322214,-1705.5867169758021
12708,-9652.894209322214,-3468.450758483421
12709,-9652.894209322214,-3468.450758483421
12710,-9652.894209322214,-2480.2011319507656
12711,-9652.894209322214,-2480.2011319507656
12712,-9652.894209322214,-1899.0765479468628
12713,-9652.894209322214,-1899.0765479468628
12714,-4710.2972197651325,2032.559475755972
12715,-4710.2972197651325,2032.559475755972
12716,-5787.716931066538,1077.5847324930273
12717,-5787.716931066538,1077.5847324930273
12718,-9501.995004863405,323.46548162715226
12719,-9501.995004863405,323.46548162715226
12720,-6918.666809641894,-289.6689219566615
12721,-6918.666809641894,-289.6689219566615
12722,-9652.894209322214,-241.6554822737271
12723,-9652.894209322214,-241.6554822737271
12724,-9652.894209322214,-2183.1638546027643
12725,-9652.894209322214,-2183.1638546027643
12726,-9652.894209322214,-1306.8672765857646
12727,-9652.894209322214,-1306.8672765857646
12728,-6655.117327377957,-1881.6965305225149
12729,-6655.117327377957,-1881.6965305225149
12730,-9652.894209322214,-2242.0348681963096
12731,-9652.894209322214,-2242.0348681963096
12732,-9652.894209322214,-4987.284515813832
12733,-9652.894209322214,-4987.284515813832
12734,-9652.894209322214,-6185.217999713474
12735,-9652.894209322214,-6185.217999713474
12736,-5542.983604154224,-4058.8528120594256
12737,-5542.983604154224,-4058.8528120594256
12738,-2173.200432313857,-4866.173200003341
12739,-2173.200432313857,-4866.173200003341
12740,702.4364526873032,-95.60854679171644
12741,702.4364526873032,-95.60854679171644
12742,1684.1631987197652,-3223.0743135957528
12743,1684.1631987197652,-3223.0743135957528
12744,-4222.01363854808,-2437.9351263106346
12745,-4222.01363854808,-2437.9351263106346
12746,-9652.894209322214,-1925.763250648024
12747,-9652.894209322214,-1925.763250648024
12748,-9652.894209322214,-4431.01578152291
12749,-9652.894209322214,-4431.01578152291
12750,-9652.894209322214,-2564.8828817860995
12751,-9652.894209322214,-2564.8828817860995
12752,-9652.894209322214,-3212.7010038098542
12753,-9652.894209322214,-3212.7010038098542
12754,-9652.894209322214,-2813.0768187100857
12755,-9652.894209322214,-2813.0768187100857
12756,-9652.894209322214,-2495.705001972863
12757,-9652.894209322214,-2495.705001972863
12758,-9652.894209322214,-3592.0237095588036
12759,-9652.894209322214,-3592.0237095588036
12760,-9652.894209322214,-5634.030413782333
12761,-9652.894209322214,-5634.030413782333
12762,1329.7508960722116,-5013.031583968106
12763,1329.7508960722116,-5013.031583968106
12764,3235.862753653608,-5006.78061895742
12765,3235.862753653608,-5006.78061895742
12766,2027.3251026694406,-4484.705326188554
12767,2027.3251026694406,-4484.705326188554
12768,7889.899123561292,-3238.6536105172436
12769,7889.899123561292,-3238.6536105172436
12770,-4919.336159786177,-2915.7696597188497
12771,-4919.336159786177,-2915.7696597188497
12772,-7851.414089112761,-3211.334922618511
12773,-7851.414089112761,-3211.334922618511
12774,-9652.894209322214,-3972.3749934692605
12775,-9652.894209322214,-3972.3749934692605
12776,-9652.894209322214,-5359.1809007033335
12777,-9652.894209322214,-5359.1809007033335
12778,-9652.894209322214,-5280.625586965223
12779,-9652.894209322214,-5280.625586965223
12780,-9652.894209322214,-5138.344206185653
12781,-9652.894209322214,-5138.344206185653
12782,-9652.894209322214,-6989.200414821251
12783,-9652.894209322214,-6989.200414821251
12784,-4196.101024009658,-3504.460994960553
12785,-4196.101024009658,-3504.460994960553
12786,-1686.4931352177082,-1025.4045865725766
12787,-1686.4931352177082,-1025.4045865725766
12788,1804.0111276074385,-2235.871526447281
12789,1804.0111276074385,-2235.871526447281
12790,9652.894209322214,-4380.37227879316
12791,9652.894209322214,-4380.37227879316
12792,3069.8249752882693,-3187.7522640290226
12793,3069.8249752882693,-3187.7522640290226
12794,-1346.0001410572622,-2764.960033273519
12795,-1346.0001410572622,-2764.960033273519
12796,-4478.377165228583,-2820.0509469369154
12797,-4478.377165228583,-2820.0509469369154
12798,-8942.48695617888,-3772.51323869503
12799,-8942.48695617888,-3772.51323869503
12800,-535.8018843746395,-1982.20273716452
12801,-535.8018843746395,-1982.20273716452
12802,-9652.894209322214,-4983.509900761388
12803,-9652.894209322214,-4983.509900761388
12804,-9652.894209322214,-746.8912314412937
12805,-9652.894209322214,-746.8912314412937
12806,-9652.894209322214,-6226.906379271835
12807,-9652.894209322214,-6226.906379271835
12808,-6794.3915166206425,-3625.9443221424444
12809,-6794.3915166206425,-3625.9443221424444
12810,5730.2075608355335,-1400.4477551943783
12811,5730.2075608355335,-1400.4477551943783
12812,2503.1470326680555,-1113.382291878348
12813,2503.1470326680555,-1113.382291878348
12814,9652.894209322214,-5094.451978594268
12815,9652.894209322214,-5094.451978594268
12816,6240.012348267583,-4398.500899564489
12817,6240.012348267583,-4398.500899564489
12818,2015.1005446987092,-4179.303907375681
12819,2015.1005446987092,-4179.303907375681
12820,5554.402794302241,-4292.196609090495
12821,5554.402794302241,-4292.196609090495
12822,-8720.962266098912,-2137.773903298743
12823,-8720.962266098912,-2137.773903298743
12824,-6446.320274075566,-1454.1218318193605
12825,-6446.320274075566,-1454.1218318193605
12826,-9652.894209322214,-5822.313061573221
12827,-9652.894209322214,-5822.313061573221
12828,-9652.894209322214,-2170.7758000973117
12829,-9652.894209322214,-2170.7758000973117
12830,-9652.894209322214,-5772.849044479104
12831,-9652.894209322214,-5772.849044479104
12832,-7608.2528703526405,-2243.0521916326197
12833,-7608.2528703526405,-2243.0521916326197
12834,5370.8882961332,-2590.8991601226644
12835,5370.8882961332,-2590.8991601226644
12836,9652.894209322214,-4675.45714932076
12837,9652.894209322214,-4675.45714932076
12838,9652.894209322214,-2115.8642196119254
12839,9652.894209322214,-2115.8642196119254
12840,9652.894209322214,-5886.553495641716
12841,9652.894209322214,-5886.553495641716
12842,9652.894209322214,-2685.184041571645
12843,9652.894209322214,-2685.184041571645
12844,9652.894209322214,-2322.519770589033
12845,9652.894209322214,-2322.519770589033
12846,9652.894209322214,-4751.029414681792
12847,9652.894209322214,-4751.029414681792
12848,9652.894209322214,-951.8351740453072
12849,9652.894209322214,-951.8351740453072
12850,-675.4218515293996,-1196.2789452390844
12851,-675.4218515293996,-1196.2789452390844
12852,-8100.955414599564,-853.3668647998893
12853,-8100.955414599564,-853.3668647998893
12854,1735.008007814151,-2266.8340774289736
12855,1735.008007814151,-2266.8340774289736
12856,9652.894209322214,-4145.053226271439
12857,9652.894209322214,-4145.053226271439
12858,9652.894209322214,-2867.084463286339
12859,9652.894209322214,-2867.084463286339
12860,9652.894209322214,-3108.019273916596
12861,9652.894209322214,-3108.019273916596
12862,9652.894209322214,-2878.126785431841
12863,9652.894209322214,-2878.126785431841
12864,9652.894209322214,-3032.481442086393
12865,9652.894209322214,-3032.481442086393
12866,9652.894209322214,-3271.823962123586
12867,9652.894209322214,-3271.823962123586
12868,9652.894209322214,-3571.1907911433427
12869,9652.894209322214,-3571.1907911433427
12870,9652.894209322214,-6917.953473007285
12871,9652.894209322214,-6917.953473007285
12872,9652.894209322214,-4196.948986913003
12873,9652.894209322214,-4196.948986913003
12874,9652.894209322214,-2769.654992719661
12875,9652.894209322214,-2769.654992719661
12876,9652.894209322214,-4243.517472521979
12877,9652.894209322214,-4243.517472521979
12878,9652.894209322214,-2812.8525110262726
12879,9652.894209322214,-2812.8525110262726
12880,9652.894209322214,-5247.636511995746
12881,9652.894209322214,-5247.636511995746
12882,9652.894209322214,-3398.949364354694
12883,9652.894209322214,-3398.949364354694
12884,9652.894209322214,-2441.5063450405232
12885,9652.894209322214,-2441.5063450405232
12886,9652.894209322214,-3488.488470731916
12887,9652.894209322214,-3488.488470731916
12888,9652.894209322214,-2898.956457771639
12889,9652.894209322214,-2898.956457771639
12890,9652.894209322214,-4850.09904395579
12891,9652.894209322214,-4850.09904395579
12892,9652.894209322214,-4596.838438536763
12893,9652.894209322214,-4596.838438536763
12894,9652.894209322214,-5185.361273712975
12895,9652.894209322214,-5185.361273712975
12896,9652.894209322214,-6893.310347877132
12897,9652.894209322214,-6893.310347877132
12898,9652.894209322214,-2508.802978001275
12899,9652.894209322214,-2508.802978001275
12900,8316.412627253407,-4227.751284074018
12901,8316.412627253407,-4227.751284074018
12902,7237.2815760638,-6003.250870781665
12903,7237.2815760638,-6003.250870781665
12904,9652.894209322214,-9720.619038927074
12905,9652.894209322214,-9720.619038927074
12906,9652.894209322214,-5675.551749960219
12907,9652.894209322214,-5675.551749960219
12908,9652.894209322214,-4242.230380325795
12909,9652.894209322214,-4242.230380325795
12910,9652.894209322214,-2601.707270505676
12911,9652.894209322214,-2601.707270505676
12912,9652.894209322214,-6834.9324860158595
12913,9652.894209322214,-6834.9324860158595
12914,9652.894209322214,-3516.7184136259
12915,9652.894209322214,-3516.7184136259
12916,9652.894209322214,-6466.130719385063
12917,9652.894209322214,-6466.130719385063
12918,9652.894209322214,-5844.887927742764
12919,9652.894209322214,-5844.887927742764
12920,9652.894209322214,-5324.909872172371
12921,9652.894209322214,-5324.909872172371
12922,2180.5359278206515,-6098.4452137647295
12923,2180.5359278206515,-6098.4452137647295
12924,-8676.98864116511,-4437.63456659767
12925,-8676.98864116511,-4437.63456659767
12926,-1943.426741382238,-6265.5806025691545
12927,-1943.426741382238,-6265.5806025691545
12928,9652.894209322214,-10172.129993573264
12929,9652.894209322214,-10172.129993573264
12930,9652.894209322214,-8457.918248795755
12931,9652.894209322214,-8457.918248795755
12932,9652.894209322214,-8349.068191781978
12933,9652.894209322214,-8349.068191781978
12934,9652.894209322214,-5831.489299781408
12935,9652.894209322214,-5831.489299781408
12936,9652.894209322214,-5684.356116282148
12937,9652.894209322214,-5684.356116282148
12938,9652.894209322214,-3963.032305621562
12939,9652.894209322214,-3963.032305621562
12940,3753.117407642645,-5506.536653428784
12941,3753.117407642645,-5506.536653428784
12942,9652.894209322214,-4180.002579275895
12943,9652.894209322214,-4180.002579275895
12944,-2956.9075811626644,-3875.095311555857
12945,-2956.9075811626644,-3875.095311555857
12946,-1367.8310729171717,-5274.095660594698
12947,-1367.8310729171717,-5274.095660594698
12948,-9652.894209322214,-3978.3916441880665
12949,-9652.894209322214,-3978.3916441880665
12950,-8492.912902216172,-5498.388123836763
12951,-8492.912902216172,-5498.388123836763
12952,-196.90505363544435,-7397.494388922895
12953,-196.90505363544435,-7397.494388922895
12954,9652.894209322214,-7878.29069191815
12955,9652.894209322214,-7878.29069191815
12956,9652.894209322214,-5933.382784642725
12957,9652.894209322214,-5933.382784642725
12958,9652.894209322214,-6760.642175502333
12959,9652.894209322214,-6760.642175502333
12960,9652.894209322214,-5430.557227579524
12961,9652.894209322214,-5430.557227579524
12962,9652.894209322214,-4488.511340530351
12963,9652.894209322214,-4488.511340530351
12964,9652.894209322214,-4200.056156258601
12965,9652.894209322214,-4200.056156258601
12966,9652.894209322214,-4305.294433234851
12967,9652.894209322214,-4305.294433234851
12968,9652.894209322214,-4567.3406983606765
12969,9652.894209322214,-4567.3406983606765
12970,5258.430539077366,-3134.09367945329
12971,5258.430539077366,-3134.09367945329
12972,-8721.26200252945,-2168.3948598899406
12973,-8721.26200252945,-2168.3948598899406
12974,-4825.431410813033,-5693.719523768188
12975,-4825.431410813033,-5693.719523768188
12976,7277.147914615128,-5086.348096655549
12977,7277.147914615128,-5086.348096655549
12978,9652.894209322214,-5972.051753452937
12979,9652.894209322214,-5972.051753452937
12980,9652.894209322214,-5048.473119184984
12981,9652.894209322214,-5048.473119184984
12982,9652.894209322214,-4501.187926862167
12983,9652.894209322214,-4501.187926862167
12984,9652.894209322214,-4087.5298520059587
12985,9652.894209322214,-4087.5298520059587
12986,9652.894209322214,-3663.4174828205832
12987,9652.894209322214,-3663.4174828205832
12988,9399.8489269771,-1698.870429414872
12989,9399.8489269771,-1698.870429414872
12990,9652.894209322214,-3178.55583818834
12991,9652.894209322214,-3178.55583818834
12992,9326.938988288874,-1940.997439133669
12993,9326.938988288874,-1940.997439133669
12994,634.4666148815559,-3297.442256285818
12995,634.4666148815559,-3297.442256285818
12996,-9652.894209322214,-3322.1571214748674
12997,-9652.894209322214,-3322.1571214748674
12998,-2761.329500300917,-4421.3926998798
12999,-2761.329500300917,-4421.3926998798
13000,2856.364374908713,-3759.3284242949703
13001,2856.364374908713,-3759.3284242949703
13002,7997.868601342967,-2645.5311599379656
13003,7997.868601342967,-2645.5311599379656
13004,9122.94974930814,-2307.906106114846
13005,9122.94974930814,-2307.906106114846
13006,9325.915528922871,-3345.071896487725
13007,9325.915528922871,-3345.071896487725
13008,6144.325993277976,-2425.4283719648247
13009,6144.325993277976,-2425.4283719648247
13010,1254.6867889097084,-1957.4365737219086
13011,1254.6867889097084,-1957.4365737219086
13012,9652.894209322214,-1859.9887798096552
13013,9652.894209322214,-1859.9887798096552
13014,7510.036346205659,-1958.367925263261
13015,7510.036346205659,-1958.367925263261
13016,9652.894209322214,-2160.2629225537767
13017,9652.894209322214,-2160.2629225537767
13018,-7427.511669632477,-807.7821010916814
13019,-7427.511669632477,-807.7821010916814
13020,-9652.894209322214,-3194.193293226457
13021,-9652.894209322214,-3194.193293226457
13022,-7737.756017243908,-949.1596306178944
13023,-7737.756017243908,-949.1596306178944
13024,9652.894209322214,-1223.3959720680832
13025,9652.894209322214,-1223.3959720680832
13026,9652.894209322214,-210.09501157191698
13027,9652.894209322214,-210.09501157191698
13028,2831.808580132567,-1741.921686159174
13029,2831.808580132567,-1741.921686159174
13030,5762.837281885569,650.2432845628555
13031,5762.837281885569,650.2432845628555
13032,5591.419431790606,-2872.5242927973777
13033,5591.419431790606,-2872.5242927973777
13034,9652.894209322214,-2324.643340439203
13035,9652.894209322214,-2324.643340439203
13036,9652.894209322214,-1879.2663895336736
13037,9652.894209322214,-1879.2663895336736
13038,9652.894209322214,-1370.845257683306
13039,9652.894209322214,-1370.845257683306
13040,9094.345510647785,-322.96995197041724
13041,9094.345510647785,-322.96995197041724
13042,-9652.894209322214,2346.230253314263
13043,-9652.894209322214,2346.230253314263
13044,-9652.894209322214,-1823.4894614736186
13045,-9652.894209322214,-1823.4894614736186
13046,-9652.894209322214,-824.5671481483732
13047,-9652.894209322214,-824.5671481483732
13048,-9652.894209322214,-548.3125085715837
13049,-9652.894209322214,-548.3125085715837
13050,-6845.391722151788,-1838.6569205065316
13051,-6845.391722151788,-1838.6569205065316
13052,-3246.7745245380574,-1523.9420581358063
13053,-3246.7745245380574,-1523.9420581358063
13054,-6196.1487631150485,-295.8910956268137
13055,-6196.1487631150485,-295.8910956268137
13056,-9652.894209322214,817.2136844678716
13057,-9652.894209322214,817.2136844678716
13058,341.6332476774096,1384.2014283453245
13059,341.6332476774096,1384.2014283453245
13060,-9652.894209322214,1735.8531162701347
13061,-9652.894209322214,1735.8531162701347
13062,-3618.9581837057776,2695.152634370619
13063,-3618.9581837057776,2695.152634370619
13064,-9652.894209322214,-185.34234808521978
13065,-9652.894209322214,-185.34234808521978
13066,-9652.894209322214,-2118.7698971534974
13067,-9652.894209322214,-2118.7698971534974
13068,-9652.894209322214,-3156.4372385712195
13069,-9652.894209322214,-3156.4372385712195
13070,-9652.894209322214,-3406.6942722658623
13071,-9652.894209322214,-3406.6942722658623
13072,-9652.894209322214,-3257.2620623501807
13073,-9652.894209322214,-3257.2620623501807
13074,-681.5585227234842,-5527.8323508909725
13075,-681.5585227234842,-5527.8323508909725
13076,1532.9384950473686,-5879.812342474348
13077,1532.9384950473686,-5879.812342474348
13078,1318.9693324987784,-5213.612078143242
13079,1318.9693324987784,-5213.612078143242
13080,4625.6985871172765,-1976.8258089681858
13081,4625.6985871172765,-1976.8258089681858
13082,9652.894209322214,-4673.87635189514
13083,9652.894209322214,-4673.87635189514
13084,9652.894209322214,-4658.68401737111
13085,9652.894209322214,-4658.68401737111
13086,-32.39674622156235,-4938.259545293513
13087,-32.39674622156235,-4938.259545293513
13088,-7166.234383974999,-4619.0870021658775
13089,-7166.234383974999,-4619.0870021658775
13090,784.0914385047217,-2104.3526699028043
13091,784.0914385047217,-2104.3526699028043
13092,-9652.894209322214,-478.55846711709637
13093,-9652.894209322214,-478.55846711709637
13094,-9652.894209322214,-2255.165483804778
13095,-9652.894209322214,-2255.165483804778
13096,-9652.894209322214,-2762.8115382779415
13097,-9652.894209322214,-2762.8115382779415
13098,9652.894209322214,-6484.850361519337
13099,9652.894209322214,-6484.850361519337
13100,9652.894209322214,-4501.946262451462
13101,9652.894209322214,-4501.946262451462
13102,9652.894209322214,-5077.692819292779
13103,9652.894209322214,-5077.692819292779
13104,9652.894209322214,-5077.692819292779
