Timestep,Hydro|Reservoir_FR_0,Hydro|Reservoir_ES_0,Hydro|Pumped Storage_ES_0,Hydro|Pumped Storage_FR_0,Battery|Lithium-Ion_FR_0,Battery|Lithium-Ion_PT_0
0,6.038047126e6,4.922711064e6,0.0,0.0,0.0,0.0
1,6.014756967904847e6,4.917272774209496e6,0.0,0.0,0.0,0.0
2,5.991466809809695e6,4.91183448441899e6,0.0,0.0,0.0,0.0
3,5.959696812067332e6,4.9081385042092595e6,0.0,0.0,0.0,0.0
4,5.927926814324968e6,4.90444252399953e6,0.0,0.0,0.0,0.0
5,5.910781862916388e6,4.90346393470811e6,0.0,0.0,0.0,0.0
6,5.893636911507809e6,4.90248534541669e6,0.0,0.0,0.0,0.0
7,5.905341882520204e6,4.903988025626185e6,0.0,0.0,0.0,0.0
8,5.917046853532601e6,4.9054907058356805e6,0.0,0.0,0.0,0.0
9,5.928625436094038e6,4.906993386045176e6,0.0,0.0,0.0,0.0
10,5.940204018655475e6,4.908496066254671e6,0.0,0.0,0.0,0.0
11,5.950927897167271e6,4.909998746464166e6,0.0,0.0,0.0,0.0
12,5.961651775679066e6,4.911501426673661e6,0.0,0.0,0.0,0.0
13,5.971751549734004e6,4.913004106883156e6,0.0,0.0,0.0,0.0
14,5.981851323788943e6,4.914506787092651e6,0.0,0.0,0.0,0.0
15,5.991658304936555e6,4.916009467302146e6,0.0,0.0,0.0,0.0
16,6.001465286084168e6,4.9175121475116415e6,0.0,0.0,0.0,0.0
17,5.986317935926842e6,4.919014827721137e6,0.0,0.0,0.0,0.0
18,5.9711705857695155e6,4.920517507930632e6,0.0,0.0,0.0,0.0
19,5.938996437974798e6,4.922020188140127e6,0.0,0.0,0.0,0.0
20,5.90682229018008e6,4.923522868349622e6,0.0,0.0,0.0,0.0
21,5.915367488345394e6,4.922333562926982e6,0.0,0.0,0.0,0.0
22,5.923912686510708e6,4.921144257504341e6,0.0,0.0,0.0,0.0
23,5.9300505843314845e6,4.915705967713837e6,0.0,0.0,0.0,0.0
24,5.936188482152261e6,4.910267677923331e6,0.0,0.0,0.0,0.0
25,5.941766045857634e6,4.9048293881328255e6,0.0,0.0,0.0,0.0
26,5.947343609563007e6,4.899391098342321e6,0.0,0.0,0.0,0.0
27,5.953535708557761e6,4.897634286793948e6,0.0,0.0,0.0,0.0
28,5.9597278075525155e6,4.895877475245575e6,0.0,0.0,0.0,0.0
29,5.938999837838285e6,4.892018389126072e6,0.0,0.0,0.0,0.0
30,5.918271868124054e6,4.888159303006567e6,0.0,0.0,0.0,0.0
31,5.930310067964809e6,4.888528090190174e6,0.0,0.0,0.0,0.0
32,5.942348267805565e6,4.888896877373782e6,0.0,0.0,0.0,0.0
33,5.954622731692828e6,4.890399557583277e6,0.0,0.0,0.0,0.0
34,5.966897195580091e6,4.891902237792772e6,0.0,0.0,0.0,0.0
35,5.97841077939539e6,4.893404918002267e6,0.0,0.0,0.0,0.0
36,5.989924363210689e6,4.8949075982117625e6,0.0,0.0,0.0,0.0
37,6.000959606529871e6,4.896410278421258e6,0.0,0.0,0.0,0.0
38,6.011994849849052e6,4.897912958630753e6,0.0,0.0,0.0,0.0
39,6.02320614258349e6,4.899415638840248e6,0.0,0.0,0.0,0.0
40,6.034417435317929e6,4.900918319049743e6,0.0,0.0,0.0,0.0
41,6.0453541525036385e6,4.902420999259238e6,0.0,0.0,0.0,0.0
42,6.056290869689348e6,4.903923679468733e6,0.0,0.0,0.0,0.0
43,6.0661565698646335e6,4.899141618763435e6,0.0,0.0,0.0,0.0
44,6.076022270039919e6,4.894359558058136e6,0.0,0.0,0.0,0.0
45,6.0852688503151545e6,4.8889212682676315e6,0.0,0.0,0.0,0.0
46,6.09451543059039e6,4.883482978477126e6,0.0,0.0,0.0,0.0
47,6.102168779311926e6,4.87804468868662e6,0.0,0.0,0.0,0.0
48,6.109822128033462e6,4.872606398896116e6,0.0,0.0,0.0,0.0
49,6.116329605644612e6,4.86910099628666e6,0.0,0.0,0.0,0.0
50,6.122837083255761e6,4.865595593677205e6,0.0,0.0,0.0,0.0
51,6.129111698958993e6,4.866378317720149e6,0.0,0.0,0.0,0.0
52,6.135386314662224e6,4.867161041763092e6,0.0,0.0,0.0,0.0
53,6.142735382297491e6,4.8686637219725875e6,0.0,0.0,0.0,0.0
54,6.150084449932758e6,4.870166402182083e6,0.0,0.0,0.0,0.0
55,6.159252650518686e6,4.871669082391578e6,0.0,0.0,0.0,0.0
56,6.168420851104613e6,4.873171762601073e6,0.0,0.0,0.0,0.0
57,6.178411466464036e6,4.874674442810568e6,0.0,0.0,0.0,0.0
58,6.188402081823459e6,4.876177123020063e6,0.0,0.0,0.0,0.0
59,6.198113729755241e6,4.877679803229558e6,0.0,0.0,0.0,0.0
60,6.207825377687023e6,4.879182483439053e6,0.0,0.0,0.0,0.0
61,6.217051484129462e6,4.880685163648549e6,0.0,0.0,0.0,0.0
62,6.226277590571903e6,4.882187843858044e6,0.0,0.0,0.0,0.0
63,6.235684761093361e6,4.883690524067539e6,0.0,0.0,0.0,0.0
64,6.245091931614819e6,4.885193204277034e6,0.0,0.0,0.0,0.0
65,6.255403627269505e6,4.886695884486529e6,0.0,0.0,0.0,0.0
66,6.265715322924191e6,4.888198564696024e6,0.0,0.0,0.0,0.0
67,6.274877843368303e6,4.889701244905519e6,0.0,0.0,0.0,0.0
68,6.284040363812415e6,4.891203925115014e6,0.0,0.0,0.0,0.0
69,6.293822655591859e6,4.89270660532451e6,0.0,0.0,0.0,0.0
70,6.303604947371303e6,4.894209285534005e6,0.0,0.0,0.0,0.0
71,6.311175103082372e6,4.889825195780792e6,0.0,0.0,0.0,0.0
72,6.318745258793441e6,4.88544110602758e6,0.0,0.0,0.0,0.0
73,6.325366206526721e6,4.883270413071277e6,0.0,0.0,0.0,0.0
74,6.331987154260001e6,4.881099720114972e6,0.0,0.0,0.0,0.0
75,6.296499534880219e6,4.882067065803976e6,0.0,0.0,0.0,0.0
76,6.261011915500438e6,4.883034411492979e6,0.0,0.0,0.0,0.0
77,6.2562695630502645e6,4.884537091702474e6,0.0,0.0,0.0,0.0
78,6.25152721060009e6,4.886039771911969e6,0.0,0.0,0.0,0.0
79,6.260311494397171e6,4.887542452121465e6,0.0,0.0,0.0,0.0
80,6.269095778194251e6,4.88904513233096e6,0.0,0.0,0.0,0.0
81,6.278804481650261e6,4.890547812540455e6,0.0,0.0,0.0,0.0
82,6.288513185106272e6,4.89205049274995e6,0.0,0.0,0.0,0.0
83,6.298402746895477e6,4.893553172959445e6,0.0,0.0,0.0,0.0
84,6.308292308684683e6,4.89505585316894e6,0.0,0.0,0.0,0.0
85,6.317702110771693e6,4.896558533378435e6,0.0,0.0,0.0,0.0
86,6.327111912858704e6,4.89806121358793e6,0.0,0.0,0.0,0.0
87,6.336794805536373e6,4.899563893797426e6,0.0,0.0,0.0,0.0
88,6.34647769821404e6,4.901066574006921e6,0.0,0.0,0.0,0.0
89,6.356573112172412e6,4.902569254216416e6,0.0,0.0,0.0,0.0
90,6.366668526130783e6,4.904071934425911e6,0.0,0.0,0.0,0.0
91,6.376996769779796e6,4.900538533141997e6,0.0,0.0,0.0,0.0
92,6.387325013428807e6,4.897005131858083e6,0.0,0.0,0.0,0.0
93,6.396977333428878e6,4.891566842067579e6,0.0,0.0,0.0,0.0
94,6.40662965342895e6,4.886128552277073e6,0.0,0.0,0.0,0.0
95,6.4134634452598225e6,4.880690262486568e6,0.0,0.0,0.0,0.0
96,6.420297237090694e6,4.875251972696063e6,0.0,0.0,0.0,0.0
97,6.425984949643934e6,4.8698136829055585e6,0.0,0.0,0.0,0.0
98,6.431672662197175e6,4.864375393115053e6,0.0,0.0,0.0,0.0
99,6.437256916786988e6,4.858937103324547e6,0.0,0.0,0.0,0.0
100,6.442841171376801e6,4.853498813534043e6,0.0,0.0,0.0,0.0
101,6.450788087193874e6,4.851418721277036e6,0.0,0.0,0.0,0.0
102,6.458735003010946e6,4.84933862902003e6,0.0,0.0,0.0,0.0
103,6.468623238058919e6,4.850280039765537e6,0.0,0.0,0.0,0.0
104,6.478511473106892e6,4.851221450511045e6,0.0,0.0,0.0,0.0
105,6.488449128762901e6,4.85272413072054e6,0.0,0.0,0.0,0.0
106,6.498386784418911e6,4.854226810930035e6,0.0,0.0,0.0,0.0
107,6.508099737607891e6,4.85572949113953e6,0.0,0.0,0.0,0.0
108,6.517812690796872e6,4.857232171349025e6,0.0,0.0,0.0,0.0
109,6.527103297688667e6,4.85873485155852e6,0.0,0.0,0.0,0.0
110,6.536393904580461e6,4.860237531768016e6,0.0,0.0,0.0,0.0
111,6.545809922999488e6,4.861740211977511e6,0.0,0.0,0.0,0.0
112,6.5552259414185155e6,4.863242892187006e6,0.0,0.0,0.0,0.0
113,6.565391007696522e6,4.864745572396501e6,0.0,0.0,0.0,0.0
114,6.575556073974528e6,4.866248252605996e6,0.0,0.0,0.0,0.0
115,6.58568729993819e6,4.8608099628154915e6,0.0,0.0,0.0,0.0
116,6.595818525901851e6,4.855371673024986e6,0.0,0.0,0.0,0.0
117,6.604974996589312e6,4.84993338323448e6,0.0,0.0,0.0,0.0
118,6.614131467276774e6,4.844495093443976e6,0.0,0.0,0.0,0.0
119,6.620629965767625e6,4.839056803653471e6,0.0,0.0,0.0,0.0
120,6.627128464258475e6,4.833618513862966e6,0.0,0.0,0.0,0.0
121,6.633029045279751e6,4.82818022407246e6,0.0,0.0,0.0,0.0
122,6.638929626301025e6,4.8227419342819555e6,0.0,0.0,0.0,0.0
123,6.644963617031777e6,4.824244614491451e6,0.0,0.0,0.0,0.0
124,6.650997607762529e6,4.825747294700946e6,0.0,0.0,0.0,0.0
125,6.6599753462767955e6,4.824105494541109e6,0.0,0.0,0.0,0.0
126,6.668953084791063e6,4.8224636943812715e6,0.0,0.0,0.0,0.0
127,6.679928764350155e6,4.823966374590767e6,0.0,0.0,0.0,0.0
128,6.6909044439092465e6,4.825469054800262e6,0.0,0.0,0.0,0.0
129,6.702441765480097e6,4.826971735009757e6,0.0,0.0,0.0,0.0
130,6.713979087050948e6,4.828474415219252e6,0.0,0.0,0.0,0.0
131,6.725072938064147e6,4.829977095428747e6,0.0,0.0,0.0,0.0
132,6.736166789077344e6,4.831479775638242e6,0.0,0.0,0.0,0.0
133,6.747157357510012e6,4.832982455847737e6,0.0,0.0,0.0,0.0
134,6.758147925942679e6,4.8344851360572325e6,0.0,0.0,0.0,0.0
135,6.769185288766045e6,4.835987816266728e6,0.0,0.0,0.0,0.0
136,6.78022265158941e6,4.837490496476223e6,0.0,0.0,0.0,0.0
137,6.791202406939754e6,4.838993176685718e6,0.0,0.0,0.0,0.0
138,6.802182162290097e6,4.840495856895213e6,0.0,0.0,0.0,0.0
139,6.812905978038317e6,4.841998537104708e6,0.0,0.0,0.0,0.0
140,6.823629793786537e6,4.843501217314203e6,0.0,0.0,0.0,0.0
141,6.833301475139347e6,4.839523369007868e6,0.0,0.0,0.0,0.0
142,6.842973156492157e6,4.835545520701532e6,0.0,0.0,0.0,0.0
143,6.850548166419703e6,4.834356979638808e6,0.0,0.0,0.0,0.0
144,6.858123176347248e6,4.833168438576085e6,0.0,0.0,0.0,0.0
145,6.864960091589425e6,4.82773014878558e6,0.0,0.0,0.0,0.0
146,6.871797006831601e6,4.822291858995074e6,0.0,0.0,0.0,0.0
147,6.878413438362614e6,4.819097817325953e6,0.0,0.0,0.0,0.0
148,6.885029869893627e6,4.815903775656833e6,0.0,0.0,0.0,0.0
149,6.89413276896026e6,4.817406455866328e6,0.0,0.0,0.0,0.0
150,6.903235668026892e6,4.818909136075824e6,0.0,0.0,0.0,0.0
151,6.914009473820363e6,4.820411816285319e6,0.0,0.0,0.0,0.0
152,6.924783279613835e6,4.821914496494814e6,0.0,0.0,0.0,0.0
153,6.9353031170301605e6,4.823417176704309e6,0.0,0.0,0.0,0.0
154,6.945822954446486e6,4.824919856913804e6,0.0,0.0,0.0,0.0
155,6.955942307912681e6,4.826422537123299e6,0.0,0.0,0.0,0.0
156,6.966061661378877e6,4.827925217332794e6,0.0,0.0,0.0,0.0
157,6.975788664738049e6,4.829427897542289e6,0.0,0.0,0.0,0.0
158,6.98551566809722e6,4.830930577751785e6,0.0,0.0,0.0,0.0
159,6.995110316904857e6,4.83243325796128e6,0.0,0.0,0.0,0.0
160,7.004704965712493e6,4.833935938170775e6,0.0,0.0,0.0,0.0
161,7.014420963305147e6,4.83543861838027e6,0.0,0.0,0.0,0.0
162,7.024136960897801e6,4.836941298589765e6,0.0,0.0,0.0,0.0
163,7.033086524030266e6,4.83844397879926e6,0.0,0.0,0.0,0.0
164,7.042036087162731e6,4.839946659008755e6,0.0,0.0,0.0,0.0
165,7.050344164480889e6,4.8414493392182505e6,0.0,0.0,0.0,0.0
166,7.058652241799046e6,4.842952019427746e6,0.0,0.0,0.0,0.0
167,7.064845194478943e6,4.844454699637241e6,0.0,0.0,0.0,0.0
168,7.07103814715884e6,4.845957379846736e6,0.0,0.0,0.0,0.0
169,7.071108723837504e6,4.8450727692932645e6,0.0,0.0,0.0,0.0
170,7.071179300516168e6,4.844188158739793e6,0.0,0.0,0.0,0.0
171,7.069545975897571e6,4.844546260548544e6,0.0,0.0,0.0,0.0
172,7.0679126512789745e6,4.844904362357295e6,0.0,0.0,0.0,0.0
173,7.075868407887045e6,4.846192508125031e6,0.0,0.0,0.0,0.0
174,7.083824164495116e6,4.847480653892767e6,0.0,0.0,0.0,0.0
175,7.093338767202792e6,4.848815467123903e6,0.0,0.0,0.0,0.0
176,7.102853369910467e6,4.850150280355041e6,0.0,0.0,0.0,0.0
177,7.112576164259691e6,4.8514850935861785e6,0.0,0.0,0.0,0.0
178,7.122298958608913e6,4.852819906817315e6,0.0,0.0,0.0,0.0
179,7.131644569710689e6,4.854154720048452e6,0.0,0.0,0.0,0.0
180,7.140990180812464e6,4.855489533279589e6,0.0,0.0,0.0,0.0
181,7.149922952629332e6,4.856824346510727e6,0.0,0.0,0.0,0.0
182,7.158855724446201e6,4.858159159741864e6,0.0,0.0,0.0,0.0
183,7.167545365747137e6,4.859493972973e6,0.0,0.0,0.0,0.0
184,7.176235007048073e6,4.860828786204138e6,0.0,0.0,0.0,0.0
185,7.18517073437844e6,4.862163599435275e6,0.0,0.0,0.0,0.0
186,7.194106461708806e6,4.863498412666412e6,0.0,0.0,0.0,0.0
187,7.202536599953032e6,4.857892255897549e6,0.0,0.0,0.0,0.0
188,7.210966738197258e6,4.852286099128686e6,0.0,0.0,0.0,0.0
189,7.218767409753628e6,4.846679942359823e6,0.0,0.0,0.0,0.0
190,7.226568081309998e6,4.84107378559096e6,0.0,0.0,0.0,0.0
191,7.232522196185415e6,4.835467628822097e6,0.0,0.0,0.0,0.0
192,7.238476311060831e6,4.8298614720532335e6,0.0,0.0,0.0,0.0
193,7.243758363372043e6,4.82425531528437e6,0.0,0.0,0.0,0.0
194,7.2490404156832555e6,4.818649158515507e6,0.0,0.0,0.0,0.0
195,7.254260961186105e6,4.813043001746644e6,0.0,0.0,0.0,0.0
196,7.259481506688954e6,4.807436844977781e6,0.0,0.0,0.0,0.0
197,7.267117472347515e6,4.801830688208918e6,0.0,0.0,0.0,0.0
198,7.274753438006074e6,4.796224531440055e6,0.0,0.0,0.0,0.0
199,7.28440002526447e6,4.793914526455984e6,0.0,0.0,0.0,0.0
200,7.294046612522866e6,4.791604521471914e6,0.0,0.0,0.0,0.0
201,7.303912907326508e6,4.792939334703051e6,0.0,0.0,0.0,0.0
202,7.313779202130151e6,4.794274147934188e6,0.0,0.0,0.0,0.0
203,7.323381108103666e6,4.795608961165326e6,0.0,0.0,0.0,0.0
204,7.332983014077182e6,4.796943774396462e6,0.0,0.0,0.0,0.0
205,7.342279442206979e6,4.798278587627599e6,0.0,0.0,0.0,0.0
206,7.351575870336776e6,4.799613400858737e6,0.0,0.0,0.0,0.0
207,7.36068889325102e6,4.800948214089874e6,0.0,0.0,0.0,0.0
208,7.369801916165264e6,4.802283027321011e6,0.0,0.0,0.0,0.0
209,7.379678848696815e6,4.8036178405521475e6,0.0,0.0,0.0,0.0
210,7.389555781228365e6,4.804952653783285e6,0.0,0.0,0.0,0.0
211,7.376604499302728e6,4.800989653262733e6,0.0,0.0,0.0,0.0
212,7.36365321737709e6,4.797026652742181e6,0.0,0.0,0.0,0.0
213,7.373824543228211e6,4.791420495973318e6,0.0,0.0,0.0,0.0
214,7.383995869079332e6,4.785814339204455e6,0.0,0.0,0.0,0.0
215,7.392334677451842e6,4.7835674791188445e6,0.0,0.0,0.0,0.0
216,7.400673485824353e6,4.781320619033233e6,0.0,0.0,0.0,0.0
217,7.408100747733163e6,4.77571446226437e6,0.0,0.0,0.0,0.0
218,7.415528009641973e6,4.770108305495507e6,0.0,0.0,0.0,0.0
219,7.422846368510371e6,4.764548481007736e6,0.0,0.0,0.0,0.0
220,7.430164727378768e6,4.758988656519964e6,0.0,0.0,0.0,0.0
221,7.437504854530655e6,4.755258808511728e6,0.0,0.0,0.0,0.0
222,7.444844981682541e6,4.751528960503492e6,0.0,0.0,0.0,0.0
223,7.454666661045463e6,4.750303825711757e6,0.0,0.0,0.0,0.0
224,7.464488340408385e6,4.749078690920023e6,0.0,0.0,0.0,0.0
225,7.474788760416462e6,4.75041350415116e6,0.0,0.0,0.0,0.0
226,7.485089180424539e6,4.7517483173822975e6,0.0,0.0,0.0,0.0
227,7.495248719150393e6,4.753083130613435e6,0.0,0.0,0.0,0.0
228,7.505408257876247e6,4.754417943844572e6,0.0,0.0,0.0,0.0
229,7.515311268205296e6,4.755752757075708e6,0.0,0.0,0.0,0.0
230,7.525214278534344e6,4.757087570306846e6,0.0,0.0,0.0,0.0
231,7.535365550743189e6,4.7584223835379835e6,0.0,0.0,0.0,0.0
232,7.545516822952032e6,4.75975719676912e6,0.0,0.0,0.0,0.0
233,7.553448789050472e6,4.761092010000257e6,0.0,0.0,0.0,0.0
234,7.561380755148912e6,4.762426823231394e6,0.0,0.0,0.0,0.0
235,7.571835539998049e6,4.759628212476913e6,0.0,0.0,0.0,0.0
236,7.582290324847185e6,4.756829601722431e6,0.0,0.0,0.0,0.0
237,7.592426472290104e6,4.751223444953568e6,0.0,0.0,0.0,0.0
238,7.602562619733023e6,4.745617288184705e6,0.0,0.0,0.0,0.0
239,7.611217601241566e6,4.740011131415842e6,0.0,0.0,0.0,0.0
240,7.619872582750109e6,4.734404974646979e6,0.0,0.0,0.0,0.0
241,7.6278230117056845e6,4.728798817878116e6,0.0,0.0,0.0,0.0
242,7.63577344066126e6,4.723192661109253e6,0.0,0.0,0.0,0.0
243,7.643334957044328e6,4.718291520101297e6,0.0,0.0,0.0,0.0
244,7.650896473427396e6,4.713390379093341e6,0.0,0.0,0.0,0.0
245,7.658944249736253e6,4.710573088844419e6,0.0,0.0,0.0,0.0
246,7.666992026045109e6,4.707755798595498e6,0.0,0.0,0.0,0.0
247,7.676276071391081e6,4.707712614676025e6,0.0,0.0,0.0,0.0
248,7.685560116737055e6,4.70766943075655e6,0.0,0.0,0.0,0.0
249,7.695645186997947e6,4.709004243987687e6,0.0,0.0,0.0,0.0
250,7.70573025725884e6,4.7103390572188245e6,0.0,0.0,0.0,0.0
251,7.715566970117768e6,4.711673870449962e6,0.0,0.0,0.0,0.0
252,7.725403682976698e6,4.713008683681099e6,0.0,0.0,0.0,0.0
253,7.734834667485173e6,4.714343496912235e6,0.0,0.0,0.0,0.0
254,7.744265651993648e6,4.715678310143373e6,0.0,0.0,0.0,0.0
255,7.754006273476993e6,4.717013123374511e6,0.0,0.0,0.0,0.0
256,7.763746894960337e6,4.718347936605647e6,0.0,0.0,0.0,0.0
257,7.774102659479443e6,4.719682749836784e6,0.0,0.0,0.0,0.0
258,7.78445842399855e6,4.721017563067921e6,0.0,0.0,0.0,0.0
259,7.780046340925023e6,4.722352376299059e6,0.0,0.0,0.0,0.0
260,7.775634257851497e6,4.723687189530196e6,0.0,0.0,0.0,0.0
261,7.785727664975237e6,4.725022002761332e6,0.0,0.0,0.0,0.0
262,7.795821072098977e6,4.72635681599247e6,0.0,0.0,0.0,0.0
263,7.768446373881357e6,4.720750659223607e6,0.0,0.0,0.0,0.0
264,7.741071675663738e6,4.715144502454744e6,0.0,0.0,0.0,0.0
265,7.748929363505788e6,4.709538345685881e6,0.0,0.0,0.0,0.0
266,7.756787051347839e6,4.703932188917018e6,0.0,0.0,0.0,0.0
267,7.764820349152971e6,4.698483758929558e6,0.0,0.0,0.0,0.0
268,7.7728536469581025e6,4.693035328942099e6,0.0,0.0,0.0,0.0
269,7.782915140865741e6,4.689454728801716e6,0.0,0.0,0.0,0.0
270,7.792976634773379e6,4.685874128661333e6,0.0,0.0,0.0,0.0
271,7.804600710951512e6,4.687006806379564e6,0.0,0.0,0.0,0.0
272,7.816224787129644e6,4.688139484097796e6,0.0,0.0,0.0,0.0
273,7.82813854139657e6,4.689474297328932e6,0.0,0.0,0.0,0.0
274,7.8400522956634965e6,4.69080911056007e6,0.0,0.0,0.0,0.0
275,7.851897633931944e6,4.692143923791207e6,0.0,0.0,0.0,0.0
276,7.863742972200392e6,4.693478737022344e6,0.0,0.0,0.0,0.0
277,7.874956379118071e6,4.694813550253481e6,0.0,0.0,0.0,0.0
278,7.88616978603575e6,4.696148363484618e6,0.0,0.0,0.0,0.0
279,7.897528445893205e6,4.697483176715756e6,0.0,0.0,0.0,0.0
280,7.9088871057506595e6,4.6988179899468925e6,0.0,0.0,0.0,0.0
281,7.903264458574476e6,4.700152803178029e6,0.0,0.0,0.0,0.0
282,7.897641811398292e6,4.701487616409167e6,0.0,0.0,0.0,0.0
283,7.866690655899163e6,4.702704511295997e6,0.0,0.0,0.0,0.0
284,7.835739500400036e6,4.703921406182826e6,0.0,0.0,0.0,0.0
285,7.8043203743687365e6,4.6983152494139625e6,0.0,0.0,0.0,0.0
286,7.772901248337437e6,4.692709092645099e6,0.0,0.0,0.0,0.0
287,7.781458743799832e6,4.687102935876236e6,0.0,0.0,0.0,0.0
288,7.790016239262227e6,4.681496779107373e6,0.0,0.0,0.0,0.0
289,7.797893781065857e6,4.67589062233851e6,0.0,0.0,0.0,0.0
290,7.805771322869487e6,4.670284465569647e6,0.0,0.0,0.0,0.0
291,7.813783357522232e6,4.665799844544642e6,0.0,0.0,0.0,0.0
292,7.821795392174979e6,4.661315223519637e6,0.0,0.0,0.0,0.0
293,7.831651498240549e6,4.6587734327513985e6,0.0,0.0,0.0,0.0
294,7.84150760430612e6,4.656231641983161e6,0.0,0.0,0.0,0.0
295,7.852865219069097e6,4.656554473335296e6,0.0,0.0,0.0,0.0
296,7.864222833832073e6,4.656877304687431e6,0.0,0.0,0.0,0.0
297,7.8759602268127855e6,4.658212117918568e6,0.0,0.0,0.0,0.0
298,7.887697619793497e6,4.659546931149705e6,0.0,0.0,0.0,0.0
299,7.899192191121843e6,4.660881744380843e6,0.0,0.0,0.0,0.0
300,7.9106867624501875e6,4.66221655761198e6,0.0,0.0,0.0,0.0
301,7.921716689668493e6,4.663551370843116e6,0.0,0.0,0.0,0.0
302,7.9327466168868e6,4.664886184074254e6,0.0,0.0,0.0,0.0
303,7.943551050424271e6,4.666220997305391e6,0.0,0.0,0.0,0.0
304,7.954355483961742e6,4.667555810536528e6,0.0,0.0,0.0,0.0
305,7.923492683458136e6,4.668890623767665e6,0.0,0.0,0.0,0.0
306,7.892629882954531e6,4.670225436998802e6,0.0,0.0,0.0,0.0
307,7.903564500290684e6,4.668681135688865e6,0.0,0.0,0.0,0.0
308,7.914499117626838e6,4.667136834378927e6,0.0,0.0,0.0,0.0
309,7.882771079747215e6,4.668471647610065e6,0.0,0.0,0.0,0.0
310,7.851043041867592e6,4.669806460841201e6,0.0,0.0,0.0,0.0
311,7.816954070186786e6,4.667187412317041e6,0.0,0.0,0.0,0.0
312,7.78286509850598e6,4.664568363792881e6,0.0,0.0,0.0,0.0
313,7.789988143932418e6,4.658962207024018e6,0.0,0.0,0.0,0.0
314,7.797111189358856e6,4.653356050255155e6,0.0,0.0,0.0,0.0
315,7.762326309455695e6,4.648257145057149e6,0.0,0.0,0.0,0.0
316,7.727541429552533e6,4.643158239859144e6,0.0,0.0,0.0,0.0
317,7.695226970320192e6,4.639967991877663e6,0.0,0.0,0.0,0.0
318,7.662912511087852e6,4.636777743896182e6,0.0,0.0,0.0,0.0
319,7.674268638042297e6,4.637191977623168e6,0.0,0.0,0.0,0.0
320,7.685624764996743e6,4.637606211350155e6,0.0,0.0,0.0,0.0
321,7.697047200391127e6,4.638941024581293e6,0.0,0.0,0.0,0.0
322,7.708469635785512e6,4.640275837812429e6,0.0,0.0,0.0,0.0
323,7.719613861506633e6,4.641610651043566e6,0.0,0.0,0.0,0.0
324,7.730758087227754e6,4.6429454642747035e6,0.0,0.0,0.0,0.0
325,7.741609101239856e6,4.644280277505841e6,0.0,0.0,0.0,0.0
326,7.752460115251958e6,4.645615090736978e6,0.0,0.0,0.0,0.0
327,7.763322894037981e6,4.646949903968114e6,0.0,0.0,0.0,0.0
328,7.774185672824004e6,4.648284717199252e6,0.0,0.0,0.0,0.0
329,7.746663788182888e6,4.64961953043039e6,0.0,0.0,0.0,0.0
330,7.719141903541772e6,4.650954343661526e6,0.0,0.0,0.0,0.0
331,7.701519182359068e6,4.652289156892663e6,0.0,0.0,0.0,0.0
332,7.683896461176365e6,4.6536239701238e6,0.0,0.0,0.0,0.0
333,7.694191209975515e6,4.654958783354938e6,0.0,0.0,0.0,0.0
334,7.7044859587746635e6,4.656293596586075e6,0.0,0.0,0.0,0.0
335,7.6705788610026585e6,4.657628409817211e6,0.0,0.0,0.0,0.0
336,7.6366717632306535e6,4.658963223048349e6,0.0,0.0,0.0,0.0
337,7.602164274263632e6,4.653810236522891e6,0.0,0.0,0.0,0.0
338,7.567656785296609e6,4.648657249997432e6,0.0,0.0,0.0,0.0
339,7.533221826799871e6,4.644859300508503e6,0.0,0.0,0.0,0.0
340,7.498786868303133e6,4.641061351019574e6,0.0,0.0,0.0,0.0
341,7.466794151197685e6,4.638074160080876e6,0.0,0.0,0.0,0.0
342,7.434801434092237e6,4.635086969142177e6,0.0,0.0,0.0,0.0
343,7.4463368818550315e6,4.632853859887803e6,0.0,0.0,0.0,0.0
344,7.457872329617825e6,4.630620750633428e6,0.0,0.0,0.0,0.0
345,7.469901327006683e6,4.631714593524664e6,0.0,0.0,0.0,0.0
346,7.48193032439554e6,4.6328084364159e6,0.0,0.0,0.0,0.0
347,7.49329750655171e6,4.633902279307135e6,0.0,0.0,0.0,0.0
348,7.50466468870788e6,4.634996122198371e6,0.0,0.0,0.0,0.0
349,7.51561601239307e6,4.636089965089607e6,0.0,0.0,0.0,0.0
350,7.526567336078261e6,4.637183807980843e6,0.0,0.0,0.0,0.0
351,7.537411615904348e6,4.638277650872079e6,0.0,0.0,0.0,0.0
352,7.548255895730435e6,4.639371493763315e6,0.0,0.0,0.0,0.0
353,7.559752009896285e6,4.64046533665455e6,0.0,0.0,0.0,0.0
354,7.571248124062135e6,4.641559179545786e6,0.0,0.0,0.0,0.0
355,7.582036704985732e6,4.635934103714699e6,0.0,0.0,0.0,0.0
356,7.5928252859093305e6,4.630309027883612e6,0.0,0.0,0.0,0.0
357,7.602825581571299e6,4.624461900774848e6,0.0,0.0,0.0,0.0
358,7.612825877233267e6,4.618614773666084e6,0.0,0.0,0.0,0.0
359,7.6208083700933475e6,4.61276764655732e6,0.0,0.0,0.0,0.0
360,7.628790862953427e6,4.606920519448556e6,0.0,0.0,0.0,0.0
361,7.636172321929527e6,4.601073392339792e6,0.0,0.0,0.0,0.0
362,7.643553780905627e6,4.595226265231028e6,0.0,0.0,0.0,0.0
363,7.650952580859091e6,4.589379138122264e6,0.0,0.0,0.0,0.0
364,7.6583513808125565e6,4.5835320110135e6,0.0,0.0,0.0,0.0
365,7.665103209016624e6,4.579356061814903e6,0.0,0.0,0.0,0.0
366,7.671855037220691e6,4.575180112616306e6,0.0,0.0,0.0,0.0
367,7.683742655377816e6,4.57139404355997e6,0.0,0.0,0.0,0.0
368,7.695630273534942e6,4.567607974503635e6,0.0,0.0,0.0,0.0
369,7.707641965320661e6,4.568701817394871e6,0.0,0.0,0.0,0.0
370,7.719653657106379e6,4.569795660286107e6,0.0,0.0,0.0,0.0
371,7.730820065928791e6,4.570889503177343e6,0.0,0.0,0.0,0.0
372,7.741986474751202e6,4.571983346068579e6,0.0,0.0,0.0,0.0
373,7.752584646999974e6,4.573077188959815e6,0.0,0.0,0.0,0.0
374,7.763182819248745e6,4.57417103185105e6,0.0,0.0,0.0,0.0
375,7.773600913787907e6,4.575264874742286e6,0.0,0.0,0.0,0.0
376,7.78401900832707e6,4.576358717633522e6,0.0,0.0,0.0,0.0
377,7.794641660874149e6,4.577452560524758e6,0.0,0.0,0.0,0.0
378,7.805264313421227e6,4.578546403415994e6,0.0,0.0,0.0,0.0
379,7.815385668207709e6,4.57269927630723e6,0.0,0.0,0.0,0.0
380,7.8255070229941895e6,4.566852149198466e6,0.0,0.0,0.0,0.0
381,7.834901793519113e6,4.561005022089702e6,0.0,0.0,0.0,0.0
382,7.844296564044038e6,4.555157894980938e6,0.0,0.0,0.0,0.0
383,7.8519609212645525e6,4.549310767872174e6,0.0,0.0,0.0,0.0
384,7.859625278485067e6,4.54346364076341e6,0.0,0.0,0.0,0.0
385,7.866621440279544e6,4.537616513654646e6,0.0,0.0,0.0,0.0
386,7.8736176020740215e6,4.531769386545883e6,0.0,0.0,0.0,0.0
387,7.880356974749636e6,4.525922259437119e6,0.0,0.0,0.0,0.0
388,7.887096347425251e6,4.520075132328355e6,0.0,0.0,0.0,0.0
389,7.894489039386385e6,4.514228005219591e6,0.0,0.0,0.0,0.0
390,7.901881731347519e6,4.508380878110827e6,0.0,0.0,0.0,0.0
391,7.9106298445052e6,4.505077978185628e6,0.0,0.0,0.0,0.0
392,7.91937795766288e6,4.501775078260429e6,0.0,0.0,0.0,0.0
393,7.92820997485798e6,4.502868921151665e6,0.0,0.0,0.0,0.0
394,7.937041992053081e6,4.503962764042901e6,0.0,0.0,0.0,0.0
395,7.94527467004715e6,4.505056606934137e6,0.0,0.0,0.0,0.0
396,7.953507348041219e6,4.506150449825373e6,0.0,0.0,0.0,0.0
397,7.960967806962607e6,4.507244292716608e6,0.0,0.0,0.0,0.0
398,7.968428265883997e6,4.508338135607844e6,0.0,0.0,0.0,0.0
399,7.976067494548069e6,4.50943197849908e6,0.0,0.0,0.0,0.0
400,7.983706723212141e6,4.510525821390316e6,0.0,0.0,0.0,0.0
401,7.992142931188302e6,4.511619664281552e6,0.0,0.0,0.0,0.0
402,8.000579139164463e6,4.512713507172788e6,0.0,0.0,0.0,0.0
403,8.009204421555633e6,4.506866380064024e6,0.0,0.0,0.0,0.0
404,8.017829703946804e6,4.50101925295526e6,0.0,0.0,0.0,0.0
405,8.026651280955976e6,4.495172125846496e6,0.0,0.0,0.0,0.0
406,8.035472857965147e6,4.489324998737732e6,0.0,0.0,0.0,0.0
407,8.042782425967714e6,4.483477871628968e6,0.0,0.0,0.0,0.0
408,8.0500919939702805e6,4.477630744520204e6,0.0,0.0,0.0,0.0
409,8.056656900108104e6,4.47178361741144e6,0.0,0.0,0.0,0.0
410,8.063221806245927e6,4.465936490302676e6,0.0,0.0,0.0,0.0
411,8.069583035325881e6,4.460089363193912e6,0.0,0.0,0.0,0.0
412,8.075944264405835e6,4.4542422360851485e6,0.0,0.0,0.0,0.0
413,8.08302918818233e6,4.449071151863325e6,0.0,0.0,0.0,0.0
414,8.090114111958825e6,4.443900067641503e6,0.0,0.0,0.0,0.0
415,8.098413811030012e6,4.441503135767434e6,0.0,0.0,0.0,0.0
416,8.106713510101198e6,4.439106203893364e6,0.0,0.0,0.0,0.0
417,8.116021147692492e6,4.4402000467846e6,0.0,0.0,0.0,0.0
418,8.125328785283787e6,4.441293889675836e6,0.0,0.0,0.0,0.0
419,8.134848209407086e6,4.442387732567072e6,0.0,0.0,0.0,0.0
420,8.144367633530383e6,4.443481575458308e6,0.0,0.0,0.0,0.0
421,8.153603517372429e6,4.444575418349544e6,0.0,0.0,0.0,0.0
422,8.162839401214476e6,4.445669261240779e6,0.0,0.0,0.0,0.0
423,8.17260216618716e6,4.446763104132015e6,0.0,0.0,0.0,0.0
424,8.182364931159845e6,4.447856947023251e6,0.0,0.0,0.0,0.0
425,8.192667603396481e6,4.448950789914487e6,0.0,0.0,0.0,0.0
426,8.202970275633117e6,4.450044632805723e6,0.0,0.0,0.0,0.0
427,8.213495897870578e6,4.446888422930038e6,0.0,0.0,0.0,0.0
428,8.224021520108039e6,4.443732213054353e6,0.0,0.0,0.0,0.0
429,8.234345450510451e6,4.4378850859455895e6,0.0,0.0,0.0,0.0
430,8.244669380912863e6,4.432037958836826e6,0.0,0.0,0.0,0.0
431,8.252480237413323e6,4.426190831728062e6,0.0,0.0,0.0,0.0
432,8.260291093913783e6,4.420343704619298e6,0.0,0.0,0.0,0.0
433,8.267330114547123e6,4.414496577510534e6,0.0,0.0,0.0,0.0
434,8.274369135180463e6,4.40864945040177e6,0.0,0.0,0.0,0.0
435,8.281259955573805e6,4.402802323293006e6,0.0,0.0,0.0,0.0
436,8.288150775967146e6,4.396955196184242e6,0.0,0.0,0.0,0.0
437,8.297319042756181e6,4.391108069075478e6,0.0,0.0,0.0,0.0
438,8.306487309545216e6,4.385260941966714e6,0.0,0.0,0.0,0.0
439,8.317555881668957e6,4.381484072643515e6,0.0,0.0,0.0,0.0
440,8.328624453792697e6,4.377707203320314e6,0.0,0.0,0.0,0.0
441,8.339763434919694e6,4.37880104621155e6,0.0,0.0,0.0,0.0
442,8.350902416046693e6,4.379894889102786e6,0.0,0.0,0.0,0.0
443,8.361763778893005e6,4.380988731994022e6,0.0,0.0,0.0,0.0
444,8.372625141739316e6,4.3820825748852575e6,0.0,0.0,0.0,0.0
445,8.383269012150323e6,4.383176417776493e6,0.0,0.0,0.0,0.0
446,8.39391288256133e6,4.384270260667729e6,0.0,0.0,0.0,0.0
447,8.404728556163967e6,4.385364103558965e6,0.0,0.0,0.0,0.0
448,8.415544229766604e6,4.386457946450201e6,0.0,0.0,0.0,0.0
449,8.427147753618505e6,4.387551789341437e6,0.0,0.0,0.0,0.0
450,8.438751277470408e6,4.388645632232673e6,0.0,0.0,0.0,0.0
451,8.450189660980012e6,4.387092661983168e6,0.0,0.0,0.0,0.0
452,8.461628044489615e6,4.385539691733663e6,0.0,0.0,0.0,0.0
453,8.47240383447555e6,4.379692564624899e6,0.0,0.0,0.0,0.0
454,8.483179624461485e6,4.373845437516135e6,0.0,0.0,0.0,0.0
455,8.491338785403538e6,4.367998310407371e6,0.0,0.0,0.0,0.0
456,8.499497946345592e6,4.362151183298607e6,0.0,0.0,0.0,0.0
457,8.506666529747838e6,4.356304056189843e6,0.0,0.0,0.0,0.0
458,8.513835113150084e6,4.35045692908108e6,0.0,0.0,0.0,0.0
459,8.520690547141872e6,4.344609801972316e6,0.0,0.0,0.0,0.0
460,8.527545981133662e6,4.338762674863552e6,0.0,0.0,0.0,0.0
461,8.536218586084872e6,4.333296831574115e6,0.0,0.0,0.0,0.0
462,8.544891191036083e6,4.327830988284678e6,0.0,0.0,0.0,0.0
463,8.555225363300944e6,4.327249251534402e6,0.0,0.0,0.0,0.0
464,8.565559535565805e6,4.3266675147841275e6,0.0,0.0,0.0,0.0
465,8.576192164032348e6,4.327761357675363e6,0.0,0.0,0.0,0.0
466,8.58682479249889e6,4.328855200566599e6,0.0,0.0,0.0,0.0
467,8.597074278939757e6,4.329949043457835e6,0.0,0.0,0.0,0.0
468,8.607323765380627e6,4.331042886349071e6,0.0,0.0,0.0,0.0
469,8.61714819967699e6,4.332136729240307e6,0.0,0.0,0.0,0.0
470,8.626972633973356e6,4.3332305721315425e6,0.0,0.0,0.0,0.0
471,8.63686337170263e6,4.334324415022778e6,0.0,0.0,0.0,0.0
472,8.646754109431902e6,4.335418257914014e6,0.0,0.0,0.0,0.0
473,8.65744080300853e6,4.33651210080525e6,0.0,0.0,0.0,0.0
474,8.668127496585157e6,4.337605943696486e6,0.0,0.0,0.0,0.0
475,8.662824855008453e6,4.338092587138492e6,0.0,0.0,0.0,0.0
476,8.65752221343175e6,4.3385792305804975e6,0.0,0.0,0.0,0.0
477,8.667745451671723e6,4.339673073471733e6,0.0,0.0,0.0,0.0
478,8.677968689911699e6,4.340766916362969e6,0.0,0.0,0.0,0.0
479,8.686302314207543e6,4.341860759254205e6,0.0,0.0,0.0,0.0
480,8.694635938503385e6,4.342954602145441e6,0.0,0.0,0.0,0.0
481,8.660210833225772e6,4.344048445036677e6,0.0,0.0,0.0,0.0
482,8.62578572794816e6,4.345142287927913e6,0.0,0.0,0.0,0.0
483,8.591381610728305e6,4.342738366094591e6,0.0,0.0,0.0,0.0
484,8.556977493508447e6,4.34033444426127e6,0.0,0.0,0.0,0.0
485,8.528394739024483e6,4.338087350394662e6,0.0,0.0,0.0,0.0
486,8.49981198454052e6,4.335840256528053e6,0.0,0.0,0.0,0.0
487,8.511333034890316e6,4.336934099419289e6,0.0,0.0,0.0,0.0
488,8.522854085240113e6,4.338027942310525e6,0.0,0.0,0.0,0.0
489,8.534580644123327e6,4.339121785201761e6,0.0,0.0,0.0,0.0
490,8.546307203006541e6,4.340215628092997e6,0.0,0.0,0.0,0.0
491,8.557819456874225e6,4.341309470984233e6,0.0,0.0,0.0,0.0
492,8.569331710741907e6,4.342403313875468e6,0.0,0.0,0.0,0.0
493,8.580386563478693e6,4.343497156766704e6,0.0,0.0,0.0,0.0
494,8.59144141621548e6,4.34459099965794e6,0.0,0.0,0.0,0.0
495,8.60259848396523e6,4.345684842549176e6,0.0,0.0,0.0,0.0
496,8.613755551714977e6,4.346778685440412e6,0.0,0.0,0.0,0.0
497,8.625237846248258e6,4.347872528331648e6,0.0,0.0,0.0,0.0
498,8.636720140781539e6,4.348966371222883e6,0.0,0.0,0.0,0.0
499,8.647814674582588e6,4.350060214114119e6,0.0,0.0,0.0,0.0
500,8.658909208383637e6,4.351154057005355e6,0.0,0.0,0.0,0.0
501,8.64599288341377e6,4.352247899896591e6,0.0,0.0,0.0,0.0
502,8.6330765584439e6,4.353341742787827e6,0.0,0.0,0.0,0.0
503,8.641237778446864e6,4.354435585679063e6,0.0,0.0,0.0,0.0
504,8.649398998449828e6,4.3555294285702985e6,0.0,0.0,0.0,0.0
505,8.614596872400574e6,4.349432222216477e6,0.0,0.0,0.0,0.0
506,8.579794746351322e6,4.343335015862655e6,0.0,0.0,0.0,0.0
507,8.545045301680727e6,4.338898328293771e6,0.0,0.0,0.0,0.0
508,8.510295857010132e6,4.334461640724886e6,0.0,0.0,0.0,0.0
509,8.477929351853803e6,4.3313157078966545e6,0.0,0.0,0.0,0.0
510,8.445562846697476e6,4.328169775068423e6,0.0,0.0,0.0,0.0
511,8.45697232609102e6,4.326413298223189e6,0.0,0.0,0.0,0.0
512,8.468381805484563e6,4.324656821377955e6,0.0,0.0,0.0,0.0
513,8.47997056997822e6,4.3254772035463825e6,0.0,0.0,0.0,0.0
514,8.491559334471878e6,4.32629758571481e6,0.0,0.0,0.0,0.0
515,8.50239121397835e6,4.327117967883237e6,0.0,0.0,0.0,0.0
516,8.51322309348482e6,4.327938350051664e6,0.0,0.0,0.0,0.0
517,8.52362879154528e6,4.328758732220091e6,0.0,0.0,0.0,0.0
518,8.53403448960574e6,4.329579114388518e6,0.0,0.0,0.0,0.0
519,8.544297411750115e6,4.330399496556945e6,0.0,0.0,0.0,0.0
520,8.55456033389449e6,4.331219878725372e6,0.0,0.0,0.0,0.0
521,8.523505460570777e6,4.332040260893799e6,0.0,0.0,0.0,0.0
522,8.492450587247064e6,4.3328606430622265e6,0.0,0.0,0.0,0.0
523,8.461360640182894e6,4.333646753768776e6,0.0,0.0,0.0,0.0
524,8.430270693118723e6,4.334432864475326e6,0.0,0.0,0.0,0.0
525,8.398548411566772e6,4.328312276643753e6,0.0,0.0,0.0,0.0
526,8.366826130014819e6,4.3221916888121795e6,0.0,0.0,0.0,0.0
527,8.333139494352953e6,4.316071100980606e6,0.0,0.0,0.0,0.0
528,8.299452858691086e6,4.309950513149033e6,0.0,0.0,0.0,0.0
529,8.265079343506859e6,4.309887562888842e6,0.0,0.0,0.0,0.0
530,8.230705828322631e6,4.30982461262865e6,0.0,0.0,0.0,0.0
531,8.196396274230277e6,4.303704024797076e6,0.0,0.0,0.0,0.0
532,8.162086720137922e6,4.297583436965504e6,0.0,0.0,0.0,0.0
533,8.12974895972023e6,4.292221755824212e6,0.0,0.0,0.0,0.0
534,8.097411199302537e6,4.28686007468292e6,0.0,0.0,0.0,0.0
535,8.105368668970479e6,4.285206413779518e6,0.0,0.0,0.0,0.0
536,8.11332613863842e6,4.283552752876115e6,0.0,0.0,0.0,0.0
537,8.124999692395325e6,4.284373135044542e6,0.0,0.0,0.0,0.0
538,8.13667324615223e6,4.285193517212969e6,0.0,0.0,0.0,0.0
539,8.147960090928871e6,4.286013899381396e6,0.0,0.0,0.0,0.0
540,8.159246935705514e6,4.2868342815498235e6,0.0,0.0,0.0,0.0
541,8.169936032623552e6,4.287654663718251e6,0.0,0.0,0.0,0.0
542,8.18062512954159e6,4.288475045886678e6,0.0,0.0,0.0,0.0
543,8.19157490651039e6,4.289295428055105e6,0.0,0.0,0.0,0.0
544,8.202524683479192e6,4.290115810223532e6,0.0,0.0,0.0,0.0
545,8.213969217599806e6,4.290936192391959e6,0.0,0.0,0.0,0.0
546,8.225413751720421e6,4.291756574560386e6,0.0,0.0,0.0,0.0
547,8.236374790062157e6,4.292576956728813e6,0.0,0.0,0.0,0.0
548,8.247335828403894e6,4.29339733889724e6,0.0,0.0,0.0,0.0
549,8.257450162467165e6,4.294217721065667e6,0.0,0.0,0.0,0.0
550,8.267564496530437e6,4.295038103234095e6,0.0,0.0,0.0,0.0
551,8.275986038408058e6,4.295448703737858e6,0.0,0.0,0.0,0.0
552,8.28440758028568e6,4.295859304241621e6,0.0,0.0,0.0,0.0
553,8.291968100745222e6,4.293174204678321e6,0.0,0.0,0.0,0.0
554,8.299528621204763e6,4.290489105115021e6,0.0,0.0,0.0,0.0
555,8.3065342099529235e6,4.28739682798101e6,0.0,0.0,0.0,0.0
556,8.313539798701084e6,4.284304550846999e6,0.0,0.0,0.0,0.0
557,8.320801395875797e6,4.285124933015426e6,0.0,0.0,0.0,0.0
558,8.328062993050509e6,4.285945315183853e6,0.0,0.0,0.0,0.0
559,8.336583735273269e6,4.28676569735228e6,0.0,0.0,0.0,0.0
560,8.345104477496029e6,4.287586079520707e6,0.0,0.0,0.0,0.0
561,8.354101847063016e6,4.288406461689134e6,0.0,0.0,0.0,0.0
562,8.363099216630004e6,4.289226843857561e6,0.0,0.0,0.0,0.0
563,8.37161561663837e6,4.290047226025988e6,0.0,0.0,0.0,0.0
564,8.380132016646734e6,4.290867608194415e6,0.0,0.0,0.0,0.0
565,8.388190176975027e6,4.291687990362843e6,0.0,0.0,0.0,0.0
566,8.39624833730332e6,4.29250837253127e6,0.0,0.0,0.0,0.0
567,8.40490965913555e6,4.293328754699697e6,0.0,0.0,0.0,0.0
568,8.413570980967779e6,4.294149136868124e6,0.0,0.0,0.0,0.0
569,8.422924950659283e6,4.294969519036551e6,0.0,0.0,0.0,0.0
570,8.432278920350784e6,4.295789901204978e6,0.0,0.0,0.0,0.0
571,8.441478962287568e6,4.2908319391638255e6,0.0,0.0,0.0,0.0
572,8.450679004224353e6,4.285873977122673e6,0.0,0.0,0.0,0.0
573,8.459229807871703e6,4.2797533892911e6,0.0,0.0,0.0,0.0
574,8.467780611519055e6,4.273632801459527e6,0.0,0.0,0.0,0.0
575,8.474160961523343e6,4.271291456197707e6,0.0,0.0,0.0,0.0
576,8.480541311527632e6,4.268950110935888e6,0.0,0.0,0.0,0.0
577,8.485592287229959e6,4.266280558775276e6,0.0,0.0,0.0,0.0
578,8.490643262932288e6,4.263611006614665e6,0.0,0.0,0.0,0.0
579,8.495213559001112e6,4.259937988353807e6,0.0,0.0,0.0,0.0
580,8.499783855069937e6,4.2562649700929485e6,0.0,0.0,0.0,0.0
581,8.50528937566736e6,4.256773198457487e6,0.0,0.0,0.0,0.0
582,8.51079489626478e6,4.257281426822026e6,0.0,0.0,0.0,0.0
583,8.517547145778004e6,4.258101808990453e6,0.0,0.0,0.0,0.0
584,8.52429939529123e6,4.2589221911588805e6,0.0,0.0,0.0,0.0
585,8.531396607341178e6,4.259742573327308e6,0.0,0.0,0.0,0.0
586,8.538493819391126e6,4.260562955495735e6,0.0,0.0,0.0,0.0
587,8.545536858474828e6,4.261383337664162e6,0.0,0.0,0.0,0.0
588,8.552579897558533e6,4.262203719832589e6,0.0,0.0,0.0,0.0
589,8.5598222057757e6,4.263024102001016e6,0.0,0.0,0.0,0.0
590,8.567064513992868e6,4.263844484169443e6,0.0,0.0,0.0,0.0
591,8.574961434235273e6,4.26466486633787e6,0.0,0.0,0.0,0.0
592,8.582858354477677e6,4.265485248506297e6,0.0,0.0,0.0,0.0
593,8.591725618960913e6,4.2663056306747245e6,0.0,0.0,0.0,0.0
594,8.600592883444147e6,4.267126012843152e6,0.0,0.0,0.0,0.0
595,8.609989264218241e6,4.267946395011579e6,0.0,0.0,0.0,0.0
596,8.619385644992333e6,4.268766777180006e6,0.0,0.0,0.0,0.0
597,8.628694883225184e6,4.263148498775296e6,0.0,0.0,0.0,0.0
598,8.638004121458035e6,4.257530220370587e6,0.0,0.0,0.0,0.0
599,8.64592734428332e6,4.258350602539014e6,0.0,0.0,0.0,0.0
600,8.653850567108607e6,4.259170984707441e6,0.0,0.0,0.0,0.0
601,8.661247590339068e6,4.259991366875868e6,0.0,0.0,0.0,0.0
602,8.66864461356953e6,4.260811749044295e6,0.0,0.0,0.0,0.0
603,8.676308641370337e6,4.2616321312127225e6,0.0,0.0,0.0,0.0
604,8.683972669171143e6,4.26245251338115e6,0.0,0.0,0.0,0.0
605,8.693779582436718e6,4.263272895549577e6,0.0,0.0,0.0,0.0
606,8.703586495702295e6,4.264093277718004e6,0.0,0.0,0.0,0.0
607,8.715373365358733e6,4.264913659886431e6,0.0,0.0,0.0,0.0
608,8.727160235015169e6,4.265734042054858e6,0.0,0.0,0.0,0.0
609,8.73916650206606e6,4.266554424223285e6,0.0,0.0,0.0,0.0
610,8.751172769116955e6,4.267374806391712e6,0.0,0.0,0.0,0.0
611,8.762840412796441e6,4.268195188560139e6,0.0,0.0,0.0,0.0
612,8.77450805647593e6,4.2690155707285665e6,0.0,0.0,0.0,0.0
613,8.78583039042074e6,4.269835952896994e6,0.0,0.0,0.0,0.0
614,8.797152724365551e6,4.270656335065421e6,0.0,0.0,0.0,0.0
615,8.808397645597741e6,4.271476717233848e6,0.0,0.0,0.0,0.0
616,8.819642566829933e6,4.272297099402275e6,0.0,0.0,0.0,0.0
617,8.831100231175192e6,4.273117481570702e6,0.0,0.0,0.0,0.0
618,8.842557895520452e6,4.273937863739129e6,0.0,0.0,0.0,0.0
619,8.853704506792301e6,4.274758245907556e6,0.0,0.0,0.0,0.0
620,8.86485111806415e6,4.275578628075983e6,0.0,0.0,0.0,0.0
621,8.875032453534048e6,4.275271866512753e6,0.0,0.0,0.0,0.0
622,8.885213789003946e6,4.274965104949523e6,0.0,0.0,0.0,0.0
623,8.893706327114275e6,4.27578548711795e6,0.0,0.0,0.0,0.0
624,8.902198865224604e6,4.276605869286377e6,0.0,0.0,0.0,0.0
625,8.910436184742521e6,4.277426251454804e6,0.0,0.0,0.0,0.0
626,8.918673504260441e6,4.278246633623231e6,0.0,0.0,0.0,0.0
627,8.927007435204208e6,4.279067015791658e6,0.0,0.0,0.0,0.0
628,8.935341366147973e6,4.279887397960085e6,0.0,0.0,0.0,0.0
629,8.94533750696174e6,4.2807077801285125e6,0.0,0.0,0.0,0.0
630,8.955333647775507e6,4.28152816229694e6,0.0,0.0,0.0,0.0
631,8.966999615382537e6,4.282348544465367e6,0.0,0.0,0.0,0.0
632,8.978665582989566e6,4.283168926633794e6,0.0,0.0,0.0,0.0
633,8.990519891661707e6,4.283989308802221e6,0.0,0.0,0.0,0.0
634,9.002374200333849e6,4.284809690970648e6,0.0,0.0,0.0,0.0
635,9.013897334457003e6,4.285630073139075e6,0.0,0.0,0.0,0.0
636,9.025420468580157e6,4.286450455307502e6,0.0,0.0,0.0,0.0
637,9.036675128024444e6,4.287270837475929e6,0.0,0.0,0.0,0.0
638,9.047929787468733e6,4.2880912196443565e6,0.0,0.0,0.0,0.0
639,9.05912119145215e6,4.288911601812784e6,0.0,0.0,0.0,0.0
640,9.070312595435565e6,4.289731983981211e6,0.0,0.0,0.0,0.0
641,9.081659031327212e6,4.290552366149638e6,0.0,0.0,0.0,0.0
642,9.09300546721886e6,4.291372748318065e6,0.0,0.0,0.0,0.0
643,9.10400311654491e6,4.292193130486492e6,0.0,0.0,0.0,0.0
644,9.115000765870962e6,4.293013512654919e6,0.0,0.0,0.0,0.0
645,9.125090829901105e6,4.293833894823346e6,0.0,0.0,0.0,0.0
646,9.135180893931247e6,4.294654276991773e6,0.0,0.0,0.0,0.0
647,9.14363214478315e6,4.2954746591602005e6,0.0,0.0,0.0,0.0
648,9.152083395635055e6,4.296295041328628e6,0.0,0.0,0.0,0.0
649,9.159929336398076e6,4.297115423497055e6,0.0,0.0,0.0,0.0
650,9.167775277161095e6,4.297935805665482e6,0.0,0.0,0.0,0.0
651,9.175698849954499e6,4.298756187833909e6,0.0,0.0,0.0,0.0
652,9.183622422747903e6,4.299576570002336e6,0.0,0.0,0.0,0.0
653,9.193440239633335e6,4.300396952170763e6,0.0,0.0,0.0,0.0
654,9.203258056518767e6,4.30121733433919e6,0.0,0.0,0.0,0.0
655,9.21488578465149e6,4.302037716507617e6,0.0,0.0,0.0,0.0
656,9.226513512784213e6,4.3028580986760445e6,0.0,0.0,0.0,0.0
657,9.238109796398032e6,4.303678480844472e6,0.0,0.0,0.0,0.0
658,9.249706080011852e6,4.304498863012899e6,0.0,0.0,0.0,0.0
659,9.261089277256342e6,4.305319245181326e6,0.0,0.0,0.0,0.0
660,9.272472474500831e6,4.306139627349753e6,0.0,0.0,0.0,0.0
661,9.28362894567312e6,4.30696000951818e6,0.0,0.0,0.0,0.0
662,9.294785416845407e6,4.307780391686607e6,0.0,0.0,0.0,0.0
663,9.305884818733228e6,4.308600773855034e6,0.0,0.0,0.0,0.0
664,9.31698422062105e6,4.309421156023461e6,0.0,0.0,0.0,0.0
665,9.328261680389341e6,4.3102415381918885e6,0.0,0.0,0.0,0.0
666,9.33953914015763e6,4.311061920360316e6,0.0,0.0,0.0,0.0
667,9.350443792201523e6,4.311882302528743e6,0.0,0.0,0.0,0.0
668,9.361348444245415e6,4.31270268469717e6,0.0,0.0,0.0,0.0
669,9.37123106781545e6,4.313523066865597e6,0.0,0.0,0.0,0.0
670,9.381113691385482e6,4.314343449034024e6,0.0,0.0,0.0,0.0
671,9.389685416549552e6,4.315163831202451e6,0.0,0.0,0.0,0.0
672,9.398257141713621e6,4.315984213370878e6,0.0,0.0,0.0,0.0
673,9.400888528111782e6,4.309801352305398e6,0.0,0.0,0.0,0.0
674,9.40351991450994e6,4.303618491239918e6,0.0,0.0,0.0,0.0
675,9.400349448277868e6,4.297834262675423e6,0.0,0.0,0.0,0.0
676,9.397178982045796e6,4.292050034110927e6,0.0,0.0,0.0,0.0
677,9.407226946165279e6,4.287824206233973e6,0.0,0.0,0.0,0.0
678,9.41727491028476e6,4.283598378357017e6,0.0,0.0,0.0,0.0
679,9.428926448010076e6,4.281252519611491e6,0.0,0.0,0.0,0.0
680,9.440577985735394e6,4.278906660865963e6,0.0,0.0,0.0,0.0
681,9.452394492399346e6,4.279664769800483e6,0.0,0.0,0.0,0.0
682,9.464210999063296e6,4.280422878735003e6,0.0,0.0,0.0,0.0
683,9.475832148106074e6,4.281180987669523e6,0.0,0.0,0.0,0.0
684,9.487453297148852e6,4.281939096604043e6,0.0,0.0,0.0,0.0
685,9.498499318065573e6,4.2826972055385625e6,0.0,0.0,0.0,0.0
686,9.509545338982293e6,4.283455314473082e6,0.0,0.0,0.0,0.0
687,9.520331615690865e6,4.284213423407602e6,0.0,0.0,0.0,0.0
688,9.531117892399438e6,4.284971532342122e6,0.0,0.0,0.0,0.0
689,9.541918215064432e6,4.285729641276642e6,0.0,0.0,0.0,0.0
690,9.552718537729427e6,4.286487750211162e6,0.0,0.0,0.0,0.0
691,9.53921115698279e6,4.280304889145682e6,0.0,0.0,0.0,0.0
692,9.525703776236152e6,4.274122028080202e6,0.0,0.0,0.0,0.0
693,9.535211002433538e6,4.267939167014722e6,0.0,0.0,0.0,0.0
694,9.544718228630926e6,4.261756305949242e6,0.0,0.0,0.0,0.0
695,9.552304690839434e6,4.255573444883762e6,0.0,0.0,0.0,0.0
696,9.559891153047942e6,4.249390583818282e6,0.0,0.0,0.0,0.0
697,9.566876677444063e6,4.243207722752802e6,0.0,0.0,0.0,0.0
698,9.573862201840185e6,4.237024861687322e6,0.0,0.0,0.0,0.0
699,9.539973128726222e6,4.230842000621842e6,0.0,0.0,0.0,0.0
700,9.50608405561226e6,4.224659139556362e6,0.0,0.0,0.0,0.0
701,9.506540581151385e6,4.218476278490882e6,0.0,0.0,0.0,0.0
702,9.506997106690507e6,4.212293417425402e6,0.0,0.0,0.0,0.0
703,9.517732949753705e6,4.207117582092121e6,0.0,0.0,0.0,0.0
704,9.528468792816903e6,4.20194174675884e6,0.0,0.0,0.0,0.0
705,9.53947901536828e6,4.20269985569336e6,0.0,0.0,0.0,0.0
706,9.550489237919655e6,4.20345796462788e6,0.0,0.0,0.0,0.0
707,9.561150159824539e6,4.2042160735623995e6,0.0,0.0,0.0,0.0
708,9.571811081729421e6,4.204974182496919e6,0.0,0.0,0.0,0.0
709,9.582141180686582e6,4.205732291431439e6,0.0,0.0,0.0,0.0
710,9.592471279643744e6,4.206490400365959e6,0.0,0.0,0.0,0.0
711,9.603089114388332e6,4.207248509300479e6,0.0,0.0,0.0,0.0
712,9.613706949132917e6,4.208006618234999e6,0.0,0.0,0.0,0.0
713,9.624864271751564e6,4.208764727169518e6,0.0,0.0,0.0,0.0
714,9.636021594370209e6,4.209522836104038e6,0.0,0.0,0.0,0.0
715,9.647094131196443e6,4.203774152908776e6,0.0,0.0,0.0,0.0
716,9.658166668022675e6,4.198025469713515e6,0.0,0.0,0.0,0.0
717,9.668594515367474e6,4.1918426086480347e6,0.0,0.0,0.0,0.0
718,9.679022362712275e6,4.185659747582555e6,0.0,0.0,0.0,0.0
719,9.687835122573577e6,4.179476886517075e6,0.0,0.0,0.0,0.0
720,9.69664788243488e6,4.173294025451595e6,0.0,0.0,0.0,0.0
721,9.674294322780544e6,4.1681154831039715e6,0.0,0.0,0.0,0.0
722,9.651940763126208e6,4.162936940756348e6,0.0,0.0,0.0,0.0
723,9.636179084191557e6,4.160797383736753e6,0.0,0.0,0.0,0.0
724,9.620417405256905e6,4.1586578267171574e6,0.0,0.0,0.0,0.0
725,9.614476967144072e6,4.1581383671639226e6,0.0,0.0,0.0,0.0
726,9.608536529031238e6,4.1576189076106874e6,0.0,0.0,0.0,0.0
727,9.618619770028032e6,4.158181773980974e6,0.0,0.0,0.0,0.0
728,9.628703011024829e6,4.1587446403512605e6,0.0,0.0,0.0,0.0
729,9.63954478352385e6,4.159502749285781e6,0.0,0.0,0.0,0.0
730,9.650386556022873e6,4.1602608582203006e6,0.0,0.0,0.0,0.0
731,9.661066611611215e6,4.1610189671548204e6,0.0,0.0,0.0,0.0
732,9.671746667199558e6,4.1617770760893407e6,0.0,0.0,0.0,0.0
733,9.682086962754812e6,4.162535185023861e6,0.0,0.0,0.0,0.0
734,9.692427258310067e6,4.163293293958381e6,0.0,0.0,0.0,0.0
735,9.703035380964857e6,4.1640514028929006e6,0.0,0.0,0.0,0.0
736,9.713643503619647e6,4.164809511827421e6,0.0,0.0,0.0,0.0
737,9.703892091454715e6,4.165567620761941e6,0.0,0.0,0.0,0.0
738,9.69414067928978e6,4.166325729696461e6,0.0,0.0,0.0,0.0
739,9.70549462542161e6,4.160142868630981e6,0.0,0.0,0.0,0.0
740,9.716848571553439e6,4.153960007565501e6,0.0,0.0,0.0,0.0
741,9.727493291723538e6,4.147777146500021e6,0.0,0.0,0.0,0.0
742,9.738138011893637e6,4.1415942854345413e6,0.0,0.0,0.0,0.0
743,9.747437582036223e6,4.1354114243690614e6,0.0,0.0,0.0,0.0
744,9.756737152178807e6,4.1292285633035814e6,0.0,0.0,0.0,0.0
745,9.76539065312694e6,4.1230457022381015e6,0.0,0.0,0.0,0.0
746,9.774044154075073e6,4.1168628411726216e6,0.0,0.0,0.0,0.0
747,9.744596042202305e6,4.1112542950687576e6,0.0,0.0,0.0,0.0
748,9.715147930329535e6,4.1056457489648936e6,0.0,0.0,0.0,0.0
749,9.7108168075057e6,4.1021409207186336e6,0.0,0.0,0.0,0.0
750,9.706485684681866e6,4.098636092472373e6,0.0,0.0,0.0,0.0
751,9.716643776629098e6,4.097412705116651e6,0.0,0.0,0.0,0.0
752,9.726801868576331e6,4.0961893177609295e6,0.0,0.0,0.0,0.0
753,9.737582942197766e6,4.0969474266954493e6,0.0,0.0,0.0,0.0
754,9.748364015819203e6,4.0977055356299696e6,0.0,0.0,0.0,0.0
755,9.759017867203865e6,4.09846364456449e6,0.0,0.0,0.0,0.0
756,9.769671718588527e6,4.0992217534990096e6,0.0,0.0,0.0,0.0
757,9.779834199735146e6,4.0999798624335295e6,0.0,0.0,0.0,0.0
758,9.789996680881763e6,4.1007379713680497e6,0.0,0.0,0.0,0.0
759,9.800320101404104e6,4.10149608030257e6,0.0,0.0,0.0,0.0
760,9.810643521926446e6,4.10225418923709e6,0.0,0.0,0.0,0.0
761,9.821599556949295e6,4.1030122981716096e6,0.0,0.0,0.0,0.0
762,9.832555591972146e6,4.10377040710613e6,0.0,0.0,0.0,0.0
763,9.843854173724113e6,4.0980203661208516e6,0.0,0.0,0.0,0.0
764,9.85515275547608e6,4.0922703251355733e6,0.0,0.0,0.0,0.0
765,9.865738262147669e6,4.0860874640700934e6,0.0,0.0,0.0,0.0
766,9.876323768819256e6,4.0799046030046134e6,0.0,0.0,0.0,0.0
767,9.885090728499047e6,4.0756511771029746e6,0.0,0.0,0.0,0.0
768,9.893857688178837e6,4.071397751201336e6,0.0,0.0,0.0,0.0
769,9.902101746119529e6,4.065214890135856e6,0.0,0.0,0.0,0.0
770,9.910345804060219e6,4.059032029070376e6,0.0,0.0,0.0,0.0
771,9.9188697258365e6,4.053050432398605e6,0.0,0.0,0.0,0.0
772,9.927393647612784e6,4.047068835726834e6,0.0,0.0,0.0,0.0
773,9.938391539490229e6,4.042516508026886e6,0.0,0.0,0.0,0.0
774,9.949389431367673e6,4.037964180326938e6,0.0,0.0,0.0,0.0
775,9.962172152101584e6,4.0351362222534604e6,0.0,0.0,0.0,0.0
776,9.974954872835496e6,4.0323082641799827e6,0.0,0.0,0.0,0.0
777,9.987716736824386e6,4.033066373114503e6,0.0,0.0,0.0,0.0
778,1.0000478600813277e7,4.033824482049023e6,0.0,0.0,0.0,0.0
779,1.0012950866356403e7,4.0345825909835426e6,0.0,0.0,0.0,0.0
780,1.002542313189953e7,4.035340699918063e6,0.0,0.0,0.0,0.0
781,1.0037614417573882e7,4.036098808852583e6,0.0,0.0,0.0,0.0
782,1.0049805703248234e7,4.036856917787103e6,0.0,0.0,0.0,0.0
783,1.0061686649823664e7,4.037615026721623e6,0.0,0.0,0.0,0.0
784,1.0073567596399093e7,4.038373135656143e6,0.0,0.0,0.0,0.0
785,1.0085743200338742e7,4.0391312445906634e6,0.0,0.0,0.0,0.0
786,1.009791880427839e7,4.039889353525183e6,0.0,0.0,0.0,0.0
787,1.0109498463996448e7,4.035850145868956e6,0.0,0.0,0.0,0.0
788,1.0121078123714507e7,4.0318109382127295e6,0.0,0.0,0.0,0.0
789,1.0130968827448659e7,4.0256280771472496e6,0.0,0.0,0.0,0.0
790,1.0140859531182809e7,4.0194452160817697e6,0.0,0.0,0.0,0.0
791,1.0148833026063541e7,4.0132623550162897e6,0.0,0.0,0.0,0.0
792,1.0156806520944273e7,4.00707949395081e6,0.0,0.0,0.0,0.0
793,1.0164436018333752e7,4.00089663288533e6,0.0,0.0,0.0,0.0
794,1.0172065515723232e7,3.99471377181985e6,0.0,0.0,0.0,0.0
795,1.0180097919991799e7,3.98853091075437e6,0.0,0.0,0.0,0.0
796,1.0188130324260367e7,3.98234804968889e6,0.0,0.0,0.0,0.0
797,1.0198648701518532e7,3.977831779280656e6,0.0,0.0,0.0,0.0
798,1.0209167078776695e7,3.973315508872422e6,0.0,0.0,0.0,0.0
799,1.0221503841834264e7,3.9727972283682334e6,0.0,0.0,0.0,0.0
800,1.0233840604891833e7,3.972278947864045e6,0.0,0.0,0.0,0.0
801,1.0246401274674665e7,3.973037056798565e6,0.0,0.0,0.0,0.0
802,1.0258961944457496e7,3.973795165733085e6,0.0,0.0,0.0,0.0
803,1.0271406392357338e7,3.974553274667605e6,0.0,0.0,0.0,0.0
804,1.0283850840257179e7,3.975311383602125e6,0.0,0.0,0.0,0.0
805,1.0296074641960686e7,3.9760694925366454e6,0.0,0.0,0.0,0.0
806,1.0308298443664193e7,3.976827601471165e6,0.0,0.0,0.0,0.0
807,1.0320542580418441e7,3.977585710405685e6,0.0,0.0,0.0,0.0
808,1.033278671717269e7,3.9783438193402053e6,0.0,0.0,0.0,0.0
809,1.0345142439306121e7,3.9791019282747256e6,0.0,0.0,0.0,0.0
810,1.0357498161439553e7,3.9798600372092454e6,0.0,0.0,0.0,0.0
811,1.0369405403749565e7,3.978577111682616e6,0.0,0.0,0.0,0.0
812,1.0381312646059576e7,3.977294186155987e6,0.0,0.0,0.0,0.0
813,1.0391929916113473e7,3.971361452681855e6,0.0,0.0,0.0,0.0
814,1.040254718616737e7,3.9654287192077227e6,0.0,0.0,0.0,0.0
815,1.04108342095852e7,3.9636161344516426e6,0.0,0.0,0.0,0.0
816,1.0419121233003028e7,3.9618035496955626e6,0.0,0.0,0.0,0.0
817,1.0426909772663254e7,3.9625616586300824e6,0.0,0.0,0.0,0.0
818,1.0434698312323483e7,3.9633197675646027e6,0.0,0.0,0.0,0.0
819,1.0442974196279407e7,3.9572222348795184e6,0.0,0.0,0.0,0.0
820,1.045125008023533e7,3.951124702194434e6,0.0,0.0,0.0,0.0
821,1.0461983787154932e7,3.950056467556355e6,0.0,0.0,0.0,0.0
822,1.0472717494074535e7,3.948988232918276e6,0.0,0.0,0.0,0.0
823,1.0485247194518404e7,3.94952514884392e6,0.0,0.0,0.0,0.0
824,1.0497776894962274e7,3.9500620647695637e6,0.0,0.0,0.0,0.0
825,1.051034514684641e7,3.950820173704084e6,0.0,0.0,0.0,0.0
826,1.0522913398730544e7,3.951578282638604e6,0.0,0.0,0.0,0.0
827,1.0535456480476111e7,3.9523363915731236e6,0.0,0.0,0.0,0.0
828,1.0547999562221678e7,3.953094500507644e6,0.0,0.0,0.0,0.0
829,1.0560459044311494e7,3.953852609442164e6,0.0,0.0,0.0,0.0
830,1.0572918526401307e7,3.954610718376684e6,0.0,0.0,0.0,0.0
831,1.0585290606924178e7,3.955368827311204e6,0.0,0.0,0.0,0.0
832,1.0597662687447049e7,3.956126936245724e6,0.0,0.0,0.0,0.0
833,1.0610638313964715e7,3.9568850451802444e6,0.0,0.0,0.0,0.0
834,1.0623613940482382e7,3.957643154114764e6,0.0,0.0,0.0,0.0
835,1.06352642415697e7,3.958401263049284e6,0.0,0.0,0.0,0.0
836,1.0646914542657018e7,3.9591593719838043e6,0.0,0.0,0.0,0.0
837,1.0657998125860889e7,3.9599174809183246e6,0.0,0.0,0.0,0.0
838,1.0669081709064757e7,3.9606755898528444e6,0.0,0.0,0.0,0.0
839,1.067765997057707e7,3.961433698787364e6,0.0,0.0,0.0,0.0
840,1.0686238232089384e7,3.9621918077218845e6,0.0,0.0,0.0,0.0
841,1.0652337505947692e7,3.9566932243630076e6,0.0,0.0,0.0,0.0
842,1.0618436779806001e7,3.9511946410041307e6,0.0,0.0,0.0,0.0
843,1.0584961174454711e7,3.9471263582049296e6,0.0,0.0,0.0,0.0
844,1.0551485569103424e7,3.9430580754057285e6,0.0,0.0,0.0,0.0
845,1.0520580233940795e7,3.9409238221739596e6,0.0,0.0,0.0,0.0
846,1.0489674898778168e7,3.9387895689421906e6,0.0,0.0,0.0,0.0
847,1.0502353791135944e7,3.938280263992615e6,0.0,0.0,0.0,0.0
848,1.051503268349372e7,3.93777095904304e6,0.0,0.0,0.0,0.0
849,1.0527716676553667e7,3.938493870062743e6,0.0,0.0,0.0,0.0
850,1.0540400669613611e7,3.9392167810824458e6,0.0,0.0,0.0,0.0
851,1.0552823421388365e7,3.9399396921021487e6,0.0,0.0,0.0,0.0
852,1.056524617316312e7,3.9406626031218516e6,0.0,0.0,0.0,0.0
853,1.0577587597221076e7,3.9413855141415545e6,0.0,0.0,0.0,0.0
854,1.0589929021279035e7,3.9421084251612574e6,0.0,0.0,0.0,0.0
855,1.0602110703458115e7,3.9428313361809603e6,0.0,0.0,0.0,0.0
856,1.0614292385637194e7,3.943554247200663e6,0.0,0.0,0.0,0.0
857,1.0584897053641366e7,3.944277158220366e6,0.0,0.0,0.0,0.0
858,1.0555501721645538e7,3.945000069240069e6,0.0,0.0,0.0,0.0
859,1.0535298308602292e7,3.945722980259772e6,0.0,0.0,0.0,0.0
860,1.0515094895559048e7,3.946445891279475e6,0.0,0.0,0.0,0.0
861,1.048395223520508e7,3.9471688022991777e6,0.0,0.0,0.0,0.0
862,1.0452809574851114e7,3.9478917133188806e6,0.0,0.0,0.0,0.0
863,1.0420202360400788e7,3.9486146243385836e6,0.0,0.0,0.0,0.0
864,1.0387595145950465e7,3.9493375353582865e6,0.0,0.0,0.0,0.0
865,1.0354440269017547e7,3.9500604463779894e6,0.0,0.0,0.0,0.0
866,1.0321285392084632e7,3.9507833573976923e6,0.0,0.0,0.0,0.0
867,1.028832937587215e7,3.951506268417395e6,0.0,0.0,0.0,0.0
868,1.0255373359659668e7,3.952229179437098e6,0.0,0.0,0.0,0.0
869,1.0224872657437313e7,3.952952090456801e6,0.0,0.0,0.0,0.0
870,1.0194371955214957e7,3.953675001476504e6,0.0,0.0,0.0,0.0
871,1.0207149768070318e7,3.954397912496207e6,0.0,0.0,0.0,0.0
872,1.0219927580925677e7,3.9551208235159097e6,0.0,0.0,0.0,0.0
873,1.0232996061516656e7,3.9558437345356126e6,0.0,0.0,0.0,0.0
874,1.0246064542107634e7,3.9565666455553155e6,0.0,0.0,0.0,0.0
875,1.0258586876108687e7,3.9572895565750184e6,0.0,0.0,0.0,0.0
876,1.0271109210109739e7,3.9580124675947214e6,0.0,0.0,0.0,0.0
877,1.0283081069705637e7,3.9587353786144243e6,0.0,0.0,0.0,0.0
878,1.0295052929301536e7,3.959458289634127e6,0.0,0.0,0.0,0.0
879,1.0307029629648257e7,3.96018120065383e6,0.0,0.0,0.0,0.0
880,1.0319006329994977e7,3.960904111673533e6,0.0,0.0,0.0,0.0
881,1.028955687052555e7,3.961627022693236e6,0.0,0.0,0.0,0.0
882,1.0260107411056124e7,3.962349933712939e6,0.0,0.0,0.0,0.0
883,1.0269195234095028e7,3.9630728447326417e6,0.0,0.0,0.0,0.0
884,1.0278283057133932e7,3.9637957557523446e6,0.0,0.0,0.0,0.0
885,1.024742093616824e7,3.9645186667720475e6,0.0,0.0,0.0,0.0
886,1.021655881520255e7,3.9652415777917504e6,0.0,0.0,0.0,0.0
887,1.0183340725055989e7,3.9659644888114533e6,0.0,0.0,0.0,0.0
888,1.015012263490943e7,3.9666873998311562e6,0.0,0.0,0.0,0.0
889,1.0115965637014894e7,3.967410310850859e6,0.0,0.0,0.0,0.0
890,1.0081808639120357e7,3.968133221870562e6,0.0,0.0,0.0,0.0
891,1.004746340431202e7,3.968856132890265e6,0.0,0.0,0.0,0.0
892,1.0013118169503683e7,3.969579043909968e6,0.0,0.0,0.0,0.0
893,9.979506451783918e6,3.970301954929671e6,0.0,0.0,0.0,0.0
894,9.94589473406415e6,3.9710248659493737e6,0.0,0.0,0.0,0.0
895,9.95557133911512e6,3.9717477769690766e6,0.0,0.0,0.0,0.0
896,9.965247944166092e6,3.9724706879887795e6,0.0,0.0,0.0,0.0
897,9.975367091945913e6,3.9731935990084824e6,0.0,0.0,0.0,0.0
898,9.985486239725735e6,3.9739165100281853e6,0.0,0.0,0.0,0.0
899,9.99525068537464e6,3.974639421047888e6,0.0,0.0,0.0,0.0
900,1.0005015131023547e7,3.975362332067591e6,0.0,0.0,0.0,0.0
901,1.001454973638915e7,3.976085243087294e6,0.0,0.0,0.0,0.0
902,1.0024084341754755e7,3.976808154106997e6,0.0,0.0,0.0,0.0
903,1.0033610591378922e7,3.9775310651267e6,0.0,0.0,0.0,0.0
904,1.0043136841003088e7,3.978253976146403e6,0.0,0.0,0.0,0.0
905,1.0053098331604611e7,3.9789768871661057e6,0.0,0.0,0.0,0.0
906,1.0063059822206134e7,3.9796997981858086e6,0.0,0.0,0.0,0.0
907,1.0073030411926389e7,3.9804227092055115e6,0.0,0.0,0.0,0.0
908,1.0083001001646642e7,3.9811456202252144e6,0.0,0.0,0.0,0.0
909,1.009243593709957e7,3.9818685312449173e6,0.0,0.0,0.0,0.0
910,1.01018708725525e7,3.98259144226462e6,0.0,0.0,0.0,0.0
911,1.0109692710422836e7,3.983314353284323e6,0.0,0.0,0.0,0.0
912,1.0117514548293175e7,3.984037264304026e6,0.0,0.0,0.0,0.0
913,1.0083131447798654e7,3.984760175323729e6,0.0,0.0,0.0,0.0
914,1.0048748347304132e7,3.985483086343432e6,0.0,0.0,0.0,0.0
915,1.0056299435017394e7,3.9862059973631348e6,0.0,0.0,0.0,0.0
916,1.0063850522730656e7,3.9869289083828377e6,0.0,0.0,0.0,0.0
917,1.0045828827139024e7,3.9876518194025406e6,0.0,0.0,0.0,0.0
918,1.0027807131547391e7,3.9883747304222435e6,0.0,0.0,0.0,0.0
919,1.0037121942355555e7,3.9890976414419464e6,0.0,0.0,0.0,0.0
920,1.0046436753163718e7,3.9898205524616493e6,0.0,0.0,0.0,0.0
921,1.0056495597629655e7,3.990543463481352e6,0.0,0.0,0.0,0.0
922,1.0066554442095593e7,3.991266374501055e6,0.0,0.0,0.0,0.0
923,1.0076473174163725e7,3.991989285520758e6,0.0,0.0,0.0,0.0
924,1.0086391906231858e7,3.992712196540461e6,0.0,0.0,0.0,0.0
925,1.0096223003102554e7,3.993435107560164e6,0.0,0.0,0.0,0.0
926,1.010605409997325e7,3.9941580185798667e6,0.0,0.0,0.0,0.0
927,1.011632204227946e7,3.9948809295995696e6,0.0,0.0,0.0,0.0
928,1.012658998458567e7,3.9956038406192726e6,0.0,0.0,0.0,0.0
929,1.0095954346724886e7,3.9963267516389755e6,0.0,0.0,0.0,0.0
930,1.0065318708864104e7,3.9970496626586784e6,0.0,0.0,0.0,0.0
931,1.0076889817101335e7,3.9977725736783813e6,0.0,0.0,0.0,0.0
932,1.0088460925338566e7,3.998495484698084e6,0.0,0.0,0.0,0.0
933,1.0057463390899979e7,3.999218395717787e6,0.0,0.0,0.0,0.0
934,1.0026465856461393e7,3.99994130673749e6,0.0,0.0,0.0,0.0
935,1.0035270872834269e7,4.000664217757193e6,0.0,0.0,0.0,0.0
936,1.0044075889207145e7,4.001387128776896e6,0.0,0.0,0.0,0.0
937,1.0052520611793851e7,4.0021100397965987e6,0.0,0.0,0.0,0.0
938,1.0060965334380558e7,4.0028329508163016e6,0.0,0.0,0.0,0.0
939,1.0027693487489332e7,4.0035558618360045e6,0.0,0.0,0.0,0.0
940,9.994421640598103e6,4.0042787728557074e6,0.0,0.0,0.0,0.0
941,9.96290407310216e6,4.0050016838754104e6,0.0,0.0,0.0,0.0
942,9.931386505606215e6,4.0057245948951133e6,0.0,0.0,0.0,0.0
943,9.943010459482819e6,4.006447505914816e6,0.0,0.0,0.0,0.0
944,9.95463441335942e6,4.007170416934519e6,0.0,0.0,0.0,0.0
945,9.966637187112968e6,4.007893327954222e6,0.0,0.0,0.0,0.0
946,9.978639960866515e6,4.008616238973925e6,0.0,0.0,0.0,0.0
947,9.990383242741158e6,4.009339149993628e6,0.0,0.0,0.0,0.0
948,1.0002126524615802e7,4.0100620610133307e6,0.0,0.0,0.0,0.0
949,1.0013660287280954e7,4.0107849720330336e6,0.0,0.0,0.0,0.0
950,1.0025194049946107e7,4.0115078830527365e6,0.0,0.0,0.0,0.0
951,1.0036850593479179e7,4.0122307940724394e6,0.0,0.0,0.0,0.0
952,1.0048507137012253e7,4.0129537050921423e6,0.0,0.0,0.0,0.0
953,1.001849811915322e7,4.0136766161118452e6,0.0,0.0,0.0,0.0
954,9.988489101294188e6,4.014399527131548e6,0.0,0.0,0.0,0.0
955,9.958260065695787e6,4.015122438151251e6,0.0,0.0,0.0,0.0
956,9.928031030097386e6,4.015845349170954e6,0.0,0.0,0.0,0.0
957,9.937212799466977e6,4.016568260190657e6,0.0,0.0,0.0,0.0
958,9.946394568836568e6,4.01729117121036e6,0.0,0.0,0.0,0.0
959,9.912945888220927e6,4.0180140822300627e6,0.0,0.0,0.0,0.0
960,9.879497207605286e6,4.0187369932497656e6,0.0,0.0,0.0,0.0
961,9.845527537873585e6,4.0194599042694685e6,0.0,0.0,0.0,0.0
962,9.811557868141884e6,4.0201828152891714e6,0.0,0.0,0.0,0.0
963,9.777840009581182e6,4.0209057263088743e6,0.0,0.0,0.0,0.0
964,9.74412215102048e6,4.021628637328577e6,0.0,0.0,0.0,0.0
965,9.712244578176647e6,4.02235154834828e6,0.0,0.0,0.0,0.0
966,9.680367005332815e6,4.023074459367983e6,0.0,0.0,0.0,0.0
967,9.692162993445687e6,4.023797370387686e6,0.0,0.0,0.0,0.0
968,9.703958981558561e6,4.024520281407389e6,0.0,0.0,0.0,0.0
969,9.715955479661066e6,4.0252431924270918e6,0.0,0.0,0.0,0.0
970,9.72795197776357e6,4.0259661034467947e6,0.0,0.0,0.0,0.0
971,9.739630985466141e6,4.0266890144664976e6,0.0,0.0,0.0,0.0
972,9.751309993168714e6,4.0274119254862005e6,0.0,0.0,0.0,0.0
973,9.762799174729967e6,4.0281348365059034e6,0.0,0.0,0.0,0.0
974,9.774288356291221e6,4.0288577475256063e6,0.0,0.0,0.0,0.0
975,9.78564201360242e6,4.029580658545309e6,0.0,0.0,0.0,0.0
976,9.796995670913618e6,4.030303569565012e6,0.0,0.0,0.0,0.0
977,9.808391549124137e6,4.031026480584715e6,0.0,0.0,0.0,0.0
978,9.819787427334655e6,4.031749391604418e6,0.0,0.0,0.0,0.0
979,9.830696436692465e6,4.032472302624121e6,0.0,0.0,0.0,0.0
980,9.841605446050277e6,4.0331952136438238e6,0.0,0.0,0.0,0.0
981,9.8093028148437e6,4.0339181246635267e6,0.0,0.0,0.0,0.0
982,9.777000183637124e6,4.0346410356832296e6,0.0,0.0,0.0,0.0
983,9.742989450768586e6,4.0353639467029325e6,0.0,0.0,0.0,0.0
984,9.708978717900047e6,4.0360868577226354e6,0.0,0.0,0.0,0.0
985,9.67473549790927e6,4.0368097687423383e6,0.0,0.0,0.0,0.0
986,9.640492277918495e6,4.037532679762041e6,0.0,0.0,0.0,0.0
987,9.606557418571055e6,4.038255590781744e6,0.0,0.0,0.0,0.0
988,9.572622559223613e6,4.038978501801447e6,0.0,0.0,0.0,0.0
989,9.54112018946526e6,4.03970141282115e6,0.0,0.0,0.0,0.0
990,9.509617819706907e6,4.040424323840853e6,0.0,0.0,0.0,0.0
991,9.521732655869309e6,4.0411472348605557e6,0.0,0.0,0.0,0.0
992,9.533847492031708e6,4.0418701458802586e6,0.0,0.0,0.0,0.0
993,9.546283798351418e6,4.0425930568999615e6,0.0,0.0,0.0,0.0
994,9.558720104671128e6,4.0433159679196645e6,0.0,0.0,0.0,0.0
995,9.571047648674322e6,4.0440388789393674e6,0.0,0.0,0.0,0.0
996,9.583375192677516e6,4.0447617899590703e6,0.0,0.0,0.0,0.0
997,9.595258753129013e6,4.045484700978773e6,0.0,0.0,0.0,0.0
998,9.60714231358051e6,4.046207611998476e6,0.0,0.0,0.0,0.0
999,9.619358166471295e6,4.046930523018179e6,0.0,0.0,0.0,0.0
1000,9.631574019362079e6,4.047653434037882e6,0.0,0.0,0.0,0.0
1001,9.644468363681417e6,4.048376345057585e6,0.0,0.0,0.0,0.0
1002,9.657362708000757e6,4.0490992560772877e6,0.0,0.0,0.0,0.0
1003,9.669880208695333e6,4.0498221670969906e6,0.0,0.0,0.0,0.0
1004,9.68239770938991e6,4.0505450781166935e6,0.0,0.0,0.0,0.0
1005,9.693055902171988e6,4.0512679891363964e6,0.0,0.0,0.0,0.0
1006,9.703714094954068e6,4.0519909001560993e6,0.0,0.0,0.0,0.0
1007,9.683089539868781e6,4.0527138111758023e6,0.0,0.0,0.0,0.0
1008,9.662464984783495e6,4.053436722195505e6,0.0,0.0,0.0,0.0
1009,9.628802971421987e6,4.0511233905153843e6,0.0,0.0,0.0,0.0
1010,9.59514095806048e6,4.048810058835264e6,0.0,0.0,0.0,0.0
1011,9.561873353609461e6,4.0486910000166055e6,0.0,0.0,0.0,0.0
1012,9.528605749158442e6,4.0485719411979467e6,0.0,0.0,0.0,0.0
1013,9.497148674741738e6,4.048967511849015e6,0.0,0.0,0.0,0.0
1014,9.465691600325035e6,4.049363082500084e6,0.0,0.0,0.0,0.0
1015,9.477411220315028e6,4.050175342072784e6,0.0,0.0,0.0,0.0
1016,9.489130840305023e6,4.0509876016454836e6,0.0,0.0,0.0,0.0
1017,9.5011724156155e6,4.0517998612181833e6,0.0,0.0,0.0,0.0
1018,9.513213990925979e6,4.0526121207908834e6,0.0,0.0,0.0,0.0
1019,9.524955897832628e6,4.0534243803635836e6,0.0,0.0,0.0,0.0
1020,9.53669780473928e6,4.054236639936283e6,0.0,0.0,0.0,0.0
1021,9.54804814087595e6,4.055048899508983e6,0.0,0.0,0.0,0.0
1022,9.559398477012621e6,4.055861159081683e6,0.0,0.0,0.0,0.0
1023,9.571012104552824e6,4.056673418654383e6,0.0,0.0,0.0,0.0
1024,9.582625732093027e6,4.057485678227083e6,0.0,0.0,0.0,0.0
1025,9.578583869066916e6,4.0582979377997825e6,0.0,0.0,0.0,0.0
1026,9.574542006040808e6,4.0591101973724826e6,0.0,0.0,0.0,0.0
1027,9.586138713176541e6,4.0599224569451828e6,0.0,0.0,0.0,0.0
1028,9.597735420312276e6,4.0607347165178824e6,0.0,0.0,0.0,0.0
1029,9.607902039914258e6,4.0546060060905823e6,0.0,0.0,0.0,0.0
1030,9.618068659516238e6,4.0484772956632823e6,0.0,0.0,0.0,0.0
1031,9.625810869510483e6,4.042348585235982e6,0.0,0.0,0.0,0.0
1032,9.63355307950473e6,4.036219874808682e6,0.0,0.0,0.0,0.0
1033,9.640733873910077e6,4.03254457390944e6,0.0,0.0,0.0,0.0
1034,9.647914668315426e6,4.028869273010198e6,0.0,0.0,0.0,0.0
1035,9.655442643653661e6,4.0287703990808595e6,0.0,0.0,0.0,0.0
1036,9.662970618991898e6,4.0286715251515205e6,0.0,0.0,0.0,0.0
1037,9.672965137012236e6,4.0267418419343363e6,0.0,0.0,0.0,0.0
1038,9.682959655032571e6,4.024812158717152e6,0.0,0.0,0.0,0.0
1039,9.694562767294861e6,4.0255103905797787e6,0.0,0.0,0.0,0.0
1040,9.706165879557153e6,4.0262086224424057e6,0.0,0.0,0.0,0.0
1041,9.717792973236304e6,4.0270208820151053e6,0.0,0.0,0.0,0.0
1042,9.729420066915456e6,4.0278331415878055e6,0.0,0.0,0.0,0.0
1043,9.740661852846118e6,4.0286454011605056e6,0.0,0.0,0.0,0.0
1044,9.75190363877678e6,4.0294576607332053e6,0.0,0.0,0.0,0.0
1045,9.762307731684197e6,4.030269920305905e6,0.0,0.0,0.0,0.0
1046,9.772711824591614e6,4.031082179878605e6,0.0,0.0,0.0,0.0
1047,9.782845665404722e6,4.031894439451305e6,0.0,0.0,0.0,0.0
1048,9.792979506217832e6,4.032706699024005e6,0.0,0.0,0.0,0.0
1049,9.790781719857804e6,4.0335189585967045e6,0.0,0.0,0.0,0.0
1050,9.788583933497777e6,4.0343312181694047e6,0.0,0.0,0.0,0.0
1051,9.798921774622682e6,4.035143477742105e6,0.0,0.0,0.0,0.0
1052,9.80925961574759e6,4.0359557373148045e6,0.0,0.0,0.0,0.0
1053,9.818491027385246e6,4.03065138261398e6,0.0,0.0,0.0,0.0
1054,9.827722439022902e6,4.0253470279131555e6,0.0,0.0,0.0,0.0
1055,9.835019208488818e6,4.025518956063828e6,0.0,0.0,0.0,0.0
1056,9.842315977954732e6,4.0256908842145004e6,0.0,0.0,0.0,0.0
1057,9.849027957757669e6,4.021345398306464e6,0.0,0.0,0.0,0.0
1058,9.855739937560605e6,4.0169999123984277e6,0.0,0.0,0.0,0.0
1059,9.820705686138257e6,4.0152623576521883e6,0.0,0.0,0.0,0.0
1060,9.785671434715908e6,4.013524802905949e6,0.0,0.0,0.0,0.0
1061,9.793226947933393e6,4.0143370624786485e6,0.0,0.0,0.0,0.0
1062,9.800782461150877e6,4.0151493220513486e6,0.0,0.0,0.0,0.0
1063,9.810029232766699e6,4.0159615816240488e6,0.0,0.0,0.0,0.0
1064,9.81927600438252e6,4.0167738411967484e6,0.0,0.0,0.0,0.0
1065,9.829459259164184e6,4.017586100769448e6,0.0,0.0,0.0,0.0
1066,9.839642513945846e6,4.018398360342148e6,0.0,0.0,0.0,0.0
1067,9.849243801525373e6,4.0192106199148484e6,0.0,0.0,0.0,0.0
1068,9.858845089104902e6,4.020022879487548e6,0.0,0.0,0.0,0.0
1069,9.868093619325314e6,4.0208351390602477e6,0.0,0.0,0.0,0.0
1070,9.877342149545725e6,4.021647398632948e6,0.0,0.0,0.0,0.0
1071,9.886713605168242e6,4.022459658205648e6,0.0,0.0,0.0,0.0
1072,9.896085060790759e6,4.0232719177783476e6,0.0,0.0,0.0,0.0
1073,9.879097837101577e6,4.0240841773510473e6,0.0,0.0,0.0,0.0
1074,9.862110613412395e6,4.0248964369237474e6,0.0,0.0,0.0,0.0
1075,9.829989824112948e6,4.025305914615999e6,0.0,0.0,0.0,0.0
1076,9.797869034813503e6,4.02571539230825e6,0.0,0.0,0.0,0.0
1077,9.806905857359467e6,4.01958668188095e6,0.0,0.0,0.0,0.0
1078,9.815942679905431e6,4.01345797145365e6,0.0,0.0,0.0,0.0
1079,9.823005253266899e6,4.0142702310263496e6,0.0,0.0,0.0,0.0
1080,9.830067826628366e6,4.0150824905990497e6,0.0,0.0,0.0,0.0
1081,9.83653417081403e6,4.01589475017175e6,0.0,0.0,0.0,0.0
1082,9.843000514999693e6,4.0167070097444495e6,0.0,0.0,0.0,0.0
1083,9.80748121410117e6,4.017519269317149e6,0.0,0.0,0.0,0.0
1084,9.771961913202643e6,4.0183315288898493e6,0.0,0.0,0.0,0.0
1085,9.736900595365405e6,4.0191437884625494e6,0.0,0.0,0.0,0.0
1086,9.701839277528167e6,4.019956048035249e6,0.0,0.0,0.0,0.0
1087,9.71031242883015e6,4.0163868565302156e6,0.0,0.0,0.0,0.0
1088,9.718785580132134e6,4.0128176650251825e6,0.0,0.0,0.0,0.0
1089,9.72831285744913e6,4.0136299245978827e6,0.0,0.0,0.0,0.0
1090,9.737840134766126e6,4.0144421841705823e6,0.0,0.0,0.0,0.0
1091,9.747327882139232e6,4.015254443743282e6,0.0,0.0,0.0,0.0
1092,9.75681562951234e6,4.016066703315982e6,0.0,0.0,0.0,0.0
1093,9.765844174940597e6,4.0168789628886823e6,0.0,0.0,0.0,0.0
1094,9.774872720368855e6,4.017691222461382e6,0.0,0.0,0.0,0.0
1095,9.784126416293522e6,4.0185034820340816e6,0.0,0.0,0.0,0.0
1096,9.79338011221819e6,4.0193157416067817e6,0.0,0.0,0.0,0.0
1097,9.80325859004958e6,4.020128001179482e6,0.0,0.0,0.0,0.0
1098,9.813137067880968e6,4.0209402607521815e6,0.0,0.0,0.0,0.0
1099,9.823349636140231e6,4.021752520324881e6,0.0,0.0,0.0,0.0
1100,9.833562204399496e6,4.0225647798975813e6,0.0,0.0,0.0,0.0
1101,9.842833523361167e6,4.0233770394702815e6,0.0,0.0,0.0,0.0
1102,9.852104842322838e6,4.024189299042981e6,0.0,0.0,0.0,0.0
1103,9.81716246659254e6,4.0226046578029403e6,0.0,0.0,0.0,0.0
1104,9.782220090862239e6,4.0210200165629e6,0.0,0.0,0.0,0.0
1105,9.746830393221918e6,4.016587817601502e6,0.0,0.0,0.0,0.0
1106,9.7114406955816e6,4.0121556186401043e6,0.0,0.0,0.0,0.0
1107,9.676375366625864e6,4.0071866151673663e6,0.0,0.0,0.0,0.0
1108,9.64131003767013e6,4.002217611694628e6,0.0,0.0,0.0,0.0
1109,9.609492351311367e6,3.9989912567375666e6,0.0,0.0,0.0,0.0
1110,9.577674664952606e6,3.9957649017805057e6,0.0,0.0,0.0,0.0
1111,9.57422599250863e6,3.9941607203879976e6,0.0,0.0,0.0,0.0
1112,9.570777320064653e6,3.9925565389954895e6,0.0,0.0,0.0,0.0
1113,9.582608615386225e6,3.993368798568189e6,0.0,0.0,0.0,0.0
1114,9.5944399107078e6,3.9941810581408893e6,0.0,0.0,0.0,0.0
1115,9.605983522154015e6,3.9949933177135894e6,0.0,0.0,0.0,0.0
1116,9.61752713360023e6,3.995805577286289e6,0.0,0.0,0.0,0.0
1117,9.628613483750701e6,3.9966178368589887e6,0.0,0.0,0.0,0.0
1118,9.63969983390117e6,3.997430096431689e6,0.0,0.0,0.0,0.0
1119,9.650707717936557e6,3.998242356004389e6,0.0,0.0,0.0,0.0
1120,9.661715601971943e6,3.9990546155770887e6,0.0,0.0,0.0,0.0
1121,9.672810717914846e6,3.9998668751497883e6,0.0,0.0,0.0,0.0
1122,9.683905833857747e6,4.0006791347224885e6,0.0,0.0,0.0,0.0
1123,9.694672162908833e6,4.0014913942951886e6,0.0,0.0,0.0,0.0
1124,9.705438491959922e6,4.0023036538678883e6,0.0,0.0,0.0,0.0
1125,9.71459218936243e6,3.9969297704792526e6,0.0,0.0,0.0,0.0
1126,9.723745886764938e6,3.9915558870906173e6,0.0,0.0,0.0,0.0
1127,9.696144404657744e6,3.9854271766633173e6,0.0,0.0,0.0,0.0
1128,9.668542922550552e6,3.979298466236017e6,0.0,0.0,0.0,0.0
1129,9.674767267030053e6,3.973169755808717e6,0.0,0.0,0.0,0.0
1130,9.680991611509556e6,3.967041045381417e6,0.0,0.0,0.0,0.0
1131,9.659921383535463e6,3.9621252732576206e6,0.0,0.0,0.0,0.0
1132,9.638851155561373e6,3.9572095011338242e6,0.0,0.0,0.0,0.0
1133,9.614744389142618e6,3.9550621066296604e6,0.0,0.0,0.0,0.0
1134,9.59063762272386e6,3.952914712125496e6,0.0,0.0,0.0,0.0
1135,9.601841467455659e6,3.9537269716981957e6,0.0,0.0,0.0,0.0
1136,9.61304531218746e6,3.954539231270896e6,0.0,0.0,0.0,0.0
1137,9.62428931653459e6,3.955351490843596e6,0.0,0.0,0.0,0.0
1138,9.635533320881722e6,3.9561637504162956e6,0.0,0.0,0.0,0.0
1139,9.646471256535057e6,3.9569760099889953e6,0.0,0.0,0.0,0.0
1140,9.65740919218839e6,3.9577882695616954e6,0.0,0.0,0.0,0.0
1141,9.667768271554291e6,3.9586005291343955e6,0.0,0.0,0.0,0.0
1142,9.678127350920191e6,3.959412788707095e6,0.0,0.0,0.0,0.0
1143,9.688779840859918e6,3.960225048279795e6,0.0,0.0,0.0,0.0
1144,9.699432330799645e6,3.961037307852495e6,0.0,0.0,0.0,0.0
1145,9.668739844551817e6,3.961849567425195e6,0.0,0.0,0.0,0.0
1146,9.63804735830399e6,3.962661826997895e6,0.0,0.0,0.0,0.0
1147,9.642748096605467e6,3.9624390227157455e6,0.0,0.0,0.0,0.0
1148,9.647448834906943e6,3.9622162184335957e6,0.0,0.0,0.0,0.0
1149,9.657016852077274e6,3.963028478006296e6,0.0,0.0,0.0,0.0
1150,9.666584869247604e6,3.9638407375789955e6,0.0,0.0,0.0,0.0
1151,9.674082680737626e6,3.964652997151695e6,0.0,0.0,0.0,0.0
1152,9.681580492227647e6,3.9654652567243953e6,0.0,0.0,0.0,0.0
1153,9.646851018057628e6,3.9662775162970955e6,0.0,0.0,0.0,0.0
1154,9.612121543887608e6,3.967089775869795e6,0.0,0.0,0.0,0.0
1155,9.577764226870462e6,3.967902035442495e6,0.0,0.0,0.0,0.0
1156,9.543406909853317e6,3.968714295015195e6,0.0,0.0,0.0,0.0
1157,9.554042220805597e6,3.969526554587895e6,0.0,0.0,0.0,0.0
1158,9.564677531757874e6,3.9703388141605947e6,0.0,0.0,0.0,0.0
1159,9.576778468551334e6,3.9711510737332944e6,0.0,0.0,0.0,0.0
1160,9.588879405344795e6,3.9719633333059945e6,0.0,0.0,0.0,0.0
1161,9.600976581119258e6,3.9727755928786946e6,0.0,0.0,0.0,0.0
1162,9.613073756893722e6,3.9735878524513943e6,0.0,0.0,0.0,0.0
1163,9.624857312373262e6,3.974400112024094e6,0.0,0.0,0.0,0.0
1164,9.636640867852801e6,3.975212371596794e6,0.0,0.0,0.0,0.0
1165,9.648112867510118e6,3.9760246311694942e6,0.0,0.0,0.0,0.0
1166,9.659584867167432e6,3.976836890742194e6,0.0,0.0,0.0,0.0
1167,9.671344050166722e6,3.9776491503148936e6,0.0,0.0,0.0,0.0
1168,9.683103233166011e6,3.9784614098875937e6,0.0,0.0,0.0,0.0
1169,9.695242566970762e6,3.979273669460294e6,0.0,0.0,0.0,0.0
1170,9.707381900775515e6,3.9800859290329935e6,0.0,0.0,0.0,0.0
1171,9.719211410537273e6,3.980898188605693e6,0.0,0.0,0.0,0.0
1172,9.731040920299029e6,3.9817104481783933e6,0.0,0.0,0.0,0.0
1173,9.740912686079357e6,3.9825227077510934e6,0.0,0.0,0.0,0.0
1174,9.750784451859685e6,3.983334967323793e6,0.0,0.0,0.0,0.0
1175,9.73569976053524e6,3.9841472268964928e6,0.0,0.0,0.0,0.0
1176,9.720615069210798e6,3.984959486469193e6,0.0,0.0,0.0,0.0
1177,9.686702996419838e6,3.978771210339895e6,0.0,0.0,0.0,0.0
1178,9.652790923628878e6,3.972582934210597e6,0.0,0.0,0.0,0.0
1179,9.619265774274625e6,3.9672281857259413e6,0.0,0.0,0.0,0.0
1180,9.585740624920372e6,3.9618734372412856e6,0.0,0.0,0.0,0.0
1181,9.554781668078613e6,3.958486197546516e6,0.0,0.0,0.0,0.0
1182,9.523822711236851e6,3.9550989578517466e6,0.0,0.0,0.0,0.0
1183,9.535695355975192e6,3.952985495190059e6,0.0,0.0,0.0,0.0
1184,9.54756800071353e6,3.9508720325283716e6,0.0,0.0,0.0,0.0
1185,9.559928931251626e6,3.9516247263990734e6,0.0,0.0,0.0,0.0
1186,9.57228986178972e6,3.9523774202697757e6,0.0,0.0,0.0,0.0
1187,9.584254223514397e6,3.953130114140478e6,0.0,0.0,0.0,0.0
1188,9.596218585239075e6,3.95388280801118e6,0.0,0.0,0.0,0.0
1189,9.608041140090764e6,3.9546355018818816e6,0.0,0.0,0.0,0.0
1190,9.61986369494245e6,3.955388195752584e6,0.0,0.0,0.0,0.0
1191,9.63171154350238e6,3.956140889623286e6,0.0,0.0,0.0,0.0
1192,9.64355939206231e6,3.956893583493988e6,0.0,0.0,0.0,0.0
1193,9.613889165927866e6,3.95764627736469e6,0.0,0.0,0.0,0.0
1194,9.584218939793423e6,3.958398971235392e6,0.0,0.0,0.0,0.0
1195,9.59604966374228e6,3.9572501392756375e6,0.0,0.0,0.0,0.0
1196,9.607880387691136e6,3.9561013073158828e6,0.0,0.0,0.0,0.0
1197,9.576387994482886e6,3.9501137829432697e6,0.0,0.0,0.0,0.0
1198,9.544895601274636e6,3.9441262585706566e6,0.0,0.0,0.0,0.0
1199,9.532446036654754e6,3.9379379824413587e6,0.0,0.0,0.0,0.0
1200,9.519996472034872e6,3.931749706312061e6,0.0,0.0,0.0,0.0
1201,9.50492940951891e6,3.9291384111185325e6,0.0,0.0,0.0,0.0
1202,9.48986234700295e6,3.9265271159250047e6,0.0,0.0,0.0,0.0
1203,9.45613289661862e6,3.9228719933130634e6,0.0,0.0,0.0,0.0
1204,9.42240344623429e6,3.919216870701122e6,0.0,0.0,0.0,0.0
1205,9.433210133605506e6,3.9172904925501677e6,0.0,0.0,0.0,0.0
1206,9.444016820976723e6,3.9153641143992133e6,0.0,0.0,0.0,0.0
1207,9.456101894225946e6,3.915007618973913e6,0.0,0.0,0.0,0.0
1208,9.468186967475168e6,3.914651123548613e6,0.0,0.0,0.0,0.0
1209,9.480183133299984e6,3.9154038174193148e6,0.0,0.0,0.0,0.0
1210,9.492179299124802e6,3.916156511290017e6,0.0,0.0,0.0,0.0
1211,9.503883390826263e6,3.9169092051607193e6,0.0,0.0,0.0,0.0
1212,9.515587482527724e6,3.917661899031421e6,0.0,0.0,0.0,0.0
1213,9.526954309387304e6,3.918414592902123e6,0.0,0.0,0.0,0.0
1214,9.538321136246886e6,3.9191672867728253e6,0.0,0.0,0.0,0.0
1215,9.54961893399486e6,3.9199199806435276e6,0.0,0.0,0.0,0.0
1216,9.560916731742831e6,3.9206726745142294e6,0.0,0.0,0.0,0.0
1217,9.530728001301117e6,3.9214253683849312e6,0.0,0.0,0.0,0.0
1218,9.500539270859404e6,3.9221780622556335e6,0.0,0.0,0.0,0.0
1219,9.491061210450875e6,3.9190110787277296e6,0.0,0.0,0.0,0.0
1220,9.481583150042346e6,3.9158440951998257e6,0.0,0.0,0.0,0.0
1221,9.491591436447963e6,3.909655819070528e6,0.0,0.0,0.0,0.0
1222,9.501599722853579e6,3.90346754294123e6,0.0,0.0,0.0,0.0
1223,9.509530266910035e6,3.8995567241333597e6,0.0,0.0,0.0,0.0
1224,9.51746081096649e6,3.8956459053254896e6,0.0,0.0,0.0,0.0
1225,9.525051062948782e6,3.8894576291961917e6,0.0,0.0,0.0,0.0
1226,9.532641314931072e6,3.8832693530668938e6,0.0,0.0,0.0,0.0
1227,9.540208377144739e6,3.8775350139236106e6,0.0,0.0,0.0,0.0
1228,9.547775439358406e6,3.8718006747803274e6,0.0,0.0,0.0,0.0
1229,9.514219706456847e6,3.8691866198167875e6,0.0,0.0,0.0,0.0
1230,9.480663973555287e6,3.8665725648532473e6,0.0,0.0,0.0,0.0
1231,9.490496525543017e6,3.8672903545144256e6,0.0,0.0,0.0,0.0
1232,9.500329077530747e6,3.8680081441756035e6,0.0,0.0,0.0,0.0
1233,9.510461315735705e6,3.868760838046306e6,0.0,0.0,0.0,0.0
1234,9.520593553940661e6,3.8695135319170076e6,0.0,0.0,0.0,0.0
1235,9.5299934728521e6,3.8702662257877095e6,0.0,0.0,0.0,0.0
1236,9.539393391763538e6,3.8710189196584118e6,0.0,0.0,0.0,0.0
1237,9.548343683989521e6,3.871771613529114e6,0.0,0.0,0.0,0.0
1238,9.557293976215502e6,3.872524307399816e6,0.0,0.0,0.0,0.0
1239,9.566801300499082e6,3.8732770012705177e6,0.0,0.0,0.0,0.0
1240,9.576308624782661e6,3.87402969514122e6,0.0,0.0,0.0,0.0
1241,9.586889447552666e6,3.8747823890119223e6,0.0,0.0,0.0,0.0
1242,9.597470270322671e6,3.875535082882624e6,0.0,0.0,0.0,0.0
1243,9.607877594385877e6,3.876287776753326e6,0.0,0.0,0.0,0.0
1244,9.618284918449083e6,3.8770404706240282e6,0.0,0.0,0.0,0.0
1245,9.627495659757819e6,3.8777931644947305e6,0.0,0.0,0.0,0.0
1246,9.636706401066553e6,3.8785458583654324e6,0.0,0.0,0.0,0.0
1247,9.6442217317462e6,3.8723575822361344e6,0.0,0.0,0.0,0.0
1248,9.651737062425848e6,3.8661693061068365e6,0.0,0.0,0.0,0.0
1249,9.658636082584795e6,3.8599810299775386e6,0.0,0.0,0.0,0.0
1250,9.665535102743741e6,3.8537927538482407e6,0.0,0.0,0.0,0.0
1251,9.672219623984184e6,3.8490555850476157e6,0.0,0.0,0.0,0.0
1252,9.678904145224625e6,3.84431841624699e6,0.0,0.0,0.0,0.0
1253,9.685769373332482e6,3.8412786041296795e6,0.0,0.0,0.0,0.0
1254,9.692634601440338e6,3.838238792012369e6,0.0,0.0,0.0,0.0
1255,9.700562842347894e6,3.838991485883071e6,0.0,0.0,0.0,0.0
1256,9.70849108325545e6,3.839744179753773e6,0.0,0.0,0.0,0.0
1257,9.716438904461052e6,3.8404968736244747e6,0.0,0.0,0.0,0.0
1258,9.724386725666653e6,3.841249567495177e6,0.0,0.0,0.0,0.0
1259,9.731971599074464e6,3.8420022613658793e6,0.0,0.0,0.0,0.0
1260,9.739556472482273e6,3.842754955236581e6,0.0,0.0,0.0,0.0
1261,9.746741084045015e6,3.843507649107283e6,0.0,0.0,0.0,0.0
1262,9.753925695607759e6,3.8442603429779853e6,0.0,0.0,0.0,0.0
1263,9.761789417243585e6,3.8450130368486876e6,0.0,0.0,0.0,0.0
1264,9.769653138879409e6,3.8457657307193894e6,0.0,0.0,0.0,0.0
1265,9.778817700900182e6,3.846518424590091e6,0.0,0.0,0.0,0.0
1266,9.787982262920955e6,3.8472711184607935e6,0.0,0.0,0.0,0.0
1267,9.79748553999549e6,3.848023812331496e6,0.0,0.0,0.0,0.0
1268,9.806988817070024e6,3.8487765062021976e6,0.0,0.0,0.0,0.0
1269,9.815309986209843e6,3.8495292000728995e6,0.0,0.0,0.0,0.0
1270,9.82363115534966e6,3.8502818939436018e6,0.0,0.0,0.0,0.0
1271,9.830277972396173e6,3.851034587814304e6,0.0,0.0,0.0,0.0
1272,9.836924789442685e6,3.851787281685006e6,0.0,0.0,0.0,0.0
1273,9.843296291471146e6,3.8456914762265715e6,0.0,0.0,0.0,0.0
1274,9.84966779349961e6,3.839595670768137e6,0.0,0.0,0.0,0.0
1275,9.856463026062606e6,3.835488136995408e6,0.0,0.0,0.0,0.0
1276,9.863258258625602e6,3.8313806032226793e6,0.0,0.0,0.0,0.0
1277,9.873329306664161e6,3.831085591818788e6,0.0,0.0,0.0,0.0
1278,9.88340035470272e6,3.8307905804148973e6,0.0,0.0,0.0,0.0
1279,9.89553356951322e6,3.8286229893128723e6,0.0,0.0,0.0,0.0
1280,9.90766678432372e6,3.8264553982108473e6,0.0,0.0,0.0,0.0
1281,9.919638041806232e6,3.8272080920815496e6,0.0,0.0,0.0,0.0
1282,9.931609299288744e6,3.8279607859522514e6,0.0,0.0,0.0,0.0
1283,9.94320089625173e6,3.828713479822953e6,0.0,0.0,0.0,0.0
1284,9.954792493214719e6,3.8294661736936555e6,0.0,0.0,0.0,0.0
1285,9.965823441610409e6,3.830218867564358e6,0.0,0.0,0.0,0.0
1286,9.976854390006099e6,3.8309715614350596e6,0.0,0.0,0.0,0.0
1287,9.9879008292347e6,3.8317242553057615e6,0.0,0.0,0.0,0.0
1288,9.998947268463302e6,3.8324769491764638e6,0.0,0.0,0.0,0.0
1289,1.000996080879533e7,3.833229643047166e6,0.0,0.0,0.0,0.0
1290,1.0020974349127356e7,3.833982336917868e6,0.0,0.0,0.0,0.0
1291,1.0031709374108262e7,3.82779406078857e6,0.0,0.0,0.0,0.0
1292,1.0042444399089169e7,3.821605784659272e6,0.0,0.0,0.0,0.0
1293,1.0051473661556855e7,3.815417508529974e6,0.0,0.0,0.0,0.0
1294,1.0060502924024539e7,3.8092292324006762e6,0.0,0.0,0.0,0.0
1295,1.0067550637085611e7,3.8030409562713783e6,0.0,0.0,0.0,0.0
1296,1.0074598350146683e7,3.7968526801420804e6,0.0,0.0,0.0,0.0
1297,1.0080949921154562e7,3.7906644040127825e6,0.0,0.0,0.0,0.0
1298,1.0087301492162442e7,3.7844761278834846e6,0.0,0.0,0.0,0.0
1299,1.0094226181081023e7,3.7782878517541867e6,0.0,0.0,0.0,0.0
1300,1.0101150869999602e7,3.7720995756248888e6,0.0,0.0,0.0,0.0
1301,1.0111232232356599e7,3.76720331164574e6,0.0,0.0,0.0,0.0
1302,1.0121313594713595e7,3.7623070476665916e6,0.0,0.0,0.0,0.0
1303,1.0132750305898465e7,3.760512652224833e6,0.0,0.0,0.0,0.0
1304,1.0144187017083336e7,3.7587182567830742e6,0.0,0.0,0.0,0.0
1305,1.0155669797330987e7,3.7594709506537765e6,0.0,0.0,0.0,0.0
1306,1.016715257757864e7,3.7602236445244784e6,0.0,0.0,0.0,0.0
1307,1.0177959764299516e7,3.76097633839518e6,0.0,0.0,0.0,0.0
1308,1.018876695102039e7,3.7617290322658825e6,0.0,0.0,0.0,0.0
1309,1.0199326076823158e7,3.7624817261365848e6,0.0,0.0,0.0,0.0
1310,1.0209885202625927e7,3.7632344200072866e6,0.0,0.0,0.0,0.0
1311,1.022038941477397e7,3.7639871138779884e6,0.0,0.0,0.0,0.0
1312,1.0230893626922015e7,3.7647398077486907e6,0.0,0.0,0.0,0.0
1313,1.024169921186553e7,3.765492501619393e6,0.0,0.0,0.0,0.0
1314,1.0252504796809044e7,3.766245195490095e6,0.0,0.0,0.0,0.0
1315,1.0263353369265992e7,3.7669978893607967e6,0.0,0.0,0.0,0.0
1316,1.027420194172294e7,3.767750583231499e6,0.0,0.0,0.0,0.0
1317,1.0283078448605672e7,3.761562307102201e6,0.0,0.0,0.0,0.0
1318,1.0291954955488404e7,3.755374030972903e6,0.0,0.0,0.0,0.0
1319,1.0298729400188264e7,3.75360162006334e6,0.0,0.0,0.0,0.0
1320,1.030550384488812e7,3.7518292091537765e6,0.0,0.0,0.0,0.0
1321,1.0311889300815748e7,3.752581903024479e6,0.0,0.0,0.0,0.0
1322,1.0318274756743375e7,3.7533345968951806e6,0.0,0.0,0.0,0.0
1323,1.0325190077869859e7,3.7471463207658827e6,0.0,0.0,0.0,0.0
1324,1.0332105398996344e7,3.740958044636585e6,0.0,0.0,0.0,0.0
1325,1.0342111178325664e7,3.7370708382494603e6,0.0,0.0,0.0,0.0
1326,1.0352116957654985e7,3.733183631862336e6,0.0,0.0,0.0,0.0
1327,1.0363672722997509e7,3.7339363257330377e6,0.0,0.0,0.0,0.0
1328,1.0375228488340031e7,3.73468901960374e6,0.0,0.0,0.0,0.0
1329,1.0386707945165131e7,3.7354417134744423e6,0.0,0.0,0.0,0.0
1330,1.0398187401990233e7,3.736194407345144e6,0.0,0.0,0.0,0.0
1331,1.040933605490153e7,3.736947101215846e6,0.0,0.0,0.0,0.0
1332,1.0420484707812825e7,3.737699795086548e6,0.0,0.0,0.0,0.0
1333,1.043155298183651e7,3.7384524889572505e6,0.0,0.0,0.0,0.0
1334,1.0442621255860196e7,3.7392051828279523e6,0.0,0.0,0.0,0.0
1335,1.0454068460367605e7,3.739957876698654e6,0.0,0.0,0.0,0.0
1336,1.0465515664875014e7,3.7407105705693564e6,0.0,0.0,0.0,0.0
1337,1.0477385056065045e7,3.7414632644400587e6,0.0,0.0,0.0,0.0
1338,1.0489254447255075e7,3.7422159583107606e6,0.0,0.0,0.0,0.0
1339,1.0500787575837534e7,3.7429686521814624e6,0.0,0.0,0.0,0.0
1340,1.0512320704419991e7,3.7437213460521647e6,0.0,0.0,0.0,0.0
1341,1.0521265796668898e7,3.744474039922867e6,0.0,0.0,0.0,0.0
1342,1.0530210888917807e7,3.745226733793569e6,0.0,0.0,0.0,0.0
1343,1.053688886514226e7,3.7459794276642706e6,0.0,0.0,0.0,0.0
1344,1.0543566841366714e7,3.746732121534973e6,0.0,0.0,0.0,0.0
1345,1.0549762129449237e7,3.740679222001125e6,0.0,0.0,0.0,0.0
1346,1.0555957417531759e7,3.734626322467277e6,0.0,0.0,0.0,0.0
1347,1.056283016288436e7,3.7304118277871856e6,0.0,0.0,0.0,0.0
1348,1.0569702908236962e7,3.7261973331070943e6,0.0,0.0,0.0,0.0
1349,1.0580098471135963e7,3.724226333925741e6,0.0,0.0,0.0,0.0
1350,1.0590494034034964e7,3.722255334744387e6,0.0,0.0,0.0,0.0
1351,1.0602557544543821e7,3.720599400260696e6,0.0,0.0,0.0,0.0
1352,1.0614621055052677e7,3.7189434657770055e6,0.0,0.0,0.0,0.0
1353,1.0626747030316867e7,3.7198315362431575e6,0.0,0.0,0.0,0.0
1354,1.0638873005581055e7,3.7207196067093094e6,0.0,0.0,0.0,0.0
1355,1.0650588715013733e7,3.7216076771754613e6,0.0,0.0,0.0,0.0
1356,1.0662304424446411e7,3.7224957476416132e6,0.0,0.0,0.0,0.0
1357,1.0673789393995084e7,3.723383818107765e6,0.0,0.0,0.0,0.0
1358,1.0685274363543756e7,3.724271888573917e6,0.0,0.0,0.0,0.0
1359,1.0696636634316398e7,3.725159959040069e6,0.0,0.0,0.0,0.0
1360,1.070799890508904e7,3.726048029506221e6,0.0,0.0,0.0,0.0
1361,1.0719863764169686e7,3.726936099972373e6,0.0,0.0,0.0,0.0
1362,1.0731728623250334e7,3.727824170438525e6,0.0,0.0,0.0,0.0
1363,1.0701643797201872e7,3.721771270904677e6,0.0,0.0,0.0,0.0
1364,1.0671558971153408e7,3.7157183713708287e6,0.0,0.0,0.0,0.0
1365,1.0681486171065144e7,3.7096654718369804e6,0.0,0.0,0.0,0.0
1366,1.0691413370976882e7,3.7036125723031326e6,0.0,0.0,0.0,0.0
1367,1.0698980240252728e7,3.697559672769285e6,0.0,0.0,0.0,0.0
1368,1.0706547109528573e7,3.6915067732354365e6,0.0,0.0,0.0,0.0
1369,1.0713682149659399e7,3.6854538737015883e6,0.0,0.0,0.0,0.0
1370,1.0720817189790225e7,3.6794009741677404e6,0.0,0.0,0.0,0.0
1371,1.0728424754451295e7,3.6733480746338926e6,0.0,0.0,0.0,0.0
1372,1.0736032319112366e7,3.6672951751000443e6,0.0,0.0,0.0,0.0
1373,1.07468416118423e7,3.6618217903525042e6,0.0,0.0,0.0,0.0
1374,1.0757650904572235e7,3.656348405604964e6,0.0,0.0,0.0,0.0
1375,1.0770518550452515e7,3.651534143721745e6,0.0,0.0,0.0,0.0
1376,1.0783386196332797e7,3.6467198818385256e6,0.0,0.0,0.0,0.0
1377,1.0796270595587332e7,3.646488011057487e6,0.0,0.0,0.0,0.0
1378,1.0809154994841866e7,3.646256140276449e6,0.0,0.0,0.0,0.0
1379,1.0821103298929311e7,3.6471442107426007e6,0.0,0.0,0.0,0.0
1380,1.0833051603016758e7,3.6480322812087527e6,0.0,0.0,0.0,0.0
1381,1.0844283659590242e7,3.6489203516749046e6,0.0,0.0,0.0,0.0
1382,1.0855515716163727e7,3.6498084221410565e6,0.0,0.0,0.0,0.0
1383,1.0866589850515202e7,3.6506964926072084e6,0.0,0.0,0.0,0.0
1384,1.0877663984866675e7,3.6515845630733604e6,0.0,0.0,0.0,0.0
1385,1.0889234722775137e7,3.6496689966470366e6,0.0,0.0,0.0,0.0
1386,1.09008054606836e7,3.6477534302207124e6,0.0,0.0,0.0,0.0
1387,1.0912110384779245e7,3.6417005306868646e6,0.0,0.0,0.0,0.0
1388,1.0923415308874888e7,3.6356476311530164e6,0.0,0.0,0.0,0.0
1389,1.0932813431990314e7,3.629594731619168e6,0.0,0.0,0.0,0.0
1390,1.094221155510574e7,3.6235418320853203e6,0.0,0.0,0.0,0.0
1391,1.0949183813572355e7,3.6174889325514724e6,0.0,0.0,0.0,0.0
1392,1.0956156072038969e7,3.611436033017624e6,0.0,0.0,0.0,0.0
1393,1.096253490383071e7,3.605383133483776e6,0.0,0.0,0.0,0.0
1394,1.096891373562245e7,3.599330233949928e6,0.0,0.0,0.0,0.0
1395,1.0975428398347545e7,3.5932773344160803e6,0.0,0.0,0.0,0.0
1396,1.098194306107264e7,3.587224434882232e6,0.0,0.0,0.0,0.0
1397,1.0989526888854865e7,3.581988236577052e6,0.0,0.0,0.0,0.0
1398,1.0997110716637088e7,3.5767520382718723e6,0.0,0.0,0.0,0.0
1399,1.100668831122624e7,3.5725964405936e6,0.0,0.0,0.0,0.0
1400,1.101626590581539e7,3.5684408429153273e6,0.0,0.0,0.0,0.0
1401,1.1026295662044141e7,3.569328913381479e6,0.0,0.0,0.0,0.0
1402,1.1036325418272892e7,3.570216983847631e6,0.0,0.0,0.0,0.0
1403,1.1045905891521417e7,3.571105054313783e6,0.0,0.0,0.0,0.0
1404,1.105548636476994e7,3.571993124779935e6,0.0,0.0,0.0,0.0
1405,1.106482087963823e7,3.572881195246087e6,0.0,0.0,0.0,0.0
1406,1.1074155394506522e7,3.573769265712239e6,0.0,0.0,0.0,0.0
1407,1.1084106417599104e7,3.574657336178391e6,0.0,0.0,0.0,0.0
1408,1.1094057440691685e7,3.5755454066445427e6,0.0,0.0,0.0,0.0
1409,1.1105372682791635e7,3.5746686990881194e6,0.0,0.0,0.0,0.0
1410,1.1116687924891587e7,3.573791991531696e6,0.0,0.0,0.0,0.0
1411,1.1099665517593049e7,3.567739091997848e6,0.0,0.0,0.0,0.0
1412,1.1082643110294512e7,3.561686192464e6,0.0,0.0,0.0,0.0
1413,1.1092775192323148e7,3.5556332929301523e6,0.0,0.0,0.0,0.0
1414,1.1102907274351783e7,3.549580393396304e6,0.0,0.0,0.0,0.0
1415,1.1110808719892964e7,3.5435274938624557e6,0.0,0.0,0.0,0.0
1416,1.1118710165434146e7,3.537474594328608e6,0.0,0.0,0.0,0.0
1417,1.1095846666492077e7,3.53142169479476e6,0.0,0.0,0.0,0.0
1418,1.1072983167550007e7,3.525368795260912e6,0.0,0.0,0.0,0.0
1419,1.108034296966255e7,3.5193158957270635e6,0.0,0.0,0.0,0.0
1420,1.1087702771775093e7,3.5132629961932157e6,0.0,0.0,0.0,0.0
1421,1.1054976011236612e7,3.508279089354628e6,0.0,0.0,0.0,0.0
1422,1.1022249250698129e7,3.5032951825160407e6,0.0,0.0,0.0,0.0
1423,1.103153201887175e7,3.5001143822647785e6,0.0,0.0,0.0,0.0
1424,1.104081478704537e7,3.496933582013516e6,0.0,0.0,0.0,0.0
1425,1.105115827952349e7,3.497821652479668e6,0.0,0.0,0.0,0.0
1426,1.106150177200161e7,3.49870972294582e6,0.0,0.0,0.0,0.0
1427,1.1071359846587442e7,3.499597793411972e6,0.0,0.0,0.0,0.0
1428,1.1081217921173275e7,3.500485863878124e6,0.0,0.0,0.0,0.0
1429,1.1090654519868996e7,3.501373934344276e6,0.0,0.0,0.0,0.0
1430,1.1100091118564717e7,3.502262004810428e6,0.0,0.0,0.0,0.0
1431,1.1110435019841263e7,3.5031500752765797e6,0.0,0.0,0.0,0.0
1432,1.1120778921117809e7,3.5040381457427316e6,0.0,0.0,0.0,0.0
1433,1.1090422019660711e7,3.5049262162088836e6,0.0,0.0,0.0,0.0
1434,1.1060065118203616e7,3.5058142866750355e6,0.0,0.0,0.0,0.0
1435,1.1029779184287626e7,3.501276555507156e6,0.0,0.0,0.0,0.0
1436,1.0999493250371639e7,3.4967388243392766e6,0.0,0.0,0.0,0.0
1437,1.1009772807556268e7,3.491966145904311e6,0.0,0.0,0.0,0.0
1438,1.1020052364740899e7,3.487193467469345e6,0.0,0.0,0.0,0.0
1439,1.09864119788115e7,3.487735051352536e6,0.0,0.0,0.0,0.0
1440,1.0952771592882102e7,3.488276635235727e6,0.0,0.0,0.0,0.0
1441,1.0918854991076224e7,3.4891647057018788e6,0.0,0.0,0.0,0.0
1442,1.0884938389270347e7,3.4900527761680307e6,0.0,0.0,0.0,0.0
1443,1.085146688360262e7,3.4909408466341826e6,0.0,0.0,0.0,0.0
1444,1.0817995377934892e7,3.4918289171003345e6,0.0,0.0,0.0,0.0
1445,1.0787244803043872e7,3.4927169875664865e6,0.0,0.0,0.0,0.0
1446,1.0756494228152853e7,3.4936050580326384e6,0.0,0.0,0.0,0.0
1447,1.0768872529020611e7,3.4944931284987903e6,0.0,0.0,0.0,0.0
1448,1.078125082988837e7,3.4953811989649422e6,0.0,0.0,0.0,0.0
1449,1.0794184406100918e7,3.496269269431094e6,0.0,0.0,0.0,0.0
1450,1.0807117982313465e7,3.497157339897246e6,0.0,0.0,0.0,0.0
1451,1.0819696269786295e7,3.498045410363398e6,0.0,0.0,0.0,0.0
1452,1.0832274557259126e7,3.49893348082955e6,0.0,0.0,0.0,0.0
1453,1.0844296818173818e7,3.499821551295702e6,0.0,0.0,0.0,0.0
1454,1.085631907908851e7,3.500709621761854e6,0.0,0.0,0.0,0.0
1455,1.0868534114616627e7,3.5015976922280057e6,0.0,0.0,0.0,0.0
1456,1.0880749150144745e7,3.5024857626941577e6,0.0,0.0,0.0,0.0
1457,1.0851526152910365e7,3.5033738331603096e6,0.0,0.0,0.0,0.0
1458,1.0822303155675985e7,3.5042619036264615e6,0.0,0.0,0.0,0.0
1459,1.0834441875293415e7,3.5051499740926134e6,0.0,0.0,0.0,0.0
1460,1.0846580594910845e7,3.5060380445587654e6,0.0,0.0,0.0,0.0
1461,1.085644564510221e7,3.5069261150249173e6,0.0,0.0,0.0,0.0
1462,1.0866310695293577e7,3.507814185491069e6,0.0,0.0,0.0,0.0
1463,1.0873806594848761e7,3.508702255957221e6,0.0,0.0,0.0,0.0
1464,1.0881302494403945e7,3.509590326423373e6,0.0,0.0,0.0,0.0
1465,1.0888211005182274e7,3.510478396889525e6,0.0,0.0,0.0,0.0
1466,1.08951195159606e7,3.511366467355677e6,0.0,0.0,0.0,0.0
1467,1.086320703825318e7,3.512254537821829e6,0.0,0.0,0.0,0.0
1468,1.0831294560545763e7,3.513142608287981e6,0.0,0.0,0.0,0.0
1469,1.0800375261809167e7,3.5140306787541327e6,0.0,0.0,0.0,0.0
1470,1.0769455963072572e7,3.5149187492202846e6,0.0,0.0,0.0,0.0
1471,1.0781738041492254e7,3.5158068196864366e6,0.0,0.0,0.0,0.0
1472,1.0794020119911937e7,3.5166948901525885e6,0.0,0.0,0.0,0.0
1473,1.0806092426273702e7,3.5175829606187404e6,0.0,0.0,0.0,0.0
1474,1.0818164732635466e7,3.5184710310848923e6,0.0,0.0,0.0,0.0
1475,1.0830076375993814e7,3.5193591015510443e6,0.0,0.0,0.0,0.0
1476,1.0841988019352164e7,3.520247172017196e6,0.0,0.0,0.0,0.0
1477,1.0853502333740918e7,3.521135242483348e6,0.0,0.0,0.0,0.0
1478,1.0865016648129672e7,3.5220233129495e6,0.0,0.0,0.0,0.0
1479,1.0876636878277853e7,3.522911383415652e6,0.0,0.0,0.0,0.0
1480,1.0888257108426033e7,3.523799453881804e6,0.0,0.0,0.0,0.0
1481,1.08578558805876e7,3.524687524347956e6,0.0,0.0,0.0,0.0
1482,1.082745465274917e7,3.5255755948141078e6,0.0,0.0,0.0,0.0
1483,1.0838275558800947e7,3.5264636652802597e6,0.0,0.0,0.0,0.0
1484,1.0849096464852722e7,3.5273517357464116e6,0.0,0.0,0.0,0.0
1485,1.0857978414233927e7,3.5282398062125635e6,0.0,0.0,0.0,0.0
1486,1.086686036361513e7,3.5291278766787155e6,0.0,0.0,0.0,0.0
1487,1.0873504510983348e7,3.5300159471448674e6,0.0,0.0,0.0,0.0
1488,1.0880148658351569e7,3.5309040176110193e6,0.0,0.0,0.0,0.0
1489,1.088625184320361e7,3.5317920880771712e6,0.0,0.0,0.0,0.0
1490,1.0892355028055651e7,3.532680158543323e6,0.0,0.0,0.0,0.0
1491,1.0898967024964713e7,3.533568229009475e6,0.0,0.0,0.0,0.0
1492,1.0905579021873776e7,3.534456299475627e6,0.0,0.0,0.0,0.0
1493,1.0915542202948546e7,3.535344369941779e6,0.0,0.0,0.0,0.0
1494,1.0925505384023316e7,3.536232440407931e6,0.0,0.0,0.0,0.0
1495,1.0937188643449482e7,3.537120510874083e6,0.0,0.0,0.0,0.0
1496,1.0948871902875649e7,3.5380085813402347e6,0.0,0.0,0.0,0.0
1497,1.0960128807172526e7,3.5388966518063867e6,0.0,0.0,0.0,0.0
1498,1.0971385711469403e7,3.5397847222725386e6,0.0,0.0,0.0,0.0
1499,1.098226301524403e7,3.5406727927386905e6,0.0,0.0,0.0,0.0
1500,1.0993140319018655e7,3.5415608632048424e6,0.0,0.0,0.0,0.0
1501,1.1003977428954443e7,3.5424489336709944e6,0.0,0.0,0.0,0.0
1502,1.1014814538890231e7,3.5433370041371463e6,0.0,0.0,0.0,0.0
1503,1.1025887821697649e7,3.544225074603298e6,0.0,0.0,0.0,0.0
1504,1.1036961104505066e7,3.54511314506945e6,0.0,0.0,0.0,0.0
1505,1.1048589989786323e7,3.546001215535602e6,0.0,0.0,0.0,0.0
1506,1.1060218875067582e7,3.546889286001754e6,0.0,0.0,0.0,0.0
1507,1.1071517570546173e7,3.547777356467906e6,0.0,0.0,0.0,0.0
1508,1.1082816266024763e7,3.548665426934058e6,0.0,0.0,0.0,0.0
1509,1.1091947210540017e7,3.54955349740021e6,0.0,0.0,0.0,0.0
1510,1.1101078155055271e7,3.5504415678663617e6,0.0,0.0,0.0,0.0
1511,1.1108695430162985e7,3.5513296383325136e6,0.0,0.0,0.0,0.0
1512,1.1116312705270696e7,3.5522177087986656e6,0.0,0.0,0.0,0.0
1513,1.1081579923835646e7,3.552252794567051e6,0.0,0.0,0.0,0.0
1514,1.1046847142400594e7,3.552287880335436e6,0.0,0.0,0.0,0.0
1515,1.1012989137918048e7,3.553056819397592e6,0.0,0.0,0.0,0.0
1516,1.09791311334355e7,3.5538257584597482e6,0.0,0.0,0.0,0.0
1517,1.0947993349128557e7,3.5545946975219045e6,0.0,0.0,0.0,0.0
1518,1.0916855564821614e7,3.5553636365840603e6,0.0,0.0,0.0,0.0
1519,1.091951499173419e7,3.556132575646216e6,0.0,0.0,0.0,0.0
1520,1.0922174418646766e7,3.5569015147083723e6,0.0,0.0,0.0,0.0
1521,1.0934347009416394e7,3.5576704537705285e6,0.0,0.0,0.0,0.0
1522,1.0946519600186022e7,3.5584393928326843e6,0.0,0.0,0.0,0.0
1523,1.0958291354112325e7,3.55920833189484e6,0.0,0.0,0.0,0.0
1524,1.0970063108038628e7,3.5599772709569964e6,0.0,0.0,0.0,0.0
1525,1.0981539393230952e7,3.5607462100191526e6,0.0,0.0,0.0,0.0
1526,1.0993015678423274e7,3.5615151490813084e6,0.0,0.0,0.0,0.0
1527,1.100477238442161e7,3.562284088143464e6,0.0,0.0,0.0,0.0
1528,1.1016529090419944e7,3.5630530272056204e6,0.0,0.0,0.0,0.0
1529,1.0986870936282426e7,3.5638219662677767e6,0.0,0.0,0.0,0.0
1530,1.0957212782144906e7,3.5645909053299325e6,0.0,0.0,0.0,0.0
1531,1.0927425456679262e7,3.55958346409497e6,0.0,0.0,0.0,0.0
1532,1.0897638131213617e7,3.5545760228600074e6,0.0,0.0,0.0,0.0
1533,1.0865666301963419e7,3.5484039919221634e6,0.0,0.0,0.0,0.0
1534,1.0833694472713223e7,3.5422319609843194e6,0.0,0.0,0.0,0.0
1535,1.0799973108539928e7,3.5360599300464755e6,0.0,0.0,0.0,0.0
1536,1.0766251744366635e7,3.5298878991086315e6,0.0,0.0,0.0,0.0
1537,1.073209231656619e7,3.524386630746304e6,0.0,0.0,0.0,0.0
1538,1.0697932888765745e7,3.518885362383977e6,0.0,0.0,0.0,0.0
1539,1.0664344211286655e7,3.515751445882476e6,0.0,0.0,0.0,0.0
1540,1.0630755533807565e7,3.512617529380975e6,0.0,0.0,0.0,0.0
1541,1.0638547065528112e7,3.5108164787602513e6,0.0,0.0,0.0,0.0
1542,1.0646338597248659e7,3.509015428139528e6,0.0,0.0,0.0,0.0
1543,1.0658955197584454e7,3.5074235983845806e6,0.0,0.0,0.0,0.0
1544,1.067157179792025e7,3.5058317686296334e6,0.0,0.0,0.0,0.0
1545,1.0683784820037127e7,3.5066007076917896e6,0.0,0.0,0.0,0.0
1546,1.0695997842154004e7,3.5073696467539454e6,0.0,0.0,0.0,0.0
1547,1.0707554433015335e7,3.508138585816101e6,0.0,0.0,0.0,0.0
1548,1.0719111023876665e7,3.5089075248782574e6,0.0,0.0,0.0,0.0
1549,1.0730285522225477e7,3.5096764639404137e6,0.0,0.0,0.0,0.0
1550,1.0741460020574288e7,3.5104454030025695e6,0.0,0.0,0.0,0.0
1551,1.0752824020826906e7,3.5112143420647252e6,0.0,0.0,0.0,0.0
1552,1.0764188021079522e7,3.5119832811268815e6,0.0,0.0,0.0,0.0
1553,1.0776522006029695e7,3.5127522201890377e6,0.0,0.0,0.0,0.0
1554,1.078885599097987e7,3.5135211592511935e6,0.0,0.0,0.0,0.0
1555,1.0800806651660826e7,3.5073491283133496e6,0.0,0.0,0.0,0.0
1556,1.0812757312341781e7,3.5011770973755056e6,0.0,0.0,0.0,0.0
1557,1.0823026349621136e7,3.4950050664376616e6,0.0,0.0,0.0,0.0
1558,1.083329538690049e7,3.4888330354998177e6,0.0,0.0,0.0,0.0
1559,1.084153233888328e7,3.4826610045619737e6,0.0,0.0,0.0,0.0
1560,1.084976929086607e7,3.47648897362413e6,0.0,0.0,0.0,0.0
1561,1.0857018844984123e7,3.4713425941539626e6,0.0,0.0,0.0,0.0
1562,1.0864268399102177e7,3.4661962146837953e6,0.0,0.0,0.0,0.0
1563,1.0871210455557037e7,3.4640299317185963e6,0.0,0.0,0.0,0.0
1564,1.0878152512011899e7,3.4618636487533967e6,0.0,0.0,0.0,0.0
1565,1.088613267515368e7,3.4600752777296305e6,0.0,0.0,0.0,0.0
1566,1.0894112838295462e7,3.458286906705864e6,0.0,0.0,0.0,0.0
1567,1.0903684393156383e7,3.456279343227244e6,0.0,0.0,0.0,0.0
1568,1.0913255948017303e7,3.4542717797486237e6,0.0,0.0,0.0,0.0
1569,1.0922613968192536e7,3.45504071881078e6,0.0,0.0,0.0,0.0
1570,1.0931971988367772e7,3.4558096578729358e6,0.0,0.0,0.0,0.0
1571,1.0940430506380577e7,3.4565785969350915e6,0.0,0.0,0.0,0.0
1572,1.094888902439338e7,3.457347535997248e6,0.0,0.0,0.0,0.0
1573,1.0956592822994564e7,3.458116475059404e6,0.0,0.0,0.0,0.0
1574,1.096429662159575e7,3.45888541412156e6,0.0,0.0,0.0,0.0
1575,1.097245112741183e7,3.4596543531837156e6,0.0,0.0,0.0,0.0
1576,1.0980605633227909e7,3.460423292245872e6,0.0,0.0,0.0,0.0
1577,1.099003273633812e7,3.461192231308028e6,0.0,0.0,0.0,0.0
1578,1.0999459839448329e7,3.461961170370184e6,0.0,0.0,0.0,0.0
1579,1.1008832978217337e7,3.45578913943234e6,0.0,0.0,0.0,0.0
1580,1.1018206116986345e7,3.449617108494496e6,0.0,0.0,0.0,0.0
1581,1.1025806072708525e7,3.443445077556652e6,0.0,0.0,0.0,0.0
1582,1.1033406028430706e7,3.437273046618808e6,0.0,0.0,0.0,0.0
1583,1.1038753204820393e7,3.431101015680964e6,0.0,0.0,0.0,0.0
1584,1.104410038121008e7,3.42492898474312e6,0.0,0.0,0.0,0.0
1585,1.1048798302181497e7,3.418756953805276e6,0.0,0.0,0.0,0.0
1586,1.1053496223152913e7,3.4125849228674322e6,0.0,0.0,0.0,0.0
1587,1.1057965344082318e7,3.408449881514649e6,0.0,0.0,0.0,0.0
1588,1.1062434465011723e7,3.404314840161866e6,0.0,0.0,0.0,0.0
1589,1.10671967598866e7,3.4016561294925353e6,0.0,0.0,0.0,0.0
1590,1.1071959054761475e7,3.398997418823204e6,0.0,0.0,0.0,0.0
1591,1.107821975337137e7,3.3974828931657737e6,0.0,0.0,0.0,0.0
1592,1.1084480451981261e7,3.3959683675083434e6,0.0,0.0,0.0,0.0
1593,1.109154690818869e7,3.396737306570499e6,0.0,0.0,0.0,0.0
1594,1.1098613364396118e7,3.3975062456326555e6,0.0,0.0,0.0,0.0
1595,1.1105592773021054e7,3.3982751846948117e6,0.0,0.0,0.0,0.0
1596,1.1112572181645991e7,3.3990441237569675e6,0.0,0.0,0.0,0.0
1597,1.1119241524136934e7,3.3998130628191233e6,0.0,0.0,0.0,0.0
1598,1.112591086662788e7,3.4005820018812795e6,0.0,0.0,0.0,0.0
1599,1.1133124011723325e7,3.4013509409434358e6,0.0,0.0,0.0,0.0
1600,1.1140337156818772e7,3.4021198800055915e6,0.0,0.0,0.0,0.0
1601,1.114944279269236e7,3.4028888190677473e6,0.0,0.0,0.0,0.0
1602,1.1158548428565947e7,3.4036577581299036e6,0.0,0.0,0.0,0.0
1603,1.116849075932778e7,3.399249883144155e6,0.0,0.0,0.0,0.0
1604,1.1178433090089615e7,3.3948420081584062e6,0.0,0.0,0.0,0.0
1605,1.1187122125962924e7,3.3886699772205623e6,0.0,0.0,0.0,0.0
1606,1.1195811161836235e7,3.3824979462827183e6,0.0,0.0,0.0,0.0
1607,1.1202995208013115e7,3.383147545429027e6,0.0,0.0,0.0,0.0
1608,1.1210179254189996e7,3.383797144575336e6,0.0,0.0,0.0,0.0
1609,1.1217126174682193e7,3.3786690181101565e6,0.0,0.0,0.0,0.0
1610,1.1224073095174389e7,3.373540891644977e6,0.0,0.0,0.0,0.0
1611,1.1231768390463643e7,3.3735515293144733e6,0.0,0.0,0.0,0.0
1612,1.1239463685752898e7,3.3735621669839695e6,0.0,0.0,0.0,0.0
1613,1.1250923274935648e7,3.3743311060461253e6,0.0,0.0,0.0,0.0
1614,1.12623828641184e7,3.3751000451082815e6,0.0,0.0,0.0,0.0
1615,1.1275369273974475e7,3.375868984170438e6,0.0,0.0,0.0,0.0
1616,1.1288355683830548e7,3.3766379232325936e6,0.0,0.0,0.0,0.0
1617,1.1301109103714367e7,3.3774068622947494e6,0.0,0.0,0.0,0.0
1618,1.1313862523598187e7,3.3781758013569056e6,0.0,0.0,0.0,0.0
1619,1.1326146470479e7,3.378944740419062e6,0.0,0.0,0.0,0.0
1620,1.1338430417359816e7,3.3797136794812176e6,0.0,0.0,0.0,0.0
1621,1.1350254806984022e7,3.3804826185433734e6,0.0,0.0,0.0,0.0
1622,1.1362079196608229e7,3.3812515576055297e6,0.0,0.0,0.0,0.0
1623,1.1373783959930439e7,3.382020496667686e6,0.0,0.0,0.0,0.0
1624,1.138548872325265e7,3.3827894357298417e6,0.0,0.0,0.0,0.0
1625,1.1397742070794992e7,3.3835583747919975e6,0.0,0.0,0.0,0.0
1626,1.1409995418337332e7,3.3843273138541537e6,0.0,0.0,0.0,0.0
1627,1.1421855733151345e7,3.37815528291631e6,0.0,0.0,0.0,0.0
1628,1.1433716047965357e7,3.371983251978466e6,0.0,0.0,0.0,0.0
1629,1.1443381723200541e7,3.365811221040622e6,0.0,0.0,0.0,0.0
1630,1.1453047398435723e7,3.359639190102778e6,0.0,0.0,0.0,0.0
1631,1.144944562485512e7,3.353467159164934e6,0.0,0.0,0.0,0.0
1632,1.1445843851274516e7,3.34729512822709e6,0.0,0.0,0.0,0.0
1633,1.1420043619821755e7,3.341123097289246e6,0.0,0.0,0.0,0.0
1634,1.1394243388368994e7,3.334951066351402e6,0.0,0.0,0.0,0.0
1635,1.1366715717912154e7,3.328779035413558e6,0.0,0.0,0.0,0.0
1636,1.1339188047455315e7,3.322607004475714e6,0.0,0.0,0.0,0.0
1637,1.1308616745752798e7,3.3194036397360656e6,0.0,0.0,0.0,0.0
1638,1.1278045444050282e7,3.316200274996417e6,0.0,0.0,0.0,0.0
1639,1.1290260227660604e7,3.3169692140585734e6,0.0,0.0,0.0,0.0
1640,1.1302475011270924e7,3.317738153120729e6,0.0,0.0,0.0,0.0
1641,1.1314130650197549e7,3.318507092182885e6,0.0,0.0,0.0,0.0
1642,1.1325786289124174e7,3.319276031245041e6,0.0,0.0,0.0,0.0
1643,1.1337009039339628e7,3.3200449703071974e6,0.0,0.0,0.0,0.0
1644,1.134823178955508e7,3.320813909369353e6,0.0,0.0,0.0,0.0
1645,1.1359363343707934e7,3.321582848431509e6,0.0,0.0,0.0,0.0
1646,1.137049489786079e7,3.3223517874936652e6,0.0,0.0,0.0,0.0
1647,1.1381633023472141e7,3.3231207265558215e6,0.0,0.0,0.0,0.0
1648,1.1392771149083491e7,3.3238896656179773e6,0.0,0.0,0.0,0.0
1649,1.1400196492944654e7,3.324658604680133e6,0.0,0.0,0.0,0.0
1650,1.1407621836805819e7,3.3254275437422893e6,0.0,0.0,0.0,0.0
1651,1.1377664566753272e7,3.320008342885122e6,0.0,0.0,0.0,0.0
1652,1.1347707296700727e7,3.314589142027955e6,0.0,0.0,0.0,0.0
1653,1.1315955586292705e7,3.313654916289633e6,0.0,0.0,0.0,0.0
1654,1.1284203875884682e7,3.3127206905513112e6,0.0,0.0,0.0,0.0
1655,1.125063365726676e7,3.3065486596134673e6,0.0,0.0,0.0,0.0
1656,1.1217063438648839e7,3.3003766286756233e6,0.0,0.0,0.0,0.0
1657,1.118317333819304e7,3.2942045977377794e6,0.0,0.0,0.0,0.0
1658,1.1149283237737242e7,3.2880325667999354e6,0.0,0.0,0.0,0.0
1659,1.1115942451296348e7,3.2818605358620915e6,0.0,0.0,0.0,0.0
1660,1.1082601664855456e7,3.2756885049242475e6,0.0,0.0,0.0,0.0
1661,1.1052150321640205e7,3.270366602186752e6,0.0,0.0,0.0,0.0
1662,1.1021698978424951e7,3.2650446994492565e6,0.0,0.0,0.0,0.0
1663,1.1034193972655252e7,3.263095533851835e6,0.0,0.0,0.0,0.0
1664,1.1046688966885554e7,3.261146368254413e6,0.0,0.0,0.0,0.0
1665,1.105855334960727e7,3.2619153073165687e6,0.0,0.0,0.0,0.0
1666,1.1070417732328985e7,3.262684246378725e6,0.0,0.0,0.0,0.0
1667,1.1081862373658799e7,3.263453185440881e6,0.0,0.0,0.0,0.0
1668,1.1093307014988612e7,3.264222124503037e6,0.0,0.0,0.0,0.0
1669,1.110465085646173e7,3.2649910635651927e6,0.0,0.0,0.0,0.0
1670,1.111599469793485e7,3.265760002627349e6,0.0,0.0,0.0,0.0
1671,1.112730519219141e7,3.2665289416895052e6,0.0,0.0,0.0,0.0
1672,1.1138615686447972e7,3.267297880751661e6,0.0,0.0,0.0,0.0
1673,1.1150493159492891e7,3.268066819813817e6,0.0,0.0,0.0,0.0
1674,1.116237063253781e7,3.268835758875973e6,0.0,0.0,0.0,0.0
1675,1.1174044898829974e7,3.267670757345758e6,0.0,0.0,0.0,0.0
1676,1.1185719165122138e7,3.266505755815543e6,0.0,0.0,0.0,0.0
1677,1.119558040621287e7,3.2653454361737194e6,0.0,0.0,0.0,0.0
1678,1.12054416473036e7,3.2641851165318964e6,0.0,0.0,0.0,0.0
1679,1.121358943028393e7,3.2632310613233107e6,0.0,0.0,0.0,0.0
1680,1.122173721326426e7,3.262277006114725e6,0.0,0.0,0.0,0.0
1681,1.1187770364337612e7,3.256121220368335e6,0.0,0.0,0.0,0.0
1682,1.1153803515410962e7,3.249965434621945e6,0.0,0.0,0.0,0.0
1683,1.1120287152336936e7,3.243809648875555e6,0.0,0.0,0.0,0.0
1684,1.108677078926291e7,3.237653863129165e6,0.0,0.0,0.0,0.0
1685,1.1056200325641215e7,3.233474541819487e6,0.0,0.0,0.0,0.0
1686,1.102562986201952e7,3.2292952205098094e6,0.0,0.0,0.0,0.0
1687,1.1030329841738094e7,3.224930899177948e6,0.0,0.0,0.0,0.0
1688,1.1035029821456665e7,3.220566577846086e6,0.0,0.0,0.0,0.0
1689,1.1047072879709797e7,3.2207458619495598e6,0.0,0.0,0.0,0.0
1690,1.1059115937962929e7,3.2209251460530334e6,0.0,0.0,0.0,0.0
1691,1.1070723579010263e7,3.2217103303066436e6,0.0,0.0,0.0,0.0
1692,1.1082331220057596e7,3.2224955145602534e6,0.0,0.0,0.0,0.0
1693,1.1093854272655945e7,3.223280698813863e6,0.0,0.0,0.0,0.0
1694,1.1105377325254293e7,3.2240658830674733e6,0.0,0.0,0.0,0.0
1695,1.1116900445788436e7,3.2225831091219056e6,0.0,0.0,0.0,0.0
1696,1.1128423566322576e7,3.2211003351763375e6,0.0,0.0,0.0,0.0
1697,1.1140872297098432e7,3.221395133037729e6,0.0,0.0,0.0,0.0
1698,1.1153321027874287e7,3.221689930899121e6,0.0,0.0,0.0,0.0
1699,1.1165819842719896e7,3.215534145152731e6,0.0,0.0,0.0,0.0
1700,1.1178318657565504e7,3.209378359406341e6,0.0,0.0,0.0,0.0
1701,1.1188595367276352e7,3.203222573659951e6,0.0,0.0,0.0,0.0
1702,1.1198872076987201e7,3.197066787913561e6,0.0,0.0,0.0,0.0
1703,1.1206881792209223e7,3.190911002167171e6,0.0,0.0,0.0,0.0
1704,1.1214891507431243e7,3.184755216420781e6,0.0,0.0,0.0,0.0
1705,1.1222552209822377e7,3.178599430674391e6,0.0,0.0,0.0,0.0
1706,1.1230212912213512e7,3.172443644928001e6,0.0,0.0,0.0,0.0
1707,1.120013978126067e7,3.166287859181611e6,0.0,0.0,0.0,0.0
1708,1.1170066650307829e7,3.160132073435221e6,0.0,0.0,0.0,0.0
1709,1.1140029792934032e7,3.153976287688831e6,0.0,0.0,0.0,0.0
1710,1.1109992935560236e7,3.147820501942441e6,0.0,0.0,0.0,0.0
1711,1.112318735951728e7,3.141664716196051e6,0.0,0.0,0.0,0.0
1712,1.1136381783474326e7,3.135508930449661e6,0.0,0.0,0.0,0.0
1713,1.1149037789929885e7,3.1358085546696573e6,0.0,0.0,0.0,0.0
1714,1.1161693796385443e7,3.1361081788896536e6,0.0,0.0,0.0,0.0
1715,1.1173400066716071e7,3.1368933631432634e6,0.0,0.0,0.0,0.0
1716,1.1185106337046701e7,3.1376785473968736e6,0.0,0.0,0.0,0.0
1717,1.1195974062782612e7,3.138463731650484e6,0.0,0.0,0.0,0.0
1718,1.120684178851852e7,3.1392489159040935e6,0.0,0.0,0.0,0.0
1719,1.1217845179024579e7,3.1400341001577033e6,0.0,0.0,0.0,0.0
1720,1.1228848569530638e7,3.1408192844113135e6,0.0,0.0,0.0,0.0
1721,1.1240591981603097e7,3.14150198409765e6,0.0,0.0,0.0,0.0
1722,1.1252335393675558e7,3.142184683783986e6,0.0,0.0,0.0,0.0
1723,1.1263574450070508e7,3.136028898037596e6,0.0,0.0,0.0,0.0
1724,1.1274813506465456e7,3.129873112291206e6,0.0,0.0,0.0,0.0
1725,1.1284247979676943e7,3.123717326544816e6,0.0,0.0,0.0,0.0
1726,1.1293682452888431e7,3.117561540798426e6,0.0,0.0,0.0,0.0
1727,1.1301206467107378e7,3.111405755052036e6,0.0,0.0,0.0,0.0
1728,1.1308730481326327e7,3.105249969305646e6,0.0,0.0,0.0,0.0
1729,1.13157889915678e7,3.099094183559256e6,0.0,0.0,0.0,0.0
1730,1.1322847501809273e7,3.092938397812866e6,0.0,0.0,0.0,0.0
1731,1.1330177034928657e7,3.086782612066476e6,0.0,0.0,0.0,0.0
1732,1.1337506568048043e7,3.080626826320086e6,0.0,0.0,0.0,0.0
1733,1.1346028680715345e7,3.074471040573696e6,0.0,0.0,0.0,0.0
1734,1.1354550793382645e7,3.068315254827306e6,0.0,0.0,0.0,0.0
1735,1.13645577654343e7,3.062519064964567e6,0.0,0.0,0.0,0.0
1736,1.1374564737485956e7,3.0567228751018276e6,0.0,0.0,0.0,0.0
1737,1.1384716578027584e7,3.0575080593554378e6,0.0,0.0,0.0,0.0
1738,1.1394868418569213e7,3.0582932436090475e6,0.0,0.0,0.0,0.0
1739,1.1404510196607322e7,3.0590784278626572e6,0.0,0.0,0.0,0.0
1740,1.141415197464543e7,3.0598636121162674e6,0.0,0.0,0.0,0.0
1741,1.1423260185155284e7,3.0606487963698776e6,0.0,0.0,0.0,0.0
1742,1.1432368395665137e7,3.0614339806234874e6,0.0,0.0,0.0,0.0
1743,1.1441912113528943e7,3.062219164877097e6,0.0,0.0,0.0,0.0
1744,1.1451455831392748e7,3.0630043491307073e6,0.0,0.0,0.0,0.0
1745,1.1461733517008772e7,3.0637895333843175e6,0.0,0.0,0.0,0.0
1746,1.1472011202624796e7,3.0645747176379273e6,0.0,0.0,0.0,0.0
1747,1.1481739842643451e7,3.0587433168363445e6,0.0,0.0,0.0,0.0
1748,1.1491468482662108e7,3.052911916034762e6,0.0,0.0,0.0,0.0
1749,1.1499597279126171e7,3.046756130288372e6,0.0,0.0,0.0,0.0
1750,1.1507726075590232e7,3.040600344541982e6,0.0,0.0,0.0,0.0
1751,1.1514392884951849e7,3.0413855287955916e6,0.0,0.0,0.0,0.0
1752,1.1521059694313463e7,3.0421707130492018e6,0.0,0.0,0.0,0.0
1753,1.15272492080179e7,3.0398975679824715e6,0.0,0.0,0.0,0.0
1754,1.1533438721722336e7,3.0376244229157413e6,0.0,0.0,0.0,0.0
1755,1.1539705771842252e7,3.0336283992214133e6,0.0,0.0,0.0,0.0
1756,1.1545972821962167e7,3.0296323755270853e6,0.0,0.0,0.0,0.0
1757,1.1552831480176196e7,3.0269688293744726e6,0.0,0.0,0.0,0.0
1758,1.1559690138390223e7,3.02430528322186e6,0.0,0.0,0.0,0.0
1759,1.1568217125531495e7,3.0227821642334685e6,0.0,0.0,0.0,0.0
1760,1.1576744112672769e7,3.021259045245077e6,0.0,0.0,0.0,0.0
1761,1.1586380496548384e7,3.022044229498687e6,0.0,0.0,0.0,0.0
1762,1.1596016880424002e7,3.022829413752297e6,0.0,0.0,0.0,0.0
1763,1.1605593665505717e7,3.0236145980059067e6,0.0,0.0,0.0,0.0
1764,1.1615170450587431e7,3.024399782259517e6,0.0,0.0,0.0,0.0
1765,1.1624402539237354e7,3.025184966513127e6,0.0,0.0,0.0,0.0
1766,1.1633634627887277e7,3.025970150766737e6,0.0,0.0,0.0,0.0
1767,1.1643434900677256e7,3.0267553350203466e6,0.0,0.0,0.0,0.0
1768,1.1653235173467238e7,3.027540519273957e6,0.0,0.0,0.0,0.0
1769,1.1664064756019806e7,3.028325703527567e6,0.0,0.0,0.0,0.0
1770,1.1674894338572375e7,3.0291108877811767e6,0.0,0.0,0.0,0.0
1771,1.1685995506669994e7,3.0229551020347867e6,0.0,0.0,0.0,0.0
1772,1.1697096674767612e7,3.0167993162883967e6,0.0,0.0,0.0,0.0
1773,1.1706123490901891e7,3.0106435305420067e6,0.0,0.0,0.0,0.0
1774,1.1715150307036173e7,3.0044877447956167e6,0.0,0.0,0.0,0.0
1775,1.1721685834312223e7,2.9983319590492267e6,0.0,0.0,0.0,0.0
1776,1.1728221361588271e7,2.9921761733028367e6,0.0,0.0,0.0,0.0
1777,1.1734239464222893e7,2.9860203875564467e6,0.0,0.0,0.0,0.0
1778,1.1740257566857515e7,2.9798646018100567e6,0.0,0.0,0.0,0.0
1779,1.1746868481617669e7,2.9737088160636667e6,0.0,0.0,0.0,0.0
1780,1.1753479396377822e7,2.9675530303172767e6,0.0,0.0,0.0,0.0
1781,1.176329027827159e7,2.963188185263311e6,0.0,0.0,0.0,0.0
1782,1.1773101160165355e7,2.9588233402093453e6,0.0,0.0,0.0,0.0
1783,1.1784539310793146e7,2.9571387405639375e6,0.0,0.0,0.0,0.0
1784,1.1795977461420937e7,2.95545414091853e6,0.0,0.0,0.0,0.0
1785,1.1807534186901428e7,2.9562393251721403e6,0.0,0.0,0.0,0.0
1786,1.1819090912381917e7,2.95702450942575e6,0.0,0.0,0.0,0.0
1787,1.1830328964777324e7,2.9578096936793597e6,0.0,0.0,0.0,0.0
1788,1.184156701717273e7,2.95859487793297e6,0.0,0.0,0.0,0.0
1789,1.185250269770119e7,2.95938006218658e6,0.0,0.0,0.0,0.0
1790,1.1863438378229648e7,2.96016524644019e6,0.0,0.0,0.0,0.0
1791,1.1874190072008267e7,2.9609504306937996e6,0.0,0.0,0.0,0.0
1792,1.1884941765786886e7,2.96173561494741e6,0.0,0.0,0.0,0.0
1793,1.1896098673708994e7,2.96252079920102e6,0.0,0.0,0.0,0.0
1794,1.1907255581631102e7,2.96330598345463e6,0.0,0.0,0.0,0.0
1795,1.1917970313862137e7,2.9640911677082395e6,0.0,0.0,0.0,0.0
1796,1.1928685046093171e7,2.9648763519618497e6,0.0,0.0,0.0,0.0
1797,1.1937259348438587e7,2.961800204070338e6,0.0,0.0,0.0,0.0
1798,1.1945833650784003e7,2.958724056178827e6,0.0,0.0,0.0,0.0
1799,1.1952120328028109e7,2.952568270432437e6,0.0,0.0,0.0,0.0
1800,1.1958407005272213e7,2.946412484686047e6,0.0,0.0,0.0,0.0
1801,1.1964303874531344e7,2.940256698939657e6,0.0,0.0,0.0,0.0
1802,1.1970200743790474e7,2.934100913193267e6,0.0,0.0,0.0,0.0
1803,1.1976434007513445e7,2.9315248431066894e6,0.0,0.0,0.0,0.0
1804,1.1982667271236416e7,2.928948773020112e6,0.0,0.0,0.0,0.0
1805,1.1992349539218524e7,2.9297339572737217e6,0.0,0.0,0.0,0.0
1806,1.2002031807200633e7,2.930519141527332e6,0.0,0.0,0.0,0.0
1807,1.2013317717784572e7,2.931304325780942e6,0.0,0.0,0.0,0.0
1808,1.2024603628368514e7,2.932089510034552e6,0.0,0.0,0.0,0.0
1809,1.2035771437652782e7,2.9328746942881616e6,0.0,0.0,0.0,0.0
1810,1.2046939246937048e7,2.933659878541772e6,0.0,0.0,0.0,0.0
1811,1.2057347588471517e7,2.934445062795382e6,0.0,0.0,0.0,0.0
1812,1.2067755930005984e7,2.9352302470489917e6,0.0,0.0,0.0,0.0
1813,1.207806385110697e7,2.9360154313026015e6,0.0,0.0,0.0,0.0
1814,1.2088371772207955e7,2.9368006155562117e6,0.0,0.0,0.0,0.0
1815,1.2098852864779849e7,2.937585799809822e6,0.0,0.0,0.0,0.0
1816,1.2109333957351744e7,2.9383709840634316e6,0.0,0.0,0.0,0.0
1817,1.2121166560046136e7,2.9391561683170414e6,0.0,0.0,0.0,0.0
1818,1.2132999162740529e7,2.9399413525706516e6,0.0,0.0,0.0,0.0
1819,1.2144486484776309e7,2.940726536824262e6,0.0,0.0,0.0,0.0
1820,1.2155973806812089e7,2.9415117210778715e6,0.0,0.0,0.0,0.0
1821,1.2164777450701762e7,2.9422969053314812e6,0.0,0.0,0.0,0.0
1822,1.2173581094591433e7,2.9430820895850915e6,0.0,0.0,0.0,0.0
1823,1.2180299350148309e7,2.9438672738387017e6,0.0,0.0,0.0,0.0
1824,1.2187017605705183e7,2.9446524580923114e6,0.0,0.0,0.0,0.0
1825,1.2193565534152772e7,2.945437642345921e6,0.0,0.0,0.0,0.0
1826,1.2200113462600363e7,2.9462228265995313e6,0.0,0.0,0.0,0.0
1827,1.2207484254013546e7,2.9470080108531415e6,0.0,0.0,0.0,0.0
1828,1.221485504542673e7,2.9477931951067513e6,0.0,0.0,0.0,0.0
1829,1.2225910199913267e7,2.948578379360361e6,0.0,0.0,0.0,0.0
1830,1.2236965354399802e7,2.949363563613971e6,0.0,0.0,0.0,0.0
1831,1.2250060876394616e7,2.9501487478675814e6,0.0,0.0,0.0,0.0
1832,1.226315639838943e7,2.950933932121191e6,0.0,0.0,0.0,0.0
1833,1.2275981905962832e7,2.951719116374801e6,0.0,0.0,0.0,0.0
1834,1.2288807413536236e7,2.952504300628411e6,0.0,0.0,0.0,0.0
1835,1.2301115897317907e7,2.9532894848820213e6,0.0,0.0,0.0,0.0
1836,1.2313424381099578e7,2.954074669135631e6,0.0,0.0,0.0,0.0
1837,1.2325405149270229e7,2.954859853389241e6,0.0,0.0,0.0,0.0
1838,1.233738591744088e7,2.955645037642851e6,0.0,0.0,0.0,0.0
1839,1.2349378535240276e7,2.956430221896461e6,0.0,0.0,0.0,0.0
1840,1.2361371153039671e7,2.957215406150071e6,0.0,0.0,0.0,0.0
1841,1.2373730522836108e7,2.9580005904036807e6,0.0,0.0,0.0,0.0
1842,1.2386089892632544e7,2.958785774657291e6,0.0,0.0,0.0,0.0
1843,1.2397599289959572e7,2.959570958910901e6,0.0,0.0,0.0,0.0
1844,1.2409108687286602e7,2.960356143164511e6,0.0,0.0,0.0,0.0
1845,1.241809747580298e7,2.9611413274181206e6,0.0,0.0,0.0,0.0
1846,1.2427086264319357e7,2.961926511671731e6,0.0,0.0,0.0,0.0
1847,1.243394452662295e7,2.962711695925341e6,0.0,0.0,0.0,0.0
1848,1.2440802788926542e7,2.9634968801789507e6,0.0,0.0,0.0,0.0
1849,1.244700529772298e7,2.957579357240553e6,0.0,0.0,0.0,0.0
1850,1.2453207806519417e7,2.951661834302155e6,0.0,0.0,0.0,0.0
1851,1.2459625314081576e7,2.9467949646814615e6,0.0,0.0,0.0,0.0
1852,1.2466042821643732e7,2.941928095060768e6,0.0,0.0,0.0,0.0
1853,1.247619736965197e7,2.938240965163218e6,0.0,0.0,0.0,0.0
1854,1.2486351917660208e7,2.934553835265668e6,0.0,0.0,0.0,0.0
1855,1.2498186382279411e7,2.929443158191461e6,0.0,0.0,0.0,0.0
1856,1.2510020846898615e7,2.9243324811172537e6,0.0,0.0,0.0,0.0
1857,1.2521597564877763e7,2.9253559281788557e6,0.0,0.0,0.0,0.0
1858,1.2533174282856913e7,2.9263793752404577e6,0.0,0.0,0.0,0.0
1859,1.254403339650577e7,2.9274028223020597e6,0.0,0.0,0.0,0.0
1860,1.2554892510154625e7,2.9284262693636618e6,0.0,0.0,0.0,0.0
1861,1.2565180612861836e7,2.929449716425264e6,0.0,0.0,0.0,0.0
1862,1.2575468715569047e7,2.930473163486866e6,0.0,0.0,0.0,0.0
1863,1.2585674947728414e7,2.931496610548468e6,0.0,0.0,0.0,0.0
1864,1.2595881179887783e7,2.93252005761007e6,0.0,0.0,0.0,0.0
1865,1.2606606747746456e7,2.932429668326183e6,0.0,0.0,0.0,0.0
1866,1.2617332315605128e7,2.932339279042297e6,0.0,0.0,0.0,0.0
1867,1.262749396225576e7,2.9264217561038993e6,0.0,0.0,0.0,0.0
1868,1.263765560890639e7,2.920504233165501e6,0.0,0.0,0.0,0.0
1869,1.2645598591859857e7,2.914586710227103e6,0.0,0.0,0.0,0.0
1870,1.2653541574813323e7,2.9086691872887053e6,0.0,0.0,0.0,0.0
1871,1.2659258770060446e7,2.9027516643503075e6,0.0,0.0,0.0,0.0
1872,1.266497596530757e7,2.8968341414119094e6,0.0,0.0,0.0,0.0
1873,1.2670085648039035e7,2.890916618473511e6,0.0,0.0,0.0,0.0
1874,1.2675195330770504e7,2.8849990955351135e6,0.0,0.0,0.0,0.0
1875,1.268073730912304e7,2.8797715005823453e6,0.0,0.0,0.0,0.0
1876,1.2686279287475575e7,2.874543905629577e6,0.0,0.0,0.0,0.0
1877,1.2695031133746717e7,2.871774140066772e6,0.0,0.0,0.0,0.0
1878,1.270378298001786e7,2.8690043745039664e6,0.0,0.0,0.0,0.0
1879,1.2714318514396135e7,2.8653023935995093e6,0.0,0.0,0.0,0.0
1880,1.2724854048774412e7,2.861600412695052e6,0.0,0.0,0.0,0.0
1881,1.2734945699840073e7,2.862623859756654e6,0.0,0.0,0.0,0.0
1882,1.2745037350905733e7,2.863647306818256e6,0.0,0.0,0.0,0.0
1883,1.2754396341048148e7,2.864670753879858e6,0.0,0.0,0.0,0.0
1884,1.2763755331190564e7,2.86569420094146e6,0.0,0.0,0.0,0.0
1885,1.2772353855974216e7,2.8667176480030622e6,0.0,0.0,0.0,0.0
1886,1.2780952380757868e7,2.8677410950646643e6,0.0,0.0,0.0,0.0
1887,1.2789911004064186e7,2.8687645421262663e6,0.0,0.0,0.0,0.0
1888,1.2798869627370503e7,2.8697879891878683e6,0.0,0.0,0.0,0.0
1889,1.2809303073420431e7,2.8708114362494703e6,0.0,0.0,0.0,0.0
1890,1.2819736519470358e7,2.8718348833110724e6,0.0,0.0,0.0,0.0
1891,1.2829392978650665e7,2.867878703169587e6,0.0,0.0,0.0,0.0
1892,1.2839049437830972e7,2.8639225230281022e6,0.0,0.0,0.0,0.0
1893,1.284660792064911e7,2.858005000089704e6,0.0,0.0,0.0,0.0
1894,1.2854166403467247e7,2.8520874771513063e6,0.0,0.0,0.0,0.0
1895,1.2838302867033157e7,2.8461699542129086e6,0.0,0.0,0.0,0.0
1896,1.2822439330599068e7,2.8402524312745105e6,0.0,0.0,0.0,0.0
1897,1.2803619560180048e7,2.8370927747694617e6,0.0,0.0,0.0,0.0
1898,1.2784799789761027e7,2.8339331182644125e6,0.0,0.0,0.0,0.0
1899,1.2764901744434472e7,2.8338229774127062e6,0.0,0.0,0.0,0.0
1900,1.2745003699107919e7,2.833712836561e6,0.0,0.0,0.0,0.0
1901,1.2743205966099616e7,2.834736283622602e6,0.0,0.0,0.0,0.0
1902,1.2741408233091313e7,2.835759730684204e6,0.0,0.0,0.0,0.0
1903,1.2750414222649608e7,2.83676883442696e6,0.0,0.0,0.0,0.0
1904,1.2759420212207902e7,2.837777938169716e6,0.0,0.0,0.0,0.0
1905,1.2769150713948574e7,2.838801385231318e6,0.0,0.0,0.0,0.0
1906,1.2778881215689244e7,2.83982483229292e6,0.0,0.0,0.0,0.0
1907,1.2787960617113426e7,2.840848279354522e6,0.0,0.0,0.0,0.0
1908,1.2797040018537609e7,2.841871726416124e6,0.0,0.0,0.0,0.0
1909,1.280550587638725e7,2.842895173477726e6,0.0,0.0,0.0,0.0
1910,1.281397173423689e7,2.843918620539328e6,0.0,0.0,0.0,0.0
1911,1.282266663898747e7,2.84494206760093e6,0.0,0.0,0.0,0.0
1912,1.2831361543738052e7,2.845965514662532e6,0.0,0.0,0.0,0.0
1913,1.2841089320037091e7,2.846988961724134e6,0.0,0.0,0.0,0.0
1914,1.285081709633613e7,2.848012408785736e6,0.0,0.0,0.0,0.0
1915,1.2860320554793425e7,2.8420948858473385e6,0.0,0.0,0.0,0.0
1916,1.2869824013250722e7,2.8361773629089403e6,0.0,0.0,0.0,0.0
1917,1.2877700112963174e7,2.830259839970542e6,0.0,0.0,0.0,0.0
1918,1.2885576212675624e7,2.8243423170321444e6,0.0,0.0,0.0,0.0
1919,1.2856421635765798e7,2.820276875155502e6,0.0,0.0,0.0,0.0
1920,1.2827267058855975e7,2.81621143327886e6,0.0,0.0,0.0,0.0
1921,1.2832949268563803e7,2.812172055828714e6,0.0,0.0,0.0,0.0
1922,1.2838631478271633e7,2.808132678378567e6,0.0,0.0,0.0,0.0
1923,1.2825026104657102e7,2.805133930253266e6,0.0,0.0,0.0,0.0
1924,1.2811420731042573e7,2.8021351821279647e6,0.0,0.0,0.0,0.0
1925,1.2775918985273447e7,2.8007777698502457e6,0.0,0.0,0.0,0.0
1926,1.274041723950432e7,2.799420357572526e6,0.0,0.0,0.0,0.0
1927,1.2748271342403628e7,2.799387372191675e6,0.0,0.0,0.0,0.0
1928,1.2756125445302933e7,2.7993543868108233e6,0.0,0.0,0.0,0.0
1929,1.2764436329867864e7,2.8003778338724254e6,0.0,0.0,0.0,0.0
1930,1.2772747214432795e7,2.8014012809340274e6,0.0,0.0,0.0,0.0
1931,1.2780853867211618e7,2.8024247279956294e6,0.0,0.0,0.0,0.0
1932,1.2788960519990442e7,2.8034481750572314e6,0.0,0.0,0.0,0.0
1933,1.2796892208355714e7,2.8044716221188335e6,0.0,0.0,0.0,0.0
1934,1.2804823896720983e7,2.8054950691804355e6,0.0,0.0,0.0,0.0
1935,1.2813332476544771e7,2.8065185162420375e6,0.0,0.0,0.0,0.0
1936,1.282184105636856e7,2.8075419633036396e6,0.0,0.0,0.0,0.0
1937,1.2790374585842364e7,2.8085654103652416e6,0.0,0.0,0.0,0.0
1938,1.2758908115316167e7,2.8095888574268436e6,0.0,0.0,0.0,0.0
1939,1.272810877057724e7,2.803671334488446e6,0.0,0.0,0.0,0.0
1940,1.2697309425838314e7,2.7977538115500477e6,0.0,0.0,0.0,0.0
1941,1.2706715546080245e7,2.7918362886116495e6,0.0,0.0,0.0,0.0
1942,1.2716121666322175e7,2.785918765673252e6,0.0,0.0,0.0,0.0
1943,1.2681721331966558e7,2.780001242734854e6,0.0,0.0,0.0,0.0
1944,1.2647320997610942e7,2.774083719796456e6,0.0,0.0,0.0,0.0
1945,1.2654442891059382e7,2.7681661968580578e6,0.0,0.0,0.0,0.0
1946,1.2661564784507822e7,2.76224867391966e6,0.0,0.0,0.0,0.0
1947,1.2627555773471396e7,2.756522378493743e6,0.0,0.0,0.0,0.0
1948,1.259354676243497e7,2.7507960830678255e6,0.0,0.0,0.0,0.0
1949,1.260477528133812e7,2.7473883083220767e6,0.0,0.0,0.0,0.0
1950,1.261600380024127e7,2.743980533576328e6,0.0,0.0,0.0,0.0
1951,1.2624966238881592e7,2.740398302276553e6,0.0,0.0,0.0,0.0
1952,1.2633928677521914e7,2.7368160709767784e6,0.0,0.0,0.0,0.0
1953,1.2645857659608103e7,2.7378395180383804e6,0.0,0.0,0.0,0.0
1954,1.265778664169429e7,2.7388629650999825e6,0.0,0.0,0.0,0.0
1955,1.2669107795211963e7,2.7398864121615845e6,0.0,0.0,0.0,0.0
1956,1.2680428948729636e7,2.7409098592231865e6,0.0,0.0,0.0,0.0
1957,1.269151950820785e7,2.7419333062847885e6,0.0,0.0,0.0,0.0
1958,1.2702610067686064e7,2.7429567533463906e6,0.0,0.0,0.0,0.0
1959,1.271395874161869e7,2.7439802004079926e6,0.0,0.0,0.0,0.0
1960,1.2725307415551314e7,2.7450036474695946e6,0.0,0.0,0.0,0.0
1961,1.2737654473861638e7,2.7460270945311966e6,0.0,0.0,0.0,0.0
1962,1.2750001532171963e7,2.7470505415927987e6,0.0,0.0,0.0,0.0
1963,1.2719887015891347e7,2.7425830108784973e6,0.0,0.0,0.0,0.0
1964,1.2689772499610731e7,2.738115480164196e6,0.0,0.0,0.0,0.0
1965,1.269900396444781e7,2.7321979572257977e6,0.0,0.0,0.0,0.0
1966,1.2708235429284887e7,2.7262804342874e6,0.0,0.0,0.0,0.0
1967,1.2673651198192295e7,2.7203629113490023e6,0.0,0.0,0.0,0.0
1968,1.2639066967099702e7,2.714445388410604e6,0.0,0.0,0.0,0.0
1969,1.260999942700059e7,2.715047528773438e6,0.0,0.0,0.0,0.0
1970,1.258093188690148e7,2.715649669136272e6,0.0,0.0,0.0,0.0
1971,1.2567736191311339e7,2.711399439473782e6,0.0,0.0,0.0,0.0
1972,1.2554540495721199e7,2.7071492098112926e6,0.0,0.0,0.0,0.0
1973,1.252331721477433e7,2.7081726568728946e6,0.0,0.0,0.0,0.0
1974,1.2492093933827462e7,2.7091961039344966e6,0.0,0.0,0.0,0.0
1975,1.2469616835262269e7,2.70911594507364e6,0.0,0.0,0.0,0.0
1976,1.2447139736697076e7,2.7090357862127833e6,0.0,0.0,0.0,0.0
1977,1.2459196623562586e7,2.7100592332743853e6,0.0,0.0,0.0,0.0
1978,1.2471253510428095e7,2.7110826803359874e6,0.0,0.0,0.0,0.0
1979,1.2483026849073596e7,2.7121061273975894e6,0.0,0.0,0.0,0.0
1980,1.2494800187719097e7,2.7131295744591914e6,0.0,0.0,0.0,0.0
1981,1.250624100832582e7,2.7141530215207934e6,0.0,0.0,0.0,0.0
1982,1.2517681828932544e7,2.7151764685823955e6,0.0,0.0,0.0,0.0
1983,1.2509637985475417e7,2.7161999156439975e6,0.0,0.0,0.0,0.0
1984,1.2501594142018292e7,2.7172233627055995e6,0.0,0.0,0.0,0.0
1985,1.2513976458766188e7,2.7182468097672015e6,0.0,0.0,0.0,0.0
1986,1.2526358775514087e7,2.7192702568288036e6,0.0,0.0,0.0,0.0
1987,1.2528099994241536e7,2.7202937038904056e6,0.0,0.0,0.0,0.0
1988,1.2529841212968985e7,2.7213171509520076e6,0.0,0.0,0.0,0.0
1989,1.2497083546159018e7,2.7223405980136096e6,0.0,0.0,0.0,0.0
1990,1.2464325879349053e7,2.7233640450752117e6,0.0,0.0,0.0,0.0
1991,1.2429547820054907e7,2.720209419798187e6,0.0,0.0,0.0,0.0
1992,1.2394769760760764e7,2.7170547945211623e6,0.0,0.0,0.0,0.0
1993,1.2359823641908275e7,2.7127078017218905e6,0.0,0.0,0.0,0.0
1994,1.2324877523055786e7,2.708360808922618e6,0.0,0.0,0.0,0.0
1995,1.229070787437685e7,2.70938425598422e6,0.0,0.0,0.0,0.0
1996,1.2256538225697914e7,2.710407703045822e6,0.0,0.0,0.0,0.0
1997,1.2225716992862476e7,2.7114311501074242e6,0.0,0.0,0.0,0.0
1998,1.2194895760027038e7,2.7124545971690263e6,0.0,0.0,0.0,0.0
1999,1.2165687778571695e7,2.7134780442306283e6,0.0,0.0,0.0,0.0
2000,1.2136479797116354e7,2.7145014912922303e6,0.0,0.0,0.0,0.0
2001,1.2148871326303951e7,2.7155249383538323e6,0.0,0.0,0.0,0.0
2002,1.2161262855491549e7,2.7165483854154344e6,0.0,0.0,0.0,0.0
2003,1.2173228849619266e7,2.7175718324770364e6,0.0,0.0,0.0,0.0
2004,1.2185194843746983e7,2.7185952795386384e6,0.0,0.0,0.0,0.0
2005,1.2196780060105566e7,2.7196187266002405e6,0.0,0.0,0.0,0.0
2006,1.220836527646415e7,2.7206421736618425e6,0.0,0.0,0.0,0.0
2007,1.2209420391109038e7,2.7216656207234445e6,0.0,0.0,0.0,0.0
2008,1.2210475505753925e7,2.7226890677850465e6,0.0,0.0,0.0,0.0
2009,1.2180870487744857e7,2.7237125148466486e6,0.0,0.0,0.0,0.0
2010,1.2151265469735788e7,2.7247359619082506e6,0.0,0.0,0.0,0.0
2011,1.2158535961214002e7,2.7257594089698526e6,0.0,0.0,0.0,0.0
2012,1.2165806452692216e7,2.7267828560314546e6,0.0,0.0,0.0,0.0
2013,1.2132965262164932e7,2.7278063030930567e6,0.0,0.0,0.0,0.0
2014,1.2100124071637647e7,2.7288297501546587e6,0.0,0.0,0.0,0.0
2015,1.2065583880362673e7,2.7298531972162607e6,0.0,0.0,0.0,0.0
2016,1.2031043689087698e7,2.7308766442778627e6,0.0,0.0,0.0,0.0
2017,1.2020235075134378e7,2.727709423490518e6,0.0,0.0,0.0,0.0
2018,1.2009426461181058e7,2.7245422027031723e6,0.0,0.0,0.0,0.0
2019,1.201688764158057e7,2.7233180291288067e6,0.0,0.0,0.0,0.0
2020,1.2024348821980085e7,2.722093855554441e6,0.0,0.0,0.0,0.0
2021,1.199313652657881e7,2.723336612700672e6,0.0,0.0,0.0,0.0
2022,1.1961924231177535e7,2.724579369846903e6,0.0,0.0,0.0,0.0
2023,1.1973950336347535e7,2.7243336680808878e6,0.0,0.0,0.0,0.0
2024,1.1985976441517536e7,2.7240879663148727e6,0.0,0.0,0.0,0.0
2025,1.199758911754454e7,2.7253307234611036e6,0.0,0.0,0.0,0.0
2026,1.2009201793571541e7,2.7265734806073345e6,0.0,0.0,0.0,0.0
2027,1.2019945082916144e7,2.7278162377535654e6,0.0,0.0,0.0,0.0
2028,1.203068837226075e7,2.7290589948997963e6,0.0,0.0,0.0,0.0
2029,1.2041078832579602e7,2.730301752046027e6,0.0,0.0,0.0,0.0
2030,1.2051469292898454e7,2.731544509192258e6,0.0,0.0,0.0,0.0
2031,1.206180819802995e7,2.732787266338489e6,0.0,0.0,0.0,0.0
2032,1.2072147103161449e7,2.73403002348472e6,0.0,0.0,0.0,0.0
2033,1.2083356991856989e7,2.735272780630951e6,0.0,0.0,0.0,0.0
2034,1.2094566880552528e7,2.7365155377771817e6,0.0,0.0,0.0,0.0
2035,1.2105126545059606e7,2.734926047455662e6,0.0,0.0,0.0,0.0
2036,1.2115686209566683e7,2.7333365571341426e6,0.0,0.0,0.0,0.0
2037,1.2123935936667465e7,2.7276383442803733e6,0.0,0.0,0.0,0.0
2038,1.2132185663768245e7,2.7219401314266045e6,0.0,0.0,0.0,0.0
2039,1.2138892181718163e7,2.7175723991669705e6,0.0,0.0,0.0,0.0
2040,1.2145598699668083e7,2.713204666907337e6,0.0,0.0,0.0,0.0
2041,1.2152017974944487e7,2.7126133470828747e6,0.0,0.0,0.0,0.0
2042,1.215843725022089e7,2.712022027258412e6,0.0,0.0,0.0,0.0
2043,1.2165444963293115e7,2.7121865434529986e6,0.0,0.0,0.0,0.0
2044,1.217245267636534e7,2.7123510596475853e6,0.0,0.0,0.0,0.0
2045,1.2182972535620078e7,2.713593816793816e6,0.0,0.0,0.0,0.0
2046,1.2193492394874819e7,2.714836573940047e6,0.0,0.0,0.0,0.0
2047,1.2205745795468446e7,2.716079331086278e6,0.0,0.0,0.0,0.0
2048,1.2217999196062075e7,2.717322088232509e6,0.0,0.0,0.0,0.0
2049,1.222968585470924e7,2.7185648453787398e6,0.0,0.0,0.0,0.0
2050,1.2241372513356404e7,2.7198076025249707e6,0.0,0.0,0.0,0.0
2051,1.2251841440835636e7,2.7210503596712016e6,0.0,0.0,0.0,0.0
2052,1.226231036831487e7,2.7222931168174325e6,0.0,0.0,0.0,0.0
2053,1.2272134264795512e7,2.7235358739636634e6,0.0,0.0,0.0,0.0
2054,1.2281958161276152e7,2.7247786311098943e6,0.0,0.0,0.0,0.0
2055,1.2291906346009178e7,2.726021388256125e6,0.0,0.0,0.0,0.0
2056,1.2301854530742204e7,2.727264145402356e6,0.0,0.0,0.0,0.0
2057,1.2312890780958716e7,2.728506902548587e6,0.0,0.0,0.0,0.0
2058,1.2323927031175228e7,2.729749659694818e6,0.0,0.0,0.0,0.0
2059,1.233436481265669e7,2.7309924168410487e6,0.0,0.0,0.0,0.0
2060,1.2344802594138151e7,2.7322351739872796e6,0.0,0.0,0.0,0.0
2061,1.2353744243595589e7,2.728402849632525e6,0.0,0.0,0.0,0.0
2062,1.2362685893053029e7,2.7245705252777697e6,0.0,0.0,0.0,0.0
2063,1.2369833733847879e7,2.7248858333376795e6,0.0,0.0,0.0,0.0
2064,1.237698157464273e7,2.72520114139759e6,0.0,0.0,0.0,0.0
2065,1.2341392658329077e7,2.7264438985438207e6,0.0,0.0,0.0,0.0
2066,1.2305803742015423e7,2.7276866556900516e6,0.0,0.0,0.0,0.0
2067,1.2270413708853059e7,2.7289294128362825e6,0.0,0.0,0.0,0.0
2068,1.2235023675690692e7,2.7301721699825134e6,0.0,0.0,0.0,0.0
2069,1.22426325856103e7,2.7314149271287443e6,0.0,0.0,0.0,0.0
2070,1.2250241495529909e7,2.732657684274975e6,0.0,0.0,0.0,0.0
2071,1.222343864130788e7,2.733900441421206e6,0.0,0.0,0.0,0.0
2072,1.2196635787085852e7,2.735143198567437e6,0.0,0.0,0.0,0.0
2073,1.2205999896689005e7,2.736385955713668e6,0.0,0.0,0.0,0.0
2074,1.2215364006292159e7,2.737628712859899e6,0.0,0.0,0.0,0.0
2075,1.2224082050979815e7,2.7388714700061297e6,0.0,0.0,0.0,0.0
2076,1.223280009566747e7,2.7401142271523606e6,0.0,0.0,0.0,0.0
2077,1.2240836331552826e7,2.7413569842985915e6,0.0,0.0,0.0,0.0
2078,1.224887256743818e7,2.7425997414448224e6,0.0,0.0,0.0,0.0
2079,1.2257205170143811e7,2.7438424985910533e6,0.0,0.0,0.0,0.0
2080,1.2265537772849442e7,2.745085255737284e6,0.0,0.0,0.0,0.0
2081,1.2275585717426945e7,2.746328012883515e6,0.0,0.0,0.0,0.0
2082,1.2285633662004447e7,2.747570770029746e6,0.0,0.0,0.0,0.0
2083,1.2253349714348827e7,2.741872557175977e6,0.0,0.0,0.0,0.0
2084,1.2221065766693208e7,2.736174344322208e6,0.0,0.0,0.0,0.0
2085,1.2196290210014535e7,2.7304761314684385e6,0.0,0.0,0.0,0.0
2086,1.2171514653335862e7,2.7247779186146697e6,0.0,0.0,0.0,0.0
2087,1.2178190015031766e7,2.719079705760901e6,0.0,0.0,0.0,0.0
2088,1.2184865376727669e7,2.7133814929071316e6,0.0,0.0,0.0,0.0
2089,1.2191007060330587e7,2.709788714630274e6,0.0,0.0,0.0,0.0
2090,1.2197148743933504e7,2.706195936353417e6,0.0,0.0,0.0,0.0
2091,1.2161564153872428e7,2.7052506783591183e6,0.0,0.0,0.0,0.0
2092,1.2125979563811352e7,2.704305420364819e6,0.0,0.0,0.0,0.0
2093,1.2132942976428322e7,2.7054289630950447e6,0.0,0.0,0.0,0.0
2094,1.2139906389045294e7,2.706552505825271e6,0.0,0.0,0.0,0.0
2095,1.214819848629878e7,2.7075879510613615e6,0.0,0.0,0.0,0.0
2096,1.2156490583552267e7,2.7086233962974525e6,0.0,0.0,0.0,0.0
2097,1.2165685655795213e7,2.7098661534436834e6,0.0,0.0,0.0,0.0
2098,1.2174880728038158e7,2.7111089105899143e6,0.0,0.0,0.0,0.0
2099,1.2183508527001662e7,2.712351667736145e6,0.0,0.0,0.0,0.0
2100,1.2192136325965166e7,2.713594424882376e6,0.0,0.0,0.0,0.0
2101,1.2200472346750535e7,2.714837182028607e6,0.0,0.0,0.0,0.0
2102,1.2208808367535902e7,2.716079939174838e6,0.0,0.0,0.0,0.0
2103,1.2217452940752491e7,2.717322696321069e6,0.0,0.0,0.0,0.0
2104,1.2226097513969079e7,2.7185654534672997e6,0.0,0.0,0.0,0.0
2105,1.2236296988694297e7,2.718206340352988e6,0.0,0.0,0.0,0.0
2106,1.2246496463419516e7,2.7178472272386765e6,0.0,0.0,0.0,0.0
2107,1.2214878839728653e7,2.7121490143849077e6,0.0,0.0,0.0,0.0
2108,1.218326121603779e7,2.7064508015311384e6,0.0,0.0,0.0,0.0
2109,1.2191569964240938e7,2.700752588677369e6,0.0,0.0,0.0,0.0
2110,1.2199878712444087e7,2.6950543758236e6,0.0,0.0,0.0,0.0
2111,1.2206625033562252e7,2.6893561629698314e6,0.0,0.0,0.0,0.0
2112,1.2213371354680417e7,2.683657950116062e6,0.0,0.0,0.0,0.0
2113,1.2220074163894411e7,2.6779597372622928e6,0.0,0.0,0.0,0.0
2114,1.2226776973108405e7,2.672261524408524e6,0.0,0.0,0.0,0.0
2115,1.2234324240223598e7,2.6687260980732692e6,0.0,0.0,0.0,0.0
2116,1.2241871507338788e7,2.665190671738014e6,0.0,0.0,0.0,0.0
2117,1.2210680541073972e7,2.663459013381683e6,0.0,0.0,0.0,0.0
2118,1.2179489574809156e7,2.6617273550253515e6,0.0,0.0,0.0,0.0
2119,1.2191921968163265e7,2.6588412012487324e6,0.0,0.0,0.0,0.0
2120,1.2204354361517373e7,2.6559550474721137e6,0.0,0.0,0.0,0.0
2121,1.221638504784413e7,2.6571978046183446e6,0.0,0.0,0.0,0.0
2122,1.222841573417089e7,2.6584405617645755e6,0.0,0.0,0.0,0.0
2123,1.223974810609848e7,2.6596833189108064e6,0.0,0.0,0.0,0.0
2124,1.2251080478026073e7,2.6609260760570373e6,0.0,0.0,0.0,0.0
2125,1.2262166986040246e7,2.6621688332032682e6,0.0,0.0,0.0,0.0
2126,1.2273253494054418e7,2.663411590349499e6,0.0,0.0,0.0,0.0
2127,1.2284503816632455e7,2.66465434749573e6,0.0,0.0,0.0,0.0
2128,1.2295754139210492e7,2.665897104641961e6,0.0,0.0,0.0,0.0
2129,1.2266356795805544e7,2.663286132489256e6,0.0,0.0,0.0,0.0
2130,1.2236959452400597e7,2.6606751603365513e6,0.0,0.0,0.0,0.0
2131,1.224901710983172e7,2.6549769474827824e6,0.0,0.0,0.0,0.0
2132,1.2261074767262844e7,2.649278734629013e6,0.0,0.0,0.0,0.0
2133,1.2231467400791395e7,2.643580521775244e6,0.0,0.0,0.0,0.0
2134,1.2201860034319948e7,2.637882308921475e6,0.0,0.0,0.0,0.0
2135,1.2209742566115197e7,2.632184096067706e6,0.0,0.0,0.0,0.0
2136,1.2217625097910445e7,2.626485883213937e6,0.0,0.0,0.0,0.0
2137,1.222511575156104e7,2.6207876703601675e6,0.0,0.0,0.0,0.0
2138,1.2232606405211635e7,2.6150894575063987e6,0.0,0.0,0.0,0.0
2139,1.2198710052511543e7,2.60939124465263e6,0.0,0.0,0.0,0.0
2140,1.216481369981145e7,2.6036930317988605e6,0.0,0.0,0.0,0.0
2141,1.2134336801392693e7,2.601601430445131e6,0.0,0.0,0.0,0.0
2142,1.2103859902973935e7,2.5995098290914013e6,0.0,0.0,0.0,0.0
2143,1.2116609400611762e7,2.5992439333796e6,0.0,0.0,0.0,0.0
2144,1.2129358898249587e7,2.598978037667798e6,0.0,0.0,0.0,0.0
2145,1.2141453647984447e7,2.600220794814029e6,0.0,0.0,0.0,0.0
2146,1.2153548397719307e7,2.6014635519602597e6,0.0,0.0,0.0,0.0
2147,1.216480282092769e7,2.6027063091064906e6,0.0,0.0,0.0,0.0
2148,1.2176057244136076e7,2.6039490662527215e6,0.0,0.0,0.0,0.0
2149,1.2186760160159867e7,2.6051918233989524e6,0.0,0.0,0.0,0.0
2150,1.2197463076183656e7,2.6064345805451833e6,0.0,0.0,0.0,0.0
2151,1.2207855724735219e7,2.607677337691414e6,0.0,0.0,0.0,0.0
2152,1.2218248373286784e7,2.608920094837645e6,0.0,0.0,0.0,0.0
2153,1.2229749263316091e7,2.610162851983876e6,0.0,0.0,0.0,0.0
2154,1.2241250153345399e7,2.611405609130107e6,0.0,0.0,0.0,0.0
2155,1.2252101969431248e7,2.605707396276338e6,0.0,0.0,0.0,0.0
2156,1.2262953785517097e7,2.6000091834225687e6,0.0,0.0,0.0,0.0
2157,1.2271266171601497e7,2.5943109705687994e6,0.0,0.0,0.0,0.0
2158,1.2279578557685899e7,2.5886127577150306e6,0.0,0.0,0.0,0.0
2159,1.2286162277425336e7,2.5829145448612617e6,0.0,0.0,0.0,0.0
2160,1.2292745997164773e7,2.5772163320074924e6,0.0,0.0,0.0,0.0
2161,1.2299073322690044e7,2.571518119153723e6,0.0,0.0,0.0,0.0
2162,1.2305400648215313e7,2.5658199062999543e6,0.0,0.0,0.0,0.0
2163,1.2312573603598176e7,2.5601216934461854e6,0.0,0.0,0.0,0.0
2164,1.2319746558981039e7,2.554423480592416e6,0.0,0.0,0.0,0.0
2165,1.2330398330174536e7,2.5508728868559552e6,0.0,0.0,0.0,0.0
2166,1.234105010136803e7,2.5473222931194943e6,0.0,0.0,0.0,0.0
2167,1.2353422010697689e7,2.5458298122871206e6,0.0,0.0,0.0,0.0
2168,1.2365793920027347e7,2.544337331454747e6,0.0,0.0,0.0,0.0
2169,1.237729883911419e7,2.545580088600978e6,0.0,0.0,0.0,0.0
2170,1.2388803758201033e7,2.5468228457472087e6,0.0,0.0,0.0,0.0
2171,1.2399655653215993e7,2.5480656028934396e6,0.0,0.0,0.0,0.0
2172,1.2410507548230952e7,2.5493083600396705e6,0.0,0.0,0.0,0.0
2173,1.242102522177996e7,2.5505511171859014e6,0.0,0.0,0.0,0.0
2174,1.2431542895328967e7,2.5517938743321323e6,0.0,0.0,0.0,0.0
2175,1.2442022183132075e7,2.553036631478363e6,0.0,0.0,0.0,0.0
2176,1.2452501470935183e7,2.554279388624594e6,0.0,0.0,0.0,0.0
2177,1.2464485895313088e7,2.555522145770825e6,0.0,0.0,0.0,0.0
2178,1.2476470319690991e7,2.556764902917056e6,0.0,0.0,0.0,0.0
2179,1.248741660057582e7,2.5564560395712396e6,0.0,0.0,0.0,0.0
2180,1.2498362881460646e7,2.5561471762254233e6,0.0,0.0,0.0,0.0
2181,1.2506855363484813e7,2.552683811244427e6,0.0,0.0,0.0,0.0
2182,1.251534784550898e7,2.5492204462634306e6,0.0,0.0,0.0,0.0
2183,1.25220768531661e7,2.5485950504946765e6,0.0,0.0,0.0,0.0
2184,1.2528805860823218e7,2.547969654725922e6,0.0,0.0,0.0,0.0
2185,1.253494749295137e7,2.5425476101268707e6,0.0,0.0,0.0,0.0
2186,1.2541089125079522e7,2.53712556552782e6,0.0,0.0,0.0,0.0
2187,1.2547781636970466e7,2.5317035209287694e6,0.0,0.0,0.0,0.0
2188,1.255447414886141e7,2.5262814763297183e6,0.0,0.0,0.0,0.0
2189,1.2555087837077957e7,2.522696958129054e6,0.0,0.0,0.0,0.0
2190,1.2555701525294505e7,2.5191124399283896e6,0.0,0.0,0.0,0.0
2191,1.256783911632723e7,2.516187415797225e6,0.0,0.0,0.0,0.0
2192,1.2579976707359955e7,2.5132623916660603e6,0.0,0.0,0.0,0.0
2193,1.2591466662913334e7,2.5147813170670094e6,0.0,0.0,0.0,0.0
2194,1.260295661846671e7,2.5163002424679585e6,0.0,0.0,0.0,0.0
2195,1.2613719541775865e7,2.5178191678689076e6,0.0,0.0,0.0,0.0
2196,1.262448246508502e7,2.5193380932698566e6,0.0,0.0,0.0,0.0
2197,1.2634671082926558e7,2.5208570186708057e6,0.0,0.0,0.0,0.0
2198,1.2644859700768096e7,2.522375944071755e6,0.0,0.0,0.0,0.0
2199,1.2655278520496441e7,2.523894869472704e6,0.0,0.0,0.0,0.0
2200,1.2665697340224786e7,2.525413794873653e6,0.0,0.0,0.0,0.0
2201,1.266890850013018e7,2.5267039711110042e6,0.0,0.0,0.0,0.0
2202,1.2672119660035577e7,2.527994147348355e6,0.0,0.0,0.0,0.0
2203,1.264098376486943e7,2.522572102749304e6,0.0,0.0,0.0,0.0
2204,1.2609847869703284e7,2.5171500581502533e6,0.0,0.0,0.0,0.0
2205,1.2576176350001499e7,2.5117280135512026e6,0.0,0.0,0.0,0.0
2206,1.2542504830299715e7,2.5063059689521515e6,0.0,0.0,0.0,0.0
2207,1.254919917786735e7,2.5008839243531004e6,0.0,0.0,0.0,0.0
2208,1.2555893525434986e7,2.4954618797540497e6,0.0,0.0,0.0,0.0
2209,1.2520160048874052e7,2.490039835154999e6,0.0,0.0,0.0,0.0
2210,1.2484426572313119e7,2.484617790555948e6,0.0,0.0,0.0,0.0
2211,1.249110784764637e7,2.479195745956897e6,0.0,0.0,0.0,0.0
2212,1.2497789122979624e7,2.473773701357846e6,0.0,0.0,0.0,0.0
2213,1.2508367494569585e7,2.4696084505999535e6,0.0,0.0,0.0,0.0
2214,1.2518945866159547e7,2.465443199842061e6,0.0,0.0,0.0,0.0
2215,1.2530855255783033e7,2.460639418016945e6,0.0,0.0,0.0,0.0
2216,1.2542764645406518e7,2.455835636191829e6,0.0,0.0,0.0,0.0
2217,1.2554194479553614e7,2.457250345870335e6,0.0,0.0,0.0,0.0
2218,1.2565624313700711e7,2.458665055548841e6,0.0,0.0,0.0,0.0
2219,1.2576059385503497e7,2.46018398094979e6,0.0,0.0,0.0,0.0
2220,1.2586494457306283e7,2.4617029063507393e6,0.0,0.0,0.0,0.0
2221,1.259619735765788e7,2.4632218317516884e6,0.0,0.0,0.0,0.0
2222,1.2605900258009475e7,2.4647407571526375e6,0.0,0.0,0.0,0.0
2223,1.2615874785920773e7,2.4662596825535866e6,0.0,0.0,0.0,0.0
2224,1.2625849313832073e7,2.4677786079545356e6,0.0,0.0,0.0,0.0
2225,1.2637244309475072e7,2.4692975333554847e6,0.0,0.0,0.0,0.0
2226,1.264863930511807e7,2.470816458756434e6,0.0,0.0,0.0,0.0
2227,1.2654950541158475e7,2.465394414157383e6,0.0,0.0,0.0,0.0
2228,1.2661261777198877e7,2.459972369558332e6,0.0,0.0,0.0,0.0
2229,1.2670379461019894e7,2.454550324959281e6,0.0,0.0,0.0,0.0
2230,1.2679497144840911e7,2.4491282803602302e6,0.0,0.0,0.0,0.0
2231,1.2687329678838609e7,2.4437062357611796e6,0.0,0.0,0.0,0.0
2232,1.2695162212836307e7,2.4382841911621285e6,0.0,0.0,0.0,0.0
2233,1.2702570554844713e7,2.4328621465630773e6,0.0,0.0,0.0,0.0
2234,1.270997889685312e7,2.4274401019640267e6,0.0,0.0,0.0,0.0
2235,1.2717889742846482e7,2.422018057364976e6,0.0,0.0,0.0,0.0
2236,1.2725800588839842e7,2.416596012765925e6,0.0,0.0,0.0,0.0
2237,1.2735069136507943e7,2.4117026700653983e6,0.0,0.0,0.0,0.0
2238,1.2744337684176046e7,2.4068093273648717e6,0.0,0.0,0.0,0.0
2239,1.2755439830070723e7,2.401531104019412e6,0.0,0.0,0.0,0.0
2240,1.2766541975965397e7,2.3962528806739524e6,0.0,0.0,0.0,0.0
2241,1.27782584002397e7,2.393378758727985e6,0.0,0.0,0.0,0.0
2242,1.2789974824514003e7,2.3905046367820175e6,0.0,0.0,0.0,0.0
2243,1.2801455218939338e7,2.3920235621829666e6,0.0,0.0,0.0,0.0
2244,1.281293561336467e7,2.3935424875839157e6,0.0,0.0,0.0,0.0
2245,1.2823785477794198e7,2.395061412984865e6,0.0,0.0,0.0,0.0
2246,1.2834635342223726e7,2.396580338385814e6,0.0,0.0,0.0,0.0
2247,1.2845880749580592e7,2.398099263786763e6,0.0,0.0,0.0,0.0
2248,1.2857126156937456e7,2.399618189187712e6,0.0,0.0,0.0,0.0
2249,1.2869805647810603e7,2.3956219574205223e6,0.0,0.0,0.0,0.0
2250,1.288248513868375e7,2.391625725653333e6,0.0,0.0,0.0,0.0
2251,1.2894122795808049e7,2.386203681054282e6,0.0,0.0,0.0,0.0
2252,1.2905760452932348e7,2.3807816364552313e6,0.0,0.0,0.0,0.0
2253,1.2915854152057879e7,2.3753595918561807e6,0.0,0.0,0.0,0.0
2254,1.2925947851183409e7,2.3699375472571296e6,0.0,0.0,0.0,0.0
2255,1.2934826150802858e7,2.3645155026580784e6,0.0,0.0,0.0,0.0
2256,1.294370445042231e7,2.359093458059028e6,0.0,0.0,0.0,0.0
2257,1.295206169820624e7,2.3555305516332593e6,0.0,0.0,0.0,0.0
2258,1.2960418945990171e7,2.3519676452074912e6,0.0,0.0,0.0,0.0
2259,1.2968890459180214e7,2.3522544615059537e6,0.0,0.0,0.0,0.0
2260,1.2977361972370254e7,2.352541277804416e6,0.0,0.0,0.0,0.0
2261,1.2986434147643339e7,2.354060203205365e6,0.0,0.0,0.0,0.0
2262,1.2995506322916422e7,2.3555791286063143e6,0.0,0.0,0.0,0.0
2263,1.3006019661856122e7,2.3570980540072634e6,0.0,0.0,0.0,0.0
2264,1.3016533000795823e7,2.3586169794082125e6,0.0,0.0,0.0,0.0
2265,1.3027709588629305e7,2.3601359048091616e6,0.0,0.0,0.0,0.0
2266,1.3038886176462786e7,2.3616548302101106e6,0.0,0.0,0.0,0.0
2267,1.3049861362065293e7,2.3631737556110597e6,0.0,0.0,0.0,0.0
2268,1.3060836547667801e7,2.364692681012009e6,0.0,0.0,0.0,0.0
2269,1.3071431769978821e7,2.366211606412958e6,0.0,0.0,0.0,0.0
2270,1.3082026992289841e7,2.367730531813907e6,0.0,0.0,0.0,0.0
2271,1.3093006842235506e7,2.369249457214856e6,0.0,0.0,0.0,0.0
2272,1.310398669218117e7,2.370768382615805e6,0.0,0.0,0.0,0.0
2273,1.3074657653806096e7,2.372287308016754e6,0.0,0.0,0.0,0.0
2274,1.3045328615431022e7,2.3738062334177033e6,0.0,0.0,0.0,0.0
2275,1.3057583860717714e7,2.3753251588186524e6,0.0,0.0,0.0,0.0
2276,1.3069839106004408e7,2.3768440842196015e6,0.0,0.0,0.0,0.0
2277,1.3038597799674772e7,2.3783630096205506e6,0.0,0.0,0.0,0.0
2278,1.3007356493345134e7,2.3798819350214996e6,0.0,0.0,0.0,0.0
2279,1.2974494096032325e7,2.3814008604224487e6,0.0,0.0,0.0,0.0
2280,1.2941631698719516e7,2.382919785823398e6,0.0,0.0,0.0,0.0
2281,1.2908289748081882e7,2.384438711224347e6,0.0,0.0,0.0,0.0
2282,1.2874947797444247e7,2.385957636625296e6,0.0,0.0,0.0,0.0
2283,1.2842497799173322e7,2.387476562026245e6,0.0,0.0,0.0,0.0
2284,1.2810047800902395e7,2.388995487427194e6,0.0,0.0,0.0,0.0
2285,1.2780630431278698e7,2.390514412828143e6,0.0,0.0,0.0,0.0
2286,1.2751213061655004e7,2.3920333382290923e6,0.0,0.0,0.0,0.0
2287,1.2765471383157302e7,2.3935522636300414e6,0.0,0.0,0.0,0.0
2288,1.2779729704659602e7,2.3950711890309905e6,0.0,0.0,0.0,0.0
2289,1.279360687801115e7,2.3965901144319396e6,0.0,0.0,0.0,0.0
2290,1.2807484051362699e7,2.3981090398328886e6,0.0,0.0,0.0,0.0
2291,1.2820683467721455e7,2.3996279652338377e6,0.0,0.0,0.0,0.0
2292,1.283388288408021e7,2.401146890634787e6,0.0,0.0,0.0,0.0
2293,1.2846761913138444e7,2.402665816035736e6,0.0,0.0,0.0,0.0
2294,1.2859640942196677e7,2.404184741436685e6,0.0,0.0,0.0,0.0
2295,1.2872631294554844e7,2.405703666837634e6,0.0,0.0,0.0,0.0
2296,1.2885621646913012e7,2.407222592238583e6,0.0,0.0,0.0,0.0
2297,1.2899628976875711e7,2.408741517639532e6,0.0,0.0,0.0,0.0
2298,1.2913636306838412e7,2.4102604430404813e6,0.0,0.0,0.0,0.0
2299,1.2926186636355177e7,2.4117793684414304e6,0.0,0.0,0.0,0.0
2300,1.293873696587194e7,2.4132982938423795e6,0.0,0.0,0.0,0.0
2301,1.2948966117357038e7,2.4148172192433286e6,0.0,0.0,0.0,0.0
2302,1.2959195268842136e7,2.4163361446442776e6,0.0,0.0,0.0,0.0
2303,1.2967058361797603e7,2.4178550700452267e6,0.0,0.0,0.0,0.0
2304,1.297492145475307e7,2.419373995446176e6,0.0,0.0,0.0,0.0
2305,1.2982027188762547e7,2.420892920847125e6,0.0,0.0,0.0,0.0
2306,1.2989132922772026e7,2.422411846248074e6,0.0,0.0,0.0,0.0
2307,1.2996918203356069e7,2.423930771649023e6,0.0,0.0,0.0,0.0
2308,1.3004703483940113e7,2.425449697049972e6,0.0,0.0,0.0,0.0
2309,1.3016559594330302e7,2.426968622450921e6,0.0,0.0,0.0,0.0
2310,1.302841570472049e7,2.4284875478518703e6,0.0,0.0,0.0,0.0
2311,1.304134402857763e7,2.4300064732528194e6,0.0,0.0,0.0,0.0
2312,1.3054272352434767e7,2.4315253986537685e6,0.0,0.0,0.0,0.0
2313,1.3066690953574322e7,2.4330443240547176e6,0.0,0.0,0.0,0.0
2314,1.3079109554713877e7,2.4345632494556666e6,0.0,0.0,0.0,0.0
2315,1.3090663153742496e7,2.4360821748566157e6,0.0,0.0,0.0,0.0
2316,1.3102216752771117e7,2.437601100257565e6,0.0,0.0,0.0,0.0
2317,1.3113328648155563e7,2.439120025658514e6,0.0,0.0,0.0,0.0
2318,1.312444054354001e7,2.440638951059463e6,0.0,0.0,0.0,0.0
2319,1.313589930922858e7,2.442157876460412e6,0.0,0.0,0.0,0.0
2320,1.3147358074917149e7,2.443676801861361e6,0.0,0.0,0.0,0.0
2321,1.3159793742512794e7,2.44519572726231e6,0.0,0.0,0.0,0.0
2322,1.317222941010844e7,2.4467146526632593e6,0.0,0.0,0.0,0.0
2323,1.3183312584749874e7,2.4482335780642084e6,0.0,0.0,0.0,0.0
2324,1.319439575939131e7,2.4497525034651575e6,0.0,0.0,0.0,0.0
2325,1.3203093089169484e7,2.4512714288661066e6,0.0,0.0,0.0,0.0
2326,1.3211790418947656e7,2.4527903542670556e6,0.0,0.0,0.0,0.0
2327,1.3218563586977668e7,2.4543092796680047e6,0.0,0.0,0.0,0.0
2328,1.322533675500768e7,2.455828205068954e6,0.0,0.0,0.0,0.0
2329,1.3231685988782316e7,2.457347130469903e6,0.0,0.0,0.0,0.0
2330,1.3238035222556954e7,2.458866055870852e6,0.0,0.0,0.0,0.0
2331,1.3245078101237785e7,2.460384981271801e6,0.0,0.0,0.0,0.0
2332,1.3252120979918614e7,2.46190390667275e6,0.0,0.0,0.0,0.0
2333,1.3262887462088022e7,2.463422832073699e6,0.0,0.0,0.0,0.0
2334,1.327365394425743e7,2.4649417574746483e6,0.0,0.0,0.0,0.0
2335,1.3285938965901729e7,2.4664606828755974e6,0.0,0.0,0.0,0.0
2336,1.3298223987546029e7,2.4679796082765465e6,0.0,0.0,0.0,0.0
2337,1.3310017438638046e7,2.4694985336774956e6,0.0,0.0,0.0,0.0
2338,1.3321810889730062e7,2.4710174590784446e6,0.0,0.0,0.0,0.0
2339,1.3333158070195923e7,2.4725363844793937e6,0.0,0.0,0.0,0.0
2340,1.3344505250661783e7,2.474055309880343e6,0.0,0.0,0.0,0.0
2341,1.3355840337289609e7,2.475574235281292e6,0.0,0.0,0.0,0.0
2342,1.3367175423917437e7,2.477093160682241e6,0.0,0.0,0.0,0.0
2343,1.337880524021881e7,2.47861208608319e6,0.0,0.0,0.0,0.0
2344,1.3390435056520185e7,2.480131011484139e6,0.0,0.0,0.0,0.0
2345,1.3403400705608737e7,2.481649936885088e6,0.0,0.0,0.0,0.0
2346,1.3416366354697289e7,2.4831688622860373e6,0.0,0.0,0.0,0.0
2347,1.3428184483902821e7,2.4846877876869864e6,0.0,0.0,0.0,0.0
2348,1.3440002613108354e7,2.4862067130879355e6,0.0,0.0,0.0,0.0
2349,1.3449566830642175e7,2.4877256384888845e6,0.0,0.0,0.0,0.0
2350,1.3459131048175996e7,2.4892445638898336e6,0.0,0.0,0.0,0.0
2351,1.3466609918133639e7,2.4907634892907827e6,0.0,0.0,0.0,0.0
2352,1.347408878809128e7,2.492282414691732e6,0.0,0.0,0.0,0.0
2353,1.3439608967095107e7,2.48951815091244e6,0.0,0.0,0.0,0.0
2354,1.3405129146098932e7,2.486753887133148e6,0.0,0.0,0.0,0.0
2355,1.3371199515552077e7,2.4858394645294063e6,0.0,0.0,0.0,0.0
2356,1.333726988500522e7,2.484925041925664e6,0.0,0.0,0.0,0.0
2357,1.330742784686276e7,2.4861777971588867e6,0.0,0.0,0.0,0.0
2358,1.3277585808720296e7,2.487430552392109e6,0.0,0.0,0.0,0.0
2359,1.3249628694356471e7,2.4873424603410675e6,0.0,0.0,0.0,0.0
2360,1.3221671579992644e7,2.487254368290026e6,0.0,0.0,0.0,0.0
2361,1.3213371091595028e7,2.4887380957761584e6,0.0,0.0,0.0,0.0
2362,1.3205070603197413e7,2.49022182326229e6,0.0,0.0,0.0,0.0
2363,1.3218015480968326e7,2.491705550748422e6,0.0,0.0,0.0,0.0
2364,1.3230960358739242e7,2.493189278234554e6,0.0,0.0,0.0,0.0
2365,1.324393456977246e7,2.494673005720686e6,0.0,0.0,0.0,0.0
2366,1.3256908780805675e7,2.496156733206818e6,0.0,0.0,0.0,0.0
2367,1.3228523754341383e7,2.4976404606929496e6,0.0,0.0,0.0,0.0
2368,1.3200138727877088e7,2.499124188179082e6,0.0,0.0,0.0,0.0
2369,1.3173141751828242e7,2.500607915665214e6,0.0,0.0,0.0,0.0
2370,1.3146144775779398e7,2.5020916431513457e6,0.0,0.0,0.0,0.0
2371,1.3117708961952507e7,2.4966344006374776e6,0.0,0.0,0.0,0.0
2372,1.3089273148125617e7,2.4911771581236096e6,0.0,0.0,0.0,0.0
2373,1.3058580837735172e7,2.4857199156097416e6,0.0,0.0,0.0,0.0
2374,1.302788852734473e7,2.4802626730958736e6,0.0,0.0,0.0,0.0
2375,1.2994751655686948e7,2.4748054305820055e6,0.0,0.0,0.0,0.0
2376,1.2961614784029167e7,2.4693481880681375e6,0.0,0.0,0.0,0.0
2377,1.2928017595335491e7,2.4638909455542695e6,0.0,0.0,0.0,0.0
2378,1.2894420406641817e7,2.4584337030404015e6,0.0,0.0,0.0,0.0
2379,1.2861475134824336e7,2.4532192194980644e6,0.0,0.0,0.0,0.0
2380,1.2828529863006856e7,2.4480047359557273e6,0.0,0.0,0.0,0.0
2381,1.2799613919714648e7,2.4457261764473985e6,0.0,0.0,0.0,0.0
2382,1.277069797642244e7,2.4434476169390697e6,0.0,0.0,0.0,0.0
2383,1.2743284451971866e7,2.43993065970671e6,0.0,0.0,0.0,0.0
2384,1.2715870927521294e7,2.4364137024743496e6,0.0,0.0,0.0,0.0
2385,1.270919298644891e7,2.43309912884776e6,0.0,0.0,0.0,0.0
2386,1.2702515045376526e7,2.42978455522117e6,0.0,0.0,0.0,0.0
2387,1.2715817178941354e7,2.431268282707302e6,0.0,0.0,0.0,0.0
2388,1.2729119312506182e7,2.432752010193434e6,0.0,0.0,0.0,0.0
2389,1.2741914729102265e7,2.4342357376795663e6,0.0,0.0,0.0,0.0
2390,1.275471014569835e7,2.435719465165698e6,0.0,0.0,0.0,0.0
2391,1.2725638532088924e7,2.4372031926518297e6,0.0,0.0,0.0,0.0
2392,1.2696566918479498e7,2.438686920137962e6,0.0,0.0,0.0,0.0
2393,1.2668748199758828e7,2.437222677026988e6,0.0,0.0,0.0,0.0
2394,1.2640929481038159e7,2.4357584339160146e6,0.0,0.0,0.0,0.0
2395,1.2611759236869313e7,2.4303011914021466e6,0.0,0.0,0.0,0.0
2396,1.2582588992700465e7,2.4248439488882786e6,0.0,0.0,0.0,0.0
2397,1.2551658228949713e7,2.4193867063744105e6,0.0,0.0,0.0,0.0
2398,1.252072746519896e7,2.4139294638605425e6,0.0,0.0,0.0,0.0
2399,1.2487863132492201e7,2.4084722213466745e6,0.0,0.0,0.0,0.0
2400,1.2454998799785443e7,2.4030149788328065e6,0.0,0.0,0.0,0.0
2401,1.2421645153235644e7,2.399747341190297e6,0.0,0.0,0.0,0.0
2402,1.2388291506685846e7,2.3964797035477874e6,0.0,0.0,0.0,0.0
2403,1.23551645546079e7,2.3957715560417958e6,0.0,0.0,0.0,0.0
2404,1.2322037602529954e7,2.3950634085358046e6,0.0,0.0,0.0,0.0
2405,1.229013836915344e7,2.3965471360219363e6,0.0,0.0,0.0,0.0
2406,1.2258239135776924e7,2.3980308635080685e6,0.0,0.0,0.0,0.0
2407,1.222830663270839e7,2.3995145909942007e6,0.0,0.0,0.0,0.0
2408,1.2198374129639855e7,2.4009983184803324e6,0.0,0.0,0.0,0.0
2409,1.2210680307756558e7,2.402482045966464e6,0.0,0.0,0.0,0.0
2410,1.2222986485873261e7,2.4039657734525963e6,0.0,0.0,0.0,0.0
2411,1.2234856622254033e7,2.4054495009387285e6,0.0,0.0,0.0,0.0
2412,1.2246726758634804e7,2.40693322842486e6,0.0,0.0,0.0,0.0
2413,1.2258021967653017e7,2.408416955910992e6,0.0,0.0,0.0,0.0
2414,1.2269317176671231e7,2.409900683397124e6,0.0,0.0,0.0,0.0
2415,1.2281175470764462e7,2.4113844108832562e6,0.0,0.0,0.0,0.0
2416,1.229303376485769e7,2.412868138369388e6,0.0,0.0,0.0,0.0
2417,1.2273952534240535e7,2.4143518658555197e6,0.0,0.0,0.0,0.0
2418,1.2254871303623378e7,2.415835593341652e6,0.0,0.0,0.0,0.0
2419,1.2266719597089555e7,2.4125269223962943e6,0.0,0.0,0.0,0.0
2420,1.2278567890555734e7,2.409218251450937e6,0.0,0.0,0.0,0.0
2421,1.22467571238789e7,2.4037610089370687e6,0.0,0.0,0.0,0.0
2422,1.2214946357202068e7,2.3983037664232007e6,0.0,0.0,0.0,0.0
2423,1.222281707995284e7,2.3928465239093327e6,0.0,0.0,0.0,0.0
2424,1.2230687802703613e7,2.3873892813954647e6,0.0,0.0,0.0,0.0
2425,1.223805135938494e7,2.3826105740886787e6,0.0,0.0,0.0,0.0
2426,1.2245414916066263e7,2.3778318667818923e6,0.0,0.0,0.0,0.0
2427,1.2252821841467012e7,2.3749311480297074e6,0.0,0.0,0.0,0.0
2428,1.2260228766867762e7,2.372030429277522e6,0.0,0.0,0.0,0.0
2429,1.2268131888042178e7,2.371041347633259e6,0.0,0.0,0.0,0.0
2430,1.2276035009216595e7,2.370052265988996e6,0.0,0.0,0.0,0.0
2431,1.2286161756046548e7,2.371535993475128e6,0.0,0.0,0.0,0.0
2432,1.2296288502876502e7,2.3730197209612597e6,0.0,0.0,0.0,0.0
2433,1.2306651002192523e7,2.3745034484473914e6,0.0,0.0,0.0,0.0
2434,1.2317013501508547e7,2.3759871759335236e6,0.0,0.0,0.0,0.0
2435,1.2326808141993329e7,2.3774709034196557e6,0.0,0.0,0.0,0.0
2436,1.233660278247811e7,2.3789546309057875e6,0.0,0.0,0.0,0.0
2437,1.2345908965944454e7,2.380438358391919e6,0.0,0.0,0.0,0.0
2438,1.23552151494108e7,2.3819220858780514e6,0.0,0.0,0.0,0.0
2439,1.2365651954851445e7,2.3834058133641835e6,0.0,0.0,0.0,0.0
2440,1.2376088760292092e7,2.3848895408503152e6,0.0,0.0,0.0,0.0
2441,1.2347345154292043e7,2.3844516371302307e6,0.0,0.0,0.0,0.0
2442,1.2318601548291996e7,2.3840137334101456e6,0.0,0.0,0.0,0.0
2443,1.2289101122717962e7,2.3846842083318075e6,0.0,0.0,0.0,0.0
2444,1.2259600697143927e7,2.38535468325347e6,0.0,0.0,0.0,0.0
2445,1.2228450434995765e7,2.379897440739602e6,0.0,0.0,0.0,0.0
2446,1.2197300172847603e7,2.374440198225734e6,0.0,0.0,0.0,0.0
2447,1.2190450052939858e7,2.370732683882788e6,0.0,0.0,0.0,0.0
2448,1.2183599933032114e7,2.3670251695398414e6,0.0,0.0,0.0,0.0
2449,1.2149685548943568e7,2.3672162258117264e6,0.0,0.0,0.0,0.0
2450,1.211577116485502e7,2.367407282083611e6,0.0,0.0,0.0,0.0
2451,1.212477099404978e7,2.366956069243298e6,0.0,0.0,0.0,0.0
2452,1.2133770823244538e7,2.366504856402985e6,0.0,0.0,0.0,0.0
2453,1.2105445248996899e7,2.3679885838891165e6,0.0,0.0,0.0,0.0
2454,1.2077119674749257e7,2.3694723113752487e6,0.0,0.0,0.0,0.0
2455,1.2050148074789278e7,2.370956038861381e6,0.0,0.0,0.0,0.0
2456,1.2023176474829298e7,2.3724397663475126e6,0.0,0.0,0.0,0.0
2457,1.2037670084253412e7,2.3739234938336443e6,0.0,0.0,0.0,0.0
2458,1.2052163693677524e7,2.3754072213197765e6,0.0,0.0,0.0,0.0
2459,1.2066005899537113e7,2.3768909488059087e6,0.0,0.0,0.0,0.0
2460,1.2079848105396703e7,2.3783746762920404e6,0.0,0.0,0.0,0.0
2461,1.2093182799639117e7,2.379858403778172e6,0.0,0.0,0.0,0.0
2462,1.2106517493881531e7,2.3813421312643043e6,0.0,0.0,0.0,0.0
2463,1.2101917896818954e7,2.3828258587504365e6,0.0,0.0,0.0,0.0
2464,1.209731829975638e7,2.384309586236568e6,0.0,0.0,0.0,0.0
2465,1.2070062710916165e7,2.3857933137227e6,0.0,0.0,0.0,0.0
2466,1.2042807122075953e7,2.387277041208832e6,0.0,0.0,0.0,0.0
2467,1.2014142738362078e7,2.3887607686949642e6,0.0,0.0,0.0,0.0
2468,1.19854783546482e7,2.390244496181096e6,0.0,0.0,0.0,0.0
2469,1.1954644412323702e7,2.3917282236672277e6,0.0,0.0,0.0,0.0
2470,1.1923810469999202e7,2.39321195115336e6,0.0,0.0,0.0,0.0
2471,1.189051060252607e7,2.394695678639492e6,0.0,0.0,0.0,0.0
2472,1.185721073505294e7,2.3961794061256237e6,0.0,0.0,0.0,0.0
2473,1.1823482580407664e7,2.3976631336117554e6,0.0,0.0,0.0,0.0
2474,1.178975442576239e7,2.3991468610978876e6,0.0,0.0,0.0,0.0
2475,1.175696329771374e7,2.40063058858402e6,0.0,0.0,0.0,0.0
2476,1.1724172169665089e7,2.4021143160701515e6,0.0,0.0,0.0,0.0
2477,1.1695627807898775e7,2.403598043556283e6,0.0,0.0,0.0,0.0
2478,1.1667083446132459e7,2.4050817710424154e6,0.0,0.0,0.0,0.0
2479,1.1639945761856996e7,2.4065654985285476e6,0.0,0.0,0.0,0.0
2480,1.161280807758153e7,2.4080492260146793e6,0.0,0.0,0.0,0.0
2481,1.162729518459474e7,2.409532953500811e6,0.0,0.0,0.0,0.0
2482,1.1641782291607946e7,2.411016680986943e6,0.0,0.0,0.0,0.0
2483,1.1655620116609525e7,2.4125004084730754e6,0.0,0.0,0.0,0.0
2484,1.1669457941611102e7,2.413984135959207e6,0.0,0.0,0.0,0.0
2485,1.1682735173878059e7,2.415467863445339e6,0.0,0.0,0.0,0.0
2486,1.1696012406145018e7,2.416951590931471e6,0.0,0.0,0.0,0.0
2487,1.1692648929371852e7,2.418435318417603e6,0.0,0.0,0.0,0.0
2488,1.1689285452598685e7,2.419919045903735e6,0.0,0.0,0.0,0.0
2489,1.166189679515076e7,2.4214027733898666e6,0.0,0.0,0.0,0.0
2490,1.1634508137702836e7,2.4228865008759988e6,0.0,0.0,0.0,0.0
2491,1.1605618122483775e7,2.424370228362131e6,0.0,0.0,0.0,0.0
2492,1.1576728107264714e7,2.4258539558482626e6,0.0,0.0,0.0,0.0
2493,1.154529281936155e7,2.4273376833343944e6,0.0,0.0,0.0,0.0
2494,1.1513857531458387e7,2.4288214108205265e6,0.0,0.0,0.0,0.0
2495,1.148006812649791e7,2.4303051383066587e6,0.0,0.0,0.0,0.0
2496,1.1446278721537432e7,2.4317888657927904e6,0.0,0.0,0.0,0.0
2497,1.1412336700653404e7,2.433272593278922e6,0.0,0.0,0.0,0.0
2498,1.1378394679769376e7,2.4347563207650543e6,0.0,0.0,0.0,0.0
2499,1.1345445434982577e7,2.4362400482511865e6,0.0,0.0,0.0,0.0
2500,1.1312496190195778e7,2.437723775737318e6,0.0,0.0,0.0,0.0
2501,1.128349994383236e7,2.43920750322345e6,0.0,0.0,0.0,0.0
2502,1.1254503697468942e7,2.440691230709582e6,0.0,0.0,0.0,0.0
2503,1.1227244530537825e7,2.4421749581957143e6,0.0,0.0,0.0,0.0
2504,1.1199985363606708e7,2.443658685681846e6,0.0,0.0,0.0,0.0
2505,1.1202590050419705e7,2.4451424131679777e6,0.0,0.0,0.0,0.0
2506,1.1205194737232702e7,2.44662614065411e6,0.0,0.0,0.0,0.0
2507,1.121894976463288e7,2.448109868140242e6,0.0,0.0,0.0,0.0
2508,1.1232704792033061e7,2.449593595626374e6,0.0,0.0,0.0,0.0
2509,1.1246227653730832e7,2.4510773231125055e6,0.0,0.0,0.0,0.0
2510,1.12597505154286e7,2.4525610505986377e6,0.0,0.0,0.0,0.0
2511,1.1233899197993394e7,2.45404477808477e6,0.0,0.0,0.0,0.0
2512,1.1208047880558187e7,2.4555285055709016e6,0.0,0.0,0.0,0.0
2513,1.1181066877161942e7,2.4570122330570333e6,0.0,0.0,0.0,0.0
2514,1.11540858737657e7,2.4584959605431654e6,0.0,0.0,0.0,0.0
2515,1.1125330738928549e7,2.4599796880292976e6,0.0,0.0,0.0,0.0
2516,1.1096575604091398e7,2.4614634155154293e6,0.0,0.0,0.0,0.0
2517,1.1065128814060556e7,2.462947143001561e6,0.0,0.0,0.0,0.0
2518,1.1033682024029713e7,2.464430870487693e6,0.0,0.0,0.0,0.0
2519,1.0999753681076301e7,2.4659145979738254e6,0.0,0.0,0.0,0.0
2520,1.096582533812289e7,2.467398325459957e6,0.0,0.0,0.0,0.0
2521,1.0931396607156891e7,2.4686625172194936e6,0.0,0.0,0.0,0.0
2522,1.0896967876190893e7,2.46992670897903e6,0.0,0.0,0.0,0.0
2523,1.0863629096971866e7,2.471906000380256e6,0.0,0.0,0.0,0.0
2524,1.0830290317752838e7,2.4738852917814823e6,0.0,0.0,0.0,0.0
2525,1.0801365909348693e7,2.476349145818672e6,0.0,0.0,0.0,0.0
2526,1.0772441500944547e7,2.4788129998558625e6,0.0,0.0,0.0,0.0
2527,1.0745419994796883e7,2.479127926698245e6,0.0,0.0,0.0,0.0
2528,1.0718398488649221e7,2.4794428535406273e6,0.0,0.0,0.0,0.0
2529,1.0694700058597218e7,2.481906707577817e6,0.0,0.0,0.0,0.0
2530,1.0671001628545215e7,2.4843705616150075e6,0.0,0.0,0.0,0.0
2531,1.0683606070826605e7,2.486834415652198e6,0.0,0.0,0.0,0.0
2532,1.0696210513107995e7,2.4892982696893876e6,0.0,0.0,0.0,0.0
2533,1.0686500469453271e7,2.4917621237265775e6,0.0,0.0,0.0,0.0
2534,1.0676790425798547e7,2.494225977763768e6,0.0,0.0,0.0,0.0
2535,1.0647831828507371e7,2.496689831800958e6,0.0,0.0,0.0,0.0
2536,1.0618873231216194e7,2.499153685838148e6,0.0,0.0,0.0,0.0
2537,1.0591363061588757e7,2.497347329647858e6,0.0,0.0,0.0,0.0
2538,1.0563852891961318e7,2.4955409734575683e6,0.0,0.0,0.0,0.0
2539,1.0534689504995609e7,2.4910638574947584e6,0.0,0.0,0.0,0.0
2540,1.05055261180299e7,2.486586741531948e6,0.0,0.0,0.0,0.0
2541,1.047413768752594e7,2.4821096255691377e6,0.0,0.0,0.0,0.0
2542,1.0442749257021977e7,2.477632509606328e6,0.0,0.0,0.0,0.0
2543,1.0408514187593415e7,2.473155393643518e6,0.0,0.0,0.0,0.0
2544,1.0374279118164852e7,2.4686782776807076e6,0.0,0.0,0.0,0.0
2545,1.0339657453289393e7,2.4642011617178973e6,0.0,0.0,0.0,0.0
2546,1.0305035788413933e7,2.4597240457550874e6,0.0,0.0,0.0,0.0
2547,1.0271513580772534e7,2.4561523006663267e6,0.0,0.0,0.0,0.0
2548,1.0237991373131137e7,2.4525805555775655e6,0.0,0.0,0.0,0.0
2549,1.0209161615219591e7,2.452340420910366e6,0.0,0.0,0.0,0.0
2550,1.0180331857308045e7,2.452100286243167e6,0.0,0.0,0.0,0.0
2551,1.0153552434607109e7,2.452177374802164e6,0.0,0.0,0.0,0.0
2552,1.0126773011906173e7,2.4522544633611613e6,0.0,0.0,0.0,0.0
2553,1.0099336258282844e7,2.4547183173983516e6,0.0,0.0,0.0,0.0
2554,1.0071899504659515e7,2.4571821714355415e6,0.0,0.0,0.0,0.0
2555,1.0066769172759462e7,2.4596460254727313e6,0.0,0.0,0.0,0.0
2556,1.006163884085941e7,2.4621098795099217e6,0.0,0.0,0.0,0.0
2557,1.0039402769668907e7,2.464573733547112e6,0.0,0.0,0.0,0.0
2558,1.0017166698478403e7,2.467037587584302e6,0.0,0.0,0.0,0.0
2559,9.988449565068226e6,2.4695014416214917e6,0.0,0.0,0.0,0.0
2560,9.959732431658048e6,2.471965295658682e6,0.0,0.0,0.0,0.0
2561,9.932317776454527e6,2.4744291496958723e6,0.0,0.0,0.0,0.0
2562,9.904903121251008e6,2.476893003733062e6,0.0,0.0,0.0,0.0
2563,9.875608622951075e6,2.479356857770252e6,0.0,0.0,0.0,0.0
2564,9.846314124651143e6,2.4818207118074424e6,0.0,0.0,0.0,0.0
2565,9.815013149559503e6,2.4842845658446327e6,0.0,0.0,0.0,0.0
2566,9.783712174467864e6,2.4867484198818225e6,0.0,0.0,0.0,0.0
2567,9.750237784941278e6,2.4884508490224686e6,0.0,0.0,0.0,0.0
2568,9.716763395414695e6,2.490153278163114e6,0.0,0.0,0.0,0.0
2569,9.682454328681834e6,2.4926171322003044e6,0.0,0.0,0.0,0.0
2570,9.648145261948975e6,2.4950809862374943e6,0.0,0.0,0.0,0.0
2571,9.614094276681652e6,2.497544840274684e6,0.0,0.0,0.0,0.0
2572,9.58004329141433e6,2.5000086943118745e6,0.0,0.0,0.0,0.0
2573,9.547423462424599e6,2.502472548349065e6,0.0,0.0,0.0,0.0
2574,9.51480363343487e6,2.5049364023862546e6,0.0,0.0,0.0,0.0
2575,9.48462204944426e6,2.5074002564234445e6,0.0,0.0,0.0,0.0
2576,9.45444046545365e6,2.509864110460635e6,0.0,0.0,0.0,0.0
2577,9.442960180682551e6,2.512327964497825e6,0.0,0.0,0.0,0.0
2578,9.431479895911451e6,2.514791818535015e6,0.0,0.0,0.0,0.0
2579,9.442811354139138e6,2.517255672572205e6,0.0,0.0,0.0,0.0
2580,9.454142812366825e6,2.519719526609395e6,0.0,0.0,0.0,0.0
2581,9.465007816411696e6,2.5221833806465855e6,0.0,0.0,0.0,0.0
2582,9.47587282045657e6,2.5246472346837753e6,0.0,0.0,0.0,0.0
2583,9.445374176241478e6,2.527111088720965e6,0.0,0.0,0.0,0.0
2584,9.414875532026386e6,2.5295749427581555e6,0.0,0.0,0.0,0.0
2585,9.38613060451543e6,2.532038796795346e6,0.0,0.0,0.0,0.0
2586,9.357385677004471e6,2.5345026508325357e6,0.0,0.0,0.0,0.0
2587,9.327127686561871e6,2.5369665048697256e6,0.0,0.0,0.0,0.0
2588,9.29686969611927e6,2.539430358906916e6,0.0,0.0,0.0,0.0
2589,9.264897393614326e6,2.539251039414676e6,0.0,0.0,0.0,0.0
2590,9.23292509110938e6,2.539071719922436e6,0.0,0.0,0.0,0.0
2591,9.198514015960373e6,2.540879597343282e6,0.0,0.0,0.0,0.0
2592,9.164102940811368e6,2.5426874747641277e6,0.0,0.0,0.0,0.0
2593,9.129479785505608e6,2.544462977794859e6,0.0,0.0,0.0,0.0
2594,9.094856630199848e6,2.5462384808255904e6,0.0,0.0,0.0,0.0
2595,9.05991457995444e6,2.5487023348627808e6,0.0,0.0,0.0,0.0
2596,9.024972529709032e6,2.5511661888999706e6,0.0,0.0,0.0,0.0
2597,8.990835394689318e6,2.5536300429371605e6,0.0,0.0,0.0,0.0
2598,8.956698259669602e6,2.556093896974351e6,0.0,0.0,0.0,0.0
2599,8.924428240512094e6,2.558557751011541e6,0.0,0.0,0.0,0.0
2600,8.892158221354585e6,2.561021605048731e6,0.0,0.0,0.0,0.0
2601,8.879560308654584e6,2.563485459085921e6,0.0,0.0,0.0,0.0
2602,8.866962395954581e6,2.565949313123111e6,0.0,0.0,0.0,0.0
2603,8.877439229517888e6,2.5684131671603015e6,0.0,0.0,0.0,0.0
2604,8.887916063081197e6,2.5708770211974913e6,0.0,0.0,0.0,0.0
2605,8.893568697629234e6,2.573340875234681e6,0.0,0.0,0.0,0.0
2606,8.89922133217727e6,2.5758047292718715e6,0.0,0.0,0.0,0.0
2607,8.868432600410793e6,2.578268583309062e6,0.0,0.0,0.0,0.0
2608,8.837643868644316e6,2.5807324373462517e6,0.0,0.0,0.0,0.0
2609,8.808743442199018e6,2.5831962913834415e6,0.0,0.0,0.0,0.0
2610,8.779843015753722e6,2.585660145420632e6,0.0,0.0,0.0,0.0
2611,8.749695708240526e6,2.588123999457822e6,0.0,0.0,0.0,0.0
2612,8.71954840072733e6,2.590587853495012e6,0.0,0.0,0.0,0.0
2613,8.687335907242775e6,2.593051707532202e6,0.0,0.0,0.0,0.0
2614,8.65512341375822e6,2.595515561569392e6,0.0,0.0,0.0,0.0
2615,8.621115942501796e6,2.595284353597544e6,0.0,0.0,0.0,0.0
2616,8.587108471245373e6,2.5950531456256956e6,0.0,0.0,0.0,0.0
2617,8.5524970048033e6,2.5949742586457534e6,0.0,0.0,0.0,0.0
2618,8.517885538361227e6,2.5948953716658107e6,0.0,0.0,0.0,0.0
2619,8.4842396940586e6,2.596461400783007e6,0.0,0.0,0.0,0.0
2620,8.450593849755973e6,2.598027429900203e6,0.0,0.0,0.0,0.0
2621,8.42143052427321e6,2.6004912839373928e6,0.0,0.0,0.0,0.0
2622,8.392267198790446e6,2.602955137974583e6,0.0,0.0,0.0,0.0
2623,8.365107098748796e6,2.604837501137069e6,0.0,0.0,0.0,0.0
2624,8.337946998707145e6,2.606719864299555e6,0.0,0.0,0.0,0.0
2625,8.310688890437974e6,2.609183718336745e6,0.0,0.0,0.0,0.0
2626,8.283430782168803e6,2.611647572373935e6,0.0,0.0,0.0,0.0
2627,8.286531723733153e6,2.614111426411125e6,0.0,0.0,0.0,0.0
2628,8.289632665297503e6,2.616575280448315e6,0.0,0.0,0.0,0.0
2629,8.277556161882709e6,2.6190391344855055e6,0.0,0.0,0.0,0.0
2630,8.265479658467915e6,2.6215029885226954e6,0.0,0.0,0.0,0.0
2631,8.236783470165327e6,2.6239668425598852e6,0.0,0.0,0.0,0.0
2632,8.2080872818627395e6,2.6264306965970756e6,0.0,0.0,0.0,0.0
2633,8.180754144403355e6,2.628894550634266e6,0.0,0.0,0.0,0.0
2634,8.153421006943971e6,2.6313584046714557e6,0.0,0.0,0.0,0.0
2635,8.124514796501445e6,2.6338222587086456e6,0.0,0.0,0.0,0.0
2636,8.095608586058917e6,2.636286112745836e6,0.0,0.0,0.0,0.0
2637,8.064321941376196e6,2.6387499667830262e6,0.0,0.0,0.0,0.0
2638,8.033035296693475e6,2.641213820820216e6,0.0,0.0,0.0,0.0
2639,8.000214852085546e6,2.643677674857406e6,0.0,0.0,0.0,0.0
2640,7.967394407477615e6,2.6461415288945963e6,0.0,0.0,0.0,0.0
2641,7.934118860407116e6,2.6486053829317866e6,0.0,0.0,0.0,0.0
2642,7.900843313336615e6,2.6510692369689764e6,0.0,0.0,0.0,0.0
2643,7.868543296910496e6,2.6535330910061663e6,0.0,0.0,0.0,0.0
2644,7.8362432804843765e6,2.6559969450433566e6,0.0,0.0,0.0,0.0
2645,7.808203738641376e6,2.658460799080547e6,0.0,0.0,0.0,0.0
2646,7.780164196798375e6,2.660924653117737e6,0.0,0.0,0.0,0.0
2647,7.753390183977701e6,2.6633885071549267e6,0.0,0.0,0.0,0.0
2648,7.726616171157027e6,2.665852361192117e6,0.0,0.0,0.0,0.0
2649,7.699589498874608e6,2.6683162152293073e6,0.0,0.0,0.0,0.0
2650,7.67256282659219e6,2.670780069266497e6,0.0,0.0,0.0,0.0
2651,7.683523947379982e6,2.673243923303687e6,0.0,0.0,0.0,0.0
2652,7.694485068167774e6,2.6757077773408773e6,0.0,0.0,0.0,0.0
2653,7.694609645844529e6,2.6781716313780677e6,0.0,0.0,0.0,0.0
2654,7.694734223521285e6,2.6806354854152575e6,0.0,0.0,0.0,0.0
2655,7.666800051101173e6,2.6830993394524474e6,0.0,0.0,0.0,0.0
2656,7.638865878681062e6,2.6855631934896377e6,0.0,0.0,0.0,0.0
2657,7.612240535542087e6,2.688027047526828e6,0.0,0.0,0.0,0.0
2658,7.585615192403112e6,2.690490901564018e6,0.0,0.0,0.0,0.0
2659,7.557178162715381e6,2.6929547556012077e6,0.0,0.0,0.0,0.0
2660,7.528741133027651e6,2.695418609638398e6,0.0,0.0,0.0,0.0
2661,7.497725684991341e6,2.6978824636755884e6,0.0,0.0,0.0,0.0
2662,7.46671023695503e6,2.700346317712778e6,0.0,0.0,0.0,0.0
2663,7.433362330542355e6,2.702810171749968e6,0.0,0.0,0.0,0.0
2664,7.40001442412968e6,2.7052740257871584e6,0.0,0.0,0.0,0.0
2665,7.366200432707901e6,2.7077378798243487e6,0.0,0.0,0.0,0.0
2666,7.332386441286122e6,2.7102017338615386e6,0.0,0.0,0.0,0.0
2667,7.2995209055536315e6,2.7126655878987284e6,0.0,0.0,0.0,0.0
2668,7.26665536982114e6,2.7151294419359188e6,0.0,0.0,0.0,0.0
2669,7.2379253454602435e6,2.717593295973109e6,0.0,0.0,0.0,0.0
2670,7.209195321099347e6,2.720057150010299e6,0.0,0.0,0.0,0.0
2671,7.181994644588584e6,2.722521004047489e6,0.0,0.0,0.0,0.0
2672,7.154793968077821e6,2.724984858084679e6,0.0,0.0,0.0,0.0
2673,7.143268621204389e6,2.7274487121218694e6,0.0,0.0,0.0,0.0
2674,7.131743274330959e6,2.7299125661590593e6,0.0,0.0,0.0,0.0
2675,7.144878071551418e6,2.732376420196249e6,0.0,0.0,0.0,0.0
2676,7.158012868771876e6,2.7348402742334395e6,0.0,0.0,0.0,0.0
2677,7.170185981651653e6,2.73730412827063e6,0.0,0.0,0.0,0.0
2678,7.182359094531428e6,2.7397679823078196e6,0.0,0.0,0.0,0.0
2679,7.165665668761913e6,2.7422318363450095e6,0.0,0.0,0.0,0.0
2680,7.148972242992398e6,2.7446956903822e6,0.0,0.0,0.0,0.0
2681,7.1427690507874135e6,2.74715954441939e6,0.0,0.0,0.0,0.0
2682,7.13656585858243e6,2.74962339845658e6,0.0,0.0,0.0,0.0
2683,7.105781795260517e6,2.75208725249377e6,0.0,0.0,0.0,0.0
2684,7.074997731938605e6,2.75455110653096e6,0.0,0.0,0.0,0.0
2685,7.053924807425519e6,2.7570149605681505e6,0.0,0.0,0.0,0.0
2686,7.032851882912433e6,2.7594788146053404e6,0.0,0.0,0.0,0.0
2687,7.039381262338272e6,2.76194266864253e6,0.0,0.0,0.0,0.0
2688,7.045910641764112e6,2.7644065226797205e6,0.0,0.0,0.0,0.0
2689,7.049451872705901e6,2.763401813516485e6,0.0,0.0,0.0,0.0
2690,7.052993103647691e6,2.7623971043532495e6,0.0,0.0,0.0,0.0
2691,7.055287255586544e6,2.7640568214134667e6,0.0,0.0,0.0,0.0
2692,7.057581407525397e6,2.7657165384736834e6,0.0,0.0,0.0,0.0
2693,7.039487139071018e6,2.7673762555339e6,0.0,0.0,0.0,0.0
2694,7.02139287061664e6,2.7690359725941173e6,0.0,0.0,0.0,0.0
2695,7.006209088645715e6,2.7706956896543344e6,0.0,0.0,0.0,0.0
2696,6.9910253066747915e6,2.772355406714551e6,0.0,0.0,0.0,0.0
2697,7.003544693699304e6,2.774015123774768e6,0.0,0.0,0.0,0.0
2698,7.016064080723817e6,2.775674840834985e6,0.0,0.0,0.0,0.0
2699,7.027605421646066e6,2.777334557895202e6,0.0,0.0,0.0,0.0
2700,7.039146762568315e6,2.778994274955419e6,0.0,0.0,0.0,0.0
2701,7.050146070489114e6,2.7806539920156356e6,0.0,0.0,0.0,0.0
2702,7.061145378409914e6,2.7823137090758528e6,0.0,0.0,0.0,0.0
2703,7.072505784376761e6,2.78397342613607e6,0.0,0.0,0.0,0.0
2704,7.083866190343608e6,2.7856331431962866e6,0.0,0.0,0.0,0.0
2705,7.054564395145034e6,2.7872928602565033e6,0.0,0.0,0.0,0.0
2706,7.025262599946461e6,2.7889525773167205e6,0.0,0.0,0.0,0.0
2707,6.9938521444208305e6,2.788635319712768e6,0.0,0.0,0.0,0.0
2708,6.9624416888952e6,2.788318062108815e6,0.0,0.0,0.0,0.0
2709,6.9675244867633805e6,2.786572323513484e6,0.0,0.0,0.0,0.0
2710,6.9726072846315615e6,2.784826584918153e6,0.0,0.0,0.0,0.0
2711,6.977952459448951e6,2.785649962811822e6,0.0,0.0,0.0,0.0
2712,6.983297634266341e6,2.786473340705491e6,0.0,0.0,0.0,0.0
2713,6.964661146613166e6,2.7881330577657083e6,0.0,0.0,0.0,0.0
2714,6.946024658959989e6,2.789792774825925e6,0.0,0.0,0.0,0.0
2715,6.920610006556374e6,2.7914524918861417e6,0.0,0.0,0.0,0.0
2716,6.895195354152759e6,2.793112208946359e6,0.0,0.0,0.0,0.0
2717,6.863492777889647e6,2.794771926006576e6,0.0,0.0,0.0,0.0
2718,6.831790201626535e6,2.7964316430667927e6,0.0,0.0,0.0,0.0
2719,6.844338808518931e6,2.7980913601270095e6,0.0,0.0,0.0,0.0
2720,6.856887415411328e6,2.7997510771872266e6,0.0,0.0,0.0,0.0
2721,6.868774853996243e6,2.801410794247444e6,0.0,0.0,0.0,0.0
2722,6.880662292581159e6,2.8030705113076605e6,0.0,0.0,0.0,0.0
2723,6.891489642475162e6,2.804730228367877e6,0.0,0.0,0.0,0.0
2724,6.902316992369164e6,2.8063899454280944e6,0.0,0.0,0.0,0.0
2725,6.913106534480625e6,2.8080496624883115e6,0.0,0.0,0.0,0.0
2726,6.923896076592086e6,2.809709379548528e6,0.0,0.0,0.0,0.0
2727,6.932388036019192e6,2.811369096608745e6,0.0,0.0,0.0,0.0
2728,6.940879995446298e6,2.813028813668962e6,0.0,0.0,0.0,0.0
2729,6.913323137144065e6,2.8146885307291793e6,0.0,0.0,0.0,0.0
2730,6.885766278841833e6,2.816348247789396e6,0.0,0.0,0.0,0.0
2731,6.856068965342248e6,2.812025565402128e6,0.0,0.0,0.0,0.0
2732,6.826371651842662e6,2.8077028830148596e6,0.0,0.0,0.0,0.0
2733,6.794706521423608e6,2.8045617977457135e6,0.0,0.0,0.0,0.0
2734,6.763041391004555e6,2.8014207124765674e6,0.0,0.0,0.0,0.0
2735,6.73942434137225e6,2.797294472960667e6,0.0,0.0,0.0,0.0
2736,6.715807291739945e6,2.793168233444767e6,0.0,0.0,0.0,0.0
2737,6.723039550874977e6,2.7924457799752196e6,0.0,0.0,0.0,0.0
2738,6.730271810010009e6,2.791723326505672e6,0.0,0.0,0.0,0.0
2739,6.704795982643259e6,2.792994615298031e6,0.0,0.0,0.0,0.0
2740,6.679320155276508e6,2.794265904090389e6,0.0,0.0,0.0,0.0
2741,6.688039520647382e6,2.7959256211506063e6,0.0,0.0,0.0,0.0
2742,6.696758886018258e6,2.797585338210823e6,0.0,0.0,0.0,0.0
2743,6.669419578337796e6,2.7992450552710397e6,0.0,0.0,0.0,0.0
2744,6.642080270657335e6,2.800904772331257e6,0.0,0.0,0.0,0.0
2745,6.653063923542459e6,2.802564489391474e6,0.0,0.0,0.0,0.0
2746,6.664047576427582e6,2.8042242064516908e6,0.0,0.0,0.0,0.0
2747,6.674393192534364e6,2.8058839235119075e6,0.0,0.0,0.0,0.0
2748,6.684738808641146e6,2.8075436405721246e6,0.0,0.0,0.0,0.0
2749,6.694861363189427e6,2.809203357632342e6,0.0,0.0,0.0,0.0
2750,6.7049839177377075e6,2.8108630746925585e6,0.0,0.0,0.0,0.0
2751,6.715745135301432e6,2.812522791752775e6,0.0,0.0,0.0,0.0
2752,6.726506352865157e6,2.8141825088129924e6,0.0,0.0,0.0,0.0
2753,6.738543498510569e6,2.8121857682198263e6,0.0,0.0,0.0,0.0
2754,6.750580644155983e6,2.81018902762666e6,0.0,0.0,0.0,0.0
2755,6.75407584230892e6,2.804907774686877e6,0.0,0.0,0.0,0.0
2756,6.757571040461858e6,2.799626521747094e6,0.0,0.0,0.0,0.0
2757,6.765478858695785e6,2.794345268807311e6,0.0,0.0,0.0,0.0
2758,6.773386676929711e6,2.789064015867528e6,0.0,0.0,0.0,0.0
2759,6.779339860899743e6,2.783782762927745e6,0.0,0.0,0.0,0.0
2760,6.785293044869774e6,2.778501509987962e6,0.0,0.0,0.0,0.0
2761,6.77641502866804e6,2.7735373141379794e6,0.0,0.0,0.0,0.0
2762,6.767537012466307e6,2.7685731182879973e6,0.0,0.0,0.0,0.0
2763,6.755688730220968e6,2.7664760758908684e6,0.0,0.0,0.0,0.0
2764,6.743840447975629e6,2.7643790334937396e6,0.0,0.0,0.0,0.0
2765,6.719832823994426e6,2.7652252076766742e6,0.0,0.0,0.0,0.0
2766,6.695825200013222e6,2.7660713818596094e6,0.0,0.0,0.0,0.0
2767,6.677727920985796e6,2.7656495108290417e6,0.0,0.0,0.0,0.0
2768,6.659630641958368e6,2.765227639798474e6,0.0,0.0,0.0,0.0
2769,6.668011053485548e6,2.765080829023906e6,0.0,0.0,0.0,0.0
2770,6.676391465012728e6,2.7649340182493385e6,0.0,0.0,0.0,0.0
2771,6.684925224710895e6,2.766593735309555e6,0.0,0.0,0.0,0.0
2772,6.69345898440906e6,2.7682534523697724e6,0.0,0.0,0.0,0.0
2773,6.701659977763994e6,2.7699131694299895e6,0.0,0.0,0.0,0.0
2774,6.709860971118926e6,2.7715728864902062e6,0.0,0.0,0.0,0.0
2775,6.681550495719405e6,2.773232603550423e6,0.0,0.0,0.0,0.0
2776,6.653240020319885e6,2.77489232061064e6,0.0,0.0,0.0,0.0
2777,6.623105269143423e6,2.771416695308611e6,0.0,0.0,0.0,0.0
2778,6.5929705179669615e6,2.7679410700065815e6,0.0,0.0,0.0,0.0
2779,6.562830487891944e6,2.7626598170667985e6,0.0,0.0,0.0,0.0
2780,6.532690457816928e6,2.7573785641270154e6,0.0,0.0,0.0,0.0
2781,6.500769653876757e6,2.7520973111872324e6,0.0,0.0,0.0,0.0
2782,6.468848849936586e6,2.7468160582474493e6,0.0,0.0,0.0,0.0
2783,6.435121786367241e6,2.7415348053076663e6,0.0,0.0,0.0,0.0
2784,6.401394722797898e6,2.7362535523678833e6,0.0,0.0,0.0,0.0
2785,6.366638292607158e6,2.7309722994281e6,0.0,0.0,0.0,0.0
2786,6.331881862416419e6,2.725691046488317e6,0.0,0.0,0.0,0.0
2787,6.297753139807794e6,2.723769437669447e6,0.0,0.0,0.0,0.0
2788,6.26362441719917e6,2.721847828850577e6,0.0,0.0,0.0,0.0
2789,6.232558608414389e6,2.72138828969228e6,0.0,0.0,0.0,0.0
2790,6.201492799629607e6,2.720928750533982e6,0.0,0.0,0.0,0.0
2791,6.173656257764634e6,2.7193966608917117e6,0.0,0.0,0.0,0.0
2792,6.14581971589966e6,2.7178645712494412e6,0.0,0.0,0.0,0.0
2793,6.159825376558239e6,2.717605753770799e6,0.0,0.0,0.0,0.0
2794,6.173831037216818e6,2.7173469362921566e6,0.0,0.0,0.0,0.0
2795,6.1875513335483065e6,2.7190066533523733e6,0.0,0.0,0.0,0.0
2796,6.201271629879795e6,2.7206663704125904e6,0.0,0.0,0.0,0.0
2797,6.214787712756369e6,2.7223260874728076e6,0.0,0.0,0.0,0.0
2798,6.228303795632944e6,2.7239858045330243e6,0.0,0.0,0.0,0.0
2799,6.227842731231159e6,2.725645521593241e6,0.0,0.0,0.0,0.0
2800,6.227381666829372e6,2.727305238653458e6,0.0,0.0,0.0,0.0
2801,6.200165029537585e6,2.725448530835945e6,0.0,0.0,0.0,0.0
2802,6.1729483922457965e6,2.7235918230184326e6,0.0,0.0,0.0,0.0
2803,6.144913555185171e6,2.7183105700786496e6,0.0,0.0,0.0,0.0
2804,6.116878718124544e6,2.7130293171388665e6,0.0,0.0,0.0,0.0
2805,6.086175840933662e6,2.7077480641990835e6,0.0,0.0,0.0,0.0
2806,6.0554729637427805e6,2.7024668112593004e6,0.0,0.0,0.0,0.0
2807,6.022046293825802e6,2.6971855583195174e6,0.0,0.0,0.0,0.0
2808,5.988619623908824e6,2.6919043053797344e6,0.0,0.0,0.0,0.0
2809,5.9542277045970885e6,2.6866230524399513e6,0.0,0.0,0.0,0.0
2810,5.919835785285353e6,2.6813417995001683e6,0.0,0.0,0.0,0.0
2811,5.885838697681026e6,2.677215995358917e6,0.0,0.0,0.0,0.0
2812,5.8518416100766985e6,2.6730901912176656e6,0.0,0.0,0.0,0.0
2813,5.820854699575209e6,2.6712534847498415e6,0.0,0.0,0.0,0.0
2814,5.78986778907372e6,2.6694167782820174e6,0.0,0.0,0.0,0.0
2815,5.7622243802373335e6,2.668445368848488e6,0.0,0.0,0.0,0.0
2816,5.734580971400948e6,2.667473959414959e6,0.0,0.0,0.0,0.0
2817,5.748961359504798e6,2.6691336764751757e6,0.0,0.0,0.0,0.0
2818,5.76334174760865e6,2.670793393535393e6,0.0,0.0,0.0,0.0
2819,5.777208561711088e6,2.67245311059561e6,0.0,0.0,0.0,0.0
2820,5.791075375813525e6,2.6741128276558267e6,0.0,0.0,0.0,0.0
2821,5.804900204879502e6,2.6757725447160434e6,0.0,0.0,0.0,0.0
2822,5.818725033945478e6,2.6774322617762606e6,0.0,0.0,0.0,0.0
2823,5.794420882950759e6,2.6790919788364777e6,0.0,0.0,0.0,0.0
2824,5.7701167319560405e6,2.6807516958966944e6,0.0,0.0,0.0,0.0
2825,5.743442878639923e6,2.682411412956911e6,0.0,0.0,0.0,0.0
2826,5.716769025323806e6,2.6840711300171283e6,0.0,0.0,0.0,0.0
2827,5.689175634514842e6,2.6833058989275796e6,0.0,0.0,0.0,0.0
2828,5.661582243705877e6,2.6825406678380314e6,0.0,0.0,0.0,0.0
2829,5.63150869073032e6,2.680052603113479e6,0.0,0.0,0.0,0.0
2830,5.601435137754763e6,2.677564538388927e6,0.0,0.0,0.0,0.0
2831,5.568602211684514e6,2.679224255449144e6,0.0,0.0,0.0,0.0
2832,5.535769285614265e6,2.680883972509361e6,0.0,0.0,0.0,0.0
2833,5.50149552951974e6,2.6812206598449824e6,0.0,0.0,0.0,0.0
2834,5.467221773425214e6,2.6815573471806035e6,0.0,0.0,0.0,0.0
2835,5.432993115693933e6,2.6832170642408207e6,0.0,0.0,0.0,0.0
2836,5.398764457962653e6,2.6848767813010374e6,0.0,0.0,0.0,0.0
2837,5.366774996314259e6,2.686536498361254e6,0.0,0.0,0.0,0.0
2838,5.334785534665866e6,2.6881962154214713e6,0.0,0.0,0.0,0.0
2839,5.306489484728593e6,2.6898559324816884e6,0.0,0.0,0.0,0.0
2840,5.278193434791321e6,2.691515649541905e6,0.0,0.0,0.0,0.0
2841,5.279729783436508e6,2.693175366602122e6,0.0,0.0,0.0,0.0
2842,5.281266132081695e6,2.694835083662339e6,0.0,0.0,0.0,0.0
2843,5.294884985453704e6,2.696494800722556e6,0.0,0.0,0.0,0.0
2844,5.308503838825714e6,2.698154517782773e6,0.0,0.0,0.0,0.0
2845,5.321745497717771e6,2.6998142348429896e6,0.0,0.0,0.0,0.0
2846,5.334987156609828e6,2.7014739519032068e6,0.0,0.0,0.0,0.0
2847,5.3066941279210765e6,2.703133668963424e6,0.0,0.0,0.0,0.0
2848,5.278401099232324e6,2.7047933860236406e6,0.0,0.0,0.0,0.0
2849,5.251363561844135e6,2.7064531030838573e6,0.0,0.0,0.0,0.0
2850,5.224326024455946e6,2.7081128201440745e6,0.0,0.0,0.0,0.0
2851,5.196422103663804e6,2.7097725372042917e6,0.0,0.0,0.0,0.0
2852,5.168518182871661e6,2.7114322542645084e6,0.0,0.0,0.0,0.0
2853,5.138517332339224e6,2.713091971324725e6,0.0,0.0,0.0,0.0
2854,5.108516481806788e6,2.7147516883849422e6,0.0,0.0,0.0,0.0
2855,5.076233484393156e6,2.712231536173026e6,0.0,0.0,0.0,0.0
2856,5.043950486979525e6,2.7097113839611104e6,0.0,0.0,0.0,0.0
2857,5.01060984138879e6,2.710967624474423e6,0.0,0.0,0.0,0.0
2858,4.977269195798056e6,2.712223864987735e6,0.0,0.0,0.0,0.0
2859,4.944231344603512e6,2.7156107951176856e6,0.0,0.0,0.0,0.0
2860,4.911193493408968e6,2.7189977252476364e6,0.0,0.0,0.0,0.0
2861,4.880704315080848e6,2.722930956851841e6,0.0,0.0,0.0,0.0
2862,4.8502151367527265e6,2.726864188456045e6,0.0,0.0,0.0,0.0
2863,4.822819124575404e6,2.729235556140616e6,0.0,0.0,0.0,0.0
2864,4.795423112398081e6,2.731606923825187e6,0.0,0.0,0.0,0.0
2865,4.793248565159296e6,2.7334347479601596e6,0.0,0.0,0.0,0.0
2866,4.79107401792051e6,2.7352625720951324e6,0.0,0.0,0.0,0.0
2867,4.80503159975398e6,2.739195803699337e6,0.0,0.0,0.0,0.0
2868,4.818989181587449e6,2.743129035303541e6,0.0,0.0,0.0,0.0
2869,4.832785914604844e6,2.747062266907745e6,0.0,0.0,0.0,0.0
2870,4.846582647622238e6,2.7509954985119496e6,0.0,0.0,0.0,0.0
2871,4.818797452535015e6,2.754928730116154e6,0.0,0.0,0.0,0.0
2872,4.791012257447791e6,2.758861961720358e6,0.0,0.0,0.0,0.0
2873,4.764833608329669e6,2.7569822314354945e6,0.0,0.0,0.0,0.0
2874,4.738654959211546e6,2.755102501150631e6,0.0,0.0,0.0,0.0
2875,4.711851874537996e6,2.752094762754835e6,0.0,0.0,0.0,0.0
2876,4.685048789864446e6,2.7490870243590395e6,0.0,0.0,0.0,0.0
2877,4.656114225323942e6,2.746079285963244e6,0.0,0.0,0.0,0.0
2878,4.627179660783436e6,2.743071547567448e6,0.0,0.0,0.0,0.0
2879,4.595248469593527e6,2.7400638091716524e6,0.0,0.0,0.0,0.0
2880,4.563317278403618e6,2.7370560707758567e6,0.0,0.0,0.0,0.0
2881,4.530054483396634e6,2.7341209847701695e6,0.0,0.0,0.0,0.0
2882,4.496791688389651e6,2.7311858987644827e6,0.0,0.0,0.0,0.0
2883,4.463828013001019e6,2.7303786556396736e6,0.0,0.0,0.0,0.0
2884,4.430864337612389e6,2.7295714125148645e6,0.0,0.0,0.0,0.0
2885,4.400144568916856e6,2.730746809986592e6,0.0,0.0,0.0,0.0
2886,4.369424800221324e6,2.731922207458319e6,0.0,0.0,0.0,0.0
2887,4.341348488677783e6,2.731797647478276e6,0.0,0.0,0.0,0.0
2888,4.313272177134243e6,2.731673087498233e6,0.0,0.0,0.0,0.0
2889,4.311127821840694e6,2.7311236004183963e6,0.0,0.0,0.0,0.0
2890,4.308983466547145e6,2.730574113338559e6,0.0,0.0,0.0,0.0
2891,4.322566015504735e6,2.7345073449427634e6,0.0,0.0,0.0,0.0
2892,4.336148564462326e6,2.7384405765469675e6,0.0,0.0,0.0,0.0
2893,4.349361861373438e6,2.7423738081511715e6,0.0,0.0,0.0,0.0
2894,4.362575158284549e6,2.746307039755376e6,0.0,0.0,0.0,0.0
2895,4.334152190415099e6,2.7502402713595806e6,0.0,0.0,0.0,0.0
2896,4.305729222545649e6,2.7541735029637846e6,0.0,0.0,0.0,0.0
2897,4.278004880474148e6,2.753606391433052e6,0.0,0.0,0.0,0.0
2898,4.250280538402648e6,2.7530392799023185e6,0.0,0.0,0.0,0.0
2899,4.221158006658619e6,2.750031541506523e6,0.0,0.0,0.0,0.0
2900,4.19203547491459e6,2.747023803110727e6,0.0,0.0,0.0,0.0
2901,4.160759956900901e6,2.7440160647149314e6,0.0,0.0,0.0,0.0
2902,4.1294844388872124e6,2.7410083263191357e6,0.0,0.0,0.0,0.0
2903,4.096205400540768e6,2.738039178620902e6,0.0,0.0,0.0,0.0
2904,4.062926362194324e6,2.7350700309226676e6,0.0,0.0,0.0,0.0
2905,4.037759401587342e6,2.7390032625268716e6,0.0,0.0,0.0,0.0
2906,4.0125924409803604e6,2.742936494131076e6,0.0,0.0,0.0,0.0
2907,3.9899260195920723e6,2.7468697257352807e6,0.0,0.0,0.0,0.0
2908,3.9672595982037843e6,2.7508029573394847e6,0.0,0.0,0.0,0.0
2909,3.940425356925605e6,2.7547361889436888e6,0.0,0.0,0.0,0.0
2910,3.9135911156474254e6,2.7586694205478933e6,0.0,0.0,0.0,0.0
2911,3.8947519871366583e6,2.762602652152098e6,0.0,0.0,0.0,0.0
2912,3.8759128586258916e6,2.766535883756302e6,0.0,0.0,0.0,0.0
2913,3.886305892068576e6,2.770469115360506e6,0.0,0.0,0.0,0.0
2914,3.896698925511261e6,2.7744023469647104e6,0.0,0.0,0.0,0.0
2915,3.907108002150233e6,2.778335578568915e6,0.0,0.0,0.0,0.0
2916,3.9175170787892053e6,2.782268810173119e6,0.0,0.0,0.0,0.0
2917,3.9277907597188624e6,2.786202041777323e6,0.0,0.0,0.0,0.0
2918,3.938064440648519e6,2.7901352733815275e6,0.0,0.0,0.0,0.0
2919,3.9489600222512786e6,2.794068504985732e6,0.0,0.0,0.0,0.0
2920,3.9598556038540383e6,2.798001736589936e6,0.0,0.0,0.0,0.0
2921,3.9720318187165214e6,2.795993735617282e6,0.0,0.0,0.0,0.0
2922,3.984208033579004e6,2.7939857346446277e6,0.0,0.0,0.0,0.0
2923,3.9606135715795266e6,2.790977996248832e6,0.0,0.0,0.0,0.0
2924,3.9370191095800493e6,2.7879702578530363e6,0.0,0.0,0.0,0.0
2925,3.904215765082537e6,2.7849625194572406e6,0.0,0.0,0.0,0.0
2926,3.8714124205850256e6,2.781954781061445e6,0.0,0.0,0.0,0.0
2927,3.837020513247554e6,2.778947042665649e6,0.0,0.0,0.0,0.0
2928,3.802628605910083e6,2.7759393042698535e6,0.0,0.0,0.0,0.0
2929,3.7672589743686197e6,2.773442173696276e6,0.0,0.0,0.0,0.0
2930,3.7318893428271567e6,2.770945043122698e6,0.0,0.0,0.0,0.0
2931,3.6964726418531667e6,2.771484985775985e6,0.0,0.0,0.0,0.0
2932,3.661055940879177e6,2.772024928429272e6,0.0,0.0,0.0,0.0
2933,3.626126582206605e6,2.7759581600334765e6,0.0,0.0,0.0,0.0
2934,3.5911972235340336e6,2.7798913916376806e6,0.0,0.0,0.0,0.0
2935,3.5995850710275383e6,2.7838246232418846e6,0.0,0.0,0.0,0.0
2936,3.607972918521043e6,2.787757854846089e6,0.0,0.0,0.0,0.0
2937,3.6174808930245945e6,2.7916910864502937e6,0.0,0.0,0.0,0.0
2938,3.626988867528146e6,2.7956243180544977e6,0.0,0.0,0.0,0.0
2939,3.6368004196722107e6,2.7995575496587018e6,0.0,0.0,0.0,0.0
2940,3.6466119718162757e6,2.8034907812629063e6,0.0,0.0,0.0,0.0
2941,3.6563276172265857e6,2.807424012867111e6,0.0,0.0,0.0,0.0
2942,3.6660432626368958e6,2.811357244471315e6,0.0,0.0,0.0,0.0
2943,3.676281821831248e6,2.815290476075519e6,0.0,0.0,0.0,0.0
2944,3.6865203810256e6,2.8192237076797234e6,0.0,0.0,0.0,0.0
2945,3.6564626434817705e6,2.823156939283928e6,0.0,0.0,0.0,0.0
2946,3.6264049059379417e6,2.827090170888132e6,0.0,0.0,0.0,0.0
2947,3.5960089268665854e6,2.831023402492336e6,0.0,0.0,0.0,0.0
2948,3.5656129477952286e6,2.8349566340965405e6,0.0,0.0,0.0,0.0
2949,3.533475832425112e6,2.838889865700745e6,0.0,0.0,0.0,0.0
2950,3.501338717054995e6,2.842823097304949e6,0.0,0.0,0.0,0.0
2951,3.4671879719402352e6,2.846756328909153e6,0.0,0.0,0.0,0.0
2952,3.4330372268254757e6,2.8506895605133576e6,0.0,0.0,0.0,0.0
2953,3.397698760997678e6,2.854622792117562e6,0.0,0.0,0.0,0.0
2954,3.36236029516988e6,2.858556023721766e6,0.0,0.0,0.0,0.0
2955,3.3271080415906897e6,2.8624892553259702e6,0.0,0.0,0.0,0.0
2956,3.291855788011499e6,2.8664224869301748e6,0.0,0.0,0.0,0.0
2957,3.259344948598773e6,2.8703557185343793e6,0.0,0.0,0.0,0.0
2958,3.226834109186047e6,2.8742889501385833e6,0.0,0.0,0.0,0.0
2959,3.1979379295197353e6,2.8782221817427874e6,0.0,0.0,0.0,0.0
2960,3.1690417498534233e6,2.882155413346992e6,0.0,0.0,0.0,0.0
2961,3.1815901093460973e6,2.8860886449511964e6,0.0,0.0,0.0,0.0
2962,3.194138468838772e6,2.8900218765554004e6,0.0,0.0,0.0,0.0
2963,3.2064647464839714e6,2.8939551081596045e6,0.0,0.0,0.0,0.0
2964,3.2187910241291714e6,2.897888339763809e6,0.0,0.0,0.0,0.0
2965,3.2311274005446155e6,2.9018215713680135e6,0.0,0.0,0.0,0.0
2966,3.243463776960059e6,2.9057548029722176e6,0.0,0.0,0.0,0.0
2967,3.2152034140411825e6,2.9096880345764216e6,0.0,0.0,0.0,0.0
2968,3.186943051122306e6,2.913621266180626e6,0.0,0.0,0.0,0.0
2969,3.15946810651036e6,2.913387885397873e6,0.0,0.0,0.0,0.0
2970,3.131993161898413e6,2.9131545046151197e6,0.0,0.0,0.0,0.0
2971,3.103438915968854e6,2.910146766219324e6,0.0,0.0,0.0,0.0
2972,3.0748846700392948e6,2.9071390278235283e6,0.0,0.0,0.0,0.0
2973,3.0437281063614544e6,2.9041312894277326e6,0.0,0.0,0.0,0.0
2974,3.012571542683614e6,2.901123551031937e6,0.0,0.0,0.0,0.0
2975,2.978964782754684e6,2.898115812636141e6,0.0,0.0,0.0,0.0
2976,2.945358022825754e6,2.8951080742403455e6,0.0,0.0,0.0,0.0
2977,2.910488353254508e6,2.89210033584455e6,0.0,0.0,0.0,0.0
2978,2.8756186836832627e6,2.889092597448754e6,0.0,0.0,0.0,0.0
2979,2.8412054512925935e6,2.8875793526557637e6,0.0,0.0,0.0,0.0
2980,2.8067922189019243e6,2.886066107862773e6,0.0,0.0,0.0,0.0
2981,2.7751782889830433e6,2.887503554304759e6,0.0,0.0,0.0,0.0
2982,2.7435643590641627e6,2.888941000746745e6,0.0,0.0,0.0,0.0
2983,2.715634506393789e6,2.8912080478670634e6,0.0,0.0,0.0,0.0
2984,2.687704653723415e6,2.893475094987382e6,0.0,0.0,0.0,0.0
2985,2.693116491744854e6,2.8974083265915867e6,0.0,0.0,0.0,0.0
2986,2.698528329766293e6,2.9013415581957907e6,0.0,0.0,0.0,0.0
2987,2.7120039292733734e6,2.905274789799995e6,0.0,0.0,0.0,0.0
2988,2.725479528780454e6,2.9092080214041993e6,0.0,0.0,0.0,0.0
2989,2.7389393885245486e6,2.913141253008404e6,0.0,0.0,0.0,0.0
2990,2.7523992482686434e6,2.917074484612608e6,0.0,0.0,0.0,0.0
2991,2.72440661767688e6,2.921007716216812e6,0.0,0.0,0.0,0.0
2992,2.6964139870851175e6,2.9249409478210164e6,0.0,0.0,0.0,0.0
2993,2.6692414128888473e6,2.9243130550716706e6,0.0,0.0,0.0,0.0
2994,2.642068838692577e6,2.923685162322325e6,0.0,0.0,0.0,0.0
2995,2.613801475767357e6,2.9206774239265295e6,0.0,0.0,0.0,0.0
2996,2.5855341128421365e6,2.917669685530734e6,0.0,0.0,0.0,0.0
2997,2.555172502560016e6,2.914661947134938e6,0.0,0.0,0.0,0.0
2998,2.5248108922778955e6,2.9116542087391424e6,0.0,0.0,0.0,0.0
2999,2.491818566742831e6,2.9086464703433467e6,0.0,0.0,0.0,0.0
3000,2.458826241207767e6,2.905638731947551e6,0.0,0.0,0.0,0.0
3001,2.424349538983113e6,2.903634941779883e6,0.0,0.0,0.0,0.0
3002,2.38987283675846e6,2.901631151612215e6,0.0,0.0,0.0,0.0
3003,2.3555681404458145e6,2.904179915318459e6,0.0,0.0,0.0,0.0
3004,2.3212634441331695e6,2.9067286790247024e6,0.0,0.0,0.0,0.0
3005,2.2896642329947297e6,2.9106619106289065e6,0.0,0.0,0.0,0.0
3006,2.2580650218562894e6,2.914595142233111e6,0.0,0.0,0.0,0.0
3007,2.229747415121752e6,2.9185283738373155e6,0.0,0.0,0.0,0.0
3008,2.201429808387215e6,2.9224616054415195e6,0.0,0.0,0.0,0.0
3009,2.1786283054562765e6,2.9263948370457236e6,0.0,0.0,0.0,0.0
3010,2.1558268025253383e6,2.930328068649928e6,0.0,0.0,0.0,0.0
3011,2.1691082640667185e6,2.9342613002541326e6,0.0,0.0,0.0,0.0
3012,2.182389725608099e6,2.9381945318583366e6,0.0,0.0,0.0,0.0
3013,2.1953967355192304e6,2.9421277634625407e6,0.0,0.0,0.0,0.0
3014,2.2084037454303624e6,2.946060995066745e6,0.0,0.0,0.0,0.0
3015,2.1805293804851538e6,2.9499942266709497e6,0.0,0.0,0.0,0.0
3016,2.1526550155399456e6,2.953927458275154e6,0.0,0.0,0.0,0.0
3017,2.125737906508454e6,2.956906666673015e6,0.0,0.0,0.0,0.0
3018,2.098820797476962e6,2.959885875070876e6,0.0,0.0,0.0,0.0
3019,2.0711781230488317e6,2.9568781366750803e6,0.0,0.0,0.0,0.0
3020,2.0435354486207012e6,2.9538703982792846e6,0.0,0.0,0.0,0.0
3021,2.0135579926542477e6,2.950862659883489e6,0.0,0.0,0.0,0.0
3022,1.9835805366877941e6,2.947854921487693e6,0.0,0.0,0.0,0.0
3023,1.9512114526719104e6,2.9448471830918975e6,0.0,0.0,0.0,0.0
3024,1.9188423686560267e6,2.941839444696102e6,0.0,0.0,0.0,0.0
3025,1.8851441027966077e6,2.9371159433295727e6,0.0,0.0,0.0,0.0
3026,1.8514458369371886e6,2.932392441963044e6,0.0,0.0,0.0,0.0
3027,1.8179650143635045e6,2.9291129150398755e6,0.0,0.0,0.0,0.0
3028,1.7844841917898206e6,2.9258333881167076e6,0.0,0.0,0.0,0.0
3029,1.753231908903566e6,2.9247612840703065e6,0.0,0.0,0.0,0.0
3030,1.7219796260173114e6,2.923689180023906e6,0.0,0.0,0.0,0.0
3031,1.6946868536091028e6,2.92250027760653e6,0.0,0.0,0.0,0.0
3032,1.6673940812008944e6,2.921311375189155e6,0.0,0.0,0.0,0.0
3033,1.6664683132789894e6,2.9193313925485765e6,0.0,0.0,0.0,0.0
3034,1.6655425453570844e6,2.917351409907998e6,0.0,0.0,0.0,0.0
3035,1.679330026127282e6,2.919568878541469e6,0.0,0.0,0.0,0.0
3036,1.6931175068974795e6,2.92178634717494e6,0.0,0.0,0.0,0.0
3037,1.706921059236662e6,2.924003815808411e6,0.0,0.0,0.0,0.0
3038,1.7207246115758442e6,2.9262212844418823e6,0.0,0.0,0.0,0.0
3039,1.6933912266537105e6,2.9284387530753533e6,0.0,0.0,0.0,0.0
3040,1.6660578417315765e6,2.9306562217088244e6,0.0,0.0,0.0,0.0
3041,1.6400213973814864e6,2.9271372893706937e6,0.0,0.0,0.0,0.0
3042,1.613984953031396e6,2.923618357032563e6,0.0,0.0,0.0,0.0
3043,1.586547584733231e6,2.918894855666034e6,0.0,0.0,0.0,0.0
3044,1.559110216435066e6,2.9141713542995052e6,0.0,0.0,0.0,0.0
3045,1.5292125413058107e6,2.9094478529329766e6,0.0,0.0,0.0,0.0
3046,1.4993148661765552e6,2.9047243515664474e6,0.0,0.0,0.0,0.0
3047,1.4671688921355694e6,2.9000008501999183e6,0.0,0.0,0.0,0.0
3048,1.4350229180945836e6,2.8952773488333896e6,0.0,0.0,0.0,0.0
3049,1.4013737018555067e6,2.890639672290059e6,0.0,0.0,0.0,0.0
3050,1.36772448561643e6,2.8860019957467276e6,0.0,0.0,0.0,0.0
3051,1.3342244855837356e6,2.8859402395992996e6,0.0,0.0,0.0,0.0
3052,1.3007244855510416e6,2.885878483451872e6,0.0,0.0,0.0,0.0
3053,1.2693889165504188e6,2.888095952085343e6,0.0,0.0,0.0,0.0
3054,1.2380533475497959e6,2.8903134207188142e6,0.0,0.0,0.0,0.0
3055,1.210700542039927e6,2.8925308893522853e6,0.0,0.0,0.0,0.0
3056,1.1833477365300583e6,2.8947483579857564e6,0.0,0.0,0.0,0.0
3057,1.1900463568583068e6,2.8969658266192274e6,0.0,0.0,0.0,0.0
3058,1.1967449771865553e6,2.8991832952526985e6,0.0,0.0,0.0,0.0
3059,1.2105403347289949e6,2.9014007638861695e6,0.0,0.0,0.0,0.0
3060,1.2243356922714347e6,2.9036182325196406e6,0.0,0.0,0.0,0.0
3061,1.2376979810220262e6,2.9058357011531116e6,0.0,0.0,0.0,0.0
3062,1.2510602697726176e6,2.9080531697865827e6,0.0,0.0,0.0,0.0
3063,1.2295375019094392e6,2.9102706384200538e6,0.0,0.0,0.0,0.0
3064,1.2080147340462608e6,2.912488107053525e6,0.0,0.0,0.0,0.0
3065,1.180880656165231e6,2.914705575686996e6,0.0,0.0,0.0,0.0
3066,1.153746578284201e6,2.916923044320467e6,0.0,0.0,0.0,0.0
3067,1.124996763056065e6,2.919140512953938e6,0.0,0.0,0.0,0.0
3068,1.096246947827929e6,2.921357981587409e6,0.0,0.0,0.0,0.0
3069,1.0651582678484e6,2.92357545022088e6,0.0,0.0,0.0,0.0
3070,1.034069587868871e6,2.925792918854351e6,0.0,0.0,0.0,0.0
3071,1.0108360390674602e6,2.928010387487822e6,0.0,0.0,0.0,0.0
3072,987602.4902660493,2.9302278561212933e6,0.0,0.0,0.0,0.0
3073,973716.7528026095,2.9324453247547643e6,0.0,0.0,0.0,0.0
3074,959831.0153391698,2.9346627933882354e6,0.0,0.0,0.0,0.0
3075,946456.7739950386,2.9368802620217064e6,0.0,0.0,0.0,0.0
3076,933082.5326509074,2.9390977306551775e6,0.0,0.0,0.0,0.0
3077,928842.1323836797,2.9413151992886486e6,0.0,0.0,0.0,0.0
3078,924601.7321164521,2.9435326679221196e6,0.0,0.0,0.0,0.0
3079,906154.7146478241,2.9457501365555907e6,0.0,0.0,0.0,0.0
3080,887707.697179196,2.9479676051890617e6,0.0,0.0,0.0,0.0
3081,898625.4850058602,2.950185073822533e6,0.0,0.0,0.0,0.0
3082,909543.2728325244,2.952402542456004e6,0.0,0.0,0.0,0.0
3083,920653.6539170421,2.954620011089475e6,0.0,0.0,0.0,0.0
3084,931764.0350015598,2.956837479722946e6,0.0,0.0,0.0,0.0
3085,942282.8482967122,2.959054948356417e6,0.0,0.0,0.0,0.0
3086,952801.6615918645,2.961272416989888e6,0.0,0.0,0.0,0.0
3087,963719.5087431849,2.963489885623359e6,0.0,0.0,0.0,0.0
3088,974637.355894505,2.96570735425683e6,0.0,0.0,0.0,0.0
3089,986451.4099484466,2.9679248228903012e6,0.0,0.0,0.0,0.0
3090,998265.4640023882,2.9701422915237723e6,0.0,0.0,0.0,0.0
3091,1.0084646255932446e6,2.9723597601572433e6,0.0,0.0,0.0,0.0
3092,1.0186637871841011e6,2.9745772287907144e6,0.0,0.0,0.0,0.0
3093,1.0268999342976478e6,2.9767946974241855e6,0.0,0.0,0.0,0.0
3094,1.0351360814111946e6,2.9790121660576565e6,0.0,0.0,0.0,0.0
3095,1.0419273951006867e6,2.9812296346911276e6,0.0,0.0,0.0,0.0
3096,1.0487187087901786e6,2.9834471033245986e6,0.0,0.0,0.0,0.0
3097,1.0543381870012116e6,2.9856645719580697e6,0.0,0.0,0.0,0.0
3098,1.0599576652122447e6,2.9878820405915407e6,0.0,0.0,0.0,0.0
3099,1.0652657520122123e6,2.990099509225012e6,0.0,0.0,0.0,0.0
3100,1.0705738388121796e6,2.992316977858483e6,0.0,0.0,0.0,0.0
3101,1.0762470060930725e6,2.994534446491954e6,0.0,0.0,0.0,0.0
3102,1.0819201733739653e6,2.996751915125425e6,0.0,0.0,0.0,0.0
3103,1.088981923918458e6,2.998969383758896e6,0.0,0.0,0.0,0.0
3104,1.0960436744629506e6,3.001186852392367e6,0.0,0.0,0.0,0.0
3105,1.1049918545585498e6,3.003404321025838e6,0.0,0.0,0.0,0.0
3106,1.113940034654149e6,3.005621789659309e6,0.0,0.0,0.0,0.0
3107,1.123744854738887e6,3.0078392582927803e6,0.0,0.0,0.0,0.0
3108,1.1335496748236248e6,3.0100567269262513e6,0.0,0.0,0.0,0.0
3109,1.143813314876933e6,3.0122741955597224e6,0.0,0.0,0.0,0.0
3110,1.154076954930241e6,3.0144916641931934e6,0.0,0.0,0.0,0.0
3111,1.1655892703737675e6,3.0167091328266645e6,0.0,0.0,0.0,0.0
3112,1.177101585817294e6,3.0189266014601355e6,0.0,0.0,0.0,0.0
3113,1.1903493748534592e6,3.0211440700936066e6,0.0,0.0,0.0,0.0
3114,1.2035971638896246e6,3.0233615387270777e6,0.0,0.0,0.0,0.0
3115,1.2158497357272971e6,3.0233341012463327e6,0.0,0.0,0.0,0.0
3116,1.2281023075649694e6,3.023306663765588e6,0.0,0.0,0.0,0.0
3117,1.238035324763758e6,3.021790930142447e6,0.0,0.0,0.0,0.0
3118,1.247968341962547e6,3.020275196519306e6,0.0,0.0,0.0,0.0
3119,1.2554260514095621e6,3.0197895338643435e6,0.0,0.0,0.0,0.0
3120,1.2628837608565772e6,3.0193038712093807e6,0.0,0.0,0.0,0.0
3121,1.2684871392190622e6,3.0215213398428517e6,0.0,0.0,0.0,0.0
3122,1.2740905175815471e6,3.023738808476323e6,0.0,0.0,0.0,0.0
3123,1.2796631601392778e6,3.025956277109794e6,0.0,0.0,0.0,0.0
3124,1.2852358026970085e6,3.028173745743265e6,0.0,0.0,0.0,0.0
3125,1.2934897293831971e6,3.030391214376736e6,0.0,0.0,0.0,0.0
3126,1.3017436560693856e6,3.032608683010207e6,0.0,0.0,0.0,0.0
3127,1.313811930110104e6,3.034826151643678e6,0.0,0.0,0.0,0.0
3128,1.325880204150822e6,3.037043620277149e6,0.0,0.0,0.0,0.0
3129,1.3378590538290865e6,3.0378517656794395e6,0.0,0.0,0.0,0.0
3130,1.3498379035073512e6,3.03865991108173e6,0.0,0.0,0.0,0.0
3131,1.36128734997416e6,3.040877379715201e6,0.0,0.0,0.0,0.0
3132,1.372736796440969e6,3.043094848348672e6,0.0,0.0,0.0,0.0
3133,1.3837982399315226e6,3.045312316982143e6,0.0,0.0,0.0,0.0
3134,1.3948596834220763e6,3.047529785615614e6,0.0,0.0,0.0,0.0
3135,1.4064172965644286e6,3.049747254249085e6,0.0,0.0,0.0,0.0
3136,1.417974909706781e6,3.0519647228825563e6,0.0,0.0,0.0,0.0
3137,1.4306272490937817e6,3.0541821915160273e6,0.0,0.0,0.0,0.0
3138,1.4432795884807825e6,3.0563996601494984e6,0.0,0.0,0.0,0.0
3139,1.4547402231803003e6,3.051676158782969e6,0.0,0.0,0.0,0.0
3140,1.4662008578798182e6,3.0469526574164405e6,0.0,0.0,0.0,0.0
3141,1.4754006405289494e6,3.042229156049912e6,0.0,0.0,0.0,0.0
3142,1.4846004231780805e6,3.0375056546833827e6,0.0,0.0,0.0,0.0
3143,1.491625079861708e6,3.033779068581531e6,0.0,0.0,0.0,0.0
3144,1.4986497365453355e6,3.0300524824796794e6,0.0,0.0,0.0,0.0
3145,1.504824028905904e6,3.0322699511131505e6,0.0,0.0,0.0,0.0
3146,1.5109983212664723e6,3.0344874197466215e6,0.0,0.0,0.0,0.0
3147,1.5171332694851756e6,3.031433467854933e6,0.0,0.0,0.0,0.0
3148,1.5232682177038789e6,3.0283795159632443e6,0.0,0.0,0.0,0.0
3149,1.5319199237642565e6,3.0305969845967153e6,0.0,0.0,0.0,0.0
3150,1.5405716298246342e6,3.0328144532301864e6,0.0,0.0,0.0,0.0
3151,1.5531149716519765e6,3.0350319218636574e6,0.0,0.0,0.0,0.0
3152,1.5656583134793185e6,3.0372493904971285e6,0.0,0.0,0.0,0.0
3153,1.5784402633330433e6,3.0394668591305995e6,0.0,0.0,0.0,0.0
3154,1.5912222131867681e6,3.0416843277640706e6,0.0,0.0,0.0,0.0
3155,1.6035635645254718e6,3.0439017963975416e6,0.0,0.0,0.0,0.0
3156,1.6159049158641754e6,3.0461192650310127e6,0.0,0.0,0.0,0.0
3157,1.6277163163443815e6,3.0483367336644838e6,0.0,0.0,0.0,0.0
3158,1.6395277168245877e6,3.050554202297955e6,0.0,0.0,0.0,0.0
3159,1.6519750766171615e6,3.052771670931426e6,0.0,0.0,0.0,0.0
3160,1.6644224364097354e6,3.054989139564897e6,0.0,0.0,0.0,0.0
3161,1.6782468080325532e6,3.0547333650974883e6,0.0,0.0,0.0,0.0
3162,1.6920711796553712e6,3.054477590630079e6,0.0,0.0,0.0,0.0
3163,1.7044895529143289e6,3.0533868247012915e6,0.0,0.0,0.0,0.0
3164,1.7169079261732863e6,3.0522960587725034e6,0.0,0.0,0.0,0.0
3165,1.7267858535130466e6,3.0475725574059747e6,0.0,0.0,0.0,0.0
3166,1.7366637808528068e6,3.0428490560394456e6,0.0,0.0,0.0,0.0
3167,1.7444060010352102e6,3.039086107780722e6,0.0,0.0,0.0,0.0
3168,1.7521482212176137e6,3.035323159521999e6,0.0,0.0,0.0,0.0
3169,1.7589261753521443e6,3.03478643041951e6,0.0,0.0,0.0,0.0
3170,1.765704129486675e6,3.034249701317021e6,0.0,0.0,0.0,0.0
3171,1.772674355478244e6,3.029526199950492e6,0.0,0.0,0.0,0.0
3172,1.779644581469813e6,3.0248026985839633e6,0.0,0.0,0.0,0.0
3173,1.7887499403392053e6,3.0226774272969896e6,0.0,0.0,0.0,0.0
3174,1.7978552992085975e6,3.0205521560100154e6,0.0,0.0,0.0,0.0
3175,1.8101038797857072e6,3.0227696246434865e6,0.0,0.0,0.0,0.0
3176,1.8223524603628167e6,3.0249870932769575e6,0.0,0.0,0.0,0.0
3177,1.8347422713430084e6,3.0272045619104286e6,0.0,0.0,0.0,0.0
3178,1.8471320823232e6,3.0294220305438996e6,0.0,0.0,0.0,0.0
3179,1.8596323858825609e6,3.0316394991773707e6,0.0,0.0,0.0,0.0
3180,1.8721326894419217e6,3.0338569678108417e6,0.0,0.0,0.0,0.0
3181,1.8844050469011604e6,3.036074436444313e6,0.0,0.0,0.0,0.0
3182,1.8966774043603993e6,3.038291905077784e6,0.0,0.0,0.0,0.0
3183,1.9097115258338666e6,3.040509373711255e6,0.0,0.0,0.0,0.0
3184,1.9227456473073335e6,3.042726842344726e6,0.0,0.0,0.0,0.0
3185,1.9375061777045846e6,3.044944310978197e6,0.0,0.0,0.0,0.0
3186,1.9522667081018356e6,3.047161779611668e6,0.0,0.0,0.0,0.0
3187,1.9657801504877256e6,3.0486817636964414e6,0.0,0.0,0.0,0.0
3188,1.9792935928736157e6,3.0502017477812143e6,0.0,0.0,0.0,0.0
3189,1.9905084926407961e6,3.05058967623653e6,0.0,0.0,0.0,0.0
3190,2.0017233924079768e6,3.050977604691845e6,0.0,0.0,0.0,0.0
3191,2.0105150465712666e6,3.0494044160524895e6,0.0,0.0,0.0,0.0
3192,2.0193067007345564e6,3.0478312274131337e6,0.0,0.0,0.0,0.0
3193,2.0267636520071444e6,3.044194393978282e6,0.0,0.0,0.0,0.0
3194,2.0342206032797326e6,3.04055756054343e6,0.0,0.0,0.0,0.0
3195,2.03475612120762e6,3.0385681908699716e6,0.0,0.0,0.0,0.0
3196,2.0352916391355074e6,3.0365788211965133e6,0.0,0.0,0.0,0.0
3197,2.01233281167926e6,3.0364792118468024e6,0.0,0.0,0.0,0.0
3198,1.9893739842230128e6,3.036379602497092e6,0.0,0.0,0.0,0.0
3199,1.9614962435038514e6,3.0356347747247117e6,0.0,0.0,0.0,0.0
3200,1.9336185027846897e6,3.034889946952332e6,0.0,0.0,0.0,0.0
3201,1.9474559534692215e6,3.03125311351748e6,0.0,0.0,0.0,0.0
3202,1.961293404153753e6,3.027616280082628e6,0.0,0.0,0.0,0.0
3203,1.9744137900854307e6,3.028888016781131e6,0.0,0.0,0.0,0.0
3204,1.9875341760171084e6,3.0301597534796335e6,0.0,0.0,0.0,0.0
3205,2.000608783524956e6,3.028473062163203e6,0.0,0.0,0.0,0.0
3206,2.013683391032804e6,3.026786370846773e6,0.0,0.0,0.0,0.0
3207,2.0279783052247004e6,3.023149537411921e6,0.0,0.0,0.0,0.0
3208,2.042273219416597e6,3.0195127039770694e6,0.0,0.0,0.0,0.0
3209,2.0544944196840646e6,3.0158758705422175e6,0.0,0.0,0.0,0.0
3210,2.0667156199515322e6,3.0122390371073657e6,0.0,0.0,0.0,0.0
3211,2.0816006209357912e6,3.008602203672514e6,0.0,0.0,0.0,0.0
3212,2.0964856219200504e6,3.004965370237662e6,0.0,0.0,0.0,0.0
3213,2.0747538723555147e6,3.00132853680281e6,0.0,0.0,0.0,0.0
3214,2.0530221227909788e6,2.9976917033679583e6,0.0,0.0,0.0,0.0
3215,2.0627746511896297e6,2.9940548699331065e6,0.0,0.0,0.0,0.0
3216,2.0725271795882806e6,2.9904180364982546e6,0.0,0.0,0.0,0.0
3217,2.0806662407217468e6,2.987718773601062e6,0.0,0.0,0.0,0.0
3218,2.0888053018552128e6,2.9850195107038696e6,0.0,0.0,0.0,0.0
3219,2.096891303547863e6,2.986619229376068e6,0.0,0.0,0.0,0.0
3220,2.1049773052405133e6,2.988218948048266e6,0.0,0.0,0.0,0.0
3221,2.1148427056606747e6,2.9915230846134145e6,0.0,0.0,0.0,0.0
3222,2.1247081060808357e6,2.9948272211785624e6,0.0,0.0,0.0,0.0
3223,2.1378394778389353e6,2.9981313577437103e6,0.0,0.0,0.0,0.0
3224,2.1509708495970345e6,3.0014354943088586e6,0.0,0.0,0.0,0.0
3225,2.164070700850854e6,3.004739630874007e6,0.0,0.0,0.0,0.0
3226,2.177170552104674e6,3.008043767439155e6,0.0,0.0,0.0,0.0
3227,2.1895848950794833e6,3.011347904004303e6,0.0,0.0,0.0,0.0
3228,2.2019992380542923e6,3.014652040569451e6,0.0,0.0,0.0,0.0
3229,2.213712089569036e6,3.0179561771345995e6,0.0,0.0,0.0,0.0
3230,2.2254249410837796e6,3.0212603136997474e6,0.0,0.0,0.0,0.0
3231,2.2378536406599283e6,3.0245644502648953e6,0.0,0.0,0.0,0.0
3232,2.2502823402360766e6,3.0278685868300437e6,0.0,0.0,0.0,0.0
3233,2.2641239408037458e6,3.0288678082511034e6,0.0,0.0,0.0,0.0
3234,2.2779655413714154e6,3.0298670296721635e6,0.0,0.0,0.0,0.0
3235,2.290165389222555e6,3.0262301962373117e6,0.0,0.0,0.0,0.0
3236,2.3023652370736944e6,3.02259336280246e6,0.0,0.0,0.0,0.0
3237,2.31223230928638e6,3.018956529367608e6,0.0,0.0,0.0,0.0
3238,2.3220993814990665e6,3.015319695932756e6,0.0,0.0,0.0,0.0
3239,2.329683070337695e6,3.0116911370793385e6,0.0,0.0,0.0,0.0
3240,2.3372667591763237e6,3.0080625782259214e6,0.0,0.0,0.0,0.0
3241,2.3435276777119944e6,3.008936804966127e6,0.0,0.0,0.0,0.0
3242,2.3497885962476647e6,3.0098110317063327e6,0.0,0.0,0.0,0.0
3243,2.3557941602239204e6,3.013115168271481e6,0.0,0.0,0.0,0.0
3244,2.361799724200176e6,3.016419304836629e6,0.0,0.0,0.0,0.0
3245,2.3685015161184296e6,3.019723441401777e6,0.0,0.0,0.0,0.0
3246,2.3752033080366836e6,3.023027577966925e6,0.0,0.0,0.0,0.0
3247,2.383470527942745e6,3.026295966766899e6,0.0,0.0,0.0,0.0
3248,2.3917377478488064e6,3.0295643555668727e6,0.0,0.0,0.0,0.0
3249,2.401335543273574e6,3.031635697284317e6,0.0,0.0,0.0,0.0
3250,2.410933338698342e6,3.0337070390017615e6,0.0,0.0,0.0,0.0
3251,2.4203566522086645e6,3.03701117556691e6,0.0,0.0,0.0,0.0
3252,2.4297799657189865e6,3.0403153121320577e6,0.0,0.0,0.0,0.0
3253,2.4390925334490165e6,3.0436194486972056e6,0.0,0.0,0.0,0.0
3254,2.448405101179047e6,3.046923585262354e6,0.0,0.0,0.0,0.0
3255,2.459276112429498e6,3.0502277218275024e6,0.0,0.0,0.0,0.0
3256,2.4701471236799494e6,3.0535318583926503e6,0.0,0.0,0.0,0.0
3257,2.4829999173953934e6,3.0554300392436897e6,0.0,0.0,0.0,0.0
3258,2.495852711110837e6,3.057328220094729e6,0.0,0.0,0.0,0.0
3259,2.507296796234146e6,3.0536913866598774e6,0.0,0.0,0.0,0.0
3260,2.5187408813574556e6,3.0500545532250255e6,0.0,0.0,0.0,0.0
3261,2.52860757491312e6,3.0467694652724247e6,0.0,0.0,0.0,0.0
3262,2.5384742684687846e6,3.0434843773198235e6,0.0,0.0,0.0,0.0
3263,2.546834023392223e6,3.0461813380827093e6,0.0,0.0,0.0,0.0
3264,2.5551937783156615e6,3.0488782988455947e6,0.0,0.0,0.0,0.0
3265,2.5623708118079174e6,3.0521824354107426e6,0.0,0.0,0.0,0.0
3266,2.569547845300174e6,3.055486571975891e6,0.0,0.0,0.0,0.0
3267,2.5763592525554574e6,3.0587907085410394e6,0.0,0.0,0.0,0.0
3268,2.583170659810741e6,3.0620948451061873e6,0.0,0.0,0.0,0.0
3269,2.590447600464582e6,3.065398981671335e6,0.0,0.0,0.0,0.0
3270,2.597724541118423e6,3.0687031182364835e6,0.0,0.0,0.0,0.0
3271,2.6063740673100874e6,3.072007254801632e6,0.0,0.0,0.0,0.0
3272,2.6150235935017513e6,3.07531139136678e6,0.0,0.0,0.0,0.0
3273,2.6253031025227243e6,3.0786155279319277e6,0.0,0.0,0.0,0.0
3274,2.635582611543697e6,3.081919664497076e6,0.0,0.0,0.0,0.0
3275,2.646364367358396e6,3.0852238010622244e6,0.0,0.0,0.0,0.0
3276,2.6571461231730953e6,3.0885279376273723e6,0.0,0.0,0.0,0.0
3277,2.667573824396828e6,3.09183207419252e6,0.0,0.0,0.0,0.0
3278,2.6780015256205606e6,3.0951362107576686e6,0.0,0.0,0.0,0.0
3279,2.6899466513370285e6,3.098440347322817e6,0.0,0.0,0.0,0.0
3280,2.7018917770534963e6,3.101744483887965e6,0.0,0.0,0.0,0.0
3281,2.7158335213091653e6,3.1050486204531128e6,0.0,0.0,0.0,0.0
3282,2.7297752655648347e6,3.108352757018261e6,0.0,0.0,0.0,0.0
3283,2.74338784422284e6,3.108435298559195e6,0.0,0.0,0.0,0.0
3284,2.7570004228808456e6,3.1085178401001287e6,0.0,0.0,0.0,0.0
3285,2.7690646225066604e6,3.107048685569215e6,0.0,0.0,0.0,0.0
3286,2.781128822132475e6,3.1055795310383015e6,0.0,0.0,0.0,0.0
3287,2.7910877529623713e6,3.1023237443066686e6,0.0,0.0,0.0,0.0
3288,2.801046683792267e6,3.099067957575036e6,0.0,0.0,0.0,0.0
3289,2.8093495491108876e6,3.100629479713411e6,0.0,0.0,0.0,0.0
3290,2.8176524144295077e6,3.102191001851786e6,0.0,0.0,0.0,0.0
3291,2.825556041621564e6,3.105495138416934e6,0.0,0.0,0.0,0.0
3292,2.83345966881362e6,3.108799274982082e6,0.0,0.0,0.0,0.0
3293,2.8441942311100136e6,3.1121034115472306e6,0.0,0.0,0.0,0.0
3294,2.854928793406407e6,3.1154075481123785e6,0.0,0.0,0.0,0.0
3295,2.869507803133876e6,3.1187116846775264e6,0.0,0.0,0.0,0.0
3296,2.884086812861345e6,3.1220158212426747e6,0.0,0.0,0.0,0.0
3297,2.8982458831428913e6,3.125319957807823e6,0.0,0.0,0.0,0.0
3298,2.9124049534244374e6,3.128624094372971e6,0.0,0.0,0.0,0.0
3299,2.9261128044498777e6,3.131928230938119e6,0.0,0.0,0.0,0.0
3300,2.939820655475318e6,3.1352323675032672e6,0.0,0.0,0.0,0.0
3301,2.953087017224322e6,3.1385365040684156e6,0.0,0.0,0.0,0.0
3302,2.966353378973326e6,3.1418406406335635e6,0.0,0.0,0.0,0.0
3303,2.9801904202439063e6,3.1451447771987114e6,0.0,0.0,0.0,0.0
3304,2.9940274615144865e6,3.14844891376386e6,0.0,0.0,0.0,0.0
3305,3.0087138598328126e6,3.148507752044783e6,0.0,0.0,0.0,0.0
3306,3.0234002581511387e6,3.1485665903257066e6,0.0,0.0,0.0,0.0
3307,3.0367203301517023e6,3.144929756890855e6,0.0,0.0,0.0,0.0
3308,3.050040402152266e6,3.141292923456003e6,0.0,0.0,0.0,0.0
3309,3.0610319442625847e6,3.141974555457998e6,0.0,0.0,0.0,0.0
3310,3.0720234863729035e6,3.1426561874599936e6,0.0,0.0,0.0,0.0
3311,3.080741893411845e6,3.139019354025142e6,0.0,0.0,0.0,0.0
3312,3.089460300450787e6,3.13538252059029e6,0.0,0.0,0.0,0.0
3313,3.097194367284593e6,3.1344070877462323e6,0.0,0.0,0.0,0.0
3314,3.1049284341184e6,3.1334316549021746e6,0.0,0.0,0.0,0.0
3315,3.112781380013624e6,3.136735791467323e6,0.0,0.0,0.0,0.0
3316,3.120634325908849e6,3.140039928032471e6,0.0,0.0,0.0,0.0
3317,3.131272392068024e6,3.1433440645976188e6,0.0,0.0,0.0,0.0
3318,3.141910458227199e6,3.146648201162767e6,0.0,0.0,0.0,0.0
3319,3.156657859143923e6,3.1499523377279155e6,0.0,0.0,0.0,0.0
3320,3.171405260060647e6,3.1532564742930634e6,0.0,0.0,0.0,0.0
3321,3.1862125867383205e6,3.1565606108582113e6,0.0,0.0,0.0,0.0
3322,3.201019913415994e6,3.1598647474233597e6,0.0,0.0,0.0,0.0
3323,3.2157239894077647e6,3.163168883988508e6,0.0,0.0,0.0,0.0
3324,3.2304280653995355e6,3.166473020553656e6,0.0,0.0,0.0,0.0
3325,3.244600912064041e6,3.169777157118804e6,0.0,0.0,0.0,0.0
3326,3.2587737587285466e6,3.173081293683952e6,0.0,0.0,0.0,0.0
3327,3.273561061318177e6,3.1763854302491006e6,0.0,0.0,0.0,0.0
3328,3.2883483639078066e6,3.1796895668142485e6,0.0,0.0,0.0,0.0
3329,3.3040886958034877e6,3.1817845674426137e6,0.0,0.0,0.0,0.0
3330,3.319829027699169e6,3.1838795680709793e6,0.0,0.0,0.0,0.0
3331,3.334186435347192e6,3.1802427346361275e6,0.0,0.0,0.0,0.0
3332,3.348543842995215e6,3.1766059012012756e6,0.0,0.0,0.0,0.0
3333,3.3601970430053915e6,3.172969067766424e6,0.0,0.0,0.0,0.0
3334,3.371850243015568e6,3.169332234331572e6,0.0,0.0,0.0,0.0
3335,3.3805644995265645e6,3.16569540089672e6,0.0,0.0,0.0,0.0
3336,3.389278756037561e6,3.1620585674618683e6,0.0,0.0,0.0,0.0
3337,3.396636962990622e6,3.1584217340270164e6,0.0,0.0,0.0,0.0
3338,3.4039951699436833e6,3.1547849005921646e6,0.0,0.0,0.0,0.0
3339,3.4115429657018827e6,3.1521206871934775e6,0.0,0.0,0.0,0.0
3340,3.419090761460082e6,3.14945647379479e6,0.0,0.0,0.0,0.0
3341,3.429082297982855e6,3.149440261509371e6,0.0,0.0,0.0,0.0
3342,3.4390738345056274e6,3.1494240492239525e6,0.0,0.0,0.0,0.0
3343,3.4535523167976765e6,3.1505585441705068e6,0.0,0.0,0.0,0.0
3344,3.468030799089726e6,3.151693039117061e6,0.0,0.0,0.0,0.0
3345,3.4821452974366643e6,3.1549971756822094e6,0.0,0.0,0.0,0.0
3346,3.4962597957836026e6,3.1583013122473573e6,0.0,0.0,0.0,0.0
3347,3.5095159985858276e6,3.161605448812505e6,0.0,0.0,0.0,0.0
3348,3.522772201388052e6,3.1649095853776536e6,0.0,0.0,0.0,0.0
3349,3.5355601103305398e6,3.168213721942802e6,0.0,0.0,0.0,0.0
3350,3.548348019273028e6,3.17151785850795e6,0.0,0.0,0.0,0.0
3351,3.5622225253315805e6,3.1748219950730978e6,0.0,0.0,0.0,0.0
3352,3.5760970313901333e6,3.178126131638246e6,0.0,0.0,0.0,0.0
3353,3.5910694045212306e6,3.1776474717554385e6,0.0,0.0,0.0,0.0
3354,3.606041777652328e6,3.177168811872631e6,0.0,0.0,0.0,0.0
3355,3.6194168442774634e6,3.173531978437779e6,0.0,0.0,0.0,0.0
3356,3.632791910902599e6,3.169895145002927e6,0.0,0.0,0.0,0.0
3357,3.643220460971742e6,3.1662583115680753e6,0.0,0.0,0.0,0.0
3358,3.653649011040885e6,3.1626214781332235e6,0.0,0.0,0.0,0.0
3359,3.6615873498865315e6,3.1589846446983716e6,0.0,0.0,0.0,0.0
3360,3.669525688732178e6,3.15534781126352e6,0.0,0.0,0.0,0.0
3361,3.676453566247847e6,3.1514970015819e6,0.0,0.0,0.0,0.0
3362,3.6833814437635164e6,3.1476461919002794e6,0.0,0.0,0.0,0.0
3363,3.6903767399504483e6,3.143795382218659e6,0.0,0.0,0.0,0.0
3364,3.69737203613738e6,3.139944572537039e6,0.0,0.0,0.0,0.0
3365,3.706749318715062e6,3.136093762855419e6,0.0,0.0,0.0,0.0
3366,3.7161266012927443e6,3.1322429531737985e6,0.0,0.0,0.0,0.0
3367,3.7302524702179246e6,3.128392143492178e6,0.0,0.0,0.0,0.0
3368,3.7443783391431044e6,3.124541333810558e6,0.0,0.0,0.0,0.0
3369,3.758191630114373e6,3.120690524128938e6,0.0,0.0,0.0,0.0
3370,3.7720049210856413e6,3.1168397144473176e6,0.0,0.0,0.0,0.0
3371,3.78505753578352e6,3.112988904765697e6,0.0,0.0,0.0,0.0
3372,3.798110150481399e6,3.109138095084077e6,0.0,0.0,0.0,0.0
3373,3.8116003538349723e6,3.105782806004001e6,0.0,0.0,0.0,0.0
3374,3.8250905571885454e6,3.1024275169239244e6,0.0,0.0,0.0,0.0
3375,3.839660115557818e6,3.0985767072423045e6,0.0,0.0,0.0,0.0
3376,3.854229673927091e6,3.094725897560684e6,0.0,0.0,0.0,0.0
3377,3.849784913949054e6,3.0908750878790636e6,0.0,0.0,0.0,0.0
3378,3.8453401539710173e6,3.0870242781974436e6,0.0,0.0,0.0,0.0
3379,3.8465660724282833e6,3.0831734685158236e6,0.0,0.0,0.0,0.0
3380,3.847791990885549e6,3.079322658834203e6,0.0,0.0,0.0,0.0
3381,3.859799982589178e6,3.0754718491525827e6,0.0,0.0,0.0,0.0
3382,3.871807974292806e6,3.0716210394709627e6,0.0,0.0,0.0,0.0
3383,3.8812911104370328e6,3.0677702297893427e6,0.0,0.0,0.0,0.0
3384,3.890774246581259e6,3.0639194201077223e6,0.0,0.0,0.0,0.0
3385,3.899198907817959e6,3.060068610426102e6,0.0,0.0,0.0,0.0
3386,3.9076235690546585e6,3.056217800744482e6,0.0,0.0,0.0,0.0
3387,3.9163470631023664e6,3.052366991062862e6,0.0,0.0,0.0,0.0
3388,3.9250705571500743e6,3.0485161813812414e6,0.0,0.0,0.0,0.0
3389,3.9214062669403343e6,3.044665371699621e6,0.0,0.0,0.0,0.0
3390,3.9177419767305944e6,3.040814562018001e6,0.0,0.0,0.0,0.0
3391,3.89150732881118e6,3.036963752336381e6,0.0,0.0,0.0,0.0
3392,3.865272680891765e6,3.0331129426547606e6,0.0,0.0,0.0,0.0
3393,3.859743363061849e6,3.02926213297314e6,0.0,0.0,0.0,0.0
3394,3.854214045231933e6,3.02541132329152e6,0.0,0.0,0.0,0.0
3395,3.870192778562446e6,3.0215605136099e6,0.0,0.0,0.0,0.0
3396,3.886171511892959e6,3.0177097039282797e6,0.0,0.0,0.0,0.0
3397,3.876706634161488e6,3.014071167263441e6,0.0,0.0,0.0,0.0
3398,3.867241756430017e6,3.010432630598602e6,0.0,0.0,0.0,0.0
3399,3.8414918877313044e6,3.0065818209169814e6,0.0,0.0,0.0,0.0
3400,3.8157420190325915e6,3.0027310112353615e6,0.0,0.0,0.0,0.0
3401,3.8320909557858794e6,2.9988802015537415e6,0.0,0.0,0.0,0.0
3402,3.8484398925391673e6,2.995029391872121e6,0.0,0.0,0.0,0.0
3403,3.8210547802479086e6,2.9911785821905006e6,0.0,0.0,0.0,0.0
3404,3.79366966795665e6,2.9873277725088806e6,0.0,0.0,0.0,0.0
3405,3.764468565291274e6,2.9834769628272606e6,0.0,0.0,0.0,0.0
3406,3.735267462625898e6,2.97962615314564e6,0.0,0.0,0.0,0.0
3407,3.727067162299809e6,2.9757753434640197e6,0.0,0.0,0.0,0.0
3408,3.71886686197372e6,2.9719245337823997e6,0.0,0.0,0.0,0.0
3409,3.726299208554589e6,2.968480066491506e6,0.0,0.0,0.0,0.0
3410,3.733731555135458e6,2.965035599200612e6,0.0,0.0,0.0,0.0
3411,3.741477779244757e6,2.967342115895155e6,0.0,0.0,0.0,0.0
3412,3.749224003354056e6,2.9696486325896983e6,0.0,0.0,0.0,0.0
3413,3.7575936006724853e6,2.972738792908078e6,0.0,0.0,0.0,0.0
3414,3.765963197990915e6,2.9758289532264583e6,0.0,0.0,0.0,0.0
3415,3.7685701864493075e6,2.9789191135448385e6,0.0,0.0,0.0,0.0
3416,3.7711771749077e6,2.9820092738632183e6,0.0,0.0,0.0,0.0
3417,3.7837002250976693e6,2.985099434181598e6,0.0,0.0,0.0,0.0
3418,3.796223275287638e6,2.9881895944999782e6,0.0,0.0,0.0,0.0
3419,3.808905063283016e6,2.9912797548183585e6,0.0,0.0,0.0,0.0
3420,3.8215868512783935e6,2.994369915136738e6,0.0,0.0,0.0,0.0
3421,3.8339193757285234e6,2.997460075455118e6,0.0,0.0,0.0,0.0
3422,3.8462519001786537e6,3.000550235773498e6,0.0,0.0,0.0,0.0
3423,3.846808431863762e6,3.0036403960918784e6,0.0,0.0,0.0,0.0
3424,3.8473649635488703e6,3.006730556410258e6,0.0,0.0,0.0,0.0
3425,3.822569662825954e6,3.007048698596594e6,0.0,0.0,0.0,0.0
3426,3.7977743621030375e6,3.0073668407829297e6,0.0,0.0,0.0,0.0
3427,3.7721533199408734e6,3.0035160311013097e6,0.0,0.0,0.0,0.0
3428,3.74653227777871e6,2.9996652214196892e6,0.0,0.0,0.0,0.0
3429,3.7234607039919393e6,2.995814411738069e6,0.0,0.0,0.0,0.0
3430,3.700389130205169e6,2.991963602056449e6,0.0,0.0,0.0,0.0
3431,3.6813379313424993e6,2.988112792374829e6,0.0,0.0,0.0,0.0
3432,3.6622867324798293e6,2.9842619826932084e6,0.0,0.0,0.0,0.0
3433,3.652038697719408e6,2.9806258688636897e6,0.0,0.0,0.0,0.0
3434,3.641790662958987e6,2.9769897550341706e6,0.0,0.0,0.0,0.0
3435,3.6351619627273753e6,2.976282443603702e6,0.0,0.0,0.0,0.0
3436,3.628533262495763e6,2.9755751321732337e6,0.0,0.0,0.0,0.0
3437,3.6189388119137837e6,2.9757880837966604e6,0.0,0.0,0.0,0.0
3438,3.6093443613318037e6,2.9760010354200876e6,0.0,0.0,0.0,0.0
3439,3.5960427627723776e6,2.9745702864264324e6,0.0,0.0,0.0,0.0
3440,3.5827411642129514e6,2.9731395374327777e6,0.0,0.0,0.0,0.0
3441,3.593836968933684e6,2.9711127199084973e6,0.0,0.0,0.0,0.0
3442,3.6049327736544157e6,2.9690859023842164e6,0.0,0.0,0.0,0.0
3443,3.616503271823748e6,2.972176062702596e6,0.0,0.0,0.0,0.0
3444,3.6280737699930803e6,2.9752662230209764e6,0.0,0.0,0.0,0.0
3445,3.639234434879101e6,2.9783563833393566e6,0.0,0.0,0.0,0.0
3446,3.6503950997651215e6,2.9814465436577364e6,0.0,0.0,0.0,0.0
3447,3.629364642098046e6,2.984536703976116e6,0.0,0.0,0.0,0.0
3448,3.60833418443097e6,2.9876268642944964e6,0.0,0.0,0.0,0.0
3449,3.581173836416934e6,2.9848857314159544e6,0.0,0.0,0.0,0.0
3450,3.5540134884028984e6,2.982144598537412e6,0.0,0.0,0.0,0.0
3451,3.526517895171774e6,2.978293788855792e6,0.0,0.0,0.0,0.0
3452,3.4990223019406497e6,2.9744429791741716e6,0.0,0.0,0.0,0.0
3453,3.470144806035786e6,2.970592169492551e6,0.0,0.0,0.0,0.0
3454,3.441267310130922e6,2.966741359810931e6,0.0,0.0,0.0,0.0
3455,3.410506113290457e6,2.962890550129311e6,0.0,0.0,0.0,0.0
3456,3.3797449164499925e6,2.9590397404476907e6,0.0,0.0,0.0,0.0
3457,3.348207789822683e6,2.9577203409532905e6,0.0,0.0,0.0,0.0
3458,3.316670663195374e6,2.9564009414588897e6,0.0,0.0,0.0,0.0
3459,3.2859073944796408e6,2.9594911017772695e6,0.0,0.0,0.0,0.0
3460,3.2551441257639076e6,2.9625812620956497e6,0.0,0.0,0.0,0.0
3461,3.2271240725919046e6,2.96567142241403e6,0.0,0.0,0.0,0.0
3462,3.199104019419901e6,2.9687615827324097e6,0.0,0.0,0.0,0.0
3463,3.173848982421584e6,2.9718517430507895e6,0.0,0.0,0.0,0.0
3464,3.148593945423267e6,2.9749419033691697e6,0.0,0.0,0.0,0.0
3465,3.1234110286117783e6,2.97803206368755e6,0.0,0.0,0.0,0.0
3466,3.0982281118002897e6,2.9811222240059297e6,0.0,0.0,0.0,0.0
3467,3.099529223154409e6,2.9842123843243094e6,0.0,0.0,0.0,0.0
3468,3.100830334508528e6,2.9873025446426896e6,0.0,0.0,0.0,0.0
3469,3.0909197229670603e6,2.99039270496107e6,0.0,0.0,0.0,0.0
3470,3.081009111425592e6,2.9934828652794496e6,0.0,0.0,0.0,0.0
3471,3.0550492782445024e6,2.9965730255978294e6,0.0,0.0,0.0,0.0
3472,3.0290894450634127e6,2.9996631859162096e6,0.0,0.0,0.0,0.0
3473,3.003672221423343e6,3.0009554902568813e6,0.0,0.0,0.0,0.0
3474,2.9782549977832735e6,3.002247794597553e6,0.0,0.0,0.0,0.0
3475,2.952332361650563e6,2.9983969849159326e6,0.0,0.0,0.0,0.0
3476,2.9264097255178527e6,2.9945461752343127e6,0.0,0.0,0.0,0.0
3477,2.898649905595093e6,2.9906953655526927e6,0.0,0.0,0.0,0.0
3478,2.8708900856723334e6,2.986844555871072e6,0.0,0.0,0.0,0.0
3479,2.8398231850736514e6,2.982993746189452e6,0.0,0.0,0.0,0.0
3480,2.80875628447497e6,2.979142936507832e6,0.0,0.0,0.0,0.0
3481,2.795787848000897e6,2.975292126826212e6,0.0,0.0,0.0,0.0
3482,2.7828194115268243e6,2.9714413171445914e6,0.0,0.0,0.0,0.0
3483,2.776974788471466e6,2.9679864396781237e6,0.0,0.0,0.0,0.0
3484,2.7711301654161075e6,2.964531562211656e6,0.0,0.0,0.0,0.0
3485,2.7540858082696227e6,2.962476699312511e6,0.0,0.0,0.0,0.0
3486,2.7370414511231384e6,2.9604218364133663e6,0.0,0.0,0.0,0.0
3487,2.710238098841718e6,2.959146209160568e6,0.0,0.0,0.0,0.0
3488,2.6834347465602974e6,2.9578705819077706e6,0.0,0.0,0.0,0.0
3489,2.698817011742222e6,2.957356128269494e6,0.0,0.0,0.0,0.0
3490,2.714199276924147e6,2.9568416746312175e6,0.0,0.0,0.0,0.0
3491,2.7290617926937817e6,2.9599318349495977e6,0.0,0.0,0.0,0.0
3492,2.743924308463416e6,2.9630219952679775e6,0.0,0.0,0.0,0.0
3493,2.7586619302757904e6,2.966112155586357e6,0.0,0.0,0.0,0.0
3494,2.7733995520881643e6,2.9692023159047375e6,0.0,0.0,0.0,0.0
3495,2.766160904565946e6,2.9722924762231177e6,0.0,0.0,0.0,0.0
3496,2.7589222570437277e6,2.9753826365414974e6,0.0,0.0,0.0,0.0
3497,2.7330471569888284e6,2.975661749703115e6,0.0,0.0,0.0,0.0
3498,2.7071720569339287e6,2.975940862864732e6,0.0,0.0,0.0,0.0
3499,2.6802657896842165e6,2.9720900531831114e6,0.0,0.0,0.0,0.0
3500,2.6533595224345042e6,2.9682392435014914e6,0.0,0.0,0.0,0.0
3501,2.6240322354717823e6,2.9643884338198714e6,0.0,0.0,0.0,0.0
3502,2.594704948509061e6,2.960537624138251e6,0.0,0.0,0.0,0.0
3503,2.573130722762339e6,2.9566868144566305e6,0.0,0.0,0.0,0.0
3504,2.5515564970156173e6,2.9528360047750105e6,0.0,0.0,0.0,0.0
3505,2.5323290460163644e6,2.9526536576015763e6,0.0,0.0,0.0,0.0
3506,2.513101595017111e6,2.9524713104281416e6,0.0,0.0,0.0,0.0
3507,2.491033888295005e6,2.955561470746522e6,0.0,0.0,0.0,0.0
3508,2.4689661815728988e6,2.9586516310649016e6,0.0,0.0,0.0,0.0
3509,2.4390491319883764e6,2.9617417913832814e6,0.0,0.0,0.0,0.0
3510,2.409132082403854e6,2.9648319517016616e6,0.0,0.0,0.0,0.0
3511,2.383483514387233e6,2.967922112020042e6,0.0,0.0,0.0,0.0
3512,2.357834946370612e6,2.9710122723384215e6,0.0,0.0,0.0,0.0
3513,2.3323025499403155e6,2.9741024326568013e6,0.0,0.0,0.0,0.0
3514,2.306770153510019e6,2.9771925929751815e6,0.0,0.0,0.0,0.0
3515,2.297272592714591e6,2.9802827532935617e6,0.0,0.0,0.0,0.0
3516,2.2877750319191627e6,2.9833729136119415e6,0.0,0.0,0.0,0.0
3517,2.269416043331257e6,2.9864630739303213e6,0.0,0.0,0.0,0.0
3518,2.2510570547433514e6,2.9895532342487015e6,0.0,0.0,0.0,0.0
3519,2.225459614902036e6,2.9926433945670817e6,0.0,0.0,0.0,0.0
3520,2.19986217506072e6,2.9957335548854615e6,0.0,0.0,0.0,0.0
3521,2.174825398534991e6,2.998823715203841e6,0.0,0.0,0.0,0.0
3522,2.1497886220092615e6,3.0019138755222214e6,0.0,0.0,0.0,0.0
3523,2.124058614857548e6,3.0050040358406017e6,0.0,0.0,0.0,0.0
3524,2.098328607705835e6,3.0080941961589814e6,0.0,0.0,0.0,0.0
3525,2.0700189597885683e6,3.011184356477361e6,0.0,0.0,0.0,0.0
3526,2.0417093118713018e6,3.0142745167957414e6,0.0,0.0,0.0,0.0
3527,2.010111751421542e6,3.0173646771141216e6,0.0,0.0,0.0,0.0
3528,1.978514190971782e6,3.0204548374325014e6,0.0,0.0,0.0,0.0
3529,1.9594271869437916e6,3.018256529984113e6,0.0,0.0,0.0,0.0
3530,1.9403401829158012e6,3.0160582225357243e6,0.0,0.0,0.0,0.0
3531,1.9492919978898007e6,3.016168698702951e6,0.0,0.0,0.0,0.0
3532,1.9582438128638002e6,3.016279174870177e6,0.0,0.0,0.0,0.0
3533,1.9283761117520113e6,3.0149057373438063e6,0.0,0.0,0.0,0.0
3534,1.8985084106402227e6,3.0135322998174354e6,0.0,0.0,0.0,0.0
3535,1.8726120779077443e6,3.012299420896003e6,0.0,0.0,0.0,0.0
3536,1.846715745175266e6,3.01106654197457e6,0.0,0.0,0.0,0.0
3537,1.8209013226736444e6,3.0069821805904796e6,0.0,0.0,0.0,0.0
3538,1.7950869001720229e6,3.002897819206389e6,0.0,0.0,0.0,0.0
3539,1.8110421505540982e6,3.0057544278222984e6,0.0,0.0,0.0,0.0
3540,1.8269974009361737e6,3.008611036438208e6,0.0,0.0,0.0,0.0
3541,1.8004955184553405e6,3.011467645054118e6,0.0,0.0,0.0,0.0
3542,1.773993635974507e6,3.014324253670027e6,0.0,0.0,0.0,0.0
3543,1.7475839461367358e6,3.0171808622859363e6,0.0,0.0,0.0,0.0
3544,1.7211742562989646e6,3.020037470901846e6,0.0,0.0,0.0,0.0
3545,1.695455945620369e6,3.022526913670518e6,0.0,0.0,0.0,0.0
3546,1.6697376349417733e6,3.02501635643919e6,0.0,0.0,0.0,0.0
3547,1.642470238206666e6,3.022175873858058e6,0.0,0.0,0.0,0.0
3548,1.6152028414715587e6,3.019335391276926e6,0.0,0.0,0.0,0.0
3549,1.585291637846503e6,3.0171711823345656e6,0.0,0.0,0.0,0.0
3550,1.5553804342214472e6,3.015006973392206e6,0.0,0.0,0.0,0.0
3551,1.5222365516167618e6,3.0141503962134616e6,0.0,0.0,0.0,0.0
3552,1.4890926690120767e6,3.013293819034717e6,0.0,0.0,0.0,0.0
3553,1.4617258648355752e6,3.0161504276506267e6,0.0,0.0,0.0,0.0
3554,1.4343590606590735e6,3.019007036266536e6,0.0,0.0,0.0,0.0
3555,1.4163400180670728e6,3.021863644882445e6,0.0,0.0,0.0,0.0
3556,1.3983209754750722e6,3.024720253498355e6,0.0,0.0,0.0,0.0
3557,1.3717888984721506e6,3.0275768621142646e6,0.0,0.0,0.0,0.0
3558,1.345256821469229e6,3.030433470730174e6,0.0,0.0,0.0,0.0
3559,1.3173949731062464e6,3.033290079346083e6,0.0,0.0,0.0,0.0
3560,1.2895331247432637e6,3.036146687961993e6,0.0,0.0,0.0,0.0
3561,1.3034910096390266e6,3.0390032965779025e6,0.0,0.0,0.0,0.0
3562,1.3174488945347897e6,3.0418599051938117e6,0.0,0.0,0.0,0.0
3563,1.330567640309432e6,3.044716513809721e6,0.0,0.0,0.0,0.0
3564,1.3436863860840744e6,3.0475731224256307e6,0.0,0.0,0.0,0.0
3565,1.3561017247206157e6,3.0504297310415404e6,0.0,0.0,0.0,0.0
3566,1.368517063357157e6,3.0532863396574496e6,0.0,0.0,0.0,0.0
3567,1.3811884786384637e6,3.056142948273359e6,0.0,0.0,0.0,0.0
3568,1.3938598939197701e6,3.0589995568892686e6,0.0,0.0,0.0,0.0
3569,1.4070127373741367e6,3.0573392947575334e6,0.0,0.0,0.0,0.0
3570,1.420165580828503e6,3.055679032625798e6,0.0,0.0,0.0,0.0
3571,1.4318598132187426e6,3.0515946712417076e6,0.0,0.0,0.0,0.0
3572,1.4435540456089824e6,3.047510309857617e6,0.0,0.0,0.0,0.0
3573,1.4528774902668148e6,3.0434259484735266e6,0.0,0.0,0.0,0.0
3574,1.4622009349246474e6,3.039341587089436e6,0.0,0.0,0.0,0.0
3575,1.4693367693915158e6,3.0352572257053456e6,0.0,0.0,0.0,0.0
3576,1.4764726038583843e6,3.031172864321255e6,0.0,0.0,0.0,0.0
3577,1.4823541976655764e6,3.0292158492572457e6,0.0,0.0,0.0,0.0
3578,1.4882357914727682e6,3.027258834193236e6,0.0,0.0,0.0,0.0
3579,1.4939866779102825e6,3.029156213123584e6,0.0,0.0,0.0,0.0
3580,1.4997375643477968e6,3.0310535920539326e6,0.0,0.0,0.0,0.0
3581,1.506543474045299e6,3.033910200669842e6,0.0,0.0,0.0,0.0
3582,1.5133493837428011e6,3.0367668092857515e6,0.0,0.0,0.0,0.0
3583,1.5223773694828681e6,3.0386781723272917e6,0.0,0.0,0.0,0.0
3584,1.531405355222935e6,3.040589535368832e6,0.0,0.0,0.0,0.0
3585,1.542515575067058e6,3.040064273589417e6,0.0,0.0,0.0,0.0
3586,1.5536257949111809e6,3.039539011810002e6,0.0,0.0,0.0,0.0
3587,1.5649652822631774e6,3.0423956204259116e6,0.0,0.0,0.0,0.0
3588,1.5763047696151743e6,3.045252229041821e6,0.0,0.0,0.0,0.0
3589,1.587225868511978e6,3.047663023519466e6,0.0,0.0,0.0,0.0
3590,1.5981469674087819e6,3.0500738179971115e6,0.0,0.0,0.0,0.0
3591,1.6101087839218336e6,3.0529304266130207e6,0.0,0.0,0.0,0.0
3592,1.6220706004348854e6,3.0557870352289304e6,0.0,0.0,0.0,0.0
3593,1.6349219493359486e6,3.053908342749055e6,0.0,0.0,0.0,0.0
3594,1.6477732982370115e6,3.0520296502691796e6,0.0,0.0,0.0,0.0
3595,1.658787045286113e6,3.047945288885089e6,0.0,0.0,0.0,0.0
3596,1.6698007923352143e6,3.0438609275009986e6,0.0,0.0,0.0,0.0
3597,1.678539983970902e6,3.039776566116908e6,0.0,0.0,0.0,0.0
3598,1.6872791756065893e6,3.0356922047328176e6,0.0,0.0,0.0,0.0
3599,1.6944455096962247e6,3.031607843348727e6,0.0,0.0,0.0,0.0
3600,1.7016118437858599e6,3.0275234819646366e6,0.0,0.0,0.0,0.0
3601,1.7074789291564492e6,3.029984980436433e6,0.0,0.0,0.0,0.0
3602,1.7133460145270384e6,3.03244647890823e6,0.0,0.0,0.0,0.0
3603,1.7189923272568574e6,3.0353030875241393e6,0.0,0.0,0.0,0.0
3604,1.7246386399866764e6,3.038159696140049e6,0.0,0.0,0.0,0.0
3605,1.730440979553841e6,3.0410163047559587e6,0.0,0.0,0.0,0.0
3606,1.736243319121006e6,3.043872913371868e6,0.0,0.0,0.0,0.0
3607,1.7428656063435099e6,3.0439134882651004e6,0.0,0.0,0.0,0.0
3608,1.7494878935660138e6,3.043954063158333e6,0.0,0.0,0.0,0.0
3609,1.757503538833554e6,3.046810671774242e6,0.0,0.0,0.0,0.0
3610,1.7655191841010938e6,3.049667280390152e6,0.0,0.0,0.0,0.0
3611,1.7744894930335376e6,3.0525238890060615e6,0.0,0.0,0.0,0.0
3612,1.7834598019659815e6,3.0553804976219707e6,0.0,0.0,0.0,0.0
3613,1.7921083386634805e6,3.05823710623788e6,0.0,0.0,0.0,0.0
3614,1.8007568753609795e6,3.0610937148537897e6,0.0,0.0,0.0,0.0
3615,1.810555111202477e6,3.0639503234696994e6,0.0,0.0,0.0,0.0
3616,1.8203533470439743e6,3.0668069320856086e6,0.0,0.0,0.0,0.0
3617,1.8313138137044222e6,3.0656651462543095e6,0.0,0.0,0.0,0.0
3618,1.8422742803648699e6,3.064523360423011e6,0.0,0.0,0.0,0.0
3619,1.852750507715552e6,3.0604389990389203e6,0.0,0.0,0.0,0.0
3620,1.8632267350662346e6,3.05635463765483e6,0.0,0.0,0.0,0.0
3621,1.8724599757365077e6,3.0522702762707393e6,0.0,0.0,0.0,0.0
3622,1.881693216406781e6,3.0481859148866488e6,0.0,0.0,0.0,0.0
3623,1.889294506237803e6,3.0441015535025583e6,0.0,0.0,0.0,0.0
3624,1.8968957960688248e6,3.0400171921184678e6,0.0,0.0,0.0,0.0
3625,1.9034959305489252e6,3.036550714875453e6,0.0,0.0,0.0,0.0
3626,1.9100960650290255e6,3.0330842376324385e6,0.0,0.0,0.0,0.0
3627,1.9169920462463447e6,3.0309297732782364e6,0.0,0.0,0.0,0.0
3628,1.9238880274636638e6,3.0287753089240347e6,0.0,0.0,0.0,0.0
3629,1.9335495172133916e6,3.0313285332365204e6,0.0,0.0,0.0,0.0
3630,1.9432110069631196e6,3.033881757549006e6,0.0,0.0,0.0,0.0
3631,1.957284181514278e6,3.0350848176849713e6,0.0,0.0,0.0,0.0
3632,1.9713573560654365e6,3.0362878778209365e6,0.0,0.0,0.0,0.0
3633,1.9852559408881664e6,3.0336605494992286e6,0.0,0.0,0.0,0.0
3634,1.9991545257108966e6,3.03103322117752e6,0.0,0.0,0.0,0.0
3635,2.0126174817046653e6,3.03388982979343e6,0.0,0.0,0.0,0.0
3636,2.0260804376984343e6,3.036746438409339e6,0.0,0.0,0.0,0.0
3637,2.0394752411293057e6,3.0396030470252484e6,0.0,0.0,0.0,0.0
3638,2.0528700445601773e6,3.042459655641158e6,0.0,0.0,0.0,0.0
3639,2.0671367408849099e6,3.045316264257068e6,0.0,0.0,0.0,0.0
3640,2.0814034372096425e6,3.048172872872977e6,0.0,0.0,0.0,0.0
3641,2.0967925831288442e6,3.0440885114888866e6,0.0,0.0,0.0,0.0
3642,2.112181729048046e6,3.040004150104796e6,0.0,0.0,0.0,0.0
3643,2.1265931134533007e6,3.0359197887207055e6,0.0,0.0,0.0,0.0
3644,2.1410044978585555e6,3.031835427336615e6,0.0,0.0,0.0,0.0
3645,2.1530788859888e6,3.0277510659525245e6,0.0,0.0,0.0,0.0
3646,2.1651532741190437e6,3.023666704568434e6,0.0,0.0,0.0,0.0
3647,2.173623802930736e6,3.0195823431843435e6,0.0,0.0,0.0,0.0
3648,2.1820943317424287e6,3.015497981800253e6,0.0,0.0,0.0,0.0
3649,2.18892886054798e6,3.0114136204161625e6,0.0,0.0,0.0,0.0
3650,2.195763389353531e6,3.007329259032072e6,0.0,0.0,0.0,0.0
3651,2.2026944048352665e6,3.0032448976479815e6,0.0,0.0,0.0,0.0
3652,2.209625420317002e6,2.999160536263891e6,0.0,0.0,0.0,0.0
3653,2.21994953540859e6,2.9971744278953937e6,0.0,0.0,0.0,0.0
3654,2.230273650500178e6,2.9951883195268963e6,0.0,0.0,0.0,0.0
3655,2.2443866689905943e6,2.9945131832015244e6,0.0,0.0,0.0,0.0
3656,2.2584996874810103e6,2.9938380468761525e6,0.0,0.0,0.0,0.0
3657,2.2726335181614156e6,2.992882503046301e6,0.0,0.0,0.0,0.0
3658,2.286767348841821e6,2.9919269592164503e6,0.0,0.0,0.0,0.0
3659,2.300562598740577e6,2.99478356783236e6,0.0,0.0,0.0,0.0
3660,2.3143578486393336e6,2.9976401764482693e6,0.0,0.0,0.0,0.0
3661,2.3282854386741165e6,3.0004967850641785e6,0.0,0.0,0.0,0.0
3662,2.342213028708899e6,3.003353393680088e6,0.0,0.0,0.0,0.0
3663,2.3571543632161287e6,3.006210002295998e6,0.0,0.0,0.0,0.0
3664,2.3720956977233584e6,3.009066610911907e6,0.0,0.0,0.0,0.0
3665,2.3882497986115934e6,3.0049822495278167e6,0.0,0.0,0.0,0.0
3666,2.4044038994998285e6,3.000897888143726e6,0.0,0.0,0.0,0.0
3667,2.419856710529495e6,2.9968135267596357e6,0.0,0.0,0.0,0.0
3668,2.435309521559162e6,2.992729165375545e6,0.0,0.0,0.0,0.0
3669,2.4481183336415133e6,2.9886448039914547e6,0.0,0.0,0.0,0.0
3670,2.460927145723864e6,2.984560442607364e6,0.0,0.0,0.0,0.0
3671,2.4712938660725914e6,2.9804760812232736e6,0.0,0.0,0.0,0.0
3672,2.4816605864213193e6,2.976391719839183e6,0.0,0.0,0.0,0.0
3673,2.4906141226391615e6,2.9723073584550926e6,0.0,0.0,0.0,0.0
3674,2.4995676588570043e6,2.968222997071002e6,0.0,0.0,0.0,0.0
3675,2.508420673028335e6,2.9641386356869116e6,0.0,0.0,0.0,0.0
3676,2.5172736871996652e6,2.960054274302821e6,0.0,0.0,0.0,0.0
3677,2.529480957361626e6,2.9559699129187306e6,0.0,0.0,0.0,0.0
3678,2.5416882275235867e6,2.95188555153464e6,0.0,0.0,0.0,0.0
3679,2.557997874839464e6,2.9478011901505496e6,0.0,0.0,0.0,0.0
3680,2.574307522155342e6,2.943716828766459e6,0.0,0.0,0.0,0.0
3681,2.590325839900151e6,2.9424057727839593e6,0.0,0.0,0.0,0.0
3682,2.6063441576449596e6,2.94109471680146e6,0.0,0.0,0.0,0.0
3683,2.6217078525419906e6,2.9439513254173696e6,0.0,0.0,0.0,0.0
3684,2.637071547439022e6,2.946807934033279e6,0.0,0.0,0.0,0.0
3685,2.6517100369168306e6,2.949664542649188e6,0.0,0.0,0.0,0.0
3686,2.6663485263946387e6,2.952521151265098e6,0.0,0.0,0.0,0.0
3687,2.6812586744200513e6,2.9553777598810075e6,0.0,0.0,0.0,0.0
3688,2.6961688224454643e6,2.9582343684969167e6,0.0,0.0,0.0,0.0
3689,2.711919909635469e6,2.954150007112826e6,0.0,0.0,0.0,0.0
3690,2.7276709968254734e6,2.9500656457287357e6,0.0,0.0,0.0,0.0
3691,2.742075257431091e6,2.945981284344645e6,0.0,0.0,0.0,0.0
3692,2.7564795180367082e6,2.9418969229605547e6,0.0,0.0,0.0,0.0
3693,2.7682863037634864e6,2.937812561576464e6,0.0,0.0,0.0,0.0
3694,2.7800930894902647e6,2.9337282001923737e6,0.0,0.0,0.0,0.0
3695,2.7890251092964243e6,2.929643838808283e6,0.0,0.0,0.0,0.0
3696,2.7979571291025835e6,2.9255594774241927e6,0.0,0.0,0.0,0.0
3697,2.7752339447516957e6,2.921841851237176e6,0.0,0.0,0.0,0.0
3698,2.7525107604008075e6,2.9181242250501597e6,0.0,0.0,0.0,0.0
3699,2.7288849019131614e6,2.9144065988631435e6,0.0,0.0,0.0,0.0
3700,2.705259043425515e6,2.9106889726761268e6,0.0,0.0,0.0,0.0
3701,2.674698946506899e6,2.90697134648911e6,0.0,0.0,0.0,0.0
3702,2.6441388495882833e6,2.903253720302094e6,0.0,0.0,0.0,0.0
3703,2.6180790490803323e6,2.8995360941150775e6,0.0,0.0,0.0,0.0
3704,2.592019248572381e6,2.895818467928061e6,0.0,0.0,0.0,0.0
3705,2.568954685803786e6,2.892100841741044e6,0.0,0.0,0.0,0.0
3706,2.545890123035191e6,2.888383215554028e6,0.0,0.0,0.0,0.0
3707,2.5604934684672635e6,2.8846655893670116e6,0.0,0.0,0.0,0.0
3708,2.5750968138993355e6,2.880947963179995e6,0.0,0.0,0.0,0.0
3709,2.589524902451131e6,2.8784739879422933e6,0.0,0.0,0.0,0.0
3710,2.6039529910029266e6,2.876000012704592e6,0.0,0.0,0.0,0.0
3711,2.576899645250527e6,2.872282386517576e6,0.0,0.0,0.0,0.0
3712,2.5498462994981282e6,2.868564760330559e6,0.0,0.0,0.0,0.0
3713,2.523617800667939e6,2.8648471341435425e6,0.0,0.0,0.0,0.0
3714,2.497389301837749e6,2.8611295079565262e6,0.0,0.0,0.0,0.0
3715,2.469591370815306e6,2.85741188176951e6,0.0,0.0,0.0,0.0
3716,2.4417934397928636e6,2.8536942555824933e6,0.0,0.0,0.0,0.0
3717,2.4165564912133757e6,2.8499766293954765e6,0.0,0.0,0.0,0.0
3718,2.3913195426338883e6,2.8462590032084603e6,0.0,0.0,0.0,0.0
3719,2.390774914391442e6,2.842541377021444e6,0.0,0.0,0.0,0.0
3720,2.3902302861489966e6,2.8388237508344273e6,0.0,0.0,0.0,0.0
3721,2.3971804213550184e6,2.8351061246474106e6,0.0,0.0,0.0,0.0
3722,2.4041305565610398e6,2.8313884984603943e6,0.0,0.0,0.0,0.0
3723,2.4108965141846077e6,2.827670872273378e6,0.0,0.0,0.0,0.0
3724,2.4176624718081756e6,2.8239532460863614e6,0.0,0.0,0.0,0.0
3725,2.4271511831038375e6,2.8202356198993446e6,0.0,0.0,0.0,0.0
3726,2.4366398943994995e6,2.8165179937123284e6,0.0,0.0,0.0,0.0
3727,2.450233503270088e6,2.812800367525312e6,0.0,0.0,0.0,0.0
3728,2.463827112140677e6,2.8090827413382954e6,0.0,0.0,0.0,0.0
3729,2.477159634058253e6,2.8053651151512787e6,0.0,0.0,0.0,0.0
3730,2.490492155975829e6,2.8016474889642624e6,0.0,0.0,0.0,0.0
3731,2.503595813119684e6,2.797929862777246e6,0.0,0.0,0.0,0.0
3732,2.516699470263539e6,2.7942122365902294e6,0.0,0.0,0.0,0.0
3733,2.5293330927017517e6,2.7904946104032127e6,0.0,0.0,0.0,0.0
3734,2.541966715139965e6,2.7867769842161965e6,0.0,0.0,0.0,0.0
3735,2.5547231080350103e6,2.78305935802918e6,0.0,0.0,0.0,0.0
3736,2.567479500930056e6,2.7793417318421635e6,0.0,0.0,0.0,0.0
3737,2.581028807158036e6,2.7756241056551468e6,0.0,0.0,0.0,0.0
3738,2.594578113386017e6,2.7719064794681305e6,0.0,0.0,0.0,0.0
3739,2.6063505355172176e6,2.7681888532811143e6,0.0,0.0,0.0,0.0
3740,2.618122957648419e6,2.7644712270940975e6,0.0,0.0,0.0,0.0
3741,2.6278589384621223e6,2.760753600907081e6,0.0,0.0,0.0,0.0
3742,2.637594919275826e6,2.7570359747200646e6,0.0,0.0,0.0,0.0
3743,2.645108112870281e6,2.7533183485330483e6,0.0,0.0,0.0,0.0
3744,2.6526213064647363e6,2.7496007223460316e6,0.0,0.0,0.0,0.0
3745,2.6585495032120836e6,2.745883096159015e6,0.0,0.0,0.0,0.0
3746,2.664477699959431e6,2.7421654699719986e6,0.0,0.0,0.0,0.0
3747,2.670048838701674e6,2.7384478437849823e6,0.0,0.0,0.0,0.0
3748,2.6756199774439167e6,2.7347302175979656e6,0.0,0.0,0.0,0.0
3749,2.6815552934753494e6,2.731012591410949e6,0.0,0.0,0.0,0.0
3750,2.687490609506782e6,2.7272949652239326e6,0.0,0.0,0.0,0.0
3751,2.6954013144221334e6,2.7235773390369164e6,0.0,0.0,0.0,0.0
3752,2.703312019337485e6,2.7198597128498997e6,0.0,0.0,0.0,0.0
3753,2.712408907554956e6,2.716142086662883e6,0.0,0.0,0.0,0.0
3754,2.7215057957724268e6,2.7124244604758667e6,0.0,0.0,0.0,0.0
3755,2.7304013680450707e6,2.7087068342888504e6,0.0,0.0,0.0,0.0
3756,2.7392969403177146e6,2.7049892081018337e6,0.0,0.0,0.0,0.0
3757,2.747755687279741e6,2.701271581914817e6,0.0,0.0,0.0,0.0
3758,2.756214434241767e6,2.6975539557278007e6,0.0,0.0,0.0,0.0
3759,2.765863806757521e6,2.6938363295407845e6,0.0,0.0,0.0,0.0
3760,2.7755131792732743e6,2.6901187033537677e6,0.0,0.0,0.0,0.0
3761,2.785766411004783e6,2.686401077166751e6,0.0,0.0,0.0,0.0
3762,2.796019642736292e6,2.682683450979735e6,0.0,0.0,0.0,0.0
3763,2.804799099442252e6,2.6789658247927185e6,0.0,0.0,0.0,0.0
3764,2.8135785561482124e6,2.675248198605702e6,0.0,0.0,0.0,0.0
3765,2.820840469720907e6,2.671530572418685e6,0.0,0.0,0.0,0.0
3766,2.8281023832936017e6,2.667812946231669e6,0.0,0.0,0.0,0.0
3767,2.8339463655393324e6,2.6640953200446526e6,0.0,0.0,0.0,0.0
3768,2.839790347785063e6,2.660377693857636e6,0.0,0.0,0.0,0.0
3769,2.844697329359848e6,2.656660067670619e6,0.0,0.0,0.0,0.0
3770,2.849604310934633e6,2.652942441483603e6,0.0,0.0,0.0,0.0
3771,2.8543852552001253e6,2.6492248152965866e6,0.0,0.0,0.0,0.0
3772,2.859166199465617e6,2.64550718910957e6,0.0,0.0,0.0,0.0
3773,2.8640745653737e6,2.643711162166821e6,0.0,0.0,0.0,0.0
3774,2.868982931281783e6,2.6419151352240723e6,0.0,0.0,0.0,0.0
3775,2.874842464478903e6,2.638275373666319e6,0.0,0.0,0.0,0.0
3776,2.880701997676023e6,2.634635612108566e6,0.0,0.0,0.0,0.0
3777,2.887780501562344e6,2.6309179859215496e6,0.0,0.0,0.0,0.0
3778,2.8948590054486655e6,2.627200359734533e6,0.0,0.0,0.0,0.0
3779,2.9023429436069666e6,2.6237246837893985e6,0.0,0.0,0.0,0.0
3780,2.909826881765268e6,2.620249007844264e6,0.0,0.0,0.0,0.0
3781,2.917307688090681e6,2.6234723516572476e6,0.0,0.0,0.0,0.0
3782,2.9247884944160944e6,2.626695695470231e6,0.0,0.0,0.0,0.0
3783,2.9340646248118053e6,2.6229780692832144e6,0.0,0.0,0.0,0.0
3784,2.9433407552075163e6,2.619260443096198e6,0.0,0.0,0.0,0.0
3785,2.9540031813342054e6,2.615542816909182e6,0.0,0.0,0.0,0.0
3786,2.9646656074608946e6,2.611825190722165e6,0.0,0.0,0.0,0.0
3787,2.9746343622749653e6,2.6081075645351484e6,0.0,0.0,0.0,0.0
3788,2.9846031170890355e6,2.604389938348132e6,0.0,0.0,0.0,0.0
3789,2.9930940619411077e6,2.600672312161116e6,0.0,0.0,0.0,0.0
3790,3.0015850067931795e6,2.596954685974099e6,0.0,0.0,0.0,0.0
3791,3.008379255854751e6,2.5932370597870825e6,0.0,0.0,0.0,0.0
3792,3.0151735049163224e6,2.589519433600066e6,0.0,0.0,0.0,0.0
3793,3.021047270848711e6,2.58580180741305e6,0.0,0.0,0.0,0.0
3794,3.0269210367811e6,2.5820841812260333e6,0.0,0.0,0.0,0.0
3795,3.0331203100624364e6,2.5807088066532714e6,0.0,0.0,0.0,0.0
3796,3.039319583343773e6,2.579333432080509e6,0.0,0.0,0.0,0.0
3797,3.030038068622372e6,2.575615805893493e6,0.0,0.0,0.0,0.0
3798,3.020756553900971e6,2.571898179706476e6,0.0,0.0,0.0,0.0
3799,3.0091737079807394e6,2.5681805535194594e6,0.0,0.0,0.0,0.0
3800,2.9975908620605078e6,2.564462927332443e6,0.0,0.0,0.0,0.0
3801,2.996310011161006e6,2.560745301145427e6,0.0,0.0,0.0,0.0
3802,2.9950291602615044e6,2.55702767495841e6,0.0,0.0,0.0,0.0
3803,3.0085262644580584e6,2.5533100487713935e6,0.0,0.0,0.0,0.0
3804,3.0220233686546125e6,2.549592422584377e6,0.0,0.0,0.0,0.0
3805,3.0356682366656577e6,2.546265228720121e6,0.0,0.0,0.0,0.0
3806,3.0493131046767025e6,2.542938034855865e6,0.0,0.0,0.0,0.0
3807,3.022199326857348e6,2.5392204086688487e6,0.0,0.0,0.0,0.0
3808,2.9950855490379934e6,2.535502782481832e6,0.0,0.0,0.0,0.0
3809,2.9689044365241583e6,2.5317851562948152e6,0.0,0.0,0.0,0.0
3810,2.942723324010323e6,2.528067530107799e6,0.0,0.0,0.0,0.0
3811,2.9573866944949958e6,2.5243499039207827e6,0.0,0.0,0.0,0.0
3812,2.9720500649796687e6,2.520632277733766e6,0.0,0.0,0.0,0.0
3813,2.984456246970909e6,2.5169146515467493e6,0.0,0.0,0.0,0.0
3814,2.9968624289621497e6,2.513197025359733e6,0.0,0.0,0.0,0.0
3815,2.9968019735010704e6,2.509479399172717e6,0.0,0.0,0.0,0.0
3816,2.9967415180399907e6,2.5057617729857e6,0.0,0.0,0.0,0.0
3817,3.0052550502800844e6,2.503376578032611e6,0.0,0.0,0.0,0.0
3818,3.013768582520178e6,2.500991383079522e6,0.0,0.0,0.0,0.0
3819,3.022321979998066e6,2.501733028306987e6,0.0,0.0,0.0,0.0
3820,3.030875377475954e6,2.502474673534453e6,0.0,0.0,0.0,0.0
3821,3.0300497308408846e6,2.5056980173474364e6,0.0,0.0,0.0,0.0
3822,3.029224084205815e6,2.50892136116042e6,0.0,0.0,0.0,0.0
3823,3.008687430014482e6,2.5121447049734034e6,0.0,0.0,0.0,0.0
3824,2.988150775823149e6,2.515368048786387e6,0.0,0.0,0.0,0.0
3825,3.002494492600917e6,2.518471700122877e6,0.0,0.0,0.0,0.0
3826,3.016838209378685e6,2.521575351459367e6,0.0,0.0,0.0,0.0
3827,3.0308670371596417e6,2.5247986952723507e6,0.0,0.0,0.0,0.0
3828,3.0448958649405986e6,2.528022039085334e6,0.0,0.0,0.0,0.0
3829,3.058783778956875e6,2.5312453828983176e6,0.0,0.0,0.0,0.0
3830,3.0726716929731523e6,2.534468726711301e6,0.0,0.0,0.0,0.0
3831,3.087150232289712e6,2.5376920705242846e6,0.0,0.0,0.0,0.0
3832,3.101628771606272e6,2.540915414337268e6,0.0,0.0,0.0,0.0
3833,3.116813869197891e6,2.540079430546893e6,0.0,0.0,0.0,0.0
3834,3.13199896678951e6,2.539243446756518e6,0.0,0.0,0.0,0.0
3835,3.145540646801753e6,2.5355258205695013e6,0.0,0.0,0.0,0.0
3836,3.159082326813996e6,2.531808194382485e6,0.0,0.0,0.0,0.0
3837,3.1699746693916423e6,2.5280905681954687e6,0.0,0.0,0.0,0.0
3838,3.1808670119692893e6,2.524372942008452e6,0.0,0.0,0.0,0.0
3839,3.189614464115766e6,2.5206553158214353e6,0.0,0.0,0.0,0.0
3840,3.198361916262243e6,2.516937689634419e6,0.0,0.0,0.0,0.0
3841,3.205412964989938e6,2.51766654764805e6,0.0,0.0,0.0,0.0
3842,3.212464013717633e6,2.5183954056616807e6,0.0,0.0,0.0,0.0
3843,3.219558998965318e6,2.521618749474664e6,0.0,0.0,0.0,0.0
3844,3.2266539842130025e6,2.5248420932876477e6,0.0,0.0,0.0,0.0
3845,3.2240712315091677e6,2.528065437100631e6,0.0,0.0,0.0,0.0
3846,3.221488478805333e6,2.5312887809136147e6,0.0,0.0,0.0,0.0
3847,3.196704052008559e6,2.534512124726598e6,0.0,0.0,0.0,0.0
3848,3.1719196252117855e6,2.5377354685395816e6,0.0,0.0,0.0,0.0
3849,3.186036871755748e6,2.540958812352565e6,0.0,0.0,0.0,0.0
3850,3.2001541182997106e6,2.5441821561655486e6,0.0,0.0,0.0,0.0
3851,3.2135064757816875e6,2.547405499978532e6,0.0,0.0,0.0,0.0
3852,3.2268588332636645e6,2.5506288437915156e6,0.0,0.0,0.0,0.0
3853,3.239904613860981e6,2.553852187604499e6,0.0,0.0,0.0,0.0
3854,3.2529503944582976e6,2.5570755314174825e6,0.0,0.0,0.0,0.0
3855,3.2650431262778025e6,2.560298875230466e6,0.0,0.0,0.0,0.0
3856,3.2771358580973074e6,2.5635222190434495e6,0.0,0.0,0.0,0.0
3857,3.2916841714759753e6,2.56599890849517e6,0.0,0.0,0.0,0.0
3858,3.3062324848546432e6,2.5684755979468906e6,0.0,0.0,0.0,0.0
3859,3.3197078136339267e6,2.566882810536688e6,0.0,0.0,0.0,0.0
3860,3.33318314241321e6,2.5652900231264858e6,0.0,0.0,0.0,0.0
3861,3.3442619640471297e6,2.5649104893450085e6,0.0,0.0,0.0,0.0
3862,3.3553407856810493e6,2.564530955563531e6,0.0,0.0,0.0,0.0
3863,3.362950643499694e6,2.5646252886961973e6,0.0,0.0,0.0,0.0
3864,3.370560501318339e6,2.564719621828864e6,0.0,0.0,0.0,0.0
3865,3.376605362542426e6,2.564609490443856e6,0.0,0.0,0.0,0.0
3866,3.3826502237665136e6,2.564499359058848e6,0.0,0.0,0.0,0.0
3867,3.3888687089200635e6,2.5693121324036913e6,0.0,0.0,0.0,0.0
3868,3.3950871940736133e6,2.574124905748534e6,0.0,0.0,0.0,0.0
3869,3.4038834504967565e6,2.5789376790933767e6,0.0,0.0,0.0,0.0
3870,3.412679706919899e6,2.58375045243822e6,0.0,0.0,0.0,0.0
3871,3.425885195173012e6,2.588563225783063e6,0.0,0.0,0.0,0.0
3872,3.439090683426125e6,2.593375999127906e6,0.0,0.0,0.0,0.0
3873,3.4526489380958136e6,2.5981887724727485e6,0.0,0.0,0.0,0.0
3874,3.4662071927655027e6,2.6030015458175917e6,0.0,0.0,0.0,0.0
3875,3.479209499239062e6,2.607814319162435e6,0.0,0.0,0.0,0.0
3876,3.492211805712621e6,2.6126270925072776e6,0.0,0.0,0.0,0.0
3877,3.504842305803569e6,2.6174398658521203e6,0.0,0.0,0.0,0.0
3878,3.5174728058945164e6,2.6222526391969635e6,0.0,0.0,0.0,0.0
3879,3.5307512129235454e6,2.6270654125418067e6,0.0,0.0,0.0,0.0
3880,3.544029619952574e6,2.6318781858866494e6,0.0,0.0,0.0,0.0
3881,3.5584334584195446e6,2.636690959231492e6,0.0,0.0,0.0,0.0
3882,3.572837296886515e6,2.6415037325763353e6,0.0,0.0,0.0,0.0
3883,3.586436891216675e6,2.6463165059211785e6,0.0,0.0,0.0,0.0
3884,3.600036485546835e6,2.651129279266021e6,0.0,0.0,0.0,0.0
3885,3.611198293987776e6,2.649001082610864e6,0.0,0.0,0.0,0.0
3886,3.622360102428717e6,2.646872885955707e6,0.0,0.0,0.0,0.0
3887,3.6312481670350498e6,2.65168565930055e6,0.0,0.0,0.0,0.0
3888,3.6401362316413824e6,2.656498432645393e6,0.0,0.0,0.0,0.0
3889,3.647517816348537e6,2.6613112059902363e6,0.0,0.0,0.0,0.0
3890,3.6548994010556913e6,2.666123979335079e6,0.0,0.0,0.0,0.0
3891,3.662386279438476e6,2.6709367526799217e6,0.0,0.0,0.0,0.0
3892,3.6698731578212604e6,2.675749526024765e6,0.0,0.0,0.0,0.0
3893,3.680126768974727e6,2.680562299369608e6,0.0,0.0,0.0,0.0
3894,3.690380380128194e6,2.685375072714451e6,0.0,0.0,0.0,0.0
3895,3.705311371107081e6,2.6901878460592935e6,0.0,0.0,0.0,0.0
3896,3.7202423620859683e6,2.6950006194041367e6,0.0,0.0,0.0,0.0
3897,3.7354414822503347e6,2.69981339274898e6,0.0,0.0,0.0,0.0
3898,3.7506406024147007e6,2.7046261660938226e6,0.0,0.0,0.0,0.0
3899,3.7651576122152936e6,2.7094389394386653e6,0.0,0.0,0.0,0.0
3900,3.7796746220158865e6,2.7142517127835085e6,0.0,0.0,0.0,0.0
3901,3.793477961067977e6,2.7190644861283517e6,0.0,0.0,0.0,0.0
3902,3.8072813001200673e6,2.7238772594731944e6,0.0,0.0,0.0,0.0
3903,3.8213696014795443e6,2.728690032818037e6,0.0,0.0,0.0,0.0
3904,3.8354579028390218e6,2.7335028061628803e6,0.0,0.0,0.0,0.0
3905,3.8169513270395636e6,2.7383155795077235e6,0.0,0.0,0.0,0.0
3906,3.7984447512401054e6,2.743128352852566e6,0.0,0.0,0.0,0.0
3907,3.7834332583947675e6,2.741000156197409e6,0.0,0.0,0.0,0.0
3908,3.768421765549429e6,2.738871959542252e6,0.0,0.0,0.0,0.0
3909,3.7638506166900005e6,2.736743762887095e6,0.0,0.0,0.0,0.0
3910,3.7592794678305713e6,2.734615566231938e6,0.0,0.0,0.0,0.0
3911,3.766384087295265e6,2.732487369576781e6,0.0,0.0,0.0,0.0
3912,3.7734887067599585e6,2.730359172921624e6,0.0,0.0,0.0,0.0
3913,3.7775056219100617e6,2.7351719462664668e6,0.0,0.0,0.0,0.0
3914,3.7815225370601653e6,2.73998471961131e6,0.0,0.0,0.0,0.0
3915,3.77793264534851e6,2.744797492956153e6,0.0,0.0,0.0,0.0
3916,3.7743427536368547e6,2.749610266300996e6,0.0,0.0,0.0,0.0
3917,3.754036789567367e6,2.7544230396458386e6,0.0,0.0,0.0,0.0
3918,3.73373082549788e6,2.7592358129906817e6,0.0,0.0,0.0,0.0
3919,3.744021180562904e6,2.764048586335525e6,0.0,0.0,0.0,0.0
3920,3.754311535627928e6,2.7688613596803676e6,0.0,0.0,0.0,0.0
3921,3.745285309650489e6,2.7721282223878084e6,0.0,0.0,0.0,0.0
3922,3.7362590836730497e6,2.775395085095249e6,0.0,0.0,0.0,0.0
3923,3.7479215396605404e6,2.780207858440092e6,0.0,0.0,0.0,0.0
3924,3.7595839956480307e6,2.785020631784935e6,0.0,0.0,0.0,0.0
3925,3.7710531115908828e6,2.789833405129778e6,0.0,0.0,0.0,0.0
3926,3.7825222275337344e6,2.794646178474621e6,0.0,0.0,0.0,0.0
3927,3.7572668306512088e6,2.7994589518194636e6,0.0,0.0,0.0,0.0
3928,3.7320114337686836e6,2.804271725164307e6,0.0,0.0,0.0,0.0
3929,3.703906971170338e6,2.80908449850915e6,0.0,0.0,0.0,0.0
3930,3.6758025085719917e6,2.8138972718539927e6,0.0,0.0,0.0,0.0
3931,3.6883451619645967e6,2.811815563357402e6,0.0,0.0,0.0,0.0
3932,3.7008878153572017e6,2.8097338548608115e6,0.0,0.0,0.0,0.0
3933,3.7116880131163877e6,2.8089182400540174e6,0.0,0.0,0.0,0.0
3934,3.7224882108755736e6,2.8081026252472233e6,0.0,0.0,0.0,0.0
3935,3.707202083811826e6,2.8121264906025017e6,0.0,0.0,0.0,0.0
3936,3.691915956748078e6,2.81615035595778e6,0.0,0.0,0.0,0.0
3937,3.688213121128996e6,2.8209631293026228e6,0.0,0.0,0.0,0.0
3938,3.684510285509913e6,2.825775902647466e6,0.0,0.0,0.0,0.0
3939,3.678990717544256e6,2.830588675992309e6,0.0,0.0,0.0,0.0
3940,3.6734711495785983e6,2.835401449337152e6,0.0,0.0,0.0,0.0
3941,3.6530327077148934e6,2.8402142226819945e6,0.0,0.0,0.0,0.0
3942,3.6325942658511885e6,2.8450269960268377e6,0.0,0.0,0.0,0.0
3943,3.641905347498647e6,2.849839769371681e6,0.0,0.0,0.0,0.0
3944,3.651216429146106e6,2.8546525427165236e6,0.0,0.0,0.0,0.0
3945,3.662693127142989e6,2.8594653160613663e6,0.0,0.0,0.0,0.0
3946,3.674169825139872e6,2.8642780894062095e6,0.0,0.0,0.0,0.0
3947,3.686238073298536e6,2.8690908627510527e6,0.0,0.0,0.0,0.0
3948,3.6983063214571998e6,2.8739036360958954e6,0.0,0.0,0.0,0.0
3949,3.678902187563042e6,2.878716409440738e6,0.0,0.0,0.0,0.0
3950,3.659498053668885e6,2.8835291827855813e6,0.0,0.0,0.0,0.0
3951,3.630533141298964e6,2.8883419561304245e6,0.0,0.0,0.0,0.0
3952,3.6015682289290433e6,2.893154729475267e6,0.0,0.0,0.0,0.0
3953,3.573639658113365e6,2.89796750282011e6,0.0,0.0,0.0,0.0
3954,3.5457110872976873e6,2.902780276164953e6,0.0,0.0,0.0,0.0
3955,3.5174098244068343e6,2.9039591677155313e6,0.0,0.0,0.0,0.0
3956,3.4891085615159813e6,2.9051380592661095e6,0.0,0.0,0.0,0.0
3957,3.4592483577558943e6,2.9099508326109527e6,0.0,0.0,0.0,0.0
3958,3.4293881539958073e6,2.9147636059557954e6,0.0,0.0,0.0,0.0
3959,3.398456510219075e6,2.919576379300638e6,0.0,0.0,0.0,0.0
3960,3.367524866442342e6,2.9243891526454813e6,0.0,0.0,0.0,0.0
3961,3.336329510072873e6,2.9292019259903245e6,0.0,0.0,0.0,0.0
3962,3.305134153703404e6,2.934014699335167e6,0.0,0.0,0.0,0.0
3963,3.2740557654253663e6,2.93882747268001e6,0.0,0.0,0.0,0.0
3964,3.242977377147328e6,2.943640246024853e6,0.0,0.0,0.0,0.0
3965,3.2144361317027067e6,2.9484530193696963e6,0.0,0.0,0.0,0.0
3966,3.1858948862580853e6,2.953265792714539e6,0.0,0.0,0.0,0.0
3967,3.160483090517426e6,2.9580785660593817e6,0.0,0.0,0.0,0.0
3968,3.1350712947767666e6,2.962891339404225e6,0.0,0.0,0.0,0.0
3969,3.1098353317766124e6,2.967704112749068e6,0.0,0.0,0.0,0.0
3970,3.0845993687764583e6,2.972516886093911e6,0.0,0.0,0.0,0.0
3971,3.0590782541831466e6,2.9773296594387535e6,0.0,0.0,0.0,0.0
3972,3.033557139589835e6,2.9821424327835967e6,0.0,0.0,0.0,0.0
3973,3.007743449875107e6,2.98695520612844e6,0.0,0.0,0.0,0.0
3974,2.981929760160379e6,2.9917679794732826e6,0.0,0.0,0.0,0.0
3975,2.956846094603496e6,2.9965807528181253e6,0.0,0.0,0.0,0.0
3976,2.931762429046613e6,3.0013935261629685e6,0.0,0.0,0.0,0.0
3977,2.906926398243239e6,3.0062062995078117e6,0.0,0.0,0.0,0.0
3978,2.8820903674398656e6,3.0110190728526544e6,0.0,0.0,0.0,0.0
3979,2.856487134776407e6,3.0088908761974974e6,0.0,0.0,0.0,0.0
3980,2.8308839021129487e6,3.0067626795423403e6,0.0,0.0,0.0,0.0
3981,2.803345551054096e6,3.0046344828871833e6,0.0,0.0,0.0,0.0
3982,2.7758071999952425e6,3.0025062862320263e6,0.0,0.0,0.0,0.0
3983,2.745512922258806e6,3.0003780895768693e6,0.0,0.0,0.0,0.0
3984,2.7152186445223694e6,2.9982498929217122e6,0.0,0.0,0.0,0.0
3985,2.6836520176190236e6,2.996121696266555e6,0.0,0.0,0.0,0.0
3986,2.6520853907156778e6,2.993993499611398e6,0.0,0.0,0.0,0.0
3987,2.620888087377941e6,2.998806272956241e6,0.0,0.0,0.0,0.0
3988,2.589690784040204e6,3.003619046301084e6,0.0,0.0,0.0,0.0
3989,2.5609643388783457e6,3.0084318196459273e6,0.0,0.0,0.0,0.0
3990,2.532237893716487e6,3.01324459299077e6,0.0,0.0,0.0,0.0
3991,2.506495860862481e6,3.0180573663356127e6,0.0,0.0,0.0,0.0
3992,2.480753828008475e6,3.022870139680456e6,0.0,0.0,0.0,0.0
3993,2.4552921883367235e6,3.027682913025299e6,0.0,0.0,0.0,0.0
3994,2.4298305486649717e6,3.032495686370142e6,0.0,0.0,0.0,0.0
3995,2.4344792519645886e6,3.0373084597149845e6,0.0,0.0,0.0,0.0
3996,2.4391279552642056e6,3.0421212330598277e6,0.0,0.0,0.0,0.0
3997,2.4226664851009212e6,3.046934006404671e6,0.0,0.0,0.0,0.0
3998,2.4062050149376364e6,3.0517467797495136e6,0.0,0.0,0.0,0.0
3999,2.3808142039814317e6,3.0565595530943563e6,0.0,0.0,0.0,0.0
4000,2.355423393025227e6,3.0613723264391995e6,0.0,0.0,0.0,0.0
4001,2.330744028736973e6,3.0592441297840425e6,0.0,0.0,0.0,0.0
4002,2.3060646644487195e6,3.0571159331288855e6,0.0,0.0,0.0,0.0
4003,2.2803894117679093e6,3.0549877364737284e6,0.0,0.0,0.0,0.0
4004,2.2547141590870987e6,3.0528595398185714e6,0.0,0.0,0.0,0.0
4005,2.227140262202356e6,3.0507313431634144e6,0.0,0.0,0.0,0.0
4006,2.1995663653176134e6,3.0486031465082574e6,0.0,0.0,0.0,0.0
4007,2.169206525662245e6,3.0464749498531003e6,0.0,0.0,0.0,0.0
4008,2.138846686006877e6,3.0443467531979433e6,0.0,0.0,0.0,0.0
4009,2.109124952480684e6,3.0422185565427863e6,0.0,0.0,0.0,0.0
4010,2.0794032189544914e6,3.0400903598876293e6,0.0,0.0,0.0,0.0
4011,2.0601226444914974e6,3.0379621632324723e6,0.0,0.0,0.0,0.0
4012,2.0408420700285034e6,3.0358339665773152e6,0.0,0.0,0.0,0.0
4013,2.0114055540840803e6,3.035106459905785e6,0.0,0.0,0.0,0.0
4014,1.981969038139657e6,3.034378953234255e6,0.0,0.0,0.0,0.0
4015,1.9557384563328517e6,3.039191726579098e6,0.0,0.0,0.0,0.0
4016,1.9295078745260462e6,3.0440044999239407e6,0.0,0.0,0.0,0.0
4017,1.9034966264983101e6,3.0418763032687837e6,0.0,0.0,0.0,0.0
4018,1.877485378470574e6,3.0397481066136267e6,0.0,0.0,0.0,0.0
4019,1.893231637547284e6,3.0445608799584694e6,0.0,0.0,0.0,0.0
4020,1.908977896623994e6,3.0493736533033126e6,0.0,0.0,0.0,0.0
4021,1.9246292682951945e6,3.054186426648156e6,0.0,0.0,0.0,0.0
4022,1.9402806399663952e6,3.0589991999929985e6,0.0,0.0,0.0,0.0
4023,1.914511934548025e6,3.063811973337841e6,0.0,0.0,0.0,0.0
4024,1.8887432291296548e6,3.0686247466826844e6,0.0,0.0,0.0,0.0
4025,1.8633928725177797e6,3.0734375200275276e6,0.0,0.0,0.0,0.0
4026,1.8380425159059046e6,3.0782502933723703e6,0.0,0.0,0.0,0.0
4027,1.8118742787561931e6,3.0761220967172133e6,0.0,0.0,0.0,0.0
4028,1.7857060416064817e6,3.0739939000620563e6,0.0,0.0,0.0,0.0
4029,1.7997921260290383e6,3.0718657034068992e6,0.0,0.0,0.0,0.0
4030,1.813878210451595e6,3.069737506751742e6,0.0,0.0,0.0,0.0
4031,1.8251099754860287e6,3.067609310096585e6,0.0,0.0,0.0,0.0
4032,1.8363417405204624e6,3.065481113441428e6,0.0,0.0,0.0,0.0
4033,1.8319296713030424e6,3.0686789009303125e6,0.0,0.0,0.0,0.0
4034,1.8275176020856225e6,3.071876688419197e6,0.0,0.0,0.0,0.0
4035,1.8295652260131082e6,3.077048913700279e6,0.0,0.0,0.0,0.0
4036,1.8316128499405936e6,3.082221138981361e6,0.0,0.0,0.0,0.0
4037,1.8200589015071075e6,3.087393364262443e6,0.0,0.0,0.0,0.0
4038,1.8085049530736217e6,3.0925655895435247e6,0.0,0.0,0.0,0.0
4039,1.782694168292827e6,3.0977378148246063e6,0.0,0.0,0.0,0.0
4040,1.756883383512032e6,3.1029100401056884e6,0.0,0.0,0.0,0.0
4041,1.7529873924737158e6,3.1080822653867705e6,0.0,0.0,0.0,0.0
4042,1.7490914014354e6,3.113254490667852e6,0.0,0.0,0.0,0.0
4043,1.7645345094227414e6,3.1184267159489337e6,0.0,0.0,0.0,0.0
4044,1.779977617410083e6,3.123598941230016e6,0.0,0.0,0.0,0.0
4045,1.7950658677632916e6,3.128771166511098e6,0.0,0.0,0.0,0.0
4046,1.8101541181165e6,3.1339433917921796e6,0.0,0.0,0.0,0.0
4047,1.7841244756540637e6,3.139115617073261e6,0.0,0.0,0.0,0.0
4048,1.7580948331916276e6,3.1442878423543433e6,0.0,0.0,0.0,0.0
4049,1.7321793322673833e6,3.1494600676354254e6,0.0,0.0,0.0,0.0
4050,1.706263831343139e6,3.154632292916507e6,0.0,0.0,0.0,0.0
4051,1.6793812025576853e6,3.1598045181975886e6,0.0,0.0,0.0,0.0
4052,1.6524985737722318e6,3.1649767434786707e6,0.0,0.0,0.0,0.0
4053,1.6334321223534597e6,3.170148968759753e6,0.0,0.0,0.0,0.0
4054,1.6143656709346874e6,3.1753211940408344e6,0.0,0.0,0.0,0.0
4055,1.611812711679089e6,3.180493419321916e6,0.0,0.0,0.0,0.0
4056,1.6092597524234909e6,3.185665644602998e6,0.0,0.0,0.0,0.0
4057,1.6146609345662608e6,3.1908378698840803e6,0.0,0.0,0.0,0.0
4058,1.620062116709031e6,3.196010095165162e6,0.0,0.0,0.0,0.0
4059,1.626522838760307e6,3.2011823204462435e6,0.0,0.0,0.0,0.0
4060,1.632983560811583e6,3.2063545457273256e6,0.0,0.0,0.0,0.0
4061,1.6208110100287618e6,3.2115267710084077e6,0.0,0.0,0.0,0.0
4062,1.6086384592459407e6,3.2166989962894893e6,0.0,0.0,0.0,0.0
4063,1.5814239259140063e6,3.221871221570571e6,0.0,0.0,0.0,0.0
4064,1.5542093925820722e6,3.227043446851653e6,0.0,0.0,0.0,0.0
4065,1.5459388554601176e6,3.232215672132735e6,0.0,0.0,0.0,0.0
4066,1.5376683183381632e6,3.237387897413817e6,0.0,0.0,0.0,0.0
4067,1.5514451879624473e6,3.2425601226948984e6,0.0,0.0,0.0,0.0
4068,1.5652220575867314e6,3.2477323479759805e6,0.0,0.0,0.0,0.0
4069,1.57829691861354e6,3.2529045732570626e6,0.0,0.0,0.0,0.0
4070,1.5913717796403486e6,3.258076798538144e6,0.0,0.0,0.0,0.0
4071,1.5630016255087685e6,3.263249023819226e6,0.0,0.0,0.0,0.0
4072,1.5346314713771886e6,3.268421249100308e6,0.0,0.0,0.0,0.0
4073,1.5064494324307614e6,3.27359347438139e6,0.0,0.0,0.0,0.0
4074,1.4782673934843345e6,3.2787656996624717e6,0.0,0.0,0.0,0.0
4075,1.4483513076100624e6,3.2839379249435533e6,0.0,0.0,0.0,0.0
4076,1.4184352217357904e6,3.2891101502246354e6,0.0,0.0,0.0,0.0
4077,1.4202502946800492e6,3.2942823755057175e6,0.0,0.0,0.0,0.0
4078,1.422065367624308e6,3.299454600786799e6,0.0,0.0,0.0,0.0
4079,1.4299803667941669e6,3.301669540590398e6,0.0,0.0,0.0,0.0
4080,1.4378953659640257e6,3.3038844803939965e6,0.0,0.0,0.0,0.0
4081,1.4447275397159e6,3.3090567056750786e6,0.0,0.0,0.0,0.0
4082,1.4515597134677744e6,3.31422893095616e6,0.0,0.0,0.0,0.0
4083,1.4582022047295491e6,3.319401156237242e6,0.0,0.0,0.0,0.0
4084,1.4648446959913236e6,3.324573381518324e6,0.0,0.0,0.0,0.0
4085,1.4722969400525219e6,3.329745606799406e6,0.0,0.0,0.0,0.0
4086,1.47974918411372e6,3.3349178320804876e6,0.0,0.0,0.0,0.0
4087,1.4892717007037571e6,3.3400900573615693e6,0.0,0.0,0.0,0.0
4088,1.4987942172937943e6,3.3452622826426513e6,0.0,0.0,0.0,0.0
4089,1.509703595523603e6,3.3504345079237334e6,0.0,0.0,0.0,0.0
4090,1.5206129737534118e6,3.355606733204815e6,0.0,0.0,0.0,0.0
4091,1.531614935404064e6,3.3607789584858967e6,0.0,0.0,0.0,0.0
4092,1.542616897054716e6,3.365951183766979e6,0.0,0.0,0.0,0.0
4093,1.5534821482064528e6,3.371123409048061e6,0.0,0.0,0.0,0.0
4094,1.56434739935819e6,3.3762956343291425e6,0.0,0.0,0.0,0.0
4095,1.5762670714719072e6,3.381467859610224e6,0.0,0.0,0.0,0.0
4096,1.5881867435856245e6,3.3866400848913062e6,0.0,0.0,0.0,0.0
4097,1.6008840027956879e6,3.3918123101723883e6,0.0,0.0,0.0,0.0
4098,1.6135812620057513e6,3.39698453545347e6,0.0,0.0,0.0,0.0
4099,1.6245611909214924e6,3.3977142583115073e6,0.0,0.0,0.0,0.0
4100,1.6355411198372336e6,3.398443981169545e6,0.0,0.0,0.0,0.0
4101,1.6445228870696416e6,3.396675236450627e6,0.0,0.0,0.0,0.0
4102,1.65350465430205e6,3.394906491731709e6,0.0,0.0,0.0,0.0
4103,1.6607760279448512e6,3.3948478446656135e6,0.0,0.0,0.0,0.0
4104,1.6680474015876523e6,3.394789197599518e6,0.0,0.0,0.0,0.0
4105,1.6737291220913425e6,3.3995556491377177e6,0.0,0.0,0.0,0.0
4106,1.6794108425950326e6,3.4043221006759177e6,0.0,0.0,0.0,0.0
4107,1.6847942971909735e6,3.4094943259569993e6,0.0,0.0,0.0,0.0
4108,1.6901777517869147e6,3.4146665512380814e6,0.0,0.0,0.0,0.0
4109,1.6957018007256594e6,3.4198387765191635e6,0.0,0.0,0.0,0.0
4110,1.701225849664404e6,3.425011001800245e6,0.0,0.0,0.0,0.0
4111,1.7081278660868942e6,3.430183227081327e6,0.0,0.0,0.0,0.0
4112,1.7150298825093845e6,3.435355452362409e6,0.0,0.0,0.0,0.0
4113,1.7234829721426754e6,3.440527677643491e6,0.0,0.0,0.0,0.0
4114,1.731936061775966e6,3.4456999029245726e6,0.0,0.0,0.0,0.0
4115,1.7409965959749827e6,3.450872128205654e6,0.0,0.0,0.0,0.0
4116,1.7500571301739991e6,3.4560443534867363e6,0.0,0.0,0.0,0.0
4117,1.7592732063765791e6,3.4612165787678184e6,0.0,0.0,0.0,0.0
4118,1.768489282579159e6,3.4663888040489e6,0.0,0.0,0.0,0.0
4119,1.778651538962583e6,3.4715610293299817e6,0.0,0.0,0.0,0.0
4120,1.7888137953460074e6,3.4767332546110637e6,0.0,0.0,0.0,0.0
4121,1.7999049226777367e6,3.481905479892146e6,0.0,0.0,0.0,0.0
4122,1.810996050009466e6,3.4870777051732275e6,0.0,0.0,0.0,0.0
4123,1.821135058661527e6,3.487218268505318e6,0.0,0.0,0.0,0.0
4124,1.8312740673135882e6,3.4873588318374087e6,0.0,0.0,0.0,0.0
4125,1.8397770668630186e6,3.486707034666726e6,0.0,0.0,0.0,0.0
4126,1.848280066412449e6,3.486055237496043e6,0.0,0.0,0.0,0.0
4127,1.8546069882008645e6,3.487217489444805e6,0.0,0.0,0.0,0.0
4128,1.86093390998928e6,3.4883797413935666e6,0.0,0.0,0.0,0.0
4129,1.8662441360451428e6,3.493551966674648e6,0.0,0.0,0.0,0.0
4130,1.8715543621010056e6,3.4987241919557303e6,0.0,0.0,0.0,0.0
4131,1.8769742665362027e6,3.5038964172368124e6,0.0,0.0,0.0,0.0
4132,1.8823941709714e6,3.509068642517894e6,0.0,0.0,0.0,0.0
4133,1.890255134181435e6,3.5142408677989757e6,0.0,0.0,0.0,0.0
4134,1.8981160973914699e6,3.5194130930800578e6,0.0,0.0,0.0,0.0
4135,1.910031579782674e6,3.52458531836114e6,0.0,0.0,0.0,0.0
4136,1.9219470621738783e6,3.5297575436422215e6,0.0,0.0,0.0,0.0
4137,1.9344530920175193e6,3.5279887989233034e6,0.0,0.0,0.0,0.0
4138,1.94695912186116e6,3.5262200542043853e6,0.0,0.0,0.0,0.0
4139,1.9589350907869888e6,3.531392279485467e6,0.0,0.0,0.0,0.0
4140,1.9709110597128174e6,3.536564504766549e6,0.0,0.0,0.0,0.0
4141,1.982771880213393e6,3.541736730047631e6,0.0,0.0,0.0,0.0
4142,1.9946327007139684e6,3.5469089553287127e6,0.0,0.0,0.0,0.0
4143,2.0070365605186853e6,3.5520811806097943e6,0.0,0.0,0.0,0.0
4144,2.0194404203234022e6,3.5572534058908764e6,0.0,0.0,0.0,0.0
4145,2.0321245064458204e6,3.56034732698186e6,0.0,0.0,0.0,0.0
4146,2.044808592568239e6,3.5634412480728435e6,0.0,0.0,0.0,0.0
4147,2.0559763914877404e6,3.5616725033539254e6,0.0,0.0,0.0,0.0
4148,2.0671441904072422e6,3.5599037586350073e6,0.0,0.0,0.0,0.0
4149,2.0756121237447637e6,3.558135013916089e6,0.0,0.0,0.0,0.0
4150,2.0840800570822852e6,3.556366269197171e6,0.0,0.0,0.0,0.0
4151,2.0902219137118587e6,3.558061370876515e6,0.0,0.0,0.0,0.0
4152,2.0963637703414322e6,3.5597564725558585e6,0.0,0.0,0.0,0.0
4153,2.101583491471488e6,3.5602846947815614e6,0.0,0.0,0.0,0.0
4154,2.106803212601544e6,3.5608129170072647e6,0.0,0.0,0.0,0.0
4155,2.1120353127600467e6,3.5656196984818196e6,0.0,0.0,0.0,0.0
4156,2.11726741291855e6,3.570426479956374e6,0.0,0.0,0.0,0.0
4157,2.124870810768213e6,3.5755987052374557e6,0.0,0.0,0.0,0.0
4158,2.1324742086178763e6,3.5807709305185378e6,0.0,0.0,0.0,0.0
4159,2.1444251347942166e6,3.58594315579962e6,0.0,0.0,0.0,0.0
4160,2.1563760609705574e6,3.5911153810807015e6,0.0,0.0,0.0,0.0
4161,2.168877660336868e6,3.596287606361783e6,0.0,0.0,0.0,0.0
4162,2.181379259703178e6,3.601459831642865e6,0.0,0.0,0.0,0.0
4163,2.193512886639802e6,3.6066320569239473e6,0.0,0.0,0.0,0.0
4164,2.2056465135764256e6,3.611804282205029e6,0.0,0.0,0.0,0.0
4165,2.217538233766961e6,3.6169765074861106e6,0.0,0.0,0.0,0.0
4166,2.2294299539574967e6,3.6221487327671926e6,0.0,0.0,0.0,0.0
4167,2.2419015114586903e6,3.6273209580482747e6,0.0,0.0,0.0,0.0
4168,2.2543730689598834e6,3.6324931833293564e6,0.0,0.0,0.0,0.0
4169,2.2671909808333926e6,3.637665408610438e6,0.0,0.0,0.0,0.0
4170,2.2800088927069013e6,3.64283763389152e6,0.0,0.0,0.0,0.0
4171,2.29108812111075e6,3.6423063940549423e6,0.0,0.0,0.0,0.0
4172,2.3021673495145985e6,3.6417751542183645e6,0.0,0.0,0.0,0.0
4173,2.311021970329812e6,3.6469473794994466e6,0.0,0.0,0.0,0.0
4174,2.3198765911450256e6,3.652119604780528e6,0.0,0.0,0.0,0.0
4175,2.326501214812517e6,3.65729183006161e6,0.0,0.0,0.0,0.0
4176,2.333125838480009e6,3.662464055342692e6,0.0,0.0,0.0,0.0
4177,2.3382793638772047e6,3.6662816314252065e6,0.0,0.0,0.0,0.0
4178,2.3434328892744e6,3.670099207507721e6,0.0,0.0,0.0,0.0
4179,2.348666660015173e6,3.6752714327888032e6,0.0,0.0,0.0,0.0
4180,2.3539004307559454e6,3.680443658069885e6,0.0,0.0,0.0,0.0
4181,2.361097634568976e6,3.6856158833509665e6,0.0,0.0,0.0,0.0
4182,2.368294838382006e6,3.6907881086320486e6,0.0,0.0,0.0,0.0
4183,2.379113145369357e6,3.6959603339131307e6,0.0,0.0,0.0,0.0
4184,2.389931452356708e6,3.7011325591942123e6,0.0,0.0,0.0,0.0
4185,2.4010868880042266e6,3.706304784475294e6,0.0,0.0,0.0,0.0
4186,2.412242323651746e6,3.711477009756376e6,0.0,0.0,0.0,0.0
4187,2.4227939882636205e6,3.716649235037458e6,0.0,0.0,0.0,0.0
4188,2.433345652875495e6,3.7218214603185398e6,0.0,0.0,0.0,0.0
4189,2.4435377433030796e6,3.7269936855996214e6,0.0,0.0,0.0,0.0
4190,2.453729833730664e6,3.7321659108807035e6,0.0,0.0,0.0,0.0
4191,2.4648308037237916e6,3.7373381361617856e6,0.0,0.0,0.0,0.0
4192,2.475931773716919e6,3.742510361442867e6,0.0,0.0,0.0,0.0
4193,2.4881137458408587e6,3.747682586723949e6,0.0,0.0,0.0,0.0
4194,2.500295717964798e6,3.752854812005031e6,0.0,0.0,0.0,0.0
4195,2.5108463209944908e6,3.758027037286113e6,0.0,0.0,0.0,0.0
4196,2.521396924024183e6,3.7631992625671946e6,0.0,0.0,0.0,0.0
4197,2.530112135009046e6,3.7683714878482763e6,0.0,0.0,0.0,0.0
4198,2.5388273459939095e6,3.7735437131293584e6,0.0,0.0,0.0,0.0
4199,2.545701404640027e6,3.7787159384104405e6,0.0,0.0,0.0,0.0
4200,2.552575463286144e6,3.783888163691522e6,0.0,0.0,0.0,0.0
4201,2.558110173460033e6,3.7860625575726414e6,0.0,0.0,0.0,0.0
4202,2.5636448836339214e6,3.7882369514537607e6,0.0,0.0,0.0,0.0
4203,2.568999065218927e6,3.792026088209768e6,0.0,0.0,0.0,0.0
4204,2.5743532468039324e6,3.7958152249657754e6,0.0,0.0,0.0,0.0
4205,2.580489456159992e6,3.799604361721783e6,0.0,0.0,0.0,0.0
4206,2.5866256655160515e6,3.80339349847779e6,0.0,0.0,0.0,0.0
4207,2.594407453549723e6,3.807182635233797e6,0.0,0.0,0.0,0.0
4208,2.6021892415833944e6,3.8109717719898047e6,0.0,0.0,0.0,0.0
4209,2.611080216350845e6,3.8147609087458123e6,0.0,0.0,0.0,0.0
4210,2.6199711911182953e6,3.8185500455018193e6,0.0,0.0,0.0,0.0
4211,2.6288058668183563e6,3.8223391822578264e6,0.0,0.0,0.0,0.0
4212,2.637640542518417e6,3.826128319013834e6,0.0,0.0,0.0,0.0
4213,2.6461757399471393e6,3.8299174557698416e6,0.0,0.0,0.0,0.0
4214,2.654710937375862e6,3.8337065925258487e6,0.0,0.0,0.0,0.0
4215,2.6635689328467753e6,3.8374957292818557e6,0.0,0.0,0.0,0.0
4216,2.672426928317689e6,3.8412848660378633e6,0.0,0.0,0.0,0.0
4217,2.6806162409672127e6,3.845074002793871e6,0.0,0.0,0.0,0.0
4218,2.6888055536167365e6,3.848863139549878e6,0.0,0.0,0.0,0.0
4219,2.6950954869768387e6,3.8474616134442016e6,0.0,0.0,0.0,0.0
4220,2.7013854203369413e6,3.846060087338525e6,0.0,0.0,0.0,0.0
4221,2.707005786213261e6,3.843352138035714e6,0.0,0.0,0.0,0.0
4222,2.7126261520895804e6,3.8406441887329035e6,0.0,0.0,0.0,0.0
4223,2.717585743420639e6,3.8379494267040463e6,0.0,0.0,0.0,0.0
4224,2.722545334751698e6,3.8352546646751887e6,0.0,0.0,0.0,0.0
4225,2.7265915353874853e6,3.835799904345268e6,0.0,0.0,0.0,0.0
4226,2.730637736023273e6,3.836345144015347e6,0.0,0.0,0.0,0.0
4227,2.734644402240861e6,3.840079427562043e6,0.0,0.0,0.0,0.0
4228,2.7386510684584496e6,3.8438137111087386e6,0.0,0.0,0.0,0.0
4229,2.743498419782229e6,3.847602847864746e6,0.0,0.0,0.0,0.0
4230,2.748345771106008e6,3.851391984620753e6,0.0,0.0,0.0,0.0
4231,2.75433510586588e6,3.8551811213767603e6,0.0,0.0,0.0,0.0
4232,2.760324440625752e6,3.858970258132768e6,0.0,0.0,0.0,0.0
4233,2.767494162177776e6,3.8627593948887754e6,0.0,0.0,0.0,0.0
4234,2.7746638837297997e6,3.8665485316447825e6,0.0,0.0,0.0,0.0
4235,2.782159896894823e6,3.8703376684007896e6,0.0,0.0,0.0,0.0
4236,2.7896559100598465e6,3.874126805156797e6,0.0,0.0,0.0,0.0
4237,2.796954354238197e6,3.8779159419128047e6,0.0,0.0,0.0,0.0
4238,2.804252798416548e6,3.881705078668812e6,0.0,0.0,0.0,0.0
4239,2.812489899267963e6,3.885494215424819e6,0.0,0.0,0.0,0.0
4240,2.8207270001193783e6,3.8892833521808265e6,0.0,0.0,0.0,0.0
4241,2.829636203299171e6,3.893072488936834e6,0.0,0.0,0.0,0.0
4242,2.8385454064789633e6,3.896861625692841e6,0.0,0.0,0.0,0.0
4243,2.8470239345935863e6,3.897475575492922e6,0.0,0.0,0.0,0.0
4244,2.8555024627082096e6,3.898089525293003e6,0.0,0.0,0.0,0.0
4245,2.863254128952276e6,3.8968362497186223e6,0.0,0.0,0.0,0.0
4246,2.8710057951963427e6,3.8955829741442422e6,0.0,0.0,0.0,0.0
4247,2.877515901884225e6,3.8935648880494465e6,0.0,0.0,0.0,0.0
4248,2.884026008572107e6,3.891546801954651e6,0.0,0.0,0.0,0.0
4249,2.889344843007868e6,3.8906177488720557e6,0.0,0.0,0.0,0.0
4250,2.8946636774436296e6,3.8896886957894606e6,0.0,0.0,0.0,0.0
4251,2.8998284646061882e6,3.8922100926520433e6,0.0,0.0,0.0,0.0
4252,2.9049932517687464e6,3.8947314895146256e6,0.0,0.0,0.0,0.0
4253,2.910670896836095e6,3.898520626270633e6,0.0,0.0,0.0,0.0
4254,2.9163485419034436e6,3.9023097630266403e6,0.0,0.0,0.0,0.0
4255,2.9237685355528323e6,3.9060988997826474e6,0.0,0.0,0.0,0.0
4256,2.9311885292022214e6,3.909888036538655e6,0.0,0.0,0.0,0.0
4257,2.9400873680705056e6,3.910171592181765e6,0.0,0.0,0.0,0.0
4258,2.9489862069387897e6,3.910455147824875e6,0.0,0.0,0.0,0.0
4259,2.9581568581489623e6,3.9142442845808826e6,0.0,0.0,0.0,0.0
4260,2.9673275093591344e6,3.9180334213368897e6,0.0,0.0,0.0,0.0
4261,2.976626035351619e6,3.921822558092897e6,0.0,0.0,0.0,0.0
4262,2.9859245613441034e6,3.9256116948489044e6,0.0,0.0,0.0,0.0
4263,2.996213189443045e6,3.929400831604912e6,0.0,0.0,0.0,0.0
4264,3.0065018175419862e6,3.933189968360919e6,0.0,0.0,0.0,0.0
4265,3.0177813486975543e6,3.9327160211405884e6,0.0,0.0,0.0,0.0
4266,3.0290608798531224e6,3.9322420739202574e6,0.0,0.0,0.0,0.0
4267,3.039581339986679e6,3.9290902406762647e6,0.0,0.0,0.0,0.0
4268,3.050101800120236e6,3.925938407432272e6,0.0,0.0,0.0,0.0
4269,3.0593792618168127e6,3.9227865741882795e6,0.0,0.0,0.0,0.0
4270,3.068656723513389e6,3.919634740944287e6,0.0,0.0,0.0,0.0
4271,3.0763672161777276e6,3.916482907700294e6,0.0,0.0,0.0,0.0
4272,3.084077708842066e6,3.9133310744563015e6,0.0,0.0,0.0,0.0
4273,3.090759340429588e6,3.910179241212309e6,0.0,0.0,0.0,0.0
4274,3.097440972017111e6,3.907027407968316e6,0.0,0.0,0.0,0.0
4275,3.104067875630372e6,3.9071057677506767e6,0.0,0.0,0.0,0.0
4276,3.110694779243634e6,3.9071841275330377e6,0.0,0.0,0.0,0.0
4277,3.1177854830129375e6,3.910343264414223e6,0.0,0.0,0.0,0.0
4278,3.124876186782241e6,3.9135024012954077e6,0.0,0.0,0.0,0.0
4279,3.1328573197011575e6,3.9166644557795413e6,0.0,0.0,0.0,0.0
4280,3.140838452620074e6,3.9198265102636754e6,0.0,0.0,0.0,0.0
4281,3.1499892474885914e6,3.9204973219043957e6,0.0,0.0,0.0,0.0
4282,3.1591400423571086e6,3.9211681335451165e6,0.0,0.0,0.0,0.0
4283,3.1692188640063414e6,3.924957270301124e6,0.0,0.0,0.0,0.0
4284,3.1792976856555743e6,3.928746407057131e6,0.0,0.0,0.0,0.0
4285,3.189522923854337e6,3.9325355438131383e6,0.0,0.0,0.0,0.0
4286,3.1997481620531003e6,3.936324680569146e6,0.0,0.0,0.0,0.0
4287,3.211268604455252e6,3.9401138173251534e6,0.0,0.0,0.0,0.0
4288,3.2227890468574045e6,3.9439029540811605e6,0.0,0.0,0.0,0.0
4289,3.2354861771209417e6,3.947229893298151e6,0.0,0.0,0.0,0.0
4290,3.2481833073844793e6,3.9505568325151415e6,0.0,0.0,0.0,0.0
4291,3.2606789902838e6,3.947404999271149e6,0.0,0.0,0.0,0.0
4292,3.2731746731831203e6,3.944253166027156e6,0.0,0.0,0.0,0.0
4293,3.2846225372075113e6,3.9411013327831635e6,0.0,0.0,0.0,0.0
4294,3.2960704012319027e6,3.937949499539171e6,0.0,0.0,0.0,0.0
4295,3.306005072798069e6,3.935451570481653e6,0.0,0.0,0.0,0.0
4296,3.3159397443642356e6,3.932953641424135e6,0.0,0.0,0.0,0.0
4297,3.325053904389761e6,3.9352683683584593e6,0.0,0.0,0.0,0.0
4298,3.3341680644152863e6,3.9375830952927843e6,0.0,0.0,0.0,0.0
4299,3.343579323554895e6,3.941372232048792e6,0.0,0.0,0.0,0.0
4300,3.3529905826945035e6,3.945161368804799e6,0.0,0.0,0.0,0.0
4301,3.3644128581818715e6,3.948950505560806e6,0.0,0.0,0.0,0.0
4302,3.3758351336692395e6,3.9527396423168136e6,0.0,0.0,0.0,0.0
4303,3.3901653029448413e6,3.956528779072821e6,0.0,0.0,0.0,0.0
4304,3.404495472220443e6,3.9603179158288282e6,0.0,0.0,0.0,0.0
4305,3.4196861124672974e6,3.9641070525848353e6,0.0,0.0,0.0,0.0
4306,3.434876752714151e6,3.967896189340843e6,0.0,0.0,0.0,0.0
4307,3.4498154777759444e6,3.9716853260968504e6,0.0,0.0,0.0,0.0
4308,3.4647542028377373e6,3.9754744628528575e6,0.0,0.0,0.0,0.0
4309,3.4795185065526674e6,3.9792635996088646e6,0.0,0.0,0.0,0.0
4310,3.4942828102675974e6,3.983052736364872e6,0.0,0.0,0.0,0.0
4311,3.509470217803856e6,3.9868418731208798e6,0.0,0.0,0.0,0.0
4312,3.5246576253401143e6,3.990631009876887e6,0.0,0.0,0.0,0.0
4313,3.539860263167578e6,3.9915780627655135e6,0.0,0.0,0.0,0.0
4314,3.5550629009950417e6,3.99252511565414e6,0.0,0.0,0.0,0.0
4315,3.5685501462323125e6,3.989373282410147e6,0.0,0.0,0.0,0.0
4316,3.582037391469584e6,3.9862214491661545e6,0.0,0.0,0.0,0.0
4317,3.5935466074156184e6,3.983069615922162e6,0.0,0.0,0.0,0.0
4318,3.6050558233616534e6,3.979917782678169e6,0.0,0.0,0.0,0.0
4319,3.614588154829253e6,3.9767659494341766e6,0.0,0.0,0.0,0.0
4320,3.6241204862968526e6,3.973614116190184e6,0.0,0.0,0.0,0.0
4321,3.6324249563350016e6,3.9704622829461913e6,0.0,0.0,0.0,0.0
4322,3.64072942637315e6,3.9673104497021986e6,0.0,0.0,0.0,0.0
4323,3.648487389245233e6,3.964158616458206e6,0.0,0.0,0.0,0.0
4324,3.656245352117316e6,3.9610067832142133e6,0.0,0.0,0.0,0.0
4325,3.6653263527443875e6,3.9584538365671127e6,0.0,0.0,0.0,0.0
4326,3.674407353371459e6,3.955900889920012e6,0.0,0.0,0.0,0.0
4327,3.6861209855810525e6,3.9546945561169805e6,0.0,0.0,0.0,0.0
4328,3.697834617790646e6,3.953488222313949e6,0.0,0.0,0.0,0.0
4329,3.710176560636705e6,3.952506881845072e6,0.0,0.0,0.0,0.0
4330,3.722518503482763e6,3.9515255413761954e6,0.0,0.0,0.0,0.0
4331,3.734516408116241e6,3.9553146781322025e6,0.0,0.0,0.0,0.0
4332,3.746514312749719e6,3.95910381488821e6,0.0,0.0,0.0,0.0
4333,3.7583556303022834e6,3.9628929516442176e6,0.0,0.0,0.0,0.0
4334,3.770196947854848e6,3.9666820884002247e6,0.0,0.0,0.0,0.0
4335,3.782697559355117e6,3.970471225156232e6,0.0,0.0,0.0,0.0
4336,3.7951981708553857e6,3.9742603619122393e6,0.0,0.0,0.0,0.0
4337,3.808552722281964e6,3.973808193040304e6,0.0,0.0,0.0,0.0
4338,3.8219072737085423e6,3.9733560241683684e6,0.0,0.0,0.0,0.0
4339,3.8338677306786785e6,3.970204190924376e6,0.0,0.0,0.0,0.0
4340,3.8458281876488146e6,3.967052357680383e6,0.0,0.0,0.0,0.0
4341,3.8562247172640357e6,3.9639005244363905e6,0.0,0.0,0.0,0.0
4342,3.8666212468792563e6,3.960748691192398e6,0.0,0.0,0.0,0.0
4343,3.8752354572192836e6,3.957596857948405e6,0.0,0.0,0.0,0.0
4344,3.883849667559311e6,3.9544450247044126e6,0.0,0.0,0.0,0.0
4345,3.8912067063502395e6,3.95129319146042e6,0.0,0.0,0.0,0.0
4346,3.898563745141168e6,3.9481413582164273e6,0.0,0.0,0.0,0.0
4347,3.905823941217124e6,3.947326844389757e6,0.0,0.0,0.0,0.0
4348,3.91308413729308e6,3.9465123305630866e6,0.0,0.0,0.0,0.0
4349,3.9220283613215974e6,3.94999573132631e6,0.0,0.0,0.0,0.0
4350,3.9309725853501144e6,3.953479132089534e6,0.0,0.0,0.0,0.0
4351,3.9425339567906475e6,3.9572682688455414e6,0.0,0.0,0.0,0.0
4352,3.954095328231181e6,3.9610574056015485e6,0.0,0.0,0.0,0.0
4353,3.9662271150781745e6,3.9648465423575556e6,0.0,0.0,0.0,0.0
4354,3.9783589019251675e6,3.968635679113563e6,0.0,0.0,0.0,0.0
4355,3.9905204922649297e6,3.9724248158695707e6,0.0,0.0,0.0,0.0
4356,4.002682082604692e6,3.976213952625578e6,0.0,0.0,0.0,0.0
4357,4.014841237720862e6,3.980003089381585e6,0.0,0.0,0.0,0.0
4358,4.0270003928370317e6,3.9837922261375925e6,0.0,0.0,0.0,0.0
4359,4.0396075176284956e6,3.9875813628936e6,0.0,0.0,0.0,0.0
4360,4.052214642419959e6,3.991370499649607e6,0.0,0.0,0.0,0.0
4361,4.065011787469833e6,3.995159636405614e6,0.0,0.0,0.0,0.0
4362,4.0778089325197074e6,3.9989487731616218e6,0.0,0.0,0.0,0.0
4363,4.089217976878574e6,3.9968012090472197e6,0.0,0.0,0.0,0.0
4364,4.100627021237441e6,3.994653644932818e6,0.0,0.0,0.0,0.0
4365,4.110228556262041e6,3.9915018116888255e6,0.0,0.0,0.0,0.0
4366,4.119830091286641e6,3.988349978444833e6,0.0,0.0,0.0,0.0
4367,4.127303811176054e6,3.98519814520084e6,0.0,0.0,0.0,0.0
4368,4.134777531065467e6,3.9820463119568476e6,0.0,0.0,0.0,0.0
4369,4.1404428009326756e6,3.978894478712855e6,0.0,0.0,0.0,0.0
4370,4.146108070799884e6,3.9757426454688623e6,0.0,0.0,0.0,0.0
4371,4.1516042859374117e6,3.9725908122248696e6,0.0,0.0,0.0,0.0
4372,4.1571005010749395e6,3.969438978980877e6,0.0,0.0,0.0,0.0
4373,4.163490477907626e6,3.9662871457368843e6,0.0,0.0,0.0,0.0
4374,4.169880454740313e6,3.9631353124928917e6,0.0,0.0,0.0,0.0
4375,4.1786865391707052e6,3.959983479248899e6,0.0,0.0,0.0,0.0
4376,4.1874926236010976e6,3.9568316460049064e6,0.0,0.0,0.0,0.0
4377,4.198354021133468e6,3.9536798127609137e6,0.0,0.0,0.0,0.0
4378,4.2092154186658375e6,3.950527979516921e6,0.0,0.0,0.0,0.0
4379,4.220449397882081e6,3.9473761462729285e6,0.0,0.0,0.0,0.0
4380,4.231683377098324e6,3.944224313028936e6,0.0,0.0,0.0,0.0
4381,4.243028595836705e6,3.941072479784943e6,0.0,0.0,0.0,0.0
4382,4.254373814575085e6,3.9379206465409505e6,0.0,0.0,0.0,0.0
4383,4.266974461625979e6,3.934768813296958e6,0.0,0.0,0.0,0.0
4384,4.279575108676873e6,3.931616980052965e6,0.0,0.0,0.0,0.0
4385,4.29278158120494e6,3.9284651468089726e6,0.0,0.0,0.0,0.0
4386,4.305988053733005e6,3.92531331356498e6,0.0,0.0,0.0,0.0
4387,4.317464815996682e6,3.9221614803209873e6,0.0,0.0,0.0,0.0
4388,4.328941578260359e6,3.9190096470769946e6,0.0,0.0,0.0,0.0
4389,4.339289737349158e6,3.915857813833002e6,0.0,0.0,0.0,0.0
4390,4.349637896437956e6,3.9127059805890094e6,0.0,0.0,0.0,0.0
4391,4.359043157961601e6,3.9095541473450167e6,0.0,0.0,0.0,0.0
4392,4.368448419485247e6,3.906402314101024e6,0.0,0.0,0.0,0.0
4393,4.376325626570414e6,3.9153830891419007e6,0.0,0.0,0.0,0.0
4394,4.384202833655581e6,3.9243638641827772e6,0.0,0.0,0.0,0.0
4395,4.391313860439099e6,3.933344639223654e6,0.0,0.0,0.0,0.0
4396,4.398424887222619e6,3.9423254142645304e6,0.0,0.0,0.0,0.0
4397,4.407526755482487e6,3.951306189305407e6,0.0,0.0,0.0,0.0
4398,4.416628623742356e6,3.9602869643462836e6,0.0,0.0,0.0,0.0
4399,4.428284889680142e6,3.96926773938716e6,0.0,0.0,0.0,0.0
4400,4.439941155617927e6,3.9782485144280368e6,0.0,0.0,0.0,0.0
4401,4.451940505680634e6,3.9872292894689133e6,0.0,0.0,0.0,0.0
4402,4.463939855743341e6,3.99621006450979e6,0.0,0.0,0.0,0.0
4403,4.475999345775731e6,4.0051908395506665e6,0.0,0.0,0.0,0.0
4404,4.488058835808121e6,4.014171614591543e6,0.0,0.0,0.0,0.0
4405,4.4998211113296915e6,4.0231523896324197e6,0.0,0.0,0.0,0.0
4406,4.511583386851262e6,4.0321331646732963e6,0.0,0.0,0.0,0.0
4407,4.524142577883995e6,4.041113939714173e6,0.0,0.0,0.0,0.0
4408,4.536701768916728e6,4.0500947147550494e6,0.0,0.0,0.0,0.0
4409,4.551109025494972e6,4.059075489795926e6,0.0,0.0,0.0,0.0
4410,4.5655162820732165e6,4.0680562648368026e6,0.0,0.0,0.0,0.0
4411,4.579284781269848e6,4.0711590775317904e6,0.0,0.0,0.0,0.0
4412,4.593053280466481e6,4.0742618902267786e6,0.0,0.0,0.0,0.0
4413,4.604114601529381e6,4.076301695267655e6,0.0,0.0,0.0,0.0
4414,4.615175922592281e6,4.078341500308532e6,0.0,0.0,0.0,0.0
4415,4.623852057020463e6,4.0803813053494086e6,0.0,0.0,0.0,0.0
4416,4.632528191448645e6,4.082421110390285e6,0.0,0.0,0.0,0.0
4417,4.639624688781576e6,4.0844609154311614e6,0.0,0.0,0.0,0.0
4418,4.646721186114509e6,4.0865007204720383e6,0.0,0.0,0.0,0.0
4419,4.653419967509555e6,4.0906737687513935e6,0.0,0.0,0.0,0.0
4420,4.6601187489046e6,4.094846817030749e6,0.0,0.0,0.0,0.0
4421,4.669307688770022e6,4.1021351746225636e6,0.0,0.0,0.0,0.0
4422,4.678496628635445e6,4.109423532214379e6,0.0,0.0,0.0,0.0
4423,4.691529285528814e6,4.1161289023126382e6,0.0,0.0,0.0,0.0
4424,4.704561942422183e6,4.1228342724108975e6,0.0,0.0,0.0,0.0
4425,4.718642222375162e6,4.127528871599527e6,0.0,0.0,0.0,0.0
4426,4.73272250232814e6,4.1322234707881566e6,0.0,0.0,0.0,0.0
4427,4.746882576201266e6,4.141204245829033e6,0.0,0.0,0.0,0.0
4428,4.761042650074391e6,4.15018502086991e6,0.0,0.0,0.0,0.0
4429,4.774464912860712e6,4.1591657959107864e6,0.0,0.0,0.0,0.0
4430,4.787887175647034e6,4.168146570951663e6,0.0,0.0,0.0,0.0
4431,4.801717440068215e6,4.1771273459925395e6,0.0,0.0,0.0,0.0
4432,4.815547704489397e6,4.186108121033416e6,0.0,0.0,0.0,0.0
4433,4.831125305269633e6,4.1882530008830638e6,0.0,0.0,0.0,0.0
4434,4.84670290604987e6,4.1903978807327114e6,0.0,0.0,0.0,0.0
4435,4.861093339298824e6,4.1924376857735883e6,0.0,0.0,0.0,0.0
4436,4.875483772547779e6,4.194477490814465e6,0.0,0.0,0.0,0.0
4437,4.886921281992375e6,4.1965172958553415e6,0.0,0.0,0.0,0.0
4438,4.898358791436971e6,4.198557100896219e6,0.0,0.0,0.0,0.0
4439,4.907446483072837e6,4.200596905937096e6,0.0,0.0,0.0,0.0
4440,4.916534174708703e6,4.2026367109779725e6,0.0,0.0,0.0,0.0
4441,4.923868331768937e6,4.205898444786973e6,0.0,0.0,0.0,0.0
4442,4.931202488829171e6,4.209160178595973e6,0.0,0.0,0.0,0.0
4443,4.9382013784766495e6,4.216819942269126e6,0.0,0.0,0.0,0.0
4444,4.945200268124127e6,4.22447970594228e6,0.0,0.0,0.0,0.0
4445,4.952731925128421e6,4.233460480983157e6,0.0,0.0,0.0,0.0
4446,4.960263582132714e6,4.242441256024033e6,0.0,0.0,0.0,0.0
4447,4.969922409616701e6,4.251422031064909e6,0.0,0.0,0.0,0.0
4448,4.97958123710069e6,4.260402806105786e6,0.0,0.0,0.0,0.0
4449,4.990942904098466e6,4.269383581146663e6,0.0,0.0,0.0,0.0
4450,5.002304571096243e6,4.278364356187539e6,0.0,0.0,0.0,0.0
4451,5.014227012649063e6,4.287345131228415e6,0.0,0.0,0.0,0.0
4452,5.026149454201882e6,4.296325906269292e6,0.0,0.0,0.0,0.0
4453,5.038008282478653e6,4.305306681310169e6,0.0,0.0,0.0,0.0
4454,5.049867110755423e6,4.3142874563510455e6,0.0,0.0,0.0,0.0
4455,5.062782017310134e6,4.323268231391922e6,0.0,0.0,0.0,0.0
4456,5.075696923864845e6,4.332249006432799e6,0.0,0.0,0.0,0.0
4457,5.090170219000468e6,4.339608564311532e6,0.0,0.0,0.0,0.0
4458,5.104643514136091e6,4.346968122190266e6,0.0,0.0,0.0,0.0
4459,5.117841565522961e6,4.349007927231142e6,0.0,0.0,0.0,0.0
4460,5.131039616909831e6,4.35104773227202e6,0.0,0.0,0.0,0.0
4461,5.141718692345977e6,4.353087537312897e6,0.0,0.0,0.0,0.0
4462,5.152397767782122e6,4.355127342353773e6,0.0,0.0,0.0,0.0
4463,5.160860464001257e6,4.35716714739465e6,0.0,0.0,0.0,0.0
4464,5.169323160220391e6,4.359206952435527e6,0.0,0.0,0.0,0.0
4465,5.176598358168108e6,4.36563434052213e6,0.0,0.0,0.0,0.0
4466,5.183873556115826e6,4.372061728608733e6,0.0,0.0,0.0,0.0
4467,5.19085285002503e6,4.381042503649609e6,0.0,0.0,0.0,0.0
4468,5.197832143934233e6,4.390023278690486e6,0.0,0.0,0.0,0.0
4469,5.205314554475794e6,4.399004053731363e6,0.0,0.0,0.0,0.0
4470,5.212796965017353e6,4.407984828772239e6,0.0,0.0,0.0,0.0
4471,5.221522793167302e6,4.4169656038131155e6,0.0,0.0,0.0,0.0
4472,5.230248621317252e6,4.425946378853993e6,0.0,0.0,0.0,0.0
4473,5.240854896218025e6,4.43492715389487e6,0.0,0.0,0.0,0.0
4474,5.251461171118799e6,4.443907928935746e6,0.0,0.0,0.0,0.0
4475,5.262856742212527e6,4.452888703976622e6,0.0,0.0,0.0,0.0
4476,5.274252313306256e6,4.461869479017499e6,0.0,0.0,0.0,0.0
4477,5.285656918280679e6,4.470850254058376e6,0.0,0.0,0.0,0.0
4478,5.297061523255101e6,4.479831029099252e6,0.0,0.0,0.0,0.0
4479,5.3091837284738645e6,4.488811804140128e6,0.0,0.0,0.0,0.0
4480,5.321305933692628e6,4.497792579181005e6,0.0,0.0,0.0,0.0
4481,5.317052182275611e6,4.499832384221882e6,0.0,0.0,0.0,0.0
4482,5.312798430858594e6,4.501872189262759e6,0.0,0.0,0.0,0.0
4483,5.327081703789003e6,4.503911994303636e6,0.0,0.0,0.0,0.0
4484,5.341364976719411e6,4.505951799344513e6,0.0,0.0,0.0,0.0
4485,5.328109998488523e6,4.507991604385389e6,0.0,0.0,0.0,0.0
4486,5.314855020257636e6,4.510031409426266e6,0.0,0.0,0.0,0.0
4487,5.310017929780252e6,4.512071214467144e6,0.0,0.0,0.0,0.0
4488,5.305180839302869e6,4.51411101950802e6,0.0,0.0,0.0,0.0
4489,5.3059584996195445e6,4.516150824548896e6,0.0,0.0,0.0,0.0
4490,5.30673615993622e6,4.518190629589774e6,0.0,0.0,0.0,0.0
4491,5.312629052573465e6,4.520698237213443e6,0.0,0.0,0.0,0.0
4492,5.31852194521071e6,4.523205844837112e6,0.0,0.0,0.0,0.0
4493,5.309746095326322e6,4.5285446491086455e6,0.0,0.0,0.0,0.0
4494,5.300970245441934e6,4.533883453380179e6,0.0,0.0,0.0,0.0
4495,5.274837227460783e6,4.539690849289332e6,0.0,0.0,0.0,0.0
4496,5.248704209479632e6,4.545498245198484e6,0.0,0.0,0.0,0.0
4497,5.261645658398317e6,4.550840395820674e6,0.0,0.0,0.0,0.0
4498,5.274587107317002e6,4.556182546442864e6,0.0,0.0,0.0,0.0
4499,5.2904238997431025e6,4.565163321483741e6,0.0,0.0,0.0,0.0
4500,5.3062606921692025e6,4.574144096524618e6,0.0,0.0,0.0,0.0
4501,5.321733718680422e6,4.583124871565495e6,0.0,0.0,0.0,0.0
4502,5.337206745191641e6,4.592105646606371e6,0.0,0.0,0.0,0.0
4503,5.311250710916633e6,4.601086421647247e6,0.0,0.0,0.0,0.0
4504,5.2852946766416235e6,4.610067196688124e6,0.0,0.0,0.0,0.0
4505,5.261519084852379e6,4.614989773549233e6,0.0,0.0,0.0,0.0
4506,5.237743493063133e6,4.619912350410342e6,0.0,0.0,0.0,0.0
4507,5.213055356353663e6,4.6219521554512195e6,0.0,0.0,0.0,0.0
4508,5.188367219644192e6,4.623991960492096e6,0.0,0.0,0.0,0.0
4509,5.161396433973196e6,4.626031765532972e6,0.0,0.0,0.0,0.0
4510,5.1344256483022e6,4.62807157057385e6,0.0,0.0,0.0,0.0
4511,5.104428180164648e6,4.630111375614727e6,0.0,0.0,0.0,0.0
4512,5.074430712027095e6,4.632151180655603e6,0.0,0.0,0.0,0.0
4513,5.04255491125261e6,4.63419098569648e6,0.0,0.0,0.0,0.0
4514,5.010679110478126e6,4.636230790737357e6,0.0,0.0,0.0,0.0
4515,4.97856186993855e6,4.64223400324261e6,0.0,0.0,0.0,0.0
4516,4.946444629398973e6,4.648237215747862e6,0.0,0.0,0.0,0.0
4517,4.915861991971659e6,4.657217990788739e6,0.0,0.0,0.0,0.0
4518,4.885279354544345e6,4.666198765829615e6,0.0,0.0,0.0,0.0
4519,4.858780070566149e6,4.675179540870491e6,0.0,0.0,0.0,0.0
4520,4.8322807865879545e6,4.6841603159113685e6,0.0,0.0,0.0,0.0
4521,4.84808973726009e6,4.692754880697696e6,0.0,0.0,0.0,0.0
4522,4.863898687932227e6,4.701349445484024e6,0.0,0.0,0.0,0.0
4523,4.878853420631647e6,4.7103302205249e6,0.0,0.0,0.0,0.0
4524,4.893808153331067e6,4.719310995565777e6,0.0,0.0,0.0,0.0
4525,4.907779102841416e6,4.728291770606654e6,0.0,0.0,0.0,0.0
4526,4.921750052351764e6,4.73727254564753e6,0.0,0.0,0.0,0.0
4527,4.9365888245987315e6,4.746253320688406e6,0.0,0.0,0.0,0.0
4528,4.9514275968456995e6,4.755234095729283e6,0.0,0.0,0.0,0.0
4529,4.925833987876609e6,4.76421487077016e6,0.0,0.0,0.0,0.0
4530,4.900240378907518e6,4.773195645811036e6,0.0,0.0,0.0,0.0
4531,4.915088264367012e6,4.775235450851914e6,0.0,0.0,0.0,0.0
4532,4.929936149826505e6,4.77727525589279e6,0.0,0.0,0.0,0.0
4533,4.936495353461504e6,4.781949337239098e6,0.0,0.0,0.0,0.0
4534,4.943054557096504e6,4.786623418585405e6,0.0,0.0,0.0,0.0
4535,4.951391203938637e6,4.789905321537995e6,0.0,0.0,0.0,0.0
4536,4.959727850780769e6,4.793187224490585e6,0.0,0.0,0.0,0.0
4537,4.938717685664527e6,4.795227029531462e6,0.0,0.0,0.0,0.0
4538,4.917707520548285e6,4.7972668345723385e6,0.0,0.0,0.0,0.0
4539,4.899132578773226e6,4.799306639613215e6,0.0,0.0,0.0,0.0
4540,4.880557636998166e6,4.801346444654092e6,0.0,0.0,0.0,0.0
4541,4.8492277669262355e6,4.805310934509199e6,0.0,0.0,0.0,0.0
4542,4.817897896854305e6,4.809275424364307e6,0.0,0.0,0.0,0.0
4543,4.793043371367129e6,4.811775013370043e6,0.0,0.0,0.0,0.0
4544,4.768188845879952e6,4.814274602375779e6,0.0,0.0,0.0,0.0
4545,4.755937361809885e6,4.816314407416657e6,0.0,0.0,0.0,0.0
4546,4.743685877739818e6,4.818354212457533e6,0.0,0.0,0.0,0.0
4547,4.760400539483027e6,4.820394017498409e6,0.0,0.0,0.0,0.0
4548,4.777115201226235e6,4.822433822539287e6,0.0,0.0,0.0,0.0
4549,4.790137834321715e6,4.831414597580163e6,0.0,0.0,0.0,0.0
4550,4.803160467417195e6,4.84039537262104e6,0.0,0.0,0.0,0.0
4551,4.777593530090045e6,4.845817971824563e6,0.0,0.0,0.0,0.0
4552,4.752026592762896e6,4.851240571028086e6,0.0,0.0,0.0,0.0
4553,4.7277280286297295e6,4.853280376068963e6,0.0,0.0,0.0,0.0
4554,4.703429464496564e6,4.85532018110984e6,0.0,0.0,0.0,0.0
4555,4.676758612191836e6,4.857359986150717e6,0.0,0.0,0.0,0.0
4556,4.650087759887109e6,4.859399791191594e6,0.0,0.0,0.0,0.0
4557,4.631246012918681e6,4.86143959623247e6,0.0,0.0,0.0,0.0
4558,4.612404265950253e6,4.863479401273347e6,0.0,0.0,0.0,0.0
4559,4.616366944902126e6,4.865519206314225e6,0.0,0.0,0.0,0.0
4560,4.620329623853997e6,4.867559011355101e6,0.0,0.0,0.0,0.0
4561,4.6271620099856295e6,4.871354813290879e6,0.0,0.0,0.0,0.0
4562,4.633994396117261e6,4.875150615226656e6,0.0,0.0,0.0,0.0
4563,4.6405229434215315e6,4.878946417162433e6,0.0,0.0,0.0,0.0
4564,4.647051490725802e6,4.882742219098211e6,0.0,0.0,0.0,0.0
4565,4.655818893783889e6,4.886538021033989e6,0.0,0.0,0.0,0.0
4566,4.664586296841975e6,4.890333822969766e6,0.0,0.0,0.0,0.0
4567,4.667768573740403e6,4.894129624905543e6,0.0,0.0,0.0,0.0
4568,4.670950850638831e6,4.897925426841321e6,0.0,0.0,0.0,0.0
4569,4.682155200704103e6,4.901721228777099e6,0.0,0.0,0.0,0.0
4570,4.693359550769375e6,4.9055170307128765e6,0.0,0.0,0.0,0.0
4571,4.708075880881605e6,4.909312832648654e6,0.0,0.0,0.0,0.0
4572,4.722792210993835e6,4.913108634584432e6,0.0,0.0,0.0,0.0
4573,4.736925752280008e6,4.920151205196787e6,0.0,0.0,0.0,0.0
4574,4.751059293566181e6,4.927193775809143e6,0.0,0.0,0.0,0.0
4575,4.725409343729848e6,4.9331277208109e6,0.0,0.0,0.0,0.0
4576,4.699759393893515e6,4.939061665812658e6,0.0,0.0,0.0,0.0
4577,4.678375988826545e6,4.942857467748435e6,0.0,0.0,0.0,0.0
4578,4.656992583759574e6,4.946653269684213e6,0.0,0.0,0.0,0.0
4579,4.671705523785105e6,4.950449071619991e6,0.0,0.0,0.0,0.0
4580,4.686418463810636e6,4.954244873555768e6,0.0,0.0,0.0,0.0
4581,4.686438176812011e6,4.958040675491545e6,0.0,0.0,0.0,0.0
4582,4.686457889813386e6,4.961836477427323e6,0.0,0.0,0.0,0.0
4583,4.694735643866621e6,4.965632279363101e6,0.0,0.0,0.0,0.0
4584,4.703013397919855e6,4.969428081298878e6,0.0,0.0,0.0,0.0
4585,4.709824835740416e6,4.9732238832346555e6,0.0,0.0,0.0,0.0
4586,4.716636273560978e6,4.9770196851704335e6,0.0,0.0,0.0,0.0
4587,4.723336300445112e6,4.985772147516156e6,0.0,0.0,0.0,0.0
4588,4.730036327329247e6,4.994524609861879e6,0.0,0.0,0.0,0.0
4589,4.739437626288908e6,5.005261381797656e6,0.0,0.0,0.0,0.0
4590,4.748838925248567e6,5.015998153733434e6,0.0,0.0,0.0,0.0
4591,4.764080961504178e6,5.026734925669212e6,0.0,0.0,0.0,0.0
4592,4.779322997759789e6,5.03747169760499e6,0.0,0.0,0.0,0.0
4593,4.7952149624709785e6,5.045354275188215e6,0.0,0.0,0.0,0.0
4594,4.811106927182169e6,5.053236852771441e6,0.0,0.0,0.0,0.0
4595,4.826651688162929e6,5.057584527285073e6,0.0,0.0,0.0,0.0
4596,4.84219644914369e6,5.061932201798705e6,0.0,0.0,0.0,0.0
4597,4.856518729863131e6,5.072668973734483e6,0.0,0.0,0.0,0.0
4598,4.870841010582574e6,5.083405745670261e6,0.0,0.0,0.0,0.0
4599,4.885017076353148e6,5.088213380157046e6,0.0,0.0,0.0,0.0
4600,4.899193142123721e6,5.093021014643832e6,0.0,0.0,0.0,0.0
4601,4.914412084489744e6,5.09681681657961e6,0.0,0.0,0.0,0.0
4602,4.929631026855767e6,5.100612618515387e6,0.0,0.0,0.0,0.0
4603,4.942868385547722e6,5.104408420451164e6,0.0,0.0,0.0,0.0
4604,4.956105744239677e6,5.108204222386942e6,0.0,0.0,0.0,0.0
4605,4.966690216870565e6,5.11200002432272e6,0.0,0.0,0.0,0.0
4606,4.977274689501454e6,5.115795826258497e6,0.0,0.0,0.0,0.0
4607,4.985842878520269e6,5.119591628194274e6,0.0,0.0,0.0,0.0
4608,4.994411067539083e6,5.123387430130052e6,0.0,0.0,0.0,0.0
4609,5.002017389373219e6,5.12718323206583e6,0.0,0.0,0.0,0.0
4610,5.009623711207354e6,5.130979034001607e6,0.0,0.0,0.0,0.0
4611,5.017043783556904e6,5.1347748359373845e6,0.0,0.0,0.0,0.0
4612,5.024463855906453e6,5.1385706378731625e6,0.0,0.0,0.0,0.0
4613,5.032223874258448e6,5.147606660330975e6,0.0,0.0,0.0,0.0
4614,5.039983892610444e6,5.156642682788788e6,0.0,0.0,0.0,0.0
4615,5.049402246575022e6,5.165201848734739e6,0.0,0.0,0.0,0.0
4616,5.058820600539601e6,5.17376101468069e6,0.0,0.0,0.0,0.0
4617,5.06931331917666e6,5.180058197465451e6,0.0,0.0,0.0,0.0
4618,5.079806037813718e6,5.186355380250213e6,0.0,0.0,0.0,0.0
4619,5.0902457465669485e6,5.190151182185991e6,0.0,0.0,0.0,0.0
4620,5.1006854553201785e6,5.193946984121768e6,0.0,0.0,0.0,0.0
4621,5.110553787476705e6,5.203974748271836e6,0.0,0.0,0.0,0.0
4622,5.120422119633233e6,5.214002512421904e6,0.0,0.0,0.0,0.0
4623,5.130635035489336e6,5.220536341791767e6,0.0,0.0,0.0,0.0
4624,5.140847951345437e6,5.227070171161629e6,0.0,0.0,0.0,0.0
4625,5.151788568014007e6,5.230865973097406e6,0.0,0.0,0.0,0.0
4626,5.162729184682577e6,5.234661775033184e6,0.0,0.0,0.0,0.0
4627,5.172885554728727e6,5.238457576968962e6,0.0,0.0,0.0,0.0
4628,5.183041924774877e6,5.242253378904739e6,0.0,0.0,0.0,0.0
4629,5.191674394827248e6,5.246049180840516e6,0.0,0.0,0.0,0.0
4630,5.200306864879618e6,5.249844982776294e6,0.0,0.0,0.0,0.0
4631,5.207902355129748e6,5.253640784712072e6,0.0,0.0,0.0,0.0
4632,5.215497845379877e6,5.2574365866478495e6,0.0,0.0,0.0,0.0
4633,5.221511601747578e6,5.261232388583627e6,0.0,0.0,0.0,0.0
4634,5.227525358115278e6,5.265028190519405e6,0.0,0.0,0.0,0.0
4635,5.233135175558479e6,5.271414922979159e6,0.0,0.0,0.0,0.0
4636,5.238744993001679e6,5.277801655438915e6,0.0,0.0,0.0,0.0
4637,5.244531778778492e6,5.281762611978551e6,0.0,0.0,0.0,0.0
4638,5.250318564555305e6,5.285723568518189e6,0.0,0.0,0.0,0.0
4639,5.256999304359248e6,5.289519370453967e6,0.0,0.0,0.0,0.0
4640,5.263680044163191e6,5.293315172389744e6,0.0,0.0,0.0,0.0
4641,5.272094325881936e6,5.297110974325521e6,0.0,0.0,0.0,0.0
4642,5.28050860760068e6,5.300906776261299e6,0.0,0.0,0.0,0.0
4643,5.290044925550111e6,5.304702578197077e6,0.0,0.0,0.0,0.0
4644,5.299581243499543e6,5.308498380132854e6,0.0,0.0,0.0,0.0
4645,5.309395696561946e6,5.312294182068631e6,0.0,0.0,0.0,0.0
4646,5.319210149624349e6,5.316089984004409e6,0.0,0.0,0.0,0.0
4647,5.329912382747659e6,5.319885785940187e6,0.0,0.0,0.0,0.0
4648,5.340614615870971e6,5.323681587875964e6,0.0,0.0,0.0,0.0
4649,5.35310059024182e6,5.327477389811741e6,0.0,0.0,0.0,0.0
4650,5.365586564612668e6,5.331273191747519e6,0.0,0.0,0.0,0.0
4651,5.3783152493348615e6,5.335068993683297e6,0.0,0.0,0.0,0.0
4652,5.391043934057055e6,5.338864795619074e6,0.0,0.0,0.0,0.0
4653,5.401526832551869e6,5.342660597554851e6,0.0,0.0,0.0,0.0
4654,5.412009731046681e6,5.346456399490629e6,0.0,0.0,0.0,0.0
4655,5.421325271288404e6,5.350252201426407e6,0.0,0.0,0.0,0.0
4656,5.430640811530128e6,5.354048003362184e6,0.0,0.0,0.0,0.0
4657,5.438913470339683e6,5.357843805297961e6,0.0,0.0,0.0,0.0
4658,5.447186129149238e6,5.361639607233739e6,0.0,0.0,0.0,0.0
4659,5.45519725813207e6,5.368740944772584e6,0.0,0.0,0.0,0.0
4660,5.463208387114903e6,5.37584228231143e6,0.0,0.0,0.0,0.0
4661,5.474099753937351e6,5.386579054247208e6,0.0,0.0,0.0,0.0
4662,5.484991120759797e6,5.397315826182986e6,0.0,0.0,0.0,0.0
4663,5.501457670854749e6,5.408052598118763e6,0.0,0.0,0.0,0.0
4664,5.5179242209497e6,5.418789370054541e6,0.0,0.0,0.0,0.0
4665,5.534176475093568e6,5.429526141990319e6,0.0,0.0,0.0,0.0
4666,5.550428729237435e6,5.440262913926097e6,0.0,0.0,0.0,0.0
4667,5.565364811967668e6,5.450999685861874e6,0.0,0.0,0.0,0.0
4668,5.580300894697901e6,5.461736457797652e6,0.0,0.0,0.0,0.0
4669,5.594321277126558e6,5.47247322973343e6,0.0,0.0,0.0,0.0
4670,5.608341659555215e6,5.483210001669208e6,0.0,0.0,0.0,0.0
4671,5.622673782075403e6,5.493946773604985e6,0.0,0.0,0.0,0.0
4672,5.63700590459559e6,5.504683545540763e6,0.0,0.0,0.0,0.0
4673,5.653048179384911e6,5.509715164086122e6,0.0,0.0,0.0,0.0
4674,5.669090454174234e6,5.51474678263148e6,0.0,0.0,0.0,0.0
4675,5.683604335269166e6,5.518542584567258e6,0.0,0.0,0.0,0.0
4676,5.698118216364098e6,5.522338386503035e6,0.0,0.0,0.0,0.0
4677,5.709498450815079e6,5.526134188438812e6,0.0,0.0,0.0,0.0
4678,5.72087868526606e6,5.52992999037459e6,0.0,0.0,0.0,0.0
4679,5.729624438668298e6,5.533725792310368e6,0.0,0.0,0.0,0.0
4680,5.738370192070536e6,5.537521594246145e6,0.0,0.0,0.0,0.0
4681,5.7455427630453445e6,5.54245487100243e6,0.0,0.0,0.0,0.0
4682,5.752715334020153e6,5.547388147758716e6,0.0,0.0,0.0,0.0
4683,5.759978995632108e6,5.557033244765265e6,0.0,0.0,0.0,0.0
4684,5.767242657244065e6,5.566678341771814e6,0.0,0.0,0.0,0.0
4685,5.777159345332495e6,5.577415113707592e6,0.0,0.0,0.0,0.0
4686,5.787076033420925e6,5.5881518856433695e6,0.0,0.0,0.0,0.0
4687,5.80268162843941e6,5.598888657579147e6,0.0,0.0,0.0,0.0
4688,5.818287223457894e6,5.609625429514925e6,0.0,0.0,0.0,0.0
4689,5.834159793381853e6,5.620362201450703e6,0.0,0.0,0.0,0.0
4690,5.850032363305812e6,5.6310989733864805e6,0.0,0.0,0.0,0.0
4691,5.864903361824913e6,5.641835745322258e6,0.0,0.0,0.0,0.0
4692,5.879774360344014e6,5.652572517258036e6,0.0,0.0,0.0,0.0
4693,5.894003123127947e6,5.663309289193814e6,0.0,0.0,0.0,0.0
4694,5.908231885911879e6,5.674046061129591e6,0.0,0.0,0.0,0.0
4695,5.923080370947763e6,5.684782833065369e6,0.0,0.0,0.0,0.0
4696,5.937928855983648e6,5.695519605001147e6,0.0,0.0,0.0,0.0
4697,5.954593188856247e6,5.706256376936925e6,0.0,0.0,0.0,0.0
4698,5.971257521728845e6,5.716993148872702e6,0.0,0.0,0.0,0.0
4699,5.986164483957225e6,5.726136098451268e6,0.0,0.0,0.0,0.0
4700,6.001071446185606e6,5.735279048029833e6,0.0,0.0,0.0,0.0
4701,6.012251826916249e6,5.740271732108182e6,0.0,0.0,0.0,0.0
4702,6.0234322076468915e6,5.745264416186532e6,0.0,0.0,0.0,0.0
4703,6.031811782305995e6,5.749060218122309e6,0.0,0.0,0.0,0.0
4704,6.040191356965098e6,5.752856020058087e6,0.0,0.0,0.0,0.0
4705,6.04773891721973e6,5.756651821993865e6,0.0,0.0,0.0,0.0
4706,6.055286477474362e6,5.760447623929642e6,0.0,0.0,0.0,0.0
4707,6.06298558302347e6,5.764243425865419e6,0.0,0.0,0.0,0.0
4708,6.070684688572578e6,5.768039227801197e6,0.0,0.0,0.0,0.0
4709,6.081031157437427e6,5.771835029736975e6,0.0,0.0,0.0,0.0
4710,6.091377626302277e6,5.775630831672752e6,0.0,0.0,0.0,0.0
4711,6.106906580521001e6,5.779426633608529e6,0.0,0.0,0.0,0.0
4712,6.122435534739725e6,5.783222435544307e6,0.0,0.0,0.0,0.0
4713,6.137872694769112e6,5.787018237480085e6,0.0,0.0,0.0,0.0
4714,6.1533098547985e6,5.790814039415862e6,0.0,0.0,0.0,0.0
4715,6.168469750374851e6,5.7946098413516395e6,0.0,0.0,0.0,0.0
4716,6.183629645951201e6,5.7984056432874175e6,0.0,0.0,0.0,0.0
4717,6.198098297721922e6,5.80319230692309e6,0.0,0.0,0.0,0.0
4718,6.212566949492643e6,5.807978970558762e6,0.0,0.0,0.0,0.0
4719,6.228216795340339e6,5.81177477249454e6,0.0,0.0,0.0,0.0
4720,6.243866641188034e6,5.815570574430317e6,0.0,0.0,0.0,0.0
4721,6.261709976096107e6,5.819366376366094e6,0.0,0.0,0.0,0.0
4722,6.27955331100418e6,5.823162178301872e6,0.0,0.0,0.0,0.0
4723,6.294603633234205e6,5.82695798023765e6,0.0,0.0,0.0,0.0
4724,6.309653955464229e6,5.830753782173427e6,0.0,0.0,0.0,0.0
4725,6.320818042052351e6,5.834549584109204e6,0.0,0.0,0.0,0.0
4726,6.331982128640473e6,5.838345386044982e6,0.0,0.0,0.0,0.0
4727,6.340874045830941e6,5.84214118798076e6,0.0,0.0,0.0,0.0
4728,6.34976596302141e6,5.845936989916537e6,0.0,0.0,0.0,0.0
4729,6.357073902341296e6,5.846303431936376e6,0.0,0.0,0.0,0.0
4730,6.364381841661182e6,5.846669873956214e6,0.0,0.0,0.0,0.0
4731,6.371698703253772e6,5.847036315976052e6,0.0,0.0,0.0,0.0
4732,6.379015564846363e6,5.84740275799589e6,0.0,0.0,0.0,0.0
4733,6.389555051356534e6,5.847769200015729e6,0.0,0.0,0.0,0.0
4734,6.400094537866703e6,5.848135642035567e6,0.0,0.0,0.0,0.0
4735,6.416147263329571e6,5.848502084055405e6,0.0,0.0,0.0,0.0
4736,6.432199988792439e6,5.848868526075244e6,0.0,0.0,0.0,0.0
4737,6.448028467901867e6,5.849234968095083e6,0.0,0.0,0.0,0.0
4738,6.463856947011296e6,5.849601410114921e6,0.0,0.0,0.0,0.0
4739,6.478706881182576e6,5.849967852134759e6,0.0,0.0,0.0,0.0
4740,6.493556815353856e6,5.850334294154597e6,0.0,0.0,0.0,0.0
4741,6.5073351570566e6,5.856814672132056e6,0.0,0.0,0.0,0.0
4742,6.521113498759342e6,5.863295050109514e6,0.0,0.0,0.0,0.0
4743,6.5350797096282635e6,5.866337800346128e6,0.0,0.0,0.0,0.0
4744,6.549045920497184e6,5.869380550582741e6,0.0,0.0,0.0,0.0
4745,6.56435124713058e6,5.869746992602579e6,0.0,0.0,0.0,0.0
4746,6.579656573763977e6,5.870113434622418e6,0.0,0.0,0.0,0.0
4747,6.593432556645339e6,5.870479876642257e6,0.0,0.0,0.0,0.0
4748,6.607208539526703e6,5.870846318662095e6,0.0,0.0,0.0,0.0
4749,6.617243226334728e6,5.871212760681933e6,0.0,0.0,0.0,0.0
4750,6.627277913142754e6,5.871579202701772e6,0.0,0.0,0.0,0.0
4751,6.635549318503918e6,5.8719456447216105e6,0.0,0.0,0.0,0.0
4752,6.643820723865083e6,5.872312086741448e6,0.0,0.0,0.0,0.0
4753,6.650832779808742e6,5.872678528761286e6,0.0,0.0,0.0,0.0
4754,6.657844835752401e6,5.873044970781125e6,0.0,0.0,0.0,0.0
4755,6.664772630319072e6,5.873411412800964e6,0.0,0.0,0.0,0.0
4756,6.671700424885742e6,5.873777854820802e6,0.0,0.0,0.0,0.0
4757,6.681476577170442e6,5.87414429684064e6,0.0,0.0,0.0,0.0
4758,6.691252729455141e6,5.874510738860479e6,0.0,0.0,0.0,0.0
4759,6.705853973531817e6,5.874877180880317e6,0.0,0.0,0.0,0.0
4760,6.720455217608493e6,5.875243622900155e6,0.0,0.0,0.0,0.0
4761,6.735362021535943e6,5.875610064919993e6,0.0,0.0,0.0,0.0
4762,6.750268825463394e6,5.875976506939832e6,0.0,0.0,0.0,0.0
4763,6.764605376248032e6,5.876342948959671e6,0.0,0.0,0.0,0.0
4764,6.77894192703267e6,5.876709390979509e6,0.0,0.0,0.0,0.0
4765,6.792882559653094e6,5.877075832999347e6,0.0,0.0,0.0,0.0
4766,6.806823192273519e6,5.877442275019186e6,0.0,0.0,0.0,0.0
4767,6.779573755192539e6,5.877808717039024e6,0.0,0.0,0.0,0.0
4768,6.752324318111558e6,5.878175159058862e6,0.0,0.0,0.0,0.0
4769,6.726832109543426e6,5.8785416010787e6,0.0,0.0,0.0,0.0
4770,6.7013399009752935e6,5.878908043098539e6,0.0,0.0,0.0,0.0
4771,6.673864968215449e6,5.879274485118378e6,0.0,0.0,0.0,0.0
4772,6.646390035455603e6,5.879640927138216e6,0.0,0.0,0.0,0.0
4773,6.616099240816027e6,5.880007369158054e6,0.0,0.0,0.0,0.0
4774,6.585808446176451e6,5.880373811177893e6,0.0,0.0,0.0,0.0
4775,6.554036559934506e6,5.880740253197731e6,0.0,0.0,0.0,0.0
4776,6.522264673692561e6,5.881106695217569e6,0.0,0.0,0.0,0.0
4777,6.48883347816819e6,5.881473137237407e6,0.0,0.0,0.0,0.0
4778,6.45540228264382e6,5.881839579257246e6,0.0,0.0,0.0,0.0
4779,6.426398867514519e6,5.882206021277085e6,0.0,0.0,0.0,0.0
4780,6.397395452385218e6,5.882572463296923e6,0.0,0.0,0.0,0.0
4781,6.366758992408291e6,5.882938905316761e6,0.0,0.0,0.0,0.0
4782,6.336122532431365e6,5.8833053473366e6,0.0,0.0,0.0,0.0
4783,6.305306320095839e6,5.883671789356438e6,0.0,0.0,0.0,0.0
4784,6.274490107760312e6,5.884038231376276e6,0.0,0.0,0.0,0.0
4785,6.271283615393085e6,5.884404673396114e6,0.0,0.0,0.0,0.0
4786,6.26807712302586e6,5.884771115415953e6,0.0,0.0,0.0,0.0
4787,6.281051503486656e6,5.885137557435792e6,0.0,0.0,0.0,0.0
4788,6.2940258839474525e6,5.88550399945563e6,0.0,0.0,0.0,0.0
4789,6.306409908852765e6,5.885870441475468e6,0.0,0.0,0.0,0.0
4790,6.318793933758077e6,5.886236883495307e6,0.0,0.0,0.0,0.0
4791,6.294796022979118e6,5.886603325515145e6,0.0,0.0,0.0,0.0
4792,6.27079811220016e6,5.886969767534983e6,0.0,0.0,0.0,0.0
4793,6.243465667541999e6,5.887336209554821e6,0.0,0.0,0.0,0.0
4794,6.216133222883838e6,5.88770265157466e6,0.0,0.0,0.0,0.0
4795,6.187030129149437e6,5.888069093594499e6,0.0,0.0,0.0,0.0
4796,6.157927035415035e6,5.888435535614337e6,0.0,0.0,0.0,0.0
4797,6.1259211268263105e6,5.888801977634175e6,0.0,0.0,0.0,0.0
4798,6.093915218237586e6,5.889168419654014e6,0.0,0.0,0.0,0.0
4799,6.0598903418921735e6,5.889534861673852e6,0.0,0.0,0.0,0.0
4800,6.02586546554676e6,5.88990130369369e6,0.0,0.0,0.0,0.0
4801,5.99063487596236e6,5.890267745713528e6,0.0,0.0,0.0,0.0
4802,5.955404286377961e6,5.890634187733367e6,0.0,0.0,0.0,0.0
4803,5.919934335308252e6,5.891000629753206e6,0.0,0.0,0.0,0.0
4804,5.884464384238542e6,5.891367071773044e6,0.0,0.0,0.0,0.0
4805,5.849454312700973e6,5.891733513792882e6,0.0,0.0,0.0,0.0
4806,5.814444241163404e6,5.892099955812721e6,0.0,0.0,0.0,0.0
4807,5.780956004555193e6,5.892466397832559e6,0.0,0.0,0.0,0.0
4808,5.747467767946982e6,5.892832839852397e6,0.0,0.0,0.0,0.0
4809,5.727200082681989e6,5.893199281872235e6,0.0,0.0,0.0,0.0
4810,5.706932397416998e6,5.893565723892074e6,0.0,0.0,0.0,0.0
4811,5.719162124155967e6,5.893932165911913e6,0.0,0.0,0.0,0.0
4812,5.7313918508949345e6,5.894298607931751e6,0.0,0.0,0.0,0.0
4813,5.732049734998565e6,5.894665049951589e6,0.0,0.0,0.0,0.0
4814,5.732707619102197e6,5.895031491971428e6,0.0,0.0,0.0,0.0
4815,5.704026735100888e6,5.895397933991266e6,0.0,0.0,0.0,0.0
4816,5.675345851099579e6,5.895764376011104e6,0.0,0.0,0.0,0.0
4817,5.648448577205062e6,5.896130818030942e6,0.0,0.0,0.0,0.0
4818,5.621551303310544e6,5.896497260050781e6,0.0,0.0,0.0,0.0
4819,5.594600355327823e6,5.89686370207062e6,0.0,0.0,0.0,0.0
4820,5.567649407345102e6,5.897230144090458e6,0.0,0.0,0.0,0.0
4821,5.538381234370366e6,5.897596586110296e6,0.0,0.0,0.0,0.0
4822,5.50911306139563e6,5.897963028130135e6,0.0,0.0,0.0,0.0
4823,5.477617664017435e6,5.898329470149973e6,0.0,0.0,0.0,0.0
4824,5.446122266639239e6,5.898695912169811e6,0.0,0.0,0.0,0.0
4825,5.413556558653625e6,5.899151898892973e6,0.0,0.0,0.0,0.0
4826,5.380990850668011e6,5.899607885616133e6,0.0,0.0,0.0,0.0
4827,5.348577605480908e6,5.899974327635972e6,0.0,0.0,0.0,0.0
4828,5.316164360293806e6,5.90034076965581e6,0.0,0.0,0.0,0.0
4829,5.286916678063863e6,5.907648181675648e6,0.0,0.0,0.0,0.0
4830,5.25766899583392e6,5.914955593695486e6,0.0,0.0,0.0,0.0
4831,5.23347149596077e6,5.915322035715325e6,0.0,0.0,0.0,0.0
4832,5.209273996087619e6,5.915688477735163e6,0.0,0.0,0.0,0.0
4833,5.185262764622672e6,5.920861818475906e6,0.0,0.0,0.0,0.0
4834,5.161251533157726e6,5.926035159216649e6,0.0,0.0,0.0,0.0
4835,5.137115516367065e6,5.928882532985702e6,0.0,0.0,0.0,0.0
4836,5.112979499576404e6,5.931729906754755e6,0.0,0.0,0.0,0.0
4837,5.088419274281016e6,5.933746541887153e6,0.0,0.0,0.0,0.0
4838,5.063859048985628e6,5.9357631770195495e6,0.0,0.0,0.0,0.0
4839,5.039402327509301e6,5.936129619039388e6,0.0,0.0,0.0,0.0
4840,5.014945606032973e6,5.936496061059226e6,0.0,0.0,0.0,0.0
4841,4.991105745574553e6,5.936862503079064e6,0.0,0.0,0.0,0.0
4842,4.967265885116131e6,5.937228945098903e6,0.0,0.0,0.0,0.0
4843,4.942167692266322e6,5.937595387118742e6,0.0,0.0,0.0,0.0
4844,4.917069499416512e6,5.93796182913858e6,0.0,0.0,0.0,0.0
4845,4.88915792997705e6,5.938328271158418e6,0.0,0.0,0.0,0.0
4846,4.861246360537587e6,5.9386947131782565e6,0.0,0.0,0.0,0.0
4847,4.83126392195641e6,5.939061155198095e6,0.0,0.0,0.0,0.0
4848,4.801281483375233e6,5.939427597217933e6,0.0,0.0,0.0,0.0
4849,4.770131327945229e6,5.939794039237771e6,0.0,0.0,0.0,0.0
4850,4.738981172515225e6,5.94016048125761e6,0.0,0.0,0.0,0.0
4851,4.7076968676794525e6,5.940526923277449e6,0.0,0.0,0.0,0.0
4852,4.676412562843679e6,5.940893365297287e6,0.0,0.0,0.0,0.0
4853,4.648131765252883e6,5.941259807317125e6,0.0,0.0,0.0,0.0
4854,4.619850967662085e6,5.9416262493369635e6,0.0,0.0,0.0,0.0
4855,4.596271971712062e6,5.942429665484192e6,0.0,0.0,0.0,0.0
4856,4.5726929757620385e6,5.943233081631421e6,0.0,0.0,0.0,0.0
4857,4.549462080702756e6,5.943741235593563e6,0.0,0.0,0.0,0.0
4858,4.526231185643474e6,5.944249389555706e6,0.0,0.0,0.0,0.0
4859,4.502614899697226e6,5.945996495323364e6,0.0,0.0,0.0,0.0
4860,4.478998613750977e6,5.947743601091022e6,0.0,0.0,0.0,0.0
4861,4.454688985536702e6,5.955051013110859e6,0.0,0.0,0.0,0.0
4862,4.430379357322426e6,5.962358425130698e6,0.0,0.0,0.0,0.0
4863,4.406162907019209e6,5.9696658371505365e6,0.0,0.0,0.0,0.0
4864,4.381946456715993e6,5.976973249170374e6,0.0,0.0,0.0,0.0
4865,4.3582560367961e6,5.980595507587713e6,0.0,0.0,0.0,0.0
4866,4.334565616876208e6,5.984217766005052e6,0.0,0.0,0.0,0.0
4867,4.310012036460919e6,5.984584208024891e6,0.0,0.0,0.0,0.0
4868,4.28545845604563e6,5.984950650044729e6,0.0,0.0,0.0,0.0
4869,4.257591271062574e6,5.985317092064567e6,0.0,0.0,0.0,0.0
4870,4.229724086079518e6,5.985683534084406e6,0.0,0.0,0.0,0.0
4871,4.199165343806787e6,5.986049976104245e6,0.0,0.0,0.0,0.0
4872,4.1686066015340565e6,5.9864164181240825e6,0.0,0.0,0.0,0.0
4873,4.137095044915374e6,5.98678286014392e6,0.0,0.0,0.0,0.0
4874,4.1055834882966913e6,5.987149302163759e6,0.0,0.0,0.0,0.0
4875,4.0741953922774275e6,5.987515744183598e6,0.0,0.0,0.0,0.0
4876,4.0428072962581636e6,5.987882186203436e6,0.0,0.0,0.0,0.0
4877,4.014128841092699e6,5.988248628223274e6,0.0,0.0,0.0,0.0
4878,3.9854503859272352e6,5.988615070243113e6,0.0,0.0,0.0,0.0
4879,3.961215470028056e6,5.988981512262952e6,0.0,0.0,0.0,0.0
4880,3.9369805541288764e6,5.9893479542827895e6,0.0,0.0,0.0,0.0
4881,3.913329401350023e6,5.989714396302627e6,0.0,0.0,0.0,0.0
4882,3.88967824857117e6,5.990080838322466e6,0.0,0.0,0.0,0.0
4883,3.8658507101393454e6,5.996608950835051e6,0.0,0.0,0.0,0.0
4884,3.842023171707521e6,6.003137063347636e6,0.0,0.0,0.0,0.0
4885,3.8175002845815653e6,6.010444475367473e6,0.0,0.0,0.0,0.0
4886,3.7929773974556094e6,6.017751887387312e6,0.0,0.0,0.0,0.0
4887,3.768382452331473e6,6.025059299407151e6,0.0,0.0,0.0,0.0
4888,3.743787507207337e6,6.032366711426988e6,0.0,0.0,0.0,0.0
4889,3.7201116061075497e6,6.037283374429618e6,0.0,0.0,0.0,0.0
4890,3.696435705007762e6,6.042200037432248e6,0.0,0.0,0.0,0.0
4891,3.671874593134543e6,6.042566479452087e6,0.0,0.0,0.0,0.0
4892,3.6473134812613237e6,6.0429329214719245e6,0.0,0.0,0.0,0.0
4893,3.6196719736026013e6,6.043299363491762e6,0.0,0.0,0.0,0.0
4894,3.5920304659438794e6,6.043665805511601e6,0.0,0.0,0.0,0.0
4895,3.562091629575015e6,6.04403224753144e6,0.0,0.0,0.0,0.0
4896,3.53215279320615e6,6.044398689551278e6,0.0,0.0,0.0,0.0
4897,3.501136343592935e6,6.047130851388706e6,0.0,0.0,0.0,0.0
4898,3.4701198939797194e6,6.049863013226134e6,0.0,0.0,0.0,0.0
4899,3.4387306464206506e6,6.056062577620152e6,0.0,0.0,0.0,0.0
4900,3.407341398861582e6,6.062262142014172e6,0.0,0.0,0.0,0.0
4901,3.378974206510761e6,6.068160780800281e6,0.0,0.0,0.0,0.0
4902,3.3506070141599397e6,6.074059419586389e6,0.0,0.0,0.0,0.0
4903,3.327153823475754e6,6.073548540041754e6,0.0,0.0,0.0,0.0
4904,3.303700632791568e6,6.07303766049712e6,0.0,0.0,0.0,0.0
4905,3.2806157171662576e6,6.072526780952485e6,0.0,0.0,0.0,0.0
4906,3.257530801540947e6,6.07201590140785e6,0.0,0.0,0.0,0.0
4907,3.233830833757452e6,6.078445991863215e6,0.0,0.0,0.0,0.0
4908,3.2101308659739573e6,6.08487608231858e6,0.0,0.0,0.0,0.0
4909,3.1857242031404907e6,6.091306172773944e6,0.0,0.0,0.0,0.0
4910,3.1613175403070245e6,6.09773626322931e6,0.0,0.0,0.0,0.0
4911,3.1370132084246143e6,6.104166353684675e6,0.0,0.0,0.0,0.0
4912,3.112708876542204e6,6.110596444140039e6,0.0,0.0,0.0,0.0
4913,3.0897329471724574e6,6.111781149749793e6,0.0,0.0,0.0,0.0
4914,3.0667570178027106e6,6.112965855359546e6,0.0,0.0,0.0,0.0
4915,3.042988765694301e6,6.112454975814911e6,0.0,0.0,0.0,0.0
4916,3.0192205135858916e6,6.111944096270276e6,0.0,0.0,0.0,0.0
4917,2.9921547308842316e6,6.111433216725642e6,0.0,0.0,0.0,0.0
4918,2.965088948182571e6,6.110922337181007e6,0.0,0.0,0.0,0.0
4919,2.935815757162686e6,6.110411457636371e6,0.0,0.0,0.0,0.0
4920,2.9065425661428007e6,6.109900578091737e6,0.0,0.0,0.0,0.0
4921,2.87600083101245e6,6.1093896985471025e6,0.0,0.0,0.0,0.0
4922,2.8454590958821e6,6.108878819002467e6,0.0,0.0,0.0,0.0
4923,2.8146421916470025e6,6.108367939457832e6,0.0,0.0,0.0,0.0
4924,2.7838252874119044e6,6.1078570599131975e6,0.0,0.0,0.0,0.0
4925,2.756028020275333e6,6.110813630981486e6,0.0,0.0,0.0,0.0
4926,2.7282307531387615e6,6.113770202049776e6,0.0,0.0,0.0,0.0
4927,2.705137727713344e6,6.115913662532028e6,0.0,0.0,0.0,0.0
4928,2.682044702287927e6,6.11805712301428e6,0.0,0.0,0.0,0.0
4929,2.6592467177553624e6,6.117546243469644e6,0.0,0.0,0.0,0.0
4930,2.6364487332227984e6,6.11703536392501e6,0.0,0.0,0.0,0.0
4931,2.6547630642247363e6,6.123465454380374e6,0.0,0.0,0.0,0.0
4932,2.673077395226674e6,6.12989554483574e6,0.0,0.0,0.0,0.0
4933,2.6682996688563293e6,6.136325635291105e6,0.0,0.0,0.0,0.0
4934,2.663521942485984e6,6.14275572574647e6,0.0,0.0,0.0,0.0
4935,2.638877755973799e6,6.145739447262637e6,0.0,0.0,0.0,0.0
4936,2.614233569461614e6,6.148723168778806e6,0.0,0.0,0.0,0.0
4937,2.5907455835600216e6,6.1498442738739345e6,0.0,0.0,0.0,0.0
4938,2.567257597658429e6,6.150965378969063e6,0.0,0.0,0.0,0.0
4939,2.5420423999589235e6,6.150454499424428e6,0.0,0.0,0.0,0.0
4940,2.5168272022594176e6,6.149943619879793e6,0.0,0.0,0.0,0.0
4941,2.488304252841669e6,6.149432740335159e6,0.0,0.0,0.0,0.0
4942,2.45978130342392e6,6.148921860790524e6,0.0,0.0,0.0,0.0
4943,2.432656421874027e6,6.148410981245888e6,0.0,0.0,0.0,0.0
4944,2.405531540324133e6,6.147900101701254e6,0.0,0.0,0.0,0.0
4945,2.3982517455405593e6,6.14738922215662e6,0.0,0.0,0.0,0.0
4946,2.3909719507569857e6,6.146878342611984e6,0.0,0.0,0.0,0.0
4947,2.3931174455860453e6,6.147030957780749e6,0.0,0.0,0.0,0.0
4948,2.395262940415105e6,6.147183572949514e6,0.0,0.0,0.0,0.0
4949,2.403749719893191e6,6.151698125983332e6,0.0,0.0,0.0,0.0
4950,2.4122364993712776e6,6.156212679017151e6,0.0,0.0,0.0,0.0
4951,2.4228104536044244e6,6.158966766156118e6,0.0,0.0,0.0,0.0
4952,2.433384407837571e6,6.161720853295085e6,0.0,0.0,0.0,0.0
4953,2.4465577051531896e6,6.16120997375045e6,0.0,0.0,0.0,0.0
4954,2.4597310024688086e6,6.160699094205815e6,0.0,0.0,0.0,0.0
4955,2.4733188888391387e6,6.16712918466118e6,0.0,0.0,0.0,0.0
4956,2.4869067752094683e6,6.173559275116545e6,0.0,0.0,0.0,0.0
4957,2.4995966403517416e6,6.1799893655719105e6,0.0,0.0,0.0,0.0
4958,2.5122865054940144e6,6.186419456027275e6,0.0,0.0,0.0,0.0
4959,2.490676166119799e6,6.192849546482639e6,0.0,0.0,0.0,0.0
4960,2.4690658267455837e6,6.199279636938005e6,0.0,0.0,0.0,0.0
4961,2.442289975163253e6,6.2030674983909745e6,0.0,0.0,0.0,0.0
4962,2.415514123580922e6,6.206855359843944e6,0.0,0.0,0.0,0.0
4963,2.387555760752502e6,6.206344480299309e6,0.0,0.0,0.0,0.0
4964,2.3595973979240814e6,6.2058336007546745e6,0.0,0.0,0.0,0.0
4965,2.329182924898262e6,6.20532272121004e6,0.0,0.0,0.0,0.0
4966,2.2987684518724424e6,6.204811841665405e6,0.0,0.0,0.0,0.0
4967,2.3084143308777404e6,6.20430096212077e6,0.0,0.0,0.0,0.0
4968,2.3180602098830384e6,6.203790082576135e6,0.0,0.0,0.0,0.0
4969,2.284289607000989e6,6.207557926299814e6,0.0,0.0,0.0,0.0
4970,2.250519004118939e6,6.211325770023492e6,0.0,0.0,0.0,0.0
4971,2.258434487792714e6,6.217652765923241e6,0.0,0.0,0.0,0.0
4972,2.266349971466489e6,6.223979761822989e6,0.0,0.0,0.0,0.0
4973,2.23279666048472e6,6.230409852278354e6,0.0,0.0,0.0,0.0
4974,2.199243349502951e6,6.236839942733719e6,0.0,0.0,0.0,0.0
4975,2.1675721274155537e6,6.243270033189084e6,0.0,0.0,0.0,0.0
4976,2.135900905328157e6,6.249700123644449e6,0.0,0.0,0.0,0.0
4977,2.106407537089142e6,6.2537096708156895e6,0.0,0.0,0.0,0.0
4978,2.0769141688501267e6,6.25771921798693e6,0.0,0.0,0.0,0.0
4979,2.0908004722924882e6,6.264149308442295e6,0.0,0.0,0.0,0.0
4980,2.1046867757348497e6,6.27057939889766e6,0.0,0.0,0.0,0.0
4981,2.1177337780820336e6,6.277009489353025e6,0.0,0.0,0.0,0.0
4982,2.130780780429218e6,6.28343957980839e6,0.0,0.0,0.0,0.0
4983,2.1024967383145224e6,6.289869670263754e6,0.0,0.0,0.0,0.0
4984,2.0742126961998264e6,6.29629976071912e6,0.0,0.0,0.0,0.0
4985,2.047774861283444e6,6.302482227380015e6,0.0,0.0,0.0,0.0
4986,2.0213370263670618e6,6.30866469404091e6,0.0,0.0,0.0,0.0
4987,1.9946048809829718e6,6.308153814496275e6,0.0,0.0,0.0,0.0
4988,1.9678727355988817e6,6.307642934951641e6,0.0,0.0,0.0,0.0
4989,1.938348553801784e6,6.307132055407006e6,0.0,0.0,0.0,0.0
4990,1.9088243720046864e6,6.306621175862371e6,0.0,0.0,0.0,0.0
4991,1.8766238390247147e6,6.306110296317736e6,0.0,0.0,0.0,0.0
4992,1.8444233060447427e6,6.305599416773101e6,0.0,0.0,0.0,0.0
4993,1.8104243299112914e6,6.30559058972632e6,0.0,0.0,0.0,0.0
4994,1.77642535377784e6,6.305581762679537e6,0.0,0.0,0.0,0.0
4995,1.7840484709356893e6,6.307417767593237e6,0.0,0.0,0.0,0.0
4996,1.7916715880935388e6,6.309253772506936e6,0.0,0.0,0.0,0.0
4997,1.7604607529051034e6,6.312460255567874e6,0.0,0.0,0.0,0.0
4998,1.7292499177166682e6,6.315666738628811e6,0.0,0.0,0.0,0.0
4999,1.702899702692768e6,6.318086631482406e6,0.0,0.0,0.0,0.0
5000,1.6765494876688682e6,6.320506524335999e6,0.0,0.0,0.0,0.0
5001,1.692543951279358e6,6.321651122321785e6,0.0,0.0,0.0,0.0
5002,1.7085384148898476e6,6.322795720307572e6,0.0,0.0,0.0,0.0
5003,1.7243704268093586e6,6.329225810762936e6,0.0,0.0,0.0,0.0
5004,1.7402024387288697e6,6.335655901218302e6,0.0,0.0,0.0,0.0
5005,1.7558278957641204e6,6.342085991673667e6,0.0,0.0,0.0,0.0
5006,1.771453352799371e6,6.348516082129031e6,0.0,0.0,0.0,0.0
5007,1.745190851873152e6,6.354946172584396e6,0.0,0.0,0.0,0.0
5008,1.718928350946933e6,6.361376263039761e6,0.0,0.0,0.0,0.0
5009,1.6937728046298895e6,6.366146332538694e6,0.0,0.0,0.0,0.0
5010,1.668617258312846e6,6.370916402037626e6,0.0,0.0,0.0,0.0
5011,1.6420072355353497e6,6.370405522492992e6,0.0,0.0,0.0,0.0
5012,1.6153972127578536e6,6.369894642948356e6,0.0,0.0,0.0,0.0
5013,1.6273936401336421e6,6.369383763403721e6,0.0,0.0,0.0,0.0
5014,1.6393900675094305e6,6.368872883859087e6,0.0,0.0,0.0,0.0
5015,1.6151309790782558e6,6.371270464339657e6,0.0,0.0,0.0,0.0
5016,1.5908718906470812e6,6.373668044820227e6,0.0,0.0,0.0,0.0
5017,1.5806946957573248e6,6.380098135275591e6,0.0,0.0,0.0,0.0
5018,1.5705175008675687e6,6.3865282257309565e6,0.0,0.0,0.0,0.0
5019,1.5492373346137889e6,6.392958316186322e6,0.0,0.0,0.0,0.0
5020,1.527957168360009e6,6.399388406641686e6,0.0,0.0,0.0,0.0
5021,1.4969330197475501e6,6.405818497097051e6,0.0,0.0,0.0,0.0
5022,1.4659088711350914e6,6.412248587552416e6,0.0,0.0,0.0,0.0
5023,1.4404072999012936e6,6.4186786780077815e6,0.0,0.0,0.0,0.0
5024,1.4149057286674955e6,6.425108768463146e6,0.0,0.0,0.0,0.0
5025,1.3897385564747443e6,6.43153885891851e6,0.0,0.0,0.0,0.0
5026,1.3645713842819934e6,6.437968949373876e6,0.0,0.0,0.0,0.0
5027,1.3807717231231574e6,6.444399039829241e6,0.0,0.0,0.0,0.0
5028,1.3969720619643212e6,6.450829130284606e6,0.0,0.0,0.0,0.0
5029,1.381028925054588e6,6.45725922073997e6,0.0,0.0,0.0,0.0
5030,1.3650857881448546e6,6.463689311195335e6,0.0,0.0,0.0,0.0
5031,1.3391292284544634e6,6.470119401650701e6,0.0,0.0,0.0,0.0
5032,1.3131726687640722e6,6.476549492106065e6,0.0,0.0,0.0,0.0
5033,1.288568797389078e6,6.48297958256143e6,0.0,0.0,0.0,0.0
5034,1.2639649260140837e6,6.489409673016795e6,0.0,0.0,0.0,0.0
5035,1.2383099690319174e6,6.49583976347216e6,0.0,0.0,0.0,0.0
5036,1.2126550120497514e6,6.502269853927525e6,0.0,0.0,0.0,0.0
5037,1.1837021093439783e6,6.508699944382889e6,0.0,0.0,0.0,0.0
5038,1.1547492066382053e6,6.515130034838255e6,0.0,0.0,0.0,0.0
5039,1.1224832468896974e6,6.52156012529362e6,0.0,0.0,0.0,0.0
5040,1.0902172871411892e6,6.527990215748984e6,0.0,0.0,0.0,0.0
5041,1.0980351819740147e6,6.534420306204349e6,0.0,0.0,0.0,0.0
5042,1.1058530768068405e6,6.540850396659714e6,0.0,0.0,0.0,0.0
5043,1.0959668542241957e6,6.54728048711508e6,0.0,0.0,0.0,0.0
5044,1.086080631641551e6,6.553710577570444e6,0.0,0.0,0.0,0.0
5045,1.0963288999146945e6,6.560140668025808e6,0.0,0.0,0.0,0.0
5046,1.1065771681878383e6,6.566570758481174e6,0.0,0.0,0.0,0.0
5047,1.12148367479223e6,6.573000848936539e6,0.0,0.0,0.0,0.0
5048,1.1363901813966215e6,6.579430939391904e6,0.0,0.0,0.0,0.0
5049,1.151069287397693e6,6.585861029847268e6,0.0,0.0,0.0,0.0
5050,1.1657483933987643e6,6.592291120302633e6,0.0,0.0,0.0,0.0
5051,1.1795676986957276e6,6.598721210757999e6,0.0,0.0,0.0,0.0
5052,1.1933870039926912e6,6.605151301213363e6,0.0,0.0,0.0,0.0
5053,1.206074687355048e6,6.611581391668728e6,0.0,0.0,0.0,0.0
5054,1.2187623707174049e6,6.618011482124093e6,0.0,0.0,0.0,0.0
5055,1.2314657559477445e6,6.624441572579458e6,0.0,0.0,0.0,0.0
5056,1.2441691411780843e6,6.630871663034823e6,0.0,0.0,0.0,0.0
5057,1.25869085149022e6,6.637301753490187e6,0.0,0.0,0.0,0.0
5058,1.2732125618023556e6,6.643731843945553e6,0.0,0.0,0.0,0.0
5059,1.2860455625596151e6,6.643220964400917e6,0.0,0.0,0.0,0.0
5060,1.2988785633168747e6,6.642710084856283e6,0.0,0.0,0.0,0.0
5061,1.3086185088390145e6,6.642199205311649e6,0.0,0.0,0.0,0.0
5062,1.318358454361154e6,6.641688325767013e6,0.0,0.0,0.0,0.0
5063,1.3259061595833874e6,6.641177446222378e6,0.0,0.0,0.0,0.0
5064,1.3334538648056209e6,6.640666566677744e6,0.0,0.0,0.0,0.0
5065,1.339912772085844e6,6.638881251863543e6,0.0,0.0,0.0,0.0
5066,1.3463716793660673e6,6.637095937049341e6,0.0,0.0,0.0,0.0
5067,1.35295168251583e6,6.6381682298424e6,0.0,0.0,0.0,0.0
5068,1.3595316856655928e6,6.63924052263546e6,0.0,0.0,0.0,0.0
5069,1.369391532741327e6,6.64282962850341e6,0.0,0.0,0.0,0.0
5070,1.3792513798170614e6,6.646418734371361e6,0.0,0.0,0.0,0.0
5071,1.3941294074379422e6,6.647846868707549e6,0.0,0.0,0.0,0.0
5072,1.409007435058823e6,6.649275003043737e6,0.0,0.0,0.0,0.0
5073,1.4242784392572832e6,6.647489688229537e6,0.0,0.0,0.0,0.0
5074,1.4395494434557434e6,6.645704373415335e6,0.0,0.0,0.0,0.0
5075,1.4545783317739777e6,6.650860028601134e6,0.0,0.0,0.0,0.0
5076,1.469607220092212e6,6.656015683786932e6,0.0,0.0,0.0,0.0
5077,1.4841515534530468e6,6.661171338972731e6,0.0,0.0,0.0,0.0
5078,1.4986958868138813e6,6.66632699415853e6,0.0,0.0,0.0,0.0
5079,1.5136477034467927e6,6.671482649344329e6,0.0,0.0,0.0,0.0
5080,1.528599520079704e6,6.676638304530127e6,0.0,0.0,0.0,0.0
5081,1.5033073086173427e6,6.681793959715925e6,0.0,0.0,0.0,0.0
5082,1.4780150971549815e6,6.686949614901724e6,0.0,0.0,0.0,0.0
5083,1.4932920930528892e6,6.685164300087523e6,0.0,0.0,0.0,0.0
5084,1.5085690889507968e6,6.683378985273322e6,0.0,0.0,0.0,0.0
5085,1.5211595552208023e6,6.682258085155518e6,0.0,0.0,0.0,0.0
5086,1.5337500214908076e6,6.6811371850377135e6,0.0,0.0,0.0,0.0
5087,1.5086339012851422e6,6.67977567702774e6,0.0,0.0,0.0,0.0
5088,1.4835177810794767e6,6.678414169017767e6,0.0,0.0,0.0,0.0
5089,1.4583702147097585e6,6.682617269578876e6,0.0,0.0,0.0,0.0
5090,1.4332226483400404e6,6.686820370139984e6,0.0,0.0,0.0,0.0
5091,1.4066584544932782e6,6.691976025325783e6,0.0,0.0,0.0,0.0
5092,1.3800942606465162e6,6.697131680511582e6,0.0,0.0,0.0,0.0
5093,1.3923158983047018e6,6.702287335697381e6,0.0,0.0,0.0,0.0
5094,1.4045375359628876e6,6.707442990883179e6,0.0,0.0,0.0,0.0
5095,1.4218770112357968e6,6.712598646068977e6,0.0,0.0,0.0,0.0
5096,1.4392164865087061e6,6.717754301254776e6,0.0,0.0,0.0,0.0
5097,1.4318142066010372e6,6.722909956440575e6,0.0,0.0,0.0,0.0
5098,1.4244119266933685e6,6.728065611626374e6,0.0,0.0,0.0,0.0
5099,1.4392050283905277e6,6.733221266812172e6,0.0,0.0,0.0,0.0
5100,1.453998130087687e6,6.738376921997971e6,0.0,0.0,0.0,0.0
5101,1.4697401759070498e6,6.74353257718377e6,0.0,0.0,0.0,0.0
5102,1.485482221726413e6,6.748688232369568e6,0.0,0.0,0.0,0.0
5103,1.5013680620057788e6,6.753843887555366e6,0.0,0.0,0.0,0.0
5104,1.517253902285145e6,6.7589995427411655e6,0.0,0.0,0.0,0.0
5105,1.5347234801969165e6,6.764155197926965e6,0.0,0.0,0.0,0.0
5106,1.5521930581086879e6,6.769310853112763e6,0.0,0.0,0.0,0.0
5107,1.5264359239716842e6,6.767525538298562e6,0.0,0.0,0.0,0.0
5108,1.5006787898346805e6,6.765740223484361e6,0.0,0.0,0.0,0.0
5109,1.472301707771574e6,6.764096238554693e6,0.0,0.0,0.0,0.0
5110,1.4439246257084673e6,6.762452253625025e6,0.0,0.0,0.0,0.0
5111,1.4548827771170281e6,6.7606669388108235e6,0.0,0.0,0.0,0.0
5112,1.465840928525589e6,6.758881623996623e6,0.0,0.0,0.0,0.0
5113,1.474747610274393e6,6.762907241445486e6,0.0,0.0,0.0,0.0
5114,1.4836542920231973e6,6.76693285889435e6,0.0,0.0,0.0,0.0
5115,1.491807039032048e6,6.772088514080148e6,0.0,0.0,0.0,0.0
5116,1.499959786040899e6,6.777244169265947e6,0.0,0.0,0.0,0.0
5117,1.5089716799331568e6,6.782399824451746e6,0.0,0.0,0.0,0.0
5118,1.5179835738254148e6,6.787555479637545e6,0.0,0.0,0.0,0.0
5119,1.488109579061427e6,6.792711134823343e6,0.0,0.0,0.0,0.0
5120,1.458235584297439e6,6.797866790009142e6,0.0,0.0,0.0,0.0
5121,1.473199760447794e6,6.802815853253016e6,0.0,0.0,0.0,0.0
5122,1.488163936598149e6,6.8077649164968915e6,0.0,0.0,0.0,0.0
5123,1.502846063677373e6,6.81292057168269e6,0.0,0.0,0.0,0.0
5124,1.5175281907565973e6,6.818076226868489e6,0.0,0.0,0.0,0.0
5125,1.5311109459067392e6,6.823231882054288e6,0.0,0.0,0.0,0.0
5126,1.544693701056881e6,6.828387537240086e6,0.0,0.0,0.0,0.0
5127,1.5587256757035786e6,6.833543192425884e6,0.0,0.0,0.0,0.0
5128,1.5727576503502764e6,6.838698847611683e6,0.0,0.0,0.0,0.0
5129,1.5466281825199535e6,6.843854502797483e6,0.0,0.0,0.0,0.0
5130,1.5204987146896305e6,6.849010157983281e6,0.0,0.0,0.0,0.0
5131,1.5353024550246848e6,6.84722484316908e6,0.0,0.0,0.0,0.0
5132,1.5501061953597392e6,6.845439528354879e6,0.0,0.0,0.0,0.0
5133,1.5621667068487946e6,6.843654213540677e6,0.0,0.0,0.0,0.0
5134,1.5742272183378497e6,6.841868898726476e6,0.0,0.0,0.0,0.0
5135,1.5839428773003733e6,6.840083583912276e6,0.0,0.0,0.0,0.0
5136,1.5936585362628968e6,6.838298269098074e6,0.0,0.0,0.0,0.0
5137,1.6015340832892242e6,6.836512954283873e6,0.0,0.0,0.0,0.0
5138,1.6094096303155515e6,6.834727639469672e6,0.0,0.0,0.0,0.0
5139,1.6166387581268959e6,6.832942324655471e6,0.0,0.0,0.0,0.0
5140,1.6238678859382402e6,6.83115700984127e6,0.0,0.0,0.0,0.0
5141,1.6314487296494287e6,6.829371695027068e6,0.0,0.0,0.0,0.0
5142,1.6390295733606173e6,6.827586380212868e6,0.0,0.0,0.0,0.0
5143,1.648130917120146e6,6.825801065398667e6,0.0,0.0,0.0,0.0
5144,1.6572322608796747e6,6.824015750584465e6,0.0,0.0,0.0,0.0
5145,1.669349936554524e6,6.822230435770264e6,0.0,0.0,0.0,0.0
5146,1.6814676122293733e6,6.820445120956063e6,0.0,0.0,0.0,0.0
5147,1.6942539520664485e6,6.825600776141861e6,0.0,0.0,0.0,0.0
5148,1.7070402919035237e6,6.830756431327661e6,0.0,0.0,0.0,0.0
5149,1.7187526021557262e6,6.83591208651346e6,0.0,0.0,0.0,0.0
5150,1.7304649124079286e6,6.841067741699258e6,0.0,0.0,0.0,0.0
5151,1.7401123678212026e6,6.846223396885056e6,0.0,0.0,0.0,0.0
5152,1.7497598232344766e6,6.851379052070855e6,0.0,0.0,0.0,0.0
5153,1.7258404876509197e6,6.852766321004608e6,0.0,0.0,0.0,0.0
5154,1.7019211520673626e6,6.85415358993836e6,0.0,0.0,0.0,0.0
5155,1.7164958324637592e6,6.852368275124159e6,0.0,0.0,0.0,0.0
5156,1.731070512860156e6,6.850582960309958e6,0.0,0.0,0.0,0.0
5157,1.70414185198406e6,6.848797645495757e6,0.0,0.0,0.0,0.0
5158,1.6772131911079641e6,6.847012330681556e6,0.0,0.0,0.0,0.0
5159,1.654369748579646e6,6.845227015867354e6,0.0,0.0,0.0,0.0
5160,1.6315263060513278e6,6.843441701053154e6,0.0,0.0,0.0,0.0
5161,1.606533476547457e6,6.841656386238953e6,0.0,0.0,0.0,0.0
5162,1.5815406470435862e6,6.839871071424752e6,0.0,0.0,0.0,0.0
5163,1.5900269283189154e6,6.83808575661055e6,0.0,0.0,0.0,0.0
5164,1.5985132095942444e6,6.836300441796349e6,0.0,0.0,0.0,0.0
5165,1.5694426312030647e6,6.836205786969826e6,0.0,0.0,0.0,0.0
5166,1.540372052811885e6,6.836111132143301e6,0.0,0.0,0.0,0.0
5167,1.5533110939434208e6,6.838682322949909e6,0.0,0.0,0.0,0.0
5168,1.5662501350749566e6,6.841253513756515e6,0.0,0.0,0.0,0.0
5169,1.5843702902573505e6,6.845225207837112e6,0.0,0.0,0.0,0.0
5170,1.6024904454397445e6,6.849196901917709e6,0.0,0.0,0.0,0.0
5171,1.608624807400294e6,6.854352557103507e6,0.0,0.0,0.0,0.0
5172,1.614759169360844e6,6.859508212289306e6,0.0,0.0,0.0,0.0
5173,1.631238324016281e6,6.864663867475105e6,0.0,0.0,0.0,0.0
5174,1.6477174786717177e6,6.869819522660904e6,0.0,0.0,0.0,0.0
5175,1.6223164642602466e6,6.874975177846702e6,0.0,0.0,0.0,0.0
5176,1.5969154498487758e6,6.880130833032501e6,0.0,0.0,0.0,0.0
5177,1.5729049386881504e6,6.8852864882183e6,0.0,0.0,0.0,0.0
5178,1.548894427527525e6,6.890442143404098e6,0.0,0.0,0.0,0.0
5179,1.5246808294201982e6,6.89173524702755e6,0.0,0.0,0.0,0.0
5180,1.5004672313128712e6,6.893028350651001e6,0.0,0.0,0.0,0.0
5181,1.4734648623615904e6,6.891747333324269e6,0.0,0.0,0.0,0.0
5182,1.4464624934103095e6,6.890466315997538e6,0.0,0.0,0.0,0.0
5183,1.417105088061336e6,6.891544297807304e6,0.0,0.0,0.0,0.0
5184,1.3877476827123626e6,6.892622279617069e6,0.0,0.0,0.0,0.0
5185,1.3566603010098268e6,6.89724876382933e6,0.0,0.0,0.0,0.0
5186,1.3255729193072908e6,6.901875248041591e6,0.0,0.0,0.0,0.0
5187,1.2941940901243882e6,6.905526868646107e6,0.0,0.0,0.0,0.0
5188,1.2628152609414854e6,6.909178489250623e6,0.0,0.0,0.0,0.0
5189,1.235018864062718e6,6.914334144436421e6,0.0,0.0,0.0,0.0
5190,1.2072224671839508e6,6.91948979962222e6,0.0,0.0,0.0,0.0
5191,1.1836458231530753e6,6.924645454808019e6,0.0,0.0,0.0,0.0
5192,1.1600691791221995e6,6.929801109993817e6,0.0,0.0,0.0,0.0
5193,1.1366444118934788e6,6.9349567651796155e6,0.0,0.0,0.0,0.0
5194,1.1132196446647581e6,6.940112420365415e6,0.0,0.0,0.0,0.0
5195,1.1311811664002365e6,6.945268075551214e6,0.0,0.0,0.0,0.0
5196,1.1491426881357152e6,6.950423730737012e6,0.0,0.0,0.0,0.0
5197,1.1453081134295666e6,6.95557938592281e6,0.0,0.0,0.0,0.0
5198,1.141473538723418e6,6.960735041108609e6,0.0,0.0,0.0,0.0
5199,1.1164326018137955e6,6.965890696294408e6,0.0,0.0,0.0,0.0
5200,1.0913916649041728e6,6.9710463514802065e6,0.0,0.0,0.0,0.0
5201,1.067384827072102e6,6.976202006666005e6,0.0,0.0,0.0,0.0
5202,1.0433779892400315e6,6.981357661851804e6,0.0,0.0,0.0,0.0
5203,1.0198241277670348e6,6.986513317037603e6,0.0,0.0,0.0,0.0
5204,996270.2662940383,6.991668972223401e6,0.0,0.0,0.0,0.0
5205,969867.2888865949,6.996824627409199e6,0.0,0.0,0.0,0.0
5206,943464.3114791516,7.001980282594998e6,0.0,0.0,0.0,0.0
5207,914632.9491682432,7.0071359377807975e6,0.0,0.0,0.0,0.0
5208,885801.5868573348,7.012291592966596e6,0.0,0.0,0.0,0.0
5209,855576.9126991385,7.017447248152394e6,0.0,0.0,0.0,0.0
5210,825352.2385409421,7.022602903338193e6,0.0,0.0,0.0,0.0
5211,795009.6501040617,7.027758558523992e6,0.0,0.0,0.0,0.0
5212,764667.0616671812,7.03291421370979e6,0.0,0.0,0.0,0.0
5213,737476.7540935342,7.038069868895588e6,0.0,0.0,0.0,0.0
5214,710286.4465198872,7.043225524081388e6,0.0,0.0,0.0,0.0
5215,687102.9510113513,7.048381179267187e6,0.0,0.0,0.0,0.0
5216,663919.4555028154,7.053536834452985e6,0.0,0.0,0.0,0.0
5217,682863.4885040005,7.058692489638783e6,0.0,0.0,0.0,0.0
5218,701807.5215051856,7.063848144824582e6,0.0,0.0,0.0,0.0
5219,719638.0637328438,7.069003800010381e6,0.0,0.0,0.0,0.0
5220,737468.605960502,7.074159455196179e6,0.0,0.0,0.0,0.0
5221,738203.3835864812,7.079315110381978e6,0.0,0.0,0.0,0.0
5222,738938.1612124604,7.084470765567777e6,0.0,0.0,0.0,0.0
5223,713791.8374045577,7.089626420753576e6,0.0,0.0,0.0,0.0
5224,688645.5135966552,7.094782075939374e6,0.0,0.0,0.0,0.0
5225,665040.2247146086,7.099937731125172e6,0.0,0.0,0.0,0.0
5226,641434.9358325622,7.105093386310971e6,0.0,0.0,0.0,0.0
5227,617836.6906884562,7.104553849304432e6,0.0,0.0,0.0,0.0
5228,594238.4455443503,7.104014312297894e6,0.0,0.0,0.0,0.0
5229,568377.4115653019,7.102228997483693e6,0.0,0.0,0.0,0.0
5230,542516.3775862535,7.1004436826694915e6,0.0,0.0,0.0,0.0
5231,514266.53356543434,7.09865836785529e6,0.0,0.0,0.0,0.0
5232,486016.6895446152,7.096873053041089e6,0.0,0.0,0.0,0.0
5233,459164.24222697224,7.096622877246592e6,0.0,0.0,0.0,0.0
5234,432311.7949093293,7.096372701452094e6,0.0,0.0,0.0,0.0
5235,402435.2029109264,7.098797748297946e6,0.0,0.0,0.0,0.0
5236,372558.6109125236,7.101222795143797e6,0.0,0.0,0.0,0.0
5237,345456.5434718998,7.105271340532006e6,0.0,0.0,0.0,0.0
5238,318354.476031276,7.1093198859202145e6,0.0,0.0,0.0,0.0
5239,295329.50254588464,7.111680454801443e6,0.0,0.0,0.0,0.0
5240,272304.5290604933,7.114041023682672e6,0.0,0.0,0.0,0.0
5241,249593.1385242588,7.11511999864433e6,0.0,0.0,0.0,0.0
5242,226881.74798802435,7.116198973605987e6,0.0,0.0,0.0,0.0
5243,245056.236030841,7.118871229906163e6,0.0,0.0,0.0,0.0
5244,263230.7240736577,7.12154348620634e6,0.0,0.0,0.0,0.0
5245,280581.59403277363,7.125592031594548e6,0.0,0.0,0.0,0.0
5246,297932.4639918896,7.129640576982757e6,0.0,0.0,0.0,0.0
5247,273073.97779812856,7.132899080865059e6,0.0,0.0,0.0,0.0
5248,248215.49160436747,7.136157584747361e6,0.0,0.0,0.0,0.0
5249,224594.51037584097,7.135910092554368e6,0.0,0.0,0.0,0.0
5250,200973.52914731446,7.135662600361374e6,0.0,0.0,0.0,0.0
5251,188418.35085753683,7.132770175749583e6,0.0,0.0,0.0,0.0
5252,175863.17256775917,7.129877751137791e6,0.0,0.0,0.0,0.0
5253,149148.38325715577,7.126985326525999e6,0.0,0.0,0.0,0.0
5254,122433.59394655237,7.124092901914208e6,0.0,0.0,0.0,0.0
5255,92710.60597368749,7.121200477302417e6,0.0,0.0,0.0,0.0
5256,62987.61800082261,7.118308052690625e6,0.0,0.0,0.0,0.0
5257,31493.809000411304,7.115415628078833e6,0.0,0.0,0.0,0.0
5258,0.0,7.112523203467042e6,0.0,0.0,0.0,0.0
5259,10210.92599138066,7.109630778855251e6,0.0,0.0,0.0,0.0
5260,20421.85198276132,7.106738354243459e6,0.0,0.0,0.0,0.0
5261,10210.92599138066,7.1046206657310845e6,0.0,0.0,0.0,0.0
5262,0.0,7.10250297721871e6,0.0,0.0,0.0,0.0
5263,18239.64238829589,7.100526143673885e6,0.0,0.0,0.0,0.0
5264,36479.28477659178,7.0985493101290595e6,0.0,0.0,0.0,0.0
5265,55002.77312196885,7.0956568855172675e6,0.0,0.0,0.0,0.0
5266,73526.26146734592,7.0927644609054765e6,0.0,0.0,0.0,0.0
5267,91093.6827183899,7.092661493759038e6,0.0,0.0,0.0,0.0
5268,108661.1039694339,7.0925585266126e6,0.0,0.0,0.0,0.0
5269,125123.74299808466,7.096607072000809e6,0.0,0.0,0.0,0.0
5270,141586.38202673543,7.100655617389018e6,0.0,0.0,0.0,0.0
5271,157586.84291283105,7.104704162777226e6,0.0,0.0,0.0,0.0
5272,173587.3037989267,7.108752708165435e6,0.0,0.0,0.0,0.0
5273,148954.38186437002,7.107324404506711e6,0.0,0.0,0.0,0.0
5274,124321.45992981331,7.105896100847987e6,0.0,0.0,0.0,0.0
5275,99206.27387153312,7.1030036762361955e6,0.0,0.0,0.0,0.0
5276,74091.08781325293,7.100111251624404e6,0.0,0.0,0.0,0.0
5277,57463.6573216544,7.097218827012613e6,0.0,0.0,0.0,0.0
5278,40836.226830055864,7.094326402400821e6,0.0,0.0,0.0,0.0
5279,52695.85248585133,7.0914339777890295e6,0.0,0.0,0.0,0.0
5280,64555.47814164679,7.088541553177238e6,0.0,0.0,0.0,0.0
5281,32277.739070823394,7.085649128565447e6,0.0,0.0,0.0,0.0
5282,0.0,7.082756703953655e6,0.0,0.0,0.0,0.0
5283,8775.622163420252,7.0798642793418635e6,0.0,0.0,0.0,0.0
5284,17551.244326840504,7.076971854730072e6,0.0,0.0,0.0,0.0
5285,8775.622163420252,7.075056787042122e6,0.0,0.0,0.0,0.0
5286,0.0,7.073141719354172e6,0.0,0.0,0.0,0.0
5287,11191.32139215218,7.071361500794937e6,0.0,0.0,0.0,0.0
5288,22382.64278430436,7.069581282235702e6,0.0,0.0,0.0,0.0
5289,35213.63832650577,7.0666888576239105e6,0.0,0.0,0.0,0.0
5290,48044.63386870717,7.063796433012119e6,0.0,0.0,0.0,0.0
5291,59882.98531967364,7.064953444605973e6,0.0,0.0,0.0,0.0
5292,71721.3367706401,7.066110456199827e6,0.0,0.0,0.0,0.0
5293,82288.6109493832,7.070159001588035e6,0.0,0.0,0.0,0.0
5294,92855.88512812632,7.074207546976244e6,0.0,0.0,0.0,0.0
5295,103617.20117961649,7.078256092364453e6,0.0,0.0,0.0,0.0
5296,114378.51723110666,7.0823046377526615e6,0.0,0.0,0.0,0.0
5297,127508.7580873816,7.0794122131408695e6,0.0,0.0,0.0,0.0
5298,140638.99894365657,7.0765197885290785e6,0.0,0.0,0.0,0.0
5299,152935.03020170642,7.073627363917287e6,0.0,0.0,0.0,0.0
5300,165231.06145975628,7.0707349393054955e6,0.0,0.0,0.0,0.0
5301,175471.84189891868,7.0678425146937035e6,0.0,0.0,0.0,0.0
5302,185712.62233808107,7.064950090081912e6,0.0,0.0,0.0,0.0
5303,194644.25253755233,7.062057665470121e6,0.0,0.0,0.0,0.0
5304,203575.88273702355,7.059165240858329e6,0.0,0.0,0.0,0.0
5305,211314.15877397842,7.0562728162465375e6,0.0,0.0,0.0,0.0
5306,219052.43481093325,7.053380391634746e6,0.0,0.0,0.0,0.0
5307,226325.02627490458,7.050487967022955e6,0.0,0.0,0.0,0.0
5308,233597.6177388759,7.047595542411163e6,0.0,0.0,0.0,0.0
5309,241402.2455090885,7.046430230012823e6,0.0,0.0,0.0,0.0
5310,249206.8732793011,7.045264917614483e6,0.0,0.0,0.0,0.0
5311,257971.14850764794,7.043036974009868e6,0.0,0.0,0.0,0.0
5312,266735.4237359948,7.040809030405251e6,0.0,0.0,0.0,0.0
5313,277342.5567359191,7.038336772509162e6,0.0,0.0,0.0,0.0
5314,287949.68973584333,7.035864514613073e6,0.0,0.0,0.0,0.0
5315,299154.7505093996,7.039913060001282e6,0.0,0.0,0.0,0.0
5316,310359.81128295587,7.043961605389491e6,0.0,0.0,0.0,0.0
5317,321189.5557835089,7.048010150777699e6,0.0,0.0,0.0,0.0
5318,332019.30028406193,7.052058696165908e6,0.0,0.0,0.0,0.0
5319,343926.6169107235,7.056107241554117e6,0.0,0.0,0.0,0.0
5320,355833.9335373851,7.0601557869423255e6,0.0,0.0,0.0,0.0
5321,370599.7990959853,7.060937470828647e6,0.0,0.0,0.0,0.0
5322,385365.66465458553,7.061719154714967e6,0.0,0.0,0.0,0.0
5323,400085.782744725,7.058826730103176e6,0.0,0.0,0.0,0.0
5324,414805.90083486453,7.055934305491384e6,0.0,0.0,0.0,0.0
5325,426643.97627048974,7.053041880879592e6,0.0,0.0,0.0,0.0
5326,438482.05170611496,7.050149456267801e6,0.0,0.0,0.0,0.0
5327,447927.9068095112,7.04725703165601e6,0.0,0.0,0.0,0.0
5328,457373.7619129074,7.044364607044218e6,0.0,0.0,0.0,0.0
5329,465286.80647471367,7.042260351045965e6,0.0,0.0,0.0,0.0
5330,473199.8510365199,7.040156095047712e6,0.0,0.0,0.0,0.0
5331,481104.1778059151,7.042516665901954e6,0.0,0.0,0.0,0.0
5332,489008.50457531033,7.044877236756196e6,0.0,0.0,0.0,0.0
5333,499665.9999918627,7.048925782144405e6,0.0,0.0,0.0,0.0
5334,510323.495408415,7.052974327532614e6,0.0,0.0,0.0,0.0
5335,526637.039445234,7.057022872920822e6,0.0,0.0,0.0,0.0
5336,542950.583482053,7.061071418309031e6,0.0,0.0,0.0,0.0
5337,559436.0402594914,7.06511996369724e6,0.0,0.0,0.0,0.0
5338,575921.4970369297,7.069168509085448e6,0.0,0.0,0.0,0.0
5339,591521.4491357107,7.073217054473657e6,0.0,0.0,0.0,0.0
5340,607121.4012344918,7.077265599861866e6,0.0,0.0,0.0,0.0
5341,622167.7331603763,7.081314145250075e6,0.0,0.0,0.0,0.0
5342,637214.0650862607,7.085362690638283e6,0.0,0.0,0.0,0.0
5343,651983.2556566037,7.089411236026492e6,0.0,0.0,0.0,0.0
5344,666752.4462269469,7.093459781414701e6,0.0,0.0,0.0,0.0
5345,641341.8141042384,7.097387140373726e6,0.0,0.0,0.0,0.0
5346,615931.1819815299,7.101314499332752e6,0.0,0.0,0.0,0.0
5347,590321.3999722009,7.09842207472096e6,0.0,0.0,0.0,0.0
5348,564711.6179628719,7.095529650109169e6,0.0,0.0,0.0,0.0
5349,535988.1375662267,7.092637225497378e6,0.0,0.0,0.0,0.0
5350,507264.6571695814,7.089744800885586e6,0.0,0.0,0.0,0.0
5351,517489.7512186307,7.086852376273794e6,0.0,0.0,0.0,0.0
5352,527714.84526768,7.083959951662003e6,0.0,0.0,0.0,0.0
5353,536237.3521933784,7.081067527050212e6,0.0,0.0,0.0,0.0
5354,544759.8591190769,7.07817510243842e6,0.0,0.0,0.0,0.0
5355,511549.09867252246,7.077885435227141e6,0.0,0.0,0.0,0.0
5356,478338.3382259681,7.077595768015861e6,0.0,0.0,0.0,0.0
5357,448391.70496564533,7.080320174060887e6,0.0,0.0,0.0,0.0
5358,418445.0717053225,7.083044580105912e6,0.0,0.0,0.0,0.0
5359,393318.9830855098,7.087093125494121e6,0.0,0.0,0.0,0.0
5360,368192.8944656971,7.091141670882329e6,0.0,0.0,0.0,0.0
5361,385108.2024750899,7.095190216270538e6,0.0,0.0,0.0,0.0
5362,402023.5104844828,7.099238761658747e6,0.0,0.0,0.0,0.0
5363,417869.8499659942,7.103287307046955e6,0.0,0.0,0.0,0.0
5364,433716.1894475056,7.107335852435164e6,0.0,0.0,0.0,0.0
5365,448494.31584628567,7.111384397823373e6,0.0,0.0,0.0,0.0
5366,463272.4422450657,7.115432943211582e6,0.0,0.0,0.0,0.0
5367,444357.5359665917,7.11948148859979e6,0.0,0.0,0.0,0.0
5368,425442.6296881177,7.123530033987999e6,0.0,0.0,0.0,0.0
5369,441698.1946632387,7.124178503253778e6,0.0,0.0,0.0,0.0
5370,457953.75963835977,7.124826972519558e6,0.0,0.0,0.0,0.0
5371,474059.5788033797,7.121934547907766e6,0.0,0.0,0.0,0.0
5372,490165.3979683997,7.119042123295975e6,0.0,0.0,0.0,0.0
5373,503464.6942395954,7.116149698684184e6,0.0,0.0,0.0,0.0
5374,516763.9905107911,7.113257274072392e6,0.0,0.0,0.0,0.0
5375,527493.5098292317,7.1103648494606e6,0.0,0.0,0.0,0.0
5376,538223.0291476722,7.107472424848809e6,0.0,0.0,0.0,0.0
5377,526992.0197702065,7.104580000237018e6,0.0,0.0,0.0,0.0
5378,515761.01039274083,7.101687575625226e6,0.0,0.0,0.0,0.0
5379,501199.1781284905,7.098795151013434e6,0.0,0.0,0.0,0.0
5380,486637.3458642402,7.095902726401643e6,0.0,0.0,0.0,0.0
5381,458075.2860776929,7.093010301789852e6,0.0,0.0,0.0,0.0
5382,429513.2262911456,7.09011787717806e6,0.0,0.0,0.0,0.0
5383,404969.673067497,7.087225452566268e6,0.0,0.0,0.0,0.0
5384,380426.11984384834,7.084333027954477e6,0.0,0.0,0.0,0.0
5385,397364.3688570388,7.081440603342686e6,0.0,0.0,0.0,0.0
5386,414302.6178702293,7.078548178730894e6,0.0,0.0,0.0,0.0
5387,430132.3726836713,7.075655754119102e6,0.0,0.0,0.0,0.0
5388,445962.12749711337,7.072763329507311e6,0.0,0.0,0.0,0.0
5389,460888.00779015536,7.06987090489552e6,0.0,0.0,0.0,0.0
5390,475813.8880831974,7.066978480283728e6,0.0,0.0,0.0,0.0
5391,487229.1431970226,7.064086055671936e6,0.0,0.0,0.0,0.0
5392,498644.3983108479,7.061193631060145e6,0.0,0.0,0.0,0.0
5393,472711.0526460202,7.058301206448354e6,0.0,0.0,0.0,0.0
5394,446777.70698119246,7.055408781836562e6,0.0,0.0,0.0,0.0
5395,421231.4184059845,7.05251635722477e6,0.0,0.0,0.0,0.0
5396,395685.12983077654,7.049623932612979e6,0.0,0.0,0.0,0.0
5397,366980.0415956065,7.046731508001188e6,0.0,0.0,0.0,0.0
5398,338274.9533604364,7.043839083389396e6,0.0,0.0,0.0,0.0
5399,307360.7821094234,7.040946658777604e6,0.0,0.0,0.0,0.0
5400,276446.61085841036,7.038054234165813e6,0.0,0.0,0.0,0.0
5401,249689.1076025414,7.036334441623809e6,0.0,0.0,0.0,0.0
5402,222931.60434667245,7.034614649081806e6,0.0,0.0,0.0,0.0
5403,196612.54284443887,7.032894856539803e6,0.0,0.0,0.0,0.0
5404,170293.48134220528,7.031175063997799e6,0.0,0.0,0.0,0.0
5405,140767.80907043873,7.029455271455795e6,0.0,0.0,0.0,0.0
5406,111242.13679867217,7.0277354789137915e6,0.0,0.0,0.0,0.0
5407,86299.76472003745,7.026015686371788e6,0.0,0.0,0.0,0.0
5408,61357.39264140272,7.024295893829784e6,0.0,0.0,0.0,0.0
5409,78418.06026761787,7.02257610128778e6,0.0,0.0,0.0,0.0
5410,95478.727893833,7.020856308745777e6,0.0,0.0,0.0,0.0
5411,111364.25400843474,7.019136516203774e6,0.0,0.0,0.0,0.0
5412,127249.7801230365,7.01741672366177e6,0.0,0.0,0.0,0.0
5413,142405.22267661203,7.015954141609339e6,0.0,0.0,0.0,0.0
5414,157560.66523018756,7.014491559556908e6,0.0,0.0,0.0,0.0
5415,149868.25696181675,7.012771767014904e6,0.0,0.0,0.0,0.0
5416,142175.8486934459,7.011051974472901e6,0.0,0.0,0.0,0.0
5417,116675.10164484073,7.009332181930898e6,0.0,0.0,0.0,0.0
5418,91174.35459623556,7.007612389388894e6,0.0,0.0,0.0,0.0
5419,66069.98555173323,7.00589259684689e6,0.0,0.0,0.0,0.0
5420,40965.616507230894,7.004172804304887e6,0.0,0.0,0.0,0.0
5421,20498.998428905266,7.0024530117628835e6,0.0,0.0,0.0,0.0
5422,32.38035057963498,7.0007332192208795e6,0.0,0.0,0.0,0.0
5423,16.19017528981749,6.999013426678875e6,0.0,0.0,0.0,0.0
5424,0.0,6.997293634136872e6,0.0,0.0,0.0,0.0
5425,0.0,6.995573841594869e6,0.0,0.0,0.0,0.0
5426,0.0,6.993854049052865e6,0.0,0.0,0.0,0.0
5427,8518.471787878923,6.992134256510861e6,0.0,0.0,0.0,0.0
5428,17036.943575757847,6.990414463968858e6,0.0,0.0,0.0,0.0
5429,22168.793776164264,6.988694671426855e6,0.0,0.0,0.0,0.0
5430,27300.643976570682,6.986974878884851e6,0.0,0.0,0.0,0.0
5431,44534.00210969479,6.985255086342847e6,0.0,0.0,0.0,0.0
5432,61767.36024281889,6.983535293800844e6,0.0,0.0,0.0,0.0
5433,79430.28894669465,6.981815501258841e6,0.0,0.0,0.0,0.0
5434,97093.21765057041,6.980095708716837e6,0.0,0.0,0.0,0.0
5435,113484.34037829185,6.978375916174833e6,0.0,0.0,0.0,0.0
5436,129875.46310601328,6.97665612363283e6,0.0,0.0,0.0,0.0
5437,145518.9778650087,6.977297082066394e6,0.0,0.0,0.0,0.0
5438,161162.49262400408,6.977938040499959e6,0.0,0.0,0.0,0.0
5439,176548.28921255443,6.977450043575427e6,0.0,0.0,0.0,0.0
5440,191934.08580110478,6.976962046650895e6,0.0,0.0,0.0,0.0
5441,170408.51938919327,6.975242254108891e6,0.0,0.0,0.0,0.0
5442,148882.9529772818,6.973522461566888e6,0.0,0.0,0.0,0.0
5443,164748.0693911811,6.971802669024885e6,0.0,0.0,0.0,0.0
5444,180613.18580508046,6.970082876482881e6,0.0,0.0,0.0,0.0
5445,194187.27747074398,6.968363083940877e6,0.0,0.0,0.0,0.0
5446,207761.3691364075,6.966643291398874e6,0.0,0.0,0.0,0.0
5447,219726.63582169559,6.96492349885687e6,0.0,0.0,0.0,0.0
5448,231691.90250698366,6.963203706314866e6,0.0,0.0,0.0,0.0
5449,242147.10251459727,6.961483913772862e6,0.0,0.0,0.0,0.0
5450,252602.30252221087,6.959764121230859e6,0.0,0.0,0.0,0.0
5451,262675.03419570986,6.958044328688856e6,0.0,0.0,0.0,0.0
5452,272747.7658692088,6.956324536146852e6,0.0,0.0,0.0,0.0
5453,283541.0310526474,6.954604743604848e6,0.0,0.0,0.0,0.0
5454,294334.29623608594,6.952884951062845e6,0.0,0.0,0.0,0.0
5455,307069.1450896006,6.951165158520842e6,0.0,0.0,0.0,0.0
5456,319803.9939431152,6.949445365978838e6,0.0,0.0,0.0,0.0
5457,334137.9328135104,6.947725573436834e6,0.0,0.0,0.0,0.0
5458,348471.87168390566,6.946005780894831e6,0.0,0.0,0.0,0.0
5459,362928.7264023082,6.949809178274408e6,0.0,0.0,0.0,0.0
5460,377385.5811207108,6.953612575653984e6,0.0,0.0,0.0,0.0
5461,391151.32305598946,6.958833753111981e6,0.0,0.0,0.0,0.0
5462,404917.0649912681,6.9640549305699775e6,0.0,0.0,0.0,0.0
5463,418631.03923058766,6.969276108027974e6,0.0,0.0,0.0,0.0
5464,432345.0134699072,6.974497285485971e6,0.0,0.0,0.0,0.0
5465,405874.75574303657,6.978869983652234e6,0.0,0.0,0.0,0.0
5466,379404.4980161659,6.983242681818496e6,0.0,0.0,0.0,0.0
5467,394010.532750886,6.981522889276493e6,0.0,0.0,0.0,0.0
5468,408616.56748560607,6.979803096734489e6,0.0,0.0,0.0,0.0
5469,421141.8025202378,6.978821093471011e6,0.0,0.0,0.0,0.0
5470,433667.03755486954,6.977839090207532e6,0.0,0.0,0.0,0.0
5471,444509.88937674393,6.98108546939834e6,0.0,0.0,0.0,0.0
5472,455352.74119861826,6.984331848589147e6,0.0,0.0,0.0,0.0
5473,464516.1007753004,6.989553026047144e6,0.0,0.0,0.0,0.0
5474,473679.4603519826,6.994774203505141e6,0.0,0.0,0.0,0.0
5475,482384.3720347617,6.999995380963137e6,0.0,0.0,0.0,0.0
5476,491089.2837175408,7.005216558421134e6,0.0,0.0,0.0,0.0
5477,500131.6292127925,7.010437735879131e6,0.0,0.0,0.0,0.0
5478,509173.97470804414,7.015658913337127e6,0.0,0.0,0.0,0.0
5479,519043.59875476675,7.020880090795124e6,0.0,0.0,0.0,0.0
5480,528913.2228014894,7.026101268253121e6,0.0,0.0,0.0,0.0
5481,540199.4531359738,7.031322445711117e6,0.0,0.0,0.0,0.0
5482,551485.683470458,7.036543623169114e6,0.0,0.0,0.0,0.0
5483,562673.2480407233,7.0417648006271105e6,0.0,0.0,0.0,0.0
5484,573860.8126109885,7.046985978085107e6,0.0,0.0,0.0,0.0
5485,584139.1674406349,7.052207155543104e6,0.0,0.0,0.0,0.0
5486,594417.5222702814,7.0574283330011e6,0.0,0.0,0.0,0.0
5487,605425.0165728104,7.062649510459097e6,0.0,0.0,0.0,0.0
5488,616432.5108753393,7.067870687917094e6,0.0,0.0,0.0,0.0
5489,629918.5762670189,7.068054391393864e6,0.0,0.0,0.0,0.0
5490,643404.6416586987,7.068238094870633e6,0.0,0.0,0.0,0.0
5491,656941.7467474656,7.066518302328629e6,0.0,0.0,0.0,0.0
5492,670478.8518362324,7.064798509786626e6,0.0,0.0,0.0,0.0
5493,682039.1372061409,7.063078717244623e6,0.0,0.0,0.0,0.0
5494,693599.4225760496,7.061358924702619e6,0.0,0.0,0.0,0.0
5495,703543.9515956852,7.059639132160615e6,0.0,0.0,0.0,0.0
5496,713488.480615321,7.057919339618612e6,0.0,0.0,0.0,0.0
5497,722312.4395929041,7.056199547076609e6,0.0,0.0,0.0,0.0
5498,731136.3985704872,7.054479754534605e6,0.0,0.0,0.0,0.0
5499,739920.9623559829,7.056093496509983e6,0.0,0.0,0.0,0.0
5500,748705.5261414786,7.057707238485361e6,0.0,0.0,0.0,0.0
5501,760173.7006560306,7.062928415943358e6,0.0,0.0,0.0,0.0
5502,771641.8751705826,7.068149593401355e6,0.0,0.0,0.0,0.0
5503,787666.1151517038,7.073370770859351e6,0.0,0.0,0.0,0.0
5504,803690.3551328251,7.078591948317348e6,0.0,0.0,0.0,0.0
5505,820380.1560097318,7.083813125775345e6,0.0,0.0,0.0,0.0
5506,837069.9568866384,7.089034303233341e6,0.0,0.0,0.0,0.0
5507,852977.1739421682,7.094255480691338e6,0.0,0.0,0.0,0.0
5508,868884.3909976981,7.099476658149335e6,0.0,0.0,0.0,0.0
5509,884302.1666589273,7.104697835607331e6,0.0,0.0,0.0,0.0
5510,899719.9423201566,7.109919013065328e6,0.0,0.0,0.0,0.0
5511,915335.24794546,7.1151401905233245e6,0.0,0.0,0.0,0.0
5512,930950.5535707634,7.120361367981321e6,0.0,0.0,0.0,0.0
5513,948134.8469587648,7.125582545439318e6,0.0,0.0,0.0,0.0
5514,965319.1403467663,7.1308037228973145e6,0.0,0.0,0.0,0.0
5515,981794.7173772387,7.136024900355311e6,0.0,0.0,0.0,0.0
5516,998270.2944077111,7.141246077813308e6,0.0,0.0,0.0,0.0
5517,1.0122820982128778e6,7.146467255271304e6,0.0,0.0,0.0,0.0
5518,1.0262939020180443e6,7.151688432729301e6,0.0,0.0,0.0,0.0
5519,1.0374764919618436e6,7.156909610187298e6,0.0,0.0,0.0,0.0
5520,1.0486590819056428e6,7.162130787645294e6,0.0,0.0,0.0,0.0
5521,1.0585434239060744e6,7.167351965103291e6,0.0,0.0,0.0,0.0
5522,1.0684277659065058e6,7.172573142561288e6,0.0,0.0,0.0,0.0
5523,1.078371327522165e6,7.177794320019284e6,0.0,0.0,0.0,0.0
5524,1.088314889137824e6,7.183015497477281e6,0.0,0.0,0.0,0.0
5525,1.1010187688158504e6,7.188236674935278e6,0.0,0.0,0.0,0.0
5526,1.113722648493877e6,7.193457852393274e6,0.0,0.0,0.0,0.0
5527,1.1304093507621544e6,7.198679029851271e6,0.0,0.0,0.0,0.0
5528,1.147096053030432e6,7.2039002073092675e6,0.0,0.0,0.0,0.0
5529,1.1641543891393747e6,7.209121384767264e6,0.0,0.0,0.0,0.0
5530,1.1812127252483175e6,7.214342562225261e6,0.0,0.0,0.0,0.0
5531,1.1978610000879734e6,7.219563739683257e6,0.0,0.0,0.0,0.0
5532,1.2145092749276294e6,7.224784917141254e6,0.0,0.0,0.0,0.0
5533,1.230635525722695e6,7.230006094599251e6,0.0,0.0,0.0,0.0
5534,1.2467617765177607e6,7.235227272057247e6,0.0,0.0,0.0,0.0
5535,1.2626449314267687e6,7.240448449515244e6,0.0,0.0,0.0,0.0
5536,1.2785280863357764e6,7.245669626973241e6,0.0,0.0,0.0,0.0
5537,1.2953637973259077e6,7.250890804431237e6,0.0,0.0,0.0,0.0
5538,1.312199508316039e6,7.256111981889234e6,0.0,0.0,0.0,0.0
5539,1.3286637212414849e6,7.261333159347231e6,0.0,0.0,0.0,0.0
5540,1.3451279341669304e6,7.266554336805227e6,0.0,0.0,0.0,0.0
5541,1.3586873997583585e6,7.271775514263224e6,0.0,0.0,0.0,0.0
5542,1.3722468653497868e6,7.2769966917212205e6,0.0,0.0,0.0,0.0
5543,1.3828070114667944e6,7.282217869179217e6,0.0,0.0,0.0,0.0
5544,1.393367157583802e6,7.287439046637214e6,0.0,0.0,0.0,0.0
5545,1.3603838944756214e6,7.28571925409521e6,0.0,0.0,0.0,0.0
5546,1.3274006313674408e6,7.283999461553207e6,0.0,0.0,0.0,0.0
5547,1.2948630720736305e6,7.282279669011204e6,0.0,0.0,0.0,0.0
5548,1.26232551277982e6,7.2805598764692e6,0.0,0.0,0.0,0.0
5549,1.232018003808981e6,7.2788400839271955e6,0.0,0.0,0.0,0.0
5550,1.201710494838142e6,7.277120291385192e6,0.0,0.0,0.0,0.0
5551,1.1757212599316281e6,7.275400498843189e6,0.0,0.0,0.0,0.0
5552,1.1497320250251142e6,7.273680706301185e6,0.0,0.0,0.0,0.0
5553,1.1654236710298648e6,7.271960913759181e6,0.0,0.0,0.0,0.0
5554,1.1811153170346157e6,7.270241121217178e6,0.0,0.0,0.0,0.0
5555,1.1959264994637081e6,7.274095674296495e6,0.0,0.0,0.0,0.0
5556,1.2107376818928004e6,7.277950227375811e6,0.0,0.0,0.0,0.0
5557,1.2247082938865514e6,7.283171404833808e6,0.0,0.0,0.0,0.0
5558,1.2386789058803024e6,7.288392582291804e6,0.0,0.0,0.0,0.0
5559,1.2526794696206092e6,7.288957716678405e6,0.0,0.0,0.0,0.0
5560,1.2666800333609157e6,7.289522851065007e6,0.0,0.0,0.0,0.0
5561,1.282119364428943e6,7.287803058523003e6,0.0,0.0,0.0,0.0
5562,1.2975586954969706e6,7.286083265981e6,0.0,0.0,0.0,0.0
5563,1.3126047588162378e6,7.284363473438997e6,0.0,0.0,0.0,0.0
5564,1.327650822135505e6,7.282643680896993e6,0.0,0.0,0.0,0.0
5565,1.3398313489445257e6,7.280923888354989e6,0.0,0.0,0.0,0.0
5566,1.3520118757535461e6,7.279204095812986e6,0.0,0.0,0.0,0.0
5567,1.3613704406676376e6,7.277484303270983e6,0.0,0.0,0.0,0.0
5568,1.370729005581729e6,7.275764510728979e6,0.0,0.0,0.0,0.0
5569,1.3784962576093967e6,7.274776076706234e6,0.0,0.0,0.0,0.0
5570,1.386263509637064e6,7.27378764268349e6,0.0,0.0,0.0,0.0
5571,1.3940520959698716e6,7.272799208660746e6,0.0,0.0,0.0,0.0
5572,1.401840682302679e6,7.271810774638002e6,0.0,0.0,0.0,0.0
5573,1.4123653785153702e6,7.270822340615258e6,0.0,0.0,0.0,0.0
5574,1.4228900747280614e6,7.269833906592513e6,0.0,0.0,0.0,0.0
5575,1.437682325683794e6,7.268845472569769e6,0.0,0.0,0.0,0.0
5576,1.4524745766395268e6,7.267857038547025e6,0.0,0.0,0.0,0.0
5577,1.4673066416389104e6,7.266868604524281e6,0.0,0.0,0.0,0.0
5578,1.4821387066382943e6,7.265880170501537e6,0.0,0.0,0.0,0.0
5579,1.4960100425205068e6,7.2648917364787925e6,0.0,0.0,0.0,0.0
5580,1.509881378402719e6,7.263903302456048e6,0.0,0.0,0.0,0.0
5581,1.5229056417510347e6,7.264918924706632e6,0.0,0.0,0.0,0.0
5582,1.53592990509935e6,7.265934546957216e6,0.0,0.0,0.0,0.0
5583,1.5492101116298814e6,7.264946112934472e6,0.0,0.0,0.0,0.0
5584,1.5624903181604126e6,7.263957678911728e6,0.0,0.0,0.0,0.0
5585,1.5771366358619938e6,7.262969244888984e6,0.0,0.0,0.0,0.0
5586,1.5917829535635747e6,7.2619808108662395e6,0.0,0.0,0.0,0.0
5587,1.6062567250393047e6,7.260992376843495e6,0.0,0.0,0.0,0.0
5588,1.6207304965150347e6,7.260003942820751e6,0.0,0.0,0.0,0.0
5589,1.632341611889952e6,7.259015508798007e6,0.0,0.0,0.0,0.0
5590,1.6439527272648695e6,7.258027074775263e6,0.0,0.0,0.0,0.0
5591,1.6531248726602453e6,7.257038640752519e6,0.0,0.0,0.0,0.0
5592,1.662297018055621e6,7.256050206729774e6,0.0,0.0,0.0,0.0
5593,1.670220121241266e6,7.25506177270703e6,0.0,0.0,0.0,0.0
5594,1.6781432244269107e6,7.254073338684286e6,0.0,0.0,0.0,0.0
5595,1.6861021472687623e6,7.253084904661542e6,0.0,0.0,0.0,0.0
5596,1.6940610701106142e6,7.252096470638798e6,0.0,0.0,0.0,0.0
5597,1.7046632645444362e6,7.251108036616053e6,0.0,0.0,0.0,0.0
5598,1.7152654589782583e6,7.250119602593309e6,0.0,0.0,0.0,0.0
5599,1.7190648047234784e6,7.249131168570565e6,0.0,0.0,0.0,0.0
5600,1.7228641504686985e6,7.248142734547821e6,0.0,0.0,0.0,0.0
5601,1.7384554231826444e6,7.247154300525077e6,0.0,0.0,0.0,0.0
5602,1.7540466958965904e6,7.2461658665023325e6,0.0,0.0,0.0,0.0
5603,1.768333833447225e6,7.245177432479588e6,0.0,0.0,0.0,0.0
5604,1.7826209709978597e6,7.244188998456844e6,0.0,0.0,0.0,0.0
5605,1.7960056386529033e6,7.2501415344341e6,0.0,0.0,0.0,0.0
5606,1.8093903063079468e6,7.256094070411355e6,0.0,0.0,0.0,0.0
5607,1.801953589681433e6,7.256562999154367e6,0.0,0.0,0.0,0.0
5608,1.7945168730549195e6,7.257031927897377e6,0.0,0.0,0.0,0.0
5609,1.7679802244974086e6,7.256043493874633e6,0.0,0.0,0.0,0.0
5610,1.7414435759398974e6,7.255055059851889e6,0.0,0.0,0.0,0.0
5611,1.7370876770241023e6,7.254066625829144e6,0.0,0.0,0.0,0.0
5612,1.732731778108307e6,7.2530781918064e6,0.0,0.0,0.0,0.0
5613,1.7454390590574185e6,7.252089757783656e6,0.0,0.0,0.0,0.0
5614,1.75814634000653e6,7.251101323760912e6,0.0,0.0,0.0,0.0
5615,1.7273240734914676e6,7.250112889738168e6,0.0,0.0,0.0,0.0
5616,1.696501806976405e6,7.249124455715423e6,0.0,0.0,0.0,0.0
5617,1.6812591065368783e6,7.248136021692679e6,0.0,0.0,0.0,0.0
5618,1.6660164060973516e6,7.247147587669935e6,0.0,0.0,0.0,0.0
5619,1.6408536162237981e6,7.250052467975376e6,0.0,0.0,0.0,0.0
5620,1.6156908263502447e6,7.252957348280818e6,0.0,0.0,0.0,0.0
5621,1.5833402911111775e6,7.258909884258074e6,0.0,0.0,0.0,0.0
5622,1.5509897558721104e6,7.264862420235329e6,0.0,0.0,0.0,0.0
5623,1.5275016706343219e6,7.270814956212585e6,0.0,0.0,0.0,0.0
5624,1.5040135853965334e6,7.27676749218984e6,0.0,0.0,0.0,0.0
5625,1.5176464277661976e6,7.282720028167096e6,0.0,0.0,0.0,0.0
5626,1.5312792701358618e6,7.2886725641443515e6,0.0,0.0,0.0,0.0
5627,1.544780183428286e6,7.294625100121607e6,0.0,0.0,0.0,0.0
5628,1.5582810967207104e6,7.300577636098863e6,0.0,0.0,0.0,0.0
5629,1.570982195810474e6,7.306530172076118e6,0.0,0.0,0.0,0.0
5630,1.5836832949002373e6,7.312482708053374e6,0.0,0.0,0.0,0.0
5631,1.570597631066233e6,7.318435244030629e6,0.0,0.0,0.0,0.0
5632,1.5575119672322287e6,7.324387780007885e6,0.0,0.0,0.0,0.0
5633,1.5720766838709493e6,7.33034031598514e6,0.0,0.0,0.0,0.0
5634,1.58664140050967e6,7.336292851962396e6,0.0,0.0,0.0,0.0
5635,1.5589186455426696e6,7.3422453879396515e6,0.0,0.0,0.0,0.0
5636,1.5311958905756692e6,7.348197923916907e6,0.0,0.0,0.0,0.0
5637,1.501429638825451e6,7.354150459894163e6,0.0,0.0,0.0,0.0
5638,1.4716633870752326e6,7.360102995871418e6,0.0,0.0,0.0,0.0
5639,1.4406240402923278e6,7.366055531848674e6,0.0,0.0,0.0,0.0
5640,1.4095846935094232e6,7.372008067825929e6,0.0,0.0,0.0,0.0
5641,1.376862126618612e6,7.377960603803185e6,0.0,0.0,0.0,0.0
5642,1.344139559727801e6,7.38391313978044e6,0.0,0.0,0.0,0.0
5643,1.3108657424112814e6,7.389865675757696e6,0.0,0.0,0.0,0.0
5644,1.2775919250947621e6,7.3958182117349515e6,0.0,0.0,0.0,0.0
5645,1.244716425759547e6,7.401770747712207e6,0.0,0.0,0.0,0.0
5646,1.2118409264243317e6,7.407723283689463e6,0.0,0.0,0.0,0.0
5647,1.1804032614664491e6,7.413675819666718e6,0.0,0.0,0.0,0.0
5648,1.1489655965085663e6,7.419628355643974e6,0.0,0.0,0.0,0.0
5649,1.1607032948919097e6,7.425580891621229e6,0.0,0.0,0.0,0.0
5650,1.1724409932752533e6,7.431533427598485e6,0.0,0.0,0.0,0.0
5651,1.18401523152121e6,7.43748596357574e6,0.0,0.0,0.0,0.0
5652,1.1955894697671665e6,7.443438499552996e6,0.0,0.0,0.0,0.0
5653,1.2065163939642762e6,7.449391035530251e6,0.0,0.0,0.0,0.0
5654,1.2174433181613856e6,7.455343571507507e6,0.0,0.0,0.0,0.0
5655,1.2285814286692422e6,7.461296107484763e6,0.0,0.0,0.0,0.0
5656,1.239719539177099e6,7.467248643462018e6,0.0,0.0,0.0,0.0
5657,1.2529065617874244e6,7.473201179439274e6,0.0,0.0,0.0,0.0
5658,1.2660935843977497e6,7.479153715416529e6,0.0,0.0,0.0,0.0
5659,1.279337932541483e6,7.485106251393785e6,0.0,0.0,0.0,0.0
5660,1.2925822806852164e6,7.49105878737104e6,0.0,0.0,0.0,0.0
5661,1.3035431908596926e6,7.497011323348296e6,0.0,0.0,0.0,0.0
5662,1.3145041010341689e6,7.502963859325551e6,0.0,0.0,0.0,0.0
5663,1.3233975684694904e6,7.508916395302807e6,0.0,0.0,0.0,0.0
5664,1.3322910359048117e6,7.5148689312800625e6,0.0,0.0,0.0,0.0
5665,1.3398727199608306e6,7.520821467257318e6,0.0,0.0,0.0,0.0
5666,1.3474544040168494e6,7.526774003234574e6,0.0,0.0,0.0,0.0
5667,1.35503824605437e6,7.532726539211829e6,0.0,0.0,0.0,0.0
5668,1.3626220880918908e6,7.538679075189085e6,0.0,0.0,0.0,0.0
5669,1.372599842189841e6,7.54463161116634e6,0.0,0.0,0.0,0.0
5670,1.3825775962877912e6,7.550584147143596e6,0.0,0.0,0.0,0.0
5671,1.397287255824929e6,7.556536683120851e6,0.0,0.0,0.0,0.0
5672,1.4119969153620668e6,7.562489219098107e6,0.0,0.0,0.0,0.0
5673,1.4274422368016965e6,7.5684417550753625e6,0.0,0.0,0.0,0.0
5674,1.442887558241326e6,7.574394291052618e6,0.0,0.0,0.0,0.0
5675,1.4574903925170058e6,7.580346827029874e6,0.0,0.0,0.0,0.0
5676,1.4720932267926857e6,7.586299363007129e6,0.0,0.0,0.0,0.0
5677,1.4858992918168036e6,7.592251898984385e6,0.0,0.0,0.0,0.0
5678,1.4997053568409216e6,7.59820443496164e6,0.0,0.0,0.0,0.0
5679,1.5133712096972172e6,7.604156970938896e6,0.0,0.0,0.0,0.0
5680,1.5270370625535126e6,7.610109506916151e6,0.0,0.0,0.0,0.0
5681,1.5425543434641443e6,7.616062042893407e6,0.0,0.0,0.0,0.0
5682,1.558071624374776e6,7.6220145788706625e6,0.0,0.0,0.0,0.0
5683,1.573173107900388e6,7.627967114847918e6,0.0,0.0,0.0,0.0
5684,1.588274591426e6,7.633919650825174e6,0.0,0.0,0.0,0.0
5685,1.6006656675957288e6,7.639872186802429e6,0.0,0.0,0.0,0.0
5686,1.6130567437654578e6,7.645824722779685e6,0.0,0.0,0.0,0.0
5687,1.6231065949491877e6,7.65177725875694e6,0.0,0.0,0.0,0.0
5688,1.633156446132918e6,7.657729794734196e6,0.0,0.0,0.0,0.0
5689,1.6420869370543142e6,7.663682330711451e6,0.0,0.0,0.0,0.0
5690,1.6510174279757107e6,7.669634866688707e6,0.0,0.0,0.0,0.0
5691,1.6598664412008172e6,7.675587402665962e6,0.0,0.0,0.0,0.0
5692,1.6687154544259238e6,7.681539938643218e6,0.0,0.0,0.0,0.0
5693,1.6802382505339785e6,7.687492474620474e6,0.0,0.0,0.0,0.0
5694,1.691761046642033e6,7.693445010597729e6,0.0,0.0,0.0,0.0
5695,1.7070015974890478e6,7.699397546574985e6,0.0,0.0,0.0,0.0
5696,1.7222421483360624e6,7.70535008255224e6,0.0,0.0,0.0,0.0
5697,1.7375327485989428e6,7.711302618529496e6,0.0,0.0,0.0,0.0
5698,1.752823348861823e6,7.717255154506751e6,0.0,0.0,0.0,0.0
5699,1.7670584910319047e6,7.723207690484007e6,0.0,0.0,0.0,0.0
5700,1.7812936332019866e6,7.729160226461262e6,0.0,0.0,0.0,0.0
5701,1.794940315998877e6,7.735112762438518e6,0.0,0.0,0.0,0.0
5702,1.8085869987957673e6,7.741065298415774e6,0.0,0.0,0.0,0.0
5703,1.8219907251930041e6,7.747017834393029e6,0.0,0.0,0.0,0.0
5704,1.835394451590241e6,7.752970370370285e6,0.0,0.0,0.0,0.0
5705,1.850117399711134e6,7.75892290634754e6,0.0,0.0,0.0,0.0
5706,1.864840347832027e6,7.764875442324796e6,0.0,0.0,0.0,0.0
5707,1.8795735216636648e6,7.770827978302051e6,0.0,0.0,0.0,0.0
5708,1.8943066954953028e6,7.776780514279307e6,0.0,0.0,0.0,0.0
5709,1.9066088956760252e6,7.782733050256562e6,0.0,0.0,0.0,0.0
5710,1.9189110958567474e6,7.788685586233818e6,0.0,0.0,0.0,0.0
5711,1.928750879272968e6,7.7946381222110735e6,0.0,0.0,0.0,0.0
5712,1.9385906626891887e6,7.800590658188329e6,0.0,0.0,0.0,0.0
5713,1.9091012344315457e6,7.806543194165585e6,0.0,0.0,0.0,0.0
5714,1.879611806173903e6,7.81249573014284e6,0.0,0.0,0.0,0.0
5715,1.84567645908813e6,7.818448266120096e6,0.0,0.0,0.0,0.0
5716,1.811741112002357e6,7.824400802097351e6,0.0,0.0,0.0,0.0
5717,1.7810539567562859e6,7.830353338074607e6,0.0,0.0,0.0,0.0
5718,1.7503668015102146e6,7.836305874051862e6,0.0,0.0,0.0,0.0
5719,1.724052716976794e6,7.842258410029118e6,0.0,0.0,0.0,0.0
5720,1.6977386324433736e6,7.8482109460063735e6,0.0,0.0,0.0,0.0
5721,1.6793799901941083e6,7.854163481983629e6,0.0,0.0,0.0,0.0
5722,1.661021347944843e6,7.860116017960885e6,0.0,0.0,0.0,0.0
5723,1.6761580551812581e6,7.86606855393814e6,0.0,0.0,0.0,0.0
5724,1.6912947624176734e6,7.872021089915396e6,0.0,0.0,0.0,0.0
5725,1.6776774569399112e6,7.877973625892651e6,0.0,0.0,0.0,0.0
5726,1.664060151462149e6,7.883926161869907e6,0.0,0.0,0.0,0.0
5727,1.636893627809704e6,7.889878697847162e6,0.0,0.0,0.0,0.0
5728,1.609727104157259e6,7.895831233824418e6,0.0,0.0,0.0,0.0
5729,1.584345018405438e6,7.9017837698016735e6,0.0,0.0,0.0,0.0
5730,1.558962932653617e6,7.907736305778929e6,0.0,0.0,0.0,0.0
5731,1.5335607009259944e6,7.913688841756185e6,0.0,0.0,0.0,0.0
5732,1.5081584691983717e6,7.91964137773344e6,0.0,0.0,0.0,0.0
5733,1.479858656225133e6,7.925593913710696e6,0.0,0.0,0.0,0.0
5734,1.4515588432518942e6,7.931546449687951e6,0.0,0.0,0.0,0.0
5735,1.4212452262290826e6,7.937498985665207e6,0.0,0.0,0.0,0.0
5736,1.390931609206271e6,7.943451521642462e6,0.0,0.0,0.0,0.0
5737,1.359292799641003e6,7.947700370241299e6,0.0,0.0,0.0,0.0
5738,1.3276539900757347e6,7.951949218840135e6,0.0,0.0,0.0,0.0
5739,1.2956178571693632e6,7.956198067438971e6,0.0,0.0,0.0,0.0
5740,1.263581724262992e6,7.960446916037808e6,0.0,0.0,0.0,0.0
5741,1.2344040538432803e6,7.964695764636645e6,0.0,0.0,0.0,0.0
5742,1.2052263834235687e6,7.968944613235481e6,0.0,0.0,0.0,0.0
5743,1.1826639055534815e6,7.973193461834317e6,0.0,0.0,0.0,0.0
5744,1.1601014276833942e6,7.977442310433154e6,0.0,0.0,0.0,0.0
5745,1.1760829716892387e6,7.981691159031991e6,0.0,0.0,0.0,0.0
5746,1.192064515695083e6,7.985940007630827e6,0.0,0.0,0.0,0.0
5747,1.2071688432836116e6,7.990188856229663e6,0.0,0.0,0.0,0.0
5748,1.2222731708721402e6,7.9944377048285e6,0.0,0.0,0.0,0.0
5749,1.236271360427673e6,7.998686553427337e6,0.0,0.0,0.0,0.0
5750,1.250269549983206e6,8.002935402026173e6,0.0,0.0,0.0,0.0
5751,1.264013941051035e6,8.007184250625009e6,0.0,0.0,0.0,0.0
5752,1.277758332118864e6,8.011433099223846e6,0.0,0.0,0.0,0.0
5753,1.284302734620191e6,8.015681947822683e6,0.0,0.0,0.0,0.0
5754,1.290847137121518e6,8.019930796421519e6,0.0,0.0,0.0,0.0
5755,1.2636521043242519e6,8.024179645020355e6,0.0,0.0,0.0,0.0
5756,1.2364570715269856e6,8.028428493619191e6,0.0,0.0,0.0,0.0
5757,1.2481933189771161e6,8.032677342218028e6,0.0,0.0,0.0,0.0
5758,1.2599295664272467e6,8.036926190816864e6,0.0,0.0,0.0,0.0
5759,1.2592602227141066e6,8.0411750394157e6,0.0,0.0,0.0,0.0
5760,1.2585908790009664e6,8.045423888014537e6,0.0,0.0,0.0,0.0
5761,1.2426483819187463e6,8.049672736613374e6,0.0,0.0,0.0,0.0
5762,1.2267058848365261e6,8.05392158521221e6,0.0,0.0,0.0,0.0
5763,1.2105403066807454e6,8.058170433811046e6,0.0,0.0,0.0,0.0
5764,1.1943747285249648e6,8.062419282409883e6,0.0,0.0,0.0,0.0
5765,1.1642370700100134e6,8.06666813100872e6,0.0,0.0,0.0,0.0
5766,1.1340994114950618e6,8.070916979607556e6,0.0,0.0,0.0,0.0
5767,1.1506384328284203e6,8.075165828206392e6,0.0,0.0,0.0,0.0
5768,1.1671774541617786e6,8.079414676805229e6,0.0,0.0,0.0,0.0
5769,1.1838596176064373e6,8.083663525404066e6,0.0,0.0,0.0,0.0
5770,1.2005417810510958e6,8.087912374002902e6,0.0,0.0,0.0,0.0
5771,1.2163837663527196e6,8.092161222601738e6,0.0,0.0,0.0,0.0
5772,1.2322257516543432e6,8.096410071200575e6,0.0,0.0,0.0,0.0
5773,1.2470543946881487e6,8.100658919799412e6,0.0,0.0,0.0,0.0
5774,1.2618830377219543e6,8.104907768398248e6,0.0,0.0,0.0,0.0
5775,1.2344534586129137e6,8.109156616997084e6,0.0,0.0,0.0,0.0
5776,1.2070238795038734e6,8.113405465595921e6,0.0,0.0,0.0,0.0
5777,1.1809820824383572e6,8.1176543141947575e6,0.0,0.0,0.0,0.0
5778,1.1549402853728407e6,8.1219031627935935e6,0.0,0.0,0.0,0.0
5779,1.128718726082263e6,8.121453898361612e6,0.0,0.0,0.0,0.0
5780,1.1024971667916852e6,8.12100463392963e6,0.0,0.0,0.0,0.0
5781,1.0740456034659462e6,8.118312512528466e6,0.0,0.0,0.0,0.0
5782,1.0455940401402073e6,8.115620391127302e6,0.0,0.0,0.0,0.0
5783,1.0156562674240831e6,8.115941288204878e6,0.0,0.0,0.0,0.0
5784,985718.4947079588,8.116262185282453e6,0.0,0.0,0.0,0.0
5785,954156.1196175435,8.119549892188223e6,0.0,0.0,0.0,0.0
5786,922593.7445271283,8.122837599093992e6,0.0,0.0,0.0,0.0
5787,890643.7449575425,8.127086447692828e6,0.0,0.0,0.0,0.0
5788,858693.7453879567,8.131335296291665e6,0.0,0.0,0.0,0.0
5789,827261.6867421647,8.135584144890502e6,0.0,0.0,0.0,0.0
5790,795829.6280963725,8.139832993489338e6,0.0,0.0,0.0,0.0
5791,779723.1127603869,8.141032107436646e6,0.0,0.0,0.0,0.0
5792,763616.5974244012,8.142231221383953e6,0.0,0.0,0.0,0.0
5793,776769.1672836866,8.146480069982789e6,0.0,0.0,0.0,0.0
5794,789921.737142972,8.150728918581625e6,0.0,0.0,0.0,0.0
5795,802302.2561917384,8.154977767180461e6,0.0,0.0,0.0,0.0
5796,814682.7752405048,8.159226615779298e6,0.0,0.0,0.0,0.0
5797,826055.6699831171,8.163475464378135e6,0.0,0.0,0.0,0.0
5798,837428.5647257294,8.167724312976971e6,0.0,0.0,0.0,0.0
5799,849054.9991525576,8.171973161575807e6,0.0,0.0,0.0,0.0
5800,860681.4335793857,8.176222010174644e6,0.0,0.0,0.0,0.0
5801,873837.2396592142,8.180470858773481e6,0.0,0.0,0.0,0.0
5802,886993.0457390425,8.184719707372317e6,0.0,0.0,0.0,0.0
5803,899813.0908864979,8.186223474578338e6,0.0,0.0,0.0,0.0
5804,912633.1360339534,8.1877272417843575e6,0.0,0.0,0.0,0.0
5805,922624.1103103347,8.188932634391023e6,0.0,0.0,0.0,0.0
5806,932615.084586716,8.190138026997687e6,0.0,0.0,0.0,0.0
5807,940645.0846854313,8.192728327334279e6,0.0,0.0,0.0,0.0
5808,948675.0847841465,8.195318627670872e6,0.0,0.0,0.0,0.0
5809,955097.3165488023,8.199567476269709e6,0.0,0.0,0.0,0.0
5810,961519.5483134581,8.203816324868545e6,0.0,0.0,0.0,0.0
5811,967542.7433202527,8.208065173467381e6,0.0,0.0,0.0,0.0
5812,973565.9383270473,8.212314022066218e6,0.0,0.0,0.0,0.0
5813,979511.8030374879,8.212654501162431e6,0.0,0.0,0.0,0.0
5814,985457.6677479284,8.212994980258645e6,0.0,0.0,0.0,0.0
5815,992221.2701123636,8.2172438288574815e6,0.0,0.0,0.0,0.0
5816,998984.872476799,8.2214926774563175e6,0.0,0.0,0.0,0.0
5817,1.007998755516401e6,8.22436152167023e6,0.0,0.0,0.0,0.0
5818,1.017012638556003e6,8.227230365884141e6,0.0,0.0,0.0,0.0
5819,1.0261943463627156e6,8.231479214482978e6,0.0,0.0,0.0,0.0
5820,1.0353760541694282e6,8.235728063081814e6,0.0,0.0,0.0,0.0
5821,1.0441942276604183e6,8.23997691168065e6,0.0,0.0,0.0,0.0
5822,1.0530124011514084e6,8.244225760279487e6,0.0,0.0,0.0,0.0
5823,1.0620521476827785e6,8.248474608878324e6,0.0,0.0,0.0,0.0
5824,1.0710918942141489e6,8.25272345747716e6,0.0,0.0,0.0,0.0
5825,1.0822020410089297e6,8.256972306075996e6,0.0,0.0,0.0,0.0
5826,1.0933121878037108e6,8.261221154674833e6,0.0,0.0,0.0,0.0
5827,1.1049849523789852e6,8.264622344546422e6,0.0,0.0,0.0,0.0
5828,1.1166577169542597e6,8.268023534418011e6,0.0,0.0,0.0,0.0
5829,1.1265158882817328e6,8.269462914303482e6,0.0,0.0,0.0,0.0
5830,1.1363740596092057e6,8.270902294188951e6,0.0,0.0,0.0,0.0
5831,1.1439408886984368e6,8.275151142787788e6,0.0,0.0,0.0,0.0
5832,1.1515077177876679e6,8.279399991386624e6,0.0,0.0,0.0,0.0
5833,1.1579288927636612e6,8.28364883998546e6,0.0,0.0,0.0,0.0
5834,1.1643500677396546e6,8.287897688584297e6,0.0,0.0,0.0,0.0
5835,1.1710554797466565e6,8.292146537183134e6,0.0,0.0,0.0,0.0
5836,1.1777608917536582e6,8.29639538578197e6,0.0,0.0,0.0,0.0
5837,1.1881371675342377e6,8.300644234380806e6,0.0,0.0,0.0,0.0
5838,1.198513443314817e6,8.304893082979643e6,0.0,0.0,0.0,0.0
5839,1.2138329752074531e6,8.30914193157848e6,0.0,0.0,0.0,0.0
5840,1.2291525071000892e6,8.313390780177316e6,0.0,0.0,0.0,0.0
5841,1.244346329016266e6,8.317639628776152e6,0.0,0.0,0.0,0.0
5842,1.2595401509324426e6,8.321888477374989e6,0.0,0.0,0.0,0.0
5843,1.273257324784537e6,8.3261373259738255e6,0.0,0.0,0.0,0.0
5844,1.2869744986366315e6,8.3303861745726615e6,0.0,0.0,0.0,0.0
5845,1.3001397488494352e6,8.3346350231714975e6,0.0,0.0,0.0,0.0
5846,1.313304999062239e6,8.338883871770334e6,0.0,0.0,0.0,0.0
5847,1.3266650238334672e6,8.343132720369171e6,0.0,0.0,0.0,0.0
5848,1.3400250486046954e6,8.347381568968007e6,0.0,0.0,0.0,0.0
5849,1.3547672505338527e6,8.351630417566843e6,0.0,0.0,0.0,0.0
5850,1.3695094524630103e6,8.35587926616568e6,0.0,0.0,0.0,0.0
5851,1.3847052173582325e6,8.360128114764517e6,0.0,0.0,0.0,0.0
5852,1.3999009822534546e6,8.364376963363353e6,0.0,0.0,0.0,0.0
5853,1.412397257915596e6,8.36636079989681e6,0.0,0.0,0.0,0.0
5854,1.4248935335777374e6,8.368344636430268e6,0.0,0.0,0.0,0.0
5855,1.4341654792626905e6,8.365652515029104e6,0.0,0.0,0.0,0.0
5856,1.4434374249476437e6,8.362960393627941e6,0.0,0.0,0.0,0.0
5857,1.4513972982118288e6,8.366086859627254e6,0.0,0.0,0.0,0.0
5858,1.4593571714760137e6,8.369213325626568e6,0.0,0.0,0.0,0.0
5859,1.4674770855869753e6,8.370674995663436e6,0.0,0.0,0.0,0.0
5860,1.475596999697937e6,8.372136665700303e6,0.0,0.0,0.0,0.0
5861,1.4868817726636697e6,8.374233458629074e6,0.0,0.0,0.0,0.0
5862,1.4981665456294026e6,8.376330251557845e6,0.0,0.0,0.0,0.0
5863,1.5138194585529645e6,8.380579100156682e6,0.0,0.0,0.0,0.0
5864,1.5294723714765261e6,8.384827948755518e6,0.0,0.0,0.0,0.0
5865,1.5443881816730031e6,8.389076797354354e6,0.0,0.0,0.0,0.0
5866,1.55930399186948e6,8.39332564595319e6,0.0,0.0,0.0,0.0
5867,1.5728732066848725e6,8.397574494552026e6,0.0,0.0,0.0,0.0
5868,1.5864424215002651e6,8.401823343150862e6,0.0,0.0,0.0,0.0
5869,1.5995932922919886e6,8.406072191749698e6,0.0,0.0,0.0,0.0
5870,1.6127441630837119e6,8.410321040348534e6,0.0,0.0,0.0,0.0
5871,1.6267051096646707e6,8.41456988894737e6,0.0,0.0,0.0,0.0
5872,1.6406660562456297e6,8.418818737546206e6,0.0,0.0,0.0,0.0
5873,1.6563975587089316e6,8.423067586145042e6,0.0,0.0,0.0,0.0
5874,1.6721290611722334e6,8.427316434743878e6,0.0,0.0,0.0,0.0
5875,1.6884481528796079e6,8.431565283342713e6,0.0,0.0,0.0,0.0
5876,1.7047672445869823e6,8.43581413194155e6,0.0,0.0,0.0,0.0
5877,1.7183766254171738e6,8.440062980540385e6,0.0,0.0,0.0,0.0
5878,1.7319860062473656e6,8.444311829139221e6,0.0,0.0,0.0,0.0
5879,1.7421865563689219e6,8.448560677738057e6,0.0,0.0,0.0,0.0
5880,1.752387106490478e6,8.452809526336893e6,0.0,0.0,0.0,0.0
5881,1.7541485257976977e6,8.450117404935729e6,0.0,0.0,0.0,0.0
5882,1.7559099451049177e6,8.447425283534566e6,0.0,0.0,0.0,0.0
5883,1.7570995992141622e6,8.445891321532808e6,0.0,0.0,0.0,0.0
5884,1.7582892533234067e6,8.44435735953105e6,0.0,0.0,0.0,0.0
5885,1.7445481792596425e6,8.447963191798836e6,0.0,0.0,0.0,0.0
5886,1.730807105195878e6,8.45156902406662e6,0.0,0.0,0.0,0.0
5887,1.7347361698206891e6,8.455817872665456e6,0.0,0.0,0.0,0.0
5888,1.7386652344455e6,8.460066721264292e6,0.0,0.0,0.0,0.0
5889,1.7547083805810488e6,8.464315569863128e6,0.0,0.0,0.0,0.0
5890,1.7707515267165978e6,8.468564418461964e6,0.0,0.0,0.0,0.0
5891,1.7855066340995012e6,8.4728132670608e6,0.0,0.0,0.0,0.0
5892,1.8002617414824043e6,8.477062115659636e6,0.0,0.0,0.0,0.0
5893,1.8148804996715235e6,8.481310964258472e6,0.0,0.0,0.0,0.0
5894,1.8294992578606429e6,8.485559812857307e6,0.0,0.0,0.0,0.0
5895,1.8441545530921216e6,8.489808661456143e6,0.0,0.0,0.0,0.0
5896,1.8588098483236001e6,8.49405751005498e6,0.0,0.0,0.0,0.0
5897,1.8327789844533545e6,8.498306358653815e6,0.0,0.0,0.0,0.0
5898,1.806748120583109e6,8.502555207252651e6,0.0,0.0,0.0,0.0
5899,1.7814051839002992e6,8.506804055851487e6,0.0,0.0,0.0,0.0
5900,1.7560622472174894e6,8.511052904450323e6,0.0,0.0,0.0,0.0
5901,1.7703547477090526e6,8.51530175304916e6,0.0,0.0,0.0,0.0
5902,1.7846472482006159e6,8.519550601647995e6,0.0,0.0,0.0,0.0
5903,1.7627692411795775e6,8.523799450246831e6,0.0,0.0,0.0,0.0
5904,1.7408912341585392e6,8.528048298845667e6,0.0,0.0,0.0,0.0
5905,1.709114117063862e6,8.53164950581187e6,0.0,0.0,0.0,0.0
5906,1.6773369999691849e6,8.535250712778075e6,0.0,0.0,0.0,0.0
5907,1.6456397636205524e6,8.53885191974428e6,0.0,0.0,0.0,0.0
5908,1.61394252727192e6,8.542453126710482e6,0.0,0.0,0.0,0.0
5909,1.585802649199354e6,8.546054333676685e6,0.0,0.0,0.0,0.0
5910,1.557662771126788e6,8.54965554064289e6,0.0,0.0,0.0,0.0
5911,1.5568433524301522e6,8.553256747609094e6,0.0,0.0,0.0,0.0
5912,1.5560239337335164e6,8.556857954575296e6,0.0,0.0,0.0,0.0
5913,1.5729535889330253e6,8.5604591615415e6,0.0,0.0,0.0,0.0
5914,1.5898832441325341e6,8.564060368507704e6,0.0,0.0,0.0,0.0
5915,1.6056946662594618e6,8.567661575473908e6,0.0,0.0,0.0,0.0
5916,1.6215060883863894e6,8.571262782440111e6,0.0,0.0,0.0,0.0
5917,1.6367129763731526e6,8.574863989406314e6,0.0,0.0,0.0,0.0
5918,1.6519198643599157e6,8.578465196372518e6,0.0,0.0,0.0,0.0
5919,1.6670688418627754e6,8.582066403338723e6,0.0,0.0,0.0,0.0
5920,1.6822178193656348e6,8.585667610304926e6,0.0,0.0,0.0,0.0
5921,1.656453911766009e6,8.589268817271128e6,0.0,0.0,0.0,0.0
5922,1.6306900041663833e6,8.592870024237333e6,0.0,0.0,0.0,0.0
5923,1.6473274999889731e6,8.590159030365499e6,0.0,0.0,0.0,0.0
5924,1.663964995811563e6,8.587448036493665e6,0.0,0.0,0.0,0.0
5925,1.6356277833626592e6,8.58532617211073e6,0.0,0.0,0.0,0.0
5926,1.6072905709137556e6,8.583204307727797e6,0.0,0.0,0.0,0.0
5927,1.5762858447878624e6,8.581312722307447e6,0.0,0.0,0.0,0.0
5928,1.5452811186619692e6,8.579421136887098e6,0.0,0.0,0.0,0.0
5929,1.5127395131195977e6,8.579122957114154e6,0.0,0.0,0.0,0.0
5930,1.4801979075772262e6,8.578824777341211e6,0.0,0.0,0.0,0.0
5931,1.4842211081172908e6,8.579947760735609e6,0.0,0.0,0.0,0.0
5932,1.4882443086573556e6,8.581070744130008e6,0.0,0.0,0.0,0.0
5933,1.4641676280326569e6,8.582891235341987e6,0.0,0.0,0.0,0.0
5934,1.4400909474079583e6,8.584711726553965e6,0.0,0.0,0.0,0.0
5935,1.416171265058871e6,8.587868988873828e6,0.0,0.0,0.0,0.0
5936,1.3922515827097837e6,8.59102625119369e6,0.0,0.0,0.0,0.0
5937,1.4087176155469664e6,8.591614139107976e6,0.0,0.0,0.0,0.0
5938,1.4251836483841494e6,8.592202027022265e6,0.0,0.0,0.0,0.0
5939,1.440537860322082e6,8.595803233988468e6,0.0,0.0,0.0,0.0
5940,1.4558920722600145e6,8.599404440954672e6,0.0,0.0,0.0,0.0
5941,1.470173568303557e6,8.603005647920877e6,0.0,0.0,0.0,0.0
5942,1.4844550643470997e6,8.60660685488708e6,0.0,0.0,0.0,0.0
5943,1.4989655411929837e6,8.610208061853282e6,0.0,0.0,0.0,0.0
5944,1.5134760180388675e6,8.613809268819487e6,0.0,0.0,0.0,0.0
5945,1.5293552063769856e6,8.615469425653309e6,0.0,0.0,0.0,0.0
5946,1.5452343947151036e6,8.617129582487132e6,0.0,0.0,0.0,0.0
5947,1.5611383840338434e6,8.613789819453336e6,0.0,0.0,0.0,0.0
5948,1.5770423733525833e6,8.61045005641954e6,0.0,0.0,0.0,0.0
5949,1.5900418092962438e6,8.607110293385744e6,0.0,0.0,0.0,0.0
5950,1.6030412452399042e6,8.603770530351948e6,0.0,0.0,0.0,0.0
5951,1.6140331408533794e6,8.600430767318152e6,0.0,0.0,0.0,0.0
5952,1.6250250364668544e6,8.597091004284356e6,0.0,0.0,0.0,0.0
5953,1.6341315729746716e6,8.59375124125056e6,0.0,0.0,0.0,0.0
5954,1.6432381094824886e6,8.590411478216764e6,0.0,0.0,0.0,0.0
5955,1.6515549286305173e6,8.587071715182967e6,0.0,0.0,0.0,0.0
5956,1.659871747778546e6,8.583731952149171e6,0.0,0.0,0.0,0.0
5957,1.6685546550207993e6,8.582194885550957e6,0.0,0.0,0.0,0.0
5958,1.6772375622630524e6,8.580657818952741e6,0.0,0.0,0.0,0.0
5959,1.6878716343161222e6,8.579447579874765e6,0.0,0.0,0.0,0.0
5960,1.6985057063691916e6,8.578237340796791e6,0.0,0.0,0.0,0.0
5961,1.7100180728206285e6,8.578554952521872e6,0.0,0.0,0.0,0.0
5962,1.7215304392720656e6,8.578872564246954e6,0.0,0.0,0.0,0.0
5963,1.7323843552131401e6,8.582473771213159e6,0.0,0.0,0.0,0.0
5964,1.7432382711542149e6,8.586074978179362e6,0.0,0.0,0.0,0.0
5965,1.7534297658388778e6,8.589676185145564e6,0.0,0.0,0.0,0.0
5966,1.763621260523541e6,8.593277392111769e6,0.0,0.0,0.0,0.0
5967,1.7738417797044083e6,8.596878599077974e6,0.0,0.0,0.0,0.0
5968,1.7840622988852756e6,8.600479806044176e6,0.0,0.0,0.0,0.0
5969,1.7961805677308696e6,8.602607116718885e6,0.0,0.0,0.0,0.0
5970,1.8082988365764634e6,8.604734427393595e6,0.0,0.0,0.0,0.0
5971,1.8208746199556827e6,8.601394664359799e6,0.0,0.0,0.0,0.0
5972,1.8334504033349017e6,8.598054901326003e6,0.0,0.0,0.0,0.0
5973,1.8439440364162875e6,8.594715138292206e6,0.0,0.0,0.0,0.0
5974,1.8544376694976732e6,8.59137537525841e6,0.0,0.0,0.0,0.0
5975,1.8628986155516175e6,8.588035612224614e6,0.0,0.0,0.0,0.0
5976,1.8713595616055618e6,8.584695849190818e6,0.0,0.0,0.0,0.0
5977,1.8776029435071074e6,8.581356086157022e6,0.0,0.0,0.0,0.0
5978,1.8838463254086531e6,8.578016323123226e6,0.0,0.0,0.0,0.0
5979,1.8895416542122066e6,8.57467656008943e6,0.0,0.0,0.0,0.0
5980,1.8952369830157603e6,8.571336797055634e6,0.0,0.0,0.0,0.0
5981,1.9011368732384946e6,8.567997034021838e6,0.0,0.0,0.0,0.0
5982,1.907036763461229e6,8.564657270988042e6,0.0,0.0,0.0,0.0
5983,1.9136796657804386e6,8.561677447904158e6,0.0,0.0,0.0,0.0
5984,1.9203225680996485e6,8.558697624820277e6,0.0,0.0,0.0,0.0
5985,1.9281908775934395e6,8.558121434202608e6,0.0,0.0,0.0,0.0
5986,1.9360591870872306e6,8.557545243584936e6,0.0,0.0,0.0,0.0
5987,1.9441655989745022e6,8.561146450551141e6,0.0,0.0,0.0,0.0
5988,1.9522720108617737e6,8.564747657517344e6,0.0,0.0,0.0,0.0
5989,1.9602026859946135e6,8.568348864483546e6,0.0,0.0,0.0,0.0
5990,1.968133361127453e6,8.571950071449751e6,0.0,0.0,0.0,0.0
5991,1.9766527975966851e6,8.575551278415956e6,0.0,0.0,0.0,0.0
5992,1.985172234065917e6,8.579152485382158e6,0.0,0.0,0.0,0.0
5993,1.9968463951130654e6,8.578528352905784e6,0.0,0.0,0.0,0.0
5994,2.0085205561602137e6,8.57790422042941e6,0.0,0.0,0.0,0.0
5995,2.0030723341936662e6,8.574564457395613e6,0.0,0.0,0.0,0.0
5996,1.9976241122271188e6,8.571224694361817e6,0.0,0.0,0.0,0.0
5997,2.009186879305738e6,8.567884931328021e6,0.0,0.0,0.0,0.0
5998,2.0207496463843575e6,8.564545168294225e6,0.0,0.0,0.0,0.0
5999,2.0300308579085988e6,8.561205405260429e6,0.0,0.0,0.0,0.0
6000,2.0393120694328402e6,8.557865642226633e6,0.0,0.0,0.0,0.0
6001,2.0478197322940053e6,8.554525879192837e6,0.0,0.0,0.0,0.0
6002,2.0563273951551705e6,8.55118611615904e6,0.0,0.0,0.0,0.0
6003,2.0652720875390305e6,8.547846353125244e6,0.0,0.0,0.0,0.0
6004,2.0742167799228905e6,8.544506590091448e6,0.0,0.0,0.0,0.0
6005,2.086642983785121e6,8.541166827057652e6,0.0,0.0,0.0,0.0
6006,2.0990691876473515e6,8.537827064023856e6,0.0,0.0,0.0,0.0
6007,2.0758727525407039e6,8.534682357827123e6,0.0,0.0,0.0,0.0
6008,2.052676317434056e6,8.53153765163039e6,0.0,0.0,0.0,0.0
6009,2.068089998302042e6,8.530901711370863e6,0.0,0.0,0.0,0.0
6010,2.0835036791700283e6,8.530265771111336e6,0.0,0.0,0.0,0.0
6011,2.098055640975722e6,8.533866978077538e6,0.0,0.0,0.0,0.0
6012,2.1126076027814155e6,8.537468185043743e6,0.0,0.0,0.0,0.0
6013,2.126828751170801e6,8.541069392009947e6,0.0,0.0,0.0,0.0
6014,2.141049899560187e6,8.54467059897615e6,0.0,0.0,0.0,0.0
6015,2.1551915831766566e6,8.548271805942353e6,0.0,0.0,0.0,0.0
6016,2.1693332667931262e6,8.551873012908557e6,0.0,0.0,0.0,0.0
6017,2.1848721217529196e6,8.549908690682413e6,0.0,0.0,0.0,0.0
6018,2.2004109767127126e6,8.547944368456269e6,0.0,0.0,0.0,0.0
6019,2.2162104999303226e6,8.544604605422473e6,0.0,0.0,0.0,0.0
6020,2.2320100231479327e6,8.541264842388676e6,0.0,0.0,0.0,0.0
6021,2.2450039445210705e6,8.53792507935488e6,0.0,0.0,0.0,0.0
6022,2.257997865894208e6,8.534585316321084e6,0.0,0.0,0.0,0.0
6023,2.2681564805351477e6,8.531245553287288e6,0.0,0.0,0.0,0.0
6024,2.2783150951760877e6,8.527905790253492e6,0.0,0.0,0.0,0.0
6025,2.2864940347352466e6,8.524566027219696e6,0.0,0.0,0.0,0.0
6026,2.294672974294406e6,8.5212262641859e6,0.0,0.0,0.0,0.0
6027,2.302820160439849e6,8.517886501152104e6,0.0,0.0,0.0,0.0
6028,2.310967346585292e6,8.514546738118308e6,0.0,0.0,0.0,0.0
6029,2.2922997212900603e6,8.511206975084512e6,0.0,0.0,0.0,0.0
6030,2.2736320959948287e6,8.507867212050715e6,0.0,0.0,0.0,0.0
6031,2.2889716796302325e6,8.505453081820335e6,0.0,0.0,0.0,0.0
6032,2.3043112632656363e6,8.503038951589953e6,0.0,0.0,0.0,0.0
6033,2.319296638005062e6,8.506200234219838e6,0.0,0.0,0.0,0.0
6034,2.334282012744488e6,8.509361516849723e6,0.0,0.0,0.0,0.0
6035,2.348011474572652e6,8.512962723815925e6,0.0,0.0,0.0,0.0
6036,2.361740936400816e6,8.51656393078213e6,0.0,0.0,0.0,0.0
6037,2.374798010606711e6,8.520165137748335e6,0.0,0.0,0.0,0.0
6038,2.3878550848126058e6,8.523766344714537e6,0.0,0.0,0.0,0.0
6039,2.4007688250136785e6,8.52736755168074e6,0.0,0.0,0.0,0.0
6040,2.4136825652147513e6,8.530968758646945e6,0.0,0.0,0.0,0.0
6041,2.4202714350926448e6,8.53456996561315e6,0.0,0.0,0.0,0.0
6042,2.4268603049705382e6,8.538171172579352e6,0.0,0.0,0.0,0.0
6043,2.441696520433278e6,8.534831409545556e6,0.0,0.0,0.0,0.0
6044,2.456532735896018e6,8.53149164651176e6,0.0,0.0,0.0,0.0
6045,2.4269678536938042e6,8.528151883477964e6,0.0,0.0,0.0,0.0
6046,2.3974029714915906e6,8.524812120444167e6,0.0,0.0,0.0,0.0
6047,2.364988964005422e6,8.521472357410371e6,0.0,0.0,0.0,0.0
6048,2.332574956519253e6,8.518132594376575e6,0.0,0.0,0.0,0.0
6049,2.298668667688773e6,8.51479283134278e6,0.0,0.0,0.0,0.0
6050,2.2647623788582925e6,8.511453068308983e6,0.0,0.0,0.0,0.0
6051,2.2311218144959314e6,8.508113305275187e6,0.0,0.0,0.0,0.0
6052,2.1974812501335707e6,8.50477354224139e6,0.0,0.0,0.0,0.0
6053,2.1671258124284674e6,8.501433779207595e6,0.0,0.0,0.0,0.0
6054,2.136770374723364e6,8.498094016173799e6,0.0,0.0,0.0,0.0
6055,2.110725758033946e6,8.494754253140002e6,0.0,0.0,0.0,0.0
6056,2.084681141344528e6,8.491414490106206e6,0.0,0.0,0.0,0.0
6057,2.099984055649482e6,8.48807472707241e6,0.0,0.0,0.0,0.0
6058,2.1152869699544366e6,8.484734964038614e6,0.0,0.0,0.0,0.0
6059,2.1298484224539474e6,8.481395201004818e6,0.0,0.0,0.0,0.0
6060,2.1444098749534586e6,8.478055437971022e6,0.0,0.0,0.0,0.0
6061,2.158228641259115e6,8.480601741267305e6,0.0,0.0,0.0,0.0
6062,2.1720474075647714e6,8.483148044563586e6,0.0,0.0,0.0,0.0
6063,2.186066746682047e6,8.481939045261726e6,0.0,0.0,0.0,0.0
6064,2.200086085799322e6,8.480730045959866e6,0.0,0.0,0.0,0.0
6065,2.1734717956557428e6,8.47739028292607e6,0.0,0.0,0.0,0.0
6066,2.1468575055121635e6,8.474050519892273e6,0.0,0.0,0.0,0.0
6067,2.120804770146396e6,8.470710756858477e6,0.0,0.0,0.0,0.0
6068,2.0947520347806287e6,8.467370993824681e6,0.0,0.0,0.0,0.0
6069,2.0668174063780573e6,8.464031230790885e6,0.0,0.0,0.0,0.0
6070,2.038882777975486e6,8.460691467757089e6,0.0,0.0,0.0,0.0
6071,2.0086478383286586e6,8.457351704723293e6,0.0,0.0,0.0,0.0
6072,1.9784128986818313e6,8.454011941689497e6,0.0,0.0,0.0,0.0
6073,1.9465991905718166e6,8.449951217058972e6,0.0,0.0,0.0,0.0
6074,1.9147854824618017e6,8.445890492428446e6,0.0,0.0,0.0,0.0
6075,1.8831206331514858e6,8.44182976779792e6,0.0,0.0,0.0,0.0
6076,1.85145578384117e6,8.437769043167396e6,0.0,0.0,0.0,0.0
6077,1.8225218968730695e6,8.43370831853687e6,0.0,0.0,0.0,0.0
6078,1.7935880099049688e6,8.429647593906345e6,0.0,0.0,0.0,0.0
6079,1.767635025947606e6,8.42558686927582e6,0.0,0.0,0.0,0.0
6080,1.7416820419902431e6,8.421526144645294e6,0.0,0.0,0.0,0.0
6081,1.7572349216597993e6,8.417465420014769e6,0.0,0.0,0.0,0.0
6082,1.7727878013293555e6,8.413404695384244e6,0.0,0.0,0.0,0.0
6083,1.7873954215599522e6,8.416284940753719e6,0.0,0.0,0.0,0.0
6084,1.8020030417905492e6,8.419165186123194e6,0.0,0.0,0.0,0.0
6085,1.8159371641020186e6,8.42204543149267e6,0.0,0.0,0.0,0.0
6086,1.829871286413488e6,8.424925676862145e6,0.0,0.0,0.0,0.0
6087,1.8439212950508643e6,8.42780592223162e6,0.0,0.0,0.0,0.0
6088,1.8579713036882407e6,8.430686167601096e6,0.0,0.0,0.0,0.0
6089,1.8343781479428443e6,8.430580587204814e6,0.0,0.0,0.0,0.0
6090,1.8107849921974482e6,8.430475006808534e6,0.0,0.0,0.0,0.0
6091,1.7846029256217321e6,8.426414282178009e6,0.0,0.0,0.0,0.0
6092,1.758420859046016e6,8.422353557547484e6,0.0,0.0,0.0,0.0
6093,1.7298280530868177e6,8.418292832916958e6,0.0,0.0,0.0,0.0
6094,1.7012352471276198e6,8.414232108286433e6,0.0,0.0,0.0,0.0
6095,1.6702369229689417e6,8.410171383655908e6,0.0,0.0,0.0,0.0
6096,1.6392385988102634e6,8.406110659025382e6,0.0,0.0,0.0,0.0
6097,1.6069250348313956e6,8.402049934394857e6,0.0,0.0,0.0,0.0
6098,1.5746114708525278e6,8.397989209764332e6,0.0,0.0,0.0,0.0
6099,1.5424171412658775e6,8.394762162005557e6,0.0,0.0,0.0,0.0
6100,1.510222811679227e6,8.391535114246782e6,0.0,0.0,0.0,0.0
6101,1.4807588918189025e6,8.392045936179228e6,0.0,0.0,0.0,0.0
6102,1.4512949719585776e6,8.392556758111676e6,0.0,0.0,0.0,0.0
6103,1.4255719419274733e6,8.395176774256125e6,0.0,0.0,0.0,0.0
6104,1.399848911896369e6,8.397796790400572e6,0.0,0.0,0.0,0.0
6105,1.4155677906319783e6,8.400677035770047e6,0.0,0.0,0.0,0.0
6106,1.431286669367588e6,8.403557281139523e6,0.0,0.0,0.0,0.0
6107,1.4454646680683708e6,8.406437526508998e6,0.0,0.0,0.0,0.0
6108,1.459642666769154e6,8.409317771878473e6,0.0,0.0,0.0,0.0
6109,1.472727197593432e6,8.412198017247949e6,0.0,0.0,0.0,0.0
6110,1.4858117284177097e6,8.415078262617424e6,0.0,0.0,0.0,0.0
6111,1.4986929405869506e6,8.4179585079869e6,0.0,0.0,0.0,0.0
6112,1.5115741527561916e6,8.420838753356375e6,0.0,0.0,0.0,0.0
6113,1.4840592033855875e6,8.42371899872585e6,0.0,0.0,0.0,0.0
6114,1.4565442540149835e6,8.426599244095325e6,0.0,0.0,0.0,0.0
6115,1.4297042426468856e6,8.4225385194648e6,0.0,0.0,0.0,0.0
6116,1.4028642312787874e6,8.418477794834275e6,0.0,0.0,0.0,0.0
6117,1.37361295147468e6,8.41441707020375e6,0.0,0.0,0.0,0.0
6118,1.3443616716705726e6,8.410356345573224e6,0.0,0.0,0.0,0.0
6119,1.3131680509763118e6,8.406295620942699e6,0.0,0.0,0.0,0.0
6120,1.2819744302820507e6,8.402234896312173e6,0.0,0.0,0.0,0.0
6121,1.249186304062154e6,8.398174171681648e6,0.0,0.0,0.0,0.0
6122,1.216398177842257e6,8.394113447051123e6,0.0,0.0,0.0,0.0
6123,1.1834413923505992e6,8.390052722420597e6,0.0,0.0,0.0,0.0
6124,1.150484606858941e6,8.385991997790073e6,0.0,0.0,0.0,0.0
6125,1.1180495443366077e6,8.381931273159549e6,0.0,0.0,0.0,0.0
6126,1.0856144818142743e6,8.377870548529023e6,0.0,0.0,0.0,0.0
6127,1.066625913501029e6,8.373809823898498e6,0.0,0.0,0.0,0.0
6128,1.0476373451877832e6,8.369749099267974e6,0.0,0.0,0.0,0.0
6129,1.0609018975676682e6,8.368547272102811e6,0.0,0.0,0.0,0.0
6130,1.0741664499475532e6,8.367345444937649e6,0.0,0.0,0.0,0.0
6131,1.086548763267198e6,8.3702256903071245e6,0.0,0.0,0.0,0.0
6132,1.0989310765868432e6,8.3731059356766e6,0.0,0.0,0.0,0.0
6133,1.1105522954723537e6,8.375986181046075e6,0.0,0.0,0.0,0.0
6134,1.122173514357864e6,8.3788664264155505e6,0.0,0.0,0.0,0.0
6135,1.1334054277789453e6,8.381746671785026e6,0.0,0.0,0.0,0.0
6136,1.144637341200027e6,8.384626917154501e6,0.0,0.0,0.0,0.0
6137,1.115664978659084e6,8.382435143819324e6,0.0,0.0,0.0,0.0
6138,1.0866926161181412e6,8.380243370484146e6,0.0,0.0,0.0,0.0
6139,1.0587769029510543e6,8.376182645853622e6,0.0,0.0,0.0,0.0
6140,1.0308611897839674e6,8.372121921223097e6,0.0,0.0,0.0,0.0
6141,1.0010572223302813e6,8.368061196592571e6,0.0,0.0,0.0,0.0
6142,971253.2548765952,8.364000471962047e6,0.0,0.0,0.0,0.0
6143,939738.7178284812,8.359939747331522e6,0.0,0.0,0.0,0.0
6144,908224.1807803671,8.355879022700997e6,0.0,0.0,0.0,0.0
6145,881300.8950361041,8.351818298070472e6,0.0,0.0,0.0,0.0
6146,854377.6092918412,8.347757573439947e6,0.0,0.0,0.0,0.0
6147,862867.1132564405,8.343696848809423e6,0.0,0.0,0.0,0.0
6148,871356.6172210397,8.339636124178898e6,0.0,0.0,0.0,0.0
6149,879993.4650601762,8.335575399548372e6,0.0,0.0,0.0,0.0
6150,888630.3128993127,8.331514674917848e6,0.0,0.0,0.0,0.0
6151,898297.5744296804,8.327453950287323e6,0.0,0.0,0.0,0.0
6152,907964.835960048,8.323393225656798e6,0.0,0.0,0.0,0.0
6153,919125.6402257711,8.319332501026273e6,0.0,0.0,0.0,0.0
6154,930286.4444914941,8.315271776395748e6,0.0,0.0,0.0,0.0
6155,941391.6506865649,8.318152021765224e6,0.0,0.0,0.0,0.0
6156,952496.8568816356,8.321032267134699e6,0.0,0.0,0.0,0.0
6157,962572.6963226113,8.323912512504174e6,0.0,0.0,0.0,0.0
6158,972648.5357635869,8.32679275787365e6,0.0,0.0,0.0,0.0
6159,982922.7279088367,8.329673003243125e6,0.0,0.0,0.0,0.0
6160,993196.9200540864,8.3325532486126e6,0.0,0.0,0.0,0.0
6161,966415.4440376873,8.330038805463396e6,0.0,0.0,0.0,0.0
6162,939633.9680212882,8.327524362314193e6,0.0,0.0,0.0,0.0
6163,929335.9712858885,8.323463637683667e6,0.0,0.0,0.0,0.0
6164,919037.9745504886,8.319402913053143e6,0.0,0.0,0.0,0.0
6165,910297.2873016917,8.315342188422618e6,0.0,0.0,0.0,0.0
6166,901556.6000528949,8.311281463792093e6,0.0,0.0,0.0,0.0
6167,908944.5537359552,8.307220739161568e6,0.0,0.0,0.0,0.0
6168,916332.5074190154,8.303160014531043e6,0.0,0.0,0.0,0.0
6169,923886.6036488607,8.299099289900519e6,0.0,0.0,0.0,0.0
6170,931440.6998787061,8.295038565269994e6,0.0,0.0,0.0,0.0
6171,939171.8360601828,8.290977840639468e6,0.0,0.0,0.0,0.0
6172,946902.9722416594,8.286917116008944e6,0.0,0.0,0.0,0.0
6173,958142.5391186015,8.2828563913784195e6,0.0,0.0,0.0,0.0
6174,969382.1059955435,8.278795666747894e6,0.0,0.0,0.0,0.0
6175,984299.2415334567,8.274734942117369e6,0.0,0.0,0.0,0.0
6176,999216.3770713699,8.270674217486844e6,0.0,0.0,0.0,0.0
6177,1.0137082644069062e6,8.272459150913859e6,0.0,0.0,0.0,0.0
6178,1.0282001517424426e6,8.274244084340874e6,0.0,0.0,0.0,0.0
6179,1.0413371391572824e6,8.277124329710349e6,0.0,0.0,0.0,0.0
6180,1.0544741265721223e6,8.280004575079825e6,0.0,0.0,0.0,0.0
6181,1.067349803042674e6,8.2828848204493e6,0.0,0.0,0.0,0.0
6182,1.0802254795132254e6,8.285765065818775e6,0.0,0.0,0.0,0.0
6183,1.093474085698867e6,8.288645311188251e6,0.0,0.0,0.0,0.0
6184,1.1067226918845086e6,8.291525556557726e6,0.0,0.0,0.0,0.0
6185,1.0791953064602807e6,8.293050545664484e6,0.0,0.0,0.0,0.0
6186,1.0516679210360528e6,8.294575534771242e6,0.0,0.0,0.0,0.0
6187,1.0249713880112144e6,8.290514810140718e6,0.0,0.0,0.0,0.0
6188,998274.8549863761,8.286454085510192e6,0.0,0.0,0.0,0.0
6189,968799.354059347,8.282393360879667e6,0.0,0.0,0.0,0.0
6190,939323.8531323178,8.278332636249143e6,0.0,0.0,0.0,0.0
6191,915088.229095945,8.274271911618618e6,0.0,0.0,0.0,0.0
6192,890852.6050595723,8.270211186988093e6,0.0,0.0,0.0,0.0
6193,857050.5617201859,8.266150462357568e6,0.0,0.0,0.0,0.0
6194,823248.5183807996,8.262089737727043e6,0.0,0.0,0.0,0.0
6195,831563.5809124915,8.258029013096519e6,0.0,0.0,0.0,0.0
6196,839878.6434441834,8.2539682884659935e6,0.0,0.0,0.0,0.0
6197,851456.3713017963,8.249950182697032e6,0.0,0.0,0.0,0.0
6198,863034.0991594093,8.245932076928069e6,0.0,0.0,0.0,0.0
6199,836521.5697808024,8.245071773709385e6,0.0,0.0,0.0,0.0
6200,810009.0404021953,8.2442114704907015e6,0.0,0.0,0.0,0.0
6201,825019.6610231355,8.247091715860177e6,0.0,0.0,0.0,0.0
6202,840030.2816440756,8.249971961229652e6,0.0,0.0,0.0,0.0
6203,854205.7128302176,8.2528522065991275e6,0.0,0.0,0.0,0.0
6204,868381.1440163595,8.255732451968603e6,0.0,0.0,0.0,0.0
6205,881781.2221912526,8.258612697338078e6,0.0,0.0,0.0,0.0
6206,895181.3003661458,8.2614929427075535e6,0.0,0.0,0.0,0.0
6207,908419.7643592905,8.264373188077029e6,0.0,0.0,0.0,0.0
6208,921658.228352435,8.267253433446504e6,0.0,0.0,0.0,0.0
6209,896194.5034016856,8.2701336788159795e6,0.0,0.0,0.0,0.0
6210,870730.7784509362,8.273013924185455e6,0.0,0.0,0.0,0.0
6211,844281.5208275929,8.27589416955493e6,0.0,0.0,0.0,0.0
6212,817832.2632042497,8.2787744149244055e6,0.0,0.0,0.0,0.0
6213,830594.8398721241,8.278587353853524e6,0.0,0.0,0.0,0.0
6214,843357.4165399985,8.278400292782643e6,0.0,0.0,0.0,0.0
6215,811597.1774228762,8.277365578269573e6,0.0,0.0,0.0,0.0
6216,779836.9383057541,8.276330863756503e6,0.0,0.0,0.0,0.0
6217,755804.423510812,8.272270139125979e6,0.0,0.0,0.0,0.0
6218,731771.90871587,8.268209414495453e6,0.0,0.0,0.0,0.0
6219,726920.4983828954,8.264148689864928e6,0.0,0.0,0.0,0.0
6220,722069.0880499207,8.2600879652344035e6,0.0,0.0,0.0,0.0
6221,692357.2466826143,8.256027240603879e6,0.0,0.0,0.0,0.0
6222,662645.4053153078,8.251966515973354e6,0.0,0.0,0.0,0.0
6223,678159.7391602702,8.247905791342828e6,0.0,0.0,0.0,0.0
6224,693674.0730052325,8.243845066712304e6,0.0,0.0,0.0,0.0
6225,708816.1492518258,8.242659862757592e6,0.0,0.0,0.0,0.0
6226,723958.225498419,8.241474658802881e6,0.0,0.0,0.0,0.0
6227,738004.4313578795,8.244354904172356e6,0.0,0.0,0.0,0.0
6228,752050.6372173401,8.247235149541832e6,0.0,0.0,0.0,0.0
6229,765296.9413403012,8.250115394911307e6,0.0,0.0,0.0,0.0
6230,778543.2454632623,8.252995640280782e6,0.0,0.0,0.0,0.0
6231,791738.3466844485,8.255875885650258e6,0.0,0.0,0.0,0.0
6232,804933.4479056348,8.258756131019733e6,0.0,0.0,0.0,0.0
6233,777101.9624449377,8.259139600865522e6,0.0,0.0,0.0,0.0
6234,749270.4769842406,8.259523070711312e6,0.0,0.0,0.0,0.0
6235,763929.7963559458,8.2554623460807875e6,0.0,0.0,0.0,0.0
6236,778589.115727651,8.251401621450262e6,0.0,0.0,0.0,0.0
6237,749176.7738715296,8.247340896819737e6,0.0,0.0,0.0,0.0
6238,719764.4320154082,8.243280172189212e6,0.0,0.0,0.0,0.0
6239,688119.9009997318,8.239219447558688e6,0.0,0.0,0.0,0.0
6240,656475.3699840556,8.235158722928163e6,0.0,0.0,0.0,0.0
6241,623463.3234207095,8.231151309600926e6,0.0,0.0,0.0,0.0
6242,590451.2768573632,8.227143896273689e6,0.0,0.0,0.0,0.0
6243,557661.4839853034,8.223136482946453e6,0.0,0.0,0.0,0.0
6244,524871.6911132436,8.219129069619216e6,0.0,0.0,0.0,0.0
6245,495117.796031901,8.216209503143281e6,0.0,0.0,0.0,0.0
6246,465363.90095055837,8.213289936667346e6,0.0,0.0,0.0,0.0
6247,480533.08905912226,8.211000505725088e6,0.0,0.0,0.0,0.0
6248,495702.27716768614,8.20871107478283e6,0.0,0.0,0.0,0.0
6249,510886.56277222396,8.211393351963818e6,0.0,0.0,0.0,0.0
6250,526070.8483767618,8.214075629144806e6,0.0,0.0,0.0,0.0
6251,540529.070673278,8.2170091858175695e6,0.0,0.0,0.0,0.0
6252,554987.2929697941,8.2199427424903335e6,0.0,0.0,0.0,0.0
6253,569004.9737117137,8.2228762991630975e6,0.0,0.0,0.0,0.0
6254,583022.6544536334,8.225809855835861e6,0.0,0.0,0.0,0.0
6255,597032.6626955962,8.228743412508624e6,0.0,0.0,0.0,0.0
6256,611042.6709375591,8.231676969181388e6,0.0,0.0,0.0,0.0
6257,584255.4101439887,8.234156992073663e6,0.0,0.0,0.0,0.0
6258,557468.1493504181,8.236637014965938e6,0.0,0.0,0.0,0.0
6259,531043.0242550912,8.232629601638702e6,0.0,0.0,0.0,0.0
6260,504617.8991597643,8.228622188311465e6,0.0,0.0,0.0,0.0
6261,475707.9921623941,8.231555744984228e6,0.0,0.0,0.0,0.0
6262,446798.0851650239,8.234489301656992e6,0.0,0.0,0.0,0.0
6263,457523.3329264192,8.237422858329756e6,0.0,0.0,0.0,0.0
6264,468248.58068781457,8.240356415002519e6,0.0,0.0,0.0,0.0
6265,477493.8751850721,8.236349001675283e6,0.0,0.0,0.0,0.0
6266,486739.16968232964,8.232341588348046e6,0.0,0.0,0.0,0.0
6267,470685.3001365421,8.230897761624567e6,0.0,0.0,0.0,0.0
6268,454631.4305907546,8.229453934901089e6,0.0,0.0,0.0,0.0
6269,424773.37430437433,8.230505223632666e6,0.0,0.0,0.0,0.0
6270,394915.3180179941,8.231556512364243e6,0.0,0.0,0.0,0.0
6271,368187.7346071179,8.232651472106922e6,0.0,0.0,0.0,0.0
6272,341460.15119624167,8.233746431849602e6,0.0,0.0,0.0,0.0
6273,356844.1584237259,8.236679988522366e6,0.0,0.0,0.0,0.0
6274,372228.1656512102,8.239613545195129e6,0.0,0.0,0.0,0.0
6275,387057.4585631946,8.242547101867892e6,0.0,0.0,0.0,0.0
6276,401886.75147517904,8.245480658540656e6,0.0,0.0,0.0,0.0
6277,415840.87822693936,8.24841421521342e6,0.0,0.0,0.0,0.0
6278,429795.0049786997,8.251347771886183e6,0.0,0.0,0.0,0.0
6279,443403.6485768638,8.254281328558946e6,0.0,0.0,0.0,0.0
6280,457012.29217502783,8.25721488523171e6,0.0,0.0,0.0,0.0
6281,429594.6461516229,8.260148441904474e6,0.0,0.0,0.0,0.0
6282,402177.000128218,8.263081998577237e6,0.0,0.0,0.0,0.0
6283,375297.4104346487,8.26601555525e6,0.0,0.0,0.0,0.0
6284,348417.8207410794,8.268949111922764e6,0.0,0.0,0.0,0.0
6285,319458.0217942489,8.271882668595528e6,0.0,0.0,0.0,0.0
6286,290498.2228474184,8.274816225268291e6,0.0,0.0,0.0,0.0
6287,301390.7150058468,8.270808811941055e6,0.0,0.0,0.0,0.0
6288,312283.2071642752,8.266801398613818e6,0.0,0.0,0.0,0.0
6289,318437.9358232473,8.262920553897293e6,0.0,0.0,0.0,0.0
6290,324592.6644822193,8.259039709180769e6,0.0,0.0,0.0,0.0
6291,291679.7358391956,8.25862972245201e6,0.0,0.0,0.0,0.0
6292,258766.80719617193,8.2582197357232515e6,0.0,0.0,0.0,0.0
6293,233298.2436574176,8.261153292396015e6,0.0,0.0,0.0,0.0
6294,207829.6801186633,8.264086849068779e6,0.0,0.0,0.0,0.0
6295,213250.35151644796,8.267020405741543e6,0.0,0.0,0.0,0.0
6296,218671.02291423266,8.269953962414306e6,0.0,0.0,0.0,0.0
6297,230380.95018596572,8.272887519087069e6,0.0,0.0,0.0,0.0
6298,242090.87745769878,8.275821075759833e6,0.0,0.0,0.0,0.0
6299,253071.9892964643,8.278754632432597e6,0.0,0.0,0.0,0.0
6300,264053.10113522987,8.28168818910536e6,0.0,0.0,0.0,0.0
6301,274328.88956108264,8.284621745778123e6,0.0,0.0,0.0,0.0
6302,284604.6779869354,8.287555302450887e6,0.0,0.0,0.0,0.0
6303,294878.2530079809,8.290488859123651e6,0.0,0.0,0.0,0.0
6304,305151.8280290263,8.293422415796414e6,0.0,0.0,0.0,0.0
6305,317687.99020463775,8.296355972469177e6,0.0,0.0,0.0,0.0
6306,330224.1523802492,8.299289529141941e6,0.0,0.0,0.0,0.0
6307,343762.0880343498,8.295282115814704e6,0.0,0.0,0.0,0.0
6308,357300.0236884504,8.291274702487468e6,0.0,0.0,0.0,0.0
6309,369529.8662535134,8.289442195137696e6,0.0,0.0,0.0,0.0
6310,381759.7088185764,8.287609687787926e6,0.0,0.0,0.0,0.0
6311,391686.40939565207,8.286464338713538e6,0.0,0.0,0.0,0.0
6312,401613.1099727277,8.28531898963915e6,0.0,0.0,0.0,0.0
6313,409967.5609264673,8.287089094618488e6,0.0,0.0,0.0,0.0
6314,418322.0118802068,8.288859199597825e6,0.0,0.0,0.0,0.0
6315,426479.8225028886,8.287929136774203e6,0.0,0.0,0.0,0.0
6316,434637.6331255704,8.286999073950581e6,0.0,0.0,0.0,0.0
6317,442929.50423202297,8.286063017469469e6,0.0,0.0,0.0,0.0
6318,451221.3753384755,8.285126960988357e6,0.0,0.0,0.0,0.0
6319,460550.4028345098,8.284108437526433e6,0.0,0.0,0.0,0.0
6320,469879.43033054407,8.28308991406451e6,0.0,0.0,0.0,0.0
6321,480313.19053903234,8.286023470737273e6,0.0,0.0,0.0,0.0
6322,490746.95074752055,8.288957027410037e6,0.0,0.0,0.0,0.0
6323,501431.53230503324,8.291890584082801e6,0.0,0.0,0.0,0.0
6324,512116.1138625459,8.294824140755564e6,0.0,0.0,0.0,0.0
6325,522239.63384449296,8.297757697428327e6,0.0,0.0,0.0,0.0
6326,532363.15382644,8.300691254101091e6,0.0,0.0,0.0,0.0
6327,542673.3030191457,8.303624810773855e6,0.0,0.0,0.0,0.0
6328,552983.4522118516,8.306558367446618e6,0.0,0.0,0.0,0.0
6329,566037.1360629245,8.309491924119381e6,0.0,0.0,0.0,0.0
6330,579090.8199139973,8.312425480792145e6,0.0,0.0,0.0,0.0
6331,551596.3595185975,8.315359037464909e6,0.0,0.0,0.0,0.0
6332,524101.89912319765,8.318292594137672e6,0.0,0.0,0.0,0.0
6333,494381.6584761968,8.319590376080532e6,0.0,0.0,0.0,0.0
6334,464661.41782919597,8.320888158023392e6,0.0,0.0,0.0,0.0
6335,435702.1280774785,8.323821714696156e6,0.0,0.0,0.0,0.0
6336,406742.838325761,8.326755271368919e6,0.0,0.0,0.0,0.0
6337,390912.4067273997,8.329688828041682e6,0.0,0.0,0.0,0.0
6338,375081.97512903827,8.332622384714446e6,0.0,0.0,0.0,0.0
6339,372909.33329670643,8.33090982808753e6,0.0,0.0,0.0,0.0
6340,370736.69146437454,8.329197271460614e6,0.0,0.0,0.0,0.0
6341,382064.05959897203,8.329027776475987e6,0.0,0.0,0.0,0.0
6342,393391.4277335695,8.328858281491361e6,0.0,0.0,0.0,0.0
6343,379666.6287638904,8.331791838164125e6,0.0,0.0,0.0,0.0
6344,365941.8297942113,8.334725394836888e6,0.0,0.0,0.0,0.0
6345,381052.08845554094,8.337658951509651e6,0.0,0.0,0.0,0.0
6346,396162.34711687063,8.340592508182415e6,0.0,0.0,0.0,0.0
6347,409884.1527959948,8.343526064855179e6,0.0,0.0,0.0,0.0
6348,423605.958475119,8.346459621527942e6,0.0,0.0,0.0,0.0
6349,436465.35430275474,8.349393178200705e6,0.0,0.0,0.0,0.0
6350,449324.7501303904,8.352326734873469e6,0.0,0.0,0.0,0.0
6351,462089.4258452059,8.355260291546233e6,0.0,0.0,0.0,0.0
6352,474854.10156002134,8.358193848218996e6,0.0,0.0,0.0,0.0
6353,447093.11845962855,8.361127404891759e6,0.0,0.0,0.0,0.0
6354,419332.1353592358,8.364060961564523e6,0.0,0.0,0.0,0.0
6355,392468.0460567237,8.366994518237287e6,0.0,0.0,0.0,0.0
6356,365603.9567542115,8.36992807491005e6,0.0,0.0,0.0,0.0
6357,336355.28110928566,8.372861631582813e6,0.0,0.0,0.0,0.0
6358,307106.60546435975,8.375795188255577e6,0.0,0.0,0.0,0.0
6359,275374.87176342664,8.378728744928341e6,0.0,0.0,0.0,0.0
6360,243643.13806249353,8.381662301601104e6,0.0,0.0,0.0,0.0
6361,210657.97428994032,8.3845958582738675e6,0.0,0.0,0.0,0.0
6362,177672.81051738714,8.3875294149466315e6,0.0,0.0,0.0,0.0
6363,145080.66626324118,8.390462971619396e6,0.0,0.0,0.0,0.0
6364,112488.52200909519,8.393396528292159e6,0.0,0.0,0.0,0.0
6365,82597.54910689709,8.396330084964922e6,0.0,0.0,0.0,0.0
6366,52706.576204698984,8.399263641637685e6,0.0,0.0,0.0,0.0
6367,26353.288102349492,8.402197198310448e6,0.0,0.0,0.0,0.0
6368,0.0,8.405130754983211e6,0.0,0.0,0.0,0.0
6369,15314.600620798483,8.408064311655974e6,0.0,0.0,0.0,0.0
6370,30629.201241596966,8.410997868328737e6,0.0,0.0,0.0,0.0
6371,44561.53241892278,8.4139314250015e6,0.0,0.0,0.0,0.0
6372,58493.8635962486,8.416864981674263e6,0.0,0.0,0.0,0.0
6373,71630.58143192294,8.419798538347026e6,0.0,0.0,0.0,0.0
6374,84767.29926759728,8.42273209501979e6,0.0,0.0,0.0,0.0
6375,80925.70111520772,8.425665651692552e6,0.0,0.0,0.0,0.0
6376,77084.10296281814,8.428599208365316e6,0.0,0.0,0.0,0.0
6377,91863.80921902251,8.431532765038079e6,0.0,0.0,0.0,0.0
6378,106643.51547522689,8.434466321710842e6,0.0,0.0,0.0,0.0
6379,122146.27819898933,8.437399878383605e6,0.0,0.0,0.0,0.0
6380,137649.04092275177,8.440333435056368e6,0.0,0.0,0.0,0.0
6381,109149.45372926204,8.443266991729131e6,0.0,0.0,0.0,0.0
6382,80649.86653577231,8.446200548401894e6,0.0,0.0,0.0,0.0
6383,49908.80249099501,8.449134105074657e6,0.0,0.0,0.0,0.0
6384,19167.738446217718,8.45206766174742e6,0.0,0.0,0.0,0.0
6385,24313.61288455738,8.45216524223468e6,0.0,0.0,0.0,0.0
6386,29459.487322897043,8.45226282272194e6,0.0,0.0,0.0,0.0
6387,25403.645736629478,8.453487481976796e6,0.0,0.0,0.0,0.0
6388,21347.80415036191,8.454712141231652e6,0.0,0.0,0.0,0.0
6389,10673.902075180955,8.456865774978824e6,0.0,0.0,0.0,0.0
6390,0.0,8.459019408725997e6,0.0,0.0,0.0,0.0
6391,0.0,8.461833473161384e6,0.0,0.0,0.0,0.0
6392,0.0,8.464647537596773e6,0.0,0.0,0.0,0.0
6393,15441.53462986878,8.467581094269536e6,0.0,0.0,0.0,0.0
6394,30883.06925973756,8.4705146509423e6,0.0,0.0,0.0,0.0
6395,45226.07614691448,8.473448207615063e6,0.0,0.0,0.0,0.0
6396,59569.0830340914,8.476381764287826e6,0.0,0.0,0.0,0.0
6397,73156.32577121514,8.479315320960589e6,0.0,0.0,0.0,0.0
6398,86743.56850833888,8.482248877633352e6,0.0,0.0,0.0,0.0
6399,88119.31184828683,8.485182434306115e6,0.0,0.0,0.0,0.0
6400,89495.0551882348,8.488115990978878e6,0.0,0.0,0.0,0.0
6401,103104.17909901976,8.491049547651641e6,0.0,0.0,0.0,0.0
6402,116713.30300980473,8.493983104324404e6,0.0,0.0,0.0,0.0
6403,130998.63963051871,8.489975690997168e6,0.0,0.0,0.0,0.0
6404,145283.9762512327,8.48596827766993e6,0.0,0.0,0.0,0.0
6405,157142.9517126399,8.481960864342693e6,0.0,0.0,0.0,0.0
6406,169001.9271740471,8.477953451015458e6,0.0,0.0,0.0,0.0
6407,178647.2809928176,8.473946037688222e6,0.0,0.0,0.0,0.0
6408,188292.6348115881,8.469938624360984e6,0.0,0.0,0.0,0.0
6409,154741.69368358716,8.466521317613315e6,0.0,0.0,0.0,0.0
6410,121190.75255558621,8.463104010865644e6,0.0,0.0,0.0,0.0
6411,90956.46640295113,8.459686704117972e6,0.0,0.0,0.0,0.0
6412,60722.18025031606,8.456269397370303e6,0.0,0.0,0.0,0.0
6413,30361.09012515803,8.452852090622634e6,0.0,0.0,0.0,0.0
6414,0.0,8.449434783874962e6,0.0,0.0,0.0,0.0
6415,0.0,8.446017477127291e6,0.0,0.0,0.0,0.0
6416,0.0,8.442600170379622e6,0.0,0.0,0.0,0.0
6417,15154.284067298056,8.443916753496531e6,0.0,0.0,0.0,0.0
6418,30308.568134596113,8.44523333661344e6,0.0,0.0,0.0,0.0
6419,44874.73476369349,8.44875699986577e6,0.0,0.0,0.0,0.0
6420,59440.90139279087,8.4522806631181e6,0.0,0.0,0.0,0.0
6421,73783.31745906119,8.45580432637043e6,0.0,0.0,0.0,0.0
6422,88125.73352533151,8.459327989622759e6,0.0,0.0,0.0,0.0
6423,102782.08236064458,8.462851652875088e6,0.0,0.0,0.0,0.0
6424,117438.43119595764,8.466375316127418e6,0.0,0.0,0.0,0.0
6425,132732.71394762048,8.469898979379747e6,0.0,0.0,0.0,0.0
6426,148026.9966992833,8.473422642632077e6,0.0,0.0,0.0,0.0
6427,163879.97685680396,8.470005335884407e6,0.0,0.0,0.0,0.0
6428,179732.9570143246,8.466588029136736e6,0.0,0.0,0.0,0.0
6429,151329.0064020799,8.463170722389065e6,0.0,0.0,0.0,0.0
6430,122925.05578983517,8.459753415641395e6,0.0,0.0,0.0,0.0
6431,134003.10381137137,8.456336108893726e6,0.0,0.0,0.0,0.0
6432,145081.1518329076,8.452918802146055e6,0.0,0.0,0.0,0.0
6433,120796.44691532064,8.449501495398384e6,0.0,0.0,0.0,0.0
6434,96511.74199773368,8.446084188650714e6,0.0,0.0,0.0,0.0
6435,77268.16353492776,8.442666881903045e6,0.0,0.0,0.0,0.0
6436,58024.58507212183,8.439249575155374e6,0.0,0.0,0.0,0.0
6437,29012.292536060915,8.435832268407702e6,0.0,0.0,0.0,0.0
6438,0.0,8.432414961660033e6,0.0,0.0,0.0,0.0
6439,15880.102678286245,8.428997654912364e6,0.0,0.0,0.0,0.0
6440,31760.20535657249,8.425580348164693e6,0.0,0.0,0.0,0.0
6441,47004.43772753338,8.42565968015228e6,0.0,0.0,0.0,0.0
6442,62248.67009849427,8.425739012139868e6,0.0,0.0,0.0,0.0
6443,76555.89831260843,8.429262675392197e6,0.0,0.0,0.0,0.0
6444,90863.1265267226,8.432786338644527e6,0.0,0.0,0.0,0.0
6445,104711.53901900254,8.436310001896856e6,0.0,0.0,0.0,0.0
6446,118559.95151128247,8.439833665149186e6,0.0,0.0,0.0,0.0
6447,132237.95708619416,8.443357328401515e6,0.0,0.0,0.0,0.0
6448,145915.96266110585,8.446880991653845e6,0.0,0.0,0.0,0.0
6449,160410.11487143778,8.445139979499537e6,0.0,0.0,0.0,0.0
6450,174904.26708176968,8.44339896734523e6,0.0,0.0,0.0,0.0
6451,148497.350122992,8.439981660597559e6,0.0,0.0,0.0,0.0
6452,122090.43316421431,8.43656435384989e6,0.0,0.0,0.0,0.0
6453,135492.02105749323,8.43314704710222e6,0.0,0.0,0.0,0.0
6454,148893.60895077218,8.42972974035455e6,0.0,0.0,0.0,0.0
6455,118647.52442580849,8.426312433606878e6,0.0,0.0,0.0,0.0
6456,88401.43990084481,8.422895126859209e6,0.0,0.0,0.0,0.0
6457,97986.14423626478,8.41947782011154e6,0.0,0.0,0.0,0.0
6458,107570.84857168474,8.416060513363868e6,0.0,0.0,0.0,0.0
6459,75253.31197225451,8.412643206616197e6,0.0,0.0,0.0,0.0
6460,42935.7753728243,8.409225899868527e6,0.0,0.0,0.0,0.0
6461,21467.88768641215,8.405808593120858e6,0.0,0.0,0.0,0.0
6462,0.0,8.402391286373187e6,0.0,0.0,0.0,0.0
6463,11815.774562359578,8.398973979625516e6,0.0,0.0,0.0,0.0
6464,23631.549124719157,8.395556672877846e6,0.0,0.0,0.0,0.0
6465,36895.19097184566,8.39518037791172e6,0.0,0.0,0.0,0.0
6466,50158.832818972165,8.394804082945593e6,0.0,0.0,0.0,0.0
6467,62519.4052801882,8.398327746197922e6,0.0,0.0,0.0,0.0
6468,74879.97774140423,8.401851409450252e6,0.0,0.0,0.0,0.0
6469,85637.57721877008,8.405375072702581e6,0.0,0.0,0.0,0.0
6470,96395.17669613592,8.40889873595491e6,0.0,0.0,0.0,0.0
6471,106804.29634164451,8.41242239920724e6,0.0,0.0,0.0,0.0
6472,117213.41598715312,8.41594606245957e6,0.0,0.0,0.0,0.0
6473,128913.15056956801,8.416722847318891e6,0.0,0.0,0.0,0.0
6474,140612.8851519829,8.417499632178213e6,0.0,0.0,0.0,0.0
6475,152350.704582429,8.414082325430542e6,0.0,0.0,0.0,0.0
6476,164088.5240128751,8.410665018682873e6,0.0,0.0,0.0,0.0
6477,173103.5639711351,8.407247711935204e6,0.0,0.0,0.0,0.0
6478,182118.6039293951,8.403830405187532e6,0.0,0.0,0.0,0.0
6479,189447.82829400245,8.400413098439861e6,0.0,0.0,0.0,0.0
6480,196777.0526586098,8.396995791692192e6,0.0,0.0,0.0,0.0
6481,202777.08804566265,8.393578484944522e6,0.0,0.0,0.0,0.0
6482,208777.12343271548,8.390161178196851e6,0.0,0.0,0.0,0.0
6483,214582.98071331374,8.386743871449181e6,0.0,0.0,0.0,0.0
6484,220388.837993912,8.383326564701511e6,0.0,0.0,0.0,0.0
6485,226849.56503732043,8.37990925795384e6,0.0,0.0,0.0,0.0
6486,233310.29208072883,8.37649195120617e6,0.0,0.0,0.0,0.0
6487,241324.39538438444,8.3730746444585e6,0.0,0.0,0.0,0.0
6488,249338.49868804,8.369657337710829e6,0.0,0.0,0.0,0.0
6489,258604.25905755963,8.367411884042208e6,0.0,0.0,0.0,0.0
6490,267870.01942707924,8.365166430373587e6,0.0,0.0,0.0,0.0
6491,277131.9539066859,8.368690093625916e6,0.0,0.0,0.0,0.0
6492,286393.8883862927,8.372213756878247e6,0.0,0.0,0.0,0.0
6493,295264.5368881531,8.375737420130577e6,0.0,0.0,0.0,0.0
6494,304135.18539001356,8.379261083382906e6,0.0,0.0,0.0,0.0
6495,313426.79650522675,8.382784746635236e6,0.0,0.0,0.0,0.0
6496,322718.4076204399,8.386308409887566e6,0.0,0.0,0.0,0.0
6497,333771.99211170943,8.384299926777823e6,0.0,0.0,0.0,0.0
6498,344825.576602979,8.3822914436680805e6,0.0,0.0,0.0,0.0
6499,356218.4278201347,8.37887413692041e6,0.0,0.0,0.0,0.0
6500,367611.2790372903,8.37545683017274e6,0.0,0.0,0.0,0.0
6501,377273.70495430345,8.37203952342507e6,0.0,0.0,0.0,0.0
6502,386936.13087131665,8.368622216677399e6,0.0,0.0,0.0,0.0
6503,394283.292294337,8.365204909929729e6,0.0,0.0,0.0,0.0
6504,401630.45371735736,8.361787603182059e6,0.0,0.0,0.0,0.0
6505,408335.8499032394,8.3583702964343885e6,0.0,0.0,0.0,0.0
6506,415041.2460891215,8.354952989686718e6,0.0,0.0,0.0,0.0
6507,422742.7776865448,8.351535682939048e6,0.0,0.0,0.0,0.0
6508,430444.3092839682,8.348118376191378e6,0.0,0.0,0.0,0.0
6509,442593.377435121,8.345283912106905e6,0.0,0.0,0.0,0.0
6510,454742.4455862738,8.342449448022433e6,0.0,0.0,0.0,0.0
6511,469051.2824490712,8.341175300067656e6,0.0,0.0,0.0,0.0
6512,483360.1193118685,8.339901152112878e6,0.0,0.0,0.0,0.0
6513,496659.4366165055,8.343424815365208e6,0.0,0.0,0.0,0.0
6514,509958.7539211425,8.346948478617538e6,0.0,0.0,0.0,0.0
6515,521960.94686165825,8.350472141869867e6,0.0,0.0,0.0,0.0
6516,533963.1398021741,8.353995805122198e6,0.0,0.0,0.0,0.0
6517,545229.8767833515,8.357519468374528e6,0.0,0.0,0.0,0.0
6518,556496.613764529,8.361043131626857e6,0.0,0.0,0.0,0.0
6519,567501.1276714336,8.364566794879187e6,0.0,0.0,0.0,0.0
6520,578505.6415783382,8.368090458131517e6,0.0,0.0,0.0,0.0
6521,590993.181805412,8.371614121383848e6,0.0,0.0,0.0,0.0
6522,603480.7220324859,8.375137784636177e6,0.0,0.0,0.0,0.0
6523,615891.8740978807,8.378661447888507e6,0.0,0.0,0.0,0.0
6524,628303.0261632754,8.382185111140837e6,0.0,0.0,0.0,0.0
6525,638236.5016469768,8.38196216665937e6,0.0,0.0,0.0,0.0
6526,648169.9771306782,8.381739222177903e6,0.0,0.0,0.0,0.0
6527,655631.102877619,8.385023392736854e6,0.0,0.0,0.0,0.0
6528,663092.2286245598,8.388307563295805e6,0.0,0.0,0.0,0.0
6529,670136.4648440782,8.391403916556388e6,0.0,0.0,0.0,0.0
6530,677180.7010635965,8.39450026981697e6,0.0,0.0,0.0,0.0
6531,685113.6117874382,8.391957331411185e6,0.0,0.0,0.0,0.0
6532,693046.5225112799,8.389414393005399e6,0.0,0.0,0.0,0.0
6533,705133.9139474343,8.389813862504655e6,0.0,0.0,0.0,0.0
6534,717221.3053835887,8.390213332003912e6,0.0,0.0,0.0,0.0
6535,731679.9272539356,8.393736995256241e6,0.0,0.0,0.0,0.0
6536,746138.5491242826,8.39726065850857e6,0.0,0.0,0.0,0.0
6537,760220.9843535053,8.4007843217609e6,0.0,0.0,0.0,0.0
6538,774303.4195827281,8.40430798501323e6,0.0,0.0,0.0,0.0
6539,787423.3750905131,8.40783164826556e6,0.0,0.0,0.0,0.0
6540,800543.3305982981,8.411355311517889e6,0.0,0.0,0.0,0.0
6541,813030.539572271,8.414878974770218e6,0.0,0.0,0.0,0.0
6542,825517.7485462439,8.418402638022548e6,0.0,0.0,0.0,0.0
6543,837650.7982829703,8.421926301274877e6,0.0,0.0,0.0,0.0
6544,849783.8480196968,8.425449964527206e6,0.0,0.0,0.0,0.0
6545,862313.6820599185,8.428973627779536e6,0.0,0.0,0.0,0.0
6546,874843.5161001403,8.432497291031865e6,0.0,0.0,0.0,0.0
6547,887443.62777845,8.436020954284195e6,0.0,0.0,0.0,0.0
6548,900043.7394567598,8.439544617536524e6,0.0,0.0,0.0,0.0
6549,910300.5157946413,8.443068280788854e6,0.0,0.0,0.0,0.0
6550,920557.292132523,8.446591944041183e6,0.0,0.0,0.0,0.0
6551,928770.7927519318,8.450115607293513e6,0.0,0.0,0.0,0.0
6552,936984.2933713406,8.453639270545842e6,0.0,0.0,0.0,0.0
6553,944422.289351601,8.452278179972421e6,0.0,0.0,0.0,0.0
6554,951860.2853318615,8.450917089399002e6,0.0,0.0,0.0,0.0
6555,960027.4353747172,8.45273328141211e6,0.0,0.0,0.0,0.0
6556,968194.585417573,8.454549473425215e6,0.0,0.0,0.0,0.0
6557,980410.6077924853,8.458073136677545e6,0.0,0.0,0.0,0.0
6558,992626.6301673976,8.461596799929874e6,0.0,0.0,0.0,0.0
6559,1.0065523475265861e6,8.465120463182203e6,0.0,0.0,0.0,0.0
6560,1.0204780648857746e6,8.468644126434533e6,0.0,0.0,0.0,0.0
6561,1.0333176925922511e6,8.472167789686862e6,0.0,0.0,0.0,0.0
6562,1.0461573202987277e6,8.475691452939192e6,0.0,0.0,0.0,0.0
6563,1.0577441209594307e6,8.479215116191521e6,0.0,0.0,0.0,0.0
6564,1.0693309216201338e6,8.48273877944385e6,0.0,0.0,0.0,0.0
6565,1.080064323414851e6,8.48626244269618e6,0.0,0.0,0.0,0.0
6566,1.0907977252095682e6,8.48978610594851e6,0.0,0.0,0.0,0.0
6567,1.1012266168549284e6,8.49330976920084e6,0.0,0.0,0.0,0.0
6568,1.1116555085002887e6,8.496833432453169e6,0.0,0.0,0.0,0.0
6569,1.1234144336990933e6,8.500357095705498e6,0.0,0.0,0.0,0.0
6570,1.135173358897898e6,8.503880758957827e6,0.0,0.0,0.0,0.0
6571,1.1475306227061516e6,8.500463452210158e6,0.0,0.0,0.0,0.0
6572,1.1598878865144048e6,8.497046145462487e6,0.0,0.0,0.0,0.0
6573,1.1699841706804847e6,8.493628838714816e6,0.0,0.0,0.0,0.0
6574,1.1800804548465644e6,8.490211531967146e6,0.0,0.0,0.0,0.0
6575,1.1877783934441702e6,8.488995420197893e6,0.0,0.0,0.0,0.0
6576,1.1954763320417758e6,8.48777930842864e6,0.0,0.0,0.0,0.0
6577,1.2025809336169977e6,8.485646256875249e6,0.0,0.0,0.0,0.0
6578,1.2096855351922198e6,8.483513205321858e6,0.0,0.0,0.0,0.0
6579,1.2180272075601774e6,8.482457632446848e6,0.0,0.0,0.0,0.0
6580,1.226368879928135e6,8.481402059571836e6,0.0,0.0,0.0,0.0
6581,1.2387330126311341e6,8.482057184692383e6,0.0,0.0,0.0,0.0
6582,1.2510971453341334e6,8.48271230981293e6,0.0,0.0,0.0,0.0
6583,1.2650905351867517e6,8.481155891622983e6,0.0,0.0,0.0,0.0
6584,1.2790839250393698e6,8.479599473433038e6,0.0,0.0,0.0,0.0
6585,1.2922961721736565e6,8.481188163956087e6,0.0,0.0,0.0,0.0
6586,1.305508419307943e6,8.482776854479138e6,0.0,0.0,0.0,0.0
6587,1.317275516501499e6,8.486718289905027e6,0.0,0.0,0.0,0.0
6588,1.3290426136950552e6,8.490659725330915e6,0.0,0.0,0.0,0.0
6589,1.3395281706362052e6,8.494601160756804e6,0.0,0.0,0.0,0.0
6590,1.3500137275773552e6,8.498542596182693e6,0.0,0.0,0.0,0.0
6591,1.360220651183342e6,8.502484031608582e6,0.0,0.0,0.0,0.0
6592,1.370427574789329e6,8.50642546703447e6,0.0,0.0,0.0,0.0
6593,1.3820706522186422e6,8.50342593246036e6,0.0,0.0,0.0,0.0
6594,1.3937137296479556e6,8.500426397886248e6,0.0,0.0,0.0,0.0
6595,1.4055921402529455e6,8.497426863312136e6,0.0,0.0,0.0,0.0
6596,1.4174705508579356e6,8.494427328738026e6,0.0,0.0,0.0,0.0
6597,1.4276882728218143e6,8.491427794163916e6,0.0,0.0,0.0,0.0
6598,1.437905994785693e6,8.488428259589804e6,0.0,0.0,0.0,0.0
6599,1.4453328629584329e6,8.485428725015692e6,0.0,0.0,0.0,0.0
6600,1.4527597311311727e6,8.482429190441582e6,0.0,0.0,0.0,0.0
6601,1.4414838277035737e6,8.479429655867472e6,0.0,0.0,0.0,0.0
6602,1.4302079242759745e6,8.47643012129336e6,0.0,0.0,0.0,0.0
6603,1.4150317762205703e6,8.473430586719248e6,0.0,0.0,0.0,0.0
6604,1.3998556281651664e6,8.470431052145138e6,0.0,0.0,0.0,0.0
6605,1.3684998528676978e6,8.467431517571028e6,0.0,0.0,0.0,0.0
6606,1.3371440775702293e6,8.464431982996916e6,0.0,0.0,0.0,0.0
6607,1.3486281343689905e6,8.461432448422804e6,0.0,0.0,0.0,0.0
6608,1.3601121911677518e6,8.458432913848694e6,0.0,0.0,0.0,0.0
6609,1.371162983347802e6,8.457162678654514e6,0.0,0.0,0.0,0.0
6610,1.3822137755278524e6,8.455892443460334e6,0.0,0.0,0.0,0.0
6611,1.3926866221836284e6,8.459833878886223e6,0.0,0.0,0.0,0.0
6612,1.4031594688394044e6,8.463775314312112e6,0.0,0.0,0.0,0.0
6613,1.4129846621614196e6,8.467716749738e6,0.0,0.0,0.0,0.0
6614,1.422809855483435e6,8.47165818516389e6,0.0,0.0,0.0,0.0
6615,1.433147064132848e6,8.475599620589778e6,0.0,0.0,0.0,0.0
6616,1.443484272782261e6,8.479541056015667e6,0.0,0.0,0.0,0.0
6617,1.4137986123976186e6,8.48101020771571e6,0.0,0.0,0.0,0.0
6618,1.3841129520129762e6,8.482479359415755e6,0.0,0.0,0.0,0.0
6619,1.3544796675443966e6,8.479479824841645e6,0.0,0.0,0.0,0.0
6620,1.324846383075817e6,8.476480290267533e6,0.0,0.0,0.0,0.0
6621,1.2942283755393047e6,8.47348075569342e6,0.0,0.0,0.0,0.0
6622,1.2636103680027924e6,8.47048122111931e6,0.0,0.0,0.0,0.0
6623,1.2567253726152114e6,8.4674816865452e6,0.0,0.0,0.0,0.0
6624,1.2498403772276305e6,8.464482151971089e6,0.0,0.0,0.0,0.0
6625,1.2163378501471686e6,8.461482617396977e6,0.0,0.0,0.0,0.0
6626,1.1828353230667068e6,8.458483082822867e6,0.0,0.0,0.0,0.0
6627,1.1491398641940993e6,8.455483548248757e6,0.0,0.0,0.0,0.0
6628,1.1154444053214916e6,8.452484013674645e6,0.0,0.0,0.0,0.0
6629,1.1252035604625586e6,8.450374714636454e6,0.0,0.0,0.0,0.0
6630,1.1349627156036256e6,8.448265415598264e6,0.0,0.0,0.0,0.0
6631,1.1353156270719448e6,8.447569413485896e6,0.0,0.0,0.0,0.0
6632,1.135668538540264e6,8.446873411373528e6,0.0,0.0,0.0,0.0
6633,1.1475151634073113e6,8.450814846799416e6,0.0,0.0,0.0,0.0
6634,1.1593617882743585e6,8.454756282225305e6,0.0,0.0,0.0,0.0
6635,1.170142817099846e6,8.458697717651194e6,0.0,0.0,0.0,0.0
6636,1.1809238459253332e6,8.462639153077083e6,0.0,0.0,0.0,0.0
6637,1.1906652492543259e6,8.466580588502971e6,0.0,0.0,0.0,0.0
6638,1.2004066525833183e6,8.47052202392886e6,0.0,0.0,0.0,0.0
6639,1.2104853599567693e6,8.474463459354749e6,0.0,0.0,0.0,0.0
6640,1.22056406733022e6,8.478404894780638e6,0.0,0.0,0.0,0.0
6641,1.2321298976225606e6,8.481440554651154e6,0.0,0.0,0.0,0.0
6642,1.2436957279149015e6,8.48447621452167e6,0.0,0.0,0.0,0.0
6643,1.2137373417975074e6,8.481476679947559e6,0.0,0.0,0.0,0.0
6644,1.183778955680113e6,8.478477145373449e6,0.0,0.0,0.0,0.0
6645,1.194500190714541e6,8.475477610799339e6,0.0,0.0,0.0,0.0
6646,1.2052214257489685e6,8.472478076225227e6,0.0,0.0,0.0,0.0
6647,1.2141330376856835e6,8.469478541651115e6,0.0,0.0,0.0,0.0
6648,1.2230446496223987e6,8.466479007077005e6,0.0,0.0,0.0,0.0
6649,1.1890180536093372e6,8.463479472502895e6,0.0,0.0,0.0,0.0
6650,1.1549914575962755e6,8.460479937928783e6,0.0,0.0,0.0,0.0
6651,1.1471526116459414e6,8.45754082649555e6,0.0,0.0,0.0,0.0
6652,1.1393137656956073e6,8.45460171506232e6,0.0,0.0,0.0,0.0
6653,1.1055007758109253e6,8.453059805912618e6,0.0,0.0,0.0,0.0
6654,1.0716877859262433e6,8.451517896762917e6,0.0,0.0,0.0,0.0
6655,1.081345349691521e6,8.4485769575157e6,0.0,0.0,0.0,0.0
6656,1.0910029134567988e6,8.445636018268483e6,0.0,0.0,0.0,0.0
6657,1.1007622034413882e6,8.445586039240815e6,0.0,0.0,0.0,0.0
6658,1.1105214934259776e6,8.445536060213145e6,0.0,0.0,0.0,0.0
6659,1.1195449977439665e6,8.449477495639034e6,0.0,0.0,0.0,0.0
6660,1.1285685020619554e6,8.453418931064922e6,0.0,0.0,0.0,0.0
6661,1.137122198658574e6,8.457360366490811e6,0.0,0.0,0.0,0.0
6662,1.1456758952551922e6,8.4613018019167e6,0.0,0.0,0.0,0.0
6663,1.1544383532582351e6,8.465243237342589e6,0.0,0.0,0.0,0.0
6664,1.163200811261278e6,8.469184672768477e6,0.0,0.0,0.0,0.0
6665,1.1722328524862707e6,8.470461366634224e6,0.0,0.0,0.0,0.0
6666,1.1812648937112633e6,8.47173806049997e6,0.0,0.0,0.0,0.0
6667,1.1934585883183898e6,8.46873852592586e6,0.0,0.0,0.0,0.0
6668,1.2056522829255164e6,8.465738991351748e6,0.0,0.0,0.0,0.0
6669,1.1748054565474207e6,8.462739456777636e6,0.0,0.0,0.0,0.0
6670,1.143958630169325e6,8.459739922203526e6,0.0,0.0,0.0,0.0
6671,1.110495644546315e6,8.456740387629416e6,0.0,0.0,0.0,0.0
6672,1.077032658923305e6,8.453740853055304e6,0.0,0.0,0.0,0.0
6673,1.0838798380852388e6,8.450741318481192e6,0.0,0.0,0.0,0.0
6674,1.0907270172471728e6,8.447741783907082e6,0.0,0.0,0.0,0.0
6675,1.097996353499113e6,8.444742249332972e6,0.0,0.0,0.0,0.0
6676,1.1052656897510532e6,8.44174271475886e6,0.0,0.0,0.0,0.0
6677,1.0735922242897032e6,8.438743180184748e6,0.0,0.0,0.0,0.0
6678,1.0419187588283531e6,8.435743645610638e6,0.0,0.0,0.0,0.0
6679,1.05252099989508e6,8.433366636206392e6,0.0,0.0,0.0,0.0
6680,1.063123240961807e6,8.430989626802146e6,0.0,0.0,0.0,0.0
6681,1.0741628827131859e6,8.434931062228035e6,0.0,0.0,0.0,0.0
6682,1.0852025244645646e6,8.438872497653924e6,0.0,0.0,0.0,0.0
6683,1.095420639496264e6,8.442813933079813e6,0.0,0.0,0.0,0.0
6684,1.1056387545279635e6,8.446755368505701e6,0.0,0.0,0.0,0.0
6685,1.114823592050773e6,8.45069680393159e6,0.0,0.0,0.0,0.0
6686,1.1240084295735825e6,8.454638239357479e6,0.0,0.0,0.0,0.0
6687,1.1335146798616454e6,8.458579674783368e6,0.0,0.0,0.0,0.0
6688,1.1430209301497084e6,8.462521110209256e6,0.0,0.0,0.0,0.0
6689,1.1136690816602514e6,8.464450090978261e6,0.0,0.0,0.0,0.0
6690,1.0843172331707943e6,8.466379071747264e6,0.0,0.0,0.0,0.0
6691,1.0855089018537817e6,8.463379537173152e6,0.0,0.0,0.0,0.0
6692,1.0867005705367692e6,8.460380002599042e6,0.0,0.0,0.0,0.0
6693,1.0968866839352713e6,8.457380468024932e6,0.0,0.0,0.0,0.0
6694,1.1070727973337735e6,8.45438093345082e6,0.0,0.0,0.0,0.0
6695,1.114746246923549e6,8.451381398876708e6,0.0,0.0,0.0,0.0
6696,1.122419696513325e6,8.448381864302598e6,0.0,0.0,0.0,0.0
6697,1.0939781282302306e6,8.445382329728488e6,0.0,0.0,0.0,0.0
6698,1.0655365599471363e6,8.442382795154376e6,0.0,0.0,0.0,0.0
6699,1.0343495973304204e6,8.439383260580264e6,0.0,0.0,0.0,0.0
6700,1.0031626347137045e6,8.436383726006154e6,0.0,0.0,0.0,0.0
6701,1.0148558537870885e6,8.433384191432044e6,0.0,0.0,0.0,0.0
6702,1.0265490728604725e6,8.430384656857932e6,0.0,0.0,0.0,0.0
6703,1.0403964707832988e6,8.430184164169576e6,0.0,0.0,0.0,0.0
6704,1.054243868706125e6,8.42998367148122e6,0.0,0.0,0.0,0.0
6705,1.0671019229263389e6,8.433925106907109e6,0.0,0.0,0.0,0.0
6706,1.0799599771465529e6,8.437866542332998e6,0.0,0.0,0.0,0.0
6707,1.0915305100496283e6,8.441807977758886e6,0.0,0.0,0.0,0.0
6708,1.1031010429527038e6,8.445749413184775e6,0.0,0.0,0.0,0.0
6709,1.1143932505287328e6,8.449690848610664e6,0.0,0.0,0.0,0.0
6710,1.1256854581047618e6,8.453632284036553e6,0.0,0.0,0.0,0.0
6711,1.136636248979623e6,8.457573719462441e6,0.0,0.0,0.0,0.0
6712,1.1475870398544844e6,8.46151515488833e6,0.0,0.0,0.0,0.0
6713,1.1593793770535318e6,8.465456590314219e6,0.0,0.0,0.0,0.0
6714,1.1711717142525795e6,8.469398025740108e6,0.0,0.0,0.0,0.0
6715,1.1830535928081418e6,8.47198787917375e6,0.0,0.0,0.0,0.0
6716,1.194935471363704e6,8.474577732607393e6,0.0,0.0,0.0,0.0
6717,1.2047400426346217e6,8.476450047100076e6,0.0,0.0,0.0,0.0
6718,1.2145446139055397e6,8.47832236159276e6,0.0,0.0,0.0,0.0
6719,1.221402847781288e6,8.480019191300143e6,0.0,0.0,0.0,0.0
6720,1.228261081657036e6,8.481716021007527e6,0.0,0.0,0.0,0.0
6721,1.1927904663937194e6,8.483306035157125e6,0.0,0.0,0.0,0.0
6722,1.1573198511304026e6,8.484896049306726e6,0.0,0.0,0.0,0.0
6723,1.1227106673341352e6,8.487869839276273e6,0.0,0.0,0.0,0.0
6724,1.0881014835378677e6,8.49084362924582e6,0.0,0.0,0.0,0.0
6725,1.0577734643133595e6,8.494785064671708e6,0.0,0.0,0.0,0.0
6726,1.0274454450888515e6,8.498726500097597e6,0.0,0.0,0.0,0.0
6727,1.0210447651528992e6,8.502667935523486e6,0.0,0.0,0.0,0.0
6728,1.0146440852169469e6,8.506609370949375e6,0.0,0.0,0.0,0.0
6729,1.0274032312994837e6,8.510550806375263e6,0.0,0.0,0.0,0.0
6730,1.0401623773820203e6,8.514492241801152e6,0.0,0.0,0.0,0.0
6731,1.0521678156205935e6,8.51843367722704e6,0.0,0.0,0.0,0.0
6732,1.0641732538591668e6,8.52237511265293e6,0.0,0.0,0.0,0.0
6733,1.0758355532557059e6,8.526316548078818e6,0.0,0.0,0.0,0.0
6734,1.087497852652245e6,8.530257983504707e6,0.0,0.0,0.0,0.0
6735,1.0987300466769384e6,8.534199418930596e6,0.0,0.0,0.0,0.0
6736,1.109962240701632e6,8.538140854356484e6,0.0,0.0,0.0,0.0
6737,1.0799154557300573e6,8.542082289782373e6,0.0,0.0,0.0,0.0
6738,1.0498686707584828e6,8.546023725208262e6,0.0,0.0,0.0,0.0
6739,1.0201800959764444e6,8.54302419063415e6,0.0,0.0,0.0,0.0
6740,990491.521194406,8.54002465606004e6,0.0,0.0,0.0,0.0
6741,959155.2792203823,8.53702512148593e6,0.0,0.0,0.0,0.0
6742,927819.0372463587,8.534025586911818e6,0.0,0.0,0.0,0.0
6743,894150.6503612958,8.531026052337706e6,0.0,0.0,0.0,0.0
6744,860482.2634762328,8.528026517763596e6,0.0,0.0,0.0,0.0
6745,826468.0723941908,8.526682097445456e6,0.0,0.0,0.0,0.0
6746,792453.881312149,8.525337677127317e6,0.0,0.0,0.0,0.0
6747,759189.4966953096,8.523993256809177e6,0.0,0.0,0.0,0.0
6748,725925.1120784704,8.522648836491037e6,0.0,0.0,0.0,0.0
6749,696060.663855216,8.522219264117274e6,0.0,0.0,0.0,0.0
6750,666196.2156319617,8.521789691743514e6,0.0,0.0,0.0,0.0
6751,668620.7715118495,8.521215656815473e6,0.0,0.0,0.0,0.0
6752,671045.3273917374,8.520641621887432e6,0.0,0.0,0.0,0.0
6753,683714.084213913,8.526096291672934e6,0.0,0.0,0.0,0.0
6754,696382.8410360884,8.531550961458433e6,0.0,0.0,0.0,0.0
6755,708192.1087201496,8.537147511140294e6,0.0,0.0,0.0,0.0
6756,720001.3764042109,8.542744060822153e6,0.0,0.0,0.0,0.0
6757,731617.0301013025,8.548340610504013e6,0.0,0.0,0.0,0.0
6758,743232.6837983942,8.553937160185874e6,0.0,0.0,0.0,0.0
6759,754848.5064341996,8.559533709867734e6,0.0,0.0,0.0,0.0
6760,766464.329070005,8.565130259549594e6,0.0,0.0,0.0,0.0
6761,737060.7312372148,8.570726809231453e6,0.0,0.0,0.0,0.0
6762,707657.1334044245,8.576323358913314e6,0.0,0.0,0.0,0.0
6763,678621.3174362732,8.574978938595174e6,0.0,0.0,0.0,0.0
6764,649585.5014681219,8.573634518277034e6,0.0,0.0,0.0,0.0
6765,619073.714287723,8.572290097958894e6,0.0,0.0,0.0,0.0
6766,588561.9271073241,8.570945677640755e6,0.0,0.0,0.0,0.0
6767,556027.2038030584,8.569601257322615e6,0.0,0.0,0.0,0.0
6768,523492.48049879266,8.568256837004475e6,0.0,0.0,0.0,0.0
6769,490449.6811369326,8.566912416686336e6,0.0,0.0,0.0,0.0
6770,457406.88177507254,8.565567996368196e6,0.0,0.0,0.0,0.0
6771,425229.77976197854,8.564223576050056e6,0.0,0.0,0.0,0.0
6772,393052.6777488846,8.562879155731916e6,0.0,0.0,0.0,0.0
6773,364137.41461023013,8.563699574968748e6,0.0,0.0,0.0,0.0
6774,335222.1514715757,8.56451999420558e6,0.0,0.0,0.0,0.0
6775,349330.22069228155,8.565522750074234e6,0.0,0.0,0.0,0.0
6776,363438.2899129874,8.566525505942889e6,0.0,0.0,0.0,0.0
6777,376579.3592276231,8.57212205562475e6,0.0,0.0,0.0,0.0
6778,389720.42854225886,8.577718605306609e6,0.0,0.0,0.0,0.0
6779,402214.78964647197,8.583315154988468e6,0.0,0.0,0.0,0.0
6780,414709.1507506851,8.588911704670329e6,0.0,0.0,0.0,0.0
6781,426215.3899718182,8.59450825435219e6,0.0,0.0,0.0,0.0
6782,437721.62919295125,8.600104804034049e6,0.0,0.0,0.0,0.0
6783,449082.83329824073,8.605701353715908e6,0.0,0.0,0.0,0.0
6784,460444.0374035302,8.611297903397769e6,0.0,0.0,0.0,0.0
6785,472761.4521028261,8.61689445307963e6,0.0,0.0,0.0,0.0
6786,485078.86680212204,8.622491002761489e6,0.0,0.0,0.0,0.0
6787,497862.8123534868,8.621146582443349e6,0.0,0.0,0.0,0.0
6788,510646.7579048516,8.61980216212521e6,0.0,0.0,0.0,0.0
6789,521769.19954052684,8.61845774180707e6,0.0,0.0,0.0,0.0
6790,532891.6411762021,8.61711332148893e6,0.0,0.0,0.0,0.0
6791,541500.722249808,8.61576890117079e6,0.0,0.0,0.0,0.0
6792,550109.8033234138,8.61442448085265e6,0.0,0.0,0.0,0.0
6793,557794.6823101069,8.61308006053451e6,0.0,0.0,0.0,0.0
6794,565479.5612968002,8.611735640216371e6,0.0,0.0,0.0,0.0
6795,573178.3807619642,8.611182896357868e6,0.0,0.0,0.0,0.0
6796,580877.2002271283,8.610630152499367e6,0.0,0.0,0.0,0.0
6797,589921.558140185,8.613020507799797e6,0.0,0.0,0.0,0.0
6798,598965.9160532415,8.615410863100229e6,0.0,0.0,0.0,0.0
6799,609818.672149312,8.618944182889719e6,0.0,0.0,0.0,0.0
6800,620671.4282453825,8.62247750267921e6,0.0,0.0,0.0,0.0
6801,631252.4135120302,8.628074052361071e6,0.0,0.0,0.0,0.0
6802,641833.3987786779,8.63367060204293e6,0.0,0.0,0.0,0.0
6803,650407.7019046128,8.63926715172479e6,0.0,0.0,0.0,0.0
6804,658982.0050305477,8.64486370140665e6,0.0,0.0,0.0,0.0
6805,666606.2813344051,8.650460251088511e6,0.0,0.0,0.0,0.0
6806,674230.5576382623,8.65605680077037e6,0.0,0.0,0.0,0.0
6807,681808.0763755459,8.66165335045223e6,0.0,0.0,0.0,0.0
6808,689385.5951128295,8.66724990013409e6,0.0,0.0,0.0,0.0
6809,697897.1702389382,8.672846449815951e6,0.0,0.0,0.0,0.0
6810,706408.7453650468,8.67844299949781e6,0.0,0.0,0.0,0.0
6811,716014.5671058756,8.67709857917967e6,0.0,0.0,0.0,0.0
6812,725620.3888467045,8.675754158861531e6,0.0,0.0,0.0,0.0
6813,733877.6853776276,8.674409738543391e6,0.0,0.0,0.0,0.0
6814,742134.9819085507,8.673065318225252e6,0.0,0.0,0.0,0.0
6815,748770.6669707708,8.671720897907112e6,0.0,0.0,0.0,0.0
6816,755406.3520329908,8.670376477588972e6,0.0,0.0,0.0,0.0
6817,761121.9486687307,8.669219008125998e6,0.0,0.0,0.0,0.0
6818,766837.5453044707,8.668061538663022e6,0.0,0.0,0.0,0.0
6819,772290.0914023463,8.670519175281037e6,0.0,0.0,0.0,0.0
6820,777742.637500222,8.672976811899053e6,0.0,0.0,0.0,0.0
6821,783422.0759623436,8.677534245134238e6,0.0,0.0,0.0,0.0
6822,789101.5144244652,8.682091678369422e6,0.0,0.0,0.0,0.0
6823,795985.148360851,8.686399477564761e6,0.0,0.0,0.0,0.0
6824,802868.7822972367,8.690707276760101e6,0.0,0.0,0.0,0.0
6825,810427.6873706228,8.696303826441962e6,0.0,0.0,0.0,0.0
6826,817986.5924440088,8.701900376123821e6,0.0,0.0,0.0,0.0
6827,824871.738952333,8.70749692580568e6,0.0,0.0,0.0,0.0
6828,831756.8854606572,8.713093475487541e6,0.0,0.0,0.0,0.0
6829,838142.3587279766,8.718690025169402e6,0.0,0.0,0.0,0.0
6830,844527.831995296,8.724286574851261e6,0.0,0.0,0.0,0.0
6831,851201.9277839169,8.72988312453312e6,0.0,0.0,0.0,0.0
6832,857876.023572538,8.735479674214981e6,0.0,0.0,0.0,0.0
6833,866295.1854412425,8.741076223896842e6,0.0,0.0,0.0,0.0
6834,874714.347309947,8.746672773578702e6,0.0,0.0,0.0,0.0
6835,884342.2449278653,8.75226932326056e6,0.0,0.0,0.0,0.0
6836,893970.1425457837,8.757865872942422e6,0.0,0.0,0.0,0.0
6837,902222.3397355794,8.763462422624283e6,0.0,0.0,0.0,0.0
6838,910474.5369253753,8.769058972306142e6,0.0,0.0,0.0,0.0
6839,916520.0680846734,8.774655521988e6,0.0,0.0,0.0,0.0
6840,922565.5992439714,8.780252071669862e6,0.0,0.0,0.0,0.0
6841,928172.9306330268,8.785848621351723e6,0.0,0.0,0.0,0.0
6842,933780.2620220821,8.791445171033582e6,0.0,0.0,0.0,0.0
6843,940096.001143967,8.79704172071544e6,0.0,0.0,0.0,0.0
6844,946411.740265852,8.802638270397302e6,0.0,0.0,0.0,0.0
6845,956969.761927068,8.808234820079163e6,0.0,0.0,0.0,0.0
6846,967527.7835882842,8.813831369761022e6,0.0,0.0,0.0,0.0
6847,979241.6953684763,8.81942791944288e6,0.0,0.0,0.0,0.0
6848,990955.6071486685,8.825024469124742e6,0.0,0.0,0.0,0.0
6849,1.0018311795873463e6,8.830621018806603e6,0.0,0.0,0.0,0.0
6850,1.0127067520260242e6,8.836217568488462e6,0.0,0.0,0.0,0.0
6851,1.0226039625894227e6,8.841814118170321e6,0.0,0.0,0.0,0.0
6852,1.0325011731528211e6,8.847410667852182e6,0.0,0.0,0.0,0.0
6853,1.0420481097248932e6,8.853007217534043e6,0.0,0.0,0.0,0.0
6854,1.0515950462969653e6,8.858603767215902e6,0.0,0.0,0.0,0.0
6855,1.0612876474564504e6,8.864200316897761e6,0.0,0.0,0.0,0.0
6856,1.0709802486159354e6,8.869796866579622e6,0.0,0.0,0.0,0.0
6857,1.0818814041383055e6,8.875393416261483e6,0.0,0.0,0.0,0.0
6858,1.0927825596606755e6,8.880989965943342e6,0.0,0.0,0.0,0.0
6859,1.1047242657591267e6,8.886586515625201e6,0.0,0.0,0.0,0.0
6860,1.1166659718575783e6,8.892183065307062e6,0.0,0.0,0.0,0.0
6861,1.127170966773423e6,8.897779614988923e6,0.0,0.0,0.0,0.0
6862,1.1376759616892675e6,8.903376164670782e6,0.0,0.0,0.0,0.0
6863,1.1457339577274974e6,8.908972714352641e6,0.0,0.0,0.0,0.0
6864,1.1537919537657276e6,8.914569264034502e6,0.0,0.0,0.0,0.0
6865,1.161465570006605e6,8.920165813716363e6,0.0,0.0,0.0,0.0
6866,1.1691391862474824e6,8.925762363398222e6,0.0,0.0,0.0,0.0
6867,1.177724243059964e6,8.931358913080081e6,0.0,0.0,0.0,0.0
6868,1.1863092998724452e6,8.936955462761942e6,0.0,0.0,0.0,0.0
6869,1.1985559671655642e6,8.942552012443803e6,0.0,0.0,0.0,0.0
6870,1.2108026344586834e6,8.948148562125662e6,0.0,0.0,0.0,0.0
6871,1.2242642025306276e6,8.953745111807521e6,0.0,0.0,0.0,0.0
6872,1.2377257706025718e6,8.959341661489382e6,0.0,0.0,0.0,0.0
6873,1.2504916249609713e6,8.964938211171243e6,0.0,0.0,0.0,0.0
6874,1.2632574793193708e6,8.970534760853102e6,0.0,0.0,0.0,0.0
6875,1.2751071061595585e6,8.976131310534962e6,0.0,0.0,0.0,0.0
6876,1.2869567329997465e6,8.981727860216822e6,0.0,0.0,0.0,0.0
6877,1.2983271379018007e6,8.987324409898683e6,0.0,0.0,0.0,0.0
6878,1.3096975428038547e6,8.992920959580543e6,0.0,0.0,0.0,0.0
6879,1.321138242312281e6,8.998517509262402e6,0.0,0.0,0.0,0.0
6880,1.3325789418207074e6,9.004114058944263e6,0.0,0.0,0.0,0.0
6881,1.3447281260222262e6,9.009710608626124e6,0.0,0.0,0.0,0.0
6882,1.3568773102237447e6,9.015307158307983e6,0.0,0.0,0.0,0.0
6883,1.3690934055305454e6,9.020903707989842e6,0.0,0.0,0.0,0.0
6884,1.3813095008373458e6,9.026500257671703e6,0.0,0.0,0.0,0.0
6885,1.3912878972176989e6,9.032096807353564e6,0.0,0.0,0.0,0.0
6886,1.4012662935980516e6,9.037693357035423e6,0.0,0.0,0.0,0.0
6887,1.4086264632634488e6,9.043289906717282e6,0.0,0.0,0.0,0.0
6888,1.4159866329288457e6,9.048886456399143e6,0.0,0.0,0.0,0.0
6889,1.4008815871081837e6,9.047542036081003e6,0.0,0.0,0.0,0.0
6890,1.3857765412875214e6,9.046197615762863e6,0.0,0.0,0.0,0.0
6891,1.3631538084708634e6,9.044853195444724e6,0.0,0.0,0.0,0.0
6892,1.3405310756542056e6,9.043508775126584e6,0.0,0.0,0.0,0.0
6893,1.3108946877880895e6,9.042164354808444e6,0.0,0.0,0.0,0.0
6894,1.2812582999219734e6,9.040819934490304e6,0.0,0.0,0.0,0.0
6895,1.2951369522807905e6,9.039475514172165e6,0.0,0.0,0.0,0.0
6896,1.3090156046396077e6,9.038131093854025e6,0.0,0.0,0.0,0.0
6897,1.3217799772354309e6,9.037347314822253e6,0.0,0.0,0.0,0.0
6898,1.3345443498312542e6,9.03656353579048e6,0.0,0.0,0.0,0.0
6899,1.3459914504777573e6,9.042160085472342e6,0.0,0.0,0.0,0.0
6900,1.3574385511242603e6,9.0477566351542e6,0.0,0.0,0.0,0.0
6901,1.3683323948686235e6,9.049611847298224e6,0.0,0.0,0.0,0.0
6902,1.3792262386129866e6,9.051467059442244e6,0.0,0.0,0.0,0.0
6903,1.389754279408372e6,9.054276222864747e6,0.0,0.0,0.0,0.0
6904,1.4002823202037571e6,9.057085386287251e6,0.0,0.0,0.0,0.0
6905,1.401934821294087e6,9.055740965969112e6,0.0,0.0,0.0,0.0
6906,1.4035873223844166e6,9.054396545650972e6,0.0,0.0,0.0,0.0
6907,1.4136581872298499e6,9.053052125332832e6,0.0,0.0,0.0,0.0
6908,1.4237290520752831e6,9.051707705014693e6,0.0,0.0,0.0,0.0
6909,1.4332562562716808e6,9.050363284696553e6,0.0,0.0,0.0,0.0
6910,1.4427834604680787e6,9.049018864378413e6,0.0,0.0,0.0,0.0
6911,1.428650515071773e6,9.047674444060273e6,0.0,0.0,0.0,0.0
6912,1.414517569675467e6,9.046330023742134e6,0.0,0.0,0.0,0.0
6913,1.4212474556236968e6,9.04318208934409e6,0.0,0.0,0.0,0.0
6914,1.4279773415719266e6,9.040034154946046e6,0.0,0.0,0.0,0.0
6915,1.4356991545932472e6,9.036886220548002e6,0.0,0.0,0.0,0.0
6916,1.4434209676145678e6,9.033738286149958e6,0.0,0.0,0.0,0.0
6917,1.455092135266971e6,9.030590351751914e6,0.0,0.0,0.0,0.0
6918,1.4667633029193743e6,9.02744241735387e6,0.0,0.0,0.0,0.0
6919,1.4801883399391144e6,9.024294482955826e6,0.0,0.0,0.0,0.0
6920,1.4936133769588545e6,9.021146548557783e6,0.0,0.0,0.0,0.0
6921,1.5062401760094827e6,9.017998614159739e6,0.0,0.0,0.0,0.0
6922,1.5188669750601111e6,9.014850679761695e6,0.0,0.0,0.0,0.0
6923,1.5301197653188196e6,9.01170274536365e6,0.0,0.0,0.0,0.0
6924,1.541372555577528e6,9.008554810965607e6,0.0,0.0,0.0,0.0
6925,1.55213785432005e6,9.012347846567564e6,0.0,0.0,0.0,0.0
6926,1.562903153062572e6,9.016140882169519e6,0.0,0.0,0.0,0.0
6927,1.5735233970523635e6,9.018706675895978e6,0.0,0.0,0.0,0.0
6928,1.5841436410421547e6,9.021272469622435e6,0.0,0.0,0.0,0.0
6929,1.5559424830919765e6,9.018124535224391e6,0.0,0.0,0.0,0.0
6930,1.5277413251417985e6,9.014976600826347e6,0.0,0.0,0.0,0.0
6931,1.5399230823788005e6,9.011828666428303e6,0.0,0.0,0.0,0.0
6932,1.5521048396158025e6,9.00868073203026e6,0.0,0.0,0.0,0.0
6933,1.5623160409491453e6,9.005532797632216e6,0.0,0.0,0.0,0.0
6934,1.5725272422824882e6,9.002384863234172e6,0.0,0.0,0.0,0.0
6935,1.560465380379107e6,8.999236928836128e6,0.0,0.0,0.0,0.0
6936,1.548403518475726e6,8.996088994438084e6,0.0,0.0,0.0,0.0
6937,1.5561271313465233e6,8.99294106004004e6,0.0,0.0,0.0,0.0
6938,1.5638507442173203e6,8.989793125641996e6,0.0,0.0,0.0,0.0
6939,1.5725288934663674e6,8.986645191243952e6,0.0,0.0,0.0,0.0
6940,1.5812070427154144e6,8.983497256845908e6,0.0,0.0,0.0,0.0
6941,1.5937475377608908e6,8.980349322447864e6,0.0,0.0,0.0,0.0
6942,1.6062880328063671e6,8.97720138804982e6,0.0,0.0,0.0,0.0
6943,1.620634066114386e6,8.974053453651777e6,0.0,0.0,0.0,0.0
6944,1.634980099422405e6,8.970905519253733e6,0.0,0.0,0.0,0.0
6945,1.6488518969819038e6,8.967757584855689e6,0.0,0.0,0.0,0.0
6946,1.6627236945414029e6,8.964609650457645e6,0.0,0.0,0.0,0.0
6947,1.6753489689947846e6,8.965811007916026e6,0.0,0.0,0.0,0.0
6948,1.6879742434481664e6,8.967012365374407e6,0.0,0.0,0.0,0.0
6949,1.6995162962666547e6,8.970805400976364e6,0.0,0.0,0.0,0.0
6950,1.711058349085143e6,8.974598436578318e6,0.0,0.0,0.0,0.0
6951,1.7221734307936598e6,8.975453732573051e6,0.0,0.0,0.0,0.0
6952,1.7332885125021765e6,8.976309028567785e6,0.0,0.0,0.0,0.0
6953,1.7450415885743431e6,8.97582689813777e6,0.0,0.0,0.0,0.0
6954,1.7567946646465098e6,8.975344767707754e6,0.0,0.0,0.0,0.0
6955,1.7688305602270402e6,8.97219683330971e6,0.0,0.0,0.0,0.0
6956,1.7808664558075704e6,8.969048898911666e6,0.0,0.0,0.0,0.0
6957,1.791582325745849e6,8.965900964513622e6,0.0,0.0,0.0,0.0
6958,1.8022981956841273e6,8.962753030115578e6,0.0,0.0,0.0,0.0
6959,1.811173726142913e6,8.959605095717534e6,0.0,0.0,0.0,0.0
6960,1.8200492566016987e6,8.95645716131949e6,0.0,0.0,0.0,0.0
6961,1.7969554913675091e6,8.953309226921447e6,0.0,0.0,0.0,0.0
6962,1.7738617261333195e6,8.950161292523403e6,0.0,0.0,0.0,0.0
6963,1.7824582215816865e6,8.947013358125359e6,0.0,0.0,0.0,0.0
6964,1.7910547170300535e6,8.943865423727315e6,0.0,0.0,0.0,0.0
6965,1.8006616313964215e6,8.940717489329271e6,0.0,0.0,0.0,0.0
6966,1.8102685457627894e6,8.937569554931227e6,0.0,0.0,0.0,0.0
6967,1.8213308239344638e6,8.934976920410242e6,0.0,0.0,0.0,0.0
6968,1.8323931021061384e6,8.932384285889255e6,0.0,0.0,0.0,0.0
6969,1.8430583479629098e6,8.936177321491212e6,0.0,0.0,0.0,0.0
6970,1.8537235938196813e6,8.939970357093167e6,0.0,0.0,0.0,0.0
6971,1.8635596396182035e6,8.943763392695121e6,0.0,0.0,0.0,0.0
6972,1.8733956854167255e6,8.947556428297078e6,0.0,0.0,0.0,0.0
6973,1.8825235605440887e6,8.951349463899035e6,0.0,0.0,0.0,0.0
6974,1.891651435671452e6,8.95514249950099e6,0.0,0.0,0.0,0.0
6975,1.9010833536564028e6,8.958935535102945e6,0.0,0.0,0.0,0.0
6976,1.9105152716413538e6,8.962728570704902e6,0.0,0.0,0.0,0.0
6977,1.9212135270353898e6,8.966521606306858e6,0.0,0.0,0.0,0.0
6978,1.9319117824294257e6,8.970314641908813e6,0.0,0.0,0.0,0.0
6979,1.9430498312191027e6,8.96716670751077e6,0.0,0.0,0.0,0.0
6980,1.9541878800087797e6,8.964018773112725e6,0.0,0.0,0.0,0.0
6981,1.964276409984478e6,8.960870838714682e6,0.0,0.0,0.0,0.0
6982,1.9743649399601764e6,8.957722904316638e6,0.0,0.0,0.0,0.0
6983,1.9684368840058018e6,8.954574969918594e6,0.0,0.0,0.0,0.0
6984,1.9625088280514274e6,8.95142703552055e6,0.0,0.0,0.0,0.0
6985,1.9692260374104795e6,8.948279101122506e6,0.0,0.0,0.0,0.0
6986,1.9759432467695316e6,8.945131166724462e6,0.0,0.0,0.0,0.0
6987,1.9823235349715217e6,8.941983232326418e6,0.0,0.0,0.0,0.0
6988,1.9887038231735118e6,8.938835297928374e6,0.0,0.0,0.0,0.0
6989,1.9954573556739965e6,8.93568736353033e6,0.0,0.0,0.0,0.0
6990,2.0022108881744812e6,8.932539429132286e6,0.0,0.0,0.0,0.0
6991,2.0105013629510878e6,8.929391494734243e6,0.0,0.0,0.0,0.0
6992,2.0187918377276943e6,8.926243560336199e6,0.0,0.0,0.0,0.0
6993,2.0275725710248486e6,8.930036595938154e6,0.0,0.0,0.0,0.0
6994,2.0363533043220027e6,8.93382963154011e6,0.0,0.0,0.0,0.0
6995,2.0446572674735195e6,8.937622667142067e6,0.0,0.0,0.0,0.0
6996,2.0529612306250364e6,8.941415702744022e6,0.0,0.0,0.0,0.0
6997,2.0608012565048074e6,8.945208738345977e6,0.0,0.0,0.0,0.0
6998,2.0686412823845784e6,8.949001773947934e6,0.0,0.0,0.0,0.0
6999,2.076792114525129e6,8.95279480954989e6,0.0,0.0,0.0,0.0
7000,2.0849429466656796e6,8.956587845151845e6,0.0,0.0,0.0,0.0
7001,2.0945485452389002e6,8.9603808807538e6,0.0,0.0,0.0,0.0
7002,2.104154143812121e6,8.964173916355757e6,0.0,0.0,0.0,0.0
7003,2.114323846063968e6,8.961025981957713e6,0.0,0.0,0.0,0.0
7004,2.1244935483158147e6,8.95787804755967e6,0.0,0.0,0.0,0.0
7005,2.1335823149901074e6,8.954730113161625e6,0.0,0.0,0.0,0.0
7006,2.1426710816644e6,8.951582178763581e6,0.0,0.0,0.0,0.0
7007,2.149547972144481e6,8.948434244365538e6,0.0,0.0,0.0,0.0
7008,2.156424862624561e6,8.945286309967494e6,0.0,0.0,0.0,0.0
7009,2.1630587267811634e6,8.94213837556945e6,0.0,0.0,0.0,0.0
7010,2.1696925909377662e6,8.938990441171406e6,0.0,0.0,0.0,0.0
7011,2.1773064946420407e6,8.935842506773362e6,0.0,0.0,0.0,0.0
7012,2.184920398346315e6,8.932694572375318e6,0.0,0.0,0.0,0.0
7013,2.1966726481651063e6,8.929546637977274e6,0.0,0.0,0.0,0.0
7014,2.2084248979838975e6,8.92639870357923e6,0.0,0.0,0.0,0.0
7015,2.2219303060202315e6,8.923250769181186e6,0.0,0.0,0.0,0.0
7016,2.2354357140565654e6,8.920102834783142e6,0.0,0.0,0.0,0.0
7017,2.2483763079373473e6,8.9238958703851e6,0.0,0.0,0.0,0.0
7018,2.261316901818129e6,8.927688905987054e6,0.0,0.0,0.0,0.0
7019,2.2731043455492314e6,8.931481941589009e6,0.0,0.0,0.0,0.0
7020,2.284891789280334e6,8.935274977190966e6,0.0,0.0,0.0,0.0
7021,2.2961049629797405e6,8.939068012792923e6,0.0,0.0,0.0,0.0
7022,2.3073181366791464e6,8.942861048394877e6,0.0,0.0,0.0,0.0
7023,2.3182304514162987e6,8.946654083996832e6,0.0,0.0,0.0,0.0
7024,2.3291427661534515e6,8.95044711959879e6,0.0,0.0,0.0,0.0
7025,2.306045674289068e6,8.954240155200746e6,0.0,0.0,0.0,0.0
7026,2.2829485824246854e6,8.9580331908027e6,0.0,0.0,0.0,0.0
7027,2.277973693956513e6,8.954885256404657e6,0.0,0.0,0.0,0.0
7028,2.272998805488341e6,8.951737322006613e6,0.0,0.0,0.0,0.0
7029,2.282606923161356e6,8.94858938760857e6,0.0,0.0,0.0,0.0
7030,2.2922150408343705e6,8.945441453210525e6,0.0,0.0,0.0,0.0
7031,2.2610460291086463e6,8.942293518812481e6,0.0,0.0,0.0,0.0
7032,2.2298770173829217e6,8.939145584414437e6,0.0,0.0,0.0,0.0
7033,2.236377354954446e6,8.935997650016394e6,0.0,0.0,0.0,0.0
7034,2.2428776925259707e6,8.93284971561835e6,0.0,0.0,0.0,0.0
7035,2.2502421625306793e6,8.929701781220306e6,0.0,0.0,0.0,0.0
7036,2.2576066325353873e6,8.926553846822262e6,0.0,0.0,0.0,0.0
7037,2.2686792264577476e6,8.923405912424218e6,0.0,0.0,0.0,0.0
7038,2.2797518203801075e6,8.920257978026174e6,0.0,0.0,0.0,0.0
7039,2.2926312262104964e6,8.920365659589201e6,0.0,0.0,0.0,0.0
7040,2.305510632040885e6,8.920473341152227e6,0.0,0.0,0.0,0.0
7041,2.3176987788245436e6,8.924266376754183e6,0.0,0.0,0.0,0.0
7042,2.329886925608203e6,8.928059412356138e6,0.0,0.0,0.0,0.0
7043,2.3411375200669495e6,8.931852447958093e6,0.0,0.0,0.0,0.0
7044,2.352388114525696e6,8.93564548356005e6,0.0,0.0,0.0,0.0
7045,2.362923974238321e6,8.939438519162007e6,0.0,0.0,0.0,0.0
7046,2.373459833950946e6,8.943231554763962e6,0.0,0.0,0.0,0.0
7047,2.3836423406450497e6,8.947024590365916e6,0.0,0.0,0.0,0.0
7048,2.393824847339153e6,8.950817625967873e6,0.0,0.0,0.0,0.0
7049,2.404448638608114e6,8.95461066156983e6,0.0,0.0,0.0,0.0
7050,2.4150724298770754e6,8.958403697171785e6,0.0,0.0,0.0,0.0
7051,2.425831991801804e6,8.961679379408086e6,0.0,0.0,0.0,0.0
7052,2.4365915537265325e6,8.964955061644387e6,0.0,0.0,0.0,0.0
7053,2.4456636582302847e6,8.96251789184674e6,0.0,0.0,0.0,0.0
7054,2.454735762734037e6,8.960080722049095e6,0.0,0.0,0.0,0.0
7055,2.4616031835309034e6,8.95693278765105e6,0.0,0.0,0.0,0.0
7056,2.4684706043277695e6,8.953784853253007e6,0.0,0.0,0.0,0.0
7057,2.4439512071490744e6,8.950636918854963e6,0.0,0.0,0.0,0.0
7058,2.419431809970379e6,8.94748898445692e6,0.0,0.0,0.0,0.0
7059,2.3859367034964967e6,8.944341050058875e6,0.0,0.0,0.0,0.0
7060,2.3524415970226144e6,8.941193115660831e6,0.0,0.0,0.0,0.0
7061,2.3217241076337374e6,8.938045181262787e6,0.0,0.0,0.0,0.0
7062,2.2910066182448603e6,8.934897246864744e6,0.0,0.0,0.0,0.0
7063,2.3038713095030547e6,8.9317493124667e6,0.0,0.0,0.0,0.0
7064,2.316736000761249e6,8.928601378068656e6,0.0,0.0,0.0,0.0
7065,2.328763620770327e6,8.93239441367061e6,0.0,0.0,0.0,0.0
7066,2.3407912407794045e6,8.936187449272567e6,0.0,0.0,0.0,0.0
7067,2.352041037823517e6,8.939980484874524e6,0.0,0.0,0.0,0.0
7068,2.3632908348676297e6,8.94377352047648e6,0.0,0.0,0.0,0.0
7069,2.374256056897589e6,8.947566556078434e6,0.0,0.0,0.0,0.0
7070,2.385221278927549e6,8.95135959168039e6,0.0,0.0,0.0,0.0
7071,2.396299428134936e6,8.955152627282348e6,0.0,0.0,0.0,0.0
7072,2.407377577342323e6,8.958945662884302e6,0.0,0.0,0.0,0.0
7073,2.3766837262996016e6,8.962738698486257e6,0.0,0.0,0.0,0.0
7074,2.3459898752568797e6,8.966531734088214e6,0.0,0.0,0.0,0.0
7075,2.3321243526336513e6,8.96338379969017e6,0.0,0.0,0.0,0.0
7076,2.318258830010423e6,8.960235865292126e6,0.0,0.0,0.0,0.0
7077,2.2854750327368253e6,8.957087930894082e6,0.0,0.0,0.0,0.0
7078,2.2526912354632276e6,8.953939996496039e6,0.0,0.0,0.0,0.0
7079,2.2173509619681467e6,8.950792062097995e6,0.0,0.0,0.0,0.0
7080,2.182010688473066e6,8.94764412769995e6,0.0,0.0,0.0,0.0
7081,2.1879106942189303e6,8.943686857863668e6,0.0,0.0,0.0,0.0
7082,2.193810699964795e6,8.939729588027386e6,0.0,0.0,0.0,0.0
7083,2.15849431010662e6,8.935772318191104e6,0.0,0.0,0.0,0.0
7084,2.123177920248446e6,8.931815048354821e6,0.0,0.0,0.0,0.0
7085,2.133733827052825e6,8.927857778518539e6,0.0,0.0,0.0,0.0
7086,2.1442897338572037e6,8.923900508682257e6,0.0,0.0,0.0,0.0
7087,2.1562977476177597e6,8.919943238845974e6,0.0,0.0,0.0,0.0
7088,2.168305761378316e6,8.915985969009692e6,0.0,0.0,0.0,0.0
7089,2.179720213047716e6,8.914580216989152e6,0.0,0.0,0.0,0.0
7090,2.191134664717115e6,8.91317446496861e6,0.0,0.0,0.0,0.0
7091,2.201677735984485e6,8.916158165132329e6,0.0,0.0,0.0,0.0
7092,2.2122208072518553e6,8.919141865296047e6,0.0,0.0,0.0,0.0
7093,2.2221447543838867e6,8.922125565459765e6,0.0,0.0,0.0,0.0
7094,2.232068701515918e6,8.925109265623484e6,0.0,0.0,0.0,0.0
7095,2.241890266779462e6,8.928092965787202e6,0.0,0.0,0.0,0.0
7096,2.251711832043006e6,8.93107666595092e6,0.0,0.0,0.0,0.0
7097,2.2204211292291004e6,8.929918961314213e6,0.0,0.0,0.0,0.0
7098,2.1891304264151943e6,8.928761256677505e6,0.0,0.0,0.0,0.0
7099,2.1584525253136917e6,8.924803986841222e6,0.0,0.0,0.0,0.0
7100,2.127774624212189e6,8.92084671700494e6,0.0,0.0,0.0,0.0
7101,2.137461360135031e6,8.916889447168658e6,0.0,0.0,0.0,0.0
7102,2.147148096057873e6,8.912932177332375e6,0.0,0.0,0.0,0.0
7103,2.154926133658953e6,8.908974907496093e6,0.0,0.0,0.0,0.0
7104,2.162704171260033e6,8.90501763765981e6,0.0,0.0,0.0,0.0
7105,2.128390773227632e6,8.901060367823528e6,0.0,0.0,0.0,0.0
7106,2.0940773751952308e6,8.897103097987246e6,0.0,0.0,0.0,0.0
7107,2.0607997469297652e6,8.893145828150963e6,0.0,0.0,0.0,0.0
7108,2.0275221186642996e6,8.889188558314681e6,0.0,0.0,0.0,0.0
7109,1.9979123871692684e6,8.885231288478399e6,0.0,0.0,0.0,0.0
7110,1.9683026556742375e6,8.881274018642116e6,0.0,0.0,0.0,0.0
7111,1.9821150429850132e6,8.877316748805834e6,0.0,0.0,0.0,0.0
7112,1.9959274302957891e6,8.873359478969552e6,0.0,0.0,0.0,0.0
7113,2.009076181147364e6,8.871097904713772e6,0.0,0.0,0.0,0.0
7114,2.0222249319989388e6,8.868836330457995e6,0.0,0.0,0.0,0.0
7115,2.0345407804898121e6,8.871820030621713e6,0.0,0.0,0.0,0.0
7116,2.0468566289806853e6,8.874803730785431e6,0.0,0.0,0.0,0.0
7117,2.0583629323636964e6,8.87778743094915e6,0.0,0.0,0.0,0.0
7118,2.0698692357467075e6,8.880771131112868e6,0.0,0.0,0.0,0.0
7119,2.08116734829454e6,8.883754831276586e6,0.0,0.0,0.0,0.0
7120,2.0924654608423726e6,8.886738531440305e6,0.0,0.0,0.0,0.0
7121,2.097203678163921e6,8.889722231604023e6,0.0,0.0,0.0,0.0
7122,2.101941895485469e6,8.892705931767741e6,0.0,0.0,0.0,0.0
7123,2.114728463649957e6,8.889480231052762e6,0.0,0.0,0.0,0.0
7124,2.127515031814445e6,8.886254530337783e6,0.0,0.0,0.0,0.0
7125,2.1383811249156706e6,8.886936949508457e6,0.0,0.0,0.0,0.0
7126,2.149247218016897e6,8.88761936867913e6,0.0,0.0,0.0,0.0
7127,2.157980920483291e6,8.890603068842849e6,0.0,0.0,0.0,0.0
7128,2.166714622949685e6,8.893586769006567e6,0.0,0.0,0.0,0.0
7129,2.1564688387332545e6,8.89623702343725e6,0.0,0.0,0.0,0.0
7130,2.146223054516824e6,8.898887277867936e6,0.0,0.0,0.0,0.0
7131,2.12289455595499e6,8.901870978031654e6,0.0,0.0,0.0,0.0
7132,2.0995660573931555e6,8.904854678195372e6,0.0,0.0,0.0,0.0
7133,2.0830281066576426e6,8.90783837835909e6,0.0,0.0,0.0,0.0
7134,2.0664901559221298e6,8.910822078522809e6,0.0,0.0,0.0,0.0
7135,2.0769771941749337e6,8.913805778686527e6,0.0,0.0,0.0,0.0
7136,2.0874642324277374e6,8.916789478850245e6,0.0,0.0,0.0,0.0
7137,2.0982697749287486e6,8.919773179013964e6,0.0,0.0,0.0,0.0
7138,2.1090753174297595e6,8.922756879177682e6,0.0,0.0,0.0,0.0
7139,2.118876242820007e6,8.9257405793414e6,0.0,0.0,0.0,0.0
7140,2.1286771682102536e6,8.928724279505119e6,0.0,0.0,0.0,0.0
7141,2.137599181026295e6,8.931707979668837e6,0.0,0.0,0.0,0.0
7142,2.1465211938423356e6,8.934691679832555e6,0.0,0.0,0.0,0.0
7143,2.155897865071493e6,8.937675379996274e6,0.0,0.0,0.0,0.0
7144,2.165274536300651e6,8.940659080159992e6,0.0,0.0,0.0,0.0
7145,2.16745446595435e6,8.94364278032371e6,0.0,0.0,0.0,0.0
7146,2.169634395608049e6,8.946626480487429e6,0.0,0.0,0.0,0.0
7147,2.1383632339900285e6,8.949610180651147e6,0.0,0.0,0.0,0.0
7148,2.1070920723720086e6,8.952593880814865e6,0.0,0.0,0.0,0.0
7149,2.1162138988031913e6,8.955577580978584e6,0.0,0.0,0.0,0.0
7150,2.1253357252343735e6,8.958561281142302e6,0.0,0.0,0.0,0.0
7151,2.1325267372560925e6,8.96154498130602e6,0.0,0.0,0.0,0.0
7152,2.1397177492778115e6,8.964528681469738e6,0.0,0.0,0.0,0.0
7153,2.1462527749130614e6,8.967512381633457e6,0.0,0.0,0.0,0.0
7154,2.1527878005483113e6,8.970496081797175e6,0.0,0.0,0.0,0.0
7155,2.159312270230389e6,8.973479781960893e6,0.0,0.0,0.0,0.0
7156,2.165836739912467e6,8.976463482124612e6,0.0,0.0,0.0,0.0
7157,2.172695810220339e6,8.97944718228833e6,0.0,0.0,0.0,0.0
7158,2.1795548805282107e6,8.982430882452048e6,0.0,0.0,0.0,0.0
7159,2.1880128353785854e6,8.985414582615767e6,0.0,0.0,0.0,0.0
7160,2.1964707902289606e6,8.988398282779485e6,0.0,0.0,0.0,0.0
7161,2.2056242535571614e6,8.991381982943203e6,0.0,0.0,0.0,0.0
7162,2.214777716885362e6,8.994365683106922e6,0.0,0.0,0.0,0.0
7163,2.223844072106423e6,8.99734938327064e6,0.0,0.0,0.0,0.0
7164,2.2329104273274844e6,9.000333083434358e6,0.0,0.0,0.0,0.0
7165,2.241656520026774e6,9.003316783598077e6,0.0,0.0,0.0,0.0
7166,2.250402612726064e6,9.006300483761795e6,0.0,0.0,0.0,0.0
7167,2.259645392482122e6,9.009284183925513e6,0.0,0.0,0.0,0.0
7168,2.26888817223818e6,9.012267884089231e6,0.0,0.0,0.0,0.0
7169,2.2798178863864588e6,9.01525158425295e6,0.0,0.0,0.0,0.0
7170,2.290747600534738e6,9.018235284416668e6,0.0,0.0,0.0,0.0
7171,2.302667838489889e6,9.021218984580386e6,0.0,0.0,0.0,0.0
7172,2.3145880764450403e6,9.024202684744105e6,0.0,0.0,0.0,0.0
7173,2.2836418208919866e6,9.027186384907823e6,0.0,0.0,0.0,0.0
7174,2.2526955653389324e6,9.030170085071541e6,0.0,0.0,0.0,0.0
7175,2.219647679249177e6,9.03212387836523e6,0.0,0.0,0.0,0.0
7176,2.186599793159422e6,9.034077671658916e6,0.0,0.0,0.0,0.0
7177,2.1526602444038875e6,9.035060168650385e6,0.0,0.0,0.0,0.0
7178,2.118720695648353e6,9.036042665641854e6,0.0,0.0,0.0,0.0
7179,2.1278037676832145e6,9.038051002537366e6,0.0,0.0,0.0,0.0
7180,2.1368868397180764e6,9.040059339432877e6,0.0,0.0,0.0,0.0
7181,2.1498041018067696e6,9.043043039596595e6,0.0,0.0,0.0,0.0
7182,2.162721363895463e6,9.046026739760313e6,0.0,0.0,0.0,0.0
7183,2.1748831142179696e6,9.049010439924031e6,0.0,0.0,0.0,0.0
7184,2.1870448645404764e6,9.05199414008775e6,0.0,0.0,0.0,0.0
7185,2.200647466426501e6,9.054977840251468e6,0.0,0.0,0.0,0.0
7186,2.2142500683125257e6,9.057961540415186e6,0.0,0.0,0.0,0.0
7187,2.2274770937151546e6,9.060945240578905e6,0.0,0.0,0.0,0.0
7188,2.240704119117784e6,9.063928940742623e6,0.0,0.0,0.0,0.0
7189,2.253408862647699e6,9.066912640906341e6,0.0,0.0,0.0,0.0
7190,2.266113606177614e6,9.06989634107006e6,0.0,0.0,0.0,0.0
7191,2.27831576112138e6,9.072880041233778e6,0.0,0.0,0.0,0.0
7192,2.2905179160651457e6,9.075863741397496e6,0.0,0.0,0.0,0.0
7193,2.303193814171356e6,9.078847441561215e6,0.0,0.0,0.0,0.0
7194,2.315869712277567e6,9.081831141724933e6,0.0,0.0,0.0,0.0
7195,2.3286399141376596e6,9.084814841888651e6,0.0,0.0,0.0,0.0
7196,2.3414101159977517e6,9.08779854205237e6,0.0,0.0,0.0,0.0
7197,2.352682910673228e6,9.090782242216088e6,0.0,0.0,0.0,0.0
7198,2.3639557053487045e6,9.093765942379806e6,0.0,0.0,0.0,0.0
7199,2.372411108583754e6,9.091373112516478e6,0.0,0.0,0.0,0.0
7200,2.380866511818804e6,9.08898028265315e6,0.0,0.0,0.0,0.0
7201,2.373509368229655e6,9.090671523899395e6,0.0,0.0,0.0,0.0
7202,2.3661522246405063e6,9.09236276514564e6,0.0,0.0,0.0,0.0
7203,2.3435282206496797e6,9.09335308006683e6,0.0,0.0,0.0,0.0
7204,2.320904216658853e6,9.094343394988017e6,0.0,0.0,0.0,0.0
7205,2.2921723293836853e6,9.097327095151735e6,0.0,0.0,0.0,0.0
7206,2.263440442108517e6,9.100310795315454e6,0.0,0.0,0.0,0.0
7207,2.2779388553871466e6,9.103294495479172e6,0.0,0.0,0.0,0.0
7208,2.2924372686657757e6,9.10627819564289e6,0.0,0.0,0.0,0.0
7209,2.306368647271134e6,9.109261895806609e6,0.0,0.0,0.0,0.0
7210,2.3203000258764927e6,9.112245595970327e6,0.0,0.0,0.0,0.0
7211,2.333287655400889e6,9.115229296134045e6,0.0,0.0,0.0,0.0
7212,2.3462752849252857e6,9.118212996297764e6,0.0,0.0,0.0,0.0
7213,2.3587057562596183e6,9.121196696461482e6,0.0,0.0,0.0,0.0
7214,2.3711362275939514e6,9.1241803966252e6,0.0,0.0,0.0,0.0
7215,2.3832283985208482e6,9.127164096788919e6,0.0,0.0,0.0,0.0
7216,2.395320569447745e6,9.130147796952637e6,0.0,0.0,0.0,0.0
7217,2.407673488590367e6,9.133131497116355e6,0.0,0.0,0.0,0.0
7218,2.420026407732989e6,9.136115197280074e6,0.0,0.0,0.0,0.0
7219,2.432475246369429e6,9.139098897443792e6,0.0,0.0,0.0,0.0
7220,2.444924085005868e6,9.14208259760751e6,0.0,0.0,0.0,0.0
7221,2.4559140625480907e6,9.145066297771228e6,0.0,0.0,0.0,0.0
7222,2.4669040400903127e6,9.148049997934947e6,0.0,0.0,0.0,0.0
7223,2.4751024574319427e6,9.148831074002683e6,0.0,0.0,0.0,0.0
7224,2.4833008747735727e6,9.149612150070418e6,0.0,0.0,0.0,0.0
7225,2.4609521491036015e6,9.145654880234135e6,0.0,0.0,0.0,0.0
7226,2.4386034234336303e6,9.141697610397853e6,0.0,0.0,0.0,0.0
7227,2.410122351673401e6,9.13774034056157e6,0.0,0.0,0.0,0.0
7228,2.381641279913171e6,9.133783070725288e6,0.0,0.0,0.0,0.0
7229,2.3552841594139435e6,9.130040637962624e6,0.0,0.0,0.0,0.0
7230,2.328927038914716e6,9.126298205199959e6,0.0,0.0,0.0,0.0
7231,2.3433828743170733e6,9.124321140553363e6,0.0,0.0,0.0,0.0
7232,2.3578387097194307e6,9.122344075906767e6,0.0,0.0,0.0,0.0
7233,2.371126483664397e6,9.125327776070485e6,0.0,0.0,0.0,0.0
7234,2.3844142576093636e6,9.128311476234203e6,0.0,0.0,0.0,0.0
7235,2.3963609127816334e6,9.131295176397922e6,0.0,0.0,0.0,0.0
7236,2.4083075679539037e6,9.13427887656164e6,0.0,0.0,0.0,0.0
7237,2.4199901341266185e6,9.137262576725358e6,0.0,0.0,0.0,0.0
7238,2.4316727002993333e6,9.140246276889076e6,0.0,0.0,0.0,0.0
7239,2.443338311838314e6,9.143229977052795e6,0.0,0.0,0.0,0.0
7240,2.4550039233772946e6,9.146213677216513e6,0.0,0.0,0.0,0.0
7241,2.4470448091186592e6,9.149197377380231e6,0.0,0.0,0.0,0.0
7242,2.439085694860024e6,9.15218107754395e6,0.0,0.0,0.0,0.0
7243,2.4197890630529774e6,9.149892142916419e6,0.0,0.0,0.0,0.0
7244,2.4004924312459305e6,9.14760320828889e6,0.0,0.0,0.0,0.0
7245,2.3690630249235067e6,9.143645938452607e6,0.0,0.0,0.0,0.0
7246,2.337633618601083e6,9.139688668616325e6,0.0,0.0,0.0,0.0
7247,2.3456011387416003e6,9.135731398780042e6,0.0,0.0,0.0,0.0
7248,2.3535686588821183e6,9.13177412894376e6,0.0,0.0,0.0,0.0
7249,2.361101033859023e6,9.127840360484447e6,0.0,0.0,0.0,0.0
7250,2.368633408835928e6,9.123906592025137e6,0.0,0.0,0.0,0.0
7251,2.377142214496596e6,9.119972823565826e6,0.0,0.0,0.0,0.0
7252,2.385651020157263e6,9.116039055106513e6,0.0,0.0,0.0,0.0
7253,2.398278706828466e6,9.113479413518796e6,0.0,0.0,0.0,0.0
7254,2.410906393499669e6,9.110919771931078e6,0.0,0.0,0.0,0.0
7255,2.4252052098739613e6,9.110454608768566e6,0.0,0.0,0.0,0.0
7256,2.439504026248254e6,9.109989445606053e6,0.0,0.0,0.0,0.0
7257,2.453137305567518e6,9.11299664714674e6,0.0,0.0,0.0,0.0
7258,2.466770584886782e6,9.116003848687429e6,0.0,0.0,0.0,0.0
7259,2.4795927251414354e6,9.119011050228117e6,0.0,0.0,0.0,0.0
7260,2.492414865396089e6,9.122018251768805e6,0.0,0.0,0.0,0.0
7261,2.504728329990364e6,9.125025453309493e6,0.0,0.0,0.0,0.0
7262,2.5170417945846394e6,9.128032654850181e6,0.0,0.0,0.0,0.0
7263,2.5290658070788234e6,9.13103985639087e6,0.0,0.0,0.0,0.0
7264,2.541089819573008e6,9.134047057931557e6,0.0,0.0,0.0,0.0
7265,2.511798385282151e6,9.137054259472245e6,0.0,0.0,0.0,0.0
7266,2.482506950991294e6,9.140061461012933e6,0.0,0.0,0.0,0.0
7267,2.480423776459974e6,9.136378222954463e6,0.0,0.0,0.0,0.0
7268,2.4783406019286537e6,9.132694984895995e6,0.0,0.0,0.0,0.0
7269,2.488902004729261e6,9.128761216436684e6,0.0,0.0,0.0,0.0
7270,2.4994634075298687e6,9.124827447977372e6,0.0,0.0,0.0,0.0
7271,2.465705183397526e6,9.122988982618466e6,0.0,0.0,0.0,0.0
7272,2.4319469592651837e6,9.121150517259562e6,0.0,0.0,0.0,0.0
7273,2.4392201005381406e6,9.117216748800252e6,0.0,0.0,0.0,0.0
7274,2.4464932418110976e6,9.113282980340939e6,0.0,0.0,0.0,0.0
7275,2.4157879562304523e6,9.109349211881626e6,0.0,0.0,0.0,0.0
7276,2.3850826706498074e6,9.105415443422316e6,0.0,0.0,0.0,0.0
7277,2.3933530805655904e6,9.106302022798795e6,0.0,0.0,0.0,0.0
7278,2.4016234904813734e6,9.107188602175273e6,0.0,0.0,0.0,0.0
7279,2.411908773571777e6,9.108575915913466e6,0.0,0.0,0.0,0.0
7280,2.4221940566621814e6,9.109963229651658e6,0.0,0.0,0.0,0.0
7281,2.432913173996323e6,9.112970431192346e6,0.0,0.0,0.0,0.0
7282,2.4436322913304646e6,9.115977632733034e6,0.0,0.0,0.0,0.0
7283,2.4540195789790843e6,9.118984834273722e6,0.0,0.0,0.0,0.0
7284,2.4644068666277044e6,9.12199203581441e6,0.0,0.0,0.0,0.0
7285,2.473973401815093e6,9.124999237355098e6,0.0,0.0,0.0,0.0
7286,2.4835399370024824e6,9.128006438895786e6,0.0,0.0,0.0,0.0
7287,2.4932130306106657e6,9.131013640436474e6,0.0,0.0,0.0,0.0
7288,2.5028861242188485e6,9.134020841977162e6,0.0,0.0,0.0,0.0
7289,2.471694092442114e6,9.13702804351785e6,0.0,0.0,0.0,0.0
7290,2.4405020606653793e6,9.140035245058538e6,0.0,0.0,0.0,0.0
7291,2.4517658744372586e6,9.136101476599228e6,0.0,0.0,0.0,0.0
7292,2.4630296882091383e6,9.132167708139915e6,0.0,0.0,0.0,0.0
7293,2.435107512183384e6,9.12992130579634e6,0.0,0.0,0.0,0.0
7294,2.40718533615763e6,9.127674903452765e6,0.0,0.0,0.0,0.0
7295,2.4145542988953125e6,9.123741134993453e6,0.0,0.0,0.0,0.0
7296,2.421923261632995e6,9.119807366534142e6,0.0,0.0,0.0,0.0
7297,2.428384205944499e6,9.115873598074831e6,0.0,0.0,0.0,0.0
7298,2.434845150256003e6,9.111939829615518e6,0.0,0.0,0.0,0.0
7299,2.441357952057803e6,9.108006061156206e6,0.0,0.0,0.0,0.0
7300,2.447870753859604e6,9.104072292696895e6,0.0,0.0,0.0,0.0
7301,2.420772991698918e6,9.100138524237584e6,0.0,0.0,0.0,0.0
7302,2.393675229538232e6,9.096204755778272e6,0.0,0.0,0.0,0.0
7303,2.4039126183611783e6,9.09227098731896e6,0.0,0.0,0.0,0.0
7304,2.4141500071841246e6,9.088337218859648e6,0.0,0.0,0.0,0.0
7305,2.4245245304677733e6,9.090992124795591e6,0.0,0.0,0.0,0.0
7306,2.434899053751422e6,9.093647030731535e6,0.0,0.0,0.0,0.0
7307,2.444873109515629e6,9.096654232272223e6,0.0,0.0,0.0,0.0
7308,2.454847165279835e6,9.09966143381291e6,0.0,0.0,0.0,0.0
7309,2.4643711191282365e6,9.102668635353599e6,0.0,0.0,0.0,0.0
7310,2.4738950729766386e6,9.105675836894287e6,0.0,0.0,0.0,0.0
7311,2.48409279681612e6,9.108683038434975e6,0.0,0.0,0.0,0.0
7312,2.4942905206556013e6,9.111690239975663e6,0.0,0.0,0.0,0.0
7313,2.505765513917517e6,9.114697441516351e6,0.0,0.0,0.0,0.0
7314,2.517240507179433e6,9.117704643057039e6,0.0,0.0,0.0,0.0
7315,2.529209631241061e6,9.117539478737008e6,0.0,0.0,0.0,0.0
7316,2.541178755302688e6,9.117374314416977e6,0.0,0.0,0.0,0.0
7317,2.5522708852869635e6,9.113440545957666e6,0.0,0.0,0.0,0.0
7318,2.563363015271239e6,9.109506777498353e6,0.0,0.0,0.0,0.0
7319,2.571463980991044e6,9.10557300903904e6,0.0,0.0,0.0,0.0
7320,2.5795649467108487e6,9.10163924057973e6,0.0,0.0,0.0,0.0
7321,2.586650278420045e6,9.09770547212042e6,0.0,0.0,0.0,0.0
7322,2.593735610129242e6,9.093771703661107e6,0.0,0.0,0.0,0.0
7323,2.6006754269521204e6,9.089837935201794e6,0.0,0.0,0.0,0.0
7324,2.607615243774999e6,9.085904166742483e6,0.0,0.0,0.0,0.0
7325,2.614973717988927e6,9.081970398283172e6,0.0,0.0,0.0,0.0
7326,2.6223321922028544e6,9.07803662982386e6,0.0,0.0,0.0,0.0
7327,2.6313256486571766e6,9.074102861364547e6,0.0,0.0,0.0,0.0
7328,2.6403191051114984e6,9.070169092905236e6,0.0,0.0,0.0,0.0
7329,2.6498921324993693e6,9.071039442839094e6,0.0,0.0,0.0,0.0
7330,2.6594651598872403e6,9.071909792772952e6,0.0,0.0,0.0,0.0
7331,2.668425754738682e6,9.07491699431364e6,0.0,0.0,0.0,0.0
7332,2.677386349590124e6,9.077924195854329e6,0.0,0.0,0.0,0.0
7333,2.6855764215682624e6,9.080931397395017e6,0.0,0.0,0.0,0.0
7334,2.6937664935464007e6,9.083938598935705e6,0.0,0.0,0.0,0.0
7335,2.7021919675601413e6,9.086945800476393e6,0.0,0.0,0.0,0.0
7336,2.7106174415738815e6,9.08995300201708e6,0.0,0.0,0.0,0.0
7337,2.7199224216332193e6,9.092960203557769e6,0.0,0.0,0.0,0.0
7338,2.729227401692557e6,9.095967405098457e6,0.0,0.0,0.0,0.0
7339,2.738844162949454e6,9.092033636639144e6,0.0,0.0,0.0,0.0
7340,2.7484609242063514e6,9.088099868179834e6,0.0,0.0,0.0,0.0
7341,2.757412900817111e6,9.084166099720523e6,0.0,0.0,0.0,0.0
7342,2.7663648774278704e6,9.08023233126121e6,0.0,0.0,0.0,0.0
7343,2.773410657368103e6,9.076298562801898e6,0.0,0.0,0.0,0.0
7344,2.7804564373083357e6,9.072364794342587e6,0.0,0.0,0.0,0.0
7345,2.7873286791161057e6,9.068431025883276e6,0.0,0.0,0.0,0.0
7346,2.794200920923875e6,9.064497257423963e6,0.0,0.0,0.0,0.0
7347,2.801838239439425e6,9.06056348896465e6,0.0,0.0,0.0,0.0
7348,2.809475557954975e6,9.05662972050534e6,0.0,0.0,0.0,0.0
7349,2.821568897199927e6,9.055109899564093e6,0.0,0.0,0.0,0.0
7350,2.833662236444879e6,9.053590078622846e6,0.0,0.0,0.0,0.0
7351,2.8473676939769564e6,9.056146662657933e6,0.0,0.0,0.0,0.0
7352,2.8610731515090335e6,9.05870324669302e6,0.0,0.0,0.0,0.0
7353,2.874581190006179e6,9.061710448233709e6,0.0,0.0,0.0,0.0
7354,2.888089228503324e6,9.064717649774397e6,0.0,0.0,0.0,0.0
7355,2.9011228090581847e6,9.067724851315085e6,0.0,0.0,0.0,0.0
7356,2.914156389613046e6,9.070732052855773e6,0.0,0.0,0.0,0.0
7357,2.9268583889765604e6,9.073739254396461e6,0.0,0.0,0.0,0.0
7358,2.939560388340075e6,9.076746455937149e6,0.0,0.0,0.0,0.0
7359,2.952144478849249e6,9.079753657477837e6,0.0,0.0,0.0,0.0
7360,2.9647285693584224e6,9.082760859018525e6,0.0,0.0,0.0,0.0
7361,2.9781818895053407e6,9.085768060559213e6,0.0,0.0,0.0,0.0
7362,2.9916352096522585e6,9.088775262099901e6,0.0,0.0,0.0,0.0
7363,3.004855350883929e6,9.09178246364059e6,0.0,0.0,0.0,0.0
7364,3.018075492115599e6,9.094789665181277e6,0.0,0.0,0.0,0.0
7365,3.02933700905345e6,9.097796866721965e6,0.0,0.0,0.0,0.0
7366,3.040598525991301e6,9.100804068262653e6,0.0,0.0,0.0,0.0
7367,3.048416159928573e6,9.103811269803341e6,0.0,0.0,0.0,0.0
7368,3.0562337938658446e6,9.10681847134403e6,0.0,0.0,0.0,0.0
7369,3.0634285523598995e6,9.109825672884718e6,0.0,0.0,0.0,0.0
7370,3.070623310853955e6,9.112832874425406e6,0.0,0.0,0.0,0.0
7371,3.078256791535704e6,9.115840075966094e6,0.0,0.0,0.0,0.0
7372,3.085890272217453e6,9.118847277506782e6,0.0,0.0,0.0,0.0
7373,3.097255421177649e6,9.12185447904747e6,0.0,0.0,0.0,0.0
7374,3.1086205701378454e6,9.124861680588158e6,0.0,0.0,0.0,0.0
7375,3.121934234176331e6,9.127868882128846e6,0.0,0.0,0.0,0.0
7376,3.135247898214817e6,9.130876083669534e6,0.0,0.0,0.0,0.0
7377,3.147790713965673e6,9.133883285210222e6,0.0,0.0,0.0,0.0
7378,3.1603335297165285e6,9.13689048675091e6,0.0,0.0,0.0,0.0
7379,3.171829295436687e6,9.139897688291598e6,0.0,0.0,0.0,0.0
7380,3.183325061156845e6,9.142904889832286e6,0.0,0.0,0.0,0.0
7381,3.193961062725583e6,9.145912091372974e6,0.0,0.0,0.0,0.0
7382,3.2045970642943205e6,9.148919292913662e6,0.0,0.0,0.0,0.0
7383,3.215162133820678e6,9.15192649445435e6,0.0,0.0,0.0,0.0
7384,3.2257272033470357e6,9.154933695995038e6,0.0,0.0,0.0,0.0
7385,3.2369527485587015e6,9.157940897535726e6,0.0,0.0,0.0,0.0
7386,3.2481782937703673e6,9.160948099076414e6,0.0,0.0,0.0,0.0
7387,3.2589871710758796e6,9.163955300617103e6,0.0,0.0,0.0,0.0
7388,3.2697960483813914e6,9.16696250215779e6,0.0,0.0,0.0,0.0
7389,3.2787376919163615e6,9.169928286268488e6,0.0,0.0,0.0,0.0
7390,3.287679335451331e6,9.172894070379186e6,0.0,0.0,0.0,0.0
7391,3.2942721476730797e6,9.17277335439121e6,0.0,0.0,0.0,0.0
7392,3.300864959894829e6,9.172652638403235e6,0.0,0.0,0.0,0.0
7393,3.307046817266793e6,9.168718869943924e6,0.0,0.0,0.0,0.0
7394,3.3132286746387566e6,9.164785101484612e6,0.0,0.0,0.0,0.0
7395,3.3200730158729013e6,9.160851333025299e6,0.0,0.0,0.0,0.0
7396,3.3269173571070465e6,9.156917564565988e6,0.0,0.0,0.0,0.0
7397,3.3377555493234377e6,9.153774860910218e6,0.0,0.0,0.0,0.0
7398,3.3485937415398285e6,9.150632157254448e6,0.0,0.0,0.0,0.0
7399,3.361143407834898e6,9.150417818653457e6,0.0,0.0,0.0,0.0
7400,3.373693074129968e6,9.150203480052466e6,0.0,0.0,0.0,0.0
7401,3.3854321445634197e6,9.153210681593154e6,0.0,0.0,0.0,0.0
7402,3.397171214996871e6,9.156217883133842e6,0.0,0.0,0.0,0.0
7403,3.407780829567764e6,9.15922508467453e6,0.0,0.0,0.0,0.0
7404,3.4183904441386564e6,9.162232286215218e6,0.0,0.0,0.0,0.0
7405,3.4284070769434636e6,9.165239487755906e6,0.0,0.0,0.0,0.0
7406,3.4384237097482714e6,9.168246689296594e6,0.0,0.0,0.0,0.0
7407,3.4484312461141828e6,9.171253890837282e6,0.0,0.0,0.0,0.0
7408,3.458438782480094e6,9.17426109237797e6,0.0,0.0,0.0,0.0
7409,3.469811951721261e6,9.177268293918658e6,0.0,0.0,0.0,0.0
7410,3.4811851209624275e6,9.180275495459346e6,0.0,0.0,0.0,0.0
7411,3.492368741589888e6,9.176341727000035e6,0.0,0.0,0.0,0.0
7412,3.503552362217348e6,9.172407958540723e6,0.0,0.0,0.0,0.0
7413,3.5128684762536725e6,9.16847419008141e6,0.0,0.0,0.0,0.0
7414,3.5221845902899974e6,9.1645404216221e6,0.0,0.0,0.0,0.0
7415,3.52847102437622e6,9.164709232669821e6,0.0,0.0,0.0,0.0
7416,3.534757458462443e6,9.164878043717543e6,0.0,0.0,0.0,0.0
7417,3.5403312273834487e6,9.164557089869302e6,0.0,0.0,0.0,0.0
7418,3.5459049963044547e6,9.164236136021059e6,0.0,0.0,0.0,0.0
7419,3.552247650152132e6,9.164883086785633e6,0.0,0.0,0.0,0.0
7420,3.558590303999809e6,9.165530037550207e6,0.0,0.0,0.0,0.0
7421,3.5690090995847825e6,9.168630743975645e6,0.0,0.0,0.0,0.0
7422,3.5794278951697554e6,9.171731450401083e6,0.0,0.0,0.0,0.0
7423,3.5915259999452154e6,9.174832386696462e6,0.0,0.0,0.0,0.0
7424,3.6036241047206754e6,9.177933322991839e6,0.0,0.0,0.0,0.0
7425,3.6150173277279628e6,9.181034259287216e6,0.0,0.0,0.0,0.0
7426,3.62641055073525e6,9.184135195582595e6,0.0,0.0,0.0,0.0
7427,3.6375644083385593e6,9.187236131877974e6,0.0,0.0,0.0,0.0
7428,3.6487182659418685e6,9.19033706817335e6,0.0,0.0,0.0,0.0
7429,3.6592749514823435e6,9.193438004468728e6,0.0,0.0,0.0,0.0
7430,3.6698316370228184e6,9.196538940764107e6,0.0,0.0,0.0,0.0
7431,3.680292268845578e6,9.199639877059486e6,0.0,0.0,0.0,0.0
7432,3.690752900668338e6,9.202740813354863e6,0.0,0.0,0.0,0.0
7433,3.7007365668748226e6,9.20584174965024e6,0.0,0.0,0.0,0.0
7434,3.710720233081307e6,9.208942685945619e6,0.0,0.0,0.0,0.0
7435,3.680747278715346e6,9.210034543041151e6,0.0,0.0,0.0,0.0
7436,3.650774324349385e6,9.211126400136681e6,0.0,0.0,0.0,0.0
7437,3.6613338679985283e6,9.211834434863664e6,0.0,0.0,0.0,0.0
7438,3.671893411647672e6,9.212542469590649e6,0.0,0.0,0.0,0.0
7439,3.6381485125882383e6,9.208702435886025e6,0.0,0.0,0.0,0.0
7440,3.6044036135288044e6,9.204862402181404e6,0.0,0.0,0.0,0.0
7441,3.61204030023685e6,9.201022368476782e6,0.0,0.0,0.0,0.0
7442,3.6196769869448957e6,9.197182334772158e6,0.0,0.0,0.0,0.0
7443,3.5860532905311873e6,9.193342301067535e6,0.0,0.0,0.0,0.0
7444,3.5524295941174785e6,9.189502267362913e6,0.0,0.0,0.0,0.0
7445,3.522306556921418e6,9.192217414945874e6,0.0,0.0,0.0,0.0
7446,3.492183519725357e6,9.194932562528836e6,0.0,0.0,0.0,0.0
7447,3.505478432912846e6,9.192587287932135e6,0.0,0.0,0.0,0.0
7448,3.5187733461003355e6,9.190242013335435e6,0.0,0.0,0.0,0.0
7449,3.531759287991301e6,9.193342949630812e6,0.0,0.0,0.0,0.0
7450,3.544745229882267e6,9.19644388592619e6,0.0,0.0,0.0,0.0
7451,3.5572070450099874e6,9.19954482222157e6,0.0,0.0,0.0,0.0
7452,3.569668860137708e6,9.202645758516947e6,0.0,0.0,0.0,0.0
7453,3.5808423981211893e6,9.205746694812324e6,0.0,0.0,0.0,0.0
7454,3.59201593610467e6,9.208847631107703e6,0.0,0.0,0.0,0.0
7455,3.603257740870587e6,9.211948567403082e6,0.0,0.0,0.0,0.0
7456,3.614499545636504e6,9.215049503698459e6,0.0,0.0,0.0,0.0
7457,3.6262695176204946e6,9.218150439993836e6,0.0,0.0,0.0,0.0
7458,3.638039489604485e6,9.221251376289215e6,0.0,0.0,0.0,0.0
7459,3.64992305815682e6,9.217411342584591e6,0.0,0.0,0.0,0.0
7460,3.661806626709155e6,9.21357130887997e6,0.0,0.0,0.0,0.0
7461,3.67238695753415e6,9.209731275175348e6,0.0,0.0,0.0,0.0
7462,3.682967288359146e6,9.205891241470724e6,0.0,0.0,0.0,0.0
7463,3.6912888560741264e6,9.2020512077661e6,0.0,0.0,0.0,0.0
7464,3.6996104237891072e6,9.198211174061479e6,0.0,0.0,0.0,0.0
7465,3.70702617304751e6,9.194371140356857e6,0.0,0.0,0.0,0.0
7466,3.7144419223059127e6,9.190531106652234e6,0.0,0.0,0.0,0.0
7467,3.7216482586254496e6,9.18669107294761e6,0.0,0.0,0.0,0.0
7468,3.7288545949449865e6,9.182851039242988e6,0.0,0.0,0.0,0.0
7469,3.737077667079184e6,9.179011005538367e6,0.0,0.0,0.0,0.0
7470,3.745300739213382e6,9.175170971833743e6,0.0,0.0,0.0,0.0
7471,3.7551413524794606e6,9.171518149927657e6,0.0,0.0,0.0,0.0
7472,3.76498196574554e6,9.167865328021571e6,0.0,0.0,0.0,0.0
7473,3.774438343979282e6,9.17096626431695e6,0.0,0.0,0.0,0.0
7474,3.783894722213024e6,9.174067200612327e6,0.0,0.0,0.0,0.0
7475,3.7929431662428114e6,9.177168136907704e6,0.0,0.0,0.0,0.0
7476,3.801991610272599e6,9.180269073203083e6,0.0,0.0,0.0,0.0
7477,3.8106557828110405e6,9.183370009498462e6,0.0,0.0,0.0,0.0
7478,3.819319955349482e6,9.18647094579384e6,0.0,0.0,0.0,0.0
7479,3.828158569642325e6,9.189571882089216e6,0.0,0.0,0.0,0.0
7480,3.836997183935168e6,9.192672818384595e6,0.0,0.0,0.0,0.0
7481,3.846598612443068e6,9.192475082612382e6,0.0,0.0,0.0,0.0
7482,3.8562000409509684e6,9.19227734684017e6,0.0,0.0,0.0,0.0
7483,3.866172013282867e6,9.188437313135546e6,0.0,0.0,0.0,0.0
7484,3.876143985614766e6,9.184597279430924e6,0.0,0.0,0.0,0.0
7485,3.8854622879113397e6,9.180757245726302e6,0.0,0.0,0.0,0.0
7486,3.894780590207914e6,9.176917212021679e6,0.0,0.0,0.0,0.0
7487,3.902316409685553e6,9.173077178317055e6,0.0,0.0,0.0,0.0
7488,3.9098522291631917e6,9.169237144612433e6,0.0,0.0,0.0,0.0
7489,3.9167814339105925e6,9.165397110907812e6,0.0,0.0,0.0,0.0
7490,3.923710638657993e6,9.161557077203188e6,0.0,0.0,0.0,0.0
7491,3.9302115669765673e6,9.157717043498565e6,0.0,0.0,0.0,0.0
7492,3.9367124952951414e6,9.153877009793943e6,0.0,0.0,0.0,0.0
7493,3.9437998251923476e6,9.150036976089321e6,0.0,0.0,0.0,0.0
7494,3.950887155089554e6,9.146196942384697e6,0.0,0.0,0.0,0.0
7495,3.959376222853544e6,9.142356908680074e6,0.0,0.0,0.0,0.0
7496,3.9678652906175344e6,9.138516874975452e6,0.0,0.0,0.0,0.0
7497,3.9770937569877924e6,9.141274995563671e6,0.0,0.0,0.0,0.0
7498,3.98632222335805e6,9.144033116151892e6,0.0,0.0,0.0,0.0
7499,3.9953166496788934e6,9.14713405244727e6,0.0,0.0,0.0,0.0
7500,4.004311075999737e6,9.150234988742648e6,0.0,0.0,0.0,0.0
7501,4.01305784414466e6,9.153335925038025e6,0.0,0.0,0.0,0.0
7502,4.021804612289584e6,9.156436861333404e6,0.0,0.0,0.0,0.0
7503,4.030975640643562e6,9.159537797628783e6,0.0,0.0,0.0,0.0
7504,4.040146668997541e6,9.16263873392416e6,0.0,0.0,0.0,0.0
7505,4.051320751966631e6,9.165739670219537e6,0.0,0.0,0.0,0.0
7506,4.0624948349357215e6,9.168840606514916e6,0.0,0.0,0.0,0.0
7507,4.074818339708084e6,9.166096991285171e6,0.0,0.0,0.0,0.0
7508,4.087141844480446e6,9.163353376055425e6,0.0,0.0,0.0,0.0
7509,4.0985517736795275e6,9.160515017159712e6,0.0,0.0,0.0,0.0
7510,4.109961702878609e6,9.157676658263996e6,0.0,0.0,0.0,0.0
7511,4.118685582079797e6,9.153836624559373e6,0.0,0.0,0.0,0.0
7512,4.127409461280985e6,9.149996590854751e6,0.0,0.0,0.0,0.0
7513,4.1349839562315065e6,9.14615655715013e6,0.0,0.0,0.0,0.0
7514,4.142558451182028e6,9.142316523445506e6,0.0,0.0,0.0,0.0
7515,4.1508570685176095e6,9.138476489740882e6,0.0,0.0,0.0,0.0
7516,4.159155685853191e6,9.13463645603626e6,0.0,0.0,0.0,0.0
7517,4.171609533628054e6,9.130796422331639e6,0.0,0.0,0.0,0.0
7518,4.1840633814029163e6,9.126956388627015e6,0.0,0.0,0.0,0.0
7519,4.197732850863529e6,9.127590198229158e6,0.0,0.0,0.0,0.0
7520,4.211402320324143e6,9.128224007831302e6,0.0,0.0,0.0,0.0
7521,4.224553100244939e6,9.13132494412668e6,0.0,0.0,0.0,0.0
7522,4.237703880165736e6,9.134425880422058e6,0.0,0.0,0.0,0.0
7523,4.250036570267139e6,9.137526816717435e6,0.0,0.0,0.0,0.0
7524,4.262369260368542e6,9.140627753012814e6,0.0,0.0,0.0,0.0
7525,4.273780853500694e6,9.143728689308193e6,0.0,0.0,0.0,0.0
7526,4.285192446632846e6,9.14682962560357e6,0.0,0.0,0.0,0.0
7527,4.296358212164108e6,9.149930561898947e6,0.0,0.0,0.0,0.0
7528,4.307523977695369e6,9.153031498194326e6,0.0,0.0,0.0,0.0
7529,4.319965383979191e6,9.156132434489705e6,0.0,0.0,0.0,0.0
7530,4.332406790263013e6,9.159233370785082e6,0.0,0.0,0.0,0.0
7531,4.34485254500499e6,9.158678733329585e6,0.0,0.0,0.0,0.0
7532,4.357298299746967e6,9.158124095874088e6,0.0,0.0,0.0,0.0
7533,4.3676870125581445e6,9.161225032169465e6,0.0,0.0,0.0,0.0
7534,4.378075725369322e6,9.164325968464844e6,0.0,0.0,0.0,0.0
7535,4.386435341338585e6,9.162915003729887e6,0.0,0.0,0.0,0.0
7536,4.394794957307848e6,9.161504038994929e6,0.0,0.0,0.0,0.0
7537,4.402739431900194e6,9.16319100222357e6,0.0,0.0,0.0,0.0
7538,4.41068390649254e6,9.16487796545221e6,0.0,0.0,0.0,0.0
7539,4.4194595959675945e6,9.165664393907249e6,0.0,0.0,0.0,0.0
7540,4.428235285442649e6,9.166450822362289e6,0.0,0.0,0.0,0.0
7541,4.44074481138378e6,9.16498303408307e6,0.0,0.0,0.0,0.0
7542,4.45325433732491e6,9.163515245803852e6,0.0,0.0,0.0,0.0
7543,4.467298376364652e6,9.164309112884987e6,0.0,0.0,0.0,0.0
7544,4.481342415404394e6,9.165102979966123e6,0.0,0.0,0.0,0.0
7545,4.495021829201351e6,9.168203916261502e6,0.0,0.0,0.0,0.0
7546,4.508701242998308e6,9.171304852556879e6,0.0,0.0,0.0,0.0
7547,4.52170915085056e6,9.174405788852256e6,0.0,0.0,0.0,0.0
7548,4.534717058702812e6,9.177506725147635e6,0.0,0.0,0.0,0.0
7549,4.546798989615297e6,9.180607661443014e6,0.0,0.0,0.0,0.0
7550,4.558880920527782e6,9.18370859773839e6,0.0,0.0,0.0,0.0
7551,4.570932314812474e6,9.186809534033768e6,0.0,0.0,0.0,0.0
7552,4.582983709097165e6,9.189910470329147e6,0.0,0.0,0.0,0.0
7553,4.59572698830277e6,9.193011406624526e6,0.0,0.0,0.0,0.0
7554,4.608470267508375e6,9.196112342919903e6,0.0,0.0,0.0,0.0
7555,4.620812627239704e6,9.19921327921528e6,0.0,0.0,0.0,0.0
7556,4.633154986971033e6,9.202314215510659e6,0.0,0.0,0.0,0.0
7557,4.643971698649237e6,9.201566654762024e6,0.0,0.0,0.0,0.0
7558,4.65478841032744e6,9.20081909401339e6,0.0,0.0,0.0,0.0
7559,4.662975780424267e6,9.198847614103505e6,0.0,0.0,0.0,0.0
7560,4.671163150521094e6,9.196876134193622e6,0.0,0.0,0.0,0.0
7561,4.671934509840623e6,9.193036100488998e6,0.0,0.0,0.0,0.0
7562,4.672705869160152e6,9.189196066784376e6,0.0,0.0,0.0,0.0
7563,4.667667267771475e6,9.185356033079755e6,0.0,0.0,0.0,0.0
7564,4.662628666382798e6,9.181515999375131e6,0.0,0.0,0.0,0.0
7565,4.668837417105144e6,9.177675965670507e6,0.0,0.0,0.0,0.0
7566,4.675046167827491e6,9.173835931965886e6,0.0,0.0,0.0,0.0
7567,4.6884805472514825e6,9.169995898261264e6,0.0,0.0,0.0,0.0
7568,4.701914926675474e6,9.16615586455664e6,0.0,0.0,0.0,0.0
7569,4.714367345893422e6,9.167947891967159e6,0.0,0.0,0.0,0.0
7570,4.726819765111371e6,9.169739919377677e6,0.0,0.0,0.0,0.0
7571,4.7385828034871e6,9.172840855673056e6,0.0,0.0,0.0,0.0
7572,4.7503458418628285e6,9.175941791968433e6,0.0,0.0,0.0,0.0
7573,4.761583472305391e6,9.17904272826381e6,0.0,0.0,0.0,0.0
7574,4.772821102747953e6,9.18214366455919e6,0.0,0.0,0.0,0.0
7575,4.783926757158015e6,9.185244600854568e6,0.0,0.0,0.0,0.0
7576,4.795032411568077e6,9.188345537149945e6,0.0,0.0,0.0,0.0
7577,4.807293296143333e6,9.18817709982667e6,0.0,0.0,0.0,0.0
7578,4.81955418071859e6,9.188008662503393e6,0.0,0.0,0.0,0.0
7579,4.831876254831758e6,9.184168628798772e6,0.0,0.0,0.0,0.0
7580,4.844198328944927e6,9.180328595094148e6,0.0,0.0,0.0,0.0
7581,4.855290882045159e6,9.176488561389524e6,0.0,0.0,0.0,0.0
7582,4.866383435145391e6,9.172648527684903e6,0.0,0.0,0.0,0.0
7583,4.874882295608745e6,9.168808493980281e6,0.0,0.0,0.0,0.0
7584,4.883381156072099e6,9.164968460275657e6,0.0,0.0,0.0,0.0
7585,4.891391523725968e6,9.160179978143312e6,0.0,0.0,0.0,0.0
7586,4.899401891379837e6,9.155391496010967e6,0.0,0.0,0.0,0.0
7587,4.907478229931018e6,9.150603013878621e6,0.0,0.0,0.0,0.0
7588,4.9155545684822e6,9.145814531746276e6,0.0,0.0,0.0,0.0
7589,4.924924605430801e6,9.14102604961393e6,0.0,0.0,0.0,0.0
7590,4.934294642379403e6,9.136237567481585e6,0.0,0.0,0.0,0.0
7591,4.944913256826583e6,9.133324013333194e6,0.0,0.0,0.0,0.0
7592,4.955531871273764e6,9.130410459184801e6,0.0,0.0,0.0,0.0
7593,4.966188545972787e6,9.132562947052456e6,0.0,0.0,0.0,0.0
7594,4.976845220671809e6,9.134715434920112e6,0.0,0.0,0.0,0.0
7595,4.987182124384856e6,9.136867922787767e6,0.0,0.0,0.0,0.0
7596,4.997519028097903e6,9.139020410655422e6,0.0,0.0,0.0,0.0
7597,5.007351057231877e6,9.141172898523077e6,0.0,0.0,0.0,0.0
7598,5.017183086365851e6,9.143325386390733e6,0.0,0.0,0.0,0.0
7599,5.027319819522683e6,9.145477874258388e6,0.0,0.0,0.0,0.0
7600,5.0374565526795145e6,9.147630362126043e6,0.0,0.0,0.0,0.0
7601,5.048735595071241e6,9.149782849993698e6,0.0,0.0,0.0,0.0
7602,5.060014637462967e6,9.151935337861354e6,0.0,0.0,0.0,0.0
7603,5.07165295306857e6,9.147227767355923e6,0.0,0.0,0.0,0.0
7604,5.083291268674173e6,9.142520196850492e6,0.0,0.0,0.0,0.0
7605,5.094405482981592e6,9.137731714718146e6,0.0,0.0,0.0,0.0
7606,5.105519697289011e6,9.1329432325858e6,0.0,0.0,0.0,0.0
7607,5.114578505334019e6,9.128154750453455e6,0.0,0.0,0.0,0.0
7608,5.123637313379026e6,9.12336626832111e6,0.0,0.0,0.0,0.0
7609,5.132319903132152e6,9.118577786188764e6,0.0,0.0,0.0,0.0
7610,5.141002492885279e6,9.113789304056419e6,0.0,0.0,0.0,0.0
7611,5.150073237741195e6,9.109000821924074e6,0.0,0.0,0.0,0.0
7612,5.159143982597111e6,9.104212339791728e6,0.0,0.0,0.0,0.0
7613,5.1708154511538055e6,9.100955117878605e6,0.0,0.0,0.0,0.0
7614,5.1824869197105e6,9.09769789596548e6,0.0,0.0,0.0,0.0
7615,5.196130475600602e6,9.098535109875713e6,0.0,0.0,0.0,0.0
7616,5.209774031490704e6,9.099372323785944e6,0.0,0.0,0.0,0.0
7617,5.223257688873967e6,9.1015248116536e6,0.0,0.0,0.0,0.0
7618,5.236741346257231e6,9.103677299521254e6,0.0,0.0,0.0,0.0
7619,5.249455421565533e6,9.10582978738891e6,0.0,0.0,0.0,0.0
7620,5.262169496873834e6,9.107982275256565e6,0.0,0.0,0.0,0.0
7621,5.274142605517838e6,9.11013476312422e6,0.0,0.0,0.0,0.0
7622,5.286115714161841e6,9.112287250991875e6,0.0,0.0,0.0,0.0
7623,5.298192680001499e6,9.11443973885953e6,0.0,0.0,0.0,0.0
7624,5.310269645841156e6,9.116592226727186e6,0.0,0.0,0.0,0.0
7625,5.323193577184984e6,9.118744714594841e6,0.0,0.0,0.0,0.0
7626,5.336117508528812e6,9.120897202462496e6,0.0,0.0,0.0,0.0
7627,5.348999474459262e6,9.11610872033015e6,0.0,0.0,0.0,0.0
7628,5.361881440389711e6,9.111320238197805e6,0.0,0.0,0.0,0.0
7629,5.3743598119050395e6,9.10653175606546e6,0.0,0.0,0.0,0.0
7630,5.3868381834203685e6,9.101743273933114e6,0.0,0.0,0.0,0.0
7631,5.39739183358567e6,9.096954791800769e6,0.0,0.0,0.0,0.0
7632,5.407945483750972e6,9.092166309668424e6,0.0,0.0,0.0,0.0
7633,5.417405252804854e6,9.087377827536078e6,0.0,0.0,0.0,0.0
7634,5.426865021858736e6,9.082589345403733e6,0.0,0.0,0.0,0.0
7635,5.436010347754892e6,9.077800863271387e6,0.0,0.0,0.0,0.0
7636,5.445155673651048e6,9.073012381139042e6,0.0,0.0,0.0,0.0
7637,5.455048638111576e6,9.068223899006696e6,0.0,0.0,0.0,0.0
7638,5.464941602572104e6,9.063435416874351e6,0.0,0.0,0.0,0.0
7639,5.476047690673754e6,9.060008987164311e6,0.0,0.0,0.0,0.0
7640,5.487153778775402e6,9.05658255745427e6,0.0,0.0,0.0,0.0
7641,5.497940189273298e6,9.058735045321925e6,0.0,0.0,0.0,0.0
7642,5.508726599771192e6,9.06088753318958e6,0.0,0.0,0.0,0.0
7643,5.518662768827333e6,9.063040021057235e6,0.0,0.0,0.0,0.0
7644,5.528598937883474e6,9.06519250892489e6,0.0,0.0,0.0,0.0
7645,5.537984069720547e6,9.067344996792546e6,0.0,0.0,0.0,0.0
7646,5.5473692015576195e6,9.0694974846602e6,0.0,0.0,0.0,0.0
7647,5.556854786855429e6,9.071649972527856e6,0.0,0.0,0.0,0.0
7648,5.566340372153238e6,9.073802460395511e6,0.0,0.0,0.0,0.0
7649,5.576819010229693e6,9.073932025290757e6,0.0,0.0,0.0,0.0
7650,5.587297648306147e6,9.074061590186002e6,0.0,0.0,0.0,0.0
7651,5.597750332359152e6,9.069273108053656e6,0.0,0.0,0.0,0.0
7652,5.608203016412158e6,9.06448462592131e6,0.0,0.0,0.0,0.0
7653,5.618185671308298e6,9.059696143788965e6,0.0,0.0,0.0,0.0
7654,5.628168326204437e6,9.05490766165662e6,0.0,0.0,0.0,0.0
7655,5.636335405896917e6,9.050119179524275e6,0.0,0.0,0.0,0.0
7656,5.644502485589398e6,9.04533069739193e6,0.0,0.0,0.0,0.0
7657,5.6518909871064e6,9.040542215259584e6,0.0,0.0,0.0,0.0
7658,5.659279488623401e6,9.035753733127238e6,0.0,0.0,0.0,0.0
7659,5.666107641592601e6,9.030965250994893e6,0.0,0.0,0.0,0.0
7660,5.672935794561802e6,9.026176768862547e6,0.0,0.0,0.0,0.0
7661,5.680128139230644e6,9.021388286730202e6,0.0,0.0,0.0,0.0
7662,5.687320483899486e6,9.016599804597856e6,0.0,0.0,0.0,0.0
7663,5.695666006571095e6,9.013009298306566e6,0.0,0.0,0.0,0.0
7664,5.704011529242706e6,9.009418792015275e6,0.0,0.0,0.0,0.0
7665,5.712469213486096e6,9.011528299018867e6,0.0,0.0,0.0,0.0
7666,5.720926897729485e6,9.013637806022458e6,0.0,0.0,0.0,0.0
7667,5.728884993355424e6,9.015790293890113e6,0.0,0.0,0.0,0.0
7668,5.736843088981363e6,9.017942781757768e6,0.0,0.0,0.0,0.0
7669,5.744536808325046e6,9.020095269625423e6,0.0,0.0,0.0,0.0
7670,5.7522305276687285e6,9.022247757493079e6,0.0,0.0,0.0,0.0
7671,5.760667750203428e6,9.024400245360734e6,0.0,0.0,0.0,0.0
7672,5.769104972738127e6,9.02655273322839e6,0.0,0.0,0.0,0.0
7673,5.778908409699603e6,9.024413518153597e6,0.0,0.0,0.0,0.0
7674,5.788711846661079e6,9.022274303078804e6,0.0,0.0,0.0,0.0
7675,5.799506252309604e6,9.017485820946459e6,0.0,0.0,0.0,0.0
7676,5.8103006579581285e6,9.012697338814113e6,0.0,0.0,0.0,0.0
7677,5.820924265631432e6,9.007908856681768e6,0.0,0.0,0.0,0.0
7678,5.831547873304735e6,9.003120374549422e6,0.0,0.0,0.0,0.0
7679,5.840234319702919e6,8.998331892417077e6,0.0,0.0,0.0,0.0
7680,5.848920766101102e6,8.993543410284732e6,0.0,0.0,0.0,0.0
7681,5.85732901992436e6,8.988754928152386e6,0.0,0.0,0.0,0.0
7682,5.865737273747618e6,8.98396644602004e6,0.0,0.0,0.0,0.0
7683,5.874951962841762e6,8.979177963887695e6,0.0,0.0,0.0,0.0
7684,5.884166651935907e6,8.97438948175535e6,0.0,0.0,0.0,0.0
7685,5.897699898524807e6,8.969600999623004e6,0.0,0.0,0.0,0.0
7686,5.911233145113707e6,8.964812517490659e6,0.0,0.0,0.0,0.0
7687,5.925657965328286e6,8.960024035358313e6,0.0,0.0,0.0,0.0
7688,5.940082785542866e6,8.955235553225968e6,0.0,0.0,0.0,0.0
7689,5.953642038064871e6,8.955931763497204e6,0.0,0.0,0.0,0.0
7690,5.967201290586876e6,8.956627973768441e6,0.0,0.0,0.0,0.0
7691,5.980042268379476e6,8.958780461636096e6,0.0,0.0,0.0,0.0
7692,5.992883246172077e6,8.960932949503751e6,0.0,0.0,0.0,0.0
7693,6.005352263361128e6,8.963085437371407e6,0.0,0.0,0.0,0.0
7694,6.017821280550178e6,8.965237925239062e6,0.0,0.0,0.0,0.0
7695,6.0302068430911405e6,8.967390413106717e6,0.0,0.0,0.0,0.0
7696,6.042592405632103e6,8.969542900974372e6,0.0,0.0,0.0,0.0
7697,6.0556966239468735e6,8.971695388842028e6,0.0,0.0,0.0,0.0
7698,6.068800842261643e6,8.973847876709683e6,0.0,0.0,0.0,0.0
7699,6.081574810314593e6,8.96959790525306e6,0.0,0.0,0.0,0.0
7700,6.094348778367543e6,8.965347933796437e6,0.0,0.0,0.0,0.0
7701,6.105089980661515e6,8.960559451664092e6,0.0,0.0,0.0,0.0
7702,6.115831182955488e6,8.955770969531747e6,0.0,0.0,0.0,0.0
7703,6.124502271468353e6,8.950982487399401e6,0.0,0.0,0.0,0.0
7704,6.133173359981219e6,8.946194005267056e6,0.0,0.0,0.0,0.0
7705,6.1412950580690075e6,8.94140552313471e6,0.0,0.0,0.0,0.0
7706,6.149416756156796e6,8.936617041002365e6,0.0,0.0,0.0,0.0
7707,6.158198697578573e6,8.93182855887002e6,0.0,0.0,0.0,0.0
7708,6.16698063900035e6,8.927040076737674e6,0.0,0.0,0.0,0.0
7709,6.179325004004272e6,8.923689258920513e6,0.0,0.0,0.0,0.0
7710,6.191669369008193e6,8.920338441103352e6,0.0,0.0,0.0,0.0
7711,6.205676786647003e6,8.922490928971007e6,0.0,0.0,0.0,0.0
7712,6.2196842042858135e6,8.924643416838663e6,0.0,0.0,0.0,0.0
7713,6.233030792121075e6,8.926795904706318e6,0.0,0.0,0.0,0.0
7714,6.246377379956336e6,8.928948392573973e6,0.0,0.0,0.0,0.0
7715,6.259120865968005e6,8.931100880441628e6,0.0,0.0,0.0,0.0
7716,6.271864351979674e6,8.933253368309284e6,0.0,0.0,0.0,0.0
7717,6.284047713501576e6,8.935405856176939e6,0.0,0.0,0.0,0.0
7718,6.29623107502348e6,8.937558344044594e6,0.0,0.0,0.0,0.0
7719,6.308231396315306e6,8.93971083191225e6,0.0,0.0,0.0,0.0
7720,6.320231717607133e6,8.941863319779905e6,0.0,0.0,0.0,0.0
7721,6.333154910920848e6,8.94401580764756e6,0.0,0.0,0.0,0.0
7722,6.346078104234563e6,8.946168295515215e6,0.0,0.0,0.0,0.0
7723,6.358794605653958e6,8.94832078338287e6,0.0,0.0,0.0,0.0
7724,6.371511107073353e6,8.950473271250525e6,0.0,0.0,0.0,0.0
7725,6.382938005742032e6,8.95262575911818e6,0.0,0.0,0.0,0.0
7726,6.394364904410712e6,8.954778246985836e6,0.0,0.0,0.0,0.0
7727,6.403507787320329e6,8.956095126359731e6,0.0,0.0,0.0,0.0
7728,6.412650670229946e6,8.957412005733628e6,0.0,0.0,0.0,0.0
7729,6.386460489546601e6,8.952623523601282e6,0.0,0.0,0.0,0.0
7730,6.360270308863254e6,8.947835041468937e6,0.0,0.0,0.0,0.0
7731,6.3285526215676125e6,8.943046559336592e6,0.0,0.0,0.0,0.0
7732,6.296834934271972e6,8.938258077204246e6,0.0,0.0,0.0,0.0
7733,6.268028456523049e6,8.9334695950719e6,0.0,0.0,0.0,0.0
7734,6.239221978774126e6,8.928681112939555e6,0.0,0.0,0.0,0.0
7735,6.253044479917984e6,8.925969940580567e6,0.0,0.0,0.0,0.0
7736,6.266866981061842e6,8.92325876822158e6,0.0,0.0,0.0,0.0
7737,6.280246143058417e6,8.925411256089235e6,0.0,0.0,0.0,0.0
7738,6.293625305054993e6,8.92756374395689e6,0.0,0.0,0.0,0.0
7739,6.306605962762092e6,8.929716231824545e6,0.0,0.0,0.0,0.0
7740,6.319586620469191e6,8.9318687196922e6,0.0,0.0,0.0,0.0
7741,6.332348385123008e6,8.934021207559856e6,0.0,0.0,0.0,0.0
7742,6.345110149776825e6,8.93617369542751e6,0.0,0.0,0.0,0.0
7743,6.3579152238747785e6,8.938326183295166e6,0.0,0.0,0.0,0.0
7744,6.370720297972732e6,8.940478671162821e6,0.0,0.0,0.0,0.0
7745,6.384209321844646e6,8.942631159030477e6,0.0,0.0,0.0,0.0
7746,6.397698345716559e6,8.944783646898132e6,0.0,0.0,0.0,0.0
7747,6.410994337444043e6,8.939995164765786e6,0.0,0.0,0.0,0.0
7748,6.424290329171526e6,8.935206682633441e6,0.0,0.0,0.0,0.0
7749,6.436460475459973e6,8.930418200501096e6,0.0,0.0,0.0,0.0
7750,6.44863062174842e6,8.92562971836875e6,0.0,0.0,0.0,0.0
7751,6.416389509191227e6,8.920841236236405e6,0.0,0.0,0.0,0.0
7752,6.384148396634034e6,8.91605275410406e6,0.0,0.0,0.0,0.0
7753,6.351572714944767e6,8.912426019763228e6,0.0,0.0,0.0,0.0
7754,6.318997033255501e6,8.908799285422396e6,0.0,0.0,0.0,0.0
7755,6.287104768179434e6,8.905172551081564e6,0.0,0.0,0.0,0.0
7756,6.255212503103368e6,8.901545816740733e6,0.0,0.0,0.0,0.0
7757,6.228521968332918e6,8.897919082399901e6,0.0,0.0,0.0,0.0
7758,6.20183143356247e6,8.89429234805907e6,0.0,0.0,0.0,0.0
7759,6.215906067254271e6,8.895850996428695e6,0.0,0.0,0.0,0.0
7760,6.229980700946073e6,8.89740964479832e6,0.0,0.0,0.0,0.0
7761,6.243321289794627e6,8.900723880457489e6,0.0,0.0,0.0,0.0
7762,6.25666187864318e6,8.904038116116658e6,0.0,0.0,0.0,0.0
7763,6.269870801627312e6,8.907352351775827e6,0.0,0.0,0.0,0.0
7764,6.2830797246114435e6,8.910666587434996e6,0.0,0.0,0.0,0.0
7765,6.295829888877466e6,8.913980823094165e6,0.0,0.0,0.0,0.0
7766,6.308580053143489e6,8.917295058753334e6,0.0,0.0,0.0,0.0
7767,6.321029387923602e6,8.920609294412503e6,0.0,0.0,0.0,0.0
7768,6.333478722703714e6,8.923923530071672e6,0.0,0.0,0.0,0.0
7769,6.335145016323465e6,8.924935267536331e6,0.0,0.0,0.0,0.0
7770,6.336811309943216e6,8.925947005000988e6,0.0,0.0,0.0,0.0
7771,6.349969376588938e6,8.922320270660156e6,0.0,0.0,0.0,0.0
7772,6.36312744323466e6,8.918693536319325e6,0.0,0.0,0.0,0.0
7773,6.37499072724317e6,8.915066801978493e6,0.0,0.0,0.0,0.0
7774,6.3868540112516815e6,8.911440067637661e6,0.0,0.0,0.0,0.0
7775,6.39612967644067e6,8.90781333329683e6,0.0,0.0,0.0,0.0
7776,6.405405341629659e6,8.904186598955998e6,0.0,0.0,0.0,0.0
7777,6.371994204952477e6,8.900559864615167e6,0.0,0.0,0.0,0.0
7778,6.338583068275295e6,8.896933130274335e6,0.0,0.0,0.0,0.0
7779,6.305652691145727e6,8.893306395933503e6,0.0,0.0,0.0,0.0
7780,6.27272231401616e6,8.889679661592672e6,0.0,0.0,0.0,0.0
7781,6.243449695060432e6,8.88605292725184e6,0.0,0.0,0.0,0.0
7782,6.214177076104705e6,8.882426192911008e6,0.0,0.0,0.0,0.0
7783,6.227886447562227e6,8.88407722444383e6,0.0,0.0,0.0,0.0
7784,6.241595819019749e6,8.88572825597665e6,0.0,0.0,0.0,0.0
7785,6.254594573694572e6,8.88904249163582e6,0.0,0.0,0.0,0.0
7786,6.267593328369395e6,8.892356727294989e6,0.0,0.0,0.0,0.0
7787,6.279731339954061e6,8.895670962954158e6,0.0,0.0,0.0,0.0
7788,6.291869351538727e6,8.898985198613327e6,0.0,0.0,0.0,0.0
7789,6.303313761476328e6,8.902299434272496e6,0.0,0.0,0.0,0.0
7790,6.314758171413928e6,8.905613669931665e6,0.0,0.0,0.0,0.0
7791,6.326219736857949e6,8.908927905590834e6,0.0,0.0,0.0,0.0
7792,6.337681302301968e6,8.912242141250003e6,0.0,0.0,0.0,0.0
7793,6.349738806098381e6,8.915556376909172e6,0.0,0.0,0.0,0.0
7794,6.361796309894794e6,8.918870612568341e6,0.0,0.0,0.0,0.0
7795,6.373463222121973e6,8.91524387822751e6,0.0,0.0,0.0,0.0
7796,6.3851301343491515e6,8.911617143886678e6,0.0,0.0,0.0,0.0
7797,6.395926479143949e6,8.910432274903778e6,0.0,0.0,0.0,0.0
7798,6.406722823938748e6,8.90924740592088e6,0.0,0.0,0.0,0.0
7799,6.41506470396123e6,8.908577311232733e6,0.0,0.0,0.0,0.0
7800,6.423406583983712e6,8.907907216544585e6,0.0,0.0,0.0,0.0
7801,6.431255696411833e6,8.911221452203754e6,0.0,0.0,0.0,0.0
7802,6.439104808839954e6,8.914535687862923e6,0.0,0.0,0.0,0.0
7803,6.446575603406359e6,8.910908953522092e6,0.0,0.0,0.0,0.0
7804,6.454046397972764e6,8.90728221918126e6,0.0,0.0,0.0,0.0
7805,6.462678565383427e6,8.903655484840428e6,0.0,0.0,0.0,0.0
7806,6.47131073279409e6,8.900028750499597e6,0.0,0.0,0.0,0.0
7807,6.481651453269142e6,8.899288830124475e6,0.0,0.0,0.0,0.0
7808,6.491992173744193e6,8.898548909749355e6,0.0,0.0,0.0,0.0
7809,6.502699370069163e6,8.901863145408524e6,0.0,0.0,0.0,0.0
7810,6.5134065663941335e6,8.905177381067693e6,0.0,0.0,0.0,0.0
7811,6.523717135957917e6,8.908491616726862e6,0.0,0.0,0.0,0.0
7812,6.534027705521701e6,8.911805852386031e6,0.0,0.0,0.0,0.0
7813,6.543522646796438e6,8.9151200880452e6,0.0,0.0,0.0,0.0
7814,6.553017588071175e6,8.91843432370437e6,0.0,0.0,0.0,0.0
7815,6.562804031544389e6,8.921748559363538e6,0.0,0.0,0.0,0.0
7816,6.572590475017603e6,8.925062795022707e6,0.0,0.0,0.0,0.0
7817,6.583646876661029e6,8.928377030681876e6,0.0,0.0,0.0,0.0
7818,6.594703278304456e6,8.931691266341045e6,0.0,0.0,0.0,0.0
7819,6.602443189935324e6,8.934506914039107e6,0.0,0.0,0.0,0.0
7820,6.610183101566192e6,8.937322561737169e6,0.0,0.0,0.0,0.0
7821,6.621491147956928e6,8.933695827396337e6,0.0,0.0,0.0,0.0
7822,6.632799194347665e6,8.930069093055505e6,0.0,0.0,0.0,0.0
7823,6.641962819545634e6,8.933025033921018e6,0.0,0.0,0.0,0.0
7824,6.651126444743604e6,8.935980974786531e6,0.0,0.0,0.0,0.0
7825,6.6593701469464265e6,8.93320762411433e6,0.0,0.0,0.0,0.0
7826,6.667613849149249e6,8.930434273442129e6,0.0,0.0,0.0,0.0
7827,6.675471258730063e6,8.928606189346988e6,0.0,0.0,0.0,0.0
7828,6.683328668310878e6,8.926778105251845e6,0.0,0.0,0.0,0.0
7829,6.691333907373931e6,8.925544558150569e6,0.0,0.0,0.0,0.0
7830,6.699339146436985e6,8.924311011049293e6,0.0,0.0,0.0,0.0
7831,6.708948267711038e6,8.927625246708462e6,0.0,0.0,0.0,0.0
7832,6.71855738898509e6,8.930939482367631e6,0.0,0.0,0.0,0.0
7833,6.728838641506984e6,8.9342537180268e6,0.0,0.0,0.0,0.0
7834,6.739119894028878e6,8.93756795368597e6,0.0,0.0,0.0,0.0
7835,6.7490940975500345e6,8.940882189345138e6,0.0,0.0,0.0,0.0
7836,6.759068301071191e6,8.944196425004307e6,0.0,0.0,0.0,0.0
7837,6.768331369424939e6,8.947510660663476e6,0.0,0.0,0.0,0.0
7838,6.777594437778686e6,8.950824896322645e6,0.0,0.0,0.0,0.0
7839,6.787296196401749e6,8.954139131981814e6,0.0,0.0,0.0,0.0
7840,6.796997955024811e6,8.957453367640983e6,0.0,0.0,0.0,0.0
7841,6.80838941829109e6,8.960767603300152e6,0.0,0.0,0.0,0.0
7842,6.81978088155737e6,8.964081838959321e6,0.0,0.0,0.0,0.0
7843,6.821342278092852e6,8.96045510461849e6,0.0,0.0,0.0,0.0
7844,6.822903674628333e6,8.956828370277658e6,0.0,0.0,0.0,0.0
7845,6.834629645588882e6,8.953201635936826e6,0.0,0.0,0.0,0.0
7846,6.846355616549431e6,8.949574901595995e6,0.0,0.0,0.0,0.0
7847,6.855245372079024e6,8.945948167255163e6,0.0,0.0,0.0,0.0
7848,6.864135127608617e6,8.942321432914332e6,0.0,0.0,0.0,0.0
7849,6.87196936795569e6,8.9386946985735e6,0.0,0.0,0.0,0.0
7850,6.879803608302764e6,8.935067964232668e6,0.0,0.0,0.0,0.0
7851,6.887861834678344e6,8.931760660319557e6,0.0,0.0,0.0,0.0
7852,6.895920061053925e6,8.928453356406447e6,0.0,0.0,0.0,0.0
7853,6.906696214914255e6,8.931767592065616e6,0.0,0.0,0.0,0.0
7854,6.917472368774585e6,8.935081827724785e6,0.0,0.0,0.0,0.0
7855,6.929821302744236e6,8.935672352020137e6,0.0,0.0,0.0,0.0
7856,6.942170236713886e6,8.936262876315491e6,0.0,0.0,0.0,0.0
7857,6.954863436372874e6,8.93957711197466e6,0.0,0.0,0.0,0.0
7858,6.967556636031861e6,8.94289134763383e6,0.0,0.0,0.0,0.0
7859,6.9798622114978675e6,8.946205583292998e6,0.0,0.0,0.0,0.0
7860,6.992167786963874e6,8.949519818952167e6,0.0,0.0,0.0,0.0
7861,7.004037338462371e6,8.952834054611336e6,0.0,0.0,0.0,0.0
7862,7.01590688996087e6,8.956148290270505e6,0.0,0.0,0.0,0.0
7863,7.027937463715168e6,8.959462525929675e6,0.0,0.0,0.0,0.0
7864,7.039968037469464e6,8.962776761588844e6,0.0,0.0,0.0,0.0
7865,7.028438301441665e6,8.966090997248013e6,0.0,0.0,0.0,0.0
7866,7.016908565413865e6,8.969405232907182e6,0.0,0.0,0.0,0.0
7867,6.987813568298256e6,8.97271946856635e6,0.0,0.0,0.0,0.0
7868,6.958718571182647e6,8.97603370422552e6,0.0,0.0,0.0,0.0
7869,6.970634565251952e6,8.975238449466586e6,0.0,0.0,0.0,0.0
7870,6.982550559321257e6,8.97444319470765e6,0.0,0.0,0.0,0.0
7871,6.992472166823441e6,8.97306839510886e6,0.0,0.0,0.0,0.0
7872,7.002393774325626e6,8.97169359551007e6,0.0,0.0,0.0,0.0
7873,6.969778944479022e6,8.968066861169238e6,0.0,0.0,0.0,0.0
7874,6.937164114632418e6,8.964440126828406e6,0.0,0.0,0.0,0.0
7875,6.946949169073382e6,8.967754362487575e6,0.0,0.0,0.0,0.0
7876,6.956734223514346e6,8.971068598146744e6,0.0,0.0,0.0,0.0
7877,6.927713324915616e6,8.974382833805913e6,0.0,0.0,0.0,0.0
7878,6.898692426316886e6,8.977697069465082e6,0.0,0.0,0.0,0.0
7879,6.913229516215786e6,8.979428231038535e6,0.0,0.0,0.0,0.0
7880,6.927766606114686e6,8.981159392611988e6,0.0,0.0,0.0,0.0
7881,6.941931291128153e6,8.984473628271157e6,0.0,0.0,0.0,0.0
7882,6.95609597614162e6,8.987787863930326e6,0.0,0.0,0.0,0.0
7883,6.969649160418299e6,8.991102099589495e6,0.0,0.0,0.0,0.0
7884,6.983202344694978e6,8.994416335248664e6,0.0,0.0,0.0,0.0
7885,6.996173264174594e6,8.997730570907833e6,0.0,0.0,0.0,0.0
7886,7.009144183654209e6,9.001044806567002e6,0.0,0.0,0.0,0.0
7887,7.021655692353638e6,9.004359042226171e6,0.0,0.0,0.0,0.0
7888,7.034167201053068e6,9.00767327788534e6,0.0,0.0,0.0,0.0
7889,7.046890273513157e6,9.01098751354451e6,0.0,0.0,0.0,0.0
7890,7.059613345973245e6,9.014301749203678e6,0.0,0.0,0.0,0.0
7891,7.0720267018834585e6,9.016308045470443e6,0.0,0.0,0.0,0.0
7892,7.084440057793672e6,9.018314341737205e6,0.0,0.0,0.0,0.0
7893,7.095579378132054e6,9.018081318218015e6,0.0,0.0,0.0,0.0
7894,7.106718698470435e6,9.017848294698823e6,0.0,0.0,0.0,0.0
7895,7.115523917903703e6,9.019781496938795e6,0.0,0.0,0.0,0.0
7896,7.12432913733697e6,9.021714699178768e6,0.0,0.0,0.0,0.0
7897,7.096133297598813e6,9.018087964837937e6,0.0,0.0,0.0,0.0
7898,7.067937457860654e6,9.014461230497105e6,0.0,0.0,0.0,0.0
7899,7.034858823179053e6,9.010834496156273e6,0.0,0.0,0.0,0.0
7900,7.001780188497453e6,9.007207761815442e6,0.0,0.0,0.0,0.0
7901,6.978251080429226e6,9.004260248245314e6,0.0,0.0,0.0,0.0
7902,6.954721972360998e6,9.001312734675186e6,0.0,0.0,0.0,0.0
7903,6.968328702161739e6,9.00053289804294e6,0.0,0.0,0.0,0.0
7904,6.981935431962478e6,8.999753061410692e6,0.0,0.0,0.0,0.0
7905,6.995026157249073e6,9.00306729706986e6,0.0,0.0,0.0,0.0
7906,7.008116882535667e6,9.00638153272903e6,0.0,0.0,0.0,0.0
7907,7.021013184462101e6,9.009695768388199e6,0.0,0.0,0.0,0.0
7908,7.033909486388535e6,9.013010004047368e6,0.0,0.0,0.0,0.0
7909,7.0461017233574325e6,9.016324239706537e6,0.0,0.0,0.0,0.0
7910,7.05829396032633e6,9.019638475365706e6,0.0,0.0,0.0,0.0
7911,7.070280399667508e6,9.022952711024875e6,0.0,0.0,0.0,0.0
7912,7.082266839008686e6,9.026266946684044e6,0.0,0.0,0.0,0.0
7913,7.094871915983942e6,9.024177172883179e6,0.0,0.0,0.0,0.0
7914,7.107476992959199e6,9.022087399082312e6,0.0,0.0,0.0,0.0
7915,7.120292761351768e6,9.01846066474148e6,0.0,0.0,0.0,0.0
7916,7.133108529744337e6,9.01483393040065e6,0.0,0.0,0.0,0.0
7917,7.144860488303633e6,9.011207196059817e6,0.0,0.0,0.0,0.0
7918,7.156612446862929e6,9.007580461718986e6,0.0,0.0,0.0,0.0
7919,7.165977914071662e6,9.003953727378154e6,0.0,0.0,0.0,0.0
7920,7.175343381280397e6,9.000326993037323e6,0.0,0.0,0.0,0.0
7921,7.184066138914479e6,8.996701016805425e6,0.0,0.0,0.0,0.0
7922,7.19278889654856e6,8.99307504057353e6,0.0,0.0,0.0,0.0
7923,7.201788098943727e6,8.989449064341635e6,0.0,0.0,0.0,0.0
7924,7.210787301338894e6,8.985823088109737e6,0.0,0.0,0.0,0.0
7925,7.2228124235981535e6,8.983859727084473e6,0.0,0.0,0.0,0.0
7926,7.234837545857413e6,8.981896366059208e6,0.0,0.0,0.0,0.0
7927,7.248234432307679e6,8.979969274081409e6,0.0,0.0,0.0,0.0
7928,7.261631318757946e6,8.97804218210361e6,0.0,0.0,0.0,0.0
7929,7.274316089677315e6,8.97869754016793e6,0.0,0.0,0.0,0.0
7930,7.287000860596684e6,8.97935289823225e6,0.0,0.0,0.0,0.0
7931,7.299075614968559e6,8.982667892000353e6,0.0,0.0,0.0,0.0
7932,7.311150369340433e6,8.985982885768456e6,0.0,0.0,0.0,0.0
7933,7.322920098679967e6,8.98929787953656e6,0.0,0.0,0.0,0.0
7934,7.334689828019501e6,8.992612873304663e6,0.0,0.0,0.0,0.0
7935,7.346608471563058e6,8.995927867072767e6,0.0,0.0,0.0,0.0
7936,7.358527115106615e6,8.99924286084087e6,0.0,0.0,0.0,0.0
7937,7.371055426851774e6,8.99851102348394e6,0.0,0.0,0.0,0.0
7938,7.383583738596933e6,8.99777918612701e6,0.0,0.0,0.0,0.0
7939,7.396391699980971e6,8.994153209895115e6,0.0,0.0,0.0,0.0
7940,7.40919966136501e6,8.990527233663218e6,0.0,0.0,0.0,0.0
7941,7.420824596244803e6,8.98690125743132e6,0.0,0.0,0.0,0.0
7942,7.4324495311245965e6,8.983275281199425e6,0.0,0.0,0.0,0.0
7943,7.44141354386181e6,8.97964930496753e6,0.0,0.0,0.0,0.0
7944,7.450377556599023e6,8.976023328735633e6,0.0,0.0,0.0,0.0
7945,7.458833723114613e6,8.972397352503736e6,0.0,0.0,0.0,0.0
7946,7.467289889630205e6,8.96877137627184e6,0.0,0.0,0.0,0.0
7947,7.476108182453639e6,8.965145400039945e6,0.0,0.0,0.0,0.0
7948,7.484926475277073e6,8.961519423808048e6,0.0,0.0,0.0,0.0
7949,7.4972770515270075e6,8.95789344757615e6,0.0,0.0,0.0,0.0
7950,7.509627627776942e6,8.954267471344255e6,0.0,0.0,0.0,0.0
7951,7.523422267555376e6,8.95064149511236e6,0.0,0.0,0.0,0.0
7952,7.537216907333809e6,8.947015518880462e6,0.0,0.0,0.0,0.0
7953,7.5501957178166825e6,8.945192843371157e6,0.0,0.0,0.0,0.0
7954,7.563174528299557e6,8.94337016786185e6,0.0,0.0,0.0,0.0
7955,7.575468588463138e6,8.946313728509482e6,0.0,0.0,0.0,0.0
7956,7.587762648626719e6,8.949257289157113e6,0.0,0.0,0.0,0.0
7957,7.599492001874205e6,8.952572282925216e6,0.0,0.0,0.0,0.0
7958,7.61122135512169e6,8.95588727669332e6,0.0,0.0,0.0,0.0
7959,7.6230222552494e6,8.959202270461423e6,0.0,0.0,0.0,0.0
7960,7.63482315537711e6,8.962517264229527e6,0.0,0.0,0.0,0.0
7961,7.64763179226416e6,8.964299613488216e6,0.0,0.0,0.0,0.0
7962,7.660440429151209e6,8.966081962746903e6,0.0,0.0,0.0,0.0
7963,7.672990507677199e6,8.962455986515008e6,0.0,0.0,0.0,0.0
7964,7.68554058620319e6,8.95883001028311e6,0.0,0.0,0.0,0.0
7965,7.696953884437616e6,8.955204034051213e6,0.0,0.0,0.0,0.0
7966,7.708367182672042e6,8.951578057819318e6,0.0,0.0,0.0,0.0
7967,7.717542779707628e6,8.947952081587423e6,0.0,0.0,0.0,0.0
7968,7.726718376743214e6,8.944326105355525e6,0.0,0.0,0.0,0.0
7969,7.734957348775361e6,8.940700129123628e6,0.0,0.0,0.0,0.0
7970,7.743196320807506e6,8.937074152891733e6,0.0,0.0,0.0,0.0
7971,7.751368972320743e6,8.933448176659837e6,0.0,0.0,0.0,0.0
7972,7.759541623833979e6,8.92982220042794e6,0.0,0.0,0.0,0.0
7973,7.768648871028457e6,8.926196224196043e6,0.0,0.0,0.0,0.0
7974,7.777756118222935e6,8.922570247964147e6,0.0,0.0,0.0,0.0
7975,7.788550491069853e6,8.918944271732252e6,0.0,0.0,0.0,0.0
7976,7.799344863916772e6,8.915318295500355e6,0.0,0.0,0.0,0.0
7977,7.810082139258187e6,8.916135418708956e6,0.0,0.0,0.0,0.0
7978,7.820819414599602e6,8.916952541917557e6,0.0,0.0,0.0,0.0
7979,7.8309180176838925e6,8.92026753568566e6,0.0,0.0,0.0,0.0
7980,7.841016620768183e6,8.923582529453764e6,0.0,0.0,0.0,0.0
7981,7.850767329280441e6,8.926897523221867e6,0.0,0.0,0.0,0.0
7982,7.8605180377926985e6,8.93021251698997e6,0.0,0.0,0.0,0.0
7983,7.870341475173741e6,8.933527510758074e6,0.0,0.0,0.0,0.0
7984,7.880164912554783e6,8.936842504526177e6,0.0,0.0,0.0,0.0
7985,7.890786432345639e6,8.94015749829428e6,0.0,0.0,0.0,0.0
7986,7.901407952136495e6,8.943472492062384e6,0.0,0.0,0.0,0.0
7987,7.912155321951536e6,8.939846515830487e6,0.0,0.0,0.0,0.0
7988,7.922902691766579e6,8.936220539598592e6,0.0,0.0,0.0,0.0
7989,7.933654875790998e6,8.932594563366696e6,0.0,0.0,0.0,0.0
7990,7.944407059815419e6,8.928968587134799e6,0.0,0.0,0.0,0.0
7991,7.952998515843102e6,8.925342610902902e6,0.0,0.0,0.0,0.0
7992,7.961589971870785e6,8.921716634671006e6,0.0,0.0,0.0,0.0
7993,7.968959448270806e6,8.918090658439111e6,0.0,0.0,0.0,0.0
7994,7.976328924670828e6,8.914464682207214e6,0.0,0.0,0.0,0.0
7995,7.983728533663069e6,8.910838705975316e6,0.0,0.0,0.0,0.0
7996,7.99112814265531e6,8.907212729743421e6,0.0,0.0,0.0,0.0
7997,7.998917802480908e6,8.903586753511526e6,0.0,0.0,0.0,0.0
7998,8.006707462306507e6,8.899960777279628e6,0.0,0.0,0.0,0.0
7999,8.015676585208059e6,8.896334801047731e6,0.0,0.0,0.0,0.0
8000,8.024645708109612e6,8.892708824815836e6,0.0,0.0,0.0,0.0
8001,8.03402205724201e6,8.89386872940766e6,0.0,0.0,0.0,0.0
8002,8.043398406374408e6,8.895028633999486e6,0.0,0.0,0.0,0.0
8003,8.052577338820936e6,8.898343627767589e6,0.0,0.0,0.0,0.0
8004,8.061756271267464e6,8.901658621535692e6,0.0,0.0,0.0,0.0
8005,8.070383523943688e6,8.904973615303796e6,0.0,0.0,0.0,0.0
8006,8.079010776619911e6,8.9082886090719e6,0.0,0.0,0.0,0.0
8007,8.088057981049357e6,8.911603602840003e6,0.0,0.0,0.0,0.0
8008,8.097105185478804e6,8.914918596608106e6,0.0,0.0,0.0,0.0
8009,8.107117548967471e6,8.914936129895065e6,0.0,0.0,0.0,0.0
8010,8.117129912456139e6,8.914953663182026e6,0.0,0.0,0.0,0.0
8011,8.12741822752311e6,8.911327686950129e6,0.0,0.0,0.0,0.0
8012,8.137706542590081e6,8.907701710718233e6,0.0,0.0,0.0,0.0
8013,8.147535000671049e6,8.904075734486338e6,0.0,0.0,0.0,0.0
8014,8.157363458752017e6,8.90044975825444e6,0.0,0.0,0.0,0.0
8015,8.1652448821855355e6,8.896823782022543e6,0.0,0.0,0.0,0.0
8016,8.1731263056190545e6,8.893197805790648e6,0.0,0.0,0.0,0.0
8017,8.18062626775812e6,8.889571829558752e6,0.0,0.0,0.0,0.0
8018,8.188126229897185e6,8.885945853326855e6,0.0,0.0,0.0,0.0
8019,8.196146304034639e6,8.882319877094958e6,0.0,0.0,0.0,0.0
8020,8.204166378172092e6,8.878693900863063e6,0.0,0.0,0.0,0.0
8021,8.215512345662865e6,8.875067924631167e6,0.0,0.0,0.0,0.0
8022,8.226858313153638e6,8.87144194839927e6,0.0,0.0,0.0,0.0
8023,8.2396055306598935e6,8.867815972167373e6,0.0,0.0,0.0,0.0
8024,8.2523527481661495e6,8.864189995935477e6,0.0,0.0,0.0,0.0
8025,8.264899558132833e6,8.86750498970358e6,0.0,0.0,0.0,0.0
8026,8.277446368099517e6,8.870819983471684e6,0.0,0.0,0.0,0.0
8027,8.289668493141153e6,8.874134977239788e6,0.0,0.0,0.0,0.0
8028,8.301890618182789e6,8.877449971007891e6,0.0,0.0,0.0,0.0
8029,8.313687010453783e6,8.880764964775994e6,0.0,0.0,0.0,0.0
8030,8.325483402724776e6,8.884079958544098e6,0.0,0.0,0.0,0.0
8031,8.337064983316695e6,8.887394952312201e6,0.0,0.0,0.0,0.0
8032,8.348646563908614e6,8.890709946080305e6,0.0,0.0,0.0,0.0
8033,8.360793020833109e6,8.894024939848408e6,0.0,0.0,0.0,0.0
8034,8.372939477757603e6,8.897339933616512e6,0.0,0.0,0.0,0.0
8035,8.385208053598758e6,8.893713957384616e6,0.0,0.0,0.0,0.0
8036,8.397476629439913e6,8.890087981152719e6,0.0,0.0,0.0,0.0
8037,8.40878708438931e6,8.886462004920822e6,0.0,0.0,0.0,0.0
8038,8.420097539338708e6,8.882836028688926e6,0.0,0.0,0.0,0.0
8039,8.42889963487196e6,8.87921005245703e6,0.0,0.0,0.0,0.0
8040,8.437701730405211e6,8.875584076225134e6,0.0,0.0,0.0,0.0
8041,8.445648851964476e6,8.871958099993236e6,0.0,0.0,0.0,0.0
8042,8.45359597352374e6,8.868332123761341e6,0.0,0.0,0.0,0.0
8043,8.461737394925525e6,8.864706147529446e6,0.0,0.0,0.0,0.0
8044,8.469878816327311e6,8.861080171297548e6,0.0,0.0,0.0,0.0
8045,8.481159882837947e6,8.857454195065651e6,0.0,0.0,0.0,0.0
8046,8.492440949348584e6,8.853828218833756e6,0.0,0.0,0.0,0.0
8047,8.505317264167216e6,8.851017651392743e6,0.0,0.0,0.0,0.0
8048,8.51819357898585e6,8.848207083951728e6,0.0,0.0,0.0,0.0
8049,8.530115894885514e6,8.851522077719832e6,0.0,0.0,0.0,0.0
8050,8.542038210785178e6,8.854837071487935e6,0.0,0.0,0.0,0.0
8051,8.552725133218031e6,8.858152065256039e6,0.0,0.0,0.0,0.0
8052,8.563412055650886e6,8.861467059024142e6,0.0,0.0,0.0,0.0
8053,8.573917690161929e6,8.864782052792246e6,0.0,0.0,0.0,0.0
8054,8.58442332467297e6,8.868097046560349e6,0.0,0.0,0.0,0.0
8055,8.59524679098841e6,8.871412040328452e6,0.0,0.0,0.0,0.0
8056,8.606070257303849e6,8.874727034096556e6,0.0,0.0,0.0,0.0
8057,8.61735262414639e6,8.87804202786466e6,0.0,0.0,0.0,0.0
8058,8.628634990988934e6,8.881357021632763e6,0.0,0.0,0.0,0.0
8059,8.639516294741213e6,8.878763208750203e6,0.0,0.0,0.0,0.0
8060,8.650397598493492e6,8.876169395867646e6,0.0,0.0,0.0,0.0
8061,8.6599645366915e6,8.87254341963575e6,0.0,0.0,0.0,0.0
8062,8.669531474889508e6,8.868917443403853e6,0.0,0.0,0.0,0.0
8063,8.677313276485588e6,8.865291467171956e6,0.0,0.0,0.0,0.0
8064,8.685095078081667e6,8.86166549094006e6,0.0,0.0,0.0,0.0
8065,8.692533430291917e6,8.858039514708165e6,0.0,0.0,0.0,0.0
8066,8.699971782502167e6,8.854413538476268e6,0.0,0.0,0.0,0.0
8067,8.70784746583997e6,8.85078756224437e6,0.0,0.0,0.0,0.0
8068,8.715723149177777e6,8.847161586012475e6,0.0,0.0,0.0,0.0
8069,8.726431123123463e6,8.84353560978058e6,0.0,0.0,0.0,0.0
8070,8.737139097069148e6,8.839909633548683e6,0.0,0.0,0.0,0.0
8071,8.749525975447256e6,8.836283657316785e6,0.0,0.0,0.0,0.0
8072,8.761912853825366e6,8.83265768108489e6,0.0,0.0,0.0,0.0
8073,8.773925886284696e6,8.829031704852995e6,0.0,0.0,0.0,0.0
8074,8.785938918744026e6,8.825405728621097e6,0.0,0.0,0.0,0.0
8075,8.797682264861006e6,8.8217797523892e6,0.0,0.0,0.0,0.0
8076,8.809425610977989e6,8.818153776157305e6,0.0,0.0,0.0,0.0
8077,8.820686486922286e6,8.81452779992541e6,0.0,0.0,0.0,0.0
8078,8.831947362866582e6,8.810901823693512e6,0.0,0.0,0.0,0.0
8079,8.843137332243353e6,8.807275847461615e6,0.0,0.0,0.0,0.0
8080,8.854327301620126e6,8.80364987122972e6,0.0,0.0,0.0,0.0
8081,8.866274976463338e6,8.800023894997824e6,0.0,0.0,0.0,0.0
8082,8.878222651306551e6,8.796397918765927e6,0.0,0.0,0.0,0.0
8083,8.89004504016694e6,8.79277194253403e6,0.0,0.0,0.0,0.0
8084,8.901867429027332e6,8.789145966302134e6,0.0,0.0,0.0,0.0
8085,8.91299010814133e6,8.785519990070239e6,0.0,0.0,0.0,0.0
8086,8.924112787255328e6,8.781894013838341e6,0.0,0.0,0.0,0.0
8087,8.932892399409438e6,8.778268037606444e6,0.0,0.0,0.0,0.0
8088,8.941672011563547e6,8.774642061374549e6,0.0,0.0,0.0,0.0
8089,8.949795857834067e6,8.770943035931747e6,0.0,0.0,0.0,0.0
8090,8.957919704104586e6,8.767244010488946e6,0.0,0.0,0.0,0.0
8091,8.966808764617406e6,8.763544985046145e6,0.0,0.0,0.0,0.0
8092,8.975697825130228e6,8.759845959603343e6,0.0,0.0,0.0,0.0
8093,8.987622270297414e6,8.756146934160542e6,0.0,0.0,0.0,0.0
8094,8.9995467154646e6,8.75244790871774e6,0.0,0.0,0.0,0.0
8095,9.013221246979564e6,8.748748883274939e6,0.0,0.0,0.0,0.0
8096,9.026895778494531e6,8.745049857832137e6,0.0,0.0,0.0,0.0
8097,9.040321401924923e6,8.742019832790365e6,0.0,0.0,0.0,0.0
8098,9.053747025355315e6,8.738989807748593e6,0.0,0.0,0.0,0.0
8099,9.066461324892927e6,8.735290782305792e6,0.0,0.0,0.0,0.0
8100,9.079175624430541e6,8.73159175686299e6,0.0,0.0,0.0,0.0
8101,9.091451802669318e6,8.734833701420188e6,0.0,0.0,0.0,0.0
8102,9.103727980908096e6,8.738075645977387e6,0.0,0.0,0.0,0.0
8103,9.116206009928178e6,8.741317590534586e6,0.0,0.0,0.0,0.0
8104,9.128684038948258e6,8.744559535091784e6,0.0,0.0,0.0,0.0
8105,9.141857381283296e6,8.741868910665728e6,0.0,0.0,0.0,0.0
8106,9.155030723618334e6,8.739178286239672e6,0.0,0.0,0.0,0.0
8107,9.167760077224007e6,8.735479260796871e6,0.0,0.0,0.0,0.0
8108,9.18048943082968e6,8.73178023535407e6,0.0,0.0,0.0,0.0
8109,9.1920679771916e6,8.728081209911268e6,0.0,0.0,0.0,0.0
8110,9.203646523553519e6,8.724382184468467e6,0.0,0.0,0.0,0.0
8111,9.212877337065857e6,8.720683159025665e6,0.0,0.0,0.0,0.0
8112,9.222108150578195e6,8.716984133582864e6,0.0,0.0,0.0,0.0
8113,9.230701205876311e6,8.713285108140063e6,0.0,0.0,0.0,0.0
8114,9.239294261174427e6,8.709586082697261e6,0.0,0.0,0.0,0.0
8115,9.248332089109212e6,8.70588705725446e6,0.0,0.0,0.0,0.0
8116,9.257369917043999e6,8.702188031811658e6,0.0,0.0,0.0,0.0
8117,9.269272404316109e6,8.698489006368857e6,0.0,0.0,0.0,0.0
8118,9.28117489158822e6,8.694789980926055e6,0.0,0.0,0.0,0.0
8119,9.295421867147204e6,8.691090955483254e6,0.0,0.0,0.0,0.0
8120,9.309668842706187e6,8.687391930040453e6,0.0,0.0,0.0,0.0
8121,9.323835127105787e6,8.6875268749861e6,0.0,0.0,0.0,0.0
8122,9.338001411505386e6,8.687661819931746e6,0.0,0.0,0.0,0.0
8123,9.351079974158943e6,8.690903764488943e6,0.0,0.0,0.0,0.0
8124,9.364158536812497e6,8.694145709046142e6,0.0,0.0,0.0,0.0
8125,9.376403775435202e6,8.697387653603341e6,0.0,0.0,0.0,0.0
8126,9.388649014057904e6,8.700629598160539e6,0.0,0.0,0.0,0.0
8127,9.400593145907048e6,8.703871542717736e6,0.0,0.0,0.0,0.0
8128,9.41253727775619e6,8.707113487274935e6,0.0,0.0,0.0,0.0
8129,9.42504033239704e6,8.70699160262572e6,0.0,0.0,0.0,0.0
8130,9.43754338703789e6,8.706869717976503e6,0.0,0.0,0.0,0.0
8131,9.448730610871091e6,8.703170692533702e6,0.0,0.0,0.0,0.0
8132,9.459917834704293e6,8.6994716670909e6,0.0,0.0,0.0,0.0
8133,9.470484267593734e6,8.695772641648099e6,0.0,0.0,0.0,0.0
8134,9.481050700483177e6,8.692073616205297e6,0.0,0.0,0.0,0.0
8135,9.489891802119914e6,8.688374590762496e6,0.0,0.0,0.0,0.0
8136,9.49873290375665e6,8.684675565319695e6,0.0,0.0,0.0,0.0
8137,9.50701673843861e6,8.680976539876893e6,0.0,0.0,0.0,0.0
8138,9.51530057312057e6,8.677277514434092e6,0.0,0.0,0.0,0.0
8139,9.523485979866814e6,8.67357848899129e6,0.0,0.0,0.0,0.0
8140,9.53167138661306e6,8.669879463548489e6,0.0,0.0,0.0,0.0
8141,9.540860056748644e6,8.666180438105687e6,0.0,0.0,0.0,0.0
8142,9.550048726884227e6,8.662481412662886e6,0.0,0.0,0.0,0.0
8143,9.560991295550443e6,8.658782387220085e6,0.0,0.0,0.0,0.0
8144,9.571933864216661e6,8.655083361777283e6,0.0,0.0,0.0,0.0
8145,9.583090534650076e6,8.653471294156358e6,0.0,0.0,0.0,0.0
8146,9.59424720508349e6,8.651859226535434e6,0.0,0.0,0.0,0.0
8147,9.60444451046113e6,8.655101171092633e6,0.0,0.0,0.0,0.0
8148,9.614641815838771e6,8.65834311564983e6,0.0,0.0,0.0,0.0
8149,9.623937449563287e6,8.661585060207028e6,0.0,0.0,0.0,0.0
8150,9.633233083287803e6,8.664827004764227e6,0.0,0.0,0.0,0.0
8151,9.642752968188934e6,8.668068949321426e6,0.0,0.0,0.0,0.0
8152,9.652272853090063e6,8.671310893878624e6,0.0,0.0,0.0,0.0
8153,9.66244024858486e6,8.667962575843766e6,0.0,0.0,0.0,0.0
8154,9.672607644079655e6,8.664614257808907e6,0.0,0.0,0.0,0.0
8155,9.682703805200066e6,8.660915232366106e6,0.0,0.0,0.0,0.0
8156,9.69279996632048e6,8.657216206923304e6,0.0,0.0,0.0,0.0
8157,9.70267995895902e6,8.653517181480503e6,0.0,0.0,0.0,0.0
8158,9.712559951597564e6,8.649818156037701e6,0.0,0.0,0.0,0.0
8159,9.720447748930879e6,8.6461191305949e6,0.0,0.0,0.0,0.0
8160,9.728335546264192e6,8.642420105152098e6,0.0,0.0,0.0,0.0
8161,9.735588487496832e6,8.638721079709297e6,0.0,0.0,0.0,0.0
8162,9.742841428729473e6,8.635022054266496e6,0.0,0.0,0.0,0.0
8163,9.749867313684868e6,8.631323028823694e6,0.0,0.0,0.0,0.0
8164,9.756893198640263e6,8.627624003380893e6,0.0,0.0,0.0,0.0
8165,9.764407597442321e6,8.623924977938091e6,0.0,0.0,0.0,0.0
8166,9.771921996244382e6,8.62022595249529e6,0.0,0.0,0.0,0.0
8167,9.780723070275128e6,8.616526927052489e6,0.0,0.0,0.0,0.0
8168,9.789524144305872e6,8.612827901609687e6,0.0,0.0,0.0,0.0
8169,9.798937025895443e6,8.61325504102385e6,0.0,0.0,0.0,0.0
8170,9.808349907485016e6,8.613682180438016e6,0.0,0.0,0.0,0.0
8171,9.817733536948454e6,8.616924124995213e6,0.0,0.0,0.0,0.0
8172,9.82711716641189e6,8.620166069552412e6,0.0,0.0,0.0,0.0
8173,9.836176780824516e6,8.623408014109612e6,0.0,0.0,0.0,0.0
8174,9.84523639523714e6,8.626649958666809e6,0.0,0.0,0.0,0.0
8175,9.854784110259425e6,8.629891903224006e6,0.0,0.0,0.0,0.0
8176,9.864331825281711e6,8.633133847781206e6,0.0,0.0,0.0,0.0
8177,9.874817726569893e6,8.629434822338404e6,0.0,0.0,0.0,0.0
8178,9.885303627858074e6,8.625735796895603e6,0.0,0.0,0.0,0.0
8179,9.896112140673425e6,8.622036771452801e6,0.0,0.0,0.0,0.0
8180,9.906920653488778e6,8.61833774601e6,0.0,0.0,0.0,0.0
8181,9.917558680952538e6,8.614638720567198e6,0.0,0.0,0.0,0.0
8182,9.928196708416296e6,8.610939695124397e6,0.0,0.0,0.0,0.0
8183,9.93697909952949e6,8.607240669681596e6,0.0,0.0,0.0,0.0
8184,9.945761490642682e6,8.603541644238794e6,0.0,0.0,0.0,0.0
8185,9.954033913147327e6,8.599842618795993e6,0.0,0.0,0.0,0.0
8186,9.962306335651971e6,8.596143593353191e6,0.0,0.0,0.0,0.0
8187,9.971102143977135e6,8.59244456791039e6,0.0,0.0,0.0,0.0
8188,9.9798979523023e6,8.588745542467589e6,0.0,0.0,0.0,0.0
8189,9.9920904161214e6,8.585046517024787e6,0.0,0.0,0.0,0.0
8190,1.0004282879940502e7,8.581347491581986e6,0.0,0.0,0.0,0.0
8191,1.0017862950210175e7,8.577648466139184e6,0.0,0.0,0.0,0.0
8192,1.0031443020479847e7,8.573949440696383e6,0.0,0.0,0.0,0.0
8193,1.0044858924007058e7,8.577191385253582e6,0.0,0.0,0.0,0.0
8194,1.0058274827534268e7,8.58043332981078e6,0.0,0.0,0.0,0.0
8195,1.0071568663578581e7,8.583675274367977e6,0.0,0.0,0.0,0.0
8196,1.0084862499622896e7,8.586917218925176e6,0.0,0.0,0.0,0.0
8197,1.0097598077931551e7,8.590159163482375e6,0.0,0.0,0.0,0.0
8198,1.0110333656240206e7,8.593401108039573e6,0.0,0.0,0.0,0.0
8199,1.0122909783026163e7,8.59664305259677e6,0.0,0.0,0.0,0.0
8200,1.0135485909812117e7,8.59988499715397e6,0.0,0.0,0.0,0.0
8201,1.0148263790971866e7,8.600371113891851e6,0.0,0.0,0.0,0.0
8202,1.0161041672131615e7,8.600857230629731e6,0.0,0.0,0.0,0.0
8203,1.017327142929357e7,8.59715820518693e6,0.0,0.0,0.0,0.0
8204,1.0185501186455522e7,8.593459179744128e6,0.0,0.0,0.0,0.0
8205,1.0196943328507096e7,8.589760154301327e6,0.0,0.0,0.0,0.0
8206,1.0208385470558671e7,8.586061128858525e6,0.0,0.0,0.0,0.0
8207,1.0218052722966012e7,8.582362103415724e6,0.0,0.0,0.0,0.0
8208,1.0227719975373352e7,8.578663077972922e6,0.0,0.0,0.0,0.0
8209,1.0236886159574665e7,8.574964052530121e6,0.0,0.0,0.0,0.0
8210,1.024605234377598e7,8.57126502708732e6,0.0,0.0,0.0,0.0
8211,1.0255681628901687e7,8.567566001644518e6,0.0,0.0,0.0,0.0
8212,1.0265310914027393e7,8.563866976201717e6,0.0,0.0,0.0,0.0
8213,1.0278015244779395e7,8.560167950758915e6,0.0,0.0,0.0,0.0
8214,1.0290719575531397e7,8.556468925316114e6,0.0,0.0,0.0,0.0
8215,1.030470441477444e7,8.552877607094325e6,0.0,0.0,0.0,0.0
8216,1.0318689254017483e7,8.549286288872534e6,0.0,0.0,0.0,0.0
8217,1.0332493041984174e7,8.552528233429734e6,0.0,0.0,0.0,0.0
8218,1.0346296829950865e7,8.555770177986931e6,0.0,0.0,0.0,0.0
8219,1.0359765041657671e7,8.559012122544128e6,0.0,0.0,0.0,0.0
8220,1.037323325336448e7,8.562254067101328e6,0.0,0.0,0.0,0.0
8221,1.038612193443938e7,8.565496011658527e6,0.0,0.0,0.0,0.0
8222,1.0399010615514278e7,8.568737956215724e6,0.0,0.0,0.0,0.0
8223,1.0411590702872671e7,8.571979900772922e6,0.0,0.0,0.0,0.0
8224,1.0424170790231064e7,8.575221845330121e6,0.0,0.0,0.0,0.0
8225,1.043664192677633e7,8.57846378988732e6,0.0,0.0,0.0,0.0
8226,1.0449113063321598e7,8.581705734444518e6,0.0,0.0,0.0,0.0
8227,1.0461306764353465e7,8.578006709001716e6,0.0,0.0,0.0,0.0
8228,1.0473500465385333e7,8.574307683558915e6,0.0,0.0,0.0,0.0
8229,1.048475834218466e7,8.570608658116113e6,0.0,0.0,0.0,0.0
8230,1.0496016218983984e7,8.566909632673312e6,0.0,0.0,0.0,0.0
8231,1.050557390730083e7,8.56321060723051e6,0.0,0.0,0.0,0.0
8232,1.0515131595617674e7,8.55951158178771e6,0.0,0.0,0.0,0.0
8233,1.0481988287682507e7,8.555812556344908e6,0.0,0.0,0.0,0.0
8234,1.0448844979747342e7,8.552113530902106e6,0.0,0.0,0.0,0.0
8235,1.0415824617055926e7,8.548414505459305e6,0.0,0.0,0.0,0.0
8236,1.0382804254364511e7,8.544715480016503e6,0.0,0.0,0.0,0.0
8237,1.036091977064706e7,8.541016454573702e6,0.0,0.0,0.0,0.0
8238,1.0339035286929611e7,8.5373174291309e6,0.0,0.0,0.0,0.0
8239,1.0352735987232672e7,8.5336184036881e6,0.0,0.0,0.0,0.0
8240,1.0366436687535733e7,8.529919378245298e6,0.0,0.0,0.0,0.0
8241,1.0379732839682743e7,8.533161322802495e6,0.0,0.0,0.0,0.0
8242,1.0393028991829755e7,8.536403267359694e6,0.0,0.0,0.0,0.0
8243,1.0405750671023034e7,8.539645211916894e6,0.0,0.0,0.0,0.0
8244,1.0418472350216314e7,8.542887156474091e6,0.0,0.0,0.0,0.0
8245,1.0430503978165478e7,8.546129101031289e6,0.0,0.0,0.0,0.0
8246,1.044253560611464e7,8.549371045588488e6,0.0,0.0,0.0,0.0
8247,1.0453896315469876e7,8.552612990145687e6,0.0,0.0,0.0,0.0
8248,1.046525702482511e7,8.555854934702884e6,0.0,0.0,0.0,0.0
8249,1.0477201041507661e7,8.559096879260082e6,0.0,0.0,0.0,0.0
8250,1.0489145058190212e7,8.562338823817281e6,0.0,0.0,0.0,0.0
8251,1.0500512138340045e7,8.55863979837448e6,0.0,0.0,0.0,0.0
8252,1.051187921848988e7,8.554940772931678e6,0.0,0.0,0.0,0.0
8253,1.0522335071096836e7,8.551241747488877e6,0.0,0.0,0.0,0.0
8254,1.0532790923703792e7,8.547542722046075e6,0.0,0.0,0.0,0.0
8255,1.0541040842352938e7,8.543843696603274e6,0.0,0.0,0.0,0.0
8256,1.0549290761002086e7,8.540144671160473e6,0.0,0.0,0.0,0.0
8257,1.0557377913514804e7,8.535469905368306e6,0.0,0.0,0.0,0.0
8258,1.056546506602752e7,8.530795139576139e6,0.0,0.0,0.0,0.0
8259,1.0574143140807375e7,8.526120373783972e6,0.0,0.0,0.0,0.0
8260,1.058282121558723e7,8.521445607991805e6,0.0,0.0,0.0,0.0
8261,1.0594750349439565e7,8.516770842199638e6,0.0,0.0,0.0,0.0
8262,1.06066794832919e7,8.512096076407472e6,0.0,0.0,0.0,0.0
8263,1.0620690245792616e7,8.507421310615305e6,0.0,0.0,0.0,0.0
8264,1.0634701008293333e7,8.502746544823138e6,0.0,0.0,0.0,0.0
8265,1.0648224732735623e7,8.498071779030971e6,0.0,0.0,0.0,0.0
8266,1.0661748457177915e7,8.493397013238804e6,0.0,0.0,0.0,0.0
8267,1.0674531157214902e7,8.495663217446636e6,0.0,0.0,0.0,0.0
8268,1.0687313857251888e7,8.49792942165447e6,0.0,0.0,0.0,0.0
8269,1.0700309127190255e7,8.500195625862304e6,0.0,0.0,0.0,0.0
8270,1.071330439712862e7,8.502461830070136e6,0.0,0.0,0.0,0.0
8271,1.0725996648720937e7,8.504728034277968e6,0.0,0.0,0.0,0.0
8272,1.0738688900313254e7,8.506994238485802e6,0.0,0.0,0.0,0.0
8273,1.0751645595844217e7,8.509260442693636e6,0.0,0.0,0.0,0.0
8274,1.0764602291375179e7,8.511526646901468e6,0.0,0.0,0.0,0.0
8275,1.0735172585474038e7,8.507659725876417e6,0.0,0.0,0.0,0.0
8276,1.0705742879572898e7,8.503792804851364e6,0.0,0.0,0.0,0.0
8277,1.0716981513052631e7,8.499118039059198e6,0.0,0.0,0.0,0.0
8278,1.0728220146532364e7,8.49444327326703e6,0.0,0.0,0.0,0.0
8279,1.0737713810506817e7,8.489768507474864e6,0.0,0.0,0.0,0.0
8280,1.0747207474481272e7,8.485093741682697e6,0.0,0.0,0.0,0.0
8281,1.0742966168284837e7,8.48041897589053e6,0.0,0.0,0.0,0.0
8282,1.0738724862088403e7,8.475744210098363e6,0.0,0.0,0.0,0.0
8283,1.0706159897959512e7,8.471069444306197e6,0.0,0.0,0.0,0.0
8284,1.0673594933830619e7,8.46639467851403e6,0.0,0.0,0.0,0.0
8285,1.0666448234535675e7,8.461719912721863e6,0.0,0.0,0.0,0.0
8286,1.0659301535240732e7,8.457045146929696e6,0.0,0.0,0.0,0.0
8287,1.0673417269069504e7,8.453331755083378e6,0.0,0.0,0.0,0.0
8288,1.0687533002898274e7,8.44961836323706e6,0.0,0.0,0.0,0.0
8289,1.0701399985005386e7,8.451884567444894e6,0.0,0.0,0.0,0.0
8290,1.07152669671125e7,8.454150771652726e6,0.0,0.0,0.0,0.0
8291,1.0728122904117577e7,8.456416975860558e6,0.0,0.0,0.0,0.0
8292,1.0740978841122655e7,8.458683180068392e6,0.0,0.0,0.0,0.0
8293,1.0753176220281035e7,8.460949384276226e6,0.0,0.0,0.0,0.0
8294,1.0765373599439412e7,8.463215588484058e6,0.0,0.0,0.0,0.0
8295,1.077739623834055e7,8.46548179269189e6,0.0,0.0,0.0,0.0
8296,1.0789418877241686e7,8.467747996899724e6,0.0,0.0,0.0,0.0
8297,1.076010229080199e7,8.470014201107558e6,0.0,0.0,0.0,0.0
8298,1.0730785704362296e7,8.47228040531539e6,0.0,0.0,0.0,0.0
8299,1.0742587518320765e7,8.469991507080024e6,0.0,0.0,0.0,0.0
8300,1.0754389332279233e7,8.467702608844658e6,0.0,0.0,0.0,0.0
8301,1.076564584451636e7,8.463027843052492e6,0.0,0.0,0.0,0.0
8302,1.0776902356753487e7,8.458353077260325e6,0.0,0.0,0.0,0.0
8303,1.0786362765516061e7,8.453678311468158e6,0.0,0.0,0.0,0.0
8304,1.0795823174278637e7,8.449003545675991e6,0.0,0.0,0.0,0.0
8305,1.0769539736958362e7,8.444328779883824e6,0.0,0.0,0.0,0.0
8306,1.0743256299638087e7,8.439654014091657e6,0.0,0.0,0.0,0.0
8307,1.0743320687431261e7,8.436674851740137e6,0.0,0.0,0.0,0.0
8308,1.0743385075224435e7,8.433695689388614e6,0.0,0.0,0.0,0.0
8309,1.0727913605672665e7,8.432919338416826e6,0.0,0.0,0.0,0.0
8310,1.0712442136120893e7,8.432142987445038e6,0.0,0.0,0.0,0.0
8311,1.0723887215249183e7,8.434409191652872e6,0.0,0.0,0.0,0.0
8312,1.0735332294377472e7,8.436675395860704e6,0.0,0.0,0.0,0.0
8313,1.0747117255095866e7,8.438941600068536e6,0.0,0.0,0.0,0.0
8314,1.0758902215814257e7,8.44120780427637e6,0.0,0.0,0.0,0.0
8315,1.0770212435260434e7,8.443474008484203e6,0.0,0.0,0.0,0.0
8316,1.0781522654706612e7,8.445740212692035e6,0.0,0.0,0.0,0.0
8317,1.0792423034070933e7,8.448006416899867e6,0.0,0.0,0.0,0.0
8318,1.0803323413435254e7,8.450272621107701e6,0.0,0.0,0.0,0.0
8319,1.0814325061700903e7,8.452538825315535e6,0.0,0.0,0.0,0.0
8320,1.0825326709966552e7,8.454805029523367e6,0.0,0.0,0.0,0.0
8321,1.0836810968863612e7,8.457071233731199e6,0.0,0.0,0.0,0.0
8322,1.0848295227760673e7,8.459337437939033e6,0.0,0.0,0.0,0.0
8323,1.0859283143904602e7,8.454662672146866e6,0.0,0.0,0.0,0.0
8324,1.0870271060048532e7,8.4499879063547e6,0.0,0.0,0.0,0.0
8325,1.088084654178638e7,8.445313140562532e6,0.0,0.0,0.0,0.0
8326,1.089142202352423e7,8.440638374770366e6,0.0,0.0,0.0,0.0
8327,1.0900706283700284e7,8.435963608978199e6,0.0,0.0,0.0,0.0
8328,1.0909990543876339e7,8.431288843186032e6,0.0,0.0,0.0,0.0
8329,1.0918578096944092e7,8.426614077393865e6,0.0,0.0,0.0,0.0
8330,1.0927165650011845e7,8.421939311601698e6,0.0,0.0,0.0,0.0
8331,1.0931561617458489e7,8.417264545809532e6,0.0,0.0,0.0,0.0
8332,1.093595758490513e7,8.412589780017365e6,0.0,0.0,0.0,0.0
8333,1.094447596453616e7,8.407915014225198e6,0.0,0.0,0.0,0.0
8334,1.0952994344167188e7,8.403240248433031e6,0.0,0.0,0.0,0.0
8335,1.096264559705904e7,8.398565482640864e6,0.0,0.0,0.0,0.0
8336,1.0972296849950891e7,8.393890716848698e6,0.0,0.0,0.0,0.0
8337,1.0982601968403924e7,8.395311106836334e6,0.0,0.0,0.0,0.0
8338,1.0992907086856956e7,8.396731496823968e6,0.0,0.0,0.0,0.0
8339,1.100291158337643e7,8.3989977010318e6,0.0,0.0,0.0,0.0
8340,1.1012916079895904e7,8.401263905239634e6,0.0,0.0,0.0,0.0
8341,1.1022586251956211e7,8.403530109447468e6,0.0,0.0,0.0,0.0
8342,1.1032256424016519e7,8.4057963136553e6,0.0,0.0,0.0,0.0
8343,1.104194743926387e7,8.408062517863132e6,0.0,0.0,0.0,0.0
8344,1.1051638454511221e7,8.410328722070966e6,0.0,0.0,0.0,0.0
8345,1.1062058893155256e7,8.410528909137066e6,0.0,0.0,0.0,0.0
8346,1.1072479331799291e7,8.410729096203169e6,0.0,0.0,0.0,0.0
8347,1.1083245618413802e7,8.406054330411002e6,0.0,0.0,0.0,0.0
8348,1.1094011905028312e7,8.401379564618835e6,0.0,0.0,0.0,0.0
8349,1.1104409216778755e7,8.396704798826668e6,0.0,0.0,0.0,0.0
8350,1.1114806528529197e7,8.392030033034502e6,0.0,0.0,0.0,0.0
8351,1.1123701265468419e7,8.387355267242335e6,0.0,0.0,0.0,0.0
8352,1.113259600240764e7,8.382680501450168e6,0.0,0.0,0.0,0.0
8353,1.1141138314588461e7,8.378005735658001e6,0.0,0.0,0.0,0.0
8354,1.1149680626769282e7,8.373330969865834e6,0.0,0.0,0.0,0.0
8355,1.1157438410905045e7,8.3686562040736675e6,0.0,0.0,0.0,0.0
8356,1.1165196195040809e7,8.363981438281501e6,0.0,0.0,0.0,0.0
8357,1.1177583188578755e7,8.359306672489334e6,0.0,0.0,0.0,0.0
8358,1.1189970182116698e7,8.354631906697167e6,0.0,0.0,0.0,0.0
8359,1.1203866040051132e7,8.349957140905e6,0.0,0.0,0.0,0.0
8360,1.1217761897985565e7,8.345282375112833e6,0.0,0.0,0.0,0.0
8361,1.1231438620226055e7,8.347548579320666e6,0.0,0.0,0.0,0.0
8362,1.1245115342466546e7,8.349814783528499e6,0.0,0.0,0.0,0.0
8363,1.1258137494698124e7,8.352080987736332e6,0.0,0.0,0.0,0.0
8364,1.1271159646929702e7,8.354347191944165e6,0.0,0.0,0.0,0.0
8365,1.1283743917986542e7,8.356613396151998e6,0.0,0.0,0.0,0.0
8366,1.129632818904338e7,8.358879600359831e6,0.0,0.0,0.0,0.0
8367,1.1308435883584134e7,8.361145804567664e6,0.0,0.0,0.0,0.0
8368,1.1320543578124888e7,8.363412008775497e6,0.0,0.0,0.0,0.0
8369,1.133279516583646e7,8.36567821298333e6,0.0,0.0,0.0,0.0
8370,1.1345046753548032e7,8.367944417191163e6,0.0,0.0,0.0,0.0
8371,1.1356967118266229e7,8.363269651398996e6,0.0,0.0,0.0,0.0
8372,1.1368887482984426e7,8.358594885606829e6,0.0,0.0,0.0,0.0
8373,1.1380032997576483e7,8.353920119814662e6,0.0,0.0,0.0,0.0
8374,1.1391178512168542e7,8.349245354022495e6,0.0,0.0,0.0,0.0
8375,1.1400330592861649e7,8.344570588230329e6,0.0,0.0,0.0,0.0
8376,1.1409482673554756e7,8.339895822438162e6,0.0,0.0,0.0,0.0
8377,1.1418159717682753e7,8.335221056645995e6,0.0,0.0,0.0,0.0
8378,1.1426836761810748e7,8.330546290853828e6,0.0,0.0,0.0,0.0
8379,1.1414466858090786e7,8.325871525061661e6,0.0,0.0,0.0,0.0
8380,1.1402096954370825e7,8.321196759269495e6,0.0,0.0,0.0,0.0
8381,1.1391987154277628e7,8.316521993477328e6,0.0,0.0,0.0,0.0
8382,1.1381877354184432e7,8.311847227685161e6,0.0,0.0,0.0,0.0
8383,1.1395056401141593e7,8.311144301623326e6,0.0,0.0,0.0,0.0
8384,1.1408235448098755e7,8.310441375561491e6,0.0,0.0,0.0,0.0
8385,1.1421093609646432e7,8.312707579769324e6,0.0,0.0,0.0,0.0
8386,1.143395177119411e7,8.3149737839771565e6,0.0,0.0,0.0,0.0
8387,1.1446170077967305e7,8.317239988184989e6,0.0,0.0,0.0,0.0
8388,1.14583883847405e7,8.319506192392822e6,0.0,0.0,0.0,0.0
8389,1.147098148365806e7,8.321772396600655e6,0.0,0.0,0.0,0.0
8390,1.1483574582575621e7,8.324038600808488e6,0.0,0.0,0.0,0.0
8391,1.149596012582024e7,8.326304805016321e6,0.0,0.0,0.0,0.0
8392,1.1508345669064859e7,8.328571009224154e6,0.0,0.0,0.0,0.0
8393,1.1520942558941118e7,8.330837213431987e6,0.0,0.0,0.0,0.0
8394,1.1533539448817378e7,8.33310341763982e6,0.0,0.0,0.0,0.0
8395,1.154572519298714e7,8.335369621847653e6,0.0,0.0,0.0,0.0
8396,1.1557910937156903e7,8.337635826055486e6,0.0,0.0,0.0,0.0
8397,1.1569159974884639e7,8.338013211836919e6,0.0,0.0,0.0,0.0
8398,1.1580409012612374e7,8.338390597618354e6,0.0,0.0,0.0,0.0
8399,1.1589779523146745e7,8.335727511216748e6,0.0,0.0,0.0,0.0
8400,1.1599150033681113e7,8.333064424815142e6,0.0,0.0,0.0,0.0
8401,1.1566361453429356e7,8.3316018017979935e6,0.0,0.0,0.0,0.0
8402,1.1533572873177597e7,8.330139178780846e6,0.0,0.0,0.0,0.0
8403,1.1501235760945283e7,8.331532791613535e6,0.0,0.0,0.0,0.0
8404,1.1468898648712967e7,8.332926404446224e6,0.0,0.0,0.0,0.0
8405,1.1461677651285589e7,8.335192608654057e6,0.0,0.0,0.0,0.0
8406,1.145445665385821e7,8.33745881286189e6,0.0,0.0,0.0,0.0
8407,1.1468469055684686e7,8.3397250170697225e6,0.0,0.0,0.0,0.0
8408,1.1482481457511162e7,8.341991221277555e6,0.0,0.0,0.0,0.0
8409,1.149649522642129e7,8.344257425485388e6,0.0,0.0,0.0,0.0
8410,1.1510508995331414e7,8.346523629693221e6,0.0,0.0,0.0,0.0
8411,1.1523732259986045e7,8.348789833901054e6,0.0,0.0,0.0,0.0
8412,1.1536955524640676e7,8.351056038108887e6,0.0,0.0,0.0,0.0
8413,1.1549783131897792e7,8.35332224231672e6,0.0,0.0,0.0,0.0
8414,1.1562610739154907e7,8.355588446524553e6,0.0,0.0,0.0,0.0
8415,1.1575490385950914e7,8.357854650732386e6,0.0,0.0,0.0,0.0
8416,1.158837003274692e7,8.360120854940219e6,0.0,0.0,0.0,0.0
8417,1.1601657001532804e7,8.362387059148052e6,0.0,0.0,0.0,0.0
8418,1.1614943970318688e7,8.364653263355885e6,0.0,0.0,0.0,0.0
8419,1.1627655434612533e7,8.366919467563718e6,0.0,0.0,0.0,0.0
8420,1.1640366898906378e7,8.369185671771551e6,0.0,0.0,0.0,0.0
8421,1.1651916452158283e7,8.3714518759793835e6,0.0,0.0,0.0,0.0
8422,1.1663466005410187e7,8.373718080187216e6,0.0,0.0,0.0,0.0
8423,1.167278520075648e7,8.375984284395049e6,0.0,0.0,0.0,0.0
8424,1.1682104396102775e7,8.378250488602882e6,0.0,0.0,0.0,0.0
8425,1.169080609225626e7,8.379847932429193e6,0.0,0.0,0.0,0.0
8426,1.1699507788409743e7,8.381445376255502e6,0.0,0.0,0.0,0.0
8427,1.1708505763254307e7,8.383042820081811e6,0.0,0.0,0.0,0.0
8428,1.1717503738098871e7,8.384640263908122e6,0.0,0.0,0.0,0.0
8429,1.1729574182343088e7,8.386237707734432e6,0.0,0.0,0.0,0.0
8430,1.1741644626587305e7,8.3878351515607415e6,0.0,0.0,0.0,0.0
8431,1.175553710666005e7,8.38943259538705e6,0.0,0.0,0.0,0.0
8432,1.1769429586732795e7,8.391030039213361e6,0.0,0.0,0.0,0.0
8433,1.178313779286218e7,8.392627483039672e6,0.0,0.0,0.0,0.0
8434,1.1796845998991568e7,8.394224926865982e6,0.0,0.0,0.0,0.0
8435,1.1809819963410284e7,8.395822370692292e6,0.0,0.0,0.0,0.0
8436,1.1822793927829001e7,8.397419814518603e6,0.0,0.0,0.0,0.0
8437,1.1834915594095718e7,8.399017258344913e6,0.0,0.0,0.0,0.0
8438,1.1847037260362437e7,8.400614702171223e6,0.0,0.0,0.0,0.0
8439,1.1858861539867647e7,8.402212145997534e6,0.0,0.0,0.0,0.0
8440,1.1870685819372855e7,8.403809589823844e6,0.0,0.0,0.0,0.0
8441,1.1882925825441495e7,8.405407033650154e6,0.0,0.0,0.0,0.0
8442,1.1895165831510132e7,8.407004477476465e6,0.0,0.0,0.0,0.0
8443,1.1906644574795097e7,8.406792169666268e6,0.0,0.0,0.0,0.0
8444,1.1918123318080064e7,8.406579861856073e6,0.0,0.0,0.0,0.0
8445,1.1928788980258496e7,8.402337323470231e6,0.0,0.0,0.0,0.0
8446,1.1939454642436929e7,8.398094785084391e6,0.0,0.0,0.0,0.0
8447,1.1948142905007739e7,8.3927512589107e6,0.0,0.0,0.0,0.0
8448,1.195683116757855e7,8.387407732737011e6,0.0,0.0,0.0,0.0
8449,1.196475192396229e7,8.38900517656332e6,0.0,0.0,0.0,0.0
8450,1.1972672680346029e7,8.390602620389631e6,0.0,0.0,0.0,0.0
8451,1.1980439607438548e7,8.392200064215941e6,0.0,0.0,0.0,0.0
8452,1.1988206534531066e7,8.393797508042252e6,0.0,0.0,0.0,0.0
8453,1.199858097143759e7,8.392927576829333e6,0.0,0.0,0.0,0.0
8454,1.2008955408344114e7,8.392057645616414e6,0.0,0.0,0.0,0.0
8455,1.2021352994206203e7,8.393655089442724e6,0.0,0.0,0.0,0.0
8456,1.2033750580068292e7,8.395252533269035e6,0.0,0.0,0.0,0.0
8457,1.204626331241681e7,8.396849977095345e6,0.0,0.0,0.0,0.0
8458,1.2058776044765327e7,8.398447420921655e6,0.0,0.0,0.0,0.0
8459,1.2070685467572872e7,8.400044864747966e6,0.0,0.0,0.0,0.0
8460,1.2082594890380414e7,8.401642308574276e6,0.0,0.0,0.0,0.0
8461,1.209393362773869e7,8.403239752400586e6,0.0,0.0,0.0,0.0
8462,1.2105272365096966e7,8.404837196226897e6,0.0,0.0,0.0,0.0
8463,1.2116602884758044e7,8.406434640053207e6,0.0,0.0,0.0,0.0
8464,1.212793340441912e7,8.408032083879517e6,0.0,0.0,0.0,0.0
8465,1.2139491683427904e7,8.409629527705828e6,0.0,0.0,0.0,0.0
8466,1.2151049962436685e7,8.411226971532138e6,0.0,0.0,0.0,0.0
8467,1.216215351457828e7,8.405883445358448e6,0.0,0.0,0.0,0.0
8468,1.2173257066719871e7,8.400539919184757e6,0.0,0.0,0.0,0.0
8469,1.2183947017171305e7,8.395196393011067e6,0.0,0.0,0.0,0.0
8470,1.2194636967622736e7,8.389852866837377e6,0.0,0.0,0.0,0.0
8471,1.2182233236894153e7,8.391240877871685e6,0.0,0.0,0.0,0.0
8472,1.2169829506165572e7,8.392628888905995e6,0.0,0.0,0.0,0.0
8473,1.2177973661773233e7,8.389759280705824e6,0.0,0.0,0.0,0.0
8474,1.2186117817380894e7,8.3868896725056525e6,0.0,0.0,0.0,0.0
8475,1.2193916665900692e7,8.386639250072701e6,0.0,0.0,0.0,0.0
8476,1.220171551442049e7,8.386388827639749e6,0.0,0.0,0.0,0.0
8477,1.2200839065981613e7,8.38798627146606e6,0.0,0.0,0.0,0.0
8478,1.2199962617542736e7,8.38958371529237e6,0.0,0.0,0.0,0.0
8479,1.221057513074876e7,8.39118115911868e6,0.0,0.0,0.0,0.0
8480,1.2221187643954784e7,8.39277860294499e6,0.0,0.0,0.0,0.0
8481,1.2232267848893676e7,8.394376046771301e6,0.0,0.0,0.0,0.0
8482,1.2243348053832566e7,8.395973490597611e6,0.0,0.0,0.0,0.0
8483,1.2253683569179941e7,8.397570934423922e6,0.0,0.0,0.0,0.0
8484,1.2264019084527316e7,8.399168378250232e6,0.0,0.0,0.0,0.0
8485,1.2273714263921104e7,8.400765822076542e6,0.0,0.0,0.0,0.0
8486,1.2283409443314891e7,8.402363265902853e6,0.0,0.0,0.0,0.0
8487,1.229325453617026e7,8.403960709729163e6,0.0,0.0,0.0,0.0
8488,1.2303099629025627e7,8.405558153555473e6,0.0,0.0,0.0,0.0
8489,1.230920891399311e7,8.407155597381784e6,0.0,0.0,0.0,0.0
8490,1.2315318198960595e7,8.408753041208094e6,0.0,0.0,0.0,0.0
8491,1.2325782463801412e7,8.408875941234993e6,0.0,0.0,0.0,0.0
8492,1.2336246728642229e7,8.408998841261892e6,0.0,0.0,0.0,0.0
8493,1.2346860386327412e7,8.410596285088202e6,0.0,0.0,0.0,0.0
8494,1.2357474044012597e7,8.412193728914512e6,0.0,0.0,0.0,0.0
8495,1.23663147295448e7,8.410242238032576e6,0.0,0.0,0.0,0.0
8496,1.2375155415077e7,8.408290747150641e6,0.0,0.0,0.0,0.0
8497,1.2383218554961557e7,8.40602059375098e6,0.0,0.0,0.0,0.0
8498,1.2391281694846112e7,8.403750440351317e6,0.0,0.0,0.0,0.0
8499,1.2380282979730591e7,8.405347884177627e6,0.0,0.0,0.0,0.0
8500,1.2369284264615068e7,8.406945328003937e6,0.0,0.0,0.0,0.0
8501,1.2377593890373588e7,8.408542771830248e6,0.0,0.0,0.0,0.0
8502,1.2385903516132105e7,8.410140215656558e6,0.0,0.0,0.0,0.0
8503,1.2395667497125052e7,8.410752406299513e6,0.0,0.0,0.0,0.0
8504,1.2405431478117997e7,8.41136459694247e6,0.0,0.0,0.0,0.0
8505,1.24159536854444e7,8.41296204076878e6,0.0,0.0,0.0,0.0
8506,1.2426475892770804e7,8.41455948459509e6,0.0,0.0,0.0,0.0
8507,1.2437112040932972e7,8.4161569284214e6,0.0,0.0,0.0,0.0
8508,1.2447748189095141e7,8.41775437224771e6,0.0,0.0,0.0,0.0
8509,1.2458078902727231e7,8.419351816074021e6,0.0,0.0,0.0,0.0
8510,1.2468409616359323e7,8.420949259900331e6,0.0,0.0,0.0,0.0
8511,1.2478892073491849e7,8.422546703726642e6,0.0,0.0,0.0,0.0
8512,1.2489374530624377e7,8.424144147552952e6,0.0,0.0,0.0,0.0
8513,1.2500338347170182e7,8.425741591379263e6,0.0,0.0,0.0,0.0
8514,1.2511302163715985e7,8.427339035205573e6,0.0,0.0,0.0,0.0
8515,1.2498645178392079e7,8.424118571610726e6,0.0,0.0,0.0,0.0
8516,1.248598819306817e7,8.42089810801588e6,0.0,0.0,0.0,0.0
8517,1.2497143447521199e7,8.42249555184219e6,0.0,0.0,0.0,0.0
8518,1.2508298701974228e7,8.4240929956685e6,0.0,0.0,0.0,0.0
8519,1.2516959872623716e7,8.424239546861405e6,0.0,0.0,0.0,0.0
8520,1.2525621043273203e7,8.424386098054308e6,0.0,0.0,0.0,0.0
8521,1.253385216605051e7,8.421670692650985e6,0.0,0.0,0.0,0.0
8522,1.2542083288827818e7,8.41895528724766e6,0.0,0.0,0.0,0.0
8523,1.255070288927768e7,8.42055273107397e6,0.0,0.0,0.0,0.0
8524,1.2559322489727542e7,8.42215017490028e6,0.0,0.0,0.0,0.0
8525,1.2552301938700132e7,8.42374761872659e6,0.0,0.0,0.0,0.0
8526,1.254528138767272e7,8.425345062552901e6,0.0,0.0,0.0,0.0
8527,1.2558795709956685e7,8.426942506379211e6,0.0,0.0,0.0,0.0
8528,1.257231003224065e7,8.428539950205522e6,0.0,0.0,0.0,0.0
8529,1.2585688971682996e7,8.430137394031832e6,0.0,0.0,0.0,0.0
8530,1.259906791112534e7,8.431734837858142e6,0.0,0.0,0.0,0.0
8531,1.2612040106652403e7,8.433332281684453e6,0.0,0.0,0.0,0.0
8532,1.2625012302179467e7,8.434929725510763e6,0.0,0.0,0.0,0.0
8533,1.2638156491400007e7,8.436527169337073e6,0.0,0.0,0.0,0.0
8534,1.265130068062055e7,8.438124613163384e6,0.0,0.0,0.0,0.0
8535,1.2664264671472399e7,8.439722056989694e6,0.0,0.0,0.0,0.0
8536,1.2677228662324248e7,8.441319500816004e6,0.0,0.0,0.0,0.0
8537,1.2690256229892533e7,8.442916944642315e6,0.0,0.0,0.0,0.0
8538,1.270328379746082e7,8.444514388468625e6,0.0,0.0,0.0,0.0
8539,1.2715717873754594e7,8.446111832294935e6,0.0,0.0,0.0,0.0
8540,1.272815195004837e7,8.447709276121246e6,0.0,0.0,0.0,0.0
8541,1.2739782706159765e7,8.449306719947556e6,0.0,0.0,0.0,0.0
8542,1.275141346227116e7,8.450904163773866e6,0.0,0.0,0.0,0.0
8543,1.272736952790204e7,8.452501607600177e6,0.0,0.0,0.0,0.0
8544,1.270332559353292e7,8.454099051426487e6,0.0,0.0,0.0,0.0
8545,1.2683443515502166e7,8.455696495252797e6,0.0,0.0,0.0,0.0
8546,1.2663561437471414e7,8.457293939079108e6,0.0,0.0,0.0,0.0
8547,1.2672368974868957e7,8.458891382905418e6,0.0,0.0,0.0,0.0
8548,1.2681176512266498e7,8.460488826731728e6,0.0,0.0,0.0,0.0
8549,1.2662443379685747e7,8.462086270558039e6,0.0,0.0,0.0,0.0
8550,1.2643710247104995e7,8.463683714384349e6,0.0,0.0,0.0,0.0
8551,1.2656739418093357e7,8.46528115821066e6,0.0,0.0,0.0,0.0
8552,1.2669768589081718e7,8.46687860203697e6,0.0,0.0,0.0,0.0
8553,1.26827020206969e7,8.46847604586328e6,0.0,0.0,0.0,0.0
8554,1.2695635452312084e7,8.47007348968959e6,0.0,0.0,0.0,0.0
8555,1.2708315170661174e7,8.4716709335159e6,0.0,0.0,0.0,0.0
8556,1.2720994889010264e7,8.473268377342211e6,0.0,0.0,0.0,0.0
8557,1.2733390425526947e7,8.474865821168521e6,0.0,0.0,0.0,0.0
8558,1.274578596204363e7,8.476463264994832e6,0.0,0.0,0.0,0.0
8559,1.2758019726266816e7,8.478060708821142e6,0.0,0.0,0.0,0.0
8560,1.2770253490490003e7,8.479658152647452e6,0.0,0.0,0.0,0.0
8561,1.2782699968928777e7,8.481255596473763e6,0.0,0.0,0.0,0.0
8562,1.2795146447367549e7,8.482853040300073e6,0.0,0.0,0.0,0.0
8563,1.2806742495015636e7,8.484450484126383e6,0.0,0.0,0.0,0.0
8564,1.2818338542663723e7,8.486047927952694e6,0.0,0.0,0.0,0.0
8565,1.2828846981010593e7,8.487645371779004e6,0.0,0.0,0.0,0.0
8566,1.2839355419357462e7,8.489242815605314e6,0.0,0.0,0.0,0.0
8567,1.2847634639456503e7,8.490687536219379e6,0.0,0.0,0.0,0.0
8568,1.2855913859555546e7,8.492132256833443e6,0.0,0.0,0.0,0.0
8569,1.2822010923705295e7,8.486788730659753e6,0.0,0.0,0.0,0.0
8570,1.2788107987855043e7,8.481445204486063e6,0.0,0.0,0.0,0.0
8571,1.2755942293465625e7,8.476101678312372e6,0.0,0.0,0.0,0.0
8572,1.272377659907621e7,8.470758152138682e6,0.0,0.0,0.0,0.0
8573,1.2707026785228372e7,8.465414625964992e6,0.0,0.0,0.0,0.0
8574,1.2690276971380532e7,8.460071099791301e6,0.0,0.0,0.0,0.0
8575,1.2702312736331668e7,8.454727573617611e6,0.0,0.0,0.0,0.0
8576,1.2714348501282802e7,8.44938404744392e6,0.0,0.0,0.0,0.0
8577,1.2726098047575768e7,8.44904844348526e6,0.0,0.0,0.0,0.0
8578,1.2737847593868736e7,8.448712839526601e6,0.0,0.0,0.0,0.0
8579,1.2749195779671099e7,8.450310283352911e6,0.0,0.0,0.0,0.0
8580,1.2760543965473462e7,8.451907727179222e6,0.0,0.0,0.0,0.0
8581,1.2771476549129192e7,8.453505171005532e6,0.0,0.0,0.0,0.0
8582,1.2782409132784922e7,8.455102614831842e6,0.0,0.0,0.0,0.0
8583,1.279304531439644e7,8.456700058658153e6,0.0,0.0,0.0,0.0
8584,1.2803681496007957e7,8.458297502484463e6,0.0,0.0,0.0,0.0
8585,1.2795617342904843e7,8.459894946310773e6,0.0,0.0,0.0,0.0
8586,1.2787553189801732e7,8.461492390137084e6,0.0,0.0,0.0,0.0
8587,1.2780784642424308e7,8.456297913238473e6,0.0,0.0,0.0,0.0
8588,1.2774016095046882e7,8.451103436339863e6,0.0,0.0,0.0,0.0
8589,1.278424584702143e7,8.445759910166172e6,0.0,0.0,0.0,0.0
8590,1.2794475598995978e7,8.440416383992482e6,0.0,0.0,0.0,0.0
8591,1.2802393764125686e7,8.435072857818792e6,0.0,0.0,0.0,0.0
8592,1.2810311929255396e7,8.429729331645101e6,0.0,0.0,0.0,0.0
8593,1.2817664606366668e7,8.424564502577405e6,0.0,0.0,0.0,0.0
8594,1.2825017283477938e7,8.41939967350971e6,0.0,0.0,0.0,0.0
8595,1.2790884462634195e7,8.414234844442014e6,0.0,0.0,0.0,0.0
8596,1.275675164179045e7,8.409070015374318e6,0.0,0.0,0.0,0.0
8597,1.276756659780988e7,8.403905186306622e6,0.0,0.0,0.0,0.0
8598,1.2778381553829309e7,8.398740357238926e6,0.0,0.0,0.0,0.0
8599,1.2790393005241426e7,8.39357552817123e6,0.0,0.0,0.0,0.0
8600,1.2802404456653543e7,8.388410699103534e6,0.0,0.0,0.0,0.0
8601,1.2814964373980463e7,8.389967314432941e6,0.0,0.0,0.0,0.0
8602,1.2827524291307382e7,8.39152392976235e6,0.0,0.0,0.0,0.0
8603,1.2839756885706332e7,8.393300070694655e6,0.0,0.0,0.0,0.0
8604,1.285198948010528e7,8.395076211626958e6,0.0,0.0,0.0,0.0
8605,1.286386223353044e7,8.396852352559261e6,0.0,0.0,0.0,0.0
8606,1.2875734986955598e7,8.398628493491566e6,0.0,0.0,0.0,0.0
8607,1.2887464648895096e7,8.40040463442387e6,0.0,0.0,0.0,0.0
8608,1.2899194310834596e7,8.402180775356174e6,0.0,0.0,0.0,0.0
8609,1.2869992854357596e7,8.403956916288476e6,0.0,0.0,0.0,0.0
8610,1.2840791397880599e7,8.405733057220781e6,0.0,0.0,0.0,0.0
8611,1.2831057240025349e7,8.401331135292534e6,0.0,0.0,0.0,0.0
8612,1.2821323082170097e7,8.396929213364284e6,0.0,0.0,0.0,0.0
8613,1.2790954791118734e7,8.391764384296589e6,0.0,0.0,0.0,0.0
8614,1.2760586500067372e7,8.386599555228893e6,0.0,0.0,0.0,0.0
8615,1.2727571494448397e7,8.381434726161197e6,0.0,0.0,0.0,0.0
8616,1.2694556488829425e7,8.376269897093501e6,0.0,0.0,0.0,0.0
8617,1.2702850616945062e7,8.371105068025805e6,0.0,0.0,0.0,0.0
8618,1.2711144745060697e7,8.365940238958109e6,0.0,0.0,0.0,0.0
8619,1.2677687640897444e7,8.360775409890413e6,0.0,0.0,0.0,0.0
8620,1.264423053673419e7,8.355610580822717e6,0.0,0.0,0.0,0.0
8621,1.2613818751334213e7,8.3504457517550215e6,0.0,0.0,0.0,0.0
8622,1.2583406965934237e7,8.345280922687326e6,0.0,0.0,0.0,0.0
8623,1.259668108414068e7,8.34011609361963e6,0.0,0.0,0.0,0.0
8624,1.2609955202347126e7,8.334951264551934e6,0.0,0.0,0.0,0.0
8625,1.2623474229366275e7,8.336727405484238e6,0.0,0.0,0.0,0.0
8626,1.2636993256385423e7,8.338503546416542e6,0.0,0.0,0.0,0.0
8627,1.2649821846091157e7,8.340279687348845e6,0.0,0.0,0.0,0.0
8628,1.266265043579689e7,8.342055828281149e6,0.0,0.0,0.0,0.0
8629,1.2674807788693957e7,8.343831969213453e6,0.0,0.0,0.0,0.0
8630,1.2686965141591022e7,8.345608110145757e6,0.0,0.0,0.0,0.0
8631,1.2699153375241451e7,8.347384251078061e6,0.0,0.0,0.0,0.0
8632,1.2711341608891882e7,8.349160392010365e6,0.0,0.0,0.0,0.0
8633,1.2682083440386832e7,8.350936532942669e6,0.0,0.0,0.0,0.0
8634,1.265282527188178e7,8.352712673874972e6,0.0,0.0,0.0,0.0
8635,1.2664747597625513e7,8.3475478448072765e6,0.0,0.0,0.0,0.0
8636,1.2676669923369247e7,8.342383015739581e6,0.0,0.0,0.0,0.0
8637,1.2687958798128646e7,8.337218186671885e6,0.0,0.0,0.0,0.0
8638,1.2699247672888042e7,8.332053357604189e6,0.0,0.0,0.0,0.0
8639,1.2708635939537311e7,8.326888528536493e6,0.0,0.0,0.0,0.0
8640,1.271802420618658e7,8.321723699468797e6,0.0,0.0,0.0,0.0
8641,1.2684180443872843e7,8.316558870401101e6,0.0,0.0,0.0,0.0
8642,1.2650336681559108e7,8.311394041333405e6,0.0,0.0,0.0,0.0
8643,1.2634283981626263e7,8.306229212265709e6,0.0,0.0,0.0,0.0
8644,1.2618231281693418e7,8.3010643831980135e6,0.0,0.0,0.0,0.0
8645,1.2597558278136715e7,8.295899554130318e6,0.0,0.0,0.0,0.0
8646,1.2576885274580015e7,8.290734725062622e6,0.0,0.0,0.0,0.0
8647,1.2587837760973081e7,8.285569895994926e6,0.0,0.0,0.0,0.0
8648,1.2598790247366145e7,8.28040506692723e6,0.0,0.0,0.0,0.0
8649,1.2609845456027709e7,8.280191570938798e6,0.0,0.0,0.0,0.0
8650,1.2620900664689273e7,8.279978074950365e6,0.0,0.0,0.0,0.0
8651,1.263147122516894e7,8.281754215882669e6,0.0,0.0,0.0,0.0
8652,1.2642041785648605e7,8.283530356814973e6,0.0,0.0,0.0,0.0
8653,1.2651916559994793e7,8.285306497747277e6,0.0,0.0,0.0,0.0
8654,1.266179133434098e7,8.287082638679581e6,0.0,0.0,0.0,0.0
8655,1.2671912173097994e7,8.288858779611885e6,0.0,0.0,0.0,0.0
8656,1.2682033011855008e7,8.2906349205441885e6,0.0,0.0,0.0,0.0
8657,1.2693140256796077e7,8.291528728137551e6,0.0,0.0,0.0,0.0
8658,1.2704247501737144e7,8.292422535730913e6,0.0,0.0,0.0,0.0
8659,1.2702858989853691e7,8.287257706663217e6,0.0,0.0,0.0,0.0
8660,1.270147047797024e7,8.2820928775955215e6,0.0,0.0,0.0,0.0
8661,1.2712072426066844e7,8.276928048527826e6,0.0,0.0,0.0,0.0
8662,1.2722674374163447e7,8.27176321946013e6,0.0,0.0,0.0,0.0
8663,1.2730867074539803e7,8.266598390392434e6,0.0,0.0,0.0,0.0
8664,1.2739059774916159e7,8.261433561324738e6,0.0,0.0,0.0,0.0
8665,1.2746302086874876e7,8.256268732257042e6,0.0,0.0,0.0,0.0
8666,1.2753544398833595e7,8.251103903189346e6,0.0,0.0,0.0,0.0
8667,1.2760548262148738e7,8.24593907412165e6,0.0,0.0,0.0,0.0
8668,1.2767552125463882e7,8.240774245053954e6,0.0,0.0,0.0,0.0
8669,1.277551215817612e7,8.235609415986259e6,0.0,0.0,0.0,0.0
8670,1.2783472190888358e7,8.230444586918563e6,0.0,0.0,0.0,0.0
8671,1.2793039425753055e7,8.225279757850867e6,0.0,0.0,0.0,0.0
8672,1.2802606660617752e7,8.220114928783171e6,0.0,0.0,0.0,0.0
8673,1.2812752731333315e7,8.219134127568852e6,0.0,0.0,0.0,0.0
8674,1.2822898802048877e7,8.218153326354533e6,0.0,0.0,0.0,0.0
8675,1.2832696831877867e7,8.219929467286837e6,0.0,0.0,0.0,0.0
8676,1.2842494861706857e7,8.221705608219141e6,0.0,0.0,0.0,0.0
8677,1.2851921933083367e7,8.223481749151445e6,0.0,0.0,0.0,0.0
8678,1.2861349004459877e7,8.225257890083749e6,0.0,0.0,0.0,0.0
8679,1.2871533832868956e7,8.227034031016053e6,0.0,0.0,0.0,0.0
8680,1.2881718661278037e7,8.228810171948357e6,0.0,0.0,0.0,0.0
8681,1.2893078133277223e7,8.22748990814613e6,0.0,0.0,0.0,0.0
8682,1.2904437605276406e7,8.226169644343903e6,0.0,0.0,0.0,0.0
8683,1.289347706951662e7,8.221004815276207e6,0.0,0.0,0.0,0.0
8684,1.2882516533756834e7,8.2158399862085115e6,0.0,0.0,0.0,0.0
8685,1.2893498707289126e7,8.210675157140816e6,0.0,0.0,0.0,0.0
8686,1.290448088082142e7,8.20551032807312e6,0.0,0.0,0.0,0.0
8687,1.291239378679588e7,8.200345499005424e6,0.0,0.0,0.0,0.0
8688,1.2920306692770343e7,8.195180669937728e6,0.0,0.0,0.0,0.0
8689,1.289628064082297e7,8.190015840870032e6,0.0,0.0,0.0,0.0
8690,1.2872254588875594e7,8.184851011802336e6,0.0,0.0,0.0,0.0
8691,1.2879712324178187e7,8.17968618273464e6,0.0,0.0,0.0,0.0
8692,1.288717005948078e7,8.174521353666944e6,0.0,0.0,0.0,0.0
8693,1.2856067916607182e7,8.169356524599249e6,0.0,0.0,0.0,0.0
8694,1.2824965773733584e7,8.164191695531553e6,0.0,0.0,0.0,0.0
8695,1.2837674519247085e7,8.159026866463857e6,0.0,0.0,0.0,0.0
8696,1.2850383264760584e7,8.153862037396161e6,0.0,0.0,0.0,0.0
8697,1.2863304014124788e7,8.155552553054543e6,0.0,0.0,0.0,0.0
8698,1.2876224763488995e7,8.157243068712926e6,0.0,0.0,0.0,0.0
8699,1.288865501613396e7,8.159019209645229e6,0.0,0.0,0.0,0.0
8700,1.2901085268778924e7,8.160795350577533e6,0.0,0.0,0.0,0.0
8701,1.2913347453100719e7,8.162571491509837e6,0.0,0.0,0.0,0.0
8702,1.2925609637422511e7,8.164347632442141e6,0.0,0.0,0.0,0.0
8703,1.2937911602768946e7,8.166123773374445e6,0.0,0.0,0.0,0.0
8704,1.295021356811538e7,8.167899914306749e6,0.0,0.0,0.0,0.0
8705,1.2920890539741702e7,8.1696760552390525e6,0.0,0.0,0.0,0.0
8706,1.2891567511368027e7,8.171452196171356e6,0.0,0.0,0.0,0.0
8707,1.286147432936323e7,8.1662873671036605e6,0.0,0.0,0.0,0.0
8708,1.2831381147358434e7,8.161122538035965e6,0.0,0.0,0.0,0.0
8709,1.2841918898097074e7,8.155957708968269e6,0.0,0.0,0.0,0.0
8710,1.2852456648835713e7,8.150792879900573e6,0.0,0.0,0.0,0.0
8711,1.2860409758253498e7,8.145628050832877e6,0.0,0.0,0.0,0.0
8712,1.2868362867671283e7,8.140463221765181e6,0.0,0.0,0.0,0.0
8713,1.2833752039922465e7,8.135298392697485e6,0.0,0.0,0.0,0.0
8714,1.2799141212173646e7,8.130133563629789e6,0.0,0.0,0.0,0.0
8715,1.2764814021329451e7,8.124968734562093e6,0.0,0.0,0.0,0.0
8716,1.2730486830485258e7,8.1198039054943975e6,0.0,0.0,0.0,0.0
8717,1.2699252762032416e7,8.114639076426702e6,0.0,0.0,0.0,0.0
8718,1.2668018693579573e7,8.109474247359006e6,0.0,0.0,0.0,0.0
8719,1.2680716935820818e7,8.10430941829131e6,0.0,0.0,0.0,0.0
8720,1.269341517806206e7,8.099144589223614e6,0.0,0.0,0.0,0.0
8721,1.2706198703504618e7,8.100920730155918e6,0.0,0.0,0.0,0.0
8722,1.2718982228947176e7,8.102696871088222e6,0.0,0.0,0.0,0.0
8723,1.2731161617116813e7,8.1044730120205255e6,0.0,0.0,0.0,0.0
8724,1.2743341005286448e7,8.106249152952829e6,0.0,0.0,0.0,0.0
8725,1.2755276808782782e7,8.108025293885133e6,0.0,0.0,0.0,0.0
8726,1.2767212612279115e7,8.109801434817437e6,0.0,0.0,0.0,0.0
8727,1.2779089355299577e7,8.111577575749741e6,0.0,0.0,0.0,0.0
8728,1.2790966098320037e7,8.113353716682045e6,0.0,0.0,0.0,0.0
8729,1.2803436149358565e7,8.115129857614349e6,0.0,0.0,0.0,0.0
8730,1.2815906200397093e7,8.1169059985466525e6,0.0,0.0,0.0,0.0
8731,1.2827889989917543e7,8.118045731641743e6,0.0,0.0,0.0,0.0
8732,1.2839873779437995e7,8.119185464736833e6,0.0,0.0,0.0,0.0
8733,1.285069625977756e7,8.11617815970657e6,0.0,0.0,0.0,0.0
8734,1.2861518740117127e7,8.113170854676306e6,0.0,0.0,0.0,0.0
8735,1.2869850853875784e7,8.10800602560861e6,0.0,0.0,0.0,0.0
8736,1.2878182967634441e7,8.1028411965409145e6,0.0,0.0,0.0,0.0
8737,1.2847453559202109e7,8.097676367473219e6,0.0,0.0,0.0,0.0
8738,1.2816724150769774e7,8.092511538405523e6,0.0,0.0,0.0,0.0
8739,1.27833814871297e7,8.087346709337827e6,0.0,0.0,0.0,0.0
8740,1.2750038823489625e7,8.082181880270131e6,0.0,0.0,0.0,0.0
8741,1.2734155489114508e7,8.077017051202435e6,0.0,0.0,0.0,0.0
8742,1.271827215473939e7,8.071852222134739e6,0.0,0.0,0.0,0.0
8743,1.2731405844114754e7,8.066687393067043e6,0.0,0.0,0.0,0.0
8744,1.2744539533490118e7,8.061522563999347e6,0.0,0.0,0.0,0.0
8745,1.275805011682824e7,8.0563577349316515e6,0.0,0.0,0.0,0.0
8746,1.2771560700166363e7,8.051192905863956e6,0.0,0.0,0.0,0.0
8747,1.278423326598527e7,8.0529690467962595e6,0.0,0.0,0.0,0.0
8748,1.2796905831804177e7,8.054745187728563e6,0.0,0.0,0.0,0.0
8749,1.2809011431989878e7,8.056521328660867e6,0.0,0.0,0.0,0.0
8750,1.2821117032175578e7,8.058297469593171e6,0.0,0.0,0.0,0.0
8751,1.2833038111453574e7,8.060073610525475e6,0.0,0.0,0.0,0.0
8752,1.2844959190731568e7,8.061849751457779e6,0.0,0.0,0.0,0.0
8753,1.285715054807137e7,8.063625892390083e6,0.0,0.0,0.0,0.0
8754,1.2869341905411173e7,8.065402033322386e6,0.0,0.0,0.0,0.0
8755,1.2880334320359739e7,8.060237204254691e6,0.0,0.0,0.0,0.0
8756,1.2891326735308304e7,8.055072375186995e6,0.0,0.0,0.0,0.0
8757,1.2901004304663341e7,8.049907546119299e6,0.0,0.0,0.0,0.0
8758,1.2910681874018377e7,8.044742717051603e6,0.0,0.0,0.0,0.0
8759,1.2917502874941826e7,8.039577887983907e6,0.0,0.0,0.0,0.0
8760,1.2924323875865275e7,8.034413058916211e6,0.0,0.0,0.0,0.0
8761,1.293007865676511e7,8.028974769125706e6,0.0,0.0,0.0,0.0
8762,1.2935833437664947e7,8.023536479335201e6,0.0,0.0,0.0,0.0
8763,1.2941781569013927e7,8.018098189544696e6,0.0,0.0,0.0,0.0
8764,1.294772970036291e7,8.012659899754191e6,0.0,0.0,0.0,0.0
8765,1.2957156832129845e7,8.007221609963685e6,0.0,0.0,0.0,0.0
8766,1.2966583963896781e7,8.001783320173181e6,0.0,0.0,0.0,0.0
8767,1.2978288934909176e7,7.996560547786269e6,0.0,0.0,0.0,0.0
8768,1.2989993905921573e7,7.991337775399358e6,0.0,0.0,0.0,0.0
8769,1.300157248848301e7,7.990074864286983e6,0.0,0.0,0.0,0.0
8770,1.3013151071044447e7,7.988811953174608e6,0.0,0.0,0.0,0.0
8771,1.3023874949556243e7,7.990314633384103e6,0.0,0.0,0.0,0.0
8772,1.3034598828068037e7,7.991817313593598e6,0.0,0.0,0.0,0.0
8773,1.3044698602122976e7,7.993319993803093e6,0.0,0.0,0.0,0.0
8774,1.3054798376177914e7,7.994822674012588e6,0.0,0.0,0.0,0.0
8775,1.3064605357325528e7,7.996325354222083e6,0.0,0.0,0.0,0.0
8776,1.307441233847314e7,7.997828034431579e6,0.0,0.0,0.0,0.0
8777,1.308460855784563e7,7.999330714641074e6,0.0,0.0,0.0,0.0
8778,1.309480477721812e7,8.000833394850569e6,0.0,0.0,0.0,0.0
8779,1.3104547649753403e7,7.995395105060063e6,0.0,0.0,0.0,0.0
8780,1.3114290522288684e7,7.989956815269559e6,0.0,0.0,0.0,0.0
8781,1.3122835720453998e7,7.984518525479054e6,0.0,0.0,0.0,0.0
8782,1.3131380918619312e7,7.979080235688549e6,0.0,0.0,0.0,0.0
8783,1.3137518816440089e7,7.973641945898043e6,0.0,0.0,0.0,0.0
8784,1.3143656714260865e7,7.968203656107538e6,0.0,0.0,0.0,0.0
8785,1.3149234277966239e7,7.962765366317034e6,0.0,0.0,0.0,0.0
8786,1.3154811841671612e7,7.957327076526528e6,0.0,0.0,0.0,0.0
8787,1.3137325873727046e7,7.951888786736023e6,0.0,0.0,0.0,0.0
8788,1.3119839905782482e7,7.946450496945518e6,0.0,0.0,0.0,0.0
8789,1.3099111936068252e7,7.941012207155013e6,0.0,0.0,0.0,0.0
8790,1.307838396635402e7,7.935573917364508e6,0.0,0.0,0.0,0.0
8791,1.3090422166194774e7,7.930135627574002e6,0.0,0.0,0.0,0.0
8792,1.310246036603553e7,7.924697337783498e6,0.0,0.0,0.0,0.0
8793,1.3114734829922793e7,7.922087494739272e6,0.0,0.0,0.0,0.0
8794,1.3127009293810057e7,7.919477651695045e6,0.0,0.0,0.0,0.0
8795,1.3138522877625355e7,7.92098033190454e6,0.0,0.0,0.0,0.0
8796,1.3150036461440654e7,7.922483012114035e6,0.0,0.0,0.0,0.0
8797,1.3161071704759836e7,7.92398569232353e6,0.0,0.0,0.0,0.0
8798,1.3172106948079016e7,7.925488372533025e6,0.0,0.0,0.0,0.0
8799,1.3183318240813455e7,7.92699105274252e6,0.0,0.0,0.0,0.0
8800,1.3194529533547893e7,7.9284937329520155e6,0.0,0.0,0.0,0.0
8801,1.3205466250733603e7,7.9247467823839495e6,0.0,0.0,0.0,0.0
8802,1.3216402967919312e7,7.9209998318158835e6,0.0,0.0,0.0,0.0
8803,1.3226268668094598e7,7.915561542025378e6,0.0,0.0,0.0,0.0
8804,1.3236134368269883e7,7.910123252234873e6,0.0,0.0,0.0,0.0
8805,1.3245380948545119e7,7.904684962444369e6,0.0,0.0,0.0,0.0
8806,1.3254627528820354e7,7.899246672653863e6,0.0,0.0,0.0,0.0
8807,1.326228087754189e7,7.893808382863358e6,0.0,0.0,0.0,0.0
8808,1.3269934226263426e7,7.888370093072853e6,0.0,0.0,0.0,0.0
8809,1.3276441703874577e7,7.882931803282348e6,0.0,0.0,0.0,0.0
8810,1.3282949181485726e7,7.877493513491843e6,0.0,0.0,0.0,0.0
8811,1.3289223797188956e7,7.872055223701337e6,0.0,0.0,0.0,0.0
8812,1.3295498412892187e7,7.866616933910833e6,0.0,0.0,0.0,0.0
8813,1.3302847480527453e7,7.861178644120328e6,0.0,0.0,0.0,0.0
8814,1.3310196548162721e7,7.855740354329823e6,0.0,0.0,0.0,0.0
8815,1.3319364748748649e7,7.852766234663336e6,0.0,0.0,0.0,0.0
8816,1.3328532949334577e7,7.849792114996848e6,0.0,0.0,0.0,0.0
8817,1.3338523564693999e7,7.851294795206343e6,0.0,0.0,0.0,0.0
8818,1.3348514180053422e7,7.852797475415838e6,0.0,0.0,0.0,0.0
8819,1.3358225827985205e7,7.854300155625333e6,0.0,0.0,0.0,0.0
8820,1.3367937475916987e7,7.855802835834828e6,0.0,0.0,0.0,0.0
8821,1.3377163582359428e7,7.857305516044323e6,0.0,0.0,0.0,0.0
8822,1.3386389688801868e7,7.858808196253818e6,0.0,0.0,0.0,0.0
8823,1.3395796859323326e7,7.860310876463314e6,0.0,0.0,0.0,0.0
8824,1.3405204029844783e7,7.861813556672809e6,0.0,0.0,0.0,0.0
8825,1.341551572549947e7,7.863316236882304e6,0.0,0.0,0.0,0.0
8826,1.3425827421154154e7,7.864818917091799e6,0.0,0.0,0.0,0.0
8827,1.3422743592649734e7,7.861347515098456e6,0.0,0.0,0.0,0.0
8828,1.3419659764145313e7,7.857876113105113e6,0.0,0.0,0.0,0.0
8829,1.3429442055924758e7,7.852437823314607e6,0.0,0.0,0.0,0.0
8830,1.3439224347704202e7,7.8469995335241025e6,0.0,0.0,0.0,0.0
8831,1.3404877483085271e7,7.841561243733598e6,0.0,0.0,0.0,0.0
8832,1.337053061846634e7,7.836122953943092e6,0.0,0.0,0.0,0.0
8833,1.337715156619962e7,7.830684664152587e6,0.0,0.0,0.0,0.0
8834,1.33837725139329e7,7.825246374362082e6,0.0,0.0,0.0,0.0
8835,1.3390201914883118e7,7.819808084571578e6,0.0,0.0,0.0,0.0
8836,1.3396631315833338e7,7.814369794781072e6,0.0,0.0,0.0,0.0
8837,1.3404135312331697e7,7.8089315049905665e6,0.0,0.0,0.0,0.0
8838,1.3411639308830056e7,7.803493215200062e6,0.0,0.0,0.0,0.0
8839,1.3420423592627138e7,7.799832882113848e6,0.0,0.0,0.0,0.0
8840,1.3429207876424218e7,7.796172549027635e6,0.0,0.0,0.0,0.0
8841,1.3438916579880228e7,7.79767522923713e6,0.0,0.0,0.0,0.0
8842,1.3448625283336239e7,7.799177909446625e6,0.0,0.0,0.0,0.0
8843,1.3458514845125444e7,7.80068058965612e6,0.0,0.0,0.0,0.0
8844,1.346840440691465e7,7.802183269865615e6,0.0,0.0,0.0,0.0
8845,1.347781420900166e7,7.80368595007511e6,0.0,0.0,0.0,0.0
8846,1.3487224011088671e7,7.805188630284606e6,0.0,0.0,0.0,0.0
8847,1.3496906903766338e7,7.806691310494101e6,0.0,0.0,0.0,0.0
8848,1.3506589796444006e7,7.808193990703596e6,0.0,0.0,0.0,0.0
8849,1.3516685210402377e7,7.808304837724314e6,0.0,0.0,0.0,0.0
8850,1.352678062436075e7,7.808415684745032e6,0.0,0.0,0.0,0.0
8851,1.3537108868009761e7,7.802977394954527e6,0.0,0.0,0.0,0.0
8852,1.3547437111658772e7,7.797539105164022e6,0.0,0.0,0.0,0.0
8853,1.3557089431658844e7,7.792100815373518e6,0.0,0.0,0.0,0.0
8854,1.3566741751658915e7,7.786662525583012e6,0.0,0.0,0.0,0.0
8855,1.3573575543489786e7,7.7812242357925065e6,0.0,0.0,0.0,0.0
8856,1.3580409335320657e7,7.775785946002002e6,0.0,0.0,0.0,0.0
8857,1.35860970478739e7,7.770347656211497e6,0.0,0.0,0.0,0.0
8858,1.359178476042714e7,7.764909366420992e6,0.0,0.0,0.0,0.0
8859,1.3597369015016953e7,7.759471076630486e6,0.0,0.0,0.0,0.0
8860,1.3602953269606765e7,7.754032786839982e6,0.0,0.0,0.0,0.0
8861,1.3610900185423838e7,7.748594497049477e6,0.0,0.0,0.0,0.0
8862,1.361884710124091e7,7.743156207258971e6,0.0,0.0,0.0,0.0
8863,1.3628735336288884e7,7.737717917468466e6,0.0,0.0,0.0,0.0
8864,1.3638623571336856e7,7.732279627677961e6,0.0,0.0,0.0,0.0
8865,1.3648561226992864e7,7.729313513101974e6,0.0,0.0,0.0,0.0
8866,1.3658498882648874e7,7.726347398525986e6,0.0,0.0,0.0,0.0
8867,1.3668211835837854e7,7.727850078735481e6,0.0,0.0,0.0,0.0
8868,1.3677924789026834e7,7.729352758944976e6,0.0,0.0,0.0,0.0
8869,1.368721539591863e7,7.730855439154471e6,0.0,0.0,0.0,0.0
8870,1.3696506002810424e7,7.732358119363966e6,0.0,0.0,0.0,0.0
8871,1.3705922021229452e7,7.7338607995734615e6,0.0,0.0,0.0,0.0
8872,1.3715338039648479e7,7.735363479782957e6,0.0,0.0,0.0,0.0
8873,1.3725503105926484e7,7.729925189992452e6,0.0,0.0,0.0,0.0
8874,1.373566817220449e7,7.7244869002019465e6,0.0,0.0,0.0,0.0
8875,1.3745799398168152e7,7.719048610411441e6,0.0,0.0,0.0,0.0
8876,1.3755930624131814e7,7.713610320620936e6,0.0,0.0,0.0,0.0
8877,1.3765087094819274e7,7.708172030830432e6,0.0,0.0,0.0,0.0
8878,1.3774243565506736e7,7.702733741039926e6,0.0,0.0,0.0,0.0
8879,1.3780742063997585e7,7.697295451249421e6,0.0,0.0,0.0,0.0
8880,1.3787240562488437e7,7.691857161458916e6,0.0,0.0,0.0,0.0
8881,1.3793141143509712e7,7.686418871668411e6,0.0,0.0,0.0,0.0
8882,1.3799041724530986e7,7.680980581877906e6,0.0,0.0,0.0,0.0
8883,1.3805075715261737e7,7.6755422920874e6,0.0,0.0,0.0,0.0
8884,1.3811109705992488e7,7.670104002296896e6,0.0,0.0,0.0,0.0
8885,1.3820087444506755e7,7.664665712506391e6,0.0,0.0,0.0,0.0
8886,1.3829065183021022e7,7.659227422715886e6,0.0,0.0,0.0,0.0
8887,1.3840040862580113e7,7.65378913292538e6,0.0,0.0,0.0,0.0
8888,1.3851016542139206e7,7.648350843134875e6,0.0,0.0,0.0,0.0
8889,1.3862553863710057e7,7.649853523344371e6,0.0,0.0,0.0,0.0
8890,1.3874091185280908e7,7.651356203553866e6,0.0,0.0,0.0,0.0
8891,1.3885185036294106e7,7.652858883763361e6,0.0,0.0,0.0,0.0
8892,1.3896278887307303e7,7.654361563972856e6,0.0,0.0,0.0,0.0
8893,1.3907269455739971e7,7.655864244182351e6,0.0,0.0,0.0,0.0
8894,1.3918260024172638e7,7.657366924391846e6,0.0,0.0,0.0,0.0
8895,1.3929297386996005e7,7.658869604601341e6,0.0,0.0,0.0,0.0
8896,1.394033474981937e7,7.660372284810836e6,0.0,0.0,0.0,0.0
8897,1.3951314505169712e7,7.661391811495643e6,0.0,0.0,0.0,0.0
8898,1.3962294260520056e7,7.66241133818045e6,0.0,0.0,0.0,0.0
8899,1.3973018076268276e7,7.656973048389945e6,0.0,0.0,0.0,0.0
8900,1.3983741892016497e7,7.65153475859944e6,0.0,0.0,0.0,0.0
8901,1.3993413573369306e7,7.646096468808934e6,0.0,0.0,0.0,0.0
8902,1.4003085254722117e7,7.6406581790184295e6,0.0,0.0,0.0,0.0
8903,1.4010660264649663e7,7.635219889227925e6,0.0,0.0,0.0,0.0
8904,1.4018235274577208e7,7.629781599437419e6,0.0,0.0,0.0,0.0
8905,1.4012101928683031e7,7.624343309646914e6,0.0,0.0,0.0,0.0
8906,1.4005968582788853e7,7.618905019856409e6,0.0,0.0,0.0,0.0
8907,1.4002760023801707e7,7.615710978187289e6,0.0,0.0,0.0,0.0
8908,1.3999551464814559e7,7.612516936518168e6,0.0,0.0,0.0,0.0
8909,1.4008654363881191e7,7.612559266121647e6,0.0,0.0,0.0,0.0
8910,1.4017757262947824e7,7.612601595725127e6,0.0,0.0,0.0,0.0
8911,1.4028531068741295e7,7.614104275934622e6,0.0,0.0,0.0,0.0
8912,1.4039304874534767e7,7.615606956144117e6,0.0,0.0,0.0,0.0
8913,1.4049824711951092e7,7.617109636353612e6,0.0,0.0,0.0,0.0
8914,1.4060344549367419e7,7.618612316563107e6,0.0,0.0,0.0,0.0
8915,1.4070463902833614e7,7.620114996772602e6,0.0,0.0,0.0,0.0
8916,1.408058325629981e7,7.621617676982097e6,0.0,0.0,0.0,0.0
8917,1.4090310259658981e7,7.623120357191592e6,0.0,0.0,0.0,0.0
8918,1.4100037263018154e7,7.624623037401088e6,0.0,0.0,0.0,0.0
8919,1.4109631911825791e7,7.626125717610583e6,0.0,0.0,0.0,0.0
8920,1.4119226560633427e7,7.627628397820078e6,0.0,0.0,0.0,0.0
8921,1.412894255822608e7,7.629131078029573e6,0.0,0.0,0.0,0.0
8922,1.4138658555818735e7,7.630633758239068e6,0.0,0.0,0.0,0.0
8923,1.41476081189512e7,7.632136438448563e6,0.0,0.0,0.0,0.0
8924,1.4156557682083664e7,7.633639118658058e6,0.0,0.0,0.0,0.0
8925,1.4164865759401822e7,7.6327124424269e6,0.0,0.0,0.0,0.0
8926,1.417317383671998e7,7.631785766195742e6,0.0,0.0,0.0,0.0
8927,1.4179366789399877e7,7.628678934690157e6,0.0,0.0,0.0,0.0
8928,1.4185559742079774e7,7.625572103184572e6,0.0,0.0,0.0,0.0
8929,1.4190775804024648e7,7.624687492631101e6,0.0,0.0,0.0,0.0
8930,1.4195991865969524e7,7.62380288207763e6,0.0,0.0,0.0,0.0
8931,1.4201281848415166e7,7.625137695308767e6,0.0,0.0,0.0,0.0
8932,1.420657183086081e7,7.626472508539904e6,0.0,0.0,0.0,0.0
8933,1.4214527587468881e7,7.627760654307639e6,0.0,0.0,0.0,0.0
8934,1.4222483344076952e7,7.6290488000753755e6,0.0,0.0,0.0,0.0
8935,1.4231997946784627e7,7.630383613306513e6,0.0,0.0,0.0,0.0
8936,1.4241512549492303e7,7.63171842653765e6,0.0,0.0,0.0,0.0
8937,1.4251235343841527e7,7.633053239768786e6,0.0,0.0,0.0,0.0
8938,1.4260958138190748e7,7.634388052999924e6,0.0,0.0,0.0,0.0
8939,1.4270303749292523e7,7.6357228662310615e6,0.0,0.0,0.0,0.0
8940,1.4279649360394299e7,7.637057679462198e6,0.0,0.0,0.0,0.0
8941,1.4288582132211167e7,7.638392492693335e6,0.0,0.0,0.0,0.0
8942,1.4297514904028036e7,7.639727305924472e6,0.0,0.0,0.0,0.0
8943,1.4306204545328971e7,7.64106211915561e6,0.0,0.0,0.0,0.0
8944,1.4314894186629908e7,7.642396932386747e6,0.0,0.0,0.0,0.0
8945,1.4323829913960274e7,7.643731745617883e6,0.0,0.0,0.0,0.0
8946,1.4332765641290642e7,7.645066558849021e6,0.0,0.0,0.0,0.0
8947,1.4341195779534869e7,7.639460402080158e6,0.0,0.0,0.0,0.0
8948,1.4349625917779094e7,7.633854245311295e6,0.0,0.0,0.0,0.0
8949,1.4357426589335464e7,7.628248088542432e6,0.0,0.0,0.0,0.0
8950,1.4365227260891834e7,7.6226419317735685e6,0.0,0.0,0.0,0.0
8951,1.437118137576725e7,7.617035775004705e6,0.0,0.0,0.0,0.0
8952,1.4377135490642667e7,7.611429618235842e6,0.0,0.0,0.0,0.0
8953,1.4382417542953879e7,7.605823461466979e6,0.0,0.0,0.0,0.0
8954,1.438769959526509e7,7.600217304698116e6,0.0,0.0,0.0,0.0
8955,1.439292014076794e7,7.594611147929253e6,0.0,0.0,0.0,0.0
8956,1.4398140686270788e7,7.58900499116039e6,0.0,0.0,0.0,0.0
8957,1.4405776651929349e7,7.583398834391527e6,0.0,0.0,0.0,0.0
8958,1.4413412617587907e7,7.577792677622664e6,0.0,0.0,0.0,0.0
8959,1.4423059204846304e7,7.576118008428721e6,0.0,0.0,0.0,0.0
8960,1.4432705792104699e7,7.574443339234778e6,0.0,0.0,0.0,0.0
8961,1.444257208690834e7,7.575778152465915e6,0.0,0.0,0.0,0.0
8962,1.4452438381711984e7,7.577112965697052e6,0.0,0.0,0.0,0.0
8963,1.4462040287685499e7,7.578447778928189e6,0.0,0.0,0.0,0.0
8964,1.4471642193659015e7,7.579782592159326e6,0.0,0.0,0.0,0.0
8965,1.4480938621788811e7,7.581117405390464e6,0.0,0.0,0.0,0.0
8966,1.4490235049918609e7,7.5824522186216e6,0.0,0.0,0.0,0.0
8967,1.4499348072832853e7,7.583787031852737e6,0.0,0.0,0.0,0.0
8968,1.4508461095747098e7,7.585121845083875e6,0.0,0.0,0.0,0.0
8969,1.4518338028278649e7,7.586456658315012e6,0.0,0.0,0.0,0.0
8970,1.45282149608102e7,7.587791471546149e6,0.0,0.0,0.0,0.0
8971,1.4538492890666645e7,7.583828471025597e6,0.0,0.0,0.0,0.0
8972,1.4548770820523093e7,7.579865470505045e6,0.0,0.0,0.0,0.0
8973,1.4558464980069619e7,7.574259313736182e6,0.0,0.0,0.0,0.0
8974,1.4568159139616147e7,7.568653156967319e6,0.0,0.0,0.0,0.0
8975,1.4576497947988657e7,7.5630470001984555e6,0.0,0.0,0.0,0.0
8976,1.4584836756361168e7,7.557440843429592e6,0.0,0.0,0.0,0.0
8977,1.4592264018269978e7,7.551834686660729e6,0.0,0.0,0.0,0.0
8978,1.4599691280178787e7,7.546228529891866e6,0.0,0.0,0.0,0.0
8979,1.4607009639047185e7,7.540668705404095e6,0.0,0.0,0.0,0.0
8980,1.4614327997915583e7,7.5351088809163235e6,0.0,0.0,0.0,0.0
8981,1.4622799986936843e7,7.531379032908088e6,0.0,0.0,0.0,0.0
8982,1.4631271975958103e7,7.527649184899851e6,0.0,0.0,0.0,0.0
8983,1.4641093655321024e7,7.526424050108116e6,0.0,0.0,0.0,0.0
8984,1.4650915334683947e7,7.525198915316382e6,0.0,0.0,0.0,0.0
8985,1.4661215754692025e7,7.526533728547519e6,0.0,0.0,0.0,0.0
8986,1.4671516174700102e7,7.527868541778657e6,0.0,0.0,0.0,0.0
8987,1.4681675713425957e7,7.529203355009794e6,0.0,0.0,0.0,0.0
8988,1.469183525215181e7,7.530538168240931e6,0.0,0.0,0.0,0.0
8989,1.4701738262480859e7,7.531872981472068e6,0.0,0.0,0.0,0.0
8990,1.4711641272809908e7,7.533207794703205e6,0.0,0.0,0.0,0.0
8991,1.4721792545018751e7,7.534542607934343e6,0.0,0.0,0.0,0.0
8992,1.4731943817227595e7,7.535877421165479e6,0.0,0.0,0.0,0.0
8993,1.4742568915469568e7,7.537212234396616e6,0.0,0.0,0.0,0.0
8994,1.475319401371154e7,7.538547047627754e6,0.0,0.0,0.0,0.0
8995,1.4763648798560677e7,7.535748436873272e6,0.0,0.0,0.0,0.0
8996,1.4774103583409814e7,7.532949826118791e6,0.0,0.0,0.0,0.0
8997,1.4784239730852734e7,7.527343669349927e6,0.0,0.0,0.0,0.0
8998,1.4794375878295653e7,7.521737512581064e6,0.0,0.0,0.0,0.0
8999,1.4803030859804194e7,7.516131355812201e6,0.0,0.0,0.0,0.0
9000,1.4811685841312738e7,7.510525199043338e6,0.0,0.0,0.0,0.0
9001,1.4819636270268314e7,7.504919042274475e6,0.0,0.0,0.0,0.0
9002,1.4827586699223889e7,7.499312885505612e6,0.0,0.0,0.0,0.0
9003,1.4835148215606958e7,7.494411744497656e6,0.0,0.0,0.0,0.0
9004,1.4842709731990026e7,7.4895106034897e6,0.0,0.0,0.0,0.0
9005,1.4850757508298883e7,7.489622417191779e6,0.0,0.0,0.0,0.0
9006,1.485880528460774e7,7.489734230893858e6,0.0,0.0,0.0,0.0
9007,1.4868089329953713e7,7.489691046974383e6,0.0,0.0,0.0,0.0
9008,1.4877373375299687e7,7.48964786305491e6,0.0,0.0,0.0,0.0
9009,1.4887458445560578e7,7.490982676286047e6,0.0,0.0,0.0,0.0
9010,1.4897543515821472e7,7.492317489517184e6,0.0,0.0,0.0,0.0
9011,1.4907380228680402e7,7.493652302748321e6,0.0,0.0,0.0,0.0
9012,1.491721694153933e7,7.494987115979458e6,0.0,0.0,0.0,0.0
9013,1.4926647926047806e7,7.496321929210596e6,0.0,0.0,0.0,0.0
9014,1.4936078910556281e7,7.497656742441732e6,0.0,0.0,0.0,0.0
9015,1.4945819532039626e7,7.498991555672869e6,0.0,0.0,0.0,0.0
9016,1.495556015352297e7,7.500326368904007e6,0.0,0.0,0.0,0.0
9017,1.4965915918042077e7,7.501661182135144e6,0.0,0.0,0.0,0.0
9018,1.4976271682561183e7,7.502995995366281e6,0.0,0.0,0.0,0.0
9019,1.498506256680139e7,7.501286023856294e6,0.0,0.0,0.0,0.0
9020,1.4993853451041596e7,7.499576052346308e6,0.0,0.0,0.0,0.0
9021,1.4962029837835336e7,7.500910865577444e6,0.0,0.0,0.0,0.0
9022,1.4930206224629076e7,7.502245678808582e6,0.0,0.0,0.0,0.0
9023,1.493843865685523e7,7.496639522039719e6,0.0,0.0,0.0,0.0
9024,1.4946671089081382e7,7.491033365270856e6,0.0,0.0,0.0,0.0
9025,1.4954528776923433e7,7.485427208501993e6,0.0,0.0,0.0,0.0
9026,1.4962386464765484e7,7.47982105173313e6,0.0,0.0,0.0,0.0
9027,1.4970419762570616e7,7.481155864964267e6,0.0,0.0,0.0,0.0
9028,1.4978453060375746e7,7.482490678195404e6,0.0,0.0,0.0,0.0
9029,1.4988514554283384e7,7.47891007805502e6,0.0,0.0,0.0,0.0
9030,1.4998576048191022e7,7.475329477914638e6,0.0,0.0,0.0,0.0
9031,1.5010200124369156e7,7.4766642911457755e6,0.0,0.0,0.0,0.0
9032,1.5021824200547287e7,7.477999104376912e6,0.0,0.0,0.0,0.0
9033,1.5033737954814214e7,7.479333917608049e6,0.0,0.0,0.0,0.0
9034,1.504565170908114e7,7.480668730839186e6,0.0,0.0,0.0,0.0
9035,1.5057497047349587e7,7.482003544070324e6,0.0,0.0,0.0,0.0
9036,1.5069342385618035e7,7.483338357301461e6,0.0,0.0,0.0,0.0
9037,1.5080555792535715e7,7.484673170532597e6,0.0,0.0,0.0,0.0
9038,1.5091769199453393e7,7.486007983763735e6,0.0,0.0,0.0,0.0
9039,1.5103127859310847e7,7.487342796994872e6,0.0,0.0,0.0,0.0
9040,1.5114486519168302e7,7.488677610226009e6,0.0,0.0,0.0,0.0
9041,1.5105308942864284e7,7.490012423457146e6,0.0,0.0,0.0,0.0
9042,1.5096131366560265e7,7.491347236688283e6,0.0,0.0,0.0,0.0
9043,1.5065180211061137e7,7.492682049919421e6,0.0,0.0,0.0,0.0
9044,1.5034229055562008e7,7.4940168631505575e6,0.0,0.0,0.0,0.0
9045,1.5042117729798544e7,7.488410706381694e6,0.0,0.0,0.0,0.0
9046,1.505000640403508e7,7.482804549612831e6,0.0,0.0,0.0,0.0
9047,1.5058563899497475e7,7.477198392843968e6,0.0,0.0,0.0,0.0
9048,1.5067121394959869e7,7.471592236075105e6,0.0,0.0,0.0,0.0
9049,1.50392460656235e7,7.465986079306242e6,0.0,0.0,0.0,0.0
9050,1.5011370736287128e7,7.460379922537379e6,0.0,0.0,0.0,0.0
9051,1.5019382770939875e7,7.455895301512374e6,0.0,0.0,0.0,0.0
9052,1.502739480559262e7,7.451410680487369e6,0.0,0.0,0.0,0.0
9053,1.503725091165819e7,7.449008807583763e6,0.0,0.0,0.0,0.0
9054,1.5047107017723761e7,7.446606934680157e6,0.0,0.0,0.0,0.0
9055,1.5058464632486738e7,7.4469297660322925e6,0.0,0.0,0.0,0.0
9056,1.5069822247249713e7,7.447252597384428e6,0.0,0.0,0.0,0.0
9057,1.5081559640230425e7,7.448587410615565e6,0.0,0.0,0.0,0.0
9058,1.5093297033211138e7,7.449922223846702e6,0.0,0.0,0.0,0.0
9059,1.5104791604539484e7,7.451257037077839e6,0.0,0.0,0.0,0.0
9060,1.5116286175867828e7,7.452591850308976e6,0.0,0.0,0.0,0.0
9061,1.5127316103086133e7,7.453926663540114e6,0.0,0.0,0.0,0.0
9062,1.513834603030444e7,7.45526147677125e6,0.0,0.0,0.0,0.0
9063,1.5149150463841911e7,7.456596290002387e6,0.0,0.0,0.0,0.0
9064,1.5159954897379382e7,7.457931103233525e6,0.0,0.0,0.0,0.0
9065,1.5171009117205776e7,7.459265916464662e6,0.0,0.0,0.0,0.0
9066,1.5182063337032171e7,7.460600729695799e6,0.0,0.0,0.0,0.0
9067,1.5192997954368325e7,7.4619355429269355e6,0.0,0.0,0.0,0.0
9068,1.5203932571704479e7,7.463270356158073e6,0.0,0.0,0.0,0.0
9069,1.5172204533824855e7,7.464605169389211e6,0.0,0.0,0.0,0.0
9070,1.5140476495945232e7,7.465939982620347e6,0.0,0.0,0.0,0.0
9071,1.5129761828483913e7,7.462419344730742e6,0.0,0.0,0.0,0.0
9072,1.5119047161022592e7,7.458898706841137e6,0.0,0.0,0.0,0.0
9073,1.5084253186119031e7,7.453292550072274e6,0.0,0.0,0.0,0.0
9074,1.5049459211215468e7,7.447686393303411e6,0.0,0.0,0.0,0.0
9075,1.5014674331312306e7,7.442587488105405e6,0.0,0.0,0.0,0.0
9076,1.4979889451409144e7,7.4374885829074e6,0.0,0.0,0.0,0.0
9077,1.4947574992176805e7,7.434298334925919e6,0.0,0.0,0.0,0.0
9078,1.4915260532944463e7,7.431108086944438e6,0.0,0.0,0.0,0.0
9079,1.4925789550701294e7,7.431522320671424e6,0.0,0.0,0.0,0.0
9080,1.4936318568458127e7,7.431936554398411e6,0.0,0.0,0.0,0.0
9081,1.494774100385251e7,7.433271367629549e6,0.0,0.0,0.0,0.0
9082,1.4959163439246895e7,7.434606180860685e6,0.0,0.0,0.0,0.0
9083,1.4970307664968016e7,7.435940994091822e6,0.0,0.0,0.0,0.0
9084,1.4981451890689136e7,7.437275807322959e6,0.0,0.0,0.0,0.0
9085,1.4992302904701238e7,7.438610620554097e6,0.0,0.0,0.0,0.0
9086,1.500315391871334e7,7.439945433785234e6,0.0,0.0,0.0,0.0
9087,1.5014016697499365e7,7.44128024701637e6,0.0,0.0,0.0,0.0
9088,1.5024879476285387e7,7.442615060247508e6,0.0,0.0,0.0,0.0
9089,1.4994771702657845e7,7.443949873478645e6,0.0,0.0,0.0,0.0
9090,1.4964663929030303e7,7.445284686709782e6,0.0,0.0,0.0,0.0
9091,1.4933900851732982e7,7.446619499940919e6,0.0,0.0,0.0,0.0
9092,1.4903137774435662e7,7.447954313172056e6,0.0,0.0,0.0,0.0
9093,1.487151550290481e7,7.44510224748992e6,0.0,0.0,0.0,0.0
9094,1.483989323137396e7,7.4422501818077825e6,0.0,0.0,0.0,0.0
9095,1.4805986133601956e7,7.436644025038919e6,0.0,0.0,0.0,0.0
9096,1.477207903582995e7,7.431037868270056e6,0.0,0.0,0.0,0.0
9097,1.4737571546862926e7,7.425884881744598e6,0.0,0.0,0.0,0.0
9098,1.4703064057895904e7,7.42073189521914e6,0.0,0.0,0.0,0.0
9099,1.4668629099399168e7,7.416933945730211e6,0.0,0.0,0.0,0.0
9100,1.463419414090243e7,7.413135996241282e6,0.0,0.0,0.0,0.0
9101,1.4602201423796982e7,7.410148805302583e6,0.0,0.0,0.0,0.0
9102,1.4570208706691533e7,7.407161614363885e6,0.0,0.0,0.0,0.0
9103,1.4581744154454328e7,7.407857609060509e6,0.0,0.0,0.0,0.0
9104,1.4593279602217121e7,7.408553603757135e6,0.0,0.0,0.0,0.0
9105,1.4605308599605978e7,7.4096474466483705e6,0.0,0.0,0.0,0.0
9106,1.4617337596994836e7,7.410741289539606e6,0.0,0.0,0.0,0.0
9107,1.4628704779151006e7,7.411835132430842e6,0.0,0.0,0.0,0.0
9108,1.4640071961307175e7,7.412928975322078e6,0.0,0.0,0.0,0.0
9109,1.4651023284992367e7,7.414022818213314e6,0.0,0.0,0.0,0.0
9110,1.4661974608677557e7,7.41511666110455e6,0.0,0.0,0.0,0.0
9111,1.4672818888503645e7,7.4162105039957855e6,0.0,0.0,0.0,0.0
9112,1.468366316832973e7,7.417304346887021e6,0.0,0.0,0.0,0.0
9113,1.4673507451739527e7,7.418398189778257e6,0.0,0.0,0.0,0.0
9114,1.4663351735149326e7,7.419492032669493e6,0.0,0.0,0.0,0.0
9115,1.466993645018864e7,7.413866956838406e6,0.0,0.0,0.0,0.0
9116,1.4676521165227953e7,7.408241881007318e6,0.0,0.0,0.0,0.0
9117,1.468652146088992e7,7.4023947538985545e6,0.0,0.0,0.0,0.0
9118,1.469652175655189e7,7.396547626789791e6,0.0,0.0,0.0,0.0
9119,1.470450424941197e7,7.390700499681027e6,0.0,0.0,0.0,0.0
9120,1.4712486742272051e7,7.384853372572263e6,0.0,0.0,0.0,0.0
9121,1.471986820124815e7,7.379006245463499e6,0.0,0.0,0.0,0.0
9122,1.4727249660224251e7,7.373159118354735e6,0.0,0.0,0.0,0.0
9123,1.4734648460177716e7,7.367311991245971e6,0.0,0.0,0.0,0.0
9124,1.4742047260131182e7,7.361464864137207e6,0.0,0.0,0.0,0.0
9125,1.4733051668295586e7,7.35728891493861e6,0.0,0.0,0.0,0.0
9126,1.472405607645999e7,7.353112965740013e6,0.0,0.0,0.0,0.0
9127,1.4735943694617117e7,7.349326896683678e6,0.0,0.0,0.0,0.0
9128,1.4747831312774243e7,7.345540827627342e6,0.0,0.0,0.0,0.0
9129,1.475984300455996e7,7.346634670518578e6,0.0,0.0,0.0,0.0
9130,1.477185469634568e7,7.347728513409814e6,0.0,0.0,0.0,0.0
9131,1.4783021105168091e7,7.34882235630105e6,0.0,0.0,0.0,0.0
9132,1.4794187513990503e7,7.349916199192286e6,0.0,0.0,0.0,0.0
9133,1.4804785686239274e7,7.351010042083521e6,0.0,0.0,0.0,0.0
9134,1.4815383858488046e7,7.352103884974757e6,0.0,0.0,0.0,0.0
9135,1.4825801953027207e7,7.353197727865993e6,0.0,0.0,0.0,0.0
9136,1.483622004756637e7,7.354291570757229e6,0.0,0.0,0.0,0.0
9137,1.484684270011345e7,7.355385413648465e6,0.0,0.0,0.0,0.0
9138,1.4857465352660527e7,7.356479256539701e6,0.0,0.0,0.0,0.0
9139,1.4867586707447007e7,7.350632129430937e6,0.0,0.0,0.0,0.0
9140,1.4877708062233489e7,7.344785002322173e6,0.0,0.0,0.0,0.0
9141,1.4887102832758414e7,7.338937875213409e6,0.0,0.0,0.0,0.0
9142,1.4896497603283338e7,7.333090748104645e6,0.0,0.0,0.0,0.0
9143,1.4904161960503854e7,7.327243620995881e6,0.0,0.0,0.0,0.0
9144,1.4911826317724368e7,7.321396493887117e6,0.0,0.0,0.0,0.0
9145,1.4918822479518846e7,7.315549366778353e6,0.0,0.0,0.0,0.0
9146,1.4925818641313322e7,7.309702239669589e6,0.0,0.0,0.0,0.0
9147,1.4932558013988938e7,7.303855112560825e6,0.0,0.0,0.0,0.0
9148,1.4939297386664553e7,7.2980079854520615e6,0.0,0.0,0.0,0.0
9149,1.4946690078625686e7,7.292160858343298e6,0.0,0.0,0.0,0.0
9150,1.495408277058682e7,7.286313731234534e6,0.0,0.0,0.0,0.0
9151,1.49628308837445e7,7.283010831309335e6,0.0,0.0,0.0,0.0
9152,1.4971578996902183e7,7.279707931384136e6,0.0,0.0,0.0,0.0
9153,1.4980411014097283e7,7.280801774275372e6,0.0,0.0,0.0,0.0
9154,1.4989243031292383e7,7.281895617166608e6,0.0,0.0,0.0,0.0
9155,1.4997475709286451e7,7.2829894600578435e6,0.0,0.0,0.0,0.0
9156,1.500570838728052e7,7.284083302949079e6,0.0,0.0,0.0,0.0
9157,1.501316884620191e7,7.285177145840315e6,0.0,0.0,0.0,0.0
9158,1.50206293051233e7,7.286270988731551e6,0.0,0.0,0.0,0.0
9159,1.502826853378737e7,7.287364831622787e6,0.0,0.0,0.0,0.0
9160,1.5035907762451442e7,7.288458674514023e6,0.0,0.0,0.0,0.0
9161,1.5044343970427603e7,7.2895525174052585e6,0.0,0.0,0.0,0.0
9162,1.5052780178403765e7,7.290646360296494e6,0.0,0.0,0.0,0.0
9163,1.5061405460794937e7,7.28479923318773e6,0.0,0.0,0.0,0.0
9164,1.5070030743186107e7,7.2789521060789665e6,0.0,0.0,0.0,0.0
9165,1.507885232019528e7,7.273104978970203e6,0.0,0.0,0.0,0.0
9166,1.5087673897204451e7,7.267257851861439e6,0.0,0.0,0.0,0.0
9167,1.5094983465207018e7,7.261410724752675e6,0.0,0.0,0.0,0.0
9168,1.5102293033209585e7,7.255563597643911e6,0.0,0.0,0.0,0.0
9169,1.5108857939347409e7,7.249716470535147e6,0.0,0.0,0.0,0.0
9170,1.511542284548523e7,7.243869343426383e6,0.0,0.0,0.0,0.0
9171,1.5121784074565185e7,7.238022216317619e6,0.0,0.0,0.0,0.0
9172,1.512814530364514e7,7.232175089208855e6,0.0,0.0,0.0,0.0
9173,1.5135230227421634e7,7.227004004987033e6,0.0,0.0,0.0,0.0
9174,1.514231515119813e7,7.22183292076521e6,0.0,0.0,0.0,0.0
9175,1.5150614850269318e7,7.219435988891141e6,0.0,0.0,0.0,0.0
9176,1.5158914549340503e7,7.217039057017071e6,0.0,0.0,0.0,0.0
9177,1.5168222186931798e7,7.218132899908307e6,0.0,0.0,0.0,0.0
9178,1.5177529824523093e7,7.219226742799543e6,0.0,0.0,0.0,0.0
9179,1.518704924864639e7,7.220320585690779e6,0.0,0.0,0.0,0.0
9180,1.5196568672769688e7,7.2214144285820145e6,0.0,0.0,0.0,0.0
9181,1.5205804556611735e7,7.22250827147325e6,0.0,0.0,0.0,0.0
9182,1.521504044045378e7,7.223602114364486e6,0.0,0.0,0.0,0.0
9183,1.5224803205426466e7,7.224695957255722e6,0.0,0.0,0.0,0.0
9184,1.523456597039915e7,7.225789800146958e6,0.0,0.0,0.0,0.0
9185,1.5244868642635787e7,7.226883643038194e6,0.0,0.0,0.0,0.0
9186,1.5255171314872423e7,7.2279774859294295e6,0.0,0.0,0.0,0.0
9187,1.5264406361588318e7,7.224821276053745e6,0.0,0.0,0.0,0.0
9188,1.5273641408304214e7,7.22166506617806e6,0.0,0.0,0.0,0.0
9189,1.5283965338706627e7,7.215817939069296e6,0.0,0.0,0.0,0.0
9190,1.5294289269109039e7,7.209970811960532e6,0.0,0.0,0.0,0.0
9191,1.5302100125609498e7,7.204123684851768e6,0.0,0.0,0.0,0.0
9192,1.5309910982109958e7,7.1982765577430045e6,0.0,0.0,0.0,0.0
9193,1.5316950002743298e7,7.192429430634241e6,0.0,0.0,0.0,0.0
9194,1.5323989023376638e7,7.186582303525477e6,0.0,0.0,0.0,0.0
9195,1.5330879843769979e7,7.180735176416713e6,0.0,0.0,0.0,0.0
9196,1.5337770664163321e7,7.174888049307949e6,0.0,0.0,0.0,0.0
9197,1.5324385357451541e7,7.169040922199185e6,0.0,0.0,0.0,0.0
9198,1.5311000050739761e7,7.163193795090421e6,0.0,0.0,0.0,0.0
9199,1.5322068622863501e7,7.159416925767221e6,0.0,0.0,0.0,0.0
9200,1.5333137194987241e7,7.155640056444021e6,0.0,0.0,0.0,0.0
9201,1.5344276176114239e7,7.156733899335257e6,0.0,0.0,0.0,0.0
9202,1.5355415157241236e7,7.157827742226493e6,0.0,0.0,0.0,0.0
9203,1.5366276520087548e7,7.158921585117728e6,0.0,0.0,0.0,0.0
9204,1.537713788293386e7,7.160015428008964e6,0.0,0.0,0.0,0.0
9205,1.5387781753344867e7,7.1611092709002e6,0.0,0.0,0.0,0.0
9206,1.5398425623755874e7,7.162203113791436e6,0.0,0.0,0.0,0.0
9207,1.5409241297358511e7,7.163296956682672e6,0.0,0.0,0.0,0.0
9208,1.5420056970961148e7,7.164390799573908e6,0.0,0.0,0.0,0.0
9209,1.5431660494813051e7,7.165484642465143e6,0.0,0.0,0.0,0.0
9210,1.5443264018664952e7,7.166578485356379e6,0.0,0.0,0.0,0.0
9211,1.5454702402174555e7,7.1650255151068745e6,0.0,0.0,0.0,0.0
9212,1.5466140785684159e7,7.16347254485737e6,0.0,0.0,0.0,0.0
9213,1.5476916575670093e7,7.157625417748606e6,0.0,0.0,0.0,0.0
9214,1.548769236565603e7,7.151778290639842e6,0.0,0.0,0.0,0.0
9215,1.5495851526598083e7,7.145931163531078e6,0.0,0.0,0.0,0.0
9216,1.5504010687540136e7,7.140084036422314e6,0.0,0.0,0.0,0.0
9217,1.5511179270942383e7,7.13423690931355e6,0.0,0.0,0.0,0.0
9218,1.5518347854344629e7,7.128389782204786e6,0.0,0.0,0.0,0.0
9219,1.5525203288336419e7,7.122542655096022e6,0.0,0.0,0.0,0.0
9220,1.5532058722328207e7,7.1166955279872585e6,0.0,0.0,0.0,0.0
9221,1.5540731327279417e7,7.111229684697822e6,0.0,0.0,0.0,0.0
9222,1.5549403932230627e7,7.105763841408385e6,0.0,0.0,0.0,0.0
9223,1.5559738104495488e7,7.10518210465811e6,0.0,0.0,0.0,0.0
9224,1.5570072276760349e7,7.104600367907834e6,0.0,0.0,0.0,0.0
9225,1.5580704905226892e7,7.10569421079907e6,0.0,0.0,0.0,0.0
9226,1.5591337533693435e7,7.106788053690306e6,0.0,0.0,0.0,0.0
9227,1.5601587020134304e7,7.107881896581542e6,0.0,0.0,0.0,0.0
9228,1.561183650657517e7,7.108975739472778e6,0.0,0.0,0.0,0.0
9229,1.5621660940871537e7,7.110069582364013e6,0.0,0.0,0.0,0.0
9230,1.56314853751679e7,7.111163425255249e6,0.0,0.0,0.0,0.0
9231,1.5641376112897173e7,7.112257268146485e6,0.0,0.0,0.0,0.0
9232,1.5651266850626446e7,7.113351111037721e6,0.0,0.0,0.0,0.0
9233,1.5661953544203073e7,7.114444953928957e6,0.0,0.0,0.0,0.0
9234,1.5672640237779701e7,7.115538796820193e6,0.0,0.0,0.0,0.0
9235,1.5683334896050237e7,7.116632639711428e6,0.0,0.0,0.0,0.0
9236,1.5694029554320775e7,7.117726482602664e6,0.0,0.0,0.0,0.0
9237,1.5704252792560749e7,7.1188203254939e6,0.0,0.0,0.0,0.0
9238,1.5714476030800724e7,7.119914168385136e6,0.0,0.0,0.0,0.0
9239,1.571120067994209e7,7.121008011276372e6,0.0,0.0,0.0,0.0
9240,1.5707925329083454e7,7.122101854167608e6,0.0,0.0,0.0,0.0
9241,1.5673500223805841e7,7.116254727058844e6,0.0,0.0,0.0,0.0
9242,1.563907511852823e7,7.11040759995008e6,0.0,0.0,0.0,0.0
9243,1.5604671001308374e7,7.105852495949294e6,0.0,0.0,0.0,0.0
9244,1.5570266884088516e7,7.101297391948509e6,0.0,0.0,0.0,0.0
9245,1.5538223252272159e7,7.099050298081901e6,0.0,0.0,0.0,0.0
9246,1.55061796204558e7,7.096803204215293e6,0.0,0.0,0.0,0.0
9247,1.5503045929386603e7,7.097897047106529e6,0.0,0.0,0.0,0.0
9248,1.5499912238317406e7,7.0989908899977645e6,0.0,0.0,0.0,0.0
9249,1.551163879720062e7,7.100084732889e6,0.0,0.0,0.0,0.0
9250,1.5523365356083835e7,7.101178575780236e6,0.0,0.0,0.0,0.0
9251,1.5534877609951518e7,7.102272418671472e6,0.0,0.0,0.0,0.0
9252,1.55463898638192e7,7.103366261562708e6,0.0,0.0,0.0,0.0
9253,1.5557444716555987e7,7.104460104453944e6,0.0,0.0,0.0,0.0
9254,1.5568499569292773e7,7.1055539473451795e6,0.0,0.0,0.0,0.0
9255,1.5579656637042522e7,7.106647790236415e6,0.0,0.0,0.0,0.0
9256,1.559081370479227e7,7.107741633127651e6,0.0,0.0,0.0,0.0
9257,1.556037897899555e7,7.108835476018887e6,0.0,0.0,0.0,0.0
9258,1.552994425319883e7,7.109929318910123e6,0.0,0.0,0.0,0.0
9259,1.5499121766669879e7,7.111023161801359e6,0.0,0.0,0.0,0.0
9260,1.5468299280140927e7,7.1121170046925945e6,0.0,0.0,0.0,0.0
9261,1.5436881227064375e7,7.11084729396503e6,0.0,0.0,0.0,0.0
9262,1.5405463173987824e7,7.1095775832374655e6,0.0,0.0,0.0,0.0
9263,1.5371707373660788e7,7.104835013047194e6,0.0,0.0,0.0,0.0
9264,1.5337951573333753e7,7.100092442856924e6,0.0,0.0,0.0,0.0
9265,1.5303149447284501e7,7.100912825025351e6,0.0,0.0,0.0,0.0
9266,1.5268347321235247e7,7.101733207193778e6,0.0,0.0,0.0,0.0
9267,1.5233597876564652e7,7.102553589362205e6,0.0,0.0,0.0,0.0
9268,1.5198848431894056e7,7.103373971530632e6,0.0,0.0,0.0,0.0
9269,1.516648192673773e7,7.1002280387024e6,0.0,0.0,0.0,0.0
9270,1.51341154215814e7,7.097082105874169e6,0.0,0.0,0.0,0.0
9271,1.5144802423388403e7,7.097902488042596e6,0.0,0.0,0.0,0.0
9272,1.5155489425195405e7,7.098722870211023e6,0.0,0.0,0.0,0.0
9273,1.5167078189689063e7,7.09954325237945e6,0.0,0.0,0.0,0.0
9274,1.517866695418272e7,7.100363634547877e6,0.0,0.0,0.0,0.0
9275,1.518949883368919e7,7.101184016716304e6,0.0,0.0,0.0,0.0
9276,1.5200330713195663e7,7.102004398884731e6,0.0,0.0,0.0,0.0
9277,1.5210736411256123e7,7.102824781053158e6,0.0,0.0,0.0,0.0
9278,1.5221142109316582e7,7.103645163221586e6,0.0,0.0,0.0,0.0
9279,1.5231405031460956e7,7.104465545390013e6,0.0,0.0,0.0,0.0
9280,1.5241667953605331e7,7.10528592755844e6,0.0,0.0,0.0,0.0
9281,1.5210613080281619e7,7.106106309726867e6,0.0,0.0,0.0,0.0
9282,1.5179558206957906e7,7.106926691895294e6,0.0,0.0,0.0,0.0
9283,1.5148468259893736e7,7.107674100221635e6,0.0,0.0,0.0,0.0
9284,1.5117378312829565e7,7.108421508547976e6,0.0,0.0,0.0,0.0
9285,1.5085656031277614e7,7.103707427538898e6,0.0,0.0,0.0,0.0
9286,1.5053933749725662e7,7.098993346529821e6,0.0,0.0,0.0,0.0
9287,1.5020247114063796e7,7.092872758698247e6,0.0,0.0,0.0,0.0
9288,1.498656047840193e7,7.086752170866675e6,0.0,0.0,0.0,0.0
9289,1.4952186963217702e7,7.081442324557483e6,0.0,0.0,0.0,0.0
9290,1.4917813448033474e7,7.076132478248292e6,0.0,0.0,0.0,0.0
9291,1.488350389394112e7,7.070011890416719e6,0.0,0.0,0.0,0.0
9292,1.4849194339848764e7,7.063891302585145e6,0.0,0.0,0.0,0.0
9293,1.4816856579431072e7,7.058529621443854e6,0.0,0.0,0.0,0.0
9294,1.478451881901338e7,7.053167940302562e6,0.0,0.0,0.0,0.0
9295,1.478718730868132e7,7.051514279399159e6,0.0,0.0,0.0,0.0
9296,1.4789855798349261e7,7.049860618495757e6,0.0,0.0,0.0,0.0
9297,1.4801529352106165e7,7.050681000664184e6,0.0,0.0,0.0,0.0
9298,1.481320290586307e7,7.051501382832611e6,0.0,0.0,0.0,0.0
9299,1.4824489750639712e7,7.052321765001038e6,0.0,0.0,0.0,0.0
9300,1.4835776595416354e7,7.053142147169465e6,0.0,0.0,0.0,0.0
9301,1.4846465692334391e7,7.053962529337892e6,0.0,0.0,0.0,0.0
9302,1.485715478925243e7,7.054782911506319e6,0.0,0.0,0.0,0.0
9303,1.4866672454618372e7,7.0556032936747465e6,0.0,0.0,0.0,0.0
9304,1.4876190119984316e7,7.056423675843174e6,0.0,0.0,0.0,0.0
9305,1.488763465410493e7,7.057244058011601e6,0.0,0.0,0.0,0.0
9306,1.4899079188225545e7,7.058064440180028e6,0.0,0.0,0.0,0.0
9307,1.48893006681138e7,7.058884822348455e6,0.0,0.0,0.0,0.0
9308,1.4879522148002055e7,7.059705204516882e6,0.0,0.0,0.0,0.0
9309,1.4889636482065326e7,7.0535846166853085e6,0.0,0.0,0.0,0.0
9310,1.4899750816128597e7,7.047464028853736e6,0.0,0.0,0.0,0.0
9311,1.4908172358006217e7,7.041343441022163e6,0.0,0.0,0.0,0.0
9312,1.4916593899883838e7,7.03522285319059e6,0.0,0.0,0.0,0.0
9313,1.492415442034338e7,7.03253775362529e6,0.0,0.0,0.0,0.0
9314,1.493171494080292e7,7.029852654059989e6,0.0,0.0,0.0,0.0
9315,1.4938720529551081e7,7.0306730362284165e6,0.0,0.0,0.0,0.0
9316,1.4945726118299242e7,7.031493418396844e6,0.0,0.0,0.0,0.0
9317,1.4952987715473954e7,7.032313800565271e6,0.0,0.0,0.0,0.0
9318,1.4960249312648667e7,7.033134182733698e6,0.0,0.0,0.0,0.0
9319,1.4968770054871427e7,7.033954564902125e6,0.0,0.0,0.0,0.0
9320,1.4977290797094187e7,7.034774947070552e6,0.0,0.0,0.0,0.0
9321,1.4986288166661173e7,7.035595329238979e6,0.0,0.0,0.0,0.0
9322,1.4995285536228161e7,7.036415711407406e6,0.0,0.0,0.0,0.0
9323,1.5003801936236527e7,7.037236093575833e6,0.0,0.0,0.0,0.0
9324,1.5012318336244892e7,7.0380564757442605e6,0.0,0.0,0.0,0.0
9325,1.5020376496573186e7,7.038876857912688e6,0.0,0.0,0.0,0.0
9326,1.5028434656901479e7,7.039697240081115e6,0.0,0.0,0.0,0.0
9327,1.5037095978733707e7,7.040517622249542e6,0.0,0.0,0.0,0.0
9328,1.5045757300565938e7,7.041338004417969e6,0.0,0.0,0.0,0.0
9329,1.505511127025744e7,7.042158386586396e6,0.0,0.0,0.0,0.0
9330,1.5064465239948943e7,7.042978768754823e6,0.0,0.0,0.0,0.0
9331,1.5073665281885728e7,7.04379915092325e6,0.0,0.0,0.0,0.0
9332,1.5082865323822511e7,7.044619533091677e6,0.0,0.0,0.0,0.0
9333,1.5091416127469864e7,7.045439915260104e6,0.0,0.0,0.0,0.0
9334,1.5099966931117214e7,7.046260297428532e6,0.0,0.0,0.0,0.0
9335,1.5106347281121504e7,7.047080679596959e6,0.0,0.0,0.0,0.0
9336,1.5112727631125791e7,7.047901061765386e6,0.0,0.0,0.0,0.0
9337,1.511777860682812e7,7.048721443933813e6,0.0,0.0,0.0,0.0
9338,1.5122829582530446e7,7.04954182610224e6,0.0,0.0,0.0,0.0
9339,1.5127399878599271e7,7.050362208270667e6,0.0,0.0,0.0,0.0
9340,1.5131970174668096e7,7.051182590439094e6,0.0,0.0,0.0,0.0
9341,1.5137475695265517e7,7.052002972607521e6,0.0,0.0,0.0,0.0
9342,1.514298121586294e7,7.052823354775948e6,0.0,0.0,0.0,0.0
9343,1.5149733465376165e7,7.053643736944376e6,0.0,0.0,0.0,0.0
9344,1.5156485714889389e7,7.054464119112803e6,0.0,0.0,0.0,0.0
9345,1.5163582926939337e7,7.05528450128123e6,0.0,0.0,0.0,0.0
9346,1.5170680138989285e7,7.056104883449657e6,0.0,0.0,0.0,0.0
9347,1.5177723178072989e7,7.056925265618084e6,0.0,0.0,0.0,0.0
9348,1.5184766217156691e7,7.057745647786511e6,0.0,0.0,0.0,0.0
9349,1.519200852537386e7,7.058566029954938e6,0.0,0.0,0.0,0.0
9350,1.5199250833591027e7,7.059386412123365e6,0.0,0.0,0.0,0.0
9351,1.5207147753833432e7,7.060206794291792e6,0.0,0.0,0.0,0.0
9352,1.5215044674075836e7,7.06102717646022e6,0.0,0.0,0.0,0.0
9353,1.522391193855907e7,7.061847558628647e6,0.0,0.0,0.0,0.0
9354,1.5232779203042306e7,7.062667940797074e6,0.0,0.0,0.0,0.0
9355,1.5242175583816398e7,7.063488322965501e6,0.0,0.0,0.0,0.0
9356,1.5251571964590492e7,7.064308705133928e6,0.0,0.0,0.0,0.0
9357,1.5260881202823343e7,7.065129087302355e6,0.0,0.0,0.0,0.0
9358,1.5270190441056194e7,7.065949469470782e6,0.0,0.0,0.0,0.0
9359,1.527811366388148e7,7.066454380563207e6,0.0,0.0,0.0,0.0
9360,1.5286036886706766e7,7.066959291655632e6,0.0,0.0,0.0,0.0
9361,1.5293433909937227e7,7.067779673824059e6,0.0,0.0,0.0,0.0
9362,1.5300830933167689e7,7.068600055992486e6,0.0,0.0,0.0,0.0
9363,1.5308494960968494e7,7.065547769311298e6,0.0,0.0,0.0,0.0
9364,1.5316158988769302e7,7.06249548263011e6,0.0,0.0,0.0,0.0
9365,1.5325965902034879e7,7.062796547537724e6,0.0,0.0,0.0,0.0
9366,1.5335772815300453e7,7.063097612445337e6,0.0,0.0,0.0,0.0
9367,1.534755968495689e7,7.063054207665067e6,0.0,0.0,0.0,0.0
9368,1.5359346554613328e7,7.0630108028847985e6,0.0,0.0,0.0,0.0
9369,1.5371352821664222e7,7.063831185053226e6,0.0,0.0,0.0,0.0
9370,1.5383359088715114e7,7.064651567221653e6,0.0,0.0,0.0,0.0
9371,1.5395026732394602e7,7.06547194939008e6,0.0,0.0,0.0,0.0
9372,1.5406694376074089e7,7.066292331558507e6,0.0,0.0,0.0,0.0
9373,1.54180167100189e7,7.067112713726934e6,0.0,0.0,0.0,0.0
9374,1.542933904396371e7,7.067933095895361e6,0.0,0.0,0.0,0.0
9375,1.5440583965195902e7,7.068753478063788e6,0.0,0.0,0.0,0.0
9376,1.5451828886428092e7,7.069573860232215e6,0.0,0.0,0.0,0.0
9377,1.5463286550773352e7,7.0703942424006425e6,0.0,0.0,0.0,0.0
9378,1.5474744215118611e7,7.07121462456907e6,0.0,0.0,0.0,0.0
9379,1.548589082639046e7,7.072035006737497e6,0.0,0.0,0.0,0.0
9380,1.5497037437662309e7,7.072855388905924e6,0.0,0.0,0.0,0.0
9381,1.5507218773132207e7,7.073675771074351e6,0.0,0.0,0.0,0.0
9382,1.5517400108602105e7,7.074496153242778e6,0.0,0.0,0.0,0.0
9383,1.5525892646712434e7,7.075316535411205e6,0.0,0.0,0.0,0.0
9384,1.5534385184822762e7,7.076136917579632e6,0.0,0.0,0.0,0.0
9385,1.5542622504340682e7,7.076957299748059e6,0.0,0.0,0.0,0.0
9386,1.55508598238586e7,7.0777776819164865e6,0.0,0.0,0.0,0.0
9387,1.5559193754802365e7,7.078598064084914e6,0.0,0.0,0.0,0.0
9388,1.5567527685746131e7,7.079418446253341e6,0.0,0.0,0.0,0.0
9389,1.5577523826559898e7,7.07911168469011e6,0.0,0.0,0.0,0.0
9390,1.5587519967373665e7,7.07880492312688e6,0.0,0.0,0.0,0.0
9391,1.5599185934980694e7,7.079625305295307e6,0.0,0.0,0.0,0.0
9392,1.5610851902587725e7,7.080445687463734e6,0.0,0.0,0.0,0.0
9393,1.5622706211259866e7,7.081266069632161e6,0.0,0.0,0.0,0.0
9394,1.5634560519932007e7,7.0820864518005885e6,0.0,0.0,0.0,0.0
9395,1.5646083654055161e7,7.082906833969016e6,0.0,0.0,0.0,0.0
9396,1.5657606788178315e7,7.083727216137443e6,0.0,0.0,0.0,0.0
9397,1.5668861447622605e7,7.08454759830587e6,0.0,0.0,0.0,0.0
9398,1.5680116107066892e7,7.085367980474297e6,0.0,0.0,0.0,0.0
9399,1.5691307511050308e7,7.086188362642724e6,0.0,0.0,0.0,0.0
9400,1.5702498915033724e7,7.087008744811151e6,0.0,0.0,0.0,0.0
9401,1.5713845350925371e7,7.087829126979578e6,0.0,0.0,0.0,0.0
9402,1.5725191786817018e7,7.088649509148005e6,0.0,0.0,0.0,0.0
9403,1.573618943614307e7,7.0894698913164325e6,0.0,0.0,0.0,0.0
9404,1.5747187085469121e7,7.09029027348486e6,0.0,0.0,0.0,0.0
9405,1.5757277149499264e7,7.091110655653287e6,0.0,0.0,0.0,0.0
9406,1.5767367213529406e7,7.091931037821714e6,0.0,0.0,0.0,0.0
9407,1.5775818464381311e7,7.092751419990141e6,0.0,0.0,0.0,0.0
9408,1.5784269715233214e7,7.093571802158568e6,0.0,0.0,0.0,0.0
9409,1.576146406514122e7,7.0874512143269945e6,0.0,0.0,0.0,0.0
9410,1.5738658415049227e7,7.081330626495422e6,0.0,0.0,0.0,0.0
9411,1.570466496751263e7,7.077243815524092e6,0.0,0.0,0.0,0.0
9412,1.5670671519976035e7,7.073157004552763e6,0.0,0.0,0.0,0.0
9413,1.5646135166634489e7,7.071344776340635e6,0.0,0.0,0.0,0.0
9414,1.5621598813292945e7,7.069532548128506e6,0.0,0.0,0.0,0.0
9415,1.5633226541425668e7,7.070352930296933e6,0.0,0.0,0.0,0.0
9416,1.564485426955839e7,7.07117331246536e6,0.0,0.0,0.0,0.0
9417,1.565645055317221e7,7.0719936946337875e6,0.0,0.0,0.0,0.0
9418,1.566804683678603e7,7.072814076802215e6,0.0,0.0,0.0,0.0
9419,1.567943003403052e7,7.073634458970642e6,0.0,0.0,0.0,0.0
9420,1.5690813231275009e7,7.074454841139069e6,0.0,0.0,0.0,0.0
9421,1.5701969702447297e7,7.075275223307496e6,0.0,0.0,0.0,0.0
9422,1.5713126173619585e7,7.076095605475923e6,0.0,0.0,0.0,0.0
9423,1.5724225575507406e7,7.07691598764435e6,0.0,0.0,0.0,0.0
9424,1.5735324977395227e7,7.077736369812777e6,0.0,0.0,0.0,0.0
9425,1.5704685416833516e7,7.078556751981204e6,0.0,0.0,0.0,0.0
9426,1.5674045856271807e7,7.0793771341496315e6,0.0,0.0,0.0,0.0
9427,1.56849505083157e7,7.080197516318059e6,0.0,0.0,0.0,0.0
9428,1.5695855160359591e7,7.081017898486486e6,0.0,0.0,0.0,0.0
9429,1.5705737783929624e7,7.074897310654912e6,0.0,0.0,0.0,0.0
9430,1.5715620407499658e7,7.0687767228233395e6,0.0,0.0,0.0,0.0
9431,1.5724192132663727e7,7.062656134991767e6,0.0,0.0,0.0,0.0
9432,1.5732763857827798e7,7.056535547160193e6,0.0,0.0,0.0,0.0
9433,1.57406627141838e7,7.050352686094713e6,0.0,0.0,0.0,0.0
9434,1.57485615705398e7,7.0441698250292335e6,0.0,0.0,0.0,0.0
9435,1.571460947467433e7,7.038385596464738e6,0.0,0.0,0.0,0.0
9436,1.5680657378808858e7,7.032601367900242e6,0.0,0.0,0.0,0.0
9437,1.564878832259834e7,7.029537412786817e6,0.0,0.0,0.0,0.0
9438,1.5616919266387822e7,7.026473457673391e6,0.0,0.0,0.0,0.0
9439,1.5628570804113138e7,7.024127598927865e6,0.0,0.0,0.0,0.0
9440,1.5640222341838457e7,7.021781740182337e6,0.0,0.0,0.0,0.0
9441,1.5652038848502409e7,7.022539849116857e6,0.0,0.0,0.0,0.0
9442,1.5663855355166359e7,7.023297958051377e6,0.0,0.0,0.0,0.0
9443,1.5675476504209137e7,7.024056066985897e6,0.0,0.0,0.0,0.0
9444,1.5687097653251914e7,7.024814175920417e6,0.0,0.0,0.0,0.0
9445,1.5698143674168635e7,7.025572284854936e6,0.0,0.0,0.0,0.0
9446,1.5709189695085356e7,7.026330393789456e6,0.0,0.0,0.0,0.0
9447,1.5719975971793927e7,7.027088502723976e6,0.0,0.0,0.0,0.0
9448,1.57307622485025e7,7.027846611658496e6,0.0,0.0,0.0,0.0
9449,1.5741562571167495e7,7.028604720593016e6,0.0,0.0,0.0,0.0
9450,1.575236289383249e7,7.0293628295275355e6,0.0,0.0,0.0,0.0
9451,1.5762743845490903e7,7.023179968462056e6,0.0,0.0,0.0,0.0
9452,1.5773124797149317e7,7.016997107396576e6,0.0,0.0,0.0,0.0
9453,1.5782632023346703e7,7.010814246331096e6,0.0,0.0,0.0,0.0
9454,1.5792139249544092e7,7.004631385265616e6,0.0,0.0,0.0,0.0
9455,1.5761113291199785e7,6.998448524200136e6,0.0,0.0,0.0,0.0
9456,1.5730087332855478e7,6.992265663134656e6,0.0,0.0,0.0,0.0
9457,1.57370728572516e7,6.986082802069176e6,0.0,0.0,0.0,0.0
9458,1.5744058381647721e7,6.979899941003696e6,0.0,0.0,0.0,0.0
9459,1.57512352884887e7,6.973717079938216e6,0.0,0.0,0.0,0.0
9460,1.5758412195329677e7,6.967534218872736e6,0.0,0.0,0.0,0.0
9461,1.57321646053788e7,6.961351357807256e6,0.0,0.0,0.0,0.0
9462,1.5705917015427923e7,6.955168496741776e6,0.0,0.0,0.0,0.0
9463,1.571665285849112e7,6.949992661408495e6,0.0,0.0,0.0,0.0
9464,1.5727388701554319e7,6.944816826075214e6,0.0,0.0,0.0,0.0
9465,1.5738398924105695e7,6.945574935009734e6,0.0,0.0,0.0,0.0
9466,1.574940914665707e7,6.946333043944254e6,0.0,0.0,0.0,0.0
9467,1.5760070068561953e7,6.947091152878773e6,0.0,0.0,0.0,0.0
9468,1.5770730990466837e7,6.947849261813293e6,0.0,0.0,0.0,0.0
9469,1.5781061089424e7,6.948607370747813e6,0.0,0.0,0.0,0.0
9470,1.579139118838116e7,6.949365479682333e6,0.0,0.0,0.0,0.0
9471,1.5802009023125745e7,6.950123588616853e6,0.0,0.0,0.0,0.0
9472,1.5812626857870333e7,6.950881697551372e6,0.0,0.0,0.0,0.0
9473,1.5823784180488978e7,6.951639806485892e6,0.0,0.0,0.0,0.0
9474,1.5834941503107624e7,6.952397915420412e6,0.0,0.0,0.0,0.0
9475,1.5804097019603858e7,6.94664923222515e6,0.0,0.0,0.0,0.0
9476,1.5773252536100091e7,6.940900549029889e6,0.0,0.0,0.0,0.0
9477,1.574176336311489e7,6.934717687964409e6,0.0,0.0,0.0,0.0
9478,1.571027419012969e7,6.928534826898929e6,0.0,0.0,0.0,0.0
9479,1.5719086949990992e7,6.922351965833449e6,0.0,0.0,0.0,0.0
9480,1.5727899709852295e7,6.916169104767969e6,0.0,0.0,0.0,0.0
9481,1.5729920914256731e7,6.910990562420346e6,0.0,0.0,0.0,0.0
9482,1.5731942118661167e7,6.905812020072722e6,0.0,0.0,0.0,0.0
9483,1.5740048882758146e7,6.903672463053126e6,0.0,0.0,0.0,0.0
9484,1.5748155646855125e7,6.901532906033531e6,0.0,0.0,0.0,0.0
9485,1.571551109325229e7,6.901013446480296e6,0.0,0.0,0.0,0.0
9486,1.5682866539649457e7,6.90049398692706e6,0.0,0.0,0.0,0.0
9487,1.5692949780646253e7,6.901056853297347e6,0.0,0.0,0.0,0.0
9488,1.5703033021643048e7,6.901619719667634e6,0.0,0.0,0.0,0.0
9489,1.5713874794142071e7,6.902377828602154e6,0.0,0.0,0.0,0.0
9490,1.5724716566641092e7,6.903135937536674e6,0.0,0.0,0.0,0.0
9491,1.5735396622229435e7,6.903894046471193e6,0.0,0.0,0.0,0.0
9492,1.5746076677817777e7,6.904652155405713e6,0.0,0.0,0.0,0.0
9493,1.5756416973373031e7,6.905410264340233e6,0.0,0.0,0.0,0.0
9494,1.5766757268928286e7,6.906168373274753e6,0.0,0.0,0.0,0.0
9495,1.5777365391583076e7,6.906926482209273e6,0.0,0.0,0.0,0.0
9496,1.5787973514237866e7,6.9076845911437925e6,0.0,0.0,0.0,0.0
9497,1.5757205881025422e7,6.908442700078312e6,0.0,0.0,0.0,0.0
9498,1.572643824781298e7,6.909200809012832e6,0.0,0.0,0.0,0.0
9499,1.5695875173614811e7,6.903017947947352e6,0.0,0.0,0.0,0.0
9500,1.566531209941664e7,6.896835086881872e6,0.0,0.0,0.0,0.0
9501,1.5634039799256738e7,6.890652225816392e6,0.0,0.0,0.0,0.0
9502,1.5602767499096839e7,6.884469364750912e6,0.0,0.0,0.0,0.0
9503,1.5578729001830168e7,6.8782865036854325e6,0.0,0.0,0.0,0.0
9504,1.5554690504563497e7,6.872103642619953e6,0.0,0.0,0.0,0.0
9505,1.556334400551163e7,6.865920781554473e6,0.0,0.0,0.0,0.0
9506,1.5571997506459763e7,6.859737920488993e6,0.0,0.0,0.0,0.0
9507,1.5580348993621342e7,6.854129374385129e6,0.0,0.0,0.0,0.0
9508,1.5588700480782922e7,6.848520828281265e6,0.0,0.0,0.0,0.0
9509,1.5597426995172158e7,6.845016000035005e6,0.0,0.0,0.0,0.0
9510,1.5606153509561393e7,6.841511171788745e6,0.0,0.0,0.0,0.0
9511,1.5616311601508625e7,6.840287784433023e6,0.0,0.0,0.0,0.0
9512,1.5626469693455858e7,6.8390643970773015e6,0.0,0.0,0.0,0.0
9513,1.5637250767077293e7,6.839822506011821e6,0.0,0.0,0.0,0.0
9514,1.564803184069873e7,6.840580614946341e6,0.0,0.0,0.0,0.0
9515,1.5658685692083392e7,6.841338723880861e6,0.0,0.0,0.0,0.0
9516,1.5669339543468054e7,6.842096832815381e6,0.0,0.0,0.0,0.0
9517,1.5679502024614673e7,6.842854941749901e6,0.0,0.0,0.0,0.0
9518,1.568966450576129e7,6.84361305068442e6,0.0,0.0,0.0,0.0
9519,1.5699987926283631e7,6.84437115961894e6,0.0,0.0,0.0,0.0
9520,1.5710311346805973e7,6.84512926855346e6,0.0,0.0,0.0,0.0
9521,1.5716275222218357e7,6.84588737748798e6,0.0,0.0,0.0,0.0
9522,1.5722239097630743e7,6.8466454864225e6,0.0,0.0,0.0,0.0
9523,1.573353767938271e7,6.840895445437221e6,0.0,0.0,0.0,0.0
9524,1.5744836261134677e7,6.835145404451943e6,0.0,0.0,0.0,0.0
9525,1.5755421767806266e7,6.828962543386463e6,0.0,0.0,0.0,0.0
9526,1.5766007274477853e7,6.822779682320983e6,0.0,0.0,0.0,0.0
9527,1.5774774234157644e7,6.818682614475229e6,0.0,0.0,0.0,0.0
9528,1.5783541193837434e7,6.8145855466294745e6,0.0,0.0,0.0,0.0
9529,1.5791785251778126e7,6.808402685563995e6,0.0,0.0,0.0,0.0
9530,1.5800029309718816e7,6.802219824498515e6,0.0,0.0,0.0,0.0
9531,1.5800489323599033e7,6.796238227826743e6,0.0,0.0,0.0,0.0
9532,1.5800949337479252e7,6.790256631154972e6,0.0,0.0,0.0,0.0
9533,1.5811947229356697e7,6.785704303455024e6,0.0,0.0,0.0,0.0
9534,1.5822945121234141e7,6.781151975755076e6,0.0,0.0,0.0,0.0
9535,1.5835727841968052e7,6.778324017681599e6,0.0,0.0,0.0,0.0
9536,1.5848510562701965e7,6.7754960596081205e6,0.0,0.0,0.0,0.0
9537,1.5861272426690854e7,6.77625416854264e6,0.0,0.0,0.0,0.0
9538,1.5874034290679745e7,6.77701227747716e6,0.0,0.0,0.0,0.0
9539,1.5886506556222871e7,6.77777038641168e6,0.0,0.0,0.0,0.0
9540,1.5898978821765998e7,6.7785284953462e6,0.0,0.0,0.0,0.0
9541,1.591117010744035e7,6.7792866042807195e6,0.0,0.0,0.0,0.0
9542,1.5923361393114703e7,6.780044713215239e6,0.0,0.0,0.0,0.0
9543,1.5935242339690132e7,6.780802822149759e6,0.0,0.0,0.0,0.0
9544,1.5947123286265561e7,6.781560931084279e6,0.0,0.0,0.0,0.0
9545,1.595929889020521e7,6.782319040018799e6,0.0,0.0,0.0,0.0
9546,1.5971474494144859e7,6.783077148953319e6,0.0,0.0,0.0,0.0
9547,1.5983054153862916e7,6.7788815832412075e6,0.0,0.0,0.0,0.0
9548,1.5994633813580975e7,6.7746860175290955e6,0.0,0.0,0.0,0.0
9549,1.6004524517315127e7,6.768503156463616e6,0.0,0.0,0.0,0.0
9550,1.6014415221049277e7,6.762320295398136e6,0.0,0.0,0.0,0.0
9551,1.602238871593001e7,6.756137434332656e6,0.0,0.0,0.0,0.0
9552,1.6030362210810741e7,6.749954573267176e6,0.0,0.0,0.0,0.0
9553,1.603095776033902e7,6.743771712201696e6,0.0,0.0,0.0,0.0
9554,1.6031553309867298e7,6.737588851136216e6,0.0,0.0,0.0,0.0
9555,1.6033528413191527e7,6.731405990070736e6,0.0,0.0,0.0,0.0
9556,1.6035503516515756e7,6.725223129005256e6,0.0,0.0,0.0,0.0
9557,1.6040915041144712e7,6.720706858597022e6,0.0,0.0,0.0,0.0
9558,1.6046326565773668e7,6.716190588188788e6,0.0,0.0,0.0,0.0
9559,1.6058663328831237e7,6.715672307684599e6,0.0,0.0,0.0,0.0
9560,1.6071000091888806e7,6.715154027180411e6,0.0,0.0,0.0,0.0
9561,1.6083560761671636e7,6.715912136114931e6,0.0,0.0,0.0,0.0
9562,1.6096121431454469e7,6.716670245049451e6,0.0,0.0,0.0,0.0
9563,1.610856587935431e7,6.71742835398397e6,0.0,0.0,0.0,0.0
9564,1.6121010327254152e7,6.71818646291849e6,0.0,0.0,0.0,0.0
9565,1.6133234128957659e7,6.71894457185301e6,0.0,0.0,0.0,0.0
9566,1.6145457930661166e7,6.71970268078753e6,0.0,0.0,0.0,0.0
9567,1.6157702067415414e7,6.72046078972205e6,0.0,0.0,0.0,0.0
9568,1.6169946204169663e7,6.721218898656569e6,0.0,0.0,0.0,0.0
9569,1.6182301926303094e7,6.721977007591089e6,0.0,0.0,0.0,0.0
9570,1.6194657648436526e7,6.722735116525609e6,0.0,0.0,0.0,0.0
9571,1.6206564890746538e7,6.723493225460129e6,0.0,0.0,0.0,0.0
9572,1.621847213305655e7,6.724251334394649e6,0.0,0.0,0.0,0.0
9573,1.6229089403110446e7,6.7250094433291685e6,0.0,0.0,0.0,0.0
9574,1.6239706673164343e7,6.725767552263688e6,0.0,0.0,0.0,0.0
9575,1.6247993696582172e7,6.726525661198208e6,0.0,0.0,0.0,0.0
9576,1.625628072e7,6.727283770132728e6,0.0,0.0,0.0,0.0
9577,1.6222152239330228e7,6.721100909067248e6,0.0,0.0,0.0,0.0
9578,1.6188023758660454e7,6.714918048001768e6,0.0,0.0,0.0,0.0
9579,1.6154382622286377e7,6.708735186936288e6,0.0,0.0,0.0,0.0
9580,1.61207414859123e7,6.702552325870808e6,0.0,0.0,0.0,0.0
9581,1.6091046624606412e7,6.696369464805328e6,0.0,0.0,0.0,0.0
9582,1.6061351763300525e7,6.690186603739848e6,0.0,0.0,0.0,0.0
9583,1.6073881463744394e7,6.684003742674368e6,0.0,0.0,0.0,0.0
9584,1.6086411164188264e7,6.6778208816088885e6,0.0,0.0,0.0,0.0
9585,1.6098979416072398e7,6.678578990543408e6,0.0,0.0,0.0,0.0
9586,1.6111547667956535e7,6.679337099477928e6,0.0,0.0,0.0,0.0
9587,1.6124090749702102e7,6.680095208412448e6,0.0,0.0,0.0,0.0
9588,1.6136633831447668e7,6.680853317346968e6,0.0,0.0,0.0,0.0
9589,1.6149093313537482e7,6.681611426281488e6,0.0,0.0,0.0,0.0
9590,1.6161552795627298e7,6.682369535216007e6,0.0,0.0,0.0,0.0
9591,1.6173924876150168e7,6.683127644150527e6,0.0,0.0,0.0,0.0
9592,1.618629695667304e7,6.683885753085047e6,0.0,0.0,0.0,0.0
9593,1.6199272583190706e7,6.684643862019567e6,0.0,0.0,0.0,0.0
9594,1.6212248209708372e7,6.685401970954087e6,0.0,0.0,0.0,0.0
9595,1.6224829415278915e7,6.679242327287022e6,0.0,0.0,0.0,0.0
9596,1.6237410620849459e7,6.6730826836199565e6,0.0,0.0,0.0,0.0
9597,1.6206577183723329e7,6.666899822554477e6,0.0,0.0,0.0,0.0
9598,1.6175743746597199e7,6.660716961488997e6,0.0,0.0,0.0,0.0
9599,1.6142404987779513e7,6.654534100423517e6,0.0,0.0,0.0,0.0
9600,1.6109066228961825e7,6.648351239358037e6,0.0,0.0,0.0,0.0
9601,1.60888918221426e7,6.64213318037774e6,0.0,0.0,0.0,0.0
9602,1.6068717415323373e7,6.635915121397443e6,0.0,0.0,0.0,0.0
9603,1.6040400302285867e7,6.629697062417146e6,0.0,0.0,0.0,0.0
9604,1.601208318924836e7,6.623479003436849e6,0.0,0.0,0.0,0.0
9605,1.5995097942375682e7,6.617260944456553e6,0.0,0.0,0.0,0.0
9606,1.5978112695503006e7,6.611042885476256e6,0.0,0.0,0.0,0.0
9607,1.5990791587860782e7,6.606054684475681e6,0.0,0.0,0.0,0.0
9608,1.6003470480218558e7,6.601066483475105e6,0.0,0.0,0.0,0.0
9609,1.6016154473278504e7,6.599959671636332e6,0.0,0.0,0.0,0.0
9610,1.6028838466338448e7,6.598852859797558e6,0.0,0.0,0.0,0.0
9611,1.6041261218113203e7,6.599575770817261e6,0.0,0.0,0.0,0.0
9612,1.6053683969887957e7,6.600298681836964e6,0.0,0.0,0.0,0.0
9613,1.6066025393945914e7,6.601021592856666e6,0.0,0.0,0.0,0.0
9614,1.6078366818003872e7,6.601744503876369e6,0.0,0.0,0.0,0.0
9615,1.6090548500182953e7,6.602467414896073e6,0.0,0.0,0.0,0.0
9616,1.6102730182362031e7,6.603190325915775e6,0.0,0.0,0.0,0.0
9617,1.6073334850366203e7,6.603913236935478e6,0.0,0.0,0.0,0.0
9618,1.6043939518370375e7,6.604636147955181e6,0.0,0.0,0.0,0.0
9619,1.60499097183857e7,6.598418088974884e6,0.0,0.0,0.0,0.0
9620,1.6055879918401023e7,6.592200029994587e6,0.0,0.0,0.0,0.0
9621,1.6024737258047055e7,6.585981971014291e6,0.0,0.0,0.0,0.0
9622,1.599359459769309e7,6.579763912033994e6,0.0,0.0,0.0,0.0
9623,1.5960987383242764e7,6.574674729826347e6,0.0,0.0,0.0,0.0
9624,1.592838016879244e7,6.5695855476187e6,0.0,0.0,0.0,0.0
9625,1.5895225291859522e7,6.568981625473052e6,0.0,0.0,0.0,0.0
9626,1.5862070414926607e7,6.568377703327403e6,0.0,0.0,0.0,0.0
9627,1.5829114398714125e7,6.562159644347107e6,0.0,0.0,0.0,0.0
9628,1.5796158382501643e7,6.55594158536681e6,0.0,0.0,0.0,0.0
9629,1.5765657680279288e7,6.5501334092580695e6,0.0,0.0,0.0,0.0
9630,1.5735156978056932e7,6.54432523314933e6,0.0,0.0,0.0,0.0
9631,1.5743247145648364e7,6.541260028294635e6,0.0,0.0,0.0,0.0
9632,1.5751337313239798e7,6.53819482343994e6,0.0,0.0,0.0,0.0
9633,1.5764405793830777e7,6.538917734459642e6,0.0,0.0,0.0,0.0
9634,1.5777474274421755e7,6.539640645479346e6,0.0,0.0,0.0,0.0
9635,1.5789996608422808e7,6.540363556499049e6,0.0,0.0,0.0,0.0
9636,1.580251894242386e7,6.5410864675187515e6,0.0,0.0,0.0,0.0
9637,1.5814490802019758e7,6.541809378538454e6,0.0,0.0,0.0,0.0
9638,1.5826462661615657e7,6.542532289558157e6,0.0,0.0,0.0,0.0
9639,1.5838439361962378e7,6.543255200577861e6,0.0,0.0,0.0,0.0
9640,1.5850416062309097e7,6.543978111597563e6,0.0,0.0,0.0,0.0
9641,1.5856108901119215e7,6.544701022617266e6,0.0,0.0,0.0,0.0
9642,1.5861801739929333e7,6.545423933636969e6,0.0,0.0,0.0,0.0
9643,1.583203226139123e7,6.542876135711908e6,0.0,0.0,0.0,0.0
9644,1.5802262782853128e7,6.540328337786848e6,0.0,0.0,0.0,0.0
9645,1.5771400661887437e7,6.53411027880655e6,0.0,0.0,0.0,0.0
9646,1.5740538540921746e7,6.527892219826254e6,0.0,0.0,0.0,0.0
9647,1.5707320450775187e7,6.525335737602279e6,0.0,0.0,0.0,0.0
9648,1.5674102360628627e7,6.522779255378302e6,0.0,0.0,0.0,0.0
9649,1.563994536273409e7,6.5200575521132685e6,0.0,0.0,0.0,0.0
9650,1.5605788364839554e7,6.517335848848236e6,0.0,0.0,0.0,0.0
9651,1.5571443130031217e7,6.51437487599139e6,0.0,0.0,0.0,0.0
9652,1.553709789522288e7,6.511413903134544e6,0.0,0.0,0.0,0.0
9653,1.5503486177503113e7,6.510653698953374e6,0.0,0.0,0.0,0.0
9654,1.5469874459783347e7,6.509893494772204e6,0.0,0.0,0.0,0.0
9655,1.5479551064834319e7,6.510616405791907e6,0.0,0.0,0.0,0.0
9656,1.5489227669885289e7,6.51133931681161e6,0.0,0.0,0.0,0.0
9657,1.5499346817665111e7,6.512062227831313e6,0.0,0.0,0.0,0.0
9658,1.5509465965444932e7,6.512785138851016e6,0.0,0.0,0.0,0.0
9659,1.5519230411093839e7,6.513508049870718e6,0.0,0.0,0.0,0.0
9660,1.5528994856742743e7,6.514230960890422e6,0.0,0.0,0.0,0.0
9661,1.5538529462108348e7,6.514953871910125e6,0.0,0.0,0.0,0.0
9662,1.5548064067473952e7,6.515676782929827e6,0.0,0.0,0.0,0.0
9663,1.5557590317098118e7,6.51639969394953e6,0.0,0.0,0.0,0.0
9664,1.5567116566722285e7,6.517122604969233e6,0.0,0.0,0.0,0.0
9665,1.5577078057323808e7,6.517845515988937e6,0.0,0.0,0.0,0.0
9666,1.558703954792533e7,6.518568427008639e6,0.0,0.0,0.0,0.0
9667,1.5555093117315583e7,6.512675162647609e6,0.0,0.0,0.0,0.0
9668,1.5523146686705837e7,6.506781898286579e6,0.0,0.0,0.0,0.0
9669,1.5532581622158766e7,6.500563839306282e6,0.0,0.0,0.0,0.0
9670,1.5542016557611695e7,6.4943457803259855e6,0.0,0.0,0.0,0.0
9671,1.5549838395482033e7,6.490360157147731e6,0.0,0.0,0.0,0.0
9672,1.555766023335237e7,6.486374533969476e6,0.0,0.0,0.0,0.0
9673,1.5565194153187849e7,6.483202038082082e6,0.0,0.0,0.0,0.0
9674,1.5572728073023327e7,6.480029542194689e6,0.0,0.0,0.0,0.0
9675,1.5565227514260545e7,6.478645876497194e6,0.0,0.0,0.0,0.0
9676,1.5557726955497764e7,6.477262210799701e6,0.0,0.0,0.0,0.0
9677,1.5534416279906131e7,6.47628007463998e6,0.0,0.0,0.0,0.0
9678,1.55111056043145e7,6.475297938480259e6,0.0,0.0,0.0,0.0
9679,1.5520420415122664e7,6.47488302053347e6,0.0,0.0,0.0,0.0
9680,1.5529735225930827e7,6.474468102586681e6,0.0,0.0,0.0,0.0
9681,1.5539794070396764e7,6.475191013606384e6,0.0,0.0,0.0,0.0
9682,1.5549852914862702e7,6.475913924626087e6,0.0,0.0,0.0,0.0
9683,1.5559771646930834e7,6.476636835645789e6,0.0,0.0,0.0,0.0
9684,1.5569690378998967e7,6.477359746665493e6,0.0,0.0,0.0,0.0
9685,1.5579521475869663e7,6.478082657685196e6,0.0,0.0,0.0,0.0
9686,1.558935257274036e7,6.4788055687048985e6,0.0,0.0,0.0,0.0
9687,1.559962051504657e7,6.479528479724601e6,0.0,0.0,0.0,0.0
9688,1.560988845735278e7,6.480251390744304e6,0.0,0.0,0.0,0.0
9689,1.5621169839821996e7,6.48093690025923e6,0.0,0.0,0.0,0.0
9690,1.5632451222291213e7,6.481622409774156e6,0.0,0.0,0.0,0.0
9691,1.5644022330528444e7,6.475404350793859e6,0.0,0.0,0.0,0.0
9692,1.5655593438765675e7,6.469186291813563e6,0.0,0.0,0.0,0.0
9693,1.5632709535421247e7,6.462968232833266e6,0.0,0.0,0.0,0.0
9694,1.5609825632076818e7,6.456750173852969e6,0.0,0.0,0.0,0.0
9695,1.5576713628119696e7,6.450532114872672e6,0.0,0.0,0.0,0.0
9696,1.5543601624162572e7,6.444314055892375e6,0.0,0.0,0.0,0.0
9697,1.5510129326419279e7,6.438095996912079e6,0.0,0.0,0.0,0.0
9698,1.5476657028675985e7,6.431877937931782e6,0.0,0.0,0.0,0.0
9699,1.5485302202114757e7,6.425659878951484e6,0.0,0.0,0.0,0.0
9700,1.5493947375553532e7,6.419441819971188e6,0.0,0.0,0.0,0.0
9701,1.5462429808057588e7,6.413223760990892e6,0.0,0.0,0.0,0.0
9702,1.5430912240561644e7,6.407005702010594e6,0.0,0.0,0.0,0.0
9703,1.5442536194438245e7,6.400787643030297e6,0.0,0.0,0.0,0.0
9704,1.5454160148314849e7,6.394569584050001e6,0.0,0.0,0.0,0.0
9705,1.5466162922068395e7,6.39442692448724e6,0.0,0.0,0.0,0.0
9706,1.5478165695821943e7,6.394284264924479e6,0.0,0.0,0.0,0.0
9707,1.5489908977696586e7,6.395007175944181e6,0.0,0.0,0.0,0.0
9708,1.550165225957123e7,6.3957300869638845e6,0.0,0.0,0.0,0.0
9709,1.5513186022236383e7,6.396452997983588e6,0.0,0.0,0.0,0.0
9710,1.5524719784901535e7,6.39717590900329e6,0.0,0.0,0.0,0.0
9711,1.5536376328434609e7,6.397898820022993e6,0.0,0.0,0.0,0.0
9712,1.554803287196768e7,6.398621731042696e6,0.0,0.0,0.0,0.0
9713,1.5542748426822286e7,6.3993446420624e6,0.0,0.0,0.0,0.0
9714,1.5537463981676893e7,6.400067553082102e6,0.0,0.0,0.0,0.0
9715,1.5507234946078492e7,6.393849494101806e6,0.0,0.0,0.0,0.0
9716,1.5477005910480091e7,6.387631435121508e6,0.0,0.0,0.0,0.0
9717,1.5445442574698843e7,6.381413376141211e6,0.0,0.0,0.0,0.0
9718,1.5413879238917593e7,6.375195317160915e6,0.0,0.0,0.0,0.0
9719,1.5380430558301952e7,6.368977258180618e6,0.0,0.0,0.0,0.0
9720,1.534698187768631e7,6.362759199200321e6,0.0,0.0,0.0,0.0
9721,1.531301220795461e7,6.356541140220024e6,0.0,0.0,0.0,0.0
9722,1.5279042538222909e7,6.350323081239727e6,0.0,0.0,0.0,0.0
9723,1.5245324679662207e7,6.344105022259431e6,0.0,0.0,0.0,0.0
9724,1.5211606821101505e7,6.337886963279134e6,0.0,0.0,0.0,0.0
9725,1.5179729248257672e7,6.331668904298836e6,0.0,0.0,0.0,0.0
9726,1.514785167541384e7,6.32545084531854e6,0.0,0.0,0.0,0.0
9727,1.5149911749506941e7,6.319232786338244e6,0.0,0.0,0.0,0.0
9728,1.5151971823600043e7,6.313014727357946e6,0.0,0.0,0.0,0.0
9729,1.5163968321702547e7,6.31373763837765e6,0.0,0.0,0.0,0.0
9730,1.5175964819805052e7,6.314460549397352e6,0.0,0.0,0.0,0.0
9731,1.5187643827507623e7,6.315183460417055e6,0.0,0.0,0.0,0.0
9732,1.5199322835210195e7,6.315906371436758e6,0.0,0.0,0.0,0.0
9733,1.5210812016771449e7,6.316629282456461e6,0.0,0.0,0.0,0.0
9734,1.5222301198332703e7,6.317352193476164e6,0.0,0.0,0.0,0.0
9735,1.5233654855643902e7,6.318075104495866e6,0.0,0.0,0.0,0.0
9736,1.52450085129551e7,6.31879801551557e6,0.0,0.0,0.0,0.0
9737,1.5256404391165618e7,6.319520926535273e6,0.0,0.0,0.0,0.0
9738,1.5267800269376136e7,6.320243837554975e6,0.0,0.0,0.0,0.0
9739,1.5236792258403946e7,6.320966748574678e6,0.0,0.0,0.0,0.0
9740,1.5205784247431757e7,6.321689659594381e6,0.0,0.0,0.0,0.0
9741,1.5187840567431074e7,6.3202267416628245e6,0.0,0.0,0.0,0.0
9742,1.5169896887430392e7,6.318763823731267e6,0.0,0.0,0.0,0.0
9743,1.5135886154561855e7,6.312924752220245e6,0.0,0.0,0.0,0.0
9744,1.5101875421693316e7,6.307085680709222e6,0.0,0.0,0.0,0.0
9745,1.5067632201702539e7,6.300867621728925e6,0.0,0.0,0.0,0.0
9746,1.5033388981711764e7,6.294649562748629e6,0.0,0.0,0.0,0.0
9747,1.4999454122364324e7,6.289070476219792e6,0.0,0.0,0.0,0.0
9748,1.4965519263016881e7,6.283491389690954e6,0.0,0.0,0.0,0.0
9749,1.4934016893258529e7,6.27976184349705e6,0.0,0.0,0.0,0.0
9750,1.4902514523500176e7,6.276032297303146e6,0.0,0.0,0.0,0.0
9751,1.4914629359662578e7,6.276210853137277e6,0.0,0.0,0.0,0.0
9752,1.4926744195824977e7,6.276389408971409e6,0.0,0.0,0.0,0.0
9753,1.4939180502144687e7,6.277112319991112e6,0.0,0.0,0.0,0.0
9754,1.4951616808464397e7,6.277835231010815e6,0.0,0.0,0.0,0.0
9755,1.4963944352467591e7,6.2785581420305185e6,0.0,0.0,0.0,0.0
9756,1.4976271896470785e7,6.279281053050221e6,0.0,0.0,0.0,0.0
9757,1.4988155456922282e7,6.280003964069923e6,0.0,0.0,0.0,0.0
9758,1.5000039017373778e7,6.280726875089627e6,0.0,0.0,0.0,0.0
9759,1.5012254870264564e7,6.28144978610933e6,0.0,0.0,0.0,0.0
9760,1.5024470723155348e7,6.282172697129033e6,0.0,0.0,0.0,0.0
9761,1.4995448047144687e7,6.282895608148735e6,0.0,0.0,0.0,0.0
9762,1.4966425371134026e7,6.283618519168438e6,0.0,0.0,0.0,0.0
9763,1.4937025851498602e7,6.284341430188142e6,0.0,0.0,0.0,0.0
9764,1.4907626331863178e7,6.285064341207844e6,0.0,0.0,0.0,0.0
9765,1.4918284524645258e7,6.282241936261306e6,0.0,0.0,0.0,0.0
9766,1.4928942717427336e7,6.279419531314766e6,0.0,0.0,0.0,0.0
9767,1.4906112736188391e7,6.2746740676771235e6,0.0,0.0,0.0,0.0
9768,1.4883282754949447e7,6.26992860403948e6,0.0,0.0,0.0,0.0
9769,1.484962074158794e7,6.270740863612181e6,0.0,0.0,0.0,0.0
9770,1.4815958728226433e7,6.27155312318488e6,0.0,0.0,0.0,0.0
9771,1.4798364898776863e7,6.27236538275758e6,0.0,0.0,0.0,0.0
9772,1.4780771069327291e7,6.2731776423302805e6,0.0,0.0,0.0,0.0
9773,1.4791231015240587e7,6.273989901902981e6,0.0,0.0,0.0,0.0
9774,1.4801690961153883e7,6.274802161475681e6,0.0,0.0,0.0,0.0
9775,1.4813410581143878e7,6.27561442104838e6,0.0,0.0,0.0,0.0
9776,1.4825130201133871e7,6.276426680621081e6,0.0,0.0,0.0,0.0
9777,1.483717177644435e7,6.277238940193782e6,0.0,0.0,0.0,0.0
9778,1.4849213351754827e7,6.278051199766481e6,0.0,0.0,0.0,0.0
9779,1.4860955258661479e7,6.278863459339181e6,0.0,0.0,0.0,0.0
9780,1.4872697165568128e7,6.279675718911882e6,0.0,0.0,0.0,0.0
9781,1.4884047501704799e7,6.280487978484582e6,0.0,0.0,0.0,0.0
9782,1.489539783784147e7,6.281300238057282e6,0.0,0.0,0.0,0.0
9783,1.4907011465381673e7,6.2821124976299815e6,0.0,0.0,0.0,0.0
9784,1.4918625092921875e7,6.282924757202682e6,0.0,0.0,0.0,0.0
9785,1.4899695420802489e7,6.283737016775383e6,0.0,0.0,0.0,0.0
9786,1.4880765748683102e7,6.284549276348082e6,0.0,0.0,0.0,0.0
9787,1.4892362455818836e7,6.2828673086510375e6,0.0,0.0,0.0,0.0
9788,1.490395916295457e7,6.281185340953993e6,0.0,0.0,0.0,0.0
9789,1.4914125782556552e7,6.281997600526692e6,0.0,0.0,0.0,0.0
9790,1.4924292402158532e7,6.282809860099393e6,0.0,0.0,0.0,0.0
9791,1.4932034612152778e7,6.282532147576523e6,0.0,0.0,0.0,0.0
9792,1.4939776822147025e7,6.282254435053653e6,0.0,0.0,0.0,0.0
9793,1.4946957616552372e7,6.283066694626354e6,0.0,0.0,0.0,0.0
9794,1.495413841095772e7,6.283878954199053e6,0.0,0.0,0.0,0.0
9795,1.4961666386295956e7,6.281477099566146e6,0.0,0.0,0.0,0.0
9796,1.4969194361634193e7,6.279075244933238e6,0.0,0.0,0.0,0.0
9797,1.497918887965453e7,6.277145561716054e6,0.0,0.0,0.0,0.0
9798,1.4989183397674866e7,6.27521587849887e6,0.0,0.0,0.0,0.0
9799,1.5000786509937156e7,6.275914110361497e6,0.0,0.0,0.0,0.0
9800,1.5012389622199448e7,6.276612342224124e6,0.0,0.0,0.0,0.0
9801,1.5024016715878598e7,6.2774246017968245e6,0.0,0.0,0.0,0.0
9802,1.503564380955775e7,6.278236861369524e6,0.0,0.0,0.0,0.0
9803,1.5046885595488412e7,6.279049120942224e6,0.0,0.0,0.0,0.0
9804,1.5058127381419074e7,6.279861380514924e6,0.0,0.0,0.0,0.0
9805,1.5068531474326491e7,6.280673640087625e6,0.0,0.0,0.0,0.0
9806,1.5078935567233909e7,6.281485899660325e6,0.0,0.0,0.0,0.0
9807,1.5089069408047017e7,6.282298159233024e6,0.0,0.0,0.0,0.0
9808,1.5099203248860126e7,6.283110418805725e6,0.0,0.0,0.0,0.0
9809,1.5109718549485892e7,6.283922678378426e6,0.0,0.0,0.0,0.0
9810,1.5120233850111656e7,6.284734937951125e6,0.0,0.0,0.0,0.0
9811,1.5130571691236563e7,6.280183180695896e6,0.0,0.0,0.0,0.0
9812,1.5140909532361468e7,6.275631423440667e6,0.0,0.0,0.0,0.0
9813,1.5150140943999125e7,6.275573964788843e6,0.0,0.0,0.0,0.0
9814,1.5159372355636781e7,6.275516506137018e6,0.0,0.0,0.0,0.0
9815,1.514245335229835e7,6.276328765709719e6,0.0,0.0,0.0,0.0
9816,1.5125534348959915e7,6.277141025282418e6,0.0,0.0,0.0,0.0
9817,1.5132246328762852e7,6.277953284855118e6,0.0,0.0,0.0,0.0
9818,1.5138958308565788e7,6.278765544427819e6,0.0,0.0,0.0,0.0
9819,1.5124987704959277e7,6.2792862961884355e6,0.0,0.0,0.0,0.0
9820,1.5111017101352764e7,6.279807047949052e6,0.0,0.0,0.0,0.0
9821,1.5118572614570249e7,6.280619307521753e6,0.0,0.0,0.0,0.0
9822,1.5126128127787733e7,6.281431567094453e6,0.0,0.0,0.0,0.0
9823,1.5135374899403555e7,6.282243826667152e6,0.0,0.0,0.0,0.0
9824,1.5144621671019377e7,6.283056086239853e6,0.0,0.0,0.0,0.0
9825,1.5154804925801039e7,6.283868345812554e6,0.0,0.0,0.0,0.0
9826,1.5164988180582702e7,6.284680605385253e6,0.0,0.0,0.0,0.0
9827,1.5174589468162231e7,6.285492864957953e6,0.0,0.0,0.0,0.0
9828,1.5184190755741758e7,6.2863051245306535e6,0.0,0.0,0.0,0.0
9829,1.519343928596217e7,6.287117384103354e6,0.0,0.0,0.0,0.0
9830,1.5202687816182582e7,6.287929643676054e6,0.0,0.0,0.0,0.0
9831,1.5212059271805098e7,6.288741903248753e6,0.0,0.0,0.0,0.0
9832,1.5221430727427615e7,6.289554162821454e6,0.0,0.0,0.0,0.0
9833,1.5204443503738433e7,6.290366422394155e6,0.0,0.0,0.0,0.0
9834,1.5187456280049251e7,6.291178681966854e6,0.0,0.0,0.0,0.0
9835,1.5197252511079805e7,6.291990941539554e6,0.0,0.0,0.0,0.0
9836,1.5207048742110359e7,6.2928032011122545e6,0.0,0.0,0.0,0.0
9837,1.5174168544326324e7,6.287938441935638e6,0.0,0.0,0.0,0.0
9838,1.5141288346542288e7,6.2830736827590205e6,0.0,0.0,0.0,0.0
9839,1.5148350919903755e7,6.27694497233172e6,0.0,0.0,0.0,0.0
9840,1.5155413493265223e7,6.27081626190442e6,0.0,0.0,0.0,0.0
9841,1.5161879837450886e7,6.269730078797632e6,0.0,0.0,0.0,0.0
9842,1.516834618163655e7,6.268643895690843e6,0.0,0.0,0.0,0.0
9843,1.5132826880738024e7,6.269456155263543e6,0.0,0.0,0.0,0.0
9844,1.50973075798395e7,6.270268414836244e6,0.0,0.0,0.0,0.0
9845,1.5062246262002261e7,6.271080674408944e6,0.0,0.0,0.0,0.0
9846,1.5027184944165023e7,6.271892933981644e6,0.0,0.0,0.0,0.0
9847,1.5035658095467007e7,6.272705193554344e6,0.0,0.0,0.0,0.0
9848,1.504413124676899e7,6.273517453127044e6,0.0,0.0,0.0,0.0
9849,1.5053658524085987e7,6.274329712699745e6,0.0,0.0,0.0,0.0
9850,1.5063185801402982e7,6.2751419722724445e6,0.0,0.0,0.0,0.0
9851,1.507267354877609e7,6.275954231845144e6,0.0,0.0,0.0,0.0
9852,1.5082161296149196e7,6.276766491417845e6,0.0,0.0,0.0,0.0
9853,1.5091189841577454e7,6.277578750990545e6,0.0,0.0,0.0,0.0
9854,1.5100218387005711e7,6.278391010563245e6,0.0,0.0,0.0,0.0
9855,1.5109472082930379e7,6.279203270135945e6,0.0,0.0,0.0,0.0
9856,1.5118725778855046e7,6.280015529708645e6,0.0,0.0,0.0,0.0
9857,1.5128604256686434e7,6.280827789281346e6,0.0,0.0,0.0,0.0
9858,1.5138482734517824e7,6.281640048854046e6,0.0,0.0,0.0,0.0
9859,1.514869530277709e7,6.2766503900070265e6,0.0,0.0,0.0,0.0
9860,1.5158907871036353e7,6.271660731160008e6,0.0,0.0,0.0,0.0
9861,1.5126262169668023e7,6.2701188491937965e6,0.0,0.0,0.0,0.0
9862,1.5093616468299694e7,6.268576967227585e6,0.0,0.0,0.0,0.0
9863,1.5058674092569396e7,6.269346467528456e6,0.0,0.0,0.0,0.0
9864,1.5023731716839096e7,6.270115967829327e6,0.0,0.0,0.0,0.0
9865,1.4988342019198775e7,6.270928227402028e6,0.0,0.0,0.0,0.0
9866,1.4952952321558457e7,6.271740486974727e6,0.0,0.0,0.0,0.0
9867,1.491788699260272e7,6.266771483501989e6,0.0,0.0,0.0,0.0
9868,1.4882821663646987e7,6.261802480029251e6,0.0,0.0,0.0,0.0
9869,1.4851003977288224e7,6.262614739601951e6,0.0,0.0,0.0,0.0
9870,1.4819186290929463e7,6.263426999174652e6,0.0,0.0,0.0,0.0
9871,1.4831100074792895e7,6.264239258747352e6,0.0,0.0,0.0,0.0
9872,1.484301385865633e7,6.265051518320052e6,0.0,0.0,0.0,0.0
9873,1.4854845153977904e7,6.265863777892752e6,0.0,0.0,0.0,0.0
9874,1.4866676449299477e7,6.266676037465452e6,0.0,0.0,0.0,0.0
9875,1.4878220060745692e7,6.267488297038153e6,0.0,0.0,0.0,0.0
9876,1.4889763672191907e7,6.2683005566108525e6,0.0,0.0,0.0,0.0
9877,1.4900850022342376e7,6.269112816183552e6,0.0,0.0,0.0,0.0
9878,1.4911936372492848e7,6.269925075756253e6,0.0,0.0,0.0,0.0
9879,1.4922944256528234e7,6.270737335328953e6,0.0,0.0,0.0,0.0
9880,1.493395214056362e7,6.271549594901653e6,0.0,0.0,0.0,0.0
9881,1.493774132541167e7,6.272361854474353e6,0.0,0.0,0.0,0.0
9882,1.4941530510259718e7,6.273174114047053e6,0.0,0.0,0.0,0.0
9883,1.4952296839310806e7,6.273986373619754e6,0.0,0.0,0.0,0.0
9884,1.4963063168361893e7,6.2747986331924535e6,0.0,0.0,0.0,0.0
9885,1.4972216865764402e7,6.275610892765153e6,0.0,0.0,0.0,0.0
9886,1.4981370563166909e7,6.276423152337854e6,0.0,0.0,0.0,0.0
9887,1.498808694693597e7,6.270294441910554e6,0.0,0.0,0.0,0.0
9888,1.4994803330705032e7,6.264165731483254e6,0.0,0.0,0.0,0.0
9889,1.4975689619057763e7,6.258037021055954e6,0.0,0.0,0.0,0.0
9890,1.4956575907410497e7,6.2519083106286535e6,0.0,0.0,0.0,0.0
9891,1.4935505679436404e7,6.246992538504858e6,0.0,0.0,0.0,0.0
9892,1.4914435451462314e7,6.242076766381061e6,0.0,0.0,0.0,0.0
9893,1.4890328685043558e7,6.239929371876897e6,0.0,0.0,0.0,0.0
9894,1.4866221918624802e7,6.237781977372733e6,0.0,0.0,0.0,0.0
9895,1.48774257633566e7,6.238594236945434e6,0.0,0.0,0.0,0.0
9896,1.48886296080884e7,6.239406496518133e6,0.0,0.0,0.0,0.0
9897,1.489987361243553e7,6.240218756090833e6,0.0,0.0,0.0,0.0
9898,1.4911117616782663e7,6.2410310156635335e6,0.0,0.0,0.0,0.0
9899,1.4922055552435998e7,6.241843275236234e6,0.0,0.0,0.0,0.0
9900,1.493299348808933e7,6.242655534808934e6,0.0,0.0,0.0,0.0
9901,1.4943352567455232e7,6.243467794381633e6,0.0,0.0,0.0,0.0
9902,1.4953711646821132e7,6.244280053954334e6,0.0,0.0,0.0,0.0
9903,1.4964364136760859e7,6.245092313527035e6,0.0,0.0,0.0,0.0
9904,1.4975016626700586e7,6.245904573099734e6,0.0,0.0,0.0,0.0
9905,1.4986241160782758e7,6.246716832672434e6,0.0,0.0,0.0,0.0
9906,1.499746569486493e7,6.2475290922451345e6,0.0,0.0,0.0,0.0
9907,1.5008541547186315e7,6.248341351817835e6,0.0,0.0,0.0,0.0
9908,1.5019617399507701e7,6.249153611390535e6,0.0,0.0,0.0,0.0
9909,1.5029185416678032e7,6.249965870963234e6,0.0,0.0,0.0,0.0
9910,1.5038753433848362e7,6.250778130535935e6,0.0,0.0,0.0,0.0
9911,1.5046251245338384e7,6.251590390108636e6,0.0,0.0,0.0,0.0
9912,1.5053749056828406e7,6.252402649681335e6,0.0,0.0,0.0,0.0
9913,1.5019019582658386e7,6.24745900015432e6,0.0,0.0,0.0,0.0
9914,1.4984290108488366e7,6.242515350627304e6,0.0,0.0,0.0,0.0
9915,1.494993279147122e7,6.239864773999859e6,0.0,0.0,0.0,0.0
9916,1.4915575474454075e7,6.237214197372414e6,0.0,0.0,0.0,0.0
9917,1.4884293765076354e7,6.236121182010927e6,0.0,0.0,0.0,0.0
9918,1.4853012055698633e7,6.23502816664944e6,0.0,0.0,0.0,0.0
9919,1.4865112992492095e7,6.23584042622214e6,0.0,0.0,0.0,0.0
9920,1.4877213929285554e7,6.236652685794841e6,0.0,0.0,0.0,0.0
9921,1.4889311105060019e7,6.237464945367541e6,0.0,0.0,0.0,0.0
9922,1.4901408280834481e7,6.238277204940241e6,0.0,0.0,0.0,0.0
9923,1.491319183631402e7,6.2390894645129405e6,0.0,0.0,0.0,0.0
9924,1.492497539179356e7,6.239901724085641e6,0.0,0.0,0.0,0.0
9925,1.4936447391450875e7,6.240713983658342e6,0.0,0.0,0.0,0.0
9926,1.494791939110819e7,6.241526243231041e6,0.0,0.0,0.0,0.0
9927,1.495967857410748e7,6.242338502803741e6,0.0,0.0,0.0,0.0
9928,1.497143775710677e7,6.243150762376442e6,0.0,0.0,0.0,0.0
9929,1.4941660070581522e7,6.243963021949142e6,0.0,0.0,0.0,0.0
9930,1.4911882384056274e7,6.244775281521842e6,0.0,0.0,0.0,0.0
9931,1.4899364948464964e7,6.243460012841552e6,0.0,0.0,0.0,0.0
9932,1.4886847512873653e7,6.242144744161261e6,0.0,0.0,0.0,0.0
9933,1.4854802258323982e7,6.236016033733961e6,0.0,0.0,0.0,0.0
9934,1.482275700377431e7,6.229887323306661e6,0.0,0.0,0.0,0.0
9935,1.4789163764298387e7,6.223758612879361e6,0.0,0.0,0.0,0.0
9936,1.4755570524822462e7,6.217629902452061e6,0.0,0.0,0.0,0.0
9937,1.4721658452031503e7,6.211441626322763e6,0.0,0.0,0.0,0.0
9938,1.4687746379240543e7,6.205253350193465e6,0.0,0.0,0.0,0.0
9939,1.469613825021629e7,6.199898601708809e6,0.0,0.0,0.0,0.0
9940,1.4704530121192036e7,6.194543853224154e6,0.0,0.0,0.0,0.0
9941,1.4673571164350275e7,6.192613972962207e6,0.0,0.0,0.0,0.0
9942,1.4642612207508516e7,6.190684092700261e6,0.0,0.0,0.0,0.0
9943,1.4655011696449678e7,6.1914367865709625e6,0.0,0.0,0.0,0.0
9944,1.4667411185390843e7,6.192189480441664e6,0.0,0.0,0.0,0.0
9945,1.4679772115928937e7,6.192942174312366e6,0.0,0.0,0.0,0.0
9946,1.4692133046467032e7,6.193694868183068e6,0.0,0.0,0.0,0.0
9947,1.470409740819171e7,6.19444756205377e6,0.0,0.0,0.0,0.0
9948,1.4716061769916387e7,6.195200255924472e6,0.0,0.0,0.0,0.0
9949,1.4727884324768074e7,6.1959529497951735e6,0.0,0.0,0.0,0.0
9950,1.4739706879619762e7,6.196705643665875e6,0.0,0.0,0.0,0.0
9951,1.4751554728179693e7,6.197458337536577e6,0.0,0.0,0.0,0.0
9952,1.4763402576739622e7,6.198211031407279e6,0.0,0.0,0.0,0.0
9953,1.4733732350605179e7,6.198963725277981e6,0.0,0.0,0.0,0.0
9954,1.4704062124470735e7,6.199716419148683e6,0.0,0.0,0.0,0.0
9955,1.4715892848419592e7,6.197479543548223e6,0.0,0.0,0.0,0.0
9956,1.4727723572368449e7,6.195242667947764e6,0.0,0.0,0.0,0.0
9957,1.4738148199490197e7,6.1892551435751505e6,0.0,0.0,0.0,0.0
9958,1.4748572826611947e7,6.183267619202537e6,0.0,0.0,0.0,0.0
9959,1.4733449033410784e7,6.184020313073239e6,0.0,0.0,0.0,0.0
9960,1.4718325240209622e7,6.184773006943941e6,0.0,0.0,0.0,0.0
9961,1.4726137797901245e7,6.179232607799413e6,0.0,0.0,0.0,0.0
9962,1.4733950355592867e7,6.173692208654885e6,0.0,0.0,0.0,0.0
9963,1.4700220905208537e7,6.170037086042944e6,0.0,0.0,0.0,0.0
9964,1.4666491454824207e7,6.166381963431003e6,0.0,0.0,0.0,0.0
9965,1.4646604582159866e7,6.167134657301704e6,0.0,0.0,0.0,0.0
9966,1.4626717709495526e7,6.167887351172406e6,0.0,0.0,0.0,0.0
9967,1.4638802782744749e7,6.168640045043108e6,0.0,0.0,0.0,0.0
9968,1.4650887855993971e7,6.16939273891381e6,0.0,0.0,0.0,0.0
9969,1.4662884021818787e7,6.170145432784512e6,0.0,0.0,0.0,0.0
9970,1.4674880187643604e7,6.170898126655214e6,0.0,0.0,0.0,0.0
9971,1.4686584279345065e7,6.171650820525915e6,0.0,0.0,0.0,0.0
9972,1.4698288371046526e7,6.172403514396617e6,0.0,0.0,0.0,0.0
9973,1.4709655197906107e7,6.173156208267319e6,0.0,0.0,0.0,0.0
9974,1.4721022024765689e7,6.173908902138021e6,0.0,0.0,0.0,0.0
9975,1.4732319822513662e7,6.174661596008723e6,0.0,0.0,0.0,0.0
9976,1.4743617620261634e7,6.1754142898794245e6,0.0,0.0,0.0,0.0
9977,1.471342888981992e7,6.176166983750126e6,0.0,0.0,0.0,0.0
9978,1.4683240159378206e7,6.176919677620828e6,0.0,0.0,0.0,0.0
9979,1.46528079573781e7,6.17767237149153e6,0.0,0.0,0.0,0.0
9980,1.4622375755377997e7,6.178425065362232e6,0.0,0.0,0.0,0.0
9981,1.4632384041783612e7,6.179177759232934e6,0.0,0.0,0.0,0.0
9982,1.464239232818923e7,6.179930453103635e6,0.0,0.0,0.0,0.0
9983,1.4608405851915685e7,6.173742176974338e6,0.0,0.0,0.0,0.0
9984,1.4574419375642141e7,6.16755390084504e6,0.0,0.0,0.0,0.0
9985,1.4582009627624433e7,6.161365624715742e6,0.0,0.0,0.0,0.0
9986,1.4589599879606724e7,6.155177348586444e6,0.0,0.0,0.0,0.0
9987,1.459716694182039e7,6.14944300944316e6,0.0,0.0,0.0,0.0
9988,1.4604734004034057e7,6.143708670299877e6,0.0,0.0,0.0,0.0
9989,1.46130952914625e7,6.13953136827152e6,0.0,0.0,0.0,0.0
9990,1.462145657889094e7,6.135354066243163e6,0.0,0.0,0.0,0.0
9991,1.463128913087867e7,6.136106760113865e6,0.0,0.0,0.0,0.0
9992,1.46411216828664e7,6.136859453984567e6,0.0,0.0,0.0,0.0
9993,1.4651253921071358e7,6.137612147855269e6,0.0,0.0,0.0,0.0
9994,1.4661386159276314e7,6.138364841725971e6,0.0,0.0,0.0,0.0
9995,1.4670786078187753e7,6.139117535596672e6,0.0,0.0,0.0,0.0
9996,1.4680185997099191e7,6.139870229467374e6,0.0,0.0,0.0,0.0
9997,1.4689136289325174e7,6.140622923338076e6,0.0,0.0,0.0,0.0
9998,1.4698086581551155e7,6.141375617208778e6,0.0,0.0,0.0,0.0
9999,1.4707593905834734e7,6.14212831107948e6,0.0,0.0,0.0,0.0
10000,1.4717101230118314e7,6.142881004950182e6,0.0,0.0,0.0,0.0
10001,1.4727682052888319e7,6.143633698820883e6,0.0,0.0,0.0,0.0
10002,1.4738262875658324e7,6.144386392691585e6,0.0,0.0,0.0,0.0
10003,1.474867019972153e7,6.145139086562287e6,0.0,0.0,0.0,0.0
10004,1.4759077523784736e7,6.145891780432989e6,0.0,0.0,0.0,0.0
10005,1.4768288265093472e7,6.146644474303691e6,0.0,0.0,0.0,0.0
10006,1.4777499006402206e7,6.147397168174393e6,0.0,0.0,0.0,0.0
10007,1.4785014337081853e7,6.145895431459322e6,0.0,0.0,0.0,0.0
10008,1.47925296677615e7,6.144393694744251e6,0.0,0.0,0.0,0.0
10009,1.4799428687920447e7,6.138205418614953e6,0.0,0.0,0.0,0.0
10010,1.4806327708079394e7,6.132017142485655e6,0.0,0.0,0.0,0.0
10011,1.4813012229319837e7,6.132769836356357e6,0.0,0.0,0.0,0.0
10012,1.4819696750560278e7,6.133522530227059e6,0.0,0.0,0.0,0.0
10013,1.4826561978668135e7,6.130482718109747e6,0.0,0.0,0.0,0.0
10014,1.4833427206775991e7,6.127442905992437e6,0.0,0.0,0.0,0.0
10015,1.4841355447683547e7,6.1269813117364645e6,0.0,0.0,0.0,0.0
10016,1.4849283688591102e7,6.126519717480493e6,0.0,0.0,0.0,0.0
10017,1.4857231509796705e7,6.127272411351195e6,0.0,0.0,0.0,0.0
10018,1.4865179331002306e7,6.128025105221896e6,0.0,0.0,0.0,0.0
10019,1.4872764204410117e7,6.128777799092598e6,0.0,0.0,0.0,0.0
10020,1.4880349077817926e7,6.1295304929633e6,0.0,0.0,0.0,0.0
10021,1.4887533689380668e7,6.130283186834002e6,0.0,0.0,0.0,0.0
10022,1.4894718300943412e7,6.131035880704704e6,0.0,0.0,0.0,0.0
10023,1.4902582022579238e7,6.131788574575406e6,0.0,0.0,0.0,0.0
10024,1.4910445744215062e7,6.132541268446107e6,0.0,0.0,0.0,0.0
10025,1.4919610306235835e7,6.133293962316809e6,0.0,0.0,0.0,0.0
10026,1.4928774868256608e7,6.134046656187511e6,0.0,0.0,0.0,0.0
10027,1.4938278145331142e7,6.134799350058213e6,0.0,0.0,0.0,0.0
10028,1.4947781422405677e7,6.135552043928915e6,0.0,0.0,0.0,0.0
10029,1.4956102591545496e7,6.129363767799617e6,0.0,0.0,0.0,0.0
10030,1.4964423760685313e7,6.123175491670319e6,0.0,0.0,0.0,0.0
10031,1.4971070577731825e7,6.116987215541021e6,0.0,0.0,0.0,0.0
10032,1.4977717394778337e7,6.110798939411723e6,0.0,0.0,0.0,0.0
10033,1.4984088896806799e7,6.111551633282425e6,0.0,0.0,0.0,0.0
10034,1.4990460398835262e7,6.112304327153127e6,0.0,0.0,0.0,0.0
10035,1.4997255631398259e7,6.109726903849507e6,0.0,0.0,0.0,0.0
10036,1.5004050863961255e7,6.107149480545887e6,0.0,0.0,0.0,0.0
10037,1.5014121911999814e7,6.1068544691419955e6,0.0,0.0,0.0,0.0
10038,1.5024192960038373e7,6.106559457738105e6,0.0,0.0,0.0,0.0
10039,1.5036326174848873e7,6.104391866636081e6,0.0,0.0,0.0,0.0
10040,1.5048459389659373e7,6.102224275534055e6,0.0,0.0,0.0,0.0
10041,1.5060430647141885e7,6.102976969404757e6,0.0,0.0,0.0,0.0
10042,1.5072401904624397e7,6.103729663275459e6,0.0,0.0,0.0,0.0
10043,1.5083993501587383e7,6.104482357146161e6,0.0,0.0,0.0,0.0
10044,1.5095585098550372e7,6.1052350510168625e6,0.0,0.0,0.0,0.0
10045,1.5106616046946062e7,6.105987744887564e6,0.0,0.0,0.0,0.0
10046,1.5117646995341752e7,6.106740438758266e6,0.0,0.0,0.0,0.0
10047,1.5128693434570353e7,6.107493132628968e6,0.0,0.0,0.0,0.0
10048,1.5139739873798955e7,6.10824582649967e6,0.0,0.0,0.0,0.0
10049,1.5150753414130982e7,6.108998520370372e6,0.0,0.0,0.0,0.0
10050,1.5161766954463009e7,6.1097512142410735e6,0.0,0.0,0.0,0.0
10051,1.5172501979443915e7,6.103562938111776e6,0.0,0.0,0.0,0.0
10052,1.5183237004424822e7,6.097374661982478e6,0.0,0.0,0.0,0.0
10053,1.5192266266892508e7,6.09118638585318e6,0.0,0.0,0.0,0.0
10054,1.5201295529360192e7,6.084998109723882e6,0.0,0.0,0.0,0.0
10055,1.5208343242421264e7,6.0830904403310865e6,0.0,0.0,0.0,0.0
10056,1.5215390955482336e7,6.081182770938292e6,0.0,0.0,0.0,0.0
10057,1.5221742526490215e7,6.074994494808994e6,0.0,0.0,0.0,0.0
10058,1.5228094097498095e7,6.068806218679696e6,0.0,0.0,0.0,0.0
10059,1.5235018786416676e7,6.062617942550398e6,0.0,0.0,0.0,0.0
10060,1.5241943475335255e7,6.0564296664211005e6,0.0,0.0,0.0,0.0
10061,1.5252024837692251e7,6.051533402441952e6,0.0,0.0,0.0,0.0
10062,1.5262106200049248e7,6.046637138462803e6,0.0,0.0,0.0,0.0
10063,1.5273542911234118e7,6.047389832333505e6,0.0,0.0,0.0,0.0
10064,1.5284979622418988e7,6.048142526204207e6,0.0,0.0,0.0,0.0
10065,1.529646240266664e7,6.048895220074909e6,0.0,0.0,0.0,0.0
10066,1.5307945182914292e7,6.049647913945611e6,0.0,0.0,0.0,0.0
10067,1.5318752369635168e7,6.050400607816312e6,0.0,0.0,0.0,0.0
10068,1.5329559556356043e7,6.051153301687014e6,0.0,0.0,0.0,0.0
10069,1.5340118682158811e7,6.051905995557716e6,0.0,0.0,0.0,0.0
10070,1.535067780796158e7,6.052658689428418e6,0.0,0.0,0.0,0.0
10071,1.5361182020109624e7,6.05341138329912e6,0.0,0.0,0.0,0.0
10072,1.5371686232257668e7,6.054164077169822e6,0.0,0.0,0.0,0.0
10073,1.5382491817201182e7,6.054916771040523e6,0.0,0.0,0.0,0.0
10074,1.5393297402144697e7,6.055669464911225e6,0.0,0.0,0.0,0.0
10075,1.5404145974601645e7,6.055385536154427e6,0.0,0.0,0.0,0.0
10076,1.5414994547058593e7,6.055101607397629e6,0.0,0.0,0.0,0.0
10077,1.5423871053941324e7,6.054837189499146e6,0.0,0.0,0.0,0.0
10078,1.5432747560824057e7,6.054572771600664e6,0.0,0.0,0.0,0.0
10079,1.5439522005523916e7,6.0553254654713655e6,0.0,0.0,0.0,0.0
10080,1.5446296450223774e7,6.056078159342067e6,0.0,0.0,0.0,0.0
10081,1.54526819061514e7,6.049889883212769e6,0.0,0.0,0.0,0.0
10082,1.5459067362079028e7,6.0437016070834715e6,0.0,0.0,0.0,0.0
10083,1.5465099937580723e7,6.037513330954174e6,0.0,0.0,0.0,0.0
10084,1.5471132513082417e7,6.031325054824876e6,0.0,0.0,0.0,0.0
10085,1.5480654386651875e7,6.027437848437751e6,0.0,0.0,0.0,0.0
10086,1.5490176260221334e7,6.023550642050627e6,0.0,0.0,0.0,0.0
10087,1.5501732025563858e7,6.022932738860726e6,0.0,0.0,0.0,0.0
10088,1.551328779090638e7,6.022314835670826e6,0.0,0.0,0.0,0.0
10089,1.552476724773148e7,6.023067529541528e6,0.0,0.0,0.0,0.0
10090,1.5536246704556582e7,6.02382022341223e6,0.0,0.0,0.0,0.0
10091,1.5547395357467879e7,6.0245729172829315e6,0.0,0.0,0.0,0.0
10092,1.5558544010379175e7,6.025325611153633e6,0.0,0.0,0.0,0.0
10093,1.556961228440286e7,6.026078305024335e6,0.0,0.0,0.0,0.0
10094,1.5580680558426546e7,6.026830998895037e6,0.0,0.0,0.0,0.0
10095,1.5592127762933955e7,6.027583692765739e6,0.0,0.0,0.0,0.0
10096,1.5603574967441363e7,6.028336386636441e6,0.0,0.0,0.0,0.0
10097,1.5615444358631395e7,6.0290890805071425e6,0.0,0.0,0.0,0.0
10098,1.5627313749821424e7,6.029841774377844e6,0.0,0.0,0.0,0.0
10099,1.5638846878403883e7,6.028917173750637e6,0.0,0.0,0.0,0.0
10100,1.565038000698634e7,6.02799257312343e6,0.0,0.0,0.0,0.0
10101,1.5659325099235248e7,6.021804296994132e6,0.0,0.0,0.0,0.0
10102,1.5668270191484157e7,6.015616020864834e6,0.0,0.0,0.0,0.0
10103,1.567494816770861e7,6.009427744735536e6,0.0,0.0,0.0,0.0
10104,1.5681626143933063e7,6.003239468606238e6,0.0,0.0,0.0,0.0
10105,1.5687821432015587e7,5.99718656907239e6,0.0,0.0,0.0,0.0
10106,1.5694016720098108e7,5.991133669538543e6,0.0,0.0,0.0,0.0
10107,1.570088946545071e7,5.986919174858451e6,0.0,0.0,0.0,0.0
10108,1.5707762210803311e7,5.98270468017836e6,0.0,0.0,0.0,0.0
10109,1.5718157773702312e7,5.980733680997007e6,0.0,0.0,0.0,0.0
10110,1.5728553336601313e7,5.978762681815652e6,0.0,0.0,0.0,0.0
10111,1.574061684711017e7,5.977106747331962e6,0.0,0.0,0.0,0.0
10112,1.5752680357619027e7,5.975450812848271e6,0.0,0.0,0.0,0.0
10113,1.5764806332883216e7,5.976338883314423e6,0.0,0.0,0.0,0.0
10114,1.5776932308147404e7,5.977226953780575e6,0.0,0.0,0.0,0.0
10115,1.5788648017580083e7,5.978115024246726e6,0.0,0.0,0.0,0.0
10116,1.5800363727012761e7,5.979003094712879e6,0.0,0.0,0.0,0.0
10117,1.5811848696561433e7,5.979891165179031e6,0.0,0.0,0.0,0.0
10118,1.5823333666110106e7,5.980779235645182e6,0.0,0.0,0.0,0.0
10119,1.5834695936882747e7,5.981667306111334e6,0.0,0.0,0.0,0.0
10120,1.5846058207655389e7,5.982555376577486e6,0.0,0.0,0.0,0.0
10121,1.5816006046406034e7,5.983443447043639e6,0.0,0.0,0.0,0.0
10122,1.5785953885156682e7,5.98433151750979e6,0.0,0.0,0.0,0.0
10123,1.575586905910822e7,5.978278617975943e6,0.0,0.0,0.0,0.0
10124,1.5725784233059756e7,5.9722257184420945e6,0.0,0.0,0.0,0.0
10125,1.5735711432971492e7,5.966172818908246e6,0.0,0.0,0.0,0.0
10126,1.574563863288323e7,5.960119919374399e6,0.0,0.0,0.0,0.0
10127,1.5753205502159076e7,5.954067019840552e6,0.0,0.0,0.0,0.0
10128,1.5760772371434921e7,5.948014120306703e6,0.0,0.0,0.0,0.0
10129,1.5767907411565747e7,5.941961220772855e6,0.0,0.0,0.0,0.0
10130,1.5775042451696573e7,5.935908321239008e6,0.0,0.0,0.0,0.0
10131,1.5782650016357644e7,5.92985542170516e6,0.0,0.0,0.0,0.0
10132,1.5790257581018714e7,5.923802522171312e6,0.0,0.0,0.0,0.0
10133,1.5783290350830685e7,5.918329137423772e6,0.0,0.0,0.0,0.0
10134,1.5776323120642656e7,5.912855752676232e6,0.0,0.0,0.0,0.0
10135,1.5789190766522937e7,5.908041490793012e6,0.0,0.0,0.0,0.0
10136,1.5802058412403218e7,5.903227228909793e6,0.0,0.0,0.0,0.0
10137,1.5814942811657753e7,5.902995358128754e6,0.0,0.0,0.0,0.0
10138,1.5827827210912287e7,5.902763487347716e6,0.0,0.0,0.0,0.0
10139,1.5839775514999732e7,5.903651557813868e6,0.0,0.0,0.0,0.0
10140,1.585172381908718e7,5.90453962828002e6,0.0,0.0,0.0,0.0
10141,1.5862955875660663e7,5.905427698746173e6,0.0,0.0,0.0,0.0
10142,1.5874187932234148e7,5.906315769212324e6,0.0,0.0,0.0,0.0
10143,1.5885262066585623e7,5.907203839678476e6,0.0,0.0,0.0,0.0
10144,1.5896336200937096e7,5.908091910144628e6,0.0,0.0,0.0,0.0
10145,1.5887982391058095e7,5.906176343718303e6,0.0,0.0,0.0,0.0
10146,1.5879628581179092e7,5.90426077729198e6,0.0,0.0,0.0,0.0
10147,1.5890933505274735e7,5.898207877758132e6,0.0,0.0,0.0,0.0
10148,1.5902238429370381e7,5.892154978224284e6,0.0,0.0,0.0,0.0
10149,1.5911636552485807e7,5.886102078690436e6,0.0,0.0,0.0,0.0
10150,1.5921034675601233e7,5.880049179156588e6,0.0,0.0,0.0,0.0
10151,1.5928006934067847e7,5.873996279622741e6,0.0,0.0,0.0,0.0
10152,1.5934979192534462e7,5.867943380088893e6,0.0,0.0,0.0,0.0
10153,1.5941358024326202e7,5.8618904805550445e6,0.0,0.0,0.0,0.0
10154,1.5947736856117943e7,5.855837581021197e6,0.0,0.0,0.0,0.0
10155,1.5927004325512186e7,5.84978468148735e6,0.0,0.0,0.0,0.0
10156,1.590627179490643e7,5.8437317819535015e6,0.0,0.0,0.0,0.0
10157,1.5913855622688655e7,5.838495583648322e6,0.0,0.0,0.0,0.0
10158,1.5921439450470878e7,5.833259385343142e6,0.0,0.0,0.0,0.0
10159,1.593101704506003e7,5.82910378766487e6,0.0,0.0,0.0,0.0
10160,1.594059463964918e7,5.824948189986597e6,0.0,0.0,0.0,0.0
10161,1.5950624395877931e7,5.825836260452749e6,0.0,0.0,0.0,0.0
10162,1.5960654152106682e7,5.826724330918901e6,0.0,0.0,0.0,0.0
10163,1.5970234625355206e7,5.827612401385052e6,0.0,0.0,0.0,0.0
10164,1.597981509860373e7,5.8285004718512045e6,0.0,0.0,0.0,0.0
10165,1.598914961347202e7,5.829388542317357e6,0.0,0.0,0.0,0.0
10166,1.5998484128340311e7,5.830276612783508e6,0.0,0.0,0.0,0.0
10167,1.6008435151432894e7,5.83116468324966e6,0.0,0.0,0.0,0.0
10168,1.6018386174525475e7,5.832052753715812e6,0.0,0.0,0.0,0.0
10169,1.5989348823210511e7,5.8311760461593885e6,0.0,0.0,0.0,0.0
10170,1.5960311471895548e7,5.830299338602966e6,0.0,0.0,0.0,0.0
10171,1.59717016291115e7,5.824246439069118e6,0.0,0.0,0.0,0.0
10172,1.5983091786327453e7,5.81819353953527e6,0.0,0.0,0.0,0.0
10173,1.595161091973786e7,5.812140640001422e6,0.0,0.0,0.0,0.0
10174,1.5920130053148266e7,5.806087740467574e6,0.0,0.0,0.0,0.0
10175,1.5928031498689447e7,5.800034840933727e6,0.0,0.0,0.0,0.0
10176,1.593593294423063e7,5.793981941399879e6,0.0,0.0,0.0,0.0
10177,1.590778046528856e7,5.787929041866031e6,0.0,0.0,0.0,0.0
10178,1.587962798634649e7,5.781876142332183e6,0.0,0.0,0.0,0.0
10179,1.5886987788459033e7,5.775823242798336e6,0.0,0.0,0.0,0.0
10180,1.5894347590571577e7,5.769770343264488e6,0.0,0.0,0.0,0.0
10181,1.5902253060393512e7,5.7647864364259e6,0.0,0.0,0.0,0.0
10182,1.5910158530215448e7,5.759802529587313e6,0.0,0.0,0.0,0.0
10183,1.591944129838907e7,5.75662172933605e6,0.0,0.0,0.0,0.0
10184,1.592872406656269e7,5.753440929084788e6,0.0,0.0,0.0,0.0
10185,1.5939067559040809e7,5.7543289995509405e6,0.0,0.0,0.0,0.0
10186,1.5949411051518928e7,5.755217070017092e6,0.0,0.0,0.0,0.0
10187,1.595926912610476e7,5.756105140483243e6,0.0,0.0,0.0,0.0
10188,1.5969127200690594e7,5.756993210949396e6,0.0,0.0,0.0,0.0
10189,1.5978563799386315e7,5.757881281415548e6,0.0,0.0,0.0,0.0
10190,1.5988000398082037e7,5.7587693518817e6,0.0,0.0,0.0,0.0
10191,1.5998344299358582e7,5.759657422347851e6,0.0,0.0,0.0,0.0
10192,1.6008688200635128e7,5.7605454928140035e6,0.0,0.0,0.0,0.0
10193,1.5978042770041468e7,5.761433563280156e6,0.0,0.0,0.0,0.0
10194,1.5947397339447808e7,5.762321633746307e6,0.0,0.0,0.0,0.0
10195,1.591711140553182e7,5.763209704212459e6,0.0,0.0,0.0,0.0
10196,1.588682547161583e7,5.764097774678611e6,0.0,0.0,0.0,0.0
10197,1.585518800847046e7,5.758777857346857e6,0.0,0.0,0.0,0.0
10198,1.582355054532509e7,5.753457940015103e6,0.0,0.0,0.0,0.0
10199,1.5789910159395691e7,5.754346010481255e6,0.0,0.0,0.0,0.0
10200,1.5756269773466293e7,5.755234080947407e6,0.0,0.0,0.0,0.0
10201,1.5722353171660416e7,5.750897102093354e6,0.0,0.0,0.0,0.0
10202,1.5688436569854537e7,5.746560123239302e6,0.0,0.0,0.0,0.0
10203,1.5694974653720716e7,5.7474481937054545e6,0.0,0.0,0.0,0.0
10204,1.5701512737586895e7,5.748336264171606e6,0.0,0.0,0.0,0.0
10205,1.5712679183025874e7,5.749224334637757e6,0.0,0.0,0.0,0.0
10206,1.5723845628464855e7,5.75011240510391e6,0.0,0.0,0.0,0.0
10207,1.5736223929332614e7,5.751000475570062e6,0.0,0.0,0.0,0.0
10208,1.5748602230200373e7,5.751888546036214e6,0.0,0.0,0.0,0.0
10209,1.576153580641292e7,5.752776616502365e6,0.0,0.0,0.0,0.0
10210,1.5774469382625468e7,5.7536646869685175e6,0.0,0.0,0.0,0.0
10211,1.5787047670098297e7,5.75455275743467e6,0.0,0.0,0.0,0.0
10212,1.5799625957571128e7,5.755440827900821e6,0.0,0.0,0.0,0.0
10213,1.5811648218485821e7,5.756328898366973e6,0.0,0.0,0.0,0.0
10214,1.5823670479400512e7,5.757216968833125e6,0.0,0.0,0.0,0.0
10215,1.583588551492863e7,5.758105039299278e6,0.0,0.0,0.0,0.0
10216,1.5848100550456747e7,5.758993109765429e6,0.0,0.0,0.0,0.0
10217,1.5860794573552366e7,5.7598811802315805e6,0.0,0.0,0.0,0.0
10218,1.5873488596647987e7,5.760769250697733e6,0.0,0.0,0.0,0.0
10219,1.5843710295935418e7,5.761657321163885e6,0.0,0.0,0.0,0.0
10220,1.5813931995222848e7,5.762545391630037e6,0.0,0.0,0.0,0.0
10221,1.5782556423969824e7,5.763433462096188e6,0.0,0.0,0.0,0.0
10222,1.5751180852716802e7,5.764321532562341e6,0.0,0.0,0.0,0.0
10223,1.5716759731941987e7,5.765209603028493e6,0.0,0.0,0.0,0.0
10224,1.568233861116717e7,5.766097673494644e6,0.0,0.0,0.0,0.0
10225,1.5647330101615496e7,5.766985743960796e6,0.0,0.0,0.0,0.0
10226,1.5612321592063824e7,5.767873814426948e6,0.0,0.0,0.0,0.0
10227,1.5577720917666528e7,5.768761884893101e6,0.0,0.0,0.0,0.0
10228,1.5543120243269235e7,5.769649955359252e6,0.0,0.0,0.0,0.0
10229,1.5554117964862641e7,5.770538025825404e6,0.0,0.0,0.0,0.0
10230,1.5565115686456045e7,5.771426096291556e6,0.0,0.0,0.0,0.0
10231,1.5577397764875729e7,5.772314166757708e6,0.0,0.0,0.0,0.0
10232,1.558967984329541e7,5.77320223722386e6,0.0,0.0,0.0,0.0
10233,1.5601752149657175e7,5.774090307690011e6,0.0,0.0,0.0,0.0
10234,1.561382445601894e7,5.774978378156164e6,0.0,0.0,0.0,0.0
10235,1.562573609937729e7,5.775866448622316e6,0.0,0.0,0.0,0.0
10236,1.5637647742735637e7,5.776754519088468e6,0.0,0.0,0.0,0.0
10237,1.5649162057124391e7,5.777642589554619e6,0.0,0.0,0.0,0.0
10238,1.5660676371513145e7,5.778530660020771e6,0.0,0.0,0.0,0.0
10239,1.5672296601661325e7,5.779418730486924e6,0.0,0.0,0.0,0.0
10240,1.5683916831809506e7,5.780306800953075e6,0.0,0.0,0.0,0.0
10241,1.5695432624301076e7,5.781194871419227e6,0.0,0.0,0.0,0.0
10242,1.5706948416792644e7,5.782082941885379e6,0.0,0.0,0.0,0.0
10243,1.571776932284442e7,5.782971012351532e6,0.0,0.0,0.0,0.0
10244,1.5728590228896197e7,5.783859082817683e6,0.0,0.0,0.0,0.0
10245,1.57374721782774e7,5.784747153283834e6,0.0,0.0,0.0,0.0
10246,1.5746354127658604e7,5.785635223749987e6,0.0,0.0,0.0,0.0
10247,1.5752998275026824e7,5.786523294216139e6,0.0,0.0,0.0,0.0
10248,1.5759642422395043e7,5.787411364682291e6,0.0,0.0,0.0,0.0
10249,1.5735025906462364e7,5.781358465148443e6,0.0,0.0,0.0,0.0
10250,1.5710409390529687e7,5.775305565614595e6,0.0,0.0,0.0,0.0
10251,1.567510436710875e7,5.769252666080747e6,0.0,0.0,0.0,0.0
10252,1.5639799343687812e7,5.763199766546899e6,0.0,0.0,0.0,0.0
10253,1.5607845504432581e7,5.758628439032467e6,0.0,0.0,0.0,0.0
10254,1.5575891665177353e7,5.754057111518034e6,0.0,0.0,0.0,0.0
10255,1.5587574924603518e7,5.752085139983452e6,0.0,0.0,0.0,0.0
10256,1.5599258184029685e7,5.75011316844887e6,0.0,0.0,0.0,0.0
10257,1.5610515088326562e7,5.751001238915022e6,0.0,0.0,0.0,0.0
10258,1.5621771992623439e7,5.751889309381174e6,0.0,0.0,0.0,0.0
10259,1.5632649296398066e7,5.752777379847325e6,0.0,0.0,0.0,0.0
10260,1.5643526600172691e7,5.753665450313478e6,0.0,0.0,0.0,0.0
10261,1.565436371010848e7,5.75455352077963e6,0.0,0.0,0.0,0.0
10262,1.5665200820044268e7,5.755441591245782e6,0.0,0.0,0.0,0.0
10263,1.5676274102851685e7,5.756329661711933e6,0.0,0.0,0.0,0.0
10264,1.5687347385659102e7,5.7572177321780855e6,0.0,0.0,0.0,0.0
10265,1.5657059250610359e7,5.758105802644238e6,0.0,0.0,0.0,0.0
10266,1.5626771115561618e7,5.758993873110389e6,0.0,0.0,0.0,0.0
10267,1.5596152790710207e7,5.75858890876383e6,0.0,0.0,0.0,0.0
10268,1.5565534465858798e7,5.75818394441727e6,0.0,0.0,0.0,0.0
10269,1.5532748390044052e7,5.755285586027561e6,0.0,0.0,0.0,0.0
10270,1.5499962314229308e7,5.752387227637852e6,0.0,0.0,0.0,0.0
10271,1.546566256900702e7,5.746334328104004e6,0.0,0.0,0.0,0.0
10272,1.5431362823784731e7,5.740281428570156e6,0.0,0.0,0.0,0.0
10273,1.5396630042349681e7,5.734109397632312e6,0.0,0.0,0.0,0.0
10274,1.536189726091463e7,5.727937366694468e6,0.0,0.0,0.0,0.0
10275,1.5328039256432083e7,5.721765335756624e6,0.0,0.0,0.0,0.0
10276,1.5294181251949536e7,5.71559330481878e6,0.0,0.0,0.0,0.0
10277,1.5263043467642592e7,5.7102430368877705e6,0.0,0.0,0.0,0.0
10278,1.5231905683335649e7,5.704892768956761e6,0.0,0.0,0.0,0.0
10279,1.5229276130248226e7,5.699672962639241e6,0.0,0.0,0.0,0.0
10280,1.5226646577160802e7,5.694453156321719e6,0.0,0.0,0.0,0.0
10281,1.523881916793043e7,5.695222095383875e6,0.0,0.0,0.0,0.0
10282,1.5250991758700058e7,5.695991034446031e6,0.0,0.0,0.0,0.0
10283,1.5262763512626361e7,5.696759973508187e6,0.0,0.0,0.0,0.0
10284,1.5274535266552664e7,5.697528912570342e6,0.0,0.0,0.0,0.0
10285,1.5286011551744986e7,5.698297851632498e6,0.0,0.0,0.0,0.0
10286,1.529748783693731e7,5.699066790694654e6,0.0,0.0,0.0,0.0
10287,1.5291932612024866e7,5.69983572975681e6,0.0,0.0,0.0,0.0
10288,1.5286377387112424e7,5.700604668818966e6,0.0,0.0,0.0,0.0
10289,1.5256719232974906e7,5.697509657032218e6,0.0,0.0,0.0,0.0
10290,1.5227061078837385e7,5.694414645245469e6,0.0,0.0,0.0,0.0
10291,1.5232189248805346e7,5.688242614307625e6,0.0,0.0,0.0,0.0
10292,1.5237317418773307e7,5.682070583369781e6,0.0,0.0,0.0,0.0
10293,1.520534558952311e7,5.675898552431937e6,0.0,0.0,0.0,0.0
10294,1.5173373760272913e7,5.669726521494093e6,0.0,0.0,0.0,0.0
10295,1.513965239609962e7,5.663554490556249e6,0.0,0.0,0.0,0.0
10296,1.5105931031926325e7,5.657382459618405e6,0.0,0.0,0.0,0.0
10297,1.507177160412588e7,5.6512104286805615e6,0.0,0.0,0.0,0.0
10298,1.5037612176325435e7,5.6450383977427175e6,0.0,0.0,0.0,0.0
10299,1.5004023498846345e7,5.638866366804874e6,0.0,0.0,0.0,0.0
10300,1.4970434821367254e7,5.63269433586703e6,0.0,0.0,0.0,0.0
10301,1.4939547696431847e7,5.626522304929186e6,0.0,0.0,0.0,0.0
10302,1.490866057149644e7,5.620350273991342e6,0.0,0.0,0.0,0.0
10303,1.4921277171832236e7,5.614178243053498e6,0.0,0.0,0.0,0.0
10304,1.4933893772168031e7,5.608006212115654e6,0.0,0.0,0.0,0.0
10305,1.4946106794284908e7,5.604850709191298e6,0.0,0.0,0.0,0.0
10306,1.4958319816401785e7,5.6016952062669415e6,0.0,0.0,0.0,0.0
10307,1.4969876407263115e7,5.602464145329097e6,0.0,0.0,0.0,0.0
10308,1.4981432998124447e7,5.603233084391253e6,0.0,0.0,0.0,0.0
10309,1.4992607496473258e7,5.604002023453409e6,0.0,0.0,0.0,0.0
10310,1.500378199482207e7,5.604770962515565e6,0.0,0.0,0.0,0.0
10311,1.5015145995074686e7,5.60553990157772e6,0.0,0.0,0.0,0.0
10312,1.5026509995327303e7,5.606308840639876e6,0.0,0.0,0.0,0.0
10313,1.5004104738059659e7,5.600136809702032e6,0.0,0.0,0.0,0.0
10314,1.4981699480792016e7,5.593964778764188e6,0.0,0.0,0.0,0.0
10315,1.4993650141472971e7,5.587792747826344e6,0.0,0.0,0.0,0.0
10316,1.5005600802153926e7,5.5816207168885e6,0.0,0.0,0.0,0.0
10317,1.501586983943328e7,5.575448685950656e6,0.0,0.0,0.0,0.0
10318,1.5026138876712635e7,5.569276655012812e6,0.0,0.0,0.0,0.0
10319,1.5034375828695424e7,5.5631046240749685e6,0.0,0.0,0.0,0.0
10320,1.5042612780678215e7,5.556932593137125e6,0.0,0.0,0.0,0.0
10321,1.5049862334796268e7,5.550760562199281e6,0.0,0.0,0.0,0.0
10322,1.5057111888914322e7,5.544588531261437e6,0.0,0.0,0.0,0.0
10323,1.5064053945369184e7,5.538416500323593e6,0.0,0.0,0.0,0.0
10324,1.5070996001824044e7,5.532244469385749e6,0.0,0.0,0.0,0.0
10325,1.5078976164965825e7,5.526072438447905e6,0.0,0.0,0.0,0.0
10326,1.5086956328107607e7,5.519900407510061e6,0.0,0.0,0.0,0.0
10327,1.5096527882968526e7,5.513728376572217e6,0.0,0.0,0.0,0.0
10328,1.5106099437829448e7,5.507556345634373e6,0.0,0.0,0.0,0.0
10329,1.5115457458004683e7,5.504146927985129e6,0.0,0.0,0.0,0.0
10330,1.5124815478179917e7,5.500737510335885e6,0.0,0.0,0.0,0.0
10331,1.513327399619272e7,5.501506449398041e6,0.0,0.0,0.0,0.0
10332,1.5141732514205525e7,5.502275388460197e6,0.0,0.0,0.0,0.0
10333,1.514943631280671e7,5.503044327522352e6,0.0,0.0,0.0,0.0
10334,1.5157140111407895e7,5.503813266584508e6,0.0,0.0,0.0,0.0
10335,1.5165294617223974e7,5.504582205646664e6,0.0,0.0,0.0,0.0
10336,1.5173449123040054e7,5.50535114470882e6,0.0,0.0,0.0,0.0
10337,1.5182876226150263e7,5.499179113770976e6,0.0,0.0,0.0,0.0
10338,1.5192303329260474e7,5.493007082833132e6,0.0,0.0,0.0,0.0
10339,1.5201676468029482e7,5.486835051895288e6,0.0,0.0,0.0,0.0
10340,1.521104960679849e7,5.480663020957444e6,0.0,0.0,0.0,0.0
10341,1.5218649562520672e7,5.4744909900196e6,0.0,0.0,0.0,0.0
10342,1.522624951824285e7,5.468318959081756e6,0.0,0.0,0.0,0.0
10343,1.5231596694632538e7,5.462146928143912e6,0.0,0.0,0.0,0.0
10344,1.5236943871022224e7,5.455974897206068e6,0.0,0.0,0.0,0.0
10345,1.524164179199364e7,5.449802866268224e6,0.0,0.0,0.0,0.0
10346,1.5246339712965058e7,5.44363083533038e6,0.0,0.0,0.0,0.0
10347,1.5250808833894463e7,5.437458804392536e6,0.0,0.0,0.0,0.0
10348,1.5255277954823868e7,5.431286773454692e6,0.0,0.0,0.0,0.0
10349,1.5260040249698743e7,5.425114742516848e6,0.0,0.0,0.0,0.0
10350,1.526480254457362e7,5.418942711579004e6,0.0,0.0,0.0,0.0
10351,1.5271063243183512e7,5.41277068064116e6,0.0,0.0,0.0,0.0
10352,1.5277323941793406e7,5.406598649703316e6,0.0,0.0,0.0,0.0
10353,1.5284390398000835e7,5.404287866644112e6,0.0,0.0,0.0,0.0
10354,1.5291456854208263e7,5.401977083584908e6,0.0,0.0,0.0,0.0
10355,1.52984362628332e7,5.402746022647064e6,0.0,0.0,0.0,0.0
10356,1.5305415671458136e7,5.40351496170922e6,0.0,0.0,0.0,0.0
10357,1.5312085013949081e7,5.404283900771376e6,0.0,0.0,0.0,0.0
10358,1.5318754356440024e7,5.4050528398335315e6,0.0,0.0,0.0,0.0
10359,1.5325967501535472e7,5.405821778895687e6,0.0,0.0,0.0,0.0
10360,1.5333180646630917e7,5.406590717957843e6,0.0,0.0,0.0,0.0
10361,1.5342286282504505e7,5.405474521318734e6,0.0,0.0,0.0,0.0
10362,1.5351391918378092e7,5.404358324679625e6,0.0,0.0,0.0,0.0
10363,1.5361334249139927e7,5.398186293741781e6,0.0,0.0,0.0,0.0
10364,1.537127657990176e7,5.392014262803937e6,0.0,0.0,0.0,0.0
10365,1.5379965615775071e7,5.385842231866093e6,0.0,0.0,0.0,0.0
10366,1.538865465164838e7,5.379670200928249e6,0.0,0.0,0.0,0.0
10367,1.539583869782526e7,5.373498169990405e6,0.0,0.0,0.0,0.0
10368,1.5403022744002141e7,5.3673261390525615e6,0.0,0.0,0.0,0.0
10369,1.5409969664494338e7,5.3611541081147175e6,0.0,0.0,0.0,0.0
10370,1.5416916584986534e7,5.354982077176874e6,0.0,0.0,0.0,0.0
10371,1.542461188027579e7,5.34881004623903e6,0.0,0.0,0.0,0.0
10372,1.5432307175565043e7,5.342638015301186e6,0.0,0.0,0.0,0.0
10373,1.5443766764747795e7,5.336465984363342e6,0.0,0.0,0.0,0.0
10374,1.5455226353930544e7,5.330293953425498e6,0.0,0.0,0.0,0.0
10375,1.5468212763786618e7,5.324121922487654e6,0.0,0.0,0.0,0.0
10376,1.5481199173642693e7,5.31794989154981e6,0.0,0.0,0.0,0.0
10377,1.5493952593526512e7,5.316029149037726e6,0.0,0.0,0.0,0.0
10378,1.5506706013410332e7,5.314108406525644e6,0.0,0.0,0.0,0.0
10379,1.5518989960291147e7,5.314877345587799e6,0.0,0.0,0.0,0.0
10380,1.553127390717196e7,5.315646284649955e6,0.0,0.0,0.0,0.0
10381,1.5543098296796167e7,5.316415223712111e6,0.0,0.0,0.0,0.0
10382,1.5554922686420374e7,5.317184162774267e6,0.0,0.0,0.0,0.0
10383,1.5566627449742585e7,5.317953101836422e6,0.0,0.0,0.0,0.0
10384,1.5578332213064795e7,5.318722040898578e6,0.0,0.0,0.0,0.0
10385,1.5548668540277136e7,5.313910999690691e6,0.0,0.0,0.0,0.0
10386,1.5519004867489478e7,5.309099958482803e6,0.0,0.0,0.0,0.0
10387,1.553086518230349e7,5.302927927544959e6,0.0,0.0,0.0,0.0
10388,1.5542725497117503e7,5.296755896607115e6,0.0,0.0,0.0,0.0
10389,1.5552391172352687e7,5.290583865669271e6,0.0,0.0,0.0,0.0
10390,1.5562056847587869e7,5.284411834731427e6,0.0,0.0,0.0,0.0
10391,1.5569807872828007e7,5.278239803793583e6,0.0,0.0,0.0,0.0
10392,1.5577558898068143e7,5.272067772855739e6,0.0,0.0,0.0,0.0
10393,1.5550589008124642e7,5.265895741917895e6,0.0,0.0,0.0,0.0
10394,1.552361911818114e7,5.259723710980051e6,0.0,0.0,0.0,0.0
10395,1.5490802467724299e7,5.253551680042207e6,0.0,0.0,0.0,0.0
10396,1.5457985817267459e7,5.247379649104363e6,0.0,0.0,0.0,0.0
10397,1.5427414515564943e7,5.241207618166519e6,0.0,0.0,0.0,0.0
10398,1.5396843213862427e7,5.235035587228675e6,0.0,0.0,0.0,0.0
10399,1.540794527967316e7,5.228863556290831e6,0.0,0.0,0.0,0.0
10400,1.541904734548389e7,5.222691525352987e6,0.0,0.0,0.0,0.0
10401,1.5430702984410515e7,5.221923283432694e6,0.0,0.0,0.0,0.0
10402,1.544235862333714e7,5.2211550415124e6,0.0,0.0,0.0,0.0
10403,1.5453581373552594e7,5.221923980574556e6,0.0,0.0,0.0,0.0
10404,1.5464804123768046e7,5.2226929196367115e6,0.0,0.0,0.0,0.0
10405,1.54759356779209e7,5.223461858698867e6,0.0,0.0,0.0,0.0
10406,1.5487067232073756e7,5.224230797761023e6,0.0,0.0,0.0,0.0
10407,1.5498205357685108e7,5.224999736823179e6,0.0,0.0,0.0,0.0
10408,1.5509343483296458e7,5.225768675885335e6,0.0,0.0,0.0,0.0
10409,1.5479463046509966e7,5.225664375055337e6,0.0,0.0,0.0,0.0
10410,1.5449582609723473e7,5.22556007422534e6,0.0,0.0,0.0,0.0
10411,1.5419625339670926e7,5.219388043287496e6,0.0,0.0,0.0,0.0
10412,1.5389668069618382e7,5.213216012349652e6,0.0,0.0,0.0,0.0
10413,1.537987615318466e7,5.207043981411808e6,0.0,0.0,0.0,0.0
10414,1.537008423675094e7,5.200871950473964e6,0.0,0.0,0.0,0.0
10415,1.5378431038463019e7,5.19469991953612e6,0.0,0.0,0.0,0.0
10416,1.5386777840175098e7,5.188527888598276e6,0.0,0.0,0.0,0.0
10417,1.53528877397193e7,5.182355857660432e6,0.0,0.0,0.0,0.0
10418,1.5318997639263501e7,5.176183826722588e6,0.0,0.0,0.0,0.0
10419,1.528565685282261e7,5.170011795784744e6,0.0,0.0,0.0,0.0
10420,1.5252316066381715e7,5.1638397648469005e6,0.0,0.0,0.0,0.0
10421,1.5221864723166462e7,5.1576677339090565e6,0.0,0.0,0.0,0.0
10422,1.519141337995121e7,5.151495702971213e6,0.0,0.0,0.0,0.0
10423,1.5181941810462356e7,5.145323672033369e6,0.0,0.0,0.0,0.0
10424,1.51724702409735e7,5.139151641095525e6,0.0,0.0,0.0,0.0
10425,1.5184334623695217e7,5.132979610157681e6,0.0,0.0,0.0,0.0
10426,1.5196199006416932e7,5.126807579219837e6,0.0,0.0,0.0,0.0
10427,1.5207643647746745e7,5.124757160300361e6,0.0,0.0,0.0,0.0
10428,1.521908828907656e7,5.122706741380884e6,0.0,0.0,0.0,0.0
10429,1.5230432130549677e7,5.12347568044304e6,0.0,0.0,0.0,0.0
10430,1.5241775972022796e7,5.124244619505196e6,0.0,0.0,0.0,0.0
10431,1.5253086466279358e7,5.125013558567352e6,0.0,0.0,0.0,0.0
10432,1.526439696053592e7,5.125782497629507e6,0.0,0.0,0.0,0.0
10433,1.5234357413250837e7,5.126225169161424e6,0.0,0.0,0.0,0.0
10434,1.5204317865965756e7,5.126667840693341e6,0.0,0.0,0.0,0.0
10435,1.517407511192792e7,5.120495809755497e6,0.0,0.0,0.0,0.0
10436,1.5143832357890084e7,5.114323778817653e6,0.0,0.0,0.0,0.0
10437,1.5111776578650815e7,5.108151747879809e6,0.0,0.0,0.0,0.0
10438,1.5079720799411546e7,5.101979716941965e6,0.0,0.0,0.0,0.0
10439,1.507517397257405e7,5.095807686004121e6,0.0,0.0,0.0,0.0
10440,1.5070627145736553e7,5.089635655066277e6,0.0,0.0,0.0,0.0
10441,1.5036660296809904e7,5.083479869319887e6,0.0,0.0,0.0,0.0
10442,1.5002693447883254e7,5.077324083573497e6,0.0,0.0,0.0,0.0
10443,1.5011094105139228e7,5.071168297827107e6,0.0,0.0,0.0,0.0
10444,1.5019494762395201e7,5.065012512080717e6,0.0,0.0,0.0,0.0
10445,1.4988924298773507e7,5.058856726334327e6,0.0,0.0,0.0,0.0
10446,1.4958353835151812e7,5.052700940587937e6,0.0,0.0,0.0,0.0
10447,1.4970667039933905e7,5.046545154841547e6,0.0,0.0,0.0,0.0
10448,1.4982980244716e7,5.040389369095157e6,0.0,0.0,0.0,0.0
10449,1.4995023302969132e7,5.034233583348767e6,0.0,0.0,0.0,0.0
10450,1.5007066361222263e7,5.028077797602377e6,0.0,0.0,0.0,0.0
10451,1.5018674002269596e7,5.024969641864505e6,0.0,0.0,0.0,0.0
10452,1.503028164331693e7,5.021861486126633e6,0.0,0.0,0.0,0.0
10453,1.5041804695915278e7,5.016468711051134e6,0.0,0.0,0.0,0.0
10454,1.5053327748513628e7,5.0110759359756345e6,0.0,0.0,0.0,0.0
10455,1.5064850869047768e7,5.0049201502292445e6,0.0,0.0,0.0,0.0
10456,1.507637398958191e7,4.9987643644828545e6,0.0,0.0,0.0,0.0
10457,1.5088822720357766e7,4.9926085787364645e6,0.0,0.0,0.0,0.0
10458,1.5101271451133622e7,4.9864527929900745e6,0.0,0.0,0.0,0.0
10459,1.511377026597923e7,4.9802970072436845e6,0.0,0.0,0.0,0.0
10460,1.5126269080824839e7,4.9741412214972945e6,0.0,0.0,0.0,0.0
10461,1.5100759139271714e7,4.9679854357509045e6,0.0,0.0,0.0,0.0
10462,1.507524919771859e7,4.9618296500045145e6,0.0,0.0,0.0,0.0
10463,1.508325891294061e7,4.9556738642581245e6,0.0,0.0,0.0,0.0
10464,1.5091268628162632e7,4.9495180785117345e6,0.0,0.0,0.0,0.0
10465,1.508242694811341e7,4.9433622927653445e6,0.0,0.0,0.0,0.0
10466,1.5073585268064188e7,4.9372065070189545e6,0.0,0.0,0.0,0.0
10467,1.5054783798330512e7,4.9310507212725645e6,0.0,0.0,0.0,0.0
10468,1.5035982328596836e7,4.9248949355261745e6,0.0,0.0,0.0,0.0
10469,1.500594547122304e7,4.9187391497797845e6,0.0,0.0,0.0,0.0
10470,1.4975908613849243e7,4.9125833640333945e6,0.0,0.0,0.0,0.0
10471,1.4989103037806287e7,4.9064275782870045e6,0.0,0.0,0.0,0.0
10472,1.5002297461763334e7,4.9002717925406145e6,0.0,0.0,0.0,0.0
10473,1.5014953468218893e7,4.8941160067942245e6,0.0,0.0,0.0,0.0
10474,1.502760947467445e7,4.8879602210478345e6,0.0,0.0,0.0,0.0
10475,1.5039315745005079e7,4.888745405301444e6,0.0,0.0,0.0,0.0
10476,1.5051022015335709e7,4.889530589555055e6,0.0,0.0,0.0,0.0
10477,1.506188974107162e7,4.890315773808666e6,0.0,0.0,0.0,0.0
10478,1.5072757466807527e7,4.891100958062275e6,0.0,0.0,0.0,0.0
10479,1.5083760857313586e7,4.891886142315885e6,0.0,0.0,0.0,0.0
10480,1.5094764247819645e7,4.892671326569496e6,0.0,0.0,0.0,0.0
10481,1.5106507659892105e7,4.886515540823106e6,0.0,0.0,0.0,0.0
10482,1.5118251071964566e7,4.880359755076716e6,0.0,0.0,0.0,0.0
10483,1.5129490128359515e7,4.874203969330326e6,0.0,0.0,0.0,0.0
10484,1.5140729184754463e7,4.868048183583936e6,0.0,0.0,0.0,0.0
10485,1.515016365796595e7,4.861892397837546e6,0.0,0.0,0.0,0.0
10486,1.5159598131177438e7,4.855736612091156e6,0.0,0.0,0.0,0.0
10487,1.5167122145396385e7,4.849580826344766e6,0.0,0.0,0.0,0.0
10488,1.5174646159615334e7,4.843425040598376e6,0.0,0.0,0.0,0.0
10489,1.5181704669856807e7,4.837269254851986e6,0.0,0.0,0.0,0.0
10490,1.518876318009828e7,4.831113469105596e6,0.0,0.0,0.0,0.0
10491,1.5196092713217665e7,4.824957683359206e6,0.0,0.0,0.0,0.0
10492,1.520342224633705e7,4.818801897612816e6,0.0,0.0,0.0,0.0
10493,1.5211944359004352e7,4.812646111866426e6,0.0,0.0,0.0,0.0
10494,1.5220466471671652e7,4.806490326120036e6,0.0,0.0,0.0,0.0
10495,1.5230473443723308e7,4.800334540373646e6,0.0,0.0,0.0,0.0
10496,1.5240480415774964e7,4.794178754627256e6,0.0,0.0,0.0,0.0
10497,1.5250632256316591e7,4.7888140702523505e6,0.0,0.0,0.0,0.0
10498,1.526078409685822e7,4.783449385877445e6,0.0,0.0,0.0,0.0
10499,1.5270425874896329e7,4.784234570131056e6,0.0,0.0,0.0,0.0
10500,1.5280067652934438e7,4.785019754384666e6,0.0,0.0,0.0,0.0
10501,1.5289175863444291e7,4.7858049386382755e6,0.0,0.0,0.0,0.0
10502,1.5298284073954144e7,4.786590122891886e6,0.0,0.0,0.0,0.0
10503,1.530782779181795e7,4.787375307145497e6,0.0,0.0,0.0,0.0
10504,1.5317371509681756e7,4.788160491399107e6,0.0,0.0,0.0,0.0
10505,1.532764919529778e7,4.78663221462482e6,0.0,0.0,0.0,0.0
10506,1.5337926880913803e7,4.785103937850535e6,0.0,0.0,0.0,0.0
10507,1.5347655520932458e7,4.778948152104145e6,0.0,0.0,0.0,0.0
10508,1.5357384160951115e7,4.772792366357755e6,0.0,0.0,0.0,0.0
10509,1.5365512957415178e7,4.766636580611365e6,0.0,0.0,0.0,0.0
10510,1.537364175387924e7,4.760480794864975e6,0.0,0.0,0.0,0.0
10511,1.5378090282771604e7,4.754325009118585e6,0.0,0.0,0.0,0.0
10512,1.5382538811663968e7,4.748169223372195e6,0.0,0.0,0.0,0.0
10513,1.5388728325368404e7,4.742013437625805e6,0.0,0.0,0.0,0.0
10514,1.5394917839072842e7,4.735857651879415e6,0.0,0.0,0.0,0.0
10515,1.5401184889192756e7,4.729701866133025e6,0.0,0.0,0.0,0.0
10516,1.5407451939312672e7,4.723546080386635e6,0.0,0.0,0.0,0.0
10517,1.54143105975267e7,4.717390294640245e6,0.0,0.0,0.0,0.0
10518,1.5421169255740728e7,4.711234508893855e6,0.0,0.0,0.0,0.0
10519,1.5429696242882002e7,4.705078723147465e6,0.0,0.0,0.0,0.0
10520,1.5438223230023274e7,4.698922937401075e6,0.0,0.0,0.0,0.0
10521,1.5447859613898892e7,4.699708121654686e6,0.0,0.0,0.0,0.0
10522,1.5457495997774508e7,4.700493305908295e6,0.0,0.0,0.0,0.0
10523,1.5467072782856222e7,4.701278490161905e6,0.0,0.0,0.0,0.0
10524,1.5476649567937937e7,4.702063674415516e6,0.0,0.0,0.0,0.0
10525,1.548588165658786e7,4.702848858669126e6,0.0,0.0,0.0,0.0
10526,1.5495113745237783e7,4.703634042922736e6,0.0,0.0,0.0,0.0
10527,1.5504914018027764e7,4.704419227176346e6,0.0,0.0,0.0,0.0
10528,1.5514714290817743e7,4.705204411429957e6,0.0,0.0,0.0,0.0
10529,1.5525543873370312e7,4.705981611731498e6,0.0,0.0,0.0,0.0
10530,1.5536373455922881e7,4.706758812033038e6,0.0,0.0,0.0,0.0
10531,1.5547474624020498e7,4.700603026286648e6,0.0,0.0,0.0,0.0
10532,1.5558575792118117e7,4.694447240540258e6,0.0,0.0,0.0,0.0
10533,1.5567602608252399e7,4.688291454793868e6,0.0,0.0,0.0,0.0
10534,1.5576629424386678e7,4.682135669047478e6,0.0,0.0,0.0,0.0
10535,1.5583164951662727e7,4.675979883301088e6,0.0,0.0,0.0,0.0
10536,1.5589700478938777e7,4.669824097554698e6,0.0,0.0,0.0,0.0
10537,1.5595718581573399e7,4.663668311808308e6,0.0,0.0,0.0,0.0
10538,1.560173668420802e7,4.657512526061918e6,0.0,0.0,0.0,0.0
10539,1.560222801665711e7,4.651356740315528e6,0.0,0.0,0.0,0.0
10540,1.5602719349106202e7,4.645200954569138e6,0.0,0.0,0.0,0.0
10541,1.5612530230999969e7,4.639045168822748e6,0.0,0.0,0.0,0.0
10542,1.5622341112893734e7,4.632889383076358e6,0.0,0.0,0.0,0.0
10543,1.5633779263521526e7,4.626733597329968e6,0.0,0.0,0.0,0.0
10544,1.5645217414149316e7,4.620577811583578e6,0.0,0.0,0.0,0.0
10545,1.5656774139629807e7,4.616178768634717e6,0.0,0.0,0.0,0.0
10546,1.5668330865110297e7,4.611779725685856e6,0.0,0.0,0.0,0.0
10547,1.5679568917505704e7,4.612564909939466e6,0.0,0.0,0.0,0.0
10548,1.569080696990111e7,4.613350094193077e6,0.0,0.0,0.0,0.0
10549,1.570174265042957e7,4.614135278446687e6,0.0,0.0,0.0,0.0
10550,1.5712678330958027e7,4.614920462700297e6,0.0,0.0,0.0,0.0
10551,1.5723430024736647e7,4.615705646953907e6,0.0,0.0,0.0,0.0
10552,1.5734181718515266e7,4.616490831207518e6,0.0,0.0,0.0,0.0
10553,1.5745338626437373e7,4.612393536150126e6,0.0,0.0,0.0,0.0
10554,1.5756495534359481e7,4.608296241092734e6,0.0,0.0,0.0,0.0
10555,1.5767210266590517e7,4.602140455346344e6,0.0,0.0,0.0,0.0
10556,1.5777924998821551e7,4.595984669599954e6,0.0,0.0,0.0,0.0
10557,1.5786499301166967e7,4.589828883853564e6,0.0,0.0,0.0,0.0
10558,1.5795073603512382e7,4.583673098107174e6,0.0,0.0,0.0,0.0
10559,1.5801360280756488e7,4.577517312360784e6,0.0,0.0,0.0,0.0
10560,1.5807646958000593e7,4.571361526614394e6,0.0,0.0,0.0,0.0
10561,1.5813543827259723e7,4.565205740868004e6,0.0,0.0,0.0,0.0
10562,1.5819440696518853e7,4.559049955121614e6,0.0,0.0,0.0,0.0
10563,1.5825673960241824e7,4.552894169375224e6,0.0,0.0,0.0,0.0
10564,1.5831907223964795e7,4.546738383628834e6,0.0,0.0,0.0,0.0
10565,1.5841589491946904e7,4.540582597882444e6,0.0,0.0,0.0,0.0
10566,1.5851271759929013e7,4.534426812136054e6,0.0,0.0,0.0,0.0
10567,1.5862557670512952e7,4.531033641569141e6,0.0,0.0,0.0,0.0
10568,1.5873843581096893e7,4.527640471002229e6,0.0,0.0,0.0,0.0
10569,1.5885011390381161e7,4.528425655255839e6,0.0,0.0,0.0,0.0
10570,1.5896179199665427e7,4.529210839509449e6,0.0,0.0,0.0,0.0
10571,1.5906587541199896e7,4.529996023763059e6,0.0,0.0,0.0,0.0
10572,1.5916995882734364e7,4.530781208016669e6,0.0,0.0,0.0,0.0
10573,1.592730380383535e7,4.53156639227028e6,0.0,0.0,0.0,0.0
10574,1.5937611724936334e7,4.53235157652389e6,0.0,0.0,0.0,0.0
10575,1.5948092817508228e7,4.5331367607774995e6,0.0,0.0,0.0,0.0
10576,1.5958573910080124e7,4.53392194503111e6,0.0,0.0,0.0,0.0
10577,1.5970406512774516e7,4.534707129284721e6,0.0,0.0,0.0,0.0
10578,1.5982239115468908e7,4.535492313538331e6,0.0,0.0,0.0,0.0
10579,1.5993726437504688e7,4.53627749779194e6,0.0,0.0,0.0,0.0
10580,1.6005213759540468e7,4.537062682045551e6,0.0,0.0,0.0,0.0
10581,1.6014017403430142e7,4.537847866299162e6,0.0,0.0,0.0,0.0
10582,1.6022821047319813e7,4.538633050552771e6,0.0,0.0,0.0,0.0
10583,1.6029539302876689e7,4.539418234806381e6,0.0,0.0,0.0,0.0
10584,1.6036257558433563e7,4.540203419059992e6,0.0,0.0,0.0,0.0
10585,1.6000888466551153e7,4.538549467164568e6,0.0,0.0,0.0,0.0
10586,1.5965519374668743e7,4.5368955152691435e6,0.0,0.0,0.0,0.0
10587,1.5930973145751927e7,4.537572294955879e6,0.0,0.0,0.0,0.0
10588,1.5896426916835109e7,4.538249074642615e6,0.0,0.0,0.0,0.0
10589,1.5865565050991643e7,4.539034258896226e6,0.0,0.0,0.0,0.0
10590,1.583470318514818e7,4.539819443149836e6,0.0,0.0,0.0,0.0
10591,1.5808533635678414e7,4.540604627403446e6,0.0,0.0,0.0,0.0
10592,1.5782364086208649e7,4.541389811657056e6,0.0,0.0,0.0,0.0
10593,1.5795189593782052e7,4.542174995910667e6,0.0,0.0,0.0,0.0
10594,1.5808015101355454e7,4.542960180164277e6,0.0,0.0,0.0,0.0
10595,1.5820323585137125e7,4.543745364417886e6,0.0,0.0,0.0,0.0
10596,1.5832632068918796e7,4.544530548671497e6,0.0,0.0,0.0,0.0
10597,1.5844612837089447e7,4.545315732925108e6,0.0,0.0,0.0,0.0
10598,1.5856593605260098e7,4.546100917178717e6,0.0,0.0,0.0,0.0
10599,1.5868586223059494e7,4.546886101432327e6,0.0,0.0,0.0,0.0
10600,1.588057884085889e7,4.547671285685938e6,0.0,0.0,0.0,0.0
10601,1.5892938210655326e7,4.5484564699395485e6,0.0,0.0,0.0,0.0
10602,1.5905297580451762e7,4.549241654193158e6,0.0,0.0,0.0,0.0
10603,1.5916806977778792e7,4.543085868446768e6,0.0,0.0,0.0,0.0
10604,1.592831637510582e7,4.536930082700378e6,0.0,0.0,0.0,0.0
10605,1.5937305163622197e7,4.530774296953988e6,0.0,0.0,0.0,0.0
10606,1.5946293952138575e7,4.524618511207598e6,0.0,0.0,0.0,0.0
10607,1.5953152214442167e7,4.518462725461208e6,0.0,0.0,0.0,0.0
10608,1.596001047674576e7,4.512306939714818e6,0.0,0.0,0.0,0.0
10609,1.5966212985542197e7,4.506389416776421e6,0.0,0.0,0.0,0.0
10610,1.5972415494338635e7,4.500471893838022e6,0.0,0.0,0.0,0.0
10611,1.5978833001900792e7,4.494554370899623e6,0.0,0.0,0.0,0.0
10612,1.598525050946295e7,4.488636847961226e6,0.0,0.0,0.0,0.0
10613,1.599540505747119e7,4.482719325022828e6,0.0,0.0,0.0,0.0
10614,1.6005559605479427e7,4.476801802084429e6,0.0,0.0,0.0,0.0
10615,1.6017394070098631e7,4.470884279146031e6,0.0,0.0,0.0,0.0
10616,1.6029228534717834e7,4.464966756207633e6,0.0,0.0,0.0,0.0
10617,1.6040805252696984e7,4.459049233269235e6,0.0,0.0,0.0,0.0
10618,1.6052381970676132e7,4.4531317103308365e6,0.0,0.0,0.0,0.0
10619,1.6063241084324988e7,4.4541551573924385e6,0.0,0.0,0.0,0.0
10620,1.6074100197973844e7,4.4551786044540405e6,0.0,0.0,0.0,0.0
10621,1.6084388300681055e7,4.456202051515643e6,0.0,0.0,0.0,0.0
10622,1.6094676403388266e7,4.457225498577245e6,0.0,0.0,0.0,0.0
10623,1.6104882635547634e7,4.458248945638847e6,0.0,0.0,0.0,0.0
10624,1.6115088867707001e7,4.459272392700449e6,0.0,0.0,0.0,0.0
10625,1.6125814435565673e7,4.45335486976205e6,0.0,0.0,0.0,0.0
10626,1.6136540003424346e7,4.447437346823652e6,0.0,0.0,0.0,0.0
10627,1.6146701650074977e7,4.441519823885255e6,0.0,0.0,0.0,0.0
10628,1.6156863296725608e7,4.435602300946856e6,0.0,0.0,0.0,0.0
10629,1.6164806279679075e7,4.429684778008457e6,0.0,0.0,0.0,0.0
10630,1.6172749262632541e7,4.42376725507006e6,0.0,0.0,0.0,0.0
10631,1.6172808919810101e7,4.417849732131662e6,0.0,0.0,0.0,0.0
10632,1.617286857698766e7,4.411932209193263e6,0.0,0.0,0.0,0.0
10633,1.6177978259719126e7,4.406014686254865e6,0.0,0.0,0.0,0.0
10634,1.6183087942450594e7,4.400097163316467e6,0.0,0.0,0.0,0.0
10635,1.618862992080313e7,4.394179640378069e6,0.0,0.0,0.0,0.0
10636,1.6194171899155665e7,4.3882621174396705e6,0.0,0.0,0.0,0.0
10637,1.6177682985901512e7,4.382344594501272e6,0.0,0.0,0.0,0.0
10638,1.6161194072647357e7,4.376427071562874e6,0.0,0.0,0.0,0.0
10639,1.6171729607025634e7,4.370509548624476e6,0.0,0.0,0.0,0.0
10640,1.618226514140391e7,4.364592025686078e6,0.0,0.0,0.0,0.0
10641,1.619235679246957e7,4.358983049648123e6,0.0,0.0,0.0,0.0
10642,1.6202448443535231e7,4.353374073610168e6,0.0,0.0,0.0,0.0
10643,1.6211807433677647e7,4.35439752067177e6,0.0,0.0,0.0,0.0
10644,1.6221166423820062e7,4.355420967733372e6,0.0,0.0,0.0,0.0
10645,1.6229764948603714e7,4.356444414794974e6,0.0,0.0,0.0,0.0
10646,1.6238363473387366e7,4.357467861856576e6,0.0,0.0,0.0,0.0
10647,1.6247322096693683e7,4.358491308918178e6,0.0,0.0,0.0,0.0
10648,1.625628072e7,4.35951475597978e6,0.0,0.0,0.0,0.0
10649,1.6246624260819694e7,4.354936125390993e6,0.0,0.0,0.0,0.0
10650,1.6236967801639387e7,4.350357494802208e6,0.0,0.0,0.0,0.0
10651,1.6246624260819694e7,4.34443997186381e6,0.0,0.0,0.0,0.0
10652,1.625628072e7,4.338522448925411e6,0.0,0.0,0.0,0.0
10653,1.622192218248814e7,4.332604925987013e6,0.0,0.0,0.0,0.0
10654,1.6187563644976277e7,4.326687403048615e6,0.0,0.0,0.0,0.0
10655,1.6151461397253647e7,4.320769880110217e6,0.0,0.0,0.0,0.0
10656,1.6115359149531016e7,4.314852357171819e6,0.0,0.0,0.0,0.0
10657,1.6120834458889708e7,4.30893483423342e6,0.0,0.0,0.0,0.0
10658,1.6126309768248402e7,4.303017311295022e6,0.0,0.0,0.0,0.0
10659,1.6090160270712947e7,4.297099788356625e6,0.0,0.0,0.0,0.0
10660,1.6054010773177493e7,4.291182265418226e6,0.0,0.0,0.0,0.0
10661,1.6018748412271516e7,4.286101325194882e6,0.0,0.0,0.0,0.0
10662,1.598348605136554e7,4.2810203849715395e6,0.0,0.0,0.0,0.0
10663,1.5992492040923834e7,4.275102862033142e6,0.0,0.0,0.0,0.0
10664,1.6001498030482128e7,4.269185339094743e6,0.0,0.0,0.0,0.0
10665,1.60112285322228e7,4.265511795034878e6,0.0,0.0,0.0,0.0
10666,1.602095903396347e7,4.261838250975014e6,0.0,0.0,0.0,0.0
10667,1.6030038435387652e7,4.262861698036616e6,0.0,0.0,0.0,0.0
10668,1.6039117836811835e7,4.263885145098218e6,0.0,0.0,0.0,0.0
10669,1.6047583694661476e7,4.26490859215982e6,0.0,0.0,0.0,0.0
10670,1.6056049552511116e7,4.265932039221422e6,0.0,0.0,0.0,0.0
10671,1.6064744457261696e7,4.266955486283024e6,0.0,0.0,0.0,0.0
10672,1.6073439362012278e7,4.267978933344626e6,0.0,0.0,0.0,0.0
10673,1.6083167138311317e7,4.263486396479337e6,0.0,0.0,0.0,0.0
10674,1.6092894914610356e7,4.258993859614047e6,0.0,0.0,0.0,0.0
10675,1.6102398373067651e7,4.2530763366756495e6,0.0,0.0,0.0,0.0
10676,1.6111901831524948e7,4.247158813737251e6,0.0,0.0,0.0,0.0
10677,1.61197779312374e7,4.241241290798852e6,0.0,0.0,0.0,0.0
10678,1.612765403094985e7,4.2353237678604545e6,0.0,0.0,0.0,0.0
10679,1.6093210474040024e7,4.229406244922057e6,0.0,0.0,0.0,0.0
10680,1.60587669171302e7,4.223488721983658e6,0.0,0.0,0.0,0.0
10681,1.603986287120184e7,4.2175711990452595e6,0.0,0.0,0.0,0.0
10682,1.6020958825273477e7,4.211653676106862e6,0.0,0.0,0.0,0.0
10683,1.5984936295505056e7,4.205736153168464e6,0.0,0.0,0.0,0.0
10684,1.5948913765736636e7,4.199818630230065e6,0.0,0.0,0.0,0.0
10685,1.591341201996751e7,4.1939011072916677e6,0.0,0.0,0.0,0.0
10686,1.5877910274198383e7,4.1879835843532695e6,0.0,0.0,0.0,0.0
10687,1.5885764377097689e7,4.1820660614148714e6,0.0,0.0,0.0,0.0
10688,1.5893618479996996e7,4.1761485384764737e6,0.0,0.0,0.0,0.0
10689,1.5901929364561927e7,4.171189410132732e6,0.0,0.0,0.0,0.0
10690,1.5910240249126857e7,4.16623028178899e6,0.0,0.0,0.0,0.0
10691,1.5918346901905682e7,4.167253728850592e6,0.0,0.0,0.0,0.0
10692,1.5926453554684505e7,4.168277175912194e6,0.0,0.0,0.0,0.0
10693,1.5934385243049774e7,4.169300622973796e6,0.0,0.0,0.0,0.0
10694,1.5942316931415046e7,4.170324070035398e6,0.0,0.0,0.0,0.0
10695,1.5950825511238834e7,4.171347517097e6,0.0,0.0,0.0,0.0
10696,1.5959334091062622e7,4.172370964158602e6,0.0,0.0,0.0,0.0
10697,1.5927867620536426e7,4.1674409196688375e6,0.0,0.0,0.0,0.0
10698,1.589640115001023e7,4.162510875179073e6,0.0,0.0,0.0,0.0
10699,1.5865601805271303e7,4.156593352240675e6,0.0,0.0,0.0,0.0
10700,1.5834802460532377e7,4.150675829302277e6,0.0,0.0,0.0,0.0
10701,1.5844208580774307e7,4.144758306363879e6,0.0,0.0,0.0,0.0
10702,1.5853614701016238e7,4.138840783425481e6,0.0,0.0,0.0,0.0
10703,1.5819214366660621e7,4.1329232604870833e6,0.0,0.0,0.0,0.0
10704,1.5784814032305004e7,4.127005737548685e6,0.0,0.0,0.0,0.0
10705,1.5791935925753444e7,4.121088214610287e6,0.0,0.0,0.0,0.0
10706,1.5799057819201885e7,4.1151706916718893e6,0.0,0.0,0.0,0.0
10707,1.5806965828495458e7,4.1092531687334916e6,0.0,0.0,0.0,0.0
10708,1.5814873837789033e7,4.1033356457950934e6,0.0,0.0,0.0,0.0
10709,1.5784185336362183e7,4.097418122856695e6,0.0,0.0,0.0,0.0
10710,1.5753496834935332e7,4.0915005999182975e6,0.0,0.0,0.0,0.0
10711,1.5754244552811727e7,4.0855830769799e6,0.0,0.0,0.0,0.0
10712,1.575499227068812e7,4.0796655540415016e6,0.0,0.0,0.0,0.0
10713,1.576692125277431e7,4.075378241401731e6,0.0,0.0,0.0,0.0
10714,1.5778850234860497e7,4.071090928761961e6,0.0,0.0,0.0,0.0
10715,1.579017138837817e7,4.072114375823563e6,0.0,0.0,0.0,0.0
10716,1.5801492541895842e7,4.073137822885165e6,0.0,0.0,0.0,0.0
10717,1.5812583101374056e7,4.074161269946767e6,0.0,0.0,0.0,0.0
10718,1.582367366085227e7,4.075184717008369e6,0.0,0.0,0.0,0.0
10719,1.5835022334784895e7,4.076208164069971e6,0.0,0.0,0.0,0.0
10720,1.584637100871752e7,4.077231611131573e6,0.0,0.0,0.0,0.0
10721,1.5858718067027844e7,4.074820141308064e6,0.0,0.0,0.0,0.0
10722,1.5871065125338169e7,4.072408671484555e6,0.0,0.0,0.0,0.0
10723,1.5882867629387554e7,4.0664911485461574e6,0.0,0.0,0.0,0.0
10724,1.5894670133436939e7,4.060573625607759e6,0.0,0.0,0.0,0.0
10725,1.5861984577944018e7,4.054656102669361e6,0.0,0.0,0.0,0.0
10726,1.5829299022451095e7,4.0487385797309633e6,0.0,0.0,0.0,0.0
10727,1.5836481014597215e7,4.0428210567925656e6,0.0,0.0,0.0,0.0
10728,1.5843663006743336e7,4.0369035338541674e6,0.0,0.0,0.0,0.0
10729,1.5830721622134224e7,4.0309860109157693e6,0.0,0.0,0.0,0.0
10730,1.5817780237525113e7,4.0250684879773716e6,0.0,0.0,0.0,0.0
10731,1.578323093273886e7,4.019150965038974e6,0.0,0.0,0.0,0.0
10732,1.5748681627952605e7,4.0132334421005757e6,0.0,0.0,0.0,0.0
10733,1.5717458347005736e7,4.0073159191621775e6,0.0,0.0,0.0,0.0
10734,1.5686235066058869e7,4.00139839622378e6,0.0,0.0,0.0,0.0
10735,1.5679884122983675e7,3.995480873285382e6,0.0,0.0,0.0,0.0
10736,1.5673533179908482e7,3.989563350346984e6,0.0,0.0,0.0,0.0
10737,1.5685590066773992e7,3.989756883558427e6,0.0,0.0,0.0,0.0
10738,1.5697646953639502e7,3.98995041676987e6,0.0,0.0,0.0,0.0
10739,1.5709420292285003e7,3.990973863831472e6,0.0,0.0,0.0,0.0
10740,1.5721193630930504e7,3.991997310893074e6,0.0,0.0,0.0,0.0
10741,1.5732634451537227e7,3.993020757954676e6,0.0,0.0,0.0,0.0
10742,1.574407527214395e7,3.994044205016278e6,0.0,0.0,0.0,0.0
10743,1.5755478309246575e7,3.99506765207788e6,0.0,0.0,0.0,0.0
10744,1.57668813463492e7,3.9960910991394822e6,0.0,0.0,0.0,0.0
10745,1.5737346642767098e7,3.9968464124034215e6,0.0,0.0,0.0,0.0
10746,1.5707811939184995e7,3.9976017256673607e6,0.0,0.0,0.0,0.0
10747,1.5677697639601003e7,3.9916842027289625e6,0.0,0.0,0.0,0.0
10748,1.5647583340017011e7,3.985766679790565e6,0.0,0.0,0.0,0.0
10749,1.5656742693537045e7,3.979849156852167e6,0.0,0.0,0.0,0.0
10750,1.566590204705708e7,3.973931633913769e6,0.0,0.0,0.0,0.0
10751,1.5673041008092934e7,3.9680141109753707e6,0.0,0.0,0.0,0.0
10752,1.568017996912879e7,3.962096588036973e6,0.0,0.0,0.0,0.0
10753,1.56452338502763e7,3.957749595237701e6,0.0,0.0,0.0,0.0
10754,1.5610287731423812e7,3.953402602438429e6,0.0,0.0,0.0,0.0
10755,1.5576118082744876e7,3.951878307331182e6,0.0,0.0,0.0,0.0
10756,1.554194843406594e7,3.9503540122239348e6,0.0,0.0,0.0,0.0
10757,1.5511127201230502e7,3.9509912961512352e6,0.0,0.0,0.0,0.0
10758,1.5480305968395064e7,3.9516285800785357e6,0.0,0.0,0.0,0.0
10759,1.545109798693972e7,3.9526520271401377e6,0.0,0.0,0.0,0.0
10760,1.542189000548438e7,3.9536754742017398e6,0.0,0.0,0.0,0.0
10761,1.5434281534671977e7,3.954698921263342e6,0.0,0.0,0.0,0.0
10762,1.5446673063859574e7,3.955722368324944e6,0.0,0.0,0.0,0.0
10763,1.5458639057987291e7,3.956745815386546e6,0.0,0.0,0.0,0.0
10764,1.5470605052115008e7,3.957769262448148e6,0.0,0.0,0.0,0.0
10765,1.5482190268473592e7,3.95879270950975e6,0.0,0.0,0.0,0.0
10766,1.5493775484832175e7,3.959816156571352e6,0.0,0.0,0.0,0.0
10767,1.5494830599477064e7,3.960839603632954e6,0.0,0.0,0.0,0.0
10768,1.549588571412195e7,3.961863050694556e6,0.0,0.0,0.0,0.0
10769,1.5466280696112882e7,3.962886497756158e6,0.0,0.0,0.0,0.0
10770,1.5436675678103814e7,3.96390994481776e6,0.0,0.0,0.0,0.0
10771,1.5406427575698093e7,3.962493555762398e6,0.0,0.0,0.0,0.0
10772,1.5376179473292371e7,3.961077166707036e6,0.0,0.0,0.0,0.0
10773,1.5343338282765087e7,3.9551596437686384e6,0.0,0.0,0.0,0.0
10774,1.5310497092237802e7,3.94924212083024e6,0.0,0.0,0.0,0.0
10775,1.5275956900962828e7,3.9468962812743126e6,0.0,0.0,0.0,0.0
10776,1.5241416709687853e7,3.944550441718385e6,0.0,0.0,0.0,0.0
10777,1.5217488026886664e7,3.94138322093104e6,0.0,0.0,0.0,0.0
10778,1.5193559344085474e7,3.9382160001436947e6,0.0,0.0,0.0,0.0
10779,1.5172585835074302e7,3.936991826569329e6,0.0,0.0,0.0,0.0
10780,1.5151612326063128e7,3.9357676529949633e6,0.0,0.0,0.0,0.0
10781,1.5120400030661853e7,3.9370104101411942e6,0.0,0.0,0.0,0.0
10782,1.5089187735260578e7,3.938253167287425e6,0.0,0.0,0.0,0.0
10783,1.5096789729102727e7,3.93800746552141e6,0.0,0.0,0.0,0.0
10784,1.5104391722944876e7,3.937761763755395e6,0.0,0.0,0.0,0.0
10785,1.5116004398971878e7,3.939004520901626e6,0.0,0.0,0.0,0.0
10786,1.5127617074998882e7,3.940247278047857e6,0.0,0.0,0.0,0.0
10787,1.5138360364343487e7,3.941490035194088e6,0.0,0.0,0.0,0.0
10788,1.514910365368809e7,3.9427327923403187e6,0.0,0.0,0.0,0.0
10789,1.5159494114006942e7,3.9439755494865496e6,0.0,0.0,0.0,0.0
10790,1.5169884574325794e7,3.9452183066327805e6,0.0,0.0,0.0,0.0
10791,1.5180223479457293e7,3.9464610637790114e6,0.0,0.0,0.0,0.0
10792,1.519056238458879e7,3.9477038209252423e6,0.0,0.0,0.0,0.0
10793,1.515985525295433e7,3.948946578071473e6,0.0,0.0,0.0,0.0
10794,1.512914812131987e7,3.950189335217704e6,0.0,0.0,0.0,0.0
10795,1.5139707785826948e7,3.9485998448961843e6,0.0,0.0,0.0,0.0
10796,1.5150267450334024e7,3.947010354574665e6,0.0,0.0,0.0,0.0
10797,1.5158517177434806e7,3.9413121417208957e6,0.0,0.0,0.0,0.0
10798,1.5166766904535586e7,3.935613928867127e6,0.0,0.0,0.0,0.0
10799,1.5173473422485504e7,3.931246196607493e6,0.0,0.0,0.0,0.0
10800,1.5180179940435424e7,3.9268784643478594e6,0.0,0.0,0.0,0.0
10801,1.5186599215711828e7,3.925208903571753e6,0.0,0.0,0.0,0.0
10802,1.519301849098823e7,3.923539342795646e6,0.0,0.0,0.0,0.0
10803,1.5158212839211281e7,3.9247820999418767e6,0.0,0.0,0.0,0.0
10804,1.5123407187434334e7,3.9260248570881076e6,0.0,0.0,0.0,0.0
10805,1.5092010026359074e7,3.9272676142343385e6,0.0,0.0,0.0,0.0
10806,1.5060612865283811e7,3.9285103713805694e6,0.0,0.0,0.0,0.0
10807,1.5042687524410218e7,3.9297531285268003e6,0.0,0.0,0.0,0.0
10808,1.5024762183536626e7,3.930995885673031e6,0.0,0.0,0.0,0.0
10809,1.5036448842183791e7,3.932238642819262e6,0.0,0.0,0.0,0.0
10810,1.5048135500830956e7,3.933481399965493e6,0.0,0.0,0.0,0.0
10811,1.505860442831019e7,3.934724157111724e6,0.0,0.0,0.0,0.0
10812,1.5069073355789421e7,3.935966914257955e6,0.0,0.0,0.0,0.0
10813,1.5078897252270062e7,3.9372096714041857e6,0.0,0.0,0.0,0.0
10814,1.5088721148750704e7,3.9384524285504166e6,0.0,0.0,0.0,0.0
10815,1.50940221205954e7,3.9396951856966475e6,0.0,0.0,0.0,0.0
10816,1.5099323092440093e7,3.9409379428428784e6,0.0,0.0,0.0,0.0
10817,1.5068442322326604e7,3.9421806999891093e6,0.0,0.0,0.0,0.0
10818,1.5037561552213117e7,3.94342345713534e6,0.0,0.0,0.0,0.0
10819,1.500608231336458e7,3.944666214281571e6,0.0,0.0,0.0,0.0
10820,1.4974603074516041e7,3.945908971427802e6,0.0,0.0,0.0,0.0
10821,1.4941627703643478e7,3.9420766470730472e6,0.0,0.0,0.0,0.0
10822,1.4908652332770918e7,3.938244322718292e6,0.0,0.0,0.0,0.0
10823,1.4873883153235769e7,3.938559630778202e6,0.0,0.0,0.0,0.0
10824,1.483911397370062e7,3.938874938838112e6,0.0,0.0,0.0,0.0
10825,1.4803525057386966e7,3.940117695984343e6,0.0,0.0,0.0,0.0
10826,1.4767936141073313e7,3.941360453130574e6,0.0,0.0,0.0,0.0
10827,1.4732546107910946e7,3.942603210276805e6,0.0,0.0,0.0,0.0
10828,1.4697156074748581e7,3.9438459674230358e6,0.0,0.0,0.0,0.0
10829,1.4678253407068022e7,3.9450887245692667e6,0.0,0.0,0.0,0.0
10830,1.4659350739387464e7,3.9463314817154976e6,0.0,0.0,0.0,0.0
10831,1.4632547885165434e7,3.9475742388617285e6,0.0,0.0,0.0,0.0
10832,1.4605745030943407e7,3.9488169960079594e6,0.0,0.0,0.0,0.0
10833,1.461510914054656e7,3.9500597531541903e6,0.0,0.0,0.0,0.0
10834,1.4624473250149714e7,3.951302510300421e6,0.0,0.0,0.0,0.0
10835,1.463319129483737e7,3.952545267446652e6,0.0,0.0,0.0,0.0
10836,1.4641909339525025e7,3.953788024592883e6,0.0,0.0,0.0,0.0
10837,1.4649945575410381e7,3.955030781739114e6,0.0,0.0,0.0,0.0
10838,1.4657981811295735e7,3.9562735388853448e6,0.0,0.0,0.0,0.0
10839,1.4666314414001366e7,3.9575162960315756e6,0.0,0.0,0.0,0.0
10840,1.4674647016706998e7,3.9587590531778065e6,0.0,0.0,0.0,0.0
10841,1.4667775463453751e7,3.9600018103240374e6,0.0,0.0,0.0,0.0
10842,1.4660903910200505e7,3.9612445674702683e6,0.0,0.0,0.0,0.0
10843,1.4670536982874885e7,3.9555463546164995e6,0.0,0.0,0.0,0.0
10844,1.4680170055549268e7,3.94984814176273e6,0.0,0.0,0.0,0.0
10845,1.4688157122193772e7,3.944149928908961e6,0.0,0.0,0.0,0.0
10846,1.4696144188838279e7,3.938451716055192e6,0.0,0.0,0.0,0.0
10847,1.4660902530204182e7,3.932753503201423e6,0.0,0.0,0.0,0.0
10848,1.4625660871570086e7,3.927055290347654e6,0.0,0.0,0.0,0.0
10849,1.4589885534843005e7,3.9239924516592505e6,0.0,0.0,0.0,0.0
10850,1.4554110198115923e7,3.920929612970847e6,0.0,0.0,0.0,0.0
10851,1.4518525608054847e7,3.922172370117078e6,0.0,0.0,0.0,0.0
10852,1.448294101799377e7,3.923415127263309e6,0.0,0.0,0.0,0.0
10853,1.4447987410280742e7,3.92465788440954e6,0.0,0.0,0.0,0.0
10854,1.4413033802567711e7,3.9259006415557708e6,0.0,0.0,0.0,0.0
10855,1.4421325899821198e7,3.9271433987020017e6,0.0,0.0,0.0,0.0
10856,1.4429617997074684e7,3.9283861558482326e6,0.0,0.0,0.0,0.0
10857,1.443881306931763e7,3.9296289129944635e6,0.0,0.0,0.0,0.0
10858,1.4448008141560575e7,3.9308716701406944e6,0.0,0.0,0.0,0.0
10859,1.4456635940524079e7,3.9321144272869253e6,0.0,0.0,0.0,0.0
10860,1.4465263739487583e7,3.933357184433156e6,0.0,0.0,0.0,0.0
10861,1.447359976027295e7,3.934599941579387e6,0.0,0.0,0.0,0.0
10862,1.4481935781058319e7,3.935842698725618e6,0.0,0.0,0.0,0.0
10863,1.4490580354274906e7,3.937085455871849e6,0.0,0.0,0.0,0.0
10864,1.4499224927491495e7,3.9383282130180798e6,0.0,0.0,0.0,0.0
10865,1.4497497319826208e7,3.937969099903768e6,0.0,0.0,0.0,0.0
10866,1.449576971216092e7,3.9376099867894566e6,0.0,0.0,0.0,0.0
10867,1.4464152088470057e7,3.9319117739356877e6,0.0,0.0,0.0,0.0
10868,1.4432534464779194e7,3.9262135610819184e6,0.0,0.0,0.0,0.0
10869,1.4440843212982344e7,3.920515348228149e6,0.0,0.0,0.0,0.0
10870,1.4449151961185493e7,3.9148171353743803e6,0.0,0.0,0.0,0.0
10871,1.4455898282303657e7,3.911121496808331e6,0.0,0.0,0.0,0.0
10872,1.4462644603421822e7,3.9074258582422817e6,0.0,0.0,0.0,0.0
10873,1.4469347412635816e7,3.9041278988264296e6,0.0,0.0,0.0,0.0
10874,1.447605022184981e7,3.900829939410578e6,0.0,0.0,0.0,0.0
10875,1.4441680468635e7,3.897294513075323e6,0.0,0.0,0.0,0.0
10876,1.4407310715420192e7,3.893759086740068e6,0.0,0.0,0.0,0.0
10877,1.4418036769485377e7,3.895001843886299e6,0.0,0.0,0.0,0.0
10878,1.442876282355056e7,3.89624460103253e6,0.0,0.0,0.0,0.0
10879,1.4414553412550982e7,3.8933584472559113e6,0.0,0.0,0.0,0.0
10880,1.4400344001551405e7,3.890472293479292e6,0.0,0.0,0.0,0.0
10881,1.4412374687878162e7,3.891715050625523e6,0.0,0.0,0.0,0.0
10882,1.442440537420492e7,3.892957807771754e6,0.0,0.0,0.0,0.0
10883,1.4435737746132512e7,3.894200564917985e6,0.0,0.0,0.0,0.0
10884,1.4447070118060105e7,3.895443322064216e6,0.0,0.0,0.0,0.0
10885,1.4458156626074277e7,3.8966860792104467e6,0.0,0.0,0.0,0.0
10886,1.446924313408845e7,3.8979288363566776e6,0.0,0.0,0.0,0.0
10887,1.4480493456666486e7,3.8991715935029085e6,0.0,0.0,0.0,0.0
10888,1.4491743779244523e7,3.9004143506491394e6,0.0,0.0,0.0,0.0
10889,1.4504263456169575e7,3.8978033784964345e6,0.0,0.0,0.0,0.0
10890,1.4516783133094627e7,3.89519240634373e6,0.0,0.0,0.0,0.0
10891,1.4486923770195752e7,3.8894941934899613e6,0.0,0.0,0.0,0.0
10892,1.4457064407296875e7,3.883795980636192e6,0.0,0.0,0.0,0.0
10893,1.442470633288094e7,3.8780977677824227e6,0.0,0.0,0.0,0.0
10894,1.4392348258465007e7,3.872399554928654e6,0.0,0.0,0.0,0.0
10895,1.4400230790260255e7,3.866701342074885e6,0.0,0.0,0.0,0.0
10896,1.4408113322055504e7,3.8610031292211157e6,0.0,0.0,0.0,0.0
10897,1.4373686955376098e7,3.8553049163673464e6,0.0,0.0,0.0,0.0
10898,1.4339260588696692e7,3.8496067035135776e6,0.0,0.0,0.0,0.0
10899,1.43472812563266e7,3.8439084906598087e6,0.0,0.0,0.0,0.0
10900,1.4355301923956508e7,3.8382102778060394e6,0.0,0.0,0.0,0.0
10901,1.4324825025537752e7,3.8394530349522703e6,0.0,0.0,0.0,0.0
10902,1.4294348127118994e7,3.840695792098501e6,0.0,0.0,0.0,0.0
10903,1.4275753007909002e7,3.841938549244732e6,0.0,0.0,0.0,0.0
10904,1.425715788869901e7,3.843181306390963e6,0.0,0.0,0.0,0.0
10905,1.426925263843387e7,3.844424063537194e6,0.0,0.0,0.0,0.0
10906,1.428134738816873e7,3.845666820683425e6,0.0,0.0,0.0,0.0
10907,1.4292601811377116e7,3.8469095778296557e6,0.0,0.0,0.0,0.0
10908,1.43038562345855e7,3.8481523349758866e6,0.0,0.0,0.0,0.0
10909,1.4314559150609288e7,3.8493950921221175e6,0.0,0.0,0.0,0.0
10910,1.432526206663308e7,3.8506378492683484e6,0.0,0.0,0.0,0.0
10911,1.4335654715184644e7,3.8518806064145793e6,0.0,0.0,0.0,0.0
10912,1.4346047363736207e7,3.85312336356081e6,0.0,0.0,0.0,0.0
10913,1.4357548253765514e7,3.854366120707041e6,0.0,0.0,0.0,0.0
10914,1.4369049143794822e7,3.855608877853272e6,0.0,0.0,0.0,0.0
10915,1.437990095988067e7,3.8499106649995027e6,0.0,0.0,0.0,0.0
10916,1.439075277596652e7,3.844212452145734e6,0.0,0.0,0.0,0.0
10917,1.4399065162050921e7,3.838514239291965e6,0.0,0.0,0.0,0.0
10918,1.4407377548135322e7,3.8328160264381957e6,0.0,0.0,0.0,0.0
10919,1.4413961267874759e7,3.8271178135844264e6,0.0,0.0,0.0,0.0
10920,1.4420544987614196e7,3.8214196007306576e6,0.0,0.0,0.0,0.0
10921,1.4395843371461153e7,3.8157213878768887e6,0.0,0.0,0.0,0.0
10922,1.4371141755308108e7,3.8100231750231194e6,0.0,0.0,0.0,0.0
10923,1.4336487938929092e7,3.80432496216935e6,0.0,0.0,0.0,0.0
10924,1.4301834122550076e7,3.7986267493155813e6,0.0,0.0,0.0,0.0
10925,1.4270568873413572e7,3.7929285364618124e6,0.0,0.0,0.0,0.0
10926,1.4239303624277068e7,3.787230323608043e6,0.0,0.0,0.0,0.0
10927,1.4235099279041644e7,3.781532110754274e6,0.0,0.0,0.0,0.0
10928,1.423089493380622e7,3.775833897900505e6,0.0,0.0,0.0,0.0
10929,1.4242399852893062e7,3.7737971993355276e6,0.0,0.0,0.0,0.0
10930,1.4253904771979906e7,3.77176050077055e6,0.0,0.0,0.0,0.0
10931,1.4264756666994866e7,3.7729051766283344e6,0.0,0.0,0.0,0.0
10932,1.4275608562009824e7,3.7740498524861187e6,0.0,0.0,0.0,0.0
10933,1.4286126235558832e7,3.7752926096323496e6,0.0,0.0,0.0,0.0
10934,1.429664390910784e7,3.7765353667785805e6,0.0,0.0,0.0,0.0
10935,1.4307123196910948e7,3.7777781239248114e6,0.0,0.0,0.0,0.0
10936,1.4317602484714055e7,3.7790208810710423e6,0.0,0.0,0.0,0.0
10937,1.4316583397837121e7,3.780263638217273e6,0.0,0.0,0.0,0.0
10938,1.4315564310960185e7,3.781506395363504e6,0.0,0.0,0.0,0.0
10939,1.4284593571515013e7,3.775808182509735e6,0.0,0.0,0.0,0.0
10940,1.425362283206984e7,3.770109969655966e6,0.0,0.0,0.0,0.0
10941,1.4220198293764006e7,3.7644117568021966e6,0.0,0.0,0.0,0.0
10942,1.4186773755458174e7,3.758713543948428e6,0.0,0.0,0.0,0.0
10943,1.4151585742785294e7,3.753015331094659e6,0.0,0.0,0.0,0.0
10944,1.4116397730112413e7,3.7473171182408896e6,0.0,0.0,0.0,0.0
10945,1.4081253560771592e7,3.7418950736418385e6,0.0,0.0,0.0,0.0
10946,1.4046109391430771e7,3.736473029042788e6,0.0,0.0,0.0,0.0
10947,1.4052801903321715e7,3.731050984443737e6,0.0,0.0,0.0,0.0
10948,1.405949441521266e7,3.725628939844686e6,0.0,0.0,0.0,0.0
10949,1.4028064205292558e7,3.720206895245635e6,0.0,0.0,0.0,0.0
10950,1.3996633995372457e7,3.7147848506465843e6,0.0,0.0,0.0,0.0
10951,1.4008771586405182e7,3.7093628060475336e6,0.0,0.0,0.0,0.0
10952,1.4020909177437907e7,3.7039407614484825e6,0.0,0.0,0.0,0.0
10953,1.4032399132991284e7,3.698984326826566e6,0.0,0.0,0.0,0.0
10954,1.4043889088544663e7,3.6940278922046497e6,0.0,0.0,0.0,0.0
10955,1.4054652011853818e7,3.6888570049953433e6,0.0,0.0,0.0,0.0
10956,1.4065414935162973e7,3.6836861177860363e6,0.0,0.0,0.0,0.0
10957,1.407560355300451e7,3.6852050431869854e6,0.0,0.0,0.0,0.0
10958,1.4085792170846049e7,3.6867239685879345e6,0.0,0.0,0.0,0.0
10959,1.4096210990574393e7,3.6882428939888836e6,0.0,0.0,0.0,0.0
10960,1.4106629810302738e7,3.6897618193898327e6,0.0,0.0,0.0,0.0
10961,1.4076488679794494e7,3.6843397747907816e6,0.0,0.0,0.0,0.0
10962,1.404634754928625e7,3.678917730191731e6,0.0,0.0,0.0,0.0
10963,1.4015211654120103e7,3.6734956855926802e6,0.0,0.0,0.0,0.0
10964,1.3984075758953957e7,3.668073640993629e6,0.0,0.0,0.0,0.0
10965,1.3950404239252172e7,3.662651596394578e6,0.0,0.0,0.0,0.0
10966,1.3916732719550388e7,3.6572295517955273e6,0.0,0.0,0.0,0.0
10967,1.3881510046788024e7,3.6518075071964767e6,0.0,0.0,0.0,0.0
10968,1.384628737402566e7,3.6463854625974256e6,0.0,0.0,0.0,0.0
10969,1.3810553897464726e7,3.6409634179983744e6,0.0,0.0,0.0,0.0
10970,1.3774820420903793e7,3.635541373399324e6,0.0,0.0,0.0,0.0
10971,1.3762454143406775e7,3.630119328800273e6,0.0,0.0,0.0,0.0
10972,1.3750087865909757e7,3.624697284201222e6,0.0,0.0,0.0,0.0
10973,1.3718749217169717e7,3.619275239602171e6,0.0,0.0,0.0,0.0
10974,1.3687410568429679e7,3.61385319500312e6,0.0,0.0,0.0,0.0
10975,1.3675715473191712e7,3.6084311504040696e6,0.0,0.0,0.0,0.0
10976,1.3664020377953744e7,3.6030091058050185e6,0.0,0.0,0.0,0.0
10977,1.3675450212100841e7,3.5975870612059673e6,0.0,0.0,0.0,0.0
10978,1.3686880046247937e7,3.5921650166069167e6,0.0,0.0,0.0,0.0
10979,1.3697315118050722e7,3.5936839420078658e6,0.0,0.0,0.0,0.0
10980,1.3707750189853508e7,3.595202867408815e6,0.0,0.0,0.0,0.0
10981,1.3717453090205103e7,3.5938568132548193e6,0.0,0.0,0.0,0.0
10982,1.37271559905567e7,3.592510759100823e6,0.0,0.0,0.0,0.0
10983,1.3737130518468e7,3.58747056089836e6,0.0,0.0,0.0,0.0
10984,1.3747105046379298e7,3.582430362695897e6,0.0,0.0,0.0,0.0
10985,1.3716583021692296e7,3.5770083180968463e6,0.0,0.0,0.0,0.0
10986,1.3686060997005295e7,3.571586273497795e6,0.0,0.0,0.0,0.0
10987,1.3654753782076143e7,3.566164228898744e6,0.0,0.0,0.0,0.0
10988,1.3623446567146989e7,3.5607421842996934e6,0.0,0.0,0.0,0.0
10989,1.3590647230638005e7,3.555320139700643e6,0.0,0.0,0.0,0.0
10990,1.3557847894129023e7,3.5498980951015917e6,0.0,0.0,0.0,0.0
10991,1.352376340779672e7,3.5444760505025405e6,0.0,0.0,0.0,0.0
10992,1.3489678921464417e7,3.53905400590349e6,0.0,0.0,0.0,0.0
10993,1.3455170243142825e7,3.533631961304439e6,0.0,0.0,0.0,0.0
10994,1.342066156482123e7,3.528209916705388e6,0.0,0.0,0.0,0.0
10995,1.3386655390484592e7,3.522787872106337e6,0.0,0.0,0.0,0.0
10996,1.3352649216147954e7,3.5173658275072863e6,0.0,0.0,0.0,0.0
10997,1.3320000743486056e7,3.5119437829082357e6,0.0,0.0,0.0,0.0
10998,1.3287352270824159e7,3.5065217383091846e6,0.0,0.0,0.0,0.0
10999,1.3256537396388834e7,3.5010996937101334e6,0.0,0.0,0.0,0.0
11000,1.322572252195351e7,3.495677649111083e6,0.0,0.0,0.0,0.0
11001,1.3237438946227813e7,3.490255604512032e6,0.0,0.0,0.0,0.0
11002,1.3249155370502116e7,3.484833559912981e6,0.0,0.0,0.0,0.0
11003,1.326063576492745e7,3.4819153839139985e6,0.0,0.0,0.0,0.0
11004,1.3272116159352783e7,3.4789972079150164e6,0.0,0.0,0.0,0.0
11005,1.3282966023782311e7,3.47662288680372e6,0.0,0.0,0.0,0.0
11006,1.3293815888211839e7,3.4742485656924234e6,0.0,0.0,0.0,0.0
11007,1.3279088134943247e7,3.4688265210933723e6,0.0,0.0,0.0,0.0
11008,1.3264360381674655e7,3.4634044764943216e6,0.0,0.0,0.0,0.0
11009,1.32351228522178e7,3.457982431895271e6,0.0,0.0,0.0,0.0
11010,1.3205885322760949e7,3.45256038729622e6,0.0,0.0,0.0,0.0
11011,1.3175605959555248e7,3.4471383426971687e6,0.0,0.0,0.0,0.0
11012,1.3145326596349547e7,3.441716298098118e6,0.0,0.0,0.0,0.0
11013,1.3113503275145076e7,3.4362942534990674e6,0.0,0.0,0.0,0.0
11014,1.3081679953940608e7,3.4308722089000163e6,0.0,0.0,0.0,0.0
11015,1.3048641233230058e7,3.425450164300965e6,0.0,0.0,0.0,0.0
11016,1.3015602512519507e7,3.4200281197019145e6,0.0,0.0,0.0,0.0
11017,1.2982042739973437e7,3.414606075102864e6,0.0,0.0,0.0,0.0
11018,1.294848296742737e7,3.4091840305038127e6,0.0,0.0,0.0,0.0
11019,1.291503746028741e7,3.4037619859047616e6,0.0,0.0,0.0,0.0
11020,1.288159195314745e7,3.398339941305711e6,0.0,0.0,0.0,0.0
11021,1.2848747108090535e7,3.3969848045577803e6,0.0,0.0,0.0,0.0
11022,1.281590226303362e7,3.3956296678098496e6,0.0,0.0,0.0,0.0
11023,1.2787877031907737e7,3.395546779529093e6,0.0,0.0,0.0,0.0
11024,1.2759851800781853e7,3.395463891248336e6,0.0,0.0,0.0,0.0
11025,1.2771028388615336e7,3.396982816649285e6,0.0,0.0,0.0,0.0
11026,1.2782204976448817e7,3.398501742050234e6,0.0,0.0,0.0,0.0
11027,1.2793180162051324e7,3.4000206674511833e6,0.0,0.0,0.0,0.0
11028,1.2804155347653832e7,3.4015395928521324e6,0.0,0.0,0.0,0.0
11029,1.2814750569964852e7,3.4030585182530815e6,0.0,0.0,0.0,0.0
11030,1.2825345792275872e7,3.4045774436540306e6,0.0,0.0,0.0,0.0
11031,1.2836325642221536e7,3.4060963690549796e6,0.0,0.0,0.0,0.0
11032,1.28473054921672e7,3.4076152944559287e6,0.0,0.0,0.0,0.0
11033,1.2817976453792127e7,3.409134219856878e6,0.0,0.0,0.0,0.0
11034,1.2788647415417053e7,3.410653145257827e6,0.0,0.0,0.0,0.0
11035,1.2772617432417125e7,3.412172070658776e6,0.0,0.0,0.0,0.0
11036,1.2756587449417194e7,3.413690996059725e6,0.0,0.0,0.0,0.0
11037,1.2725346143087558e7,3.415209921460674e6,0.0,0.0,0.0,0.0
11038,1.269410483675792e7,3.416728846861623e6,0.0,0.0,0.0,0.0
11039,1.2661242439445112e7,3.4182477722625723e6,0.0,0.0,0.0,0.0
11040,1.2628380042132303e7,3.4197666976635214e6,0.0,0.0,0.0,0.0
11041,1.2595038091494668e7,3.4212856230644705e6,0.0,0.0,0.0,0.0
11042,1.2561696140857033e7,3.4228045484654196e6,0.0,0.0,0.0,0.0
11043,1.2550119858890584e7,3.4243234738663686e6,0.0,0.0,0.0,0.0
11044,1.2538543576924134e7,3.4258423992673177e6,0.0,0.0,0.0,0.0
11045,1.250912620730044e7,3.427361324668267e6,0.0,0.0,0.0,0.0
11046,1.2479708837676743e7,3.428880250069216e6,0.0,0.0,0.0,0.0
11047,1.2458130683153173e7,3.430399175470165e6,0.0,0.0,0.0,0.0
11048,1.2436552528629603e7,3.431918100871114e6,0.0,0.0,0.0,0.0
11049,1.2450429701981151e7,3.433437026272063e6,0.0,0.0,0.0,0.0
11050,1.24643068753327e7,3.434955951673012e6,0.0,0.0,0.0,0.0
11051,1.2477506291691456e7,3.4364748770739613e6,0.0,0.0,0.0,0.0
11052,1.2490705708050212e7,3.4379938024749104e6,0.0,0.0,0.0,0.0
11053,1.2503584737108445e7,3.4395127278758595e6,0.0,0.0,0.0,0.0
11054,1.2516463766166678e7,3.4410316532768086e6,0.0,0.0,0.0,0.0
11055,1.2529454118524846e7,3.4425505786777576e6,0.0,0.0,0.0,0.0
11056,1.2542444470883014e7,3.4440695040787067e6,0.0,0.0,0.0,0.0
11057,1.2556451800845712e7,3.445588429479656e6,0.0,0.0,0.0,0.0
11058,1.2570459130808413e7,3.447107354880605e6,0.0,0.0,0.0,0.0
11059,1.2583009460325178e7,3.448626280281554e6,0.0,0.0,0.0,0.0
11060,1.259555978984194e7,3.450145205682503e6,0.0,0.0,0.0,0.0
11061,1.260578894132704e7,3.451664131083452e6,0.0,0.0,0.0,0.0
11062,1.2616018092812138e7,3.453183056484401e6,0.0,0.0,0.0,0.0
11063,1.2623881185767604e7,3.4547019818853503e6,0.0,0.0,0.0,0.0
11064,1.263174427872307e7,3.4562209072862994e6,0.0,0.0,0.0,0.0
11065,1.2635244697046392e7,3.4577398326872485e6,0.0,0.0,0.0,0.0
11066,1.2638745115369713e7,3.4592587580881976e6,0.0,0.0,0.0,0.0
11067,1.2646530395953756e7,3.4607776834891466e6,0.0,0.0,0.0,0.0
11068,1.26543156765378e7,3.4622966088900957e6,0.0,0.0,0.0,0.0
11069,1.2666171786927989e7,3.463815534291045e6,0.0,0.0,0.0,0.0
11070,1.2678027897318177e7,3.465334459691994e6,0.0,0.0,0.0,0.0
11071,1.2690956221175317e7,3.466853385092943e6,0.0,0.0,0.0,0.0
11072,1.2703884545032455e7,3.468372310493892e6,0.0,0.0,0.0,0.0
11073,1.271630314617201e7,3.469891235894841e6,0.0,0.0,0.0,0.0
11074,1.2728721747311564e7,3.47141016129579e6,0.0,0.0,0.0,0.0
11075,1.2740275346340183e7,3.4729290866967393e6,0.0,0.0,0.0,0.0
11076,1.2751828945368804e7,3.4744480120976884e6,0.0,0.0,0.0,0.0
11077,1.2762940840753252e7,3.4759669374986375e6,0.0,0.0,0.0,0.0
11078,1.27740527361377e7,3.4774858628995866e6,0.0,0.0,0.0,0.0
11079,1.2785511501826268e7,3.4790047883005356e6,0.0,0.0,0.0,0.0
11080,1.2796970267514838e7,3.4805237137014847e6,0.0,0.0,0.0,0.0
11081,1.2809405935110483e7,3.482042639102434e6,0.0,0.0,0.0,0.0
11082,1.2821841602706129e7,3.483561564503383e6,0.0,0.0,0.0,0.0
11083,1.2832924777347565e7,3.485080489904332e6,0.0,0.0,0.0,0.0
11084,1.2844007951988999e7,3.486599415305281e6,0.0,0.0,0.0,0.0
11085,1.285270528176717e7,3.48811834070623e6,0.0,0.0,0.0,0.0
11086,1.2861402611545345e7,3.489637266107179e6,0.0,0.0,0.0,0.0
11087,1.2868175779575357e7,3.4911561915081283e6,0.0,0.0,0.0,0.0
11088,1.287494894760537e7,3.4926751169090774e6,0.0,0.0,0.0,0.0
11089,1.2873064406457052e7,3.4899949329882623e6,0.0,0.0,0.0,0.0
11090,1.2871179865308734e7,3.487314749067447e6,0.0,0.0,0.0,0.0
11091,1.2866792260402001e7,3.486373932593159e6,0.0,0.0,0.0,0.0
11092,1.286240465549527e7,3.4854331161188707e6,0.0,0.0,0.0,0.0
11093,1.2834198578425046e7,3.485804601618967e6,0.0,0.0,0.0,0.0
11094,1.2805992501354825e7,3.486176087119063e6,0.0,0.0,0.0,0.0
11095,1.2793823805892028e7,3.486237016095925e6,0.0,0.0,0.0,0.0
11096,1.2781655110429233e7,3.486297945072787e6,0.0,0.0,0.0,0.0
11097,1.279344856152125e7,3.487816870473736e6,0.0,0.0,0.0,0.0
11098,1.2805242012613267e7,3.489335795874685e6,0.0,0.0,0.0,0.0
11099,1.2816589193079127e7,3.490854721275634e6,0.0,0.0,0.0,0.0
11100,1.2827936373544987e7,3.492373646676583e6,0.0,0.0,0.0,0.0
11101,1.2839271460172813e7,3.4938925720775323e6,0.0,0.0,0.0,0.0
11102,1.2850606546800641e7,3.4954114974784814e6,0.0,0.0,0.0,0.0
11103,1.2855412943620106e7,3.4969304228794305e6,0.0,0.0,0.0,0.0
11104,1.2860219340439571e7,3.4984493482803795e6,0.0,0.0,0.0,0.0
11105,1.2831267969198123e7,3.4999682736813286e6,0.0,0.0,0.0,0.0
11106,1.2802316597956674e7,3.5014871990822777e6,0.0,0.0,0.0,0.0
11107,1.2772217706832208e7,3.496065154483227e6,0.0,0.0,0.0,0.0
11108,1.274211881570774e7,3.490643109884176e6,0.0,0.0,0.0,0.0
11109,1.2709766012911562e7,3.485221065285125e6,0.0,0.0,0.0,0.0
11110,1.2677413210115382e7,3.479799020686074e6,0.0,0.0,0.0,0.0
11111,1.2642975059743024e7,3.4743769760870235e6,0.0,0.0,0.0,0.0
11112,1.2608536909370666e7,3.4689549314879724e6,0.0,0.0,0.0,0.0
11113,1.2574057088374492e7,3.4634976889741044e6,0.0,0.0,0.0,0.0
11114,1.2539577267378319e7,3.4580404464602363e6,0.0,0.0,0.0,0.0
11115,1.2505647636831462e7,3.4525832039463683e6,0.0,0.0,0.0,0.0
11116,1.2471718006284608e7,3.4471259614325003e6,0.0,0.0,0.0,0.0
11117,1.2441875968142144e7,3.4416687189186323e6,0.0,0.0,0.0,0.0
11118,1.2412033929999683e7,3.436211476404764e6,0.0,0.0,0.0,0.0
11119,1.2384076815635856e7,3.430754233890896e6,0.0,0.0,0.0,0.0
11120,1.2356119701272031e7,3.425296991377028e6,0.0,0.0,0.0,0.0
11121,1.2347819212874416e7,3.422530826905326e6,0.0,0.0,0.0,0.0
11122,1.23395187244768e7,3.4197646624336233e6,0.0,0.0,0.0,0.0
11123,1.2352463602247715e7,3.421248389919755e6,0.0,0.0,0.0,0.0
11124,1.2365408480018629e7,3.422732117405887e6,0.0,0.0,0.0,0.0
11125,1.2378382691051845e7,3.4242158448920194e6,0.0,0.0,0.0,0.0
11126,1.2391356902085062e7,3.425699572378151e6,0.0,0.0,0.0,0.0
11127,1.2362971875620767e7,3.427183299864283e6,0.0,0.0,0.0,0.0
11128,1.2334586849156475e7,3.428667027350415e6,0.0,0.0,0.0,0.0
11129,1.230758987310763e7,3.4239771802912382e6,0.0,0.0,0.0,0.0
11130,1.2280592897058785e7,3.419287333232062e6,0.0,0.0,0.0,0.0
11131,1.2252157083231894e7,3.413830090718194e6,0.0,0.0,0.0,0.0
11132,1.2223721269405004e7,3.408372848204326e6,0.0,0.0,0.0,0.0
11133,1.2193028959014561e7,3.402915605690458e6,0.0,0.0,0.0,0.0
11134,1.2162336648624117e7,3.39745836317659e6,0.0,0.0,0.0,0.0
11135,1.2129199776966335e7,3.392001120662722e6,0.0,0.0,0.0,0.0
11136,1.2096062905308554e7,3.386543878148854e6,0.0,0.0,0.0,0.0
11137,1.206246571661488e7,3.3810866356349858e6,0.0,0.0,0.0,0.0
11138,1.2028868527921204e7,3.3756293931211177e6,0.0,0.0,0.0,0.0
11139,1.1995923256103724e7,3.3701721506072497e6,0.0,0.0,0.0,0.0
11140,1.1962977984286243e7,3.3647149080933817e6,0.0,0.0,0.0,0.0
11141,1.1934062040994035e7,3.3592576655795136e6,0.0,0.0,0.0,0.0
11142,1.1905146097701827e7,3.3538004230656456e6,0.0,0.0,0.0,0.0
11143,1.1877732573251255e7,3.3483431805517776e6,0.0,0.0,0.0,0.0
11144,1.185031904880068e7,3.3428859380379096e6,0.0,0.0,0.0,0.0
11145,1.1843641107728297e7,3.3374286955240415e6,0.0,0.0,0.0,0.0
11146,1.1836963166655913e7,3.3319714530101735e6,0.0,0.0,0.0,0.0
11147,1.1850265300220741e7,3.3315363994481238e6,0.0,0.0,0.0,0.0
11148,1.1863567433785569e7,3.3311013458860745e6,0.0,0.0,0.0,0.0
11149,1.1876362850381654e7,3.3325850733722067e6,0.0,0.0,0.0,0.0
11150,1.1889158266977737e7,3.3340688008583384e6,0.0,0.0,0.0,0.0
11151,1.1860086653368311e7,3.33555252834447e6,0.0,0.0,0.0,0.0
11152,1.1831015039758885e7,3.3370362558306023e6,0.0,0.0,0.0,0.0
11153,1.1803196321038216e7,3.331579013316734e6,0.0,0.0,0.0,0.0
11154,1.1775377602317546e7,3.326121770802866e6,0.0,0.0,0.0,0.0
11155,1.1746207358148698e7,3.320664528288998e6,0.0,0.0,0.0,0.0
11156,1.1717037113979852e7,3.31520728577513e6,0.0,0.0,0.0,0.0
11157,1.16861063502291e7,3.309750043261262e6,0.0,0.0,0.0,0.0
11158,1.1655175586478347e7,3.304292800747394e6,0.0,0.0,0.0,0.0
11159,1.1622311253771588e7,3.298835558233526e6,0.0,0.0,0.0,0.0
11160,1.158944692106483e7,3.293378315719658e6,0.0,0.0,0.0,0.0
11161,1.155609327451503e7,3.28792107320579e6,0.0,0.0,0.0,0.0
11162,1.1522739627965232e7,3.282463830691922e6,0.0,0.0,0.0,0.0
11163,1.1489612675887287e7,3.277006588178054e6,0.0,0.0,0.0,0.0
11164,1.1456485723809341e7,3.271549345664186e6,0.0,0.0,0.0,0.0
11165,1.1424586490432825e7,3.267229328891731e6,0.0,0.0,0.0,0.0
11166,1.139268725705631e7,3.2629093121192753e6,0.0,0.0,0.0,0.0
11167,1.1362754753987776e7,3.2589977069699666e6,0.0,0.0,0.0,0.0
11168,1.1332822250919241e7,3.255086101820658e6,0.0,0.0,0.0,0.0
11169,1.1345128429035945e7,3.2537154403937063e6,0.0,0.0,0.0,0.0
11170,1.1357434607152648e7,3.2523447789667547e6,0.0,0.0,0.0,0.0
11171,1.136930474353342e7,3.2538285064528864e6,0.0,0.0,0.0,0.0
11172,1.138117487991419e7,3.2553122339390186e6,0.0,0.0,0.0,0.0
11173,1.1392470088932404e7,3.2567959614251507e6,0.0,0.0,0.0,0.0
11174,1.1403765297950618e7,3.2582796889112825e6,0.0,0.0,0.0,0.0
11175,1.1415623592043847e7,3.259763416397414e6,0.0,0.0,0.0,0.0
11176,1.1427481886137078e7,3.2612471438835463e6,0.0,0.0,0.0,0.0
11177,1.1440826565868914e7,3.2557899013696783e6,0.0,0.0,0.0,0.0
11178,1.1454171245600749e7,3.2503326588558103e6,0.0,0.0,0.0,0.0
11179,1.1466019539066926e7,3.2448754163419423e6,0.0,0.0,0.0,0.0
11180,1.1477867832533104e7,3.2394181738280742e6,0.0,0.0,0.0,0.0
11181,1.1487974086186271e7,3.233960931314206e6,0.0,0.0,0.0,0.0
11182,1.149808033983944e7,3.228503688800338e6,0.0,0.0,0.0,0.0
11183,1.1498798131918158e7,3.22304644628647e6,0.0,0.0,0.0,0.0
11184,1.1499515923996877e7,3.217589203772602e6,0.0,0.0,0.0,0.0
11185,1.15068794806782e7,3.212131961258734e6,0.0,0.0,0.0,0.0
11186,1.1514243037359526e7,3.206674718744866e6,0.0,0.0,0.0,0.0
11187,1.1511846415672982e7,3.201217476230998e6,0.0,0.0,0.0,0.0
11188,1.1509449793986438e7,3.19576023371713e6,0.0,0.0,0.0,0.0
11189,1.1517352915160853e7,3.190302991203262e6,0.0,0.0,0.0,0.0
11190,1.152525603633527e7,3.184845748689394e6,0.0,0.0,0.0,0.0
11191,1.1535382783165224e7,3.179388506175526e6,0.0,0.0,0.0,0.0
11192,1.1545509529995177e7,3.173931263661658e6,0.0,0.0,0.0,0.0
11193,1.1555872029311199e7,3.1700849787826277e6,0.0,0.0,0.0,0.0
11194,1.1566234528627222e7,3.166238693903597e6,0.0,0.0,0.0,0.0
11195,1.1576029169112004e7,3.167722421389729e6,0.0,0.0,0.0,0.0
11196,1.1585823809596786e7,3.169206148875861e6,0.0,0.0,0.0,0.0
11197,1.159512999306313e7,3.170689876361993e6,0.0,0.0,0.0,0.0
11198,1.1604436176529475e7,3.172173603848125e6,0.0,0.0,0.0,0.0
11199,1.161487298197012e7,3.1736573313342566e6,0.0,0.0,0.0,0.0
11200,1.1625309787410768e7,3.1751410588203887e6,0.0,0.0,0.0,0.0
11201,1.160251280506638e7,3.1696838163065207e6,0.0,0.0,0.0,0.0
11202,1.1579715822721992e7,3.1642265737926527e6,0.0,0.0,0.0,0.0
11203,1.1550215397147957e7,3.1587693312787847e6,0.0,0.0,0.0,0.0
11204,1.1520714971573923e7,3.1533120887649166e6,0.0,0.0,0.0,0.0
11205,1.148956470942576e7,3.1478548462510486e6,0.0,0.0,0.0,0.0
11206,1.1458414447277598e7,3.1423976037371806e6,0.0,0.0,0.0,0.0
11207,1.1467032839204194e7,3.1369403612233126e6,0.0,0.0,0.0,0.0
11208,1.147565123113079e7,3.1314831187094445e6,0.0,0.0,0.0,0.0
11209,1.1483653867372243e7,3.1260258761955765e6,0.0,0.0,0.0,0.0
11210,1.1491656503613696e7,3.1205686336817085e6,0.0,0.0,0.0,0.0
11211,1.1458739312478455e7,3.1151113911678405e6,0.0,0.0,0.0,0.0
11212,1.1425822121343214e7,3.1096541486539724e6,0.0,0.0,0.0,0.0
11213,1.1397496547095574e7,3.1049664079016736e6,0.0,0.0,0.0,0.0
11214,1.1369170972847933e7,3.1002786671493747e6,0.0,0.0,0.0,0.0
11215,1.1342199372887954e7,3.0971025528368605e6,0.0,0.0,0.0,0.0
11216,1.1315227772927973e7,3.0939264385243463e6,0.0,0.0,0.0,0.0
11217,1.1329721382352088e7,3.0935951659705047e6,0.0,0.0,0.0,0.0
11218,1.13442149917762e7,3.093263893416663e6,0.0,0.0,0.0,0.0
11219,1.1358057197635788e7,3.0947476209027953e6,0.0,0.0,0.0,0.0
11220,1.1371899403495379e7,3.096231348388927e6,0.0,0.0,0.0,0.0
11221,1.1385234097737793e7,3.097715075875059e6,0.0,0.0,0.0,0.0
11222,1.1398568791980207e7,3.099198803361191e6,0.0,0.0,0.0,0.0
11223,1.1411969580748403e7,3.100682530847323e6,0.0,0.0,0.0,0.0
11224,1.14253703695166e7,3.102166258333455e6,0.0,0.0,0.0,0.0
11225,1.1398114780676387e7,3.1036499858195866e6,0.0,0.0,0.0,0.0
11226,1.1370859191836173e7,3.1051337133057187e6,0.0,0.0,0.0,0.0
11227,1.1342194808122296e7,3.106617440791851e6,0.0,0.0,0.0,0.0
11228,1.131353042440842e7,3.1081011682779826e6,0.0,0.0,0.0,0.0
11229,1.128269648208392e7,3.1095848957641143e6,0.0,0.0,0.0,0.0
11230,1.1251862539759422e7,3.1110686232502465e6,0.0,0.0,0.0,0.0
11231,1.121856267228629e7,3.1125523507363787e6,0.0,0.0,0.0,0.0
11232,1.118526280481316e7,3.1140360782225104e6,0.0,0.0,0.0,0.0
11233,1.1162480874081409e7,3.115519805708642e6,0.0,0.0,0.0,0.0
11234,1.1139698943349658e7,3.1170035331947743e6,0.0,0.0,0.0,0.0
11235,1.1106907815301007e7,3.1184872606809065e6,0.0,0.0,0.0,0.0
11236,1.1074116687252356e7,3.119970988167038e6,0.0,0.0,0.0,0.0
11237,1.1045572325486042e7,3.12145471565317e6,0.0,0.0,0.0,0.0
11238,1.1017027963719726e7,3.122938443139302e6,0.0,0.0,0.0,0.0
11239,1.1004787645494744e7,3.1244221706254343e6,0.0,0.0,0.0,0.0
11240,1.0992547327269765e7,3.125905898111566e6,0.0,0.0,0.0,0.0
11241,1.1007034434282973e7,3.1273896255976977e6,0.0,0.0,0.0,0.0
11242,1.102152154129618e7,3.12887335308383e6,0.0,0.0,0.0,0.0
11243,1.103535936629776e7,3.130357080569962e6,0.0,0.0,0.0,0.0
11244,1.1049197191299336e7,3.1318408080560938e6,0.0,0.0,0.0,0.0
11245,1.1062474423566293e7,3.1333245355422255e6,0.0,0.0,0.0,0.0
11246,1.1075751655833252e7,3.1348082630283576e6,0.0,0.0,0.0,0.0
11247,1.1089065651042178e7,3.13629199051449e6,0.0,0.0,0.0,0.0
11248,1.1102379646251107e7,3.1377757180006215e6,0.0,0.0,0.0,0.0
11249,1.1088339443785321e7,3.1392594454867532e6,0.0,0.0,0.0,0.0
11250,1.1074299241319535e7,3.1407431729728854e6,0.0,0.0,0.0,0.0
11251,1.1045409226100475e7,3.1422269004590176e6,0.0,0.0,0.0,0.0
11252,1.1016519210881414e7,3.1437106279451493e6,0.0,0.0,0.0,0.0
11253,1.098508392297825e7,3.145194355431281e6,0.0,0.0,0.0,0.0
11254,1.0953648635075087e7,3.146678082917413e6,0.0,0.0,0.0,0.0
11255,1.096177625044461e7,3.1481618104035454e6,0.0,0.0,0.0,0.0
11256,1.0969903865814133e7,3.149645537889677e6,0.0,0.0,0.0,0.0
11257,1.0935961844930105e7,3.151129265375809e6,0.0,0.0,0.0,0.0
11258,1.0902019824046077e7,3.152612992861941e6,0.0,0.0,0.0,0.0
11259,1.0869070579259278e7,3.154096720348073e6,0.0,0.0,0.0,0.0
11260,1.083612133447248e7,3.155580447834205e6,0.0,0.0,0.0,0.0
11261,1.0807125088109061e7,3.1570641753203366e6,0.0,0.0,0.0,0.0
11262,1.0778128841745643e7,3.158547902806469e6,0.0,0.0,0.0,0.0
11263,1.0750869674814526e7,3.160031630292601e6,0.0,0.0,0.0,0.0
11264,1.0723610507883409e7,3.1615153577787327e6,0.0,0.0,0.0,0.0
11265,1.0718039194696406e7,3.1629990852648644e6,0.0,0.0,0.0,0.0
11266,1.0712467881509403e7,3.1644828127509966e6,0.0,0.0,0.0,0.0
11267,1.0726222908909582e7,3.1659665402371287e6,0.0,0.0,0.0,0.0
11268,1.0739977936309762e7,3.1674502677232604e6,0.0,0.0,0.0,0.0
11269,1.0753500798007533e7,3.168933995209392e6,0.0,0.0,0.0,0.0
11270,1.0767023659705302e7,3.1704177226955243e6,0.0,0.0,0.0,0.0
11271,1.0740935887843523e7,3.1719014501816565e6,0.0,0.0,0.0,0.0
11272,1.0714848115981746e7,3.173385177667788e6,0.0,0.0,0.0,0.0
11273,1.0687867112585504e7,3.17486890515392e6,0.0,0.0,0.0,0.0
11274,1.0660886109189259e7,3.176352632640052e6,0.0,0.0,0.0,0.0
11275,1.0632130974352108e7,3.171941009264676e6,0.0,0.0,0.0,0.0
11276,1.0603375839514958e7,3.1675293858893e6,0.0,0.0,0.0,0.0
11277,1.0571929049484115e7,3.162072143375432e6,0.0,0.0,0.0,0.0
11278,1.0540482259453272e7,3.156614900861564e6,0.0,0.0,0.0,0.0
11279,1.050655391649986e7,3.151157658347696e6,0.0,0.0,0.0,0.0
11280,1.0472625573546449e7,3.145700415833828e6,0.0,0.0,0.0,0.0
11281,1.043819684258045e7,3.141223299871018e6,0.0,0.0,0.0,0.0
11282,1.0403768111614453e7,3.136746183908208e6,0.0,0.0,0.0,0.0
11283,1.0370429332395425e7,3.1322690679453975e6,0.0,0.0,0.0,0.0
11284,1.0337090553176397e7,3.1277919519825876e6,0.0,0.0,0.0,0.0
11285,1.0308166144772252e7,3.1233148360197777e6,0.0,0.0,0.0,0.0
11286,1.0279241736368107e7,3.1188377200569673e6,0.0,0.0,0.0,0.0
11287,1.0252220230220445e7,3.114360604094157e6,0.0,0.0,0.0,0.0
11288,1.022519872407278e7,3.109883488131347e6,0.0,0.0,0.0,0.0
11289,1.0201500294020778e7,3.105779764747156e6,0.0,0.0,0.0,0.0
11290,1.0177801863968775e7,3.101676041362964e6,0.0,0.0,0.0,0.0
11291,1.0190406306250164e7,3.1041398954001544e6,0.0,0.0,0.0,0.0
11292,1.0203010748531554e7,3.1066037494373443e6,0.0,0.0,0.0,0.0
11293,1.0202563831817884e7,3.109067603474534e6,0.0,0.0,0.0,0.0
11294,1.0202116915104214e7,3.1115314575117244e6,0.0,0.0,0.0,0.0
11295,1.0173158317813039e7,3.1139953115489148e6,0.0,0.0,0.0,0.0
11296,1.0144199720521862e7,3.1164591655861046e6,0.0,0.0,0.0,0.0
11297,1.0116689550894424e7,3.1119820496232947e6,0.0,0.0,0.0,0.0
11298,1.0089179381266985e7,3.1075049336604844e6,0.0,0.0,0.0,0.0
11299,1.0060015994301276e7,3.103027817697674e6,0.0,0.0,0.0,0.0
11300,1.0030852607335567e7,3.098550701734864e6,0.0,0.0,0.0,0.0
11301,9.999464176831607e6,3.0940735857720543e6,0.0,0.0,0.0,0.0
11302,9.968075746327644e6,3.089596469809244e6,0.0,0.0,0.0,0.0
11303,9.933840676899083e6,3.0851193538464336e6,0.0,0.0,0.0,0.0
11304,9.89960560747052e6,3.0806422378836237e6,0.0,0.0,0.0,0.0
11305,9.86498394259506e6,3.076165121920814e6,0.0,0.0,0.0,0.0
11306,9.8303622777196e6,3.0716880059580035e6,0.0,0.0,0.0,0.0
11307,9.796840070078202e6,3.067210889995193e6,0.0,0.0,0.0,0.0
11308,9.763317862436805e6,3.062733774032383e6,0.0,0.0,0.0,0.0
11309,9.734488104525259e6,3.0582566580695733e6,0.0,0.0,0.0,0.0
11310,9.705658346613713e6,3.053779542106763e6,0.0,0.0,0.0,0.0
11311,9.678878923912777e6,3.0493024261439526e6,0.0,0.0,0.0,0.0
11312,9.65209950121184e6,3.0448253101811428e6,0.0,0.0,0.0,0.0
11313,9.624662747588512e6,3.040869295898331e6,0.0,0.0,0.0,0.0
11314,9.597225993965182e6,3.036913281615519e6,0.0,0.0,0.0,0.0
11315,9.59209566206513e6,3.039377135652709e6,0.0,0.0,0.0,0.0
11316,9.586965330165077e6,3.041840989689899e6,0.0,0.0,0.0,0.0
11317,9.564729258974575e6,3.0443048437270895e6,0.0,0.0,0.0,0.0
11318,9.54249318778407e6,3.0467686977642793e6,0.0,0.0,0.0,0.0
11319,9.513776054373894e6,3.049232551801469e6,0.0,0.0,0.0,0.0
11320,9.485058920963716e6,3.0516964058386595e6,0.0,0.0,0.0,0.0
11321,9.457644265760195e6,3.049693031606955e6,0.0,0.0,0.0,0.0
11322,9.430229610556675e6,3.0476896573752505e6,0.0,0.0,0.0,0.0
11323,9.400935112256743e6,3.04321254141244e6,0.0,0.0,0.0,0.0
11324,9.37164061395681e6,3.0387354254496302e6,0.0,0.0,0.0,0.0
11325,9.340339638865171e6,3.0342583094868204e6,0.0,0.0,0.0,0.0
11326,9.309038663773531e6,3.02978119352401e6,0.0,0.0,0.0,0.0
11327,9.275564274246946e6,3.0253040775611997e6,0.0,0.0,0.0,0.0
11328,9.242089884720363e6,3.02082696159839e6,0.0,0.0,0.0,0.0
11329,9.207780817987502e6,3.01634984563558e6,0.0,0.0,0.0,0.0
11330,9.173471751254642e6,3.0118727296727696e6,0.0,0.0,0.0,0.0
11331,9.13942076598732e6,3.0086428047826756e6,0.0,0.0,0.0,0.0
11332,9.105369780719997e6,3.005412879892582e6,0.0,0.0,0.0,0.0
11333,9.072749951730266e6,3.004742388555362e6,0.0,0.0,0.0,0.0
11334,9.040130122740537e6,3.0040718972181417e6,0.0,0.0,0.0,0.0
11335,9.009948538749928e6,3.0046293049403215e6,0.0,0.0,0.0,0.0
11336,8.979766954759318e6,3.005186712662501e6,0.0,0.0,0.0,0.0
11337,8.968286669988219e6,3.007650566699691e6,0.0,0.0,0.0,0.0
11338,8.956806385217119e6,3.010114420736881e6,0.0,0.0,0.0,0.0
11339,8.968137843444806e6,3.012578274774071e6,0.0,0.0,0.0,0.0
11340,8.979469301672492e6,3.015042128811261e6,0.0,0.0,0.0,0.0
11341,8.990334305717364e6,3.0175059828484515e6,0.0,0.0,0.0,0.0
11342,9.001199309762238e6,3.0199698368856413e6,0.0,0.0,0.0,0.0
11343,8.970700665547146e6,3.022433690922831e6,0.0,0.0,0.0,0.0
11344,8.940202021332053e6,3.0248975449600215e6,0.0,0.0,0.0,0.0
11345,8.911457093821097e6,3.027361398997212e6,0.0,0.0,0.0,0.0
11346,8.882712166310139e6,3.0298252530344017e6,0.0,0.0,0.0,0.0
11347,8.852454175867539e6,3.0256836575698154e6,0.0,0.0,0.0,0.0
11348,8.822196185424937e6,3.021542062105229e6,0.0,0.0,0.0,0.0
11349,8.790223882919993e6,3.0170649461424192e6,0.0,0.0,0.0,0.0
11350,8.758251580415048e6,3.012587830179609e6,0.0,0.0,0.0,0.0
11351,8.72384050526604e6,3.0081107142167985e6,0.0,0.0,0.0,0.0
11352,8.689429430117035e6,3.0036335982539887e6,0.0,0.0,0.0,0.0
11353,8.654806274811275e6,2.999156482291179e6,0.0,0.0,0.0,0.0
11354,8.620183119505515e6,2.9946793663283684e6,0.0,0.0,0.0,0.0
11355,8.585241069260107e6,2.990293329990833e6,0.0,0.0,0.0,0.0
11356,8.5502990190147e6,2.985907293653298e6,0.0,0.0,0.0,0.0
11357,8.516161883994985e6,2.9831103456208906e6,0.0,0.0,0.0,0.0
11358,8.48202474897527e6,2.980313397588483e6,0.0,0.0,0.0,0.0
11359,8.449754729817761e6,2.9766923979678433e6,0.0,0.0,0.0,0.0
11360,8.417484710660253e6,2.9730713983472036e6,0.0,0.0,0.0,0.0
11361,8.404886797960252e6,2.969427014883049e6,0.0,0.0,0.0,0.0
11362,8.392288885260249e6,2.9657826314188945e6,0.0,0.0,0.0,0.0
11363,8.402765718823556e6,2.9670547974303225e6,0.0,0.0,0.0,0.0
11364,8.413242552386865e6,2.9683269634417505e6,0.0,0.0,0.0,0.0
11365,8.418895186934901e6,2.970790817478941e6,0.0,0.0,0.0,0.0
11366,8.424547821482938e6,2.9732546715161307e6,0.0,0.0,0.0,0.0
11367,8.39375908971646e6,2.9753812781211906e6,0.0,0.0,0.0,0.0
11368,8.362970357949983e6,2.9775078847262505e6,0.0,0.0,0.0,0.0
11369,8.334069931504686e6,2.9734634723454425e6,0.0,0.0,0.0,0.0
11370,8.305169505059389e6,2.969419059964634e6,0.0,0.0,0.0,0.0
11371,8.275022197546193e6,2.9649419440018237e6,0.0,0.0,0.0,0.0
11372,8.244874890032998e6,2.960464828039014e6,0.0,0.0,0.0,0.0
11373,8.2126623965484435e6,2.955987712076204e6,0.0,0.0,0.0,0.0
11374,8.180449903063889e6,2.9515105961133935e6,0.0,0.0,0.0,0.0
11375,8.146442431807466e6,2.947033480150583e6,0.0,0.0,0.0,0.0
11376,8.112434960551042e6,2.9425563641877733e6,0.0,0.0,0.0,0.0
11377,8.077823494108969e6,2.9380792482249634e6,0.0,0.0,0.0,0.0
11378,8.043212027666897e6,2.933602132262153e6,0.0,0.0,0.0,0.0
11379,8.009566183364269e6,2.9291250162993427e6,0.0,0.0,0.0,0.0
11380,7.975920339061642e6,2.924647900336533e6,0.0,0.0,0.0,0.0
11381,7.946757013578879e6,2.920668985152933e6,0.0,0.0,0.0,0.0
11382,7.917593688096115e6,2.916690069969333e6,0.0,0.0,0.0,0.0
11383,7.890433588054465e6,2.912212954006523e6,0.0,0.0,0.0,0.0
11384,7.863273488012815e6,2.9077358380437125e6,0.0,0.0,0.0,0.0
11385,7.836015379743643e6,2.9033243228732822e6,0.0,0.0,0.0,0.0
11386,7.808757271474472e6,2.8989128077028515e6,0.0,0.0,0.0,0.0
11387,7.811858213038823e6,2.9013766617400413e6,0.0,0.0,0.0,0.0
11388,7.814959154603172e6,2.9038405157772317e6,0.0,0.0,0.0,0.0
11389,7.802882651188378e6,2.906304369814422e6,0.0,0.0,0.0,0.0
11390,7.790806147773584e6,2.908768223851612e6,0.0,0.0,0.0,0.0
11391,7.762109959470997e6,2.9112320778888017e6,0.0,0.0,0.0,0.0
11392,7.733413771168409e6,2.913695931925992e6,0.0,0.0,0.0,0.0
11393,7.706080633709025e6,2.9092188159631817e6,0.0,0.0,0.0,0.0
11394,7.67874749624964e6,2.904741700000372e6,0.0,0.0,0.0,0.0
11395,7.649841285807114e6,2.900264584037562e6,0.0,0.0,0.0,0.0
11396,7.620935075364587e6,2.8957874680747516e6,0.0,0.0,0.0,0.0
11397,7.589648430681866e6,2.891310352111941e6,0.0,0.0,0.0,0.0
11398,7.558361785999144e6,2.8868332361491313e6,0.0,0.0,0.0,0.0
11399,7.525541341391215e6,2.8823561201863214e6,0.0,0.0,0.0,0.0
11400,7.492720896783285e6,2.877879004223511e6,0.0,0.0,0.0,0.0
11401,7.459445349712785e6,2.8734018882607007e6,0.0,0.0,0.0,0.0
11402,7.426169802642285e6,2.868924772297891e6,0.0,0.0,0.0,0.0
11403,7.393869786216166e6,2.8674757342367256e6,0.0,0.0,0.0,0.0
11404,7.361569769790046e6,2.8660266961755604e6,0.0,0.0,0.0,0.0
11405,7.333530227947045e6,2.86849055021275e6,0.0,0.0,0.0,0.0
11406,7.305490686104044e6,2.8709544042499405e6,0.0,0.0,0.0,0.0
11407,7.27871667328337e6,2.873418258287131e6,0.0,0.0,0.0,0.0
11408,7.251942660462696e6,2.8758821123243207e6,0.0,0.0,0.0,0.0
11409,7.224915988180278e6,2.8783459663615106e6,0.0,0.0,0.0,0.0
11410,7.19788931589786e6,2.880809820398701e6,0.0,0.0,0.0,0.0
11411,7.212000412517992e6,2.883273674435891e6,0.0,0.0,0.0,0.0
11412,7.226111509138124e6,2.885737528473081e6,0.0,0.0,0.0,0.0
11413,7.234412086814879e6,2.888201382510271e6,0.0,0.0,0.0,0.0
11414,7.242712664491635e6,2.8906652365474612e6,0.0,0.0,0.0,0.0
11415,7.214778492071523e6,2.8931290905846516e6,0.0,0.0,0.0,0.0
11416,7.186844319651412e6,2.8955929446218414e6,0.0,0.0,0.0,0.0
11417,7.160218976512437e6,2.8980567986590313e6,0.0,0.0,0.0,0.0
11418,7.133593633373462e6,2.9005206526962216e6,0.0,0.0,0.0,0.0
11419,7.105156603685731e6,2.902984506733412e6,0.0,0.0,0.0,0.0
11420,7.076719573998001e6,2.905448360770602e6,0.0,0.0,0.0,0.0
11421,7.045704125961691e6,2.9079122148077916e6,0.0,0.0,0.0,0.0
11422,7.01468867792538e6,2.910376068844982e6,0.0,0.0,0.0,0.0
11423,6.981340771512705e6,2.9128399228821723e6,0.0,0.0,0.0,0.0
11424,6.94799286510003e6,2.915303776919362e6,0.0,0.0,0.0,0.0
11425,6.914178873678251e6,2.916331316052636e6,0.0,0.0,0.0,0.0
11426,6.8803648822564725e6,2.9173588551859097e6,0.0,0.0,0.0,0.0
11427,6.847499346523982e6,2.9179178227840704e6,0.0,0.0,0.0,0.0
11428,6.81463381079149e6,2.918476790382231e6,0.0,0.0,0.0,0.0
11429,6.785903786430594e6,2.9202784519736646e6,0.0,0.0,0.0,0.0
11430,6.7571737620696975e6,2.9220801135650976e6,0.0,0.0,0.0,0.0
11431,6.729973085558934e6,2.9214995557159996e6,0.0,0.0,0.0,0.0
11432,6.702772409048171e6,2.920918997866901e6,0.0,0.0,0.0,0.0
11433,6.691247062174739e6,2.9233828519040914e6,0.0,0.0,0.0,0.0
11434,6.679721715301309e6,2.9258467059412813e6,0.0,0.0,0.0,0.0
11435,6.692856512521768e6,2.928310559978471e6,0.0,0.0,0.0,0.0
11436,6.705991309742226e6,2.9307744140156615e6,0.0,0.0,0.0,0.0
11437,6.718164422622003e6,2.933238268052852e6,0.0,0.0,0.0,0.0
11438,6.730337535501778e6,2.9357021220900416e6,0.0,0.0,0.0,0.0
11439,6.713644109732263e6,2.9381659761272315e6,0.0,0.0,0.0,0.0
11440,6.696950683962748e6,2.940629830164422e6,0.0,0.0,0.0,0.0
11441,6.668338372900387e6,2.9361527142016115e6,0.0,0.0,0.0,0.0
11442,6.639726061838026e6,2.9316755982388016e6,0.0,0.0,0.0,0.0
11443,6.608941998516114e6,2.9271984822759917e6,0.0,0.0,0.0,0.0
11444,6.578157935194202e6,2.9227213663131814e6,0.0,0.0,0.0,0.0
11445,6.557085010681115e6,2.918244250350371e6,0.0,0.0,0.0,0.0
11446,6.536012086168029e6,2.913767134387561e6,0.0,0.0,0.0,0.0
11447,6.530476527007243e6,2.9092900184247512e6,0.0,0.0,0.0,0.0
11448,6.524940967846457e6,2.904812902461941e6,0.0,0.0,0.0,0.0
11449,6.528482198788246e6,2.899531649522158e6,0.0,0.0,0.0,0.0
11450,6.532023429730036e6,2.894250396582375e6,0.0,0.0,0.0,0.0
11451,6.534317581668889e6,2.889301168041316e6,0.0,0.0,0.0,0.0
11452,6.536611733607742e6,2.884351939500257e6,0.0,0.0,0.0,0.0
11453,6.524869474654578e6,2.882144902230175e6,0.0,0.0,0.0,0.0
11454,6.513127215701414e6,2.879937864960093e6,0.0,0.0,0.0,0.0
11455,6.526065481673278e6,2.8780071138941795e6,0.0,0.0,0.0,0.0
11456,6.539003747645141e6,2.876076362828266e6,0.0,0.0,0.0,0.0
11457,6.551523134669654e6,2.8745306345927874e6,0.0,0.0,0.0,0.0
11458,6.564042521694167e6,2.8729849063573084e6,0.0,0.0,0.0,0.0
11459,6.575583862616415e6,2.8746446234175256e6,0.0,0.0,0.0,0.0
11460,6.587125203538664e6,2.8763043404777423e6,0.0,0.0,0.0,0.0
11461,6.598124511459463e6,2.877964057537959e6,0.0,0.0,0.0,0.0
11462,6.609123819380263e6,2.879623774598176e6,0.0,0.0,0.0,0.0
11463,6.62048422534711e6,2.8812834916583933e6,0.0,0.0,0.0,0.0
11464,6.631844631313957e6,2.88294320871861e6,0.0,0.0,0.0,0.0
11465,6.602542836115384e6,2.8833573254886717e6,0.0,0.0,0.0,0.0
11466,6.57324104091681e6,2.883771442258734e6,0.0,0.0,0.0,0.0
11467,6.54183058539118e6,2.8784901893189508e6,0.0,0.0,0.0,0.0
11468,6.5104201298655495e6,2.8732089363791677e6,0.0,0.0,0.0,0.0
11469,6.5155029277337305e6,2.8679276834393847e6,0.0,0.0,0.0,0.0
11470,6.520585725601911e6,2.8626464304996016e6,0.0,0.0,0.0,0.0
11471,6.5259309004193e6,2.8573651775598186e6,0.0,0.0,0.0,0.0
11472,6.53127607523669e6,2.8520839246200356e6,0.0,0.0,0.0,0.0
11473,6.512639587583514e6,2.8482078956275233e6,0.0,0.0,0.0,0.0
11474,6.494003099930339e6,2.844331866635011e6,0.0,0.0,0.0,0.0
11475,6.468588447526723e6,2.843084796804491e6,0.0,0.0,0.0,0.0
11476,6.443173795123108e6,2.841837726973971e6,0.0,0.0,0.0,0.0
11477,6.411471218859996e6,2.8422298129242864e6,0.0,0.0,0.0,0.0
11478,6.379768642596884e6,2.8426218988746023e6,0.0,0.0,0.0,0.0
11479,6.39231724948928e6,2.842001398844662e6,0.0,0.0,0.0,0.0
11480,6.404865856381677e6,2.841380898814722e6,0.0,0.0,0.0,0.0
11481,6.416753294966592e6,2.841745300987267e6,0.0,0.0,0.0,0.0
11482,6.428640733551508e6,2.842109703159812e6,0.0,0.0,0.0,0.0
11483,6.43946808344551e6,2.8437694202200286e6,0.0,0.0,0.0,0.0
11484,6.450295433339513e6,2.845429137280246e6,0.0,0.0,0.0,0.0
11485,6.461084975450974e6,2.847088854340463e6,0.0,0.0,0.0,0.0
11486,6.471874517562435e6,2.8487485714006796e6,0.0,0.0,0.0,0.0
11487,6.482187777041731e6,2.8504082884608964e6,0.0,0.0,0.0,0.0
11488,6.492501036521029e6,2.8520680055211135e6,0.0,0.0,0.0,0.0
11489,6.464944178218796e6,2.8496333777342387e6,0.0,0.0,0.0,0.0
11490,6.437387319916563e6,2.847198749947364e6,0.0,0.0,0.0,0.0
11491,6.449607026746978e6,2.841917497007581e6,0.0,0.0,0.0,0.0
11492,6.461826733577393e6,2.836636244067798e6,0.0,0.0,0.0,0.0
11493,6.430161603158339e6,2.831354991128015e6,0.0,0.0,0.0,0.0
11494,6.398496472739285e6,2.826073738188232e6,0.0,0.0,0.0,0.0
11495,6.364572926551128e6,2.820792485248449e6,0.0,0.0,0.0,0.0
11496,6.33064938036297e6,2.8155112323086658e6,0.0,0.0,0.0,0.0
11497,6.306271115723854e6,2.8102299793688827e6,0.0,0.0,0.0,0.0
11498,6.281892851084739e6,2.8049487264290997e6,0.0,0.0,0.0,0.0
11499,6.256417023717988e6,2.7996674734893166e6,0.0,0.0,0.0,0.0
11500,6.230941196351238e6,2.7943862205495336e6,0.0,0.0,0.0,0.0
11501,6.239660561722113e6,2.789301879195973e6,0.0,0.0,0.0,0.0
11502,6.248379927092987e6,2.784217537842412e6,0.0,0.0,0.0,0.0
11503,6.2210406194125265e6,2.778936284902629e6,0.0,0.0,0.0,0.0
11504,6.193701311732065e6,2.773655031962846e6,0.0,0.0,0.0,0.0
11505,6.204684964617188e6,2.768373779023063e6,0.0,0.0,0.0,0.0
11506,6.215668617502311e6,2.76309252608328e6,0.0,0.0,0.0,0.0
11507,6.226014233609093e6,2.764752243143497e6,0.0,0.0,0.0,0.0
11508,6.236359849715875e6,2.7664119602037137e6,0.0,0.0,0.0,0.0
11509,6.246482404264156e6,2.7680716772639304e6,0.0,0.0,0.0,0.0
11510,6.256604958812437e6,2.7697313943241476e6,0.0,0.0,0.0,0.0
11511,6.267366176376162e6,2.771391111384365e6,0.0,0.0,0.0,0.0
11512,6.278127393939886e6,2.7730508284445815e6,0.0,0.0,0.0,0.0
11513,6.248247519255299e6,2.7677695755047984e6,0.0,0.0,0.0,0.0
11514,6.218367644570713e6,2.7624883225650154e6,0.0,0.0,0.0,0.0
11515,6.192658572881978e6,2.7572070696252324e6,0.0,0.0,0.0,0.0
11516,6.166949501193242e6,2.7519258166854493e6,0.0,0.0,0.0,0.0
11517,6.174857319427169e6,2.7466445637456663e6,0.0,0.0,0.0,0.0
11518,6.182765137661096e6,2.7413633108058833e6,0.0,0.0,0.0,0.0
11519,6.188718321631127e6,2.7360820578661e6,0.0,0.0,0.0,0.0
11520,6.194671505601158e6,2.730800804926317e6,0.0,0.0,0.0,0.0
11521,6.20134915102787e6,2.725519551986534e6,0.0,0.0,0.0,0.0
11522,6.208026796454582e6,2.720238299046751e6,0.0,0.0,0.0,0.0
11523,6.1961785142092435e6,2.714957046106968e6,0.0,0.0,0.0,0.0
11524,6.184330231963905e6,2.709675793167185e6,0.0,0.0,0.0,0.0
11525,6.190438706720991e6,2.704394540227402e6,0.0,0.0,0.0,0.0
11526,6.196547181478078e6,2.699113287287619e6,0.0,0.0,0.0,0.0
11527,6.2038994322555885e6,2.693832034347836e6,0.0,0.0,0.0,0.0
11528,6.211251683033099e6,2.688550781408053e6,0.0,0.0,0.0,0.0
11529,6.2196320945602795e6,2.68326952846827e6,0.0,0.0,0.0,0.0
11530,6.22801250608746e6,2.677988275528487e6,0.0,0.0,0.0,0.0
11531,6.236546265785625e6,2.6796479925887035e6,0.0,0.0,0.0,0.0
11532,6.245080025483792e6,2.6813077096489207e6,0.0,0.0,0.0,0.0
11533,6.253281018838724e6,2.682967426709138e6,0.0,0.0,0.0,0.0
11534,6.261482012193657e6,2.6846271437693546e6,0.0,0.0,0.0,0.0
11535,6.244185895028569e6,2.6862868608295713e6,0.0,0.0,0.0,0.0
11536,6.226889777863481e6,2.6879465778897884e6,0.0,0.0,0.0,0.0
11537,6.1967550266870195e6,2.6826653249500054e6,0.0,0.0,0.0,0.0
11538,6.166620275510558e6,2.6773840720102224e6,0.0,0.0,0.0,0.0
11539,6.1364802454355415e6,2.6721028190704393e6,0.0,0.0,0.0,0.0
11540,6.106340215360524e6,2.6668215661306563e6,0.0,0.0,0.0,0.0
11541,6.074419411420353e6,2.6615403131908732e6,0.0,0.0,0.0,0.0
11542,6.042498607480182e6,2.65625906025109e6,0.0,0.0,0.0,0.0
11543,6.008771543910839e6,2.650977807311307e6,0.0,0.0,0.0,0.0
11544,5.975044480341494e6,2.645696554371524e6,0.0,0.0,0.0,0.0
11545,5.940288050150755e6,2.640415301431741e6,0.0,0.0,0.0,0.0
11546,5.905531619960016e6,2.635134048491958e6,0.0,0.0,0.0,0.0
11547,5.871402897351392e6,2.629852795552175e6,0.0,0.0,0.0,0.0
11548,5.837274174742767e6,2.624571542612392e6,0.0,0.0,0.0,0.0
11549,5.806208365957985e6,2.619290289672609e6,0.0,0.0,0.0,0.0
11550,5.775142557173204e6,2.614009036732826e6,0.0,0.0,0.0,0.0
11551,5.74730601530823e6,2.608727783793043e6,0.0,0.0,0.0,0.0
11552,5.719469473443257e6,2.60344653085326e6,0.0,0.0,0.0,0.0
11553,5.733475134101836e6,2.598165277913477e6,0.0,0.0,0.0,0.0
11554,5.747480794760414e6,2.592884024973694e6,0.0,0.0,0.0,0.0
11555,5.761201091091903e6,2.594543742033911e6,0.0,0.0,0.0,0.0
11556,5.774921387423391e6,2.5962034590941276e6,0.0,0.0,0.0,0.0
11557,5.788437470299967e6,2.5978631761543443e6,0.0,0.0,0.0,0.0
11558,5.801953553176541e6,2.5995228932145615e6,0.0,0.0,0.0,0.0
11559,5.804200691935483e6,2.6011826102747787e6,0.0,0.0,0.0,0.0
11560,5.806447830694426e6,2.6028423273349954e6,0.0,0.0,0.0,0.0
11561,5.779231193402639e6,2.5975610743952123e6,0.0,0.0,0.0,0.0
11562,5.752014556110851e6,2.5922798214554293e6,0.0,0.0,0.0,0.0
11563,5.723979719050225e6,2.5869985685156463e6,0.0,0.0,0.0,0.0
11564,5.695944881989598e6,2.5817173155758632e6,0.0,0.0,0.0,0.0
11565,5.665242004798716e6,2.57643606263608e6,0.0,0.0,0.0,0.0
11566,5.6345391276078345e6,2.571154809696297e6,0.0,0.0,0.0,0.0
11567,5.601112457690856e6,2.565873556756514e6,0.0,0.0,0.0,0.0
11568,5.567685787773878e6,2.560592303816731e6,0.0,0.0,0.0,0.0
11569,5.533293868462143e6,2.555311050876948e6,0.0,0.0,0.0,0.0
11570,5.498901949150407e6,2.550029797937165e6,0.0,0.0,0.0,0.0
11571,5.46490486154608e6,2.544748544997382e6,0.0,0.0,0.0,0.0
11572,5.4309077739417525e6,2.539467292057599e6,0.0,0.0,0.0,0.0
11573,5.399920863440263e6,2.534186039117816e6,0.0,0.0,0.0,0.0
11574,5.368933952938774e6,2.528904786178033e6,0.0,0.0,0.0,0.0
11575,5.3412905441023875e6,2.52362353323825e6,0.0,0.0,0.0,0.0
11576,5.313647135266002e6,2.518342280298467e6,0.0,0.0,0.0,0.0
11577,5.328027523369852e6,2.513379210290717e6,0.0,0.0,0.0,0.0
11578,5.342407911473704e6,2.5084161402829667e6,0.0,0.0,0.0,0.0
11579,5.356274725576142e6,2.510075857343184e6,0.0,0.0,0.0,0.0
11580,5.370141539678579e6,2.5117355744034005e6,0.0,0.0,0.0,0.0
11581,5.383966368744556e6,2.5133952914636172e6,0.0,0.0,0.0,0.0
11582,5.397791197810532e6,2.5150550085238344e6,0.0,0.0,0.0,0.0
11583,5.373508384708114e6,2.5167147255840516e6,0.0,0.0,0.0,0.0
11584,5.349225571605695e6,2.5183744426442683e6,0.0,0.0,0.0,0.0
11585,5.322551718289578e6,2.5131700255908463e6,0.0,0.0,0.0,0.0
11586,5.295877864973461e6,2.507965608537424e6,0.0,0.0,0.0,0.0
11587,5.268284474164497e6,2.502684355597641e6,0.0,0.0,0.0,0.0
11588,5.240691083355532e6,2.497403102657858e6,0.0,0.0,0.0,0.0
11589,5.210617530379975e6,2.492121849718075e6,0.0,0.0,0.0,0.0
11590,5.1805439774044175e6,2.4868405967782917e6,0.0,0.0,0.0,0.0
11591,5.147711051334169e6,2.4815593438385087e6,0.0,0.0,0.0,0.0
11592,5.11487812526392e6,2.4762780908987257e6,0.0,0.0,0.0,0.0
11593,5.0806043691693945e6,2.4709968379589426e6,0.0,0.0,0.0,0.0
11594,5.046330613074869e6,2.4657155850191596e6,0.0,0.0,0.0,0.0
11595,5.012101955343588e6,2.4604343320793766e6,0.0,0.0,0.0,0.0
11596,4.977873297612308e6,2.4551530791395935e6,0.0,0.0,0.0,0.0
11597,4.945883835963914e6,2.451259279029296e6,0.0,0.0,0.0,0.0
11598,4.913894374315521e6,2.447365478918998e6,0.0,0.0,0.0,0.0
11599,4.885598324378248e6,2.443786066066673e6,0.0,0.0,0.0,0.0
11600,4.857302274440976e6,2.4402066532143485e6,0.0,0.0,0.0,0.0
11601,4.858838623086163e6,2.4377564788290123e6,0.0,0.0,0.0,0.0
11602,4.86037497173135e6,2.435306304443676e6,0.0,0.0,0.0,0.0
11603,4.873993825103359e6,2.436668673943376e6,0.0,0.0,0.0,0.0
11604,4.887612678475369e6,2.438031043443076e6,0.0,0.0,0.0,0.0
11605,4.900854337367426e6,2.439690760503293e6,0.0,0.0,0.0,0.0
11606,4.914095996259483e6,2.4413504775635097e6,0.0,0.0,0.0,0.0
11607,4.885802967570731e6,2.4430101946237264e6,0.0,0.0,0.0,0.0
11608,4.857509938881979e6,2.4446699116839436e6,0.0,0.0,0.0,0.0
11609,4.83047240149379e6,2.4400646974816117e6,0.0,0.0,0.0,0.0
11610,4.803434864105601e6,2.4354594832792804e6,0.0,0.0,0.0,0.0
11611,4.775530943313459e6,2.4301782303394973e6,0.0,0.0,0.0,0.0
11612,4.747627022521316e6,2.4248969773997143e6,0.0,0.0,0.0,0.0
11613,4.717626171988879e6,2.4196157244599313e6,0.0,0.0,0.0,0.0
11614,4.687625321456443e6,2.414334471520148e6,0.0,0.0,0.0,0.0
11615,4.655342324042811e6,2.409053218580365e6,0.0,0.0,0.0,0.0
11616,4.6230593266291795e6,2.403771965640582e6,0.0,0.0,0.0,0.0
11617,4.589718681038445e6,2.4007642272447865e6,0.0,0.0,0.0,0.0
11618,4.556378035447711e6,2.3977564888489908e6,0.0,0.0,0.0,0.0
11619,4.523340184253167e6,2.394748750453195e6,0.0,0.0,0.0,0.0
11620,4.490302333058623e6,2.3917410120573994e6,0.0,0.0,0.0,0.0
11621,4.4598131547305025e6,2.3887332736616037e6,0.0,0.0,0.0,0.0
11622,4.429323976402381e6,2.385725535265808e6,0.0,0.0,0.0,0.0
11623,4.401927964225059e6,2.3827177968700123e6,0.0,0.0,0.0,0.0
11624,4.374531952047736e6,2.3797100584742166e6,0.0,0.0,0.0,0.0
11625,4.372357404808951e6,2.376702320078421e6,0.0,0.0,0.0,0.0
11626,4.370182857570165e6,2.373694581682625e6,0.0,0.0,0.0,0.0
11627,4.3841404394036345e6,2.3776278132868297e6,0.0,0.0,0.0,0.0
11628,4.398098021237104e6,2.381561044891034e6,0.0,0.0,0.0,0.0
11629,4.4118947542544985e6,2.3812544981063334e6,0.0,0.0,0.0,0.0
11630,4.425691487271893e6,2.3809479513216326e6,0.0,0.0,0.0,0.0
11631,4.3979062921846695e6,2.384881182925837e6,0.0,0.0,0.0,0.0
11632,4.370121097097446e6,2.388814414530041e6,0.0,0.0,0.0,0.0
11633,4.343942447979324e6,2.3858066761342455e6,0.0,0.0,0.0,0.0
11634,4.317763798861201e6,2.38279893773845e6,0.0,0.0,0.0,0.0
11635,4.290960714187651e6,2.379791199342654e6,0.0,0.0,0.0,0.0
11636,4.264157629514101e6,2.3767834609468584e6,0.0,0.0,0.0,0.0
11637,4.2352230649735965e6,2.3737757225510627e6,0.0,0.0,0.0,0.0
11638,4.206288500433091e6,2.370767984155267e6,0.0,0.0,0.0,0.0
11639,4.1743573092431827e6,2.3677602457594713e6,0.0,0.0,0.0,0.0
11640,4.1424261180532738e6,2.3647525073636756e6,0.0,0.0,0.0,0.0
11641,4.10916332304629e6,2.36174476896788e6,0.0,0.0,0.0,0.0
11642,4.075900528039306e6,2.3587370305720842e6,0.0,0.0,0.0,0.0
11643,4.042936852650675e6,2.3557292921762886e6,0.0,0.0,0.0,0.0
11644,4.009973177262044e6,2.352721553780493e6,0.0,0.0,0.0,0.0
11645,3.979253408566512e6,2.349713815384697e6,0.0,0.0,0.0,0.0
11646,3.94853363987098e6,2.3467060769889015e6,0.0,0.0,0.0,0.0
11647,3.9204573283274393e6,2.343698338593106e6,0.0,0.0,0.0,0.0
11648,3.8923810167838987e6,2.34069060019731e6,0.0,0.0,0.0,0.0
11649,3.8902366614903496e6,2.3376828618015144e6,0.0,0.0,0.0,0.0
11650,3.8880923061968004e6,2.3346751234057187e6,0.0,0.0,0.0,0.0
11651,3.901674855154391e6,2.334623114881641e6,0.0,0.0,0.0,0.0
11652,3.9152574041119814e6,2.334571106357564e6,0.0,0.0,0.0,0.0
11653,3.928470701023093e6,2.3385043379617687e6,0.0,0.0,0.0,0.0
11654,3.9416839979342045e6,2.342437569565973e6,0.0,0.0,0.0,0.0
11655,3.9132610300647547e6,2.344000625411801e6,0.0,0.0,0.0,0.0
11656,3.884838062195305e6,2.3455636812576293e6,0.0,0.0,0.0,0.0
11657,3.857113720123804e6,2.3425559428618336e6,0.0,0.0,0.0,0.0
11658,3.8293893780523036e6,2.339548204466038e6,0.0,0.0,0.0,0.0
11659,3.8002668463082747e6,2.336540466070242e6,0.0,0.0,0.0,0.0
11660,3.7711443145642458e6,2.3335327276744465e6,0.0,0.0,0.0,0.0
11661,3.739868796550557e6,2.330524989278651e6,0.0,0.0,0.0,0.0
11662,3.7085932785368683e6,2.327517250882855e6,0.0,0.0,0.0,0.0
11663,3.675314240190424e6,2.3245095124870595e6,0.0,0.0,0.0,0.0
11664,3.64203520184398e6,2.321501774091264e6,0.0,0.0,0.0,0.0
11665,3.616868241236998e6,2.318494035695468e6,0.0,0.0,0.0,0.0
11666,3.5917012806300162e6,2.3154862972996724e6,0.0,0.0,0.0,0.0
11667,3.569034859241728e6,2.3152034738817476e6,0.0,0.0,0.0,0.0
11668,3.54636843785344e6,2.3149206504638223e6,0.0,0.0,0.0,0.0
11669,3.5195341965752607e6,2.317254690705089e6,0.0,0.0,0.0,0.0
11670,3.4926999552970813e6,2.319588730946356e6,0.0,0.0,0.0,0.0
11671,3.473860826786314e6,2.319366995663156e6,0.0,0.0,0.0,0.0
11672,3.4550216982755475e6,2.3191452603799556e6,0.0,0.0,0.0,0.0
11673,3.465414731718232e6,2.3172805977144856e6,0.0,0.0,0.0,0.0
11674,3.475807765160917e6,2.315415935049016e6,0.0,0.0,0.0,0.0
11675,3.4862168417998888e6,2.3193491666532205e6,0.0,0.0,0.0,0.0
11676,3.496625918438861e6,2.3232823982574246e6,0.0,0.0,0.0,0.0
11677,3.506899599368518e6,2.3272156298616286e6,0.0,0.0,0.0,0.0
11678,3.517173280298175e6,2.331148861465833e6,0.0,0.0,0.0,0.0
11679,3.5280688619009345e6,2.3350820930700377e6,0.0,0.0,0.0,0.0
11680,3.538964443503694e6,2.3390153246742417e6,0.0,0.0,0.0,0.0
11681,3.516638670628514e6,2.336007586278446e6,0.0,0.0,0.0,0.0
11682,3.494312897753334e6,2.3329998478826503e6,0.0,0.0,0.0,0.0
11683,3.463303403161519e6,2.3299921094868546e6,0.0,0.0,0.0,0.0
11684,3.4322939085697047e6,2.326984371091059e6,0.0,0.0,0.0,0.0
11685,3.3994905640721926e6,2.3239766326952633e6,0.0,0.0,0.0,0.0
11686,3.366687219574681e6,2.3209688942994676e6,0.0,0.0,0.0,0.0
11687,3.3322953122372096e6,2.317961155903672e6,0.0,0.0,0.0,0.0
11688,3.2979034048997383e6,2.314953417507876e6,0.0,0.0,0.0,0.0
11689,3.262533773358275e6,2.3119456791120805e6,0.0,0.0,0.0,0.0
11690,3.227164141816812e6,2.308937940716285e6,0.0,0.0,0.0,0.0
11691,3.233664461172822e6,2.305930202320489e6,0.0,0.0,0.0,0.0
11692,3.240164780528832e6,2.3029224639246934e6,0.0,0.0,0.0,0.0
11693,3.205235421856261e6,2.300620522505152e6,0.0,0.0,0.0,0.0
11694,3.170306063183689e6,2.298318581085611e6,0.0,0.0,0.0,0.0
11695,3.1786939106771937e6,2.30029814306494e6,0.0,0.0,0.0,0.0
11696,3.1870817581706983e6,2.3022777050442686e6,0.0,0.0,0.0,0.0
11697,3.19658973267425e6,2.306210936648473e6,0.0,0.0,0.0,0.0
11698,3.2060977071778015e6,2.310144168252677e6,0.0,0.0,0.0,0.0
11699,3.2159092593218666e6,2.3140773998568812e6,0.0,0.0,0.0,0.0
11700,3.225720811465931e6,2.3180106314610858e6,0.0,0.0,0.0,0.0
11701,3.235436456876241e6,2.3219438630652903e6,0.0,0.0,0.0,0.0
11702,3.245152102286551e6,2.3258770946694943e6,0.0,0.0,0.0,0.0
11703,3.255390661480903e6,2.3298103262736984e6,0.0,0.0,0.0,0.0
11704,3.265629220675255e6,2.333743557877903e6,0.0,0.0,0.0,0.0
11705,3.2355714831314264e6,2.3376767894821074e6,0.0,0.0,0.0,0.0
11706,3.205513745587597e6,2.3416100210863114e6,0.0,0.0,0.0,0.0
11707,3.1751177665162403e6,2.341144948309066e6,0.0,0.0,0.0,0.0
11708,3.144721787444884e6,2.34067987553182e6,0.0,0.0,0.0,0.0
11709,3.1125846720747673e6,2.338959416359444e6,0.0,0.0,0.0,0.0
11710,3.0804475567046506e6,2.3372389571870686e6,0.0,0.0,0.0,0.0
11711,3.046296811589891e6,2.337729857181416e6,0.0,0.0,0.0,0.0
11712,3.0121460664751315e6,2.338220757175763e6,0.0,0.0,0.0,0.0
11713,2.976807600647334e6,2.3386288903005915e6,0.0,0.0,0.0,0.0
11714,2.941469134819536e6,2.33903702342542e6,0.0,0.0,0.0,0.0
11715,2.9062168812403455e6,2.3395159526450345e6,0.0,0.0,0.0,0.0
11716,2.870964627661155e6,2.3399948818646492e6,0.0,0.0,0.0,0.0
11717,2.838453788248429e6,2.3391962044257363e6,0.0,0.0,0.0,0.0
11718,2.805942948835703e6,2.338397526986823e6,0.0,0.0,0.0,0.0
11719,2.777046769169391e6,2.3353897885910273e6,0.0,0.0,0.0,0.0
11720,2.748150589503079e6,2.3323820501952316e6,0.0,0.0,0.0,0.0
11721,2.760698948995753e6,2.329374311799436e6,0.0,0.0,0.0,0.0
11722,2.7732473084884277e6,2.32636657340364e6,0.0,0.0,0.0,0.0
11723,2.785573586133627e6,2.329509954395118e6,0.0,0.0,0.0,0.0
11724,2.7978998637788272e6,2.3326533353865957e6,0.0,0.0,0.0,0.0
11725,2.8102362401942713e6,2.3365865669908e6,0.0,0.0,0.0,0.0
11726,2.822572616609715e6,2.3405197985950042e6,0.0,0.0,0.0,0.0
11727,2.7943122536908383e6,2.341689903175229e6,0.0,0.0,0.0,0.0
11728,2.766051890771962e6,2.3428600077554537e6,0.0,0.0,0.0,0.0
11729,2.7385769461600157e6,2.339852269359658e6,0.0,0.0,0.0,0.0
11730,2.711102001548069e6,2.3368445309638623e6,0.0,0.0,0.0,0.0
11731,2.68254775561851e6,2.3338367925680666e6,0.0,0.0,0.0,0.0
11732,2.6539935096889506e6,2.330829054172271e6,0.0,0.0,0.0,0.0
11733,2.62283694601111e6,2.3278213157764752e6,0.0,0.0,0.0,0.0
11734,2.59168038233327e6,2.3248135773806795e6,0.0,0.0,0.0,0.0
11735,2.5580736224043397e6,2.321805838984884e6,0.0,0.0,0.0,0.0
11736,2.5244668624754096e6,2.318798100589088e6,0.0,0.0,0.0,0.0
11737,2.489597192904164e6,2.3157903621932925e6,0.0,0.0,0.0,0.0
11738,2.4547275233329185e6,2.312782623797497e6,0.0,0.0,0.0,0.0
11739,2.4203142909422494e6,2.309774885401701e6,0.0,0.0,0.0,0.0
11740,2.38590105855158e6,2.3067671470059054e6,0.0,0.0,0.0,0.0
11741,2.354287128632699e6,2.3037594086101097e6,0.0,0.0,0.0,0.0
11742,2.3226731987138186e6,2.300751670214314e6,0.0,0.0,0.0,0.0
11743,2.2947433460434447e6,2.2977439318185183e6,0.0,0.0,0.0,0.0
11744,2.266813493373071e6,2.2947361934227226e6,0.0,0.0,0.0,0.0
11745,2.27222533139451e6,2.291728455026927e6,0.0,0.0,0.0,0.0
11746,2.277637169415949e6,2.2887207166311312e6,0.0,0.0,0.0,0.0
11747,2.2911127689230293e6,2.2926539482353358e6,0.0,0.0,0.0,0.0
11748,2.3045883684301097e6,2.29658717983954e6,0.0,0.0,0.0,0.0
11749,2.3180482281742045e6,2.300520411443744e6,0.0,0.0,0.0,0.0
11750,2.3315080879182993e6,2.3044536430479484e6,0.0,0.0,0.0,0.0
11751,2.303515457326536e6,2.308386874652153e6,0.0,0.0,0.0,0.0
11752,2.2755228267347733e6,2.312320106256357e6,0.0,0.0,0.0,0.0
11753,2.248350252538503e6,2.3093123678605612e6,0.0,0.0,0.0,0.0
11754,2.221177678342233e6,2.3063046294647655e6,0.0,0.0,0.0,0.0
11755,2.1929103154170127e6,2.30329689106897e6,0.0,0.0,0.0,0.0
11756,2.1646429524917924e6,2.300289152673174e6,0.0,0.0,0.0,0.0
11757,2.1342813422096716e6,2.2972814142773785e6,0.0,0.0,0.0,0.0
11758,2.1039197319275513e6,2.294273675881583e6,0.0,0.0,0.0,0.0
11759,2.0709274063924872e6,2.291265937485787e6,0.0,0.0,0.0,0.0
11760,2.037935080857423e6,2.2882581990899914e6,0.0,0.0,0.0,0.0
11761,2.0034583786327695e6,2.2852504606941957e6,0.0,0.0,0.0,0.0
11762,1.9689816764081158e6,2.2822427222984e6,0.0,0.0,0.0,0.0
11763,1.9346769800954706e6,2.2792349839026043e6,0.0,0.0,0.0,0.0
11764,1.9003722837828253e6,2.2762272455068086e6,0.0,0.0,0.0,0.0
11765,1.868773072644385e6,2.2796099602511344e6,0.0,0.0,0.0,0.0
11766,1.837173861505945e6,2.28299267499546e6,0.0,0.0,0.0,0.0
11767,1.8088562547714077e6,2.286925906599664e6,0.0,0.0,0.0,0.0
11768,1.7805386480368704e6,2.2908591382038686e6,0.0,0.0,0.0,0.0
11769,1.757737145105932e6,2.2937437789600277e6,0.0,0.0,0.0,0.0
11770,1.7349356421749936e6,2.296628419716187e6,0.0,0.0,0.0,0.0
11771,1.748217103716374e6,2.3005616513203913e6,0.0,0.0,0.0,0.0
11772,1.7614985652577544e6,2.3044948829245954e6,0.0,0.0,0.0,0.0
11773,1.7745055751688862e6,2.3084281145287994e6,0.0,0.0,0.0,0.0
11774,1.7875125850800178e6,2.312361346133004e6,0.0,0.0,0.0,0.0
11775,1.7596382201348094e6,2.3162945777372085e6,0.0,0.0,0.0,0.0
11776,1.731763855189601e6,2.3202278093414125e6,0.0,0.0,0.0,0.0
11777,1.704846746158109e6,2.317220070945617e6,0.0,0.0,0.0,0.0
11778,1.6779296371266174e6,2.314212332549821e6,0.0,0.0,0.0,0.0
11779,1.6502869626984869e6,2.3112045941540254e6,0.0,0.0,0.0,0.0
11780,1.6226442882703564e6,2.3081968557582297e6,0.0,0.0,0.0,0.0
11781,1.5926668323039028e6,2.305189117362434e6,0.0,0.0,0.0,0.0
11782,1.5626893763374493e6,2.3021813789666384e6,0.0,0.0,0.0,0.0
11783,1.5303202923215656e6,2.2991736405708427e6,0.0,0.0,0.0,0.0
11784,1.4979512083056818e6,2.296165902175047e6,0.0,0.0,0.0,0.0
11785,1.4642529424462628e6,2.291442400808518e6,0.0,0.0,0.0,0.0
11786,1.4305546765868438e6,2.286718899441989e6,0.0,0.0,0.0,0.0
11787,1.3970738540131599e6,2.2819953980754605e6,0.0,0.0,0.0,0.0
11788,1.3635930314394757e6,2.2772718967089313e6,0.0,0.0,0.0,0.0
11789,1.332340748553221e6,2.272548395342402e6,0.0,0.0,0.0,0.0
11790,1.3010884656669665e6,2.2678248939758735e6,0.0,0.0,0.0,0.0
11791,1.2737956932587582e6,2.263101392609345e6,0.0,0.0,0.0,0.0
11792,1.2465029208505496e6,2.2583778912428156e6,0.0,0.0,0.0,0.0
11793,1.2455771529286446e6,2.2536543898762865e6,0.0,0.0,0.0,0.0
11794,1.2446513850067395e6,2.248930888509758e6,0.0,0.0,0.0,0.0
11795,1.258438865776937e6,2.244207387143229e6,0.0,0.0,0.0,0.0
11796,1.2722263465471347e6,2.2394838857767e6,0.0,0.0,0.0,0.0
11797,1.286029898886317e6,2.234760384410171e6,0.0,0.0,0.0,0.0
11798,1.2998334512254994e6,2.230036883043642e6,0.0,0.0,0.0,0.0
11799,1.2725000663033654e6,2.2300716366787953e6,0.0,0.0,0.0,0.0
11800,1.2451666813812316e6,2.230106390313948e6,0.0,0.0,0.0,0.0
11801,1.2191302370311413e6,2.225382888947419e6,0.0,0.0,0.0,0.0
11802,1.1930937926810512e6,2.22065938758089e6,0.0,0.0,0.0,0.0
11803,1.1656564243828862e6,2.2159358862143615e6,0.0,0.0,0.0,0.0
11804,1.138219056084721e6,2.2112123848478324e6,0.0,0.0,0.0,0.0
11805,1.1083213809554656e6,2.206488883481303e6,0.0,0.0,0.0,0.0
11806,1.0784237058262103e6,2.2017653821147745e6,0.0,0.0,0.0,0.0
11807,1.0462777317852245e6,2.197041880748246e6,0.0,0.0,0.0,0.0
11808,1.0141317577442388e6,2.1923183793817167e6,0.0,0.0,0.0,0.0
11809,980482.5415051621,2.1875948780151876e6,0.0,0.0,0.0,0.0
11810,946833.3252660853,2.182871376648659e6,0.0,0.0,0.0,0.0
11811,913333.3252333913,2.17814787528213e6,0.0,0.0,0.0,0.0
11812,879833.325200697,2.173424373915601e6,0.0,0.0,0.0,0.0
11813,848497.7562000742,2.170352601766967e6,0.0,0.0,0.0,0.0
11814,817162.1871994513,2.167280829618334e6,0.0,0.0,0.0,0.0
11815,789809.3816895825,2.167346487142615e6,0.0,0.0,0.0,0.0
11816,762456.5761797137,2.1674121446668957e6,0.0,0.0,0.0,0.0
11817,769155.1965079622,2.1678982719251784e6,0.0,0.0,0.0,0.0
11818,775853.8168362107,2.1683843991834605e6,0.0,0.0,0.0,0.0
11819,789649.1743786503,2.1706018678169316e6,0.0,0.0,0.0,0.0
11820,803444.53192109,2.1728193364504026e6,0.0,0.0,0.0,0.0
11821,816806.8206716814,2.1750368050838737e6,0.0,0.0,0.0,0.0
11822,830169.1094222729,2.1772542737173447e6,0.0,0.0,0.0,0.0
11823,819670.9460408082,2.179471742350816e6,0.0,0.0,0.0,0.0
11824,809172.7826593436,2.181689210984287e6,0.0,0.0,0.0,0.0
11825,782038.7047783136,2.183906679617758e6,0.0,0.0,0.0,0.0
11826,754904.6268972836,2.186124148251229e6,0.0,0.0,0.0,0.0
11827,726154.8116691476,2.1883416168847e6,0.0,0.0,0.0,0.0
11828,697404.9964410114,2.190559085518171e6,0.0,0.0,0.0,0.0
11829,666316.3164614826,2.192776554151642e6,0.0,0.0,0.0,0.0
11830,635227.6364819536,2.194994022785113e6,0.0,0.0,0.0,0.0
11831,611994.0876805426,2.1972114914185842e6,0.0,0.0,0.0,0.0
11832,588760.5388791318,2.1994289600520553e6,0.0,0.0,0.0,0.0
11833,574874.8014156921,2.2016464286855264e6,0.0,0.0,0.0,0.0
11834,560989.0639522523,2.2038638973189974e6,0.0,0.0,0.0,0.0
11835,547614.8226081211,2.2060813659524685e6,0.0,0.0,0.0,0.0
11836,534240.5812639899,2.2082988345859395e6,0.0,0.0,0.0,0.0
11837,518975.5765150485,2.2105163032194106e6,0.0,0.0,0.0,0.0
11838,503710.57176610705,2.2127337718528816e6,0.0,0.0,0.0,0.0
11839,485263.554297479,2.2149512404863527e6,0.0,0.0,0.0,0.0
11840,466816.536828851,2.2171687091198238e6,0.0,0.0,0.0,0.0
11841,477734.32465551514,2.219386177753295e6,0.0,0.0,0.0,0.0
11842,488652.1124821793,2.221603646386766e6,0.0,0.0,0.0,0.0
11843,499762.493566697,2.223821115020237e6,0.0,0.0,0.0,0.0
11844,510872.87465121475,2.226038583653708e6,0.0,0.0,0.0,0.0
11845,521391.6879463672,2.228256052287179e6,0.0,0.0,0.0,0.0
11846,531910.5012415196,2.23047352092065e6,0.0,0.0,0.0,0.0
11847,542828.3483928398,2.232690989554121e6,0.0,0.0,0.0,0.0
11848,553746.1955441601,2.234908458187592e6,0.0,0.0,0.0,0.0
11849,565560.2495981017,2.2371259268210633e6,0.0,0.0,0.0,0.0
11850,577374.3036520432,2.2393433954545343e6,0.0,0.0,0.0,0.0
11851,587573.4652428997,2.2415608640880054e6,0.0,0.0,0.0,0.0
11852,597772.6268337561,2.2437783327214764e6,0.0,0.0,0.0,0.0
11853,606008.773947303,2.2459958013549475e6,0.0,0.0,0.0,0.0
11854,614244.9210608497,2.2482132699884186e6,0.0,0.0,0.0,0.0
11855,621036.2347503416,2.2504307386218896e6,0.0,0.0,0.0,0.0
11856,627827.5484398337,2.2526482072553607e6,0.0,0.0,0.0,0.0
11857,633447.0266508667,2.2548656758888317e6,0.0,0.0,0.0,0.0
11858,639066.5048618997,2.257083144522303e6,0.0,0.0,0.0,0.0
11859,644374.5916618672,2.259300613155774e6,0.0,0.0,0.0,0.0
11860,649682.6784618347,2.261518081789245e6,0.0,0.0,0.0,0.0
11861,655355.8457427276,2.263735550422716e6,0.0,0.0,0.0,0.0
11862,661029.0130236205,2.265953019056187e6,0.0,0.0,0.0,0.0
11863,668090.7635681131,2.268170487689658e6,0.0,0.0,0.0,0.0
11864,675152.5141126057,2.270387956323129e6,0.0,0.0,0.0,0.0
11865,684100.694208205,2.2726054249566e6,0.0,0.0,0.0,0.0
11866,693048.8743038044,2.2748228935900712e6,0.0,0.0,0.0,0.0
11867,702853.6943885421,2.2770403622235423e6,0.0,0.0,0.0,0.0
11868,712658.5144732799,2.2792578308570134e6,0.0,0.0,0.0,0.0
11869,722922.154526588,2.2814752994904844e6,0.0,0.0,0.0,0.0
11870,733185.7945798963,2.2836927681239555e6,0.0,0.0,0.0,0.0
11871,744698.1100234226,2.2859102367574265e6,0.0,0.0,0.0,0.0
11872,756210.4254669491,2.2881277053908976e6,0.0,0.0,0.0,0.0
11873,769458.2145031143,2.2840249048650106e6,0.0,0.0,0.0,0.0
11874,782706.0035392797,2.2799221043391237e6,0.0,0.0,0.0,0.0
11875,794958.5753769521,2.275198602972595e6,0.0,0.0,0.0,0.0
11876,807211.1472146243,2.270475101606066e6,0.0,0.0,0.0,0.0
11877,817144.1644134131,2.2657516002395367e6,0.0,0.0,0.0,0.0
11878,827077.181612202,2.261028098873008e6,0.0,0.0,0.0,0.0
11879,834534.891059217,2.2563045975064794e6,0.0,0.0,0.0,0.0
11880,841992.600506232,2.25158109613995e6,0.0,0.0,0.0,0.0
11881,847595.978868717,2.246857594773421e6,0.0,0.0,0.0,0.0
11882,853199.357231202,2.2421340934068924e6,0.0,0.0,0.0,0.0
11883,858771.9997889326,2.2395195136988084e6,0.0,0.0,0.0,0.0
11884,864344.6423466633,2.2369049339907244e6,0.0,0.0,0.0,0.0
11885,872598.5690328518,2.23703650639251e6,0.0,0.0,0.0,0.0
11886,880852.4957190405,2.237168078794296e6,0.0,0.0,0.0,0.0
11887,892920.7697597588,2.232444577427767e6,0.0,0.0,0.0,0.0
11888,904989.043800477,2.227721076061238e6,0.0,0.0,0.0,0.0
11889,916967.8934787416,2.222997574694709e6,0.0,0.0,0.0,0.0
11890,928946.7431570061,2.2182740733281802e6,0.0,0.0,0.0,0.0
11891,940396.189623815,2.2150545632171114e6,0.0,0.0,0.0,0.0
11892,951845.636090624,2.2118350531060426e6,0.0,0.0,0.0,0.0
11893,962907.0795811778,2.212693377478876e6,0.0,0.0,0.0,0.0
11894,973968.5230717314,2.2135517018517093e6,0.0,0.0,0.0,0.0
11895,985526.1362140838,2.2157691704851803e6,0.0,0.0,0.0,0.0
11896,997083.7493564361,2.2179866391186514e6,0.0,0.0,0.0,0.0
11897,1.0097360887434368e6,2.2132631377521222e6,0.0,0.0,0.0,0.0
11898,1.0223884281304376e6,2.2085396363855936e6,0.0,0.0,0.0,0.0
11899,1.0338490628299555e6,2.203816135019065e6,0.0,0.0,0.0,0.0
11900,1.0453096975294733e6,2.1990926336525357e6,0.0,0.0,0.0,0.0
11901,1.0545094801786044e6,2.1943691322860066e6,0.0,0.0,0.0,0.0
11902,1.0637092628277356e6,2.189645630919478e6,0.0,0.0,0.0,0.0
11903,1.0707339195113631e6,2.184922129552949e6,0.0,0.0,0.0,0.0
11904,1.0777585761949907e6,2.18019862818642e6,0.0,0.0,0.0,0.0
11905,1.083932868555559e6,2.175475126819891e6,0.0,0.0,0.0,0.0
11906,1.0901071609161275e6,2.1707516254533622e6,0.0,0.0,0.0,0.0
11907,1.0962421091348308e6,2.1729690940868333e6,0.0,0.0,0.0,0.0
11908,1.102377057353534e6,2.1751865627203044e6,0.0,0.0,0.0,0.0
11909,1.1110287634139117e6,2.1774040313537754e6,0.0,0.0,0.0,0.0
11910,1.1196804694742893e6,2.1796214999872465e6,0.0,0.0,0.0,0.0
11911,1.1322238113016314e6,2.1818389686207175e6,0.0,0.0,0.0,0.0
11912,1.1447671531289737e6,2.1840564372541886e6,0.0,0.0,0.0,0.0
11913,1.1575491029826985e6,2.1862739058876596e6,0.0,0.0,0.0,0.0
11914,1.1703310528364233e6,2.1884913745211307e6,0.0,0.0,0.0,0.0
11915,1.182672404175127e6,2.1907088431546018e6,0.0,0.0,0.0,0.0
11916,1.1950137555138306e6,2.192926311788073e6,0.0,0.0,0.0,0.0
11917,1.2068251559940367e6,2.195143780421544e6,0.0,0.0,0.0,0.0
11918,1.2186365564742428e6,2.197361249055015e6,0.0,0.0,0.0,0.0
11919,1.2310839162668167e6,2.199578717688486e6,0.0,0.0,0.0,0.0
11920,1.2435312760593905e6,2.201796186321957e6,0.0,0.0,0.0,0.0
11921,1.2573556476822086e6,2.204013654955428e6,0.0,0.0,0.0,0.0
11922,1.2711800193050264e6,2.206231123588899e6,0.0,0.0,0.0,0.0
11923,1.2835983925639838e6,2.2015076222223705e6,0.0,0.0,0.0,0.0
11924,1.2960167658229414e6,2.1967841208558413e6,0.0,0.0,0.0,0.0
11925,1.3058946931627018e6,2.192060619489312e6,0.0,0.0,0.0,0.0
11926,1.3157726205024621e6,2.1873371181227835e6,0.0,0.0,0.0,0.0
11927,1.3235148406848656e6,2.182613616756255e6,0.0,0.0,0.0,0.0
11928,1.331257060867269e6,2.1778901153897257e6,0.0,0.0,0.0,0.0
11929,1.3380350150017997e6,2.1731666140231965e6,0.0,0.0,0.0,0.0
11930,1.3448129691363303e6,2.168443112656668e6,0.0,0.0,0.0,0.0
11931,1.3517831951278993e6,2.163719611290139e6,0.0,0.0,0.0,0.0
11932,1.3587534211194683e6,2.15899610992361e6,0.0,0.0,0.0,0.0
11933,1.3622685968012623e6,2.154272608557081e6,0.0,0.0,0.0,0.0
11934,1.3657837724830566e6,2.149549107190552e6,0.0,0.0,0.0,0.0
11935,1.3780323530601664e6,2.1448256058240235e6,0.0,0.0,0.0,0.0
11936,1.3902809336372758e6,2.1401021044574943e6,0.0,0.0,0.0,0.0
11937,1.4026707446174675e6,2.135378603090965e6,0.0,0.0,0.0,0.0
11938,1.4150605555976592e6,2.1306551017244365e6,0.0,0.0,0.0,0.0
11939,1.42756085915702e6,2.1260352033983953e6,0.0,0.0,0.0,0.0
11940,1.4400611627163808e6,2.121415305072354e6,0.0,0.0,0.0,0.0
11941,1.4523335201756195e6,2.1205018548949435e6,0.0,0.0,0.0,0.0
11942,1.4646058776348585e6,2.1195884047175334e6,0.0,0.0,0.0,0.0
11943,1.4776399991083257e6,2.115797424546987e6,0.0,0.0,0.0,0.0
11944,1.4906741205817927e6,2.11200644437644e6,0.0,0.0,0.0,0.0
11945,1.4635176306490437e6,2.107282943009911e6,0.0,0.0,0.0,0.0
11946,1.4363611407162948e6,2.102559441643382e6,0.0,0.0,0.0,0.0
11947,1.4079575627721848e6,2.097835940276853e6,0.0,0.0,0.0,0.0
11948,1.379553984828075e6,2.093112438910324e6,0.0,0.0,0.0,0.0
11949,1.3907688845952554e6,2.088388937543795e6,0.0,0.0,0.0,0.0
11950,1.401983784362436e6,2.0836654361772658e6,0.0,0.0,0.0,0.0
11951,1.4107754385257259e6,2.0789419348107367e6,0.0,0.0,0.0,0.0
11952,1.4195670926890157e6,2.0742184334442078e6,0.0,0.0,0.0,0.0
11953,1.4270240439616037e6,2.070581600009356e6,0.0,0.0,0.0,0.0
11954,1.4344809952341919e6,2.066944766574504e6,0.0,0.0,0.0,0.0
11955,1.4419832647761833e6,2.0633079331396522e6,0.0,0.0,0.0,0.0
11956,1.4494855343181745e6,2.0596710997048004e6,0.0,0.0,0.0,0.0
11957,1.4362617354048975e6,2.0560342662699486e6,0.0,0.0,0.0,0.0
11958,1.4230379364916205e6,2.0523974328350967e6,0.0,0.0,0.0,0.0
11959,1.437077216102459e6,2.048760599400245e6,0.0,0.0,0.0,0.0
11960,1.4511164957132973e6,2.045123765965393e6,0.0,0.0,0.0,0.0
11961,1.4649539463978289e6,2.0414869325305412e6,0.0,0.0,0.0,0.0
11962,1.4787913970823607e6,2.0378500990956894e6,0.0,0.0,0.0,0.0
11963,1.4919117830140383e6,2.0342132656608375e6,0.0,0.0,0.0,0.0
11964,1.505032168945716e6,2.0305764322259857e6,0.0,0.0,0.0,0.0
11965,1.518106776453564e6,2.0269395987911338e6,0.0,0.0,0.0,0.0
11966,1.5311813839614117e6,2.023302765356282e6,0.0,0.0,0.0,0.0
11967,1.526298445178859e6,2.0196659319214302e6,0.0,0.0,0.0,0.0
11968,1.5214155063963064e6,2.0160290984865783e6,0.0,0.0,0.0,0.0
11969,1.5212562984503342e6,2.0123922650517265e6,0.0,0.0,0.0,0.0
11970,1.521097090504362e6,2.0087554316168746e6,0.0,0.0,0.0,0.0
11971,1.5359820914886212e6,2.0051185981820228e6,0.0,0.0,0.0,0.0
11972,1.5508670924728801e6,2.001481764747171e6,0.0,0.0,0.0,0.0
11973,1.563237629411825e6,1.9978449313123191e6,0.0,0.0,0.0,0.0
11974,1.5756081663507696e6,1.9942080978774673e6,0.0,0.0,0.0,0.0
11975,1.5853606947494205e6,1.9905712644426154e6,0.0,0.0,0.0,0.0
11976,1.5951132231480714e6,1.9869344310077636e6,0.0,0.0,0.0,0.0
11977,1.600708258965946e6,1.9832975975729118e6,0.0,0.0,0.0,0.0
11978,1.6063032947838206e6,1.97966076413806e6,0.0,0.0,0.0,0.0
11979,1.6143892964764708e6,1.976023930703208e6,0.0,0.0,0.0,0.0
11980,1.6224752981691211e6,1.9723870972683562e6,0.0,0.0,0.0,0.0
11981,1.6323406985892823e6,1.9690365846635741e6,0.0,0.0,0.0,0.0
11982,1.6422060990094435e6,1.9656860720587918e6,0.0,0.0,0.0,0.0
11983,1.655337470767543e6,1.9640024078443698e6,0.0,0.0,0.0,0.0
11984,1.6684688425256424e6,1.9623187436299478e6,0.0,0.0,0.0,0.0
11985,1.681568693779462e6,1.9589944699054686e6,0.0,0.0,0.0,0.0
11986,1.6946685450332817e6,1.9556701961809897e6,0.0,0.0,0.0,0.0
11987,1.707082888008091e6,1.9543828095987875e6,0.0,0.0,0.0,0.0
11988,1.7194972309829001e6,1.9530954230165852e6,0.0,0.0,0.0,0.0
11989,1.7312100824976438e6,1.9563995595817333e6,0.0,0.0,0.0,0.0
11990,1.7429229340123874e6,1.9597036961468814e6,0.0,0.0,0.0,0.0
11991,1.7553516335885357e6,1.962450457007133e6,0.0,0.0,0.0,0.0
11992,1.7677803331646842e6,1.9651972178673847e6,0.0,0.0,0.0,0.0
11993,1.7816219337323536e6,1.9615603844325328e6,0.0,0.0,0.0,0.0
11994,1.7954635343000232e6,1.957923550997681e6,0.0,0.0,0.0,0.0
11995,1.8076633821511627e6,1.9542867175628291e6,0.0,0.0,0.0,0.0
11996,1.8198632300023022e6,1.9506498841279773e6,0.0,0.0,0.0,0.0
11997,1.8297303022149885e6,1.9470130506931255e6,0.0,0.0,0.0,0.0
11998,1.8395973744276746e6,1.9433762172582736e6,0.0,0.0,0.0,0.0
11999,1.8471810632663034e6,1.9397393838234218e6,0.0,0.0,0.0,0.0
12000,1.854764752104932e6,1.93610255038857e6,0.0,0.0,0.0,0.0
12001,1.8610256706406022e6,1.932465716953718e6,0.0,0.0,0.0,0.0
12002,1.8672865891762727e6,1.9288288835188663e6,0.0,0.0,0.0,0.0
12003,1.8732921531525282e6,1.9251920500840144e6,0.0,0.0,0.0,0.0
12004,1.879297717128784e6,1.9215552166491626e6,0.0,0.0,0.0,0.0
12005,1.8859995090470377e6,1.9190246482000952e6,0.0,0.0,0.0,0.0
12006,1.8927013009652914e6,1.916494079751028e6,0.0,0.0,0.0,0.0
12007,1.9009685208713529e6,1.9128572463161761e6,0.0,0.0,0.0,0.0
12008,1.909235740777414e6,1.9092204128813243e6,0.0,0.0,0.0,0.0
12009,1.9188335362021816e6,1.9055835794464725e6,0.0,0.0,0.0,0.0
12010,1.9284313316269494e6,1.9019467460116206e6,0.0,0.0,0.0,0.0
12011,1.9378546451372716e6,1.9052508825767688e6,0.0,0.0,0.0,0.0
12012,1.9472779586475939e6,1.908555019141917e6,0.0,0.0,0.0,0.0
12013,1.956590526377624e6,1.911859155707065e6,0.0,0.0,0.0,0.0
12014,1.9659030941076542e6,1.9151632922722131e6,0.0,0.0,0.0,0.0
12015,1.9767741053581052e6,1.9184674288373613e6,0.0,0.0,0.0,0.0
12016,1.9876451166085564e6,1.9217715654025094e6,0.0,0.0,0.0,0.0
12017,2.000497910324e6,1.9181347319676576e6,0.0,0.0,0.0,0.0
12018,2.0133507040394437e6,1.9144978985328057e6,0.0,0.0,0.0,0.0
12019,2.0247947891627531e6,1.910861065097954e6,0.0,0.0,0.0,0.0
12020,2.0362388742860623e6,1.907224231663102e6,0.0,0.0,0.0,0.0
12021,2.0461055678417268e6,1.9035873982282502e6,0.0,0.0,0.0,0.0
12022,2.0559722613973913e6,1.8999505647933984e6,0.0,0.0,0.0,0.0
12023,2.0643320163208297e6,1.8963137313585465e6,0.0,0.0,0.0,0.0
12024,2.0726917712442682e6,1.8926768979236947e6,0.0,0.0,0.0,0.0
12025,2.0798688047365244e6,1.892681378285511e6,0.0,0.0,0.0,0.0
12026,2.0870458382287808e6,1.8926858586473274e6,0.0,0.0,0.0,0.0
12027,2.0938572454840643e6,1.8959899952124755e6,0.0,0.0,0.0,0.0
12028,2.100668652739348e6,1.8992941317776237e6,0.0,0.0,0.0,0.0
12029,2.107945593393189e6,1.9025982683427718e6,0.0,0.0,0.0,0.0
12030,2.11522253404703e6,1.90590240490792e6,0.0,0.0,0.0,0.0
12031,2.123872060238694e6,1.909206541473068e6,0.0,0.0,0.0,0.0
12032,2.1325215864303582e6,1.9125106780382162e6,0.0,0.0,0.0,0.0
12033,2.1428010954513308e6,1.9158148146033643e6,0.0,0.0,0.0,0.0
12034,2.1530806044723038e6,1.9191189511685125e6,0.0,0.0,0.0,0.0
12035,2.163862360287003e6,1.9224230877336606e6,0.0,0.0,0.0,0.0
12036,2.174644116101702e6,1.9257272242988087e6,0.0,0.0,0.0,0.0
12037,2.1850718173254346e6,1.9290313608639569e6,0.0,0.0,0.0,0.0
12038,2.1954995185491676e6,1.932335497429105e6,0.0,0.0,0.0,0.0
12039,2.2074446442656354e6,1.9356396339942531e6,0.0,0.0,0.0,0.0
12040,2.2193897699821033e6,1.9389437705594013e6,0.0,0.0,0.0,0.0
12041,2.2333315142377727e6,1.940169671852725e6,0.0,0.0,0.0,0.0
12042,2.2472732584934416e6,1.9413955731460492e6,0.0,0.0,0.0,0.0
12043,2.2608858371514473e6,1.9377587397111973e6,0.0,0.0,0.0,0.0
12044,2.2744984158094525e6,1.9341219062763455e6,0.0,0.0,0.0,0.0
12045,2.2865626154352673e6,1.9304850728414936e6,0.0,0.0,0.0,0.0
12046,2.298626815061082e6,1.9268482394066418e6,0.0,0.0,0.0,0.0
12047,2.308585745890978e6,1.92321140597179e6,0.0,0.0,0.0,0.0
12048,2.318544676720874e6,1.9195745725369381e6,0.0,0.0,0.0,0.0
12049,2.326847542039494e6,1.9159377391020863e6,0.0,0.0,0.0,0.0
12050,2.3351504073581146e6,1.9123009056672344e6,0.0,0.0,0.0,0.0
12051,2.343054034550171e6,1.9098570731766992e6,0.0,0.0,0.0,0.0
12052,2.350957661742227e6,1.907413240686164e6,0.0,0.0,0.0,0.0
12053,2.3616922240386205e6,1.906864788280576e6,0.0,0.0,0.0,0.0
12054,2.372426786335014e6,1.9063163358749882e6,0.0,0.0,0.0,0.0
12055,2.3870057960624825e6,1.9039988072565342e6,0.0,0.0,0.0,0.0
12056,2.4015848057899517e6,1.9016812786380805e6,0.0,0.0,0.0,0.0
12057,2.415743876071498e6,1.8981083077237052e6,0.0,0.0,0.0,0.0
12058,2.4299029463530444e6,1.8945353368093297e6,0.0,0.0,0.0,0.0
12059,2.4436107973784846e6,1.8978394733744778e6,0.0,0.0,0.0,0.0
12060,2.457318648403925e6,1.901143609939626e6,0.0,0.0,0.0,0.0
12061,2.470585010152929e6,1.904447746504774e6,0.0,0.0,0.0,0.0
12062,2.483851371901933e6,1.9077518830699222e6,0.0,0.0,0.0,0.0
12063,2.4976884131725132e6,1.9110560196350703e6,0.0,0.0,0.0,0.0
12064,2.5115254544430934e6,1.9143601562002185e6,0.0,0.0,0.0,0.0
12065,2.5262118527614195e6,1.9107233227653666e6,0.0,0.0,0.0,0.0
12066,2.5408982510797456e6,1.9070864893305148e6,0.0,0.0,0.0,0.0
12067,2.554218323080309e6,1.903449655895663e6,0.0,0.0,0.0,0.0
12068,2.567538395080873e6,1.8998128224608111e6,0.0,0.0,0.0,0.0
12069,2.5785299371911916e6,1.8961759890259593e6,0.0,0.0,0.0,0.0
12070,2.5895214793015104e6,1.8925391555911074e6,0.0,0.0,0.0,0.0
12071,2.5982398863404524e6,1.8889023221562556e6,0.0,0.0,0.0,0.0
12072,2.606958293379394e6,1.8852654887214038e6,0.0,0.0,0.0,0.0
12073,2.6146923602132006e6,1.881628655286552e6,0.0,0.0,0.0,0.0
12074,2.622426427047007e6,1.8779918218517e6,0.0,0.0,0.0,0.0
12075,2.6302793729422316e6,1.8743549884168482e6,0.0,0.0,0.0,0.0
12076,2.638132318837456e6,1.8707181549819964e6,0.0,0.0,0.0,0.0
12077,2.648770384996631e6,1.8682275248135575e6,0.0,0.0,0.0,0.0
12078,2.659408451155806e6,1.8657368946451184e6,0.0,0.0,0.0,0.0
12079,2.67415585207253e6,1.8633911560944014e6,0.0,0.0,0.0,0.0
12080,2.688903252989254e6,1.8610454175436844e6,0.0,0.0,0.0,0.0
12081,2.7037105796669275e6,1.8598197030206267e6,0.0,0.0,0.0,0.0
12082,2.718517906344601e6,1.8585939884975692e6,0.0,0.0,0.0,0.0
12083,2.7332219823363717e6,1.8618981250627174e6,0.0,0.0,0.0,0.0
12084,2.7479260583281424e6,1.8652022616278655e6,0.0,0.0,0.0,0.0
12085,2.762098904992648e6,1.8685063981930136e6,0.0,0.0,0.0,0.0
12086,2.7762717516571535e6,1.8718105347581618e6,0.0,0.0,0.0,0.0
12087,2.7910590542467833e6,1.87511467132331e6,0.0,0.0,0.0,0.0
12088,2.8058463568364135e6,1.878418807888458e6,0.0,0.0,0.0,0.0
12089,2.8215866887320946e6,1.8747819744536062e6,0.0,0.0,0.0,0.0
12090,2.8373270206277757e6,1.8711451410187543e6,0.0,0.0,0.0,0.0
12091,2.851684428275799e6,1.8675083075839025e6,0.0,0.0,0.0,0.0
12092,2.866041835923822e6,1.8638714741490507e6,0.0,0.0,0.0,0.0
12093,2.8776950359339984e6,1.8602346407141988e6,0.0,0.0,0.0,0.0
12094,2.8893482359441747e6,1.856597807279347e6,0.0,0.0,0.0,0.0
12095,2.8980624924551714e6,1.8529609738444951e6,0.0,0.0,0.0,0.0
12096,2.906776748966168e6,1.8493241404096433e6,0.0,0.0,0.0,0.0
12097,2.9141349559192294e6,1.8456873069747915e6,0.0,0.0,0.0,0.0
12098,2.9214931628722902e6,1.8420504735399396e6,0.0,0.0,0.0,0.0
12099,2.9290409586304897e6,1.8384136401050878e6,0.0,0.0,0.0,0.0
12100,2.936588754388689e6,1.834776806670236e6,0.0,0.0,0.0,0.0
12101,2.9465802909114617e6,1.831139973235384e6,0.0,0.0,0.0,0.0
12102,2.9565718274342343e6,1.8275031398005323e6,0.0,0.0,0.0,0.0
12103,2.971050309726284e6,1.8238663063656804e6,0.0,0.0,0.0,0.0
12104,2.985528792018333e6,1.8202294729308286e6,0.0,0.0,0.0,0.0
12105,2.9996432903652713e6,1.8165926394959767e6,0.0,0.0,0.0,0.0
12106,3.0137577887122096e6,1.812955806061125e6,0.0,0.0,0.0,0.0
12107,3.027013991514434e6,1.8152361339596787e6,0.0,0.0,0.0,0.0
12108,3.040270194316659e6,1.8175164618582325e6,0.0,0.0,0.0,0.0
12109,3.053058103259147e6,1.8208205984233806e6,0.0,0.0,0.0,0.0
12110,3.0658460122016347e6,1.8241247349885288e6,0.0,0.0,0.0,0.0
12111,3.0797205182601875e6,1.827428871553677e6,0.0,0.0,0.0,0.0
12112,3.0935950243187402e6,1.830733008118825e6,0.0,0.0,0.0,0.0
12113,3.1085673974498375e6,1.8270961746839732e6,0.0,0.0,0.0,0.0
12114,3.123539770580935e6,1.8234593412491214e6,0.0,0.0,0.0,0.0
12115,3.1369148372060703e6,1.8198225078142695e6,0.0,0.0,0.0,0.0
12116,3.150289903831206e6,1.8161856743794177e6,0.0,0.0,0.0,0.0
12117,3.160718453900349e6,1.8125488409445658e6,0.0,0.0,0.0,0.0
12118,3.171147003969492e6,1.808912007509714e6,0.0,0.0,0.0,0.0
12119,3.1790853428151384e6,1.8052751740748622e6,0.0,0.0,0.0,0.0
12120,3.187023681660785e6,1.8016383406400103e6,0.0,0.0,0.0,0.0
12121,3.1939515591764543e6,1.7977875309583903e6,0.0,0.0,0.0,0.0
12122,3.2008794366921233e6,1.79393672127677e6,0.0,0.0,0.0,0.0
12123,3.207874732879055e6,1.79008591159515e6,0.0,0.0,0.0,0.0
12124,3.214870029065987e6,1.78623510191353e6,0.0,0.0,0.0,0.0
12125,3.2242473116436694e6,1.78238429223191e6,0.0,0.0,0.0,0.0
12126,3.233624594221351e6,1.7785334825502897e6,0.0,0.0,0.0,0.0
12127,3.247750463146531e6,1.7746826728686695e6,0.0,0.0,0.0,0.0
12128,3.2618763320717113e6,1.7708318631870495e6,0.0,0.0,0.0,0.0
12129,3.2756896230429797e6,1.7669810535054295e6,0.0,0.0,0.0,0.0
12130,3.289502914014248e6,1.7631302438238093e6,0.0,0.0,0.0,0.0
12131,3.3025555287121274e6,1.759279434142189e6,0.0,0.0,0.0,0.0
12132,3.315608143410006e6,1.7554286244605691e6,0.0,0.0,0.0,0.0
12133,3.329098346763579e6,1.7520733353804927e6,0.0,0.0,0.0,0.0
12134,3.3425885501171523e6,1.7487180463004166e6,0.0,0.0,0.0,0.0
12135,3.357158108486425e6,1.7448672366187964e6,0.0,0.0,0.0,0.0
12136,3.371727666855698e6,1.7410164269371764e6,0.0,0.0,0.0,0.0
12137,3.387277800125852e6,1.7371656172555564e6,0.0,0.0,0.0,0.0
12138,3.402827933396007e6,1.7333148075739362e6,0.0,0.0,0.0,0.0
12139,3.417170981390956e6,1.729463997892316e6,0.0,0.0,0.0,0.0
12140,3.4315140293859043e6,1.725613188210696e6,0.0,0.0,0.0,0.0
12141,3.4435220210895324e6,1.721762378529076e6,0.0,0.0,0.0,0.0
12142,3.455530012793161e6,1.7179115688474558e6,0.0,0.0,0.0,0.0
12143,3.4650131489373874e6,1.7140607591658356e6,0.0,0.0,0.0,0.0
12144,3.4744962850816143e6,1.7102099494842156e6,0.0,0.0,0.0,0.0
12145,3.482920946318314e6,1.7063591398025956e6,0.0,0.0,0.0,0.0
12146,3.4913456075550136e6,1.7025083301209754e6,0.0,0.0,0.0,0.0
12147,3.5000691016027215e6,1.6986575204393552e6,0.0,0.0,0.0,0.0
12148,3.5087925956504294e6,1.6948067107577352e6,0.0,0.0,0.0,0.0
12149,3.5204064224444544e6,1.6909559010761152e6,0.0,0.0,0.0,0.0
12150,3.5320202492384794e6,1.687105091394495e6,0.0,0.0,0.0,0.0
12151,3.5057856013190644e6,1.6832542817128748e6,0.0,0.0,0.0,0.0
12152,3.47955095339965e6,1.6794034720312548e6,0.0,0.0,0.0,0.0
12153,3.4603193059706325e6,1.6755526623496348e6,0.0,0.0,0.0,0.0
12154,3.4410876585416147e6,1.6717018526680146e6,0.0,0.0,0.0,0.0
12155,3.4458296218969887e6,1.6678510429863944e6,0.0,0.0,0.0,0.0
12156,3.4505715852523623e6,1.6640002333047744e6,0.0,0.0,0.0,0.0
12157,3.441106707520891e6,1.6603616966399355e6,0.0,0.0,0.0,0.0
12158,3.43164182978942e6,1.6567231599750966e6,0.0,0.0,0.0,0.0
12159,3.405891961090707e6,1.6528723502934766e6,0.0,0.0,0.0,0.0
12160,3.380142092391995e6,1.6490215406118564e6,0.0,0.0,0.0,0.0
12161,3.354574008815283e6,1.6451707309302362e6,0.0,0.0,0.0,0.0
12162,3.3290059252385707e6,1.6413199212486162e6,0.0,0.0,0.0,0.0
12163,3.343537833277312e6,1.6374691115669962e6,0.0,0.0,0.0,0.0
12164,3.358069741316053e6,1.633618301885376e6,0.0,0.0,0.0,0.0
12165,3.328868638650677e6,1.6297674922037558e6,0.0,0.0,0.0,0.0
12166,3.2996675359853012e6,1.6259166825221358e6,0.0,0.0,0.0,0.0
12167,3.2914672356592123e6,1.6220658728405158e6,0.0,0.0,0.0,0.0
12168,3.2832669353331234e6,1.6182150631588956e6,0.0,0.0,0.0,0.0
12169,3.290699281913992e6,1.6147705958680017e6,0.0,0.0,0.0,0.0
12170,3.298131628494861e6,1.611326128577108e6,0.0,0.0,0.0,0.0
12171,3.30587785260416e6,1.6136326452716512e6,0.0,0.0,0.0,0.0
12172,3.313624076713459e6,1.6159391619661944e6,0.0,0.0,0.0,0.0
12173,3.3219936740318886e6,1.6190293222845742e6,0.0,0.0,0.0,0.0
12174,3.330363271350318e6,1.6221194826029541e6,0.0,0.0,0.0,0.0
12175,3.341237018469813e6,1.6252096429213341e6,0.0,0.0,0.0,0.0
12176,3.3521107655893075e6,1.628299803239714e6,0.0,0.0,0.0,0.0
12177,3.364633815779276e6,1.6313899635580936e6,0.0,0.0,0.0,0.0
12178,3.3771568659692453e6,1.6344801238764736e6,0.0,0.0,0.0,0.0
12179,3.389838653964623e6,1.6375702841948536e6,0.0,0.0,0.0,0.0
12180,3.402520441960001e6,1.6406604445132334e6,0.0,0.0,0.0,0.0
12181,3.414852966410131e6,1.6437506048316131e6,0.0,0.0,0.0,0.0
12182,3.427185490860261e6,1.6468407651499931e6,0.0,0.0,0.0,0.0
12183,3.440395950204037e6,1.649930925468373e6,0.0,0.0,0.0,0.0
12184,3.4536064095478132e6,1.6530210857867529e6,0.0,0.0,0.0,0.0
12185,3.4288111088248966e6,1.6533392279730886e6,0.0,0.0,0.0,0.0
12186,3.4040158081019805e6,1.6536573701594241e6,0.0,0.0,0.0,0.0
12187,3.378394765939817e6,1.649806560477804e6,0.0,0.0,0.0,0.0
12188,3.3527737237776527e6,1.645955750796184e6,0.0,0.0,0.0,0.0
12189,3.3297021499908823e6,1.642104941114564e6,0.0,0.0,0.0,0.0
12190,3.306630576204112e6,1.6382541314329437e6,0.0,0.0,0.0,0.0
12191,3.287579377341442e6,1.6344033217513235e6,0.0,0.0,0.0,0.0
12192,3.2685281784787723e6,1.6305525120697035e6,0.0,0.0,0.0,0.0
12193,3.258280143718351e6,1.6269163982401849e6,0.0,0.0,0.0,0.0
12194,3.24803210895793e6,1.623280284410666e6,0.0,0.0,0.0,0.0
12195,3.255658864723743e6,1.6225729729801975e6,0.0,0.0,0.0,0.0
12196,3.2632856204895554e6,1.621865661549729e6,0.0,0.0,0.0,0.0
12197,3.2536911699075755e6,1.622078613173156e6,0.0,0.0,0.0,0.0
12198,3.244096719325596e6,1.622291564796583e6,0.0,0.0,0.0,0.0
12199,3.2522102562561696e6,1.620860815802928e6,0.0,0.0,0.0,0.0
12200,3.2603237931867437e6,1.6194300668092733e6,0.0,0.0,0.0,0.0
12201,3.271419597907476e6,1.617403249284993e6,0.0,0.0,0.0,0.0
12202,3.282515402628208e6,1.6153764317607123e6,0.0,0.0,0.0,0.0
12203,3.2940859007975403e6,1.6184665920790923e6,0.0,0.0,0.0,0.0
12204,3.3056563989668726e6,1.621556752397472e6,0.0,0.0,0.0,0.0
12205,3.316817063852893e6,1.6246469127158518e6,0.0,0.0,0.0,0.0
12206,3.327977728738914e6,1.6277370730342318e6,0.0,0.0,0.0,0.0
12207,3.306947271071838e6,1.6308272333526118e6,0.0,0.0,0.0,0.0
12208,3.285916813404762e6,1.6339173936709915e6,0.0,0.0,0.0,0.0
12209,3.2587564653907265e6,1.6311762607924493e6,0.0,0.0,0.0,0.0
12210,3.2315961173766907e6,1.6284351279139072e6,0.0,0.0,0.0,0.0
12211,3.2041005241455664e6,1.6245843182322872e6,0.0,0.0,0.0,0.0
12212,3.176604930914442e6,1.620733508550667e6,0.0,0.0,0.0,0.0
12213,3.1477274350095782e6,1.6168826988690468e6,0.0,0.0,0.0,0.0
12214,3.1188499391047144e6,1.6130318891874268e6,0.0,0.0,0.0,0.0
12215,3.0880887422642494e6,1.6091810795058068e6,0.0,0.0,0.0,0.0
12216,3.0573275454237848e6,1.6053302698241866e6,0.0,0.0,0.0,0.0
12217,3.0257904187964755e6,1.604010870329786e6,0.0,0.0,0.0,0.0
12218,2.9942532921691663e6,1.6026914708353854e6,0.0,0.0,0.0,0.0
12219,2.963490023453433e6,1.6057816311537651e6,0.0,0.0,0.0,0.0
12220,2.9327267547377e6,1.6088717914721451e6,0.0,0.0,0.0,0.0
12221,2.904706701565697e6,1.611961951790525e6,0.0,0.0,0.0,0.0
12222,2.8766866483936934e6,1.6150521121089049e6,0.0,0.0,0.0,0.0
12223,2.8514316113953763e6,1.6181422724272846e6,0.0,0.0,0.0,0.0
12224,2.826176574397059e6,1.6212324327456646e6,0.0,0.0,0.0,0.0
12225,2.8009936575855706e6,1.6243225930640446e6,0.0,0.0,0.0,0.0
12226,2.775810740774082e6,1.6274127533824244e6,0.0,0.0,0.0,0.0
12227,2.777111852128201e6,1.630502913700804e6,0.0,0.0,0.0,0.0
12228,2.7784129634823203e6,1.633593074019184e6,0.0,0.0,0.0,0.0
12229,2.7685023519408526e6,1.636683234337564e6,0.0,0.0,0.0,0.0
12230,2.7585917403993844e6,1.6397733946559438e6,0.0,0.0,0.0,0.0
12231,2.7326319072182947e6,1.6428635549743236e6,0.0,0.0,0.0,0.0
12232,2.706672074037205e6,1.6459537152927036e6,0.0,0.0,0.0,0.0
12233,2.681254850397135e6,1.6472460196333756e6,0.0,0.0,0.0,0.0
12234,2.6558376267570658e6,1.6485383239740473e6,0.0,0.0,0.0,0.0
12235,2.629914990624355e6,1.6446875142924273e6,0.0,0.0,0.0,0.0
12236,2.603992354491645e6,1.6408367046108071e6,0.0,0.0,0.0,0.0
12237,2.5762325345688853e6,1.636985894929187e6,0.0,0.0,0.0,0.0
12238,2.5484727146461257e6,1.633135085247567e6,0.0,0.0,0.0,0.0
12239,2.5174058140474437e6,1.629284275565947e6,0.0,0.0,0.0,0.0
12240,2.486338913448762e6,1.6254334658843267e6,0.0,0.0,0.0,0.0
12241,2.4733704769746894e6,1.6215826562027065e6,0.0,0.0,0.0,0.0
12242,2.4604020405006167e6,1.6177318465210865e6,0.0,0.0,0.0,0.0
12243,2.4545574174452582e6,1.6142769690546189e6,0.0,0.0,0.0,0.0
12244,2.4487127943899e6,1.6108220915881512e6,0.0,0.0,0.0,0.0
12245,2.431668437243415e6,1.6087672286890065e6,0.0,0.0,0.0,0.0
12246,2.4146240800969307e6,1.6067123657898617e6,0.0,0.0,0.0,0.0
12247,2.3878207278155102e6,1.6054367385370638e6,0.0,0.0,0.0,0.0
12248,2.3610173755340897e6,1.604161111284266e6,0.0,0.0,0.0,0.0
12249,2.3763996407160144e6,1.6036466576459897e6,0.0,0.0,0.0,0.0
12250,2.391781905897939e6,1.6031322040077131e6,0.0,0.0,0.0,0.0
12251,2.406644421667574e6,1.6062223643260929e6,0.0,0.0,0.0,0.0
12252,2.4215069374372084e6,1.6093125246444729e6,0.0,0.0,0.0,0.0
12253,2.4362445592495827e6,1.6124026849628529e6,0.0,0.0,0.0,0.0
12254,2.4509821810619566e6,1.6154928452812326e6,0.0,0.0,0.0,0.0
12255,2.4437435335397385e6,1.6185830055996124e6,0.0,0.0,0.0,0.0
12256,2.43650488601752e6,1.6216731659179924e6,0.0,0.0,0.0,0.0
12257,2.4489770079080365e6,1.6219522790796096e6,0.0,0.0,0.0,0.0
12258,2.461449129798553e6,1.6222313922412265e6,0.0,0.0,0.0,0.0
12259,2.4345428625488407e6,1.6183805825596065e6,0.0,0.0,0.0,0.0
12260,2.4076365952991284e6,1.6145297728779863e6,0.0,0.0,0.0,0.0
12261,2.4202263286664067e6,1.610678963196366e6,0.0,0.0,0.0,0.0
12262,2.432816062033685e6,1.606828153514746e6,0.0,0.0,0.0,0.0
12263,2.411241836286963e6,1.6029773438331261e6,0.0,0.0,0.0,0.0
12264,2.3896676105402415e6,1.599126534151506e6,0.0,0.0,0.0,0.0
12265,2.3559449697780255e6,1.5952757244698857e6,0.0,0.0,0.0,0.0
12266,2.32222232901581e6,1.5914249147882657e6,0.0,0.0,0.0,0.0
12267,2.288741981255576e6,1.5875741051066457e6,0.0,0.0,0.0,0.0
12268,2.2552616334953425e6,1.5837232954250255e6,0.0,0.0,0.0,0.0
12269,2.22534458391082e6,1.5868134557434055e6,0.0,0.0,0.0,0.0
12270,2.1954275343262977e6,1.5899036160617853e6,0.0,0.0,0.0,0.0
12271,2.169778966309677e6,1.592993776380165e6,0.0,0.0,0.0,0.0
12272,2.1441303982930556e6,1.596083936698545e6,0.0,0.0,0.0,0.0
12273,2.1185980018627592e6,1.5932194158247951e6,0.0,0.0,0.0,0.0
12274,2.0930656054324629e6,1.590354894951045e6,0.0,0.0,0.0,0.0
12275,2.0672740659640497e6,1.5934450552694248e6,0.0,0.0,0.0,0.0
12276,2.0414825264956362e6,1.5965352155878048e6,0.0,0.0,0.0,0.0
12277,2.0155080443653152e6,1.5996253759061848e6,0.0,0.0,0.0,0.0
12278,1.9895335622349945e6,1.6027155362245645e6,0.0,0.0,0.0,0.0
12279,1.9639361223936789e6,1.6058056965429443e6,0.0,0.0,0.0,0.0
12280,1.9383386825523635e6,1.6088958568613243e6,0.0,0.0,0.0,0.0
12281,1.913301906026634e6,1.605045047179704e6,0.0,0.0,0.0,0.0
12282,1.8882651295009046e6,1.601194237498084e6,0.0,0.0,0.0,0.0
12283,1.8625351223491912e6,1.597343427816464e6,0.0,0.0,0.0,0.0
12284,1.8368051151974779e6,1.593492618134844e6,0.0,0.0,0.0,0.0
12285,1.8084954672802114e6,1.5896418084532237e6,0.0,0.0,0.0,0.0
12286,1.780185819362945e6,1.5857909987716037e6,0.0,0.0,0.0,0.0
12287,1.748588258913185e6,1.5819401890899837e6,0.0,0.0,0.0,0.0
12288,1.716990698463425e6,1.5780893794083635e6,0.0,0.0,0.0,0.0
12289,1.683770143350928e6,1.574005018024273e6,0.0,0.0,0.0,0.0
12290,1.650549588238431e6,1.5699206566401825e6,0.0,0.0,0.0,0.0
12291,1.6175843828824305e6,1.565836295256092e6,0.0,0.0,0.0,0.0
12292,1.58461917752643e6,1.5617519338720015e6,0.0,0.0,0.0,0.0
12293,1.5547514764146414e6,1.557667572487911e6,0.0,0.0,0.0,0.0
12294,1.5248837753028525e6,1.5535832111038205e6,0.0,0.0,0.0,0.0
12295,1.498987442570374e6,1.54949884971973e6,0.0,0.0,0.0,0.0
12296,1.4730911098378957e6,1.5454144883356395e6,0.0,0.0,0.0,0.0
12297,1.4472766873362742e6,1.541330126951549e6,0.0,0.0,0.0,0.0
12298,1.4214622648346527e6,1.5372457655674585e6,0.0,0.0,0.0,0.0
12299,1.395500494886728e6,1.5332972511848412e6,0.0,0.0,0.0,0.0
12300,1.3695387249388036e6,1.5293487368022236e6,0.0,0.0,0.0,0.0
12301,1.3430368424579701e6,1.5322053454181333e6,0.0,0.0,0.0,0.0
12302,1.316534959977137e6,1.5350619540340428e6,0.0,0.0,0.0,0.0
12303,1.2901252701393657e6,1.5379185626499522e6,0.0,0.0,0.0,0.0
12304,1.2637155803015945e6,1.540775171265862e6,0.0,0.0,0.0,0.0
12305,1.2379972696229988e6,1.5366908098817714e6,0.0,0.0,0.0,0.0
12306,1.212278958944403e6,1.532606448497681e6,0.0,0.0,0.0,0.0
12307,1.1850115622092958e6,1.5285220871135904e6,0.0,0.0,0.0,0.0
12308,1.1577441654741885e6,1.5244377257295e6,0.0,0.0,0.0,0.0
12309,1.1278329618491328e6,1.5203533643454094e6,0.0,0.0,0.0,0.0
12310,1.097921758224077e6,1.516269002961319e6,0.0,0.0,0.0,0.0
12311,1.064777875619392e6,1.5121846415772284e6,0.0,0.0,0.0,0.0
12312,1.0316339930147066e6,1.508100280193138e6,0.0,0.0,0.0,0.0
12313,1.0042671888382051e6,1.5049803282912464e6,0.0,0.0,0.0,0.0
12314,976900.3846617035,1.501860376389355e6,0.0,0.0,0.0,0.0
12315,958881.3420697028,1.502242117151504e6,0.0,0.0,0.0,0.0
12316,940862.2994777021,1.5026238579136527e6,0.0,0.0,0.0,0.0
12317,914330.2224747804,1.5048592901148573e6,0.0,0.0,0.0,0.0
12318,887798.1454718588,1.5070947223160618e6,0.0,0.0,0.0,0.0
12319,859936.2971088763,1.5059703246721649e6,0.0,0.0,0.0,0.0
12320,832074.4487458937,1.504845927028268e6,0.0,0.0,0.0,0.0
12321,846032.3336416567,1.5007615656441776e6,0.0,0.0,0.0,0.0
12322,859990.2185374198,1.496677204260087e6,0.0,0.0,0.0,0.0
12323,873108.9643120621,1.4965211399791404e6,0.0,0.0,0.0,0.0
12324,886227.7100867045,1.4963650756981939e6,0.0,0.0,0.0,0.0
12325,898643.0487232457,1.4992216843141033e6,0.0,0.0,0.0,0.0
12326,911058.387359787,1.502078292930013e6,0.0,0.0,0.0,0.0
12327,923729.8026410936,1.5049349015459227e6,0.0,0.0,0.0,0.0
12328,936401.2179224002,1.5077915101618322e6,0.0,0.0,0.0,0.0
12329,949554.0613767668,1.5037071487777417e6,0.0,0.0,0.0,0.0
12330,962706.9048311332,1.4996227873936512e6,0.0,0.0,0.0,0.0
12331,974401.1372213729,1.4955384260095607e6,0.0,0.0,0.0,0.0
12332,986095.3696116126,1.4914540646254702e6,0.0,0.0,0.0,0.0
12333,995418.8142694451,1.4873697032413797e6,0.0,0.0,0.0,0.0
12334,1.0047422589272778e6,1.4832853418572892e6,0.0,0.0,0.0,0.0
12335,1.0118780933941461e6,1.4792009804731987e6,0.0,0.0,0.0,0.0
12336,1.0190139278610145e6,1.4751166190891082e6,0.0,0.0,0.0,0.0
12337,1.0248955216682064e6,1.4710322577050177e6,0.0,0.0,0.0,0.0
12338,1.0307771154753984e6,1.4669478963209272e6,0.0,0.0,0.0,0.0
12339,1.0365280019129127e6,1.4628635349368367e6,0.0,0.0,0.0,0.0
12340,1.042278888350427e6,1.4587791735527462e6,0.0,0.0,0.0,0.0
12341,1.0490847980479293e6,1.4546948121686557e6,0.0,0.0,0.0,0.0
12342,1.0558907077454315e6,1.4506104507845652e6,0.0,0.0,0.0,0.0
12343,1.0649186934854984e6,1.4465260894004747e6,0.0,0.0,0.0,0.0
12344,1.0739466792255654e6,1.4424417280163842e6,0.0,0.0,0.0,0.0
12345,1.0850568990696883e6,1.4383573666322937e6,0.0,0.0,0.0,0.0
12346,1.0961671189138112e6,1.4342730052482032e6,0.0,0.0,0.0,0.0
12347,1.107506606265808e6,1.4371296138641126e6,0.0,0.0,0.0,0.0
12348,1.1188460936178046e6,1.4399862224800223e6,0.0,0.0,0.0,0.0
12349,1.1297671925146084e6,1.442842831095932e6,0.0,0.0,0.0,0.0
12350,1.1406882914114122e6,1.4456994397118415e6,0.0,0.0,0.0,0.0
12351,1.152650107924464e6,1.448556048327751e6,0.0,0.0,0.0,0.0
12352,1.1646119244375157e6,1.4514126569436607e6,0.0,0.0,0.0,0.0
12353,1.1774632733385786e6,1.4473282955595702e6,0.0,0.0,0.0,0.0
12354,1.1903146222396418e6,1.4432439341754797e6,0.0,0.0,0.0,0.0
12355,1.2013283692887432e6,1.4391595727913892e6,0.0,0.0,0.0,0.0
12356,1.2123421163378446e6,1.4350752114072987e6,0.0,0.0,0.0,0.0
12357,1.221081307973532e6,1.4309908500232082e6,0.0,0.0,0.0,0.0
12358,1.2298204996092196e6,1.4269064886391177e6,0.0,0.0,0.0,0.0
12359,1.2369868336988548e6,1.4228221272550272e6,0.0,0.0,0.0,0.0
12360,1.2441531677884902e6,1.4187377658709367e6,0.0,0.0,0.0,0.0
12361,1.2500202531590795e6,1.4146534044868462e6,0.0,0.0,0.0,0.0
12362,1.2558873385296687e6,1.4105690431027557e6,0.0,0.0,0.0,0.0
12363,1.2615336512594877e6,1.4091730173392803e6,0.0,0.0,0.0,0.0
12364,1.2671799639893067e6,1.4077769915758052e6,0.0,0.0,0.0,0.0
12365,1.2729823035564716e6,1.409421360154026e6,0.0,0.0,0.0,0.0
12366,1.2787846431236363e6,1.4110657287322467e6,0.0,0.0,0.0,0.0
12367,1.2854069303461402e6,1.4118743036254789e6,0.0,0.0,0.0,0.0
12368,1.292029217568644e6,1.4126828785187113e6,0.0,0.0,0.0,0.0
12369,1.300044862836184e6,1.4112162472670018e6,0.0,0.0,0.0,0.0
12370,1.308060508103724e6,1.4097496160152925e6,0.0,0.0,0.0,0.0
12371,1.317030817036168e6,1.412606224631202e6,0.0,0.0,0.0,0.0
12372,1.3260011259686118e6,1.4154628332471116e6,0.0,0.0,0.0,0.0
12373,1.3346496626661108e6,1.4183194418630213e6,0.0,0.0,0.0,0.0
12374,1.3432981993636098e6,1.4211760504789308e6,0.0,0.0,0.0,0.0
12375,1.353096435205107e6,1.4240326590948403e6,0.0,0.0,0.0,0.0
12376,1.3628946710466046e6,1.42688926771075e6,0.0,0.0,0.0,0.0
12377,1.3738551377070523e6,1.4228049063266595e6,0.0,0.0,0.0,0.0
12378,1.3848156043675002e6,1.418720544942569e6,0.0,0.0,0.0,0.0
12379,1.3952918317181827e6,1.4146361835584785e6,0.0,0.0,0.0,0.0
12380,1.405768059068865e6,1.410551822174388e6,0.0,0.0,0.0,0.0
12381,1.4150012997391382e6,1.4064674607902975e6,0.0,0.0,0.0,0.0
12382,1.4242345404094113e6,1.402383099406207e6,0.0,0.0,0.0,0.0
12383,1.431835830240433e6,1.3982987380221165e6,0.0,0.0,0.0,0.0
12384,1.4394371200714551e6,1.394214376638026e6,0.0,0.0,0.0,0.0
12385,1.4460372545515555e6,1.3901300152539355e6,0.0,0.0,0.0,0.0
12386,1.4526373890316559e6,1.386045653869845e6,0.0,0.0,0.0,0.0
12387,1.459533370248975e6,1.3819612924857545e6,0.0,0.0,0.0,0.0
12388,1.4664293514662941e6,1.377876931101664e6,0.0,0.0,0.0,0.0
12389,1.4760908412160221e6,1.3780665631602108e6,0.0,0.0,0.0,0.0
12390,1.48575233096575e6,1.3782561952187575e6,0.0,0.0,0.0,0.0
12391,1.4998255055169084e6,1.374171833834667e6,0.0,0.0,0.0,0.0
12392,1.5138986800680668e6,1.3700874724505765e6,0.0,0.0,0.0,0.0
12393,1.527797264890797e6,1.366003111066486e6,0.0,0.0,0.0,0.0
12394,1.541695849713527e6,1.3619187496823955e6,0.0,0.0,0.0,0.0
12395,1.555158805707296e6,1.357834388298305e6,0.0,0.0,0.0,0.0
12396,1.5686217617010646e6,1.3537500269142145e6,0.0,0.0,0.0,0.0
12397,1.5820165651319362e6,1.356606635530124e6,0.0,0.0,0.0,0.0
12398,1.5954113685628076e6,1.3594632441460337e6,0.0,0.0,0.0,0.0
12399,1.6096780648875402e6,1.3553788827619432e6,0.0,0.0,0.0,0.0
12400,1.6239447612122728e6,1.3512945213778527e6,0.0,0.0,0.0,0.0
12401,1.6393339071314745e6,1.3472101599937622e6,0.0,0.0,0.0,0.0
12402,1.6547230530506761e6,1.3431257986096716e6,0.0,0.0,0.0,0.0
12403,1.669134437455931e6,1.3390414372255811e6,0.0,0.0,0.0,0.0
12404,1.6835458218611858e6,1.3349570758414906e6,0.0,0.0,0.0,0.0
12405,1.69562020999143e6,1.3308727144574001e6,0.0,0.0,0.0,0.0
12406,1.707694598121674e6,1.3267883530733096e6,0.0,0.0,0.0,0.0
12407,1.7161651269333665e6,1.3227039916892191e6,0.0,0.0,0.0,0.0
12408,1.724635655745059e6,1.3186196303051286e6,0.0,0.0,0.0,0.0
12409,1.7314701845506101e6,1.3145352689210381e6,0.0,0.0,0.0,0.0
12410,1.7383047133561613e6,1.3104509075369476e6,0.0,0.0,0.0,0.0
12411,1.745235728837897e6,1.3063665461528571e6,0.0,0.0,0.0,0.0
12412,1.7521667443196326e6,1.3022821847687666e6,0.0,0.0,0.0,0.0
12413,1.7624908594112205e6,1.2981978233846761e6,0.0,0.0,0.0,0.0
12414,1.7728149745028084e6,1.2941134620005856e6,0.0,0.0,0.0,0.0
12415,1.7869279929932249e6,1.2900291006164951e6,0.0,0.0,0.0,0.0
12416,1.801041011483641e6,1.2859447392324046e6,0.0,0.0,0.0,0.0
12417,1.8151748421640464e6,1.2818603778483141e6,0.0,0.0,0.0,0.0
12418,1.8293086728444516e6,1.2777760164642236e6,0.0,0.0,0.0,0.0
12419,1.843103922743208e6,1.2806326250801333e6,0.0,0.0,0.0,0.0
12420,1.8568991726419644e6,1.2834892336960428e6,0.0,0.0,0.0,0.0
12421,1.870826762676747e6,1.2863458423119523e6,0.0,0.0,0.0,0.0
12422,1.8847543527115297e6,1.289202450927862e6,0.0,0.0,0.0,0.0
12423,1.8996956872187592e6,1.291616040390653e6,0.0,0.0,0.0,0.0
12424,1.914637021725989e6,1.294029629853444e6,0.0,0.0,0.0,0.0
12425,1.930791122614224e6,1.2899452684693534e6,0.0,0.0,0.0,0.0
12426,1.9469452235024588e6,1.285860907085263e6,0.0,0.0,0.0,0.0
12427,1.9623980345321256e6,1.2817765457011724e6,0.0,0.0,0.0,0.0
12428,1.9778508455617924e6,1.277692184317082e6,0.0,0.0,0.0,0.0
12429,1.9906596576441433e6,1.2736078229329914e6,0.0,0.0,0.0,0.0
12430,2.003468469726494e6,1.269523461548901e6,0.0,0.0,0.0,0.0
12431,2.0138351900752217e6,1.2654391001648104e6,0.0,0.0,0.0,0.0
12432,2.0242019104239494e6,1.26135473878072e6,0.0,0.0,0.0,0.0
12433,2.0331554466417918e6,1.2572703773966294e6,0.0,0.0,0.0,0.0
12434,2.0421089828596343e6,1.253186016012539e6,0.0,0.0,0.0,0.0
12435,2.0509619970309646e6,1.2491016546284484e6,0.0,0.0,0.0,0.0
12436,2.059815011202295e6,1.245017293244358e6,0.0,0.0,0.0,0.0
12437,2.0661544158401734e6,1.2409329318602674e6,0.0,0.0,0.0,0.0
12438,2.0724938204780517e6,1.236848570476177e6,0.0,0.0,0.0,0.0
12439,2.0550748717106795e6,1.2327642090920864e6,0.0,0.0,0.0,0.0
12440,2.037655922943307e6,1.228679847707996e6,0.0,0.0,0.0,0.0
12441,2.0536742406881158e6,1.2245954863239054e6,0.0,0.0,0.0,0.0
12442,2.0696925584329246e6,1.220511124939815e6,0.0,0.0,0.0,0.0
12443,2.0850562533299557e6,1.2164267635557244e6,0.0,0.0,0.0,0.0
12444,2.100419948226987e6,1.212342402171634e6,0.0,0.0,0.0,0.0
12445,2.115058437704795e6,1.2109376247626033e6,0.0,0.0,0.0,0.0
12446,2.1296969271826036e6,1.2095328473535727e6,0.0,0.0,0.0,0.0
12447,2.1026900548780165e6,1.2054484859694822e6,0.0,0.0,0.0,0.0
12448,2.0756831825734293e6,1.2013641245853917e6,0.0,0.0,0.0,0.0
12449,2.0495172494334339e6,1.1972797632013012e6,0.0,0.0,0.0,0.0
12450,2.0233513162934384e6,1.1931954018172107e6,0.0,0.0,0.0,0.0
12451,1.995838556569056e6,1.1891110404331202e6,0.0,0.0,0.0,0.0
12452,1.9683257968446733e6,1.1850266790490297e6,0.0,0.0,0.0,0.0
12453,1.9382155622414513e6,1.1809423176649392e6,0.0,0.0,0.0,0.0
12454,1.9081053276382296e6,1.1768579562808487e6,0.0,0.0,0.0,0.0
12455,1.8797728491247096e6,1.1727735948967582e6,0.0,0.0,0.0,0.0
12456,1.8514403706111899e6,1.1686892335126677e6,0.0,0.0,0.0,0.0
12457,1.828717186260302e6,1.1649716073256512e6,0.0,0.0,0.0,0.0
12458,1.805994001909414e6,1.161253981138635e6,0.0,0.0,0.0,0.0
12459,1.7823681434217677e6,1.1575363549516187e6,0.0,0.0,0.0,0.0
12460,1.7587422849341216e6,1.1538187287646022e6,0.0,0.0,0.0,0.0
12461,1.728182188015506e6,1.1501011025775857e6,0.0,0.0,0.0,0.0
12462,1.6976220910968902e6,1.1463834763905695e6,0.0,0.0,0.0,0.0
12463,1.671562290588939e6,1.1426658502035532e6,0.0,0.0,0.0,0.0
12464,1.645502490080988e6,1.1389482240165367e6,0.0,0.0,0.0,0.0
12465,1.6224379273123932e6,1.1352305978295202e6,0.0,0.0,0.0,0.0
12466,1.5993733645437981e6,1.131512971642504e6,0.0,0.0,0.0,0.0
12467,1.6139767099758703e6,1.1277953454554877e6,0.0,0.0,0.0,0.0
12468,1.6285800554079425e6,1.1240777192684712e6,0.0,0.0,0.0,0.0
12469,1.6430081439597378e6,1.12160374403077e6,0.0,0.0,0.0,0.0
12470,1.6574362325115334e6,1.1191297687930686e6,0.0,0.0,0.0,0.0
12471,1.6303828867591342e6,1.115412142606052e6,0.0,0.0,0.0,0.0
12472,1.603329541006735e6,1.1116945164190358e6,0.0,0.0,0.0,0.0
12473,1.5771010421765454e6,1.1079768902320196e6,0.0,0.0,0.0,0.0
12474,1.5508725433463557e6,1.104259264045003e6,0.0,0.0,0.0,0.0
12475,1.523074612323913e6,1.1005416378579866e6,0.0,0.0,0.0,0.0
12476,1.4952766813014704e6,1.0968240116709704e6,0.0,0.0,0.0,0.0
12477,1.4700397327219828e6,1.093106385483954e6,0.0,0.0,0.0,0.0
12478,1.4448027841424951e6,1.0893887592969376e6,0.0,0.0,0.0,0.0
12479,1.444258155900049e6,1.0856711331099211e6,0.0,0.0,0.0,0.0
12480,1.4437135276576031e6,1.0819535069229049e6,0.0,0.0,0.0,0.0
12481,1.4506636628636247e6,1.0782358807358886e6,0.0,0.0,0.0,0.0
12482,1.4576137980696463e6,1.0745182545488721e6,0.0,0.0,0.0,0.0
12483,1.4643797556932142e6,1.0708006283618556e6,0.0,0.0,0.0,0.0
12484,1.4711457133167821e6,1.0670830021748394e6,0.0,0.0,0.0,0.0
12485,1.4806344246124441e6,1.0633653759878231e6,0.0,0.0,0.0,0.0
12486,1.490123135908106e6,1.0596477498008066e6,0.0,0.0,0.0,0.0
12487,1.503716744778695e6,1.0559301236137901e6,0.0,0.0,0.0,0.0
12488,1.5173103536492838e6,1.052212497426774e6,0.0,0.0,0.0,0.0
12489,1.5306428755668597e6,1.0484948712397574e6,0.0,0.0,0.0,0.0
12490,1.5439753974844355e6,1.044777245052741e6,0.0,0.0,0.0,0.0
12491,1.5570790546282905e6,1.0410596188657247e6,0.0,0.0,0.0,0.0
12492,1.5701827117721455e6,1.0373419926787082e6,0.0,0.0,0.0,0.0
12493,1.5828163342103586e6,1.0336243664916917e6,0.0,0.0,0.0,0.0
12494,1.5954499566485716e6,1.0299067403046753e6,0.0,0.0,0.0,0.0
12495,1.608206349543617e6,1.0261891141176589e6,0.0,0.0,0.0,0.0
12496,1.6209627424386626e6,1.0224714879306424e6,0.0,0.0,0.0,0.0
12497,1.634512048666643e6,1.018753861743626e6,0.0,0.0,0.0,0.0
12498,1.6480613548946234e6,1.0150362355566096e6,0.0,0.0,0.0,0.0
12499,1.6598337770258244e6,1.0113186093695932e6,0.0,0.0,0.0,0.0
12500,1.6716061991570257e6,1.0076009831825767e6,0.0,0.0,0.0,0.0
12501,1.6813421799707292e6,1.0038833569955602e6,0.0,0.0,0.0,0.0
12502,1.691078160784433e6,1.0001657308085439e6,0.0,0.0,0.0,0.0
12503,1.698591354378888e6,996448.1046215275,0.0,0.0,0.0,0.0
12504,1.7061045479733432e6,992730.478434511,0.0,0.0,0.0,0.0
12505,1.7120327447206904e6,989012.8522474945,0.0,0.0,0.0,0.0
12506,1.7179609414680374e6,985295.2260604781,0.0,0.0,0.0,0.0
12507,1.7235320802102801e6,981577.5998734618,0.0,0.0,0.0,0.0
12508,1.729103218952523e6,977859.9736864453,0.0,0.0,0.0,0.0
12509,1.7350385349839558e6,974142.3474994288,0.0,0.0,0.0,0.0
12510,1.7409738510153885e6,970424.7213124124,0.0,0.0,0.0,0.0
12511,1.7488845559307402e6,966707.095125396,0.0,0.0,0.0,0.0
12512,1.7567952608460917e6,962989.4689383795,0.0,0.0,0.0,0.0
12513,1.7658921490635625e6,959271.8427513631,0.0,0.0,0.0,0.0
12514,1.7749890372810336e6,955554.2165643467,0.0,0.0,0.0,0.0
12515,1.7838846095536775e6,951836.5903773303,0.0,0.0,0.0,0.0
12516,1.7927801818263216e6,948118.9641903138,0.0,0.0,0.0,0.0
12517,1.8012389287883476e6,944401.3380032973,0.0,0.0,0.0,0.0
12518,1.8096976757503739e6,940683.711816281,0.0,0.0,0.0,0.0
12519,1.8193470482661275e6,936966.0856292646,0.0,0.0,0.0,0.0
12520,1.828996420781881e6,933248.4594422481,0.0,0.0,0.0,0.0
12521,1.83924965251339e6,929530.8332552316,0.0,0.0,0.0,0.0
12522,1.849502884244899e6,925813.2070682152,0.0,0.0,0.0,0.0
12523,1.8582823409508592e6,922095.5808811989,0.0,0.0,0.0,0.0
12524,1.8670617976568195e6,918377.9546941824,0.0,0.0,0.0,0.0
12525,1.8743237112295143e6,914660.3285071659,0.0,0.0,0.0,0.0
12526,1.881585624802209e6,910942.7023201495,0.0,0.0,0.0,0.0
12527,1.8874296070479397e6,907225.0761331331,0.0,0.0,0.0,0.0
12528,1.8932735892936701e6,903507.4499461167,0.0,0.0,0.0,0.0
12529,1.8981805708684549e6,899789.8237591002,0.0,0.0,0.0,0.0
12530,1.9030875524432398e6,896072.1975720838,0.0,0.0,0.0,0.0
12531,1.9078684967087319e6,892354.5713850674,0.0,0.0,0.0,0.0
12532,1.912649440974224e6,888636.9451980509,0.0,0.0,0.0,0.0
12533,1.917557806882307e6,884919.3190110344,0.0,0.0,0.0,0.0
12534,1.92246617279039e6,881201.6928240181,0.0,0.0,0.0,0.0
12535,1.9283257059875098e6,877484.0666370017,0.0,0.0,0.0,0.0
12536,1.9341852391846294e6,873766.4404499852,0.0,0.0,0.0,0.0
12537,1.9412637430709507e6,870048.8142629687,0.0,0.0,0.0,0.0
12538,1.9483422469572718e6,866331.1880759523,0.0,0.0,0.0,0.0
12539,1.955826185115573e6,862613.561888936,0.0,0.0,0.0,0.0
12540,1.9633101232738744e6,858895.9357019195,0.0,0.0,0.0,0.0
12541,1.9707909295992877e6,859878.2464161017,0.0,0.0,0.0,0.0
12542,1.978271735924701e6,860860.557130284,0.0,0.0,0.0,0.0
12543,1.987547866320412e6,857142.9309432677,0.0,0.0,0.0,0.0
12544,1.9968239967161228e6,853425.3047562512,0.0,0.0,0.0,0.0
12545,2.007486422842812e6,849707.6785692347,0.0,0.0,0.0,0.0
12546,2.0181488489695012e6,845990.0523822183,0.0,0.0,0.0,0.0
12547,2.0281176037835716e6,842272.4261952019,0.0,0.0,0.0,0.0
12548,2.0380863585976418e6,838554.8000081854,0.0,0.0,0.0,0.0
12549,2.046577303449714e6,834837.173821169,0.0,0.0,0.0,0.0
12550,2.0550682483017861e6,831119.5476341526,0.0,0.0,0.0,0.0
12551,2.0618624973633576e6,827401.9214471362,0.0,0.0,0.0,0.0
12552,2.068656746424929e6,823684.2952601197,0.0,0.0,0.0,0.0
12553,2.0745305123573178e6,819966.6690731032,0.0,0.0,0.0,0.0
12554,2.0804042782897067e6,816249.0428860869,0.0,0.0,0.0,0.0
12555,2.0866035515710432e6,812531.4166990705,0.0,0.0,0.0,0.0
12556,2.09280282485238e6,808813.790512054,0.0,0.0,0.0,0.0
12557,2.102334504236668e6,810257.6242900803,0.0,0.0,0.0,0.0
12558,2.111866183620956e6,811701.4580681064,0.0,0.0,0.0,0.0
12559,2.125421848056525e6,809335.81220192,0.0,0.0,0.0,0.0
12560,2.138977512492094e6,806970.1663357334,0.0,0.0,0.0,0.0
12561,2.152923854419474e6,803252.5401487169,0.0,0.0,0.0,0.0
12562,2.166870196346854e6,799534.9139617005,0.0,0.0,0.0,0.0
12563,2.180367300543408e6,795817.2877746841,0.0,0.0,0.0,0.0
12564,2.193864404739962e6,792099.6615876677,0.0,0.0,0.0,0.0
12565,2.207509272751007e6,789083.7262660076,0.0,0.0,0.0,0.0
12566,2.221154140762052e6,786067.7909443476,0.0,0.0,0.0,0.0
12567,2.235957383272697e6,782350.1647573311,0.0,0.0,0.0,0.0
12568,2.250760625783343e6,778632.5385703148,0.0,0.0,0.0,0.0
12569,2.2664965335995075e6,774914.9123832984,0.0,0.0,0.0,0.0
12570,2.282232441415672e6,771197.2861962819,0.0,0.0,0.0,0.0
12571,2.254978791570345e6,767479.6600092654,0.0,0.0,0.0,0.0
12572,2.227725141725018e6,763762.033822249,0.0,0.0,0.0,0.0
12573,2.238269333813239e6,760044.4076352327,0.0,0.0,0.0,0.0
12574,2.24881352590146e6,756326.7814482162,0.0,0.0,0.0,0.0
12575,2.248753070440381e6,752609.1552611997,0.0,0.0,0.0,0.0
12576,2.248692614979301e6,748891.5290741833,0.0,0.0,0.0,0.0
12577,2.257206147219395e6,746506.3341210941,0.0,0.0,0.0,0.0
12578,2.2657196794594885e6,744121.139168005,0.0,0.0,0.0,0.0
12579,2.2742730769373765e6,744862.7843954706,0.0,0.0,0.0,0.0
12580,2.2828264744152646e6,745604.4296229363,0.0,0.0,0.0,0.0
12581,2.282000827780195e6,748827.7734359199,0.0,0.0,0.0,0.0
12582,2.2811751811451255e6,752051.1172489035,0.0,0.0,0.0,0.0
12583,2.264857871590128e6,755274.4610618871,0.0,0.0,0.0,0.0
12584,2.2485405620351313e6,758497.8048748707,0.0,0.0,0.0,0.0
12585,2.2628842788128993e6,761601.4562113609,0.0,0.0,0.0,0.0
12586,2.2772279955906672e6,764705.107547851,0.0,0.0,0.0,0.0
12587,2.291256823371624e6,767928.4513608346,0.0,0.0,0.0,0.0
12588,2.305285651152581e6,771151.7951738182,0.0,0.0,0.0,0.0
12589,2.3191735651688576e6,774375.1389868018,0.0,0.0,0.0,0.0
12590,2.3330614791851346e6,777598.4827997854,0.0,0.0,0.0,0.0
12591,2.3475400185016943e6,780821.826612769,0.0,0.0,0.0,0.0
12592,2.3620185578182545e6,784045.1704257526,0.0,0.0,0.0,0.0
12593,2.3772036554098735e6,783209.1866353775,0.0,0.0,0.0,0.0
12594,2.3923887530014925e6,782373.2028450023,0.0,0.0,0.0,0.0
12595,2.4059304330137353e6,778655.5766579858,0.0,0.0,0.0,0.0
12596,2.419472113025978e6,774937.9504709694,0.0,0.0,0.0,0.0
12597,2.4303644556036247e6,771220.324283953,0.0,0.0,0.0,0.0
12598,2.4412567981812716e6,767502.6980969366,0.0,0.0,0.0,0.0
12599,2.4500042503277482e6,763785.0719099201,0.0,0.0,0.0,0.0
12600,2.4587517024742253e6,760067.4457229037,0.0,0.0,0.0,0.0
12601,2.4506879348846227e6,756349.8195358873,0.0,0.0,0.0,0.0
12602,2.44262416729502e6,752632.1933488708,0.0,0.0,0.0,0.0
12603,2.4339116396921393e6,748914.5671618544,0.0,0.0,0.0,0.0
12604,2.4251991120892586e6,745196.940974838,0.0,0.0,0.0,0.0
12605,2.401201223895424e6,741479.3147878216,0.0,0.0,0.0,0.0
12606,2.377203335701589e6,737761.6886008051,0.0,0.0,0.0,0.0
12607,2.3494115814057016e6,734044.0624137886,0.0,0.0,0.0,0.0
12608,2.321619827109814e6,730326.4362267723,0.0,0.0,0.0,0.0
12609,2.302485361245614e6,726608.8100397559,0.0,0.0,0.0,0.0
12610,2.283350895381414e6,722891.1838527394,0.0,0.0,0.0,0.0
12611,2.296703252863391e6,719173.5576657229,0.0,0.0,0.0,0.0
12612,2.310055610345368e6,715455.9314787065,0.0,0.0,0.0,0.0
12613,2.3231013909426844e6,711738.3052916902,0.0,0.0,0.0,0.0
12614,2.3361471715400005e6,708020.6791046737,0.0,0.0,0.0,0.0
12615,2.336559333743685e6,704303.0529176572,0.0,0.0,0.0,0.0
12616,2.3369714959473694e6,700585.4267306408,0.0,0.0,0.0,0.0
12617,2.309602788996037e6,696867.8005436244,0.0,0.0,0.0,0.0
12618,2.2822340820447053e6,693150.174356608,0.0,0.0,0.0,0.0
12619,2.2957094108239887e6,689432.5481695915,0.0,0.0,0.0,0.0
12620,2.309184739603272e6,685714.9219825751,0.0,0.0,0.0,0.0
12621,2.29946410304188e6,681997.2957955587,0.0,0.0,0.0,0.0
12622,2.289743466480488e6,678279.6696085422,0.0,0.0,0.0,0.0
12623,2.2970139290460898e6,674562.0434215257,0.0,0.0,0.0,0.0
12624,2.304284391611692e6,670844.4172345094,0.0,0.0,0.0,0.0
12625,2.3103292528357795e6,668716.2205793523,0.0,0.0,0.0,0.0
12626,2.316374114059867e6,666588.0239241953,0.0,0.0,0.0,0.0
12627,2.3225925992134167e6,668032.642729148,0.0,0.0,0.0,0.0
12628,2.3288110843669665e6,669477.2615341009,0.0,0.0,0.0,0.0
12629,2.3376073407901097e6,674290.0348789438,0.0,0.0,0.0,0.0
12630,2.3464035972132524e6,679102.8082237868,0.0,0.0,0.0,0.0
12631,2.3596090854663653e6,676974.6115686297,0.0,0.0,0.0,0.0
12632,2.372814573719478e6,674846.4149134727,0.0,0.0,0.0,0.0
12633,2.386372828389167e6,672718.2182583157,0.0,0.0,0.0,0.0
12634,2.399931083058856e6,670590.0216031587,0.0,0.0,0.0,0.0
12635,2.412933389532415e6,673805.3701968738,0.0,0.0,0.0,0.0
12636,2.4259356960059744e6,677020.7187905888,0.0,0.0,0.0,0.0
12637,2.4385661960969223e6,681833.4921354317,0.0,0.0,0.0,0.0
12638,2.4511966961878696e6,686646.2654802747,0.0,0.0,0.0,0.0
12639,2.4644751032168986e6,691459.0388251176,0.0,0.0,0.0,0.0
12640,2.477753510245927e6,696271.8121699606,0.0,0.0,0.0,0.0
12641,2.492157348712898e6,694143.6155148036,0.0,0.0,0.0,0.0
12642,2.506561187179868e6,692015.4188596465,0.0,0.0,0.0,0.0
12643,2.520160781510028e6,689887.2222044895,0.0,0.0,0.0,0.0
12644,2.5337603758401885e6,687759.0255493325,0.0,0.0,0.0,0.0
12645,2.5449221842811294e6,685630.8288941755,0.0,0.0,0.0,0.0
12646,2.5560839927220703e6,683502.6322390185,0.0,0.0,0.0,0.0
12647,2.564972057328403e6,681374.4355838614,0.0,0.0,0.0,0.0
12648,2.5738601219347357e6,679246.2389287044,0.0,0.0,0.0,0.0
12649,2.58124170664189e6,679865.029389131,0.0,0.0,0.0,0.0
12650,2.5886232913490445e6,680483.8198495576,0.0,0.0,0.0,0.0
12651,2.5961101697318293e6,685196.9653050443,0.0,0.0,0.0,0.0
12652,2.6035970481146136e6,689910.1107605309,0.0,0.0,0.0,0.0
12653,2.6107527815374257e6,694722.8841053739,0.0,0.0,0.0,0.0
12654,2.6179085149602373e6,699535.6574502168,0.0,0.0,0.0,0.0
12655,2.632839505939124e6,704348.4307950598,0.0,0.0,0.0,0.0
12656,2.6477704969180115e6,709161.2041399027,0.0,0.0,0.0,0.0
12657,2.662969617082378e6,707033.0074847457,0.0,0.0,0.0,0.0
12658,2.678168737246744e6,704904.8108295887,0.0,0.0,0.0,0.0
12659,2.692685747047337e6,703030.0311739916,0.0,0.0,0.0,0.0
12660,2.7072027568479297e6,701155.2515183946,0.0,0.0,0.0,0.0
12661,2.72100609590002e6,701045.3223575451,0.0,0.0,0.0,0.0
12662,2.7348094349521105e6,700935.3931966958,0.0,0.0,0.0,0.0
12663,2.7422136425350234e6,705748.1665415388,0.0,0.0,0.0,0.0
12664,2.7496178501179367e6,710560.9398863817,0.0,0.0,0.0,0.0
12665,2.7357664133786717e6,708432.7432312247,0.0,0.0,0.0,0.0
12666,2.7219149766394068e6,706304.5465760677,0.0,0.0,0.0,0.0
12667,2.7358507898046616e6,704176.3499209107,0.0,0.0,0.0,0.0
12668,2.7497866029699165e6,702048.1532657536,0.0,0.0,0.0,0.0
12669,2.7613014453251837e6,699919.9566105966,0.0,0.0,0.0,0.0
12670,2.772816287680451e6,697791.7599554396,0.0,0.0,0.0,0.0
12671,2.7799209071451444e6,695663.5633002826,0.0,0.0,0.0,0.0
12672,2.787025526609838e6,693535.3666451256,0.0,0.0,0.0,0.0
12673,2.791042441759941e6,691407.1699899685,0.0,0.0,0.0,0.0
12674,2.795059356910045e6,689278.9733348115,0.0,0.0,0.0,0.0
12675,2.801837698861533e6,691571.2006425554,0.0,0.0,0.0,0.0
12676,2.8086160408130214e6,693863.4279502992,0.0,0.0,0.0,0.0
12677,2.788430284256528e6,698676.2012951422,0.0,0.0,0.0,0.0
12678,2.7682445277000354e6,703488.9746399851,0.0,0.0,0.0,0.0
12679,2.7366178624350596e6,702790.4527255306,0.0,0.0,0.0,0.0
12680,2.7049911971700834e6,702091.930811076,0.0,0.0,0.0,0.0
12681,2.695964971192644e6,701217.7614330221,0.0,0.0,0.0,0.0
12682,2.686938745215205e6,700343.5920549684,0.0,0.0,0.0,0.0
12683,2.6986012012026953e6,704083.7674209969,0.0,0.0,0.0,0.0
12684,2.710263657190186e6,707823.9427870255,0.0,0.0,0.0,0.0
12685,2.7217327731330376e6,712636.7161318684,0.0,0.0,0.0,0.0
12686,2.7332018890758897e6,717449.4894767114,0.0,0.0,0.0,0.0
12687,2.709743725510151e6,722262.2628215543,0.0,0.0,0.0,0.0
12688,2.686285561944413e6,727075.0361663973,0.0,0.0,0.0,0.0
12689,2.658181099346067e6,724946.8395112403,0.0,0.0,0.0,0.0
12690,2.630076636747721e6,722818.6428560832,0.0,0.0,0.0,0.0
12691,2.642619290140326e6,720690.4462009262,0.0,0.0,0.0,0.0
12692,2.655161943532931e6,718562.2495457692,0.0,0.0,0.0,0.0
12693,2.6268624893414048e6,716434.0528906122,0.0,0.0,0.0,0.0
12694,2.5985630351498784e6,714305.8562354551,0.0,0.0,0.0,0.0
12695,2.6074013278864636e6,712177.6595802981,0.0,0.0,0.0,0.0
12696,2.616239620623049e6,710049.4629251411,0.0,0.0,0.0,0.0
12697,2.6236863273342317e6,707921.2662699841,0.0,0.0,0.0,0.0
12698,2.6311330340454145e6,705793.069614827,0.0,0.0,0.0,0.0
12699,2.625613466079757e6,705886.3129052124,0.0,0.0,0.0,0.0
12700,2.6200938981140996e6,705979.5561955979,0.0,0.0,0.0,0.0
12701,2.627760613792904e6,703851.3595404408,0.0,0.0,0.0,0.0
12702,2.6354273294717087e6,701723.1628852838,0.0,0.0,0.0,0.0
12703,2.6028213907891675e6,703994.1943327242,0.0,0.0,0.0,0.0
12704,2.5702154521066262e6,706265.2257801645,0.0,0.0,0.0,0.0
12705,2.5816921501035094e6,704137.0291250075,0.0,0.0,0.0,0.0
12706,2.593168848100392e6,702008.8324698504,0.0,0.0,0.0,0.0
12707,2.5872323850802314e6,706821.6058146934,0.0,0.0,0.0,0.0
12708,2.581295922060071e6,711634.3791595363,0.0,0.0,0.0,0.0
12709,2.5933632312908904e6,716447.1525043793,0.0,0.0,0.0,0.0
12710,2.6054305405217097e6,721259.9258492222,0.0,0.0,0.0,0.0
12711,2.576465628151789e6,719131.7291940652,0.0,0.0,0.0,0.0
12712,2.547500715781868e6,717003.5325389082,0.0,0.0,0.0,0.0
12713,2.5195721449661897e6,714875.3358837512,0.0,0.0,0.0,0.0
12714,2.491643574150512e6,712747.1392285941,0.0,0.0,0.0,0.0
12715,2.463342311259659e6,710618.9425734371,0.0,0.0,0.0,0.0
12716,2.435041048368806e6,708490.7459182801,0.0,0.0,0.0,0.0
12717,2.405180844608719e6,706362.5492631231,0.0,0.0,0.0,0.0
12718,2.375320640848632e6,704234.352607966,0.0,0.0,0.0,0.0
12719,2.3443889970718995e6,702106.155952809,0.0,0.0,0.0,0.0
12720,2.3134573532951665e6,699977.959297652,0.0,0.0,0.0,0.0
12721,2.2822619969256977e6,697849.762642495,0.0,0.0,0.0,0.0
12722,2.251066640556229e6,695721.565987338,0.0,0.0,0.0,0.0
12723,2.219988252278191e6,693593.3693321809,0.0,0.0,0.0,0.0
12724,2.188909864000153e6,691465.1726770239,0.0,0.0,0.0,0.0
12725,2.1603686185555314e6,689336.9760218669,0.0,0.0,0.0,0.0
12726,2.13182737311091e6,687208.7793667099,0.0,0.0,0.0,0.0
12727,2.1064155773702506e6,685080.5827115529,0.0,0.0,0.0,0.0
12728,2.0810037816295915e6,682952.3860563958,0.0,0.0,0.0,0.0
12729,2.0557678186294374e6,680824.1894012388,0.0,0.0,0.0,0.0
12730,2.0305318556292832e6,678695.9927460818,0.0,0.0,0.0,0.0
12731,2.0469277613659715e6,676567.7960909248,0.0,0.0,0.0,0.0
12732,2.06332366710266e6,674439.5994357677,0.0,0.0,0.0,0.0
12733,2.0375099773879321e6,672311.4027806107,0.0,0.0,0.0,0.0
12734,2.0116962876732044e6,670183.2061254537,0.0,0.0,0.0,0.0
12735,1.9866126221163217e6,668055.0094702967,0.0,0.0,0.0,0.0
12736,1.9615289565594387e6,665926.8128151397,0.0,0.0,0.0,0.0
12737,1.9366929257560652e6,663798.6161599826,0.0,0.0,0.0,0.0
12738,1.9118568949526914e6,661670.4195048256,0.0,0.0,0.0,0.0
12739,1.886253662289233e6,659542.2228496686,0.0,0.0,0.0,0.0
12740,1.8606504296257747e6,657414.0261945116,0.0,0.0,0.0,0.0
12741,1.8331120785669214e6,655285.8295393545,0.0,0.0,0.0,0.0
12742,1.8055737275080683e6,653157.6328841975,0.0,0.0,0.0,0.0
12743,1.7752794497716317e6,651029.4362290405,0.0,0.0,0.0,0.0
12744,1.7449851720351952e6,648901.2395738835,0.0,0.0,0.0,0.0
12745,1.7134185451318491e6,646773.0429187265,0.0,0.0,0.0,0.0
12746,1.6818519182285033e6,644644.8462635694,0.0,0.0,0.0,0.0
12747,1.6506546148907663e6,642516.6496084124,0.0,0.0,0.0,0.0
12748,1.6194573115530296e6,640388.4529532554,0.0,0.0,0.0,0.0
12749,1.5907308663911712e6,638260.2562980984,0.0,0.0,0.0,0.0
12750,1.562004421229313e6,636132.0596429413,0.0,0.0,0.0,0.0
12751,1.536262388375307e6,634003.8629877843,0.0,0.0,0.0,0.0
12752,1.5105203555213008e6,631875.6663326273,0.0,0.0,0.0,0.0
12753,1.4850587158495493e6,629747.4696774703,0.0,0.0,0.0,0.0
12754,1.4595970761777977e6,627619.2730223133,0.0,0.0,0.0,0.0
12755,1.4338913904507342e6,625491.0763671562,0.0,0.0,0.0,0.0
12756,1.4081857047236708e6,623362.8797119992,0.0,0.0,0.0,0.0
12757,1.3825009505277826e6,621234.6830568422,0.0,0.0,0.0,0.0
12758,1.356816196331894e6,619106.4864016852,0.0,0.0,0.0,0.0
12759,1.3314253853756892e6,616978.2897465281,0.0,0.0,0.0,0.0
12760,1.3060345744194845e6,614850.0930913711,0.0,0.0,0.0,0.0
12761,1.2813552101312308e6,612721.8964362141,0.0,0.0,0.0,0.0
12762,1.256675845842977e6,610593.6997810571,0.0,0.0,0.0,0.0
12763,1.2310005931621664e6,608465.5031259,0.0,0.0,0.0,0.0
12764,1.205325340481356e6,606337.306470743,0.0,0.0,0.0,0.0
12765,1.1777514435966131e6,604209.109815586,0.0,0.0,0.0,0.0
12766,1.1501775467118705e6,602080.913160429,0.0,0.0,0.0,0.0
12767,1.1198177070565023e6,599952.716505272,0.0,0.0,0.0,0.0
12768,1.0894578674011342e6,597824.519850115,0.0,0.0,0.0,0.0
12769,1.05774619190609e6,595696.3231949579,0.0,0.0,0.0,0.0
12770,1.0260345164110457e6,593568.1265398009,0.0,0.0,0.0,0.0
12771,994526.8852337871,591439.9298846439,0.0,0.0,0.0,0.0
12772,963019.2540565287,589311.7332294869,0.0,0.0,0.0,0.0
12773,933582.7381121055,587183.5365743298,0.0,0.0,0.0,0.0
12774,904146.2221676823,585055.3399191728,0.0,0.0,0.0,0.0
12775,877915.6403608769,582927.1432640158,0.0,0.0,0.0,0.0
12776,851685.0585540716,580798.9466088588,0.0,0.0,0.0,0.0
12777,825673.8105263355,578670.7499537017,0.0,0.0,0.0,0.0
12778,799662.5624985994,576542.5532985447,0.0,0.0,0.0,0.0
12779,773491.8012453094,574414.3566433877,0.0,0.0,0.0,0.0
12780,747321.0399920193,572286.1599882307,0.0,0.0,0.0,0.0
12781,721055.3913332198,570157.9633330737,0.0,0.0,0.0,0.0
12782,694789.7426744205,568029.7666779166,0.0,0.0,0.0,0.0
12783,669021.0372560503,565901.5700227596,0.0,0.0,0.0,0.0
12784,643252.3318376801,563773.3733676026,0.0,0.0,0.0,0.0
12785,617901.975225805,561645.1767124456,0.0,0.0,0.0,0.0
12786,592551.6186139298,559516.9800572885,0.0,0.0,0.0,0.0
12787,566383.3814642184,557388.7834021315,0.0,0.0,0.0,0.0
12788,540215.1443145069,555260.5867469745,0.0,0.0,0.0,0.0
12789,512384.2084070635,553132.3900918175,0.0,0.0,0.0,0.0
12790,484553.27249962016,551004.1934366605,0.0,0.0,0.0,0.0
12791,461548.1946318201,548875.9967815034,0.0,0.0,0.0,0.0
12792,438543.11676402,546747.8001263464,0.0,0.0,0.0,0.0
12793,421404.7653975204,544979.0554074282,0.0,0.0,0.0,0.0
12794,404266.4140310207,543210.31068851,0.0,0.0,0.0,0.0
12795,401025.0579585063,541441.5659695917,0.0,0.0,0.0,0.0
12796,397783.7018859918,539672.8212506735,0.0,0.0,0.0,0.0
12797,386229.7534525059,537904.0765317553,0.0,0.0,0.0,0.0
12798,374675.80501902,536135.331812837,0.0,0.0,0.0,0.0
12799,348865.0202382251,534366.5870939188,0.0,0.0,0.0,0.0
12800,323054.23545743024,532597.8423750006,0.0,0.0,0.0,0.0
12801,319158.2444191142,530829.0976560824,0.0,0.0,0.0,0.0
12802,315262.2533807982,529060.3529371641,0.0,0.0,0.0,0.0
12803,330705.36136813986,527291.6082182459,0.0,0.0,0.0,0.0
12804,346148.46935548144,525522.8634993277,0.0,0.0,0.0,0.0
12805,361236.7197086899,523754.11878040945,0.0,0.0,0.0,0.0
12806,376324.97006189835,521985.3740614913,0.0,0.0,0.0,0.0
12807,350186.7786081515,520216.6293425731,0.0,0.0,0.0,0.0
12808,324048.58715440455,518447.8846236549,0.0,0.0,0.0,0.0
12809,298133.0862301603,516679.13990473666,0.0,0.0,0.0,0.0
12810,272217.585305916,514910.3951858185,0.0,0.0,0.0,0.0
12811,245334.9565204624,513141.6504669003,0.0,0.0,0.0,0.0
12812,218452.3277350088,511372.9057479821,0.0,0.0,0.0,0.0
12813,199385.8763162365,509604.16102906386,0.0,0.0,0.0,0.0
12814,180319.42489746423,507835.4163101457,0.0,0.0,0.0,0.0
12815,177766.465641866,506066.6715912275,0.0,0.0,0.0,0.0
12816,175213.50638626778,504297.9268723093,0.0,0.0,0.0,0.0
12817,180614.68852903784,502529.18215339107,0.0,0.0,0.0,0.0
12818,186015.8706718079,500760.4374344729,0.0,0.0,0.0,0.0
12819,194252.3893986975,498991.69271555473,0.0,0.0,0.0,0.0
12820,202488.9081255871,497222.9479966365,0.0,0.0,0.0,0.0
12821,194452.36328890227,495454.2032777183,0.0,0.0,0.0,0.0
12822,186415.81845221744,493685.4585588001,0.0,0.0,0.0,0.0
12823,159201.2851202832,491916.71383988194,0.0,0.0,0.0,0.0
12824,131986.75178834898,490147.9691209637,0.0,0.0,0.0,0.0
12825,123716.21466639449,488379.2244020455,0.0,0.0,0.0,0.0
12826,115445.67754444,486610.4796831273,0.0,0.0,0.0,0.0
12827,129222.54716872404,486049.1308009466,0.0,0.0,0.0,0.0
12828,142999.41679300807,485487.7819187659,0.0,0.0,0.0,0.0
12829,156074.27781981666,490660.0071998477,0.0,0.0,0.0,0.0
12830,169149.13884662522,495832.2324809295,0.0,0.0,0.0,0.0
12831,147067.21665727184,494063.48776201135,0.0,0.0,0.0,0.0
12832,124985.29446791846,492294.7430430931,0.0,0.0,0.0,0.0
12833,96803.25552149142,490525.9983241749,0.0,0.0,0.0,0.0
12834,68621.21657506438,488757.25360525673,0.0,0.0,0.0,0.0
12835,40621.01481741642,486988.50888633856,0.0,0.0,0.0,0.0
12836,12620.813059768465,485219.76416742033,0.0,0.0,0.0,0.0
12837,6310.406529884232,483451.0194485021,0.0,0.0,0.0,0.0
12838,0.0,481682.27472958394,0.0,0.0,0.0,0.0
12839,7521.091899610716,479913.53001066577,0.0,0.0,0.0,0.0
12840,15042.183799221431,478144.78529174754,0.0,0.0,0.0,0.0
12841,21874.357551095763,476376.0405728293,0.0,0.0,0.0,0.0
12842,28706.531302970096,474607.29585391114,0.0,0.0,0.0,0.0
12843,35349.02256474467,472838.551134993,0.0,0.0,0.0,0.0
12844,41991.51382651925,471069.80641607475,0.0,0.0,0.0,0.0
12845,49443.75788771743,469301.0616971565,0.0,0.0,0.0,0.0
12846,56896.00194891561,467532.31697823835,0.0,0.0,0.0,0.0
12847,66418.51853895272,465763.5722593202,0.0,0.0,0.0,0.0
12848,75941.03512898981,463994.82754040195,0.0,0.0,0.0,0.0
12849,86850.4133587986,462226.0828214837,0.0,0.0,0.0,0.0
12850,97759.79158860739,460457.33810256555,0.0,0.0,0.0,0.0
12851,108761.75323925953,458688.5933836474,0.0,0.0,0.0,0.0
12852,119763.71488991167,456919.84866472916,0.0,0.0,0.0,0.0
12853,130628.96604164863,458694.4223621988,0.0,0.0,0.0,0.0
12854,141494.2171933856,460468.99605966854,0.0,0.0,0.0,0.0
12855,153413.88930710295,458700.2513407504,0.0,0.0,0.0,0.0
12856,165333.5614208203,456931.50662183214,0.0,0.0,0.0,0.0
12857,178030.82063088368,455162.7619029139,0.0,0.0,0.0,0.0
12858,190728.07984094703,453394.01718399575,0.0,0.0,0.0,0.0
12859,201708.00875668816,451625.2724650776,0.0,0.0,0.0,0.0
12860,212687.9376724293,449856.52774615935,0.0,0.0,0.0,0.0
12861,221669.70490483748,448087.7830272411,0.0,0.0,0.0,0.0
12862,230651.47213724564,446319.03830832295,0.0,0.0,0.0,0.0
12863,237922.8457800469,444550.2935894048,0.0,0.0,0.0,0.0
12864,245194.21942284814,442781.54887048656,0.0,0.0,0.0,0.0
12865,250875.9399265383,441012.8041515683,0.0,0.0,0.0,0.0
12866,256557.66043022845,439244.05943265016,0.0,0.0,0.0,0.0
12867,261941.1150261695,437475.314713732,0.0,0.0,0.0,0.0
12868,267324.5696221105,435706.56999481376,0.0,0.0,0.0,0.0
12869,272848.61856085516,433937.82527589554,0.0,0.0,0.0,0.0
12870,278372.66749959986,432169.08055697737,0.0,0.0,0.0,0.0
12871,285274.68392209004,430400.3358380592,0.0,0.0,0.0,0.0
12872,292176.7003445802,428631.59111914097,0.0,0.0,0.0,0.0
12873,300629.789977871,426862.84640022274,0.0,0.0,0.0,0.0
12874,309082.8796111618,425094.1016813046,0.0,0.0,0.0,0.0
12875,318143.4138101783,423325.3569623864,0.0,0.0,0.0,0.0
12876,327203.9480091948,421556.6122434682,0.0,0.0,0.0,0.0
12877,336420.0242117747,419787.86752454995,0.0,0.0,0.0,0.0
12878,345636.1004143546,418019.1228056318,0.0,0.0,0.0,0.0
12879,355798.3567977788,416250.3780867136,0.0,0.0,0.0,0.0
12880,365960.613181203,414481.6333677954,0.0,0.0,0.0,0.0
12881,377051.7405129323,412712.88864887715,0.0,0.0,0.0,0.0
12882,388142.86784466164,410944.143929959,0.0,0.0,0.0,0.0
12883,398281.87649672275,409175.3992110408,0.0,0.0,0.0,0.0
12884,408420.88514878385,407406.6544921226,0.0,0.0,0.0,0.0
12885,416923.88469821424,405637.90977320436,0.0,0.0,0.0,0.0
12886,425426.8842476447,403869.1650542862,0.0,0.0,0.0,0.0
12887,431753.8060360601,402100.420335368,0.0,0.0,0.0,0.0
12888,438080.7278244755,400331.6756164498,0.0,0.0,0.0,0.0
12889,443390.95388033835,398562.93089753157,0.0,0.0,0.0,0.0
12890,448701.17993620114,396794.1861786134,0.0,0.0,0.0,0.0
12891,454121.0843713983,395025.4414596952,0.0,0.0,0.0,0.0
12892,459540.9888065955,393256.696740777,0.0,0.0,0.0,0.0
12893,467401.9520166303,391487.9520218588,0.0,0.0,0.0,0.0
12894,475262.9152266652,389719.2073029406,0.0,0.0,0.0,0.0
12895,487178.3976178695,387950.46258402243,0.0,0.0,0.0,0.0
12896,499093.88000907376,386181.7178651042,0.0,0.0,0.0,0.0
12897,511599.9098527146,384412.973146186,0.0,0.0,0.0,0.0
12898,524105.93969635543,382644.2284272678,0.0,0.0,0.0,0.0
12899,536081.9086221842,380875.48370834964,0.0,0.0,0.0,0.0
12900,548057.8775480129,379106.7389894314,0.0,0.0,0.0,0.0
12901,559918.6980485884,377337.9942705132,0.0,0.0,0.0,0.0
12902,571779.5185491638,375569.249551595,0.0,0.0,0.0,0.0
12903,584183.3783538807,373800.50483267684,0.0,0.0,0.0,0.0
12904,596587.2381585977,372031.7601137586,0.0,0.0,0.0,0.0
12905,609271.3242810161,370263.0153948404,0.0,0.0,0.0,0.0
12906,621955.4104034347,368494.2706759222,0.0,0.0,0.0,0.0
12907,633123.2093229361,366725.52595700405,0.0,0.0,0.0,0.0
12908,644291.0082424377,364956.7812380858,0.0,0.0,0.0,0.0
12909,652758.9415799594,363188.0365191676,0.0,0.0,0.0,0.0
12910,661226.8749174809,361419.2918002494,0.0,0.0,0.0,0.0
12911,667368.7315470544,359650.54708133126,0.0,0.0,0.0,0.0
12912,673510.5881766279,357881.80236241303,0.0,0.0,0.0,0.0
12913,678730.3093066838,356113.0576434948,0.0,0.0,0.0,0.0
12914,683950.0304367398,354344.31292457663,0.0,0.0,0.0,0.0
12915,689182.1305952427,352575.56820565846,0.0,0.0,0.0,0.0
12916,694414.2307537457,350806.82348674024,0.0,0.0,0.0,0.0
12917,702017.6286034088,349038.078767822,0.0,0.0,0.0,0.0
12918,709621.0264530721,347269.33404890384,0.0,0.0,0.0,0.0
12919,721571.9526294125,345500.58932998567,0.0,0.0,0.0,0.0
12920,733522.8788057531,343731.84461106744,0.0,0.0,0.0,0.0
12921,746024.4781720632,341963.0998921492,0.0,0.0,0.0,0.0
12922,758526.0775383734,340194.35517323104,0.0,0.0,0.0,0.0
12923,770659.7044749974,338425.6104543129,0.0,0.0,0.0,0.0
12924,782793.3314116213,336656.86573539465,0.0,0.0,0.0,0.0
12925,794685.0516021568,340066.38344128104,0.0,0.0,0.0,0.0
12926,806576.7717926922,343475.9011471675,0.0,0.0,0.0,0.0
12927,819048.3292938857,342634.7201934499,0.0,0.0,0.0,0.0
12928,831519.8867950791,341793.5392397322,0.0,0.0,0.0,0.0
12929,844337.798668588,340024.794520814,0.0,0.0,0.0,0.0
12930,857155.710542097,338256.0498018958,0.0,0.0,0.0,0.0
12931,868234.9389459456,336487.30508297763,0.0,0.0,0.0,0.0
12932,879314.1673497942,334718.5603640594,0.0,0.0,0.0,0.0
12933,888168.7881650076,332949.8156451412,0.0,0.0,0.0,0.0
12934,897023.408980221,331181.070926223,0.0,0.0,0.0,0.0
12935,903648.0326477129,329412.32620730484,0.0,0.0,0.0,0.0
12936,910272.6563152048,327643.5814883866,0.0,0.0,0.0,0.0
12937,539579.0473174724,325874.8367694684,0.0,0.0,0.0,0.0
12938,168885.43831974003,324106.0920505502,0.0,0.0,0.0,0.0
12939,150261.2490194887,323169.872674296,0.0,0.0,0.0,0.0
12940,131637.05971923732,322233.6532980418,0.0,0.0,0.0,0.0
12941,96917.2432022678,325213.54522258806,0.0,0.0,0.0,0.0
12942,62197.42668529827,328193.43714713433,0.0,0.0,0.0,0.0
12943,31098.713342649135,333365.66242821614,0.0,0.0,0.0,0.0
12944,0.0,338537.88770929794,0.0,0.0,0.0,0.0
12945,11155.43564751917,343710.11299037974,0.0,0.0,0.0,0.0
12946,22310.87129503834,348882.33827146154,0.0,0.0,0.0,0.0
12947,11155.43564751917,354054.56355254335,0.0,0.0,0.0,0.0
12948,0.0,359226.78883362515,0.0,0.0,0.0,0.0
12949,10192.09042758443,364399.01411470695,0.0,0.0,0.0,0.0
12950,20384.18085516886,369571.23939578875,0.0,0.0,0.0,0.0
12951,31485.150848296333,374743.46467687056,0.0,0.0,0.0,0.0
12952,42586.120841423806,379915.68995795236,0.0,0.0,0.0,0.0
12953,27352.287124420105,378146.94523903413,0.0,0.0,0.0,0.0
12954,12118.453407416404,376378.20052011596,0.0,0.0,0.0,0.0
12955,22669.05643710878,374609.4558011978,0.0,0.0,0.0,0.0
12956,33219.65946680115,372840.71108227957,0.0,0.0,0.0,0.0
12957,34977.83424777986,371071.96636336134,0.0,0.0,0.0,0.0
12958,36736.00902875856,369303.22164444317,0.0,0.0,0.0,0.0
12959,33308.123983455866,367534.476925525,0.0,0.0,0.0,0.0
12960,29880.23893815316,365765.7322066068,0.0,0.0,0.0,0.0
12961,35414.94911204181,362613.8989626141,0.0,0.0,0.0,0.0
12962,40949.659285930466,359462.0657186214,0.0,0.0,0.0,0.0
12963,46303.84087093589,356310.2324746287,0.0,0.0,0.0,0.0
12964,51658.022455941325,353158.3992306361,0.0,0.0,0.0,0.0
12965,57794.23181200087,350006.5659866434,0.0,0.0,0.0,0.0
12966,63930.44116806041,346854.7327426507,0.0,0.0,0.0,0.0
12967,71712.22920173194,345333.9765212492,0.0,0.0,0.0,0.0
12968,79494.01723540346,343813.2202998477,0.0,0.0,0.0,0.0
12969,88384.99200285389,340661.387055855,0.0,0.0,0.0,0.0
12970,97275.96677030434,337509.55381186237,0.0,0.0,0.0,0.0
12971,106110.64247036507,334357.7205678697,0.0,0.0,0.0,0.0
12972,114945.3181704258,331205.887323877,0.0,0.0,0.0,0.0
12973,123480.51559914844,329022.87044993206,0.0,0.0,0.0,0.0
12974,132015.71302787107,326839.8535759871,0.0,0.0,0.0,0.0
12975,140873.70849878446,323688.0203319944,0.0,0.0,0.0,0.0
12976,149731.70396969785,320536.18708800175,0.0,0.0,0.0,0.0
12977,157921.01661922174,317384.3538440091,0.0,0.0,0.0,0.0
12978,166110.32926874564,314232.5206000164,0.0,0.0,0.0,0.0
12979,172400.2626288479,311080.6873560237,0.0,0.0,0.0,0.0
12980,178690.1959889502,307928.85411203105,0.0,0.0,0.0,0.0
12981,184310.56186526967,304777.0208680384,0.0,0.0,0.0,0.0
12982,189930.92774158914,301625.1876240457,0.0,0.0,0.0,0.0
12983,194890.51907264796,298473.354380053,0.0,0.0,0.0,0.0
12984,199850.11040370679,295321.52113606036,0.0,0.0,0.0,0.0
12985,203896.31103949418,292169.6878920677,0.0,0.0,0.0,0.0
12986,207942.51167528154,289017.854648075,0.0,0.0,0.0,0.0
12987,211949.1778928698,285866.0214040823,0.0,0.0,0.0,0.0
12988,215955.84411045804,282714.18816008966,0.0,0.0,0.0,0.0
12989,220803.19543423734,280274.243404429,0.0,0.0,0.0,0.0
12990,225650.54675801663,277834.29864876834,0.0,0.0,0.0,0.0
12991,231639.8815178887,274682.4654047757,0.0,0.0,0.0,0.0
12992,237629.21627776072,271530.632160783,0.0,0.0,0.0,0.0
12993,244798.93782978458,271861.4755921179,0.0,0.0,0.0,0.0
12994,251968.65938180842,272192.3190234527,0.0,0.0,0.0,0.0
12995,259464.67254683192,269040.48577946005,0.0,0.0,0.0,0.0
12996,266960.6857118554,265888.65253546735,0.0,0.0,0.0,0.0
12997,274259.12989020615,266950.6507483697,0.0,0.0,0.0,0.0
12998,281557.57406855695,268012.64896127203,0.0,0.0,0.0,0.0
12999,289794.6749199722,271801.78571727936,0.0,0.0,0.0,0.0
13000,298031.7757713875,275590.9224732867,0.0,0.0,0.0,0.0
13001,306940.97895118,272439.089229294,0.0,0.0,0.0,0.0
13002,315850.1821309725,269287.25598530134,0.0,0.0,0.0,0.0
13003,324328.7102455958,266135.4227413087,0.0,0.0,0.0,0.0
13004,332807.23836021905,262983.589497316,0.0,0.0,0.0,0.0
13005,340558.9046042856,259831.7562533233,0.0,0.0,0.0,0.0
13006,348310.57084835216,256679.92300933064,0.0,0.0,0.0,0.0
13007,354820.6775362344,253528.08976533797,0.0,0.0,0.0,0.0
13008,361330.7842241166,250376.2565213453,0.0,0.0,0.0,0.0
13009,366649.6186598778,247224.42327735262,0.0,0.0,0.0,0.0
13010,371968.45309563907,244072.59003335994,0.0,0.0,0.0,0.0
13011,377133.24025819753,240920.75678936727,0.0,0.0,0.0,0.0
13012,382298.02742075606,237768.9235453746,0.0,0.0,0.0,0.0
13013,387975.6724881047,234617.09030138192,0.0,0.0,0.0,0.0
13014,393653.3175554534,231465.25705738924,0.0,0.0,0.0,0.0
13015,401073.3112048424,228313.42381339657,0.0,0.0,0.0,0.0
13016,408493.30485423136,225161.5905694039,0.0,0.0,0.0,0.0
13017,417392.1437225154,222009.75732541122,0.0,0.0,0.0,0.0
13018,426290.9825907994,218857.92408141855,0.0,0.0,0.0,0.0
13019,435461.63380097173,215706.09083742587,0.0,0.0,0.0,0.0
13020,444632.28501114406,212554.2575934332,0.0,0.0,0.0,0.0
13021,453930.8110036285,209402.42434944052,0.0,0.0,0.0,0.0
13022,463229.3369961129,206250.59110544785,0.0,0.0,0.0,0.0
13023,473517.96509505424,203098.75786145517,0.0,0.0,0.0,0.0
13024,483806.59319399565,199946.9246174625,0.0,0.0,0.0,0.0
13025,495086.1243495637,196795.09137346983,0.0,0.0,0.0,0.0
13026,506365.6555051317,193643.25812947715,0.0,0.0,0.0,0.0
13027,516886.1156386885,190491.42488548448,0.0,0.0,0.0,0.0
13028,527406.5757722453,187339.5916414918,0.0,0.0,0.0,0.0
13029,536684.0374688219,184187.75839749913,0.0,0.0,0.0,0.0
13030,545961.4991653984,181035.92515350645,0.0,0.0,0.0,0.0
13031,553671.991829737,177884.09190951378,0.0,0.0,0.0,0.0
13032,561382.4844940755,174732.2586655211,0.0,0.0,0.0,0.0
13033,568064.1160815977,171580.42542152843,0.0,0.0,0.0,0.0
13034,574745.74766912,168428.59217753576,0.0,0.0,0.0,0.0
13035,581372.6512823817,165276.75893354308,0.0,0.0,0.0,0.0
13036,587999.5548956435,162124.9256895504,0.0,0.0,0.0,0.0
13037,595090.2586649469,158973.09244555773,0.0,0.0,0.0,0.0
13038,602180.9624342503,155821.25920156506,0.0,0.0,0.0,0.0
13039,610162.0953531669,152669.42595757238,0.0,0.0,0.0,0.0
13040,618143.2282720836,149517.5927135797,0.0,0.0,0.0,0.0
13041,627294.0231406009,146365.75946958704,0.0,0.0,0.0,0.0
13042,636444.8180091181,143213.92622559436,0.0,0.0,0.0,0.0
13043,646523.639658351,140062.0929816017,0.0,0.0,0.0,0.0
13044,656602.4613075837,136910.259737609,0.0,0.0,0.0,0.0
13045,666827.6995063466,136038.36047861614,0.0,0.0,0.0,0.0
13046,677052.9377051096,135166.46121962325,0.0,0.0,0.0,0.0
13047,688573.3801072616,132014.62797563057,0.0,0.0,0.0,0.0
13048,700093.8225094136,128862.7947316379,0.0,0.0,0.0,0.0
13049,712790.952772951,125710.96148764523,0.0,0.0,0.0,0.0
13050,725488.0830364885,122559.12824365254,0.0,0.0,0.0,0.0
13051,714386.1843339994,119407.29499965985,0.0,0.0,0.0,0.0
13052,703284.2856315103,116255.46175566717,0.0,0.0,0.0,0.0
13053,672815.1293259014,113103.6285116745,0.0,0.0,0.0,0.0
13054,642345.9730202925,109951.79526768181,0.0,0.0,0.0,0.0
13055,610363.6242564588,106799.96202368912,0.0,0.0,0.0,0.0
13056,578381.2754926253,103648.12877969645,0.0,0.0,0.0,0.0
13057,545578.4151881506,100496.29553570377,0.0,0.0,0.0,0.0
13058,512775.55488367594,97344.46229171108,0.0,0.0,0.0,0.0
13059,502102.21018033125,94597.13228046957,0.0,0.0,0.0,0.0
13060,491428.8654769866,91849.80226922805,0.0,0.0,0.0,0.0
13061,479333.0760294036,88697.96902523536,0.0,0.0,0.0,0.0
13062,467237.2865818206,85546.13578124269,0.0,0.0,0.0,0.0
13063,439650.4355274225,85234.85945912651,0.0,0.0,0.0,0.0
13064,412063.5844730245,84923.58313701036,0.0,0.0,0.0,0.0
13065,427254.22471987846,81771.74989301767,0.0,0.0,0.0,0.0
13066,442444.86496673245,78619.91664902499,0.0,0.0,0.0,0.0
13067,457383.59002852556,78156.31868510037,0.0,0.0,0.0,0.0
13068,472322.3150903187,77692.72072117575,0.0,0.0,0.0,0.0
13069,487086.6188052489,81481.85747718308,0.0,0.0,0.0,0.0
13070,501850.922520179,85270.99423319039,0.0,0.0,0.0,0.0
13071,475121.30972643755,82119.1609891977,0.0,0.0,0.0,0.0
13072,448391.6969326961,78967.32774520502,0.0,0.0,0.0,0.0
13073,421677.31443015975,75815.49450121235,0.0,0.0,0.0,0.0
13074,394962.93192762334,72663.66125721966,0.0,0.0,0.0,0.0
13075,385244.7969720946,69511.82801322697,0.0,0.0,0.0,0.0
13076,375526.6620165659,66359.9947692343,0.0,0.0,0.0,0.0
13077,345118.85763260076,63208.161525241616,0.0,0.0,0.0,0.0
13078,314711.0532486356,60056.328281248934,0.0,0.0,0.0,0.0
13079,282326.36438623513,56904.49503725625,0.0,0.0,0.0,0.0
13080,249941.67552383465,53752.66179326357,0.0,0.0,0.0,0.0
13081,258246.14556198337,50600.82854927089,0.0,0.0,0.0,0.0
13082,266550.6156001321,47448.99530527821,0.0,0.0,0.0,0.0
13083,274308.578472215,44297.162061285526,0.0,0.0,0.0,0.0
13084,282066.54134429793,41145.328817292844,0.0,0.0,0.0,0.0
13085,291147.54197136953,37993.49557330016,0.0,0.0,0.0,0.0
13086,300228.5425984411,34841.66232930748,0.0,0.0,0.0,0.0
13087,270025.1544780346,31689.8290853148,0.0,0.0,0.0,0.0
13088,239821.76635762802,28537.99584132212,0.0,0.0,0.0,0.0
13089,252163.70920368662,25386.162597329443,0.0,0.0,0.0,0.0
13090,264505.65204974526,22234.32935333676,0.0,0.0,0.0,0.0
13091,234586.53635322297,20312.16607440174,0.0,0.0,0.0,0.0
13092,204667.42065670065,18390.002795466717,0.0,0.0,0.0,0.0
13093,174591.7178792653,21782.692950599703,0.0,0.0,0.0,0.0
13094,144516.01510183,25175.38310573269,0.0,0.0,0.0,0.0
13095,115099.60627209884,25195.024528837064,0.0,0.0,0.0,0.0
13096,85683.19744236767,25214.66595194144,0.0,0.0,0.0,0.0
13097,57120.72853894606,22062.832707948757,0.0,0.0,0.0,0.0
13098,28558.25963552445,18910.99946395608,0.0,0.0,0.0,0.0
13099,17012.604237035375,15759.1662199634,0.0,0.0,0.0,0.0
13100,5466.948838546297,12607.33297597072,0.0,0.0,0.0,0.0
13101,2733.4744192731487,9455.49973197804,0.0,0.0,0.0,0.0
13102,0.0,6303.66648798536,0.0,0.0,0.0,0.0
13103,0.0,3151.83324399268,0.0,0.0,0.0,0.0
13104,0.0,0.0,0.0,0.0,0.0,0.0
