Node,GeneratorType,Period,genInvCap_MW,genInstalledCap_MW,genExpectedCapacityFactor,DiscountedInvestmentCost_Euro,genExpectedAnnualProduction_GWh
ES111,Bio,2020-2025,1.4650775742685754e-07,143.50900014650773,0.062067559694792024,0.1858655823338182,78.0275400759994
ES111,Bio,2025-2030,1.1108762680396601e-06,120.47125606362472,0.05795283309323653,0.5891114577219312,61.159259213845154
ES111,BioCCS,2020-2025,0.00044173994297789555,0.00044173994297789555,0.7395323054683519,437.2130935078771,0.002861725196003616
ES111,BioCCS,2025-2030,0.0002458821799229447,0.0006875968917250558,0.702888101891196,-24.231195086774555,0.004233740185036387
ES111,Coal,2020-2025,0.0,816.762,1.086158818821641e-08,0.0,7.771287262802801e-05
ES111,Coal,2025-2030,1.8225743994437829e-09,646.9291877336221,0.0007854041423133868,0.0008530632924475627,4.450963567145734
ES111,CoalCCS,2020-2025,0.0,0.0,0,0.0,0.0
ES111,CoalCCS,2025-2030,6.48127189469588e-08,6.481271752866753e-08,0.7143940282817596,0.07061597203931372,4.056039288265249e-07
ES111,GasCCGT,2020-2025,2.7749968093753053e-06,1129.2600027749968,0.10640273114439047,1.8754133088368807,1052.569612574265
ES111,GasCCGT,2025-2030,1.5511835078965213e-06,946.0320223734711,0.1264528106476392,0.44090367597874275,1047.9448557601286
ES111,GasCCS,2020-2025,1.424416913601461e-05,1.424416913601461e-05,0.41961872712365156,27.849484214404676,5.23595722668669e-05
ES111,GasCCS,2025-2030,1.7762219292124658e-05,3.1955926077119613e-05,0.4192617490226723,13.766937857335277,0.00011736558173849541
ES111,GasOCGT,2020-2025,1.2041163984598957e-06,214.0600012041164,6.131670924157243e-08,0.6286903156813031,0.00011497898452177091
ES111,GasOCGT,2025-2030,2.175215363012078e-06,183.20732514437643,0.0016735781658898795,0.48648754756337165,2.6859191857281846
ES111,Hydroregulated,2020-2025,5.027472980145831e-07,334.0940005027473,0.2747950746872421,0.5561514295915286,804.2326997894388
ES111,Hydroregulated,2025-2030,4.147498635864474e-08,334.0940004937589,0.2726386852954822,0.02015596445903033,797.9216737632053
ES111,Hydrorun-of-the-river,2020-2025,0.0,0.0,0,0.0,0.0
ES111,Hydrorun-of-the-river,2025-2030,0.0,0.0,0,0.0,0.0
ES111,Lignite,2020-2025,4.183183278076771e-05,4.183183278076771e-05,0.10779848012481344,50.39318453901664,3.950241403271456e-05
ES111,Lignite,2025-2030,2.5819660403285393e-05,6.762626200840722e-05,0.09107133932786592,13.43444930450266,5.395121287242356e-05
ES111,Oil,2020-2025,2.5187912357207456e-07,249.09700025187914,1.5871267051752968e-08,1.2618719415028898,3.463252871202421e-05
ES111,Oil,2025-2030,1.2325390862153157e-06,196.36181311567177,0.0004846554644586428,2.7118537746353297,0.8336701534606503
ES111,Solar,2020-2025,0.0,0.0,0,0.0,0.0
ES111,Solar,2025-2030,0.0,0.0,0,0.0,0.0
ES111,Waste,2020-2025,0.00033590012444855875,110.73033590012446,0.5547789362548716,586.0590639116244,538.134315745507
ES111,Waste,2025-2030,5.527325445241229e-05,110.73039112291656,0.5952664369305511,40.562076699379745,577.4073879609072
ES111,Windonshore,2020-2025,1570.7619971687425,3203.6489971687424,0.3713157536022381,1422007632.4458554,10420.592392948329
ES111,Windonshore,2025-2030,325.7721204342307,3203.648996678911,0.42785905917960215,112921510.79051813,12007.421751987771
ES112,BioCCS,2020-2025,0.0008920726830604766,0.0008920726830604766,0.754374959251184,882.9309271094365,0.00589510589485172
ES112,BioCCS,2025-2030,0.0002690611948502534,0.0011611086467352475,0.7155266670549928,-26.51544046315315,0.00727784479276392
ES112,CoalCCS,2020-2025,0.0,0.0,0,0.0,0.0
ES112,CoalCCS,2025-2030,0.0,0.0,0,0.0,0.0
ES112,GasCCS,2020-2025,1.4335862833599376e-05,1.4335862833599376e-05,0.4208747976875863,28.02875912746302,5.2854365519168934e-05
ES112,GasCCS,2025-2030,1.793327246381667e-05,3.2218672947146e-05,0.4210054149769497,13.899515794036473,0.00011882270538128966
ES112,GasOCGT,2020-2025,1.0073197383993181e-06,98.87900100731974,6.414742777945653e-06,0.5259393237533152,0.005556322212595143
ES112,GasOCGT,2025-2030,6.324290975388509e-07,84.62747415165998,0.0021485378555936457,0.14144295130545362,1.5927899069018814
ES112,Hydroregulated,2020-2025,4.725788471660053e-07,461.2390004725788,0.22970124694630886,0.5227783470622783,928.0972402876711
ES112,Hydroregulated,2025-2030,4.9383174852798014e-08,461.23900047150295,0.22963689444108668,0.02399917648193778,927.837226971265
ES112,Hydrorun-of-the-river,2020-2025,2.5559940223634987,7.6509940223634985,0.4188576281509029,2098458.2635681042,28.072972352626216
ES112,Hydrorun-of-the-river,2025-2030,3.311342256061049e-08,7.650994005051963,0.4227371061866165,0.011756495531846248,28.332985410686334
ES112,Lignite,2020-2025,4.1873898845936514e-05,4.1873898845936514e-05,0.1083527364779872,50.443859894217816,3.9745447376166555e-05
ES112,Lignite,2025-2030,2.631710707810381e-05,6.816577474861775e-05,0.09092843051661556,13.693280057121353,5.429629255648701e-05
ES112,Solar,2020-2025,9.926030373197392e-07,1.4380009926030373,0.13551685113501266,0.29267957400251393,1.7070906900720924
ES112,Solar,2025-2030,3.6813019627184973e-06,1.3853269785418272,0.132650300409675,0.38886090388207584,1.6097729892541968
ES112,Waste,2020-2025,0.00042640501948913804,0.00042640501948913804,0.5623452843691592,743.9667579143538,0.002100532823003661
ES112,Waste,2025-2030,0.0006415228376347034,0.0010678773947730704,0.5871275216790635,470.7792005796561,0.005492346624271818
ES112,Windonshore,2020-2025,2601.49196920666,4127.60996920666,0.2666818739442829,2355125373.9436245,9642.646750732434
ES112,Windonshore,2025-2030,304.4709951876564,4127.609988961271,0.3207690972346832,105537959.24173902,11598.325233888647
ES113,BioCCS,2020-2025,0.0006502414599210431,0.0006502414599210431,0.7489763142855077,643.577934797224,0.004266255359934275
ES113,BioCCS,2025-2030,0.00019437418177307305,0.0008445904105187942,0.7087115235997719,-19.155185299933166,0.005243481580311218
ES113,CoalCCS,2020-2025,0.0,0.0,0,0.0,0.0
ES113,CoalCCS,2025-2030,0.0,0.0,0,0.0,0.0
ES113,GasCCS,2020-2025,1.430612799668477e-05,1.430612799668477e-05,0.4203105193009596,27.970623067481995,5.2674020926259726e-05
ES113,GasCCS,2025-2030,1.7822060398982012e-05,3.207772604315031e-05,0.4200049953642782,13.813318818287867,0.00011802177335971687
ES113,GasOCGT,2020-2025,7.913522164661515e-07,145.07000079135221,9.435421327417479e-08,0.4131788882051123,0.00011990658035852334
ES113,GasOCGT,2025-2030,2.630080937591075e-06,124.16092170002015,0.0014266382982603383,0.5882183653990452,1.5516826801502754
ES113,Hydroregulated,2020-2025,5.8382738643558696e-08,2625.411000058383,0.018375628528018675,0.06458442181253038,422.61373688911203
ES113,Hydroregulated,2025-2030,1.0327019036449424e-08,2625.411000018248,0.018354519831249496,0.005018712408160172,422.1282664015344
ES113,Hydrorun-of-the-river,2020-2025,1.526058042600198e-06,506.93700152605805,0.12014959128394946,1.2528859935352106,533.556476210985
ES113,Hydrorun-of-the-river,2025-2030,5.813835735374702e-07,506.9370020569794,0.12025891244345693,0.20641277331182825,534.0419466917342
ES113,Lignite,2020-2025,4.187301617884454e-05,4.187301617884454e-05,0.10822503941923887,50.442796579447815,3.969776932064688e-05
ES113,Lignite,2025-2030,2.620601271206724e-05,6.805379771562733e-05,0.09113213013339637,13.635475593188739,5.432853493355336e-05
ES113,Solar,2020-2025,0.0,0.0,0,0.0,0.0
ES113,Solar,2025-2030,0.0,0.0,0,0.0,0.0
ES113,Waste,2020-2025,0.0003626731795887406,0.0003626731795887406,0.5616131563443474,632.7711383988496,0.0017842545750059889
ES113,Waste,2025-2030,0.0004392623867000536,0.0008018851039380511,0.586999518587334,322.3511044716958,0.004123386048972161
ES113,Windonshore,2020-2025,0.0,526.555,0.15808401642548378,0.0,729.1817803957459
ES113,Windonshore,2025-2030,0.0,421.5036773874219,0.18188448434975754,0.0,671.585216155085
ES114,BioCCS,2020-2025,0.001347178815293752,0.001347178815293752,0.7590394319984869,1333.3732362353562,0.00895764174258601
ES114,BioCCS,2025-2030,0.00015884131834716688,0.0015059949024655522,0.7185295920211426,-15.653492961209501,0.009479212669005324
ES114,CoalCCS,2020-2025,0.0,0.0,0,0.0,0.0
ES114,CoalCCS,2025-2030,0.0,0.0,0,0.0,0.0
ES114,GasCCS,2020-2025,1.4362067212472703e-05,1.4362067212472703e-05,0.42129538227019664,28.079992613166013,5.300389194506785e-05
ES114,GasCCS,2025-2030,1.7974988364310467e-05,3.2286593226319923e-05,0.42164312300640405,13.931848477262353,0.00011925355919284302
ES114,GasOCGT,2020-2025,1.5752862215877716e-07,28.117000157528622,1.4320542648916211e-05,0.08224845980049232,0.00352722013125954
ES114,GasOCGT,2025-2030,4.128461708297882e-07,24.064469697611084,0.002024558936693597,0.09233316598582575,0.4267866497238744
ES114,Lignite,2020-2025,4.189525715481377e-05,4.189525715481377e-05,0.10865485891804157,50.4695894195373,3.987659971810421e-05
ES114,Lignite,2025-2030,2.634962027638808e-05,6.821964625584974e-05,0.09127154888785913,13.710197278620585,5.454425193837456e-05
ES114,Solar,2020-2025,3.991301651851131e-06,8.630003991301653,0.14157675901423464,1.1768777882582937,10.703038039427145
ES114,Solar,2025-2030,4.801794413328326e-05,8.313913581371468,0.1388999049008051,5.072200364796694,10.116063818860624
ES114,Waste,2020-2025,0.0004975577858105075,0.0004975577858105075,0.5627343359150181,868.1099796338517,0.002452737367554216
ES114,Waste,2025-2030,0.0008791052106257374,0.0013766125340854683,0.5913479735829078,645.1281606898272,0.007131139604176793
ES114,Windonshore,2020-2025,1.910503328872437e-06,519.6140019105034,0.23545376556534275,1.7295747671300243,1071.7428428990816
ES114,Windonshore,2025-2030,281.7085115407193,697.655967593151,0.27690121164976234,97647860.97510259,1692.2724168131792
ES120,Bio,2020-2025,5.230198390253548e-06,110.50200523019839,0.07617873325496045,6.635238205807579,73.74082835778907
ES120,Bio,2025-2030,8.863785471879765e-06,92.76293904596312,0.06003336063641118,4.7005753300394915,48.78330972733207
ES120,BioCCS,2020-2025,305.2792761694676,305.2792761694676,0.7549702240276567,302150844.26851875,2018.976448441003
ES120,BioCCS,2025-2030,4.385684206265381e-05,305.27932000107853,0.7394114493326618,-4.322003718378689,1977.3687342107892
ES120,Coal,2020-2025,0.0,1462.394,6.267548192563261e-09,0.0,8.029087387447438e-05
ES120,Coal,2025-2030,9.457335526232899e-10,1158.3121675183827,0.0007890389479428284,0.0004426544005145502,8.006231907061194
ES120,CoalCCS,2020-2025,0.0,0.0,0,0.0,0.0
ES120,CoalCCS,2025-2030,7.647324196022998e-08,7.647324223159295e-08,0.6581253328693943,0.08332056429292366,4.4088184727359566e-07
ES120,GasCCGT,2020-2025,2.375114673169928e-06,779.4740023751148,0.17546945472089567,1.6051628070445882,1198.1391727330715
ES120,GasCCGT,2025-2030,3.1338481981443947e-06,653.0005201980009,0.18378564048121224,0.890755467349513,1051.306161030994
ES120,GasCCS,2020-2025,1.4428643042734417e-05,1.4428643042734417e-05,0.4220975060945913,28.210158333344566,5.335097758328504e-05
ES120,GasCCS,2025-2030,1.808313395400115e-05,3.246131464827985e-05,0.4226436439995551,14.015668724514711,0.00012018341841281448
ES120,GasOCGT,2020-2025,7.594056714426482e-07,162.93200075940567,7.134814965151626e-05,0.39649903607333997,0.10183409573325863
ES120,GasOCGT,2025-2030,2.555530051483347e-06,139.4484539761159,0.0026134469213595977,0.5715450380734218,3.192504322734387
ES120,Hydroregulated,2020-2025,2.860477366084524e-07,328.68400028604776,0.27627566050800606,0.31643304354784874,795.4727300703863
ES120,Hydroregulated,2025-2030,4.9050188024731555e-08,328.6840002846373,0.27426500951540433,0.02383735193994046,789.6835192788926
ES120,Hydrorun-of-the-river,2020-2025,0.0,0.0,0,0.0,0.0
ES120,Hydrorun-of-the-river,2025-2030,0.0,0.0,0,0.0,0.0
ES120,Lignite,2020-2025,4.1901266077661224e-05,4.1901266077661224e-05,0.10876460532625493,50.47682813555338,3.9922602088238954e-05
ES120,Lignite,2025-2030,2.6875801143998214e-05,6.875183604617839e-05,0.0906790975675567,13.983978965927676,5.461294497131341e-05
ES120,Solar,2020-2025,0.0008556769930642873,0.0008556769930642873,0.11083338870052738,252.30547197402512,0.0008307772075836781
ES120,Solar,2025-2030,0.0016922828603070435,0.0025477580039674377,0.11609440852256526,178.75812670286575,0.0025910368167160564
ES120,Waste,2020-2025,5.343007343252807e-05,85.26205343007344,0.5607814686169987,93.22169460938142,418.84520476880164
ES120,Waste,2025-2030,0.0041196139976513255,85.26617299360875,0.5986299692768104,3023.1637452872783,447.1356859109533
ES120,Windonshore,2020-2025,0.0,587.045,0.20453081407673626,0.0,1051.802615727173
ES120,Windonshore,2025-2030,3.096787338563445e-06,469.92551190764107,0.2448621581105601,1.0734310363987416,1007.986700972968
ES130,BioCCS,2020-2025,0.0011691837641211026,0.0011691837641211026,0.7576416922330049,1157.202237462485,0.007759803922481422
ES130,BioCCS,2025-2030,5.7336832598457106e-05,0.0012264953655438922,0.7212279304213236,-5.650429717136657,0.007748944576064055
ES130,CoalCCS,2020-2025,0.0,0.0,0,0.0,0.0
ES130,CoalCCS,2025-2030,0.0,0.0,0,0.0,0.0
ES130,GasCCGT,2020-2025,2.1237600937253838e-07,35.51100021237601,0.12828657282443193,0.14352909996483434,39.90692034976523
ES130,GasCCGT,2025-2030,1.8408842637866138e-07,29.749166166689374,0.12988918470743602,0.05232473365163475,33.84947166666763
ES130,GasCCS,2020-2025,1.4358466254263678e-05,1.4358466254263678e-05,0.4210406414068192,28.072952200500215,5.2958561089905125e-05
ES130,GasCCS,2025-2030,1.7965459997027717e-05,3.227346390198345e-05,0.4205399196788592,13.924463339284596,0.00011889317207378514
ES130,GasOCGT,2020-2025,1.912559591074904e-07,30.09500019125596,0.00010630591410467658,0.09985809466677009,0.02802566218653207
ES130,GasOCGT,2025-2030,7.271392330595653e-08,25.757378306936182,0.00250465912857531,0.016262490061601072,0.5651378456926044
ES130,Lignite,2020-2025,4.1868781568902966e-05,4.1868781568902966e-05,0.10814920031357962,50.43769530928939,3.9665939144279814e-05
ES130,Lignite,2025-2030,2.7402258287241776e-05,6.92458086808761e-05,0.08942348729585285,14.257904404582902,5.424368682950059e-05
ES130,Oil,2020-2025,7.397316176794884e-08,236.64200007397315,1.6665686289007375e-08,0.37059306835533995,3.4547699703676014e-05
ES130,Oil,2025-2030,1.3247573798917873e-06,186.54360420297485,0.0005578314542753235,2.9147540563333987,0.9115646365603595
ES130,Solar,2020-2025,9.721222582470546e-07,37.90200097212226,0.14070728229579624,0.2866405982298637,46.71784694115304
ES130,Solar,2025-2030,1.1773918915575834e-05,36.513568622662646,0.13892239988434257,1.2436949747974781,44.435560613080945
ES130,Waste,2020-2025,0.0004623319121184821,0.0004623319121184821,0.563137304006788,806.649917374842,0.002280721595749138
ES130,Waste,2025-2030,0.0006218015843279978,0.0010840830340957002,0.5861972136291865,456.30683058517366,0.005566861336423048
ES130,Windonshore,2020-2025,1.35324614802812e-06,401.61000135324616,0.18807941196918604,1.2250909778454586,661.6828585642495
ES130,Windonshore,2025-2030,2.7167084992330452e-06,321.4860630177985,0.19930722930877584,0.9416853342205218,561.2925891776255
ES211,BioCCS,2020-2025,0.0009348297261426282,0.0009348297261426282,0.753792864494288,925.2498058351771,0.006172891479251117
ES211,BioCCS,2025-2030,1.189472748073216e-05,0.0009466992224480973,0.7133925179030115,-1.1722015079741188,0.0059162249239118675
ES211,CoalCCS,2020-2025,0.0,0.0,0,0.0,0.0
ES211,CoalCCS,2025-2030,0.0,0.0,0,0.0,0.0
ES211,GasCCGT,2020-2025,1.5244445440014113e-07,41.726000152444456,0.12063625725025214,0.10302583328186289,44.094935958509765
ES211,GasCCGT,2025-2030,8.11273933612245e-07,34.9557524559892,0.12081952286604647,0.23059403206292653,36.9964350384486
ES211,GasCCS,2020-2025,1.4346766551705525e-05,1.4346766551705525e-05,0.42068019810407536,28.050077529566778,5.287010921328996e-05
ES211,GasCCS,2025-2030,1.7901566514707246e-05,3.219787071658813e-05,0.41928615473974096,13.874941509487986,0.00011826106349523427
ES211,GasOCGT,2020-2025,1.9908337009936258e-07,16.81200019908337,0.00010665546782514009,0.10394492339341277,0.01570748369767199
ES211,GasOCGT,2025-2030,5.004887417962736e-07,14.388870589028958,0.0027945590938864245,0.11193445243159343,0.35224441060065476
ES211,Lignite,2020-2025,4.1860374139513555e-05,4.1860374139513555e-05,0.10797378110131768,50.427567205580914,3.959364837763328e-05
ES211,Lignite,2025-2030,2.7940304337832865e-05,6.977544730201008e-05,0.0883311752563073,14.537859767172959,5.399092203457676e-05
ES211,Solar,2020-2025,1.5879087793768676e-05,1.0790158790877937,0.13833011464223585,4.682118103907915,1.3075210186338562
ES211,Solar,2025-2030,2.3046920483416174e-06,1.039491545559538,0.1388217976699837,0.24344773728535488,1.2641037847517604
ES211,Waste,2020-2025,0.0004227222221939912,0.0004227222221939912,0.562308967732422,737.5412266975574,0.0020822563484592478
ES211,Waste,2025-2030,0.0004350923914205757,0.0008577641512637692,0.5815665056640326,319.2909686060239,0.004369898845176846
ES211,Windonshore,2020-2025,3.5932779383074376e-06,269.72300359327795,0.16917455817446014,3.2529871890092377,399.7211648704582
ES211,Windonshore,2025-2030,1.9677336233110287e-06,215.91142273431097,0.18455846513331176,0.6820701945930973,349.0709396730421
ES212,BioCCS,2020-2025,0.000672758896756926,0.000672758896756926,0.7468160170730516,665.8646181125637,0.004401261568803862
ES212,BioCCS,2025-2030,0.00011875827371988961,0.0007914919393009094,0.7108720650081182,-11.703389402099107,0.004928809701714289
ES212,CoalCCS,2020-2025,0.0,0.0,0,0.0,0.0
ES212,CoalCCS,2025-2030,0.0,0.0,0,0.0,0.0
ES212,GasCCGT,2020-2025,1.1365421143052056e-06,44.38900113654212,0.08316133952737417,0.7681040208840529,32.33709144242155
ES212,GasCCGT,2025-2030,1.2223200012631686e-06,37.18666902053087,0.09920378623015244,0.34742851444448436,32.31615126972777
ES212,GasCCS,2020-2025,1.4318244749229497e-05,1.4318244749229497e-05,0.42005913230024405,27.994313133606738,5.268710291711284e-05
ES212,GasCCS,2025-2030,1.787643293912605e-05,3.2144215337706504e-05,0.41819531304039614,13.855461265073236,0.00011775682731336932
ES212,GasOCGT,2020-2025,1.834583108726161e-07,3.620000183458311,0.00031345470882853966,0.09578680559818413,0.009940025466355036
ES212,GasOCGT,2025-2030,1.8221687903915102e-06,3.098247822126275,0.003205524992370506,0.40752857908127926,0.08700003483911736
ES212,Lignite,2020-2025,4.185316836932556e-05,4.185316836932556e-05,0.1076854438441679,50.418886694049604,3.948111862630738e-05
ES212,Lignite,2025-2030,2.85382648183317e-05,7.036620201227278e-05,0.0873667581546466,14.848989721474583,5.385356251237292e-05
ES212,Solar,2020-2025,0.0,0.0,0,0.0,0.0
ES212,Solar,2025-2030,0.0,0.0,0,0.0,0.0
ES212,Waste,2020-2025,0.000355708063841154,0.000355708063841154,0.5612260907141815,620.6188082329468,0.0017487819798805025
ES212,Waste,2025-2030,0.0003669167551382264,0.0007225743566286204,0.578457608567573,269.2605259387751,0.003661492836885371
ES212,Windonshore,2020-2025,5.574121075824223e-07,18.84100055741211,0.1955766492364381,0.5046240441445969,32.279371473777545
ES212,Windonshore,2025-2030,4.4447676892732145e-07,15.082092482133206,0.20737466406687421,0.15406778269319119,27.398160230313273
ES213,Bio,2020-2025,1.507807212084351e-06,81.80000150780721,0.06705649448298144,1.9128643455012984,48.05053902438934
ES213,Bio,2025-2030,1.4285174634930727e-08,68.66850760907258,0.05996048710949898,0.007575605218254557,36.0683991682235
ES213,BioCCS,2020-2025,0.000887808756010467,0.000887808756010467,0.7526820782421821,878.7106958044312,0.005853762598506769
ES213,BioCCS,2025-2030,6.611656362024972e-06,0.0008943951811972183,0.71348133958003,-0.6515654579162581,0.005590056222671951
ES213,CoalCCS,2020-2025,0.0,0.0,0,0.0,0.0
ES213,CoalCCS,2025-2030,0.0,0.0,0,0.0,0.0
ES213,GasCCGT,2020-2025,4.987362660248726e-07,1746.2700004987362,0.09960404415283881,0.33705863291180355,1523.6754550762944
ES213,GasCCGT,2025-2030,9.988945607072988e-07,1462.9291163295306,0.0880359878661469,0.2839227476884697,1128.2039910237688
ES213,GasCCS,2020-2025,1.4342461262578515e-05,1.4342461262578515e-05,0.42064149485662866,28.041660044458578,5.284938086582932e-05
ES213,GasCCS,2025-2030,1.7880303196963106e-05,3.217230210917288e-05,0.419068823324364,13.858460980269763,0.00011810590098749682
ES213,GasOCGT,2020-2025,4.971749826193953e-07,116.29700049717498,0.00010750207916306478,0.2595837887197784,0.10951900353993878
ES213,GasOCGT,2025-2030,4.6370391167050525e-07,99.53500001181193,0.0029328109979947074,0.10370751449261156,2.557195922227611
ES213,Hydroregulated,2020-2025,83.58222875333672,255.36322875333673,0.2891078104124724,92460717.7267535,646.7289343806901
ES213,Hydroregulated,2025-2030,1.0741507360268231e-07,255.36322881028946,0.29450896660395465,0.05220144949965785,658.8112230799702
ES213,Hydrorun-of-the-river,2020-2025,0.0,0.0,0,0.0,0.0
ES213,Hydrorun-of-the-river,2025-2030,0.0,0.0,0,0.0,0.0
ES213,Lignite,2020-2025,4.186261592102097e-05,4.186261592102097e-05,0.10801759495108729,50.43026779271013,3.961183602971202e-05
ES213,Lignite,2025-2030,2.794868220384782e-05,6.978606694953702e-05,0.08841058485302673,14.542218926608047,5.404768446394511e-05
ES213,Solar,2020-2025,0.0,0.0,0,0.0,0.0
ES213,Solar,2025-2030,0.0,0.0,0,0.0,0.0
ES213,Waste,2020-2025,3.91317610528784e-05,63.116039131761056,0.5570959635692385,68.2748280891912,308.01640997821306
ES213,Waste,2025-2030,0.0001558341793610869,63.11619491547806,0.5822769249825555,114.35834560947298,321.9396700937824
ES213,Windonshore,2020-2025,1.3662544162684753e-06,45.61500136625442,0.23680804989250387,1.236867336552908,94.62551578982668
ES213,Windonshore,2025-2030,9.571697909578607e-08,36.51449688553354,0.24957149767040035,0.0331781181072022,79.82968442777758
ES220,Bio,2020-2025,1.197143926652058e-06,43.05300119714392,0.06412117714384566,1.5187445154613277,24.182935859105715
ES220,Bio,2025-2030,1.559623708720605e-08,36.141629459775324,0.057925696458379514,0.008270877891409576,18.339314544560054
ES220,BioCCS,2020-2025,0.0005811588230475024,0.0005811588230475024,0.744786946767777,575.2032409184015,0.0037916740673452055
ES220,BioCCS,2025-2030,7.581272434834435e-05,0.00065694631621994,0.7045771158831506,-7.471191748504467,0.004054735425165416
ES220,CoalCCS,2020-2025,0.0,0.0,0,0.0,0.0
ES220,CoalCCS,2025-2030,0.0,0.0,0,0.0,0.0
ES220,GasCCGT,2020-2025,2.306032840546754e-07,1781.7810002306032,0.0680786450613055,0.15584755503736492,1062.5988299150902
ES220,GasCCGT,2025-2030,2.0097518101862614e-06,1492.6782828677108,0.07106019835000349,0.5712457335996682,929.173330115106
ES220,GasCCS,2020-2025,1.4298142512297625e-05,1.4298142512297625e-05,0.4199025145019821,27.955010249404605,5.259351570412394e-05
ES220,GasCCS,2025-2030,1.7767040419890557e-05,3.2014720581012796e-05,0.417736015473097,13.77067456192516,0.00011715362787309215
ES220,GasOCGT,2020-2025,8.43205904414035e-07,186.3330008432059,8.381519082312437e-05,0.44025260922318904,0.13680961555551163
ES220,GasOCGT,2025-2030,2.301463427183246e-06,159.47664467389708,0.0025216355806383273,0.5147229637743934,3.522763757856905
ES220,Lignite,2020-2025,4.181623372124158e-05,4.181623372124158e-05,0.1074143264747826,50.37439295774753,3.934696420850226e-05
ES220,Lignite,2025-2030,2.7884353163842493e-05,6.967535570964667e-05,0.08763121676528998,14.508747331193534,5.3486249106662966e-05
ES220,Solar,2020-2025,5.790025880969552e-07,125.78800057900258,0.14986555759529618,0.17072507786008556,165.1372902871903
ES220,Solar,2025-2030,3.9428901141202206e-06,121.18007903902105,0.1493856852609263,0.41649281401307686,158.57850572962417
ES220,Waste,2020-2025,9.41979127164104e-06,33.21900941979127,0.5530048879026105,16.435105714723488,160.92360532454347
ES220,Waste,2025-2030,1.1774330692205457e-05,33.21902114365962,0.5828738543774595,8.640549744221824,169.61549029962396
ES220,Windonshore,2020-2025,9.915956979966722e-07,1328.9820009915957,0.2483924271603909,0.8976895630231274,2891.755408338071
ES220,Windonshore,2025-2030,3.200022829222859e-06,1063.8410085983867,0.24013351713971876,1.1092152758754743,2237.8636157124324
ES230,BioCCS,2020-2025,0.000951442762092917,0.000951442762092917,0.7550138145688373,941.6925952089847,0.006292767279368739
ES230,BioCCS,2025-2030,2.324058961599732e-05,0.0009746581205336473,0.7139746273557832,-2.290313438303576,0.006095919035247932
ES230,CoalCCS,2020-2025,0.0,0.0,0,0.0,0.0
ES230,CoalCCS,2025-2030,0.0,0.0,0,0.0,0.0
ES230,GasCCGT,2020-2025,2.52107120044777e-07,18.64300025210712,0.14389446215752463,0.17038039344302802,23.49979056988891
ES230,GasCCGT,2025-2030,2.3822901094247166e-07,15.618082115835403,0.12178588536171725,0.06771348851674537,16.662062753210137
ES230,GasCCS,2020-2025,1.4346076372686513e-05,1.4346076372686513e-05,0.420667518712966,28.0487281262066,5.286597235445137e-05
ES230,GasCCS,2025-2030,1.7914654996046935e-05,3.221026901769935e-05,0.41942791848101146,13.88508597996698,0.00011834660212918962
ES230,GasOCGT,2020-2025,1.146240361796012e-08,26.459000011462404,0.00010585549439360286,0.005984722206473522,0.024535275419793588
ES230,GasOCGT,2025-2030,2.0924462094324106e-07,22.64543851767013,0.0028510427970979764,0.04679762023312789,0.5655728819068545
ES230,Hydrorun-of-the-river,2020-2025,2.338997545619275,7.001997545619275,0.4874972105692697,1920305.245288345,29.90185942186395
ES230,Hydrorun-of-the-river,2025-2030,9.435926380937007e-08,7.0019975895773685,0.4856023870034527,0.033501045122492114,29.78563587123085
ES230,Lignite,2020-2025,4.1848233586163856e-05,4.1848233586163856e-05,0.10789966164322995,50.41294195240199,3.955499374019012e-05
ES230,Lignite,2025-2030,2.7928236460725672e-05,6.975123887153665e-05,0.08844492442647423,14.531580626367955,5.404169312365913e-05
ES230,Solar,2020-2025,1.856403855526878e-06,49.409001856403854,0.15204092872275485,0.5473804423159467,65.80678903852474
ES230,Solar,2025-2030,2.6935270518935386e-05,47.59905482277226,0.15190793336895472,2.845209044619298,63.34070466436001
ES230,Waste,2020-2025,0.00042779885398863953,0.00042779885398863953,0.5617654342985616,746.3986395439501,0.0021052260548693855
ES230,Waste,2025-2030,0.00045889247530517,0.0008866408669431297,0.5826210804765691,336.7565735815683,0.004525202780663456
ES230,Windonshore,2020-2025,1.0850139915419277e-06,408.551001085014,0.18272886170002375,0.9822609536417342,653.9695601221074
ES230,Windonshore,2025-2030,4.733529457562668e-07,327.0422835498525,0.19381732461806483,0.16407705392558616,555.2653934072271
ES241,BioCCS,2020-2025,0.000379729656308756,0.000379729656308756,0.7341898651491265,375.8382740130472,0.0024422325067880277
ES241,BioCCS,2025-2030,0.0003105306634701793,0.0006902350886034581,0.7059691237991962,-30.60217332272518,0.004268613627879545
ES241,CoalCCS,2020-2025,0.0,0.0,0,0.0,0.0
ES241,CoalCCS,2025-2030,0.0,0.0,0,0.0,0.0
ES241,GasCCS,2020-2025,1.4223033528390487e-05,1.4223033528390487e-05,0.41876123139384813,27.808160935716444,5.2175042102261904e-05
ES241,GasCCS,2025-2030,1.7868053495421464e-05,3.204062467307968e-05,0.41804793197822465,13.84896662164705,0.00011733596790271349
ES241,GasOCGT,2020-2025,4.663054416343678e-09,38.18000000466306,9.410818841773417e-05,0.002434662593084718,0.03147512355583658
ES241,GasOCGT,2025-2030,4.284670263646159e-07,32.677079478966526,0.0026312179952698187,0.09582677486207837,0.7531893513273684
ES241,Hydroregulated,2020-2025,1.303241248251652e-06,179.89700130324124,0.16789275809855175,1.4416775309984469,264.5818166087494
ES241,Hydroregulated,2025-2030,9.062338534103115e-08,179.8970013434021,0.16469527201204823,0.04404104484316751,259.5429055967337
ES241,Hydrorun-of-the-river,2020-2025,29.78688886004801,343.517888860048,0.2298233939115044,24454886.250693716,691.5883964832717
ES241,Hydrorun-of-the-river,2025-2030,4.363281595264253e-08,343.51788885321827,0.23149788648304923,0.015491271095586026,696.6273074904719
ES241,Lignite,2020-2025,4.178131916776229e-05,4.178131916776229e-05,0.10670190768387897,50.33233275097151,3.9053362996163225e-05
ES241,Lignite,2025-2030,2.791310269310038e-05,6.966919068554055e-05,0.08768083180593217,14.523706245730391,5.351179669325567e-05
ES241,Solar,2020-2025,210.40994906515198,288.226949065152,0.16932476949935088,62041613.75988436,427.5227046142711
ES241,Solar,2025-2030,718.5795593032599,1003.9558791590791,0.16663391723559517,75904530.45462835,1465.4875636736194
ES241,Waste,2020-2025,0.00024809858469199505,0.00024809858469199505,0.558354927711121,432.86802748611893,0.0012134971097313542
ES241,Waste,2025-2030,0.0004141481280670692,0.0006621962504083341,0.5827981288146175,303.921097137928,0.0033807182042592445
ES241,Windonshore,2020-2025,1.2927837929055386e-05,302.44701292783793,0.2559147054904622,11.703545310668027,678.029590981501
ES241,Windonshore,2025-2030,1.1129403928858505e-06,242.10676947659954,0.2429880786696386,0.38577552436638063,515.3425546327569
ES242,BioCCS,2020-2025,0.00043343365413826905,0.00043343365413826905,0.7385434531743,428.991925608363,0.002804159987807287
ES242,BioCCS,2025-2030,0.00029355269600050634,0.0007269611189635307,0.7051332150798622,-28.929028721260032,0.0044904148160226035
ES242,CoalCCS,2020-2025,0.0,0.0,0,0.0,0.0
ES242,CoalCCS,2025-2030,0.0,0.0,0,0.0,0.0
ES242,GasCCGT,2020-2025,6.04261850255029e-07,22.19500060426185,0.06866829118956057,0.4083755023292404,13.351052616546317
ES242,GasCCGT,2025-2030,3.638765527279603e-08,18.593752818795572,0.09683506044706632,0.010342716311997626,15.772618080557946
ES242,GasCCS,2020-2025,1.4250570946905535e-05,1.4250570946905535e-05,0.4191626087169065,27.862000713587467,5.2326164885778086e-05
ES242,GasCCS,2025-2030,1.7831903636362348e-05,3.203201223267624e-05,0.4189205427759965,13.820948002181016,0.00011754928324830785
ES242,GasOCGT,2020-2025,2.532824432808896e-07,81.00400025328244,1.0336296445799585e-05,0.13224321122647492,0.007334584712842713
ES242,GasOCGT,2025-2030,3.0831006332837975e-07,69.32881439368875,0.0013598741007077426,0.06895363518858084,0.8258793019503426
ES242,Lignite,2020-2025,4.1796633563765833e-05,4.1796633563765833e-05,0.1071706493825399,50.35078140914899,3.9239301882647794e-05
ES242,Lignite,2025-2030,2.6867664530664276e-05,6.863906691911079e-05,0.0895469240016502,13.979745334747491,5.3842615626400495e-05
ES242,Solar,2020-2025,4308.567050025933,4872.564050025933,0.1693346814095527,1270426868.9001129,7227.824150074942
ES242,Solar,2025-2030,2424.460111590078,7276.363557582948,0.1684268680198659,256098999.74702203,10735.687691299669
ES242,Waste,2020-2025,0.000278123742601536,0.000278123742601536,0.5581510691104408,485.25418235031304,0.0013598591630756694
ES242,Waste,2025-2030,0.0004343063426644206,0.0007123796229153045,0.5848362256183659,318.714129585914,0.003649638590489421
ES242,Windonshore,2020-2025,1.7606383835300221e-06,728.8480017606383,0.2118916856089127,1.593902337763183,1352.8666452167695
ES242,Windonshore,2025-2030,3.3134036618223026e-08,583.4378423805911,0.2245525844035083,0.011485161678448371,1147.669284025431
ES243,BioCCS,2020-2025,0.00038386216031750456,0.00038386216031750456,0.7344984290719039,379.92842906993116,0.0024698483067041688
ES243,BioCCS,2025-2030,0.0002928930206290563,0.0006767299497708639,0.703662694610254,-28.86401903806723,0.004171421071018044
ES243,CoalCCS,2020-2025,0.0,0.0,0,0.0,0.0
ES243,CoalCCS,2025-2030,0.0,0.0,0,0.0,0.0
ES243,GasCCGT,2020-2025,1.954763338458236e-07,1805.7510001954763,0.03885404497228018,0.1321078701130564,614.6079997961315
ES243,GasCCGT,2025-2030,2.8138301094354375e-06,1512.759033396508,0.07330336899935695,0.7997945004663587,971.3993226178549
ES243,GasCCS,2020-2025,1.4223897923110063e-05,1.4223897923110063e-05,0.418832764825289,27.80985095686601,5.218712616506491e-05
ES243,GasCCS,2025-2030,1.783557063013326e-05,3.200900620534759e-05,0.4182681719315306,13.823790173789032,0.00011728193295509604
ES243,GasOCGT,2020-2025,1.0909963132972663e-06,430.0850010909963,3.14965592675733e-05,0.5696283328516107,0.11866469208814227
ES243,GasOCGT,2025-2030,1.9229257692565773e-06,368.0964291877509,0.002099358181964934,0.4300629066616462,6.769432353218249
ES243,Hydroregulated,2020-2025,7.242832680276479e-07,660.0720007242833,0.15095033451824047,0.8012199698209346,872.829662403388
ES243,Hydroregulated,2025-2030,8.083095931053255e-07,660.0720014821305,0.15092571081251083,0.3928213330714784,872.6872834574722
ES243,Hydrorun-of-the-river,2020-2025,10.568992993039114,31.640992993039113,0.30067834763491696,8677090.20044109,83.34055065831294
ES243,Hydrorun-of-the-river,2025-2030,3.045691544810401e-08,31.640992973046473,0.3011920264389177,0.010813336788852075,83.48292957872067
ES243,Lignite,2020-2025,4.17880198626628e-05,4.17880198626628e-05,0.10693395543692899,50.34040481791705,3.914457030321354e-05
ES243,Lignite,2025-2030,2.736387030206576e-05,6.912665898942953e-05,0.08866085880826882,14.23793042224952,5.368854162433043e-05
ES243,Solar,2020-2025,5.473616852214036e-06,968.7620054736168,0.1655148863634003,1.6139542076002542,1404.6181112625134
ES243,Solar,2025-2030,4853.8527538708995,5787.126613126404,0.1649903261366922,512719029.3802781,8364.222387895934
ES243,Waste,2020-2025,0.00025360343545758365,0.00025360343545758365,0.5578762182740077,442.4725719677573,0.0012393588915059046
ES243,Waste,2025-2030,0.0004050533873584955,0.0006586063604653631,0.5825435937266907,297.2469547550194,0.0033609221848323254
ES243,Windonshore,2020-2025,4935.553921143411,9217.01492114341,0.2800029339946452,4468146898.680051,22607.731092391088
ES243,Windonshore,2025-2030,854.1802828114321,9217.014461448445,0.2790228774500558,296082205.849816,22528.599173621365
ES300,BioCCS,2020-2025,78.71865578216436,78.71865578216436,0.7551289195598846,77911965.0790194,520.7183453723321
ES300,BioCCS,2025-2030,5.329297947506095e-05,78.71870904991265,0.7342775048317514,-5.251916112100365,506.34006483917966
ES300,CoalCCS,2020-2025,0.0,0.0,0,0.0,0.0
ES300,CoalCCS,2025-2030,0.0,0.0,0,0.0,0.0
ES300,GasCCGT,2020-2025,1.9831568161062823e-06,90.55400198315682,0.1864712220384335,1.340267734316262,147.91886699396437
ES300,GasCCGT,2025-2030,4.451968957101629e-07,75.86117107847754,0.2041428348524985,0.12654140973888572,135.66186718811088
ES300,GasCCS,2020-2025,1.4430999116217827e-05,1.4430999116217827e-05,0.4217456433715687,28.214764809907546,5.3315208419250974e-05
ES300,GasCCS,2025-2030,1.8114221693041264e-05,3.249475845844262e-05,0.422550228288509,14.039763853870538,0.0001202806482180034
ES300,GasOCGT,2020-2025,1.4091546662024518e-07,23.779000140915468,6.032261296135783e-05,0.073574439570105,0.012565444057670606
ES300,GasOCGT,2025-2030,8.767429821784947e-08,20.35170955985195,0.0021291814477893863,0.019608382254748008,0.3795925460485592
ES300,Lignite,2020-2025,4.1889361044760635e-05,4.1889361044760635e-05,0.10838718430143784,50.46248660471378,3.9772764287452545e-05
ES300,Lignite,2025-2030,2.727339317007646e-05,6.913752303952545e-05,0.09002957066370695,14.190853488473412,5.4525932480165536e-05
ES300,Solar,2020-2025,1678.2858234061332,1885.6308234061332,0.16815719543829774,494860444.08580536,2777.6417442488237
ES300,Solar,2025-2030,7.59433351108466,1885.6295969847615,0.165868699640143,802199.7172222029,2739.8383002723144
ES300,Waste,2020-2025,0.0007937349673220699,0.0007937349673220699,0.5605160315562889,1384.8627555776188,0.0038973342841596703
ES300,Waste,2025-2030,0.0036142816062719827,0.0044079661112433124,0.5973829155250692,2652.3274082400876,0.023067214348335127
ES300,Windonshore,2020-2025,1.5023693507032476e-06,62.47300150236935,0.16980694992499884,1.3600919090883996,92.92914457892847
ES300,Windonshore,2025-2030,9.43340881880622e-08,50.009210760316655,0.19845209214267667,0.032698770364520895,86.93802871566999
ES412,BioCCS,2020-2025,0.00043647627572351676,0.00043647627572351676,0.7384975469263888,432.00336710648116,0.0028236691320812335
ES412,BioCCS,2025-2030,0.00021234540570266055,0.000648796450250614,0.7017719512635503,-20.92621333101054,0.003988490641579483
ES412,CoalCCS,2020-2025,0.0,0.0,0,0.0,0.0
ES412,CoalCCS,2025-2030,0.0,0.0,0,0.0,0.0
ES412,GasCCGT,2020-2025,2.1211930697881676e-07,28.409000212119306,0.08707180218434085,0.14335561396875346,21.668936137306925
ES412,GasCCGT,2025-2030,3.5609370625908504e-07,23.799500723318094,0.09676844651968058,0.10121499054320711,20.174636645350073
ES412,GasCCS,2020-2025,1.4245035622371408e-05,1.4245035622371408e-05,0.4193473361181018,27.851178325018306,5.2328891412464444e-05
ES412,GasCCS,2025-2030,1.7786601413661634e-05,3.1981174685266094e-05,0.4179050578933157,13.785835673340644,0.00011707822920707917
ES412,GasOCGT,2020-2025,6.839345638212657e-07,74.80400068393456,0.00010062534029891458,0.3570942455265191,0.06593807949498054
ES412,GasOCGT,2025-2030,5.528661604720732e-07,64.02242716317093,0.0019861796813624663,0.12364867732747017,1.1139219852910642
ES412,Lignite,2020-2025,4.1821190017147374e-05,4.1821190017147374e-05,0.107442722951372,50.38036361496257,3.93620309847793e-05
ES412,Lignite,2025-2030,2.736044582910718e-05,6.915640467090341e-05,0.08868411567193343,14.236148605306997,5.3725733419695254e-05
ES412,Solar,2020-2025,5.2756701052203425e-06,27.330005275670104,0.15115697365086064,1.5555875016694165,36.18861897303139
ES412,Solar,2025-2030,9.543817786401117e-06,26.328849181107667,0.15031154296787302,1.0081263771595583,34.667962318031094
ES412,Waste,2020-2025,0.000277422945877263,0.000277422945877263,0.5594516433446431,484.03147285327424,0.0013595933732395123
ES412,Waste,2025-2030,0.000347596140915675,0.0006249686244422126,0.5771858577933392,255.0821634787001,0.003159933931951199
ES412,Windonshore,2020-2025,8849.61689245396,10194.26689245396,0.25323569028943366,8011540123.821455,22614.397390306407
ES412,Windonshore,2025-2030,268.26687252653136,10194.266896263474,0.28747917401358736,92988621.92493558,25672.40138062405
ES413,Bio,2020-2025,3.54288367419382e-07,71.75500035428836,0.0625453152980785,0.4494643483801607,39.31434670322449
ES413,Bio,2025-2030,1.1323112540352877e-07,60.2360475795536,0.05840619266041512,0.06004786965490032,30.819065832292107
ES413,BioCCS,2020-2025,0.0010835837639862852,0.0010835837639862852,0.757597572759678,1072.4794464671259,0.007191262962225592
ES413,BioCCS,2025-2030,0.00025997132923251143,0.0013435298620435004,0.7207413762361625,-25.619652459463353,0.008482637041224442
ES413,CoalCCS,2020-2025,0.0,0.0,0,0.0,0.0
ES413,CoalCCS,2025-2030,0.0,0.0,0,0.0,0.0
ES413,GasCCS,2020-2025,1.4353846661434553e-05,1.4353846661434553e-05,0.4210299395777786,28.063920204576604,5.2940176926934974e-05
ES413,GasCCS,2025-2030,1.7976367260411134e-05,3.2279751571477776e-05,0.42109244319189526,13.932917216287436,0.00011907257282458213
ES413,GasOCGT,2020-2025,2.7921260859257086e-07,71.71900027921261,2.844186838663813e-05,0.14578180586426917,0.017868843932840633
ES413,GasOCGT,2025-2030,5.334425658797977e-07,61.38207082141817,0.0018787316803046152,0.1193045847568033,1.010207063640921
ES413,Hydroregulated,2020-2025,1.8055388864013366e-06,611.3780018055389,0.14439326977794542,1.9973315357849477,773.3228902588339
ES413,Hydroregulated,2025-2030,1.5285958670296594e-07,611.3780019079326,0.14480814508168752,0.07428651983546364,775.5448261443148
ES413,Hydrorun-of-the-river,2020-2025,24.948993840825963,74.69299384082596,0.2794503337317289,20482998.72179648,182.847322812669
ES413,Hydrorun-of-the-river,2025-2030,2.78664116468732e-08,74.69299381824322,0.2760544911951143,0.00989361167409972,180.6253869019727
ES413,Lignite,2020-2025,4.187646049040203e-05,4.187646049040203e-05,0.10832908841922065,50.44694580783176,3.973920381046323e-05
ES413,Lignite,2025-2030,2.6861665714185375e-05,6.871289502924533e-05,0.09031577371189257,13.976624039013387,5.4363318520100806e-05
ES413,Solar,2020-2025,2.01072035110883e-06,236.18500201072035,0.15468047106846858,0.5928823040777679,320.0308965640521
ES413,Solar,2025-2030,8.924167784545966e-07,227.53296250271364,0.1511620144949846,0.09426719096227561,301.29442694907596
ES413,Waste,2020-2025,2.6150345689105158e-05,55.36502615034569,0.5560661470305166,45.62560713748527,269.69076291979843
ES413,Waste,2025-2030,1.6140360406522424e-07,55.36502626136535,0.595586493752958,0.1184454476673975,288.85803795970867
ES413,Windonshore,2020-2025,2.274976850458188e-06,503.74800227497684,0.1856380482639282,2.0595319028727723,819.1896126024129
ES413,Windonshore,2025-2030,1.869543033517185e-06,403.2468337639851,0.21106964577748194,0.6480346554863328,745.5913373438668
ES414,BioCCS,2020-2025,0.0006300507385353644,0.0006300507385353644,0.7474430140855892,623.5941232865906,0.004125320721810463
ES414,BioCCS,2025-2030,0.00021477559906563784,0.0008448011064254432,0.7095171600462856,-21.165704006973076,0.005250751724874036
ES414,CoalCCS,2020-2025,0.0,0.0,0,0.0,0.0
ES414,CoalCCS,2025-2030,0.0,0.0,0,0.0,0.0
ES414,GasCCGT,2020-2025,5.504383762841903e-07,44.38900055043838,0.1053935210746226,0.3720002318886701,40.98202244934802
ES414,GasCCGT,2025-2030,1.1890395822786224e-06,37.18666840114672,0.10645925317319871,0.3379689895116174,34.679656926832784
ES414,GasCCS,2020-2025,1.4305735081418184e-05,1.4305735081418184e-05,0.42015115556646637,27.969854859283263,5.265260306100583e-05
ES414,GasCCS,2025-2030,1.7869178321673133e-05,3.212445105288129e-05,0.41922456933832103,13.849838439118297,0.00011797406622297786
ES414,GasOCGT,2020-2025,1.1105247087559742e-06,74.33700111052471,0.00010062775052342868,0.5798244510353573,0.06552799917310925
ES414,GasOCGT,2025-2030,5.317914250298989e-07,63.6227367377228,0.001778681941838143,0.11893530662627526,0.9913220092292182
ES414,Lignite,2020-2025,4.1844120071105356e-05,4.1844120071105356e-05,0.10775631004310507,50.40798656054686,3.949855946855948e-05
ES414,Lignite,2025-2030,2.7371026060567427e-05,6.918991495634107e-05,0.08905053071463194,14.241653696426033,5.397385214739083e-05
ES414,Solar,2020-2025,7.23467280749901e-07,140.31600072346728,0.15394317537798166,0.21332203063411617,189.22205059953686
ES414,Solar,2025-2030,8.68966748784853e-06,135.1758873893952,0.15190110337047422,0.9179013262101852,179.87229004534177
ES414,Waste,2020-2025,0.00034354438692813953,0.00034354438692813953,0.5610926234211923,599.3963299231586,0.001688579538790671
ES414,Waste,2025-2030,0.00046176699867146764,0.0008052609232489164,0.5827018598494759,338.86603209659586,0.0041104288497373406
ES414,Windonshore,2020-2025,1491.8827923841836,2654.0727923841837,0.24704467798100424,1350598449.2296329,5743.709130994367
ES414,Windonshore,2025-2030,4005.815368568822,6428.023309734431,0.28632851011238514,1388524968.814788,16123.010714256996
ES415,BioCCS,2020-2025,0.00042942247005394276,0.00042942247005394276,0.7377180575313397,425.0218472171825,0.0027751041437041124
ES415,BioCCS,2025-2030,0.0002488258974007079,0.0006782231362794433,0.7048645395440445,-24.521292533065218,0.004187765642676744
ES415,CoalCCS,2020-2025,0.0,0.0,0,0.0,0.0
ES415,CoalCCS,2025-2030,0.0,0.0,0,0.0,0.0
ES415,GasCCS,2020-2025,1.4245557431733134e-05,1.4245557431733134e-05,0.41928670215781544,27.852198540479353,5.2323241692531766e-05
ES415,GasCCS,2025-2030,1.779559660450796e-05,3.1990691684112544e-05,0.41852240648109296,13.792807563021745,0.00011728607431319376
ES415,GasOCGT,2020-2025,8.47214289022455e-07,131.2210008472143,1.1677673486985556e-05,0.44234545721368473,0.013423438582156002
ES415,GasOCGT,2025-2030,1.1110127127251887e-06,112.30799021965278,0.0011523313282609262,0.24847831581005833,1.1336842961665576
ES415,Hydroregulated,2020-2025,4.49108483735472e-09,2729.5610000044912,0.0399887933624723,0.0049681485362039965,956.1702130031134
ES415,Hydroregulated,2025-2030,2.4168496441144574e-08,2729.560999978197,0.03998879336284595,0.011745377107143405,956.1702130028419
ES415,Hydrorun-of-the-river,2020-2025,0.0,0.0,0,0.0,0.0
ES415,Hydrorun-of-the-river,2025-2030,0.0,0.0,0,0.0,0.0
ES415,Lignite,2020-2025,4.1811713724989256e-05,4.1811713724989256e-05,0.10727797581146871,50.36894789378266,3.929276987935901e-05
ES415,Lignite,2025-2030,2.6865065534052778e-05,6.865154808365388e-05,0.08934137926787367,13.978393028494256,5.372879419329502e-05
ES415,Solar,2020-2025,3.902112553078041e-07,181.59800039021127,0.16260158234445168,0.11505794328703607,258.6663505949613
ES415,Solar,2025-2030,9.656285560678623e-06,174.945626348741,0.1616677692691531,1.0200065002263605,247.75968579951484
ES415,Waste,2020-2025,0.00027459557508453477,0.00027459557508453477,0.5599656222438427,479.0984402060323,0.001346973358912335
ES415,Waste,2025-2030,0.00037451092863058784,0.0006490560413644584,0.582569487704299,274.83348252903284,0.003312333350659488
ES415,Windonshore,2020-2025,4.98642691582063e-08,229.06600004986427,0.21064003067016926,0.04514202117005155,422.6741108577293
ES415,Windonshore,2025-2030,1.2872839772288354e-06,183.36576798667116,0.23412166236512316,0.44620777042354,376.0659101758175
ES416,BioCCS,2020-2025,0.002854727556946555,0.002854727556946555,0.7638174137966942,2825.4729646606647,0.01910109782805579
ES416,BioCCS,2025-2030,2.331582042889046e-06,0.002857033907813824,0.7300426935924803,-0.22977272838466797,0.01827122895257006
ES416,CoalCCS,2020-2025,0.0,0.0,0,0.0,0.0
ES416,CoalCCS,2025-2030,0.0,0.0,0,0.0,0.0
ES416,GasCCS,2020-2025,1.4400098451397264e-05,1.4400098451397264e-05,0.4214907173213902,28.15434938174761,5.3168888553815876e-05
ES416,GasCCS,2025-2030,1.808061553044286e-05,3.24302516297591e-05,0.4215391173045388,14.01371677357574,0.00011975462809872154
ES416,GasOCGT,2020-2025,4.269366331046952e-07,29.187000426936635,0.0001009258760964776,0.2229111130666519,0.025804538637159556
ES416,GasOCGT,2025-2030,4.2571034026135284e-07,24.98024982812953,0.0027230825002408387,0.09521024121461395,0.5958839429495464
ES416,Lignite,2020-2025,4.1892180950703306e-05,4.1892180950703306e-05,0.10841872812797926,50.46588363590045,3.978701752011781e-05
ES416,Lignite,2025-2030,2.7730329198738877e-05,6.959727897406723e-05,0.08929393782057363,14.428605798789812,5.4440028286437056e-05
ES416,Solar,2020-2025,7.2854028303481755e-06,223.24000728540284,0.16344531128677056,2.1481785937112305,319.6307845460305
ES416,Solar,2025-2030,3.033260881038587e-06,215.06217725727757,0.16222853713902524,0.320407448195252,305.62958831494444
ES416,Waste,2020-2025,0.000610823148906436,0.000610823148906436,0.5615841085629264,1065.728818800956,0.003004930304457616
ES416,Waste,2025-2030,0.0014453841681081763,0.002056156854663839,0.5916508821001403,1060.6899135521112,0.010656776667151454
ES416,Windonshore,2020-2025,2.1892889492391987e-06,243.94100218928895,0.1847158979262389,1.9819588206608916,394.7236838412905
ES416,Windonshore,2025-2030,2.613518557753533e-06,195.273107250381,0.2099054264090883,0.9059168833330736,359.0626312301023
ES417,BioCCS,2020-2025,0.00048093898619283517,0.00048093898619283517,0.7418814045195444,476.01043393178867,0.003125565289348908
ES417,BioCCS,2025-2030,0.00035652732096777605,0.0008374410759851208,0.7077943066281629,-35.13505155535311,0.005192367585296957
ES417,CoalCCS,2020-2025,0.0,0.0,0,0.0,0.0
ES417,CoalCCS,2025-2030,0.0,0.0,0,0.0,0.0
ES417,GasCCGT,2020-2025,4.1094048626989155e-07,20.419000410940487,0.09735016099729199,0.2777240155688492,17.413066482101385
ES417,GasCCGT,2025-2030,3.1874298033742253e-07,17.10591763150674,0.1235627774172026,0.09059853396311683,18.51561510909336
ES417,GasCCS,2020-2025,1.42654306322391e-05,1.42654306322391e-05,0.41950733685395014,27.89105362416277,5.242380664718297e-05
ES417,GasCCS,2025-2030,1.7901609716750514e-05,3.2116578000251464e-05,0.41927340105349364,13.874974994033762,0.0001179588915420797
ES417,GasOCGT,2020-2025,5.335589416581458e-07,62.471000533558936,3.852892295688858e-05,0.2785804926290221,0.021084797611391818
ES417,GasOCGT,2025-2030,8.592676659114118e-07,53.466994731887326,0.001989067853979393,0.19217546298997162,0.9316214489179245
ES417,Lignite,2020-2025,4.180915773332819e-05,4.180915773332819e-05,0.10733045825357243,50.36586878988273,3.930958947433442e-05
ES417,Lignite,2025-2030,2.7203642992310783e-05,6.898756955033014e-05,0.08907440898804604,14.154561174301309,5.3830436390503816e-05
ES417,Solar,2020-2025,4.750374138495772e-06,53.00500475037414,0.1631716405121464,1.4006983929464276,75.76448296494063
ES417,Solar,2025-2030,6.30123573103044e-05,51.06336342757376,0.16111539298999586,6.656080502923689,72.06934226637495
ES417,Waste,2020-2025,0.00029451216586267486,0.00029451216586267486,0.5593626319142564,513.847753165978,0.0014431145179947705
ES417,Waste,2025-2030,0.000521179220738207,0.0008156409242500759,0.5829702073361839,382.4654751224532,0.0041653305824042195
ES417,Windonshore,2020-2025,1.2175237316114362e-06,1085.0410012175237,0.2148287427109665,1.1022217510711967,2041.9384281531488
ES417,Windonshore,2025-2030,7.448205965251262e-06,868.5679104230784,0.2405518359625864,2.5817515297320286,1830.2759042716318
ES418,BioCCS,2020-2025,0.0013521357593085888,0.0013521357593085888,0.7598113297832196,1338.279382626516,0.008999744287310657
ES418,BioCCS,2025-2030,0.0002306566639942142,0.0015827671921274547,0.7216317931876866,-22.730751065652406,0.010005454112989382
ES418,CoalCCS,2020-2025,0.0,0.0,0,0.0,0.0
ES418,CoalCCS,2025-2030,0.0,0.0,0,0.0,0.0
ES418,GasCCGT,2020-2025,2.714615772953118e-06,40.838002714615776,0.14935737877687658,1.834606271176529,53.43124366985654
ES418,GasCCGT,2025-2030,6.584459731537243e-07,34.211837227170584,0.1593495667805319,0.1871546780371289,47.75637902242163
ES418,GasCCS,2020-2025,1.4368865458687187e-05,1.4368865458687187e-05,0.42106574209468384,28.093284202786162,5.3000076097406094e-05
ES418,GasCCS,2025-2030,1.8015286099752822e-05,3.2333689207942626e-05,0.4211719867204904,13.963081985333734,0.00011929406650619777
ES418,GasOCGT,2020-2025,5.97704275437793e-07,84.90700059770427,9.630320362691069e-05,0.31207189777472827,0.07162890963089982
ES418,GasOCGT,2025-2030,4.88660113136811e-07,72.66927169201685,0.0023371214761640025,0.10928897619717985,1.4877713800306174
ES418,Hydrorun-of-the-river,2020-2025,1.8189976467955864,5.445997646795586,0.48733009112901554,1493387.9382861443,23.249027118431307
ES418,Hydrorun-of-the-river,2025-2030,7.560623792034059e-08,5.445997672111446,0.4854765254946282,0.026843024053560743,23.16059928272647
ES418,Lignite,2020-2025,4.1875122313908765e-05,4.1875122313908765e-05,0.10822116904102205,50.445333758574336,3.969834628919162e-05
ES418,Lignite,2025-2030,2.721542229641832e-05,6.906531343495394e-05,0.08982271486496964,14.160690165209916,5.4343833452174224e-05
ES418,Solar,2020-2025,2.367358774790773e-06,573.5620023673588,0.16316183850277022,0.6980409405030722,819.7908538219142
ES418,Solar,2025-2030,3.3752962758494765e-06,552.5510121230418,0.16204562708430664,0.3565371094218488,784.3570432385853
ES418,Waste,2020-2025,0.0004941291765585114,0.0004941291765585114,0.561665646307522,862.1279409786343,0.002431209957805584
ES418,Waste,2025-2030,0.0009214808412446251,0.0014155595554524185,0.5892050233583042,676.2253630596958,0.007306320056194227
ES418,Windonshore,2020-2025,3.765350925277744e-06,766.5300037653509,0.22986982340121484,3.4087645131681983,1543.5305413921153
ES418,Windonshore,2025-2030,5.0127918861687596e-06,613.602032729099,0.26312418966133977,1.7375705211057375,1414.3329896948262
ES419,BioCCS,2020-2025,0.000520468533558519,0.000520468533558519,0.743516392336528,515.134891575823,0.0033899175248299626
ES419,BioCCS,2025-2030,0.0002758357566872997,0.0007962790590702667,0.7083336973347254,-27.183059928509813,0.0049409141005879904
ES419,CoalCCS,2020-2025,0.0,0.0,0,0.0,0.0
ES419,CoalCCS,2025-2030,0.0,0.0,0,0.0,0.0
ES419,GasCCS,2020-2025,1.4277301007465825e-05,1.4277301007465825e-05,0.41985217257116064,27.914261985727357,5.251055721478763e-05
ES419,GasCCS,2025-2030,1.784385424577707e-05,3.207069290292135e-05,0.4194411609775028,13.83021054389745,0.00011783749350149527
ES419,GasOCGT,2020-2025,1.1319086125254935e-06,106.45600113190862,1.7233200872352683e-05,0.5909893626905368,0.016070900227784596
ES419,GasOCGT,2025-2030,9.046981640866162e-07,91.11239409072535,0.0014633973514978688,0.20233600709868604,1.1680026531207386
ES419,Hydroregulated,2020-2025,1.230509951710701e-07,1353.960000123051,0.08061674701551351,0.13612203814383472,956.1702129996343
ES419,Hydroregulated,2025-2030,3.096905328603271e-07,1353.9600003822795,0.0806167470009871,0.15050303620726468,956.1702130104029
ES419,Hydrorun-of-the-river,2020-2025,0.0,0.0,0,0.0,0.0
ES419,Hydrorun-of-the-river,2025-2030,0.0,0.0,0,0.0,0.0
ES419,Lignite,2020-2025,4.183897937900671e-05,4.183897937900671e-05,0.10772838675866873,50.401793768398754,3.948347278865495e-05
ES419,Lignite,2025-2030,2.6665390502762857e-05,6.847913870645724e-05,0.0900117903703853,13.874498397684237,5.399602573119413e-05
ES419,Solar,2020-2025,3.338685132803221e-07,261.35700033386854,0.15981333115332233,0.09844468590746484,365.8905957098966
ES419,Solar,2025-2030,9.91376822787845e-07,251.78284836103285,0.15746661243013932,0.104720474251001,347.3111556669485
ES419,Waste,2020-2025,0.00031195582012187595,0.00031195582012187595,0.5607120797700155,544.2824298518779,0.0015322763950648304
ES419,Waste,2025-2030,0.0004514719627966163,0.0007633773205678228,0.5843027898824896,331.3110574725106,0.003907341043713387
ES419,Windonshore,2020-2025,3.939213115700113e-06,659.4340039392131,0.22775016105119572,3.5661615995632063,1315.6311172541632
ES419,Windonshore,2025-2030,1.177315613061393e-05,527.872423890076,0.26368186554953965,4.080897331759159,1219.3077770105933
ES421,BioCCS,2020-2025,0.0005977016515809196,0.0005977016515809196,0.7457486566505223,591.5765423448195,0.0039046403847998027
ES421,BioCCS,2025-2030,7.013912130709276e-05,0.000667815541712622,0.70213395216037,-6.912069561688945,0.004107528658803197
ES421,CoalCCS,2020-2025,0.0,0.0,0,0.0,0.0
ES421,CoalCCS,2025-2030,0.0,0.0,0,0.0,0.0
ES421,GasCCS,2020-2025,1.4304435449196799e-05,1.4304435449196799e-05,0.4198940295475496,27.9673138836259,5.261560008061506e-05
ES421,GasCCS,2025-2030,1.769495867705763e-05,3.1948931775833465e-05,0.41876819569979484,13.714806268785164,0.00011720176146528185
ES421,GasOCGT,2020-2025,6.650833546576718e-07,163.99100066508336,5.3980461193318725e-06,0.34725169819870866,0.007754623426370615
ES421,GasOCGT,2025-2030,2.5164318912871106e-06,140.35481913175417,0.0008255056368949975,0.5628007231924492,1.014965962581693
ES421,Lignite,2020-2025,4.18054428178531e-05,4.18054428178531e-05,0.10740780694965059,50.36139357546734,3.9334422961031745e-05
ES421,Lignite,2025-2030,2.6217664638725024e-05,6.799787628121906e-05,0.09013547626282718,13.641538307242245,5.369022363998396e-05
ES421,Solar,2020-2025,1371.1339410160203,2092.99494101602,0.17248681535207222,404293441.2537854,3162.4829196529395
ES421,Solar,2025-2030,2.8291818717771607e-06,2066.5513913865075,0.1717594133564608,0.29885030650776223,3109.3589747823917
ES421,Waste,2020-2025,0.00035572822521112333,0.00035572822521112333,0.5591339762164886,620.6539846224489,0.0017423616962490244
ES421,Waste,2025-2030,0.00027849966372538463,0.0006341774265858204,0.58498183516578,204.37596506111836,0.0032498047274659822
ES421,Windonshore,2020-2025,521.7541904554287,2626.4881904554286,0.21865764694039472,472343004.49434906,5030.883132389452
ES421,Windonshore,2025-2030,4543.119755956533,6749.699122919739,0.2518178758633592,1574769338.3370206,14889.327287649754
ES422,Bio,2020-2025,3.3120228785811985e-07,71.75500033120228,0.07876113631675388,0.42017642740709527,49.5071869754522
ES422,Bio,2025-2030,9.328714657137934e-08,60.23604753652518,0.056733124592257475,0.049471330412310784,29.936241702953186
ES422,BioCCS,2020-2025,0.0013434687864378424,0.0013434687864378424,0.7594318774651122,1329.7012269029854,0.008937591679730366
ES422,BioCCS,2025-2030,5.740579456625672e-07,0.0013440176132078205,0.7140445758759827,-0.056572257805839715,0.008406871142553203
ES422,CoalCCS,2020-2025,0.0,0.0,0,0.0,0.0
ES422,CoalCCS,2025-2030,0.0,0.0,0,0.0,0.0
ES422,GasCCS,2020-2025,1.4394190579942108e-05,1.4394190579942108e-05,0.42118545692431997,28.142798608146144,5.3108583931465525e-05
ES422,GasCCS,2025-2030,1.7807572125202432e-05,3.215130035466094e-05,0.42048755543313127,13.802089412688083,0.00011842838200551863
ES422,GasOCGT,2020-2025,1.3848401349235452e-06,195.92200138484014,6.9365897873263e-08,0.7230493519619808,0.00011905107652327027
ES422,GasOCGT,2025-2030,3.1478436669846038e-06,167.6835740664287,0.0008854713310917992,0.7040161501726795,1.3006760183700776
ES422,Lignite,2020-2025,4.185064851702593e-05,4.185064851702593e-05,0.10801060120858241,50.41585112583503,3.959794807588692e-05
ES422,Lignite,2025-2030,2.6206955981588138e-05,6.803237332327655e-05,0.09053889824315858,13.635966393856176,5.395788685987668e-05
ES422,Oil,2020-2025,9.293612013756661e-10,217.96000000092937,1.7577253841309404e-08,0.004655942925741501,3.3560771046068854e-05
ES422,Oil,2025-2030,1.4914364497285553e-06,171.81668520337962,0.0005184161024916678,3.2814842231449872,0.7802754178668824
ES422,Solar,2020-2025,9.902288638841128e-06,2401.3370099022886,0.1685224104709846,2.919795236867064,3544.9889270544177
ES422,Solar,2025-2030,1.2766363630737845e-05,2313.370114092759,0.16877676629334093,1.3485282519638804,3420.2817933629876
ES422,Waste,2020-2025,4.9409482327220836e-08,55.36500004940948,0.5530682812216786,0.08620680033562649,268.2366786543657
ES422,Waste,2025-2030,7.99841108575002e-06,55.36500799735823,0.5956222852047525,5.869604877575693,288.8753014337884
ES422,Windonshore,2020-2025,2.7052749373979168e-08,273.69000002705275,0.18966978116085165,0.024490798833803576,454.73792832075014
ES422,Windonshore,2025-2030,2.081295542261708e-06,219.08697565883946,0.21766811413481546,0.7214338560356056,417.7490596908795
ES423,BioCCS,2020-2025,0.000596071244190918,0.000596071244190918,0.7463035059789273,589.9628429952536,0.0038968865199314525
ES423,BioCCS,2025-2030,0.0003274851122170867,0.0009235311252323062,0.7102752066066009,-32.273000201288646,0.005746220644450347
ES423,CoalCCS,2020-2025,0.0,0.0,0,0.0,0.0
ES423,CoalCCS,2025-2030,0.0,0.0,0,0.0,0.0
ES423,GasCCGT,2020-2025,2.2352991901376012e-07,20.41900022352992,0.1087427409817413,0.15106719532985938,19.450862139141684
ES423,GasCCGT,2025-2030,3.9194021319566247e-07,17.105917517293367,0.12979943438353428,0.11140389250024674,19.450164544799176
ES423,GasCCS,2020-2025,1.4300934860211703e-05,1.4300934860211703e-05,0.4199244530252962,27.96046970782662,5.260653530058126e-05
ES423,GasCCS,2025-2030,1.788906497378505e-05,3.213953748597964e-05,0.41991090809470083,13.865251958077419,0.00011822270317417639
ES423,GasOCGT,2020-2025,9.338260397227435e-07,183.44200093382605,7.482564850844084e-06,0.4875669731394877,0.012024122014798168
ES423,GasOCGT,2025-2030,2.3169628110509248e-06,157.00232745171758,0.0011034904433062315,0.518189405477016,1.5176749749775016
ES423,Lignite,2020-2025,4.181983605248311e-05,4.181983605248311e-05,0.10750174580226983,50.37873254630863,3.938237917090614e-05
ES423,Lignite,2025-2030,2.6776624454660004e-05,6.857122933174236e-05,0.08987371202407235,13.932375490735065,5.398569804253537e-05
ES423,Solar,2020-2025,4207.873872169635,5563.997872169635,0.17002396573563236,1240736413.308199,8287.073736081073
ES423,Solar,2025-2030,1300.333806552875,6814.653505214773,0.1679791065396632,137356018.1928595,10027.742006926272
ES423,Waste,2020-2025,0.00033720419421548855,0.00033720419421548855,0.5595006249700825,588.3343292397841,0.0016527137868774346
ES423,Waste,2025-2030,0.0005661297958744593,0.0009032835277392243,0.5876585786995311,415.4522911589083,0.004650003471287639
ES423,Windonshore,2020-2025,291.06317949244453,1866.1681794924446,0.2329098331072513,263498902.7670948,3807.5245325042647
ES423,Windonshore,2025-2030,2.5346966696327988e-05,1551.9239879770328,0.25864372594991847,8.785950650077652,3516.2237271389617
ES424,BioCCS,2020-2025,0.0005435877615323007,0.0005435877615323007,0.7442920559519669,538.0171990117088,0.0035441913409617444
ES424,BioCCS,2025-2030,0.0003226680829940165,0.0008662306133506058,0.7098889283387209,-31.798291644208636,0.00538676509101756
ES424,CoalCCS,2020-2025,0.0,0.0,0,0.0,0.0
ES424,CoalCCS,2025-2030,0.0,0.0,0,0.0,0.0
ES424,GasCCS,2020-2025,1.428803241145794e-05,1.428803241145794e-05,0.419733043449596,27.935243487928222,5.253511572175701e-05
ES424,GasCCS,2025-2030,1.7883095516088065e-05,3.2120665575250706e-05,0.4196378333414127,13.860625219053157,0.00011807644740554429
ES424,GasOCGT,2020-2025,2.127903657885859e-06,177.22100212790366,7.263654270208212e-06,1.1110158653488487,0.01127650349856188
ES424,GasOCGT,2025-2030,2.403641945460139e-06,151.6779675773902,0.0012356868473570048,0.537575219056993,1.6418558734263968
ES424,Lignite,2020-2025,4.1820288353507104e-05,4.1820288353507104e-05,0.10746611762782735,50.3792774157885,3.936975288026605e-05
ES424,Lignite,2025-2030,2.6928408150815883e-05,6.872346532895489e-05,0.08965509431791793,14.011351369557882,5.3973940789473234e-05
ES424,Nuclear,2020-2025,1.1082188041068639e-07,1024.154000110822,0.6345602159858743,0.3896158767816958,5693.013479574967
ES424,Nuclear,2025-2030,1.225167942552695e-06,868.3221687328119,0.64861249262914,1.8813501258347818,4933.672350898293
ES424,Solar,2020-2025,7.724848501311499e-06,1182.6530077248485,0.16607761034760277,2.277753828663251,1720.5707440457277
ES424,Solar,2025-2030,2.547191646815206e-06,1139.329508167173,0.16349156512124532,0.2690632977605527,1631.731896836659
ES424,Waste,2020-2025,0.0003207844012437636,0.0003207844012437636,0.55962271178699,559.6860263716931,0.001572579751941488
ES424,Waste,2025-2030,0.0005140254060485629,0.0008347593449416343,0.5863955292347637,377.2156742375728,0.004288012535259857
ES424,Windonshore,2020-2025,1.0078002787849982e-06,662.4090010078003,0.20623226162662592,0.9123595369613303,1196.7045320611344
ES424,Windonshore,2025-2030,4.6194815646774616e-07,530.2538768070743,0.2295347858681085,0.16012384259801565,1066.1945802013456
ES425,BioCCS,2020-2025,0.002086017841434628,0.002086017841434628,0.7634568425930728,2064.6408097442427,0.013951041050575019
ES425,BioCCS,2025-2030,2.2725332469359988e-07,0.002086219863583859,0.7229486054742259,-0.022395358811665086,0.013212092531953443
ES425,CoalCCS,2020-2025,0.0,0.0,0,0.0,0.0
ES425,CoalCCS,2025-2030,0.0,0.0,0,0.0,0.0
ES425,GasCCGT,2020-2025,6.589677467161106e-07,673.8280006589678,0.14249559013638705,0.4453471362959334,841.1134629738558
ES425,GasCCGT,2025-2030,3.397313101621276e-06,564.4961011763309,0.18508893458060074,0.9656419291014585,915.2621618086773
ES425,GasCCS,2020-2025,1.4399991485522888e-05,1.4399991485522888e-05,0.4213366636682496,28.154140247441394,5.314906067560562e-05
ES425,GasCCS,2025-2030,1.7960887094834175e-05,3.231041623001022e-05,0.4215189836032986,13.920919026533426,0.00011930641536748346
ES425,GasOCGT,2020-2025,8.412186100746382e-07,100.11400084121861,9.547180363577869e-06,0.4392150079520951,0.008372864265046383
ES425,GasOCGT,2025-2030,6.384705222380587e-07,85.68447222766022,0.0012589000190425378,0.14279411769370334,0.9449252893788901
ES425,Hydroregulated,2020-2025,3.3503772556287004e-07,535.6320003350377,0.20378142213135889,0.37062697457496735,956.170212721889
ES425,Hydroregulated,2025-2030,4.27913995759301e-07,535.6320007125494,0.20378142194519636,0.2079571338604766,956.1702125222927
ES425,Hydrorun-of-the-river,2020-2025,0.0,0.0,0,0.0,0.0
ES425,Hydrorun-of-the-river,2025-2030,0.0,0.0,0,0.0,0.0
ES425,Lignite,2020-2025,4.185109102881189e-05,4.185109102881189e-05,0.10798189763037046,50.416384202599986,3.958784359020607e-05
ES425,Lignite,2025-2030,2.6715200380468814e-05,6.854106023390277e-05,0.09023115679685428,13.900415403037995,5.4176562980174324e-05
ES425,Solar,2020-2025,1.4851980836283474e-06,413.1800014851981,0.16903962299193148,0.43792646816742764,611.8316151068444
ES425,Solar,2025-2030,7.545968563768626e-05,398.04427231325747,0.16783637451216324,7.9709086244202245,585.2232542290132
ES425,Waste,2020-2025,0.000608767814631954,0.000608767814631954,0.5609970097227566,1062.142790713274,0.002991688250946094
ES425,Waste,2025-2030,0.0008612843663470188,0.0014700017186281664,0.5944634301111665,632.0503989469679,0.007655033431983071
ES425,Windonshore,2020-2025,1.1335404792589543e-07,177.50200011335406,0.21590425951440578,0.10261918840015097,335.7133159759626
ES425,Windonshore,2025-2030,1.8512208545083235e-06,142.08913916265934,0.2435284187383985,0.6416836880312382,303.12003201040034
ES431,BioCCS,2020-2025,0.001409961976962985,0.001409961976962985,0.7594982935816748,1395.5130104848045,0.009380766147941413
ES431,BioCCS,2025-2030,6.935045502865169e-07,0.0014106302503377305,0.7128856953348635,-0.06834348083632849,0.00880921479140222
ES431,CoalCCS,2020-2025,0.0,0.0,0,0.0,0.0
ES431,CoalCCS,2025-2030,0.0,0.0,0,0.0,0.0
ES431,GasCCS,2020-2025,1.4394169184593923e-05,1.4394169184593923e-05,0.4211218360949762,28.142756777035753,5.31004828552427e-05
ES431,GasCCS,2025-2030,1.7837312222103496e-05,3.2181019056204655e-05,0.4207245905212494,13.825140026982076,0.00011860467152920905
ES431,GasOCGT,2020-2025,5.581745283521405e-07,267.87200055817453,5.030256791424452e-08,0.29143272268678216,0.00011803792962352247
ES431,GasOCGT,2025-2030,1.884358973208131e-06,229.26334775321178,0.0008831448261151636,0.42143743152662105,1.7736611970221512
ES431,Hydroregulated,2020-2025,48.03752972322064,261.74952972322063,0.28778367886979395,53140297.1932825,659.8666452301998
ES431,Hydroregulated,2025-2030,9.665166374040666e-08,261.7495297694102,0.2923421331844057,0.04697066039786021,670.3188432209676
ES431,Hydrorun-of-the-river,2020-2025,0.0,0.0,0,0.0,0.0
ES431,Hydrorun-of-the-river,2025-2030,0.0,0.0,0,0.0,0.0
ES431,Lignite,2020-2025,4.1854788343048355e-05,4.1854788343048355e-05,0.10797945061635165,50.420838213486704,3.9590443766287245e-05
ES431,Lignite,2025-2030,2.6234197731678097e-05,6.806375489942761e-05,0.09067060205685039,13.650140782861808,5.406130312243358e-05
ES431,Solar,2020-2025,2.018512077484047e-06,3544.5770020185123,0.16695862183524482,0.5951797775596147,5184.1477753141935
ES431,Solar,2025-2030,1.6618708021577943e-05,3414.7304037437475,0.1671447137768555,1.755456598798241,4999.806230999746
ES431,Waste,2020-2025,0.0005954700586561647,0.0005954700586561647,0.5595313518366436,1038.9416370010201,0.0029186933020276013
ES431,Waste,2025-2030,0.0004429367262484973,0.001038356322553991,0.5901044537181327,325.0475051823117,0.005367590928652912
ES431,Windonshore,2020-2025,9.57512824584228e-09,19.833000009575127,0.18561234729563622,0.008668344072353373,32.247747246658484
ES431,Windonshore,2025-2030,6.616471483930746e-08,15.876180773575177,0.20331026237757865,0.022934496514678878,28.275444592793892
ES432,BioCCS,2020-2025,0.0006501652028896165,0.0006501652028896165,0.7480524708505637,643.5024592303397,0.00426049333358786
ES432,BioCCS,2025-2030,0.00020746232490353807,0.0008576022966174207,0.7086934620688934,-20.444995523745696,0.0053241277522519765
ES432,CoalCCS,2020-2025,0.0,0.0,0,0.0,0.0
ES432,CoalCCS,2025-2030,0.0,0.0,0,0.0,0.0
ES432,GasCCS,2020-2025,1.4312589877473576e-05,1.4312589877473576e-05,0.42009382183104316,27.98325701231267,5.2670643897690994e-05
ES432,GasCCS,2025-2030,1.784267623234314e-05,3.210480375957142e-05,0.41968315333854544,13.829297502713052,0.00011803088464519772
ES432,GasOCGT,2020-2025,2.6666373650052414e-06,434.4750026666374,4.469691215566565e-06,1.3922981938930388,0.017011649340548395
ES432,GasOCGT,2025-2030,9.032329463873994e-07,371.85369472856,0.0010761993743212438,0.20200831073479522,3.505653131187849
ES432,Hydroregulated,2020-2025,1.6008243619580753e-07,3215.1470001600824,0.0339492566884797,0.17708712924840136,956.1702130047579
ES432,Hydroregulated,2025-2030,1.423374267485439e-08,3215.1470001238536,0.03394925668789804,0.0069172973076469775,956.1702129775989
ES432,Hydrorun-of-the-river,2020-2025,0.0,0.0,0,0.0,0.0
ES432,Hydrorun-of-the-river,2025-2030,0.0,0.0,0,0.0,0.0
ES432,Lignite,2020-2025,4.183478893377169e-05,4.183478893377169e-05,0.10759759761991664,50.39674570174732,3.943158760720064e-05
ES432,Lignite,2025-2030,2.6705954528000253e-05,6.851551228636936e-05,0.08985949175384203,13.895604614114916,5.3933297415051503e-05
ES432,Nuclear,2020-2025,2.771831798489276e-07,2010.8400002771832,0.6436634375572441,0.9744913842444114,11338.104677734747
ES432,Nuclear,2025-2030,2.0686528240835724e-07,1704.8773403548225,0.6446596387637499,0.31765932781339606,9627.814746838025
ES432,Solar,2020-2025,3.425376689847326e-06,2635.5080034253765,0.16297198604211757,1.0100087876919495,3762.542408281609
ES432,Solar,2025-2030,1.3632534169814487e-05,2538.96284608034,0.16238126714325307,1.440023017172611,3611.5728365832097
ES432,Waste,2020-2025,0.0003520045402031345,0.0003520045402031345,0.5603157425037557,614.1571148946799,0.0017277670833034508
ES432,Waste,2025-2030,0.0004809301063950451,0.0008328841842474001,0.5869608622710446,352.9288089853973,0.00428250487007005
ES432,Windonshore,2020-2025,5.469163937732446e-06,146.76100546916393,0.17722664950315298,4.951222958393031,227.84726078664175
ES432,Windonshore,2025-2030,3.7282434567593797e-06,117.48118607498049,0.2007715880983793,1.292310966239136,206.6211064676059
ES511,BioCCS,2020-2025,302.96371578517926,302.96371578517926,0.7582852225219648,299859013.2151751,2012.460279688545
ES511,BioCCS,2025-2030,1694.2911434980417,1997.2548594382486,0.7549474302641154,-166968989.96406016,13208.52443174717
ES511,CoalCCS,2020-2025,0.0,0.0,0,0.0,0.0
ES511,CoalCCS,2025-2030,0.0,0.0,0,0.0,0.0
ES511,GasCCGT,2020-2025,8.869921448341048e-09,2344.63600000887,0.12872186353993184,0.005994518147320409,2643.8198175370176
ES511,GasCCGT,2025-2030,1.0445202239845321e-06,1964.2072931983867,0.12604758454318832,0.29689124726024474,2168.832203283993
ES511,GasCCS,2020-2025,1.4424785814175547e-05,1.4424785814175547e-05,0.42158586195790104,28.202616873759535,5.327206326659925e-05
ES511,GasCCS,2025-2030,1.8218229900887672e-05,3.259255335995524e-05,0.42278032454698317,14.120377346504826,0.00012070833491706952
ES511,GasOCGT,2020-2025,7.597802596233051e-07,143.84400075978024,0.0001597012529393476,0.39669461514015514,0.20123530822651337
ES511,GasOCGT,2025-2030,2.5181787342067955e-06,123.11162614163952,0.0028107134855366554,0.5631914051186744,3.031236008526439
ES511,Hydrorun-of-the-river,2020-2025,2.3569978273431653,7.0569978273431655,0.48750126636291363,1935083.3862384255,30.13698750733907
ES511,Hydrorun-of-the-river,2025-2030,1.8056610425280504e-07,7.056997957446917,0.4855563937347138,0.06410767699911986,30.016757394385756
ES511,Lignite,2020-2025,4.188763996114918e-05,4.188763996114918e-05,0.10831081312393094,50.46041328212011,3.9743106853742673e-05
ES511,Lignite,2025-2030,2.8360389640230863e-05,7.022279842603187e-05,0.08908493278536027,14.75643795954587,5.48007491133785e-05
ES511,Solar,2020-2025,2576.1297688610066,2592.2397688610067,0.15900875740530213,759599290.9324137,3610.774102998397
ES511,Solar,2025-2030,0.5903335651371626,2592.2399531140672,0.1600282585219767,62357.73268695568,3633.9252134231215
ES511,Waste,2020-2025,0.000673454264894196,0.000673454264894196,0.5619848846503704,1175.0039590462472,0.0033154069881950587
ES511,Waste,2025-2030,0.005171844500897176,0.0058452483034407005,0.5997301932107496,3795.339272147764,0.03070880979483271
ES511,Windonshore,2020-2025,2.1581472253728862e-07,75.36400021581473,0.12288135688236795,0.1953766281558699,81.12487611383669
ES511,Windonshore,2025-2030,1.1243452986837618e-06,60.32836786662573,0.12666856017291983,0.38972877607928674,66.9413576583701
ES512,BioCCS,2020-2025,0.0012811627228631775,0.0012811627228631775,0.7549088518968149,1268.0336615564195,0.008472331062636392
ES512,BioCCS,2025-2030,0.0010218905925567377,0.002303028084244463,0.742790193587796,-100.70526588523755,0.01498544008643845
ES512,CoalCCS,2020-2025,0.0,0.0,0,0.0,0.0
ES512,CoalCCS,2025-2030,0.0,0.0,0,0.0,0.0
ES512,GasCCGT,2020-2025,9.570964349802175e-07,22.195000957096436,0.0977639153593637,0.6468300741600865,19.008062907942257
ES512,GasCCGT,2025-2030,4.7287484730758274e-07,18.59375360811849,0.10408033082428961,0.13440850640458737,16.95273767475313
ES512,GasCCS,2020-2025,1.4375214934329148e-05,1.4375214934329148e-05,0.42072477907018213,28.105698378718223,5.298055995542847e-05
ES512,GasCCS,2025-2030,1.816895775572202e-05,3.249371033651056e-05,0.4212724812470757,14.082188055547592,0.00011991306437065765
ES512,GasOCGT,2020-2025,1.1927379435869842e-08,8.89700001192738,0.00043040959216836624,0.006227494245887428,0.03354514232470317
ES512,GasOCGT,2025-2030,1.7722945901684325e-07,7.6146668086424905,0.0032111336225609083,0.0396374199719223,0.21419700249715548
ES512,Hydroregulated,2020-2025,79.49493312641127,262.0969331264113,0.2886991564515615,87939250.74909934,662.844352278715
ES512,Hydroregulated,2025-2030,9.813602023292336e-08,262.0969331740851,0.2963143417934751,0.04769202619769396,680.3285828986089
ES512,Hydrorun-of-the-river,2020-2025,1.298996118260595,3.889996118260595,0.4873342844114051,1066469.2932991437,16.606581437983742
ES512,Hydrorun-of-the-river,2025-2030,2.928837556761454e-08,3.8899960971599588,0.4854244017020784,0.0103984617073466,16.541499486044753
ES512,Lignite,2020-2025,4.186887248680379e-05,4.186887248680379e-05,0.10786215077563088,50.437804834553994,3.9560743739921104e-05
ES512,Lignite,2025-2030,2.897118080825471e-05,7.081482211970878e-05,0.08806465729108552,15.074243959093804,5.4629839440047734e-05
ES512,Solar,2020-2025,931.546897092116,937.372897092116,0.15471060152378133,274676520.97911054,1270.388556908208
ES512,Solar,2025-2030,0.2134537796324276,937.3729298929788,0.1559131266004496,22547.411357588317,1280.2629999824865
ES512,Waste,2020-2025,0.0004386446662064293,0.0004386446662064293,0.5615773476248406,765.3217839344267,0.0021578762758143835
ES512,Waste,2025-2030,0.0014492391980079316,0.0018878334018635988,0.5928349396464735,1063.5189132196972,0.009803960743502059
ES512,Windonshore,2020-2025,0.0002985706265914841,0.0002985706265914841,0.12127524110423368,270.29537931431224,0.00031719280860435204
ES512,Windonshore,2025-2030,6.106061124719884e-05,0.00035942938843580563,0.12138034421290639,21.16527486340938,0.0003821783269038956
ES513,BioCCS,2020-2025,0.0005586997506075643,0.0005586997506075643,0.743305393057451,552.9743238940831,0.0036378925504837595
ES513,BioCCS,2025-2030,0.0004112007237256652,0.0009698752431579544,0.7194837774506367,-40.52300561001205,0.00611281125156349
ES513,CoalCCS,2020-2025,0.0,0.0,0,0.0,0.0
ES513,CoalCCS,2025-2030,0.0,0.0,0,0.0,0.0
ES513,GasCCS,2020-2025,1.4294461637531654e-05,1.4294461637531654e-05,0.4197550110095224,27.947813587899727,5.256150586184691e-05
ES513,GasCCS,2025-2030,1.7980881437422827e-05,3.22248807243421e-05,0.42005967488605417,13.936416012996052,0.00011857862678190714
ES513,GasOCGT,2020-2025,2.510284493907659e-07,34.66900025102844,9.422371462129947e-05,0.1310663614367552,0.02861578379612188
ES513,GasOCGT,2025-2030,3.0522844127077017e-07,29.6721234832217,0.002432877258188487,0.06826442952057392,0.6323724375585383
ES513,Hydroregulated,2020-2025,4.161137781011348e-07,463.9440004161138,0.22690723139448474,0.46031529851596625,922.1848982309587
ES513,Hydroregulated,2025-2030,1.2908984838039763e-07,463.9440004947419,0.22670759449140593,0.06273493072372238,921.3735441785353
ES513,Hydrorun-of-the-river,2020-2025,3.2049937189136255,9.595993718913626,0.40429393968210686,2631283.7570406883,33.985314446670756
ES513,Hydrorun-of-the-river,2025-2030,3.6307472699897634e-08,9.59599370479413,0.41394591605289055,0.01289050202490173,34.7966682640225
ES513,Lignite,2020-2025,4.18202097990206e-05,4.18202097990206e-05,0.10734419483296552,50.37918278424903,3.932501311792501e-05
ES513,Lignite,2025-2030,2.7800486258819893e-05,6.959546488246359e-05,0.08881750668626043,14.465109821394673,5.414815004757689e-05
ES513,Solar,2020-2025,6270.524266833245,6314.899266833245,0.1667346722399604,1848930843.637953,9223.514897078181
ES513,Solar,2025-2030,826.9592611448495,7140.232961868962,0.16612807312081665,87352824.90246232,10391.051937839951
ES513,Waste,2020-2025,0.00031577239787279973,0.00031577239787279973,0.5603673918686884,550.9413734522243,0.001550069341976098
ES513,Waste,2025-2030,0.0006045519022127752,0.0009202738377348079,0.5891238214920151,443.6482141181449,0.004749279903323787
ES513,Windonshore,2020-2025,6.882402487917716e-07,250.38700068824025,0.17806851915478783,0.6230624935556016,390.5737316707158
ES513,Windonshore,2025-2030,3.2164700732568313e-07,200.4330823854855,0.17582455295145472,0.11149163396809986,308.7116602582827
ES514,BioCCS,2020-2025,0.0005155025026733344,0.0005155025026733344,0.7412823459702069,510.2197514344754,0.00334748424372837
ES514,BioCCS,2025-2030,0.00036365883902249584,0.0008791361105201667,0.7174673651684796,-35.837848339174215,0.005525382867032861
ES514,CoalCCS,2020-2025,0.0,0.0,0,0.0,0.0
ES514,CoalCCS,2025-2030,0.0,0.0,0,0.0,0.0
ES514,GasCCGT,2020-2025,8.535100193582412e-09,1146.128000008535,0.042747660940835104,0.005768237441290637,429.1899903790615
ES514,GasCCGT,2025-2030,2.671158109717615e-06,960.1631048717096,0.05763448441785679,0.7592418457903638,484.7653082354473
ES514,GasCCS,2020-2025,1.4281652984941845e-05,1.4281652984941845e-05,0.4195965924897821,27.922770753551056,5.2494588445803473e-05
ES514,GasCCS,2025-2030,1.7948995130686626e-05,3.218018576422172e-05,0.419751791005234,13.911701938920192,0.00011832736973845984
ES514,GasOCGT,2020-2025,6.538336927399679e-07,300.9510006538337,8.528165599835802e-05,0.341378052169641,0.22483065346066755
ES514,GasOCGT,2025-2030,2.726564204351069e-06,257.5746399061586,0.002520573465281327,0.6097968760261382,5.687305631449248
ES514,Hydroregulated,2020-2025,3.522957285895245e-07,541.0430003522957,0.20174339327067095,0.38971820210234115,956.1702129766122
ES514,Hydroregulated,2025-2030,4.4211305974070047e-07,541.0430007439469,0.20174339306738975,0.21485757805799308,956.170212705307
ES514,Hydrorun-of-the-river,2020-2025,0.0,0.0,0,0.0,0.0
ES514,Hydrorun-of-the-river,2025-2030,0.0,0.0,0,0.0,0.0
ES514,Lignite,2020-2025,4.182393493811286e-05,4.182393493811286e-05,0.10731659723624601,50.383670314659035,3.931840485395439e-05
ES514,Lignite,2025-2030,2.774897572287262e-05,6.954767948557813e-05,0.08892054182548825,14.438307931942118,5.417374392085187e-05
ES514,Nuclear,2020-2025,1.3737648762629266e-07,3023.4650001373766,0.666602848139979,0.4829737636408717,17655.345331805653
ES514,Nuclear,2025-2030,1.7141951887028756e-07,2563.4247215414657,0.6726348657960542,0.2632293273403882,15104.419869518399
ES514,Solar,2020-2025,0.00010152962652831832,15.175101529626529,0.16602466176639002,29.937091388700317,22.070304024847253
ES514,Solar,2025-2030,2427.1787552911446,2441.7979588692197,0.16654778563228248,256386173.7570968,3562.482136777184
ES514,Waste,2020-2025,0.00030127370080488836,0.00030127370080488836,0.5600760552001446,525.6448873449093,0.0014781289883293927
ES514,Waste,2025-2030,0.0005364654100815313,0.0008376886485357198,0.5885605810653068,393.6831895618841,0.004318947335349811
ES514,Windonshore,2020-2025,1.4836904256299022e-06,870.6510014836904,0.2136116056352893,1.3431819163154282,1629.194947364163
ES514,Windonshore,2025-2030,4.8169401677627745e-06,696.9501788652282,0.20045884748866383,1.669682968592514,1223.8581074041042
ES521,BioCCS,2020-2025,0.0010836517120163716,0.0010836517120163716,0.7574308536391438,1072.5466981814072,0.007190131273613504
ES521,BioCCS,2025-2030,6.852664809248507e-05,0.001152153128933218,0.7135869461981529,-6.7531635643222305,0.0072021341515742035
ES521,CoalCCS,2020-2025,0.0,0.0,0,0.0,0.0
ES521,CoalCCS,2025-2030,0.0,0.0,0,0.0,0.0
ES521,GasCCS,2020-2025,1.4363327294334253e-05,1.4363327294334253e-05,0.4206250033213106,28.082456261945875,5.292419341614727e-05
ES521,GasCCS,2025-2030,1.789608049046081e-05,3.220894543341866e-05,0.42082187758172895,13.870689464535584,0.00011873504509583605
ES521,GasOCGT,2020-2025,1.2677179050339419e-08,14.772000012677179,1.4732935889803927e-05,0.006618977790934669,0.0019064819793623716
ES521,GasOCGT,2025-2030,1.2138089124494427e-06,12.64289832115567,0.0012943197746681152,0.2714687157277189,0.1433482309622252
ES521,Lignite,2020-2025,4.182798295914389e-05,4.182798295914389e-05,0.10774631930614678,50.38854680840253,3.94796661807483e-05
ES521,Lignite,2025-2030,2.6363940107514495e-05,6.816669189136717e-05,0.09051749880288844,13.717648152966413,5.405163923666159e-05
ES521,Solar,2020-2025,4515.8739759286755,4652.953975928675,0.17433578520132215,1331553523.2420347,7105.9051317164585
ES521,Solar,2025-2030,5.021322024305696,4652.953718605884,0.1726712367998656,530409.0348547697,7038.0579546704585
ES521,Waste,2020-2025,0.00047533295618542367,0.00047533295618542367,0.5590827446044058,829.333385349896,0.0023279739748068387
ES521,Waste,2025-2030,0.0006156539048526391,0.0010909363986873915,0.5916020637700303,451.79537836704174,0.005653705970170476
ES521,Windonshore,2020-2025,1.3431699130705965e-07,90.23800013431699,0.14304031082334928,0.12159689828890345,113.07120310466102
ES521,Windonshore,2025-2030,4.192837642090445e-08,72.23490200758968,0.16469854736964015,0.014533519946799522,104.21757484713575
ES522,BioCCS,2020-2025,0.0006921311538865648,0.0006921311538865648,0.7482908475823496,685.0383528008557,0.004536938972152182
ES522,BioCCS,2025-2030,0.0004431846782215641,0.001135290600932679,0.7188412504230425,-43.67496010008335,0.007148980944871447
ES522,CoalCCS,2020-2025,0.0,0.0,0,0.0,0.0
ES522,CoalCCS,2025-2030,0.0,0.0,0,0.0,0.0
ES522,GasCCGT,2020-2025,2.4701739823667073e-07,1479.0470002470174,0.05529531128647371,0.16694063020259797,716.4310311452216
ES522,GasCCGT,2025-2030,6.761994022633059e-07,1239.0643600738488,0.09222296197122572,0.1922008586571492,1001.0068237447634
ES522,GasCCS,2020-2025,1.432155066232775e-05,1.432155066232775e-05,0.42018284203079836,28.00077668888784,5.27147879699639e-05
ES522,GasCCS,2025-2030,1.7954009296975277e-05,3.22250976113105e-05,0.420670362111678,13.915588261601323,0.00011875181689561085
ES522,GasOCGT,2020-2025,2.458728364453216e-07,139.32600024587282,8.675066080360096e-06,0.12837452538639688,0.01058788138748406
ES522,GasOCGT,2025-2030,1.8373591840249523e-06,119.24480872786897,0.0016151311710843634,0.41092591502829207,1.6871410262814348
ES522,Lignite,2020-2025,4.1818105573154526e-05,4.1818105573154526e-05,0.1074937430636419,50.376647905059386,3.937781793598698e-05
ES522,Lignite,2025-2030,2.6995533607986503e-05,6.87884080057925e-05,0.08986852541886779,14.046277992809888,5.4153556070113954e-05
ES522,Solar,2020-2025,1781.708960328716,1835.7929603287162,0.1681368737813234,525355857.1748494,2703.900925912625
ES522,Solar,2025-2030,1.981161253946678,1835.792890811134,0.16615425155462218,209272.74202112574,2672.0171935304957
ES522,Waste,2020-2025,0.0003573417275657896,0.0003573417275657896,0.5602978048116373,623.4691299908744,0.0017539078011789384
ES522,Waste,2025-2030,0.000725789578625936,0.0010830808438409818,0.5920391972152361,532.6180418991213,0.00561714250456769
ES522,Windonshore,2020-2025,6.735506303812144e-07,907.1430006735507,0.17088622270765125,0.609764011968206,1357.959789765291
ES522,Windonshore,2025-2030,2.2104705352504297e-06,726.1617719489412,0.1719659768477557,0.7662094351895188,1093.9060377332219
ES523,BioCCS,2020-2025,0.0005299584889112873,0.0005299584889112873,0.7424369534279159,524.5275960459348,0.003446716309726889
ES523,BioCCS,2025-2030,0.00031428195061982523,0.0008442152083556502,0.7132813995952337,-30.971855138536586,0.005274947927089389
ES523,CoalCCS,2020-2025,0.0,0.0,0,0.0,0.0
ES523,CoalCCS,2025-2030,0.0,0.0,0,0.0,0.0
ES523,GasCCGT,2020-2025,1.2236855748944736e-06,1094.6370012236855,0.032771808786138605,0.8269977843705797,314.2495341703744
ES523,GasCCGT,2025-2030,2.9437728837814134e-06,917.026774032224,0.0817617303204412,0.8367290388909634,656.80461516461
ES523,GasCCS,2020-2025,1.4285629802756616e-05,1.4285629802756616e-05,0.41963364562241706,27.93054602804397,5.251384280789287e-05
ES523,GasCCS,2025-2030,1.785102114830795e-05,3.2086188600017376e-05,0.4199020498145733,13.835765384773442,0.00011802397374762574
ES523,GasOCGT,2020-2025,9.117430654775254e-07,198.37700091174307,6.596749025012899e-08,0.4760370645134068,0.00011463715197181809
ES523,GasOCGT,2025-2030,2.915211571576202e-06,169.7847317975637,0.0010801006482588351,0.6519879144843067,1.6064490861800473
ES523,Hydroregulated,2020-2025,1.6669105207256507e-08,1004.9870000166691,0.10861021167124607,0.01843977427156335,956.1702129962698
ES523,Hydroregulated,2025-2030,5.689982322523762e-07,1004.9870005352047,0.10861021161516221,0.27652108302959155,956.1702129958692
ES523,Hydrorun-of-the-river,2020-2025,0.0,0.0,0,0.0,0.0
ES523,Hydrorun-of-the-river,2025-2030,0.0,0.0,0,0.0,0.0
ES523,Lignite,2020-2025,4.1798638115076765e-05,4.1798638115076765e-05,0.10725611654588897,50.35319621427262,3.927247810589957e-05
ES523,Lignite,2025-2030,2.6531085586168887e-05,6.830449252579578e-05,0.09008298793203098,13.80461705280421,5.3900917516925855e-05
ES523,Nuclear,2020-2025,4.0880172227499645e-07,1058.7410004088017,0.6335777217404603,1.4372219715438193,5876.1616679415165
ES523,Nuclear,2025-2030,2.3472902938098984e-07,897.6465262965352,0.6490203161814672,0.3604464935989849,5103.495691089678
ES523,Solar,2020-2025,3049.2809630970796,3141.8419630970798,0.17057742626952657,899112958.2910464,4694.723286501719
ES523,Solar,2025-2030,3.3906562666013946,3141.841880999712,0.16898557249032742,358159.6060135167,4650.911312669056
ES523,Waste,2020-2025,0.00031698601247312594,0.00031698601247312594,0.5593946779592556,553.0588178496753,0.001553325726077342
ES523,Waste,2025-2030,0.00047967369684988315,0.0007966092469722697,0.5903271149577434,352.00679741141687,0.004119477937380881
ES523,Windonshore,2020-2025,4.426033569870924e-06,570.1870044260336,0.16590350391903919,4.006879163846934,828.6611520488045
ES523,Windonshore,2025-2030,7.472849966961305e-07,456.430800042276,0.19864408501238934,0.25902938135263354,794.2453609378299
ES532,Bio,2020-2025,5.092339336423131e-07,54.533000509233936,0.07324917035134866,0.6460344713679889,34.99179410606244
ES532,Bio,2025-2030,1.2895369058818071e-08,45.778724740533676,0.06174946969676336,0.006838574090261673,24.76287291082921
ES532,BioCCS,2020-2025,0.0011034492850889581,0.0011034492850889581,0.7562613042431716,1092.1413902725567,0.0073101849206463395
ES532,BioCCS,2025-2030,0.0004727110222629077,0.0015761350761768402,0.7228206917323701,-46.584722014872106,0.009979944283185955
ES532,Coal,2020-2025,0.0,288.923,3.060423655708732e-08,0.0,7.745826626774259e-05
ES532,Coal,2025-2030,6.824724118211466e-09,228.84600619339884,0.0007169966787179952,0.0031943396264671057,1.4373567990760518
ES532,CoalCCS,2020-2025,0.0,0.0,0,0.0,0.0
ES532,CoalCCS,2025-2030,5.7479305214769064e-08,5.745223395119865e-08,0.7455527033365302,0.06262593324015717,3.752229346149423e-07
ES532,GasCCGT,2020-2025,2.0757682092140033e-09,882.4570000020758,0.09932167954952485,0.0014028568654451165,767.7886956050668
ES532,GasCCGT,2025-2030,3.616652375108911e-06,739.274020707356,0.17281126883964273,1.0279862561748845,1119.1327622783288
ES532,GasCCS,2020-2025,1.436267587639315e-05,1.436267587639315e-05,0.4206986643368265,28.08118264229881,5.2931060963711705e-05
ES532,GasCCS,2025-2030,1.795931157341423e-05,3.227152510004051e-05,0.42193382901401477,13.91969788940385,0.00011928008582537796
ES532,GasOCGT,2020-2025,3.398493984858939e-07,82.0480003398494,1.5669665695042622e-07,0.17744133863758998,0.00011262423089744309
ES532,GasOCGT,2025-2030,4.871141323631586e-07,70.22234191286266,0.0014711870447951662,0.10894321714824005,0.9049973491738499
ES532,Lignite,2020-2025,4.167228176271771e-05,4.167228176271771e-05,0.10529027170437345,50.200979623250234,3.843612821539856e-05
ES532,Lignite,2025-2030,2.6055010163150636e-05,6.770206075043106e-05,0.08846521499140772,13.556906159796318,5.2466069670518414e-05
ES532,Solar,2020-2025,1735.23683588861,1930.9308358886099,0.1680645311421327,511653056.4854125,2842.803833869176
ES532,Solar,2025-2030,7.168844197497761,1930.930925075021,0.16936271322457053,757254.7057156265,2864.7626565546416
ES532,Waste,2020-2025,4.2808189843925927e-05,42.077042808189844,0.552783669756771,74.6892479092381,203.75323871157067
ES532,Waste,2025-2030,0.00038954900827471695,42.077432306735766,0.6022840203744091,285.8691225683163,222.0008702473785
ES532,Windonshore,2020-2025,0.0017343089464993116,0.0017343089464993116,0.2035154907296043,1570.0663521185347,0.0030919185301942916
ES532,Windonshore,2025-2030,6.033610476963229e-07,0.0017347104581443317,0.2210101969756755,0.20914141138659448,0.0033584850124401293
ES611,BioCCS,2020-2025,0.004116762180218245,0.004116762180218245,0.7678212280742769,4074.574546996575,0.027689811561846953
ES611,BioCCS,2025-2030,1.5647097037610004e-06,0.004118301658746528,0.7133973957301636,-0.15419899928446978,0.02573675454086554
ES611,CoalCCS,2020-2025,0.0,0.0,0,0.0,0.0
ES611,CoalCCS,2025-2030,0.0,0.0,0,0.0,0.0
ES611,GasCCS,2020-2025,1.4451108372746816e-05,1.4451108372746816e-05,0.42163417353144383,28.254081418473472,5.337539074572213e-05
ES611,GasCCS,2025-2030,1.7829113556047444e-05,3.2229759576835145e-05,0.421184882284855,13.818785498628923,0.00011891426244252132
ES611,GasOCGT,2020-2025,3.8295647582631246e-07,78.61200038295647,9.544518965016706e-06,0.19994830066876004,0.006572748261949331
ES611,GasOCGT,2025-2030,3.116762842690084e-07,67.2815758379392,0.001089185921321771,0.06970649147941506,0.6419515916631516
ES611,Lignite,2020-2025,4.1844966628103476e-05,4.1844966628103476e-05,0.1080595996867538,50.409006374889024,3.96105330023887e-05
ES611,Lignite,2025-2030,2.5886341322102468e-05,6.770607677477358e-05,0.09118549476895212,13.469144626185189,5.408259407985409e-05
ES611,Solar,2020-2025,3558.1039565515493,4246.8099565515495,0.17622983695592737,1049144835.4542099,6556.11212573879
ES611,Solar,2025-2030,25.2287638345159,4246.809717508352,0.17680946899991304,2664948.4361431254,6577.675258803784
ES611,Waste,2020-2025,0.0010295522382850499,0.0010295522382850499,0.5566597631938216,1796.3030588571817,0.005020446273196541
ES611,Waste,2025-2030,0.00030256231289279027,0.001332064088827099,0.5928525163398183,222.03425261425838,0.006917925711606589
ES611,Windonshore,2020-2025,2.324672323084087e-06,536.4720023246723,0.16486011878148266,2.104521112886389,774.7592611093819
ES611,Windonshore,2025-2030,4.982884407875625e-06,429.4421751895448,0.19793169919698103,1.7272037726304723,744.6019223129218
ES612,BioCCS,2020-2025,0.0005823476349054085,0.0005823476349054085,0.7420240618356344,576.3798701054525,0.003785335787287298
ES612,BioCCS,2025-2030,7.171056470871625e-07,0.0005830395093772386,0.6956539363250658,-0.07066932153376135,0.0035530010724462856
ES612,Coal,2020-2025,0.0,654.521,1.3380636931594717e-08,0.0,7.671927289831363e-05
ES612,Coal,2025-2030,6.828724882758207e-10,518.4236520361485,0.0007318841389898922,0.0003196212200435878,3.3237721822536557
ES612,CoalCCS,2020-2025,0.0,0.0,0,0.0,0.0
ES612,CoalCCS,2025-2030,7.542133596133774e-08,7.542133801119535e-08,0.6668085456210376,0.08217447189296509,4.405543521224115e-07
ES612,GasCCGT,2020-2025,9.716283349912927e-10,3564.4500000009716,0.026771330471121423,0.0006566511011938409,835.9236035448582
ES612,GasCCGT,2025-2030,2.1173253728611153e-07,2986.1004791560367,0.0750065191750034,0.06018221154268509,1962.0385449511425
ES612,GasCCS,2020-2025,1.4316286361453086e-05,1.4316286361453086e-05,0.4199918851345326,27.99048419216803,5.2671463090355116e-05
ES612,GasCCS,2025-2030,1.7488437131683667e-05,3.175426114314971e-05,0.4178371066853957,13.554737910512795,0.0001162286313446388
ES612,GasOCGT,2020-2025,8.29343497340205e-07,378.9760008293435,3.41899844865933e-08,0.43301480306882073,0.00011350492824092202
ES612,GasOCGT,2025-2030,1.477403450918743e-06,324.35381888803533,0.0008170636962439834,0.3304217107973462,2.3215553161272244
ES612,Lignite,2020-2025,4.178322670347326e-05,4.178322670347326e-05,0.10713861182273789,50.33463068516917,3.921498890080762e-05
ES612,Lignite,2025-2030,2.520614557078911e-05,6.696414109895175e-05,0.09074173994478146,13.115226131695824,5.322963785250581e-05
ES612,Solar,2020-2025,1.0866333468584344e-06,936.0390010866333,0.17213194756136616,0.32040541193005273,1411.4306143538379
ES612,Solar,2025-2030,4870.204116533849,5771.953695755812,0.1735180506472379,514446245.92736155,8773.474226531756
ES612,Waste,2020-2025,0.0003816253406376387,0.0003816253406376387,0.5587250453429737,665.8377702783522,0.0018678390491857076
ES612,Waste,2025-2030,0.00012249625263480323,0.0005040711309216275,0.5816273484677033,89.8934293626099,0.002568270424577478
ES612,Windonshore,2020-2025,2087.0929902133316,3395.0529902133317,0.2838395437216108,1889441027.3848581,8441.576554878879
ES612,Windonshore,2025-2030,260.9469570722794,3395.0529844220314,0.2896856264670845,90451339.38875286,8615.442923967681
ES613,BioCCS,2020-2025,249.28280636224957,249.28280636224957,0.760579311546791,246728213.4217553,1660.8902643326503
ES613,BioCCS,2025-2030,2.547873780791281e-07,249.28280659180578,0.7140360246996434,-0.025108784482949946,1559.2528811843038
ES613,CoalCCS,2020-2025,0.0,0.0,0,0.0,0.0
ES613,CoalCCS,2025-2030,0.0,0.0,0,0.0,0.0
ES613,GasCCS,2020-2025,1.4467598890411717e-05,1.4467598890411717e-05,0.4220654630707204,28.286322850529686,5.349095870877881e-05
ES613,GasCCS,2025-2030,1.788343722584627e-05,3.230057376514951e-05,0.42181337106519146,13.86089006754585,0.00011935336982722618
ES613,GasOCGT,2020-2025,1.71538097178846e-07,25.032000171538098,5.513178940044982e-07,0.08956305271207599,0.00012089316504748315
ES613,GasOCGT,2025-2030,2.0388648427936037e-07,21.424113585053654,0.0008872803385296973,0.04559927141238805,0.16652054604893907
ES613,Hydrorun-of-the-river,2020-2025,7.276997888790579,21.78599788879058,0.4874508932943777,5974378.742709188,93.02773219807558
ES613,Hydrorun-of-the-river,2025-2030,9.51637602726486e-08,21.78599793355842,0.48550356432643554,0.03378667126272598,92.65609372656266
ES613,Lignite,2020-2025,4.186221251838685e-05,4.186221251838685e-05,0.10823260927335393,50.42978182922172,3.969030285958905e-05
ES613,Lignite,2025-2030,2.6057819714831706e-05,6.789480105785519e-05,0.0909735761706994,13.558368021766544,5.410730381533011e-05
ES613,Solar,2020-2025,2.7808128493234108e-06,337.16100278081285,0.16815468042468235,0.8199522765096294,496.64995790662954
ES613,Solar,2025-2030,275.35568511217184,600.1656470857139,0.16973557666558894,29086193.33218638,892.3764888980172
ES613,Waste,2020-2025,0.0013604156193556952,0.0013604156193556952,0.5577544051814729,2373.5743049194707,0.006646893568062275
ES613,Waste,2025-2030,0.0002907807557738265,0.001651145912778788,0.5942993107059052,213.3883997830492,0.00859596792987235
ES613,Windonshore,2020-2025,0.0002971439278055295,0.0002971439278055295,0.12173841404677103,269.0037918131596,0.0003168827553085371
ES613,Windonshore,2025-2030,9.967354499195451e-05,0.0003966156233956992,0.13536451521978712,34.54957186433173,0.0004703040907244782
ES614,BioCCS,2020-2025,0.012058664292368172,0.012058664292368172,0.7655014195671948,11935.089870519321,0.08086289979289445
ES614,BioCCS,2025-2030,1.7623629894402928e-06,0.012060401424182143,0.7127592746771457,-0.173677333689744,0.07530238762959801
ES614,CoalCCS,2020-2025,0.0,0.0,0,0.0,0.0
ES614,CoalCCS,2025-2030,0.0,0.0,0,0.0,0.0
ES614,GasCCGT,2020-2025,1.519326202043082e-08,43.50100001519326,0.2495137725188104,0.01026799227353931,95.08190392987346
ES614,GasCCGT,2025-2030,1.7228791128544446e-06,36.442750761579134,0.26466523628915295,0.4897059118134937,84.49133215413892
ES614,GasCCS,2020-2025,1.4466056612369837e-05,1.4466056612369837e-05,0.4218631942903185,28.283307465948706,5.345962441720341e-05
ES614,GasCCS,2025-2030,1.7843108239187973e-05,3.2258702501435965e-05,0.4213256727299104,13.829632337639305,0.00011906083510742908
ES614,GasOCGT,2020-2025,4.628792387719752e-08,70.57500004628793,1.918808116880945e-07,0.024167737863057318,0.00011862781745341641
ES614,GasOCGT,2025-2030,4.672442362260041e-07,60.40295636678701,0.0008863134320121009,0.10449930910746666,0.468974935675448
ES614,Hydrorun-of-the-river,2020-2025,28.059998262282576,84.00399826228258,0.4875676124578184,23037117.737366743,358.7888288981501
ES614,Hydrorun-of-the-river,2025-2030,9.764486585240722e-08,84.00399830952564,0.4850295722020985,0.03466755594352514,356.9211486628147
ES614,Lignite,2020-2025,4.184479325663485e-05,4.184479325663485e-05,0.10801543737675474,50.40879752101313,3.959418073506447e-05
ES614,Lignite,2025-2030,2.602001709913445e-05,6.783957918041539e-05,0.09079832301745602,13.538698618055188,5.3959147408415176e-05
ES614,Solar,2020-2025,1703.722879752042,2297.062879752042,0.1759484124293496,502360830.98296976,3540.4816064186075
ES614,Solar,2025-2030,1383.421473641209,3658.748842759232,0.17604444679947132,146132680.811854,5642.337164175379
ES614,Waste,2020-2025,0.001315392099934556,0.001315392099934556,0.5562710496256167,2295.019878393795,0.006409819406314597
ES614,Waste,2025-2030,0.00013946720630619372,0.001454808843890067,0.5924689601548684,102.34750197512852,0.007550498766761618
ES614,Windonshore,2020-2025,8.506424762799725e-06,435.32500850642475,0.11310443132609282,7.700848988790613,431.3177627553157
ES614,Windonshore,2025-2030,2.960831919402049e-06,348.47469740205946,0.13887339537134535,1.0263051764221436,423.9302524000225
ES615,Bio,2020-2025,4.841468449312932e-07,130.59300048414684,0.08078385339507017,0.6142079904073358,92.41629885647484
ES615,Bio,2025-2030,3.9431358654130967e-07,109.62868324862382,0.05680963438180439,0.20910938369116416,54.55697701886975
ES615,BioCCS,2020-2025,0.0009728428099423666,0.0009728428099423666,0.7542511743367979,962.873340283565,0.0064278062069546785
ES615,BioCCS,2025-2030,3.886246130972229e-07,0.0009732062033803026,0.7090517446612996,-0.038298175241622504,0.006044869154256762
ES615,CoalCCS,2020-2025,0.0,0.0,0,0.0,0.0
ES615,CoalCCS,2025-2030,0.0,0.0,0,0.0,0.0
ES615,GasCCGT,2020-2025,1.7600375456824171e-07,1526.1000001760037,0.060434424361699136,0.1189478065730989,807.9258212542633
ES615,GasCCGT,2025-2030,9.979123585117946e-07,1278.4827799511647,0.1264677997366701,0.2836435695278281,1416.3772806312065
ES615,GasCCS,2020-2025,1.437837095451236e-05,1.437837095451236e-05,0.4211237520830658,28.11186887089881,5.304244408080826e-05
ES615,GasCCS,2025-2030,1.7626669440366534e-05,3.1954578039876604e-05,0.41983861749254464,13.661877427946676,0.00011752210899333762
ES615,GasOCGT,2020-2025,9.564512065660443e-07,159.3800009564512,8.31519441895771e-08,0.4993799700418222,0.00011609415083351852
ES615,GasOCGT,2025-2030,2.2486034637012144e-06,136.40840711766415,0.000817212745419316,0.5029008175924844,0.9765182745791815
ES615,Hydrorun-of-the-river,2020-2025,4.3319976584978654,12.967997658497865,0.4872905416181771,3556548.334892672,55.356039599763136
ES615,Hydrorun-of-the-river,2025-2030,6.980195371565879e-08,12.967997678045366,0.48510149225406246,0.024782287468781413,55.10736442046302
ES615,Lignite,2020-2025,4.1828953678406706e-05,4.1828953678406706e-05,0.10777396292026566,50.389716196203516,3.949071161991576e-05
ES615,Lignite,2025-2030,2.526057866002762e-05,6.706430116303712e-05,0.09146058646522987,13.143548679957117,5.373156516160923e-05
ES615,Solar,2020-2025,4.452527775811177e-05,627.3580445252777,0.17015519233421525,13.128752216773627,935.1144836626758
ES615,Solar,2025-2030,2279.8167260681985,2884.193096555875,0.17017181760550887,240820123.35920566,4299.481422519667
ES615,Waste,2020-2025,3.4830755763332765e-05,100.76503483075577,0.5548782414140849,60.770683403302336,489.79196982876977
ES615,Waste,2025-2030,2.6745075730604983e-05,100.76506152536915,0.5970456125984387,19.62677652804961,527.0133198895345
ES615,Windonshore,2020-2025,73.39135363970217,421.4533536397022,0.22122067047551647,66441042.76733273,816.7315347650497
ES615,Windonshore,2025-2030,7.241061608572456e-07,352.01260542501956,0.2274655151192641,0.2509949640495092,701.4195827241308
ES616,BioCCS,2020-2025,0.00313050453943255,0.00313050453943255,0.7645291450834968,3098.423847974839,0.02096585076270036
ES616,BioCCS,2025-2030,5.196521135962802e-07,0.0031309989603707303,0.7196308154073099,-0.05121067230554183,0.01973771081364535
ES616,CoalCCS,2020-2025,0.0,0.0,0,0.0,0.0
ES616,CoalCCS,2025-2030,0.0,0.0,0,0.0,0.0
ES616,GasCCGT,2020-2025,6.168796411838979e-07,23.082000616879643,0.19270815981065198,0.4169029258405665,38.9652672053745
ES616,GasCCGT,2025-2030,1.0815657674014322e-07,19.33683279625301,0.20999368591583445,0.030742095969464936,35.57096806513264
ES616,GasCCS,2020-2025,1.4425274456496887e-05,1.4425274456496887e-05,0.4215459082199578,28.203572242688722,5.326881909747462e-05
ES616,GasCCS,2025-2030,1.793989309389868e-05,3.231470520085601e-05,0.4214472375988225,13.904647236308206,0.00011930194278871621
ES616,GasOCGT,2020-2025,4.858324628317202e-08,15.447000048583245,1.4904760683571615e-05,0.025366165996623294,0.0020168484296684912
ES616,GasOCGT,2025-2030,6.71336848294448e-07,13.220609401100162,0.0014114082495452105,0.15014468105973736,0.1634587720330951
ES616,Hydrorun-of-the-river,2020-2025,43.374998563153355,129.85699856315335,0.48783801840630714,35610656.11684728,554.9388242918961
ES616,Hydrorun-of-the-river,2025-2030,1.1739869677917482e-07,129.85699863011487,0.4858463658274355,0.04168089999161643,552.6732255484854
ES616,Lignite,2020-2025,4.186216820246132e-05,4.186216820246132e-05,0.10814503444979223,50.429728443547106,3.965814605220778e-05
ES616,Lignite,2025-2030,2.6549518922083498e-05,6.838645594913e-05,0.09039122382185481,13.814208260162856,5.415025050767146e-05
ES616,Solar,2020-2025,1.5050875333599834e-05,157.07301505087534,0.17053769735743587,4.4379108418786455,234.65298386099118
ES616,Solar,2025-2030,817.2517272507407,968.5707699588153,0.17078522113012073,86327404.97148186,1449.0579405976648
ES616,Waste,2020-2025,0.0007633709376258163,0.0007633709376258163,0.5592484937401264,1331.8853568654715,0.0037397670520023098
ES616,Waste,2025-2030,0.0007798395335120304,0.0015431600087870236,0.5929052206329216,572.2824046620433,0.00801494119922033
ES616,Windonshore,2020-2025,0.000169414189408936,0.000169414189408936,0.07007846124532698,153.37032014930693,0.00010400122279246656
ES616,Windonshore,2025-2030,9.720063534171665e-05,0.000266412975349107,0.08709519114498811,33.69239386708292,0.00020326081174104992
ES617,BioCCS,2020-2025,0.000989718743410206,0.000989718743410206,0.7528094706862488,979.5763330615497,0.006526810075788898
ES617,BioCCS,2025-2030,1.1836919926669977e-06,0.0009908772042275052,0.7086515339569956,-0.11665046896019661,0.006151155060472266
ES617,CoalCCS,2020-2025,0.0,0.0,0,0.0,0.0
ES617,CoalCCS,2025-2030,0.0,0.0,0,0.0,0.0
ES617,GasCCGT,2020-2025,8.972593483275439e-07,369.3180008972593,0.16001644329895667,0.6063906515664036,517.6893078407758
ES617,GasCCGT,2025-2030,1.1586479988304432e-06,309.3943424229096,0.17221107639606642,0.3293305783933303,466.7427227980411
ES617,GasCCS,2020-2025,1.4388007394074202e-05,1.4388007394074202e-05,0.4209003670920739,28.130709553629966,5.304983812247027e-05
ES617,GasCCS,2025-2030,1.764674005294104e-05,3.198428509698379e-05,0.4195980378913519,13.67743352887796,0.00011756395904565631
ES617,GasOCGT,2020-2025,3.66373014206754e-07,79.64100036637302,1.6383212983554766e-07,0.19128978415488812,0.00011429833127936746
ES617,GasOCGT,2025-2030,3.5406751594247506e-07,68.16226508229408,0.0008221927784714948,0.07918730275249222,0.49093249372671627
ES617,Hydroregulated,2020-2025,100.20200364129215,258.45700364129215,0.2880182674082003,110845921.5854875,652.0973642813326
ES617,Hydroregulated,2025-2030,9.208445330020017e-08,258.45700368291443,0.29254133600395515,0.044751092909309925,662.3379686951332
ES617,Hydrorun-of-the-river,2020-2025,15.350996681567196,45.9569966815672,0.487674577708646,12603091.227362825,196.32963639710343
ES617,Hydrorun-of-the-river,2025-2030,2.6476742638015563e-08,45.95699665765394,0.48560634923392065,0.009400227534677837,195.49700206962615
ES617,Lignite,2020-2025,4.1811864182719074e-05,4.1811864182719074e-05,0.10752808930029009,50.36912914436721,3.938452082310291e-05
ES617,Lignite,2025-2030,2.5541257693166473e-05,6.732789070052756e-05,0.09082617220259427,13.289591198822354,5.356857905047904e-05
ES617,Solar,2020-2025,7.340935752608857e-06,180.87900734093574,0.17249716552423133,2.164553067110243,273.3217767657367
ES617,Solar,2025-2030,941.1109455261404,1115.363907916077,0.17547202191987085,99410821.67037497,1714.4648024627065
ES617,Waste,2020-2025,0.0005654188164111831,0.0005654188164111831,0.5592974875469577,986.509971700543,0.0027702389532516013
ES617,Waste,2025-2030,0.00013396941111368574,0.0006993377651741203,0.5872746437689665,98.31296497372969,0.003597761231391315
ES617,Windonshore,2020-2025,2.6466784674994415e-07,710.0070002646678,0.15681569642082438,0.23960326186895856,975.3405217610378
ES617,Windonshore,2025-2030,5.665276707349454e-06,568.3557548346679,0.1766673134117724,1.963739573501613,879.5905861943452
ES618,BioCCS,2020-2025,0.001672304116753364,0.001672304116753364,0.7603688029312239,1655.166728285386,0.011138934623480137
ES618,BioCCS,2025-2030,5.323395135126972e-06,0.0016776022807132433,0.7125167531131034,-0.5246099009032384,0.010471000835403933
ES618,CoalCCS,2020-2025,0.0,0.0,0,0.0,0.0
ES618,CoalCCS,2025-2030,0.0,0.0,0,0.0,0.0
ES618,GasCCS,2020-2025,1.4427700671911724e-05,1.4427700671911724e-05,0.4215120926439672,28.208315857233806,5.327350464778278e-05
ES618,GasCCS,2025-2030,1.771412749546356e-05,3.209136581696151e-05,0.4203105139324733,13.729663417402286,0.00011815784490366174
ES618,GasOCGT,2020-2025,5.459128207995847e-07,202.2590005459128,6.570096591538066e-08,0.28503066986043746,0.00011640823850028652
ES618,GasOCGT,2025-2030,2.2398410222858762e-06,173.10721428056098,0.0008220258241333003,0.50094109502556,1.2465357402258075
ES618,Hydrorun-of-the-river,2020-2025,20.098998132648646,60.169998132648644,0.4875907160004885,16501176.58800154,257.00379244811717
ES618,Hydrorun-of-the-river,2025-2030,8.809560777457066e-08,60.16999817040733,0.4856166638550632,0.03127721446737474,255.9632910749423
ES618,Lignite,2020-2025,4.184258006379082e-05,4.184258006379082e-05,0.10793941031718088,50.40613137353654,3.95642195437387e-05
ES618,Lignite,2025-2030,2.5711722629981666e-05,6.752907151837064e-05,0.09103082386435817,13.378287274451123,5.3849708652385246e-05
ES618,Solar,2020-2025,8.657741545903264e-06,2624.0010086577417,0.16899771733391936,2.5528272755653423,3884.6235833267183
ES618,Solar,2025-2030,9864.552770468286,12392.43013799398,0.17202268157712117,1042006047.1985955,18674.38459709099
ES618,Waste,2020-2025,0.0007896446143476287,0.0007896446143476287,0.5587532143540171,1377.726144838922,0.003865056246225301
ES618,Waste,2025-2030,8.961540263946967e-05,0.0008792095546363064,0.5886334474330479,65.76393721193895,0.0045335816441759895
ES618,Windonshore,2020-2025,6.492319357676024e-07,182.46000064923194,0.18627430884494925,0.5877483473328199,297.73146809199216
ES618,Windonshore,2025-2030,1.638114628113512e-06,146.0579845870595,0.18945490639392898,0.5678152519867653,242.4014797507184
ES620,BioCCS,2020-2025,0.0008291651107478882,0.0008291651107478882,0.7516338655177273,820.6680171483296,0.0054594823375323275
ES620,BioCCS,2025-2030,2.757995145105222e-06,0.0008318978747175875,0.706495971412135,-0.2717948833476463,0.005148536674721172
ES620,CoalCCS,2020-2025,0.0,0.0,0,0.0,0.0
ES620,CoalCCS,2025-2030,0.0,0.0,0,0.0,0.0
ES620,GasCCGT,2020-2025,1.0942645358668533e-07,3078.8330001094264,0.09912426954029242,0.0739531759827461,2673.4387522301695
ES620,GasCCGT,2025-2030,1.2888830376987017e-07,2579.277222772514,0.13634336655696686,0.03663481891956237,3080.605896967803
ES620,GasCCS,2020-2025,1.4348359219362962e-05,1.4348359219362962e-05,0.42032904474411087,28.053191433393746,5.2831841409045034e-05
ES620,GasCCS,2025-2030,1.7737001694433662e-05,3.20348985632249e-05,0.4197904847205396,13.747392490024271,0.00011780400341946614
ES620,GasOCGT,2020-2025,2.912819922606909e-06,281.89400291281993,4.68803378556385e-08,1.5208344301338061,0.00011576590620123441
ES620,GasOCGT,2025-2030,1.7065171778144576e-06,241.26434528712667,0.0008062847418915666,0.38166306234621417,1.704063180819028
ES620,Lignite,2020-2025,4.180913392949505e-05,4.180913392949505e-05,0.10753669499356969,50.3658401143293,3.9385100889895576e-05
ES620,Lignite,2025-2030,2.58679078762725e-05,6.765181063044063e-05,0.09086100278980741,13.459553361635543,5.3846943464789264e-05
ES620,Solar,2020-2025,4644.774922745404,5812.611922745404,0.17412148815677306,1369561339.8458521,8866.001589460153
ES620,Solar,2025-2030,3.7101107423681435e-06,5769.831171043206,0.17380745049247584,0.39190401422938026,8784.875295552669
ES620,Waste,2020-2025,0.00043509527551607624,0.00043509527551607624,0.5590885266523846,759.1290128276584,0.002130929362505262
ES620,Waste,2025-2030,0.00032407673618334813,0.0007591215493488032,0.5892892641028721,237.8225338779545,0.003918717489620216
ES620,Windonshore,2020-2025,8.198853720386978e-07,279.64000081988536,0.15660441500681163,0.7422405551389785,383.62544257030504
ES620,Windonshore,2025-2030,5.6369159277871825e-06,223.8499143265088,0.17887279006983556,1.9539089530326186,350.75617049648866
EU,Bio,2020-2025,18515.144610344534,47045.90461034453,0.150631460410086,23489050651.22295,62078.55746366392
EU,Bio,2025-2030,2.684224360377406e-06,42465.812927965,0.08704619795788225,1.4234774576516531,32381.231013073
EU,BioCCS,2020-2025,8119.825969333484,8119.825969333484,0.7848803149269549,8036615857.886173,55828.28210031251
EU,BioCCS,2025-2030,22240.625982565998,30360.45194876096,0.6943830941480577,-2191769030.2096357,184676.4327798897
EU,Coal,2020-2025,0.0,51086.85,0.009700827094195407,0.0,4341.321960060984
EU,Coal,2025-2030,7.885054940734886e-12,40464.14301152676,0.002439730860049227,3.6906317409736557e-06,864.8013774526471
EU,CoalCCS,2020-2025,0.0,0.0,0,0.0,0.0
EU,CoalCCS,2025-2030,6.026054613060966e-08,6.024197713940525e-08,0.7327123395018933,0.06565620313067547,3.8666675045284967e-07
EU,GasCCGT,2020-2025,0.002128512714523715,110704.71412851271,0.23284003672920273,1438.502941466414,225802.04980510258
EU,GasCCGT,2025-2030,56555.98778410972,149298.31861129418,0.23129282488711178,16075301720.063345,302497.07759551966
EU,GasCCS,2020-2025,1.3951835039645963e-05,1.3951835039645963e-05,0.4259434723644917,27.277927268933812,5.205799122875592e-05
EU,GasCCS,2025-2030,1.3429845651089765e-05,2.7331221535098632e-05,0.4252856812484762,10.409051226731114,0.00010182253600838885
EU,GasOCGT,2020-2025,4.946214553747931e-06,23504.428004946214,0.02614876648470537,2.58250547305939,5383.999361499287
EU,GasOCGT,2025-2030,0.0007319698329291358,20116.712425634018,0.020246962743435175,163.70526567952015,3567.968384539384
EU,Geo,2020-2025,1088.1499993836628,1172.0999993836629,0.8999996470382734,1924832558.231423,9240.832771072413
EU,Geo,2025-2030,1.2531520634770661e-08,1172.0999993460302,0.8951571080359522,0.009604707603447038,9191.111536713375
EU,Hydroregulated,2020-2025,0.0,65822.3,0.32848770335489613,0.0,189407.10953126274
EU,Hydroregulated,2025-2030,0.0,65822.3,0.32366766225878346,0.0,186627.8576977473
EU,Hydrorun-of-the-river,2020-2025,14105.253403449387,47830.593403449384,0.4416134655202687,11580342248.539522,185034.27481050428
EU,Hydrorun-of-the-river,2025-2030,2.437170354482792e-08,47830.593403423685,0.4469477826452929,0.008652860431560544,187269.3323389942
EU,Lignite,2020-2025,6.547279193644466e-07,52316.560000654725,0.001114725445102296,0.7887253000912731,510.87094154464825
EU,Lignite,2025-2030,1.5512222374764368e-05,32369.450746319915,0.0007886615288090953,8.071297679322939,223.6300148877776
EU,LigniteCCS,2020-2025,1.6056296788157723e-05,1.6056296788157723e-05,0.3986524857717084,41.116278364675914,5.607173181153308e-05
EU,LigniteCCS,2025-2030,5.490102109816133e-06,2.1521167021312927e-05,0.39248896968819336,6.67821663050156,7.399414907517995e-05
EU,Nuclear,2020-2025,1.1688569365357983e-06,35259.60000116885,0.6082453553400025,4.109343917222036,187871.23428307954
EU,Nuclear,2025-2030,2490.0000003511514,32384.617700882187,0.6378789448642985,3823607891.8525577,180959.40013531997
EU,Oil,2020-2025,2.391227703029983e-07,9464.140000239122,0.002244611249056815,1.197964762385126,186.09144033894378
EU,Oil,2025-2030,2.9922387639890644e-07,7460.530140059571,0.0006154900885589589,0.6583575383114746,40.22488944383392
EU,Solar,2020-2025,203190.50922309957,370320.2692230996,0.12397196520774845,59912885055.59364,402165.7442190082
EU,Solar,2025-2030,226864.20732065575,591062.100431938,0.13218231937447739,23963972966.796463,684400.923725928
EU,Waste,2020-2025,129.74999854734688,4777.499998547347,0.5560649767004607,226380275.43463454,23271.819726317244
EU,Waste,2025-2030,3.692344482424689e-08,4777.499998533825,0.6348705159142103,0.02709613565917059,26569.902466320047
EU,Wave,2020-2025,1755.99999902173,1763.99999902173,0.45999983579733644,3037815932.3251143,7108.211858693358
EU,Wave,2025-2030,2.3091649651637108e-07,1763.9999992021844,0.4575490351145816,0.13920142115562895,7070.340518775217
EU,Windoffshorefloating,2020-2025,7.792277006628461e-05,7.792277006628461e-05,0.2422579187252323,179.69270619232626,0.00016536609493465065
EU,Windoffshorefloating,2025-2030,5.28724771623724e-05,0.00013069432252616118,0.24022971993889977,47.83959539304655,0.0002750347459630405
EU,Windoffshoregrounded,2020-2025,237701.29634340832,281304.1963434083,0.3483251003450945,297900185785.56714,858351.3367888059
EU,Windoffshoregrounded,2025-2030,7.428145022990599e-05,281304.1964175888,0.33052064232103917,36.57513004213839,814477.1507029001
EU,Windonshore,2020-2025,3.822313569973904e-05,148146.01003822315,0.23880640843823828,34.60332679235523,309913.17725554475
EU,Windonshore,2025-2030,6.376624585434876e-06,118589.86815946076,0.2318724956289489,2.210312168430749,240880.10329323375
France,Bio,2020-2025,3.090605105171562e-06,1402.7100030906051,0.05831612081748225,3.92086485880016,716.5733086661942
France,Bio,2025-2030,2.841753051348509e-06,1177.5305712126128,0.040189074478327015,1.5070168755337003,414.5570471242646
France,BioCCS,2020-2025,2133.1999845549994,2133.1999845549994,0.7570801307219197,2111339441.0994365,14147.429110907013
France,BioCCS,2025-2030,9422.999960554296,11556.199947190298,0.7035533519542607,-928617724.2222881,71222.3321082066
France,Coal,2020-2025,0.0,1812.46,0.0018846627399883389,0.0,29.923072268340814
France,Coal,2025-2030,1.461636913398917e-09,1435.5874484855528,0.0012835398511134271,0.0006841250475632135,16.141471211031593
France,CoalCCS,2020-2025,0.0,0.0,0,0.0,0.0
France,CoalCCS,2025-2030,9.106116510411798e-08,6.575311771047671e-08,0.7276970182018682,0.09921467257255773,4.1915152581161783e-07
France,GasCCGT,2020-2025,2.89404755748253e-07,10506.632000289404,0.05852276022693735,0.19558708274448167,5386.323442827485
France,GasCCGT,2025-2030,2.387657249267695e-05,8801.879373777172,0.06655382858479848,6.78660424650187,5131.597234542028
France,GasCCS,2020-2025,1.5352058960562403e-05,1.5352058960562403e-05,0.3981002232858077,30.015574765943583,5.353812495684763e-05
France,GasCCS,2025-2030,1.9928052665014574e-05,3.52296492767362e-05,0.39629297321078316,15.445607226491102,0.00012230065912376614
France,GasOCGT,2020-2025,1.3694764699309318e-06,2626.6580013694766,0.008895441822235572,0.7150277126864241,204.67988291768344
France,GasOCGT,2025-2030,1089.9010528920505,3337.9762548295985,0.006523653042192411,243756686.95810243,190.7559987983667
France,Geo,2020-2025,0.14999516581305872,1.9999951658130588,0.8999745183797777,265327.00353611837,15.767515450362927
France,Geo,2025-2030,3.428431909291359e-08,1.9999951497068749,0.8999466480820846,0.02627700738544392,15.76702703695395
France,Hydroregulated,2020-2025,0.0,8787.34,0.1802060980845426,0.0,13871.742544533929
France,Hydroregulated,2025-2030,0.0,8787.34,0.18651420251807357,0.0,14357.322120231265
France,Hydrorun-of-the-river,2020-2025,0.0,11598.12,0.5692231375733319,0.0,57832.80392564369
France,Hydrorun-of-the-river,2025-2030,0.0,11598.12,0.5864931241327712,0.0,59587.42646391314
France,Nuclear,2020-2025,3.4291275369469076e-05,61370.000034291275,0.6731130418811397,120.557648629737,361866.37925314467
France,Nuclear,2025-2030,6.245523802447286e-05,52032.147035769485,0.6641798755742595,95.90535781695866,302734.2553101311
France,Oil,2020-2025,1.3821136235492304e-08,3042.470000013821,5.073604727805692e-05,0.06924156225383268,1.3522190194418757
France,Oil,2025-2030,1.7074336162110678e-07,2398.3625702043564,0.0009481724049778272,0.37567249175677275,19.920776166307334
France,Solar,2020-2025,2.019489329541102e-06,17419.30000201949,0.13719639593671873,0.5954679307336411,20935.218976953765
France,Solar,2025-2030,9999.717406375768,26780.90540348937,0.14211670118944195,1056283670.448241,33340.68203389912
France,Waste,2020-2025,0.0,967.67,0.27896824739318465,0.0,2364.7550266454728
France,Waste,2025-2030,0.0,967.67,0.3262821177879973,0.0,2765.8247322184457
France,Wave,2020-2025,4.654040395735137e-06,243.0900046540404,0.45999977787710417,8.051320086403898,979.555009750228
France,Wave,2025-2030,1.2820971935927226e-06,243.0900058856752,0.45999950287673963,0.7728757109178542,979.5544291086217
France,Windoffshorefloating,2020-2025,7.921128390036789e-05,7.921128390036789e-05,0.2962510651887216,182.6640653677729,0.0002055659025387438
France,Windoffshorefloating,2025-2030,4.407021031788247e-05,0.00012307964481386046,0.331763706504174,39.87520811667912,0.00035770022622989237
France,Windoffshoregrounded,2020-2025,12310.406675316766,13793.406675316766,0.45416879676651445,15428070827.071226,54877.32583822872
France,Windoffshoregrounded,2025-2030,21510.251769905328,35303.658445020235,0.4815192548253555,10591342162.658535,148914.6678498017
France,Windonshore,2020-2025,4.421352059580386e-06,22134.060004421353,0.24948829420959578,4.0026410021289145,48374.37454005856
France,Windonshore,2025-2030,4.174072004964158e-08,17718.163701337224,0.2522185636453244,0.01446847312534585,39147.12424085189
Italy,Bio,2020-2025,4.0359500417253e-06,1543.00000403595,0.14824486143450866,5.120167136200774,2003.778358895776
Italy,Bio,2025-2030,1.5607782032025184e-07,1295.2995759028674,0.0787663473931843,0.08277000318782807,893.7479034345736
Italy,BioCCS,2020-2025,1112.7999864981487,1112.7999864981487,0.8000870623821918,1101396267.8415186,7799.351000614304
Italy,BioCCS,2025-2030,3204.299962965535,4317.099949099338,0.7346761387989927,-315777326.9437203,27783.83201558353
Italy,Coal,2020-2025,0.0,5583.0,0.0005647658301363061,0.0,27.621047635742777
Italy,Coal,2025-2030,7.888112097396921e-08,4422.102956768261,0.0006403205429449787,0.03692062655469349,24.804495088231278
Italy,CoalCCS,2020-2025,0.0,0.0,0,0.0,0.0
Italy,CoalCCS,2025-2030,3.6707199279285165e-08,1.0764137322027673e-08,2.3499067394944113,0.03999391786153646,2.2158173701979368e-07
Italy,GasCCGT,2020-2025,1.13262978644448e-05,36125.6000113263,0.29261506732636733,7.6545997037064355,92601.0391445929
Italy,GasCCGT,2025-2030,2.5742847418753406e-05,30264.04398880321,0.26734035085539537,7.317068547537334,70875.4092112429
Italy,GasCCS,2020-2025,1.3568612229674404e-05,1.3568612229674404e-05,0.4427179450232522,26.528669274663123,5.262191675869597e-05
Italy,GasCCS,2025-2030,1.5467832633834204e-05,2.8985982514632425e-05,0.44987143233828536,11.988630877453062,0.00011423009753113015
Italy,GasOCGT,2020-2025,5.187012367005891e-06,9031.400005187012,0.0066383912704542055,2.7082302397232643,525.1967505206595
Italy,GasOCGT,2025-2030,1.6160767508878369e-06,7729.695447386553,0.006701394480317863,0.361436034602538,453.7657084335332
Italy,Geo,2020-2025,0.0,868.0,0.8491079687447394,0.0,6456.345279784974
Italy,Geo,2025-2030,0.0,868.0,0.8516935926559186,0.0,6476.005536605936
Italy,Hydroregulated,2020-2025,7.265043677762151e-09,4542.000000007265,0.17498442586396692,0.008036770050060251,6962.266337532568
Italy,Hydroregulated,2025-2030,1.3457488995938498e-08,4541.999999970259,0.17811659957140114,0.00654005446956322,7086.889014372579
Italy,Hydrorun-of-the-river,2020-2025,534.9999988347863,10825.999998834786,0.40045794333040186,439232313.8242939,37977.7333996879
Italy,Hydrorun-of-the-river,2025-2030,1.5180368945283693e-08,10825.999998799736,0.3991438563702122,0.005389595090943537,37853.11096400301
Italy,Nuclear,2020-2025,615.5307019013921,615.5307019013921,0.6760369892006663,2164017910.7106905,3645.224536872145
Italy,Nuclear,2025-2030,5.553702330719181e-07,615.5307024063001,0.6665516298695683,0.8528184762145831,3594.079018011444
Italy,Oil,2020-2025,3.5652192309498787e-10,1564.0000000003565,2.7400088256653046e-05,0.001786114724015557,0.37539874517271665
Italy,Oil,2025-2030,9.164982690360012e-08,1232.892702229957,0.00039653127949282205,0.20164953129103788,4.282593361267235
Italy,Solar,2020-2025,95303.84854998057,101230.84854998057,0.14984823032647188,28101354464.6482,132882.74834463684
Italy,Solar,2025-2030,43017.17757360114,144030.90546687355,0.1502337686607223,4543962631.463557,189551.55821148423
Italy,Waste,2020-2025,0.0,670.0,0.7194912034694992,0.0,4222.837771403182
Italy,Waste,2025-2030,0.0,670.0,0.698270141968156,0.0,4098.287117239514
Italy,Windonshore,2020-2025,5697.515248849453,17348.515248849453,0.17217152059077676,5157948934.6215725,26165.421393387292
Italy,Windonshore,2025-2030,1.9390217957461148e-07,15024.06108971445,0.16165991160254145,0.06721178913024863,21276.186276027955
Portugal,Bio,2020-2025,1.927886614794261e-06,681.0000019278866,0.06583115349806802,2.4457938243386197,392.7196971737106
Portugal,Bio,2025-2030,2.096803553708997e-06,571.6779095927936,0.057459932311838366,1.1119609209600403,287.75350814692337
Portugal,BioCCS,2020-2025,226.39998526766732,226.39998526766732,0.7500010715961613,224079890.22167233,1487.4500284665316
Portugal,BioCCS,2025-2030,398.9999688318089,625.3999540724413,0.7115203242534757,-39320645.714994036,3898.066656241244
Portugal,Coal,2020-2025,0.0,0.0,0,0.0,0.0
Portugal,Coal,2025-2030,0.0,0.0,0,0.0,0.0
Portugal,CoalCCS,2020-2025,0.0,0.0,0,0.0,0.0
Portugal,CoalCCS,2025-2030,0.0,0.0,0,0.0,0.0
Portugal,GasCCGT,2020-2025,1.9688503541933044e-06,3546.1600019688503,0.11647508320313672,1.330599064073716,3618.2241040211884
Portugal,GasCCGT,2025-2030,1.9241328260138903e-06,2970.7781252016593,0.12810686897862256,0.5469096543008658,3333.8552562759573
Portugal,GasCCS,2020-2025,1.4439163120476135e-05,1.4439163120476135e-05,0.42181825773947385,28.230726661072545,5.3354555044890763e-05
Portugal,GasCCS,2025-2030,1.8146011750975554e-05,3.2534712521022426e-05,0.42283729735967046,14.064403328525403,0.00012051035563580318
Portugal,GasOCGT,2020-2025,9.432413599862447e-07,886.5400009432414,1.5441538806805402e-08,0.49248287718022016,0.00011992038641634874
Portugal,GasOCGT,2025-2030,5.424057440085453e-06,758.7621247198641,0.0009201190530704988,1.213092021479705,6.115807032278284
Portugal,Geo,2020-2025,0.0,0.0,0,0.0,0.0
Portugal,Geo,2025-2030,0.0,0.0,0,0.0,0.0
Portugal,Hydroregulated,2020-2025,4.765979610965587e-09,1629.000000004766,0.1318398605197093,0.0052722438977000794,1881.360083216178
Portugal,Hydroregulated,2025-2030,1.1785771004771737e-08,1628.99999996609,0.1412031671088395,0.005727634951830078,2014.9748427278769
Portugal,Hydrorun-of-the-river,2020-2025,2.940123522421345e-07,2855.5000002940124,0.23690563963311234,0.2413826655130812,5926.00031340798
Portugal,Hydrorun-of-the-river,2025-2030,0.599985795334113,2856.099985685648,0.24483451083369082,213017.25332395453,6125.6213436941225
Portugal,Nuclear,2020-2025,9.625564815426132e-05,9.625564815426132e-05,0.5730492556664212,338.4054539756448,0.0004831948331495576
Portugal,Nuclear,2025-2030,1.3909792986395912e-06,9.759616510186669e-05,0.5591434791078379,2.135967639731658,0.00047803547149113246
Portugal,Oil,2020-2025,1.5337537340698032e-05,1.5337537340698032e-05,0.17454329818331568,76.8384761210335,2.3451083736267455e-05
Portugal,Oil,2025-2030,5.27745993982149e-06,2.058976610521457e-05,0.17999185912966092,11.611558463624656,3.2464474855624405e-05
Portugal,Solar,2020-2025,16713.790004366838,18524.590004366837,0.16861282874763947,4928238937.948978,27361.71565295255
Portugal,Solar,2025-2030,3388.781838998954,21847.037764405428,0.1669559017169694,357961607.6914208,31952.028954656696
Portugal,Waste,2020-2025,0.0,0.0,0,0.0,0.0
Portugal,Waste,2025-2030,0.0,0.0,0,0.0,0.0
Portugal,Wave,2020-2025,0.005170841422791456,0.005170841422791456,0.43416456509026513,8945.367008219551,0.019666165989098438
Portugal,Wave,2025-2030,299.9948257547898,299.9999965457503,0.457417837473793,180843320.91640502,1202.0940630400135
Portugal,Windonshore,2020-2025,4076.861302566743,9409.661302566743,0.23740625857368977,3690774222.3981686,19569.07336236289
Portugal,Windonshore,2025-2030,5.282064921390567e-05,8345.731294264351,0.25292766086523205,18.309079064899286,18491.188739540197
