Date,Exp
02/07/2030 00:00,0.0
02/07/2030 01:00,0.0
02/07/2030 02:00,0.0
02/07/2030 03:00,0.0
02/07/2030 04:00,0.0
02/07/2030 05:00,0.0
02/07/2030 06:00,0.0
02/07/2030 07:00,0.0
02/07/2030 08:00,0.0
02/07/2030 09:00,0.0
02/07/2030 10:00,0.0
02/07/2030 11:00,0.0
02/07/2030 12:00,0.0
02/07/2030 13:00,0.0
02/07/2030 14:00,193.27468387089726
02/07/2030 15:00,51.358594932445975
02/07/2030 16:00,0.0
02/07/2030 17:00,0.0
02/07/2030 18:00,0.0
02/07/2030 19:00,0.0
02/07/2030 20:00,0.0
02/07/2030 21:00,0.0
02/07/2030 22:00,0.0
02/07/2030 23:00,0.0
03/07/2030 00:00,0.0
03/07/2030 01:00,0.0
03/07/2030 02:00,0.0
03/07/2030 03:00,0.0
03/07/2030 04:00,0.0
03/07/2030 05:00,0.0
03/07/2030 06:00,0.0
03/07/2030 07:00,0.0
03/07/2030 08:00,0.0
03/07/2030 09:00,0.0
03/07/2030 10:00,0.0
03/07/2030 11:00,0.0
03/07/2030 12:00,0.0
03/07/2030 13:00,0.0
03/07/2030 14:00,0.0
03/07/2030 15:00,0.0
03/07/2030 16:00,0.0
03/07/2030 17:00,0.0
03/07/2030 18:00,0.0
03/07/2030 19:00,0.0
03/07/2030 20:00,0.0
03/07/2030 21:00,0.0
03/07/2030 22:00,0.0
03/07/2030 23:00,0.0
04/07/2030 00:00,0.0
04/07/2030 01:00,0.0
04/07/2030 02:00,0.0
04/07/2030 03:00,0.0
04/07/2030 04:00,0.0
04/07/2030 05:00,0.0
04/07/2030 06:00,0.0
04/07/2030 07:00,0.0
04/07/2030 08:00,0.0
04/07/2030 09:00,0.0
04/07/2030 10:00,0.0
04/07/2030 11:00,0.0
04/07/2030 12:00,0.0
04/07/2030 13:00,0.0
04/07/2030 14:00,0.0
04/07/2030 15:00,0.0
04/07/2030 16:00,0.0
04/07/2030 17:00,0.0
04/07/2030 18:00,0.0
04/07/2030 19:00,0.0
04/07/2030 20:00,0.0
04/07/2030 21:00,0.0
04/07/2030 22:00,0.0
04/07/2030 23:00,0.0
05/07/2030 00:00,0.0
05/07/2030 01:00,0.0
05/07/2030 02:00,0.0
05/07/2030 03:00,0.0
05/07/2030 04:00,0.0
05/07/2030 05:00,0.0
05/07/2030 06:00,0.0
05/07/2030 07:00,0.0
05/07/2030 08:00,0.0
05/07/2030 09:00,0.0
05/07/2030 10:00,0.0
05/07/2030 11:00,0.0
05/07/2030 12:00,0.0
05/07/2030 13:00,0.0
05/07/2030 14:00,0.0
05/07/2030 15:00,0.0
05/07/2030 16:00,0.0
05/07/2030 17:00,0.0
05/07/2030 18:00,0.0
05/07/2030 19:00,0.0
05/07/2030 20:00,0.0
05/07/2030 21:00,0.0
05/07/2030 22:00,0.0
05/07/2030 23:00,0.0
06/07/2030 00:00,0.0
06/07/2030 01:00,0.0
06/07/2030 02:00,0.0
06/07/2030 03:00,0.0
06/07/2030 04:00,0.0
06/07/2030 05:00,0.0
06/07/2030 06:00,0.0
06/07/2030 07:00,0.0
06/07/2030 08:00,0.0
06/07/2030 09:00,0.0
06/07/2030 10:00,0.0
06/07/2030 11:00,0.0
06/07/2030 12:00,0.0
06/07/2030 13:00,0.0
06/07/2030 14:00,0.0
06/07/2030 15:00,0.0
06/07/2030 16:00,0.0
06/07/2030 17:00,0.0
06/07/2030 18:00,0.0
06/07/2030 19:00,0.0
06/07/2030 20:00,0.0
06/07/2030 21:00,0.0
06/07/2030 22:00,0.0
06/07/2030 23:00,0.0
07/07/2030 00:00,0.0
07/07/2030 01:00,0.0
07/07/2030 02:00,0.0
07/07/2030 03:00,0.0
07/07/2030 04:00,0.0
07/07/2030 05:00,0.0
07/07/2030 06:00,0.0
07/07/2030 07:00,0.0
07/07/2030 08:00,0.0
07/07/2030 09:00,0.0
07/07/2030 10:00,0.0
07/07/2030 11:00,0.0
07/07/2030 12:00,0.0
07/07/2030 13:00,0.0
07/07/2030 14:00,0.0
07/07/2030 15:00,0.0
07/07/2030 16:00,0.0
07/07/2030 17:00,0.0
07/07/2030 18:00,0.0
07/07/2030 19:00,0.0
07/07/2030 20:00,0.0
07/07/2030 21:00,0.0
07/07/2030 22:00,0.0
07/07/2030 23:00,0.0
08/07/2030 00:00,0.0
08/07/2030 01:00,0.0
08/07/2030 02:00,0.0
08/07/2030 03:00,0.0
08/07/2030 04:00,0.0
08/07/2030 05:00,0.0
08/07/2030 06:00,0.0
08/07/2030 07:00,0.0
08/07/2030 08:00,0.0
08/07/2030 09:00,0.0
08/07/2030 10:00,0.0
08/07/2030 11:00,0.0
08/07/2030 12:00,0.0
08/07/2030 13:00,0.0
08/07/2030 14:00,0.0
08/07/2030 15:00,65.67687747035573
08/07/2030 16:00,99.33794466403162
08/07/2030 17:00,105.0296442687747
08/07/2030 18:00,124.59486166007905
08/07/2030 19:00,138.33498023715416
08/07/2030 20:00,94.8913043478261
08/07/2030 21:00,0.0
08/07/2030 22:00,0.0
08/07/2030 23:00,0.0
09/07/2030 00:00,502.7277272727273
09/07/2030 01:00,0.0
09/07/2030 02:00,0.0
09/07/2030 03:00,0.0
09/07/2030 04:00,0.0
09/07/2030 05:00,0.0
09/07/2030 06:00,0.0
09/07/2030 07:00,0.0
09/07/2030 08:00,0.0
09/07/2030 09:00,0.0
09/07/2030 10:00,0.0
09/07/2030 11:00,0.0
09/07/2030 12:00,0.0
09/07/2030 13:00,0.0
09/07/2030 14:00,0.0
09/07/2030 15:00,0.0
09/07/2030 16:00,0.0
09/07/2030 17:00,0.0
09/07/2030 18:00,0.0
09/07/2030 19:00,0.0
09/07/2030 20:00,0.0
09/07/2030 21:00,0.0
09/07/2030 22:00,0.0
09/07/2030 23:00,0.0
10/07/2030 00:00,0.0
10/07/2030 01:00,0.0
10/07/2030 02:00,0.0
10/07/2030 03:00,0.0
10/07/2030 04:00,0.0
10/07/2030 05:00,0.0
10/07/2030 06:00,0.0
10/07/2030 07:00,0.0
10/07/2030 08:00,0.0
10/07/2030 09:00,0.0
10/07/2030 10:00,0.0
10/07/2030 11:00,0.0
10/07/2030 12:00,0.0
10/07/2030 13:00,0.0
10/07/2030 14:00,0.0
10/07/2030 15:00,0.0
10/07/2030 16:00,0.0
10/07/2030 17:00,0.0
10/07/2030 18:00,0.0
10/07/2030 19:00,0.0
10/07/2030 20:00,0.0
10/07/2030 21:00,0.0
10/07/2030 22:00,0.0
10/07/2030 23:00,0.0
11/07/2030 00:00,0.0
11/07/2030 01:00,0.0
11/07/2030 02:00,0.0
11/07/2030 03:00,0.0
11/07/2030 04:00,0.0
11/07/2030 05:00,0.0
11/07/2030 06:00,0.0
11/07/2030 07:00,0.0
11/07/2030 08:00,0.0
11/07/2030 09:00,0.0
11/07/2030 10:00,0.0
11/07/2030 11:00,0.0
11/07/2030 12:00,0.0
11/07/2030 13:00,0.0
11/07/2030 14:00,0.0
11/07/2030 15:00,0.0
11/07/2030 16:00,0.0
11/07/2030 17:00,0.0
11/07/2030 18:00,0.0
11/07/2030 19:00,0.0
11/07/2030 20:00,0.0
11/07/2030 21:00,0.0
11/07/2030 22:00,0.0
11/07/2030 23:00,0.0
12/07/2030 00:00,0.0
12/07/2030 01:00,0.0
12/07/2030 02:00,0.0
12/07/2030 03:00,0.0
12/07/2030 04:00,0.0
12/07/2030 05:00,0.0
12/07/2030 06:00,0.0
12/07/2030 07:00,0.0
12/07/2030 08:00,0.0
12/07/2030 09:00,0.0
12/07/2030 10:00,0.0
12/07/2030 11:00,0.0
12/07/2030 12:00,0.0
12/07/2030 13:00,0.0
12/07/2030 14:00,0.0
12/07/2030 15:00,0.0
12/07/2030 16:00,0.0
12/07/2030 17:00,0.0
12/07/2030 18:00,0.0
12/07/2030 19:00,0.0
12/07/2030 20:00,0.0
12/07/2030 21:00,0.0
12/07/2030 22:00,0.0
12/07/2030 23:00,0.0
13/07/2030 00:00,0.0
13/07/2030 01:00,0.0
13/07/2030 02:00,0.0
13/07/2030 03:00,0.0
13/07/2030 04:00,0.0
13/07/2030 05:00,0.0
13/07/2030 06:00,0.0
13/07/2030 07:00,0.0
13/07/2030 08:00,0.0
13/07/2030 09:00,0.0
13/07/2030 10:00,0.0
13/07/2030 11:00,0.0
13/07/2030 12:00,0.0
13/07/2030 13:00,0.0
13/07/2030 14:00,0.0
13/07/2030 15:00,0.0
13/07/2030 16:00,0.0
13/07/2030 17:00,0.0
13/07/2030 18:00,0.0
13/07/2030 19:00,0.0
13/07/2030 20:00,0.0
13/07/2030 21:00,0.0
13/07/2030 22:00,0.0
13/07/2030 23:00,0.0
14/07/2030 00:00,0.0
14/07/2030 01:00,0.0
14/07/2030 02:00,0.0
14/07/2030 03:00,0.0
14/07/2030 04:00,0.0
14/07/2030 05:00,0.0
14/07/2030 06:00,0.0
14/07/2030 07:00,0.0
14/07/2030 08:00,0.0
14/07/2030 09:00,0.0
14/07/2030 10:00,0.0
14/07/2030 11:00,0.0
14/07/2030 12:00,0.0
14/07/2030 13:00,0.0
14/07/2030 14:00,0.0
14/07/2030 15:00,0.0
14/07/2030 16:00,0.0
14/07/2030 17:00,0.0
14/07/2030 18:00,0.0
14/07/2030 19:00,0.0
14/07/2030 20:00,0.0
14/07/2030 21:00,0.0
14/07/2030 22:00,0.0
14/07/2030 23:00,0.0
15/07/2030 00:00,0.0
15/07/2030 01:00,0.0
15/07/2030 02:00,0.0
15/07/2030 03:00,0.0
15/07/2030 04:00,0.0
15/07/2030 05:00,0.0
15/07/2030 06:00,0.0
15/07/2030 07:00,0.0
15/07/2030 08:00,0.0
15/07/2030 09:00,0.0
15/07/2030 10:00,0.0
15/07/2030 11:00,0.0
15/07/2030 12:00,0.0
15/07/2030 13:00,0.0
15/07/2030 14:00,0.0
15/07/2030 15:00,0.0
15/07/2030 16:00,0.0
15/07/2030 17:00,0.0
15/07/2030 18:00,0.0
15/07/2030 19:00,0.0
15/07/2030 20:00,0.0
15/07/2030 21:00,0.0
15/07/2030 22:00,0.0
15/07/2030 23:00,0.0
16/07/2030 00:00,502.7277272727273
16/07/2030 01:00,0.0
16/07/2030 02:00,0.0
16/07/2030 03:00,0.0
16/07/2030 04:00,0.0
16/07/2030 05:00,0.0
16/07/2030 06:00,0.0
16/07/2030 07:00,0.0
16/07/2030 08:00,0.0
16/07/2030 09:00,0.0
16/07/2030 10:00,0.0
16/07/2030 11:00,0.0
16/07/2030 12:00,0.0
16/07/2030 13:00,0.0
16/07/2030 14:00,0.0
16/07/2030 15:00,0.0
16/07/2030 16:00,0.0
16/07/2030 17:00,0.0
16/07/2030 18:00,0.0
16/07/2030 19:00,0.0
16/07/2030 20:00,0.0
16/07/2030 21:00,0.0
16/07/2030 22:00,0.0
16/07/2030 23:00,0.0
17/07/2030 00:00,0.0
17/07/2030 01:00,0.0
17/07/2030 02:00,0.0
17/07/2030 03:00,0.0
17/07/2030 04:00,0.0
17/07/2030 05:00,0.0
17/07/2030 06:00,0.0
17/07/2030 07:00,0.0
17/07/2030 08:00,0.0
17/07/2030 09:00,0.0
17/07/2030 10:00,0.0
17/07/2030 11:00,0.0
17/07/2030 12:00,0.0
17/07/2030 13:00,0.0
17/07/2030 14:00,0.0
17/07/2030 15:00,0.0
17/07/2030 16:00,0.0
17/07/2030 17:00,0.0
17/07/2030 18:00,0.0
17/07/2030 19:00,0.0
17/07/2030 20:00,0.0
17/07/2030 21:00,0.0
17/07/2030 22:00,0.0
17/07/2030 23:00,0.0
18/07/2030 00:00,0.0
18/07/2030 01:00,0.0
18/07/2030 02:00,0.0
18/07/2030 03:00,0.0
18/07/2030 04:00,0.0
18/07/2030 05:00,0.0
18/07/2030 06:00,0.0
18/07/2030 07:00,0.0
18/07/2030 08:00,0.0
18/07/2030 09:00,0.0
18/07/2030 10:00,0.0
18/07/2030 11:00,0.0
18/07/2030 12:00,0.0
18/07/2030 13:00,0.0
18/07/2030 14:00,0.0
18/07/2030 15:00,0.0
18/07/2030 16:00,0.0
18/07/2030 17:00,0.0
18/07/2030 18:00,0.0
18/07/2030 19:00,0.0
18/07/2030 20:00,0.0
18/07/2030 21:00,0.0
18/07/2030 22:00,0.0
18/07/2030 23:00,0.0
19/07/2030 00:00,0.0
19/07/2030 01:00,0.0
19/07/2030 02:00,0.0
19/07/2030 03:00,0.0
19/07/2030 04:00,0.0
19/07/2030 05:00,0.0
19/07/2030 06:00,0.0
19/07/2030 07:00,0.0
19/07/2030 08:00,0.0
19/07/2030 09:00,0.0
19/07/2030 10:00,0.0
19/07/2030 11:00,0.0
19/07/2030 12:00,0.0
19/07/2030 13:00,0.0
19/07/2030 14:00,0.0
19/07/2030 15:00,0.0
19/07/2030 16:00,0.0
19/07/2030 17:00,0.0
19/07/2030 18:00,0.0
19/07/2030 19:00,0.0
19/07/2030 20:00,0.0
19/07/2030 21:00,0.0
19/07/2030 22:00,0.0
19/07/2030 23:00,0.0
20/07/2030 00:00,0.0
20/07/2030 01:00,0.0
20/07/2030 02:00,0.0
20/07/2030 03:00,0.0
20/07/2030 04:00,0.0
20/07/2030 05:00,0.0
20/07/2030 06:00,0.0
20/07/2030 07:00,0.0
20/07/2030 08:00,0.0
20/07/2030 09:00,0.0
20/07/2030 10:00,0.0
20/07/2030 11:00,0.0
20/07/2030 12:00,0.0
20/07/2030 13:00,0.0
20/07/2030 14:00,0.0
20/07/2030 15:00,0.0
20/07/2030 16:00,0.0
20/07/2030 17:00,0.0
20/07/2030 18:00,0.0
20/07/2030 19:00,0.0
20/07/2030 20:00,0.0
20/07/2030 21:00,0.0
20/07/2030 22:00,0.0
20/07/2030 23:00,0.0
21/07/2030 00:00,0.0
21/07/2030 01:00,0.0
21/07/2030 02:00,0.0
21/07/2030 03:00,0.0
21/07/2030 04:00,0.0
21/07/2030 05:00,0.0
21/07/2030 06:00,0.0
21/07/2030 07:00,0.0
21/07/2030 08:00,0.0
21/07/2030 09:00,0.0
21/07/2030 10:00,0.0
21/07/2030 11:00,0.0
21/07/2030 12:00,0.0
21/07/2030 13:00,0.0
21/07/2030 14:00,0.0
21/07/2030 15:00,0.0
21/07/2030 16:00,0.0
21/07/2030 17:00,0.0
21/07/2030 18:00,0.0
21/07/2030 19:00,0.0
21/07/2030 20:00,0.0
21/07/2030 21:00,0.0
21/07/2030 22:00,0.0
21/07/2030 23:00,0.0
22/07/2030 00:00,0.0
22/07/2030 01:00,0.0
22/07/2030 02:00,0.0
22/07/2030 03:00,0.0
22/07/2030 04:00,0.0
22/07/2030 05:00,0.0
22/07/2030 06:00,0.0
22/07/2030 07:00,0.0
22/07/2030 08:00,0.0
22/07/2030 09:00,0.0
22/07/2030 10:00,0.0
22/07/2030 11:00,0.0
22/07/2030 12:00,0.0
22/07/2030 13:00,0.0
22/07/2030 14:00,0.0
22/07/2030 15:00,0.0
22/07/2030 16:00,0.0
22/07/2030 17:00,0.0
22/07/2030 18:00,0.0
22/07/2030 19:00,0.0
22/07/2030 20:00,0.0
22/07/2030 21:00,0.0
22/07/2030 22:00,0.0
22/07/2030 23:00,0.0
23/07/2030 00:00,502.7277272727273
23/07/2030 01:00,0.0
23/07/2030 02:00,0.0
23/07/2030 03:00,0.0
23/07/2030 04:00,0.0
23/07/2030 05:00,0.0
23/07/2030 06:00,0.0
23/07/2030 07:00,0.0
23/07/2030 08:00,0.0
23/07/2030 09:00,0.0
23/07/2030 10:00,0.0
23/07/2030 11:00,0.0
23/07/2030 12:00,0.0
23/07/2030 13:00,0.0
23/07/2030 14:00,0.0
23/07/2030 15:00,0.0
23/07/2030 16:00,0.0
23/07/2030 17:00,0.0
23/07/2030 18:00,0.0
23/07/2030 19:00,0.0
23/07/2030 20:00,0.0
23/07/2030 21:00,0.0
23/07/2030 22:00,0.0
23/07/2030 23:00,0.0
24/07/2030 00:00,0.0
24/07/2030 01:00,0.0
24/07/2030 02:00,0.0
24/07/2030 03:00,0.0
24/07/2030 04:00,0.0
24/07/2030 05:00,0.0
24/07/2030 06:00,0.0
24/07/2030 07:00,0.0
24/07/2030 08:00,0.0
24/07/2030 09:00,0.0
24/07/2030 10:00,0.0
24/07/2030 11:00,0.0
24/07/2030 12:00,0.0
24/07/2030 13:00,0.0
24/07/2030 14:00,0.0
24/07/2030 15:00,0.0
24/07/2030 16:00,0.0
24/07/2030 17:00,0.0
24/07/2030 18:00,0.0
24/07/2030 19:00,0.0
24/07/2030 20:00,0.0
24/07/2030 21:00,0.0
24/07/2030 22:00,0.0
24/07/2030 23:00,0.0
25/07/2030 00:00,0.0
25/07/2030 01:00,0.0
25/07/2030 02:00,0.0
25/07/2030 03:00,0.0
25/07/2030 04:00,0.0
25/07/2030 05:00,0.0
25/07/2030 06:00,0.0
25/07/2030 07:00,0.0
25/07/2030 08:00,0.0
25/07/2030 09:00,0.0
25/07/2030 10:00,0.0
25/07/2030 11:00,0.0
25/07/2030 12:00,0.0
25/07/2030 13:00,0.0
25/07/2030 14:00,0.0
25/07/2030 15:00,0.0
25/07/2030 16:00,0.0
25/07/2030 17:00,0.0
25/07/2030 18:00,0.0
25/07/2030 19:00,0.0
25/07/2030 20:00,0.0
25/07/2030 21:00,0.0
25/07/2030 22:00,0.0
25/07/2030 23:00,0.0
26/07/2030 00:00,0.0
26/07/2030 01:00,0.0
26/07/2030 02:00,0.0
26/07/2030 03:00,0.0
26/07/2030 04:00,0.0
26/07/2030 05:00,0.0
26/07/2030 06:00,0.0
26/07/2030 07:00,0.0
26/07/2030 08:00,0.0
26/07/2030 09:00,0.0
26/07/2030 10:00,0.0
26/07/2030 11:00,0.0
26/07/2030 12:00,0.0
26/07/2030 13:00,0.0
26/07/2030 14:00,0.0
26/07/2030 15:00,0.0
26/07/2030 16:00,0.0
26/07/2030 17:00,0.0
26/07/2030 18:00,0.0
26/07/2030 19:00,0.0
26/07/2030 20:00,0.0
26/07/2030 21:00,0.0
26/07/2030 22:00,0.0
26/07/2030 23:00,0.0
27/07/2030 00:00,0.0
27/07/2030 01:00,0.0
27/07/2030 02:00,0.0
27/07/2030 03:00,0.0
27/07/2030 04:00,0.0
27/07/2030 05:00,0.0
27/07/2030 06:00,0.0
27/07/2030 07:00,0.0
27/07/2030 08:00,0.0
27/07/2030 09:00,0.0
27/07/2030 10:00,0.0
27/07/2030 11:00,0.0
27/07/2030 12:00,0.0
27/07/2030 13:00,0.0
27/07/2030 14:00,0.0
27/07/2030 15:00,0.0
27/07/2030 16:00,0.0
27/07/2030 17:00,0.0
27/07/2030 18:00,0.0
27/07/2030 19:00,0.0
27/07/2030 20:00,0.0
27/07/2030 21:00,0.0
27/07/2030 22:00,0.0
27/07/2030 23:00,0.0
28/07/2030 00:00,0.0
28/07/2030 01:00,0.0
28/07/2030 02:00,0.0
28/07/2030 03:00,0.0
28/07/2030 04:00,0.0
28/07/2030 05:00,0.0
28/07/2030 06:00,0.0
28/07/2030 07:00,0.0
28/07/2030 08:00,0.0
28/07/2030 09:00,0.0
28/07/2030 10:00,0.0
28/07/2030 11:00,0.0
28/07/2030 12:00,0.0
28/07/2030 13:00,0.0
28/07/2030 14:00,0.0
28/07/2030 15:00,0.0
28/07/2030 16:00,0.0
28/07/2030 17:00,0.0
28/07/2030 18:00,0.0
28/07/2030 19:00,0.0
28/07/2030 20:00,0.0
28/07/2030 21:00,0.0
28/07/2030 22:00,0.0
28/07/2030 23:00,0.0
29/07/2030 00:00,0.0
29/07/2030 01:00,0.0
29/07/2030 02:00,0.0
29/07/2030 03:00,0.0
29/07/2030 04:00,0.0
29/07/2030 05:00,0.0
29/07/2030 06:00,0.0
29/07/2030 07:00,0.0
29/07/2030 08:00,0.0
29/07/2030 09:00,0.0
29/07/2030 10:00,0.0
29/07/2030 11:00,0.0
29/07/2030 12:00,0.0
29/07/2030 13:00,0.0
29/07/2030 14:00,0.0
29/07/2030 15:00,0.0
29/07/2030 16:00,0.0
29/07/2030 17:00,0.0
29/07/2030 18:00,0.0
29/07/2030 19:00,0.0
29/07/2030 20:00,0.0
29/07/2030 21:00,0.0
29/07/2030 22:00,0.0
29/07/2030 23:00,0.0
30/07/2030 00:00,249.66832282071266
30/07/2030 01:00,0.0
30/07/2030 02:00,0.0
30/07/2030 03:00,0.0
30/07/2030 04:00,0.0
30/07/2030 05:00,0.0
30/07/2030 06:00,0.0
30/07/2030 07:00,0.0
30/07/2030 08:00,0.0
30/07/2030 09:00,0.0
30/07/2030 10:00,0.0
30/07/2030 11:00,0.0
30/07/2030 12:00,0.0
30/07/2030 13:00,0.0
30/07/2030 14:00,0.0
30/07/2030 15:00,0.0
30/07/2030 16:00,0.0
30/07/2030 17:00,0.0
30/07/2030 18:00,0.0
30/07/2030 19:00,0.0
30/07/2030 20:00,0.0
30/07/2030 21:00,0.0
30/07/2030 22:00,0.0
30/07/2030 23:00,0.0
31/07/2030 00:00,0.0
31/07/2030 01:00,0.0
31/07/2030 02:00,0.0
31/07/2030 03:00,0.0
31/07/2030 04:00,0.0
31/07/2030 05:00,0.0
31/07/2030 06:00,0.0
31/07/2030 07:00,0.0
31/07/2030 08:00,0.0
31/07/2030 09:00,0.0
31/07/2030 10:00,0.0
31/07/2030 11:00,0.0
31/07/2030 12:00,0.0
31/07/2030 13:00,0.0
31/07/2030 14:00,0.0
31/07/2030 15:00,0.0
31/07/2030 16:00,0.0
31/07/2030 17:00,0.0
31/07/2030 18:00,0.0
31/07/2030 19:00,0.0
31/07/2030 20:00,0.0
31/07/2030 21:00,0.0
31/07/2030 22:00,0.0
31/07/2030 23:00,0.0
01/08/2030 00:00,0.0
01/08/2030 01:00,0.0
01/08/2030 02:00,0.0
01/08/2030 03:00,0.0
01/08/2030 04:00,0.0
01/08/2030 05:00,0.0
01/08/2030 06:00,0.0
01/08/2030 07:00,0.0
01/08/2030 08:00,0.0
01/08/2030 09:00,0.0
01/08/2030 10:00,0.0
01/08/2030 11:00,0.0
01/08/2030 12:00,0.0
01/08/2030 13:00,0.0
01/08/2030 14:00,0.0
01/08/2030 15:00,0.0
01/08/2030 16:00,0.0
01/08/2030 17:00,0.0
01/08/2030 18:00,0.0
01/08/2030 19:00,0.0
01/08/2030 20:00,0.0
01/08/2030 21:00,0.0
01/08/2030 22:00,0.0
01/08/2030 23:00,0.0
02/08/2030 00:00,0.0
02/08/2030 01:00,0.0
02/08/2030 02:00,0.0
02/08/2030 03:00,0.0
02/08/2030 04:00,0.0
02/08/2030 05:00,0.0
02/08/2030 06:00,0.0
02/08/2030 07:00,0.0
02/08/2030 08:00,0.0
02/08/2030 09:00,0.0
02/08/2030 10:00,0.0
02/08/2030 11:00,0.0
02/08/2030 12:00,0.0
02/08/2030 13:00,0.0
02/08/2030 14:00,0.0
02/08/2030 15:00,0.0
02/08/2030 16:00,0.0
02/08/2030 17:00,0.0
02/08/2030 18:00,0.0
02/08/2030 19:00,0.0
02/08/2030 20:00,0.0
02/08/2030 21:00,0.0
02/08/2030 22:00,0.0
02/08/2030 23:00,0.0
03/08/2030 00:00,0.0
03/08/2030 01:00,0.0
03/08/2030 02:00,0.0
03/08/2030 03:00,0.0
03/08/2030 04:00,0.0
03/08/2030 05:00,0.0
03/08/2030 06:00,0.0
03/08/2030 07:00,0.0
03/08/2030 08:00,0.0
03/08/2030 09:00,0.0
03/08/2030 10:00,0.0
03/08/2030 11:00,0.0
03/08/2030 12:00,0.0
03/08/2030 13:00,0.0
03/08/2030 14:00,0.0
03/08/2030 15:00,0.0
03/08/2030 16:00,0.0
03/08/2030 17:00,0.0
03/08/2030 18:00,0.0
03/08/2030 19:00,0.0
03/08/2030 20:00,0.0
03/08/2030 21:00,0.0
03/08/2030 22:00,0.0
03/08/2030 23:00,0.0
04/08/2030 00:00,0.0
04/08/2030 01:00,0.0
04/08/2030 02:00,0.0
04/08/2030 03:00,0.0
04/08/2030 04:00,0.0
04/08/2030 05:00,0.0
04/08/2030 06:00,0.0
04/08/2030 07:00,0.0
04/08/2030 08:00,0.0
04/08/2030 09:00,0.0
04/08/2030 10:00,0.0
04/08/2030 11:00,0.0
04/08/2030 12:00,0.0
04/08/2030 13:00,0.0
04/08/2030 14:00,0.0
04/08/2030 15:00,0.0
04/08/2030 16:00,0.0
04/08/2030 17:00,0.0
04/08/2030 18:00,0.0
04/08/2030 19:00,0.0
04/08/2030 20:00,0.0
04/08/2030 21:00,0.0
04/08/2030 22:00,0.0
04/08/2030 23:00,0.0
05/08/2030 00:00,0.0
05/08/2030 01:00,0.0
05/08/2030 02:00,0.0
05/08/2030 03:00,0.0
05/08/2030 04:00,0.0
05/08/2030 05:00,0.0
05/08/2030 06:00,0.0
05/08/2030 07:00,0.0
05/08/2030 08:00,0.0
05/08/2030 09:00,0.0
05/08/2030 10:00,0.0
05/08/2030 11:00,0.0
05/08/2030 12:00,0.0
05/08/2030 13:00,0.0
05/08/2030 14:00,0.0
05/08/2030 15:00,0.0
05/08/2030 16:00,0.0
05/08/2030 17:00,0.0
05/08/2030 18:00,0.0
05/08/2030 19:00,0.0
05/08/2030 20:00,0.0
05/08/2030 21:00,0.0
05/08/2030 22:00,0.0
05/08/2030 23:00,0.0
06/08/2030 00:00,502.7277272727273
06/08/2030 01:00,0.0
06/08/2030 02:00,0.0
06/08/2030 03:00,0.0
06/08/2030 04:00,0.0
06/08/2030 05:00,0.0
06/08/2030 06:00,0.0
06/08/2030 07:00,0.0
06/08/2030 08:00,0.0
06/08/2030 09:00,0.0
06/08/2030 10:00,0.0
06/08/2030 11:00,0.0
06/08/2030 12:00,0.0
06/08/2030 13:00,0.0
06/08/2030 14:00,0.0
06/08/2030 15:00,0.0
06/08/2030 16:00,0.0
06/08/2030 17:00,0.0
06/08/2030 18:00,0.0
06/08/2030 19:00,0.0
06/08/2030 20:00,0.0
06/08/2030 21:00,0.0
06/08/2030 22:00,0.0
06/08/2030 23:00,0.0
07/08/2030 00:00,0.0
07/08/2030 01:00,0.0
07/08/2030 02:00,0.0
07/08/2030 03:00,0.0
07/08/2030 04:00,0.0
07/08/2030 05:00,0.0
07/08/2030 06:00,0.0
07/08/2030 07:00,0.0
07/08/2030 08:00,0.0
07/08/2030 09:00,0.0
07/08/2030 10:00,0.0
07/08/2030 11:00,0.0
07/08/2030 12:00,0.0
07/08/2030 13:00,0.0
07/08/2030 14:00,0.0
07/08/2030 15:00,0.0
07/08/2030 16:00,0.0
07/08/2030 17:00,0.0
07/08/2030 18:00,0.0
07/08/2030 19:00,0.0
07/08/2030 20:00,0.0
07/08/2030 21:00,0.0
07/08/2030 22:00,0.0
07/08/2030 23:00,0.0
08/08/2030 00:00,0.0
08/08/2030 01:00,0.0
08/08/2030 02:00,0.0
08/08/2030 03:00,0.0
08/08/2030 04:00,0.0
08/08/2030 05:00,0.0
08/08/2030 06:00,0.0
08/08/2030 07:00,0.0
08/08/2030 08:00,0.0
08/08/2030 09:00,0.0
08/08/2030 10:00,0.0
08/08/2030 11:00,0.0
08/08/2030 12:00,0.0
08/08/2030 13:00,0.0
08/08/2030 14:00,0.0
08/08/2030 15:00,0.0
08/08/2030 16:00,0.0
08/08/2030 17:00,0.0
08/08/2030 18:00,0.0
08/08/2030 19:00,0.0
08/08/2030 20:00,0.0
08/08/2030 21:00,0.0
08/08/2030 22:00,0.0
08/08/2030 23:00,0.0
09/08/2030 00:00,0.0
09/08/2030 01:00,0.0
09/08/2030 02:00,0.0
09/08/2030 03:00,0.0
09/08/2030 04:00,0.0
09/08/2030 05:00,0.0
09/08/2030 06:00,0.0
09/08/2030 07:00,0.0
09/08/2030 08:00,0.0
09/08/2030 09:00,0.0
09/08/2030 10:00,0.0
09/08/2030 11:00,0.0
09/08/2030 12:00,0.0
09/08/2030 13:00,0.0
09/08/2030 14:00,0.0
09/08/2030 15:00,0.0
09/08/2030 16:00,0.0
09/08/2030 17:00,0.0
09/08/2030 18:00,0.0
09/08/2030 19:00,0.0
09/08/2030 20:00,0.0
09/08/2030 21:00,0.0
09/08/2030 22:00,0.0
09/08/2030 23:00,0.0
10/08/2030 00:00,0.0
10/08/2030 01:00,0.0
10/08/2030 02:00,0.0
10/08/2030 03:00,0.0
10/08/2030 04:00,0.0
10/08/2030 05:00,0.0
10/08/2030 06:00,0.0
10/08/2030 07:00,0.0
10/08/2030 08:00,0.0
10/08/2030 09:00,0.0
10/08/2030 10:00,0.0
10/08/2030 11:00,0.0
10/08/2030 12:00,0.0
10/08/2030 13:00,0.0
10/08/2030 14:00,0.0
10/08/2030 15:00,0.0
10/08/2030 16:00,0.0
10/08/2030 17:00,0.0
10/08/2030 18:00,0.0
10/08/2030 19:00,0.0
10/08/2030 20:00,0.0
10/08/2030 21:00,0.0
10/08/2030 22:00,0.0
10/08/2030 23:00,0.0
11/08/2030 00:00,0.0
11/08/2030 01:00,0.0
11/08/2030 02:00,0.0
11/08/2030 03:00,0.0
11/08/2030 04:00,0.0
11/08/2030 05:00,0.0
11/08/2030 06:00,0.0
11/08/2030 07:00,0.0
11/08/2030 08:00,0.0
11/08/2030 09:00,0.0
11/08/2030 10:00,0.0
11/08/2030 11:00,0.0
11/08/2030 12:00,0.0
11/08/2030 13:00,0.0
11/08/2030 14:00,0.0
11/08/2030 15:00,0.0
11/08/2030 16:00,0.0
11/08/2030 17:00,0.0
11/08/2030 18:00,0.0
11/08/2030 19:00,0.0
11/08/2030 20:00,0.0
11/08/2030 21:00,0.0
11/08/2030 22:00,0.0
11/08/2030 23:00,0.0
12/08/2030 00:00,0.0
12/08/2030 01:00,0.0
12/08/2030 02:00,0.0
12/08/2030 03:00,0.0
12/08/2030 04:00,0.0
12/08/2030 05:00,0.0
12/08/2030 06:00,0.0
12/08/2030 07:00,0.0
12/08/2030 08:00,0.0
12/08/2030 09:00,0.0
12/08/2030 10:00,0.0
12/08/2030 11:00,0.0
12/08/2030 12:00,0.0
12/08/2030 13:00,0.0
12/08/2030 14:00,0.0
12/08/2030 15:00,0.0
12/08/2030 16:00,0.0
12/08/2030 17:00,0.0
12/08/2030 18:00,0.0
12/08/2030 19:00,0.0
12/08/2030 20:00,0.0
12/08/2030 21:00,0.0
12/08/2030 22:00,0.0
12/08/2030 23:00,0.0
13/08/2030 00:00,0.0
13/08/2030 01:00,0.0
13/08/2030 02:00,0.0
13/08/2030 03:00,0.0
13/08/2030 04:00,0.0
13/08/2030 05:00,0.0
13/08/2030 06:00,0.0
13/08/2030 07:00,0.0
13/08/2030 08:00,0.0
13/08/2030 09:00,0.0
13/08/2030 10:00,0.0
13/08/2030 11:00,0.0
13/08/2030 12:00,0.0
13/08/2030 13:00,0.0
13/08/2030 14:00,0.0
13/08/2030 15:00,0.0
13/08/2030 16:00,0.0
13/08/2030 17:00,0.0
13/08/2030 18:00,0.0
13/08/2030 19:00,0.0
13/08/2030 20:00,0.0
13/08/2030 21:00,0.0
13/08/2030 22:00,0.0
13/08/2030 23:00,0.0
14/08/2030 00:00,0.0
14/08/2030 01:00,0.0
14/08/2030 02:00,0.0
14/08/2030 03:00,0.0
14/08/2030 04:00,0.0
14/08/2030 05:00,0.0
14/08/2030 06:00,0.0
14/08/2030 07:00,0.0
14/08/2030 08:00,0.0
14/08/2030 09:00,0.0
14/08/2030 10:00,0.0
14/08/2030 11:00,0.0
14/08/2030 12:00,0.0
14/08/2030 13:00,0.0
14/08/2030 14:00,0.0
14/08/2030 15:00,0.0
14/08/2030 16:00,0.0
14/08/2030 17:00,0.0
14/08/2030 18:00,0.0
14/08/2030 19:00,0.0
14/08/2030 20:00,0.0
14/08/2030 21:00,0.0
14/08/2030 22:00,0.0
14/08/2030 23:00,0.0
15/08/2030 00:00,0.0
15/08/2030 01:00,0.0
15/08/2030 02:00,0.0
15/08/2030 03:00,0.0
15/08/2030 04:00,0.0
15/08/2030 05:00,0.0
15/08/2030 06:00,0.0
15/08/2030 07:00,0.0
15/08/2030 08:00,0.0
15/08/2030 09:00,0.0
15/08/2030 10:00,0.0
15/08/2030 11:00,0.0
15/08/2030 12:00,0.0
15/08/2030 13:00,0.0
15/08/2030 14:00,0.0
15/08/2030 15:00,0.0
15/08/2030 16:00,0.0
15/08/2030 17:00,0.0
15/08/2030 18:00,0.0
15/08/2030 19:00,0.0
15/08/2030 20:00,0.0
15/08/2030 21:00,0.0
15/08/2030 22:00,0.0
15/08/2030 23:00,0.0
16/08/2030 00:00,0.0
16/08/2030 01:00,0.0
16/08/2030 02:00,0.0
16/08/2030 03:00,0.0
16/08/2030 04:00,0.0
16/08/2030 05:00,0.0
16/08/2030 06:00,0.0
16/08/2030 07:00,0.0
16/08/2030 08:00,0.0
16/08/2030 09:00,0.0
16/08/2030 10:00,0.0
16/08/2030 11:00,0.0
16/08/2030 12:00,0.0
16/08/2030 13:00,0.0
16/08/2030 14:00,0.0
16/08/2030 15:00,0.0
16/08/2030 16:00,0.0
16/08/2030 17:00,0.0
16/08/2030 18:00,0.0
16/08/2030 19:00,0.0
16/08/2030 20:00,0.0
16/08/2030 21:00,0.0
16/08/2030 22:00,0.0
16/08/2030 23:00,0.0
17/08/2030 00:00,0.0
17/08/2030 01:00,0.0
17/08/2030 02:00,0.0
17/08/2030 03:00,0.0
17/08/2030 04:00,0.0
17/08/2030 05:00,0.0
17/08/2030 06:00,0.0
17/08/2030 07:00,0.0
17/08/2030 08:00,0.0
17/08/2030 09:00,0.0
17/08/2030 10:00,0.0
17/08/2030 11:00,0.0
17/08/2030 12:00,0.0
17/08/2030 13:00,0.0
17/08/2030 14:00,0.0
17/08/2030 15:00,0.0
17/08/2030 16:00,0.0
17/08/2030 17:00,0.0
17/08/2030 18:00,0.0
17/08/2030 19:00,0.0
17/08/2030 20:00,0.0
17/08/2030 21:00,0.0
17/08/2030 22:00,0.0
17/08/2030 23:00,0.0
18/08/2030 00:00,0.0
18/08/2030 01:00,0.0
18/08/2030 02:00,0.0
18/08/2030 03:00,0.0
18/08/2030 04:00,0.0
18/08/2030 05:00,0.0
18/08/2030 06:00,0.0
18/08/2030 07:00,0.0
18/08/2030 08:00,0.0
18/08/2030 09:00,0.0
18/08/2030 10:00,0.0
18/08/2030 11:00,0.0
18/08/2030 12:00,0.0
18/08/2030 13:00,0.0
18/08/2030 14:00,0.0
18/08/2030 15:00,0.0
18/08/2030 16:00,0.0
18/08/2030 17:00,0.0
18/08/2030 18:00,0.0
18/08/2030 19:00,0.0
18/08/2030 20:00,0.0
18/08/2030 21:00,0.0
18/08/2030 22:00,0.0
18/08/2030 23:00,0.0
19/08/2030 00:00,0.0
19/08/2030 01:00,0.0
19/08/2030 02:00,0.0
19/08/2030 03:00,0.0
19/08/2030 04:00,0.0
19/08/2030 05:00,0.0
19/08/2030 06:00,0.0
19/08/2030 07:00,0.0
19/08/2030 08:00,0.0
19/08/2030 09:00,0.0
19/08/2030 10:00,0.0
19/08/2030 11:00,0.0
19/08/2030 12:00,0.0
19/08/2030 13:00,0.0
19/08/2030 14:00,0.0
19/08/2030 15:00,0.0
19/08/2030 16:00,0.0
19/08/2030 17:00,0.0
19/08/2030 18:00,0.0
19/08/2030 19:00,0.0
19/08/2030 20:00,0.0
19/08/2030 21:00,0.0
19/08/2030 22:00,0.0
19/08/2030 23:00,0.0
20/08/2030 00:00,0.0
20/08/2030 01:00,0.0
20/08/2030 02:00,0.0
20/08/2030 03:00,0.0
20/08/2030 04:00,0.0
20/08/2030 05:00,0.0
20/08/2030 06:00,0.0
20/08/2030 07:00,0.0
20/08/2030 08:00,0.0
20/08/2030 09:00,0.0
20/08/2030 10:00,0.0
20/08/2030 11:00,0.0
20/08/2030 12:00,0.0
20/08/2030 13:00,0.0
20/08/2030 14:00,0.0
20/08/2030 15:00,0.0
20/08/2030 16:00,0.0
20/08/2030 17:00,0.0
20/08/2030 18:00,0.0
20/08/2030 19:00,0.0
20/08/2030 20:00,0.0
20/08/2030 21:00,0.0
20/08/2030 22:00,0.0
20/08/2030 23:00,0.0
21/08/2030 00:00,0.0
21/08/2030 01:00,0.0
21/08/2030 02:00,0.0
21/08/2030 03:00,0.0
21/08/2030 04:00,0.0
21/08/2030 05:00,0.0
21/08/2030 06:00,0.0
21/08/2030 07:00,0.0
21/08/2030 08:00,0.0
21/08/2030 09:00,0.0
21/08/2030 10:00,0.0
21/08/2030 11:00,0.0
21/08/2030 12:00,0.0
21/08/2030 13:00,0.0
21/08/2030 14:00,0.0
21/08/2030 15:00,0.0
21/08/2030 16:00,0.0
21/08/2030 17:00,0.0
21/08/2030 18:00,0.0
21/08/2030 19:00,0.0
21/08/2030 20:00,0.0
21/08/2030 21:00,0.0
21/08/2030 22:00,0.0
21/08/2030 23:00,0.0
22/08/2030 00:00,0.0
22/08/2030 01:00,0.0
22/08/2030 02:00,0.0
22/08/2030 03:00,0.0
22/08/2030 04:00,0.0
22/08/2030 05:00,0.0
22/08/2030 06:00,0.0
22/08/2030 07:00,0.0
22/08/2030 08:00,0.0
22/08/2030 09:00,0.0
22/08/2030 10:00,0.0
22/08/2030 11:00,0.0
22/08/2030 12:00,0.0
22/08/2030 13:00,0.0
22/08/2030 14:00,0.0
22/08/2030 15:00,0.0
22/08/2030 16:00,0.0
22/08/2030 17:00,0.0
22/08/2030 18:00,0.0
22/08/2030 19:00,0.0
22/08/2030 20:00,0.0
22/08/2030 21:00,0.0
22/08/2030 22:00,0.0
22/08/2030 23:00,0.0
23/08/2030 00:00,0.0
23/08/2030 01:00,0.0
23/08/2030 02:00,0.0
23/08/2030 03:00,0.0
23/08/2030 04:00,0.0
23/08/2030 05:00,0.0
23/08/2030 06:00,0.0
23/08/2030 07:00,0.0
23/08/2030 08:00,0.0
23/08/2030 09:00,0.0
23/08/2030 10:00,0.0
23/08/2030 11:00,0.0
23/08/2030 12:00,0.0
23/08/2030 13:00,0.0
23/08/2030 14:00,0.0
23/08/2030 15:00,0.0
23/08/2030 16:00,0.0
23/08/2030 17:00,0.0
23/08/2030 18:00,0.0
23/08/2030 19:00,0.0
23/08/2030 20:00,0.0
23/08/2030 21:00,0.0
23/08/2030 22:00,0.0
23/08/2030 23:00,0.0
24/08/2030 00:00,0.0
24/08/2030 01:00,0.0
24/08/2030 02:00,0.0
24/08/2030 03:00,0.0
24/08/2030 04:00,0.0
24/08/2030 05:00,0.0
24/08/2030 06:00,0.0
24/08/2030 07:00,0.0
24/08/2030 08:00,0.0
24/08/2030 09:00,0.0
24/08/2030 10:00,0.0
24/08/2030 11:00,0.0
24/08/2030 12:00,0.0
24/08/2030 13:00,0.0
24/08/2030 14:00,0.0
24/08/2030 15:00,0.0
24/08/2030 16:00,0.0
24/08/2030 17:00,0.0
24/08/2030 18:00,0.0
24/08/2030 19:00,0.0
24/08/2030 20:00,0.0
24/08/2030 21:00,0.0
24/08/2030 22:00,0.0
24/08/2030 23:00,0.0
25/08/2030 00:00,0.0
25/08/2030 01:00,0.0
25/08/2030 02:00,0.0
25/08/2030 03:00,0.0
25/08/2030 04:00,0.0
25/08/2030 05:00,0.0
25/08/2030 06:00,0.0
25/08/2030 07:00,0.0
25/08/2030 08:00,0.0
25/08/2030 09:00,0.0
25/08/2030 10:00,0.0
25/08/2030 11:00,0.0
25/08/2030 12:00,0.0
25/08/2030 13:00,0.0
25/08/2030 14:00,0.0
25/08/2030 15:00,0.0
25/08/2030 16:00,0.0
25/08/2030 17:00,0.0
25/08/2030 18:00,0.0
25/08/2030 19:00,0.0
25/08/2030 20:00,0.0
25/08/2030 21:00,0.0
25/08/2030 22:00,0.0
25/08/2030 23:00,0.0
26/08/2030 00:00,0.0
26/08/2030 01:00,0.0
26/08/2030 02:00,0.0
26/08/2030 03:00,0.0
26/08/2030 04:00,0.0
26/08/2030 05:00,0.0
26/08/2030 06:00,0.0
26/08/2030 07:00,0.0
26/08/2030 08:00,0.0
26/08/2030 09:00,0.0
26/08/2030 10:00,0.0
26/08/2030 11:00,0.0
26/08/2030 12:00,0.0
26/08/2030 13:00,0.0
26/08/2030 14:00,0.0
26/08/2030 15:00,0.0
26/08/2030 16:00,0.0
26/08/2030 17:00,0.0
26/08/2030 18:00,0.0
26/08/2030 19:00,0.0
26/08/2030 20:00,0.0
26/08/2030 21:00,0.0
26/08/2030 22:00,0.0
26/08/2030 23:00,0.0
27/08/2030 00:00,0.0
27/08/2030 01:00,0.0
27/08/2030 02:00,0.0
27/08/2030 03:00,0.0
27/08/2030 04:00,0.0
27/08/2030 05:00,0.0
27/08/2030 06:00,0.0
27/08/2030 07:00,0.0
27/08/2030 08:00,0.0
27/08/2030 09:00,0.0
27/08/2030 10:00,0.0
27/08/2030 11:00,0.0
27/08/2030 12:00,0.0
27/08/2030 13:00,0.0
27/08/2030 14:00,0.0
27/08/2030 15:00,0.0
27/08/2030 16:00,0.0
27/08/2030 17:00,0.0
27/08/2030 18:00,0.0
27/08/2030 19:00,0.0
27/08/2030 20:00,0.0
27/08/2030 21:00,0.0
27/08/2030 22:00,0.0
27/08/2030 23:00,0.0
28/08/2030 00:00,0.0
28/08/2030 01:00,0.0
28/08/2030 02:00,0.0
28/08/2030 03:00,0.0
28/08/2030 04:00,0.0
28/08/2030 05:00,0.0
28/08/2030 06:00,0.0
28/08/2030 07:00,0.0
28/08/2030 08:00,0.0
28/08/2030 09:00,0.0
28/08/2030 10:00,0.0
28/08/2030 11:00,0.0
28/08/2030 12:00,0.0
28/08/2030 13:00,0.0
28/08/2030 14:00,0.0
28/08/2030 15:00,0.0
28/08/2030 16:00,0.0
28/08/2030 17:00,0.0
28/08/2030 18:00,0.0
28/08/2030 19:00,0.0
28/08/2030 20:00,0.0
28/08/2030 21:00,0.0
28/08/2030 22:00,0.0
28/08/2030 23:00,0.0
29/08/2030 00:00,0.0
29/08/2030 01:00,0.0
29/08/2030 02:00,0.0
29/08/2030 03:00,0.0
29/08/2030 04:00,0.0
29/08/2030 05:00,0.0
29/08/2030 06:00,0.0
29/08/2030 07:00,0.0
29/08/2030 08:00,0.0
29/08/2030 09:00,0.0
29/08/2030 10:00,0.0
29/08/2030 11:00,0.0
29/08/2030 12:00,0.0
29/08/2030 13:00,0.0
29/08/2030 14:00,0.0
29/08/2030 15:00,0.0
29/08/2030 16:00,0.0
29/08/2030 17:00,0.0
29/08/2030 18:00,0.0
29/08/2030 19:00,0.0
29/08/2030 20:00,0.0
29/08/2030 21:00,0.0
29/08/2030 22:00,0.0
29/08/2030 23:00,0.0
30/08/2030 00:00,0.0
30/08/2030 01:00,0.0
30/08/2030 02:00,0.0
30/08/2030 03:00,0.0
30/08/2030 04:00,0.0
30/08/2030 05:00,0.0
30/08/2030 06:00,0.0
30/08/2030 07:00,0.0
30/08/2030 08:00,0.0
30/08/2030 09:00,0.0
30/08/2030 10:00,0.0
30/08/2030 11:00,0.0
30/08/2030 12:00,0.0
30/08/2030 13:00,0.0
30/08/2030 14:00,0.0
30/08/2030 15:00,0.0
30/08/2030 16:00,0.0
30/08/2030 17:00,0.0
30/08/2030 18:00,0.0
30/08/2030 19:00,0.0
30/08/2030 20:00,0.0
30/08/2030 21:00,0.0
30/08/2030 22:00,0.0
30/08/2030 23:00,0.0
31/08/2030 00:00,0.0
31/08/2030 01:00,0.0
31/08/2030 02:00,0.0
31/08/2030 03:00,0.0
31/08/2030 04:00,0.0
31/08/2030 05:00,0.0
31/08/2030 06:00,0.0
31/08/2030 07:00,0.0
31/08/2030 08:00,0.0
31/08/2030 09:00,0.0
31/08/2030 10:00,0.0
31/08/2030 11:00,162.39253028449218
31/08/2030 12:00,0.0
31/08/2030 13:00,0.0
31/08/2030 14:00,0.0
31/08/2030 15:00,0.0
31/08/2030 16:00,0.0
31/08/2030 17:00,0.0
31/08/2030 18:00,0.0
31/08/2030 19:00,0.0
31/08/2030 20:00,0.0
31/08/2030 21:00,0.0
31/08/2030 22:00,0.0
31/08/2030 23:00,0.0
01/09/2030 00:00,0.0
01/09/2030 01:00,0.0
01/09/2030 02:00,0.0
01/09/2030 03:00,0.0
01/09/2030 04:00,0.0
01/09/2030 05:00,0.0
01/09/2030 06:00,0.0
01/09/2030 07:00,0.0
01/09/2030 08:00,0.0
01/09/2030 09:00,0.0
01/09/2030 10:00,0.0
01/09/2030 11:00,0.0
01/09/2030 12:00,0.0
01/09/2030 13:00,0.0
01/09/2030 14:00,0.0
01/09/2030 15:00,0.0
01/09/2030 16:00,0.0
01/09/2030 17:00,0.0
01/09/2030 18:00,0.0
01/09/2030 19:00,0.0
01/09/2030 20:00,0.0
01/09/2030 21:00,0.0
01/09/2030 22:00,0.0
01/09/2030 23:00,0.0
02/09/2030 00:00,0.0
02/09/2030 01:00,0.0
02/09/2030 02:00,0.0
02/09/2030 03:00,0.0
02/09/2030 04:00,0.0
02/09/2030 05:00,0.0
02/09/2030 06:00,0.0
02/09/2030 07:00,0.0
02/09/2030 08:00,0.0
02/09/2030 09:00,0.0
02/09/2030 10:00,106.60629045869813
02/09/2030 11:00,0.0
02/09/2030 12:00,0.0
02/09/2030 13:00,83.00453720833347
02/09/2030 14:00,0.0
02/09/2030 15:00,0.0
02/09/2030 16:00,0.0
02/09/2030 17:00,0.0
02/09/2030 18:00,0.0
02/09/2030 19:00,0.0
02/09/2030 20:00,0.0
02/09/2030 21:00,0.0
02/09/2030 22:00,0.0
02/09/2030 23:00,0.0
03/09/2030 00:00,502.7277272727273
03/09/2030 01:00,0.0
03/09/2030 02:00,0.0
03/09/2030 03:00,0.0
03/09/2030 04:00,0.0
03/09/2030 05:00,0.0
03/09/2030 06:00,0.0
03/09/2030 07:00,0.0
03/09/2030 08:00,0.0
03/09/2030 09:00,0.0
03/09/2030 10:00,0.0
03/09/2030 11:00,0.0
03/09/2030 12:00,0.0
03/09/2030 13:00,0.0
03/09/2030 14:00,0.0
03/09/2030 15:00,0.0
03/09/2030 16:00,0.0
03/09/2030 17:00,0.0
03/09/2030 18:00,0.0
03/09/2030 19:00,0.0
03/09/2030 20:00,0.0
03/09/2030 21:00,0.0
03/09/2030 22:00,0.0
03/09/2030 23:00,0.0
04/09/2030 00:00,0.0
04/09/2030 01:00,0.0
04/09/2030 02:00,0.0
04/09/2030 03:00,0.0
04/09/2030 04:00,0.0
04/09/2030 05:00,0.0
04/09/2030 06:00,0.0
04/09/2030 07:00,0.0
04/09/2030 08:00,0.0
04/09/2030 09:00,0.0
04/09/2030 10:00,0.0
04/09/2030 11:00,0.0
04/09/2030 12:00,0.0
04/09/2030 13:00,0.0
04/09/2030 14:00,0.0
04/09/2030 15:00,0.0
04/09/2030 16:00,0.0
04/09/2030 17:00,0.0
04/09/2030 18:00,0.0
04/09/2030 19:00,0.0
04/09/2030 20:00,0.0
04/09/2030 21:00,0.0
04/09/2030 22:00,0.0
04/09/2030 23:00,0.0
05/09/2030 00:00,0.0
05/09/2030 01:00,0.0
05/09/2030 02:00,0.0
05/09/2030 03:00,0.0
05/09/2030 04:00,0.0
05/09/2030 05:00,0.0
05/09/2030 06:00,0.0
05/09/2030 07:00,0.0
05/09/2030 08:00,0.0
05/09/2030 09:00,0.0
05/09/2030 10:00,0.0
05/09/2030 11:00,0.0
05/09/2030 12:00,0.0
05/09/2030 13:00,0.0
05/09/2030 14:00,0.0
05/09/2030 15:00,0.0
05/09/2030 16:00,0.0
05/09/2030 17:00,0.0
05/09/2030 18:00,0.0
05/09/2030 19:00,0.0
05/09/2030 20:00,0.0
05/09/2030 21:00,0.0
05/09/2030 22:00,0.0
05/09/2030 23:00,0.0
06/09/2030 00:00,0.0
06/09/2030 01:00,0.0
06/09/2030 02:00,0.0
06/09/2030 03:00,0.0
06/09/2030 04:00,0.0
06/09/2030 05:00,0.0
06/09/2030 06:00,0.0
06/09/2030 07:00,0.0
06/09/2030 08:00,0.0
06/09/2030 09:00,0.0
06/09/2030 10:00,0.0
06/09/2030 11:00,0.0
06/09/2030 12:00,0.0
06/09/2030 13:00,0.0
06/09/2030 14:00,0.0
06/09/2030 15:00,0.0
06/09/2030 16:00,0.0
06/09/2030 17:00,0.0
06/09/2030 18:00,0.0
06/09/2030 19:00,0.0
06/09/2030 20:00,0.0
06/09/2030 21:00,0.0
06/09/2030 22:00,0.0
06/09/2030 23:00,0.0
07/09/2030 00:00,0.0
07/09/2030 01:00,0.0
07/09/2030 02:00,0.0
07/09/2030 03:00,0.0
07/09/2030 04:00,0.0
07/09/2030 05:00,0.0
07/09/2030 06:00,0.0
07/09/2030 07:00,0.0
07/09/2030 08:00,0.0
07/09/2030 09:00,0.0
07/09/2030 10:00,0.0
07/09/2030 11:00,0.0
07/09/2030 12:00,0.0
07/09/2030 13:00,0.0
07/09/2030 14:00,0.0
07/09/2030 15:00,0.0
07/09/2030 16:00,0.0
07/09/2030 17:00,0.0
07/09/2030 18:00,0.0
07/09/2030 19:00,0.0
07/09/2030 20:00,0.0
07/09/2030 21:00,0.0
07/09/2030 22:00,0.0
07/09/2030 23:00,0.0
08/09/2030 00:00,0.0
08/09/2030 01:00,0.0
08/09/2030 02:00,0.0
08/09/2030 03:00,0.0
08/09/2030 04:00,0.0
08/09/2030 05:00,0.0
08/09/2030 06:00,0.0
08/09/2030 07:00,0.0
08/09/2030 08:00,0.0
08/09/2030 09:00,0.0
08/09/2030 10:00,0.0
08/09/2030 11:00,0.0
08/09/2030 12:00,0.0
08/09/2030 13:00,0.0
08/09/2030 14:00,0.0
08/09/2030 15:00,0.0
08/09/2030 16:00,0.0
08/09/2030 17:00,0.0
08/09/2030 18:00,0.0
08/09/2030 19:00,0.0
08/09/2030 20:00,0.0
08/09/2030 21:00,0.0
08/09/2030 22:00,0.0
08/09/2030 23:00,0.0
09/09/2030 00:00,0.0
09/09/2030 01:00,0.0
09/09/2030 02:00,0.0
09/09/2030 03:00,0.0
09/09/2030 04:00,0.0
09/09/2030 05:00,0.0
09/09/2030 06:00,0.0
09/09/2030 07:00,0.0
09/09/2030 08:00,0.0
09/09/2030 09:00,0.0
09/09/2030 10:00,0.0
09/09/2030 11:00,0.0
09/09/2030 12:00,0.0
09/09/2030 13:00,0.0
09/09/2030 14:00,0.0
09/09/2030 15:00,0.0
09/09/2030 16:00,0.0
09/09/2030 17:00,0.0
09/09/2030 18:00,0.0
09/09/2030 19:00,0.0
09/09/2030 20:00,0.0
09/09/2030 21:00,0.0
09/09/2030 22:00,0.0
09/09/2030 23:00,0.0
10/09/2030 00:00,502.7277272727273
10/09/2030 01:00,0.0
10/09/2030 02:00,0.0
10/09/2030 03:00,0.0
10/09/2030 04:00,0.0
10/09/2030 05:00,0.0
10/09/2030 06:00,0.0
10/09/2030 07:00,0.0
10/09/2030 08:00,0.0
10/09/2030 09:00,0.0
10/09/2030 10:00,0.0
10/09/2030 11:00,0.0
10/09/2030 12:00,0.0
10/09/2030 13:00,0.0
10/09/2030 14:00,0.0
10/09/2030 15:00,0.0
10/09/2030 16:00,0.0
10/09/2030 17:00,0.0
10/09/2030 18:00,0.0
10/09/2030 19:00,0.0
10/09/2030 20:00,0.0
10/09/2030 21:00,0.0
10/09/2030 22:00,0.0
10/09/2030 23:00,0.0
11/09/2030 00:00,0.0
11/09/2030 01:00,0.0
11/09/2030 02:00,0.0
11/09/2030 03:00,0.0
11/09/2030 04:00,0.0
11/09/2030 05:00,0.0
11/09/2030 06:00,0.0
11/09/2030 07:00,0.0
11/09/2030 08:00,0.0
11/09/2030 09:00,0.0
11/09/2030 10:00,0.0
11/09/2030 11:00,0.0
11/09/2030 12:00,0.0
11/09/2030 13:00,0.0
11/09/2030 14:00,0.0
11/09/2030 15:00,0.0
11/09/2030 16:00,0.0
11/09/2030 17:00,0.0
11/09/2030 18:00,0.0
11/09/2030 19:00,0.0
11/09/2030 20:00,0.0
11/09/2030 21:00,0.0
11/09/2030 22:00,0.0
11/09/2030 23:00,0.0
12/09/2030 00:00,0.0
12/09/2030 01:00,0.0
12/09/2030 02:00,0.0
12/09/2030 03:00,0.0
12/09/2030 04:00,0.0
12/09/2030 05:00,0.0
12/09/2030 06:00,0.0
12/09/2030 07:00,0.0
12/09/2030 08:00,0.0
12/09/2030 09:00,0.0
12/09/2030 10:00,0.0
12/09/2030 11:00,0.0
12/09/2030 12:00,0.0
12/09/2030 13:00,0.0
12/09/2030 14:00,0.0
12/09/2030 15:00,0.0
12/09/2030 16:00,0.0
12/09/2030 17:00,0.0
12/09/2030 18:00,0.0
12/09/2030 19:00,0.0
12/09/2030 20:00,0.0
12/09/2030 21:00,0.0
12/09/2030 22:00,0.0
12/09/2030 23:00,0.0
13/09/2030 00:00,0.0
13/09/2030 01:00,0.0
13/09/2030 02:00,0.0
13/09/2030 03:00,0.0
13/09/2030 04:00,0.0
13/09/2030 05:00,0.0
13/09/2030 06:00,0.0
13/09/2030 07:00,0.0
13/09/2030 08:00,0.0
13/09/2030 09:00,0.0
13/09/2030 10:00,0.0
13/09/2030 11:00,0.0
13/09/2030 12:00,0.0
13/09/2030 13:00,0.0
13/09/2030 14:00,0.0
13/09/2030 15:00,0.0
13/09/2030 16:00,0.0
13/09/2030 17:00,0.0
13/09/2030 18:00,0.0
13/09/2030 19:00,0.0
13/09/2030 20:00,0.0
13/09/2030 21:00,0.0
13/09/2030 22:00,0.0
13/09/2030 23:00,0.0
14/09/2030 00:00,0.0
14/09/2030 01:00,0.0
14/09/2030 02:00,0.0
14/09/2030 03:00,0.0
14/09/2030 04:00,0.0
14/09/2030 05:00,0.0
14/09/2030 06:00,0.0
14/09/2030 07:00,0.0
14/09/2030 08:00,0.0
14/09/2030 09:00,0.0
14/09/2030 10:00,0.0
14/09/2030 11:00,0.0
14/09/2030 12:00,0.0
14/09/2030 13:00,0.0
14/09/2030 14:00,0.0
14/09/2030 15:00,0.0
14/09/2030 16:00,0.0
14/09/2030 17:00,0.0
14/09/2030 18:00,0.0
14/09/2030 19:00,0.0
14/09/2030 20:00,0.0
14/09/2030 21:00,0.0
14/09/2030 22:00,0.0
14/09/2030 23:00,0.0
15/09/2030 00:00,0.0
15/09/2030 01:00,0.0
15/09/2030 02:00,0.0
15/09/2030 03:00,0.0
15/09/2030 04:00,0.0
15/09/2030 05:00,0.0
15/09/2030 06:00,0.0
15/09/2030 07:00,0.0
15/09/2030 08:00,0.0
15/09/2030 09:00,0.0
15/09/2030 10:00,0.0
15/09/2030 11:00,0.0
15/09/2030 12:00,0.0
15/09/2030 13:00,0.0
15/09/2030 14:00,0.0
15/09/2030 15:00,0.0
15/09/2030 16:00,0.0
15/09/2030 17:00,0.0
15/09/2030 18:00,0.0
15/09/2030 19:00,0.0
15/09/2030 20:00,0.0
15/09/2030 21:00,0.0
15/09/2030 22:00,0.0
15/09/2030 23:00,0.0
16/09/2030 00:00,0.0
16/09/2030 01:00,0.0
16/09/2030 02:00,0.0
16/09/2030 03:00,0.0
16/09/2030 04:00,0.0
16/09/2030 05:00,0.0
16/09/2030 06:00,0.0
16/09/2030 07:00,0.0
16/09/2030 08:00,0.0
16/09/2030 09:00,0.0
16/09/2030 10:00,0.0
16/09/2030 11:00,0.0
16/09/2030 12:00,0.0
16/09/2030 13:00,0.0
16/09/2030 14:00,0.0
16/09/2030 15:00,0.0
16/09/2030 16:00,0.0
16/09/2030 17:00,0.0
16/09/2030 18:00,0.0
16/09/2030 19:00,0.0
16/09/2030 20:00,0.0
16/09/2030 21:00,0.0
16/09/2030 22:00,0.0
16/09/2030 23:00,0.0
17/09/2030 00:00,502.7277272727273
17/09/2030 01:00,0.0
17/09/2030 02:00,0.0
17/09/2030 03:00,0.0
17/09/2030 04:00,0.0
17/09/2030 05:00,0.0
17/09/2030 06:00,0.0
17/09/2030 07:00,0.0
17/09/2030 08:00,0.0
17/09/2030 09:00,0.0
17/09/2030 10:00,0.0
17/09/2030 11:00,0.0
17/09/2030 12:00,0.0
17/09/2030 13:00,0.0
17/09/2030 14:00,0.0
17/09/2030 15:00,0.0
17/09/2030 16:00,0.0
17/09/2030 17:00,0.0
17/09/2030 18:00,0.0
17/09/2030 19:00,0.0
17/09/2030 20:00,0.0
17/09/2030 21:00,0.0
17/09/2030 22:00,0.0
17/09/2030 23:00,0.0
18/09/2030 00:00,0.0
18/09/2030 01:00,0.0
18/09/2030 02:00,0.0
18/09/2030 03:00,0.0
18/09/2030 04:00,0.0
18/09/2030 05:00,0.0
18/09/2030 06:00,0.0
18/09/2030 07:00,0.0
18/09/2030 08:00,0.0
18/09/2030 09:00,0.0
18/09/2030 10:00,0.0
18/09/2030 11:00,0.0
18/09/2030 12:00,0.0
18/09/2030 13:00,0.0
18/09/2030 14:00,0.0
18/09/2030 15:00,0.0
18/09/2030 16:00,0.0
18/09/2030 17:00,0.0
18/09/2030 18:00,0.0
18/09/2030 19:00,0.0
18/09/2030 20:00,0.0
18/09/2030 21:00,0.0
18/09/2030 22:00,0.0
18/09/2030 23:00,0.0
19/09/2030 00:00,0.0
19/09/2030 01:00,0.0
19/09/2030 02:00,0.0
19/09/2030 03:00,0.0
19/09/2030 04:00,0.0
19/09/2030 05:00,0.0
19/09/2030 06:00,0.0
19/09/2030 07:00,0.0
19/09/2030 08:00,0.0
19/09/2030 09:00,0.0
19/09/2030 10:00,0.0
19/09/2030 11:00,0.0
19/09/2030 12:00,0.0
19/09/2030 13:00,0.0
19/09/2030 14:00,0.0
19/09/2030 15:00,0.0
19/09/2030 16:00,0.0
19/09/2030 17:00,0.0
19/09/2030 18:00,0.0
19/09/2030 19:00,0.0
19/09/2030 20:00,0.0
19/09/2030 21:00,0.0
19/09/2030 22:00,0.0
19/09/2030 23:00,0.0
20/09/2030 00:00,0.0
20/09/2030 01:00,0.0
20/09/2030 02:00,0.0
20/09/2030 03:00,0.0
20/09/2030 04:00,0.0
20/09/2030 05:00,0.0
20/09/2030 06:00,0.0
20/09/2030 07:00,0.0
20/09/2030 08:00,0.0
20/09/2030 09:00,0.0
20/09/2030 10:00,0.0
20/09/2030 11:00,0.0
20/09/2030 12:00,0.0
20/09/2030 13:00,0.0
20/09/2030 14:00,0.0
20/09/2030 15:00,0.0
20/09/2030 16:00,0.0
20/09/2030 17:00,0.0
20/09/2030 18:00,0.0
20/09/2030 19:00,0.0
20/09/2030 20:00,0.0
20/09/2030 21:00,0.0
20/09/2030 22:00,0.0
20/09/2030 23:00,0.0
21/09/2030 00:00,0.0
21/09/2030 01:00,0.0
21/09/2030 02:00,0.0
21/09/2030 03:00,0.0
21/09/2030 04:00,0.0
21/09/2030 05:00,0.0
21/09/2030 06:00,0.0
21/09/2030 07:00,0.0
21/09/2030 08:00,0.0
21/09/2030 09:00,0.0
21/09/2030 10:00,0.0
21/09/2030 11:00,0.0
21/09/2030 12:00,0.0
21/09/2030 13:00,0.0
21/09/2030 14:00,0.0
21/09/2030 15:00,0.0
21/09/2030 16:00,0.0
21/09/2030 17:00,0.0
21/09/2030 18:00,0.0
21/09/2030 19:00,0.0
21/09/2030 20:00,0.0
21/09/2030 21:00,0.0
21/09/2030 22:00,0.0
21/09/2030 23:00,0.0
22/09/2030 00:00,0.0
22/09/2030 01:00,0.0
22/09/2030 02:00,0.0
22/09/2030 03:00,0.0
22/09/2030 04:00,0.0
22/09/2030 05:00,0.0
22/09/2030 06:00,0.0
22/09/2030 07:00,0.0
22/09/2030 08:00,0.0
22/09/2030 09:00,0.0
22/09/2030 10:00,0.0
22/09/2030 11:00,0.0
22/09/2030 12:00,0.0
22/09/2030 13:00,0.0
22/09/2030 14:00,0.0
22/09/2030 15:00,0.0
22/09/2030 16:00,0.0
22/09/2030 17:00,0.0
22/09/2030 18:00,0.0
22/09/2030 19:00,0.0
22/09/2030 20:00,0.0
22/09/2030 21:00,0.0
22/09/2030 22:00,0.0
22/09/2030 23:00,0.0
23/09/2030 00:00,0.0
23/09/2030 01:00,0.0
23/09/2030 02:00,0.0
23/09/2030 03:00,0.0
23/09/2030 04:00,0.0
23/09/2030 05:00,0.0
23/09/2030 06:00,0.0
23/09/2030 07:00,0.0
23/09/2030 08:00,0.0
23/09/2030 09:00,0.0
23/09/2030 10:00,0.0
23/09/2030 11:00,0.0
23/09/2030 12:00,0.0
23/09/2030 13:00,0.0
23/09/2030 14:00,0.0
23/09/2030 15:00,0.0
23/09/2030 16:00,0.0
23/09/2030 17:00,0.0
23/09/2030 18:00,0.0
23/09/2030 19:00,0.0
23/09/2030 20:00,0.0
23/09/2030 21:00,0.0
23/09/2030 22:00,0.0
23/09/2030 23:00,0.0
24/09/2030 00:00,0.0
24/09/2030 01:00,0.0
24/09/2030 02:00,0.0
24/09/2030 03:00,0.0
24/09/2030 04:00,0.0
24/09/2030 05:00,0.0
24/09/2030 06:00,0.0
24/09/2030 07:00,0.0
24/09/2030 08:00,0.0
24/09/2030 09:00,0.0
24/09/2030 10:00,0.0
24/09/2030 11:00,0.0
24/09/2030 12:00,0.0
24/09/2030 13:00,85.80487589091638
24/09/2030 14:00,169.6109549386434
24/09/2030 15:00,247.07080717333497
24/09/2030 16:00,0.0
24/09/2030 17:00,0.0
24/09/2030 18:00,0.0
24/09/2030 19:00,0.0
24/09/2030 20:00,0.0
24/09/2030 21:00,0.0
24/09/2030 22:00,0.0
24/09/2030 23:00,0.0
25/09/2030 00:00,0.0
25/09/2030 01:00,0.0
25/09/2030 02:00,0.0
25/09/2030 03:00,0.0
25/09/2030 04:00,0.0
25/09/2030 05:00,0.0
25/09/2030 06:00,0.0
25/09/2030 07:00,0.0
25/09/2030 08:00,0.0
25/09/2030 09:00,0.0
25/09/2030 10:00,0.0
25/09/2030 11:00,0.0
25/09/2030 12:00,0.0
25/09/2030 13:00,0.0
25/09/2030 14:00,0.0
25/09/2030 15:00,0.0
25/09/2030 16:00,0.0
25/09/2030 17:00,0.0
25/09/2030 18:00,0.0
25/09/2030 19:00,0.0
25/09/2030 20:00,0.0
25/09/2030 21:00,0.0
25/09/2030 22:00,0.0
25/09/2030 23:00,0.0
26/09/2030 00:00,0.0
26/09/2030 01:00,0.0
26/09/2030 02:00,0.0
26/09/2030 03:00,0.0
26/09/2030 04:00,0.0
26/09/2030 05:00,0.0
26/09/2030 06:00,0.0
26/09/2030 07:00,0.0
26/09/2030 08:00,0.0
26/09/2030 09:00,0.0
26/09/2030 10:00,0.0
26/09/2030 11:00,0.0
26/09/2030 12:00,0.0
26/09/2030 13:00,0.0
26/09/2030 14:00,0.0
26/09/2030 15:00,0.0
26/09/2030 16:00,0.0
26/09/2030 17:00,0.0
26/09/2030 18:00,0.0
26/09/2030 19:00,0.0
26/09/2030 20:00,0.0
26/09/2030 21:00,0.0
26/09/2030 22:00,0.0
26/09/2030 23:00,0.0
27/09/2030 00:00,0.0
27/09/2030 01:00,0.0
27/09/2030 02:00,0.0
27/09/2030 03:00,0.0
27/09/2030 04:00,0.0
27/09/2030 05:00,0.0
27/09/2030 06:00,0.0
27/09/2030 07:00,0.0
27/09/2030 08:00,0.0
27/09/2030 09:00,0.0
27/09/2030 10:00,0.0
27/09/2030 11:00,0.0
27/09/2030 12:00,0.0
27/09/2030 13:00,0.0
27/09/2030 14:00,0.0
27/09/2030 15:00,0.0
27/09/2030 16:00,0.0
27/09/2030 17:00,0.0
27/09/2030 18:00,0.0
27/09/2030 19:00,0.0
27/09/2030 20:00,0.0
27/09/2030 21:00,0.0
27/09/2030 22:00,0.0
27/09/2030 23:00,0.0
28/09/2030 00:00,0.0
28/09/2030 01:00,0.0
28/09/2030 02:00,0.0
28/09/2030 03:00,0.0
28/09/2030 04:00,0.0
28/09/2030 05:00,0.0
28/09/2030 06:00,0.0
28/09/2030 07:00,0.0
28/09/2030 08:00,0.0
28/09/2030 09:00,0.0
28/09/2030 10:00,0.0
28/09/2030 11:00,0.0
28/09/2030 12:00,0.0
28/09/2030 13:00,0.0
28/09/2030 14:00,0.0
28/09/2030 15:00,0.0
28/09/2030 16:00,0.0
28/09/2030 17:00,0.0
28/09/2030 18:00,0.0
28/09/2030 19:00,0.0
28/09/2030 20:00,0.0
28/09/2030 21:00,0.0
28/09/2030 22:00,0.0
28/09/2030 23:00,0.0
29/09/2030 00:00,0.0
29/09/2030 01:00,0.0
29/09/2030 02:00,0.0
29/09/2030 03:00,0.0
29/09/2030 04:00,0.0
29/09/2030 05:00,0.0
29/09/2030 06:00,0.0
29/09/2030 07:00,0.0
29/09/2030 08:00,0.0
29/09/2030 09:00,0.0
29/09/2030 10:00,0.0
29/09/2030 11:00,0.0
29/09/2030 12:00,0.0
29/09/2030 13:00,0.0
29/09/2030 14:00,0.0
29/09/2030 15:00,0.0
29/09/2030 16:00,0.0
29/09/2030 17:00,0.0
29/09/2030 18:00,0.0
29/09/2030 19:00,0.0
29/09/2030 20:00,0.0
29/09/2030 21:00,0.0
29/09/2030 22:00,0.0
29/09/2030 23:00,0.0
30/09/2030 00:00,0.0
30/09/2030 01:00,0.0
30/09/2030 02:00,0.0
30/09/2030 03:00,0.0
30/09/2030 04:00,0.0
30/09/2030 05:00,0.0
30/09/2030 06:00,0.0
30/09/2030 07:00,0.0
30/09/2030 08:00,0.0
30/09/2030 09:00,0.0
30/09/2030 10:00,0.0
30/09/2030 11:00,0.0
30/09/2030 12:00,0.0
30/09/2030 13:00,0.0
30/09/2030 14:00,0.0
30/09/2030 15:00,0.0
30/09/2030 16:00,0.0
30/09/2030 17:00,0.0
30/09/2030 18:00,0.0
30/09/2030 19:00,0.0
30/09/2030 20:00,0.0
30/09/2030 21:00,0.0
30/09/2030 22:00,0.0
30/09/2030 23:00,0.0
01/10/2030 00:00,502.7277272727273
01/10/2030 01:00,0.0
01/10/2030 02:00,0.0
01/10/2030 03:00,0.0
01/10/2030 04:00,0.0
01/10/2030 05:00,0.0
01/10/2030 06:00,0.0
01/10/2030 07:00,0.0
01/10/2030 08:00,0.0
01/10/2030 09:00,0.0
01/10/2030 10:00,0.0
01/10/2030 11:00,0.0
01/10/2030 12:00,0.0
01/10/2030 13:00,0.0
01/10/2030 14:00,0.0
01/10/2030 15:00,0.0
01/10/2030 16:00,0.0
01/10/2030 17:00,0.0
01/10/2030 18:00,0.0
01/10/2030 19:00,0.0
01/10/2030 20:00,0.0
01/10/2030 21:00,0.0
01/10/2030 22:00,0.0
01/10/2030 23:00,0.0
02/10/2030 00:00,0.0
02/10/2030 01:00,0.0
02/10/2030 02:00,0.0
02/10/2030 03:00,0.0
02/10/2030 04:00,0.0
02/10/2030 05:00,0.0
02/10/2030 06:00,0.0
02/10/2030 07:00,0.0
02/10/2030 08:00,0.0
02/10/2030 09:00,0.0
02/10/2030 10:00,0.0
02/10/2030 11:00,0.0
02/10/2030 12:00,0.0
02/10/2030 13:00,0.0
02/10/2030 14:00,0.0
02/10/2030 15:00,0.0
02/10/2030 16:00,0.0
02/10/2030 17:00,0.0
02/10/2030 18:00,0.0
02/10/2030 19:00,0.0
02/10/2030 20:00,0.0
02/10/2030 21:00,0.0
02/10/2030 22:00,0.0
02/10/2030 23:00,0.0
03/10/2030 00:00,0.0
03/10/2030 01:00,0.0
03/10/2030 02:00,0.0
03/10/2030 03:00,0.0
03/10/2030 04:00,0.0
03/10/2030 05:00,0.0
03/10/2030 06:00,0.0
03/10/2030 07:00,0.0
03/10/2030 08:00,0.0
03/10/2030 09:00,0.0
03/10/2030 10:00,0.0
03/10/2030 11:00,0.0
03/10/2030 12:00,0.0
03/10/2030 13:00,0.0
03/10/2030 14:00,0.0
03/10/2030 15:00,0.0
03/10/2030 16:00,0.0
03/10/2030 17:00,0.0
03/10/2030 18:00,0.0
03/10/2030 19:00,0.0
03/10/2030 20:00,0.0
03/10/2030 21:00,0.0
03/10/2030 22:00,0.0
03/10/2030 23:00,0.0
04/10/2030 00:00,0.0
04/10/2030 01:00,0.0
04/10/2030 02:00,0.0
04/10/2030 03:00,0.0
04/10/2030 04:00,0.0
04/10/2030 05:00,0.0
04/10/2030 06:00,0.0
04/10/2030 07:00,0.0
04/10/2030 08:00,0.0
04/10/2030 09:00,0.0
04/10/2030 10:00,0.0
04/10/2030 11:00,0.0
04/10/2030 12:00,0.0
04/10/2030 13:00,0.0
04/10/2030 14:00,0.0
04/10/2030 15:00,0.0
04/10/2030 16:00,0.0
04/10/2030 17:00,0.0
04/10/2030 18:00,0.0
04/10/2030 19:00,0.0
04/10/2030 20:00,0.0
04/10/2030 21:00,0.0
04/10/2030 22:00,0.0
04/10/2030 23:00,0.0
05/10/2030 00:00,0.0
05/10/2030 01:00,0.0
05/10/2030 02:00,0.0
05/10/2030 03:00,0.0
05/10/2030 04:00,0.0
05/10/2030 05:00,0.0
05/10/2030 06:00,0.0
05/10/2030 07:00,0.0
05/10/2030 08:00,0.0
05/10/2030 09:00,0.0
05/10/2030 10:00,0.0
05/10/2030 11:00,8.333247659684275
05/10/2030 12:00,502.7277272727273
05/10/2030 13:00,502.7277272727273
05/10/2030 14:00,502.7277272727273
05/10/2030 15:00,502.7277272727273
05/10/2030 16:00,502.7277272727273
05/10/2030 17:00,229.24896043244743
05/10/2030 18:00,0.0
05/10/2030 19:00,0.0
05/10/2030 20:00,0.0
05/10/2030 21:00,0.0
05/10/2030 22:00,0.0
05/10/2030 23:00,0.0
06/10/2030 00:00,0.0
06/10/2030 01:00,0.0
06/10/2030 02:00,61.11056600857349
06/10/2030 03:00,0.0
06/10/2030 04:00,0.0
06/10/2030 05:00,0.0
06/10/2030 06:00,0.0
06/10/2030 07:00,0.0
06/10/2030 08:00,0.0
06/10/2030 09:00,0.0
06/10/2030 10:00,0.0
06/10/2030 11:00,322.5544824092473
06/10/2030 12:00,502.7277272727273
06/10/2030 13:00,0.0
06/10/2030 14:00,0.0
06/10/2030 15:00,242.3034605511471
06/10/2030 16:00,0.0
06/10/2030 17:00,0.0
06/10/2030 18:00,0.0
06/10/2030 19:00,0.0
06/10/2030 20:00,0.0
06/10/2030 21:00,0.0
06/10/2030 22:00,0.0
06/10/2030 23:00,0.0
07/10/2030 00:00,0.0
07/10/2030 01:00,0.0
07/10/2030 02:00,0.0
07/10/2030 03:00,0.0
07/10/2030 04:00,0.0
07/10/2030 05:00,0.0
07/10/2030 06:00,0.0
07/10/2030 07:00,0.0
07/10/2030 08:00,0.0
07/10/2030 09:00,0.0
07/10/2030 10:00,0.0
07/10/2030 11:00,0.0
07/10/2030 12:00,0.0
07/10/2030 13:00,0.0
07/10/2030 14:00,0.0
07/10/2030 15:00,0.0
07/10/2030 16:00,0.0
07/10/2030 17:00,0.0
07/10/2030 18:00,0.0
07/10/2030 19:00,0.0
07/10/2030 20:00,0.0
07/10/2030 21:00,0.0
07/10/2030 22:00,0.0
07/10/2030 23:00,0.0
08/10/2030 00:00,0.0
08/10/2030 01:00,0.0
08/10/2030 02:00,0.0
08/10/2030 03:00,0.0
08/10/2030 04:00,0.0
08/10/2030 05:00,0.0
08/10/2030 06:00,0.0
08/10/2030 07:00,0.0
08/10/2030 08:00,0.0
08/10/2030 09:00,0.0
08/10/2030 10:00,0.0
08/10/2030 11:00,0.0
08/10/2030 12:00,0.0
08/10/2030 13:00,0.0
08/10/2030 14:00,0.0
08/10/2030 15:00,0.0
08/10/2030 16:00,0.0
08/10/2030 17:00,0.0
08/10/2030 18:00,0.0
08/10/2030 19:00,0.0
08/10/2030 20:00,0.0
08/10/2030 21:00,0.0
08/10/2030 22:00,0.0
08/10/2030 23:00,0.0
09/10/2030 00:00,0.0
09/10/2030 01:00,0.0
09/10/2030 02:00,0.0
09/10/2030 03:00,0.0
09/10/2030 04:00,0.0
09/10/2030 05:00,0.0
09/10/2030 06:00,0.0
09/10/2030 07:00,0.0
09/10/2030 08:00,0.0
09/10/2030 09:00,0.0
09/10/2030 10:00,0.0
09/10/2030 11:00,0.0
09/10/2030 12:00,0.0
09/10/2030 13:00,0.0
09/10/2030 14:00,0.0
09/10/2030 15:00,0.0
09/10/2030 16:00,0.0
09/10/2030 17:00,0.0
09/10/2030 18:00,0.0
09/10/2030 19:00,0.0
09/10/2030 20:00,0.0
09/10/2030 21:00,0.0
09/10/2030 22:00,0.0
09/10/2030 23:00,0.0
10/10/2030 00:00,0.0
10/10/2030 01:00,0.0
10/10/2030 02:00,0.0
10/10/2030 03:00,0.0
10/10/2030 04:00,0.0
10/10/2030 05:00,0.0
10/10/2030 06:00,0.0
10/10/2030 07:00,0.0
10/10/2030 08:00,0.0
10/10/2030 09:00,0.0
10/10/2030 10:00,0.0
10/10/2030 11:00,0.0
10/10/2030 12:00,0.0
10/10/2030 13:00,0.0
10/10/2030 14:00,0.0
10/10/2030 15:00,0.0
10/10/2030 16:00,0.0
10/10/2030 17:00,0.0
10/10/2030 18:00,0.0
10/10/2030 19:00,0.0
10/10/2030 20:00,0.0
10/10/2030 21:00,0.0
10/10/2030 22:00,0.0
10/10/2030 23:00,0.0
11/10/2030 00:00,0.0
11/10/2030 01:00,0.0
11/10/2030 02:00,0.0
11/10/2030 03:00,0.0
11/10/2030 04:00,0.0
11/10/2030 05:00,0.0
11/10/2030 06:00,0.0
11/10/2030 07:00,0.0
11/10/2030 08:00,0.0
11/10/2030 09:00,0.0
11/10/2030 10:00,0.0
11/10/2030 11:00,0.0
11/10/2030 12:00,0.0
11/10/2030 13:00,0.0
11/10/2030 14:00,0.0
11/10/2030 15:00,0.0
11/10/2030 16:00,0.0
11/10/2030 17:00,0.0
11/10/2030 18:00,0.0
11/10/2030 19:00,0.0
11/10/2030 20:00,0.0
11/10/2030 21:00,0.0
11/10/2030 22:00,0.0
11/10/2030 23:00,0.0
12/10/2030 00:00,0.0
12/10/2030 01:00,0.0
12/10/2030 02:00,0.0
12/10/2030 03:00,0.0
12/10/2030 04:00,0.0
12/10/2030 05:00,0.0
12/10/2030 06:00,0.0
12/10/2030 07:00,0.0
12/10/2030 08:00,0.0
12/10/2030 09:00,0.0
12/10/2030 10:00,0.0
12/10/2030 11:00,174.54391206741818
12/10/2030 12:00,283.9293820084772
12/10/2030 13:00,326.356074594219
12/10/2030 14:00,502.7277272727273
12/10/2030 15:00,389.66387611116477
12/10/2030 16:00,266.59639606030396
12/10/2030 17:00,0.0
12/10/2030 18:00,0.0
12/10/2030 19:00,0.0
12/10/2030 20:00,0.0
12/10/2030 21:00,0.0
12/10/2030 22:00,0.0
12/10/2030 23:00,0.0
13/10/2030 00:00,0.0
13/10/2030 01:00,0.0
13/10/2030 02:00,0.0
13/10/2030 03:00,0.0
13/10/2030 04:00,113.87418280925198
13/10/2030 05:00,0.0
13/10/2030 06:00,0.0
13/10/2030 07:00,352.6671410881072
13/10/2030 08:00,48.852347546787456
13/10/2030 09:00,0.0
13/10/2030 10:00,502.7277272727273
13/10/2030 11:00,502.7277272727273
13/10/2030 12:00,502.7277272727273
13/10/2030 13:00,502.7277272727273
13/10/2030 14:00,502.7277272727273
13/10/2030 15:00,502.7277272727273
13/10/2030 16:00,502.7277272727273
13/10/2030 17:00,502.7277272727273
13/10/2030 18:00,0.0
13/10/2030 19:00,0.0
13/10/2030 20:00,0.0
13/10/2030 21:00,0.0
13/10/2030 22:00,0.0
13/10/2030 23:00,0.0
14/10/2030 00:00,198.26198247133706
14/10/2030 01:00,0.0
14/10/2030 02:00,0.0
14/10/2030 03:00,0.0
14/10/2030 04:00,0.0
14/10/2030 05:00,0.0
14/10/2030 06:00,0.0
14/10/2030 07:00,0.0
14/10/2030 08:00,0.0
14/10/2030 09:00,0.0
14/10/2030 10:00,0.0
14/10/2030 11:00,502.7277272727273
14/10/2030 12:00,443.97560810142903
14/10/2030 13:00,459.62252033530365
14/10/2030 14:00,502.7277272727273
14/10/2030 15:00,135.00225993150806
14/10/2030 16:00,0.0
14/10/2030 17:00,0.0
14/10/2030 18:00,0.0
14/10/2030 19:00,0.0
14/10/2030 20:00,0.0
14/10/2030 21:00,0.0
14/10/2030 22:00,0.0
14/10/2030 23:00,0.0
15/10/2030 00:00,0.0
15/10/2030 01:00,0.0
15/10/2030 02:00,0.0
15/10/2030 03:00,0.0
15/10/2030 04:00,0.0
15/10/2030 05:00,0.0
15/10/2030 06:00,0.0
15/10/2030 07:00,0.0
15/10/2030 08:00,0.0
15/10/2030 09:00,0.0
15/10/2030 10:00,0.0
15/10/2030 11:00,0.0
15/10/2030 12:00,0.0
15/10/2030 13:00,0.0
15/10/2030 14:00,0.0
15/10/2030 15:00,0.0
15/10/2030 16:00,0.0
15/10/2030 17:00,0.0
15/10/2030 18:00,0.0
15/10/2030 19:00,0.0
15/10/2030 20:00,0.0
15/10/2030 21:00,0.0
15/10/2030 22:00,0.0
15/10/2030 23:00,0.0
16/10/2030 00:00,0.0
16/10/2030 01:00,0.0
16/10/2030 02:00,0.0
16/10/2030 03:00,0.0
16/10/2030 04:00,0.0
16/10/2030 05:00,0.0
16/10/2030 06:00,0.0
16/10/2030 07:00,0.0
16/10/2030 08:00,0.0
16/10/2030 09:00,0.0
16/10/2030 10:00,0.0
16/10/2030 11:00,0.0
16/10/2030 12:00,0.0
16/10/2030 13:00,0.0
16/10/2030 14:00,0.0
16/10/2030 15:00,0.0
16/10/2030 16:00,0.0
16/10/2030 17:00,0.0
16/10/2030 18:00,0.0
16/10/2030 19:00,0.0
16/10/2030 20:00,0.0
16/10/2030 21:00,0.0
16/10/2030 22:00,0.0
16/10/2030 23:00,0.0
17/10/2030 00:00,0.0
17/10/2030 01:00,0.0
17/10/2030 02:00,0.0
17/10/2030 03:00,0.0
17/10/2030 04:00,0.0
17/10/2030 05:00,0.0
17/10/2030 06:00,0.0
17/10/2030 07:00,0.0
17/10/2030 08:00,0.0
17/10/2030 09:00,0.0
17/10/2030 10:00,0.0
17/10/2030 11:00,0.0
17/10/2030 12:00,0.0
17/10/2030 13:00,0.0
17/10/2030 14:00,0.0
17/10/2030 15:00,0.0
17/10/2030 16:00,0.0
17/10/2030 17:00,0.0
17/10/2030 18:00,0.0
17/10/2030 19:00,0.0
17/10/2030 20:00,0.0
17/10/2030 21:00,0.0
17/10/2030 22:00,0.0
17/10/2030 23:00,0.0
18/10/2030 00:00,0.0
18/10/2030 01:00,0.0
18/10/2030 02:00,0.0
18/10/2030 03:00,0.0
18/10/2030 04:00,0.0
18/10/2030 05:00,0.0
18/10/2030 06:00,0.0
18/10/2030 07:00,0.0
18/10/2030 08:00,0.0
18/10/2030 09:00,0.0
18/10/2030 10:00,0.0
18/10/2030 11:00,0.0
18/10/2030 12:00,0.0
18/10/2030 13:00,0.0
18/10/2030 14:00,0.0
18/10/2030 15:00,0.0
18/10/2030 16:00,0.0
18/10/2030 17:00,0.0
18/10/2030 18:00,0.0
18/10/2030 19:00,0.0
18/10/2030 20:00,0.0
18/10/2030 21:00,0.0
18/10/2030 22:00,0.0
18/10/2030 23:00,0.0
19/10/2030 00:00,0.0
19/10/2030 01:00,0.0
19/10/2030 02:00,0.0
19/10/2030 03:00,0.0
19/10/2030 04:00,0.0
19/10/2030 05:00,0.0
19/10/2030 06:00,0.0
19/10/2030 07:00,0.0
19/10/2030 08:00,0.0
19/10/2030 09:00,0.0
19/10/2030 10:00,0.0
19/10/2030 11:00,0.0
19/10/2030 12:00,0.0
19/10/2030 13:00,0.0
19/10/2030 14:00,0.0
19/10/2030 15:00,0.0
19/10/2030 16:00,0.0
19/10/2030 17:00,0.0
19/10/2030 18:00,0.0
19/10/2030 19:00,0.0
19/10/2030 20:00,0.0
19/10/2030 21:00,0.0
19/10/2030 22:00,0.0
19/10/2030 23:00,0.0
20/10/2030 00:00,0.0
20/10/2030 01:00,0.0
20/10/2030 02:00,0.0
20/10/2030 03:00,0.0
20/10/2030 04:00,0.0
20/10/2030 05:00,0.0
20/10/2030 06:00,0.0
20/10/2030 07:00,0.0
20/10/2030 08:00,0.0
20/10/2030 09:00,0.0
20/10/2030 10:00,0.0
20/10/2030 11:00,0.0
20/10/2030 12:00,0.0
20/10/2030 13:00,0.0
20/10/2030 14:00,0.0
20/10/2030 15:00,0.0
20/10/2030 16:00,0.0
20/10/2030 17:00,0.0
20/10/2030 18:00,0.0
20/10/2030 19:00,0.0
20/10/2030 20:00,0.0
20/10/2030 21:00,0.0
20/10/2030 22:00,0.0
20/10/2030 23:00,0.0
21/10/2030 00:00,0.0
21/10/2030 01:00,0.0
21/10/2030 02:00,0.0
21/10/2030 03:00,0.0
21/10/2030 04:00,0.0
21/10/2030 05:00,0.0
21/10/2030 06:00,0.0
21/10/2030 07:00,0.0
21/10/2030 08:00,0.0
21/10/2030 09:00,0.0
21/10/2030 10:00,0.0
21/10/2030 11:00,0.0
21/10/2030 12:00,0.0
21/10/2030 13:00,0.0
21/10/2030 14:00,0.0
21/10/2030 15:00,0.0
21/10/2030 16:00,0.0
21/10/2030 17:00,0.0
21/10/2030 18:00,0.0
21/10/2030 19:00,0.0
21/10/2030 20:00,0.0
21/10/2030 21:00,0.0
21/10/2030 22:00,0.0
21/10/2030 23:00,0.0
22/10/2030 00:00,0.0
22/10/2030 01:00,0.0
22/10/2030 02:00,0.0
22/10/2030 03:00,0.0
22/10/2030 04:00,0.0
22/10/2030 05:00,0.0
22/10/2030 06:00,0.0
22/10/2030 07:00,0.0
22/10/2030 08:00,0.0
22/10/2030 09:00,0.0
22/10/2030 10:00,0.0
22/10/2030 11:00,366.6653814083759
22/10/2030 12:00,411.6265794531999
22/10/2030 13:00,478.5711317837954
22/10/2030 14:00,502.7277272727273
22/10/2030 15:00,502.7277272727273
22/10/2030 16:00,301.21103678427085
22/10/2030 17:00,0.0
22/10/2030 18:00,0.0
22/10/2030 19:00,0.0
22/10/2030 20:00,0.0
22/10/2030 21:00,0.0
22/10/2030 22:00,0.0
22/10/2030 23:00,0.0
23/10/2030 00:00,0.0
23/10/2030 01:00,0.0
23/10/2030 02:00,0.0
23/10/2030 03:00,0.0
23/10/2030 04:00,0.0
23/10/2030 05:00,0.0
23/10/2030 06:00,0.0
23/10/2030 07:00,0.0
23/10/2030 08:00,0.0
23/10/2030 09:00,0.0
23/10/2030 10:00,0.0
23/10/2030 11:00,0.0
23/10/2030 12:00,0.0
23/10/2030 13:00,0.0
23/10/2030 14:00,0.0
23/10/2030 15:00,0.0
23/10/2030 16:00,0.0
23/10/2030 17:00,0.0
23/10/2030 18:00,0.0
23/10/2030 19:00,0.0
23/10/2030 20:00,0.0
23/10/2030 21:00,0.0
23/10/2030 22:00,0.0
23/10/2030 23:00,0.0
24/10/2030 00:00,0.0
24/10/2030 01:00,0.0
24/10/2030 02:00,0.0
24/10/2030 03:00,0.0
24/10/2030 04:00,0.0
24/10/2030 05:00,0.0
24/10/2030 06:00,0.0
24/10/2030 07:00,0.0
24/10/2030 08:00,0.0
24/10/2030 09:00,0.0
24/10/2030 10:00,0.0
24/10/2030 11:00,0.0
24/10/2030 12:00,0.0
24/10/2030 13:00,0.0
24/10/2030 14:00,0.0
24/10/2030 15:00,0.0
24/10/2030 16:00,0.0
24/10/2030 17:00,0.0
24/10/2030 18:00,0.0
24/10/2030 19:00,0.0
24/10/2030 20:00,0.0
24/10/2030 21:00,0.0
24/10/2030 22:00,0.0
24/10/2030 23:00,0.0
25/10/2030 00:00,0.0
25/10/2030 01:00,0.0
25/10/2030 02:00,0.0
25/10/2030 03:00,0.0
25/10/2030 04:00,0.0
25/10/2030 05:00,0.0
25/10/2030 06:00,0.0
25/10/2030 07:00,0.0
25/10/2030 08:00,0.0
25/10/2030 09:00,0.0
25/10/2030 10:00,0.0
25/10/2030 11:00,0.0
25/10/2030 12:00,0.0
25/10/2030 13:00,0.0
25/10/2030 14:00,0.0
25/10/2030 15:00,0.0
25/10/2030 16:00,0.0
25/10/2030 17:00,0.0
25/10/2030 18:00,0.0
25/10/2030 19:00,0.0
25/10/2030 20:00,0.0
25/10/2030 21:00,0.0
25/10/2030 22:00,0.0
25/10/2030 23:00,0.0
26/10/2030 00:00,0.0
26/10/2030 01:00,0.0
26/10/2030 02:00,0.0
26/10/2030 03:00,0.0
26/10/2030 04:00,0.0
26/10/2030 05:00,0.0
26/10/2030 06:00,0.0
26/10/2030 07:00,0.0
26/10/2030 08:00,0.0
26/10/2030 09:00,0.0
26/10/2030 10:00,0.0
26/10/2030 11:00,0.0
26/10/2030 12:00,0.0
26/10/2030 13:00,0.0
26/10/2030 14:00,0.0
26/10/2030 15:00,0.0
26/10/2030 16:00,0.0
26/10/2030 17:00,0.0
26/10/2030 18:00,0.0
26/10/2030 19:00,0.0
26/10/2030 20:00,0.0
26/10/2030 21:00,0.0
26/10/2030 22:00,0.0
26/10/2030 23:00,0.0
27/10/2030 00:00,0.0
27/10/2030 01:00,0.0
27/10/2030 02:00,0.0
27/10/2030 03:00,0.0
27/10/2030 04:00,0.0
27/10/2030 05:00,0.0
27/10/2030 06:00,0.0
27/10/2030 07:00,0.0
27/10/2030 08:00,0.0
27/10/2030 09:00,0.0
27/10/2030 10:00,0.0
27/10/2030 11:00,0.0
27/10/2030 12:00,0.0
27/10/2030 13:00,0.0
27/10/2030 14:00,0.0
27/10/2030 15:00,0.0
27/10/2030 16:00,0.0
27/10/2030 17:00,0.0
27/10/2030 18:00,0.0
27/10/2030 19:00,0.0
27/10/2030 20:00,0.0
27/10/2030 21:00,0.0
27/10/2030 22:00,0.0
27/10/2030 23:00,0.0
28/10/2030 00:00,0.0
28/10/2030 01:00,0.0
28/10/2030 02:00,0.0
28/10/2030 03:00,0.0
28/10/2030 04:00,0.0
28/10/2030 05:00,0.0
28/10/2030 06:00,0.0
28/10/2030 07:00,0.0
28/10/2030 08:00,0.0
28/10/2030 09:00,0.0
28/10/2030 10:00,0.0
28/10/2030 11:00,0.0
28/10/2030 12:00,0.0
28/10/2030 13:00,0.0
28/10/2030 14:00,0.0
28/10/2030 15:00,0.0
28/10/2030 16:00,0.0
28/10/2030 17:00,0.0
28/10/2030 18:00,0.0
28/10/2030 19:00,0.0
28/10/2030 20:00,0.0
28/10/2030 21:00,0.0
28/10/2030 22:00,0.0
28/10/2030 23:00,0.0
29/10/2030 00:00,0.0
29/10/2030 01:00,0.0
29/10/2030 02:00,0.0
29/10/2030 03:00,0.0
29/10/2030 04:00,0.0
29/10/2030 05:00,0.0
29/10/2030 06:00,0.0
29/10/2030 07:00,0.0
29/10/2030 08:00,0.0
29/10/2030 09:00,0.0
29/10/2030 10:00,0.0
29/10/2030 11:00,0.0
29/10/2030 12:00,0.0
29/10/2030 13:00,0.0
29/10/2030 14:00,0.0
29/10/2030 15:00,0.0
29/10/2030 16:00,0.0
29/10/2030 17:00,0.0
29/10/2030 18:00,0.0
29/10/2030 19:00,0.0
29/10/2030 20:00,0.0
29/10/2030 21:00,0.0
29/10/2030 22:00,0.0
29/10/2030 23:00,0.0
30/10/2030 00:00,0.0
30/10/2030 01:00,0.0
30/10/2030 02:00,0.0
30/10/2030 03:00,0.0
30/10/2030 04:00,0.0
30/10/2030 05:00,0.0
30/10/2030 06:00,0.0
30/10/2030 07:00,0.0
30/10/2030 08:00,0.0
30/10/2030 09:00,0.0
30/10/2030 10:00,0.0
30/10/2030 11:00,0.0
30/10/2030 12:00,0.0
30/10/2030 13:00,0.0
30/10/2030 14:00,0.0
30/10/2030 15:00,0.0
30/10/2030 16:00,0.0
30/10/2030 17:00,0.0
30/10/2030 18:00,0.0
30/10/2030 19:00,0.0
30/10/2030 20:00,0.0
30/10/2030 21:00,0.0
30/10/2030 22:00,0.0
30/10/2030 23:00,0.0
31/10/2030 00:00,0.0
31/10/2030 01:00,0.0
31/10/2030 02:00,0.0
31/10/2030 03:00,0.0
31/10/2030 04:00,0.0
31/10/2030 05:00,0.0
31/10/2030 06:00,0.0
31/10/2030 07:00,0.0
31/10/2030 08:00,0.0
31/10/2030 09:00,0.0
31/10/2030 10:00,0.0
31/10/2030 11:00,0.0
31/10/2030 12:00,0.0
31/10/2030 13:00,0.0
31/10/2030 14:00,0.0
31/10/2030 15:00,0.0
31/10/2030 16:00,0.0
31/10/2030 17:00,0.0
31/10/2030 18:00,0.0
31/10/2030 19:00,0.0
31/10/2030 20:00,0.0
31/10/2030 21:00,0.0
31/10/2030 22:00,0.0
31/10/2030 23:00,0.0
01/11/2030 00:00,0.0
01/11/2030 01:00,0.0
01/11/2030 02:00,0.0
01/11/2030 03:00,0.0
01/11/2030 04:00,0.0
01/11/2030 05:00,0.0
01/11/2030 06:00,0.0
01/11/2030 07:00,0.0
01/11/2030 08:00,0.0
01/11/2030 09:00,0.0
01/11/2030 10:00,0.0
01/11/2030 11:00,0.0
01/11/2030 12:00,0.0
01/11/2030 13:00,0.0
01/11/2030 14:00,0.0
01/11/2030 15:00,0.0
01/11/2030 16:00,0.0
01/11/2030 17:00,0.0
01/11/2030 18:00,0.0
01/11/2030 19:00,0.0
01/11/2030 20:00,0.0
01/11/2030 21:00,0.0
01/11/2030 22:00,0.0
01/11/2030 23:00,0.0
02/11/2030 00:00,0.0
02/11/2030 01:00,0.0
02/11/2030 02:00,0.0
02/11/2030 03:00,0.0
02/11/2030 04:00,0.0
02/11/2030 05:00,0.0
02/11/2030 06:00,0.0
02/11/2030 07:00,0.0
02/11/2030 08:00,0.0
02/11/2030 09:00,0.0
02/11/2030 10:00,0.0
02/11/2030 11:00,0.0
02/11/2030 12:00,0.0
02/11/2030 13:00,0.0
02/11/2030 14:00,0.0
02/11/2030 15:00,0.0
02/11/2030 16:00,0.0
02/11/2030 17:00,0.0
02/11/2030 18:00,0.0
02/11/2030 19:00,0.0
02/11/2030 20:00,0.0
02/11/2030 21:00,0.0
02/11/2030 22:00,0.0
02/11/2030 23:00,0.0
03/11/2030 00:00,0.0
03/11/2030 01:00,0.0
03/11/2030 02:00,0.0
03/11/2030 03:00,0.0
03/11/2030 04:00,0.0
03/11/2030 05:00,0.0
03/11/2030 06:00,0.0
03/11/2030 07:00,0.0
03/11/2030 08:00,0.0
03/11/2030 09:00,0.0
03/11/2030 10:00,0.0
03/11/2030 11:00,0.0
03/11/2030 12:00,0.0
03/11/2030 13:00,0.0
03/11/2030 14:00,0.0
03/11/2030 15:00,0.0
03/11/2030 16:00,0.0
03/11/2030 17:00,0.0
03/11/2030 18:00,0.0
03/11/2030 19:00,0.0
03/11/2030 20:00,0.0
03/11/2030 21:00,0.0
03/11/2030 22:00,0.0
03/11/2030 23:00,0.0
04/11/2030 00:00,0.0
04/11/2030 01:00,0.0
04/11/2030 02:00,0.0
04/11/2030 03:00,0.0
04/11/2030 04:00,0.0
04/11/2030 05:00,0.0
04/11/2030 06:00,0.0
04/11/2030 07:00,0.0
04/11/2030 08:00,0.0
04/11/2030 09:00,0.0
04/11/2030 10:00,0.0
04/11/2030 11:00,0.0
04/11/2030 12:00,0.0
04/11/2030 13:00,0.0
04/11/2030 14:00,0.0
04/11/2030 15:00,0.0
04/11/2030 16:00,0.0
04/11/2030 17:00,0.0
04/11/2030 18:00,0.0
04/11/2030 19:00,0.0
04/11/2030 20:00,0.0
04/11/2030 21:00,0.0
04/11/2030 22:00,0.0
04/11/2030 23:00,0.0
05/11/2030 00:00,0.0
05/11/2030 01:00,0.0
05/11/2030 02:00,0.0
05/11/2030 03:00,0.0
05/11/2030 04:00,0.0
05/11/2030 05:00,0.0
05/11/2030 06:00,0.0
05/11/2030 07:00,0.0
05/11/2030 08:00,0.0
05/11/2030 09:00,0.0
05/11/2030 10:00,0.0
05/11/2030 11:00,0.0
05/11/2030 12:00,0.0
05/11/2030 13:00,0.0
05/11/2030 14:00,0.0
05/11/2030 15:00,0.0
05/11/2030 16:00,0.0
05/11/2030 17:00,0.0
05/11/2030 18:00,0.0
05/11/2030 19:00,0.0
05/11/2030 20:00,0.0
05/11/2030 21:00,0.0
05/11/2030 22:00,0.0
05/11/2030 23:00,0.0
06/11/2030 00:00,0.0
06/11/2030 01:00,0.0
06/11/2030 02:00,0.0
06/11/2030 03:00,0.0
06/11/2030 04:00,0.0
06/11/2030 05:00,0.0
06/11/2030 06:00,0.0
06/11/2030 07:00,0.0
06/11/2030 08:00,0.0
06/11/2030 09:00,0.0
06/11/2030 10:00,0.0
06/11/2030 11:00,0.0
06/11/2030 12:00,0.0
06/11/2030 13:00,0.0
06/11/2030 14:00,332.4525519761785
06/11/2030 15:00,386.9170010189233
06/11/2030 16:00,189.97862948186878
06/11/2030 17:00,0.0
06/11/2030 18:00,0.0
06/11/2030 19:00,0.0
06/11/2030 20:00,0.0
06/11/2030 21:00,0.0
06/11/2030 22:00,0.0
06/11/2030 23:00,0.0
07/11/2030 00:00,160.78208496609327
07/11/2030 01:00,302.64160945794146
07/11/2030 02:00,368.03328933553496
07/11/2030 03:00,489.1427084360431
07/11/2030 04:00,502.7277272727273
07/11/2030 05:00,472.3469138691558
07/11/2030 06:00,176.80336313726033
07/11/2030 07:00,0.0
07/11/2030 08:00,0.0
07/11/2030 09:00,0.0
07/11/2030 10:00,0.0
07/11/2030 11:00,0.0
07/11/2030 12:00,0.0
07/11/2030 13:00,502.7277272727273
07/11/2030 14:00,502.7277272727273
07/11/2030 15:00,0.0
07/11/2030 16:00,368.05912679131904
07/11/2030 17:00,0.0
07/11/2030 18:00,0.0
07/11/2030 19:00,0.0
07/11/2030 20:00,0.0
07/11/2030 21:00,0.0
07/11/2030 22:00,0.0
07/11/2030 23:00,0.0
08/11/2030 00:00,0.0
08/11/2030 01:00,0.0
08/11/2030 02:00,0.0
08/11/2030 03:00,0.0
08/11/2030 04:00,0.0
08/11/2030 05:00,0.0
08/11/2030 06:00,0.0
08/11/2030 07:00,0.0
08/11/2030 08:00,0.0
08/11/2030 09:00,0.0
08/11/2030 10:00,0.0
08/11/2030 11:00,0.0
08/11/2030 12:00,0.0
08/11/2030 13:00,0.0
08/11/2030 14:00,0.0
08/11/2030 15:00,0.0
08/11/2030 16:00,0.0
08/11/2030 17:00,0.0
08/11/2030 18:00,0.0
08/11/2030 19:00,0.0
08/11/2030 20:00,0.0
08/11/2030 21:00,0.0
08/11/2030 22:00,0.0
08/11/2030 23:00,0.0
09/11/2030 00:00,0.0
09/11/2030 01:00,0.0
09/11/2030 02:00,0.0
09/11/2030 03:00,0.0
09/11/2030 04:00,0.0
09/11/2030 05:00,0.0
09/11/2030 06:00,0.0
09/11/2030 07:00,0.0
09/11/2030 08:00,0.0
09/11/2030 09:00,0.0
09/11/2030 10:00,0.0
09/11/2030 11:00,0.0
09/11/2030 12:00,0.0
09/11/2030 13:00,0.0
09/11/2030 14:00,0.0
09/11/2030 15:00,0.0
09/11/2030 16:00,0.0
09/11/2030 17:00,0.0
09/11/2030 18:00,0.0
09/11/2030 19:00,0.0
09/11/2030 20:00,0.0
09/11/2030 21:00,0.0
09/11/2030 22:00,0.0
09/11/2030 23:00,0.0
10/11/2030 00:00,0.0
10/11/2030 01:00,0.0
10/11/2030 02:00,0.0
10/11/2030 03:00,0.0
10/11/2030 04:00,0.0
10/11/2030 05:00,0.0
10/11/2030 06:00,0.0
10/11/2030 07:00,0.0
10/11/2030 08:00,0.0
10/11/2030 09:00,0.0
10/11/2030 10:00,0.0
10/11/2030 11:00,0.0
10/11/2030 12:00,0.0
10/11/2030 13:00,0.0
10/11/2030 14:00,0.0
10/11/2030 15:00,0.0
10/11/2030 16:00,0.0
10/11/2030 17:00,0.0
10/11/2030 18:00,0.0
10/11/2030 19:00,0.0
10/11/2030 20:00,0.0
10/11/2030 21:00,0.0
10/11/2030 22:00,0.0
10/11/2030 23:00,0.0
11/11/2030 00:00,0.0
11/11/2030 01:00,0.0
11/11/2030 02:00,0.0
11/11/2030 03:00,0.0
11/11/2030 04:00,0.0
11/11/2030 05:00,0.0
11/11/2030 06:00,0.0
11/11/2030 07:00,0.0
11/11/2030 08:00,0.0
11/11/2030 09:00,0.0
11/11/2030 10:00,0.0
11/11/2030 11:00,0.0
11/11/2030 12:00,0.0
11/11/2030 13:00,0.0
11/11/2030 14:00,0.0
11/11/2030 15:00,0.0
11/11/2030 16:00,0.0
11/11/2030 17:00,0.0
11/11/2030 18:00,0.0
11/11/2030 19:00,0.0
11/11/2030 20:00,0.0
11/11/2030 21:00,0.0
11/11/2030 22:00,0.0
11/11/2030 23:00,0.0
12/11/2030 00:00,0.0
12/11/2030 01:00,0.0
12/11/2030 02:00,0.0
12/11/2030 03:00,0.0
12/11/2030 04:00,0.0
12/11/2030 05:00,0.0
12/11/2030 06:00,0.0
12/11/2030 07:00,0.0
12/11/2030 08:00,0.0
12/11/2030 09:00,0.0
12/11/2030 10:00,0.0
12/11/2030 11:00,0.0
12/11/2030 12:00,0.0
12/11/2030 13:00,0.0
12/11/2030 14:00,0.0
12/11/2030 15:00,0.0
12/11/2030 16:00,0.0
12/11/2030 17:00,0.0
12/11/2030 18:00,0.0
12/11/2030 19:00,0.0
12/11/2030 20:00,0.0
12/11/2030 21:00,0.0
12/11/2030 22:00,0.0
12/11/2030 23:00,0.0
13/11/2030 00:00,0.0
13/11/2030 01:00,0.0
13/11/2030 02:00,0.0
13/11/2030 03:00,0.0
13/11/2030 04:00,0.0
13/11/2030 05:00,0.0
13/11/2030 06:00,0.0
13/11/2030 07:00,0.0
13/11/2030 08:00,0.0
13/11/2030 09:00,0.0
13/11/2030 10:00,0.0
13/11/2030 11:00,0.0
13/11/2030 12:00,0.0
13/11/2030 13:00,0.0
13/11/2030 14:00,0.0
13/11/2030 15:00,0.0
13/11/2030 16:00,0.0
13/11/2030 17:00,0.0
13/11/2030 18:00,0.0
13/11/2030 19:00,0.0
13/11/2030 20:00,0.0
13/11/2030 21:00,0.0
13/11/2030 22:00,0.0
13/11/2030 23:00,0.0
14/11/2030 00:00,0.0
14/11/2030 01:00,0.0
14/11/2030 02:00,0.0
14/11/2030 03:00,0.0
14/11/2030 04:00,0.0
14/11/2030 05:00,0.0
14/11/2030 06:00,0.0
14/11/2030 07:00,0.0
14/11/2030 08:00,0.0
14/11/2030 09:00,0.0
14/11/2030 10:00,0.0
14/11/2030 11:00,0.0
14/11/2030 12:00,0.0
14/11/2030 13:00,0.0
14/11/2030 14:00,0.0
14/11/2030 15:00,0.0
14/11/2030 16:00,0.0
14/11/2030 17:00,0.0
14/11/2030 18:00,0.0
14/11/2030 19:00,0.0
14/11/2030 20:00,0.0
14/11/2030 21:00,0.0
14/11/2030 22:00,0.0
14/11/2030 23:00,0.0
15/11/2030 00:00,0.0
15/11/2030 01:00,0.0
15/11/2030 02:00,0.0
15/11/2030 03:00,0.0
15/11/2030 04:00,0.0
15/11/2030 05:00,0.0
15/11/2030 06:00,0.0
15/11/2030 07:00,0.0
15/11/2030 08:00,0.0
15/11/2030 09:00,0.0
15/11/2030 10:00,0.0
15/11/2030 11:00,0.0
15/11/2030 12:00,305.0646970065327
15/11/2030 13:00,297.8951307354954
15/11/2030 14:00,291.692380109668
15/11/2030 15:00,182.8880257028945
15/11/2030 16:00,0.0
15/11/2030 17:00,0.0
15/11/2030 18:00,0.0
15/11/2030 19:00,0.0
15/11/2030 20:00,0.0
15/11/2030 21:00,0.0
15/11/2030 22:00,0.0
15/11/2030 23:00,0.0
16/11/2030 00:00,0.0
16/11/2030 01:00,0.0
16/11/2030 02:00,0.0
16/11/2030 03:00,0.0
16/11/2030 04:00,0.0
16/11/2030 05:00,0.0
16/11/2030 06:00,0.0
16/11/2030 07:00,0.0
16/11/2030 08:00,0.0
16/11/2030 09:00,0.0
16/11/2030 10:00,0.0
16/11/2030 11:00,0.0
16/11/2030 12:00,0.0
16/11/2030 13:00,0.0
16/11/2030 14:00,0.0
16/11/2030 15:00,0.0
16/11/2030 16:00,0.0
16/11/2030 17:00,0.0
16/11/2030 18:00,0.0
16/11/2030 19:00,0.0
16/11/2030 20:00,0.0
16/11/2030 21:00,0.0
16/11/2030 22:00,0.0
16/11/2030 23:00,0.0
17/11/2030 00:00,0.0
17/11/2030 01:00,0.0
17/11/2030 02:00,0.0
17/11/2030 03:00,0.0
17/11/2030 04:00,0.0
17/11/2030 05:00,0.0
17/11/2030 06:00,0.0
17/11/2030 07:00,0.0
17/11/2030 08:00,0.0
17/11/2030 09:00,0.0
17/11/2030 10:00,0.0
17/11/2030 11:00,0.0
17/11/2030 12:00,0.0
17/11/2030 13:00,0.0
17/11/2030 14:00,0.0
17/11/2030 15:00,0.0
17/11/2030 16:00,0.0
17/11/2030 17:00,0.0
17/11/2030 18:00,0.0
17/11/2030 19:00,0.0
17/11/2030 20:00,0.0
17/11/2030 21:00,0.0
17/11/2030 22:00,0.0
17/11/2030 23:00,0.0
18/11/2030 00:00,0.0
18/11/2030 01:00,0.0
18/11/2030 02:00,0.0
18/11/2030 03:00,0.0
18/11/2030 04:00,0.0
18/11/2030 05:00,0.0
18/11/2030 06:00,0.0
18/11/2030 07:00,0.0
18/11/2030 08:00,0.0
18/11/2030 09:00,0.0
18/11/2030 10:00,0.0
18/11/2030 11:00,0.0
18/11/2030 12:00,0.0
18/11/2030 13:00,0.0
18/11/2030 14:00,0.0
18/11/2030 15:00,0.0
18/11/2030 16:00,0.0
18/11/2030 17:00,0.0
18/11/2030 18:00,0.0
18/11/2030 19:00,0.0
18/11/2030 20:00,0.0
18/11/2030 21:00,0.0
18/11/2030 22:00,0.0
18/11/2030 23:00,0.0
19/11/2030 00:00,0.0
19/11/2030 01:00,0.0
19/11/2030 02:00,0.0
19/11/2030 03:00,0.0
19/11/2030 04:00,0.0
19/11/2030 05:00,0.0
19/11/2030 06:00,0.0
19/11/2030 07:00,0.0
19/11/2030 08:00,0.0
19/11/2030 09:00,0.0
19/11/2030 10:00,0.0
19/11/2030 11:00,0.0
19/11/2030 12:00,0.0
19/11/2030 13:00,0.0
19/11/2030 14:00,0.0
19/11/2030 15:00,0.0
19/11/2030 16:00,0.0
19/11/2030 17:00,0.0
19/11/2030 18:00,0.0
19/11/2030 19:00,0.0
19/11/2030 20:00,0.0
19/11/2030 21:00,0.0
19/11/2030 22:00,0.0
19/11/2030 23:00,0.0
20/11/2030 00:00,0.0
20/11/2030 01:00,0.0
20/11/2030 02:00,0.0
20/11/2030 03:00,0.0
20/11/2030 04:00,0.0
20/11/2030 05:00,0.0
20/11/2030 06:00,0.0
20/11/2030 07:00,0.0
20/11/2030 08:00,0.0
20/11/2030 09:00,0.0
20/11/2030 10:00,0.0
20/11/2030 11:00,0.0
20/11/2030 12:00,0.0
20/11/2030 13:00,0.0
20/11/2030 14:00,0.0
20/11/2030 15:00,0.0
20/11/2030 16:00,0.0
20/11/2030 17:00,0.0
20/11/2030 18:00,0.0
20/11/2030 19:00,0.0
20/11/2030 20:00,0.0
20/11/2030 21:00,0.0
20/11/2030 22:00,0.0
20/11/2030 23:00,0.0
21/11/2030 00:00,0.0
21/11/2030 01:00,0.0
21/11/2030 02:00,0.0
21/11/2030 03:00,0.0
21/11/2030 04:00,0.0
21/11/2030 05:00,0.0
21/11/2030 06:00,0.0
21/11/2030 07:00,0.0
21/11/2030 08:00,0.0
21/11/2030 09:00,0.0
21/11/2030 10:00,0.0
21/11/2030 11:00,0.0
21/11/2030 12:00,0.0
21/11/2030 13:00,0.0
21/11/2030 14:00,0.0
21/11/2030 15:00,0.0
21/11/2030 16:00,0.0
21/11/2030 17:00,0.0
21/11/2030 18:00,0.0
21/11/2030 19:00,0.0
21/11/2030 20:00,0.0
21/11/2030 21:00,0.0
21/11/2030 22:00,0.0
21/11/2030 23:00,0.0
22/11/2030 00:00,0.0
22/11/2030 01:00,0.0
22/11/2030 02:00,0.0
22/11/2030 03:00,0.0
22/11/2030 04:00,0.0
22/11/2030 05:00,0.0
22/11/2030 06:00,0.0
22/11/2030 07:00,0.0
22/11/2030 08:00,0.0
22/11/2030 09:00,0.0
22/11/2030 10:00,0.0
22/11/2030 11:00,0.0
22/11/2030 12:00,0.0
22/11/2030 13:00,0.0
22/11/2030 14:00,0.0
22/11/2030 15:00,0.0
22/11/2030 16:00,0.0
22/11/2030 17:00,0.0
22/11/2030 18:00,0.0
22/11/2030 19:00,0.0
22/11/2030 20:00,0.0
22/11/2030 21:00,0.0
22/11/2030 22:00,0.0
22/11/2030 23:00,0.0
23/11/2030 00:00,0.0
23/11/2030 01:00,0.0
23/11/2030 02:00,0.0
23/11/2030 03:00,0.0
23/11/2030 04:00,0.0
23/11/2030 05:00,0.0
23/11/2030 06:00,0.0
23/11/2030 07:00,0.0
23/11/2030 08:00,0.0
23/11/2030 09:00,0.0
23/11/2030 10:00,0.0
23/11/2030 11:00,0.0
23/11/2030 12:00,0.0
23/11/2030 13:00,0.0
23/11/2030 14:00,0.0
23/11/2030 15:00,0.0
23/11/2030 16:00,0.0
23/11/2030 17:00,0.0
23/11/2030 18:00,0.0
23/11/2030 19:00,0.0
23/11/2030 20:00,0.0
23/11/2030 21:00,0.0
23/11/2030 22:00,0.0
23/11/2030 23:00,0.0
24/11/2030 00:00,0.0
24/11/2030 01:00,0.0
24/11/2030 02:00,0.0
24/11/2030 03:00,0.0
24/11/2030 04:00,0.0
24/11/2030 05:00,0.0
24/11/2030 06:00,0.0
24/11/2030 07:00,0.0
24/11/2030 08:00,0.0
24/11/2030 09:00,0.0
24/11/2030 10:00,0.0
24/11/2030 11:00,0.0
24/11/2030 12:00,0.0
24/11/2030 13:00,0.0
24/11/2030 14:00,0.0
24/11/2030 15:00,0.0
24/11/2030 16:00,0.0
24/11/2030 17:00,0.0
24/11/2030 18:00,0.0
24/11/2030 19:00,0.0
24/11/2030 20:00,0.0
24/11/2030 21:00,0.0
24/11/2030 22:00,0.0
24/11/2030 23:00,0.0
25/11/2030 00:00,0.0
25/11/2030 01:00,0.0
25/11/2030 02:00,0.0
25/11/2030 03:00,0.0
25/11/2030 04:00,0.0
25/11/2030 05:00,0.0
25/11/2030 06:00,0.0
25/11/2030 07:00,0.0
25/11/2030 08:00,0.0
25/11/2030 09:00,0.0
25/11/2030 10:00,0.0
25/11/2030 11:00,0.0
25/11/2030 12:00,0.0
25/11/2030 13:00,0.0
25/11/2030 14:00,0.0
25/11/2030 15:00,0.0
25/11/2030 16:00,0.0
25/11/2030 17:00,0.0
25/11/2030 18:00,0.0
25/11/2030 19:00,0.0
25/11/2030 20:00,0.0
25/11/2030 21:00,0.0
25/11/2030 22:00,0.0
25/11/2030 23:00,0.0
26/11/2030 00:00,502.7277272727273
26/11/2030 01:00,0.0
26/11/2030 02:00,0.0
26/11/2030 03:00,0.0
26/11/2030 04:00,0.0
26/11/2030 05:00,0.0
26/11/2030 06:00,0.0
26/11/2030 07:00,0.0
26/11/2030 08:00,0.0
26/11/2030 09:00,0.0
26/11/2030 10:00,0.0
26/11/2030 11:00,0.0
26/11/2030 12:00,0.0
26/11/2030 13:00,0.0
26/11/2030 14:00,0.0
26/11/2030 15:00,0.0
26/11/2030 16:00,0.0
26/11/2030 17:00,0.0
26/11/2030 18:00,0.0
26/11/2030 19:00,0.0
26/11/2030 20:00,0.0
26/11/2030 21:00,0.0
26/11/2030 22:00,0.0
26/11/2030 23:00,0.0
27/11/2030 00:00,0.0
27/11/2030 01:00,0.0
27/11/2030 02:00,0.0
27/11/2030 03:00,0.0
27/11/2030 04:00,0.0
27/11/2030 05:00,0.0
27/11/2030 06:00,0.0
27/11/2030 07:00,0.0
27/11/2030 08:00,0.0
27/11/2030 09:00,0.0
27/11/2030 10:00,0.0
27/11/2030 11:00,0.0
27/11/2030 12:00,0.0
27/11/2030 13:00,0.0
27/11/2030 14:00,0.0
27/11/2030 15:00,0.0
27/11/2030 16:00,0.0
27/11/2030 17:00,0.0
27/11/2030 18:00,0.0
27/11/2030 19:00,0.0
27/11/2030 20:00,0.0
27/11/2030 21:00,0.0
27/11/2030 22:00,0.0
27/11/2030 23:00,0.0
28/11/2030 00:00,0.0
28/11/2030 01:00,0.0
28/11/2030 02:00,0.0
28/11/2030 03:00,0.0
28/11/2030 04:00,0.0
28/11/2030 05:00,0.0
28/11/2030 06:00,0.0
28/11/2030 07:00,0.0
28/11/2030 08:00,0.0
28/11/2030 09:00,0.0
28/11/2030 10:00,0.0
28/11/2030 11:00,0.0
28/11/2030 12:00,0.0
28/11/2030 13:00,0.0
28/11/2030 14:00,0.0
28/11/2030 15:00,0.0
28/11/2030 16:00,0.0
28/11/2030 17:00,0.0
28/11/2030 18:00,0.0
28/11/2030 19:00,0.0
28/11/2030 20:00,0.0
28/11/2030 21:00,0.0
28/11/2030 22:00,0.0
28/11/2030 23:00,0.0
29/11/2030 00:00,0.0
29/11/2030 01:00,0.0
29/11/2030 02:00,0.0
29/11/2030 03:00,0.0
29/11/2030 04:00,0.0
29/11/2030 05:00,0.0
29/11/2030 06:00,0.0
29/11/2030 07:00,0.0
29/11/2030 08:00,0.0
29/11/2030 09:00,0.0
29/11/2030 10:00,0.0
29/11/2030 11:00,0.0
29/11/2030 12:00,0.0
29/11/2030 13:00,0.0
29/11/2030 14:00,0.0
29/11/2030 15:00,0.0
29/11/2030 16:00,0.0
29/11/2030 17:00,0.0
29/11/2030 18:00,0.0
29/11/2030 19:00,0.0
29/11/2030 20:00,0.0
29/11/2030 21:00,0.0
29/11/2030 22:00,0.0
29/11/2030 23:00,0.0
30/11/2030 00:00,0.0
30/11/2030 01:00,0.0
30/11/2030 02:00,0.0
30/11/2030 03:00,0.0
30/11/2030 04:00,0.0
30/11/2030 05:00,0.0
30/11/2030 06:00,0.0
30/11/2030 07:00,0.0
30/11/2030 08:00,0.0
30/11/2030 09:00,0.0
30/11/2030 10:00,0.0
30/11/2030 11:00,0.0
30/11/2030 12:00,0.0
30/11/2030 13:00,0.0
30/11/2030 14:00,0.0
30/11/2030 15:00,0.0
30/11/2030 16:00,0.0
30/11/2030 17:00,0.0
30/11/2030 18:00,0.0
30/11/2030 19:00,0.0
30/11/2030 20:00,0.0
30/11/2030 21:00,0.0
30/11/2030 22:00,0.0
30/11/2030 23:00,0.0
01/12/2030 00:00,0.0
01/12/2030 01:00,0.0
01/12/2030 02:00,0.0
01/12/2030 03:00,0.0
01/12/2030 04:00,0.0
01/12/2030 05:00,0.0
01/12/2030 06:00,0.0
01/12/2030 07:00,0.0
01/12/2030 08:00,0.0
01/12/2030 09:00,0.0
01/12/2030 10:00,0.0
01/12/2030 11:00,0.0
01/12/2030 12:00,0.0
01/12/2030 13:00,0.0
01/12/2030 14:00,0.0
01/12/2030 15:00,0.0
01/12/2030 16:00,0.0
01/12/2030 17:00,0.0
01/12/2030 18:00,0.0
01/12/2030 19:00,0.0
01/12/2030 20:00,0.0
01/12/2030 21:00,0.0
01/12/2030 22:00,0.0
01/12/2030 23:00,0.0
02/12/2030 00:00,0.0
02/12/2030 01:00,0.0
02/12/2030 02:00,0.0
02/12/2030 03:00,0.0
02/12/2030 04:00,0.0
02/12/2030 05:00,0.0
02/12/2030 06:00,0.0
02/12/2030 07:00,0.0
02/12/2030 08:00,0.0
02/12/2030 09:00,0.0
02/12/2030 10:00,0.0
02/12/2030 11:00,0.0
02/12/2030 12:00,0.0
02/12/2030 13:00,0.0
02/12/2030 14:00,0.0
02/12/2030 15:00,0.0
02/12/2030 16:00,0.0
02/12/2030 17:00,0.0
02/12/2030 18:00,0.0
02/12/2030 19:00,0.0
02/12/2030 20:00,0.0
02/12/2030 21:00,0.0
02/12/2030 22:00,0.0
02/12/2030 23:00,0.0
03/12/2030 00:00,0.0
03/12/2030 01:00,0.0
03/12/2030 02:00,0.0
03/12/2030 03:00,0.0
03/12/2030 04:00,0.0
03/12/2030 05:00,0.0
03/12/2030 06:00,0.0
03/12/2030 07:00,0.0
03/12/2030 08:00,0.0
03/12/2030 09:00,0.0
03/12/2030 10:00,0.0
03/12/2030 11:00,0.0
03/12/2030 12:00,0.0
03/12/2030 13:00,0.0
03/12/2030 14:00,0.0
03/12/2030 15:00,0.0
03/12/2030 16:00,0.0
03/12/2030 17:00,0.0
03/12/2030 18:00,0.0
03/12/2030 19:00,0.0
03/12/2030 20:00,0.0
03/12/2030 21:00,0.0
03/12/2030 22:00,0.0
03/12/2030 23:00,0.0
04/12/2030 00:00,0.0
04/12/2030 01:00,0.0
04/12/2030 02:00,0.0
04/12/2030 03:00,0.0
04/12/2030 04:00,0.0
04/12/2030 05:00,0.0
04/12/2030 06:00,0.0
04/12/2030 07:00,0.0
04/12/2030 08:00,0.0
04/12/2030 09:00,0.0
04/12/2030 10:00,0.0
04/12/2030 11:00,0.0
04/12/2030 12:00,0.0
04/12/2030 13:00,0.0
04/12/2030 14:00,0.0
04/12/2030 15:00,0.0
04/12/2030 16:00,0.0
04/12/2030 17:00,0.0
04/12/2030 18:00,0.0
04/12/2030 19:00,0.0
04/12/2030 20:00,0.0
04/12/2030 21:00,0.0
04/12/2030 22:00,0.0
04/12/2030 23:00,0.0
05/12/2030 00:00,0.0
05/12/2030 01:00,0.0
05/12/2030 02:00,0.0
05/12/2030 03:00,0.0
05/12/2030 04:00,0.0
05/12/2030 05:00,0.0
05/12/2030 06:00,0.0
05/12/2030 07:00,0.0
05/12/2030 08:00,0.0
05/12/2030 09:00,0.0
05/12/2030 10:00,0.0
05/12/2030 11:00,0.0
05/12/2030 12:00,0.0
05/12/2030 13:00,0.0
05/12/2030 14:00,0.0
05/12/2030 15:00,0.0
05/12/2030 16:00,0.0
05/12/2030 17:00,0.0
05/12/2030 18:00,0.0
05/12/2030 19:00,0.0
05/12/2030 20:00,0.0
05/12/2030 21:00,0.0
05/12/2030 22:00,0.0
05/12/2030 23:00,0.0
06/12/2030 00:00,0.0
06/12/2030 01:00,0.0
06/12/2030 02:00,0.0
06/12/2030 03:00,0.0
06/12/2030 04:00,0.0
06/12/2030 05:00,0.0
06/12/2030 06:00,0.0
06/12/2030 07:00,0.0
06/12/2030 08:00,0.0
06/12/2030 09:00,0.0
06/12/2030 10:00,0.0
06/12/2030 11:00,0.0
06/12/2030 12:00,0.0
06/12/2030 13:00,0.0
06/12/2030 14:00,0.0
06/12/2030 15:00,0.0
06/12/2030 16:00,0.0
06/12/2030 17:00,0.0
06/12/2030 18:00,0.0
06/12/2030 19:00,0.0
06/12/2030 20:00,0.0
06/12/2030 21:00,0.0
06/12/2030 22:00,0.0
06/12/2030 23:00,0.0
07/12/2030 00:00,0.0
07/12/2030 01:00,0.0
07/12/2030 02:00,0.0
07/12/2030 03:00,0.0
07/12/2030 04:00,0.0
07/12/2030 05:00,0.0
07/12/2030 06:00,0.0
07/12/2030 07:00,0.0
07/12/2030 08:00,0.0
07/12/2030 09:00,0.0
07/12/2030 10:00,0.0
07/12/2030 11:00,0.0
07/12/2030 12:00,0.0
07/12/2030 13:00,0.0
07/12/2030 14:00,0.0
07/12/2030 15:00,0.0
07/12/2030 16:00,0.0
07/12/2030 17:00,0.0
07/12/2030 18:00,0.0
07/12/2030 19:00,0.0
07/12/2030 20:00,0.0
07/12/2030 21:00,0.0
07/12/2030 22:00,0.0
07/12/2030 23:00,0.0
08/12/2030 00:00,0.0
08/12/2030 01:00,0.0
08/12/2030 02:00,0.0
08/12/2030 03:00,0.0
08/12/2030 04:00,0.0
08/12/2030 05:00,0.0
08/12/2030 06:00,0.0
08/12/2030 07:00,0.0
08/12/2030 08:00,0.0
08/12/2030 09:00,0.0
08/12/2030 10:00,0.0
08/12/2030 11:00,0.0
08/12/2030 12:00,0.0
08/12/2030 13:00,0.0
08/12/2030 14:00,0.0
08/12/2030 15:00,0.0
08/12/2030 16:00,0.0
08/12/2030 17:00,0.0
08/12/2030 18:00,0.0
08/12/2030 19:00,0.0
08/12/2030 20:00,0.0
08/12/2030 21:00,0.0
08/12/2030 22:00,0.0
08/12/2030 23:00,0.0
09/12/2030 00:00,0.0
09/12/2030 01:00,0.0
09/12/2030 02:00,0.0
09/12/2030 03:00,0.0
09/12/2030 04:00,0.0
09/12/2030 05:00,0.0
09/12/2030 06:00,0.0
09/12/2030 07:00,0.0
09/12/2030 08:00,0.0
09/12/2030 09:00,0.0
09/12/2030 10:00,0.0
09/12/2030 11:00,0.0
09/12/2030 12:00,0.0
09/12/2030 13:00,0.0
09/12/2030 14:00,0.0
09/12/2030 15:00,0.0
09/12/2030 16:00,0.0
09/12/2030 17:00,0.0
09/12/2030 18:00,0.0
09/12/2030 19:00,0.0
09/12/2030 20:00,0.0
09/12/2030 21:00,0.0
09/12/2030 22:00,0.0
09/12/2030 23:00,0.0
10/12/2030 00:00,0.0
10/12/2030 01:00,0.0
10/12/2030 02:00,0.0
10/12/2030 03:00,0.0
10/12/2030 04:00,0.0
10/12/2030 05:00,0.0
10/12/2030 06:00,0.0
10/12/2030 07:00,57.11798971549815
10/12/2030 08:00,0.0
10/12/2030 09:00,0.0
10/12/2030 10:00,0.0
10/12/2030 11:00,0.0
10/12/2030 12:00,0.0
10/12/2030 13:00,502.7277272727273
10/12/2030 14:00,502.7277272727273
10/12/2030 15:00,0.0
10/12/2030 16:00,0.0
10/12/2030 17:00,0.0
10/12/2030 18:00,0.0
10/12/2030 19:00,0.0
10/12/2030 20:00,0.0
10/12/2030 21:00,0.0
10/12/2030 22:00,0.0
10/12/2030 23:00,0.0
11/12/2030 00:00,0.0
11/12/2030 01:00,0.0
11/12/2030 02:00,0.0
11/12/2030 03:00,0.0
11/12/2030 04:00,0.0
11/12/2030 05:00,0.0
11/12/2030 06:00,0.0
11/12/2030 07:00,0.0
11/12/2030 08:00,0.0
11/12/2030 09:00,0.0
11/12/2030 10:00,0.0
11/12/2030 11:00,0.0
11/12/2030 12:00,0.0
11/12/2030 13:00,0.0
11/12/2030 14:00,0.0
11/12/2030 15:00,0.0
11/12/2030 16:00,0.0
11/12/2030 17:00,0.0
11/12/2030 18:00,0.0
11/12/2030 19:00,0.0
11/12/2030 20:00,0.0
11/12/2030 21:00,0.0
11/12/2030 22:00,0.0
11/12/2030 23:00,0.0
12/12/2030 00:00,0.0
12/12/2030 01:00,0.0
12/12/2030 02:00,0.0
12/12/2030 03:00,0.0
12/12/2030 04:00,0.0
12/12/2030 05:00,0.0
12/12/2030 06:00,0.0
12/12/2030 07:00,0.0
12/12/2030 08:00,0.0
12/12/2030 09:00,0.0
12/12/2030 10:00,0.0
12/12/2030 11:00,0.0
12/12/2030 12:00,0.0
12/12/2030 13:00,296.1884365659094
12/12/2030 14:00,502.7277272727273
12/12/2030 15:00,502.7277272727273
12/12/2030 16:00,385.03845845724743
12/12/2030 17:00,27.08760367657008
12/12/2030 18:00,0.0
12/12/2030 19:00,0.0
12/12/2030 20:00,0.0
12/12/2030 21:00,0.0
12/12/2030 22:00,0.0
12/12/2030 23:00,290.83546927428836
13/12/2030 00:00,434.6199935208518
13/12/2030 01:00,502.7277272727273
13/12/2030 02:00,502.7277272727273
13/12/2030 03:00,502.7277272727273
13/12/2030 04:00,502.7277272727273
13/12/2030 05:00,502.7277272727273
13/12/2030 06:00,502.7277272727273
13/12/2030 07:00,140.416889026902
13/12/2030 08:00,0.0
13/12/2030 09:00,37.01212227208987
13/12/2030 10:00,339.9669857388849
13/12/2030 11:00,502.7277272727273
13/12/2030 12:00,502.7277272727273
13/12/2030 13:00,502.7277272727273
13/12/2030 14:00,502.7277272727273
13/12/2030 15:00,502.7277272727273
13/12/2030 16:00,397.39027033310623
13/12/2030 17:00,0.0
13/12/2030 18:00,0.0
13/12/2030 19:00,0.0
13/12/2030 20:00,0.0
13/12/2030 21:00,0.0
13/12/2030 22:00,0.0
13/12/2030 23:00,0.0
14/12/2030 00:00,0.0
14/12/2030 01:00,0.0
14/12/2030 02:00,0.0
14/12/2030 03:00,0.0
14/12/2030 04:00,0.0
14/12/2030 05:00,0.0
14/12/2030 06:00,0.0
14/12/2030 07:00,0.0
14/12/2030 08:00,0.0
14/12/2030 09:00,0.0
14/12/2030 10:00,0.0
14/12/2030 11:00,0.0
14/12/2030 12:00,0.0
14/12/2030 13:00,0.0
14/12/2030 14:00,206.00126464972936
14/12/2030 15:00,0.0
14/12/2030 16:00,0.0
14/12/2030 17:00,0.0
14/12/2030 18:00,0.0
14/12/2030 19:00,0.0
14/12/2030 20:00,0.0
14/12/2030 21:00,0.0
14/12/2030 22:00,0.0
14/12/2030 23:00,0.0
15/12/2030 00:00,0.0
15/12/2030 01:00,0.0
15/12/2030 02:00,0.0
15/12/2030 03:00,0.0
15/12/2030 04:00,0.0
15/12/2030 05:00,0.0
15/12/2030 06:00,0.0
15/12/2030 07:00,0.0
15/12/2030 08:00,0.0
15/12/2030 09:00,0.0
15/12/2030 10:00,0.0
15/12/2030 11:00,0.0
15/12/2030 12:00,0.0
15/12/2030 13:00,0.0
15/12/2030 14:00,0.0
15/12/2030 15:00,0.0
15/12/2030 16:00,0.0
15/12/2030 17:00,0.0
15/12/2030 18:00,0.0
15/12/2030 19:00,0.0
15/12/2030 20:00,0.0
15/12/2030 21:00,0.0
15/12/2030 22:00,0.0
15/12/2030 23:00,0.0
16/12/2030 00:00,0.0
16/12/2030 01:00,0.0
16/12/2030 02:00,0.0
16/12/2030 03:00,0.0
16/12/2030 04:00,0.0
16/12/2030 05:00,0.0
16/12/2030 06:00,0.0
16/12/2030 07:00,0.0
16/12/2030 08:00,0.0
16/12/2030 09:00,0.0
16/12/2030 10:00,0.0
16/12/2030 11:00,0.0
16/12/2030 12:00,0.0
16/12/2030 13:00,0.0
16/12/2030 14:00,0.0
16/12/2030 15:00,0.0
16/12/2030 16:00,0.0
16/12/2030 17:00,0.0
16/12/2030 18:00,0.0
16/12/2030 19:00,0.0
16/12/2030 20:00,0.0
16/12/2030 21:00,0.0
16/12/2030 22:00,0.0
16/12/2030 23:00,0.0
17/12/2030 00:00,0.0
17/12/2030 01:00,0.0
17/12/2030 02:00,0.0
17/12/2030 03:00,0.0
17/12/2030 04:00,0.0
17/12/2030 05:00,0.0
17/12/2030 06:00,0.0
17/12/2030 07:00,0.0
17/12/2030 08:00,0.0
17/12/2030 09:00,120.39281973775785
17/12/2030 10:00,0.0
17/12/2030 11:00,0.0
17/12/2030 12:00,28.729607339978347
17/12/2030 13:00,502.7277272727273
17/12/2030 14:00,502.7277272727273
17/12/2030 15:00,502.7277272727273
17/12/2030 16:00,502.7277272727273
17/12/2030 17:00,502.7277272727273
17/12/2030 18:00,207.03548577174266
17/12/2030 19:00,0.0
17/12/2030 20:00,0.0
17/12/2030 21:00,0.0
17/12/2030 22:00,0.0
17/12/2030 23:00,0.0
18/12/2030 00:00,184.74939256623702
18/12/2030 01:00,440.6035683498074
18/12/2030 02:00,502.7277272727273
18/12/2030 03:00,502.7277272727273
18/12/2030 04:00,502.7277272727273
18/12/2030 05:00,487.56002801516195
18/12/2030 06:00,72.80570425315238
18/12/2030 07:00,0.0
18/12/2030 08:00,0.0
18/12/2030 09:00,0.0
18/12/2030 10:00,0.0
18/12/2030 11:00,357.7517786967911
18/12/2030 12:00,156.30765382916843
18/12/2030 13:00,190.26496843304423
18/12/2030 14:00,439.61151357087226
18/12/2030 15:00,343.08105714653897
18/12/2030 16:00,0.0
18/12/2030 17:00,0.0
18/12/2030 18:00,0.0
18/12/2030 19:00,0.0
18/12/2030 20:00,0.0
18/12/2030 21:00,0.0
18/12/2030 22:00,0.0
18/12/2030 23:00,0.0
19/12/2030 00:00,0.0
19/12/2030 01:00,0.0
19/12/2030 02:00,0.0
19/12/2030 03:00,0.0
19/12/2030 04:00,0.0
19/12/2030 05:00,0.0
19/12/2030 06:00,0.0
19/12/2030 07:00,0.0
19/12/2030 08:00,0.0
19/12/2030 09:00,0.0
19/12/2030 10:00,0.0
19/12/2030 11:00,0.0
19/12/2030 12:00,0.0
19/12/2030 13:00,0.0
19/12/2030 14:00,0.0
19/12/2030 15:00,0.0
19/12/2030 16:00,0.0
19/12/2030 17:00,0.0
19/12/2030 18:00,0.0
19/12/2030 19:00,0.0
19/12/2030 20:00,0.0
19/12/2030 21:00,0.0
19/12/2030 22:00,0.0
19/12/2030 23:00,0.0
20/12/2030 00:00,0.0
20/12/2030 01:00,0.0
20/12/2030 02:00,0.0
20/12/2030 03:00,0.0
20/12/2030 04:00,0.0
20/12/2030 05:00,0.0
20/12/2030 06:00,0.0
20/12/2030 07:00,0.0
20/12/2030 08:00,0.0
20/12/2030 09:00,0.0
20/12/2030 10:00,0.0
20/12/2030 11:00,0.0
20/12/2030 12:00,0.0
20/12/2030 13:00,0.0
20/12/2030 14:00,0.0
20/12/2030 15:00,0.0
20/12/2030 16:00,0.0
20/12/2030 17:00,0.0
20/12/2030 18:00,0.0
20/12/2030 19:00,0.0
20/12/2030 20:00,0.0
20/12/2030 21:00,0.0
20/12/2030 22:00,0.0
20/12/2030 23:00,0.0
21/12/2030 00:00,0.0
21/12/2030 01:00,0.0
21/12/2030 02:00,0.0
21/12/2030 03:00,0.0
21/12/2030 04:00,0.0
21/12/2030 05:00,0.0
21/12/2030 06:00,0.0
21/12/2030 07:00,0.0
21/12/2030 08:00,0.0
21/12/2030 09:00,0.0
21/12/2030 10:00,0.0
21/12/2030 11:00,0.0
21/12/2030 12:00,0.0
21/12/2030 13:00,0.0
21/12/2030 14:00,0.0
21/12/2030 15:00,0.0
21/12/2030 16:00,0.0
21/12/2030 17:00,0.0
21/12/2030 18:00,0.0
21/12/2030 19:00,0.0
21/12/2030 20:00,0.0
21/12/2030 21:00,0.0
21/12/2030 22:00,0.0
21/12/2030 23:00,0.0
22/12/2030 00:00,0.0
22/12/2030 01:00,0.0
22/12/2030 02:00,0.0
22/12/2030 03:00,0.0
22/12/2030 04:00,0.0
22/12/2030 05:00,0.0
22/12/2030 06:00,0.0
22/12/2030 07:00,0.0
22/12/2030 08:00,0.0
22/12/2030 09:00,0.0
22/12/2030 10:00,0.0
22/12/2030 11:00,0.0
22/12/2030 12:00,0.0
22/12/2030 13:00,336.3769750308346
22/12/2030 14:00,266.55718292525626
22/12/2030 15:00,0.0
22/12/2030 16:00,0.0
22/12/2030 17:00,0.0
22/12/2030 18:00,0.0
22/12/2030 19:00,0.0
22/12/2030 20:00,0.0
22/12/2030 21:00,0.0
22/12/2030 22:00,0.0
22/12/2030 23:00,0.0
23/12/2030 00:00,0.0
23/12/2030 01:00,0.0
23/12/2030 02:00,0.0
23/12/2030 03:00,0.0
23/12/2030 04:00,0.0
23/12/2030 05:00,0.0
23/12/2030 06:00,0.0
23/12/2030 07:00,0.0
23/12/2030 08:00,0.0
23/12/2030 09:00,0.0
23/12/2030 10:00,0.0
23/12/2030 11:00,502.7277272727273
23/12/2030 12:00,502.7277272727273
23/12/2030 13:00,502.7277272727273
23/12/2030 14:00,502.7277272727273
23/12/2030 15:00,502.7277272727273
23/12/2030 16:00,137.89919470721492
23/12/2030 17:00,0.0
23/12/2030 18:00,0.0
23/12/2030 19:00,0.0
23/12/2030 20:00,0.0
23/12/2030 21:00,0.0
23/12/2030 22:00,0.0
23/12/2030 23:00,0.0
24/12/2030 00:00,502.7277272727273
24/12/2030 01:00,0.0
24/12/2030 02:00,0.0
24/12/2030 03:00,0.0
24/12/2030 04:00,0.0
24/12/2030 05:00,0.0
24/12/2030 06:00,0.0
24/12/2030 07:00,0.0
24/12/2030 08:00,0.0
24/12/2030 09:00,0.0
24/12/2030 10:00,0.0
24/12/2030 11:00,0.0
24/12/2030 12:00,0.0
24/12/2030 13:00,0.0
24/12/2030 14:00,0.0
24/12/2030 15:00,0.0
24/12/2030 16:00,0.0
24/12/2030 17:00,0.0
24/12/2030 18:00,0.0
24/12/2030 19:00,0.0
24/12/2030 20:00,0.0
24/12/2030 21:00,0.0
24/12/2030 22:00,0.0
24/12/2030 23:00,0.0
25/12/2030 00:00,0.0
25/12/2030 01:00,0.0
25/12/2030 02:00,0.0
25/12/2030 03:00,0.0
25/12/2030 04:00,0.0
25/12/2030 05:00,0.0
25/12/2030 06:00,0.0
25/12/2030 07:00,0.0
25/12/2030 08:00,0.0
25/12/2030 09:00,0.0
25/12/2030 10:00,0.0
25/12/2030 11:00,0.0
25/12/2030 12:00,0.0
25/12/2030 13:00,0.0
25/12/2030 14:00,0.0
25/12/2030 15:00,0.0
25/12/2030 16:00,0.0
25/12/2030 17:00,0.0
25/12/2030 18:00,0.0
25/12/2030 19:00,0.0
25/12/2030 20:00,0.0
25/12/2030 21:00,0.0
25/12/2030 22:00,0.0
25/12/2030 23:00,0.0
26/12/2030 00:00,0.0
26/12/2030 01:00,0.0
26/12/2030 02:00,0.0
26/12/2030 03:00,0.0
26/12/2030 04:00,0.0
26/12/2030 05:00,0.0
26/12/2030 06:00,0.0
26/12/2030 07:00,0.0
26/12/2030 08:00,0.0
26/12/2030 09:00,0.0
26/12/2030 10:00,0.0
26/12/2030 11:00,0.0
26/12/2030 12:00,0.0
26/12/2030 13:00,0.0
26/12/2030 14:00,0.0
26/12/2030 15:00,0.0
26/12/2030 16:00,0.0
26/12/2030 17:00,0.0
26/12/2030 18:00,0.0
26/12/2030 19:00,0.0
26/12/2030 20:00,0.0
26/12/2030 21:00,0.0
26/12/2030 22:00,0.0
26/12/2030 23:00,0.0
27/12/2030 00:00,0.0
27/12/2030 01:00,0.0
27/12/2030 02:00,0.0
27/12/2030 03:00,0.0
27/12/2030 04:00,0.0
27/12/2030 05:00,0.0
27/12/2030 06:00,0.0
27/12/2030 07:00,0.0
27/12/2030 08:00,0.0
27/12/2030 09:00,0.0
27/12/2030 10:00,0.0
27/12/2030 11:00,0.0
27/12/2030 12:00,0.0
27/12/2030 13:00,0.0
27/12/2030 14:00,0.0
27/12/2030 15:00,0.0
27/12/2030 16:00,0.0
27/12/2030 17:00,0.0
27/12/2030 18:00,0.0
27/12/2030 19:00,0.0
27/12/2030 20:00,0.0
27/12/2030 21:00,0.0
27/12/2030 22:00,0.0
27/12/2030 23:00,0.0
28/12/2030 00:00,0.0
28/12/2030 01:00,0.0
28/12/2030 02:00,0.0
28/12/2030 03:00,0.0
28/12/2030 04:00,0.0
28/12/2030 05:00,0.0
28/12/2030 06:00,0.0
28/12/2030 07:00,0.0
28/12/2030 08:00,0.0
28/12/2030 09:00,0.0
28/12/2030 10:00,0.0
28/12/2030 11:00,0.0
28/12/2030 12:00,0.0
28/12/2030 13:00,0.0
28/12/2030 14:00,0.0
28/12/2030 15:00,0.0
28/12/2030 16:00,0.0
28/12/2030 17:00,0.0
28/12/2030 18:00,0.0
28/12/2030 19:00,0.0
28/12/2030 20:00,0.0
28/12/2030 21:00,0.0
28/12/2030 22:00,0.0
28/12/2030 23:00,0.0
29/12/2030 00:00,0.0
29/12/2030 01:00,0.0
29/12/2030 02:00,0.0
29/12/2030 03:00,0.0
29/12/2030 04:00,0.0
29/12/2030 05:00,0.0
29/12/2030 06:00,0.0
29/12/2030 07:00,0.0
29/12/2030 08:00,0.0
29/12/2030 09:00,0.0
29/12/2030 10:00,0.0
29/12/2030 11:00,0.0
29/12/2030 12:00,0.0
29/12/2030 13:00,0.0
29/12/2030 14:00,0.0
29/12/2030 15:00,0.0
29/12/2030 16:00,0.0
29/12/2030 17:00,0.0
29/12/2030 18:00,0.0
29/12/2030 19:00,0.0
29/12/2030 20:00,0.0
29/12/2030 21:00,0.0
29/12/2030 22:00,0.0
29/12/2030 23:00,0.0
30/12/2030 00:00,0.0
30/12/2030 01:00,0.0
30/12/2030 02:00,0.0
30/12/2030 03:00,0.0
30/12/2030 04:00,0.0
30/12/2030 05:00,0.0
30/12/2030 06:00,0.0
30/12/2030 07:00,0.0
30/12/2030 08:00,0.0
30/12/2030 09:00,0.0
30/12/2030 10:00,0.0
30/12/2030 11:00,0.0
30/12/2030 12:00,0.0
30/12/2030 13:00,0.0
30/12/2030 14:00,0.0
30/12/2030 15:00,0.0
30/12/2030 16:00,0.0
30/12/2030 17:00,0.0
30/12/2030 18:00,0.0
30/12/2030 19:00,0.0
30/12/2030 20:00,0.0
30/12/2030 21:00,0.0
30/12/2030 22:00,0.0
30/12/2030 23:00,0.0
31/12/2030 00:00,0.0
31/12/2030 01:00,0.0
31/12/2030 02:00,0.0
31/12/2030 03:00,0.0
31/12/2030 04:00,0.0
31/12/2030 05:00,0.0
31/12/2030 06:00,0.0
31/12/2030 07:00,0.0
31/12/2030 08:00,0.0
31/12/2030 09:00,0.0
31/12/2030 10:00,0.0
31/12/2030 11:00,0.0
31/12/2030 12:00,0.0
31/12/2030 13:00,0.0
31/12/2030 14:00,0.0
31/12/2030 15:00,0.0
31/12/2030 16:00,0.0
31/12/2030 17:00,0.0
31/12/2030 18:00,0.0
31/12/2030 19:00,0.0
31/12/2030 20:00,0.0
31/12/2030 21:00,0.0
31/12/2030 22:00,0.0
31/12/2030 23:00,0.0
01/01/2031 00:00,0.0
01/01/2031 01:00,0.0
01/01/2031 02:00,0.0
01/01/2031 03:00,0.0
01/01/2031 04:00,0.0
01/01/2031 05:00,0.0
01/01/2031 06:00,0.0
01/01/2031 07:00,0.0
01/01/2031 08:00,0.0
01/01/2031 09:00,0.0
01/01/2031 10:00,207.6459823776064
01/01/2031 11:00,293.61013542108554
01/01/2031 12:00,502.7277272727273
01/01/2031 13:00,502.7277272727273
01/01/2031 14:00,502.7277272727273
01/01/2031 15:00,389.7986784877334
01/01/2031 16:00,0.0
01/01/2031 17:00,0.0
01/01/2031 18:00,0.0
01/01/2031 19:00,0.0
01/01/2031 20:00,0.0
01/01/2031 21:00,0.0
01/01/2031 22:00,0.0
01/01/2031 23:00,0.0
02/01/2031 00:00,0.0
02/01/2031 01:00,0.0
02/01/2031 02:00,0.0
02/01/2031 03:00,0.0
02/01/2031 04:00,0.0
02/01/2031 05:00,0.0
02/01/2031 06:00,0.0
02/01/2031 07:00,0.0
02/01/2031 08:00,0.0
02/01/2031 09:00,0.0
02/01/2031 10:00,0.0
02/01/2031 11:00,0.0
02/01/2031 12:00,0.0
02/01/2031 13:00,0.0
02/01/2031 14:00,0.0
02/01/2031 15:00,0.0
02/01/2031 16:00,0.0
02/01/2031 17:00,0.0
02/01/2031 18:00,0.0
02/01/2031 19:00,0.0
02/01/2031 20:00,0.0
02/01/2031 21:00,0.0
02/01/2031 22:00,0.0
02/01/2031 23:00,0.0
03/01/2031 00:00,0.0
03/01/2031 01:00,0.0
03/01/2031 02:00,0.0
03/01/2031 03:00,0.0
03/01/2031 04:00,0.0
03/01/2031 05:00,0.0
03/01/2031 06:00,0.0
03/01/2031 07:00,0.0
03/01/2031 08:00,0.0
03/01/2031 09:00,0.0
03/01/2031 10:00,0.0
03/01/2031 11:00,0.0
03/01/2031 12:00,0.0
03/01/2031 13:00,0.0
03/01/2031 14:00,0.0
03/01/2031 15:00,0.0
03/01/2031 16:00,0.0
03/01/2031 17:00,0.0
03/01/2031 18:00,0.0
03/01/2031 19:00,0.0
03/01/2031 20:00,0.0
03/01/2031 21:00,0.0
03/01/2031 22:00,0.0
03/01/2031 23:00,0.0
04/01/2031 00:00,0.0
04/01/2031 01:00,0.0
04/01/2031 02:00,0.0
04/01/2031 03:00,0.0
04/01/2031 04:00,0.0
04/01/2031 05:00,0.0
04/01/2031 06:00,0.0
04/01/2031 07:00,0.0
04/01/2031 08:00,0.0
04/01/2031 09:00,0.0
04/01/2031 10:00,0.0
04/01/2031 11:00,0.0
04/01/2031 12:00,0.0
04/01/2031 13:00,0.0
04/01/2031 14:00,0.0
04/01/2031 15:00,0.0
04/01/2031 16:00,0.0
04/01/2031 17:00,0.0
04/01/2031 18:00,0.0
04/01/2031 19:00,0.0
04/01/2031 20:00,0.0
04/01/2031 21:00,0.0
04/01/2031 22:00,0.0
04/01/2031 23:00,0.0
05/01/2031 00:00,0.0
05/01/2031 01:00,0.0
05/01/2031 02:00,0.0
05/01/2031 03:00,0.0
05/01/2031 04:00,0.0
05/01/2031 05:00,0.0
05/01/2031 06:00,0.0
05/01/2031 07:00,0.0
05/01/2031 08:00,0.0
05/01/2031 09:00,0.0
05/01/2031 10:00,0.0
05/01/2031 11:00,0.0
05/01/2031 12:00,0.0
05/01/2031 13:00,0.0
05/01/2031 14:00,0.0
05/01/2031 15:00,0.0
05/01/2031 16:00,0.0
05/01/2031 17:00,0.0
05/01/2031 18:00,0.0
05/01/2031 19:00,0.0
05/01/2031 20:00,0.0
05/01/2031 21:00,0.0
05/01/2031 22:00,0.0
05/01/2031 23:00,0.0
06/01/2031 00:00,0.0
06/01/2031 01:00,0.0
06/01/2031 02:00,0.0
06/01/2031 03:00,0.0
06/01/2031 04:00,0.0
06/01/2031 05:00,0.0
06/01/2031 06:00,0.0
06/01/2031 07:00,0.0
06/01/2031 08:00,0.0
06/01/2031 09:00,0.0
06/01/2031 10:00,0.0
06/01/2031 11:00,0.0
06/01/2031 12:00,0.0
06/01/2031 13:00,0.0
06/01/2031 14:00,0.0
06/01/2031 15:00,0.0
06/01/2031 16:00,0.0
06/01/2031 17:00,0.0
06/01/2031 18:00,0.0
06/01/2031 19:00,0.0
06/01/2031 20:00,0.0
06/01/2031 21:00,0.0
06/01/2031 22:00,0.0
06/01/2031 23:00,0.0
07/01/2031 00:00,0.0
07/01/2031 01:00,0.0
07/01/2031 02:00,0.0
07/01/2031 03:00,0.0
07/01/2031 04:00,0.0
07/01/2031 05:00,0.0
07/01/2031 06:00,0.0
07/01/2031 07:00,0.0
07/01/2031 08:00,0.0
07/01/2031 09:00,0.0
07/01/2031 10:00,0.0
07/01/2031 11:00,0.0
07/01/2031 12:00,0.0
07/01/2031 13:00,0.0
07/01/2031 14:00,0.0
07/01/2031 15:00,0.0
07/01/2031 16:00,0.0
07/01/2031 17:00,0.0
07/01/2031 18:00,0.0
07/01/2031 19:00,0.0
07/01/2031 20:00,0.0
07/01/2031 21:00,0.0
07/01/2031 22:00,0.0
07/01/2031 23:00,0.0
08/01/2031 00:00,0.0
08/01/2031 01:00,0.0
08/01/2031 02:00,0.0
08/01/2031 03:00,0.0
08/01/2031 04:00,0.0
08/01/2031 05:00,0.0
08/01/2031 06:00,0.0
08/01/2031 07:00,0.0
08/01/2031 08:00,0.0
08/01/2031 09:00,0.0
08/01/2031 10:00,0.0
08/01/2031 11:00,0.0
08/01/2031 12:00,0.0
08/01/2031 13:00,0.0
08/01/2031 14:00,0.0
08/01/2031 15:00,0.0
08/01/2031 16:00,0.0
08/01/2031 17:00,0.0
08/01/2031 18:00,0.0
08/01/2031 19:00,0.0
08/01/2031 20:00,0.0
08/01/2031 21:00,0.0
08/01/2031 22:00,0.0
08/01/2031 23:00,0.0
09/01/2031 00:00,0.0
09/01/2031 01:00,0.0
09/01/2031 02:00,0.0
09/01/2031 03:00,0.0
09/01/2031 04:00,0.0
09/01/2031 05:00,0.0
09/01/2031 06:00,0.0
09/01/2031 07:00,0.0
09/01/2031 08:00,0.0
09/01/2031 09:00,0.0
09/01/2031 10:00,0.0
09/01/2031 11:00,0.0
09/01/2031 12:00,0.0
09/01/2031 13:00,0.0
09/01/2031 14:00,0.0
09/01/2031 15:00,0.0
09/01/2031 16:00,0.0
09/01/2031 17:00,0.0
09/01/2031 18:00,0.0
09/01/2031 19:00,0.0
09/01/2031 20:00,0.0
09/01/2031 21:00,0.0
09/01/2031 22:00,0.0
09/01/2031 23:00,0.0
10/01/2031 00:00,0.0
10/01/2031 01:00,0.0
10/01/2031 02:00,0.0
10/01/2031 03:00,0.0
10/01/2031 04:00,0.0
10/01/2031 05:00,0.0
10/01/2031 06:00,0.0
10/01/2031 07:00,0.0
10/01/2031 08:00,0.0
10/01/2031 09:00,0.0
10/01/2031 10:00,0.0
10/01/2031 11:00,0.0
10/01/2031 12:00,0.0
10/01/2031 13:00,0.0
10/01/2031 14:00,0.0
10/01/2031 15:00,0.0
10/01/2031 16:00,0.0
10/01/2031 17:00,0.0
10/01/2031 18:00,0.0
10/01/2031 19:00,0.0
10/01/2031 20:00,0.0
10/01/2031 21:00,0.0
10/01/2031 22:00,0.0
10/01/2031 23:00,0.0
11/01/2031 00:00,0.0
11/01/2031 01:00,0.0
11/01/2031 02:00,0.0
11/01/2031 03:00,0.0
11/01/2031 04:00,0.0
11/01/2031 05:00,0.0
11/01/2031 06:00,0.0
11/01/2031 07:00,0.0
11/01/2031 08:00,0.0
11/01/2031 09:00,0.0
11/01/2031 10:00,0.0
11/01/2031 11:00,0.0
11/01/2031 12:00,0.0
11/01/2031 13:00,0.0
11/01/2031 14:00,0.0
11/01/2031 15:00,0.0
11/01/2031 16:00,0.0
11/01/2031 17:00,0.0
11/01/2031 18:00,0.0
11/01/2031 19:00,0.0
11/01/2031 20:00,0.0
11/01/2031 21:00,0.0
11/01/2031 22:00,0.0
11/01/2031 23:00,0.0
12/01/2031 00:00,0.0
12/01/2031 01:00,0.0
12/01/2031 02:00,0.0
12/01/2031 03:00,0.0
12/01/2031 04:00,0.0
12/01/2031 05:00,0.0
12/01/2031 06:00,0.0
12/01/2031 07:00,0.0
12/01/2031 08:00,0.0
12/01/2031 09:00,0.0
12/01/2031 10:00,0.0
12/01/2031 11:00,0.0
12/01/2031 12:00,0.0
12/01/2031 13:00,0.0
12/01/2031 14:00,0.0
12/01/2031 15:00,0.0
12/01/2031 16:00,0.0
12/01/2031 17:00,0.0
12/01/2031 18:00,0.0
12/01/2031 19:00,0.0
12/01/2031 20:00,0.0
12/01/2031 21:00,0.0
12/01/2031 22:00,0.0
12/01/2031 23:00,0.0
13/01/2031 00:00,0.0
13/01/2031 01:00,0.0
13/01/2031 02:00,0.0
13/01/2031 03:00,0.0
13/01/2031 04:00,0.0
13/01/2031 05:00,0.0
13/01/2031 06:00,0.0
13/01/2031 07:00,0.0
13/01/2031 08:00,0.0
13/01/2031 09:00,0.0
13/01/2031 10:00,0.0
13/01/2031 11:00,0.0
13/01/2031 12:00,0.0
13/01/2031 13:00,3.6111726754441285
13/01/2031 14:00,47.47845049003308
13/01/2031 15:00,40.74145205738198
13/01/2031 16:00,0.0
13/01/2031 17:00,0.0
13/01/2031 18:00,0.0
13/01/2031 19:00,0.0
13/01/2031 20:00,0.0
13/01/2031 21:00,0.0
13/01/2031 22:00,0.0
13/01/2031 23:00,0.0
14/01/2031 00:00,0.0
14/01/2031 01:00,116.44379068233673
14/01/2031 02:00,265.20959597733537
14/01/2031 03:00,194.01775336415338
14/01/2031 04:00,375.9898124423445
14/01/2031 05:00,93.75161128154288
14/01/2031 06:00,0.0
14/01/2031 07:00,55.67368222576848
14/01/2031 08:00,0.0
14/01/2031 09:00,0.0
14/01/2031 10:00,0.0
14/01/2031 11:00,0.0
14/01/2031 12:00,502.7277272727273
14/01/2031 13:00,502.7277272727273
14/01/2031 14:00,502.7277272727273
14/01/2031 15:00,143.7653049199285
14/01/2031 16:00,0.0
14/01/2031 17:00,0.0
14/01/2031 18:00,0.0
14/01/2031 19:00,0.0
14/01/2031 20:00,0.0
14/01/2031 21:00,0.0
14/01/2031 22:00,0.0
14/01/2031 23:00,0.0
15/01/2031 00:00,0.0
15/01/2031 01:00,0.0
15/01/2031 02:00,0.0
15/01/2031 03:00,0.0
15/01/2031 04:00,0.0
15/01/2031 05:00,0.0
15/01/2031 06:00,0.0
15/01/2031 07:00,0.0
15/01/2031 08:00,0.0
15/01/2031 09:00,0.0
15/01/2031 10:00,0.0
15/01/2031 11:00,0.0
15/01/2031 12:00,0.0
15/01/2031 13:00,0.0
15/01/2031 14:00,0.0
15/01/2031 15:00,0.0
15/01/2031 16:00,0.0
15/01/2031 17:00,0.0
15/01/2031 18:00,0.0
15/01/2031 19:00,0.0
15/01/2031 20:00,0.0
15/01/2031 21:00,0.0
15/01/2031 22:00,0.0
15/01/2031 23:00,0.0
16/01/2031 00:00,0.0
16/01/2031 01:00,0.0
16/01/2031 02:00,0.0
16/01/2031 03:00,0.0
16/01/2031 04:00,0.0
16/01/2031 05:00,0.0
16/01/2031 06:00,0.0
16/01/2031 07:00,0.0
16/01/2031 08:00,0.0
16/01/2031 09:00,0.0
16/01/2031 10:00,0.0
16/01/2031 11:00,0.0
16/01/2031 12:00,0.0
16/01/2031 13:00,0.0
16/01/2031 14:00,0.0
16/01/2031 15:00,0.0
16/01/2031 16:00,0.0
16/01/2031 17:00,0.0
16/01/2031 18:00,0.0
16/01/2031 19:00,0.0
16/01/2031 20:00,0.0
16/01/2031 21:00,0.0
16/01/2031 22:00,0.0
16/01/2031 23:00,0.0
17/01/2031 00:00,0.0
17/01/2031 01:00,0.0
17/01/2031 02:00,0.0
17/01/2031 03:00,0.0
17/01/2031 04:00,0.0
17/01/2031 05:00,0.0
17/01/2031 06:00,0.0
17/01/2031 07:00,0.0
17/01/2031 08:00,0.0
17/01/2031 09:00,0.0
17/01/2031 10:00,0.0
17/01/2031 11:00,0.0
17/01/2031 12:00,0.0
17/01/2031 13:00,0.0
17/01/2031 14:00,0.0
17/01/2031 15:00,0.0
17/01/2031 16:00,0.0
17/01/2031 17:00,0.0
17/01/2031 18:00,0.0
17/01/2031 19:00,0.0
17/01/2031 20:00,0.0
17/01/2031 21:00,0.0
17/01/2031 22:00,0.0
17/01/2031 23:00,0.0
18/01/2031 00:00,0.0
18/01/2031 01:00,0.0
18/01/2031 02:00,0.0
18/01/2031 03:00,0.0
18/01/2031 04:00,0.0
18/01/2031 05:00,0.0
18/01/2031 06:00,0.0
18/01/2031 07:00,0.0
18/01/2031 08:00,0.0
18/01/2031 09:00,0.0
18/01/2031 10:00,0.0
18/01/2031 11:00,0.0
18/01/2031 12:00,0.0
18/01/2031 13:00,0.0
18/01/2031 14:00,0.0
18/01/2031 15:00,0.0
18/01/2031 16:00,0.0
18/01/2031 17:00,0.0
18/01/2031 18:00,0.0
18/01/2031 19:00,0.0
18/01/2031 20:00,0.0
18/01/2031 21:00,0.0
18/01/2031 22:00,0.0
18/01/2031 23:00,0.0
19/01/2031 00:00,0.0
19/01/2031 01:00,0.0
19/01/2031 02:00,0.0
19/01/2031 03:00,0.0
19/01/2031 04:00,0.0
19/01/2031 05:00,0.0
19/01/2031 06:00,0.0
19/01/2031 07:00,0.0
19/01/2031 08:00,0.0
19/01/2031 09:00,0.0
19/01/2031 10:00,0.0
19/01/2031 11:00,0.0
19/01/2031 12:00,0.0
19/01/2031 13:00,0.0
19/01/2031 14:00,0.0
19/01/2031 15:00,0.0
19/01/2031 16:00,0.0
19/01/2031 17:00,0.0
19/01/2031 18:00,0.0
19/01/2031 19:00,0.0
19/01/2031 20:00,0.0
19/01/2031 21:00,0.0
19/01/2031 22:00,0.0
19/01/2031 23:00,0.0
20/01/2031 00:00,0.0
20/01/2031 01:00,0.0
20/01/2031 02:00,0.0
20/01/2031 03:00,0.0
20/01/2031 04:00,0.0
20/01/2031 05:00,0.0
20/01/2031 06:00,0.0
20/01/2031 07:00,0.0
20/01/2031 08:00,0.0
20/01/2031 09:00,0.0
20/01/2031 10:00,0.0
20/01/2031 11:00,0.0
20/01/2031 12:00,0.0
20/01/2031 13:00,0.0
20/01/2031 14:00,0.0
20/01/2031 15:00,0.0
20/01/2031 16:00,0.0
20/01/2031 17:00,0.0
20/01/2031 18:00,0.0
20/01/2031 19:00,0.0
20/01/2031 20:00,0.0
20/01/2031 21:00,0.0
20/01/2031 22:00,0.0
20/01/2031 23:00,0.0
21/01/2031 00:00,0.0
21/01/2031 01:00,0.0
21/01/2031 02:00,0.0
21/01/2031 03:00,0.0
21/01/2031 04:00,0.0
21/01/2031 05:00,0.0
21/01/2031 06:00,0.0
21/01/2031 07:00,0.0
21/01/2031 08:00,0.0
21/01/2031 09:00,0.0
21/01/2031 10:00,0.0
21/01/2031 11:00,200.7153894856389
21/01/2031 12:00,502.7277272727273
21/01/2031 13:00,502.7277272727273
21/01/2031 14:00,502.7277272727273
21/01/2031 15:00,338.8317584407999
21/01/2031 16:00,155.53146667971453
21/01/2031 17:00,0.0
21/01/2031 18:00,0.0
21/01/2031 19:00,0.0
21/01/2031 20:00,0.0
21/01/2031 21:00,0.0
21/01/2031 22:00,0.0
21/01/2031 23:00,0.0
22/01/2031 00:00,0.0
22/01/2031 01:00,0.0
22/01/2031 02:00,0.0
22/01/2031 03:00,0.0
22/01/2031 04:00,0.0
22/01/2031 05:00,0.0
22/01/2031 06:00,0.0
22/01/2031 07:00,0.0
22/01/2031 08:00,0.0
22/01/2031 09:00,0.0
22/01/2031 10:00,0.0
22/01/2031 11:00,0.0
22/01/2031 12:00,299.38069140041654
22/01/2031 13:00,498.3205144895063
22/01/2031 14:00,436.9175436650639
22/01/2031 15:00,480.34589808027175
22/01/2031 16:00,0.0
22/01/2031 17:00,22.371053768921147
22/01/2031 18:00,0.0
22/01/2031 19:00,0.0
22/01/2031 20:00,0.0
22/01/2031 21:00,0.0
22/01/2031 22:00,0.0
22/01/2031 23:00,0.0
23/01/2031 00:00,0.0
23/01/2031 01:00,0.0
23/01/2031 02:00,37.41300449570366
23/01/2031 03:00,0.0
23/01/2031 04:00,0.0
23/01/2031 05:00,0.0
23/01/2031 06:00,0.0
23/01/2031 07:00,0.0
23/01/2031 08:00,0.0
23/01/2031 09:00,0.0
23/01/2031 10:00,0.0
23/01/2031 11:00,0.0
23/01/2031 12:00,502.7277272727273
23/01/2031 13:00,502.7277272727273
23/01/2031 14:00,490.5813448177118
23/01/2031 15:00,295.6596094060088
23/01/2031 16:00,0.0
23/01/2031 17:00,0.0
23/01/2031 18:00,0.0
23/01/2031 19:00,0.0
23/01/2031 20:00,0.0
23/01/2031 21:00,0.0
23/01/2031 22:00,0.0
23/01/2031 23:00,0.0
24/01/2031 00:00,0.0
24/01/2031 01:00,0.0
24/01/2031 02:00,0.0
24/01/2031 03:00,0.0
24/01/2031 04:00,0.0
24/01/2031 05:00,0.0
24/01/2031 06:00,0.0
24/01/2031 07:00,0.0
24/01/2031 08:00,0.0
24/01/2031 09:00,0.0
24/01/2031 10:00,0.0
24/01/2031 11:00,0.0
24/01/2031 12:00,20.89111501154876
24/01/2031 13:00,52.97587923991828
24/01/2031 14:00,115.54147468403943
24/01/2031 15:00,0.0
24/01/2031 16:00,0.0
24/01/2031 17:00,0.0
24/01/2031 18:00,0.0
24/01/2031 19:00,0.0
24/01/2031 20:00,0.0
24/01/2031 21:00,0.0
24/01/2031 22:00,0.0
24/01/2031 23:00,0.0
25/01/2031 00:00,0.0
25/01/2031 01:00,0.0
25/01/2031 02:00,0.0
25/01/2031 03:00,0.0
25/01/2031 04:00,0.0
25/01/2031 05:00,0.0
25/01/2031 06:00,0.0
25/01/2031 07:00,0.0
25/01/2031 08:00,0.0
25/01/2031 09:00,0.0
25/01/2031 10:00,0.0
25/01/2031 11:00,0.0
25/01/2031 12:00,0.0
25/01/2031 13:00,0.0
25/01/2031 14:00,0.0
25/01/2031 15:00,0.0
25/01/2031 16:00,0.0
25/01/2031 17:00,0.0
25/01/2031 18:00,0.0
25/01/2031 19:00,0.0
25/01/2031 20:00,0.0
25/01/2031 21:00,0.0
25/01/2031 22:00,0.0
25/01/2031 23:00,0.0
26/01/2031 00:00,0.0
26/01/2031 01:00,0.0
26/01/2031 02:00,0.0
26/01/2031 03:00,0.0
26/01/2031 04:00,0.0
26/01/2031 05:00,0.0
26/01/2031 06:00,0.0
26/01/2031 07:00,0.0
26/01/2031 08:00,0.0
26/01/2031 09:00,0.0
26/01/2031 10:00,0.0
26/01/2031 11:00,0.0
26/01/2031 12:00,0.0
26/01/2031 13:00,0.0
26/01/2031 14:00,0.0
26/01/2031 15:00,0.0
26/01/2031 16:00,0.0
26/01/2031 17:00,0.0
26/01/2031 18:00,0.0
26/01/2031 19:00,0.0
26/01/2031 20:00,0.0
26/01/2031 21:00,0.0
26/01/2031 22:00,0.0
26/01/2031 23:00,0.0
27/01/2031 00:00,0.0
27/01/2031 01:00,0.0
27/01/2031 02:00,0.0
27/01/2031 03:00,0.0
27/01/2031 04:00,0.0
27/01/2031 05:00,0.0
27/01/2031 06:00,0.0
27/01/2031 07:00,0.0
27/01/2031 08:00,0.0
27/01/2031 09:00,0.0
27/01/2031 10:00,0.0
27/01/2031 11:00,0.0
27/01/2031 12:00,0.0
27/01/2031 13:00,490.5155250344482
27/01/2031 14:00,69.91645363345796
27/01/2031 15:00,221.33536391399994
27/01/2031 16:00,301.2507489215918
27/01/2031 17:00,0.0
27/01/2031 18:00,0.0
27/01/2031 19:00,0.0
27/01/2031 20:00,0.0
27/01/2031 21:00,0.0
27/01/2031 22:00,0.0
27/01/2031 23:00,0.0
28/01/2031 00:00,502.7277272727273
28/01/2031 01:00,0.0
28/01/2031 02:00,0.0
28/01/2031 03:00,0.0
28/01/2031 04:00,0.0
28/01/2031 05:00,0.0
28/01/2031 06:00,0.0
28/01/2031 07:00,0.0
28/01/2031 08:00,0.0
28/01/2031 09:00,0.0
28/01/2031 10:00,0.0
28/01/2031 11:00,0.0
28/01/2031 12:00,0.0
28/01/2031 13:00,0.0
28/01/2031 14:00,0.0
28/01/2031 15:00,0.0
28/01/2031 16:00,0.0
28/01/2031 17:00,0.0
28/01/2031 18:00,0.0
28/01/2031 19:00,0.0
28/01/2031 20:00,0.0
28/01/2031 21:00,0.0
28/01/2031 22:00,0.0
28/01/2031 23:00,0.0
29/01/2031 00:00,0.0
29/01/2031 01:00,0.0
29/01/2031 02:00,0.0
29/01/2031 03:00,0.0
29/01/2031 04:00,0.0
29/01/2031 05:00,0.0
29/01/2031 06:00,0.0
29/01/2031 07:00,0.0
29/01/2031 08:00,0.0
29/01/2031 09:00,0.0
29/01/2031 10:00,0.0
29/01/2031 11:00,0.0
29/01/2031 12:00,0.0
29/01/2031 13:00,0.0
29/01/2031 14:00,0.0
29/01/2031 15:00,0.0
29/01/2031 16:00,0.0
29/01/2031 17:00,0.0
29/01/2031 18:00,0.0
29/01/2031 19:00,0.0
29/01/2031 20:00,0.0
29/01/2031 21:00,0.0
29/01/2031 22:00,0.0
29/01/2031 23:00,0.0
30/01/2031 00:00,0.0
30/01/2031 01:00,0.0
30/01/2031 02:00,0.0
30/01/2031 03:00,0.0
30/01/2031 04:00,0.0
30/01/2031 05:00,0.0
30/01/2031 06:00,0.0
30/01/2031 07:00,0.0
30/01/2031 08:00,0.0
30/01/2031 09:00,0.0
30/01/2031 10:00,0.0
30/01/2031 11:00,0.0
30/01/2031 12:00,0.0
30/01/2031 13:00,0.0
30/01/2031 14:00,0.0
30/01/2031 15:00,0.0
30/01/2031 16:00,0.0
30/01/2031 17:00,0.0
30/01/2031 18:00,0.0
30/01/2031 19:00,0.0
30/01/2031 20:00,0.0
30/01/2031 21:00,0.0
30/01/2031 22:00,0.0
30/01/2031 23:00,0.0
31/01/2031 00:00,0.0
31/01/2031 01:00,0.0
31/01/2031 02:00,0.0
31/01/2031 03:00,0.0
31/01/2031 04:00,0.0
31/01/2031 05:00,0.0
31/01/2031 06:00,0.0
31/01/2031 07:00,0.0
31/01/2031 08:00,0.0
31/01/2031 09:00,0.0
31/01/2031 10:00,0.0
31/01/2031 11:00,0.0
31/01/2031 12:00,0.0
31/01/2031 13:00,0.0
31/01/2031 14:00,0.0
31/01/2031 15:00,0.0
31/01/2031 16:00,0.0
31/01/2031 17:00,0.0
31/01/2031 18:00,0.0
31/01/2031 19:00,0.0
31/01/2031 20:00,0.0
31/01/2031 21:00,0.0
31/01/2031 22:00,0.0
31/01/2031 23:00,0.0
01/02/2031 00:00,0.0
01/02/2031 01:00,0.0
01/02/2031 02:00,0.0
01/02/2031 03:00,0.0
01/02/2031 04:00,0.0
01/02/2031 05:00,0.0
01/02/2031 06:00,0.0
01/02/2031 07:00,0.0
01/02/2031 08:00,0.0
01/02/2031 09:00,0.0
01/02/2031 10:00,0.0
01/02/2031 11:00,0.0
01/02/2031 12:00,0.0
01/02/2031 13:00,0.0
01/02/2031 14:00,0.0
01/02/2031 15:00,0.0
01/02/2031 16:00,0.0
01/02/2031 17:00,0.0
01/02/2031 18:00,0.0
01/02/2031 19:00,0.0
01/02/2031 20:00,0.0
01/02/2031 21:00,0.0
01/02/2031 22:00,0.0
01/02/2031 23:00,0.0
02/02/2031 00:00,0.0
02/02/2031 01:00,0.0
02/02/2031 02:00,0.0
02/02/2031 03:00,0.0
02/02/2031 04:00,0.0
02/02/2031 05:00,0.0
02/02/2031 06:00,0.0
02/02/2031 07:00,0.0
02/02/2031 08:00,0.0
02/02/2031 09:00,0.0
02/02/2031 10:00,0.0
02/02/2031 11:00,0.0
02/02/2031 12:00,0.0
02/02/2031 13:00,0.0
02/02/2031 14:00,0.0
02/02/2031 15:00,0.0
02/02/2031 16:00,0.0
02/02/2031 17:00,0.0
02/02/2031 18:00,0.0
02/02/2031 19:00,0.0
02/02/2031 20:00,0.0
02/02/2031 21:00,0.0
02/02/2031 22:00,0.0
02/02/2031 23:00,0.0
03/02/2031 00:00,0.0
03/02/2031 01:00,0.0
03/02/2031 02:00,0.0
03/02/2031 03:00,0.0
03/02/2031 04:00,0.0
03/02/2031 05:00,0.0
03/02/2031 06:00,0.0
03/02/2031 07:00,0.0
03/02/2031 08:00,0.0
03/02/2031 09:00,0.0
03/02/2031 10:00,0.0
03/02/2031 11:00,0.0
03/02/2031 12:00,0.0
03/02/2031 13:00,0.0
03/02/2031 14:00,0.0
03/02/2031 15:00,0.0
03/02/2031 16:00,0.0
03/02/2031 17:00,0.0
03/02/2031 18:00,0.0
03/02/2031 19:00,0.0
03/02/2031 20:00,0.0
03/02/2031 21:00,0.0
03/02/2031 22:00,0.0
03/02/2031 23:00,0.0
04/02/2031 00:00,502.7277272727273
04/02/2031 01:00,0.0
04/02/2031 02:00,0.0
04/02/2031 03:00,0.0
04/02/2031 04:00,0.0
04/02/2031 05:00,0.0
04/02/2031 06:00,0.0
04/02/2031 07:00,0.0
04/02/2031 08:00,0.0
04/02/2031 09:00,0.0
04/02/2031 10:00,0.0
04/02/2031 11:00,0.0
04/02/2031 12:00,0.0
04/02/2031 13:00,0.0
04/02/2031 14:00,0.0
04/02/2031 15:00,0.0
04/02/2031 16:00,0.0
04/02/2031 17:00,0.0
04/02/2031 18:00,0.0
04/02/2031 19:00,0.0
04/02/2031 20:00,0.0
04/02/2031 21:00,0.0
04/02/2031 22:00,0.0
04/02/2031 23:00,0.0
05/02/2031 00:00,0.0
05/02/2031 01:00,0.0
05/02/2031 02:00,0.0
05/02/2031 03:00,0.0
05/02/2031 04:00,0.0
05/02/2031 05:00,0.0
05/02/2031 06:00,0.0
05/02/2031 07:00,0.0
05/02/2031 08:00,0.0
05/02/2031 09:00,0.0
05/02/2031 10:00,0.0
05/02/2031 11:00,0.0
05/02/2031 12:00,0.0
05/02/2031 13:00,0.0
05/02/2031 14:00,0.0
05/02/2031 15:00,0.0
05/02/2031 16:00,0.0
05/02/2031 17:00,0.0
05/02/2031 18:00,0.0
05/02/2031 19:00,0.0
05/02/2031 20:00,0.0
05/02/2031 21:00,0.0
05/02/2031 22:00,0.0
05/02/2031 23:00,0.0
06/02/2031 00:00,0.0
06/02/2031 01:00,0.0
06/02/2031 02:00,0.0
06/02/2031 03:00,0.0
06/02/2031 04:00,0.0
06/02/2031 05:00,0.0
06/02/2031 06:00,0.0
06/02/2031 07:00,0.0
06/02/2031 08:00,0.0
06/02/2031 09:00,0.0
06/02/2031 10:00,0.0
06/02/2031 11:00,0.0
06/02/2031 12:00,0.0
06/02/2031 13:00,0.0
06/02/2031 14:00,0.0
06/02/2031 15:00,0.0
06/02/2031 16:00,0.0
06/02/2031 17:00,0.0
06/02/2031 18:00,0.0
06/02/2031 19:00,0.0
06/02/2031 20:00,0.0
06/02/2031 21:00,0.0
06/02/2031 22:00,0.0
06/02/2031 23:00,0.0
07/02/2031 00:00,0.0
07/02/2031 01:00,0.0
07/02/2031 02:00,0.0
07/02/2031 03:00,0.0
07/02/2031 04:00,0.0
07/02/2031 05:00,0.0
07/02/2031 06:00,0.0
07/02/2031 07:00,0.0
07/02/2031 08:00,0.0
07/02/2031 09:00,0.0
07/02/2031 10:00,0.0
07/02/2031 11:00,0.0
07/02/2031 12:00,0.0
07/02/2031 13:00,0.0
07/02/2031 14:00,0.0
07/02/2031 15:00,0.0
07/02/2031 16:00,0.0
07/02/2031 17:00,0.0
07/02/2031 18:00,0.0
07/02/2031 19:00,0.0
07/02/2031 20:00,0.0
07/02/2031 21:00,0.0
07/02/2031 22:00,0.0
07/02/2031 23:00,0.0
08/02/2031 00:00,0.0
08/02/2031 01:00,0.0
08/02/2031 02:00,0.0
08/02/2031 03:00,0.0
08/02/2031 04:00,0.0
08/02/2031 05:00,0.0
08/02/2031 06:00,0.0
08/02/2031 07:00,0.0
08/02/2031 08:00,0.0
08/02/2031 09:00,0.0
08/02/2031 10:00,0.0
08/02/2031 11:00,0.0
08/02/2031 12:00,0.0
08/02/2031 13:00,0.0
08/02/2031 14:00,0.0
08/02/2031 15:00,0.0
08/02/2031 16:00,0.0
08/02/2031 17:00,0.0
08/02/2031 18:00,0.0
08/02/2031 19:00,0.0
08/02/2031 20:00,0.0
08/02/2031 21:00,0.0
08/02/2031 22:00,0.0
08/02/2031 23:00,0.0
09/02/2031 00:00,0.0
09/02/2031 01:00,0.0
09/02/2031 02:00,0.0
09/02/2031 03:00,0.0
09/02/2031 04:00,0.0
09/02/2031 05:00,0.0
09/02/2031 06:00,0.0
09/02/2031 07:00,0.0
09/02/2031 08:00,0.0
09/02/2031 09:00,0.0
09/02/2031 10:00,0.0
09/02/2031 11:00,0.0
09/02/2031 12:00,0.0
09/02/2031 13:00,0.0
09/02/2031 14:00,0.0
09/02/2031 15:00,0.0
09/02/2031 16:00,0.0
09/02/2031 17:00,0.0
09/02/2031 18:00,0.0
09/02/2031 19:00,0.0
09/02/2031 20:00,0.0
09/02/2031 21:00,0.0
09/02/2031 22:00,0.0
09/02/2031 23:00,0.0
10/02/2031 00:00,0.0
10/02/2031 01:00,0.0
10/02/2031 02:00,0.0
10/02/2031 03:00,0.0
10/02/2031 04:00,0.0
10/02/2031 05:00,0.0
10/02/2031 06:00,0.0
10/02/2031 07:00,0.0
10/02/2031 08:00,0.0
10/02/2031 09:00,0.0
10/02/2031 10:00,0.0
10/02/2031 11:00,0.0
10/02/2031 12:00,0.0
10/02/2031 13:00,0.0
10/02/2031 14:00,0.0
10/02/2031 15:00,0.0
10/02/2031 16:00,0.0
10/02/2031 17:00,0.0
10/02/2031 18:00,0.0
10/02/2031 19:00,0.0
10/02/2031 20:00,0.0
10/02/2031 21:00,0.0
10/02/2031 22:00,0.0
10/02/2031 23:00,0.0
11/02/2031 00:00,502.7277272727273
11/02/2031 01:00,0.0
11/02/2031 02:00,0.0
11/02/2031 03:00,0.0
11/02/2031 04:00,0.0
11/02/2031 05:00,0.0
11/02/2031 06:00,0.0
11/02/2031 07:00,0.0
11/02/2031 08:00,0.0
11/02/2031 09:00,0.0
11/02/2031 10:00,0.0
11/02/2031 11:00,0.0
11/02/2031 12:00,0.0
11/02/2031 13:00,0.0
11/02/2031 14:00,0.0
11/02/2031 15:00,0.0
11/02/2031 16:00,0.0
11/02/2031 17:00,0.0
11/02/2031 18:00,0.0
11/02/2031 19:00,0.0
11/02/2031 20:00,0.0
11/02/2031 21:00,0.0
11/02/2031 22:00,0.0
11/02/2031 23:00,0.0
12/02/2031 00:00,0.0
12/02/2031 01:00,0.0
12/02/2031 02:00,0.0
12/02/2031 03:00,0.0
12/02/2031 04:00,0.0
12/02/2031 05:00,0.0
12/02/2031 06:00,0.0
12/02/2031 07:00,0.0
12/02/2031 08:00,0.0
12/02/2031 09:00,0.0
12/02/2031 10:00,0.0
12/02/2031 11:00,0.0
12/02/2031 12:00,0.0
12/02/2031 13:00,0.0
12/02/2031 14:00,0.0
12/02/2031 15:00,0.0
12/02/2031 16:00,0.0
12/02/2031 17:00,0.0
12/02/2031 18:00,0.0
12/02/2031 19:00,0.0
12/02/2031 20:00,0.0
12/02/2031 21:00,0.0
12/02/2031 22:00,0.0
12/02/2031 23:00,0.0
13/02/2031 00:00,0.0
13/02/2031 01:00,0.0
13/02/2031 02:00,0.0
13/02/2031 03:00,0.0
13/02/2031 04:00,0.0
13/02/2031 05:00,0.0
13/02/2031 06:00,0.0
13/02/2031 07:00,0.0
13/02/2031 08:00,0.0
13/02/2031 09:00,0.0
13/02/2031 10:00,0.0
13/02/2031 11:00,0.0
13/02/2031 12:00,0.0
13/02/2031 13:00,0.0
13/02/2031 14:00,0.0
13/02/2031 15:00,0.0
13/02/2031 16:00,0.0
13/02/2031 17:00,0.0
13/02/2031 18:00,0.0
13/02/2031 19:00,0.0
13/02/2031 20:00,0.0
13/02/2031 21:00,0.0
13/02/2031 22:00,0.0
13/02/2031 23:00,0.0
14/02/2031 00:00,0.0
14/02/2031 01:00,0.0
14/02/2031 02:00,0.0
14/02/2031 03:00,0.0
14/02/2031 04:00,0.0
14/02/2031 05:00,0.0
14/02/2031 06:00,0.0
14/02/2031 07:00,0.0
14/02/2031 08:00,0.0
14/02/2031 09:00,0.0
14/02/2031 10:00,0.0
14/02/2031 11:00,0.0
14/02/2031 12:00,0.0
14/02/2031 13:00,0.0
14/02/2031 14:00,4.274047434486943
14/02/2031 15:00,502.7277272727273
14/02/2031 16:00,170.07829745089654
14/02/2031 17:00,0.0
14/02/2031 18:00,0.0
14/02/2031 19:00,0.0
14/02/2031 20:00,0.0
14/02/2031 21:00,0.0
14/02/2031 22:00,23.113943681669927
14/02/2031 23:00,412.3445652317917
15/02/2031 00:00,502.7277272727273
15/02/2031 01:00,502.7277272727273
15/02/2031 02:00,502.7277272727273
15/02/2031 03:00,502.7277272727273
15/02/2031 04:00,344.60569046561903
15/02/2031 05:00,284.5713181335097
15/02/2031 06:00,0.0
15/02/2031 07:00,0.0
15/02/2031 08:00,0.0
15/02/2031 09:00,0.0
15/02/2031 10:00,0.0
15/02/2031 11:00,0.0
15/02/2031 12:00,0.0
15/02/2031 13:00,0.0
15/02/2031 14:00,0.0
15/02/2031 15:00,0.0
15/02/2031 16:00,0.0
15/02/2031 17:00,0.0
15/02/2031 18:00,0.0
15/02/2031 19:00,0.0
15/02/2031 20:00,0.0
15/02/2031 21:00,0.0
15/02/2031 22:00,0.0
15/02/2031 23:00,0.0
16/02/2031 00:00,0.0
16/02/2031 01:00,0.0
16/02/2031 02:00,0.0
16/02/2031 03:00,0.0
16/02/2031 04:00,0.0
16/02/2031 05:00,0.0
16/02/2031 06:00,0.0
16/02/2031 07:00,0.0
16/02/2031 08:00,0.0
16/02/2031 09:00,0.0
16/02/2031 10:00,0.0
16/02/2031 11:00,0.0
16/02/2031 12:00,189.00289983281533
16/02/2031 13:00,295.49227623056464
16/02/2031 14:00,261.23340974964145
16/02/2031 15:00,181.574549617759
16/02/2031 16:00,0.0
16/02/2031 17:00,0.0
16/02/2031 18:00,0.0
16/02/2031 19:00,0.0
16/02/2031 20:00,0.0
16/02/2031 21:00,0.0
16/02/2031 22:00,0.0
16/02/2031 23:00,0.0
17/02/2031 00:00,0.0
17/02/2031 01:00,0.0
17/02/2031 02:00,0.0
17/02/2031 03:00,0.0
17/02/2031 04:00,0.0
17/02/2031 05:00,0.0
17/02/2031 06:00,0.0
17/02/2031 07:00,0.0
17/02/2031 08:00,0.0
17/02/2031 09:00,0.0
17/02/2031 10:00,0.0
17/02/2031 11:00,0.0
17/02/2031 12:00,0.0
17/02/2031 13:00,0.0
17/02/2031 14:00,0.0
17/02/2031 15:00,0.0
17/02/2031 16:00,0.0
17/02/2031 17:00,0.0
17/02/2031 18:00,0.0
17/02/2031 19:00,0.0
17/02/2031 20:00,0.0
17/02/2031 21:00,0.0
17/02/2031 22:00,0.0
17/02/2031 23:00,0.0
18/02/2031 00:00,0.0
18/02/2031 01:00,0.0
18/02/2031 02:00,0.0
18/02/2031 03:00,0.0
18/02/2031 04:00,0.0
18/02/2031 05:00,0.0
18/02/2031 06:00,0.0
18/02/2031 07:00,0.0
18/02/2031 08:00,0.0
18/02/2031 09:00,0.0
18/02/2031 10:00,0.0
18/02/2031 11:00,0.0
18/02/2031 12:00,0.0
18/02/2031 13:00,0.0
18/02/2031 14:00,0.0
18/02/2031 15:00,0.0
18/02/2031 16:00,0.0
18/02/2031 17:00,0.0
18/02/2031 18:00,0.0
18/02/2031 19:00,0.0
18/02/2031 20:00,0.0
18/02/2031 21:00,0.0
18/02/2031 22:00,0.0
18/02/2031 23:00,0.0
19/02/2031 00:00,0.0
19/02/2031 01:00,0.0
19/02/2031 02:00,0.0
19/02/2031 03:00,0.0
19/02/2031 04:00,0.0
19/02/2031 05:00,0.0
19/02/2031 06:00,0.0
19/02/2031 07:00,0.0
19/02/2031 08:00,0.0
19/02/2031 09:00,0.0
19/02/2031 10:00,0.0
19/02/2031 11:00,0.0
19/02/2031 12:00,0.0
19/02/2031 13:00,0.0
19/02/2031 14:00,0.0
19/02/2031 15:00,0.0
19/02/2031 16:00,0.0
19/02/2031 17:00,0.0
19/02/2031 18:00,0.0
19/02/2031 19:00,0.0
19/02/2031 20:00,0.0
19/02/2031 21:00,0.0
19/02/2031 22:00,0.0
19/02/2031 23:00,0.0
20/02/2031 00:00,0.0
20/02/2031 01:00,0.0
20/02/2031 02:00,0.0
20/02/2031 03:00,0.0
20/02/2031 04:00,0.0
20/02/2031 05:00,0.0
20/02/2031 06:00,0.0
20/02/2031 07:00,0.0
20/02/2031 08:00,0.0
20/02/2031 09:00,0.0
20/02/2031 10:00,0.0
20/02/2031 11:00,0.0
20/02/2031 12:00,0.0
20/02/2031 13:00,0.0
20/02/2031 14:00,0.0
20/02/2031 15:00,0.0
20/02/2031 16:00,0.0
20/02/2031 17:00,0.0
20/02/2031 18:00,0.0
20/02/2031 19:00,0.0
20/02/2031 20:00,0.0
20/02/2031 21:00,0.0
20/02/2031 22:00,0.0
20/02/2031 23:00,0.0
21/02/2031 00:00,0.0
21/02/2031 01:00,0.0
21/02/2031 02:00,0.0
21/02/2031 03:00,0.0
21/02/2031 04:00,0.0
21/02/2031 05:00,0.0
21/02/2031 06:00,0.0
21/02/2031 07:00,0.0
21/02/2031 08:00,0.0
21/02/2031 09:00,0.0
21/02/2031 10:00,0.0
21/02/2031 11:00,0.0
21/02/2031 12:00,0.0
21/02/2031 13:00,0.0
21/02/2031 14:00,0.0
21/02/2031 15:00,0.0
21/02/2031 16:00,0.0
21/02/2031 17:00,0.0
21/02/2031 18:00,0.0
21/02/2031 19:00,0.0
21/02/2031 20:00,0.0
21/02/2031 21:00,0.0
21/02/2031 22:00,0.0
21/02/2031 23:00,0.0
22/02/2031 00:00,0.0
22/02/2031 01:00,112.05295204325112
22/02/2031 02:00,296.1316907421271
22/02/2031 03:00,160.87641827054173
22/02/2031 04:00,160.2964142118688
22/02/2031 05:00,43.41520171231473
22/02/2031 06:00,122.44301716596166
22/02/2031 07:00,0.0
22/02/2031 08:00,0.0
22/02/2031 09:00,0.0
22/02/2031 10:00,130.04130932866363
22/02/2031 11:00,502.7277272727273
22/02/2031 12:00,502.7277272727273
22/02/2031 13:00,502.7277272727273
22/02/2031 14:00,502.7277272727273
22/02/2031 15:00,502.7277272727273
22/02/2031 16:00,502.7277272727273
22/02/2031 17:00,0.0
22/02/2031 18:00,0.0
22/02/2031 19:00,0.0
22/02/2031 20:00,0.0
22/02/2031 21:00,0.0
22/02/2031 22:00,0.0
22/02/2031 23:00,0.0
23/02/2031 00:00,0.0
23/02/2031 01:00,0.0
23/02/2031 02:00,0.0
23/02/2031 03:00,0.0
23/02/2031 04:00,0.0
23/02/2031 05:00,0.0
23/02/2031 06:00,0.0
23/02/2031 07:00,0.0
23/02/2031 08:00,0.0
23/02/2031 09:00,0.0
23/02/2031 10:00,0.0
23/02/2031 11:00,0.0
23/02/2031 12:00,0.0
23/02/2031 13:00,0.0
23/02/2031 14:00,45.732833202438904
23/02/2031 15:00,126.41735714107965
23/02/2031 16:00,0.0
23/02/2031 17:00,0.0
23/02/2031 18:00,0.0
23/02/2031 19:00,0.0
23/02/2031 20:00,0.0
23/02/2031 21:00,0.0
23/02/2031 22:00,0.0
23/02/2031 23:00,0.0
24/02/2031 00:00,0.0
24/02/2031 01:00,0.0
24/02/2031 02:00,0.0
24/02/2031 03:00,0.0
24/02/2031 04:00,0.0
24/02/2031 05:00,0.0
24/02/2031 06:00,0.0
24/02/2031 07:00,0.0
24/02/2031 08:00,0.0
24/02/2031 09:00,0.0
24/02/2031 10:00,0.0
24/02/2031 11:00,0.0
24/02/2031 12:00,0.0
24/02/2031 13:00,0.0
24/02/2031 14:00,0.0
24/02/2031 15:00,0.0
24/02/2031 16:00,0.0
24/02/2031 17:00,0.0
24/02/2031 18:00,0.0
24/02/2031 19:00,0.0
24/02/2031 20:00,0.0
24/02/2031 21:00,0.0
24/02/2031 22:00,0.0
24/02/2031 23:00,0.0
25/02/2031 00:00,502.7277272727273
25/02/2031 01:00,245.1624132496596
25/02/2031 02:00,444.1264489045145
25/02/2031 03:00,502.7277272727273
25/02/2031 04:00,502.7277272727273
25/02/2031 05:00,502.7277272727273
25/02/2031 06:00,502.7277272727273
25/02/2031 07:00,502.7277272727273
25/02/2031 08:00,502.7277272727273
25/02/2031 09:00,283.83807351798083
25/02/2031 10:00,0.0
25/02/2031 11:00,502.7277272727273
25/02/2031 12:00,502.7277272727273
25/02/2031 13:00,502.7277272727273
25/02/2031 14:00,502.7277272727273
25/02/2031 15:00,502.7277272727273
25/02/2031 16:00,502.7277272727273
25/02/2031 17:00,502.7277272727273
25/02/2031 18:00,502.7277272727273
25/02/2031 19:00,495.6688830549018
25/02/2031 20:00,502.7277272727273
25/02/2031 21:00,170.53965770914064
25/02/2031 22:00,502.7277272727273
25/02/2031 23:00,502.7277272727273
26/02/2031 00:00,344.590109535305
26/02/2031 01:00,470.0059888023797
26/02/2031 02:00,502.7277272727273
26/02/2031 03:00,0.0
26/02/2031 04:00,69.79580094467859
26/02/2031 05:00,57.112620602299714
26/02/2031 06:00,0.0
26/02/2031 07:00,502.7277272727273
26/02/2031 08:00,0.0
26/02/2031 09:00,0.0
26/02/2031 10:00,0.0
26/02/2031 11:00,0.0
26/02/2031 12:00,0.0
26/02/2031 13:00,0.0
26/02/2031 14:00,0.0
26/02/2031 15:00,0.0
26/02/2031 16:00,502.7277272727273
26/02/2031 17:00,273.0449674677776
26/02/2031 18:00,452.3548590559001
26/02/2031 19:00,108.49454321658924
26/02/2031 20:00,0.0
26/02/2031 21:00,0.0
26/02/2031 22:00,0.0
26/02/2031 23:00,0.0
27/02/2031 00:00,0.0
27/02/2031 01:00,0.0
27/02/2031 02:00,33.99256762917862
27/02/2031 03:00,89.91347383654518
27/02/2031 04:00,55.35620226304938
27/02/2031 05:00,0.0
27/02/2031 06:00,0.0
27/02/2031 07:00,0.0
27/02/2031 08:00,0.0
27/02/2031 09:00,0.0
27/02/2031 10:00,0.0
27/02/2031 11:00,0.0
27/02/2031 12:00,0.0
27/02/2031 13:00,0.0
27/02/2031 14:00,0.0
27/02/2031 15:00,0.0
27/02/2031 16:00,0.0
27/02/2031 17:00,0.0
27/02/2031 18:00,0.0
27/02/2031 19:00,0.0
27/02/2031 20:00,0.0
27/02/2031 21:00,0.0
27/02/2031 22:00,0.0
27/02/2031 23:00,0.0
28/02/2031 00:00,0.0
28/02/2031 01:00,0.0
28/02/2031 02:00,0.0
28/02/2031 03:00,0.0
28/02/2031 04:00,0.0
28/02/2031 05:00,0.0
28/02/2031 06:00,0.0
28/02/2031 07:00,0.0
28/02/2031 08:00,0.0
28/02/2031 09:00,0.0
28/02/2031 10:00,0.0
28/02/2031 11:00,0.0
28/02/2031 12:00,0.0
28/02/2031 13:00,0.0
28/02/2031 14:00,0.0
28/02/2031 15:00,0.0
28/02/2031 16:00,0.0
28/02/2031 17:00,0.0
28/02/2031 18:00,0.0
28/02/2031 19:00,0.0
28/02/2031 20:00,0.0
28/02/2031 21:00,0.0
28/02/2031 22:00,0.0
28/02/2031 23:00,0.0
01/03/2031 00:00,0.0
01/03/2031 01:00,0.0
01/03/2031 02:00,0.0
01/03/2031 03:00,0.0
01/03/2031 04:00,0.0
01/03/2031 05:00,0.0
01/03/2031 06:00,0.0
01/03/2031 07:00,0.0
01/03/2031 08:00,0.0
01/03/2031 09:00,0.0
01/03/2031 10:00,0.0
01/03/2031 11:00,0.0
01/03/2031 12:00,0.0
01/03/2031 13:00,0.0
01/03/2031 14:00,0.0
01/03/2031 15:00,0.0
01/03/2031 16:00,0.0
01/03/2031 17:00,0.0
01/03/2031 18:00,0.0
01/03/2031 19:00,0.0
01/03/2031 20:00,0.0
01/03/2031 21:00,0.0
01/03/2031 22:00,0.0
01/03/2031 23:00,0.0
02/03/2031 00:00,0.0
02/03/2031 01:00,0.0
02/03/2031 02:00,0.0
02/03/2031 03:00,0.0
02/03/2031 04:00,0.0
02/03/2031 05:00,0.0
02/03/2031 06:00,0.0
02/03/2031 07:00,0.0
02/03/2031 08:00,0.0
02/03/2031 09:00,0.0
02/03/2031 10:00,0.0
02/03/2031 11:00,0.0
02/03/2031 12:00,0.0
02/03/2031 13:00,0.0
02/03/2031 14:00,0.0
02/03/2031 15:00,0.0
02/03/2031 16:00,0.0
02/03/2031 17:00,0.0
02/03/2031 18:00,0.0
02/03/2031 19:00,0.0
02/03/2031 20:00,0.0
02/03/2031 21:00,0.0
02/03/2031 22:00,0.0
02/03/2031 23:00,0.0
03/03/2031 00:00,0.0
03/03/2031 01:00,0.0
03/03/2031 02:00,0.0
03/03/2031 03:00,0.0
03/03/2031 04:00,0.0
03/03/2031 05:00,0.0
03/03/2031 06:00,0.0
03/03/2031 07:00,0.0
03/03/2031 08:00,0.0
03/03/2031 09:00,0.0
03/03/2031 10:00,0.0
03/03/2031 11:00,0.0
03/03/2031 12:00,0.0
03/03/2031 13:00,0.0
03/03/2031 14:00,0.0
03/03/2031 15:00,0.0
03/03/2031 16:00,0.0
03/03/2031 17:00,0.0
03/03/2031 18:00,0.0
03/03/2031 19:00,0.0
03/03/2031 20:00,0.0
03/03/2031 21:00,0.0
03/03/2031 22:00,0.0
03/03/2031 23:00,0.0
04/03/2031 00:00,0.0
04/03/2031 01:00,0.0
04/03/2031 02:00,0.0
04/03/2031 03:00,0.0
04/03/2031 04:00,0.0
04/03/2031 05:00,0.0
04/03/2031 06:00,0.0
04/03/2031 07:00,0.0
04/03/2031 08:00,0.0
04/03/2031 09:00,0.0
04/03/2031 10:00,0.0
04/03/2031 11:00,0.0
04/03/2031 12:00,0.0
04/03/2031 13:00,0.0
04/03/2031 14:00,0.0
04/03/2031 15:00,502.7277272727273
04/03/2031 16:00,0.0
04/03/2031 17:00,0.0
04/03/2031 18:00,0.0
04/03/2031 19:00,0.0
04/03/2031 20:00,0.0
04/03/2031 21:00,0.0
04/03/2031 22:00,0.0
04/03/2031 23:00,0.0
05/03/2031 00:00,0.0
05/03/2031 01:00,0.0
05/03/2031 02:00,0.0
05/03/2031 03:00,0.0
05/03/2031 04:00,0.0
05/03/2031 05:00,0.0
05/03/2031 06:00,0.0
05/03/2031 07:00,0.0
05/03/2031 08:00,0.0
05/03/2031 09:00,0.0
05/03/2031 10:00,0.0
05/03/2031 11:00,351.1887834533604
05/03/2031 12:00,338.7283736944471
05/03/2031 13:00,502.7277272727273
05/03/2031 14:00,60.64492002798528
05/03/2031 15:00,0.0
05/03/2031 16:00,0.0
05/03/2031 17:00,0.0
05/03/2031 18:00,0.0
05/03/2031 19:00,0.0
05/03/2031 20:00,0.0
05/03/2031 21:00,0.0
05/03/2031 22:00,0.0
05/03/2031 23:00,0.0
06/03/2031 00:00,0.0
06/03/2031 01:00,0.0
06/03/2031 02:00,0.0
06/03/2031 03:00,0.0
06/03/2031 04:00,0.0
06/03/2031 05:00,0.0
06/03/2031 06:00,0.0
06/03/2031 07:00,0.0
06/03/2031 08:00,0.0
06/03/2031 09:00,0.0
06/03/2031 10:00,0.0
06/03/2031 11:00,0.0
06/03/2031 12:00,0.0
06/03/2031 13:00,0.0
06/03/2031 14:00,0.0
06/03/2031 15:00,0.0
06/03/2031 16:00,0.0
06/03/2031 17:00,0.0
06/03/2031 18:00,0.0
06/03/2031 19:00,0.0
06/03/2031 20:00,0.0
06/03/2031 21:00,0.0
06/03/2031 22:00,0.0
06/03/2031 23:00,0.0
07/03/2031 00:00,0.0
07/03/2031 01:00,0.0
07/03/2031 02:00,0.0
07/03/2031 03:00,0.0
07/03/2031 04:00,0.0
07/03/2031 05:00,0.0
07/03/2031 06:00,0.0
07/03/2031 07:00,0.0
07/03/2031 08:00,0.0
07/03/2031 09:00,0.0
07/03/2031 10:00,0.0
07/03/2031 11:00,0.0
07/03/2031 12:00,0.0
07/03/2031 13:00,0.0
07/03/2031 14:00,0.0
07/03/2031 15:00,0.0
07/03/2031 16:00,0.0
07/03/2031 17:00,0.0
07/03/2031 18:00,0.0
07/03/2031 19:00,0.0
07/03/2031 20:00,0.0
07/03/2031 21:00,0.0
07/03/2031 22:00,0.0
07/03/2031 23:00,0.0
08/03/2031 00:00,0.0
08/03/2031 01:00,0.0
08/03/2031 02:00,0.0
08/03/2031 03:00,0.0
08/03/2031 04:00,0.0
08/03/2031 05:00,0.0
08/03/2031 06:00,0.0
08/03/2031 07:00,0.0
08/03/2031 08:00,0.0
08/03/2031 09:00,0.0
08/03/2031 10:00,0.0
08/03/2031 11:00,0.0
08/03/2031 12:00,0.0
08/03/2031 13:00,0.0
08/03/2031 14:00,0.0
08/03/2031 15:00,0.0
08/03/2031 16:00,0.0
08/03/2031 17:00,0.0
08/03/2031 18:00,0.0
08/03/2031 19:00,0.0
08/03/2031 20:00,0.0
08/03/2031 21:00,0.0
08/03/2031 22:00,0.0
08/03/2031 23:00,0.0
09/03/2031 00:00,0.0
09/03/2031 01:00,0.0
09/03/2031 02:00,0.0
09/03/2031 03:00,0.0
09/03/2031 04:00,0.0
09/03/2031 05:00,0.0
09/03/2031 06:00,0.0
09/03/2031 07:00,0.0
09/03/2031 08:00,0.0
09/03/2031 09:00,0.0
09/03/2031 10:00,0.0
09/03/2031 11:00,0.0
09/03/2031 12:00,0.0
09/03/2031 13:00,0.0
09/03/2031 14:00,0.0
09/03/2031 15:00,0.0
09/03/2031 16:00,0.0
09/03/2031 17:00,0.0
09/03/2031 18:00,0.0
09/03/2031 19:00,0.0
09/03/2031 20:00,0.0
09/03/2031 21:00,0.0
09/03/2031 22:00,0.0
09/03/2031 23:00,0.0
10/03/2031 00:00,0.0
10/03/2031 01:00,0.0
10/03/2031 02:00,0.0
10/03/2031 03:00,0.0
10/03/2031 04:00,0.0
10/03/2031 05:00,0.0
10/03/2031 06:00,0.0
10/03/2031 07:00,0.0
10/03/2031 08:00,0.0
10/03/2031 09:00,0.0
10/03/2031 10:00,0.0
10/03/2031 11:00,0.0
10/03/2031 12:00,0.0
10/03/2031 13:00,0.0
10/03/2031 14:00,0.0
10/03/2031 15:00,0.0
10/03/2031 16:00,0.0
10/03/2031 17:00,0.0
10/03/2031 18:00,0.0
10/03/2031 19:00,0.0
10/03/2031 20:00,0.0
10/03/2031 21:00,0.0
10/03/2031 22:00,0.0
10/03/2031 23:00,0.0
11/03/2031 00:00,0.0
11/03/2031 01:00,0.0
11/03/2031 02:00,0.0
11/03/2031 03:00,0.0
11/03/2031 04:00,0.0
11/03/2031 05:00,0.0
11/03/2031 06:00,0.0
11/03/2031 07:00,0.0
11/03/2031 08:00,0.0
11/03/2031 09:00,0.0
11/03/2031 10:00,0.0
11/03/2031 11:00,0.0
11/03/2031 12:00,0.0
11/03/2031 13:00,0.0
11/03/2031 14:00,0.0
11/03/2031 15:00,0.0
11/03/2031 16:00,0.0
11/03/2031 17:00,0.0
11/03/2031 18:00,0.0
11/03/2031 19:00,0.0
11/03/2031 20:00,0.0
11/03/2031 21:00,0.0
11/03/2031 22:00,0.0
11/03/2031 23:00,0.0
12/03/2031 00:00,0.0
12/03/2031 01:00,0.0
12/03/2031 02:00,0.0
12/03/2031 03:00,0.0
12/03/2031 04:00,0.0
12/03/2031 05:00,0.0
12/03/2031 06:00,0.0
12/03/2031 07:00,0.0
12/03/2031 08:00,0.0
12/03/2031 09:00,0.0
12/03/2031 10:00,0.0
12/03/2031 11:00,0.0
12/03/2031 12:00,0.0
12/03/2031 13:00,0.0
12/03/2031 14:00,0.0
12/03/2031 15:00,0.0
12/03/2031 16:00,0.0
12/03/2031 17:00,0.0
12/03/2031 18:00,0.0
12/03/2031 19:00,0.0
12/03/2031 20:00,0.0
12/03/2031 21:00,0.0
12/03/2031 22:00,0.0
12/03/2031 23:00,0.0
13/03/2031 00:00,0.0
13/03/2031 01:00,0.0
13/03/2031 02:00,0.0
13/03/2031 03:00,0.0
13/03/2031 04:00,0.0
13/03/2031 05:00,0.0
13/03/2031 06:00,0.0
13/03/2031 07:00,0.0
13/03/2031 08:00,0.0
13/03/2031 09:00,0.0
13/03/2031 10:00,0.0
13/03/2031 11:00,0.0
13/03/2031 12:00,0.0
13/03/2031 13:00,0.0
13/03/2031 14:00,0.0
13/03/2031 15:00,0.0
13/03/2031 16:00,0.0
13/03/2031 17:00,0.0
13/03/2031 18:00,0.0
13/03/2031 19:00,0.0
13/03/2031 20:00,0.0
13/03/2031 21:00,0.0
13/03/2031 22:00,0.0
13/03/2031 23:00,0.0
14/03/2031 00:00,0.0
14/03/2031 01:00,0.0
14/03/2031 02:00,0.0
14/03/2031 03:00,0.0
14/03/2031 04:00,0.0
14/03/2031 05:00,0.0
14/03/2031 06:00,0.0
14/03/2031 07:00,0.0
14/03/2031 08:00,0.0
14/03/2031 09:00,0.0
14/03/2031 10:00,0.0
14/03/2031 11:00,0.0
14/03/2031 12:00,0.0
14/03/2031 13:00,0.0
14/03/2031 14:00,0.0
14/03/2031 15:00,0.0
14/03/2031 16:00,0.0
14/03/2031 17:00,0.0
14/03/2031 18:00,0.0
14/03/2031 19:00,0.0
14/03/2031 20:00,0.0
14/03/2031 21:00,0.0
14/03/2031 22:00,0.0
14/03/2031 23:00,0.0
15/03/2031 00:00,0.0
15/03/2031 01:00,0.0
15/03/2031 02:00,0.0
15/03/2031 03:00,0.0
15/03/2031 04:00,0.0
15/03/2031 05:00,0.0
15/03/2031 06:00,0.0
15/03/2031 07:00,0.0
15/03/2031 08:00,0.0
15/03/2031 09:00,0.0
15/03/2031 10:00,0.0
15/03/2031 11:00,0.0
15/03/2031 12:00,0.0
15/03/2031 13:00,0.0
15/03/2031 14:00,0.0
15/03/2031 15:00,0.0
15/03/2031 16:00,0.0
15/03/2031 17:00,0.0
15/03/2031 18:00,0.0
15/03/2031 19:00,0.0
15/03/2031 20:00,0.0
15/03/2031 21:00,0.0
15/03/2031 22:00,0.0
15/03/2031 23:00,0.0
16/03/2031 00:00,0.0
16/03/2031 01:00,0.0
16/03/2031 02:00,0.0
16/03/2031 03:00,0.0
16/03/2031 04:00,0.0
16/03/2031 05:00,0.0
16/03/2031 06:00,0.0
16/03/2031 07:00,0.0
16/03/2031 08:00,0.0
16/03/2031 09:00,0.0
16/03/2031 10:00,0.0
16/03/2031 11:00,0.0
16/03/2031 12:00,0.0
16/03/2031 13:00,0.0
16/03/2031 14:00,0.0
16/03/2031 15:00,0.0
16/03/2031 16:00,0.0
16/03/2031 17:00,0.0
16/03/2031 18:00,0.0
16/03/2031 19:00,0.0
16/03/2031 20:00,0.0
16/03/2031 21:00,0.0
16/03/2031 22:00,0.0
16/03/2031 23:00,0.0
17/03/2031 00:00,0.0
17/03/2031 01:00,0.0
17/03/2031 02:00,0.0
17/03/2031 03:00,0.0
17/03/2031 04:00,0.0
17/03/2031 05:00,0.0
17/03/2031 06:00,0.0
17/03/2031 07:00,0.0
17/03/2031 08:00,0.0
17/03/2031 09:00,0.0
17/03/2031 10:00,0.0
17/03/2031 11:00,0.0
17/03/2031 12:00,0.0
17/03/2031 13:00,0.0
17/03/2031 14:00,0.0
17/03/2031 15:00,0.0
17/03/2031 16:00,0.0
17/03/2031 17:00,0.0
17/03/2031 18:00,0.0
17/03/2031 19:00,0.0
17/03/2031 20:00,0.0
17/03/2031 21:00,0.0
17/03/2031 22:00,0.0
17/03/2031 23:00,0.0
18/03/2031 00:00,502.7277272727273
18/03/2031 01:00,0.0
18/03/2031 02:00,0.0
18/03/2031 03:00,0.0
18/03/2031 04:00,0.0
18/03/2031 05:00,0.0
18/03/2031 06:00,0.0
18/03/2031 07:00,0.0
18/03/2031 08:00,0.0
18/03/2031 09:00,0.0
18/03/2031 10:00,60.475861096070126
18/03/2031 11:00,502.7277272727273
18/03/2031 12:00,502.7277272727273
18/03/2031 13:00,502.7277272727273
18/03/2031 14:00,502.7277272727273
18/03/2031 15:00,502.7277272727273
18/03/2031 16:00,270.612249878147
18/03/2031 17:00,0.0
18/03/2031 18:00,456.0001745029681
18/03/2031 19:00,215.11328561285646
18/03/2031 20:00,0.0
18/03/2031 21:00,0.0
18/03/2031 22:00,0.0
18/03/2031 23:00,201.0197586925392
19/03/2031 00:00,134.58747292757064
19/03/2031 01:00,0.0
19/03/2031 02:00,0.0
19/03/2031 03:00,0.0
19/03/2031 04:00,0.0
19/03/2031 05:00,0.0
19/03/2031 06:00,0.0
19/03/2031 07:00,0.0
19/03/2031 08:00,0.0
19/03/2031 09:00,0.0
19/03/2031 10:00,284.7294036657293
19/03/2031 11:00,502.7277272727273
19/03/2031 12:00,502.7277272727273
19/03/2031 13:00,502.7277272727273
19/03/2031 14:00,502.7277272727273
19/03/2031 15:00,502.7277272727273
19/03/2031 16:00,502.7277272727273
19/03/2031 17:00,62.07217148273626
19/03/2031 18:00,0.0
19/03/2031 19:00,0.0
19/03/2031 20:00,0.0
19/03/2031 21:00,0.0
19/03/2031 22:00,0.0
19/03/2031 23:00,0.0
20/03/2031 00:00,0.0
20/03/2031 01:00,0.0
20/03/2031 02:00,0.0
20/03/2031 03:00,0.0
20/03/2031 04:00,0.0
20/03/2031 05:00,0.0
20/03/2031 06:00,0.0
20/03/2031 07:00,0.0
20/03/2031 08:00,0.0
20/03/2031 09:00,0.0
20/03/2031 10:00,45.78744729780677
20/03/2031 11:00,502.7277272727273
20/03/2031 12:00,502.7277272727273
20/03/2031 13:00,502.7277272727273
20/03/2031 14:00,502.7277272727273
20/03/2031 15:00,502.7277272727273
20/03/2031 16:00,406.3245260225597
20/03/2031 17:00,0.0
20/03/2031 18:00,0.0
20/03/2031 19:00,0.0
20/03/2031 20:00,0.0
20/03/2031 21:00,0.0
20/03/2031 22:00,0.0
20/03/2031 23:00,0.0
21/03/2031 00:00,0.0
21/03/2031 01:00,0.0
21/03/2031 02:00,0.0
21/03/2031 03:00,0.0
21/03/2031 04:00,0.0
21/03/2031 05:00,0.0
21/03/2031 06:00,0.0
21/03/2031 07:00,0.0
21/03/2031 08:00,0.0
21/03/2031 09:00,0.0
21/03/2031 10:00,148.8097807081216
21/03/2031 11:00,502.7277272727273
21/03/2031 12:00,502.7277272727273
21/03/2031 13:00,502.7277272727273
21/03/2031 14:00,502.7277272727273
21/03/2031 15:00,502.7277272727273
21/03/2031 16:00,419.28035787444077
21/03/2031 17:00,0.0
21/03/2031 18:00,0.0
21/03/2031 19:00,0.0
21/03/2031 20:00,0.0
21/03/2031 21:00,0.0
21/03/2031 22:00,0.0
21/03/2031 23:00,0.0
22/03/2031 00:00,0.0
22/03/2031 01:00,0.0
22/03/2031 02:00,0.0
22/03/2031 03:00,0.0
22/03/2031 04:00,0.0
22/03/2031 05:00,0.0
22/03/2031 06:00,0.0
22/03/2031 07:00,0.0
22/03/2031 08:00,0.0
22/03/2031 09:00,0.0
22/03/2031 10:00,0.0
22/03/2031 11:00,321.40374502292866
22/03/2031 12:00,252.82636714803104
22/03/2031 13:00,290.96765718797946
22/03/2031 14:00,478.2766805202642
22/03/2031 15:00,322.2037733343649
22/03/2031 16:00,0.0
22/03/2031 17:00,0.0
22/03/2031 18:00,0.0
22/03/2031 19:00,0.0
22/03/2031 20:00,0.0
22/03/2031 21:00,0.0
22/03/2031 22:00,0.0
22/03/2031 23:00,0.0
23/03/2031 00:00,0.0
23/03/2031 01:00,0.0
23/03/2031 02:00,0.0
23/03/2031 03:00,0.0
23/03/2031 04:00,0.0
23/03/2031 05:00,0.0
23/03/2031 06:00,0.0
23/03/2031 07:00,0.0
23/03/2031 08:00,0.0
23/03/2031 09:00,0.0
23/03/2031 10:00,0.0
23/03/2031 11:00,0.0
23/03/2031 12:00,0.0
23/03/2031 13:00,0.0
23/03/2031 14:00,0.0
23/03/2031 15:00,0.0
23/03/2031 16:00,0.0
23/03/2031 17:00,0.0
23/03/2031 18:00,0.0
23/03/2031 19:00,0.0
23/03/2031 20:00,0.0
23/03/2031 21:00,0.0
23/03/2031 22:00,0.0
23/03/2031 23:00,0.0
24/03/2031 00:00,0.0
24/03/2031 01:00,0.0
24/03/2031 02:00,0.0
24/03/2031 03:00,0.0
24/03/2031 04:00,0.0
24/03/2031 05:00,0.0
24/03/2031 06:00,0.0
24/03/2031 07:00,0.0
24/03/2031 08:00,0.0
24/03/2031 09:00,0.0
24/03/2031 10:00,0.0
24/03/2031 11:00,502.7277272727273
24/03/2031 12:00,502.7277272727273
24/03/2031 13:00,0.0
24/03/2031 14:00,0.0
24/03/2031 15:00,0.0
24/03/2031 16:00,0.0
24/03/2031 17:00,4.646151836183814
24/03/2031 18:00,0.0
24/03/2031 19:00,0.0
24/03/2031 20:00,0.0
24/03/2031 21:00,0.0
24/03/2031 22:00,0.0
24/03/2031 23:00,144.28696904661547
25/03/2031 00:00,502.7277272727273
25/03/2031 01:00,0.0
25/03/2031 02:00,0.0
25/03/2031 03:00,0.0
25/03/2031 04:00,0.0
25/03/2031 05:00,0.0
25/03/2031 06:00,0.0
25/03/2031 07:00,0.0
25/03/2031 08:00,0.0
25/03/2031 09:00,0.0
25/03/2031 10:00,502.7277272727273
25/03/2031 11:00,502.7277272727273
25/03/2031 12:00,502.7277272727273
25/03/2031 13:00,502.7277272727273
25/03/2031 14:00,502.7277272727273
25/03/2031 15:00,449.2281499374184
25/03/2031 16:00,502.7277272727273
25/03/2031 17:00,0.0
25/03/2031 18:00,0.0
25/03/2031 19:00,0.0
25/03/2031 20:00,0.0
25/03/2031 21:00,0.0
25/03/2031 22:00,0.0
25/03/2031 23:00,0.0
26/03/2031 00:00,0.0
26/03/2031 01:00,0.0
26/03/2031 02:00,0.0
26/03/2031 03:00,0.0
26/03/2031 04:00,0.0
26/03/2031 05:00,0.0
26/03/2031 06:00,0.0
26/03/2031 07:00,0.0
26/03/2031 08:00,0.0
26/03/2031 09:00,0.0
26/03/2031 10:00,176.7618026441634
26/03/2031 11:00,364.9567379002668
26/03/2031 12:00,399.5404602126064
26/03/2031 13:00,502.7277272727273
26/03/2031 14:00,416.71377118438295
26/03/2031 15:00,18.20228583045901
26/03/2031 16:00,456.4284472696218
26/03/2031 17:00,0.0
26/03/2031 18:00,0.0
26/03/2031 19:00,0.0
26/03/2031 20:00,0.0
26/03/2031 21:00,0.0
26/03/2031 22:00,0.0
26/03/2031 23:00,0.0
27/03/2031 00:00,0.0
27/03/2031 01:00,0.0
27/03/2031 02:00,0.0
27/03/2031 03:00,0.0
27/03/2031 04:00,0.0
27/03/2031 05:00,0.0
27/03/2031 06:00,0.0
27/03/2031 07:00,0.0
27/03/2031 08:00,0.0
27/03/2031 09:00,0.0
27/03/2031 10:00,0.0
27/03/2031 11:00,0.0
27/03/2031 12:00,0.0
27/03/2031 13:00,0.0
27/03/2031 14:00,0.0
27/03/2031 15:00,0.0
27/03/2031 16:00,0.0
27/03/2031 17:00,0.0
27/03/2031 18:00,0.0
27/03/2031 19:00,0.0
27/03/2031 20:00,0.0
27/03/2031 21:00,0.0
27/03/2031 22:00,0.0
27/03/2031 23:00,0.0
28/03/2031 00:00,0.0
28/03/2031 01:00,0.0
28/03/2031 02:00,0.0
28/03/2031 03:00,0.0
28/03/2031 04:00,0.0
28/03/2031 05:00,0.0
28/03/2031 06:00,0.0
28/03/2031 07:00,0.0
28/03/2031 08:00,0.0
28/03/2031 09:00,0.0
28/03/2031 10:00,0.0
28/03/2031 11:00,0.0
28/03/2031 12:00,0.0
28/03/2031 13:00,181.07713598998401
28/03/2031 14:00,0.0
28/03/2031 15:00,0.0
28/03/2031 16:00,0.0
28/03/2031 17:00,0.0
28/03/2031 18:00,0.0
28/03/2031 19:00,0.0
28/03/2031 20:00,0.0
28/03/2031 21:00,0.0
28/03/2031 22:00,0.0
28/03/2031 23:00,0.0
29/03/2031 00:00,0.0
29/03/2031 01:00,0.0
29/03/2031 02:00,0.0
29/03/2031 03:00,0.0
29/03/2031 04:00,0.0
29/03/2031 05:00,0.0
29/03/2031 06:00,0.0
29/03/2031 07:00,0.0
29/03/2031 08:00,0.0
29/03/2031 09:00,0.0
29/03/2031 10:00,0.0
29/03/2031 11:00,0.0
29/03/2031 12:00,0.0
29/03/2031 13:00,0.0
29/03/2031 14:00,0.0
29/03/2031 15:00,0.0
29/03/2031 16:00,0.0
29/03/2031 17:00,0.0
29/03/2031 18:00,0.0
29/03/2031 19:00,0.0
29/03/2031 20:00,0.0
29/03/2031 21:00,0.0
29/03/2031 22:00,0.0
29/03/2031 23:00,0.0
30/03/2031 00:00,0.0
30/03/2031 01:00,0.0
30/03/2031 02:00,0.0
30/03/2031 03:00,0.0
30/03/2031 04:00,0.0
30/03/2031 05:00,0.0
30/03/2031 06:00,0.0
30/03/2031 07:00,0.0
30/03/2031 08:00,0.0
30/03/2031 09:00,0.0
30/03/2031 10:00,0.0
30/03/2031 11:00,0.0
30/03/2031 12:00,0.0
30/03/2031 13:00,0.0
30/03/2031 14:00,0.0
30/03/2031 15:00,0.0
30/03/2031 16:00,0.0
30/03/2031 17:00,0.0
30/03/2031 18:00,0.0
30/03/2031 19:00,0.0
30/03/2031 20:00,0.0
30/03/2031 21:00,0.0
30/03/2031 22:00,0.0
30/03/2031 23:00,0.0
31/03/2031 00:00,0.0
31/03/2031 01:00,0.0
31/03/2031 02:00,0.0
31/03/2031 03:00,0.0
31/03/2031 04:00,0.0
31/03/2031 05:00,0.0
31/03/2031 06:00,0.0
31/03/2031 07:00,0.0
31/03/2031 08:00,0.0
31/03/2031 09:00,0.0
31/03/2031 10:00,0.0
31/03/2031 11:00,0.0
31/03/2031 12:00,0.0
31/03/2031 13:00,0.0
31/03/2031 14:00,0.0
31/03/2031 15:00,0.0
31/03/2031 16:00,0.0
31/03/2031 17:00,0.0
31/03/2031 18:00,0.0
31/03/2031 19:00,0.0
31/03/2031 20:00,0.0
31/03/2031 21:00,0.0
31/03/2031 22:00,0.0
31/03/2031 23:00,0.0
01/04/2031 00:00,502.7277272727273
01/04/2031 01:00,0.0
01/04/2031 02:00,0.0
01/04/2031 03:00,0.0
01/04/2031 04:00,0.0
01/04/2031 05:00,0.0
01/04/2031 06:00,0.0
01/04/2031 07:00,0.0
01/04/2031 08:00,0.0
01/04/2031 09:00,0.0
01/04/2031 10:00,0.0
01/04/2031 11:00,0.0
01/04/2031 12:00,0.0
01/04/2031 13:00,113.42912699751972
01/04/2031 14:00,190.98412061852352
01/04/2031 15:00,111.85517304434127
01/04/2031 16:00,502.7277272727273
01/04/2031 17:00,139.56276026587298
01/04/2031 18:00,0.0
01/04/2031 19:00,0.0
01/04/2031 20:00,0.0
01/04/2031 21:00,0.0
01/04/2031 22:00,0.0
01/04/2031 23:00,0.0
02/04/2031 00:00,0.0
02/04/2031 01:00,0.0
02/04/2031 02:00,0.0
02/04/2031 03:00,0.0
02/04/2031 04:00,0.0
02/04/2031 05:00,0.0
02/04/2031 06:00,0.0
02/04/2031 07:00,0.0
02/04/2031 08:00,0.0
02/04/2031 09:00,0.0
02/04/2031 10:00,0.0
02/04/2031 11:00,0.0
02/04/2031 12:00,0.0
02/04/2031 13:00,0.0
02/04/2031 14:00,0.0
02/04/2031 15:00,0.0
02/04/2031 16:00,26.997779949333886
02/04/2031 17:00,0.0
02/04/2031 18:00,0.0
02/04/2031 19:00,0.0
02/04/2031 20:00,0.0
02/04/2031 21:00,0.0
02/04/2031 22:00,0.0
02/04/2031 23:00,0.0
03/04/2031 00:00,0.0
03/04/2031 01:00,0.0
03/04/2031 02:00,0.0
03/04/2031 03:00,0.0
03/04/2031 04:00,0.0
03/04/2031 05:00,0.0
03/04/2031 06:00,0.0
03/04/2031 07:00,0.0
03/04/2031 08:00,0.0
03/04/2031 09:00,0.0
03/04/2031 10:00,0.0
03/04/2031 11:00,0.0
03/04/2031 12:00,291.3451147708594
03/04/2031 13:00,502.7277272727273
03/04/2031 14:00,325.5423346168339
03/04/2031 15:00,39.88913705760905
03/04/2031 16:00,0.0
03/04/2031 17:00,0.0
03/04/2031 18:00,0.0
03/04/2031 19:00,0.0
03/04/2031 20:00,0.0
03/04/2031 21:00,0.0
03/04/2031 22:00,0.0
03/04/2031 23:00,0.0
04/04/2031 00:00,0.0
04/04/2031 01:00,0.0
04/04/2031 02:00,0.0
04/04/2031 03:00,0.0
04/04/2031 04:00,0.0
04/04/2031 05:00,0.0
04/04/2031 06:00,0.0
04/04/2031 07:00,0.0
04/04/2031 08:00,0.0
04/04/2031 09:00,0.0
04/04/2031 10:00,0.0
04/04/2031 11:00,130.82375146749595
04/04/2031 12:00,502.7277272727273
04/04/2031 13:00,502.7277272727273
04/04/2031 14:00,502.7277272727273
04/04/2031 15:00,479.6608284597288
04/04/2031 16:00,502.7277272727273
04/04/2031 17:00,0.0
04/04/2031 18:00,0.0
04/04/2031 19:00,0.0
04/04/2031 20:00,0.0
04/04/2031 21:00,0.0
04/04/2031 22:00,0.0
04/04/2031 23:00,0.0
05/04/2031 00:00,0.0
05/04/2031 01:00,0.0
05/04/2031 02:00,0.0
05/04/2031 03:00,0.0
05/04/2031 04:00,0.0
05/04/2031 05:00,0.0
05/04/2031 06:00,0.0
05/04/2031 07:00,0.0
05/04/2031 08:00,0.0
05/04/2031 09:00,0.0
05/04/2031 10:00,0.0
05/04/2031 11:00,0.0
05/04/2031 12:00,0.0
05/04/2031 13:00,0.0
05/04/2031 14:00,0.0
05/04/2031 15:00,0.0
05/04/2031 16:00,105.37645714573445
05/04/2031 17:00,0.0
05/04/2031 18:00,0.0
05/04/2031 19:00,0.0
05/04/2031 20:00,0.0
05/04/2031 21:00,0.0
05/04/2031 22:00,0.0
05/04/2031 23:00,0.0
06/04/2031 00:00,0.0
06/04/2031 01:00,0.0
06/04/2031 02:00,0.0
06/04/2031 03:00,0.0
06/04/2031 04:00,0.0
06/04/2031 05:00,0.0
06/04/2031 06:00,0.0
06/04/2031 07:00,0.0
06/04/2031 08:00,0.0
06/04/2031 09:00,0.0
06/04/2031 10:00,0.0
06/04/2031 11:00,0.0
06/04/2031 12:00,0.0
06/04/2031 13:00,0.0
06/04/2031 14:00,0.0
06/04/2031 15:00,0.0
06/04/2031 16:00,0.0
06/04/2031 17:00,0.0
06/04/2031 18:00,0.0
06/04/2031 19:00,0.0
06/04/2031 20:00,0.0
06/04/2031 21:00,0.0
06/04/2031 22:00,0.0
06/04/2031 23:00,0.0
07/04/2031 00:00,0.0
07/04/2031 01:00,0.0
07/04/2031 02:00,0.0
07/04/2031 03:00,0.0
07/04/2031 04:00,0.0
07/04/2031 05:00,0.0
07/04/2031 06:00,0.0
07/04/2031 07:00,0.0
07/04/2031 08:00,0.0
07/04/2031 09:00,0.0
07/04/2031 10:00,0.0
07/04/2031 11:00,0.0
07/04/2031 12:00,465.4932690790248
07/04/2031 13:00,0.0
07/04/2031 14:00,0.0
07/04/2031 15:00,0.0
07/04/2031 16:00,0.0
07/04/2031 17:00,0.0
07/04/2031 18:00,0.0
07/04/2031 19:00,0.0
07/04/2031 20:00,0.0
07/04/2031 21:00,0.0
07/04/2031 22:00,0.0
07/04/2031 23:00,0.0
08/04/2031 00:00,0.0
08/04/2031 01:00,0.0
08/04/2031 02:00,0.0
08/04/2031 03:00,0.0
08/04/2031 04:00,0.0
08/04/2031 05:00,0.0
08/04/2031 06:00,0.0
08/04/2031 07:00,0.0
08/04/2031 08:00,0.0
08/04/2031 09:00,0.0
08/04/2031 10:00,0.0
08/04/2031 11:00,0.0
08/04/2031 12:00,0.0
08/04/2031 13:00,0.0
08/04/2031 14:00,0.0
08/04/2031 15:00,0.0
08/04/2031 16:00,0.0
08/04/2031 17:00,0.0
08/04/2031 18:00,0.0
08/04/2031 19:00,0.0
08/04/2031 20:00,0.0
08/04/2031 21:00,0.0
08/04/2031 22:00,0.0
08/04/2031 23:00,0.0
09/04/2031 00:00,0.0
09/04/2031 01:00,0.0
09/04/2031 02:00,0.0
09/04/2031 03:00,0.0
09/04/2031 04:00,0.0
09/04/2031 05:00,0.0
09/04/2031 06:00,0.0
09/04/2031 07:00,0.0
09/04/2031 08:00,0.0
09/04/2031 09:00,0.0
09/04/2031 10:00,0.0
09/04/2031 11:00,0.0
09/04/2031 12:00,0.0
09/04/2031 13:00,0.0
09/04/2031 14:00,0.0
09/04/2031 15:00,0.0
09/04/2031 16:00,0.0
09/04/2031 17:00,0.0
09/04/2031 18:00,0.0
09/04/2031 19:00,0.0
09/04/2031 20:00,0.0
09/04/2031 21:00,0.0
09/04/2031 22:00,0.0
09/04/2031 23:00,0.0
10/04/2031 00:00,0.0
10/04/2031 01:00,0.0
10/04/2031 02:00,0.0
10/04/2031 03:00,0.0
10/04/2031 04:00,0.0
10/04/2031 05:00,0.0
10/04/2031 06:00,0.0
10/04/2031 07:00,0.0
10/04/2031 08:00,0.0
10/04/2031 09:00,0.0
10/04/2031 10:00,0.0
10/04/2031 11:00,0.0
10/04/2031 12:00,0.0
10/04/2031 13:00,0.0
10/04/2031 14:00,0.0
10/04/2031 15:00,0.0
10/04/2031 16:00,0.0
10/04/2031 17:00,0.0
10/04/2031 18:00,0.0
10/04/2031 19:00,0.0
10/04/2031 20:00,0.0
10/04/2031 21:00,0.0
10/04/2031 22:00,0.0
10/04/2031 23:00,0.0
11/04/2031 00:00,0.0
11/04/2031 01:00,0.0
11/04/2031 02:00,0.0
11/04/2031 03:00,0.0
11/04/2031 04:00,0.0
11/04/2031 05:00,0.0
11/04/2031 06:00,0.0
11/04/2031 07:00,0.0
11/04/2031 08:00,0.0
11/04/2031 09:00,0.0
11/04/2031 10:00,0.0
11/04/2031 11:00,0.0
11/04/2031 12:00,0.0
11/04/2031 13:00,0.0
11/04/2031 14:00,0.0
11/04/2031 15:00,0.0
11/04/2031 16:00,0.0
11/04/2031 17:00,0.0
11/04/2031 18:00,0.0
11/04/2031 19:00,0.0
11/04/2031 20:00,0.0
11/04/2031 21:00,0.0
11/04/2031 22:00,0.0
11/04/2031 23:00,0.0
12/04/2031 00:00,0.0
12/04/2031 01:00,0.0
12/04/2031 02:00,0.0
12/04/2031 03:00,0.0
12/04/2031 04:00,0.0
12/04/2031 05:00,0.0
12/04/2031 06:00,0.0
12/04/2031 07:00,0.0
12/04/2031 08:00,0.0
12/04/2031 09:00,0.0
12/04/2031 10:00,0.0
12/04/2031 11:00,0.0
12/04/2031 12:00,0.0
12/04/2031 13:00,0.0
12/04/2031 14:00,0.0
12/04/2031 15:00,0.0
12/04/2031 16:00,0.0
12/04/2031 17:00,0.0
12/04/2031 18:00,0.0
12/04/2031 19:00,0.0
12/04/2031 20:00,0.0
12/04/2031 21:00,0.0
12/04/2031 22:00,0.0
12/04/2031 23:00,0.0
13/04/2031 00:00,0.0
13/04/2031 01:00,0.0
13/04/2031 02:00,0.0
13/04/2031 03:00,0.0
13/04/2031 04:00,0.0
13/04/2031 05:00,0.0
13/04/2031 06:00,0.0
13/04/2031 07:00,0.0
13/04/2031 08:00,0.0
13/04/2031 09:00,0.0
13/04/2031 10:00,0.0
13/04/2031 11:00,0.0
13/04/2031 12:00,0.0
13/04/2031 13:00,0.0
13/04/2031 14:00,0.0
13/04/2031 15:00,0.0
13/04/2031 16:00,0.0
13/04/2031 17:00,0.0
13/04/2031 18:00,0.0
13/04/2031 19:00,0.0
13/04/2031 20:00,0.0
13/04/2031 21:00,0.0
13/04/2031 22:00,0.0
13/04/2031 23:00,0.0
14/04/2031 00:00,0.0
14/04/2031 01:00,0.0
14/04/2031 02:00,0.0
14/04/2031 03:00,0.0
14/04/2031 04:00,0.0
14/04/2031 05:00,0.0
14/04/2031 06:00,0.0
14/04/2031 07:00,0.0
14/04/2031 08:00,0.0
14/04/2031 09:00,184.1308224463076
14/04/2031 10:00,0.0
14/04/2031 11:00,0.0
14/04/2031 12:00,427.75713896296816
14/04/2031 13:00,502.7277272727273
14/04/2031 14:00,251.63620763431342
14/04/2031 15:00,0.0
14/04/2031 16:00,0.0
14/04/2031 17:00,0.0
14/04/2031 18:00,0.0
14/04/2031 19:00,0.0
14/04/2031 20:00,0.0
14/04/2031 21:00,0.0
14/04/2031 22:00,0.0
14/04/2031 23:00,0.0
15/04/2031 00:00,502.7277272727273
15/04/2031 01:00,0.0
15/04/2031 02:00,0.0
15/04/2031 03:00,0.0
15/04/2031 04:00,0.0
15/04/2031 05:00,0.0
15/04/2031 06:00,0.0
15/04/2031 07:00,0.0
15/04/2031 08:00,0.0
15/04/2031 09:00,0.0
15/04/2031 10:00,0.0
15/04/2031 11:00,0.0
15/04/2031 12:00,0.0
15/04/2031 13:00,0.0
15/04/2031 14:00,0.0
15/04/2031 15:00,0.0
15/04/2031 16:00,0.0
15/04/2031 17:00,0.0
15/04/2031 18:00,0.0
15/04/2031 19:00,0.0
15/04/2031 20:00,0.0
15/04/2031 21:00,0.0
15/04/2031 22:00,0.0
15/04/2031 23:00,0.0
16/04/2031 00:00,0.0
16/04/2031 01:00,0.0
16/04/2031 02:00,0.0
16/04/2031 03:00,0.0
16/04/2031 04:00,0.0
16/04/2031 05:00,0.0
16/04/2031 06:00,0.0
16/04/2031 07:00,0.0
16/04/2031 08:00,0.0
16/04/2031 09:00,0.0
16/04/2031 10:00,0.0
16/04/2031 11:00,0.0
16/04/2031 12:00,0.0
16/04/2031 13:00,0.0
16/04/2031 14:00,0.0
16/04/2031 15:00,0.0
16/04/2031 16:00,0.0
16/04/2031 17:00,0.0
16/04/2031 18:00,0.0
16/04/2031 19:00,0.0
16/04/2031 20:00,0.0
16/04/2031 21:00,0.0
16/04/2031 22:00,0.0
16/04/2031 23:00,0.0
17/04/2031 00:00,0.0
17/04/2031 01:00,0.0
17/04/2031 02:00,0.0
17/04/2031 03:00,0.0
17/04/2031 04:00,0.0
17/04/2031 05:00,0.0
17/04/2031 06:00,0.0
17/04/2031 07:00,0.0
17/04/2031 08:00,0.0
17/04/2031 09:00,0.0
17/04/2031 10:00,0.0
17/04/2031 11:00,0.0
17/04/2031 12:00,0.0
17/04/2031 13:00,0.0
17/04/2031 14:00,0.0
17/04/2031 15:00,0.0
17/04/2031 16:00,0.0
17/04/2031 17:00,0.0
17/04/2031 18:00,0.0
17/04/2031 19:00,0.0
17/04/2031 20:00,0.0
17/04/2031 21:00,0.0
17/04/2031 22:00,0.0
17/04/2031 23:00,0.0
18/04/2031 00:00,0.0
18/04/2031 01:00,0.0
18/04/2031 02:00,0.0
18/04/2031 03:00,0.0
18/04/2031 04:00,0.0
18/04/2031 05:00,0.0
18/04/2031 06:00,0.0
18/04/2031 07:00,0.0
18/04/2031 08:00,0.0
18/04/2031 09:00,0.0
18/04/2031 10:00,0.0
18/04/2031 11:00,0.0
18/04/2031 12:00,0.0
18/04/2031 13:00,0.0
18/04/2031 14:00,0.0
18/04/2031 15:00,0.0
18/04/2031 16:00,0.0
18/04/2031 17:00,0.0
18/04/2031 18:00,0.0
18/04/2031 19:00,0.0
18/04/2031 20:00,0.0
18/04/2031 21:00,0.0
18/04/2031 22:00,0.0
18/04/2031 23:00,0.0
19/04/2031 00:00,0.0
19/04/2031 01:00,0.0
19/04/2031 02:00,0.0
19/04/2031 03:00,0.0
19/04/2031 04:00,0.0
19/04/2031 05:00,0.0
19/04/2031 06:00,0.0
19/04/2031 07:00,0.0
19/04/2031 08:00,0.0
19/04/2031 09:00,0.0
19/04/2031 10:00,0.0
19/04/2031 11:00,0.0
19/04/2031 12:00,0.0
19/04/2031 13:00,0.0
19/04/2031 14:00,0.0
19/04/2031 15:00,0.0
19/04/2031 16:00,0.0
19/04/2031 17:00,0.0
19/04/2031 18:00,0.0
19/04/2031 19:00,0.0
19/04/2031 20:00,0.0
19/04/2031 21:00,0.0
19/04/2031 22:00,0.0
19/04/2031 23:00,0.0
20/04/2031 00:00,0.0
20/04/2031 01:00,0.0
20/04/2031 02:00,0.0
20/04/2031 03:00,0.0
20/04/2031 04:00,0.0
20/04/2031 05:00,0.0
20/04/2031 06:00,0.0
20/04/2031 07:00,0.0
20/04/2031 08:00,0.0
20/04/2031 09:00,0.0
20/04/2031 10:00,0.0
20/04/2031 11:00,0.0
20/04/2031 12:00,0.0
20/04/2031 13:00,0.0
20/04/2031 14:00,0.0
20/04/2031 15:00,0.0
20/04/2031 16:00,0.0
20/04/2031 17:00,0.0
20/04/2031 18:00,0.0
20/04/2031 19:00,0.0
20/04/2031 20:00,0.0
20/04/2031 21:00,0.0
20/04/2031 22:00,0.0
20/04/2031 23:00,0.0
21/04/2031 00:00,0.0
21/04/2031 01:00,0.0
21/04/2031 02:00,0.0
21/04/2031 03:00,0.0
21/04/2031 04:00,0.0
21/04/2031 05:00,0.0
21/04/2031 06:00,0.0
21/04/2031 07:00,0.0
21/04/2031 08:00,0.0
21/04/2031 09:00,0.0
21/04/2031 10:00,0.0
21/04/2031 11:00,0.0
21/04/2031 12:00,0.0
21/04/2031 13:00,0.0
21/04/2031 14:00,0.0
21/04/2031 15:00,0.0
21/04/2031 16:00,0.0
21/04/2031 17:00,0.0
21/04/2031 18:00,0.0
21/04/2031 19:00,0.0
21/04/2031 20:00,0.0
21/04/2031 21:00,0.0
21/04/2031 22:00,0.0
21/04/2031 23:00,0.0
22/04/2031 00:00,502.7277272727273
22/04/2031 01:00,0.0
22/04/2031 02:00,0.0
22/04/2031 03:00,0.0
22/04/2031 04:00,0.0
22/04/2031 05:00,0.0
22/04/2031 06:00,0.0
22/04/2031 07:00,0.0
22/04/2031 08:00,0.0
22/04/2031 09:00,0.0
22/04/2031 10:00,0.0
22/04/2031 11:00,0.0
22/04/2031 12:00,0.0
22/04/2031 13:00,0.0
22/04/2031 14:00,0.0
22/04/2031 15:00,0.0
22/04/2031 16:00,0.0
22/04/2031 17:00,0.0
22/04/2031 18:00,0.0
22/04/2031 19:00,0.0
22/04/2031 20:00,0.0
22/04/2031 21:00,0.0
22/04/2031 22:00,0.0
22/04/2031 23:00,0.0
23/04/2031 00:00,0.0
23/04/2031 01:00,0.0
23/04/2031 02:00,0.0
23/04/2031 03:00,0.0
23/04/2031 04:00,0.0
23/04/2031 05:00,0.0
23/04/2031 06:00,0.0
23/04/2031 07:00,0.0
23/04/2031 08:00,0.0
23/04/2031 09:00,0.0
23/04/2031 10:00,0.0
23/04/2031 11:00,0.0
23/04/2031 12:00,0.0
23/04/2031 13:00,0.0
23/04/2031 14:00,0.0
23/04/2031 15:00,0.0
23/04/2031 16:00,0.0
23/04/2031 17:00,0.0
23/04/2031 18:00,0.0
23/04/2031 19:00,0.0
23/04/2031 20:00,0.0
23/04/2031 21:00,0.0
23/04/2031 22:00,0.0
23/04/2031 23:00,0.0
24/04/2031 00:00,0.0
24/04/2031 01:00,0.0
24/04/2031 02:00,0.0
24/04/2031 03:00,0.0
24/04/2031 04:00,0.0
24/04/2031 05:00,0.0
24/04/2031 06:00,0.0
24/04/2031 07:00,0.0
24/04/2031 08:00,0.0
24/04/2031 09:00,0.0
24/04/2031 10:00,0.0
24/04/2031 11:00,0.0
24/04/2031 12:00,0.0
24/04/2031 13:00,0.0
24/04/2031 14:00,0.0
24/04/2031 15:00,0.0
24/04/2031 16:00,0.0
24/04/2031 17:00,0.0
24/04/2031 18:00,0.0
24/04/2031 19:00,0.0
24/04/2031 20:00,0.0
24/04/2031 21:00,0.0
24/04/2031 22:00,0.0
24/04/2031 23:00,0.0
25/04/2031 00:00,0.0
25/04/2031 01:00,0.0
25/04/2031 02:00,0.0
25/04/2031 03:00,0.0
25/04/2031 04:00,0.0
25/04/2031 05:00,0.0
25/04/2031 06:00,0.0
25/04/2031 07:00,0.0
25/04/2031 08:00,0.0
25/04/2031 09:00,0.0
25/04/2031 10:00,406.12768077247944
25/04/2031 11:00,502.7277272727273
25/04/2031 12:00,502.7277272727273
25/04/2031 13:00,0.0
25/04/2031 14:00,0.0
25/04/2031 15:00,0.0
25/04/2031 16:00,0.0
25/04/2031 17:00,0.0
25/04/2031 18:00,0.0
25/04/2031 19:00,0.0
25/04/2031 20:00,0.0
25/04/2031 21:00,0.0
25/04/2031 22:00,0.0
25/04/2031 23:00,0.0
26/04/2031 00:00,0.0
26/04/2031 01:00,0.0
26/04/2031 02:00,0.0
26/04/2031 03:00,0.0
26/04/2031 04:00,0.0
26/04/2031 05:00,0.0
26/04/2031 06:00,0.0
26/04/2031 07:00,0.0
26/04/2031 08:00,0.0
26/04/2031 09:00,0.0
26/04/2031 10:00,0.0
26/04/2031 11:00,0.0
26/04/2031 12:00,0.0
26/04/2031 13:00,0.0
26/04/2031 14:00,0.0
26/04/2031 15:00,0.0
26/04/2031 16:00,0.0
26/04/2031 17:00,0.0
26/04/2031 18:00,0.0
26/04/2031 19:00,0.0
26/04/2031 20:00,0.0
26/04/2031 21:00,0.0
26/04/2031 22:00,0.0
26/04/2031 23:00,0.0
27/04/2031 00:00,0.0
27/04/2031 01:00,0.0
27/04/2031 02:00,0.0
27/04/2031 03:00,0.0
27/04/2031 04:00,0.0
27/04/2031 05:00,0.0
27/04/2031 06:00,0.0
27/04/2031 07:00,0.0
27/04/2031 08:00,0.0
27/04/2031 09:00,0.0
27/04/2031 10:00,0.0
27/04/2031 11:00,48.596778342332534
27/04/2031 12:00,0.0
27/04/2031 13:00,0.0
27/04/2031 14:00,0.0
27/04/2031 15:00,0.0
27/04/2031 16:00,0.0
27/04/2031 17:00,0.0
27/04/2031 18:00,0.0
27/04/2031 19:00,0.0
27/04/2031 20:00,0.0
27/04/2031 21:00,0.0
27/04/2031 22:00,0.0
27/04/2031 23:00,0.0
28/04/2031 00:00,0.0
28/04/2031 01:00,0.0
28/04/2031 02:00,0.0
28/04/2031 03:00,0.0
28/04/2031 04:00,0.0
28/04/2031 05:00,0.0
28/04/2031 06:00,0.0
28/04/2031 07:00,0.0
28/04/2031 08:00,0.0
28/04/2031 09:00,0.0
28/04/2031 10:00,0.0
28/04/2031 11:00,0.0
28/04/2031 12:00,0.0
28/04/2031 13:00,0.0
28/04/2031 14:00,0.0
28/04/2031 15:00,0.0
28/04/2031 16:00,0.0
28/04/2031 17:00,0.0
28/04/2031 18:00,0.0
28/04/2031 19:00,0.0
28/04/2031 20:00,0.0
28/04/2031 21:00,0.0
28/04/2031 22:00,0.0
28/04/2031 23:00,0.0
29/04/2031 00:00,502.7277272727273
29/04/2031 01:00,0.0
29/04/2031 02:00,0.0
29/04/2031 03:00,0.0
29/04/2031 04:00,0.0
29/04/2031 05:00,0.0
29/04/2031 06:00,0.0
29/04/2031 07:00,0.0
29/04/2031 08:00,0.0
29/04/2031 09:00,0.0
29/04/2031 10:00,0.0
29/04/2031 11:00,0.0
29/04/2031 12:00,0.0
29/04/2031 13:00,0.0
29/04/2031 14:00,0.0
29/04/2031 15:00,0.0
29/04/2031 16:00,0.0
29/04/2031 17:00,0.0
29/04/2031 18:00,0.0
29/04/2031 19:00,0.0
29/04/2031 20:00,0.0
29/04/2031 21:00,0.0
29/04/2031 22:00,0.0
29/04/2031 23:00,0.0
30/04/2031 00:00,0.0
30/04/2031 01:00,0.0
30/04/2031 02:00,0.0
30/04/2031 03:00,0.0
30/04/2031 04:00,0.0
30/04/2031 05:00,0.0
30/04/2031 06:00,0.0
30/04/2031 07:00,0.0
30/04/2031 08:00,0.0
30/04/2031 09:00,0.0
30/04/2031 10:00,0.0
30/04/2031 11:00,502.7277272727273
30/04/2031 12:00,502.7277272727273
30/04/2031 13:00,502.7277272727273
30/04/2031 14:00,502.7277272727273
30/04/2031 15:00,502.7277272727273
30/04/2031 16:00,0.0
30/04/2031 17:00,0.0
30/04/2031 18:00,0.0
30/04/2031 19:00,0.0
30/04/2031 20:00,0.0
30/04/2031 21:00,0.0
30/04/2031 22:00,0.0
30/04/2031 23:00,0.0
01/05/2031 00:00,0.0
01/05/2031 01:00,0.0
01/05/2031 02:00,0.0
01/05/2031 03:00,0.0
01/05/2031 04:00,0.0
01/05/2031 05:00,0.0
01/05/2031 06:00,0.0
01/05/2031 07:00,0.0
01/05/2031 08:00,0.0
01/05/2031 09:00,0.0
01/05/2031 10:00,0.0
01/05/2031 11:00,0.0
01/05/2031 12:00,0.0
01/05/2031 13:00,0.0
01/05/2031 14:00,0.0
01/05/2031 15:00,0.0
01/05/2031 16:00,0.0
01/05/2031 17:00,0.0
01/05/2031 18:00,0.0
01/05/2031 19:00,0.0
01/05/2031 20:00,0.0
01/05/2031 21:00,0.0
01/05/2031 22:00,0.0
01/05/2031 23:00,0.0
02/05/2031 00:00,0.0
02/05/2031 01:00,0.0
02/05/2031 02:00,0.0
02/05/2031 03:00,0.0
02/05/2031 04:00,0.0
02/05/2031 05:00,0.0
02/05/2031 06:00,0.0
02/05/2031 07:00,0.0
02/05/2031 08:00,0.0
02/05/2031 09:00,0.0
02/05/2031 10:00,0.0
02/05/2031 11:00,0.0
02/05/2031 12:00,0.0
02/05/2031 13:00,0.0
02/05/2031 14:00,0.0
02/05/2031 15:00,0.0
02/05/2031 16:00,0.0
02/05/2031 17:00,0.0
02/05/2031 18:00,0.0
02/05/2031 19:00,0.0
02/05/2031 20:00,0.0
02/05/2031 21:00,0.0
02/05/2031 22:00,0.0
02/05/2031 23:00,0.0
03/05/2031 00:00,0.0
03/05/2031 01:00,0.0
03/05/2031 02:00,0.0
03/05/2031 03:00,0.0
03/05/2031 04:00,0.0
03/05/2031 05:00,0.0
03/05/2031 06:00,0.0
03/05/2031 07:00,0.0
03/05/2031 08:00,0.0
03/05/2031 09:00,0.0
03/05/2031 10:00,0.0
03/05/2031 11:00,0.0
03/05/2031 12:00,0.0
03/05/2031 13:00,0.0
03/05/2031 14:00,0.0
03/05/2031 15:00,0.0
03/05/2031 16:00,0.0
03/05/2031 17:00,0.0
03/05/2031 18:00,0.0
03/05/2031 19:00,0.0
03/05/2031 20:00,0.0
03/05/2031 21:00,0.0
03/05/2031 22:00,0.0
03/05/2031 23:00,0.0
04/05/2031 00:00,0.0
04/05/2031 01:00,0.0
04/05/2031 02:00,0.0
04/05/2031 03:00,0.0
04/05/2031 04:00,0.0
04/05/2031 05:00,0.0
04/05/2031 06:00,0.0
04/05/2031 07:00,0.0
04/05/2031 08:00,0.0
04/05/2031 09:00,0.0
04/05/2031 10:00,0.0
04/05/2031 11:00,0.0
04/05/2031 12:00,0.0
04/05/2031 13:00,0.0
04/05/2031 14:00,0.0
04/05/2031 15:00,0.0
04/05/2031 16:00,0.0
04/05/2031 17:00,0.0
04/05/2031 18:00,0.0
04/05/2031 19:00,0.0
04/05/2031 20:00,0.0
04/05/2031 21:00,0.0
04/05/2031 22:00,0.0
04/05/2031 23:00,0.0
05/05/2031 00:00,0.0
05/05/2031 01:00,0.0
05/05/2031 02:00,0.0
05/05/2031 03:00,0.0
05/05/2031 04:00,0.0
05/05/2031 05:00,0.0
05/05/2031 06:00,0.0
05/05/2031 07:00,0.0
05/05/2031 08:00,0.0
05/05/2031 09:00,0.0
05/05/2031 10:00,0.0
05/05/2031 11:00,0.0
05/05/2031 12:00,0.0
05/05/2031 13:00,130.11458887908987
05/05/2031 14:00,502.7277272727273
05/05/2031 15:00,502.7277272727273
05/05/2031 16:00,0.0
05/05/2031 17:00,0.0
05/05/2031 18:00,0.0
05/05/2031 19:00,0.0
05/05/2031 20:00,0.0
05/05/2031 21:00,0.0
05/05/2031 22:00,0.0
05/05/2031 23:00,0.0
06/05/2031 00:00,502.7277272727273
06/05/2031 01:00,0.0
06/05/2031 02:00,0.0
06/05/2031 03:00,0.0
06/05/2031 04:00,0.0
06/05/2031 05:00,0.0
06/05/2031 06:00,0.0
06/05/2031 07:00,0.0
06/05/2031 08:00,9.433607712412504
06/05/2031 09:00,502.7277272727273
06/05/2031 10:00,502.7277272727273
06/05/2031 11:00,502.7277272727273
06/05/2031 12:00,502.7277272727273
06/05/2031 13:00,502.7277272727273
06/05/2031 14:00,502.7277272727273
06/05/2031 15:00,502.7277272727273
06/05/2031 16:00,502.7277272727273
06/05/2031 17:00,372.8728702019127
06/05/2031 18:00,0.0
06/05/2031 19:00,0.0
06/05/2031 20:00,0.0
06/05/2031 21:00,0.0
06/05/2031 22:00,0.0
06/05/2031 23:00,0.0
07/05/2031 00:00,0.0
07/05/2031 01:00,0.0
07/05/2031 02:00,0.0
07/05/2031 03:00,188.52853006499197
07/05/2031 04:00,0.0
07/05/2031 05:00,0.0
07/05/2031 06:00,0.0
07/05/2031 07:00,0.0
07/05/2031 08:00,0.0
07/05/2031 09:00,0.0
07/05/2031 10:00,0.0
07/05/2031 11:00,431.28774478846213
07/05/2031 12:00,502.7277272727273
07/05/2031 13:00,502.7277272727273
07/05/2031 14:00,502.7277272727273
07/05/2031 15:00,0.0
07/05/2031 16:00,0.0
07/05/2031 17:00,0.0
07/05/2031 18:00,0.0
07/05/2031 19:00,0.0
07/05/2031 20:00,0.0
07/05/2031 21:00,0.0
07/05/2031 22:00,0.0
07/05/2031 23:00,0.0
08/05/2031 00:00,0.0
08/05/2031 01:00,0.0
08/05/2031 02:00,0.0
08/05/2031 03:00,0.0
08/05/2031 04:00,0.0
08/05/2031 05:00,0.0
08/05/2031 06:00,0.0
08/05/2031 07:00,0.0
08/05/2031 08:00,0.0
08/05/2031 09:00,0.0
08/05/2031 10:00,0.0
08/05/2031 11:00,0.0
08/05/2031 12:00,0.0
08/05/2031 13:00,0.0
08/05/2031 14:00,0.0
08/05/2031 15:00,0.0
08/05/2031 16:00,0.0
08/05/2031 17:00,0.0
08/05/2031 18:00,0.0
08/05/2031 19:00,0.0
08/05/2031 20:00,0.0
08/05/2031 21:00,0.0
08/05/2031 22:00,0.0
08/05/2031 23:00,0.0
09/05/2031 00:00,0.0
09/05/2031 01:00,0.0
09/05/2031 02:00,0.0
09/05/2031 03:00,0.0
09/05/2031 04:00,0.0
09/05/2031 05:00,0.0
09/05/2031 06:00,0.0
09/05/2031 07:00,0.0
09/05/2031 08:00,0.0
09/05/2031 09:00,0.0
09/05/2031 10:00,0.0
09/05/2031 11:00,0.0
09/05/2031 12:00,0.0
09/05/2031 13:00,0.0
09/05/2031 14:00,0.0
09/05/2031 15:00,0.0
09/05/2031 16:00,0.0
09/05/2031 17:00,0.0
09/05/2031 18:00,0.0
09/05/2031 19:00,0.0
09/05/2031 20:00,0.0
09/05/2031 21:00,0.0
09/05/2031 22:00,0.0
09/05/2031 23:00,0.0
10/05/2031 00:00,0.0
10/05/2031 01:00,0.0
10/05/2031 02:00,0.0
10/05/2031 03:00,0.0
10/05/2031 04:00,0.0
10/05/2031 05:00,0.0
10/05/2031 06:00,0.0
10/05/2031 07:00,0.0
10/05/2031 08:00,0.0
10/05/2031 09:00,0.0
10/05/2031 10:00,0.0
10/05/2031 11:00,0.0
10/05/2031 12:00,0.0
10/05/2031 13:00,55.56713379817681
10/05/2031 14:00,259.2456474462981
10/05/2031 15:00,57.53616968143383
10/05/2031 16:00,0.0
10/05/2031 17:00,0.0
10/05/2031 18:00,0.0
10/05/2031 19:00,0.0
10/05/2031 20:00,0.0
10/05/2031 21:00,0.0
10/05/2031 22:00,0.0
10/05/2031 23:00,0.0
11/05/2031 00:00,0.0
11/05/2031 01:00,0.0
11/05/2031 02:00,0.0
11/05/2031 03:00,0.0
11/05/2031 04:00,0.0
11/05/2031 05:00,0.0
11/05/2031 06:00,0.0
11/05/2031 07:00,0.0
11/05/2031 08:00,0.0
11/05/2031 09:00,0.0
11/05/2031 10:00,0.0
11/05/2031 11:00,211.19347313194316
11/05/2031 12:00,277.7306418222667
11/05/2031 13:00,0.0
11/05/2031 14:00,0.0
11/05/2031 15:00,0.0
11/05/2031 16:00,0.0
11/05/2031 17:00,0.0
11/05/2031 18:00,0.0
11/05/2031 19:00,0.0
11/05/2031 20:00,0.0
11/05/2031 21:00,0.0
11/05/2031 22:00,0.0
11/05/2031 23:00,0.0
12/05/2031 00:00,0.0
12/05/2031 01:00,0.0
12/05/2031 02:00,0.0
12/05/2031 03:00,0.0
12/05/2031 04:00,0.0
12/05/2031 05:00,0.0
12/05/2031 06:00,0.0
12/05/2031 07:00,0.0
12/05/2031 08:00,0.0
12/05/2031 09:00,0.0
12/05/2031 10:00,0.0
12/05/2031 11:00,0.0
12/05/2031 12:00,0.0
12/05/2031 13:00,0.0
12/05/2031 14:00,0.0
12/05/2031 15:00,0.0
12/05/2031 16:00,0.0
12/05/2031 17:00,0.0
12/05/2031 18:00,0.0
12/05/2031 19:00,0.0
12/05/2031 20:00,0.0
12/05/2031 21:00,0.0
12/05/2031 22:00,0.0
12/05/2031 23:00,0.0
13/05/2031 00:00,502.7277272727273
13/05/2031 01:00,0.0
13/05/2031 02:00,0.0
13/05/2031 03:00,0.0
13/05/2031 04:00,0.0
13/05/2031 05:00,0.0
13/05/2031 06:00,0.0
13/05/2031 07:00,0.0
13/05/2031 08:00,0.0
13/05/2031 09:00,0.0
13/05/2031 10:00,0.0
13/05/2031 11:00,0.0
13/05/2031 12:00,0.0
13/05/2031 13:00,0.0
13/05/2031 14:00,0.0
13/05/2031 15:00,0.0
13/05/2031 16:00,0.0
13/05/2031 17:00,0.0
13/05/2031 18:00,0.0
13/05/2031 19:00,0.0
13/05/2031 20:00,0.0
13/05/2031 21:00,0.0
13/05/2031 22:00,0.0
13/05/2031 23:00,0.0
14/05/2031 00:00,0.0
14/05/2031 01:00,0.0
14/05/2031 02:00,0.0
14/05/2031 03:00,0.0
14/05/2031 04:00,0.0
14/05/2031 05:00,0.0
14/05/2031 06:00,0.0
14/05/2031 07:00,0.0
14/05/2031 08:00,0.0
14/05/2031 09:00,0.0
14/05/2031 10:00,0.0
14/05/2031 11:00,0.0
14/05/2031 12:00,0.0
14/05/2031 13:00,0.0
14/05/2031 14:00,0.0
14/05/2031 15:00,0.0
14/05/2031 16:00,0.0
14/05/2031 17:00,0.0
14/05/2031 18:00,0.0
14/05/2031 19:00,0.0
14/05/2031 20:00,0.0
14/05/2031 21:00,0.0
14/05/2031 22:00,0.0
14/05/2031 23:00,0.0
15/05/2031 00:00,0.0
15/05/2031 01:00,0.0
15/05/2031 02:00,0.0
15/05/2031 03:00,0.0
15/05/2031 04:00,0.0
15/05/2031 05:00,0.0
15/05/2031 06:00,0.0
15/05/2031 07:00,0.0
15/05/2031 08:00,0.0
15/05/2031 09:00,0.0
15/05/2031 10:00,0.0
15/05/2031 11:00,0.0
15/05/2031 12:00,0.0
15/05/2031 13:00,0.0
15/05/2031 14:00,0.0
15/05/2031 15:00,0.0
15/05/2031 16:00,0.0
15/05/2031 17:00,0.0
15/05/2031 18:00,0.0
15/05/2031 19:00,0.0
15/05/2031 20:00,0.0
15/05/2031 21:00,0.0
15/05/2031 22:00,0.0
15/05/2031 23:00,0.0
16/05/2031 00:00,0.0
16/05/2031 01:00,0.0
16/05/2031 02:00,0.0
16/05/2031 03:00,0.0
16/05/2031 04:00,0.0
16/05/2031 05:00,0.0
16/05/2031 06:00,0.0
16/05/2031 07:00,0.0
16/05/2031 08:00,0.0
16/05/2031 09:00,0.0
16/05/2031 10:00,0.0
16/05/2031 11:00,0.0
16/05/2031 12:00,0.0
16/05/2031 13:00,0.0
16/05/2031 14:00,0.0
16/05/2031 15:00,0.0
16/05/2031 16:00,0.0
16/05/2031 17:00,0.0
16/05/2031 18:00,0.0
16/05/2031 19:00,0.0
16/05/2031 20:00,0.0
16/05/2031 21:00,0.0
16/05/2031 22:00,0.0
16/05/2031 23:00,0.0
17/05/2031 00:00,0.0
17/05/2031 01:00,0.0
17/05/2031 02:00,0.0
17/05/2031 03:00,0.0
17/05/2031 04:00,0.0
17/05/2031 05:00,0.0
17/05/2031 06:00,0.0
17/05/2031 07:00,0.0
17/05/2031 08:00,0.0
17/05/2031 09:00,0.0
17/05/2031 10:00,0.0
17/05/2031 11:00,0.0
17/05/2031 12:00,0.0
17/05/2031 13:00,0.0
17/05/2031 14:00,0.0
17/05/2031 15:00,0.0
17/05/2031 16:00,0.0
17/05/2031 17:00,0.0
17/05/2031 18:00,0.0
17/05/2031 19:00,0.0
17/05/2031 20:00,0.0
17/05/2031 21:00,0.0
17/05/2031 22:00,0.0
17/05/2031 23:00,0.0
18/05/2031 00:00,0.0
18/05/2031 01:00,0.0
18/05/2031 02:00,0.0
18/05/2031 03:00,0.0
18/05/2031 04:00,0.0
18/05/2031 05:00,0.0
18/05/2031 06:00,0.0
18/05/2031 07:00,0.0
18/05/2031 08:00,0.0
18/05/2031 09:00,0.0
18/05/2031 10:00,0.0
18/05/2031 11:00,0.0
18/05/2031 12:00,0.0
18/05/2031 13:00,0.0
18/05/2031 14:00,0.0
18/05/2031 15:00,0.0
18/05/2031 16:00,0.0
18/05/2031 17:00,0.0
18/05/2031 18:00,0.0
18/05/2031 19:00,0.0
18/05/2031 20:00,0.0
18/05/2031 21:00,0.0
18/05/2031 22:00,0.0
18/05/2031 23:00,0.0
19/05/2031 00:00,0.0
19/05/2031 01:00,0.0
19/05/2031 02:00,0.0
19/05/2031 03:00,0.0
19/05/2031 04:00,0.0
19/05/2031 05:00,0.0
19/05/2031 06:00,0.0
19/05/2031 07:00,0.0
19/05/2031 08:00,0.0
19/05/2031 09:00,0.0
19/05/2031 10:00,0.0
19/05/2031 11:00,0.0
19/05/2031 12:00,0.0
19/05/2031 13:00,0.0
19/05/2031 14:00,0.0
19/05/2031 15:00,0.0
19/05/2031 16:00,0.0
19/05/2031 17:00,0.0
19/05/2031 18:00,0.0
19/05/2031 19:00,0.0
19/05/2031 20:00,0.0
19/05/2031 21:00,0.0
19/05/2031 22:00,0.0
19/05/2031 23:00,0.0
20/05/2031 00:00,502.7277272727273
20/05/2031 01:00,0.0
20/05/2031 02:00,0.0
20/05/2031 03:00,0.0
20/05/2031 04:00,0.0
20/05/2031 05:00,0.0
20/05/2031 06:00,0.0
20/05/2031 07:00,0.0
20/05/2031 08:00,0.0
20/05/2031 09:00,0.0
20/05/2031 10:00,0.0
20/05/2031 11:00,274.717884066294
20/05/2031 12:00,118.19041444267806
20/05/2031 13:00,346.42285040956
20/05/2031 14:00,371.3908505297095
20/05/2031 15:00,258.19581523778845
20/05/2031 16:00,0.0
20/05/2031 17:00,102.19496270512899
20/05/2031 18:00,0.0
20/05/2031 19:00,0.0
20/05/2031 20:00,0.0
20/05/2031 21:00,0.0
20/05/2031 22:00,0.0
20/05/2031 23:00,0.0
21/05/2031 00:00,0.0
21/05/2031 01:00,0.0
21/05/2031 02:00,0.0
21/05/2031 03:00,0.0
21/05/2031 04:00,0.0
21/05/2031 05:00,0.0
21/05/2031 06:00,0.0
21/05/2031 07:00,0.0
21/05/2031 08:00,0.0
21/05/2031 09:00,0.0
21/05/2031 10:00,261.5146642136945
21/05/2031 11:00,502.7277272727273
21/05/2031 12:00,310.6771755378172
21/05/2031 13:00,269.1473475263965
21/05/2031 14:00,502.7277272727273
21/05/2031 15:00,219.3545517769092
21/05/2031 16:00,159.44830125261785
21/05/2031 17:00,0.0
21/05/2031 18:00,0.0
21/05/2031 19:00,0.0
21/05/2031 20:00,0.0
21/05/2031 21:00,0.0
21/05/2031 22:00,0.0
21/05/2031 23:00,0.0
22/05/2031 00:00,0.0
22/05/2031 01:00,0.0
22/05/2031 02:00,0.0
22/05/2031 03:00,0.0
22/05/2031 04:00,0.0
22/05/2031 05:00,0.0
22/05/2031 06:00,0.0
22/05/2031 07:00,0.0
22/05/2031 08:00,0.0
22/05/2031 09:00,0.0
22/05/2031 10:00,0.0
22/05/2031 11:00,0.0
22/05/2031 12:00,0.0
22/05/2031 13:00,215.0569123292626
22/05/2031 14:00,0.0
22/05/2031 15:00,0.0
22/05/2031 16:00,0.0
22/05/2031 17:00,0.0
22/05/2031 18:00,0.0
22/05/2031 19:00,0.0
22/05/2031 20:00,0.0
22/05/2031 21:00,0.0
22/05/2031 22:00,0.0
22/05/2031 23:00,0.0
23/05/2031 00:00,0.0
23/05/2031 01:00,0.0
23/05/2031 02:00,0.0
23/05/2031 03:00,0.0
23/05/2031 04:00,0.0
23/05/2031 05:00,0.0
23/05/2031 06:00,0.0
23/05/2031 07:00,0.0
23/05/2031 08:00,0.0
23/05/2031 09:00,0.0
23/05/2031 10:00,0.0
23/05/2031 11:00,0.0
23/05/2031 12:00,0.0
23/05/2031 13:00,0.0
23/05/2031 14:00,0.0
23/05/2031 15:00,0.0
23/05/2031 16:00,0.0
23/05/2031 17:00,0.0
23/05/2031 18:00,0.0
23/05/2031 19:00,0.0
23/05/2031 20:00,0.0
23/05/2031 21:00,0.0
23/05/2031 22:00,0.0
23/05/2031 23:00,0.0
24/05/2031 00:00,0.0
24/05/2031 01:00,0.0
24/05/2031 02:00,0.0
24/05/2031 03:00,0.0
24/05/2031 04:00,0.0
24/05/2031 05:00,0.0
24/05/2031 06:00,0.0
24/05/2031 07:00,0.0
24/05/2031 08:00,0.0
24/05/2031 09:00,0.0
24/05/2031 10:00,0.0
24/05/2031 11:00,0.0
24/05/2031 12:00,0.0
24/05/2031 13:00,0.0
24/05/2031 14:00,0.0
24/05/2031 15:00,0.0
24/05/2031 16:00,0.0
24/05/2031 17:00,0.0
24/05/2031 18:00,0.0
24/05/2031 19:00,0.0
24/05/2031 20:00,0.0
24/05/2031 21:00,0.0
24/05/2031 22:00,0.0
24/05/2031 23:00,0.0
25/05/2031 00:00,0.0
25/05/2031 01:00,0.0
25/05/2031 02:00,0.0
25/05/2031 03:00,0.0
25/05/2031 04:00,0.0
25/05/2031 05:00,0.0
25/05/2031 06:00,0.0
25/05/2031 07:00,0.0
25/05/2031 08:00,0.0
25/05/2031 09:00,0.0
25/05/2031 10:00,0.0
25/05/2031 11:00,0.0
25/05/2031 12:00,0.0
25/05/2031 13:00,0.0
25/05/2031 14:00,0.0
25/05/2031 15:00,0.0
25/05/2031 16:00,0.0
25/05/2031 17:00,0.0
25/05/2031 18:00,0.0
25/05/2031 19:00,0.0
25/05/2031 20:00,0.0
25/05/2031 21:00,0.0
25/05/2031 22:00,0.0
25/05/2031 23:00,0.0
26/05/2031 00:00,0.0
26/05/2031 01:00,0.0
26/05/2031 02:00,0.0
26/05/2031 03:00,0.0
26/05/2031 04:00,0.0
26/05/2031 05:00,0.0
26/05/2031 06:00,0.0
26/05/2031 07:00,0.0
26/05/2031 08:00,0.0
26/05/2031 09:00,0.0
26/05/2031 10:00,0.0
26/05/2031 11:00,0.0
26/05/2031 12:00,0.0
26/05/2031 13:00,0.0
26/05/2031 14:00,0.0
26/05/2031 15:00,0.0
26/05/2031 16:00,0.0
26/05/2031 17:00,0.0
26/05/2031 18:00,0.0
26/05/2031 19:00,0.0
26/05/2031 20:00,0.0
26/05/2031 21:00,0.0
26/05/2031 22:00,0.0
26/05/2031 23:00,0.0
27/05/2031 00:00,502.7277272727273
27/05/2031 01:00,0.0
27/05/2031 02:00,0.0
27/05/2031 03:00,0.0
27/05/2031 04:00,0.0
27/05/2031 05:00,0.0
27/05/2031 06:00,0.0
27/05/2031 07:00,0.0
27/05/2031 08:00,0.0
27/05/2031 09:00,0.0
27/05/2031 10:00,0.0
27/05/2031 11:00,0.0
27/05/2031 12:00,0.0
27/05/2031 13:00,0.0
27/05/2031 14:00,0.0
27/05/2031 15:00,0.0
27/05/2031 16:00,0.0
27/05/2031 17:00,0.0
27/05/2031 18:00,0.0
27/05/2031 19:00,0.0
27/05/2031 20:00,0.0
27/05/2031 21:00,0.0
27/05/2031 22:00,0.0
27/05/2031 23:00,0.0
28/05/2031 00:00,0.0
28/05/2031 01:00,0.0
28/05/2031 02:00,0.0
28/05/2031 03:00,0.0
28/05/2031 04:00,0.0
28/05/2031 05:00,0.0
28/05/2031 06:00,0.0
28/05/2031 07:00,0.0
28/05/2031 08:00,0.0
28/05/2031 09:00,0.0
28/05/2031 10:00,0.0
28/05/2031 11:00,0.0
28/05/2031 12:00,0.0
28/05/2031 13:00,0.0
28/05/2031 14:00,0.0
28/05/2031 15:00,0.0
28/05/2031 16:00,0.0
28/05/2031 17:00,0.0
28/05/2031 18:00,0.0
28/05/2031 19:00,0.0
28/05/2031 20:00,0.0
28/05/2031 21:00,0.0
28/05/2031 22:00,0.0
28/05/2031 23:00,0.0
29/05/2031 00:00,0.0
29/05/2031 01:00,0.0
29/05/2031 02:00,0.0
29/05/2031 03:00,0.0
29/05/2031 04:00,0.0
29/05/2031 05:00,0.0
29/05/2031 06:00,0.0
29/05/2031 07:00,0.0
29/05/2031 08:00,0.0
29/05/2031 09:00,0.0
29/05/2031 10:00,0.0
29/05/2031 11:00,0.0
29/05/2031 12:00,0.0
29/05/2031 13:00,0.0
29/05/2031 14:00,0.0
29/05/2031 15:00,0.0
29/05/2031 16:00,0.0
29/05/2031 17:00,0.0
29/05/2031 18:00,0.0
29/05/2031 19:00,0.0
29/05/2031 20:00,0.0
29/05/2031 21:00,0.0
29/05/2031 22:00,0.0
29/05/2031 23:00,0.0
30/05/2031 00:00,0.0
30/05/2031 01:00,0.0
30/05/2031 02:00,0.0
30/05/2031 03:00,0.0
30/05/2031 04:00,0.0
30/05/2031 05:00,0.0
30/05/2031 06:00,0.0
30/05/2031 07:00,0.0
30/05/2031 08:00,0.0
30/05/2031 09:00,0.0
30/05/2031 10:00,0.0
30/05/2031 11:00,0.0
30/05/2031 12:00,0.0
30/05/2031 13:00,0.0
30/05/2031 14:00,0.0
30/05/2031 15:00,0.0
30/05/2031 16:00,0.0
30/05/2031 17:00,0.0
30/05/2031 18:00,0.0
30/05/2031 19:00,0.0
30/05/2031 20:00,0.0
30/05/2031 21:00,0.0
30/05/2031 22:00,0.0
30/05/2031 23:00,0.0
31/05/2031 00:00,0.0
31/05/2031 01:00,0.0
31/05/2031 02:00,0.0
31/05/2031 03:00,0.0
31/05/2031 04:00,0.0
31/05/2031 05:00,0.0
31/05/2031 06:00,0.0
31/05/2031 07:00,0.0
31/05/2031 08:00,0.0
31/05/2031 09:00,0.0
31/05/2031 10:00,0.0
31/05/2031 11:00,0.0
31/05/2031 12:00,0.0
31/05/2031 13:00,0.0
31/05/2031 14:00,0.0
31/05/2031 15:00,0.0
31/05/2031 16:00,0.0
31/05/2031 17:00,0.0
31/05/2031 18:00,0.0
31/05/2031 19:00,0.0
31/05/2031 20:00,0.0
31/05/2031 21:00,0.0
31/05/2031 22:00,0.0
31/05/2031 23:00,0.0
01/06/2031 00:00,0.0
01/06/2031 01:00,0.0
01/06/2031 02:00,0.0
01/06/2031 03:00,0.0
01/06/2031 04:00,0.0
01/06/2031 05:00,0.0
01/06/2031 06:00,0.0
01/06/2031 07:00,0.0
01/06/2031 08:00,0.0
01/06/2031 09:00,0.0
01/06/2031 10:00,0.0
01/06/2031 11:00,0.0
01/06/2031 12:00,0.0
01/06/2031 13:00,0.0
01/06/2031 14:00,0.0
01/06/2031 15:00,0.0
01/06/2031 16:00,0.0
01/06/2031 17:00,0.0
01/06/2031 18:00,0.0
01/06/2031 19:00,0.0
01/06/2031 20:00,0.0
01/06/2031 21:00,0.0
01/06/2031 22:00,0.0
01/06/2031 23:00,0.0
02/06/2031 00:00,0.0
02/06/2031 01:00,0.0
02/06/2031 02:00,0.0
02/06/2031 03:00,0.0
02/06/2031 04:00,0.0
02/06/2031 05:00,0.0
02/06/2031 06:00,0.0
02/06/2031 07:00,0.0
02/06/2031 08:00,0.0
02/06/2031 09:00,0.0
02/06/2031 10:00,0.0
02/06/2031 11:00,0.0
02/06/2031 12:00,0.0
02/06/2031 13:00,0.0
02/06/2031 14:00,0.0
02/06/2031 15:00,0.0
02/06/2031 16:00,0.0
02/06/2031 17:00,0.0
02/06/2031 18:00,0.0
02/06/2031 19:00,0.0
02/06/2031 20:00,0.0
02/06/2031 21:00,0.0
02/06/2031 22:00,0.0
02/06/2031 23:00,0.0
03/06/2031 00:00,502.7277272727273
03/06/2031 01:00,0.0
03/06/2031 02:00,0.0
03/06/2031 03:00,0.0
03/06/2031 04:00,0.0
03/06/2031 05:00,0.0
03/06/2031 06:00,0.0
03/06/2031 07:00,0.0
03/06/2031 08:00,0.0
03/06/2031 09:00,0.0
03/06/2031 10:00,0.0
03/06/2031 11:00,0.0
03/06/2031 12:00,0.0
03/06/2031 13:00,0.0
03/06/2031 14:00,0.0
03/06/2031 15:00,0.0
03/06/2031 16:00,0.0
03/06/2031 17:00,0.0
03/06/2031 18:00,0.0
03/06/2031 19:00,0.0
03/06/2031 20:00,0.0
03/06/2031 21:00,0.0
03/06/2031 22:00,0.0
03/06/2031 23:00,0.0
04/06/2031 00:00,0.0
04/06/2031 01:00,0.0
04/06/2031 02:00,0.0
04/06/2031 03:00,0.0
04/06/2031 04:00,0.0
04/06/2031 05:00,0.0
04/06/2031 06:00,0.0
04/06/2031 07:00,0.0
04/06/2031 08:00,0.0
04/06/2031 09:00,0.0
04/06/2031 10:00,0.0
04/06/2031 11:00,0.0
04/06/2031 12:00,0.0
04/06/2031 13:00,0.0
04/06/2031 14:00,0.0
04/06/2031 15:00,0.0
04/06/2031 16:00,0.0
04/06/2031 17:00,0.0
04/06/2031 18:00,0.0
04/06/2031 19:00,0.0
04/06/2031 20:00,0.0
04/06/2031 21:00,0.0
04/06/2031 22:00,0.0
04/06/2031 23:00,0.0
05/06/2031 00:00,0.0
05/06/2031 01:00,0.0
05/06/2031 02:00,0.0
05/06/2031 03:00,0.0
05/06/2031 04:00,0.0
05/06/2031 05:00,0.0
05/06/2031 06:00,0.0
05/06/2031 07:00,0.0
05/06/2031 08:00,0.0
05/06/2031 09:00,0.0
05/06/2031 10:00,0.0
05/06/2031 11:00,0.0
05/06/2031 12:00,0.0
05/06/2031 13:00,0.0
05/06/2031 14:00,0.0
05/06/2031 15:00,0.0
05/06/2031 16:00,0.0
05/06/2031 17:00,0.0
05/06/2031 18:00,0.0
05/06/2031 19:00,0.0
05/06/2031 20:00,0.0
05/06/2031 21:00,0.0
05/06/2031 22:00,0.0
05/06/2031 23:00,0.0
06/06/2031 00:00,0.0
06/06/2031 01:00,0.0
06/06/2031 02:00,0.0
06/06/2031 03:00,0.0
06/06/2031 04:00,0.0
06/06/2031 05:00,0.0
06/06/2031 06:00,0.0
06/06/2031 07:00,0.0
06/06/2031 08:00,0.0
06/06/2031 09:00,0.0
06/06/2031 10:00,0.0
06/06/2031 11:00,0.0
06/06/2031 12:00,0.0
06/06/2031 13:00,0.0
06/06/2031 14:00,0.0
06/06/2031 15:00,0.0
06/06/2031 16:00,0.0
06/06/2031 17:00,0.0
06/06/2031 18:00,0.0
06/06/2031 19:00,0.0
06/06/2031 20:00,0.0
06/06/2031 21:00,0.0
06/06/2031 22:00,0.0
06/06/2031 23:00,0.0
07/06/2031 00:00,0.0
07/06/2031 01:00,0.0
07/06/2031 02:00,0.0
07/06/2031 03:00,0.0
07/06/2031 04:00,0.0
07/06/2031 05:00,0.0
07/06/2031 06:00,0.0
07/06/2031 07:00,0.0
07/06/2031 08:00,0.0
07/06/2031 09:00,0.0
07/06/2031 10:00,0.0
07/06/2031 11:00,0.0
07/06/2031 12:00,0.0
07/06/2031 13:00,0.0
07/06/2031 14:00,0.0
07/06/2031 15:00,0.0
07/06/2031 16:00,0.0
07/06/2031 17:00,0.0
07/06/2031 18:00,0.0
07/06/2031 19:00,0.0
07/06/2031 20:00,0.0
07/06/2031 21:00,0.0
07/06/2031 22:00,0.0
07/06/2031 23:00,0.0
08/06/2031 00:00,0.0
08/06/2031 01:00,0.0
08/06/2031 02:00,0.0
08/06/2031 03:00,0.0
08/06/2031 04:00,0.0
08/06/2031 05:00,0.0
08/06/2031 06:00,0.0
08/06/2031 07:00,0.0
08/06/2031 08:00,0.0
08/06/2031 09:00,0.0
08/06/2031 10:00,0.0
08/06/2031 11:00,0.0
08/06/2031 12:00,0.0
08/06/2031 13:00,0.0
08/06/2031 14:00,0.0
08/06/2031 15:00,0.0
08/06/2031 16:00,0.0
08/06/2031 17:00,0.0
08/06/2031 18:00,0.0
08/06/2031 19:00,0.0
08/06/2031 20:00,0.0
08/06/2031 21:00,0.0
08/06/2031 22:00,0.0
08/06/2031 23:00,0.0
09/06/2031 00:00,0.0
09/06/2031 01:00,0.0
09/06/2031 02:00,0.0
09/06/2031 03:00,0.0
09/06/2031 04:00,0.0
09/06/2031 05:00,0.0
09/06/2031 06:00,0.0
09/06/2031 07:00,0.0
09/06/2031 08:00,0.0
09/06/2031 09:00,0.0
09/06/2031 10:00,0.0
09/06/2031 11:00,0.0
09/06/2031 12:00,0.0
09/06/2031 13:00,0.0
09/06/2031 14:00,0.0
09/06/2031 15:00,0.0
09/06/2031 16:00,0.0
09/06/2031 17:00,0.0
09/06/2031 18:00,0.0
09/06/2031 19:00,0.0
09/06/2031 20:00,0.0
09/06/2031 21:00,0.0
09/06/2031 22:00,0.0
09/06/2031 23:00,0.0
10/06/2031 00:00,502.7277272727273
10/06/2031 01:00,0.0
10/06/2031 02:00,0.0
10/06/2031 03:00,0.0
10/06/2031 04:00,0.0
10/06/2031 05:00,0.0
10/06/2031 06:00,0.0
10/06/2031 07:00,0.0
10/06/2031 08:00,0.0
10/06/2031 09:00,0.0
10/06/2031 10:00,0.0
10/06/2031 11:00,0.0
10/06/2031 12:00,0.0
10/06/2031 13:00,0.0
10/06/2031 14:00,0.0
10/06/2031 15:00,0.0
10/06/2031 16:00,0.0
10/06/2031 17:00,0.0
10/06/2031 18:00,0.0
10/06/2031 19:00,0.0
10/06/2031 20:00,0.0
10/06/2031 21:00,0.0
10/06/2031 22:00,0.0
10/06/2031 23:00,0.0
11/06/2031 00:00,0.0
11/06/2031 01:00,0.0
11/06/2031 02:00,0.0
11/06/2031 03:00,0.0
11/06/2031 04:00,0.0
11/06/2031 05:00,0.0
11/06/2031 06:00,0.0
11/06/2031 07:00,0.0
11/06/2031 08:00,0.0
11/06/2031 09:00,0.0
11/06/2031 10:00,0.0
11/06/2031 11:00,0.0
11/06/2031 12:00,0.0
11/06/2031 13:00,0.0
11/06/2031 14:00,21.772035100249173
11/06/2031 15:00,37.33245865651805
11/06/2031 16:00,0.0
11/06/2031 17:00,0.0
11/06/2031 18:00,0.0
11/06/2031 19:00,0.0
11/06/2031 20:00,0.0
11/06/2031 21:00,0.0
11/06/2031 22:00,0.0
11/06/2031 23:00,0.0
12/06/2031 00:00,0.0
12/06/2031 01:00,0.0
12/06/2031 02:00,0.0
12/06/2031 03:00,0.0
12/06/2031 04:00,0.0
12/06/2031 05:00,0.0
12/06/2031 06:00,0.0
12/06/2031 07:00,0.0
12/06/2031 08:00,0.0
12/06/2031 09:00,0.0
12/06/2031 10:00,0.0
12/06/2031 11:00,0.0
12/06/2031 12:00,0.0
12/06/2031 13:00,0.0
12/06/2031 14:00,0.0
12/06/2031 15:00,0.0
12/06/2031 16:00,0.0
12/06/2031 17:00,0.0
12/06/2031 18:00,0.0
12/06/2031 19:00,0.0
12/06/2031 20:00,0.0
12/06/2031 21:00,0.0
12/06/2031 22:00,0.0
12/06/2031 23:00,0.0
13/06/2031 00:00,0.0
13/06/2031 01:00,0.0
13/06/2031 02:00,0.0
13/06/2031 03:00,0.0
13/06/2031 04:00,0.0
13/06/2031 05:00,0.0
13/06/2031 06:00,0.0
13/06/2031 07:00,0.0
13/06/2031 08:00,0.0
13/06/2031 09:00,0.0
13/06/2031 10:00,0.0
13/06/2031 11:00,0.0
13/06/2031 12:00,0.0
13/06/2031 13:00,0.0
13/06/2031 14:00,0.0
13/06/2031 15:00,0.0
13/06/2031 16:00,0.0
13/06/2031 17:00,0.0
13/06/2031 18:00,0.0
13/06/2031 19:00,0.0
13/06/2031 20:00,0.0
13/06/2031 21:00,0.0
13/06/2031 22:00,0.0
13/06/2031 23:00,0.0
14/06/2031 00:00,0.0
14/06/2031 01:00,0.0
14/06/2031 02:00,0.0
14/06/2031 03:00,0.0
14/06/2031 04:00,0.0
14/06/2031 05:00,0.0
14/06/2031 06:00,0.0
14/06/2031 07:00,0.0
14/06/2031 08:00,0.0
14/06/2031 09:00,0.0
14/06/2031 10:00,0.0
14/06/2031 11:00,0.0
14/06/2031 12:00,0.0
14/06/2031 13:00,0.0
14/06/2031 14:00,0.0
14/06/2031 15:00,0.0
14/06/2031 16:00,0.0
14/06/2031 17:00,0.0
14/06/2031 18:00,0.0
14/06/2031 19:00,0.0
14/06/2031 20:00,0.0
14/06/2031 21:00,0.0
14/06/2031 22:00,0.0
14/06/2031 23:00,0.0
15/06/2031 00:00,0.0
15/06/2031 01:00,0.0
15/06/2031 02:00,0.0
15/06/2031 03:00,0.0
15/06/2031 04:00,0.0
15/06/2031 05:00,0.0
15/06/2031 06:00,0.0
15/06/2031 07:00,0.0
15/06/2031 08:00,0.0
15/06/2031 09:00,0.0
15/06/2031 10:00,0.0
15/06/2031 11:00,0.0
15/06/2031 12:00,0.0
15/06/2031 13:00,0.0
15/06/2031 14:00,0.0
15/06/2031 15:00,0.0
15/06/2031 16:00,0.0
15/06/2031 17:00,0.0
15/06/2031 18:00,0.0
15/06/2031 19:00,0.0
15/06/2031 20:00,0.0
15/06/2031 21:00,0.0
15/06/2031 22:00,0.0
15/06/2031 23:00,0.0
16/06/2031 00:00,0.0
16/06/2031 01:00,0.0
16/06/2031 02:00,0.0
16/06/2031 03:00,0.0
16/06/2031 04:00,0.0
16/06/2031 05:00,0.0
16/06/2031 06:00,0.0
16/06/2031 07:00,0.0
16/06/2031 08:00,0.0
16/06/2031 09:00,0.0
16/06/2031 10:00,0.0
16/06/2031 11:00,0.0
16/06/2031 12:00,0.0
16/06/2031 13:00,0.0
16/06/2031 14:00,0.0
16/06/2031 15:00,0.0
16/06/2031 16:00,0.0
16/06/2031 17:00,0.0
16/06/2031 18:00,0.0
16/06/2031 19:00,0.0
16/06/2031 20:00,0.0
16/06/2031 21:00,0.0
16/06/2031 22:00,0.0
16/06/2031 23:00,0.0
17/06/2031 00:00,502.7277272727273
17/06/2031 01:00,0.0
17/06/2031 02:00,0.0
17/06/2031 03:00,0.0
17/06/2031 04:00,0.0
17/06/2031 05:00,0.0
17/06/2031 06:00,0.0
17/06/2031 07:00,0.0
17/06/2031 08:00,0.0
17/06/2031 09:00,0.0
17/06/2031 10:00,0.0
17/06/2031 11:00,0.0
17/06/2031 12:00,415.2512918172444
17/06/2031 13:00,502.7277272727273
17/06/2031 14:00,502.7277272727273
17/06/2031 15:00,502.7277272727273
17/06/2031 16:00,357.47496419636644
17/06/2031 17:00,0.0
17/06/2031 18:00,0.0
17/06/2031 19:00,0.0
17/06/2031 20:00,0.0
17/06/2031 21:00,0.0
17/06/2031 22:00,0.0
17/06/2031 23:00,0.0
18/06/2031 00:00,0.0
18/06/2031 01:00,0.0
18/06/2031 02:00,0.0
18/06/2031 03:00,0.0
18/06/2031 04:00,0.0
18/06/2031 05:00,0.0
18/06/2031 06:00,0.0
18/06/2031 07:00,0.0
18/06/2031 08:00,0.0
18/06/2031 09:00,0.0
18/06/2031 10:00,0.0
18/06/2031 11:00,0.0
18/06/2031 12:00,0.0
18/06/2031 13:00,0.0
18/06/2031 14:00,0.0
18/06/2031 15:00,0.0
18/06/2031 16:00,0.0
18/06/2031 17:00,0.0
18/06/2031 18:00,0.0
18/06/2031 19:00,0.0
18/06/2031 20:00,0.0
18/06/2031 21:00,0.0
18/06/2031 22:00,0.0
18/06/2031 23:00,0.0
19/06/2031 00:00,0.0
19/06/2031 01:00,0.0
19/06/2031 02:00,0.0
19/06/2031 03:00,0.0
19/06/2031 04:00,0.0
19/06/2031 05:00,0.0
19/06/2031 06:00,0.0
19/06/2031 07:00,0.0
19/06/2031 08:00,0.0
19/06/2031 09:00,0.0
19/06/2031 10:00,0.0
19/06/2031 11:00,0.0
19/06/2031 12:00,0.0
19/06/2031 13:00,0.0
19/06/2031 14:00,0.0
19/06/2031 15:00,0.0
19/06/2031 16:00,0.0
19/06/2031 17:00,0.0
19/06/2031 18:00,0.0
19/06/2031 19:00,0.0
19/06/2031 20:00,0.0
19/06/2031 21:00,0.0
19/06/2031 22:00,0.0
19/06/2031 23:00,0.0
20/06/2031 00:00,0.0
20/06/2031 01:00,0.0
20/06/2031 02:00,0.0
20/06/2031 03:00,0.0
20/06/2031 04:00,0.0
20/06/2031 05:00,0.0
20/06/2031 06:00,0.0
20/06/2031 07:00,0.0
20/06/2031 08:00,0.0
20/06/2031 09:00,0.0
20/06/2031 10:00,0.0
20/06/2031 11:00,0.0
20/06/2031 12:00,0.0
20/06/2031 13:00,0.0
20/06/2031 14:00,0.0
20/06/2031 15:00,0.0
20/06/2031 16:00,0.0
20/06/2031 17:00,0.0
20/06/2031 18:00,0.0
20/06/2031 19:00,0.0
20/06/2031 20:00,0.0
20/06/2031 21:00,0.0
20/06/2031 22:00,0.0
20/06/2031 23:00,0.0
21/06/2031 00:00,0.0
21/06/2031 01:00,0.0
21/06/2031 02:00,0.0
21/06/2031 03:00,0.0
21/06/2031 04:00,0.0
21/06/2031 05:00,0.0
21/06/2031 06:00,0.0
21/06/2031 07:00,0.0
21/06/2031 08:00,0.0
21/06/2031 09:00,0.0
21/06/2031 10:00,0.0
21/06/2031 11:00,0.0
21/06/2031 12:00,0.0
21/06/2031 13:00,0.0
21/06/2031 14:00,0.0
21/06/2031 15:00,0.0
21/06/2031 16:00,0.0
21/06/2031 17:00,0.0
21/06/2031 18:00,0.0
21/06/2031 19:00,0.0
21/06/2031 20:00,0.0
21/06/2031 21:00,0.0
21/06/2031 22:00,0.0
21/06/2031 23:00,0.0
22/06/2031 00:00,0.0
22/06/2031 01:00,0.0
22/06/2031 02:00,0.0
22/06/2031 03:00,0.0
22/06/2031 04:00,0.0
22/06/2031 05:00,0.0
22/06/2031 06:00,0.0
22/06/2031 07:00,0.0
22/06/2031 08:00,0.0
22/06/2031 09:00,0.0
22/06/2031 10:00,0.0
22/06/2031 11:00,0.0
22/06/2031 12:00,0.0
22/06/2031 13:00,0.0
22/06/2031 14:00,0.0
22/06/2031 15:00,0.0
22/06/2031 16:00,0.0
22/06/2031 17:00,0.0
22/06/2031 18:00,0.0
22/06/2031 19:00,0.0
22/06/2031 20:00,0.0
22/06/2031 21:00,0.0
22/06/2031 22:00,0.0
22/06/2031 23:00,0.0
23/06/2031 00:00,0.0
23/06/2031 01:00,0.0
23/06/2031 02:00,0.0
23/06/2031 03:00,0.0
23/06/2031 04:00,0.0
23/06/2031 05:00,0.0
23/06/2031 06:00,0.0
23/06/2031 07:00,0.0
23/06/2031 08:00,0.0
23/06/2031 09:00,0.0
23/06/2031 10:00,0.0
23/06/2031 11:00,0.0
23/06/2031 12:00,0.0
23/06/2031 13:00,0.0
23/06/2031 14:00,0.0
23/06/2031 15:00,0.0
23/06/2031 16:00,0.0
23/06/2031 17:00,0.0
23/06/2031 18:00,0.0
23/06/2031 19:00,0.0
23/06/2031 20:00,0.0
23/06/2031 21:00,0.0
23/06/2031 22:00,0.0
23/06/2031 23:00,0.0
24/06/2031 00:00,0.0
24/06/2031 01:00,0.0
24/06/2031 02:00,0.0
24/06/2031 03:00,0.0
24/06/2031 04:00,0.0
24/06/2031 05:00,0.0
24/06/2031 06:00,0.0
24/06/2031 07:00,0.0
24/06/2031 08:00,0.0
24/06/2031 09:00,0.0
24/06/2031 10:00,0.0
24/06/2031 11:00,0.0
24/06/2031 12:00,0.0
24/06/2031 13:00,0.0
24/06/2031 14:00,0.0
24/06/2031 15:00,0.0
24/06/2031 16:00,0.0
24/06/2031 17:00,0.0
24/06/2031 18:00,0.0
24/06/2031 19:00,0.0
24/06/2031 20:00,0.0
24/06/2031 21:00,0.0
24/06/2031 22:00,0.0
24/06/2031 23:00,0.0
25/06/2031 00:00,0.0
25/06/2031 01:00,0.0
25/06/2031 02:00,0.0
25/06/2031 03:00,0.0
25/06/2031 04:00,0.0
25/06/2031 05:00,0.0
25/06/2031 06:00,0.0
25/06/2031 07:00,0.0
25/06/2031 08:00,0.0
25/06/2031 09:00,0.0
25/06/2031 10:00,0.0
25/06/2031 11:00,0.0
25/06/2031 12:00,0.0
25/06/2031 13:00,0.0
25/06/2031 14:00,132.42397297686054
25/06/2031 15:00,330.78873994968524
25/06/2031 16:00,43.576378914413176
25/06/2031 17:00,0.0
25/06/2031 18:00,0.0
25/06/2031 19:00,0.0
25/06/2031 20:00,0.0
25/06/2031 21:00,0.0
25/06/2031 22:00,0.0
25/06/2031 23:00,0.0
26/06/2031 00:00,0.0
26/06/2031 01:00,0.0
26/06/2031 02:00,0.0
26/06/2031 03:00,0.0
26/06/2031 04:00,0.0
26/06/2031 05:00,0.0
26/06/2031 06:00,0.0
26/06/2031 07:00,0.0
26/06/2031 08:00,0.0
26/06/2031 09:00,0.0
26/06/2031 10:00,0.0
26/06/2031 11:00,0.0
26/06/2031 12:00,0.0
26/06/2031 13:00,0.0
26/06/2031 14:00,0.0
26/06/2031 15:00,0.0
26/06/2031 16:00,0.0
26/06/2031 17:00,0.0
26/06/2031 18:00,0.0
26/06/2031 19:00,0.0
26/06/2031 20:00,0.0
26/06/2031 21:00,0.0
26/06/2031 22:00,0.0
26/06/2031 23:00,0.0
27/06/2031 00:00,0.0
27/06/2031 01:00,0.0
27/06/2031 02:00,0.0
27/06/2031 03:00,0.0
27/06/2031 04:00,0.0
27/06/2031 05:00,0.0
27/06/2031 06:00,0.0
27/06/2031 07:00,0.0
27/06/2031 08:00,0.0
27/06/2031 09:00,0.0
27/06/2031 10:00,0.0
27/06/2031 11:00,0.0
27/06/2031 12:00,0.0
27/06/2031 13:00,0.0
27/06/2031 14:00,0.0
27/06/2031 15:00,0.0
27/06/2031 16:00,0.0
27/06/2031 17:00,0.0
27/06/2031 18:00,0.0
27/06/2031 19:00,0.0
27/06/2031 20:00,0.0
27/06/2031 21:00,0.0
27/06/2031 22:00,0.0
27/06/2031 23:00,0.0
28/06/2031 00:00,0.0
28/06/2031 01:00,0.0
28/06/2031 02:00,0.0
28/06/2031 03:00,0.0
28/06/2031 04:00,0.0
28/06/2031 05:00,0.0
28/06/2031 06:00,0.0
28/06/2031 07:00,0.0
28/06/2031 08:00,0.0
28/06/2031 09:00,0.0
28/06/2031 10:00,0.0
28/06/2031 11:00,0.0
28/06/2031 12:00,0.0
28/06/2031 13:00,0.0
28/06/2031 14:00,0.0
28/06/2031 15:00,0.0
28/06/2031 16:00,0.0
28/06/2031 17:00,0.0
28/06/2031 18:00,0.0
28/06/2031 19:00,0.0
28/06/2031 20:00,0.0
28/06/2031 21:00,0.0
28/06/2031 22:00,0.0
28/06/2031 23:00,0.0
29/06/2031 00:00,0.0
29/06/2031 01:00,0.0
29/06/2031 02:00,0.0
29/06/2031 03:00,0.0
29/06/2031 04:00,0.0
29/06/2031 05:00,0.0
29/06/2031 06:00,0.0
29/06/2031 07:00,0.0
29/06/2031 08:00,0.0
29/06/2031 09:00,0.0
29/06/2031 10:00,0.0
29/06/2031 11:00,0.0
29/06/2031 12:00,0.0
29/06/2031 13:00,0.0
29/06/2031 14:00,0.0
29/06/2031 15:00,0.0
29/06/2031 16:00,0.0
29/06/2031 17:00,0.0
29/06/2031 18:00,0.0
29/06/2031 19:00,0.0
29/06/2031 20:00,0.0
29/06/2031 21:00,0.0
29/06/2031 22:00,0.0
29/06/2031 23:00,0.0
30/06/2031 00:00,0.0
30/06/2031 01:00,0.0
30/06/2031 02:00,0.0
30/06/2031 03:00,0.0
30/06/2031 04:00,0.0
30/06/2031 05:00,0.0
30/06/2031 06:00,0.0
30/06/2031 07:00,0.0
30/06/2031 08:00,0.0
30/06/2031 09:00,0.0
30/06/2031 10:00,0.0
30/06/2031 11:00,0.0
30/06/2031 12:00,0.0
30/06/2031 13:00,0.0
30/06/2031 14:00,0.0
30/06/2031 15:00,0.0
30/06/2031 16:00,0.0
30/06/2031 17:00,0.0
30/06/2031 18:00,0.0
30/06/2031 19:00,0.0
30/06/2031 20:00,0.0
30/06/2031 21:00,0.0
30/06/2031 22:00,0.0
30/06/2031 23:00,0.0
01/07/2031 00:00,0.0
01/07/2031 01:00,0.0
01/07/2031 02:00,0.0
01/07/2031 03:00,0.0
01/07/2031 04:00,0.0
01/07/2031 05:00,0.0
01/07/2031 06:00,0.0
01/07/2031 07:00,0.0
01/07/2031 08:00,0.0
01/07/2031 09:00,0.0
01/07/2031 10:00,0.0
01/07/2031 11:00,0.0
01/07/2031 12:00,0.0
01/07/2031 13:00,0.0
01/07/2031 14:00,0.0
01/07/2031 15:00,0.0
01/07/2031 16:00,0.0
01/07/2031 17:00,0.0
01/07/2031 18:00,0.0
01/07/2031 19:00,0.0
01/07/2031 20:00,0.0
01/07/2031 21:00,0.0
01/07/2031 22:00,0.0
01/07/2031 23:00,0.0
02/07/2031 00:00,0.0
02/07/2031 01:00,0.0
02/07/2031 02:00,0.0
02/07/2031 03:00,0.0
02/07/2031 04:00,0.0
02/07/2031 05:00,0.0
02/07/2031 06:00,0.0
02/07/2031 07:00,0.0
02/07/2031 08:00,0.0
02/07/2031 09:00,0.0
02/07/2031 10:00,0.0
02/07/2031 11:00,0.0
02/07/2031 12:00,0.0
02/07/2031 13:00,0.0
02/07/2031 14:00,25.13492492534191
02/07/2031 15:00,311.8520293099164
02/07/2031 16:00,0.0
02/07/2031 17:00,0.0
02/07/2031 18:00,0.0
02/07/2031 19:00,0.0
02/07/2031 20:00,0.0
02/07/2031 21:00,0.0
02/07/2031 22:00,0.0
02/07/2031 23:00,0.0
03/07/2031 00:00,0.0
03/07/2031 01:00,0.0
03/07/2031 02:00,0.0
03/07/2031 03:00,0.0
03/07/2031 04:00,0.0
03/07/2031 05:00,0.0
03/07/2031 06:00,0.0
03/07/2031 07:00,0.0
03/07/2031 08:00,0.0
03/07/2031 09:00,0.0
03/07/2031 10:00,0.0
03/07/2031 11:00,0.0
03/07/2031 12:00,0.0
03/07/2031 13:00,0.0
03/07/2031 14:00,0.0
03/07/2031 15:00,0.0
03/07/2031 16:00,0.0
03/07/2031 17:00,0.0
03/07/2031 18:00,0.0
03/07/2031 19:00,0.0
03/07/2031 20:00,0.0
03/07/2031 21:00,0.0
03/07/2031 22:00,0.0
03/07/2031 23:00,0.0
04/07/2031 00:00,0.0
04/07/2031 01:00,0.0
04/07/2031 02:00,0.0
04/07/2031 03:00,0.0
04/07/2031 04:00,0.0
04/07/2031 05:00,0.0
04/07/2031 06:00,0.0
04/07/2031 07:00,0.0
04/07/2031 08:00,0.0
04/07/2031 09:00,0.0
04/07/2031 10:00,0.0
04/07/2031 11:00,0.0
04/07/2031 12:00,0.0
04/07/2031 13:00,0.0
04/07/2031 14:00,0.0
04/07/2031 15:00,0.0
04/07/2031 16:00,0.0
04/07/2031 17:00,0.0
04/07/2031 18:00,0.0
04/07/2031 19:00,0.0
04/07/2031 20:00,0.0
04/07/2031 21:00,0.0
04/07/2031 22:00,0.0
04/07/2031 23:00,0.0
05/07/2031 00:00,0.0
05/07/2031 01:00,0.0
05/07/2031 02:00,0.0
05/07/2031 03:00,0.0
05/07/2031 04:00,0.0
05/07/2031 05:00,0.0
05/07/2031 06:00,0.0
05/07/2031 07:00,0.0
05/07/2031 08:00,0.0
05/07/2031 09:00,0.0
05/07/2031 10:00,0.0
05/07/2031 11:00,0.0
05/07/2031 12:00,0.0
05/07/2031 13:00,0.0
05/07/2031 14:00,0.0
05/07/2031 15:00,0.0
05/07/2031 16:00,0.0
05/07/2031 17:00,0.0
05/07/2031 18:00,0.0
05/07/2031 19:00,0.0
05/07/2031 20:00,0.0
05/07/2031 21:00,0.0
05/07/2031 22:00,0.0
05/07/2031 23:00,0.0
06/07/2031 00:00,0.0
06/07/2031 01:00,0.0
06/07/2031 02:00,0.0
06/07/2031 03:00,0.0
06/07/2031 04:00,0.0
06/07/2031 05:00,0.0
06/07/2031 06:00,0.0
06/07/2031 07:00,0.0
06/07/2031 08:00,0.0
06/07/2031 09:00,0.0
06/07/2031 10:00,0.0
06/07/2031 11:00,0.0
06/07/2031 12:00,0.0
06/07/2031 13:00,0.0
06/07/2031 14:00,0.0
06/07/2031 15:00,0.0
06/07/2031 16:00,0.0
06/07/2031 17:00,0.0
06/07/2031 18:00,0.0
06/07/2031 19:00,0.0
06/07/2031 20:00,0.0
06/07/2031 21:00,0.0
06/07/2031 22:00,0.0
06/07/2031 23:00,0.0
07/07/2031 00:00,0.0
07/07/2031 01:00,0.0
07/07/2031 02:00,0.0
07/07/2031 03:00,0.0
07/07/2031 04:00,0.0
07/07/2031 05:00,0.0
07/07/2031 06:00,0.0
07/07/2031 07:00,0.0
07/07/2031 08:00,0.0
07/07/2031 09:00,0.0
07/07/2031 10:00,0.0
07/07/2031 11:00,0.0
07/07/2031 12:00,0.0
07/07/2031 13:00,0.0
07/07/2031 14:00,0.0
07/07/2031 15:00,0.0
07/07/2031 16:00,0.0
07/07/2031 17:00,0.0
07/07/2031 18:00,0.0
07/07/2031 19:00,0.0
07/07/2031 20:00,0.0
07/07/2031 21:00,0.0
07/07/2031 22:00,0.0
07/07/2031 23:00,0.0
08/07/2031 00:00,502.7277272727273
08/07/2031 01:00,0.0
08/07/2031 02:00,0.0
08/07/2031 03:00,0.0
08/07/2031 04:00,0.0
08/07/2031 05:00,0.0
08/07/2031 06:00,0.0
08/07/2031 07:00,0.0
08/07/2031 08:00,0.0
08/07/2031 09:00,0.0
08/07/2031 10:00,0.0
08/07/2031 11:00,0.0
08/07/2031 12:00,0.0
08/07/2031 13:00,0.0
08/07/2031 14:00,0.0
08/07/2031 15:00,0.0
08/07/2031 16:00,0.0
08/07/2031 17:00,0.0
08/07/2031 18:00,0.0
08/07/2031 19:00,0.0
08/07/2031 20:00,0.0
08/07/2031 21:00,0.0
08/07/2031 22:00,0.0
08/07/2031 23:00,0.0
09/07/2031 00:00,0.0
09/07/2031 01:00,0.0
09/07/2031 02:00,0.0
09/07/2031 03:00,0.0
09/07/2031 04:00,0.0
09/07/2031 05:00,0.0
09/07/2031 06:00,0.0
09/07/2031 07:00,0.0
09/07/2031 08:00,0.0
09/07/2031 09:00,0.0
09/07/2031 10:00,0.0
09/07/2031 11:00,0.0
09/07/2031 12:00,0.0
09/07/2031 13:00,0.0
09/07/2031 14:00,0.0
09/07/2031 15:00,0.0
09/07/2031 16:00,0.0
09/07/2031 17:00,0.0
09/07/2031 18:00,0.0
09/07/2031 19:00,0.0
09/07/2031 20:00,0.0
09/07/2031 21:00,0.0
09/07/2031 22:00,0.0
09/07/2031 23:00,0.0
10/07/2031 00:00,0.0
10/07/2031 01:00,0.0
10/07/2031 02:00,0.0
10/07/2031 03:00,0.0
10/07/2031 04:00,0.0
10/07/2031 05:00,0.0
10/07/2031 06:00,0.0
10/07/2031 07:00,0.0
10/07/2031 08:00,0.0
10/07/2031 09:00,0.0
10/07/2031 10:00,0.0
10/07/2031 11:00,0.0
10/07/2031 12:00,0.0
10/07/2031 13:00,0.0
10/07/2031 14:00,0.0
10/07/2031 15:00,0.0
10/07/2031 16:00,0.0
10/07/2031 17:00,0.0
10/07/2031 18:00,0.0
10/07/2031 19:00,0.0
10/07/2031 20:00,0.0
10/07/2031 21:00,0.0
10/07/2031 22:00,0.0
10/07/2031 23:00,0.0
11/07/2031 00:00,0.0
11/07/2031 01:00,0.0
11/07/2031 02:00,0.0
11/07/2031 03:00,0.0
11/07/2031 04:00,0.0
11/07/2031 05:00,0.0
11/07/2031 06:00,0.0
11/07/2031 07:00,0.0
11/07/2031 08:00,0.0
11/07/2031 09:00,0.0
11/07/2031 10:00,0.0
11/07/2031 11:00,0.0
11/07/2031 12:00,0.0
11/07/2031 13:00,0.0
11/07/2031 14:00,0.0
11/07/2031 15:00,0.0
11/07/2031 16:00,0.0
11/07/2031 17:00,0.0
11/07/2031 18:00,0.0
11/07/2031 19:00,0.0
11/07/2031 20:00,0.0
11/07/2031 21:00,0.0
11/07/2031 22:00,0.0
11/07/2031 23:00,0.0
12/07/2031 00:00,0.0
12/07/2031 01:00,0.0
12/07/2031 02:00,0.0
12/07/2031 03:00,0.0
12/07/2031 04:00,0.0
12/07/2031 05:00,0.0
12/07/2031 06:00,0.0
12/07/2031 07:00,0.0
12/07/2031 08:00,0.0
12/07/2031 09:00,0.0
12/07/2031 10:00,0.0
12/07/2031 11:00,0.0
12/07/2031 12:00,0.0
12/07/2031 13:00,0.0
12/07/2031 14:00,0.0
12/07/2031 15:00,0.0
12/07/2031 16:00,0.0
12/07/2031 17:00,0.0
12/07/2031 18:00,0.0
12/07/2031 19:00,0.0
12/07/2031 20:00,0.0
12/07/2031 21:00,0.0
12/07/2031 22:00,0.0
12/07/2031 23:00,0.0
13/07/2031 00:00,0.0
13/07/2031 01:00,0.0
13/07/2031 02:00,0.0
13/07/2031 03:00,0.0
13/07/2031 04:00,0.0
13/07/2031 05:00,0.0
13/07/2031 06:00,0.0
13/07/2031 07:00,0.0
13/07/2031 08:00,0.0
13/07/2031 09:00,0.0
13/07/2031 10:00,0.0
13/07/2031 11:00,0.0
13/07/2031 12:00,0.0
13/07/2031 13:00,0.0
13/07/2031 14:00,0.0
13/07/2031 15:00,0.0
13/07/2031 16:00,0.0
13/07/2031 17:00,0.0
13/07/2031 18:00,0.0
13/07/2031 19:00,0.0
13/07/2031 20:00,0.0
13/07/2031 21:00,0.0
13/07/2031 22:00,0.0
13/07/2031 23:00,0.0
14/07/2031 00:00,0.0
14/07/2031 01:00,0.0
14/07/2031 02:00,0.0
14/07/2031 03:00,0.0
14/07/2031 04:00,0.0
14/07/2031 05:00,0.0
14/07/2031 06:00,0.0
14/07/2031 07:00,0.0
14/07/2031 08:00,0.0
14/07/2031 09:00,0.0
14/07/2031 10:00,0.0
14/07/2031 11:00,0.0
14/07/2031 12:00,0.0
14/07/2031 13:00,0.0
14/07/2031 14:00,0.0
14/07/2031 15:00,0.0
14/07/2031 16:00,0.0
14/07/2031 17:00,0.0
14/07/2031 18:00,0.0
14/07/2031 19:00,0.0
14/07/2031 20:00,0.0
14/07/2031 21:00,0.0
14/07/2031 22:00,0.0
14/07/2031 23:00,0.0
15/07/2031 00:00,502.7277272727273
15/07/2031 01:00,0.0
15/07/2031 02:00,0.0
15/07/2031 03:00,0.0
15/07/2031 04:00,0.0
15/07/2031 05:00,0.0
15/07/2031 06:00,0.0
15/07/2031 07:00,0.0
15/07/2031 08:00,0.0
15/07/2031 09:00,0.0
15/07/2031 10:00,0.0
15/07/2031 11:00,0.0
15/07/2031 12:00,0.0
15/07/2031 13:00,0.0
15/07/2031 14:00,0.0
15/07/2031 15:00,0.0
15/07/2031 16:00,0.0
15/07/2031 17:00,0.0
15/07/2031 18:00,0.0
15/07/2031 19:00,0.0
15/07/2031 20:00,0.0
15/07/2031 21:00,0.0
15/07/2031 22:00,0.0
15/07/2031 23:00,0.0
16/07/2031 00:00,0.0
16/07/2031 01:00,0.0
16/07/2031 02:00,0.0
16/07/2031 03:00,0.0
16/07/2031 04:00,0.0
16/07/2031 05:00,0.0
16/07/2031 06:00,0.0
16/07/2031 07:00,0.0
16/07/2031 08:00,0.0
16/07/2031 09:00,0.0
16/07/2031 10:00,0.0
16/07/2031 11:00,0.0
16/07/2031 12:00,0.0
16/07/2031 13:00,0.0
16/07/2031 14:00,0.0
16/07/2031 15:00,0.0
16/07/2031 16:00,0.0
16/07/2031 17:00,0.0
16/07/2031 18:00,0.0
16/07/2031 19:00,0.0
16/07/2031 20:00,0.0
16/07/2031 21:00,0.0
16/07/2031 22:00,0.0
16/07/2031 23:00,0.0
17/07/2031 00:00,0.0
17/07/2031 01:00,0.0
17/07/2031 02:00,0.0
17/07/2031 03:00,0.0
17/07/2031 04:00,0.0
17/07/2031 05:00,0.0
17/07/2031 06:00,0.0
17/07/2031 07:00,0.0
17/07/2031 08:00,0.0
17/07/2031 09:00,0.0
17/07/2031 10:00,0.0
17/07/2031 11:00,0.0
17/07/2031 12:00,0.0
17/07/2031 13:00,0.0
17/07/2031 14:00,0.0
17/07/2031 15:00,0.0
17/07/2031 16:00,0.0
17/07/2031 17:00,0.0
17/07/2031 18:00,0.0
17/07/2031 19:00,0.0
17/07/2031 20:00,0.0
17/07/2031 21:00,0.0
17/07/2031 22:00,0.0
17/07/2031 23:00,0.0
18/07/2031 00:00,0.0
18/07/2031 01:00,0.0
18/07/2031 02:00,0.0
18/07/2031 03:00,0.0
18/07/2031 04:00,0.0
18/07/2031 05:00,0.0
18/07/2031 06:00,0.0
18/07/2031 07:00,0.0
18/07/2031 08:00,0.0
18/07/2031 09:00,0.0
18/07/2031 10:00,0.0
18/07/2031 11:00,0.0
18/07/2031 12:00,0.0
18/07/2031 13:00,0.0
18/07/2031 14:00,0.0
18/07/2031 15:00,0.0
18/07/2031 16:00,0.0
18/07/2031 17:00,0.0
18/07/2031 18:00,0.0
18/07/2031 19:00,0.0
18/07/2031 20:00,0.0
18/07/2031 21:00,0.0
18/07/2031 22:00,0.0
18/07/2031 23:00,0.0
19/07/2031 00:00,0.0
19/07/2031 01:00,0.0
19/07/2031 02:00,0.0
19/07/2031 03:00,0.0
19/07/2031 04:00,0.0
19/07/2031 05:00,0.0
19/07/2031 06:00,0.0
19/07/2031 07:00,0.0
19/07/2031 08:00,0.0
19/07/2031 09:00,0.0
19/07/2031 10:00,0.0
19/07/2031 11:00,0.0
19/07/2031 12:00,0.0
19/07/2031 13:00,0.0
19/07/2031 14:00,0.0
19/07/2031 15:00,0.0
19/07/2031 16:00,0.0
19/07/2031 17:00,0.0
19/07/2031 18:00,0.0
19/07/2031 19:00,0.0
19/07/2031 20:00,0.0
19/07/2031 21:00,0.0
19/07/2031 22:00,0.0
19/07/2031 23:00,0.0
20/07/2031 00:00,0.0
20/07/2031 01:00,0.0
20/07/2031 02:00,0.0
20/07/2031 03:00,0.0
20/07/2031 04:00,0.0
20/07/2031 05:00,0.0
20/07/2031 06:00,0.0
20/07/2031 07:00,0.0
20/07/2031 08:00,0.0
20/07/2031 09:00,0.0
20/07/2031 10:00,0.0
20/07/2031 11:00,0.0
20/07/2031 12:00,0.0
20/07/2031 13:00,0.0
20/07/2031 14:00,0.0
20/07/2031 15:00,0.0
20/07/2031 16:00,0.0
20/07/2031 17:00,0.0
20/07/2031 18:00,0.0
20/07/2031 19:00,0.0
20/07/2031 20:00,0.0
20/07/2031 21:00,0.0
20/07/2031 22:00,0.0
20/07/2031 23:00,0.0
21/07/2031 00:00,0.0
21/07/2031 01:00,0.0
21/07/2031 02:00,0.0
21/07/2031 03:00,0.0
21/07/2031 04:00,0.0
21/07/2031 05:00,0.0
21/07/2031 06:00,0.0
21/07/2031 07:00,0.0
21/07/2031 08:00,0.0
21/07/2031 09:00,0.0
21/07/2031 10:00,0.0
21/07/2031 11:00,0.0
21/07/2031 12:00,0.0
21/07/2031 13:00,0.0
21/07/2031 14:00,0.0
21/07/2031 15:00,0.0
21/07/2031 16:00,0.0
21/07/2031 17:00,0.0
21/07/2031 18:00,0.0
21/07/2031 19:00,0.0
21/07/2031 20:00,0.0
21/07/2031 21:00,0.0
21/07/2031 22:00,0.0
21/07/2031 23:00,0.0
22/07/2031 00:00,502.7277272727273
22/07/2031 01:00,0.0
22/07/2031 02:00,0.0
22/07/2031 03:00,0.0
22/07/2031 04:00,0.0
22/07/2031 05:00,0.0
22/07/2031 06:00,0.0
22/07/2031 07:00,0.0
22/07/2031 08:00,0.0
22/07/2031 09:00,0.0
22/07/2031 10:00,0.0
22/07/2031 11:00,0.0
22/07/2031 12:00,0.0
22/07/2031 13:00,0.0
22/07/2031 14:00,0.0
22/07/2031 15:00,0.0
22/07/2031 16:00,0.0
22/07/2031 17:00,0.0
22/07/2031 18:00,0.0
22/07/2031 19:00,0.0
22/07/2031 20:00,0.0
22/07/2031 21:00,0.0
22/07/2031 22:00,0.0
22/07/2031 23:00,0.0
23/07/2031 00:00,0.0
23/07/2031 01:00,0.0
23/07/2031 02:00,0.0
23/07/2031 03:00,0.0
23/07/2031 04:00,0.0
23/07/2031 05:00,0.0
23/07/2031 06:00,0.0
23/07/2031 07:00,0.0
23/07/2031 08:00,0.0
23/07/2031 09:00,0.0
23/07/2031 10:00,0.0
23/07/2031 11:00,0.0
23/07/2031 12:00,0.0
23/07/2031 13:00,0.0
23/07/2031 14:00,0.0
23/07/2031 15:00,0.0
23/07/2031 16:00,0.0
23/07/2031 17:00,0.0
23/07/2031 18:00,0.0
23/07/2031 19:00,0.0
23/07/2031 20:00,0.0
23/07/2031 21:00,0.0
23/07/2031 22:00,0.0
23/07/2031 23:00,0.0
24/07/2031 00:00,0.0
24/07/2031 01:00,0.0
24/07/2031 02:00,0.0
24/07/2031 03:00,0.0
24/07/2031 04:00,0.0
24/07/2031 05:00,0.0
24/07/2031 06:00,0.0
24/07/2031 07:00,0.0
24/07/2031 08:00,0.0
24/07/2031 09:00,0.0
24/07/2031 10:00,0.0
24/07/2031 11:00,0.0
24/07/2031 12:00,0.0
24/07/2031 13:00,0.0
24/07/2031 14:00,0.0
24/07/2031 15:00,0.0
24/07/2031 16:00,0.0
24/07/2031 17:00,0.0
24/07/2031 18:00,0.0
24/07/2031 19:00,0.0
24/07/2031 20:00,0.0
24/07/2031 21:00,0.0
24/07/2031 22:00,0.0
24/07/2031 23:00,0.0
25/07/2031 00:00,0.0
25/07/2031 01:00,0.0
25/07/2031 02:00,0.0
25/07/2031 03:00,0.0
25/07/2031 04:00,0.0
25/07/2031 05:00,0.0
25/07/2031 06:00,0.0
25/07/2031 07:00,0.0
25/07/2031 08:00,0.0
25/07/2031 09:00,0.0
25/07/2031 10:00,0.0
25/07/2031 11:00,0.0
25/07/2031 12:00,0.0
25/07/2031 13:00,0.0
25/07/2031 14:00,0.0
25/07/2031 15:00,0.0
25/07/2031 16:00,0.0
25/07/2031 17:00,0.0
25/07/2031 18:00,0.0
25/07/2031 19:00,0.0
25/07/2031 20:00,0.0
25/07/2031 21:00,0.0
25/07/2031 22:00,0.0
25/07/2031 23:00,0.0
26/07/2031 00:00,0.0
26/07/2031 01:00,0.0
26/07/2031 02:00,0.0
26/07/2031 03:00,0.0
26/07/2031 04:00,0.0
26/07/2031 05:00,0.0
26/07/2031 06:00,0.0
26/07/2031 07:00,0.0
26/07/2031 08:00,0.0
26/07/2031 09:00,0.0
26/07/2031 10:00,0.0
26/07/2031 11:00,0.0
26/07/2031 12:00,0.0
26/07/2031 13:00,0.0
26/07/2031 14:00,0.0
26/07/2031 15:00,0.0
26/07/2031 16:00,0.0
26/07/2031 17:00,0.0
26/07/2031 18:00,0.0
26/07/2031 19:00,0.0
26/07/2031 20:00,0.0
26/07/2031 21:00,0.0
26/07/2031 22:00,0.0
26/07/2031 23:00,0.0
27/07/2031 00:00,0.0
27/07/2031 01:00,0.0
27/07/2031 02:00,0.0
27/07/2031 03:00,0.0
27/07/2031 04:00,0.0
27/07/2031 05:00,0.0
27/07/2031 06:00,0.0
27/07/2031 07:00,0.0
27/07/2031 08:00,0.0
27/07/2031 09:00,0.0
27/07/2031 10:00,0.0
27/07/2031 11:00,0.0
27/07/2031 12:00,0.0
27/07/2031 13:00,0.0
27/07/2031 14:00,0.0
27/07/2031 15:00,0.0
27/07/2031 16:00,0.0
27/07/2031 17:00,0.0
27/07/2031 18:00,0.0
27/07/2031 19:00,0.0
27/07/2031 20:00,0.0
27/07/2031 21:00,0.0
27/07/2031 22:00,0.0
27/07/2031 23:00,0.0
28/07/2031 00:00,0.0
28/07/2031 01:00,0.0
28/07/2031 02:00,0.0
28/07/2031 03:00,0.0
28/07/2031 04:00,0.0
28/07/2031 05:00,0.0
28/07/2031 06:00,0.0
28/07/2031 07:00,0.0
28/07/2031 08:00,0.0
28/07/2031 09:00,0.0
28/07/2031 10:00,0.0
28/07/2031 11:00,0.0
28/07/2031 12:00,0.0
28/07/2031 13:00,0.0
28/07/2031 14:00,0.0
28/07/2031 15:00,0.0
28/07/2031 16:00,0.0
28/07/2031 17:00,0.0
28/07/2031 18:00,0.0
28/07/2031 19:00,0.0
28/07/2031 20:00,0.0
28/07/2031 21:00,0.0
28/07/2031 22:00,0.0
28/07/2031 23:00,0.0
29/07/2031 00:00,0.0
29/07/2031 01:00,0.0
29/07/2031 02:00,0.0
29/07/2031 03:00,0.0
29/07/2031 04:00,0.0
29/07/2031 05:00,0.0
29/07/2031 06:00,0.0
29/07/2031 07:00,0.0
29/07/2031 08:00,0.0
29/07/2031 09:00,0.0
29/07/2031 10:00,0.0
29/07/2031 11:00,0.0
29/07/2031 12:00,0.0
29/07/2031 13:00,0.0
29/07/2031 14:00,0.0
29/07/2031 15:00,0.0
29/07/2031 16:00,0.0
29/07/2031 17:00,0.0
29/07/2031 18:00,0.0
29/07/2031 19:00,0.0
29/07/2031 20:00,0.0
29/07/2031 21:00,0.0
29/07/2031 22:00,0.0
29/07/2031 23:00,0.0
30/07/2031 00:00,0.0
30/07/2031 01:00,0.0
30/07/2031 02:00,0.0
30/07/2031 03:00,0.0
30/07/2031 04:00,0.0
30/07/2031 05:00,0.0
30/07/2031 06:00,0.0
30/07/2031 07:00,0.0
30/07/2031 08:00,0.0
30/07/2031 09:00,0.0
30/07/2031 10:00,0.0
30/07/2031 11:00,0.0
30/07/2031 12:00,0.0
30/07/2031 13:00,0.0
30/07/2031 14:00,0.0
30/07/2031 15:00,0.0
30/07/2031 16:00,0.0
30/07/2031 17:00,0.0
30/07/2031 18:00,0.0
30/07/2031 19:00,0.0
30/07/2031 20:00,0.0
30/07/2031 21:00,0.0
30/07/2031 22:00,0.0
30/07/2031 23:00,0.0
31/07/2031 00:00,0.0
31/07/2031 01:00,0.0
31/07/2031 02:00,0.0
31/07/2031 03:00,0.0
31/07/2031 04:00,0.0
31/07/2031 05:00,0.0
31/07/2031 06:00,0.0
31/07/2031 07:00,0.0
31/07/2031 08:00,0.0
31/07/2031 09:00,0.0
31/07/2031 10:00,0.0
31/07/2031 11:00,0.0
31/07/2031 12:00,0.0
31/07/2031 13:00,0.0
31/07/2031 14:00,0.0
31/07/2031 15:00,0.0
31/07/2031 16:00,0.0
31/07/2031 17:00,0.0
31/07/2031 18:00,0.0
31/07/2031 19:00,0.0
31/07/2031 20:00,0.0
31/07/2031 21:00,0.0
31/07/2031 22:00,0.0
31/07/2031 23:00,0.0
01/08/2031 00:00,0.0
01/08/2031 01:00,0.0
01/08/2031 02:00,0.0
01/08/2031 03:00,0.0
01/08/2031 04:00,0.0
01/08/2031 05:00,0.0
01/08/2031 06:00,0.0
01/08/2031 07:00,0.0
01/08/2031 08:00,0.0
01/08/2031 09:00,0.0
01/08/2031 10:00,0.0
01/08/2031 11:00,0.0
01/08/2031 12:00,0.0
01/08/2031 13:00,0.0
01/08/2031 14:00,0.0
01/08/2031 15:00,0.0
01/08/2031 16:00,0.0
01/08/2031 17:00,0.0
01/08/2031 18:00,0.0
01/08/2031 19:00,0.0
01/08/2031 20:00,0.0
01/08/2031 21:00,0.0
01/08/2031 22:00,0.0
01/08/2031 23:00,0.0
02/08/2031 00:00,0.0
02/08/2031 01:00,0.0
02/08/2031 02:00,0.0
02/08/2031 03:00,0.0
02/08/2031 04:00,0.0
02/08/2031 05:00,0.0
02/08/2031 06:00,0.0
02/08/2031 07:00,0.0
02/08/2031 08:00,0.0
02/08/2031 09:00,0.0
02/08/2031 10:00,0.0
02/08/2031 11:00,0.0
02/08/2031 12:00,0.0
02/08/2031 13:00,0.0
02/08/2031 14:00,0.0
02/08/2031 15:00,0.0
02/08/2031 16:00,0.0
02/08/2031 17:00,0.0
02/08/2031 18:00,0.0
02/08/2031 19:00,0.0
02/08/2031 20:00,0.0
02/08/2031 21:00,0.0
02/08/2031 22:00,0.0
02/08/2031 23:00,0.0
03/08/2031 00:00,0.0
03/08/2031 01:00,0.0
03/08/2031 02:00,0.0
03/08/2031 03:00,0.0
03/08/2031 04:00,0.0
03/08/2031 05:00,0.0
03/08/2031 06:00,0.0
03/08/2031 07:00,0.0
03/08/2031 08:00,0.0
03/08/2031 09:00,0.0
03/08/2031 10:00,0.0
03/08/2031 11:00,0.0
03/08/2031 12:00,0.0
03/08/2031 13:00,0.0
03/08/2031 14:00,0.0
03/08/2031 15:00,0.0
03/08/2031 16:00,0.0
03/08/2031 17:00,0.0
03/08/2031 18:00,0.0
03/08/2031 19:00,0.0
03/08/2031 20:00,0.0
03/08/2031 21:00,0.0
03/08/2031 22:00,0.0
03/08/2031 23:00,0.0
04/08/2031 00:00,0.0
04/08/2031 01:00,0.0
04/08/2031 02:00,0.0
04/08/2031 03:00,0.0
04/08/2031 04:00,0.0
04/08/2031 05:00,0.0
04/08/2031 06:00,0.0
04/08/2031 07:00,0.0
04/08/2031 08:00,0.0
04/08/2031 09:00,0.0
04/08/2031 10:00,0.0
04/08/2031 11:00,0.0
04/08/2031 12:00,0.0
04/08/2031 13:00,0.0
04/08/2031 14:00,0.0
04/08/2031 15:00,0.0
04/08/2031 16:00,0.0
04/08/2031 17:00,0.0
04/08/2031 18:00,0.0
04/08/2031 19:00,0.0
04/08/2031 20:00,0.0
04/08/2031 21:00,0.0
04/08/2031 22:00,0.0
04/08/2031 23:00,0.0
05/08/2031 00:00,502.7277272727273
05/08/2031 01:00,0.0
05/08/2031 02:00,0.0
05/08/2031 03:00,0.0
05/08/2031 04:00,0.0
05/08/2031 05:00,0.0
05/08/2031 06:00,0.0
05/08/2031 07:00,0.0
05/08/2031 08:00,0.0
05/08/2031 09:00,0.0
05/08/2031 10:00,0.0
05/08/2031 11:00,0.0
05/08/2031 12:00,0.0
05/08/2031 13:00,0.0
05/08/2031 14:00,0.0
05/08/2031 15:00,0.0
05/08/2031 16:00,0.0
05/08/2031 17:00,0.0
05/08/2031 18:00,0.0
05/08/2031 19:00,0.0
05/08/2031 20:00,0.0
05/08/2031 21:00,0.0
05/08/2031 22:00,0.0
05/08/2031 23:00,0.0
06/08/2031 00:00,0.0
06/08/2031 01:00,0.0
06/08/2031 02:00,0.0
06/08/2031 03:00,0.0
06/08/2031 04:00,0.0
06/08/2031 05:00,0.0
06/08/2031 06:00,0.0
06/08/2031 07:00,0.0
06/08/2031 08:00,0.0
06/08/2031 09:00,0.0
06/08/2031 10:00,0.0
06/08/2031 11:00,0.0
06/08/2031 12:00,0.0
06/08/2031 13:00,0.0
06/08/2031 14:00,0.0
06/08/2031 15:00,0.0
06/08/2031 16:00,0.0
06/08/2031 17:00,0.0
06/08/2031 18:00,0.0
06/08/2031 19:00,0.0
06/08/2031 20:00,0.0
06/08/2031 21:00,0.0
06/08/2031 22:00,0.0
06/08/2031 23:00,0.0
07/08/2031 00:00,0.0
07/08/2031 01:00,0.0
07/08/2031 02:00,0.0
07/08/2031 03:00,0.0
07/08/2031 04:00,0.0
07/08/2031 05:00,0.0
07/08/2031 06:00,0.0
07/08/2031 07:00,0.0
07/08/2031 08:00,0.0
07/08/2031 09:00,0.0
07/08/2031 10:00,0.0
07/08/2031 11:00,0.0
07/08/2031 12:00,0.0
07/08/2031 13:00,0.0
07/08/2031 14:00,0.0
07/08/2031 15:00,0.0
07/08/2031 16:00,0.0
07/08/2031 17:00,0.0
07/08/2031 18:00,0.0
07/08/2031 19:00,0.0
07/08/2031 20:00,0.0
07/08/2031 21:00,0.0
07/08/2031 22:00,0.0
07/08/2031 23:00,0.0
08/08/2031 00:00,0.0
08/08/2031 01:00,0.0
08/08/2031 02:00,0.0
08/08/2031 03:00,0.0
08/08/2031 04:00,0.0
08/08/2031 05:00,0.0
08/08/2031 06:00,0.0
08/08/2031 07:00,0.0
08/08/2031 08:00,0.0
08/08/2031 09:00,0.0
08/08/2031 10:00,0.0
08/08/2031 11:00,0.0
08/08/2031 12:00,0.0
08/08/2031 13:00,0.0
08/08/2031 14:00,0.0
08/08/2031 15:00,0.0
08/08/2031 16:00,0.0
08/08/2031 17:00,0.0
08/08/2031 18:00,0.0
08/08/2031 19:00,0.0
08/08/2031 20:00,0.0
08/08/2031 21:00,0.0
08/08/2031 22:00,0.0
08/08/2031 23:00,0.0
09/08/2031 00:00,0.0
09/08/2031 01:00,0.0
09/08/2031 02:00,0.0
09/08/2031 03:00,0.0
09/08/2031 04:00,0.0
09/08/2031 05:00,0.0
09/08/2031 06:00,0.0
09/08/2031 07:00,0.0
09/08/2031 08:00,0.0
09/08/2031 09:00,0.0
09/08/2031 10:00,0.0
09/08/2031 11:00,0.0
09/08/2031 12:00,0.0
09/08/2031 13:00,0.0
09/08/2031 14:00,0.0
09/08/2031 15:00,0.0
09/08/2031 16:00,0.0
09/08/2031 17:00,0.0
09/08/2031 18:00,0.0
09/08/2031 19:00,0.0
09/08/2031 20:00,0.0
09/08/2031 21:00,0.0
09/08/2031 22:00,0.0
09/08/2031 23:00,0.0
10/08/2031 00:00,0.0
10/08/2031 01:00,0.0
10/08/2031 02:00,0.0
10/08/2031 03:00,0.0
10/08/2031 04:00,0.0
10/08/2031 05:00,0.0
10/08/2031 06:00,0.0
10/08/2031 07:00,0.0
10/08/2031 08:00,0.0
10/08/2031 09:00,0.0
10/08/2031 10:00,0.0
10/08/2031 11:00,0.0
10/08/2031 12:00,0.0
10/08/2031 13:00,0.0
10/08/2031 14:00,0.0
10/08/2031 15:00,0.0
10/08/2031 16:00,0.0
10/08/2031 17:00,0.0
10/08/2031 18:00,0.0
10/08/2031 19:00,0.0
10/08/2031 20:00,0.0
10/08/2031 21:00,0.0
10/08/2031 22:00,0.0
10/08/2031 23:00,0.0
11/08/2031 00:00,0.0
11/08/2031 01:00,0.0
11/08/2031 02:00,0.0
11/08/2031 03:00,0.0
11/08/2031 04:00,0.0
11/08/2031 05:00,0.0
11/08/2031 06:00,0.0
11/08/2031 07:00,0.0
11/08/2031 08:00,0.0
11/08/2031 09:00,0.0
11/08/2031 10:00,0.0
11/08/2031 11:00,0.0
11/08/2031 12:00,0.0
11/08/2031 13:00,0.0
11/08/2031 14:00,0.0
11/08/2031 15:00,0.0
11/08/2031 16:00,0.0
11/08/2031 17:00,0.0
11/08/2031 18:00,0.0
11/08/2031 19:00,0.0
11/08/2031 20:00,0.0
11/08/2031 21:00,0.0
11/08/2031 22:00,0.0
11/08/2031 23:00,0.0
12/08/2031 00:00,0.0
12/08/2031 01:00,0.0
12/08/2031 02:00,0.0
12/08/2031 03:00,0.0
12/08/2031 04:00,0.0
12/08/2031 05:00,0.0
12/08/2031 06:00,0.0
12/08/2031 07:00,0.0
12/08/2031 08:00,0.0
12/08/2031 09:00,0.0
12/08/2031 10:00,0.0
12/08/2031 11:00,0.0
12/08/2031 12:00,0.0
12/08/2031 13:00,0.0
12/08/2031 14:00,0.0
12/08/2031 15:00,0.0
12/08/2031 16:00,0.0
12/08/2031 17:00,0.0
12/08/2031 18:00,0.0
12/08/2031 19:00,0.0
12/08/2031 20:00,0.0
12/08/2031 21:00,0.0
12/08/2031 22:00,0.0
12/08/2031 23:00,0.0
13/08/2031 00:00,0.0
13/08/2031 01:00,0.0
13/08/2031 02:00,0.0
13/08/2031 03:00,0.0
13/08/2031 04:00,0.0
13/08/2031 05:00,0.0
13/08/2031 06:00,0.0
13/08/2031 07:00,0.0
13/08/2031 08:00,0.0
13/08/2031 09:00,0.0
13/08/2031 10:00,0.0
13/08/2031 11:00,0.0
13/08/2031 12:00,0.0
13/08/2031 13:00,0.0
13/08/2031 14:00,0.0
13/08/2031 15:00,0.0
13/08/2031 16:00,0.0
13/08/2031 17:00,0.0
13/08/2031 18:00,0.0
13/08/2031 19:00,0.0
13/08/2031 20:00,0.0
13/08/2031 21:00,0.0
13/08/2031 22:00,0.0
13/08/2031 23:00,0.0
14/08/2031 00:00,0.0
14/08/2031 01:00,0.0
14/08/2031 02:00,0.0
14/08/2031 03:00,0.0
14/08/2031 04:00,0.0
14/08/2031 05:00,0.0
14/08/2031 06:00,0.0
14/08/2031 07:00,0.0
14/08/2031 08:00,0.0
14/08/2031 09:00,0.0
14/08/2031 10:00,0.0
14/08/2031 11:00,0.0
14/08/2031 12:00,0.0
14/08/2031 13:00,0.0
14/08/2031 14:00,0.0
14/08/2031 15:00,0.0
14/08/2031 16:00,0.0
14/08/2031 17:00,0.0
14/08/2031 18:00,0.0
14/08/2031 19:00,0.0
14/08/2031 20:00,0.0
14/08/2031 21:00,0.0
14/08/2031 22:00,0.0
14/08/2031 23:00,0.0
15/08/2031 00:00,0.0
15/08/2031 01:00,0.0
15/08/2031 02:00,0.0
15/08/2031 03:00,0.0
15/08/2031 04:00,0.0
15/08/2031 05:00,0.0
15/08/2031 06:00,0.0
15/08/2031 07:00,0.0
15/08/2031 08:00,0.0
15/08/2031 09:00,0.0
15/08/2031 10:00,0.0
15/08/2031 11:00,0.0
15/08/2031 12:00,0.0
15/08/2031 13:00,0.0
15/08/2031 14:00,0.0
15/08/2031 15:00,0.0
15/08/2031 16:00,0.0
15/08/2031 17:00,0.0
15/08/2031 18:00,0.0
15/08/2031 19:00,0.0
15/08/2031 20:00,0.0
15/08/2031 21:00,0.0
15/08/2031 22:00,0.0
15/08/2031 23:00,0.0
16/08/2031 00:00,0.0
16/08/2031 01:00,0.0
16/08/2031 02:00,0.0
16/08/2031 03:00,0.0
16/08/2031 04:00,0.0
16/08/2031 05:00,0.0
16/08/2031 06:00,0.0
16/08/2031 07:00,0.0
16/08/2031 08:00,0.0
16/08/2031 09:00,0.0
16/08/2031 10:00,0.0
16/08/2031 11:00,0.0
16/08/2031 12:00,0.0
16/08/2031 13:00,0.0
16/08/2031 14:00,0.0
16/08/2031 15:00,0.0
16/08/2031 16:00,0.0
16/08/2031 17:00,0.0
16/08/2031 18:00,0.0
16/08/2031 19:00,0.0
16/08/2031 20:00,0.0
16/08/2031 21:00,0.0
16/08/2031 22:00,0.0
16/08/2031 23:00,0.0
17/08/2031 00:00,0.0
17/08/2031 01:00,0.0
17/08/2031 02:00,0.0
17/08/2031 03:00,0.0
17/08/2031 04:00,0.0
17/08/2031 05:00,0.0
17/08/2031 06:00,0.0
17/08/2031 07:00,0.0
17/08/2031 08:00,0.0
17/08/2031 09:00,0.0
17/08/2031 10:00,0.0
17/08/2031 11:00,0.0
17/08/2031 12:00,0.0
17/08/2031 13:00,0.0
17/08/2031 14:00,0.0
17/08/2031 15:00,0.0
17/08/2031 16:00,0.0
17/08/2031 17:00,0.0
17/08/2031 18:00,0.0
17/08/2031 19:00,0.0
17/08/2031 20:00,0.0
17/08/2031 21:00,0.0
17/08/2031 22:00,0.0
17/08/2031 23:00,0.0
18/08/2031 00:00,0.0
18/08/2031 01:00,0.0
18/08/2031 02:00,0.0
18/08/2031 03:00,0.0
18/08/2031 04:00,0.0
18/08/2031 05:00,0.0
18/08/2031 06:00,0.0
18/08/2031 07:00,0.0
18/08/2031 08:00,0.0
18/08/2031 09:00,0.0
18/08/2031 10:00,0.0
18/08/2031 11:00,0.0
18/08/2031 12:00,0.0
18/08/2031 13:00,0.0
18/08/2031 14:00,0.0
18/08/2031 15:00,0.0
18/08/2031 16:00,0.0
18/08/2031 17:00,0.0
18/08/2031 18:00,0.0
18/08/2031 19:00,0.0
18/08/2031 20:00,0.0
18/08/2031 21:00,0.0
18/08/2031 22:00,0.0
18/08/2031 23:00,0.0
19/08/2031 00:00,0.0
19/08/2031 01:00,0.0
19/08/2031 02:00,0.0
19/08/2031 03:00,0.0
19/08/2031 04:00,0.0
19/08/2031 05:00,0.0
19/08/2031 06:00,0.0
19/08/2031 07:00,0.0
19/08/2031 08:00,0.0
19/08/2031 09:00,0.0
19/08/2031 10:00,0.0
19/08/2031 11:00,0.0
19/08/2031 12:00,0.0
19/08/2031 13:00,0.0
19/08/2031 14:00,0.0
19/08/2031 15:00,0.0
19/08/2031 16:00,0.0
19/08/2031 17:00,0.0
19/08/2031 18:00,0.0
19/08/2031 19:00,0.0
19/08/2031 20:00,0.0
19/08/2031 21:00,0.0
19/08/2031 22:00,0.0
19/08/2031 23:00,0.0
20/08/2031 00:00,0.0
20/08/2031 01:00,0.0
20/08/2031 02:00,0.0
20/08/2031 03:00,0.0
20/08/2031 04:00,0.0
20/08/2031 05:00,0.0
20/08/2031 06:00,0.0
20/08/2031 07:00,0.0
20/08/2031 08:00,0.0
20/08/2031 09:00,0.0
20/08/2031 10:00,0.0
20/08/2031 11:00,0.0
20/08/2031 12:00,0.0
20/08/2031 13:00,0.0
20/08/2031 14:00,0.0
20/08/2031 15:00,0.0
20/08/2031 16:00,0.0
20/08/2031 17:00,0.0
20/08/2031 18:00,0.0
20/08/2031 19:00,0.0
20/08/2031 20:00,0.0
20/08/2031 21:00,0.0
20/08/2031 22:00,0.0
20/08/2031 23:00,0.0
21/08/2031 00:00,0.0
21/08/2031 01:00,0.0
21/08/2031 02:00,0.0
21/08/2031 03:00,0.0
21/08/2031 04:00,0.0
21/08/2031 05:00,0.0
21/08/2031 06:00,0.0
21/08/2031 07:00,0.0
21/08/2031 08:00,0.0
21/08/2031 09:00,0.0
21/08/2031 10:00,0.0
21/08/2031 11:00,0.0
21/08/2031 12:00,0.0
21/08/2031 13:00,0.0
21/08/2031 14:00,0.0
21/08/2031 15:00,0.0
21/08/2031 16:00,0.0
21/08/2031 17:00,0.0
21/08/2031 18:00,0.0
21/08/2031 19:00,0.0
21/08/2031 20:00,0.0
21/08/2031 21:00,0.0
21/08/2031 22:00,0.0
21/08/2031 23:00,0.0
22/08/2031 00:00,0.0
22/08/2031 01:00,0.0
22/08/2031 02:00,0.0
22/08/2031 03:00,0.0
22/08/2031 04:00,0.0
22/08/2031 05:00,0.0
22/08/2031 06:00,0.0
22/08/2031 07:00,0.0
22/08/2031 08:00,0.0
22/08/2031 09:00,0.0
22/08/2031 10:00,0.0
22/08/2031 11:00,0.0
22/08/2031 12:00,0.0
22/08/2031 13:00,0.0
22/08/2031 14:00,0.0
22/08/2031 15:00,0.0
22/08/2031 16:00,0.0
22/08/2031 17:00,0.0
22/08/2031 18:00,0.0
22/08/2031 19:00,0.0
22/08/2031 20:00,0.0
22/08/2031 21:00,0.0
22/08/2031 22:00,0.0
22/08/2031 23:00,0.0
23/08/2031 00:00,0.0
23/08/2031 01:00,0.0
23/08/2031 02:00,0.0
23/08/2031 03:00,0.0
23/08/2031 04:00,0.0
23/08/2031 05:00,0.0
23/08/2031 06:00,0.0
23/08/2031 07:00,0.0
23/08/2031 08:00,0.0
23/08/2031 09:00,0.0
23/08/2031 10:00,0.0
23/08/2031 11:00,0.0
23/08/2031 12:00,0.0
23/08/2031 13:00,0.0
23/08/2031 14:00,0.0
23/08/2031 15:00,0.0
23/08/2031 16:00,0.0
23/08/2031 17:00,0.0
23/08/2031 18:00,0.0
23/08/2031 19:00,0.0
23/08/2031 20:00,0.0
23/08/2031 21:00,0.0
23/08/2031 22:00,0.0
23/08/2031 23:00,0.0
24/08/2031 00:00,0.0
24/08/2031 01:00,0.0
24/08/2031 02:00,0.0
24/08/2031 03:00,0.0
24/08/2031 04:00,0.0
24/08/2031 05:00,0.0
24/08/2031 06:00,0.0
24/08/2031 07:00,0.0
24/08/2031 08:00,0.0
24/08/2031 09:00,0.0
24/08/2031 10:00,0.0
24/08/2031 11:00,0.0
24/08/2031 12:00,0.0
24/08/2031 13:00,0.0
24/08/2031 14:00,0.0
24/08/2031 15:00,0.0
24/08/2031 16:00,0.0
24/08/2031 17:00,0.0
24/08/2031 18:00,0.0
24/08/2031 19:00,0.0
24/08/2031 20:00,0.0
24/08/2031 21:00,0.0
24/08/2031 22:00,0.0
24/08/2031 23:00,0.0
25/08/2031 00:00,0.0
25/08/2031 01:00,0.0
25/08/2031 02:00,0.0
25/08/2031 03:00,0.0
25/08/2031 04:00,0.0
25/08/2031 05:00,0.0
25/08/2031 06:00,0.0
25/08/2031 07:00,0.0
25/08/2031 08:00,0.0
25/08/2031 09:00,0.0
25/08/2031 10:00,0.0
25/08/2031 11:00,0.0
25/08/2031 12:00,0.0
25/08/2031 13:00,0.0
25/08/2031 14:00,0.0
25/08/2031 15:00,0.0
25/08/2031 16:00,0.0
25/08/2031 17:00,0.0
25/08/2031 18:00,0.0
25/08/2031 19:00,0.0
25/08/2031 20:00,0.0
25/08/2031 21:00,0.0
25/08/2031 22:00,0.0
25/08/2031 23:00,0.0
26/08/2031 00:00,502.7277272727273
26/08/2031 01:00,0.0
26/08/2031 02:00,0.0
26/08/2031 03:00,0.0
26/08/2031 04:00,0.0
26/08/2031 05:00,0.0
26/08/2031 06:00,0.0
26/08/2031 07:00,0.0
26/08/2031 08:00,0.0
26/08/2031 09:00,0.0
26/08/2031 10:00,0.0
26/08/2031 11:00,0.0
26/08/2031 12:00,0.0
26/08/2031 13:00,0.0
26/08/2031 14:00,0.0
26/08/2031 15:00,0.0
26/08/2031 16:00,0.0
26/08/2031 17:00,0.0
26/08/2031 18:00,0.0
26/08/2031 19:00,0.0
26/08/2031 20:00,0.0
26/08/2031 21:00,0.0
26/08/2031 22:00,0.0
26/08/2031 23:00,0.0
27/08/2031 00:00,0.0
27/08/2031 01:00,0.0
27/08/2031 02:00,0.0
27/08/2031 03:00,0.0
27/08/2031 04:00,0.0
27/08/2031 05:00,0.0
27/08/2031 06:00,0.0
27/08/2031 07:00,0.0
27/08/2031 08:00,0.0
27/08/2031 09:00,0.0
27/08/2031 10:00,0.0
27/08/2031 11:00,0.0
27/08/2031 12:00,0.0
27/08/2031 13:00,0.0
27/08/2031 14:00,0.0
27/08/2031 15:00,0.0
27/08/2031 16:00,0.0
27/08/2031 17:00,0.0
27/08/2031 18:00,0.0
27/08/2031 19:00,0.0
27/08/2031 20:00,0.0
27/08/2031 21:00,0.0
27/08/2031 22:00,0.0
27/08/2031 23:00,0.0
28/08/2031 00:00,0.0
28/08/2031 01:00,0.0
28/08/2031 02:00,0.0
28/08/2031 03:00,0.0
28/08/2031 04:00,0.0
28/08/2031 05:00,0.0
28/08/2031 06:00,0.0
28/08/2031 07:00,0.0
28/08/2031 08:00,0.0
28/08/2031 09:00,0.0
28/08/2031 10:00,0.0
28/08/2031 11:00,0.0
28/08/2031 12:00,0.0
28/08/2031 13:00,0.0
28/08/2031 14:00,0.0
28/08/2031 15:00,0.0
28/08/2031 16:00,0.0
28/08/2031 17:00,0.0
28/08/2031 18:00,0.0
28/08/2031 19:00,0.0
28/08/2031 20:00,0.0
28/08/2031 21:00,0.0
28/08/2031 22:00,0.0
28/08/2031 23:00,0.0
29/08/2031 00:00,0.0
29/08/2031 01:00,0.0
29/08/2031 02:00,0.0
29/08/2031 03:00,0.0
29/08/2031 04:00,0.0
29/08/2031 05:00,0.0
29/08/2031 06:00,0.0
29/08/2031 07:00,0.0
29/08/2031 08:00,0.0
29/08/2031 09:00,0.0
29/08/2031 10:00,0.0
29/08/2031 11:00,0.0
29/08/2031 12:00,0.0
29/08/2031 13:00,0.0
29/08/2031 14:00,0.0
29/08/2031 15:00,0.0
29/08/2031 16:00,0.0
29/08/2031 17:00,0.0
29/08/2031 18:00,0.0
29/08/2031 19:00,0.0
29/08/2031 20:00,0.0
29/08/2031 21:00,0.0
29/08/2031 22:00,0.0
29/08/2031 23:00,0.0
30/08/2031 00:00,0.0
30/08/2031 01:00,0.0
30/08/2031 02:00,0.0
30/08/2031 03:00,0.0
30/08/2031 04:00,0.0
30/08/2031 05:00,0.0
30/08/2031 06:00,0.0
30/08/2031 07:00,0.0
30/08/2031 08:00,0.0
30/08/2031 09:00,0.0
30/08/2031 10:00,0.0
30/08/2031 11:00,0.0
30/08/2031 12:00,0.0
30/08/2031 13:00,0.0
30/08/2031 14:00,0.0
30/08/2031 15:00,0.0
30/08/2031 16:00,0.0
30/08/2031 17:00,0.0
30/08/2031 18:00,0.0
30/08/2031 19:00,0.0
30/08/2031 20:00,0.0
30/08/2031 21:00,0.0
30/08/2031 22:00,0.0
30/08/2031 23:00,0.0
31/08/2031 00:00,0.0
31/08/2031 01:00,0.0
31/08/2031 02:00,0.0
31/08/2031 03:00,0.0
31/08/2031 04:00,0.0
31/08/2031 05:00,0.0
31/08/2031 06:00,0.0
31/08/2031 07:00,0.0
31/08/2031 08:00,0.0
31/08/2031 09:00,0.0
31/08/2031 10:00,0.0
31/08/2031 11:00,0.0
31/08/2031 12:00,0.0
31/08/2031 13:00,0.0
31/08/2031 14:00,0.0
31/08/2031 15:00,0.0
31/08/2031 16:00,0.0
31/08/2031 17:00,0.0
31/08/2031 18:00,0.0
31/08/2031 19:00,0.0
31/08/2031 20:00,0.0
31/08/2031 21:00,0.0
31/08/2031 22:00,0.0
31/08/2031 23:00,0.0
01/09/2031 00:00,0.0
01/09/2031 01:00,0.0
01/09/2031 02:00,0.0
01/09/2031 03:00,0.0
01/09/2031 04:00,0.0
01/09/2031 05:00,0.0
01/09/2031 06:00,0.0
01/09/2031 07:00,0.0
01/09/2031 08:00,0.0
01/09/2031 09:00,0.0
01/09/2031 10:00,0.0
01/09/2031 11:00,0.0
01/09/2031 12:00,0.0
01/09/2031 13:00,0.0
01/09/2031 14:00,0.0
01/09/2031 15:00,0.0
01/09/2031 16:00,0.0
01/09/2031 17:00,0.0
01/09/2031 18:00,0.0
01/09/2031 19:00,0.0
01/09/2031 20:00,0.0
01/09/2031 21:00,0.0
01/09/2031 22:00,0.0
01/09/2031 23:00,0.0
02/09/2031 00:00,484.76344119869
02/09/2031 01:00,0.0
02/09/2031 02:00,0.0
02/09/2031 03:00,0.0
02/09/2031 04:00,0.0
02/09/2031 05:00,0.0
02/09/2031 06:00,0.0
02/09/2031 07:00,0.0
02/09/2031 08:00,0.0
02/09/2031 09:00,0.0
02/09/2031 10:00,0.0
02/09/2031 11:00,0.0
02/09/2031 12:00,0.0
02/09/2031 13:00,0.0
02/09/2031 14:00,0.0
02/09/2031 15:00,0.0
02/09/2031 16:00,0.0
02/09/2031 17:00,0.0
02/09/2031 18:00,0.0
02/09/2031 19:00,0.0
02/09/2031 20:00,0.0
02/09/2031 21:00,0.0
02/09/2031 22:00,0.0
02/09/2031 23:00,0.0
03/09/2031 00:00,0.0
03/09/2031 01:00,0.0
03/09/2031 02:00,0.0
03/09/2031 03:00,0.0
03/09/2031 04:00,0.0
03/09/2031 05:00,0.0
03/09/2031 06:00,0.0
03/09/2031 07:00,0.0
03/09/2031 08:00,0.0
03/09/2031 09:00,0.0
03/09/2031 10:00,0.0
03/09/2031 11:00,0.0
03/09/2031 12:00,0.0
03/09/2031 13:00,0.0
03/09/2031 14:00,0.0
03/09/2031 15:00,0.0
03/09/2031 16:00,0.0
03/09/2031 17:00,0.0
03/09/2031 18:00,0.0
03/09/2031 19:00,0.0
03/09/2031 20:00,0.0
03/09/2031 21:00,0.0
03/09/2031 22:00,0.0
03/09/2031 23:00,0.0
04/09/2031 00:00,0.0
04/09/2031 01:00,0.0
04/09/2031 02:00,0.0
04/09/2031 03:00,0.0
04/09/2031 04:00,0.0
04/09/2031 05:00,0.0
04/09/2031 06:00,0.0
04/09/2031 07:00,0.0
04/09/2031 08:00,0.0
04/09/2031 09:00,0.0
04/09/2031 10:00,0.0
04/09/2031 11:00,0.0
04/09/2031 12:00,0.0
04/09/2031 13:00,0.0
04/09/2031 14:00,0.0
04/09/2031 15:00,0.0
04/09/2031 16:00,0.0
04/09/2031 17:00,0.0
04/09/2031 18:00,0.0
04/09/2031 19:00,0.0
04/09/2031 20:00,0.0
04/09/2031 21:00,0.0
04/09/2031 22:00,0.0
04/09/2031 23:00,0.0
05/09/2031 00:00,0.0
05/09/2031 01:00,0.0
05/09/2031 02:00,0.0
05/09/2031 03:00,0.0
05/09/2031 04:00,0.0
05/09/2031 05:00,0.0
05/09/2031 06:00,0.0
05/09/2031 07:00,0.0
05/09/2031 08:00,0.0
05/09/2031 09:00,0.0
05/09/2031 10:00,0.0
05/09/2031 11:00,0.0
05/09/2031 12:00,0.0
05/09/2031 13:00,0.0
05/09/2031 14:00,0.0
05/09/2031 15:00,0.0
05/09/2031 16:00,0.0
05/09/2031 17:00,0.0
05/09/2031 18:00,0.0
05/09/2031 19:00,0.0
05/09/2031 20:00,0.0
05/09/2031 21:00,0.0
05/09/2031 22:00,0.0
05/09/2031 23:00,0.0
06/09/2031 00:00,0.0
06/09/2031 01:00,0.0
06/09/2031 02:00,0.0
06/09/2031 03:00,0.0
06/09/2031 04:00,0.0
06/09/2031 05:00,0.0
06/09/2031 06:00,0.0
06/09/2031 07:00,0.0
06/09/2031 08:00,0.0
06/09/2031 09:00,0.0
06/09/2031 10:00,0.0
06/09/2031 11:00,0.0
06/09/2031 12:00,0.0
06/09/2031 13:00,0.0
06/09/2031 14:00,0.0
06/09/2031 15:00,0.0
06/09/2031 16:00,0.0
06/09/2031 17:00,0.0
06/09/2031 18:00,0.0
06/09/2031 19:00,0.0
06/09/2031 20:00,0.0
06/09/2031 21:00,0.0
06/09/2031 22:00,0.0
06/09/2031 23:00,0.0
07/09/2031 00:00,0.0
07/09/2031 01:00,0.0
07/09/2031 02:00,0.0
07/09/2031 03:00,0.0
07/09/2031 04:00,0.0
07/09/2031 05:00,0.0
07/09/2031 06:00,0.0
07/09/2031 07:00,0.0
07/09/2031 08:00,0.0
07/09/2031 09:00,0.0
07/09/2031 10:00,0.0
07/09/2031 11:00,0.0
07/09/2031 12:00,0.0
07/09/2031 13:00,0.0
07/09/2031 14:00,0.0
07/09/2031 15:00,0.0
07/09/2031 16:00,0.0
07/09/2031 17:00,0.0
07/09/2031 18:00,0.0
07/09/2031 19:00,0.0
07/09/2031 20:00,0.0
07/09/2031 21:00,0.0
07/09/2031 22:00,0.0
07/09/2031 23:00,0.0
08/09/2031 00:00,0.0
08/09/2031 01:00,0.0
08/09/2031 02:00,0.0
08/09/2031 03:00,0.0
08/09/2031 04:00,0.0
08/09/2031 05:00,0.0
08/09/2031 06:00,0.0
08/09/2031 07:00,0.0
08/09/2031 08:00,0.0
08/09/2031 09:00,0.0
08/09/2031 10:00,0.0
08/09/2031 11:00,0.0
08/09/2031 12:00,0.0
08/09/2031 13:00,0.0
08/09/2031 14:00,0.0
08/09/2031 15:00,0.0
08/09/2031 16:00,0.0
08/09/2031 17:00,0.0
08/09/2031 18:00,0.0
08/09/2031 19:00,0.0
08/09/2031 20:00,0.0
08/09/2031 21:00,0.0
08/09/2031 22:00,0.0
08/09/2031 23:00,0.0
09/09/2031 00:00,0.0
09/09/2031 01:00,0.0
09/09/2031 02:00,0.0
09/09/2031 03:00,0.0
09/09/2031 04:00,0.0
09/09/2031 05:00,0.0
09/09/2031 06:00,0.0
09/09/2031 07:00,0.0
09/09/2031 08:00,0.0
09/09/2031 09:00,0.0
09/09/2031 10:00,0.0
09/09/2031 11:00,0.0
09/09/2031 12:00,0.0
09/09/2031 13:00,0.0
09/09/2031 14:00,0.0
09/09/2031 15:00,0.0
09/09/2031 16:00,0.0
09/09/2031 17:00,0.0
09/09/2031 18:00,0.0
09/09/2031 19:00,0.0
09/09/2031 20:00,0.0
09/09/2031 21:00,0.0
09/09/2031 22:00,0.0
09/09/2031 23:00,0.0
10/09/2031 00:00,0.0
10/09/2031 01:00,0.0
10/09/2031 02:00,0.0
10/09/2031 03:00,0.0
10/09/2031 04:00,0.0
10/09/2031 05:00,0.0
10/09/2031 06:00,0.0
10/09/2031 07:00,0.0
10/09/2031 08:00,0.0
10/09/2031 09:00,0.0
10/09/2031 10:00,0.0
10/09/2031 11:00,0.0
10/09/2031 12:00,0.0
10/09/2031 13:00,0.0
10/09/2031 14:00,0.0
10/09/2031 15:00,0.0
10/09/2031 16:00,0.0
10/09/2031 17:00,0.0
10/09/2031 18:00,0.0
10/09/2031 19:00,0.0
10/09/2031 20:00,0.0
10/09/2031 21:00,0.0
10/09/2031 22:00,0.0
10/09/2031 23:00,0.0
11/09/2031 00:00,0.0
11/09/2031 01:00,0.0
11/09/2031 02:00,0.0
11/09/2031 03:00,0.0
11/09/2031 04:00,0.0
11/09/2031 05:00,0.0
11/09/2031 06:00,0.0
11/09/2031 07:00,0.0
11/09/2031 08:00,0.0
11/09/2031 09:00,0.0
11/09/2031 10:00,0.0
11/09/2031 11:00,0.0
11/09/2031 12:00,0.0
11/09/2031 13:00,0.0
11/09/2031 14:00,0.0
11/09/2031 15:00,0.0
11/09/2031 16:00,0.0
11/09/2031 17:00,0.0
11/09/2031 18:00,0.0
11/09/2031 19:00,0.0
11/09/2031 20:00,0.0
11/09/2031 21:00,0.0
11/09/2031 22:00,0.0
11/09/2031 23:00,0.0
12/09/2031 00:00,0.0
12/09/2031 01:00,0.0
12/09/2031 02:00,0.0
12/09/2031 03:00,0.0
12/09/2031 04:00,0.0
12/09/2031 05:00,0.0
12/09/2031 06:00,0.0
12/09/2031 07:00,0.0
12/09/2031 08:00,0.0
12/09/2031 09:00,0.0
12/09/2031 10:00,0.0
12/09/2031 11:00,0.0
12/09/2031 12:00,0.0
12/09/2031 13:00,0.0
12/09/2031 14:00,0.0
12/09/2031 15:00,0.0
12/09/2031 16:00,0.0
12/09/2031 17:00,0.0
12/09/2031 18:00,0.0
12/09/2031 19:00,0.0
12/09/2031 20:00,0.0
12/09/2031 21:00,0.0
12/09/2031 22:00,0.0
12/09/2031 23:00,0.0
13/09/2031 00:00,0.0
13/09/2031 01:00,0.0
13/09/2031 02:00,0.0
13/09/2031 03:00,0.0
13/09/2031 04:00,0.0
13/09/2031 05:00,0.0
13/09/2031 06:00,0.0
13/09/2031 07:00,0.0
13/09/2031 08:00,0.0
13/09/2031 09:00,0.0
13/09/2031 10:00,0.0
13/09/2031 11:00,0.0
13/09/2031 12:00,0.0
13/09/2031 13:00,0.0
13/09/2031 14:00,0.0
13/09/2031 15:00,0.0
13/09/2031 16:00,0.0
13/09/2031 17:00,0.0
13/09/2031 18:00,0.0
13/09/2031 19:00,0.0
13/09/2031 20:00,0.0
13/09/2031 21:00,0.0
13/09/2031 22:00,0.0
13/09/2031 23:00,0.0
14/09/2031 00:00,0.0
14/09/2031 01:00,0.0
14/09/2031 02:00,0.0
14/09/2031 03:00,0.0
14/09/2031 04:00,0.0
14/09/2031 05:00,0.0
14/09/2031 06:00,0.0
14/09/2031 07:00,0.0
14/09/2031 08:00,0.0
14/09/2031 09:00,0.0
14/09/2031 10:00,0.0
14/09/2031 11:00,0.0
14/09/2031 12:00,0.0
14/09/2031 13:00,0.0
14/09/2031 14:00,0.0
14/09/2031 15:00,0.0
14/09/2031 16:00,0.0
14/09/2031 17:00,0.0
14/09/2031 18:00,0.0
14/09/2031 19:00,0.0
14/09/2031 20:00,0.0
14/09/2031 21:00,0.0
14/09/2031 22:00,0.0
14/09/2031 23:00,0.0
15/09/2031 00:00,0.0
15/09/2031 01:00,0.0
15/09/2031 02:00,0.0
15/09/2031 03:00,0.0
15/09/2031 04:00,0.0
15/09/2031 05:00,0.0
15/09/2031 06:00,0.0
15/09/2031 07:00,0.0
15/09/2031 08:00,0.0
15/09/2031 09:00,0.0
15/09/2031 10:00,0.0
15/09/2031 11:00,0.0
15/09/2031 12:00,0.0
15/09/2031 13:00,0.0
15/09/2031 14:00,0.0
15/09/2031 15:00,0.0
15/09/2031 16:00,0.0
15/09/2031 17:00,0.0
15/09/2031 18:00,0.0
15/09/2031 19:00,0.0
15/09/2031 20:00,0.0
15/09/2031 21:00,0.0
15/09/2031 22:00,0.0
15/09/2031 23:00,0.0
16/09/2031 00:00,502.7277272727273
16/09/2031 01:00,0.0
16/09/2031 02:00,0.0
16/09/2031 03:00,0.0
16/09/2031 04:00,0.0
16/09/2031 05:00,0.0
16/09/2031 06:00,0.0
16/09/2031 07:00,0.0
16/09/2031 08:00,0.0
16/09/2031 09:00,0.0
16/09/2031 10:00,0.0
16/09/2031 11:00,0.0
16/09/2031 12:00,0.0
16/09/2031 13:00,0.0
16/09/2031 14:00,0.0
16/09/2031 15:00,0.0
16/09/2031 16:00,0.0
16/09/2031 17:00,0.0
16/09/2031 18:00,0.0
16/09/2031 19:00,0.0
16/09/2031 20:00,0.0
16/09/2031 21:00,0.0
16/09/2031 22:00,0.0
16/09/2031 23:00,0.0
17/09/2031 00:00,0.0
17/09/2031 01:00,0.0
17/09/2031 02:00,0.0
17/09/2031 03:00,0.0
17/09/2031 04:00,0.0
17/09/2031 05:00,0.0
17/09/2031 06:00,0.0
17/09/2031 07:00,0.0
17/09/2031 08:00,0.0
17/09/2031 09:00,0.0
17/09/2031 10:00,0.0
17/09/2031 11:00,0.0
17/09/2031 12:00,0.0
17/09/2031 13:00,0.0
17/09/2031 14:00,0.0
17/09/2031 15:00,0.0
17/09/2031 16:00,0.0
17/09/2031 17:00,0.0
17/09/2031 18:00,0.0
17/09/2031 19:00,0.0
17/09/2031 20:00,0.0
17/09/2031 21:00,0.0
17/09/2031 22:00,0.0
17/09/2031 23:00,0.0
18/09/2031 00:00,0.0
18/09/2031 01:00,0.0
18/09/2031 02:00,0.0
18/09/2031 03:00,0.0
18/09/2031 04:00,0.0
18/09/2031 05:00,0.0
18/09/2031 06:00,0.0
18/09/2031 07:00,0.0
18/09/2031 08:00,0.0
18/09/2031 09:00,0.0
18/09/2031 10:00,0.0
18/09/2031 11:00,0.0
18/09/2031 12:00,0.0
18/09/2031 13:00,0.0
18/09/2031 14:00,0.0
18/09/2031 15:00,0.0
18/09/2031 16:00,0.0
18/09/2031 17:00,0.0
18/09/2031 18:00,0.0
18/09/2031 19:00,0.0
18/09/2031 20:00,0.0
18/09/2031 21:00,0.0
18/09/2031 22:00,0.0
18/09/2031 23:00,0.0
19/09/2031 00:00,0.0
19/09/2031 01:00,0.0
19/09/2031 02:00,0.0
19/09/2031 03:00,0.0
19/09/2031 04:00,0.0
19/09/2031 05:00,0.0
19/09/2031 06:00,0.0
19/09/2031 07:00,0.0
19/09/2031 08:00,0.0
19/09/2031 09:00,0.0
19/09/2031 10:00,0.0
19/09/2031 11:00,0.0
19/09/2031 12:00,0.0
19/09/2031 13:00,0.0
19/09/2031 14:00,0.0
19/09/2031 15:00,0.0
19/09/2031 16:00,0.0
19/09/2031 17:00,0.0
19/09/2031 18:00,0.0
19/09/2031 19:00,0.0
19/09/2031 20:00,0.0
19/09/2031 21:00,0.0
19/09/2031 22:00,0.0
19/09/2031 23:00,0.0
20/09/2031 00:00,0.0
20/09/2031 01:00,0.0
20/09/2031 02:00,0.0
20/09/2031 03:00,0.0
20/09/2031 04:00,0.0
20/09/2031 05:00,0.0
20/09/2031 06:00,0.0
20/09/2031 07:00,0.0
20/09/2031 08:00,0.0
20/09/2031 09:00,0.0
20/09/2031 10:00,0.0
20/09/2031 11:00,0.0
20/09/2031 12:00,0.0
20/09/2031 13:00,0.0
20/09/2031 14:00,0.0
20/09/2031 15:00,0.0
20/09/2031 16:00,0.0
20/09/2031 17:00,0.0
20/09/2031 18:00,0.0
20/09/2031 19:00,0.0
20/09/2031 20:00,0.0
20/09/2031 21:00,0.0
20/09/2031 22:00,0.0
20/09/2031 23:00,0.0
21/09/2031 00:00,0.0
21/09/2031 01:00,0.0
21/09/2031 02:00,0.0
21/09/2031 03:00,0.0
21/09/2031 04:00,0.0
21/09/2031 05:00,0.0
21/09/2031 06:00,0.0
21/09/2031 07:00,0.0
21/09/2031 08:00,0.0
21/09/2031 09:00,0.0
21/09/2031 10:00,0.0
21/09/2031 11:00,0.0
21/09/2031 12:00,0.0
21/09/2031 13:00,0.0
21/09/2031 14:00,0.0
21/09/2031 15:00,0.0
21/09/2031 16:00,0.0
21/09/2031 17:00,0.0
21/09/2031 18:00,0.0
21/09/2031 19:00,0.0
21/09/2031 20:00,0.0
21/09/2031 21:00,0.0
21/09/2031 22:00,0.0
21/09/2031 23:00,0.0
22/09/2031 00:00,0.0
22/09/2031 01:00,0.0
22/09/2031 02:00,0.0
22/09/2031 03:00,0.0
22/09/2031 04:00,0.0
22/09/2031 05:00,0.0
22/09/2031 06:00,0.0
22/09/2031 07:00,0.0
22/09/2031 08:00,0.0
22/09/2031 09:00,0.0
22/09/2031 10:00,0.0
22/09/2031 11:00,0.0
22/09/2031 12:00,0.0
22/09/2031 13:00,0.0
22/09/2031 14:00,0.0
22/09/2031 15:00,0.0
22/09/2031 16:00,0.0
22/09/2031 17:00,0.0
22/09/2031 18:00,0.0
22/09/2031 19:00,0.0
22/09/2031 20:00,0.0
22/09/2031 21:00,0.0
22/09/2031 22:00,0.0
22/09/2031 23:00,0.0
23/09/2031 00:00,502.7277272727273
23/09/2031 01:00,0.0
23/09/2031 02:00,0.0
23/09/2031 03:00,0.0
23/09/2031 04:00,0.0
23/09/2031 05:00,0.0
23/09/2031 06:00,0.0
23/09/2031 07:00,0.0
23/09/2031 08:00,0.0
23/09/2031 09:00,0.0
23/09/2031 10:00,0.0
23/09/2031 11:00,0.0
23/09/2031 12:00,0.0
23/09/2031 13:00,0.0
23/09/2031 14:00,0.0
23/09/2031 15:00,0.0
23/09/2031 16:00,0.0
23/09/2031 17:00,0.0
23/09/2031 18:00,0.0
23/09/2031 19:00,0.0
23/09/2031 20:00,0.0
23/09/2031 21:00,0.0
23/09/2031 22:00,0.0
23/09/2031 23:00,0.0
24/09/2031 00:00,0.0
24/09/2031 01:00,0.0
24/09/2031 02:00,0.0
24/09/2031 03:00,0.0
24/09/2031 04:00,0.0
24/09/2031 05:00,0.0
24/09/2031 06:00,0.0
24/09/2031 07:00,0.0
24/09/2031 08:00,0.0
24/09/2031 09:00,0.0
24/09/2031 10:00,0.0
24/09/2031 11:00,0.0
24/09/2031 12:00,0.0
24/09/2031 13:00,85.80487589091638
24/09/2031 14:00,169.61095493864323
24/09/2031 15:00,301.91152982571714
24/09/2031 16:00,0.0
24/09/2031 17:00,0.0
24/09/2031 18:00,0.0
24/09/2031 19:00,0.0
24/09/2031 20:00,0.0
24/09/2031 21:00,0.0
24/09/2031 22:00,0.0
24/09/2031 23:00,0.0
25/09/2031 00:00,0.0
25/09/2031 01:00,0.0
25/09/2031 02:00,0.0
25/09/2031 03:00,0.0
25/09/2031 04:00,0.0
25/09/2031 05:00,0.0
25/09/2031 06:00,0.0
25/09/2031 07:00,0.0
25/09/2031 08:00,0.0
25/09/2031 09:00,0.0
25/09/2031 10:00,0.0
25/09/2031 11:00,0.0
25/09/2031 12:00,0.0
25/09/2031 13:00,0.0
25/09/2031 14:00,0.0
25/09/2031 15:00,0.0
25/09/2031 16:00,0.0
25/09/2031 17:00,0.0
25/09/2031 18:00,0.0
25/09/2031 19:00,0.0
25/09/2031 20:00,0.0
25/09/2031 21:00,0.0
25/09/2031 22:00,0.0
25/09/2031 23:00,0.0
26/09/2031 00:00,0.0
26/09/2031 01:00,0.0
26/09/2031 02:00,0.0
26/09/2031 03:00,0.0
26/09/2031 04:00,0.0
26/09/2031 05:00,0.0
26/09/2031 06:00,0.0
26/09/2031 07:00,0.0
26/09/2031 08:00,0.0
26/09/2031 09:00,0.0
26/09/2031 10:00,0.0
26/09/2031 11:00,0.0
26/09/2031 12:00,0.0
26/09/2031 13:00,0.0
26/09/2031 14:00,0.0
26/09/2031 15:00,0.0
26/09/2031 16:00,0.0
26/09/2031 17:00,0.0
26/09/2031 18:00,0.0
26/09/2031 19:00,0.0
26/09/2031 20:00,0.0
26/09/2031 21:00,0.0
26/09/2031 22:00,0.0
26/09/2031 23:00,0.0
27/09/2031 00:00,0.0
27/09/2031 01:00,0.0
27/09/2031 02:00,0.0
27/09/2031 03:00,0.0
27/09/2031 04:00,0.0
27/09/2031 05:00,0.0
27/09/2031 06:00,0.0
27/09/2031 07:00,0.0
27/09/2031 08:00,0.0
27/09/2031 09:00,0.0
27/09/2031 10:00,0.0
27/09/2031 11:00,0.0
27/09/2031 12:00,0.0
27/09/2031 13:00,0.0
27/09/2031 14:00,0.0
27/09/2031 15:00,0.0
27/09/2031 16:00,0.0
27/09/2031 17:00,0.0
27/09/2031 18:00,0.0
27/09/2031 19:00,0.0
27/09/2031 20:00,0.0
27/09/2031 21:00,0.0
27/09/2031 22:00,0.0
27/09/2031 23:00,0.0
28/09/2031 00:00,0.0
28/09/2031 01:00,0.0
28/09/2031 02:00,0.0
28/09/2031 03:00,0.0
28/09/2031 04:00,0.0
28/09/2031 05:00,0.0
28/09/2031 06:00,0.0
28/09/2031 07:00,0.0
28/09/2031 08:00,0.0
28/09/2031 09:00,0.0
28/09/2031 10:00,0.0
28/09/2031 11:00,0.0
28/09/2031 12:00,0.0
28/09/2031 13:00,0.0
28/09/2031 14:00,0.0
28/09/2031 15:00,0.0
28/09/2031 16:00,0.0
28/09/2031 17:00,0.0
28/09/2031 18:00,0.0
28/09/2031 19:00,0.0
28/09/2031 20:00,0.0
28/09/2031 21:00,0.0
28/09/2031 22:00,0.0
28/09/2031 23:00,0.0
29/09/2031 00:00,0.0
29/09/2031 01:00,0.0
29/09/2031 02:00,0.0
29/09/2031 03:00,0.0
29/09/2031 04:00,0.0
29/09/2031 05:00,0.0
29/09/2031 06:00,0.0
29/09/2031 07:00,0.0
29/09/2031 08:00,0.0
29/09/2031 09:00,0.0
29/09/2031 10:00,0.0
29/09/2031 11:00,0.0
29/09/2031 12:00,0.0
29/09/2031 13:00,0.0
29/09/2031 14:00,0.0
29/09/2031 15:00,0.0
29/09/2031 16:00,0.0
29/09/2031 17:00,0.0
29/09/2031 18:00,0.0
29/09/2031 19:00,0.0
29/09/2031 20:00,0.0
29/09/2031 21:00,0.0
29/09/2031 22:00,0.0
29/09/2031 23:00,0.0
30/09/2031 00:00,0.0
30/09/2031 01:00,0.0
30/09/2031 02:00,0.0
30/09/2031 03:00,0.0
30/09/2031 04:00,0.0
30/09/2031 05:00,0.0
30/09/2031 06:00,0.0
30/09/2031 07:00,0.0
30/09/2031 08:00,0.0
30/09/2031 09:00,0.0
30/09/2031 10:00,0.0
30/09/2031 11:00,0.0
30/09/2031 12:00,0.0
30/09/2031 13:00,0.0
30/09/2031 14:00,0.0
30/09/2031 15:00,0.0
30/09/2031 16:00,0.0
30/09/2031 17:00,0.0
30/09/2031 18:00,0.0
30/09/2031 19:00,0.0
30/09/2031 20:00,0.0
30/09/2031 21:00,0.0
30/09/2031 22:00,0.0
30/09/2031 23:00,0.0
01/10/2031 00:00,0.0
01/10/2031 01:00,0.0
01/10/2031 02:00,0.0
01/10/2031 03:00,0.0
01/10/2031 04:00,0.0
01/10/2031 05:00,0.0
01/10/2031 06:00,0.0
01/10/2031 07:00,0.0
01/10/2031 08:00,0.0
01/10/2031 09:00,0.0
01/10/2031 10:00,0.0
01/10/2031 11:00,0.0
01/10/2031 12:00,0.0
01/10/2031 13:00,0.0
01/10/2031 14:00,0.0
01/10/2031 15:00,0.0
01/10/2031 16:00,0.0
01/10/2031 17:00,0.0
01/10/2031 18:00,0.0
01/10/2031 19:00,0.0
01/10/2031 20:00,0.0
01/10/2031 21:00,0.0
01/10/2031 22:00,0.0
01/10/2031 23:00,0.0
02/10/2031 00:00,0.0
02/10/2031 01:00,0.0
02/10/2031 02:00,0.0
02/10/2031 03:00,0.0
02/10/2031 04:00,0.0
02/10/2031 05:00,0.0
02/10/2031 06:00,0.0
02/10/2031 07:00,0.0
02/10/2031 08:00,0.0
02/10/2031 09:00,0.0
02/10/2031 10:00,0.0
02/10/2031 11:00,0.0
02/10/2031 12:00,0.0
02/10/2031 13:00,0.0
02/10/2031 14:00,0.0
02/10/2031 15:00,0.0
02/10/2031 16:00,0.0
02/10/2031 17:00,0.0
02/10/2031 18:00,0.0
02/10/2031 19:00,0.0
02/10/2031 20:00,0.0
02/10/2031 21:00,0.0
02/10/2031 22:00,0.0
02/10/2031 23:00,0.0
03/10/2031 00:00,0.0
03/10/2031 01:00,0.0
03/10/2031 02:00,0.0
03/10/2031 03:00,0.0
03/10/2031 04:00,0.0
03/10/2031 05:00,0.0
03/10/2031 06:00,0.0
03/10/2031 07:00,0.0
03/10/2031 08:00,0.0
03/10/2031 09:00,0.0
03/10/2031 10:00,0.0
03/10/2031 11:00,0.0
03/10/2031 12:00,0.0
03/10/2031 13:00,0.0
03/10/2031 14:00,0.0
03/10/2031 15:00,0.0
03/10/2031 16:00,0.0
03/10/2031 17:00,0.0
03/10/2031 18:00,0.0
03/10/2031 19:00,0.0
03/10/2031 20:00,0.0
03/10/2031 21:00,0.0
03/10/2031 22:00,0.0
03/10/2031 23:00,0.0
04/10/2031 00:00,0.0
04/10/2031 01:00,0.0
04/10/2031 02:00,0.0
04/10/2031 03:00,0.0
04/10/2031 04:00,0.0
04/10/2031 05:00,0.0
04/10/2031 06:00,0.0
04/10/2031 07:00,0.0
04/10/2031 08:00,0.0
04/10/2031 09:00,0.0
04/10/2031 10:00,0.0
04/10/2031 11:00,0.0
04/10/2031 12:00,0.0
04/10/2031 13:00,0.0
04/10/2031 14:00,0.0
04/10/2031 15:00,0.0
04/10/2031 16:00,0.0
04/10/2031 17:00,0.0
04/10/2031 18:00,0.0
04/10/2031 19:00,0.0
04/10/2031 20:00,0.0
04/10/2031 21:00,0.0
04/10/2031 22:00,0.0
04/10/2031 23:00,0.0
05/10/2031 00:00,0.0
05/10/2031 01:00,0.0
05/10/2031 02:00,0.0
05/10/2031 03:00,0.0
05/10/2031 04:00,0.0
05/10/2031 05:00,0.0
05/10/2031 06:00,0.0
05/10/2031 07:00,0.0
05/10/2031 08:00,0.0
05/10/2031 09:00,0.0
05/10/2031 10:00,0.0
05/10/2031 11:00,279.12320333274835
05/10/2031 12:00,502.7277272727273
05/10/2031 13:00,502.7277272727273
05/10/2031 14:00,231.9377715996645
05/10/2031 15:00,502.7277272727273
05/10/2031 16:00,502.7277272727273
05/10/2031 17:00,229.24896043244735
05/10/2031 18:00,0.0
05/10/2031 19:00,0.0
05/10/2031 20:00,0.0
05/10/2031 21:00,0.0
05/10/2031 22:00,0.0
05/10/2031 23:00,0.0
06/10/2031 00:00,71.2988391000065
06/10/2031 01:00,103.71631634830602
06/10/2031 02:00,279.8086025106689
06/10/2031 03:00,0.0
06/10/2031 04:00,0.0
06/10/2031 05:00,0.0
06/10/2031 06:00,0.0
06/10/2031 07:00,0.0
06/10/2031 08:00,0.0
06/10/2031 09:00,4.652056687089772
06/10/2031 10:00,0.0
06/10/2031 11:00,62.06104803177656
06/10/2031 12:00,0.0
06/10/2031 13:00,0.0
06/10/2031 14:00,0.0
06/10/2031 15:00,502.7277272727273
06/10/2031 16:00,0.0
06/10/2031 17:00,0.0
06/10/2031 18:00,0.0
06/10/2031 19:00,0.0
06/10/2031 20:00,0.0
06/10/2031 21:00,0.0
06/10/2031 22:00,0.0
06/10/2031 23:00,0.0
07/10/2031 00:00,0.0
07/10/2031 01:00,0.0
07/10/2031 02:00,0.0
07/10/2031 03:00,0.0
07/10/2031 04:00,0.0
07/10/2031 05:00,0.0
07/10/2031 06:00,0.0
07/10/2031 07:00,0.0
07/10/2031 08:00,0.0
07/10/2031 09:00,0.0
07/10/2031 10:00,0.0
07/10/2031 11:00,0.0
07/10/2031 12:00,0.0
07/10/2031 13:00,0.0
07/10/2031 14:00,0.0
07/10/2031 15:00,0.0
07/10/2031 16:00,0.0
07/10/2031 17:00,0.0
07/10/2031 18:00,0.0
07/10/2031 19:00,0.0
07/10/2031 20:00,0.0
07/10/2031 21:00,0.0
07/10/2031 22:00,0.0
07/10/2031 23:00,0.0
08/10/2031 00:00,0.0
08/10/2031 01:00,0.0
08/10/2031 02:00,0.0
08/10/2031 03:00,0.0
08/10/2031 04:00,0.0
08/10/2031 05:00,0.0
08/10/2031 06:00,0.0
08/10/2031 07:00,0.0
08/10/2031 08:00,0.0
08/10/2031 09:00,0.0
08/10/2031 10:00,0.0
08/10/2031 11:00,0.0
08/10/2031 12:00,0.0
08/10/2031 13:00,0.0
08/10/2031 14:00,0.0
08/10/2031 15:00,0.0
08/10/2031 16:00,0.0
08/10/2031 17:00,0.0
08/10/2031 18:00,0.0
08/10/2031 19:00,0.0
08/10/2031 20:00,0.0
08/10/2031 21:00,0.0
08/10/2031 22:00,0.0
08/10/2031 23:00,0.0
09/10/2031 00:00,0.0
09/10/2031 01:00,0.0
09/10/2031 02:00,0.0
09/10/2031 03:00,0.0
09/10/2031 04:00,0.0
09/10/2031 05:00,0.0
09/10/2031 06:00,0.0
09/10/2031 07:00,0.0
09/10/2031 08:00,0.0
09/10/2031 09:00,0.0
09/10/2031 10:00,0.0
09/10/2031 11:00,0.0
09/10/2031 12:00,0.0
09/10/2031 13:00,0.0
09/10/2031 14:00,0.0
09/10/2031 15:00,0.0
09/10/2031 16:00,0.0
09/10/2031 17:00,0.0
09/10/2031 18:00,0.0
09/10/2031 19:00,0.0
09/10/2031 20:00,0.0
09/10/2031 21:00,0.0
09/10/2031 22:00,0.0
09/10/2031 23:00,0.0
10/10/2031 00:00,0.0
10/10/2031 01:00,0.0
10/10/2031 02:00,0.0
10/10/2031 03:00,0.0
10/10/2031 04:00,0.0
10/10/2031 05:00,0.0
10/10/2031 06:00,0.0
10/10/2031 07:00,0.0
10/10/2031 08:00,0.0
10/10/2031 09:00,0.0
10/10/2031 10:00,0.0
10/10/2031 11:00,0.0
10/10/2031 12:00,0.0
10/10/2031 13:00,0.0
10/10/2031 14:00,0.0
10/10/2031 15:00,0.0
10/10/2031 16:00,0.0
10/10/2031 17:00,0.0
10/10/2031 18:00,0.0
10/10/2031 19:00,0.0
10/10/2031 20:00,0.0
10/10/2031 21:00,0.0
10/10/2031 22:00,0.0
10/10/2031 23:00,0.0
11/10/2031 00:00,0.0
11/10/2031 01:00,0.0
11/10/2031 02:00,0.0
11/10/2031 03:00,0.0
11/10/2031 04:00,0.0
11/10/2031 05:00,0.0
11/10/2031 06:00,0.0
11/10/2031 07:00,0.0
11/10/2031 08:00,0.0
11/10/2031 09:00,0.0
11/10/2031 10:00,0.0
11/10/2031 11:00,0.0
11/10/2031 12:00,0.0
11/10/2031 13:00,0.0
11/10/2031 14:00,0.0
11/10/2031 15:00,0.0
11/10/2031 16:00,0.0
11/10/2031 17:00,0.0
11/10/2031 18:00,0.0
11/10/2031 19:00,0.0
11/10/2031 20:00,0.0
11/10/2031 21:00,0.0
11/10/2031 22:00,0.0
11/10/2031 23:00,0.0
12/10/2031 00:00,0.0
12/10/2031 01:00,0.0
12/10/2031 02:00,0.0
12/10/2031 03:00,0.0
12/10/2031 04:00,0.0
12/10/2031 05:00,0.0
12/10/2031 06:00,0.0
12/10/2031 07:00,0.0
12/10/2031 08:00,0.0
12/10/2031 09:00,0.0
12/10/2031 10:00,0.0
12/10/2031 11:00,174.54391206741818
12/10/2031 12:00,292.7446135308702
12/10/2031 13:00,502.7277272727273
12/10/2031 14:00,327.0391112910191
12/10/2031 15:00,389.66387611116477
12/10/2031 16:00,266.59639606030396
12/10/2031 17:00,0.0
12/10/2031 18:00,0.0
12/10/2031 19:00,0.0
12/10/2031 20:00,0.0
12/10/2031 21:00,0.0
12/10/2031 22:00,0.0
12/10/2031 23:00,0.0
13/10/2031 00:00,0.0
13/10/2031 01:00,0.0
13/10/2031 02:00,0.0
13/10/2031 03:00,0.0
13/10/2031 04:00,113.87418280925198
13/10/2031 05:00,0.0
13/10/2031 06:00,502.7277272727273
13/10/2031 07:00,0.0
13/10/2031 08:00,133.26103551170831
13/10/2031 09:00,0.0
13/10/2031 10:00,502.7277272727273
13/10/2031 11:00,502.7277272727273
13/10/2031 12:00,502.7277272727273
13/10/2031 13:00,502.7277272727273
13/10/2031 14:00,502.7277272727273
13/10/2031 15:00,502.7277272727273
13/10/2031 16:00,502.7277272727273
13/10/2031 17:00,502.7277272727273
13/10/2031 18:00,0.0
13/10/2031 19:00,0.0
13/10/2031 20:00,0.0
13/10/2031 21:00,0.0
13/10/2031 22:00,0.0
13/10/2031 23:00,0.0
14/10/2031 00:00,0.0
14/10/2031 01:00,0.0
14/10/2031 02:00,0.0
14/10/2031 03:00,0.0
14/10/2031 04:00,0.0
14/10/2031 05:00,0.0
14/10/2031 06:00,0.0
14/10/2031 07:00,0.0
14/10/2031 08:00,0.0
14/10/2031 09:00,0.0
14/10/2031 10:00,136.298563545421
14/10/2031 11:00,0.0
14/10/2031 12:00,502.7277272727273
14/10/2031 13:00,502.7277272727273
14/10/2031 14:00,0.0
14/10/2031 15:00,221.15841284580782
14/10/2031 16:00,0.0
14/10/2031 17:00,0.0
14/10/2031 18:00,0.0
14/10/2031 19:00,0.0
14/10/2031 20:00,0.0
14/10/2031 21:00,0.0
14/10/2031 22:00,0.0
14/10/2031 23:00,0.0
15/10/2031 00:00,0.0
15/10/2031 01:00,0.0
15/10/2031 02:00,0.0
15/10/2031 03:00,0.0
15/10/2031 04:00,0.0
15/10/2031 05:00,0.0
15/10/2031 06:00,0.0
15/10/2031 07:00,0.0
15/10/2031 08:00,0.0
15/10/2031 09:00,0.0
15/10/2031 10:00,0.0
15/10/2031 11:00,0.0
15/10/2031 12:00,0.0
15/10/2031 13:00,0.0
15/10/2031 14:00,0.0
15/10/2031 15:00,0.0
15/10/2031 16:00,0.0
15/10/2031 17:00,0.0
15/10/2031 18:00,0.0
15/10/2031 19:00,0.0
15/10/2031 20:00,0.0
15/10/2031 21:00,0.0
15/10/2031 22:00,0.0
15/10/2031 23:00,0.0
16/10/2031 00:00,0.0
16/10/2031 01:00,0.0
16/10/2031 02:00,0.0
16/10/2031 03:00,0.0
16/10/2031 04:00,0.0
16/10/2031 05:00,0.0
16/10/2031 06:00,0.0
16/10/2031 07:00,0.0
16/10/2031 08:00,0.0
16/10/2031 09:00,0.0
16/10/2031 10:00,0.0
16/10/2031 11:00,0.0
16/10/2031 12:00,0.0
16/10/2031 13:00,0.0
16/10/2031 14:00,0.0
16/10/2031 15:00,0.0
16/10/2031 16:00,0.0
16/10/2031 17:00,0.0
16/10/2031 18:00,0.0
16/10/2031 19:00,0.0
16/10/2031 20:00,0.0
16/10/2031 21:00,0.0
16/10/2031 22:00,0.0
16/10/2031 23:00,0.0
17/10/2031 00:00,0.0
17/10/2031 01:00,0.0
17/10/2031 02:00,0.0
17/10/2031 03:00,0.0
17/10/2031 04:00,0.0
17/10/2031 05:00,0.0
17/10/2031 06:00,0.0
17/10/2031 07:00,0.0
17/10/2031 08:00,0.0
17/10/2031 09:00,0.0
17/10/2031 10:00,0.0
17/10/2031 11:00,0.0
17/10/2031 12:00,0.0
17/10/2031 13:00,0.0
17/10/2031 14:00,0.0
17/10/2031 15:00,0.0
17/10/2031 16:00,0.0
17/10/2031 17:00,0.0
17/10/2031 18:00,0.0
17/10/2031 19:00,0.0
17/10/2031 20:00,0.0
17/10/2031 21:00,0.0
17/10/2031 22:00,0.0
17/10/2031 23:00,0.0
18/10/2031 00:00,0.0
18/10/2031 01:00,0.0
18/10/2031 02:00,0.0
18/10/2031 03:00,0.0
18/10/2031 04:00,0.0
18/10/2031 05:00,0.0
18/10/2031 06:00,0.0
18/10/2031 07:00,0.0
18/10/2031 08:00,0.0
18/10/2031 09:00,0.0
18/10/2031 10:00,0.0
18/10/2031 11:00,0.0
18/10/2031 12:00,0.0
18/10/2031 13:00,0.0
18/10/2031 14:00,0.0
18/10/2031 15:00,0.0
18/10/2031 16:00,0.0
18/10/2031 17:00,0.0
18/10/2031 18:00,0.0
18/10/2031 19:00,0.0
18/10/2031 20:00,0.0
18/10/2031 21:00,0.0
18/10/2031 22:00,0.0
18/10/2031 23:00,0.0
19/10/2031 00:00,0.0
19/10/2031 01:00,0.0
19/10/2031 02:00,0.0
19/10/2031 03:00,0.0
19/10/2031 04:00,0.0
19/10/2031 05:00,0.0
19/10/2031 06:00,0.0
19/10/2031 07:00,0.0
19/10/2031 08:00,0.0
19/10/2031 09:00,0.0
19/10/2031 10:00,0.0
19/10/2031 11:00,0.0
19/10/2031 12:00,0.0
19/10/2031 13:00,0.0
19/10/2031 14:00,0.0
19/10/2031 15:00,0.0
19/10/2031 16:00,0.0
19/10/2031 17:00,0.0
19/10/2031 18:00,0.0
19/10/2031 19:00,0.0
19/10/2031 20:00,0.0
19/10/2031 21:00,0.0
19/10/2031 22:00,0.0
19/10/2031 23:00,0.0
20/10/2031 00:00,0.0
20/10/2031 01:00,0.0
20/10/2031 02:00,0.0
20/10/2031 03:00,0.0
20/10/2031 04:00,0.0
20/10/2031 05:00,0.0
20/10/2031 06:00,0.0
20/10/2031 07:00,0.0
20/10/2031 08:00,0.0
20/10/2031 09:00,0.0
20/10/2031 10:00,0.0
20/10/2031 11:00,0.0
20/10/2031 12:00,0.0
20/10/2031 13:00,0.0
20/10/2031 14:00,0.0
20/10/2031 15:00,0.0
20/10/2031 16:00,0.0
20/10/2031 17:00,0.0
20/10/2031 18:00,0.0
20/10/2031 19:00,0.0
20/10/2031 20:00,0.0
20/10/2031 21:00,0.0
20/10/2031 22:00,0.0
20/10/2031 23:00,0.0
21/10/2031 00:00,502.7277272727273
21/10/2031 01:00,0.0
21/10/2031 02:00,0.0
21/10/2031 03:00,0.0
21/10/2031 04:00,0.0
21/10/2031 05:00,0.0
21/10/2031 06:00,0.0
21/10/2031 07:00,0.0
21/10/2031 08:00,0.0
21/10/2031 09:00,0.0
21/10/2031 10:00,0.0
21/10/2031 11:00,0.0
21/10/2031 12:00,0.0
21/10/2031 13:00,0.0
21/10/2031 14:00,0.0
21/10/2031 15:00,0.0
21/10/2031 16:00,0.0
21/10/2031 17:00,0.0
21/10/2031 18:00,0.0
21/10/2031 19:00,0.0
21/10/2031 20:00,0.0
21/10/2031 21:00,0.0
21/10/2031 22:00,0.0
21/10/2031 23:00,0.0
22/10/2031 00:00,0.0
22/10/2031 01:00,0.0
22/10/2031 02:00,0.0
22/10/2031 03:00,0.0
22/10/2031 04:00,0.0
22/10/2031 05:00,0.0
22/10/2031 06:00,0.0
22/10/2031 07:00,0.0
22/10/2031 08:00,0.0
22/10/2031 09:00,0.0
22/10/2031 10:00,0.0
22/10/2031 11:00,366.6653814083759
22/10/2031 12:00,502.7277272727273
22/10/2031 13:00,502.7277272727273
22/10/2031 14:00,502.7277272727273
22/10/2031 15:00,502.7277272727273
22/10/2031 16:00,301.21103678427085
22/10/2031 17:00,0.0
22/10/2031 18:00,0.0
22/10/2031 19:00,0.0
22/10/2031 20:00,0.0
22/10/2031 21:00,0.0
22/10/2031 22:00,0.0
22/10/2031 23:00,0.0
23/10/2031 00:00,0.0
23/10/2031 01:00,0.0
23/10/2031 02:00,0.0
23/10/2031 03:00,0.0
23/10/2031 04:00,0.0
23/10/2031 05:00,0.0
23/10/2031 06:00,0.0
23/10/2031 07:00,0.0
23/10/2031 08:00,0.0
23/10/2031 09:00,0.0
23/10/2031 10:00,0.0
23/10/2031 11:00,0.0
23/10/2031 12:00,0.0
23/10/2031 13:00,0.0
23/10/2031 14:00,0.0
23/10/2031 15:00,0.0
23/10/2031 16:00,0.0
23/10/2031 17:00,0.0
23/10/2031 18:00,0.0
23/10/2031 19:00,0.0
23/10/2031 20:00,0.0
23/10/2031 21:00,0.0
23/10/2031 22:00,0.0
23/10/2031 23:00,0.0
24/10/2031 00:00,0.0
24/10/2031 01:00,0.0
24/10/2031 02:00,0.0
24/10/2031 03:00,0.0
24/10/2031 04:00,0.0
24/10/2031 05:00,0.0
24/10/2031 06:00,0.0
24/10/2031 07:00,0.0
24/10/2031 08:00,0.0
24/10/2031 09:00,0.0
24/10/2031 10:00,0.0
24/10/2031 11:00,0.0
24/10/2031 12:00,0.0
24/10/2031 13:00,0.0
24/10/2031 14:00,0.0
24/10/2031 15:00,0.0
24/10/2031 16:00,0.0
24/10/2031 17:00,0.0
24/10/2031 18:00,0.0
24/10/2031 19:00,0.0
24/10/2031 20:00,0.0
24/10/2031 21:00,0.0
24/10/2031 22:00,0.0
24/10/2031 23:00,0.0
25/10/2031 00:00,0.0
25/10/2031 01:00,0.0
25/10/2031 02:00,0.0
25/10/2031 03:00,0.0
25/10/2031 04:00,0.0
25/10/2031 05:00,0.0
25/10/2031 06:00,0.0
25/10/2031 07:00,0.0
25/10/2031 08:00,0.0
25/10/2031 09:00,0.0
25/10/2031 10:00,0.0
25/10/2031 11:00,0.0
25/10/2031 12:00,0.0
25/10/2031 13:00,0.0
25/10/2031 14:00,0.0
25/10/2031 15:00,0.0
25/10/2031 16:00,0.0
25/10/2031 17:00,0.0
25/10/2031 18:00,0.0
25/10/2031 19:00,0.0
25/10/2031 20:00,0.0
25/10/2031 21:00,0.0
25/10/2031 22:00,0.0
25/10/2031 23:00,0.0
26/10/2031 00:00,0.0
26/10/2031 01:00,0.0
26/10/2031 02:00,0.0
26/10/2031 03:00,0.0
26/10/2031 04:00,0.0
26/10/2031 05:00,0.0
26/10/2031 06:00,0.0
26/10/2031 07:00,0.0
26/10/2031 08:00,0.0
26/10/2031 09:00,0.0
26/10/2031 10:00,0.0
26/10/2031 11:00,0.0
26/10/2031 12:00,0.0
26/10/2031 13:00,0.0
26/10/2031 14:00,0.0
26/10/2031 15:00,0.0
26/10/2031 16:00,0.0
26/10/2031 17:00,0.0
26/10/2031 18:00,0.0
26/10/2031 19:00,0.0
26/10/2031 20:00,0.0
26/10/2031 21:00,0.0
26/10/2031 22:00,0.0
26/10/2031 23:00,0.0
27/10/2031 00:00,0.0
27/10/2031 01:00,0.0
27/10/2031 02:00,0.0
27/10/2031 03:00,0.0
27/10/2031 04:00,0.0
27/10/2031 05:00,0.0
27/10/2031 06:00,0.0
27/10/2031 07:00,0.0
27/10/2031 08:00,0.0
27/10/2031 09:00,0.0
27/10/2031 10:00,0.0
27/10/2031 11:00,0.0
27/10/2031 12:00,0.0
27/10/2031 13:00,0.0
27/10/2031 14:00,0.0
27/10/2031 15:00,0.0
27/10/2031 16:00,0.0
27/10/2031 17:00,0.0
27/10/2031 18:00,0.0
27/10/2031 19:00,0.0
27/10/2031 20:00,0.0
27/10/2031 21:00,0.0
27/10/2031 22:00,0.0
27/10/2031 23:00,0.0
28/10/2031 00:00,0.0
28/10/2031 01:00,0.0
28/10/2031 02:00,0.0
28/10/2031 03:00,0.0
28/10/2031 04:00,0.0
28/10/2031 05:00,0.0
28/10/2031 06:00,0.0
28/10/2031 07:00,0.0
28/10/2031 08:00,0.0
28/10/2031 09:00,0.0
28/10/2031 10:00,0.0
28/10/2031 11:00,0.0
28/10/2031 12:00,0.0
28/10/2031 13:00,0.0
28/10/2031 14:00,0.0
28/10/2031 15:00,0.0
28/10/2031 16:00,0.0
28/10/2031 17:00,0.0
28/10/2031 18:00,0.0
28/10/2031 19:00,0.0
28/10/2031 20:00,0.0
28/10/2031 21:00,0.0
28/10/2031 22:00,0.0
28/10/2031 23:00,0.0
29/10/2031 00:00,0.0
29/10/2031 01:00,0.0
29/10/2031 02:00,0.0
29/10/2031 03:00,0.0
29/10/2031 04:00,0.0
29/10/2031 05:00,0.0
29/10/2031 06:00,0.0
29/10/2031 07:00,0.0
29/10/2031 08:00,0.0
29/10/2031 09:00,0.0
29/10/2031 10:00,0.0
29/10/2031 11:00,0.0
29/10/2031 12:00,0.0
29/10/2031 13:00,0.0
29/10/2031 14:00,0.0
29/10/2031 15:00,0.0
29/10/2031 16:00,0.0
29/10/2031 17:00,0.0
29/10/2031 18:00,0.0
29/10/2031 19:00,0.0
29/10/2031 20:00,0.0
29/10/2031 21:00,0.0
29/10/2031 22:00,0.0
29/10/2031 23:00,0.0
30/10/2031 00:00,0.0
30/10/2031 01:00,0.0
30/10/2031 02:00,0.0
30/10/2031 03:00,0.0
30/10/2031 04:00,0.0
30/10/2031 05:00,0.0
30/10/2031 06:00,0.0
30/10/2031 07:00,0.0
30/10/2031 08:00,0.0
30/10/2031 09:00,0.0
30/10/2031 10:00,0.0
30/10/2031 11:00,0.0
30/10/2031 12:00,0.0
30/10/2031 13:00,0.0
30/10/2031 14:00,0.0
30/10/2031 15:00,0.0
30/10/2031 16:00,0.0
30/10/2031 17:00,0.0
30/10/2031 18:00,0.0
30/10/2031 19:00,0.0
30/10/2031 20:00,0.0
30/10/2031 21:00,0.0
30/10/2031 22:00,0.0
30/10/2031 23:00,0.0
31/10/2031 00:00,0.0
31/10/2031 01:00,0.0
31/10/2031 02:00,0.0
31/10/2031 03:00,0.0
31/10/2031 04:00,0.0
31/10/2031 05:00,0.0
31/10/2031 06:00,0.0
31/10/2031 07:00,0.0
31/10/2031 08:00,0.0
31/10/2031 09:00,0.0
31/10/2031 10:00,0.0
31/10/2031 11:00,0.0
31/10/2031 12:00,0.0
31/10/2031 13:00,0.0
31/10/2031 14:00,0.0
31/10/2031 15:00,0.0
31/10/2031 16:00,0.0
31/10/2031 17:00,0.0
31/10/2031 18:00,0.0
31/10/2031 19:00,0.0
31/10/2031 20:00,0.0
31/10/2031 21:00,0.0
31/10/2031 22:00,0.0
31/10/2031 23:00,0.0
01/11/2031 00:00,0.0
01/11/2031 01:00,0.0
01/11/2031 02:00,0.0
01/11/2031 03:00,0.0
01/11/2031 04:00,0.0
01/11/2031 05:00,0.0
01/11/2031 06:00,0.0
01/11/2031 07:00,0.0
01/11/2031 08:00,0.0
01/11/2031 09:00,0.0
01/11/2031 10:00,0.0
01/11/2031 11:00,0.0
01/11/2031 12:00,0.0
01/11/2031 13:00,0.0
01/11/2031 14:00,0.0
01/11/2031 15:00,0.0
01/11/2031 16:00,0.0
01/11/2031 17:00,0.0
01/11/2031 18:00,0.0
01/11/2031 19:00,0.0
01/11/2031 20:00,0.0
01/11/2031 21:00,0.0
01/11/2031 22:00,0.0
01/11/2031 23:00,0.0
02/11/2031 00:00,0.0
02/11/2031 01:00,0.0
02/11/2031 02:00,0.0
02/11/2031 03:00,0.0
02/11/2031 04:00,0.0
02/11/2031 05:00,0.0
02/11/2031 06:00,0.0
02/11/2031 07:00,0.0
02/11/2031 08:00,0.0
02/11/2031 09:00,0.0
02/11/2031 10:00,0.0
02/11/2031 11:00,0.0
02/11/2031 12:00,0.0
02/11/2031 13:00,0.0
02/11/2031 14:00,0.0
02/11/2031 15:00,0.0
02/11/2031 16:00,0.0
02/11/2031 17:00,0.0
02/11/2031 18:00,0.0
02/11/2031 19:00,0.0
02/11/2031 20:00,0.0
02/11/2031 21:00,0.0
02/11/2031 22:00,0.0
02/11/2031 23:00,0.0
03/11/2031 00:00,0.0
03/11/2031 01:00,0.0
03/11/2031 02:00,0.0
03/11/2031 03:00,0.0
03/11/2031 04:00,0.0
03/11/2031 05:00,0.0
03/11/2031 06:00,0.0
03/11/2031 07:00,0.0
03/11/2031 08:00,0.0
03/11/2031 09:00,0.0
03/11/2031 10:00,0.0
03/11/2031 11:00,0.0
03/11/2031 12:00,0.0
03/11/2031 13:00,0.0
03/11/2031 14:00,0.0
03/11/2031 15:00,0.0
03/11/2031 16:00,0.0
03/11/2031 17:00,0.0
03/11/2031 18:00,0.0
03/11/2031 19:00,0.0
03/11/2031 20:00,0.0
03/11/2031 21:00,0.0
03/11/2031 22:00,0.0
03/11/2031 23:00,0.0
04/11/2031 00:00,0.0
04/11/2031 01:00,0.0
04/11/2031 02:00,0.0
04/11/2031 03:00,0.0
04/11/2031 04:00,0.0
04/11/2031 05:00,0.0
04/11/2031 06:00,0.0
04/11/2031 07:00,0.0
04/11/2031 08:00,0.0
04/11/2031 09:00,0.0
04/11/2031 10:00,0.0
04/11/2031 11:00,0.0
04/11/2031 12:00,0.0
04/11/2031 13:00,0.0
04/11/2031 14:00,0.0
04/11/2031 15:00,0.0
04/11/2031 16:00,0.0
04/11/2031 17:00,0.0
04/11/2031 18:00,0.0
04/11/2031 19:00,0.0
04/11/2031 20:00,0.0
04/11/2031 21:00,0.0
04/11/2031 22:00,0.0
04/11/2031 23:00,0.0
05/11/2031 00:00,0.0
05/11/2031 01:00,0.0
05/11/2031 02:00,0.0
05/11/2031 03:00,0.0
05/11/2031 04:00,0.0
05/11/2031 05:00,0.0
05/11/2031 06:00,0.0
05/11/2031 07:00,0.0
05/11/2031 08:00,0.0
05/11/2031 09:00,0.0
05/11/2031 10:00,0.0
05/11/2031 11:00,0.0
05/11/2031 12:00,0.0
05/11/2031 13:00,0.0
05/11/2031 14:00,0.0
05/11/2031 15:00,0.0
05/11/2031 16:00,0.0
05/11/2031 17:00,0.0
05/11/2031 18:00,0.0
05/11/2031 19:00,0.0
05/11/2031 20:00,0.0
05/11/2031 21:00,0.0
05/11/2031 22:00,0.0
05/11/2031 23:00,0.0
06/11/2031 00:00,0.0
06/11/2031 01:00,0.0
06/11/2031 02:00,0.0
06/11/2031 03:00,0.0
06/11/2031 04:00,0.0
06/11/2031 05:00,0.0
06/11/2031 06:00,0.0
06/11/2031 07:00,0.0
06/11/2031 08:00,0.0
06/11/2031 09:00,0.0
06/11/2031 10:00,0.0
06/11/2031 11:00,0.0
06/11/2031 12:00,0.0
06/11/2031 13:00,0.0
06/11/2031 14:00,0.0
06/11/2031 15:00,375.64830384069495
06/11/2031 16:00,189.97862948186878
06/11/2031 17:00,0.0
06/11/2031 18:00,0.0
06/11/2031 19:00,0.0
06/11/2031 20:00,0.0
06/11/2031 21:00,0.0
06/11/2031 22:00,0.0
06/11/2031 23:00,0.0
07/11/2031 00:00,160.78208496609327
07/11/2031 01:00,0.0
07/11/2031 02:00,0.0
07/11/2031 03:00,0.0
07/11/2031 04:00,0.0
07/11/2031 05:00,0.0
07/11/2031 06:00,176.80336313726033
07/11/2031 07:00,0.0
07/11/2031 08:00,0.0
07/11/2031 09:00,0.0
07/11/2031 10:00,0.0
07/11/2031 11:00,0.0
07/11/2031 12:00,0.0
07/11/2031 13:00,0.0
07/11/2031 14:00,0.0
07/11/2031 15:00,502.7277272727273
07/11/2031 16:00,368.05912679131904
07/11/2031 17:00,0.0
07/11/2031 18:00,0.0
07/11/2031 19:00,0.0
07/11/2031 20:00,0.0
07/11/2031 21:00,0.0
07/11/2031 22:00,0.0
07/11/2031 23:00,0.0
08/11/2031 00:00,0.0
08/11/2031 01:00,274.2394139910683
08/11/2031 02:00,0.0
08/11/2031 03:00,0.0
08/11/2031 04:00,0.0
08/11/2031 05:00,0.0
08/11/2031 06:00,0.0
08/11/2031 07:00,0.0
08/11/2031 08:00,0.0
08/11/2031 09:00,0.0
08/11/2031 10:00,0.0
08/11/2031 11:00,0.0
08/11/2031 12:00,0.0
08/11/2031 13:00,0.0
08/11/2031 14:00,0.0
08/11/2031 15:00,0.0
08/11/2031 16:00,0.0
08/11/2031 17:00,0.0
08/11/2031 18:00,0.0
08/11/2031 19:00,0.0
08/11/2031 20:00,0.0
08/11/2031 21:00,0.0
08/11/2031 22:00,0.0
08/11/2031 23:00,0.0
09/11/2031 00:00,0.0
09/11/2031 01:00,0.0
09/11/2031 02:00,0.0
09/11/2031 03:00,0.0
09/11/2031 04:00,0.0
09/11/2031 05:00,0.0
09/11/2031 06:00,0.0
09/11/2031 07:00,0.0
09/11/2031 08:00,0.0
09/11/2031 09:00,0.0
09/11/2031 10:00,0.0
09/11/2031 11:00,0.0
09/11/2031 12:00,0.0
09/11/2031 13:00,0.0
09/11/2031 14:00,0.0
09/11/2031 15:00,0.0
09/11/2031 16:00,0.0
09/11/2031 17:00,0.0
09/11/2031 18:00,0.0
09/11/2031 19:00,0.0
09/11/2031 20:00,0.0
09/11/2031 21:00,0.0
09/11/2031 22:00,0.0
09/11/2031 23:00,0.0
10/11/2031 00:00,0.0
10/11/2031 01:00,0.0
10/11/2031 02:00,0.0
10/11/2031 03:00,0.0
10/11/2031 04:00,0.0
10/11/2031 05:00,0.0
10/11/2031 06:00,0.0
10/11/2031 07:00,0.0
10/11/2031 08:00,0.0
10/11/2031 09:00,0.0
10/11/2031 10:00,0.0
10/11/2031 11:00,0.0
10/11/2031 12:00,0.0
10/11/2031 13:00,0.0
10/11/2031 14:00,0.0
10/11/2031 15:00,0.0
10/11/2031 16:00,0.0
10/11/2031 17:00,0.0
10/11/2031 18:00,0.0
10/11/2031 19:00,0.0
10/11/2031 20:00,0.0
10/11/2031 21:00,0.0
10/11/2031 22:00,0.0
10/11/2031 23:00,0.0
11/11/2031 00:00,0.0
11/11/2031 01:00,0.0
11/11/2031 02:00,0.0
11/11/2031 03:00,0.0
11/11/2031 04:00,0.0
11/11/2031 05:00,0.0
11/11/2031 06:00,0.0
11/11/2031 07:00,0.0
11/11/2031 08:00,0.0
11/11/2031 09:00,0.0
11/11/2031 10:00,0.0
11/11/2031 11:00,0.0
11/11/2031 12:00,0.0
11/11/2031 13:00,0.0
11/11/2031 14:00,0.0
11/11/2031 15:00,0.0
11/11/2031 16:00,0.0
11/11/2031 17:00,0.0
11/11/2031 18:00,0.0
11/11/2031 19:00,0.0
11/11/2031 20:00,0.0
11/11/2031 21:00,0.0
11/11/2031 22:00,0.0
11/11/2031 23:00,0.0
12/11/2031 00:00,0.0
12/11/2031 01:00,0.0
12/11/2031 02:00,0.0
12/11/2031 03:00,0.0
12/11/2031 04:00,0.0
12/11/2031 05:00,0.0
12/11/2031 06:00,0.0
12/11/2031 07:00,0.0
12/11/2031 08:00,0.0
12/11/2031 09:00,0.0
12/11/2031 10:00,0.0
12/11/2031 11:00,0.0
12/11/2031 12:00,0.0
12/11/2031 13:00,0.0
12/11/2031 14:00,0.0
12/11/2031 15:00,0.0
12/11/2031 16:00,0.0
12/11/2031 17:00,0.0
12/11/2031 18:00,0.0
12/11/2031 19:00,0.0
12/11/2031 20:00,0.0
12/11/2031 21:00,0.0
12/11/2031 22:00,0.0
12/11/2031 23:00,0.0
13/11/2031 00:00,0.0
13/11/2031 01:00,0.0
13/11/2031 02:00,0.0
13/11/2031 03:00,0.0
13/11/2031 04:00,0.0
13/11/2031 05:00,0.0
13/11/2031 06:00,0.0
13/11/2031 07:00,0.0
13/11/2031 08:00,0.0
13/11/2031 09:00,0.0
13/11/2031 10:00,0.0
13/11/2031 11:00,0.0
13/11/2031 12:00,0.0
13/11/2031 13:00,0.0
13/11/2031 14:00,0.0
13/11/2031 15:00,0.0
13/11/2031 16:00,0.0
13/11/2031 17:00,0.0
13/11/2031 18:00,0.0
13/11/2031 19:00,0.0
13/11/2031 20:00,0.0
13/11/2031 21:00,0.0
13/11/2031 22:00,0.0
13/11/2031 23:00,0.0
14/11/2031 00:00,0.0
14/11/2031 01:00,0.0
14/11/2031 02:00,0.0
14/11/2031 03:00,0.0
14/11/2031 04:00,0.0
14/11/2031 05:00,0.0
14/11/2031 06:00,0.0
14/11/2031 07:00,0.0
14/11/2031 08:00,0.0
14/11/2031 09:00,0.0
14/11/2031 10:00,0.0
14/11/2031 11:00,0.0
14/11/2031 12:00,0.0
14/11/2031 13:00,0.0
14/11/2031 14:00,0.0
14/11/2031 15:00,0.0
14/11/2031 16:00,0.0
14/11/2031 17:00,0.0
14/11/2031 18:00,0.0
14/11/2031 19:00,0.0
14/11/2031 20:00,0.0
14/11/2031 21:00,0.0
14/11/2031 22:00,0.0
14/11/2031 23:00,0.0
15/11/2031 00:00,0.0
15/11/2031 01:00,0.0
15/11/2031 02:00,0.0
15/11/2031 03:00,0.0
15/11/2031 04:00,0.0
15/11/2031 05:00,0.0
15/11/2031 06:00,0.0
15/11/2031 07:00,0.0
15/11/2031 08:00,0.0
15/11/2031 09:00,0.0
15/11/2031 10:00,0.0
15/11/2031 11:00,0.0
15/11/2031 12:00,305.0646970065327
15/11/2031 13:00,297.8951307354954
15/11/2031 14:00,291.6923801096681
15/11/2031 15:00,189.88853680265785
15/11/2031 16:00,0.0
15/11/2031 17:00,0.0
15/11/2031 18:00,0.0
15/11/2031 19:00,0.0
15/11/2031 20:00,0.0
15/11/2031 21:00,0.0
15/11/2031 22:00,0.0
15/11/2031 23:00,0.0
16/11/2031 00:00,0.0
16/11/2031 01:00,0.0
16/11/2031 02:00,0.0
16/11/2031 03:00,0.0
16/11/2031 04:00,0.0
16/11/2031 05:00,0.0
16/11/2031 06:00,0.0
16/11/2031 07:00,0.0
16/11/2031 08:00,0.0
16/11/2031 09:00,0.0
16/11/2031 10:00,0.0
16/11/2031 11:00,0.0
16/11/2031 12:00,0.0
16/11/2031 13:00,0.0
16/11/2031 14:00,0.0
16/11/2031 15:00,0.0
16/11/2031 16:00,0.0
16/11/2031 17:00,0.0
16/11/2031 18:00,0.0
16/11/2031 19:00,0.0
16/11/2031 20:00,0.0
16/11/2031 21:00,0.0
16/11/2031 22:00,0.0
16/11/2031 23:00,0.0
17/11/2031 00:00,0.0
17/11/2031 01:00,0.0
17/11/2031 02:00,0.0
17/11/2031 03:00,0.0
17/11/2031 04:00,0.0
17/11/2031 05:00,0.0
17/11/2031 06:00,0.0
17/11/2031 07:00,0.0
17/11/2031 08:00,0.0
17/11/2031 09:00,0.0
17/11/2031 10:00,0.0
17/11/2031 11:00,0.0
17/11/2031 12:00,0.0
17/11/2031 13:00,0.0
17/11/2031 14:00,0.0
17/11/2031 15:00,0.0
17/11/2031 16:00,0.0
17/11/2031 17:00,0.0
17/11/2031 18:00,0.0
17/11/2031 19:00,0.0
17/11/2031 20:00,0.0
17/11/2031 21:00,0.0
17/11/2031 22:00,0.0
17/11/2031 23:00,0.0
18/11/2031 00:00,0.0
18/11/2031 01:00,0.0
18/11/2031 02:00,0.0
18/11/2031 03:00,0.0
18/11/2031 04:00,0.0
18/11/2031 05:00,0.0
18/11/2031 06:00,0.0
18/11/2031 07:00,0.0
18/11/2031 08:00,0.0
18/11/2031 09:00,0.0
18/11/2031 10:00,0.0
18/11/2031 11:00,0.0
18/11/2031 12:00,0.0
18/11/2031 13:00,0.0
18/11/2031 14:00,0.0
18/11/2031 15:00,0.0
18/11/2031 16:00,0.0
18/11/2031 17:00,0.0
18/11/2031 18:00,0.0
18/11/2031 19:00,0.0
18/11/2031 20:00,0.0
18/11/2031 21:00,0.0
18/11/2031 22:00,0.0
18/11/2031 23:00,0.0
19/11/2031 00:00,0.0
19/11/2031 01:00,0.0
19/11/2031 02:00,0.0
19/11/2031 03:00,0.0
19/11/2031 04:00,0.0
19/11/2031 05:00,0.0
19/11/2031 06:00,0.0
19/11/2031 07:00,0.0
19/11/2031 08:00,0.0
19/11/2031 09:00,0.0
19/11/2031 10:00,0.0
19/11/2031 11:00,0.0
19/11/2031 12:00,0.0
19/11/2031 13:00,0.0
19/11/2031 14:00,0.0
19/11/2031 15:00,0.0
19/11/2031 16:00,0.0
19/11/2031 17:00,0.0
19/11/2031 18:00,0.0
19/11/2031 19:00,0.0
19/11/2031 20:00,0.0
19/11/2031 21:00,0.0
19/11/2031 22:00,0.0
19/11/2031 23:00,0.0
20/11/2031 00:00,0.0
20/11/2031 01:00,0.0
20/11/2031 02:00,0.0
20/11/2031 03:00,0.0
20/11/2031 04:00,0.0
20/11/2031 05:00,0.0
20/11/2031 06:00,0.0
20/11/2031 07:00,0.0
20/11/2031 08:00,0.0
20/11/2031 09:00,0.0
20/11/2031 10:00,0.0
20/11/2031 11:00,0.0
20/11/2031 12:00,0.0
20/11/2031 13:00,0.0
20/11/2031 14:00,0.0
20/11/2031 15:00,0.0
20/11/2031 16:00,0.0
20/11/2031 17:00,0.0
20/11/2031 18:00,0.0
20/11/2031 19:00,0.0
20/11/2031 20:00,0.0
20/11/2031 21:00,0.0
20/11/2031 22:00,0.0
20/11/2031 23:00,0.0
21/11/2031 00:00,0.0
21/11/2031 01:00,0.0
21/11/2031 02:00,0.0
21/11/2031 03:00,0.0
21/11/2031 04:00,0.0
21/11/2031 05:00,0.0
21/11/2031 06:00,0.0
21/11/2031 07:00,0.0
21/11/2031 08:00,0.0
21/11/2031 09:00,0.0
21/11/2031 10:00,0.0
21/11/2031 11:00,0.0
21/11/2031 12:00,0.0
21/11/2031 13:00,0.0
21/11/2031 14:00,0.0
21/11/2031 15:00,0.0
21/11/2031 16:00,0.0
21/11/2031 17:00,0.0
21/11/2031 18:00,0.0
21/11/2031 19:00,0.0
21/11/2031 20:00,0.0
21/11/2031 21:00,0.0
21/11/2031 22:00,0.0
21/11/2031 23:00,0.0
22/11/2031 00:00,0.0
22/11/2031 01:00,0.0
22/11/2031 02:00,0.0
22/11/2031 03:00,0.0
22/11/2031 04:00,0.0
22/11/2031 05:00,0.0
22/11/2031 06:00,0.0
22/11/2031 07:00,0.0
22/11/2031 08:00,0.0
22/11/2031 09:00,0.0
22/11/2031 10:00,0.0
22/11/2031 11:00,0.0
22/11/2031 12:00,0.0
22/11/2031 13:00,0.0
22/11/2031 14:00,0.0
22/11/2031 15:00,0.0
22/11/2031 16:00,0.0
22/11/2031 17:00,0.0
22/11/2031 18:00,0.0
22/11/2031 19:00,0.0
22/11/2031 20:00,0.0
22/11/2031 21:00,0.0
22/11/2031 22:00,0.0
22/11/2031 23:00,0.0
23/11/2031 00:00,0.0
23/11/2031 01:00,0.0
23/11/2031 02:00,0.0
23/11/2031 03:00,0.0
23/11/2031 04:00,0.0
23/11/2031 05:00,0.0
23/11/2031 06:00,0.0
23/11/2031 07:00,0.0
23/11/2031 08:00,0.0
23/11/2031 09:00,0.0
23/11/2031 10:00,0.0
23/11/2031 11:00,0.0
23/11/2031 12:00,0.0
23/11/2031 13:00,0.0
23/11/2031 14:00,0.0
23/11/2031 15:00,0.0
23/11/2031 16:00,0.0
23/11/2031 17:00,0.0
23/11/2031 18:00,0.0
23/11/2031 19:00,0.0
23/11/2031 20:00,0.0
23/11/2031 21:00,0.0
23/11/2031 22:00,0.0
23/11/2031 23:00,0.0
24/11/2031 00:00,0.0
24/11/2031 01:00,0.0
24/11/2031 02:00,0.0
24/11/2031 03:00,0.0
24/11/2031 04:00,0.0
24/11/2031 05:00,0.0
24/11/2031 06:00,0.0
24/11/2031 07:00,0.0
24/11/2031 08:00,0.0
24/11/2031 09:00,0.0
24/11/2031 10:00,0.0
24/11/2031 11:00,0.0
24/11/2031 12:00,0.0
24/11/2031 13:00,0.0
24/11/2031 14:00,0.0
24/11/2031 15:00,0.0
24/11/2031 16:00,0.0
24/11/2031 17:00,0.0
24/11/2031 18:00,0.0
24/11/2031 19:00,0.0
24/11/2031 20:00,0.0
24/11/2031 21:00,0.0
24/11/2031 22:00,0.0
24/11/2031 23:00,0.0
25/11/2031 00:00,0.0
25/11/2031 01:00,0.0
25/11/2031 02:00,0.0
25/11/2031 03:00,0.0
25/11/2031 04:00,0.0
25/11/2031 05:00,0.0
25/11/2031 06:00,0.0
25/11/2031 07:00,0.0
25/11/2031 08:00,0.0
25/11/2031 09:00,0.0
25/11/2031 10:00,0.0
25/11/2031 11:00,0.0
25/11/2031 12:00,0.0
25/11/2031 13:00,0.0
25/11/2031 14:00,0.0
25/11/2031 15:00,0.0
25/11/2031 16:00,0.0
25/11/2031 17:00,0.0
25/11/2031 18:00,0.0
25/11/2031 19:00,0.0
25/11/2031 20:00,0.0
25/11/2031 21:00,0.0
25/11/2031 22:00,0.0
25/11/2031 23:00,0.0
26/11/2031 00:00,0.0
26/11/2031 01:00,0.0
26/11/2031 02:00,0.0
26/11/2031 03:00,0.0
26/11/2031 04:00,0.0
26/11/2031 05:00,0.0
26/11/2031 06:00,0.0
26/11/2031 07:00,0.0
26/11/2031 08:00,0.0
26/11/2031 09:00,0.0
26/11/2031 10:00,0.0
26/11/2031 11:00,0.0
26/11/2031 12:00,0.0
26/11/2031 13:00,0.0
26/11/2031 14:00,0.0
26/11/2031 15:00,0.0
26/11/2031 16:00,0.0
26/11/2031 17:00,0.0
26/11/2031 18:00,0.0
26/11/2031 19:00,0.0
26/11/2031 20:00,0.0
26/11/2031 21:00,0.0
26/11/2031 22:00,0.0
26/11/2031 23:00,0.0
27/11/2031 00:00,0.0
27/11/2031 01:00,0.0
27/11/2031 02:00,0.0
27/11/2031 03:00,0.0
27/11/2031 04:00,0.0
27/11/2031 05:00,0.0
27/11/2031 06:00,0.0
27/11/2031 07:00,0.0
27/11/2031 08:00,0.0
27/11/2031 09:00,0.0
27/11/2031 10:00,0.0
27/11/2031 11:00,0.0
27/11/2031 12:00,0.0
27/11/2031 13:00,0.0
27/11/2031 14:00,0.0
27/11/2031 15:00,0.0
27/11/2031 16:00,0.0
27/11/2031 17:00,0.0
27/11/2031 18:00,0.0
27/11/2031 19:00,0.0
27/11/2031 20:00,0.0
27/11/2031 21:00,0.0
27/11/2031 22:00,0.0
27/11/2031 23:00,0.0
28/11/2031 00:00,0.0
28/11/2031 01:00,0.0
28/11/2031 02:00,0.0
28/11/2031 03:00,0.0
28/11/2031 04:00,0.0
28/11/2031 05:00,0.0
28/11/2031 06:00,0.0
28/11/2031 07:00,0.0
28/11/2031 08:00,0.0
28/11/2031 09:00,0.0
28/11/2031 10:00,0.0
28/11/2031 11:00,0.0
28/11/2031 12:00,0.0
28/11/2031 13:00,0.0
28/11/2031 14:00,0.0
28/11/2031 15:00,0.0
28/11/2031 16:00,0.0
28/11/2031 17:00,0.0
28/11/2031 18:00,0.0
28/11/2031 19:00,0.0
28/11/2031 20:00,0.0
28/11/2031 21:00,0.0
28/11/2031 22:00,0.0
28/11/2031 23:00,0.0
29/11/2031 00:00,0.0
29/11/2031 01:00,0.0
29/11/2031 02:00,0.0
29/11/2031 03:00,0.0
29/11/2031 04:00,0.0
29/11/2031 05:00,0.0
29/11/2031 06:00,0.0
29/11/2031 07:00,0.0
29/11/2031 08:00,0.0
29/11/2031 09:00,0.0
29/11/2031 10:00,0.0
29/11/2031 11:00,0.0
29/11/2031 12:00,0.0
29/11/2031 13:00,0.0
29/11/2031 14:00,0.0
29/11/2031 15:00,0.0
29/11/2031 16:00,0.0
29/11/2031 17:00,0.0
29/11/2031 18:00,0.0
29/11/2031 19:00,0.0
29/11/2031 20:00,0.0
29/11/2031 21:00,0.0
29/11/2031 22:00,0.0
29/11/2031 23:00,0.0
30/11/2031 00:00,0.0
30/11/2031 01:00,0.0
30/11/2031 02:00,0.0
30/11/2031 03:00,0.0
30/11/2031 04:00,0.0
30/11/2031 05:00,0.0
30/11/2031 06:00,0.0
30/11/2031 07:00,0.0
30/11/2031 08:00,0.0
30/11/2031 09:00,0.0
30/11/2031 10:00,0.0
30/11/2031 11:00,0.0
30/11/2031 12:00,0.0
30/11/2031 13:00,0.0
30/11/2031 14:00,0.0
30/11/2031 15:00,0.0
30/11/2031 16:00,0.0
30/11/2031 17:00,0.0
30/11/2031 18:00,0.0
30/11/2031 19:00,0.0
30/11/2031 20:00,0.0
30/11/2031 21:00,0.0
30/11/2031 22:00,0.0
30/11/2031 23:00,0.0
01/12/2031 00:00,0.0
01/12/2031 01:00,0.0
01/12/2031 02:00,0.0
01/12/2031 03:00,0.0
01/12/2031 04:00,0.0
01/12/2031 05:00,0.0
01/12/2031 06:00,0.0
01/12/2031 07:00,0.0
01/12/2031 08:00,0.0
01/12/2031 09:00,0.0
01/12/2031 10:00,0.0
01/12/2031 11:00,0.0
01/12/2031 12:00,0.0
01/12/2031 13:00,0.0
01/12/2031 14:00,0.0
01/12/2031 15:00,0.0
01/12/2031 16:00,0.0
01/12/2031 17:00,0.0
01/12/2031 18:00,0.0
01/12/2031 19:00,0.0
01/12/2031 20:00,0.0
01/12/2031 21:00,0.0
01/12/2031 22:00,0.0
01/12/2031 23:00,0.0
02/12/2031 00:00,0.0
02/12/2031 01:00,0.0
02/12/2031 02:00,0.0
02/12/2031 03:00,0.0
02/12/2031 04:00,0.0
02/12/2031 05:00,0.0
02/12/2031 06:00,0.0
02/12/2031 07:00,0.0
02/12/2031 08:00,0.0
02/12/2031 09:00,0.0
02/12/2031 10:00,0.0
02/12/2031 11:00,0.0
02/12/2031 12:00,0.0
02/12/2031 13:00,0.0
02/12/2031 14:00,0.0
02/12/2031 15:00,0.0
02/12/2031 16:00,0.0
02/12/2031 17:00,0.0
02/12/2031 18:00,0.0
02/12/2031 19:00,0.0
02/12/2031 20:00,0.0
02/12/2031 21:00,0.0
02/12/2031 22:00,0.0
02/12/2031 23:00,0.0
03/12/2031 00:00,0.0
03/12/2031 01:00,0.0
03/12/2031 02:00,0.0
03/12/2031 03:00,0.0
03/12/2031 04:00,0.0
03/12/2031 05:00,0.0
03/12/2031 06:00,0.0
03/12/2031 07:00,0.0
03/12/2031 08:00,0.0
03/12/2031 09:00,0.0
03/12/2031 10:00,0.0
03/12/2031 11:00,0.0
03/12/2031 12:00,0.0
03/12/2031 13:00,0.0
03/12/2031 14:00,0.0
03/12/2031 15:00,0.0
03/12/2031 16:00,0.0
03/12/2031 17:00,0.0
03/12/2031 18:00,0.0
03/12/2031 19:00,0.0
03/12/2031 20:00,0.0
03/12/2031 21:00,0.0
03/12/2031 22:00,0.0
03/12/2031 23:00,0.0
04/12/2031 00:00,0.0
04/12/2031 01:00,0.0
04/12/2031 02:00,0.0
04/12/2031 03:00,0.0
04/12/2031 04:00,0.0
04/12/2031 05:00,0.0
04/12/2031 06:00,0.0
04/12/2031 07:00,0.0
04/12/2031 08:00,0.0
04/12/2031 09:00,0.0
04/12/2031 10:00,0.0
04/12/2031 11:00,0.0
04/12/2031 12:00,0.0
04/12/2031 13:00,0.0
04/12/2031 14:00,0.0
04/12/2031 15:00,0.0
04/12/2031 16:00,0.0
04/12/2031 17:00,0.0
04/12/2031 18:00,0.0
04/12/2031 19:00,0.0
04/12/2031 20:00,0.0
04/12/2031 21:00,0.0
04/12/2031 22:00,0.0
04/12/2031 23:00,0.0
05/12/2031 00:00,0.0
05/12/2031 01:00,0.0
05/12/2031 02:00,0.0
05/12/2031 03:00,0.0
05/12/2031 04:00,0.0
05/12/2031 05:00,0.0
05/12/2031 06:00,0.0
05/12/2031 07:00,0.0
05/12/2031 08:00,0.0
05/12/2031 09:00,0.0
05/12/2031 10:00,0.0
05/12/2031 11:00,0.0
05/12/2031 12:00,0.0
05/12/2031 13:00,0.0
05/12/2031 14:00,0.0
05/12/2031 15:00,0.0
05/12/2031 16:00,0.0
05/12/2031 17:00,0.0
05/12/2031 18:00,0.0
05/12/2031 19:00,0.0
05/12/2031 20:00,0.0
05/12/2031 21:00,0.0
05/12/2031 22:00,0.0
05/12/2031 23:00,0.0
06/12/2031 00:00,0.0
06/12/2031 01:00,0.0
06/12/2031 02:00,0.0
06/12/2031 03:00,0.0
06/12/2031 04:00,0.0
06/12/2031 05:00,0.0
06/12/2031 06:00,0.0
06/12/2031 07:00,0.0
06/12/2031 08:00,0.0
06/12/2031 09:00,0.0
06/12/2031 10:00,0.0
06/12/2031 11:00,0.0
06/12/2031 12:00,0.0
06/12/2031 13:00,0.0
06/12/2031 14:00,0.0
06/12/2031 15:00,0.0
06/12/2031 16:00,0.0
06/12/2031 17:00,0.0
06/12/2031 18:00,0.0
06/12/2031 19:00,0.0
06/12/2031 20:00,0.0
06/12/2031 21:00,0.0
06/12/2031 22:00,0.0
06/12/2031 23:00,0.0
07/12/2031 00:00,0.0
07/12/2031 01:00,0.0
07/12/2031 02:00,0.0
07/12/2031 03:00,0.0
07/12/2031 04:00,0.0
07/12/2031 05:00,0.0
07/12/2031 06:00,0.0
07/12/2031 07:00,0.0
07/12/2031 08:00,0.0
07/12/2031 09:00,0.0
07/12/2031 10:00,0.0
07/12/2031 11:00,0.0
07/12/2031 12:00,0.0
07/12/2031 13:00,0.0
07/12/2031 14:00,0.0
07/12/2031 15:00,0.0
07/12/2031 16:00,0.0
07/12/2031 17:00,0.0
07/12/2031 18:00,0.0
07/12/2031 19:00,0.0
07/12/2031 20:00,0.0
07/12/2031 21:00,0.0
07/12/2031 22:00,0.0
07/12/2031 23:00,0.0
08/12/2031 00:00,0.0
08/12/2031 01:00,0.0
08/12/2031 02:00,0.0
08/12/2031 03:00,0.0
08/12/2031 04:00,0.0
08/12/2031 05:00,0.0
08/12/2031 06:00,0.0
08/12/2031 07:00,0.0
08/12/2031 08:00,0.0
08/12/2031 09:00,0.0
08/12/2031 10:00,0.0
08/12/2031 11:00,0.0
08/12/2031 12:00,0.0
08/12/2031 13:00,0.0
08/12/2031 14:00,0.0
08/12/2031 15:00,0.0
08/12/2031 16:00,0.0
08/12/2031 17:00,0.0
08/12/2031 18:00,0.0
08/12/2031 19:00,0.0
08/12/2031 20:00,0.0
08/12/2031 21:00,0.0
08/12/2031 22:00,0.0
08/12/2031 23:00,0.0
09/12/2031 00:00,0.0
09/12/2031 01:00,0.0
09/12/2031 02:00,0.0
09/12/2031 03:00,0.0
09/12/2031 04:00,0.0
09/12/2031 05:00,0.0
09/12/2031 06:00,0.0
09/12/2031 07:00,0.0
09/12/2031 08:00,0.0
09/12/2031 09:00,0.0
09/12/2031 10:00,0.0
09/12/2031 11:00,0.0
09/12/2031 12:00,0.0
09/12/2031 13:00,0.0
09/12/2031 14:00,0.0
09/12/2031 15:00,0.0
09/12/2031 16:00,0.0
09/12/2031 17:00,0.0
09/12/2031 18:00,0.0
09/12/2031 19:00,0.0
09/12/2031 20:00,0.0
09/12/2031 21:00,0.0
09/12/2031 22:00,0.0
09/12/2031 23:00,0.0
10/12/2031 00:00,0.0
10/12/2031 01:00,0.0
10/12/2031 02:00,0.0
10/12/2031 03:00,0.0
10/12/2031 04:00,0.0
10/12/2031 05:00,0.0
10/12/2031 06:00,0.0
10/12/2031 07:00,0.0
10/12/2031 08:00,0.0
10/12/2031 09:00,0.0
10/12/2031 10:00,0.0
10/12/2031 11:00,0.0
10/12/2031 12:00,0.0
10/12/2031 13:00,502.7277272727273
10/12/2031 14:00,502.7277272727273
10/12/2031 15:00,0.0
10/12/2031 16:00,0.0
10/12/2031 17:00,0.0
10/12/2031 18:00,0.0
10/12/2031 19:00,0.0
10/12/2031 20:00,0.0
10/12/2031 21:00,0.0
10/12/2031 22:00,0.0
10/12/2031 23:00,0.0
11/12/2031 00:00,0.0
11/12/2031 01:00,0.0
11/12/2031 02:00,0.0
11/12/2031 03:00,0.0
11/12/2031 04:00,0.0
11/12/2031 05:00,0.0
11/12/2031 06:00,0.0
11/12/2031 07:00,0.0
11/12/2031 08:00,0.0
11/12/2031 09:00,0.0
11/12/2031 10:00,0.0
11/12/2031 11:00,0.0
11/12/2031 12:00,0.0
11/12/2031 13:00,0.0
11/12/2031 14:00,0.0
11/12/2031 15:00,0.0
11/12/2031 16:00,0.0
11/12/2031 17:00,0.0
11/12/2031 18:00,0.0
11/12/2031 19:00,0.0
11/12/2031 20:00,0.0
11/12/2031 21:00,0.0
11/12/2031 22:00,0.0
11/12/2031 23:00,0.0
12/12/2031 00:00,0.0
12/12/2031 01:00,0.0
12/12/2031 02:00,23.723049750403735
12/12/2031 03:00,0.0
12/12/2031 04:00,218.13727385618327
12/12/2031 05:00,217.97937874122977
12/12/2031 06:00,0.0
12/12/2031 07:00,0.0
12/12/2031 08:00,0.0
12/12/2031 09:00,0.0
12/12/2031 10:00,0.0
12/12/2031 11:00,120.21509279333725
12/12/2031 12:00,502.7277272727273
12/12/2031 13:00,502.7277272727273
12/12/2031 14:00,502.7277272727273
12/12/2031 15:00,502.7277272727273
12/12/2031 16:00,385.03845845724726
12/12/2031 17:00,287.58103805404045
12/12/2031 18:00,0.0
12/12/2031 19:00,0.0
12/12/2031 20:00,0.0
12/12/2031 21:00,29.70011907895392
12/12/2031 22:00,0.0
12/12/2031 23:00,471.6001237278267
13/12/2031 00:00,434.6199935208517
13/12/2031 01:00,502.7277272727273
13/12/2031 02:00,502.7277272727273
13/12/2031 03:00,502.7277272727273
13/12/2031 04:00,502.7277272727273
13/12/2031 05:00,502.7277272727273
13/12/2031 06:00,502.7277272727273
13/12/2031 07:00,400.9103234043724
13/12/2031 08:00,139.62082822508776
13/12/2031 09:00,297.50555664956005
13/12/2031 10:00,502.7277272727273
13/12/2031 11:00,502.7277272727273
13/12/2031 12:00,502.7277272727273
13/12/2031 13:00,502.7277272727273
13/12/2031 14:00,502.7277272727273
13/12/2031 15:00,502.7277272727273
13/12/2031 16:00,397.3902703331062
13/12/2031 17:00,0.0
13/12/2031 18:00,0.0
13/12/2031 19:00,0.0
13/12/2031 20:00,0.0
13/12/2031 21:00,0.0
13/12/2031 22:00,0.0
13/12/2031 23:00,0.0
14/12/2031 00:00,0.0
14/12/2031 01:00,0.0
14/12/2031 02:00,0.0
14/12/2031 03:00,0.0
14/12/2031 04:00,0.0
14/12/2031 05:00,0.0
14/12/2031 06:00,0.0
14/12/2031 07:00,0.0
14/12/2031 08:00,0.0
14/12/2031 09:00,0.0
14/12/2031 10:00,0.0
14/12/2031 11:00,0.0
14/12/2031 12:00,346.49227186583613
14/12/2031 13:00,295.6545778681452
14/12/2031 14:00,98.74486827448484
14/12/2031 15:00,0.0
14/12/2031 16:00,0.0
14/12/2031 17:00,0.0
14/12/2031 18:00,0.0
14/12/2031 19:00,0.0
14/12/2031 20:00,0.0
14/12/2031 21:00,0.0
14/12/2031 22:00,0.0
14/12/2031 23:00,0.0
15/12/2031 00:00,0.0
15/12/2031 01:00,0.0
15/12/2031 02:00,0.0
15/12/2031 03:00,0.0
15/12/2031 04:00,0.0
15/12/2031 05:00,0.0
15/12/2031 06:00,0.0
15/12/2031 07:00,0.0
15/12/2031 08:00,0.0
15/12/2031 09:00,0.0
15/12/2031 10:00,0.0
15/12/2031 11:00,0.0
15/12/2031 12:00,0.0
15/12/2031 13:00,0.0
15/12/2031 14:00,0.0
15/12/2031 15:00,0.0
15/12/2031 16:00,0.0
15/12/2031 17:00,0.0
15/12/2031 18:00,0.0
15/12/2031 19:00,0.0
15/12/2031 20:00,0.0
15/12/2031 21:00,0.0
15/12/2031 22:00,0.0
15/12/2031 23:00,0.0
16/12/2031 00:00,0.0
16/12/2031 01:00,0.0
16/12/2031 02:00,0.0
16/12/2031 03:00,0.0
16/12/2031 04:00,0.0
16/12/2031 05:00,0.0
16/12/2031 06:00,0.0
16/12/2031 07:00,0.0
16/12/2031 08:00,0.0
16/12/2031 09:00,0.0
16/12/2031 10:00,0.0
16/12/2031 11:00,0.0
16/12/2031 12:00,0.0
16/12/2031 13:00,0.0
16/12/2031 14:00,0.0
16/12/2031 15:00,0.0
16/12/2031 16:00,0.0
16/12/2031 17:00,0.0
16/12/2031 18:00,0.0
16/12/2031 19:00,0.0
16/12/2031 20:00,0.0
16/12/2031 21:00,0.0
16/12/2031 22:00,0.0
16/12/2031 23:00,0.0
17/12/2031 00:00,0.0
17/12/2031 01:00,0.0
17/12/2031 02:00,0.0
17/12/2031 03:00,0.0
17/12/2031 04:00,0.0
17/12/2031 05:00,0.0
17/12/2031 06:00,0.0
17/12/2031 07:00,0.0
17/12/2031 08:00,0.0
17/12/2031 09:00,502.7277272727273
17/12/2031 10:00,0.0
17/12/2031 11:00,502.7277272727273
17/12/2031 12:00,502.7277272727273
17/12/2031 13:00,502.7277272727273
17/12/2031 14:00,502.7277272727273
17/12/2031 15:00,502.7277272727273
17/12/2031 16:00,502.7277272727273
17/12/2031 17:00,502.7277272727273
17/12/2031 18:00,97.20080197727636
17/12/2031 19:00,0.0
17/12/2031 20:00,364.1390191033572
17/12/2031 21:00,263.769825914976
17/12/2031 22:00,346.46276816961984
17/12/2031 23:00,0.0
18/12/2031 00:00,74.91470877177073
18/12/2031 01:00,502.7277272727273
18/12/2031 02:00,502.7277272727273
18/12/2031 03:00,472.8612012378717
18/12/2031 04:00,502.7277272727273
18/12/2031 05:00,377.72534422069555
18/12/2031 06:00,0.0
18/12/2031 07:00,83.2204525968419
18/12/2031 08:00,0.0
18/12/2031 09:00,0.0
18/12/2031 10:00,0.0
18/12/2031 11:00,357.7517786967911
18/12/2031 12:00,502.7277272727273
18/12/2031 13:00,502.7277272727273
18/12/2031 14:00,502.7277272727273
18/12/2031 15:00,233.2463733520726
18/12/2031 16:00,0.0
18/12/2031 17:00,0.0
18/12/2031 18:00,0.0
18/12/2031 19:00,0.0
18/12/2031 20:00,0.0
18/12/2031 21:00,0.0
18/12/2031 22:00,0.0
18/12/2031 23:00,0.0
19/12/2031 00:00,0.0
19/12/2031 01:00,0.0
19/12/2031 02:00,0.0
19/12/2031 03:00,0.0
19/12/2031 04:00,0.0
19/12/2031 05:00,0.0
19/12/2031 06:00,0.0
19/12/2031 07:00,0.0
19/12/2031 08:00,0.0
19/12/2031 09:00,0.0
19/12/2031 10:00,0.0
19/12/2031 11:00,0.0
19/12/2031 12:00,0.0
19/12/2031 13:00,0.0
19/12/2031 14:00,0.0
19/12/2031 15:00,0.0
19/12/2031 16:00,0.0
19/12/2031 17:00,0.0
19/12/2031 18:00,0.0
19/12/2031 19:00,0.0
19/12/2031 20:00,0.0
19/12/2031 21:00,0.0
19/12/2031 22:00,0.0
19/12/2031 23:00,0.0
20/12/2031 00:00,0.0
20/12/2031 01:00,0.0
20/12/2031 02:00,0.0
20/12/2031 03:00,0.0
20/12/2031 04:00,0.0
20/12/2031 05:00,0.0
20/12/2031 06:00,0.0
20/12/2031 07:00,0.0
20/12/2031 08:00,0.0
20/12/2031 09:00,0.0
20/12/2031 10:00,0.0
20/12/2031 11:00,0.0
20/12/2031 12:00,0.0
20/12/2031 13:00,0.0
20/12/2031 14:00,0.0
20/12/2031 15:00,0.0
20/12/2031 16:00,0.0
20/12/2031 17:00,0.0
20/12/2031 18:00,0.0
20/12/2031 19:00,0.0
20/12/2031 20:00,0.0
20/12/2031 21:00,0.0
20/12/2031 22:00,0.0
20/12/2031 23:00,0.0
21/12/2031 00:00,0.0
21/12/2031 01:00,0.0
21/12/2031 02:00,0.0
21/12/2031 03:00,0.0
21/12/2031 04:00,0.0
21/12/2031 05:00,0.0
21/12/2031 06:00,0.0
21/12/2031 07:00,0.0
21/12/2031 08:00,0.0
21/12/2031 09:00,0.0
21/12/2031 10:00,0.0
21/12/2031 11:00,0.0
21/12/2031 12:00,0.0
21/12/2031 13:00,0.0
21/12/2031 14:00,0.0
21/12/2031 15:00,0.0
21/12/2031 16:00,0.0
21/12/2031 17:00,0.0
21/12/2031 18:00,0.0
21/12/2031 19:00,0.0
21/12/2031 20:00,0.0
21/12/2031 21:00,0.0
21/12/2031 22:00,0.0
21/12/2031 23:00,0.0
22/12/2031 00:00,0.0
22/12/2031 01:00,0.0
22/12/2031 02:00,0.0
22/12/2031 03:00,0.0
22/12/2031 04:00,0.0
22/12/2031 05:00,0.0
22/12/2031 06:00,0.0
22/12/2031 07:00,0.0
22/12/2031 08:00,0.0
22/12/2031 09:00,0.0
22/12/2031 10:00,0.0
22/12/2031 11:00,0.0
22/12/2031 12:00,0.0
22/12/2031 13:00,0.0
22/12/2031 14:00,502.7277272727273
22/12/2031 15:00,502.7277272727273
22/12/2031 16:00,73.43643087153579
22/12/2031 17:00,0.0
22/12/2031 18:00,0.0
22/12/2031 19:00,0.0
22/12/2031 20:00,0.0
22/12/2031 21:00,0.0
22/12/2031 22:00,0.0
22/12/2031 23:00,0.0
23/12/2031 00:00,502.7277272727273
23/12/2031 01:00,0.0
23/12/2031 02:00,0.0
23/12/2031 03:00,0.0
23/12/2031 04:00,0.0
23/12/2031 05:00,0.0
23/12/2031 06:00,0.0
23/12/2031 07:00,0.0
23/12/2031 08:00,0.0
23/12/2031 09:00,0.0
23/12/2031 10:00,0.0
23/12/2031 11:00,448.808795345289
23/12/2031 12:00,502.7277272727273
23/12/2031 13:00,502.7277272727273
23/12/2031 14:00,502.7277272727273
23/12/2031 15:00,502.7277272727273
23/12/2031 16:00,0.0
23/12/2031 17:00,0.0
23/12/2031 18:00,0.0
23/12/2031 19:00,0.0
23/12/2031 20:00,0.0
23/12/2031 21:00,0.0
23/12/2031 22:00,0.0
23/12/2031 23:00,0.0
24/12/2031 00:00,0.0
24/12/2031 01:00,0.0
24/12/2031 02:00,0.0
24/12/2031 03:00,0.0
24/12/2031 04:00,0.0
24/12/2031 05:00,0.0
24/12/2031 06:00,0.0
24/12/2031 07:00,0.0
24/12/2031 08:00,0.0
24/12/2031 09:00,0.0
24/12/2031 10:00,0.0
24/12/2031 11:00,0.0
24/12/2031 12:00,0.0
24/12/2031 13:00,0.0
24/12/2031 14:00,0.0
24/12/2031 15:00,0.0
24/12/2031 16:00,0.0
24/12/2031 17:00,0.0
24/12/2031 18:00,0.0
24/12/2031 19:00,0.0
24/12/2031 20:00,0.0
24/12/2031 21:00,0.0
24/12/2031 22:00,0.0
24/12/2031 23:00,0.0
25/12/2031 00:00,0.0
25/12/2031 01:00,0.0
25/12/2031 02:00,0.0
25/12/2031 03:00,0.0
25/12/2031 04:00,0.0
25/12/2031 05:00,0.0
25/12/2031 06:00,0.0
25/12/2031 07:00,0.0
25/12/2031 08:00,0.0
25/12/2031 09:00,0.0
25/12/2031 10:00,0.0
25/12/2031 11:00,0.0
25/12/2031 12:00,0.0
25/12/2031 13:00,0.0
25/12/2031 14:00,0.0
25/12/2031 15:00,0.0
25/12/2031 16:00,0.0
25/12/2031 17:00,0.0
25/12/2031 18:00,0.0
25/12/2031 19:00,0.0
25/12/2031 20:00,0.0
25/12/2031 21:00,0.0
25/12/2031 22:00,0.0
25/12/2031 23:00,0.0
26/12/2031 00:00,0.0
26/12/2031 01:00,0.0
26/12/2031 02:00,0.0
26/12/2031 03:00,0.0
26/12/2031 04:00,0.0
26/12/2031 05:00,0.0
26/12/2031 06:00,0.0
26/12/2031 07:00,0.0
26/12/2031 08:00,0.0
26/12/2031 09:00,0.0
26/12/2031 10:00,0.0
26/12/2031 11:00,0.0
26/12/2031 12:00,0.0
26/12/2031 13:00,0.0
26/12/2031 14:00,0.0
26/12/2031 15:00,0.0
26/12/2031 16:00,0.0
26/12/2031 17:00,0.0
26/12/2031 18:00,0.0
26/12/2031 19:00,0.0
26/12/2031 20:00,0.0
26/12/2031 21:00,0.0
26/12/2031 22:00,0.0
26/12/2031 23:00,0.0
27/12/2031 00:00,0.0
27/12/2031 01:00,0.0
27/12/2031 02:00,0.0
27/12/2031 03:00,0.0
27/12/2031 04:00,0.0
27/12/2031 05:00,0.0
27/12/2031 06:00,0.0
27/12/2031 07:00,0.0
27/12/2031 08:00,0.0
27/12/2031 09:00,0.0
27/12/2031 10:00,0.0
27/12/2031 11:00,0.0
27/12/2031 12:00,0.0
27/12/2031 13:00,0.0
27/12/2031 14:00,0.0
27/12/2031 15:00,0.0
27/12/2031 16:00,0.0
27/12/2031 17:00,0.0
27/12/2031 18:00,0.0
27/12/2031 19:00,0.0
27/12/2031 20:00,0.0
27/12/2031 21:00,0.0
27/12/2031 22:00,0.0
27/12/2031 23:00,0.0
28/12/2031 00:00,0.0
28/12/2031 01:00,0.0
28/12/2031 02:00,0.0
28/12/2031 03:00,0.0
28/12/2031 04:00,0.0
28/12/2031 05:00,0.0
28/12/2031 06:00,0.0
28/12/2031 07:00,0.0
28/12/2031 08:00,0.0
28/12/2031 09:00,0.0
28/12/2031 10:00,0.0
28/12/2031 11:00,0.0
28/12/2031 12:00,0.0
28/12/2031 13:00,0.0
28/12/2031 14:00,0.0
28/12/2031 15:00,0.0
28/12/2031 16:00,0.0
28/12/2031 17:00,0.0
28/12/2031 18:00,0.0
28/12/2031 19:00,0.0
28/12/2031 20:00,0.0
28/12/2031 21:00,0.0
28/12/2031 22:00,0.0
28/12/2031 23:00,0.0
29/12/2031 00:00,0.0
29/12/2031 01:00,0.0
29/12/2031 02:00,0.0
29/12/2031 03:00,0.0
29/12/2031 04:00,0.0
29/12/2031 05:00,0.0
29/12/2031 06:00,0.0
29/12/2031 07:00,0.0
29/12/2031 08:00,0.0
29/12/2031 09:00,0.0
29/12/2031 10:00,0.0
29/12/2031 11:00,0.0
29/12/2031 12:00,0.0
29/12/2031 13:00,0.0
29/12/2031 14:00,0.0
29/12/2031 15:00,0.0
29/12/2031 16:00,0.0
29/12/2031 17:00,0.0
29/12/2031 18:00,0.0
29/12/2031 19:00,0.0
29/12/2031 20:00,0.0
29/12/2031 21:00,0.0
29/12/2031 22:00,0.0
29/12/2031 23:00,0.0
