Date,Exp
02/07/2030 00:00,104.73950770408315
02/07/2030 01:00,86.11430529033903
02/07/2030 02:00,81.80738386229467
02/07/2030 03:00,84.77395873576491
02/07/2030 04:00,83.61662451763706
02/07/2030 05:00,75.52220078322553
02/07/2030 06:00,66.40520371228108
02/07/2030 07:00,52.408422712594124
02/07/2030 08:00,7.448455708122582
02/07/2030 09:00,0.0
02/07/2030 10:00,0.0
02/07/2030 11:00,0.0
02/07/2030 12:00,0.0
02/07/2030 13:00,0.0
02/07/2030 14:00,0.0
02/07/2030 15:00,0.0
02/07/2030 16:00,0.0
02/07/2030 17:00,0.0
02/07/2030 18:00,0.0
02/07/2030 19:00,0.0
02/07/2030 20:00,0.0
02/07/2030 21:00,0.0
02/07/2030 22:00,0.0
02/07/2030 23:00,0.0
03/07/2030 00:00,0.0
03/07/2030 01:00,0.0
03/07/2030 02:00,0.0
03/07/2030 03:00,0.0
03/07/2030 04:00,0.0
03/07/2030 05:00,16.81249527811905
03/07/2030 06:00,48.11785844001013
03/07/2030 07:00,35.35794038814343
03/07/2030 08:00,3.3137115687573844
03/07/2030 09:00,0.0
03/07/2030 10:00,0.0
03/07/2030 11:00,0.0
03/07/2030 12:00,0.0
03/07/2030 13:00,0.0
03/07/2030 14:00,0.0
03/07/2030 15:00,0.0
03/07/2030 16:00,0.0
03/07/2030 17:00,0.0
03/07/2030 18:00,0.0
03/07/2030 19:00,0.0
03/07/2030 20:00,0.0
03/07/2030 21:00,0.0
03/07/2030 22:00,0.0
03/07/2030 23:00,44.950075784677495
04/07/2030 00:00,18.0511774587418
04/07/2030 01:00,47.98277833041639
04/07/2030 02:00,44.743507642288726
04/07/2030 03:00,37.53669763328075
04/07/2030 04:00,28.37194292658975
04/07/2030 05:00,42.653825565344235
04/07/2030 06:00,63.38674574450492
04/07/2030 07:00,72.00590239391681
04/07/2030 08:00,62.576670196195344
04/07/2030 09:00,41.734086787465536
04/07/2030 10:00,3.889952869011813
04/07/2030 11:00,13.467563580915792
04/07/2030 12:00,47.239425131281195
04/07/2030 13:00,34.494454602728645
04/07/2030 14:00,25.954468318358053
04/07/2030 15:00,23.48436645737516
04/07/2030 16:00,0.0
04/07/2030 17:00,0.0
04/07/2030 18:00,45.47356788461091
04/07/2030 19:00,100.9995238567374
04/07/2030 20:00,49.40106714062487
04/07/2030 21:00,127.65236584239692
04/07/2030 22:00,51.79020211503736
04/07/2030 23:00,91.4830129162572
05/07/2030 00:00,105.09393748752261
05/07/2030 01:00,124.25879301407288
05/07/2030 02:00,129.25195668082665
05/07/2030 03:00,124.76462327013127
05/07/2030 04:00,119.33899135637044
05/07/2030 05:00,34.79519038505438
05/07/2030 06:00,28.381421263222222
05/07/2030 07:00,12.681140976402428
05/07/2030 08:00,81.62555903400478
05/07/2030 09:00,43.473849928677154
05/07/2030 10:00,99.32456862300863
05/07/2030 11:00,22.611026198857346
05/07/2030 12:00,33.52161038758026
05/07/2030 13:00,0.0
05/07/2030 14:00,0.0
05/07/2030 15:00,0.0
05/07/2030 16:00,77.84143138955149
05/07/2030 17:00,7.325236922727651
05/07/2030 18:00,57.88319052322672
05/07/2030 19:00,104.59530791499787
05/07/2030 20:00,122.60806338570637
05/07/2030 21:00,125.81892830401281
05/07/2030 22:00,126.72894903521563
05/07/2030 23:00,11.091747677472016
06/07/2030 00:00,12.958308462037559
06/07/2030 01:00,123.6584986292134
06/07/2030 02:00,123.90760707845206
06/07/2030 03:00,124.8299040664815
06/07/2030 04:00,128.20857786243874
06/07/2030 05:00,142.53980516248248
06/07/2030 06:00,44.730434513464516
06/07/2030 07:00,30.35669251854982
06/07/2030 08:00,96.26416604648851
06/07/2030 09:00,33.44970303507972
06/07/2030 10:00,4.250056426632819
06/07/2030 11:00,60.908598752952905
06/07/2030 12:00,38.97850989334736
06/07/2030 13:00,0.0
06/07/2030 14:00,35.58235895109194
06/07/2030 15:00,38.09521644900932
06/07/2030 16:00,0.0
06/07/2030 17:00,0.0
06/07/2030 18:00,41.22762568367642
06/07/2030 19:00,0.0
06/07/2030 20:00,0.0
06/07/2030 21:00,13.625601660200326
06/07/2030 22:00,132.4345820220833
06/07/2030 23:00,133.50298269846715
07/07/2030 00:00,127.61867249159148
07/07/2030 01:00,123.07470365917665
07/07/2030 02:00,118.89281902967777
07/07/2030 03:00,117.1109708763399
07/07/2030 04:00,124.03637431589347
07/07/2030 05:00,27.946887571308544
07/07/2030 06:00,151.74658725255202
07/07/2030 07:00,139.72568276167092
07/07/2030 08:00,92.32203835425433
07/07/2030 09:00,27.51690185966849
07/07/2030 10:00,0.0
07/07/2030 11:00,45.91656077248595
07/07/2030 12:00,27.536208515759103
07/07/2030 13:00,18.688605210236943
07/07/2030 14:00,18.530448114817265
07/07/2030 15:00,0.0
07/07/2030 16:00,0.0
07/07/2030 17:00,0.0
07/07/2030 18:00,20.554776214742592
07/07/2030 19:00,0.0
07/07/2030 20:00,86.21283408574139
07/07/2030 21:00,110.58038018307052
07/07/2030 22:00,23.36137513937245
07/07/2030 23:00,128.37320872174342
08/07/2030 00:00,26.15807560137457
08/07/2030 01:00,41.76975945017182
08/07/2030 02:00,39.123711340206185
08/07/2030 03:00,36.96907216494845
08/07/2030 04:00,40.29553264604811
08/07/2030 05:00,41.35395189003436
08/07/2030 06:00,40.48453608247422
08/07/2030 07:00,27.29209621993127
08/07/2030 08:00,42.79037800687285
08/07/2030 09:00,103.38487972508591
08/07/2030 10:00,145.26804123711338
08/07/2030 11:00,147.3848797250859
08/07/2030 12:00,138.91752577319588
08/07/2030 13:00,125.233676975945
08/07/2030 14:00,124.66666666666666
08/07/2030 15:00,127.99312714776632
08/07/2030 16:00,127.84192439862542
08/07/2030 17:00,110.45360824742268
08/07/2030 18:00,103.38487972508591
08/07/2030 19:00,93.85910652920961
08/07/2030 20:00,84.78694158075601
08/07/2030 21:00,61.65292096219931
08/07/2030 22:00,57.835051546391746
08/07/2030 23:00,76.24398625429552
09/07/2030 00:00,55.26499582442378
09/07/2030 01:00,50.612661766398986
09/07/2030 02:00,47.10664590767148
09/07/2030 03:00,40.14425394164952
09/07/2030 04:00,37.526146898469456
09/07/2030 05:00,41.473664355769515
09/07/2030 06:00,40.92577612894584
09/07/2030 07:00,32.38944582034413
09/07/2030 08:00,1.126388340725626
09/07/2030 09:00,0.0
09/07/2030 10:00,0.0
09/07/2030 11:00,0.0
09/07/2030 12:00,0.0
09/07/2030 13:00,0.0
09/07/2030 14:00,0.0
09/07/2030 15:00,0.0
09/07/2030 16:00,0.0
09/07/2030 17:00,0.0
09/07/2030 18:00,0.0
09/07/2030 19:00,8.466862703759952
09/07/2030 20:00,0.0
09/07/2030 21:00,0.0
09/07/2030 22:00,7.97589439286353
09/07/2030 23:00,0.0
10/07/2030 00:00,0.20623369675057304
10/07/2030 01:00,2.998802078332947
10/07/2030 02:00,20.93288414235461
10/07/2030 03:00,40.35706182951986
10/07/2030 04:00,58.32411207165684
10/07/2030 05:00,0.0
10/07/2030 06:00,106.12625095179632
10/07/2030 07:00,5.083346495693971
10/07/2030 08:00,82.82661611786787
10/07/2030 09:00,16.807238893028416
10/07/2030 10:00,0.0
10/07/2030 11:00,0.0
10/07/2030 12:00,1.36544865188932
10/07/2030 13:00,0.0
10/07/2030 14:00,0.0
10/07/2030 15:00,0.0
10/07/2030 16:00,0.0
10/07/2030 17:00,0.0
10/07/2030 18:00,0.0
10/07/2030 19:00,0.0
10/07/2030 20:00,0.0
10/07/2030 21:00,0.0
10/07/2030 22:00,0.0
10/07/2030 23:00,0.0
11/07/2030 00:00,0.0
11/07/2030 01:00,0.0
11/07/2030 02:00,0.0
11/07/2030 03:00,0.0
11/07/2030 04:00,0.0
11/07/2030 05:00,0.0
11/07/2030 06:00,0.0
11/07/2030 07:00,7.091979838412203
11/07/2030 08:00,0.0
11/07/2030 09:00,0.0
11/07/2030 10:00,0.0
11/07/2030 11:00,0.0
11/07/2030 12:00,0.0
11/07/2030 13:00,0.0
11/07/2030 14:00,0.0
11/07/2030 15:00,0.0
11/07/2030 16:00,0.0
11/07/2030 17:00,0.0
11/07/2030 18:00,0.0
11/07/2030 19:00,0.0
11/07/2030 20:00,0.0
11/07/2030 21:00,0.0
11/07/2030 22:00,0.0
11/07/2030 23:00,0.0
12/07/2030 00:00,0.0
12/07/2030 01:00,0.0
12/07/2030 02:00,0.0
12/07/2030 03:00,0.0
12/07/2030 04:00,0.0
12/07/2030 05:00,0.0
12/07/2030 06:00,0.0
12/07/2030 07:00,0.0
12/07/2030 08:00,0.0
12/07/2030 09:00,0.0
12/07/2030 10:00,0.0
12/07/2030 11:00,0.0
12/07/2030 12:00,0.0
12/07/2030 13:00,0.0
12/07/2030 14:00,0.0
12/07/2030 15:00,0.0
12/07/2030 16:00,0.0
12/07/2030 17:00,0.0
12/07/2030 18:00,0.0
12/07/2030 19:00,0.0
12/07/2030 20:00,0.0
12/07/2030 21:00,0.0
12/07/2030 22:00,0.0
12/07/2030 23:00,0.0
13/07/2030 00:00,0.0
13/07/2030 01:00,0.0
13/07/2030 02:00,0.0
13/07/2030 03:00,0.0
13/07/2030 04:00,0.0
13/07/2030 05:00,0.0
13/07/2030 06:00,0.0
13/07/2030 07:00,0.0
13/07/2030 08:00,0.0
13/07/2030 09:00,0.0
13/07/2030 10:00,0.0
13/07/2030 11:00,0.07273169532126712
13/07/2030 12:00,0.0
13/07/2030 13:00,0.0
13/07/2030 14:00,0.0
13/07/2030 15:00,0.0
13/07/2030 16:00,0.0
13/07/2030 17:00,0.0
13/07/2030 18:00,0.0
13/07/2030 19:00,0.0
13/07/2030 20:00,0.0
13/07/2030 21:00,0.0
13/07/2030 22:00,0.0
13/07/2030 23:00,0.0
14/07/2030 00:00,64.19493079187697
14/07/2030 01:00,67.14855935062084
14/07/2030 02:00,69.38493529563397
14/07/2030 03:00,72.84466169319074
14/07/2030 04:00,75.58147992272067
14/07/2030 05:00,86.46734713430055
14/07/2030 06:00,108.41423701393553
14/07/2030 07:00,114.35491842292522
14/07/2030 08:00,33.01490611581215
14/07/2030 09:00,35.8028907702087
14/07/2030 10:00,17.65084515595819
14/07/2030 11:00,20.691737231021893
14/07/2030 12:00,54.47954253666885
14/07/2030 13:00,37.80536796472866
14/07/2030 14:00,38.5849649946103
14/07/2030 15:00,7.575643463133169
14/07/2030 16:00,0.0
14/07/2030 17:00,0.0
14/07/2030 18:00,0.0
14/07/2030 19:00,37.71400512458498
14/07/2030 20:00,33.80728721701828
14/07/2030 21:00,0.0
14/07/2030 22:00,34.40854057473829
14/07/2030 23:00,41.54375867302841
15/07/2030 00:00,51.57195021398026
15/07/2030 01:00,53.84903994386215
15/07/2030 02:00,63.31626810962531
15/07/2030 03:00,67.98803385113372
15/07/2030 04:00,37.39044233034672
15/07/2030 05:00,30.054605550582675
15/07/2030 06:00,51.81489006565978
15/07/2030 07:00,64.62125545699476
15/07/2030 08:00,36.90184084355841
15/07/2030 09:00,3.555324967777722
15/07/2030 10:00,0.0
15/07/2030 11:00,3.4003853024209048
15/07/2030 12:00,0.0
15/07/2030 13:00,0.0
15/07/2030 14:00,0.0
15/07/2030 15:00,0.0
15/07/2030 16:00,0.0
15/07/2030 17:00,0.0
15/07/2030 18:00,0.0
15/07/2030 19:00,0.0
15/07/2030 20:00,0.0
15/07/2030 21:00,0.0
15/07/2030 22:00,0.0
15/07/2030 23:00,42.46994132981918
16/07/2030 00:00,0.0
16/07/2030 01:00,58.1437813095344
16/07/2030 02:00,61.635215647592695
16/07/2030 03:00,68.02549354019474
16/07/2030 04:00,73.52882776529275
16/07/2030 05:00,79.00447439843349
16/07/2030 06:00,70.21731910771179
16/07/2030 07:00,53.24892955794897
16/07/2030 08:00,17.89991672148895
16/07/2030 09:00,0.0
16/07/2030 10:00,0.0
16/07/2030 11:00,0.0
16/07/2030 12:00,0.0
16/07/2030 13:00,0.0
16/07/2030 14:00,0.0
16/07/2030 15:00,0.0
16/07/2030 16:00,0.0
16/07/2030 17:00,0.0
16/07/2030 18:00,0.0
16/07/2030 19:00,25.646132817901467
16/07/2030 20:00,0.0
16/07/2030 21:00,0.0
16/07/2030 22:00,0.0
16/07/2030 23:00,17.45976851287761
17/07/2030 00:00,60.90638158033398
17/07/2030 01:00,68.98852905830114
17/07/2030 02:00,78.31836429050682
17/07/2030 03:00,85.29147718540669
17/07/2030 04:00,95.06972980847716
17/07/2030 05:00,13.24033019358293
17/07/2030 06:00,0.0
17/07/2030 07:00,0.0
17/07/2030 08:00,47.93205371512062
17/07/2030 09:00,69.5098581767633
17/07/2030 10:00,17.0955206457435
17/07/2030 11:00,48.53231873182117
17/07/2030 12:00,54.748377337250886
17/07/2030 13:00,48.49185098551885
17/07/2030 14:00,55.59569571499312
17/07/2030 15:00,0.0
17/07/2030 16:00,0.0
17/07/2030 17:00,40.13928613277003
17/07/2030 18:00,26.29621760952268
17/07/2030 19:00,65.71196042566858
17/07/2030 20:00,20.682317428011647
17/07/2030 21:00,61.63084026299639
17/07/2030 22:00,90.34917738675965
17/07/2030 23:00,81.26421504386323
18/07/2030 00:00,0.0
18/07/2030 01:00,73.41936605078453
18/07/2030 02:00,0.0
18/07/2030 03:00,0.0
18/07/2030 04:00,76.33563111492207
18/07/2030 05:00,88.69194705439453
18/07/2030 06:00,0.0
18/07/2030 07:00,104.40179536371089
18/07/2030 08:00,75.67346294083883
18/07/2030 09:00,85.16769158944541
18/07/2030 10:00,133.9946369636465
18/07/2030 11:00,30.401981344184993
18/07/2030 12:00,56.67715352330362
18/07/2030 13:00,52.81469836695093
18/07/2030 14:00,28.52039978617959
18/07/2030 15:00,0.0
18/07/2030 16:00,0.0
18/07/2030 17:00,16.883848660074605
18/07/2030 18:00,0.0
18/07/2030 19:00,30.975975026675364
18/07/2030 20:00,0.0
18/07/2030 21:00,0.0
18/07/2030 22:00,81.07569393190043
18/07/2030 23:00,83.68457991894579
19/07/2030 00:00,0.0
19/07/2030 01:00,82.92937850533743
19/07/2030 02:00,84.33217579267999
19/07/2030 03:00,82.32660151783591
19/07/2030 04:00,81.29095380799113
19/07/2030 05:00,91.66699792235777
19/07/2030 06:00,104.32104115669128
19/07/2030 07:00,98.87276435369891
19/07/2030 08:00,68.19251775576895
19/07/2030 09:00,84.06939766206258
19/07/2030 10:00,125.98726568832706
19/07/2030 11:00,0.7873968542465722
19/07/2030 12:00,56.81854555541822
19/07/2030 13:00,12.846734092670516
19/07/2030 14:00,7.842611646216712
19/07/2030 15:00,1.3020652365245553
19/07/2030 16:00,0.0
19/07/2030 17:00,0.0
19/07/2030 18:00,0.0
19/07/2030 19:00,23.318718025056942
19/07/2030 20:00,15.789246051673576
19/07/2030 21:00,0.0
19/07/2030 22:00,60.553773061841774
19/07/2030 23:00,107.47722494852916
20/07/2030 00:00,94.87265465288274
20/07/2030 01:00,0.0
20/07/2030 02:00,78.78295135315263
20/07/2030 03:00,76.93077152709309
20/07/2030 04:00,80.97898848143494
20/07/2030 05:00,95.12950870906604
20/07/2030 06:00,111.2872625380934
20/07/2030 07:00,0.0
20/07/2030 08:00,73.88972104071122
20/07/2030 09:00,79.76052136688789
20/07/2030 10:00,38.29074561434048
20/07/2030 11:00,0.6867383603579664
20/07/2030 12:00,100.93569521171153
20/07/2030 13:00,74.02892083373544
20/07/2030 14:00,54.46286419545949
20/07/2030 15:00,70.95805178370627
20/07/2030 16:00,14.661054855351637
20/07/2030 17:00,19.60647877331208
20/07/2030 18:00,0.0
20/07/2030 19:00,33.65208682142977
20/07/2030 20:00,0.0
20/07/2030 21:00,0.0
20/07/2030 22:00,0.0
20/07/2030 23:00,85.77089063741637
21/07/2030 00:00,83.9702821603075
21/07/2030 01:00,0.0
21/07/2030 02:00,76.7245533289355
21/07/2030 03:00,77.4141183507091
21/07/2030 04:00,82.94744543198914
21/07/2030 05:00,95.98729587061001
21/07/2030 06:00,109.3255436623738
21/07/2030 07:00,101.19895877138929
21/07/2030 08:00,67.67454962432126
21/07/2030 09:00,68.11554786950586
21/07/2030 10:00,18.918584564660335
21/07/2030 11:00,57.56895406239782
21/07/2030 12:00,49.24435996128558
21/07/2030 13:00,35.90562574647631
21/07/2030 14:00,0.0
21/07/2030 15:00,0.0
21/07/2030 16:00,21.671880660763705
21/07/2030 17:00,0.0
21/07/2030 18:00,0.0
21/07/2030 19:00,0.0
21/07/2030 20:00,0.0
21/07/2030 21:00,61.73337138111035
21/07/2030 22:00,0.0
21/07/2030 23:00,0.0
22/07/2030 00:00,88.91341114653818
22/07/2030 01:00,73.41249349335466
22/07/2030 02:00,78.46822861290617
22/07/2030 03:00,82.77123824872994
22/07/2030 04:00,87.03187021598586
22/07/2030 05:00,94.91923940220897
22/07/2030 06:00,97.02159676371805
22/07/2030 07:00,89.62292965757507
22/07/2030 08:00,49.25024568500056
22/07/2030 09:00,0.0
22/07/2030 10:00,0.0
22/07/2030 11:00,0.0
22/07/2030 12:00,0.0
22/07/2030 13:00,0.0
22/07/2030 14:00,0.0
22/07/2030 15:00,0.0
22/07/2030 16:00,0.0
22/07/2030 17:00,0.0
22/07/2030 18:00,0.0
22/07/2030 19:00,0.0
22/07/2030 20:00,0.0
22/07/2030 21:00,0.0
22/07/2030 22:00,0.0
22/07/2030 23:00,0.0
23/07/2030 00:00,46.210464858302934
23/07/2030 01:00,46.11416067775227
23/07/2030 02:00,42.8775702217963
23/07/2030 03:00,38.55129698826249
23/07/2030 04:00,37.77807901090287
23/07/2030 05:00,42.42714265685058
23/07/2030 06:00,41.21445737522636
23/07/2030 07:00,47.86695117648112
23/07/2030 08:00,6.859032400254648
23/07/2030 09:00,0.0
23/07/2030 10:00,0.0
23/07/2030 11:00,0.0
23/07/2030 12:00,0.0
23/07/2030 13:00,0.0
23/07/2030 14:00,0.0
23/07/2030 15:00,0.0
23/07/2030 16:00,0.0
23/07/2030 17:00,0.0
23/07/2030 18:00,0.0
23/07/2030 19:00,0.0
23/07/2030 20:00,0.939182441935985
23/07/2030 21:00,0.0
23/07/2030 22:00,0.0
23/07/2030 23:00,0.0
24/07/2030 00:00,52.78760371211584
24/07/2030 01:00,43.33549255567867
24/07/2030 02:00,56.58352168351837
24/07/2030 03:00,53.6184884121984
24/07/2030 04:00,31.555409270808035
24/07/2030 05:00,98.21460978002916
24/07/2030 06:00,118.76867342535935
24/07/2030 07:00,126.96449228407455
24/07/2030 08:00,0.0
24/07/2030 09:00,28.875912026601522
24/07/2030 10:00,0.0
24/07/2030 11:00,51.28135156788622
24/07/2030 12:00,31.957093434389343
24/07/2030 13:00,0.0
24/07/2030 14:00,15.805258612261643
24/07/2030 15:00,22.311111163774207
24/07/2030 16:00,0.0
24/07/2030 17:00,0.0
24/07/2030 18:00,28.607016457965436
24/07/2030 19:00,76.75544889187532
24/07/2030 20:00,87.86767276773506
24/07/2030 21:00,100.3482516307487
24/07/2030 22:00,14.134231382622689
24/07/2030 23:00,115.92778128829839
25/07/2030 00:00,112.4020310612453
25/07/2030 01:00,108.95972617309116
25/07/2030 02:00,108.55864326943468
25/07/2030 03:00,109.24753823330875
25/07/2030 04:00,114.4210863755154
25/07/2030 05:00,17.148587994926398
25/07/2030 06:00,28.930054022242686
25/07/2030 07:00,21.54210763314788
25/07/2030 08:00,92.2130089177291
25/07/2030 09:00,24.768746731181594
25/07/2030 10:00,76.65804419376057
25/07/2030 11:00,0.0
25/07/2030 12:00,0.0
25/07/2030 13:00,7.042776359325488
25/07/2030 14:00,0.0
25/07/2030 15:00,10.343889366577352
25/07/2030 16:00,0.0
25/07/2030 17:00,0.0
25/07/2030 18:00,18.413227209698075
25/07/2030 19:00,71.67224669127256
25/07/2030 20:00,88.44149433077634
25/07/2030 21:00,0.0
25/07/2030 22:00,111.75972064849465
25/07/2030 23:00,114.26120655778233
26/07/2030 00:00,26.35303375761396
26/07/2030 01:00,56.58945375549627
26/07/2030 02:00,115.58125694633308
26/07/2030 03:00,116.11043184903585
26/07/2030 04:00,50.61969331577446
26/07/2030 05:00,26.61924269328478
26/07/2030 06:00,153.8819151243711
26/07/2030 07:00,147.66223930587907
26/07/2030 08:00,105.01521819684862
26/07/2030 09:00,37.18423935530172
26/07/2030 10:00,0.0
26/07/2030 11:00,41.17844364722788
26/07/2030 12:00,0.0
26/07/2030 13:00,0.0
26/07/2030 14:00,0.0
26/07/2030 15:00,0.0
26/07/2030 16:00,19.07902971309482
26/07/2030 17:00,0.0
26/07/2030 18:00,27.20742283631682
26/07/2030 19:00,0.0
26/07/2030 20:00,107.16487212971754
26/07/2030 21:00,123.8013631144011
26/07/2030 22:00,17.571994541355842
26/07/2030 23:00,125.85815689141563
27/07/2030 00:00,125.10901081935772
27/07/2030 01:00,122.79203711906837
27/07/2030 02:00,119.7778326684372
27/07/2030 03:00,116.88397461009885
27/07/2030 04:00,118.94358395267597
27/07/2030 05:00,138.29496494633293
27/07/2030 06:00,44.861858190437665
27/07/2030 07:00,43.47149836485436
27/07/2030 08:00,116.56753081987156
27/07/2030 09:00,50.92280926559917
27/07/2030 10:00,0.0
27/07/2030 11:00,0.0
27/07/2030 12:00,0.0
27/07/2030 13:00,0.0
27/07/2030 14:00,0.0
27/07/2030 15:00,0.0
27/07/2030 16:00,0.0
27/07/2030 17:00,0.0
27/07/2030 18:00,0.0
27/07/2030 19:00,0.0
27/07/2030 20:00,79.24476271196528
27/07/2030 21:00,97.59582531713876
27/07/2030 22:00,105.35459220278665
27/07/2030 23:00,106.27227866255761
28/07/2030 00:00,107.49403483208097
28/07/2030 01:00,107.2476864931993
28/07/2030 02:00,112.56331797540722
28/07/2030 03:00,118.67583467876996
28/07/2030 04:00,75.70088071564099
28/07/2030 05:00,143.57423900470923
28/07/2030 06:00,52.187340490777395
28/07/2030 07:00,44.23468233436714
28/07/2030 08:00,26.267525790063566
28/07/2030 09:00,70.73592022694547
28/07/2030 10:00,11.713481206292878
28/07/2030 11:00,99.59940650378707
28/07/2030 12:00,24.092831684989104
28/07/2030 13:00,87.7545563241572
28/07/2030 14:00,0.0
28/07/2030 15:00,85.10635097762979
28/07/2030 16:00,84.16851152621905
28/07/2030 17:00,22.279074014320123
28/07/2030 18:00,0.0
28/07/2030 19:00,0.0
28/07/2030 20:00,140.71589359964244
28/07/2030 21:00,158.51880446476179
28/07/2030 22:00,165.89077487766085
28/07/2030 23:00,159.4852454062989
29/07/2030 00:00,149.8376686924053
29/07/2030 01:00,26.09368746523812
29/07/2030 02:00,33.22152205900276
29/07/2030 03:00,121.91010342702758
29/07/2030 04:00,64.0268702243914
29/07/2030 05:00,121.48631842781039
29/07/2030 06:00,126.22887056749211
29/07/2030 07:00,123.41865043087749
29/07/2030 08:00,102.1621175004516
29/07/2030 09:00,55.794631225471555
29/07/2030 10:00,44.76493739875951
29/07/2030 11:00,0.0
29/07/2030 12:00,0.0
29/07/2030 13:00,33.920110871907475
29/07/2030 14:00,25.82917981104982
29/07/2030 15:00,38.56897957809995
29/07/2030 16:00,45.89605465265341
29/07/2030 17:00,0.0
29/07/2030 18:00,0.0
29/07/2030 19:00,0.0
29/07/2030 20:00,78.8222624902468
29/07/2030 21:00,0.0
29/07/2030 22:00,0.0
29/07/2030 23:00,61.87692443539388
30/07/2030 00:00,67.63331296763359
30/07/2030 01:00,74.9735754400312
30/07/2030 02:00,67.6797621851749
30/07/2030 03:00,65.90825999257693
30/07/2030 04:00,66.54580012088964
30/07/2030 05:00,64.8349536983642
30/07/2030 06:00,58.31481314612796
30/07/2030 07:00,39.01353565509341
30/07/2030 08:00,0.0
30/07/2030 09:00,0.0
30/07/2030 10:00,0.0
30/07/2030 11:00,0.0
30/07/2030 12:00,0.0
30/07/2030 13:00,0.0
30/07/2030 14:00,0.0
30/07/2030 15:00,0.0
30/07/2030 16:00,0.0
30/07/2030 17:00,0.0
30/07/2030 18:00,0.0
30/07/2030 19:00,25.374163835405994
30/07/2030 20:00,0.0
30/07/2030 21:00,8.799998338401336
30/07/2030 22:00,49.2665413349217
30/07/2030 23:00,0.0
31/07/2030 00:00,6.945375096253536
31/07/2030 01:00,49.440164629749184
31/07/2030 02:00,69.00790392462088
31/07/2030 03:00,60.579723730797205
31/07/2030 04:00,65.40249877868003
31/07/2030 05:00,2.297376316210189
31/07/2030 06:00,0.0
31/07/2030 07:00,0.0
31/07/2030 08:00,98.76487046947571
31/07/2030 09:00,61.52301786030392
31/07/2030 10:00,12.070652130991082
31/07/2030 11:00,0.0
31/07/2030 12:00,71.30850706828565
31/07/2030 13:00,67.60237657388882
31/07/2030 14:00,79.40528273813338
31/07/2030 15:00,94.57759334054614
31/07/2030 16:00,0.0
31/07/2030 17:00,22.047626323838852
31/07/2030 18:00,27.831801638376223
31/07/2030 19:00,9.391133489872336
31/07/2030 20:00,0.0
31/07/2030 21:00,12.989770049836183
31/07/2030 22:00,0.0
31/07/2030 23:00,34.07588696548816
01/08/2030 00:00,105.40197280323807
01/08/2030 01:00,126.17651942072605
01/08/2030 02:00,110.10973342832406
01/08/2030 03:00,97.57032527402886
01/08/2030 04:00,95.60806513803995
01/08/2030 05:00,88.17210851428874
01/08/2030 06:00,109.88326698512539
01/08/2030 07:00,7.217191135813354
01/08/2030 08:00,89.7549206035164
01/08/2030 09:00,67.715947831305
01/08/2030 10:00,6.856420988480909
01/08/2030 11:00,0.0
01/08/2030 12:00,57.894685137448626
01/08/2030 13:00,39.763560241745374
01/08/2030 14:00,28.66404177880169
01/08/2030 15:00,23.606747440152244
01/08/2030 16:00,0.0
01/08/2030 17:00,0.0
01/08/2030 18:00,15.755978659439153
01/08/2030 19:00,48.90224482403191
01/08/2030 20:00,83.39787398126046
01/08/2030 21:00,84.80952609765377
01/08/2030 22:00,95.00447973297726
01/08/2030 23:00,84.08229405301968
02/08/2030 00:00,70.82357419127656
02/08/2030 01:00,63.46776504997519
02/08/2030 02:00,85.42477444740197
02/08/2030 03:00,107.03403506987202
02/08/2030 04:00,104.58829931244567
02/08/2030 05:00,120.35596213603795
02/08/2030 06:00,42.85549346080082
02/08/2030 07:00,135.69947401839505
02/08/2030 08:00,111.83757952309587
02/08/2030 09:00,74.76628333156475
02/08/2030 10:00,34.20037657669374
02/08/2030 11:00,29.71213762338774
02/08/2030 12:00,38.89536763905123
02/08/2030 13:00,5.660138262147643
02/08/2030 14:00,0.0
02/08/2030 15:00,0.0
02/08/2030 16:00,0.0
02/08/2030 17:00,0.0
02/08/2030 18:00,0.0
02/08/2030 19:00,0.0
02/08/2030 20:00,0.0
02/08/2030 21:00,0.0
02/08/2030 22:00,0.0
02/08/2030 23:00,0.0
03/08/2030 00:00,7.2756754614347425
03/08/2030 01:00,44.8108863721686
03/08/2030 02:00,65.09920454489917
03/08/2030 03:00,49.12143197261762
03/08/2030 04:00,51.19205733402532
03/08/2030 05:00,44.41462267667651
03/08/2030 06:00,78.34472364532185
03/08/2030 07:00,4.111623805186439
03/08/2030 08:00,80.89878759144965
03/08/2030 09:00,14.170677295264001
03/08/2030 10:00,47.50260843132668
03/08/2030 11:00,34.37508675575702
03/08/2030 12:00,11.708983777899334
03/08/2030 13:00,4.604907499805215
03/08/2030 14:00,0.0
03/08/2030 15:00,0.0
03/08/2030 16:00,0.0
03/08/2030 17:00,0.0
03/08/2030 18:00,0.0
03/08/2030 19:00,0.0
03/08/2030 20:00,17.917742523090894
03/08/2030 21:00,4.550762113141203
03/08/2030 22:00,0.0
03/08/2030 23:00,0.0
04/08/2030 00:00,0.0
04/08/2030 01:00,0.0
04/08/2030 02:00,0.0
04/08/2030 03:00,0.0
04/08/2030 04:00,0.0
04/08/2030 05:00,0.0
04/08/2030 06:00,0.0
04/08/2030 07:00,0.0
04/08/2030 08:00,46.60666895798421
04/08/2030 09:00,0.0
04/08/2030 10:00,0.0
04/08/2030 11:00,0.0
04/08/2030 12:00,0.0
04/08/2030 13:00,0.0
04/08/2030 14:00,0.0
04/08/2030 15:00,0.0
04/08/2030 16:00,0.0
04/08/2030 17:00,0.0
04/08/2030 18:00,0.0
04/08/2030 19:00,0.0
04/08/2030 20:00,0.0
04/08/2030 21:00,0.0
04/08/2030 22:00,0.0
04/08/2030 23:00,0.0
05/08/2030 00:00,0.0
05/08/2030 01:00,0.0
05/08/2030 02:00,0.0
05/08/2030 03:00,0.0
05/08/2030 04:00,0.0
05/08/2030 05:00,6.937880769803102
05/08/2030 06:00,21.720445206758594
05/08/2030 07:00,32.19968692467349
05/08/2030 08:00,8.514689136845043
05/08/2030 09:00,0.0
05/08/2030 10:00,0.0
05/08/2030 11:00,0.0
05/08/2030 12:00,0.0
05/08/2030 13:00,0.0
05/08/2030 14:00,0.0
05/08/2030 15:00,0.0
05/08/2030 16:00,0.0
05/08/2030 17:00,0.0
05/08/2030 18:00,0.0
05/08/2030 19:00,0.0
05/08/2030 20:00,0.0
05/08/2030 21:00,0.0
05/08/2030 22:00,0.0
05/08/2030 23:00,0.0
06/08/2030 00:00,0.0
06/08/2030 01:00,0.0
06/08/2030 02:00,0.0
06/08/2030 03:00,0.0
06/08/2030 04:00,0.0
06/08/2030 05:00,0.0
06/08/2030 06:00,0.0
06/08/2030 07:00,0.0
06/08/2030 08:00,0.0
06/08/2030 09:00,0.0
06/08/2030 10:00,0.0
06/08/2030 11:00,0.0
06/08/2030 12:00,0.0
06/08/2030 13:00,0.0
06/08/2030 14:00,0.0
06/08/2030 15:00,0.0
06/08/2030 16:00,0.0
06/08/2030 17:00,0.0
06/08/2030 18:00,0.0
06/08/2030 19:00,0.0
06/08/2030 20:00,0.0
06/08/2030 21:00,0.0
06/08/2030 22:00,0.0
06/08/2030 23:00,0.0
07/08/2030 00:00,0.0
07/08/2030 01:00,0.0
07/08/2030 02:00,0.0
07/08/2030 03:00,0.0
07/08/2030 04:00,0.0
07/08/2030 05:00,0.0
07/08/2030 06:00,0.0
07/08/2030 07:00,0.0
07/08/2030 08:00,4.591741151157296
07/08/2030 09:00,0.0
07/08/2030 10:00,0.0
07/08/2030 11:00,0.0
07/08/2030 12:00,0.0
07/08/2030 13:00,0.0
07/08/2030 14:00,0.0
07/08/2030 15:00,0.0
07/08/2030 16:00,0.0
07/08/2030 17:00,0.0
07/08/2030 18:00,0.0
07/08/2030 19:00,0.0
07/08/2030 20:00,0.0
07/08/2030 21:00,0.0
07/08/2030 22:00,0.0
07/08/2030 23:00,0.0
08/08/2030 00:00,0.0
08/08/2030 01:00,0.0
08/08/2030 02:00,0.0
08/08/2030 03:00,0.0
08/08/2030 04:00,0.0
08/08/2030 05:00,0.0
08/08/2030 06:00,0.0
08/08/2030 07:00,0.0
08/08/2030 08:00,0.0
08/08/2030 09:00,0.0
08/08/2030 10:00,0.0
08/08/2030 11:00,0.0
08/08/2030 12:00,0.0
08/08/2030 13:00,0.0
08/08/2030 14:00,0.0
08/08/2030 15:00,0.0
08/08/2030 16:00,0.0
08/08/2030 17:00,0.0
08/08/2030 18:00,0.0
08/08/2030 19:00,0.0
08/08/2030 20:00,0.0
08/08/2030 21:00,0.0
08/08/2030 22:00,0.0
08/08/2030 23:00,0.0
09/08/2030 00:00,0.0
09/08/2030 01:00,0.0
09/08/2030 02:00,0.0
09/08/2030 03:00,0.0
09/08/2030 04:00,0.0
09/08/2030 05:00,0.0
09/08/2030 06:00,0.0
09/08/2030 07:00,0.0
09/08/2030 08:00,0.0
09/08/2030 09:00,0.0
09/08/2030 10:00,0.0
09/08/2030 11:00,0.0
09/08/2030 12:00,0.0
09/08/2030 13:00,0.0
09/08/2030 14:00,0.0
09/08/2030 15:00,0.0
09/08/2030 16:00,0.0
09/08/2030 17:00,0.0
09/08/2030 18:00,35.20161817908477
09/08/2030 19:00,0.0
09/08/2030 20:00,81.2780278686405
09/08/2030 21:00,0.0
09/08/2030 22:00,39.790325215052185
09/08/2030 23:00,26.780346070619398
10/08/2030 00:00,2.4652295972329825
10/08/2030 01:00,0.0
10/08/2030 02:00,0.0
10/08/2030 03:00,0.0
10/08/2030 04:00,0.0
10/08/2030 05:00,0.0
10/08/2030 06:00,0.0
10/08/2030 07:00,0.5719384673733894
10/08/2030 08:00,0.0
10/08/2030 09:00,0.0
10/08/2030 10:00,21.99459474220993
10/08/2030 11:00,0.0
10/08/2030 12:00,9.941901873555434
10/08/2030 13:00,13.293279588553462
10/08/2030 14:00,0.0
10/08/2030 15:00,45.55693563419111
10/08/2030 16:00,0.0
10/08/2030 17:00,0.0
10/08/2030 18:00,105.51400050502048
10/08/2030 19:00,43.859636187154464
10/08/2030 20:00,46.08930998182677
10/08/2030 21:00,68.53670204981663
10/08/2030 22:00,119.82866740229888
10/08/2030 23:00,115.63778778009227
11/08/2030 00:00,102.06711148905713
11/08/2030 01:00,88.29371183152561
11/08/2030 02:00,75.8173445897131
11/08/2030 03:00,69.98028381155598
11/08/2030 04:00,69.08001886118767
11/08/2030 05:00,0.0
11/08/2030 06:00,88.57214301822862
11/08/2030 07:00,80.6158951791258
11/08/2030 08:00,58.117571011003534
11/08/2030 09:00,0.0
11/08/2030 10:00,0.0
11/08/2030 11:00,27.642356844947297
11/08/2030 12:00,3.021444126838655
11/08/2030 13:00,0.0
11/08/2030 14:00,0.0
11/08/2030 15:00,0.0
11/08/2030 16:00,0.0
11/08/2030 17:00,0.0
11/08/2030 18:00,54.24617978501376
11/08/2030 19:00,33.50401166330811
11/08/2030 20:00,39.00253553177264
11/08/2030 21:00,43.273950222741455
11/08/2030 22:00,34.09833309545982
11/08/2030 23:00,132.1340784609977
12/08/2030 00:00,117.99146700052289
12/08/2030 01:00,104.14371532191666
12/08/2030 02:00,103.52858219940312
12/08/2030 03:00,100.68942926688845
12/08/2030 04:00,95.04275146398427
12/08/2030 05:00,91.51135327733317
12/08/2030 06:00,93.26693377264465
12/08/2030 07:00,85.45595992811543
12/08/2030 08:00,50.847675676333466
12/08/2030 09:00,0.0
12/08/2030 10:00,0.0
12/08/2030 11:00,0.0
12/08/2030 12:00,0.0
12/08/2030 13:00,0.0
12/08/2030 14:00,0.0
12/08/2030 15:00,0.0
12/08/2030 16:00,0.0
12/08/2030 17:00,0.0
12/08/2030 18:00,0.0
12/08/2030 19:00,75.0194541083802
12/08/2030 20:00,18.700368031115413
12/08/2030 21:00,31.746839293329717
12/08/2030 22:00,144.64939235218617
12/08/2030 23:00,135.46804595074494
13/08/2030 00:00,0.0
13/08/2030 01:00,115.368339971663
13/08/2030 02:00,119.50983822193271
13/08/2030 03:00,118.94002941254648
13/08/2030 04:00,119.69427055274573
13/08/2030 05:00,121.52315810333911
13/08/2030 06:00,120.59595543685376
13/08/2030 07:00,106.37934818298619
13/08/2030 08:00,68.22302580877567
13/08/2030 09:00,20.147373343633017
13/08/2030 10:00,0.0
13/08/2030 11:00,0.0
13/08/2030 12:00,0.0
13/08/2030 13:00,0.0
13/08/2030 14:00,0.0
13/08/2030 15:00,0.0
13/08/2030 16:00,0.0
13/08/2030 17:00,0.0
13/08/2030 18:00,0.0
13/08/2030 19:00,0.0
13/08/2030 20:00,42.1411184725955
13/08/2030 21:00,50.99862955645701
13/08/2030 22:00,61.5061958383176
13/08/2030 23:00,43.503872154031626
14/08/2030 00:00,30.35220477309368
14/08/2030 01:00,0.0
14/08/2030 02:00,7.014307621204968
14/08/2030 03:00,13.060808089960712
14/08/2030 04:00,0.0
14/08/2030 05:00,29.10057654868729
14/08/2030 06:00,44.25013086720579
14/08/2030 07:00,42.42953243186885
14/08/2030 08:00,0.0
14/08/2030 09:00,0.0
14/08/2030 10:00,0.0
14/08/2030 11:00,0.0
14/08/2030 12:00,0.0
14/08/2030 13:00,0.0
14/08/2030 14:00,0.0
14/08/2030 15:00,0.0
14/08/2030 16:00,0.0
14/08/2030 17:00,0.0
14/08/2030 18:00,0.0
14/08/2030 19:00,0.0
14/08/2030 20:00,0.0
14/08/2030 21:00,0.0
14/08/2030 22:00,0.0
14/08/2030 23:00,5.045857206220275
15/08/2030 00:00,7.442630556574893
15/08/2030 01:00,3.800266790709763
15/08/2030 02:00,0.020510091096053354
15/08/2030 03:00,0.0
15/08/2030 04:00,0.0
15/08/2030 05:00,0.0
15/08/2030 06:00,6.951944053083706
15/08/2030 07:00,2.2451292279943007
15/08/2030 08:00,0.0
15/08/2030 09:00,0.0
15/08/2030 10:00,0.0
15/08/2030 11:00,0.0
15/08/2030 12:00,0.0
15/08/2030 13:00,0.0
15/08/2030 14:00,0.0
15/08/2030 15:00,0.0
15/08/2030 16:00,0.0
15/08/2030 17:00,0.0
15/08/2030 18:00,0.0
15/08/2030 19:00,0.0
15/08/2030 20:00,0.0
15/08/2030 21:00,0.0
15/08/2030 22:00,33.75506340026354
15/08/2030 23:00,31.014974758847682
16/08/2030 00:00,25.95665237153035
16/08/2030 01:00,24.57529694213475
16/08/2030 02:00,20.5754595012299
16/08/2030 03:00,17.919921074559436
16/08/2030 04:00,0.0
16/08/2030 05:00,0.0
16/08/2030 06:00,0.0
16/08/2030 07:00,0.0
16/08/2030 08:00,0.0
16/08/2030 09:00,0.0
16/08/2030 10:00,40.1158593356134
16/08/2030 11:00,0.0
16/08/2030 12:00,0.0
16/08/2030 13:00,0.0
16/08/2030 14:00,0.0
16/08/2030 15:00,0.0
16/08/2030 16:00,0.0
16/08/2030 17:00,0.0
16/08/2030 18:00,0.0
16/08/2030 19:00,0.0
16/08/2030 20:00,0.0
16/08/2030 21:00,0.0
16/08/2030 22:00,0.0
16/08/2030 23:00,10.876009670930982
17/08/2030 00:00,25.386276172668268
17/08/2030 01:00,0.0
17/08/2030 02:00,10.24172582889569
17/08/2030 03:00,35.385064383544325
17/08/2030 04:00,38.28160267405436
17/08/2030 05:00,49.88070215120315
17/08/2030 06:00,0.0
17/08/2030 07:00,72.30563645654753
17/08/2030 08:00,46.33141218389181
17/08/2030 09:00,0.0
17/08/2030 10:00,0.0
17/08/2030 11:00,0.0
17/08/2030 12:00,0.0
17/08/2030 13:00,0.0
17/08/2030 14:00,0.0
17/08/2030 15:00,0.0
17/08/2030 16:00,0.0
17/08/2030 17:00,0.0
17/08/2030 18:00,0.0
17/08/2030 19:00,48.89196704709157
17/08/2030 20:00,16.18902985603358
17/08/2030 21:00,43.76936166509233
17/08/2030 22:00,65.42380903863676
17/08/2030 23:00,0.0
18/08/2030 00:00,67.73705669236367
18/08/2030 01:00,72.023070987352
18/08/2030 02:00,0.0
18/08/2030 03:00,17.852362659014414
18/08/2030 04:00,91.94144522483259
18/08/2030 05:00,104.14139139339608
18/08/2030 06:00,119.26518847648003
18/08/2030 07:00,117.43571971166541
18/08/2030 08:00,88.69920362070224
18/08/2030 09:00,24.645676214735364
18/08/2030 10:00,73.92817022598659
18/08/2030 11:00,0.0
18/08/2030 12:00,0.0
18/08/2030 13:00,0.0
18/08/2030 14:00,0.0
18/08/2030 15:00,0.0
18/08/2030 16:00,0.0
18/08/2030 17:00,0.0
18/08/2030 18:00,4.313347746493078
18/08/2030 19:00,56.28578465062895
18/08/2030 20:00,71.53295017977727
18/08/2030 21:00,74.10037250611366
18/08/2030 22:00,80.67411758167647
18/08/2030 23:00,81.54111926397675
19/08/2030 00:00,84.61539497986108
19/08/2030 01:00,79.46291372727221
19/08/2030 02:00,76.83416563339956
19/08/2030 03:00,42.47322223550536
19/08/2030 04:00,2.8184411513182415
19/08/2030 05:00,0.0
19/08/2030 06:00,0.0
19/08/2030 07:00,0.0
19/08/2030 08:00,49.73089915771702
19/08/2030 09:00,0.0
19/08/2030 10:00,0.0
19/08/2030 11:00,0.0
19/08/2030 12:00,0.0
19/08/2030 13:00,0.0
19/08/2030 14:00,0.0
19/08/2030 15:00,0.0
19/08/2030 16:00,0.0
19/08/2030 17:00,0.0
19/08/2030 18:00,11.887400342574196
19/08/2030 19:00,0.0
19/08/2030 20:00,0.0
19/08/2030 21:00,32.059124985271616
19/08/2030 22:00,0.0
19/08/2030 23:00,0.0
20/08/2030 00:00,0.0
20/08/2030 01:00,37.869033442049805
20/08/2030 02:00,19.19947186341296
20/08/2030 03:00,7.35394416919721
20/08/2030 04:00,6.3473241676822365
20/08/2030 05:00,12.423817492428865
20/08/2030 06:00,17.273610074178233
20/08/2030 07:00,9.138696974092928
20/08/2030 08:00,0.0
20/08/2030 09:00,0.0
20/08/2030 10:00,0.0
20/08/2030 11:00,0.0
20/08/2030 12:00,0.0
20/08/2030 13:00,0.0
20/08/2030 14:00,0.0
20/08/2030 15:00,0.0
20/08/2030 16:00,0.0
20/08/2030 17:00,0.0
20/08/2030 18:00,0.0
20/08/2030 19:00,0.0
20/08/2030 20:00,0.0
20/08/2030 21:00,0.0
20/08/2030 22:00,0.0
20/08/2030 23:00,0.0
21/08/2030 00:00,0.0
21/08/2030 01:00,0.0
21/08/2030 02:00,0.0
21/08/2030 03:00,0.0
21/08/2030 04:00,0.0
21/08/2030 05:00,0.0
21/08/2030 06:00,24.570764343925457
21/08/2030 07:00,52.77915508579032
21/08/2030 08:00,38.182861502745666
21/08/2030 09:00,0.0
21/08/2030 10:00,0.0
21/08/2030 11:00,0.0
21/08/2030 12:00,0.0
21/08/2030 13:00,0.0
21/08/2030 14:00,0.0
21/08/2030 15:00,0.0
21/08/2030 16:00,0.0
21/08/2030 17:00,8.74645242088209
21/08/2030 18:00,0.0
21/08/2030 19:00,58.73213263931792
21/08/2030 20:00,0.0
21/08/2030 21:00,70.85219772147136
21/08/2030 22:00,73.42342512376648
21/08/2030 23:00,64.03904452229872
22/08/2030 00:00,0.0
22/08/2030 01:00,20.873890774953242
22/08/2030 02:00,60.552625469719814
22/08/2030 03:00,61.1248194215162
22/08/2030 04:00,55.12454448373443
22/08/2030 05:00,0.4084312832673686
22/08/2030 06:00,95.65604274026228
22/08/2030 07:00,94.87634854094591
22/08/2030 08:00,34.216260066632685
22/08/2030 09:00,62.37532694221987
22/08/2030 10:00,1.4923015172194418
22/08/2030 11:00,68.35601293652206
22/08/2030 12:00,51.62719138799375
22/08/2030 13:00,36.23813373106517
22/08/2030 14:00,0.0
22/08/2030 15:00,56.61595484247848
22/08/2030 16:00,0.0
22/08/2030 17:00,0.0
22/08/2030 18:00,0.0
22/08/2030 19:00,0.0
22/08/2030 20:00,11.986124870953699
22/08/2030 21:00,58.235827037448665
22/08/2030 22:00,106.52210330002937
22/08/2030 23:00,0.0
23/08/2030 00:00,96.064354191096
23/08/2030 01:00,88.20006206876276
23/08/2030 02:00,82.72613051994144
23/08/2030 03:00,80.56217630010744
23/08/2030 04:00,82.52376637800566
23/08/2030 05:00,93.4116437636665
23/08/2030 06:00,110.30962327152008
23/08/2030 07:00,106.30910067822651
23/08/2030 08:00,70.87369889624158
23/08/2030 09:00,81.42469778063275
23/08/2030 10:00,31.452346688847783
23/08/2030 11:00,14.70450415719868
23/08/2030 12:00,84.17634001508164
23/08/2030 13:00,92.21293118316838
23/08/2030 14:00,71.1981586747858
23/08/2030 15:00,79.18810044742602
23/08/2030 16:00,0.0
23/08/2030 17:00,0.0
23/08/2030 18:00,0.0
23/08/2030 19:00,0.0
23/08/2030 20:00,13.07690765395551
23/08/2030 21:00,64.0400942436181
23/08/2030 22:00,92.14964515534948
23/08/2030 23:00,16.446294810747744
24/08/2030 00:00,75.85965257123155
24/08/2030 01:00,14.698429131572937
24/08/2030 02:00,60.72022894124964
24/08/2030 03:00,63.01875440812365
24/08/2030 04:00,61.73470062419673
24/08/2030 05:00,59.398591935235984
24/08/2030 06:00,77.60719243046378
24/08/2030 07:00,72.91852474913631
24/08/2030 08:00,36.35405900221845
24/08/2030 09:00,50.512595481018735
24/08/2030 10:00,110.5001457537055
24/08/2030 11:00,0.0
24/08/2030 12:00,0.0
24/08/2030 13:00,78.40901456114253
24/08/2030 14:00,83.36037542736761
24/08/2030 15:00,107.27157326197253
24/08/2030 16:00,30.790932849364626
24/08/2030 17:00,11.434679589636108
24/08/2030 18:00,65.87073594235677
24/08/2030 19:00,5.108779919334668
24/08/2030 20:00,0.0
24/08/2030 21:00,29.651957310378542
24/08/2030 22:00,88.18150046003663
24/08/2030 23:00,78.28595664498306
25/08/2030 00:00,72.45748019943102
25/08/2030 01:00,70.12718521627741
25/08/2030 02:00,6.844422270691642
25/08/2030 03:00,19.54932824528569
25/08/2030 04:00,70.26197779584847
25/08/2030 05:00,83.6719531342826
25/08/2030 06:00,29.55376539994366
25/08/2030 07:00,98.81835740087978
25/08/2030 08:00,68.25888034378093
25/08/2030 09:00,77.71474871238848
25/08/2030 10:00,121.29060794962038
25/08/2030 11:00,0.0
25/08/2030 12:00,0.0
25/08/2030 13:00,62.993251130556104
25/08/2030 14:00,7.3716103074611175
25/08/2030 15:00,88.36206120336531
25/08/2030 16:00,76.69827341900549
25/08/2030 17:00,0.0
25/08/2030 18:00,43.87116014324094
25/08/2030 19:00,48.07160236365306
25/08/2030 20:00,0.0
25/08/2030 21:00,9.0848483376884
25/08/2030 22:00,0.0
25/08/2030 23:00,71.53681841753568
26/08/2030 00:00,0.0
26/08/2030 01:00,54.93938117010725
26/08/2030 02:00,44.86774081070843
26/08/2030 03:00,42.60509726810482
26/08/2030 04:00,61.818190837814306
26/08/2030 05:00,68.72005604719901
26/08/2030 06:00,57.76724419240056
26/08/2030 07:00,81.40962298482245
26/08/2030 08:00,36.67918068797393
26/08/2030 09:00,0.0
26/08/2030 10:00,0.0
26/08/2030 11:00,0.0
26/08/2030 12:00,0.0
26/08/2030 13:00,0.0
26/08/2030 14:00,0.0
26/08/2030 15:00,0.0
26/08/2030 16:00,0.0
26/08/2030 17:00,0.0
26/08/2030 18:00,0.0
26/08/2030 19:00,0.0
26/08/2030 20:00,0.0
26/08/2030 21:00,0.0
26/08/2030 22:00,0.0
26/08/2030 23:00,0.0
27/08/2030 00:00,0.0
27/08/2030 01:00,0.0
27/08/2030 02:00,0.0
27/08/2030 03:00,0.0
27/08/2030 04:00,0.0
27/08/2030 05:00,0.0
27/08/2030 06:00,0.0
27/08/2030 07:00,0.0
27/08/2030 08:00,0.0
27/08/2030 09:00,0.0
27/08/2030 10:00,0.0
27/08/2030 11:00,0.0
27/08/2030 12:00,0.0
27/08/2030 13:00,0.0
27/08/2030 14:00,0.0
27/08/2030 15:00,0.0
27/08/2030 16:00,0.0
27/08/2030 17:00,0.0
27/08/2030 18:00,0.0
27/08/2030 19:00,0.0
27/08/2030 20:00,0.0
27/08/2030 21:00,0.0
27/08/2030 22:00,0.0
27/08/2030 23:00,0.0
28/08/2030 00:00,0.0
28/08/2030 01:00,0.0
28/08/2030 02:00,0.0
28/08/2030 03:00,0.0
28/08/2030 04:00,10.217555567574934
28/08/2030 05:00,42.92361659412801
28/08/2030 06:00,81.76291540496292
28/08/2030 07:00,110.92138041795967
28/08/2030 08:00,107.86806732067834
28/08/2030 09:00,73.07270972062778
28/08/2030 10:00,37.234397047006425
28/08/2030 11:00,42.580715503086985
28/08/2030 12:00,33.957177117386124
28/08/2030 13:00,50.049795608890115
28/08/2030 14:00,58.536311496888814
28/08/2030 15:00,64.4206902192031
28/08/2030 16:00,83.18432150598632
28/08/2030 17:00,112.75804810997066
28/08/2030 18:00,146.01775534681332
28/08/2030 19:00,171.76675172534092
28/08/2030 20:00,79.53631107787648
28/08/2030 21:00,69.77011949986539
28/08/2030 22:00,161.97014420323677
28/08/2030 23:00,153.43831909659943
29/08/2030 00:00,142.540114517425
29/08/2030 01:00,67.25687759826492
29/08/2030 02:00,127.44065473603604
29/08/2030 03:00,95.42466050828631
29/08/2030 04:00,117.54503104279709
29/08/2030 05:00,108.44708441029427
29/08/2030 06:00,144.00013740620125
29/08/2030 07:00,33.758886678604505
29/08/2030 08:00,118.02008644021012
29/08/2030 09:00,52.41479425195645
29/08/2030 10:00,37.54323517721054
29/08/2030 11:00,39.906634826781534
29/08/2030 12:00,0.0
29/08/2030 13:00,0.0
29/08/2030 14:00,33.755390452839855
29/08/2030 15:00,59.775102600104155
29/08/2030 16:00,0.0
29/08/2030 17:00,19.914796814633817
29/08/2030 18:00,59.311627516688496
29/08/2030 19:00,0.0
29/08/2030 20:00,0.0
29/08/2030 21:00,0.0
29/08/2030 22:00,75.23075899191392
29/08/2030 23:00,0.0
30/08/2030 00:00,47.84828459622735
30/08/2030 01:00,50.35621596254588
30/08/2030 02:00,49.27725411403709
30/08/2030 03:00,53.83663428177359
30/08/2030 04:00,61.75667655615929
30/08/2030 05:00,24.681773460552186
30/08/2030 06:00,104.38261869926961
30/08/2030 07:00,105.71303492490226
30/08/2030 08:00,80.85703078836177
30/08/2030 09:00,17.39236890712676
30/08/2030 10:00,0.0
30/08/2030 11:00,0.0
30/08/2030 12:00,0.0
30/08/2030 13:00,0.0
30/08/2030 14:00,0.0
30/08/2030 15:00,0.0
30/08/2030 16:00,0.0
30/08/2030 17:00,0.0
30/08/2030 18:00,0.0
30/08/2030 19:00,0.0
30/08/2030 20:00,0.0
30/08/2030 21:00,0.0
30/08/2030 22:00,0.0
30/08/2030 23:00,0.0
31/08/2030 00:00,0.0
31/08/2030 01:00,0.0
31/08/2030 02:00,0.0
31/08/2030 03:00,0.0
31/08/2030 04:00,0.0
31/08/2030 05:00,0.0
31/08/2030 06:00,0.0
31/08/2030 07:00,0.0
31/08/2030 08:00,0.0
31/08/2030 09:00,0.0
31/08/2030 10:00,0.0
31/08/2030 11:00,0.0
31/08/2030 12:00,0.0
31/08/2030 13:00,0.0
31/08/2030 14:00,0.0
31/08/2030 15:00,0.0
31/08/2030 16:00,0.0
31/08/2030 17:00,0.0
31/08/2030 18:00,0.0
31/08/2030 19:00,0.0
31/08/2030 20:00,0.0
31/08/2030 21:00,0.0
31/08/2030 22:00,0.0
31/08/2030 23:00,0.0
01/09/2030 00:00,0.0
01/09/2030 01:00,0.0
01/09/2030 02:00,0.0
01/09/2030 03:00,0.0
01/09/2030 04:00,0.0
01/09/2030 05:00,0.0
01/09/2030 06:00,0.0
01/09/2030 07:00,0.0
01/09/2030 08:00,0.0
01/09/2030 09:00,0.0
01/09/2030 10:00,0.0
01/09/2030 11:00,0.0
01/09/2030 12:00,0.0
01/09/2030 13:00,0.0
01/09/2030 14:00,0.0
01/09/2030 15:00,0.0
01/09/2030 16:00,0.0
01/09/2030 17:00,0.0
01/09/2030 18:00,50.399916536121935
01/09/2030 19:00,0.0
01/09/2030 20:00,0.0
01/09/2030 21:00,2.3148590482240508
01/09/2030 22:00,0.0
01/09/2030 23:00,0.0
02/09/2030 00:00,0.0
02/09/2030 01:00,0.0
02/09/2030 02:00,0.0
02/09/2030 03:00,0.0
02/09/2030 04:00,0.0
02/09/2030 05:00,0.0
02/09/2030 06:00,0.0
02/09/2030 07:00,0.0
02/09/2030 08:00,0.0
02/09/2030 09:00,0.0
02/09/2030 10:00,0.0
02/09/2030 11:00,0.0
02/09/2030 12:00,0.0
02/09/2030 13:00,0.0
02/09/2030 14:00,33.13535818535865
02/09/2030 15:00,0.0
02/09/2030 16:00,0.0
02/09/2030 17:00,0.0
02/09/2030 18:00,12.294169690057753
02/09/2030 19:00,0.0
02/09/2030 20:00,0.0
02/09/2030 21:00,0.0
02/09/2030 22:00,0.0
02/09/2030 23:00,0.0
03/09/2030 00:00,0.0
03/09/2030 01:00,0.0
03/09/2030 02:00,0.0
03/09/2030 03:00,0.0
03/09/2030 04:00,0.0
03/09/2030 05:00,0.0
03/09/2030 06:00,0.0
03/09/2030 07:00,0.0
03/09/2030 08:00,0.0
03/09/2030 09:00,0.0
03/09/2030 10:00,0.0
03/09/2030 11:00,0.0
03/09/2030 12:00,0.0
03/09/2030 13:00,0.0
03/09/2030 14:00,0.0
03/09/2030 15:00,0.0
03/09/2030 16:00,0.0
03/09/2030 17:00,0.0
03/09/2030 18:00,46.47059101011896
03/09/2030 19:00,87.46315414835519
03/09/2030 20:00,103.26808404531742
03/09/2030 21:00,56.427440290202895
03/09/2030 22:00,55.808226110992806
03/09/2030 23:00,49.90700758348295
04/09/2030 00:00,73.700470393173
04/09/2030 01:00,0.0
04/09/2030 02:00,0.0
04/09/2030 03:00,61.31081130744728
04/09/2030 04:00,68.73368170939327
04/09/2030 05:00,0.0
04/09/2030 06:00,120.11152970043157
04/09/2030 07:00,129.32073987238002
04/09/2030 08:00,102.97632349923036
04/09/2030 09:00,32.33690281945967
04/09/2030 10:00,0.0
04/09/2030 11:00,39.653029750507095
04/09/2030 12:00,21.91206064393508
04/09/2030 13:00,0.0
04/09/2030 14:00,17.134075426605545
04/09/2030 15:00,3.8654891631714356
04/09/2030 16:00,0.0
04/09/2030 17:00,25.052908438637456
04/09/2030 18:00,94.04886310646224
04/09/2030 19:00,136.99663501268736
04/09/2030 20:00,44.232895236626646
04/09/2030 21:00,32.12472259873174
04/09/2030 22:00,122.22613925878512
04/09/2030 23:00,108.43874826029867
05/09/2030 00:00,105.66323779260831
05/09/2030 01:00,108.61716144130497
05/09/2030 02:00,106.58523969068509
05/09/2030 03:00,102.26462201144734
05/09/2030 04:00,106.68593918772686
05/09/2030 05:00,72.98287523865146
05/09/2030 06:00,41.123147914539345
05/09/2030 07:00,159.36493630344665
05/09/2030 08:00,119.20565661205656
05/09/2030 09:00,0.0
05/09/2030 10:00,0.0
05/09/2030 11:00,34.830776437216365
05/09/2030 12:00,0.0
05/09/2030 13:00,0.0
05/09/2030 14:00,0.0
05/09/2030 15:00,0.0
05/09/2030 16:00,0.0
05/09/2030 17:00,0.0
05/09/2030 18:00,0.0
05/09/2030 19:00,41.33310066671999
05/09/2030 20:00,68.3522881054589
05/09/2030 21:00,73.90705704449469
05/09/2030 22:00,63.34728906402731
05/09/2030 23:00,82.42848073518597
06/09/2030 00:00,75.75075061317622
06/09/2030 01:00,0.0
06/09/2030 02:00,59.66268251938907
06/09/2030 03:00,0.0
06/09/2030 04:00,0.0
06/09/2030 05:00,63.042466047618895
06/09/2030 06:00,57.2324172714452
06/09/2030 07:00,107.33037215093752
06/09/2030 08:00,58.23032531948309
06/09/2030 09:00,1.6101467743403777
06/09/2030 10:00,0.0
06/09/2030 11:00,0.0
06/09/2030 12:00,0.0
06/09/2030 13:00,0.0
06/09/2030 14:00,0.0
06/09/2030 15:00,0.0
06/09/2030 16:00,0.0
06/09/2030 17:00,0.0
06/09/2030 18:00,0.0
06/09/2030 19:00,27.05133822383727
06/09/2030 20:00,0.0
06/09/2030 21:00,0.0
06/09/2030 22:00,65.46318519423036
06/09/2030 23:00,0.0
07/09/2030 00:00,56.86829420815451
07/09/2030 01:00,47.38216908341632
07/09/2030 02:00,43.17326692005093
07/09/2030 03:00,43.55105754824123
07/09/2030 04:00,52.62977415693621
07/09/2030 05:00,71.92749505099813
07/09/2030 06:00,0.0
07/09/2030 07:00,105.70256341607342
07/09/2030 08:00,70.54784072972357
07/09/2030 09:00,11.04684414085857
07/09/2030 10:00,0.0
07/09/2030 11:00,9.774534542904947
07/09/2030 12:00,1.9748085930876254
07/09/2030 13:00,0.0
07/09/2030 14:00,12.014206590037988
07/09/2030 15:00,0.0
07/09/2030 16:00,39.25445838126901
07/09/2030 17:00,30.114416940418025
07/09/2030 18:00,97.79283848326519
07/09/2030 19:00,125.36934006311073
07/09/2030 20:00,128.26937161545922
07/09/2030 21:00,116.9747557716547
07/09/2030 22:00,109.87274548622692
07/09/2030 23:00,0.0
08/09/2030 00:00,101.87944502361232
08/09/2030 01:00,0.0
08/09/2030 02:00,106.68686858618467
08/09/2030 03:00,107.04099197077089
08/09/2030 04:00,109.36801654184742
08/09/2030 05:00,64.91116299083662
08/09/2030 06:00,84.0296072629954
08/09/2030 07:00,22.76853211727895
08/09/2030 08:00,95.31339941891146
08/09/2030 09:00,33.127198598212324
08/09/2030 10:00,0.0
08/09/2030 11:00,44.48334221202346
08/09/2030 12:00,0.0
08/09/2030 13:00,0.0
08/09/2030 14:00,18.353125157920765
08/09/2030 15:00,43.590733964103336
08/09/2030 16:00,0.0
08/09/2030 17:00,0.0
08/09/2030 18:00,110.08159491426616
08/09/2030 19:00,140.17750669759104
08/09/2030 20:00,40.52872641931677
08/09/2030 21:00,141.08359441531238
08/09/2030 22:00,131.22340392078428
08/09/2030 23:00,20.887208821514157
09/09/2030 00:00,124.57574791838515
09/09/2030 01:00,119.67133008880617
09/09/2030 02:00,117.32465862247865
09/09/2030 03:00,108.43566803861331
09/09/2030 04:00,113.92117089624912
09/09/2030 05:00,102.4950226487018
09/09/2030 06:00,68.89664367603277
09/09/2030 07:00,96.36208692852239
09/09/2030 08:00,84.53420674817924
09/09/2030 09:00,19.417423858159815
09/09/2030 10:00,0.0
09/09/2030 11:00,0.0
09/09/2030 12:00,0.0
09/09/2030 13:00,0.0
09/09/2030 14:00,0.0
09/09/2030 15:00,0.0
09/09/2030 16:00,0.0
09/09/2030 17:00,0.0
09/09/2030 18:00,0.0
09/09/2030 19:00,0.0
09/09/2030 20:00,109.45267634840643
09/09/2030 21:00,8.49286485696297
09/09/2030 22:00,129.6912406443145
09/09/2030 23:00,15.219039233266917
10/09/2030 00:00,118.83710983278054
10/09/2030 01:00,45.27432498858155
10/09/2030 02:00,36.10093940547004
10/09/2030 03:00,29.469298670382845
10/09/2030 04:00,29.91444564917051
10/09/2030 05:00,33.63622681088334
10/09/2030 06:00,39.482963491689674
10/09/2030 07:00,35.08983681321927
10/09/2030 08:00,9.589718456993252
10/09/2030 09:00,0.0
10/09/2030 10:00,0.0
10/09/2030 11:00,0.0
10/09/2030 12:00,0.0
10/09/2030 13:00,0.0
10/09/2030 14:00,0.0
10/09/2030 15:00,0.0
10/09/2030 16:00,0.0
10/09/2030 17:00,0.0
10/09/2030 18:00,0.0
10/09/2030 19:00,0.0
10/09/2030 20:00,0.0
10/09/2030 21:00,0.0
10/09/2030 22:00,22.426954583813394
10/09/2030 23:00,17.466866480558437
11/09/2030 00:00,17.08136000471934
11/09/2030 01:00,12.283297226669339
11/09/2030 02:00,0.0
11/09/2030 03:00,10.943915819947483
11/09/2030 04:00,0.0
11/09/2030 05:00,30.863470417047694
11/09/2030 06:00,0.0
11/09/2030 07:00,10.087800680533407
11/09/2030 08:00,40.30482527247055
11/09/2030 09:00,0.0
11/09/2030 10:00,0.0
11/09/2030 11:00,18.25207261600255
11/09/2030 12:00,5.882210724854687
11/09/2030 13:00,0.0
11/09/2030 14:00,0.0
11/09/2030 15:00,0.0
11/09/2030 16:00,0.0
11/09/2030 17:00,0.0
11/09/2030 18:00,0.571248771259476
11/09/2030 19:00,30.135305419901098
11/09/2030 20:00,35.60382832397874
11/09/2030 21:00,26.252790868764322
11/09/2030 22:00,25.149571596746007
11/09/2030 23:00,20.033783780672827
12/09/2030 00:00,16.21021155187408
12/09/2030 01:00,0.0
12/09/2030 02:00,0.0
12/09/2030 03:00,11.210454689787921
12/09/2030 04:00,12.90961503539204
12/09/2030 05:00,0.0
12/09/2030 06:00,51.82940256387859
12/09/2030 07:00,0.0
12/09/2030 08:00,0.0
12/09/2030 09:00,0.0
12/09/2030 10:00,0.0
12/09/2030 11:00,0.0
12/09/2030 12:00,6.552967455974781
12/09/2030 13:00,0.0
12/09/2030 14:00,0.16416525507091922
12/09/2030 15:00,0.0
12/09/2030 16:00,0.0
12/09/2030 17:00,0.0
12/09/2030 18:00,20.70494249766412
12/09/2030 19:00,53.9144979302299
12/09/2030 20:00,56.711628599234615
12/09/2030 21:00,38.893737245761734
12/09/2030 22:00,24.330823005690878
12/09/2030 23:00,15.819019762443055
13/09/2030 00:00,7.74384272667979
13/09/2030 01:00,2.7950657320169614
13/09/2030 02:00,0.0
13/09/2030 03:00,0.0
13/09/2030 04:00,0.0
13/09/2030 05:00,0.0
13/09/2030 06:00,26.111521025958766
13/09/2030 07:00,37.37688637249026
13/09/2030 08:00,0.0
13/09/2030 09:00,0.0
13/09/2030 10:00,0.0
13/09/2030 11:00,2.4359961772398235
13/09/2030 12:00,18.9265756775906
13/09/2030 13:00,12.148289254643988
13/09/2030 14:00,16.070702991740223
13/09/2030 15:00,0.0
13/09/2030 16:00,0.0
13/09/2030 17:00,0.0
13/09/2030 18:00,0.0
13/09/2030 19:00,96.84050322235561
13/09/2030 20:00,101.27986366447419
13/09/2030 21:00,62.366340625697674
13/09/2030 22:00,62.941945990624355
13/09/2030 23:00,51.391226026912506
14/09/2030 00:00,42.69321704869546
14/09/2030 01:00,36.935198698056894
14/09/2030 02:00,30.570973191469122
14/09/2030 03:00,24.964634205295688
14/09/2030 04:00,20.66500353749045
14/09/2030 05:00,27.09017990410341
14/09/2030 06:00,0.0
14/09/2030 07:00,0.0
14/09/2030 08:00,0.0
14/09/2030 09:00,0.0
14/09/2030 10:00,0.0
14/09/2030 11:00,6.05458389492725
14/09/2030 12:00,0.0
14/09/2030 13:00,0.0
14/09/2030 14:00,0.0
14/09/2030 15:00,0.0
14/09/2030 16:00,0.0
14/09/2030 17:00,0.0
14/09/2030 18:00,0.0
14/09/2030 19:00,0.0
14/09/2030 20:00,0.0
14/09/2030 21:00,8.159361061824358
14/09/2030 22:00,47.399131328129975
14/09/2030 23:00,37.13279255536359
15/09/2030 00:00,28.62949463592057
15/09/2030 01:00,22.378994819094935
15/09/2030 02:00,19.0126771581497
15/09/2030 03:00,8.907318684359575
15/09/2030 04:00,0.0
15/09/2030 05:00,0.0
15/09/2030 06:00,10.946371438847864
15/09/2030 07:00,15.654503768698417
15/09/2030 08:00,0.0
15/09/2030 09:00,0.0
15/09/2030 10:00,0.0
15/09/2030 11:00,0.0
15/09/2030 12:00,0.0
15/09/2030 13:00,0.0
15/09/2030 14:00,0.0
15/09/2030 15:00,0.0
15/09/2030 16:00,0.0
15/09/2030 17:00,0.0
15/09/2030 18:00,52.332844333036576
15/09/2030 19:00,90.8716567071831
15/09/2030 20:00,104.05118128379516
15/09/2030 21:00,84.73984401691625
15/09/2030 22:00,0.0
15/09/2030 23:00,54.44558542163082
16/09/2030 00:00,45.113952879259415
16/09/2030 01:00,34.72622268816265
16/09/2030 02:00,0.0
16/09/2030 03:00,0.0
16/09/2030 04:00,0.0
16/09/2030 05:00,0.0
16/09/2030 06:00,0.0
16/09/2030 07:00,0.0
16/09/2030 08:00,0.0
16/09/2030 09:00,5.791303519499659
16/09/2030 10:00,0.0
16/09/2030 11:00,9.30865462005206
16/09/2030 12:00,0.0
16/09/2030 13:00,0.0
16/09/2030 14:00,0.0
16/09/2030 15:00,0.0
16/09/2030 16:00,0.0
16/09/2030 17:00,0.0
16/09/2030 18:00,0.0
16/09/2030 19:00,42.64759499213668
16/09/2030 20:00,0.0
16/09/2030 21:00,37.12494264758257
16/09/2030 22:00,106.85847777637652
16/09/2030 23:00,122.32357668438226
17/09/2030 00:00,113.32401350749527
17/09/2030 01:00,34.053520121990324
17/09/2030 02:00,22.901872887854044
17/09/2030 03:00,14.892817193347875
17/09/2030 04:00,6.966449306384248
17/09/2030 05:00,0.0
17/09/2030 06:00,0.0
17/09/2030 07:00,0.0
17/09/2030 08:00,0.0
17/09/2030 09:00,0.0
17/09/2030 10:00,0.0
17/09/2030 11:00,0.0
17/09/2030 12:00,0.0
17/09/2030 13:00,0.0
17/09/2030 14:00,0.0
17/09/2030 15:00,0.0
17/09/2030 16:00,0.0
17/09/2030 17:00,0.0
17/09/2030 18:00,0.0
17/09/2030 19:00,38.674600843902354
17/09/2030 20:00,65.59367150900968
17/09/2030 21:00,59.0727811417514
17/09/2030 22:00,34.12838244459412
17/09/2030 23:00,23.50360484912686
18/09/2030 00:00,14.319398195762641
18/09/2030 01:00,6.1246499324473715
18/09/2030 02:00,0.0
18/09/2030 03:00,0.0
18/09/2030 04:00,0.0
18/09/2030 05:00,0.0
18/09/2030 06:00,0.0
18/09/2030 07:00,0.0
18/09/2030 08:00,0.0
18/09/2030 09:00,0.0
18/09/2030 10:00,0.0
18/09/2030 11:00,0.0
18/09/2030 12:00,0.0
18/09/2030 13:00,0.0
18/09/2030 14:00,0.0
18/09/2030 15:00,0.0
18/09/2030 16:00,0.0
18/09/2030 17:00,0.0
18/09/2030 18:00,0.0
18/09/2030 19:00,0.0
18/09/2030 20:00,0.0
18/09/2030 21:00,0.0
18/09/2030 22:00,0.0
18/09/2030 23:00,0.0
19/09/2030 00:00,0.0
19/09/2030 01:00,0.0
19/09/2030 02:00,0.0
19/09/2030 03:00,0.0
19/09/2030 04:00,0.0
19/09/2030 05:00,0.0
19/09/2030 06:00,0.0
19/09/2030 07:00,0.0
19/09/2030 08:00,0.0
19/09/2030 09:00,0.0
19/09/2030 10:00,0.0
19/09/2030 11:00,0.0
19/09/2030 12:00,0.0
19/09/2030 13:00,0.0
19/09/2030 14:00,0.0
19/09/2030 15:00,0.0
19/09/2030 16:00,0.0
19/09/2030 17:00,0.0
19/09/2030 18:00,0.0
19/09/2030 19:00,0.0
19/09/2030 20:00,0.0
19/09/2030 21:00,0.0
19/09/2030 22:00,0.0
19/09/2030 23:00,0.0
20/09/2030 00:00,0.0
20/09/2030 01:00,0.0
20/09/2030 02:00,0.0
20/09/2030 03:00,0.0
20/09/2030 04:00,0.0
20/09/2030 05:00,0.0
20/09/2030 06:00,0.0
20/09/2030 07:00,6.291258683310027
20/09/2030 08:00,0.0
20/09/2030 09:00,0.0
20/09/2030 10:00,17.898342206178892
20/09/2030 11:00,0.0
20/09/2030 12:00,3.76794485862488
20/09/2030 13:00,7.737413736460092
20/09/2030 14:00,0.0
20/09/2030 15:00,0.0
20/09/2030 16:00,0.0
20/09/2030 17:00,0.0
20/09/2030 18:00,20.257510157563292
20/09/2030 19:00,0.0
20/09/2030 20:00,0.0
20/09/2030 21:00,0.0
20/09/2030 22:00,62.051210180436776
20/09/2030 23:00,53.09627013267344
21/09/2030 00:00,46.804271270334844
21/09/2030 01:00,40.846194041985314
21/09/2030 02:00,37.27780732886585
21/09/2030 03:00,36.08645990639401
21/09/2030 04:00,39.205384202420035
21/09/2030 05:00,52.141184853927854
21/09/2030 06:00,76.47967148470634
21/09/2030 07:00,47.89232648346755
21/09/2030 08:00,0.0
21/09/2030 09:00,27.81126866136844
21/09/2030 10:00,0.0
21/09/2030 11:00,88.96991211450182
21/09/2030 12:00,71.311204764593
21/09/2030 13:00,44.24615089235008
21/09/2030 14:00,52.43625548105988
21/09/2030 15:00,0.0
21/09/2030 16:00,0.0
21/09/2030 17:00,0.0
21/09/2030 18:00,11.436224087632533
21/09/2030 19:00,0.0
21/09/2030 20:00,46.26405592563068
21/09/2030 21:00,34.41630284575773
21/09/2030 22:00,19.702674389265127
21/09/2030 23:00,0.0
22/09/2030 00:00,0.0
22/09/2030 01:00,30.001746454190453
22/09/2030 02:00,31.699941651751185
22/09/2030 03:00,31.52623024981606
22/09/2030 04:00,33.23439643997868
22/09/2030 05:00,50.04269246962109
22/09/2030 06:00,41.0071389279267
22/09/2030 07:00,3.933380839470664
22/09/2030 08:00,85.95110032065784
22/09/2030 09:00,60.95553950954034
22/09/2030 10:00,23.588052694285423
22/09/2030 11:00,0.0
22/09/2030 12:00,0.0
22/09/2030 13:00,60.938374129932384
22/09/2030 14:00,37.64748467770537
22/09/2030 15:00,32.16992272190409
22/09/2030 16:00,37.403822457674636
22/09/2030 17:00,0.0
22/09/2030 18:00,0.0
22/09/2030 19:00,0.0
22/09/2030 20:00,50.431849661609185
22/09/2030 21:00,41.14275753129901
22/09/2030 22:00,0.0
22/09/2030 23:00,42.141331942634125
23/09/2030 00:00,35.8943566816384
23/09/2030 01:00,22.358004428477386
23/09/2030 02:00,0.0
23/09/2030 03:00,17.659971089187344
23/09/2030 04:00,20.258431237307498
23/09/2030 05:00,0.0
23/09/2030 06:00,31.254673848578342
23/09/2030 07:00,39.8173456250226
23/09/2030 08:00,24.05701573432751
23/09/2030 09:00,33.37403063260461
23/09/2030 10:00,0.0
23/09/2030 11:00,0.0
23/09/2030 12:00,0.0
23/09/2030 13:00,0.0
23/09/2030 14:00,0.0
23/09/2030 15:00,4.168316458869112
23/09/2030 16:00,0.0
23/09/2030 17:00,6.835493981494831
23/09/2030 18:00,0.0
23/09/2030 19:00,0.0
23/09/2030 20:00,0.0
23/09/2030 21:00,8.613932611968572
23/09/2030 22:00,82.15929090364247
23/09/2030 23:00,71.66782472252353
24/09/2030 00:00,92.15853021509135
24/09/2030 01:00,22.03410978887872
24/09/2030 02:00,18.2766669632878
24/09/2030 03:00,42.186107984146346
24/09/2030 04:00,57.44258461619671
24/09/2030 05:00,59.76482473837892
24/09/2030 06:00,59.450370112432786
24/09/2030 07:00,56.584232790117795
24/09/2030 08:00,32.75876129944218
24/09/2030 09:00,0.0
24/09/2030 10:00,0.0
24/09/2030 11:00,0.0
24/09/2030 12:00,0.0
24/09/2030 13:00,0.0
24/09/2030 14:00,0.0
24/09/2030 15:00,0.0
24/09/2030 16:00,0.0
24/09/2030 17:00,0.0
24/09/2030 18:00,0.0
24/09/2030 19:00,0.0
24/09/2030 20:00,0.0
24/09/2030 21:00,0.0
24/09/2030 22:00,0.0
24/09/2030 23:00,0.0
25/09/2030 00:00,0.0
25/09/2030 01:00,0.0
25/09/2030 02:00,0.0
25/09/2030 03:00,0.0
25/09/2030 04:00,0.0
25/09/2030 05:00,0.0
25/09/2030 06:00,0.0
25/09/2030 07:00,0.0
25/09/2030 08:00,0.0
25/09/2030 09:00,0.0
25/09/2030 10:00,0.0
25/09/2030 11:00,0.0
25/09/2030 12:00,0.0
25/09/2030 13:00,0.0
25/09/2030 14:00,0.0
25/09/2030 15:00,0.0
25/09/2030 16:00,0.0
25/09/2030 17:00,0.0
25/09/2030 18:00,0.0
25/09/2030 19:00,0.0
25/09/2030 20:00,0.0
25/09/2030 21:00,0.0
25/09/2030 22:00,4.393795057839804
25/09/2030 23:00,50.810170642111856
26/09/2030 00:00,93.96065726259175
26/09/2030 01:00,63.56100263343253
26/09/2030 02:00,146.62268426599397
26/09/2030 03:00,168.95170455724903
26/09/2030 04:00,151.8310051193841
26/09/2030 05:00,71.810259508206
26/09/2030 06:00,19.15551376673537
26/09/2030 07:00,0.0
26/09/2030 08:00,4.693795800561979
26/09/2030 09:00,47.19477207063379
26/09/2030 10:00,0.0
26/09/2030 11:00,21.70196709869058
26/09/2030 12:00,12.448972907701451
26/09/2030 13:00,0.0
26/09/2030 14:00,20.650811753541714
26/09/2030 15:00,0.0
26/09/2030 16:00,0.0
26/09/2030 17:00,0.0
26/09/2030 18:00,17.171657999077937
26/09/2030 19:00,0.0
26/09/2030 20:00,0.0
26/09/2030 21:00,8.72818285804459
26/09/2030 22:00,23.527677893670425
26/09/2030 23:00,0.0
27/09/2030 00:00,7.030361891450005
27/09/2030 01:00,0.0
27/09/2030 02:00,6.199838434280274
27/09/2030 03:00,0.0
27/09/2030 04:00,4.755737182163568
27/09/2030 05:00,10.80580315294902
27/09/2030 06:00,35.90217630414184
27/09/2030 07:00,49.24875988256458
27/09/2030 08:00,20.796728112349818
27/09/2030 09:00,37.24658348343803
27/09/2030 10:00,67.74761513526524
27/09/2030 11:00,32.88413476572608
27/09/2030 12:00,60.3677171110104
27/09/2030 13:00,0.0
27/09/2030 14:00,61.11853396909864
27/09/2030 15:00,41.60414578603433
27/09/2030 16:00,0.0
27/09/2030 17:00,19.683953297646987
27/09/2030 18:00,0.0
27/09/2030 19:00,0.0
27/09/2030 20:00,0.0
27/09/2030 21:00,0.0
27/09/2030 22:00,33.78325130767362
27/09/2030 23:00,26.523156167208693
28/09/2030 00:00,22.777782587550185
28/09/2030 01:00,21.082642590299148
28/09/2030 02:00,20.244748494322796
28/09/2030 03:00,22.81686116647603
28/09/2030 04:00,28.589245826016374
28/09/2030 05:00,43.28523756153007
28/09/2030 06:00,68.2739155453948
28/09/2030 07:00,77.8686452881731
28/09/2030 08:00,46.63951216902908
28/09/2030 09:00,0.0
28/09/2030 10:00,14.320939080763168
28/09/2030 11:00,74.01302140765648
28/09/2030 12:00,43.898155277337594
28/09/2030 13:00,8.948578479318787
28/09/2030 14:00,91.88929345595552
28/09/2030 15:00,68.7329027757557
28/09/2030 16:00,0.0
28/09/2030 17:00,51.871028332205476
28/09/2030 18:00,79.21289321926179
28/09/2030 19:00,78.99132821359835
28/09/2030 20:00,0.0
28/09/2030 21:00,73.97186830567509
28/09/2030 22:00,0.0
28/09/2030 23:00,39.60409030650068
29/09/2030 00:00,26.37753384504884
29/09/2030 01:00,13.424686652085303
29/09/2030 02:00,8.639275098808856
29/09/2030 03:00,6.521985308283568
29/09/2030 04:00,0.0
29/09/2030 05:00,21.174957994703636
29/09/2030 06:00,22.364845791513037
29/09/2030 07:00,67.91982367257965
29/09/2030 08:00,0.9416881214700632
29/09/2030 09:00,32.30101804276817
29/09/2030 10:00,0.0
29/09/2030 11:00,65.05863773980768
29/09/2030 12:00,50.290607872411364
29/09/2030 13:00,35.664740922747654
29/09/2030 14:00,5.535300728063637
29/09/2030 15:00,10.997589444836231
29/09/2030 16:00,0.0
29/09/2030 17:00,0.0
29/09/2030 18:00,0.0
29/09/2030 19:00,15.768808878940748
29/09/2030 20:00,0.0
29/09/2030 21:00,0.0
29/09/2030 22:00,0.0
29/09/2030 23:00,38.70452698642999
30/09/2030 00:00,32.67559463749642
30/09/2030 01:00,25.158055261133892
30/09/2030 02:00,21.508990914552854
30/09/2030 03:00,21.97214958264858
30/09/2030 04:00,23.05215645757723
30/09/2030 05:00,26.288451823580505
30/09/2030 06:00,35.65155032385424
30/09/2030 07:00,42.62653781731836
30/09/2030 08:00,25.34561648120106
30/09/2030 09:00,47.02031907248117
30/09/2030 10:00,0.0
30/09/2030 11:00,34.63768280865238
30/09/2030 12:00,0.0
30/09/2030 13:00,0.0
30/09/2030 14:00,0.0
30/09/2030 15:00,0.0
30/09/2030 16:00,0.0
30/09/2030 17:00,0.0
30/09/2030 18:00,0.0
30/09/2030 19:00,0.0
30/09/2030 20:00,0.0
30/09/2030 21:00,7.664373003029137
30/09/2030 22:00,29.440781938168538
30/09/2030 23:00,0.0
01/10/2030 00:00,16.83021080270429
01/10/2030 01:00,13.759666020306344
01/10/2030 02:00,9.684806500236022
01/10/2030 03:00,8.653179138744333
01/10/2030 04:00,7.08605126235429
01/10/2030 05:00,8.753878635786101
01/10/2030 06:00,15.057743462254034
01/10/2030 07:00,14.533578176174743
01/10/2030 08:00,47.58798465551004
01/10/2030 09:00,0.0
01/10/2030 10:00,0.0
01/10/2030 11:00,0.0
01/10/2030 12:00,0.0
01/10/2030 13:00,0.0
01/10/2030 14:00,0.0
01/10/2030 15:00,0.0
01/10/2030 16:00,0.0
01/10/2030 17:00,13.034305503367115
01/10/2030 18:00,0.0
01/10/2030 19:00,0.0
01/10/2030 20:00,49.80583256522864
01/10/2030 21:00,39.763889972250354
01/10/2030 22:00,17.221537925335063
01/10/2030 23:00,18.21290634828128
02/10/2030 00:00,19.813471034943454
02/10/2030 01:00,18.736519360515615
02/10/2030 02:00,0.0
02/10/2030 03:00,13.224554258997156
02/10/2030 04:00,17.468139684797283
02/10/2030 05:00,20.985565755131695
02/10/2030 06:00,0.0
02/10/2030 07:00,82.22813984679584
02/10/2030 08:00,54.25510862440498
02/10/2030 09:00,6.532749910694879
02/10/2030 10:00,55.417439364547164
02/10/2030 11:00,92.2574008336176
02/10/2030 12:00,78.2084187617286
02/10/2030 13:00,34.09606868700081
02/10/2030 14:00,81.90215245783537
02/10/2030 15:00,0.0
02/10/2030 16:00,0.0
02/10/2030 17:00,0.0
02/10/2030 18:00,38.523970394210785
02/10/2030 19:00,0.0
02/10/2030 20:00,44.12759594104742
02/10/2030 21:00,29.770101043221967
02/10/2030 22:00,36.01577512021289
02/10/2030 23:00,19.048429087489883
03/10/2030 00:00,4.414562897281608
03/10/2030 01:00,0.0
03/10/2030 02:00,0.0
03/10/2030 03:00,0.0
03/10/2030 04:00,0.0
03/10/2030 05:00,0.0
03/10/2030 06:00,0.0
03/10/2030 07:00,23.01534800989154
03/10/2030 08:00,0.0
03/10/2030 09:00,0.0
03/10/2030 10:00,0.0
03/10/2030 11:00,0.0
03/10/2030 12:00,0.0
03/10/2030 13:00,0.0
03/10/2030 14:00,0.0
03/10/2030 15:00,0.0
03/10/2030 16:00,0.0
03/10/2030 17:00,0.0
03/10/2030 18:00,0.0
03/10/2030 19:00,0.0
03/10/2030 20:00,0.0
03/10/2030 21:00,0.0
03/10/2030 22:00,0.0
03/10/2030 23:00,0.0
04/10/2030 00:00,0.0
04/10/2030 01:00,0.0
04/10/2030 02:00,0.0
04/10/2030 03:00,0.0
04/10/2030 04:00,0.0
04/10/2030 05:00,0.0
04/10/2030 06:00,0.0
04/10/2030 07:00,0.0
04/10/2030 08:00,0.0
04/10/2030 09:00,0.0
04/10/2030 10:00,0.0
04/10/2030 11:00,0.0
04/10/2030 12:00,0.0
04/10/2030 13:00,0.0
04/10/2030 14:00,0.0
04/10/2030 15:00,0.0
04/10/2030 16:00,0.0
04/10/2030 17:00,0.0
04/10/2030 18:00,0.0
04/10/2030 19:00,0.0
04/10/2030 20:00,0.0
04/10/2030 21:00,0.0
04/10/2030 22:00,0.0
04/10/2030 23:00,0.0
05/10/2030 00:00,0.0
05/10/2030 01:00,11.677581255569029
05/10/2030 02:00,24.044440366938666
05/10/2030 03:00,16.894557279530073
05/10/2030 04:00,0.0
05/10/2030 05:00,0.0
05/10/2030 06:00,0.0
05/10/2030 07:00,0.0
05/10/2030 08:00,0.0
05/10/2030 09:00,0.0
05/10/2030 10:00,0.0
05/10/2030 11:00,0.0
05/10/2030 12:00,0.0
05/10/2030 13:00,0.0
05/10/2030 14:00,0.0
05/10/2030 15:00,0.0
05/10/2030 16:00,0.0
05/10/2030 17:00,0.0
05/10/2030 18:00,0.0
05/10/2030 19:00,0.0
05/10/2030 20:00,0.0
05/10/2030 21:00,0.0
05/10/2030 22:00,0.0
05/10/2030 23:00,0.0
06/10/2030 00:00,0.0
06/10/2030 01:00,0.0
06/10/2030 02:00,0.0
06/10/2030 03:00,0.0
06/10/2030 04:00,0.0
06/10/2030 05:00,0.0
06/10/2030 06:00,0.0
06/10/2030 07:00,0.0
06/10/2030 08:00,0.0
06/10/2030 09:00,0.0
06/10/2030 10:00,0.0
06/10/2030 11:00,0.0
06/10/2030 12:00,0.0
06/10/2030 13:00,213.1558723795205
06/10/2030 14:00,214.78322881153687
06/10/2030 15:00,0.0
06/10/2030 16:00,0.0
06/10/2030 17:00,0.0
06/10/2030 18:00,0.0
06/10/2030 19:00,0.0
06/10/2030 20:00,0.0
06/10/2030 21:00,0.0
06/10/2030 22:00,0.0
06/10/2030 23:00,0.0
07/10/2030 00:00,3.475472372076564
07/10/2030 01:00,0.0
07/10/2030 02:00,1.4646175110744675
07/10/2030 03:00,0.0
07/10/2030 04:00,21.228257183780222
07/10/2030 05:00,37.59282622900171
07/10/2030 06:00,60.71072251778457
07/10/2030 07:00,76.78763913828735
07/10/2030 08:00,67.39695091585482
07/10/2030 09:00,23.214009430090055
07/10/2030 10:00,15.644951500032745
07/10/2030 11:00,0.0
07/10/2030 12:00,0.0
07/10/2030 13:00,36.517074548682004
07/10/2030 14:00,24.97799242105532
07/10/2030 15:00,26.228319744187466
07/10/2030 16:00,0.0
07/10/2030 17:00,6.831838662284886
07/10/2030 18:00,0.0
07/10/2030 19:00,0.0
07/10/2030 20:00,0.0
07/10/2030 21:00,33.80091804827186
07/10/2030 22:00,32.4788092026626
07/10/2030 23:00,88.23929493196324
08/10/2030 00:00,87.22220603238948
08/10/2030 01:00,87.331616284037
08/10/2030 02:00,86.42837601173545
08/10/2030 03:00,84.7548930838165
08/10/2030 04:00,85.23271315095778
08/10/2030 05:00,91.11413309419883
08/10/2030 06:00,97.17626010985249
08/10/2030 07:00,99.17097800136487
08/10/2030 08:00,83.52690943115805
08/10/2030 09:00,41.54083969793607
08/10/2030 10:00,13.661691006101677
08/10/2030 11:00,45.73039163825144
08/10/2030 12:00,28.93477991948489
08/10/2030 13:00,49.14543959991774
08/10/2030 14:00,65.87077534329403
08/10/2030 15:00,0.0
08/10/2030 16:00,27.111258767726465
08/10/2030 17:00,72.00631922664407
08/10/2030 18:00,107.68346778493633
08/10/2030 19:00,68.83071132976296
08/10/2030 20:00,35.26474417510112
08/10/2030 21:00,55.26182098885257
08/10/2030 22:00,99.84087182577949
08/10/2030 23:00,88.4055127581551
09/10/2030 00:00,75.06705906941866
09/10/2030 01:00,63.08183317761179
09/10/2030 02:00,47.69657151027719
09/10/2030 03:00,0.0
09/10/2030 04:00,25.6175933434162
09/10/2030 05:00,36.64881430688328
09/10/2030 06:00,64.47433995922894
09/10/2030 07:00,0.0
09/10/2030 08:00,44.08667305332765
09/10/2030 09:00,54.11998750948556
09/10/2030 10:00,16.108690651053696
09/10/2030 11:00,94.04490900717568
09/10/2030 12:00,8.367013263708518
09/10/2030 13:00,56.43633031877907
09/10/2030 14:00,29.125080165595264
09/10/2030 15:00,0.6995782893217253
09/10/2030 16:00,0.0
09/10/2030 17:00,0.0
09/10/2030 18:00,13.118556920604098
09/10/2030 19:00,30.20074434007569
09/10/2030 20:00,0.0
09/10/2030 21:00,37.960556251952255
09/10/2030 22:00,29.44711780276147
09/10/2030 23:00,0.0
10/10/2030 00:00,18.488042359800037
10/10/2030 01:00,20.249278470034568
10/10/2030 02:00,0.0
10/10/2030 03:00,34.43389178038613
10/10/2030 04:00,42.868742648381584
10/10/2030 05:00,60.46893840278233
10/10/2030 06:00,88.26112090887472
10/10/2030 07:00,9.901299314269414
10/10/2030 08:00,90.54823877725177
10/10/2030 09:00,32.360152410528
10/10/2030 10:00,0.0
10/10/2030 11:00,18.441450080917082
10/10/2030 12:00,0.0
10/10/2030 13:00,0.0
10/10/2030 14:00,5.62641139268219
10/10/2030 15:00,0.0
10/10/2030 16:00,0.0
10/10/2030 17:00,0.0
10/10/2030 18:00,4.190116075554612
10/10/2030 19:00,26.003520405697703
10/10/2030 20:00,0.0
10/10/2030 21:00,18.247003329069013
10/10/2030 22:00,13.641413578538232
10/10/2030 23:00,8.107496317543921
11/10/2030 00:00,4.585265745213179
11/10/2030 01:00,3.1338737328574924
11/10/2030 02:00,8.069704412794039
11/10/2030 03:00,11.87685361441228
11/10/2030 04:00,17.315806811037362
11/10/2030 05:00,36.318424884642646
11/10/2030 06:00,0.0
11/10/2030 07:00,0.0
11/10/2030 08:00,0.0
11/10/2030 09:00,4.868848100376304
11/10/2030 10:00,110.46730471017179
11/10/2030 11:00,0.0
11/10/2030 12:00,0.0
11/10/2030 13:00,17.736885602821626
11/10/2030 14:00,0.0
11/10/2030 15:00,49.971920485371896
11/10/2030 16:00,0.0
11/10/2030 17:00,0.0
11/10/2030 18:00,105.05278797090179
11/10/2030 19:00,2.077988275519595
11/10/2030 20:00,3.2940478166215375
11/10/2030 21:00,0.0
11/10/2030 22:00,73.88838377039087
11/10/2030 23:00,83.96948482067144
12/10/2030 00:00,83.57328890906358
12/10/2030 01:00,79.86922434670608
12/10/2030 02:00,74.4419572270023
12/10/2030 03:00,69.66287128611268
12/10/2030 04:00,64.22391808948758
12/10/2030 05:00,58.098750161351305
12/10/2030 06:00,53.401307001966615
12/10/2030 07:00,46.95908403346195
12/10/2030 08:00,32.13326266398048
12/10/2030 09:00,0.0
12/10/2030 10:00,0.0
12/10/2030 11:00,0.0
12/10/2030 12:00,0.0
12/10/2030 13:00,0.0
12/10/2030 14:00,0.0
12/10/2030 15:00,0.0
12/10/2030 16:00,0.0
12/10/2030 17:00,0.0
12/10/2030 18:00,0.0
12/10/2030 19:00,0.0
12/10/2030 20:00,0.0
12/10/2030 21:00,0.0
12/10/2030 22:00,0.0
12/10/2030 23:00,0.0
13/10/2030 00:00,0.0
13/10/2030 01:00,0.0
13/10/2030 02:00,0.0
13/10/2030 03:00,0.0
13/10/2030 04:00,0.0
13/10/2030 05:00,0.0
13/10/2030 06:00,0.0
13/10/2030 07:00,0.0
13/10/2030 08:00,0.0
13/10/2030 09:00,160.38467959701515
13/10/2030 10:00,0.0
13/10/2030 11:00,55.25650568868753
13/10/2030 12:00,149.9274860792529
13/10/2030 13:00,195.79435708637857
13/10/2030 14:00,205.41878861883217
13/10/2030 15:00,160.51881898193747
13/10/2030 16:00,5.31090853247449
13/10/2030 17:00,0.0
13/10/2030 18:00,148.59599958478455
13/10/2030 19:00,0.0
13/10/2030 20:00,43.37115933709663
13/10/2030 21:00,97.07775272857815
13/10/2030 22:00,0.0
13/10/2030 23:00,139.79546621022345
14/10/2030 00:00,0.0
14/10/2030 01:00,145.97901233732125
14/10/2030 02:00,0.0
14/10/2030 03:00,0.0
14/10/2030 04:00,122.11256198174159
14/10/2030 05:00,0.0
14/10/2030 06:00,1.9402051130500726
14/10/2030 07:00,32.9665374170468
14/10/2030 08:00,42.0795397692452
14/10/2030 09:00,0.0
14/10/2030 10:00,166.3654036545621
14/10/2030 11:00,188.07334838638408
14/10/2030 12:00,0.0
14/10/2030 13:00,0.0
14/10/2030 14:00,0.0
14/10/2030 15:00,0.0
14/10/2030 16:00,10.467464768372265
14/10/2030 17:00,2.4897572542375395
14/10/2030 18:00,43.012750723729674
14/10/2030 19:00,0.0
14/10/2030 20:00,0.0
14/10/2030 21:00,0.0
14/10/2030 22:00,0.0
14/10/2030 23:00,24.711374328475458
15/10/2030 00:00,0.0
15/10/2030 01:00,42.45512054747796
15/10/2030 02:00,53.7605371985368
15/10/2030 03:00,60.74965160847258
15/10/2030 04:00,57.5877082635441
15/10/2030 05:00,57.285609772609966
15/10/2030 06:00,68.21353088524006
15/10/2030 07:00,78.80542012034144
15/10/2030 08:00,66.27694967631638
15/10/2030 09:00,19.726235732059802
15/10/2030 10:00,63.74061650422833
15/10/2030 11:00,0.0
15/10/2030 12:00,0.0
15/10/2030 13:00,0.0
15/10/2030 14:00,0.0
15/10/2030 15:00,0.0
15/10/2030 16:00,0.0
15/10/2030 17:00,0.0
15/10/2030 18:00,0.0
15/10/2030 19:00,70.07448554096435
15/10/2030 20:00,108.47194988398131
15/10/2030 21:00,0.0
15/10/2030 22:00,0.0
15/10/2030 23:00,82.6360768696291
16/10/2030 00:00,71.1417726783777
16/10/2030 01:00,64.81424060830562
16/10/2030 02:00,59.30026533251507
16/10/2030 03:00,46.38939216241632
16/10/2030 04:00,38.27159627435335
16/10/2030 05:00,35.39462500071786
16/10/2030 06:00,45.2874087052233
16/10/2030 07:00,41.940953150914176
16/10/2030 08:00,7.458166431062555
16/10/2030 09:00,0.0
16/10/2030 10:00,0.0
16/10/2030 11:00,0.0
16/10/2030 12:00,0.0
16/10/2030 13:00,0.0
16/10/2030 14:00,0.0
16/10/2030 15:00,0.0
16/10/2030 16:00,0.0
16/10/2030 17:00,0.0
16/10/2030 18:00,0.0
16/10/2030 19:00,0.0
16/10/2030 20:00,102.82510788664145
16/10/2030 21:00,94.55876771279951
16/10/2030 22:00,81.59833466964416
16/10/2030 23:00,85.563273636538
17/10/2030 00:00,84.83266805425865
17/10/2030 01:00,0.0
17/10/2030 02:00,79.62950202419913
17/10/2030 03:00,81.60843373312352
17/10/2030 04:00,85.40255674183021
17/10/2030 05:00,100.18957207154529
17/10/2030 06:00,18.86209329688995
17/10/2030 07:00,145.91969723345065
17/10/2030 08:00,136.11259308060048
17/10/2030 09:00,91.1750239953722
17/10/2030 10:00,47.957923384338386
17/10/2030 11:00,50.59308355483046
17/10/2030 12:00,0.0
17/10/2030 13:00,0.0
17/10/2030 14:00,0.0
17/10/2030 15:00,0.0
17/10/2030 16:00,0.0
17/10/2030 17:00,0.0
17/10/2030 18:00,0.0
17/10/2030 19:00,0.0
17/10/2030 20:00,0.0
17/10/2030 21:00,0.0
17/10/2030 22:00,1.8195758871137406
17/10/2030 23:00,0.0
18/10/2030 00:00,0.0
18/10/2030 01:00,0.0
18/10/2030 02:00,0.0
18/10/2030 03:00,0.0
18/10/2030 04:00,0.0
18/10/2030 05:00,0.0
18/10/2030 06:00,0.0
18/10/2030 07:00,0.0
18/10/2030 08:00,0.0
18/10/2030 09:00,0.0
18/10/2030 10:00,0.0
18/10/2030 11:00,0.0
18/10/2030 12:00,0.0
18/10/2030 13:00,0.0
18/10/2030 14:00,0.0
18/10/2030 15:00,0.0
18/10/2030 16:00,0.0
18/10/2030 17:00,0.0
18/10/2030 18:00,0.0
18/10/2030 19:00,0.0
18/10/2030 20:00,0.0
18/10/2030 21:00,0.0
18/10/2030 22:00,0.0
18/10/2030 23:00,0.0
19/10/2030 00:00,0.0
19/10/2030 01:00,11.821447422691318
19/10/2030 02:00,5.326301368542513
19/10/2030 03:00,1.3634524541060544
19/10/2030 04:00,0.0
19/10/2030 05:00,0.0
19/10/2030 06:00,0.0
19/10/2030 07:00,0.0
19/10/2030 08:00,0.0
19/10/2030 09:00,0.0
19/10/2030 10:00,0.0
19/10/2030 11:00,0.0
19/10/2030 12:00,0.0
19/10/2030 13:00,0.0
19/10/2030 14:00,0.0
19/10/2030 15:00,0.0
19/10/2030 16:00,0.0
19/10/2030 17:00,0.0
19/10/2030 18:00,0.0
19/10/2030 19:00,0.0
19/10/2030 20:00,0.0
19/10/2030 21:00,0.0
19/10/2030 22:00,0.0
19/10/2030 23:00,0.0
20/10/2030 00:00,0.0
20/10/2030 01:00,0.0
20/10/2030 02:00,0.0
20/10/2030 03:00,20.700759566909003
20/10/2030 04:00,22.53323256269096
20/10/2030 05:00,0.0
20/10/2030 06:00,3.898415085555613
20/10/2030 07:00,43.56721522991156
20/10/2030 08:00,0.0
20/10/2030 09:00,7.289336022923603
20/10/2030 10:00,0.0
20/10/2030 11:00,68.78722669253136
20/10/2030 12:00,0.0
20/10/2030 13:00,0.0
20/10/2030 14:00,0.0
20/10/2030 15:00,32.31445013270246
20/10/2030 16:00,1.17604861972165
20/10/2030 17:00,0.0
20/10/2030 18:00,0.0
20/10/2030 19:00,67.76619794022893
20/10/2030 20:00,0.0
20/10/2030 21:00,0.0
20/10/2030 22:00,0.0
20/10/2030 23:00,9.275948600935084
21/10/2030 00:00,50.776447757547174
21/10/2030 01:00,68.46547567780186
21/10/2030 02:00,60.89955678781121
21/10/2030 03:00,53.868480270726465
21/10/2030 04:00,0.0
21/10/2030 05:00,0.0
21/10/2030 06:00,0.0
21/10/2030 07:00,0.0
21/10/2030 08:00,0.0
21/10/2030 09:00,0.0
21/10/2030 10:00,0.0
21/10/2030 11:00,0.0
21/10/2030 12:00,0.0
21/10/2030 13:00,0.0
21/10/2030 14:00,0.0
21/10/2030 15:00,0.0
21/10/2030 16:00,0.0
21/10/2030 17:00,0.0
21/10/2030 18:00,0.0
21/10/2030 19:00,0.0
21/10/2030 20:00,0.0
21/10/2030 21:00,0.0
21/10/2030 22:00,16.41552917073298
21/10/2030 23:00,0.0
22/10/2030 00:00,0.0
22/10/2030 01:00,0.0
22/10/2030 02:00,0.0
22/10/2030 03:00,0.0
22/10/2030 04:00,0.0
22/10/2030 05:00,0.0
22/10/2030 06:00,0.0
22/10/2030 07:00,0.0
22/10/2030 08:00,0.0
22/10/2030 09:00,0.0
22/10/2030 10:00,0.0
22/10/2030 11:00,0.0
22/10/2030 12:00,0.0
22/10/2030 13:00,0.0
22/10/2030 14:00,0.0
22/10/2030 15:00,0.0
22/10/2030 16:00,0.0
22/10/2030 17:00,0.0
22/10/2030 18:00,0.0
22/10/2030 19:00,0.0
22/10/2030 20:00,0.0
22/10/2030 21:00,0.0
22/10/2030 22:00,28.983575014762323
22/10/2030 23:00,0.0
23/10/2030 00:00,0.0
23/10/2030 01:00,0.0
23/10/2030 02:00,0.0
23/10/2030 03:00,0.0
23/10/2030 04:00,0.0
23/10/2030 05:00,1.6239246080476857
23/10/2030 06:00,0.0
23/10/2030 07:00,0.0
23/10/2030 08:00,0.0
23/10/2030 09:00,7.408543319952154
23/10/2030 10:00,0.0
23/10/2030 11:00,0.0
23/10/2030 12:00,0.0
23/10/2030 13:00,0.0
23/10/2030 14:00,0.0
23/10/2030 15:00,0.0
23/10/2030 16:00,0.0
23/10/2030 17:00,0.0
23/10/2030 18:00,0.0
23/10/2030 19:00,0.0
23/10/2030 20:00,3.3311956275154073
23/10/2030 21:00,0.0
23/10/2030 22:00,0.0
23/10/2030 23:00,39.21982194331934
24/10/2030 00:00,69.24914177839159
24/10/2030 01:00,110.63519002755014
24/10/2030 02:00,133.7884875198213
24/10/2030 03:00,123.77406757338811
24/10/2030 04:00,93.30147021434368
24/10/2030 05:00,47.82186617217089
24/10/2030 06:00,108.94102389471348
24/10/2030 07:00,34.62323637922631
24/10/2030 08:00,12.703437783029322
24/10/2030 09:00,56.97842186913669
24/10/2030 10:00,0.0
24/10/2030 11:00,13.016627758491367
24/10/2030 12:00,0.0
24/10/2030 13:00,0.0
24/10/2030 14:00,7.954455374126683
24/10/2030 15:00,0.0
24/10/2030 16:00,0.0
24/10/2030 17:00,47.796027302026
24/10/2030 18:00,96.55622753432486
24/10/2030 19:00,101.63431419272102
24/10/2030 20:00,11.272448367816978
24/10/2030 21:00,102.81231072569105
24/10/2030 22:00,90.02127364635611
24/10/2030 23:00,80.20908769712698
25/10/2030 00:00,73.93223340359607
25/10/2030 01:00,73.01433173224883
25/10/2030 02:00,78.5016644423109
25/10/2030 03:00,82.37684005261714
25/10/2030 04:00,88.14021886759906
25/10/2030 05:00,106.12185063059638
25/10/2030 06:00,25.9343644428515
25/10/2030 07:00,67.25311396564435
25/10/2030 08:00,27.918283096734328
25/10/2030 09:00,82.61871923319592
25/10/2030 10:00,14.715836727055738
25/10/2030 11:00,80.55534712081352
25/10/2030 12:00,5.347762080797436
25/10/2030 13:00,62.473288339689134
25/10/2030 14:00,79.33419805476298
25/10/2030 15:00,81.32183514245868
25/10/2030 16:00,46.44282681059233
25/10/2030 17:00,98.64037813281607
25/10/2030 18:00,87.37032692220214
25/10/2030 19:00,55.78741652932597
25/10/2030 20:00,49.31251677900462
25/10/2030 21:00,132.33513930500095
25/10/2030 22:00,115.68626824657717
25/10/2030 23:00,108.77761625833558
26/10/2030 00:00,103.40566808823105
26/10/2030 01:00,99.48420301675411
26/10/2030 02:00,96.42496934294834
26/10/2030 03:00,95.75877647482615
26/10/2030 04:00,102.29805349972162
26/10/2030 05:00,119.2300462119192
26/10/2030 06:00,148.38795760050925
26/10/2030 07:00,62.959941887907306
26/10/2030 08:00,137.3510429671894
26/10/2030 09:00,124.0178547702227
26/10/2030 10:00,63.3473316926258
26/10/2030 11:00,85.32362047046412
26/10/2030 12:00,60.50116957777506
26/10/2030 13:00,37.753886060412974
26/10/2030 14:00,45.14007812014125
26/10/2030 15:00,0.0
26/10/2030 16:00,22.45882428899996
26/10/2030 17:00,93.31661062574246
26/10/2030 18:00,48.84313221287903
26/10/2030 19:00,47.5205763786457
26/10/2030 20:00,58.43601329095453
26/10/2030 21:00,122.13899609245571
26/10/2030 22:00,114.5208370972368
26/10/2030 23:00,97.29575173885468
27/10/2030 00:00,87.21460646675048
27/10/2030 01:00,77.82449043261026
27/10/2030 02:00,70.76005885355632
27/10/2030 03:00,65.07103205964917
27/10/2030 04:00,66.6861644813382
27/10/2030 05:00,87.5720002634138
27/10/2030 06:00,118.64349718441193
27/10/2030 07:00,37.02895628600614
27/10/2030 08:00,101.39497440095626
27/10/2030 09:00,75.98811016075346
27/10/2030 10:00,14.622008202871735
27/10/2030 11:00,55.9847319382781
27/10/2030 12:00,21.683553376921292
27/10/2030 13:00,11.977794719412499
27/10/2030 14:00,24.655847079576997
27/10/2030 15:00,0.0
27/10/2030 16:00,21.461451913616653
27/10/2030 17:00,94.41730423354461
27/10/2030 18:00,73.17334348672009
27/10/2030 19:00,40.178543495922625
27/10/2030 20:00,39.86074875390652
27/10/2030 21:00,129.21163935815974
27/10/2030 22:00,122.2249899688194
27/10/2030 23:00,110.24780477352758
28/10/2030 00:00,14.242020882649296
28/10/2030 01:00,78.58914312196839
28/10/2030 02:00,67.14574335763784
28/10/2030 03:00,61.241326228883366
28/10/2030 04:00,52.07091596789626
28/10/2030 05:00,48.90361215843326
28/10/2030 06:00,56.93730024458696
28/10/2030 07:00,2.206694456535461
28/10/2030 08:00,69.28354276247893
28/10/2030 09:00,11.260785340011223
28/10/2030 10:00,0.0
28/10/2030 11:00,0.0
28/10/2030 12:00,0.0
28/10/2030 13:00,0.0
28/10/2030 14:00,0.0
28/10/2030 15:00,0.0
28/10/2030 16:00,0.0
28/10/2030 17:00,43.039785283337714
28/10/2030 18:00,3.7624455771287026
28/10/2030 19:00,16.51100572793798
28/10/2030 20:00,19.339148409628052
28/10/2030 21:00,0.0
28/10/2030 22:00,39.324957949947084
28/10/2030 23:00,38.41338750779
29/10/2030 00:00,25.270863364845066
29/10/2030 01:00,5.6114032312393
29/10/2030 02:00,8.506256442195829
29/10/2030 03:00,10.729606194297373
29/10/2030 04:00,20.13877894397437
29/10/2030 05:00,22.87499008333322
29/10/2030 06:00,4.716993069110404
29/10/2030 07:00,0.0
29/10/2030 08:00,0.0
29/10/2030 09:00,0.0
29/10/2030 10:00,0.0
29/10/2030 11:00,0.0
29/10/2030 12:00,0.0
29/10/2030 13:00,0.0
29/10/2030 14:00,0.0
29/10/2030 15:00,0.0
29/10/2030 16:00,0.0
29/10/2030 17:00,0.0
29/10/2030 18:00,0.0
29/10/2030 19:00,0.0
29/10/2030 20:00,42.52901817681021
29/10/2030 21:00,30.32802698182686
29/10/2030 22:00,0.0
29/10/2030 23:00,10.505901469882398
30/10/2030 00:00,0.0
30/10/2030 01:00,0.0
30/10/2030 02:00,0.0
30/10/2030 03:00,0.0
30/10/2030 04:00,0.0
30/10/2030 05:00,0.0
30/10/2030 06:00,0.0
30/10/2030 07:00,0.0
30/10/2030 08:00,24.01419892267052
30/10/2030 09:00,0.0
30/10/2030 10:00,18.10074706415778
30/10/2030 11:00,74.50926054710354
30/10/2030 12:00,36.641882533392845
30/10/2030 13:00,52.894344551744055
30/10/2030 14:00,53.94966327725791
30/10/2030 15:00,0.0
30/10/2030 16:00,0.0
30/10/2030 17:00,47.22007432215284
30/10/2030 18:00,0.0
30/10/2030 19:00,101.20378917539333
30/10/2030 20:00,13.782531550221314
30/10/2030 21:00,71.97069595107601
30/10/2030 22:00,0.0
30/10/2030 23:00,42.246030953600545
31/10/2030 00:00,18.992931865061834
31/10/2030 01:00,4.639672527356953
31/10/2030 02:00,0.0
31/10/2030 03:00,0.0
31/10/2030 04:00,0.0
31/10/2030 05:00,0.0
31/10/2030 06:00,2.090852130669894
31/10/2030 07:00,0.0
31/10/2030 08:00,0.0
31/10/2030 09:00,0.0
31/10/2030 10:00,2.2493491195957667
31/10/2030 11:00,51.30188624837436
31/10/2030 12:00,10.519614924056784
31/10/2030 13:00,1.1814605088702028
31/10/2030 14:00,21.860073141574254
31/10/2030 15:00,0.0
31/10/2030 16:00,0.0
31/10/2030 17:00,41.19074453617939
31/10/2030 18:00,0.0
31/10/2030 19:00,0.0
31/10/2030 20:00,45.804977178614834
31/10/2030 21:00,0.0
31/10/2030 22:00,0.0
31/10/2030 23:00,0.0
01/11/2030 00:00,0.0
01/11/2030 01:00,0.0
01/11/2030 02:00,0.0
01/11/2030 03:00,12.012629858478817
01/11/2030 04:00,3.5951206217007132
01/11/2030 05:00,0.0
01/11/2030 06:00,0.0
01/11/2030 07:00,0.0
01/11/2030 08:00,0.0
01/11/2030 09:00,0.0
01/11/2030 10:00,0.0
01/11/2030 11:00,0.0
01/11/2030 12:00,0.0
01/11/2030 13:00,0.0
01/11/2030 14:00,0.0
01/11/2030 15:00,0.0
01/11/2030 16:00,0.0
01/11/2030 17:00,3.7911731096624934
01/11/2030 18:00,0.0
01/11/2030 19:00,0.0
01/11/2030 20:00,0.0
01/11/2030 21:00,0.0
01/11/2030 22:00,0.0
01/11/2030 23:00,0.0
02/11/2030 00:00,0.0
02/11/2030 01:00,0.0
02/11/2030 02:00,0.0
02/11/2030 03:00,0.0
02/11/2030 04:00,0.0
02/11/2030 05:00,0.0
02/11/2030 06:00,0.0
02/11/2030 07:00,0.0
02/11/2030 08:00,0.0
02/11/2030 09:00,0.0
02/11/2030 10:00,19.615631993778436
02/11/2030 11:00,0.0
02/11/2030 12:00,0.0
02/11/2030 13:00,0.0
02/11/2030 14:00,0.0
02/11/2030 15:00,0.0
02/11/2030 16:00,0.0
02/11/2030 17:00,0.0
02/11/2030 18:00,87.51833576691709
02/11/2030 19:00,0.0
02/11/2030 20:00,0.0
02/11/2030 21:00,67.90694163903551
02/11/2030 22:00,18.861023837093747
02/11/2030 23:00,0.0
03/11/2030 00:00,0.0
03/11/2030 01:00,0.0
03/11/2030 02:00,0.0
03/11/2030 03:00,0.0
03/11/2030 04:00,0.0
03/11/2030 05:00,0.0
03/11/2030 06:00,0.0
03/11/2030 07:00,24.282215666072595
03/11/2030 08:00,0.0
03/11/2030 09:00,1.3648766621082042
03/11/2030 10:00,13.984553421277734
03/11/2030 11:00,43.547279451054536
03/11/2030 12:00,58.47514376250052
03/11/2030 13:00,36.26918602749674
03/11/2030 14:00,0.0
03/11/2030 15:00,0.0
03/11/2030 16:00,8.133991718318262
03/11/2030 17:00,4.238038084216005
03/11/2030 18:00,100.44232575565444
03/11/2030 19:00,76.00933705918295
03/11/2030 20:00,66.88469322337916
03/11/2030 21:00,90.03732870767554
03/11/2030 22:00,86.2487624189475
03/11/2030 23:00,65.82541524706805
04/11/2030 00:00,12.608572354391558
04/11/2030 01:00,45.773564764942144
04/11/2030 02:00,34.883677205009185
04/11/2030 03:00,24.690645427279996
04/11/2030 04:00,13.23555958602814
04/11/2030 05:00,10.066620570622172
04/11/2030 06:00,0.0
04/11/2030 07:00,33.4215642637755
04/11/2030 08:00,31.1060826769814
04/11/2030 09:00,0.0
04/11/2030 10:00,32.89991311909075
04/11/2030 11:00,98.81203639000397
04/11/2030 12:00,87.71830147950607
04/11/2030 13:00,80.9837282235348
04/11/2030 14:00,53.141666121177956
04/11/2030 15:00,16.328361826308026
04/11/2030 16:00,0.0
04/11/2030 17:00,35.24915381021866
04/11/2030 18:00,0.0
04/11/2030 19:00,0.0
04/11/2030 20:00,90.51910196280257
04/11/2030 21:00,0.0
04/11/2030 22:00,27.514675903545747
04/11/2030 23:00,58.440314982007614
05/11/2030 00:00,43.180892940822496
05/11/2030 01:00,30.158384133227848
05/11/2030 02:00,19.5032387136317
05/11/2030 03:00,12.924292930096142
05/11/2030 04:00,6.63508950267388
05/11/2030 05:00,0.0
05/11/2030 06:00,0.0
05/11/2030 07:00,0.0
05/11/2030 08:00,28.595631094600318
05/11/2030 09:00,0.0
05/11/2030 10:00,0.0
05/11/2030 11:00,0.0
05/11/2030 12:00,0.0
05/11/2030 13:00,0.0
05/11/2030 14:00,0.0
05/11/2030 15:00,0.0
05/11/2030 16:00,0.0
05/11/2030 17:00,0.0
05/11/2030 18:00,0.0
05/11/2030 19:00,0.0
05/11/2030 20:00,0.0
05/11/2030 21:00,0.0
05/11/2030 22:00,24.31365029749932
05/11/2030 23:00,0.0
06/11/2030 00:00,0.0
06/11/2030 01:00,0.0
06/11/2030 02:00,0.0
06/11/2030 03:00,0.0
06/11/2030 04:00,0.0
06/11/2030 05:00,0.0
06/11/2030 06:00,0.0
06/11/2030 07:00,0.0
06/11/2030 08:00,0.0
06/11/2030 09:00,0.0
06/11/2030 10:00,0.0
06/11/2030 11:00,0.0
06/11/2030 12:00,76.20622254562636
06/11/2030 13:00,98.59079620564422
06/11/2030 14:00,0.0
06/11/2030 15:00,0.0
06/11/2030 16:00,0.0
06/11/2030 17:00,0.0
06/11/2030 18:00,0.0
06/11/2030 19:00,0.0
06/11/2030 20:00,0.0
06/11/2030 21:00,0.0
06/11/2030 22:00,0.0
06/11/2030 23:00,0.0
07/11/2030 00:00,0.0
07/11/2030 01:00,0.0
07/11/2030 02:00,0.0
07/11/2030 03:00,0.0
07/11/2030 04:00,0.0
07/11/2030 05:00,0.0
07/11/2030 06:00,0.0
07/11/2030 07:00,0.0
07/11/2030 08:00,0.0
07/11/2030 09:00,0.0
07/11/2030 10:00,0.0
07/11/2030 11:00,11.99201017010073
07/11/2030 12:00,87.0689402205584
07/11/2030 13:00,0.0
07/11/2030 14:00,0.0
07/11/2030 15:00,23.804180055951367
07/11/2030 16:00,0.0
07/11/2030 17:00,0.0
07/11/2030 18:00,0.0
07/11/2030 19:00,0.0
07/11/2030 20:00,0.0
07/11/2030 21:00,0.0
07/11/2030 22:00,0.0
07/11/2030 23:00,0.0
08/11/2030 00:00,0.0
08/11/2030 01:00,0.0
08/11/2030 02:00,0.0
08/11/2030 03:00,0.0
08/11/2030 04:00,0.0
08/11/2030 05:00,0.0
08/11/2030 06:00,0.0
08/11/2030 07:00,0.0
08/11/2030 08:00,0.0
08/11/2030 09:00,0.0
08/11/2030 10:00,0.0
08/11/2030 11:00,0.0
08/11/2030 12:00,0.0
08/11/2030 13:00,0.0
08/11/2030 14:00,0.0
08/11/2030 15:00,0.0
08/11/2030 16:00,0.0
08/11/2030 17:00,0.0
08/11/2030 18:00,40.34087977360473
08/11/2030 19:00,82.41553534029153
08/11/2030 20:00,25.56709589578129
08/11/2030 21:00,8.29770656337758
08/11/2030 22:00,101.4797188769983
08/11/2030 23:00,81.39449357447795
09/11/2030 00:00,61.865893888995565
09/11/2030 01:00,61.496518925649426
09/11/2030 02:00,67.54971997492993
09/11/2030 03:00,71.89504992380937
09/11/2030 04:00,75.55282502518732
09/11/2030 05:00,80.07283152423646
09/11/2030 06:00,96.51933844072448
09/11/2030 07:00,34.73431926640994
09/11/2030 08:00,25.076994306120337
09/11/2030 09:00,100.93630392154186
09/11/2030 10:00,48.45906857067833
09/11/2030 11:00,7.450686043071269
09/11/2030 12:00,24.690382574271876
09/11/2030 13:00,26.97880836933799
09/11/2030 14:00,15.20725742890524
09/11/2030 15:00,36.04527842934094
09/11/2030 16:00,81.12774654119603
09/11/2030 17:00,109.60888289387903
09/11/2030 18:00,141.7526637549084
09/11/2030 19:00,134.06088856374154
09/11/2030 20:00,107.53108120675205
09/11/2030 21:00,114.0505716051958
09/11/2030 22:00,128.38986332881066
09/11/2030 23:00,109.31393826035934
10/11/2030 00:00,97.01196453340758
10/11/2030 01:00,101.63253795783737
10/11/2030 02:00,95.35137522693016
10/11/2030 03:00,90.99242890523374
10/11/2030 04:00,89.73238501598314
10/11/2030 05:00,92.20811362940042
10/11/2030 06:00,96.38349552114317
10/11/2030 07:00,143.5162201274313
10/11/2030 08:00,153.6721759835757
10/11/2030 09:00,107.5238444561236
10/11/2030 10:00,46.41957290363877
10/11/2030 11:00,79.31412740139054
10/11/2030 12:00,55.43914253249382
10/11/2030 13:00,47.769756578800376
10/11/2030 14:00,74.0703980194653
10/11/2030 15:00,17.672213954208228
10/11/2030 16:00,75.32228672590968
10/11/2030 17:00,68.63945286298416
10/11/2030 18:00,96.27588128220813
10/11/2030 19:00,0.0
10/11/2030 20:00,0.0
10/11/2030 21:00,6.646545923431047
10/11/2030 22:00,94.91519088203098
10/11/2030 23:00,2.0502941772869097
11/11/2030 00:00,63.28648064823854
11/11/2030 01:00,107.03042655145923
11/11/2030 02:00,94.615760105948
11/11/2030 03:00,87.3942886980855
11/11/2030 04:00,81.88232359637591
11/11/2030 05:00,79.9317495373083
11/11/2030 06:00,82.74090961383202
11/11/2030 07:00,91.37611444968229
11/11/2030 08:00,95.91782619846374
11/11/2030 09:00,80.61580493392165
11/11/2030 10:00,52.08110189902442
11/11/2030 11:00,98.79872587858812
11/11/2030 12:00,48.68673986391039
11/11/2030 13:00,37.248150926615246
11/11/2030 14:00,45.55304271374005
11/11/2030 15:00,0.0
11/11/2030 16:00,22.470466586320974
11/11/2030 17:00,80.82352954039183
11/11/2030 18:00,0.7761647614201531
11/11/2030 19:00,9.463530005812146
11/11/2030 20:00,7.5582802598718315
11/11/2030 21:00,90.42418423244274
11/11/2030 22:00,22.921855069556845
11/11/2030 23:00,90.86804103390439
12/11/2030 00:00,0.0
12/11/2030 01:00,81.31748290616997
12/11/2030 02:00,72.04109256198306
12/11/2030 03:00,63.08376737180961
12/11/2030 04:00,57.185675855441936
12/11/2030 05:00,55.901294664496525
12/11/2030 06:00,59.161257274103946
12/11/2030 07:00,62.80198583421723
12/11/2030 08:00,59.42789098960518
12/11/2030 09:00,44.8966619573615
12/11/2030 10:00,120.11201692796936
12/11/2030 11:00,80.19153116728467
12/11/2030 12:00,71.66985185712632
12/11/2030 13:00,0.0
12/11/2030 14:00,81.60886042041388
12/11/2030 15:00,9.541898296328768
12/11/2030 16:00,0.0
12/11/2030 17:00,25.875664622178398
12/11/2030 18:00,0.0
12/11/2030 19:00,0.0
12/11/2030 20:00,0.0
12/11/2030 21:00,0.0
12/11/2030 22:00,0.0
12/11/2030 23:00,0.0
13/11/2030 00:00,0.0
13/11/2030 01:00,0.0
13/11/2030 02:00,0.0
13/11/2030 03:00,0.0
13/11/2030 04:00,0.0
13/11/2030 05:00,0.0
13/11/2030 06:00,0.0
13/11/2030 07:00,0.0
13/11/2030 08:00,0.0
13/11/2030 09:00,0.0
13/11/2030 10:00,0.0
13/11/2030 11:00,0.0
13/11/2030 12:00,0.0
13/11/2030 13:00,0.0
13/11/2030 14:00,0.0
13/11/2030 15:00,0.0
13/11/2030 16:00,0.0
13/11/2030 17:00,0.0
13/11/2030 18:00,0.0
13/11/2030 19:00,0.0
13/11/2030 20:00,0.0
13/11/2030 21:00,0.0
13/11/2030 22:00,0.0
13/11/2030 23:00,0.0
14/11/2030 00:00,0.0
14/11/2030 01:00,0.0
14/11/2030 02:00,0.0
14/11/2030 03:00,0.0
14/11/2030 04:00,0.0
14/11/2030 05:00,0.0
14/11/2030 06:00,0.0
14/11/2030 07:00,0.0
14/11/2030 08:00,0.0
14/11/2030 09:00,0.0
14/11/2030 10:00,0.0
14/11/2030 11:00,0.0
14/11/2030 12:00,0.0
14/11/2030 13:00,0.0
14/11/2030 14:00,0.0
14/11/2030 15:00,0.0
14/11/2030 16:00,0.0
14/11/2030 17:00,0.0
14/11/2030 18:00,0.0
14/11/2030 19:00,0.0
14/11/2030 20:00,0.0
14/11/2030 21:00,0.0
14/11/2030 22:00,0.0
14/11/2030 23:00,0.0
15/11/2030 00:00,0.0
15/11/2030 01:00,0.0
15/11/2030 02:00,0.0
15/11/2030 03:00,0.0
15/11/2030 04:00,0.0
15/11/2030 05:00,0.0
15/11/2030 06:00,0.0
15/11/2030 07:00,0.0
15/11/2030 08:00,0.0
15/11/2030 09:00,0.0
15/11/2030 10:00,0.0
15/11/2030 11:00,0.0
15/11/2030 12:00,0.0
15/11/2030 13:00,0.0
15/11/2030 14:00,0.0
15/11/2030 15:00,0.0
15/11/2030 16:00,0.0
15/11/2030 17:00,0.0
15/11/2030 18:00,0.0
15/11/2030 19:00,0.0
15/11/2030 20:00,0.0
15/11/2030 21:00,0.0
15/11/2030 22:00,0.0
15/11/2030 23:00,0.0
16/11/2030 00:00,0.0
16/11/2030 01:00,0.0
16/11/2030 02:00,0.0
16/11/2030 03:00,93.5214703167006
16/11/2030 04:00,3.782297616124934
16/11/2030 05:00,22.348184375786786
16/11/2030 06:00,47.51764931044054
16/11/2030 07:00,0.0
16/11/2030 08:00,0.0
16/11/2030 09:00,5.916844184208382
16/11/2030 10:00,0.0
16/11/2030 11:00,0.0
16/11/2030 12:00,0.0
16/11/2030 13:00,0.0
16/11/2030 14:00,0.0
16/11/2030 15:00,0.0
16/11/2030 16:00,0.0
16/11/2030 17:00,0.0
16/11/2030 18:00,46.468807259470104
16/11/2030 19:00,18.378426121418038
16/11/2030 20:00,0.1264904222349862
16/11/2030 21:00,0.0
16/11/2030 22:00,0.0
16/11/2030 23:00,0.0
17/11/2030 00:00,0.0
17/11/2030 01:00,47.55038467280476
17/11/2030 02:00,76.0548904326952
17/11/2030 03:00,88.36551873399199
17/11/2030 04:00,79.27461073128018
17/11/2030 05:00,59.097587366439726
17/11/2030 06:00,30.092303652050322
17/11/2030 07:00,0.0
17/11/2030 08:00,0.0
17/11/2030 09:00,0.0
17/11/2030 10:00,0.0
17/11/2030 11:00,43.975026328812966
17/11/2030 12:00,10.176804100476264
17/11/2030 13:00,1.5599467073560347
17/11/2030 14:00,0.0
17/11/2030 15:00,38.05118440016887
17/11/2030 16:00,13.59807979191638
17/11/2030 17:00,18.234574965902446
17/11/2030 18:00,24.62758257962671
17/11/2030 19:00,52.15773256528741
17/11/2030 20:00,16.8484189835147
17/11/2030 21:00,107.3293222740038
17/11/2030 22:00,116.18328681722895
17/11/2030 23:00,101.29959233882519
18/11/2030 00:00,42.069049013156395
18/11/2030 01:00,89.86143849421953
18/11/2030 02:00,83.6796351443638
18/11/2030 03:00,80.11392866360714
18/11/2030 04:00,77.08238258175864
18/11/2030 05:00,75.83201459515723
18/11/2030 06:00,78.42310410447077
18/11/2030 07:00,88.19197591484473
18/11/2030 08:00,88.16985654250306
18/11/2030 09:00,38.04351324466125
18/11/2030 10:00,0.0
18/11/2030 11:00,28.899446034147303
18/11/2030 12:00,0.0
18/11/2030 13:00,0.0
18/11/2030 14:00,0.0
18/11/2030 15:00,27.297993259973538
18/11/2030 16:00,0.0
18/11/2030 17:00,41.874008909888026
18/11/2030 18:00,0.0
18/11/2030 19:00,75.03480986107
18/11/2030 20:00,0.0
18/11/2030 21:00,0.0
18/11/2030 22:00,0.0
18/11/2030 23:00,59.23455382730928
19/11/2030 00:00,44.15442066867636
19/11/2030 01:00,31.256948659627216
19/11/2030 02:00,20.459424810077095
19/11/2030 03:00,127.65686968180513
19/11/2030 04:00,19.758923647849322
19/11/2030 05:00,29.41548976244553
19/11/2030 06:00,40.03699694602688
19/11/2030 07:00,52.40700913650155
19/11/2030 08:00,58.66586886021301
19/11/2030 09:00,48.31823202485657
19/11/2030 10:00,85.7110022775604
19/11/2030 11:00,0.0
19/11/2030 12:00,27.25707823488432
19/11/2030 13:00,0.0
19/11/2030 14:00,0.0
19/11/2030 15:00,0.0
19/11/2030 16:00,0.0
19/11/2030 17:00,62.66765470968947
19/11/2030 18:00,2.6112797150171057
19/11/2030 19:00,0.0
19/11/2030 20:00,0.0
19/11/2030 21:00,0.0
19/11/2030 22:00,0.0
19/11/2030 23:00,35.508421953222275
20/11/2030 00:00,92.21105343647038
20/11/2030 01:00,113.55628209864928
20/11/2030 02:00,145.08006591860243
20/11/2030 03:00,157.8061428559574
20/11/2030 04:00,158.4094688619362
20/11/2030 05:00,134.86056968214785
20/11/2030 06:00,62.94841812579805
20/11/2030 07:00,0.0
20/11/2030 08:00,0.0
20/11/2030 09:00,0.0
20/11/2030 10:00,50.8375841797663
20/11/2030 11:00,95.12756390896111
20/11/2030 12:00,42.67632518634463
20/11/2030 13:00,27.283486634120198
20/11/2030 14:00,0.0
20/11/2030 15:00,75.58202801043954
20/11/2030 16:00,31.380016735572244
20/11/2030 17:00,0.0
20/11/2030 18:00,59.21670104128686
20/11/2030 19:00,27.78685590715865
20/11/2030 20:00,8.763563780617446
20/11/2030 21:00,30.540192817357088
20/11/2030 22:00,61.13294953453707
20/11/2030 23:00,64.38790265262953
21/11/2030 00:00,49.28031339330475
21/11/2030 01:00,67.27745667409137
21/11/2030 02:00,105.30617999996278
21/11/2030 03:00,124.93279813248265
21/11/2030 04:00,131.3808448229473
21/11/2030 05:00,120.61557740480684
21/11/2030 06:00,45.97383109770284
21/11/2030 07:00,0.0
21/11/2030 08:00,0.0
21/11/2030 09:00,15.480958713561915
21/11/2030 10:00,109.24834164707383
21/11/2030 11:00,159.22955810481383
21/11/2030 12:00,99.20084241324396
21/11/2030 13:00,58.70278588870205
21/11/2030 14:00,64.61857740093815
21/11/2030 15:00,0.0
21/11/2030 16:00,37.99418633449872
21/11/2030 17:00,0.0
21/11/2030 18:00,62.311015370363144
21/11/2030 19:00,75.87622810677126
21/11/2030 20:00,64.98063814300342
21/11/2030 21:00,0.0
21/11/2030 22:00,0.0
21/11/2030 23:00,53.67587327352266
22/11/2030 00:00,98.14781211437743
22/11/2030 01:00,103.83978631633592
22/11/2030 02:00,131.553750707437
22/11/2030 03:00,143.95831769369403
22/11/2030 04:00,133.94522176148078
22/11/2030 05:00,114.84518987008016
22/11/2030 06:00,45.801336998083194
22/11/2030 07:00,0.0
22/11/2030 08:00,0.0
22/11/2030 09:00,59.995947625812605
22/11/2030 10:00,58.161402121163135
22/11/2030 11:00,58.855050209898124
22/11/2030 12:00,31.549082720966048
22/11/2030 13:00,12.396125277823012
22/11/2030 14:00,38.196228012734736
22/11/2030 15:00,33.59882639995321
22/11/2030 16:00,40.07193804550511
22/11/2030 17:00,0.0
22/11/2030 18:00,68.42086446132805
22/11/2030 19:00,0.0
22/11/2030 20:00,0.0
22/11/2030 21:00,0.0
22/11/2030 22:00,2.9859604949116956
22/11/2030 23:00,19.341422420298105
23/11/2030 00:00,0.0
23/11/2030 01:00,0.0
23/11/2030 02:00,0.0
23/11/2030 03:00,2.9035280023246264
23/11/2030 04:00,12.672515754544603
23/11/2030 05:00,0.0
23/11/2030 06:00,0.0
23/11/2030 07:00,0.0
23/11/2030 08:00,0.0
23/11/2030 09:00,0.0
23/11/2030 10:00,0.0
23/11/2030 11:00,0.0
23/11/2030 12:00,0.0
23/11/2030 13:00,0.0
23/11/2030 14:00,5.171280276688511
23/11/2030 15:00,0.0
23/11/2030 16:00,0.0
23/11/2030 17:00,0.0
23/11/2030 18:00,0.0
23/11/2030 19:00,2.7096617213155225
23/11/2030 20:00,36.873225160843766
23/11/2030 21:00,56.20608416385488
23/11/2030 22:00,80.57421310584817
23/11/2030 23:00,93.67927438778554
24/11/2030 00:00,97.58489792653857
24/11/2030 01:00,94.22930119447123
24/11/2030 02:00,95.60642106393749
24/11/2030 03:00,94.25803381265716
24/11/2030 04:00,91.72194451892894
24/11/2030 05:00,95.17094998760788
24/11/2030 06:00,116.8530009327476
24/11/2030 07:00,41.05080854247496
24/11/2030 08:00,55.55301131514187
24/11/2030 09:00,25.67264041560736
24/11/2030 10:00,77.12625904677579
24/11/2030 11:00,24.599359824061043
24/11/2030 12:00,73.37295528310902
24/11/2030 13:00,46.72194729317161
24/11/2030 14:00,48.654413302321736
24/11/2030 15:00,0.0
24/11/2030 16:00,33.675992448667714
24/11/2030 17:00,0.0
24/11/2030 18:00,103.9195786254918
24/11/2030 19:00,0.0
24/11/2030 20:00,0.0
24/11/2030 21:00,4.987593211492475
24/11/2030 22:00,65.53287765056434
24/11/2030 23:00,92.72869985402598
25/11/2030 00:00,72.432629049988
25/11/2030 01:00,49.68887800937154
25/11/2030 02:00,30.278771541346526
25/11/2030 03:00,7.768717614647019
25/11/2030 04:00,0.0
25/11/2030 05:00,0.0
25/11/2030 06:00,0.0
25/11/2030 07:00,0.0
25/11/2030 08:00,0.0
25/11/2030 09:00,0.0
25/11/2030 10:00,0.0
25/11/2030 11:00,0.0
25/11/2030 12:00,0.0
25/11/2030 13:00,8.240699772324987
25/11/2030 14:00,37.00200345212615
25/11/2030 15:00,0.0
25/11/2030 16:00,15.043438078691159
25/11/2030 17:00,72.7906146566174
25/11/2030 18:00,118.23391569926756
25/11/2030 19:00,20.90850507682277
25/11/2030 20:00,27.340009134550463
25/11/2030 21:00,82.63687172885578
25/11/2030 22:00,1.3216340850897026
25/11/2030 23:00,42.441661405972205
26/11/2030 00:00,90.57849738680365
26/11/2030 01:00,74.519082032826
26/11/2030 02:00,54.25604510183212
26/11/2030 03:00,47.86048662307204
26/11/2030 04:00,50.80971986532487
26/11/2030 05:00,49.531664286766244
26/11/2030 06:00,40.053795070310514
26/11/2030 07:00,30.98236922204574
26/11/2030 08:00,25.392191325971286
26/11/2030 09:00,3.3442209129785447
26/11/2030 10:00,0.0
26/11/2030 11:00,0.0
26/11/2030 12:00,0.0
26/11/2030 13:00,0.0
26/11/2030 14:00,0.0
26/11/2030 15:00,0.0
26/11/2030 16:00,0.0
26/11/2030 17:00,0.0
26/11/2030 18:00,0.0
26/11/2030 19:00,0.0
26/11/2030 20:00,0.0
26/11/2030 21:00,0.0
26/11/2030 22:00,0.0
26/11/2030 23:00,82.76555400086954
27/11/2030 00:00,0.0
27/11/2030 01:00,0.0
27/11/2030 02:00,12.480753744607691
27/11/2030 03:00,18.15147375925401
27/11/2030 04:00,24.993519332983162
27/11/2030 05:00,27.679947874995122
27/11/2030 06:00,45.58149218405402
27/11/2030 07:00,0.0
27/11/2030 08:00,0.0
27/11/2030 09:00,0.0
27/11/2030 10:00,76.67601096893713
27/11/2030 11:00,37.10183903000629
27/11/2030 12:00,0.0
27/11/2030 13:00,0.0
27/11/2030 14:00,0.0
27/11/2030 15:00,0.0
27/11/2030 16:00,0.0
27/11/2030 17:00,0.0
27/11/2030 18:00,0.0
27/11/2030 19:00,0.0
27/11/2030 20:00,0.0
27/11/2030 21:00,0.0
27/11/2030 22:00,0.0
27/11/2030 23:00,0.0
28/11/2030 00:00,0.0
28/11/2030 01:00,0.0
28/11/2030 02:00,0.0
28/11/2030 03:00,0.0
28/11/2030 04:00,1.8060625325398643
28/11/2030 05:00,9.083874272360157
28/11/2030 06:00,25.547347852118698
28/11/2030 07:00,0.0
28/11/2030 08:00,0.0
28/11/2030 09:00,22.0852345842217
28/11/2030 10:00,3.9127079802555524
28/11/2030 11:00,0.0
28/11/2030 12:00,17.403433326411285
28/11/2030 13:00,0.0
28/11/2030 14:00,0.0
28/11/2030 15:00,0.0
28/11/2030 16:00,0.0
28/11/2030 17:00,0.0
28/11/2030 18:00,0.0
28/11/2030 19:00,0.0
28/11/2030 20:00,0.0
28/11/2030 21:00,0.0
28/11/2030 22:00,0.21352790505542482
28/11/2030 23:00,0.0
29/11/2030 00:00,3.8384008425590266
29/11/2030 01:00,47.54582014978166
29/11/2030 02:00,0.0
29/11/2030 03:00,38.95281960514377
29/11/2030 04:00,0.0
29/11/2030 05:00,0.0
29/11/2030 06:00,70.98092726737212
29/11/2030 07:00,0.0
29/11/2030 08:00,0.0
29/11/2030 09:00,0.0
29/11/2030 10:00,1.8660032117875842
29/11/2030 11:00,39.430152016721365
29/11/2030 12:00,0.0
29/11/2030 13:00,0.0
29/11/2030 14:00,8.70438086732297
29/11/2030 15:00,0.0
29/11/2030 16:00,0.0
29/11/2030 17:00,0.0
29/11/2030 18:00,0.0
29/11/2030 19:00,0.0
29/11/2030 20:00,0.0
29/11/2030 21:00,0.0
29/11/2030 22:00,0.0
29/11/2030 23:00,0.0
30/11/2030 00:00,0.0
30/11/2030 01:00,0.0
30/11/2030 02:00,0.0
30/11/2030 03:00,0.0
30/11/2030 04:00,0.0
30/11/2030 05:00,0.0
30/11/2030 06:00,0.0
30/11/2030 07:00,0.0
30/11/2030 08:00,0.0
30/11/2030 09:00,0.0
30/11/2030 10:00,0.0
30/11/2030 11:00,0.0
30/11/2030 12:00,0.0
30/11/2030 13:00,0.0
30/11/2030 14:00,0.0
30/11/2030 15:00,0.0
30/11/2030 16:00,39.120117392372755
30/11/2030 17:00,51.409077368156964
30/11/2030 18:00,87.46394425401233
30/11/2030 19:00,84.7404473073468
30/11/2030 20:00,57.91399930847939
30/11/2030 21:00,84.01359866915203
30/11/2030 22:00,70.42299613649061
30/11/2030 23:00,54.35830019635484
01/12/2030 00:00,52.37884550555771
01/12/2030 01:00,51.474764437734066
01/12/2030 02:00,56.133353777222325
01/12/2030 03:00,53.32620387497074
01/12/2030 04:00,54.26048202968305
01/12/2030 05:00,58.77847835446007
01/12/2030 06:00,82.31107391952523
01/12/2030 07:00,114.13710707086643
01/12/2030 08:00,98.01891479193198
01/12/2030 09:00,76.7156107568585
01/12/2030 10:00,49.96400704811802
01/12/2030 11:00,0.0
01/12/2030 12:00,0.0
01/12/2030 13:00,0.0
01/12/2030 14:00,0.0
01/12/2030 15:00,0.0
01/12/2030 16:00,0.0
01/12/2030 17:00,73.53696448906148
01/12/2030 18:00,24.871565915832303
01/12/2030 19:00,15.463120004682523
01/12/2030 20:00,10.57736141533815
01/12/2030 21:00,35.747970939034076
01/12/2030 22:00,90.22235141751598
01/12/2030 23:00,71.65922476859343
02/12/2030 00:00,59.654550231388185
02/12/2030 01:00,47.10919143284424
02/12/2030 02:00,82.09670159358247
02/12/2030 03:00,97.39012436735085
02/12/2030 04:00,93.97178181275355
02/12/2030 05:00,91.3196615650383
02/12/2030 06:00,96.91929997068696
02/12/2030 07:00,105.21005732460019
02/12/2030 08:00,113.66492999554885
02/12/2030 09:00,102.02495860722134
02/12/2030 10:00,77.75789072679741
02/12/2030 11:00,57.755944921105126
02/12/2030 12:00,88.69573261136242
02/12/2030 13:00,69.46519349924145
02/12/2030 14:00,71.29743327985034
02/12/2030 15:00,79.04224785776061
02/12/2030 16:00,86.13901059725589
02/12/2030 17:00,111.22031435598461
02/12/2030 18:00,136.9455560957917
02/12/2030 19:00,129.28980121587188
02/12/2030 20:00,111.1139432744382
02/12/2030 21:00,117.6347666940844
02/12/2030 22:00,126.57583759381131
02/12/2030 23:00,108.86162105950459
03/12/2030 00:00,24.799653135918767
03/12/2030 01:00,40.45723257519645
03/12/2030 02:00,31.595621385859374
03/12/2030 03:00,24.250453295250587
03/12/2030 04:00,20.0645483173986
03/12/2030 05:00,18.569092229911643
03/12/2030 06:00,19.92380509357875
03/12/2030 07:00,24.587825228333674
03/12/2030 08:00,26.29510602795761
03/12/2030 09:00,5.287841121642189
03/12/2030 10:00,21.919519018504165
03/12/2030 11:00,86.97252145861702
03/12/2030 12:00,42.2610729333773
03/12/2030 13:00,33.677263536121714
03/12/2030 14:00,43.728059915908844
03/12/2030 15:00,2.4811330154039886
03/12/2030 16:00,0.0
03/12/2030 17:00,25.029005358745138
03/12/2030 18:00,0.0
03/12/2030 19:00,0.0
03/12/2030 20:00,80.13437189939755
03/12/2030 21:00,0.0
03/12/2030 22:00,0.0
03/12/2030 23:00,0.0
04/12/2030 00:00,70.12244651363557
04/12/2030 01:00,0.0
04/12/2030 02:00,86.74121151111802
04/12/2030 03:00,81.87943776249467
04/12/2030 04:00,0.0
04/12/2030 05:00,82.17148538245048
04/12/2030 06:00,0.0
04/12/2030 07:00,0.0
04/12/2030 08:00,0.0
04/12/2030 09:00,0.0
04/12/2030 10:00,0.0
04/12/2030 11:00,0.0
04/12/2030 12:00,19.424044264294068
04/12/2030 13:00,16.08237559829217
04/12/2030 14:00,41.9561768996749
04/12/2030 15:00,22.037553319840768
04/12/2030 16:00,0.0
04/12/2030 17:00,0.0
04/12/2030 18:00,0.0
04/12/2030 19:00,0.0
04/12/2030 20:00,0.0
04/12/2030 21:00,0.0
04/12/2030 22:00,27.515898116243886
04/12/2030 23:00,4.606851338536507
05/12/2030 00:00,0.0
05/12/2030 01:00,46.05017859962764
05/12/2030 02:00,82.58910984530567
05/12/2030 03:00,99.04826644578871
05/12/2030 04:00,102.10260435143422
05/12/2030 05:00,84.17350261843406
05/12/2030 06:00,0.0
05/12/2030 07:00,75.862597331545
05/12/2030 08:00,0.0
05/12/2030 09:00,5.659004151498713
05/12/2030 10:00,67.4289224454877
05/12/2030 11:00,143.1057448654715
05/12/2030 12:00,119.7123945365533
05/12/2030 13:00,112.2273294585742
05/12/2030 14:00,113.32751777176378
05/12/2030 15:00,55.85790642156172
05/12/2030 16:00,0.18889570537886383
05/12/2030 17:00,43.010546692985386
05/12/2030 18:00,0.0
05/12/2030 19:00,0.0
05/12/2030 20:00,0.0
05/12/2030 21:00,0.0
05/12/2030 22:00,0.0
05/12/2030 23:00,10.066735178684226
06/12/2030 00:00,17.407674328548666
06/12/2030 01:00,83.89156285932044
06/12/2030 02:00,72.89804095896697
06/12/2030 03:00,66.0190068585783
06/12/2030 04:00,62.90908840730189
06/12/2030 05:00,175.1170110698029
06/12/2030 06:00,72.74100112996734
06/12/2030 07:00,79.12219329982564
06/12/2030 08:00,84.19340667842054
06/12/2030 09:00,125.57294796320615
06/12/2030 10:00,45.408069673814666
06/12/2030 11:00,70.63924506903552
06/12/2030 12:00,105.96949577545213
06/12/2030 13:00,105.28079202406916
06/12/2030 14:00,15.59162495623862
06/12/2030 15:00,77.1746286287135
06/12/2030 16:00,71.5959265125875
06/12/2030 17:00,37.09878722299248
06/12/2030 18:00,0.0
06/12/2030 19:00,0.0
06/12/2030 20:00,0.0
06/12/2030 21:00,44.6231746774919
06/12/2030 22:00,43.564671691097644
06/12/2030 23:00,111.65979857300647
07/12/2030 00:00,100.0347094546324
07/12/2030 01:00,85.05597103367407
07/12/2030 02:00,74.05206269383507
07/12/2030 03:00,69.45837423180184
07/12/2030 04:00,67.34808011175409
07/12/2030 05:00,67.51844122342683
07/12/2030 06:00,80.19315225882201
07/12/2030 07:00,95.84038881193622
07/12/2030 08:00,58.66557492607811
07/12/2030 09:00,64.22624500799446
07/12/2030 10:00,83.38087384999879
07/12/2030 11:00,39.51297319569926
07/12/2030 12:00,12.959497531684905
07/12/2030 13:00,25.915645506313187
07/12/2030 14:00,0.0
07/12/2030 15:00,0.0
07/12/2030 16:00,0.0
07/12/2030 17:00,11.307013275411608
07/12/2030 18:00,0.0
07/12/2030 19:00,0.0
07/12/2030 20:00,0.0
07/12/2030 21:00,0.0
07/12/2030 22:00,0.0
07/12/2030 23:00,0.0
08/12/2030 00:00,0.0
08/12/2030 01:00,0.0
08/12/2030 02:00,0.0
08/12/2030 03:00,0.0
08/12/2030 04:00,0.0
08/12/2030 05:00,48.15567373754806
08/12/2030 06:00,33.10570762077427
08/12/2030 07:00,0.0
08/12/2030 08:00,0.0
08/12/2030 09:00,0.0
08/12/2030 10:00,2.4063466678031493
08/12/2030 11:00,70.39817976351064
08/12/2030 12:00,115.72175451708277
08/12/2030 13:00,87.23795668283225
08/12/2030 14:00,45.32291610921858
08/12/2030 15:00,12.377959643486802
08/12/2030 16:00,22.46840823905398
08/12/2030 17:00,0.0
08/12/2030 18:00,39.87465575284831
08/12/2030 19:00,30.413951075150372
08/12/2030 20:00,0.0
08/12/2030 21:00,23.35665246201027
08/12/2030 22:00,50.71920052962122
08/12/2030 23:00,0.0
09/12/2030 00:00,0.0
09/12/2030 01:00,0.0
09/12/2030 02:00,0.0
09/12/2030 03:00,0.0
09/12/2030 04:00,5.853461701365297
09/12/2030 05:00,0.0
09/12/2030 06:00,0.0
09/12/2030 07:00,0.0
09/12/2030 08:00,0.0
09/12/2030 09:00,0.0
09/12/2030 10:00,0.0
09/12/2030 11:00,0.0
09/12/2030 12:00,0.0
09/12/2030 13:00,0.0
09/12/2030 14:00,0.0
09/12/2030 15:00,0.0
09/12/2030 16:00,0.0
09/12/2030 17:00,0.0
09/12/2030 18:00,0.0
09/12/2030 19:00,0.0
09/12/2030 20:00,0.0
09/12/2030 21:00,0.0
09/12/2030 22:00,0.0
09/12/2030 23:00,0.0
10/12/2030 00:00,0.0
10/12/2030 01:00,0.0
10/12/2030 02:00,0.0
10/12/2030 03:00,0.0
10/12/2030 04:00,0.0
10/12/2030 05:00,0.0
10/12/2030 06:00,0.0
10/12/2030 07:00,0.0
10/12/2030 08:00,0.0
10/12/2030 09:00,0.0
10/12/2030 10:00,0.0
10/12/2030 11:00,77.02791394953891
10/12/2030 12:00,177.66683630768645
10/12/2030 13:00,0.0
10/12/2030 14:00,0.0
10/12/2030 15:00,143.56200298485706
10/12/2030 16:00,30.43527505540665
10/12/2030 17:00,0.0
10/12/2030 18:00,0.0
10/12/2030 19:00,0.0
10/12/2030 20:00,0.0
10/12/2030 21:00,0.0
10/12/2030 22:00,0.0
10/12/2030 23:00,0.0
11/12/2030 00:00,0.0
11/12/2030 01:00,0.0
11/12/2030 02:00,0.0
11/12/2030 03:00,0.0
11/12/2030 04:00,5.618715366459676
11/12/2030 05:00,0.0
11/12/2030 06:00,0.0
11/12/2030 07:00,0.0
11/12/2030 08:00,0.0
11/12/2030 09:00,0.0
11/12/2030 10:00,0.0
11/12/2030 11:00,0.0
11/12/2030 12:00,0.0
11/12/2030 13:00,0.0
11/12/2030 14:00,0.0
11/12/2030 15:00,0.0
11/12/2030 16:00,0.0
11/12/2030 17:00,14.645318905443032
11/12/2030 18:00,0.0
11/12/2030 19:00,0.0
11/12/2030 20:00,0.0
11/12/2030 21:00,0.0
11/12/2030 22:00,0.0
11/12/2030 23:00,0.0
12/12/2030 00:00,0.0
12/12/2030 01:00,0.0
12/12/2030 02:00,0.0
12/12/2030 03:00,0.0
12/12/2030 04:00,0.0
12/12/2030 05:00,0.0
12/12/2030 06:00,0.0
12/12/2030 07:00,0.0
12/12/2030 08:00,0.0
12/12/2030 09:00,0.0
12/12/2030 10:00,0.0
12/12/2030 11:00,0.0
12/12/2030 12:00,0.0
12/12/2030 13:00,0.0
12/12/2030 14:00,0.0
12/12/2030 15:00,0.0
12/12/2030 16:00,0.0
12/12/2030 17:00,0.0
12/12/2030 18:00,0.0
12/12/2030 19:00,0.0
12/12/2030 20:00,0.0
12/12/2030 21:00,0.0
12/12/2030 22:00,0.0
12/12/2030 23:00,0.0
13/12/2030 00:00,0.0
13/12/2030 01:00,0.0
13/12/2030 02:00,0.0
13/12/2030 03:00,0.0
13/12/2030 04:00,0.0
13/12/2030 05:00,0.0
13/12/2030 06:00,0.0
13/12/2030 07:00,0.0
13/12/2030 08:00,0.0
13/12/2030 09:00,0.0
13/12/2030 10:00,0.0
13/12/2030 11:00,0.0
13/12/2030 12:00,0.0
13/12/2030 13:00,0.0
13/12/2030 14:00,0.0
13/12/2030 15:00,0.0
13/12/2030 16:00,0.0
13/12/2030 17:00,0.0
13/12/2030 18:00,0.0
13/12/2030 19:00,0.0
13/12/2030 20:00,0.0
13/12/2030 21:00,0.0
13/12/2030 22:00,0.0
13/12/2030 23:00,0.0
14/12/2030 00:00,0.0
14/12/2030 01:00,0.0
14/12/2030 02:00,0.0
14/12/2030 03:00,0.0
14/12/2030 04:00,0.0
14/12/2030 05:00,0.0
14/12/2030 06:00,0.0
14/12/2030 07:00,0.0
14/12/2030 08:00,0.0
14/12/2030 09:00,0.0
14/12/2030 10:00,0.0
14/12/2030 11:00,0.0
14/12/2030 12:00,0.0
14/12/2030 13:00,0.0
14/12/2030 14:00,0.0
14/12/2030 15:00,0.0
14/12/2030 16:00,0.0
14/12/2030 17:00,0.0
14/12/2030 18:00,43.49341855383576
14/12/2030 19:00,48.72896258229631
14/12/2030 20:00,55.42393931981885
14/12/2030 21:00,59.40785512387303
14/12/2030 22:00,70.9241314598972
14/12/2030 23:00,57.18281471081406
15/12/2030 00:00,52.630331131747276
15/12/2030 01:00,38.1684114784797
15/12/2030 02:00,36.57732126853282
15/12/2030 03:00,52.296389367111864
15/12/2030 04:00,60.801276818067485
15/12/2030 05:00,68.83198958209678
15/12/2030 06:00,90.91013793449648
15/12/2030 07:00,93.92683945851564
15/12/2030 08:00,37.01640284304153
15/12/2030 09:00,101.03736779083903
15/12/2030 10:00,84.74496389286898
15/12/2030 11:00,18.788705888881488
15/12/2030 12:00,93.91523871202573
15/12/2030 13:00,0.0
15/12/2030 14:00,15.39400523539003
15/12/2030 15:00,7.425312190923932
15/12/2030 16:00,52.56806868227158
15/12/2030 17:00,116.27816344393405
15/12/2030 18:00,41.16896467444902
15/12/2030 19:00,39.845879872906956
15/12/2030 20:00,34.1695043037734
15/12/2030 21:00,51.231607685633314
15/12/2030 22:00,115.9364745029203
15/12/2030 23:00,93.66191265283362
16/12/2030 00:00,75.71039383337069
16/12/2030 01:00,61.01440209785703
16/12/2030 02:00,52.26450642420116
16/12/2030 03:00,55.71991738364332
16/12/2030 04:00,61.12389222788098
16/12/2030 05:00,66.84961245849493
16/12/2030 06:00,80.77142106841448
16/12/2030 07:00,96.8725153551132
16/12/2030 08:00,108.75800689792172
16/12/2030 09:00,109.48280620775522
16/12/2030 10:00,84.46745540874778
16/12/2030 11:00,60.265397951418294
16/12/2030 12:00,134.84602860159293
16/12/2030 13:00,100.64093985652696
16/12/2030 14:00,90.25442172283486
16/12/2030 15:00,76.87928077829844
16/12/2030 16:00,13.123684808752312
16/12/2030 17:00,70.26361678186751
16/12/2030 18:00,0.0
16/12/2030 19:00,0.0
16/12/2030 20:00,100.1960970636975
16/12/2030 21:00,5.974348807295896
16/12/2030 22:00,15.664429948537496
16/12/2030 23:00,52.280348182866526
17/12/2030 00:00,40.10641223999139
17/12/2030 01:00,27.804801426342728
17/12/2030 02:00,9.096911205056124
17/12/2030 03:00,0.0
17/12/2030 04:00,0.0
17/12/2030 05:00,0.0
17/12/2030 06:00,0.0
17/12/2030 07:00,0.0
17/12/2030 08:00,0.0
17/12/2030 09:00,0.0
17/12/2030 10:00,0.0
17/12/2030 11:00,0.0
17/12/2030 12:00,0.0
17/12/2030 13:00,0.0
17/12/2030 14:00,0.0
17/12/2030 15:00,0.0
17/12/2030 16:00,0.0
17/12/2030 17:00,0.0
17/12/2030 18:00,0.0
17/12/2030 19:00,0.0
17/12/2030 20:00,0.0
17/12/2030 21:00,0.0
17/12/2030 22:00,0.0
17/12/2030 23:00,0.0
18/12/2030 00:00,0.0
18/12/2030 01:00,0.0
18/12/2030 02:00,0.0
18/12/2030 03:00,0.0
18/12/2030 04:00,0.0
18/12/2030 05:00,0.0
18/12/2030 06:00,0.0
18/12/2030 07:00,0.0
18/12/2030 08:00,0.0
18/12/2030 09:00,4.941191290725915
18/12/2030 10:00,0.0
18/12/2030 11:00,0.0
18/12/2030 12:00,0.0
18/12/2030 13:00,0.0
18/12/2030 14:00,0.0
18/12/2030 15:00,0.0
18/12/2030 16:00,0.0
18/12/2030 17:00,62.41262757030154
18/12/2030 18:00,86.98938403109723
18/12/2030 19:00,102.87226799664136
18/12/2030 20:00,0.0
18/12/2030 21:00,3.18477665108406
18/12/2030 22:00,37.98168436906244
18/12/2030 23:00,97.49533510944107
19/12/2030 00:00,91.44525685925784
19/12/2030 01:00,79.43108313749762
19/12/2030 02:00,141.7840454017669
19/12/2030 03:00,90.62651635660308
19/12/2030 04:00,185.86402078647185
19/12/2030 05:00,84.42362911753007
19/12/2030 06:00,113.92866822022886
19/12/2030 07:00,108.5550567497648
19/12/2030 08:00,74.71961375531309
19/12/2030 09:00,54.821016041485116
19/12/2030 10:00,105.56523154340775
19/12/2030 11:00,94.35781051381505
19/12/2030 12:00,115.05594327010863
19/12/2030 13:00,90.51005863909886
19/12/2030 14:00,108.44980972165399
19/12/2030 15:00,65.80954669017927
19/12/2030 16:00,72.9923487503972
19/12/2030 17:00,126.08110499009729
19/12/2030 18:00,109.42430203213704
19/12/2030 19:00,60.13449343929566
19/12/2030 20:00,64.08663570676906
19/12/2030 21:00,93.98656810299542
19/12/2030 22:00,0.0
19/12/2030 23:00,67.96675181694022
20/12/2030 00:00,53.14059269880961
20/12/2030 01:00,28.08150316384676
20/12/2030 02:00,10.10613935919638
20/12/2030 03:00,50.25179976503507
20/12/2030 04:00,72.58214406964524
20/12/2030 05:00,64.50072493417517
20/12/2030 06:00,0.0
20/12/2030 07:00,0.0
20/12/2030 08:00,0.0
20/12/2030 09:00,0.0
20/12/2030 10:00,0.0
20/12/2030 11:00,0.0
20/12/2030 12:00,0.0
20/12/2030 13:00,0.0
20/12/2030 14:00,0.0
20/12/2030 15:00,0.0
20/12/2030 16:00,0.0
20/12/2030 17:00,0.0
20/12/2030 18:00,0.0
20/12/2030 19:00,0.0
20/12/2030 20:00,0.0
20/12/2030 21:00,0.0
20/12/2030 22:00,0.0
20/12/2030 23:00,0.0
21/12/2030 00:00,0.0
21/12/2030 01:00,0.0
21/12/2030 02:00,0.0
21/12/2030 03:00,0.0
21/12/2030 04:00,12.79525320407946
21/12/2030 05:00,32.13502799919159
21/12/2030 06:00,65.34651680646684
21/12/2030 07:00,31.51922189162015
21/12/2030 08:00,11.695484673678406
21/12/2030 09:00,6.871354475751967
21/12/2030 10:00,56.14847626876106
21/12/2030 11:00,20.312336192934122
21/12/2030 12:00,16.56808514286869
21/12/2030 13:00,36.99120656671753
21/12/2030 14:00,11.125578020123033
21/12/2030 15:00,0.0
21/12/2030 16:00,0.0
21/12/2030 17:00,0.0
21/12/2030 18:00,49.64141562567201
21/12/2030 19:00,40.21123019922541
21/12/2030 20:00,0.0
21/12/2030 21:00,60.14215936360712
21/12/2030 22:00,0.0
21/12/2030 23:00,20.022140531490894
22/12/2030 00:00,0.0
22/12/2030 01:00,0.0
22/12/2030 02:00,0.0
22/12/2030 03:00,0.0
22/12/2030 04:00,0.0
22/12/2030 05:00,0.0
22/12/2030 06:00,0.0
22/12/2030 07:00,10.702226842284714
22/12/2030 08:00,0.0
22/12/2030 09:00,0.0
22/12/2030 10:00,0.0
22/12/2030 11:00,0.0
22/12/2030 12:00,0.0
22/12/2030 13:00,0.0
22/12/2030 14:00,0.0
22/12/2030 15:00,0.0
22/12/2030 16:00,0.0
22/12/2030 17:00,0.0
22/12/2030 18:00,0.0
22/12/2030 19:00,0.0
22/12/2030 20:00,0.0
22/12/2030 21:00,0.0
22/12/2030 22:00,0.0
22/12/2030 23:00,0.0
23/12/2030 00:00,0.0
23/12/2030 01:00,0.0
23/12/2030 02:00,0.0
23/12/2030 03:00,0.0
23/12/2030 04:00,0.0
23/12/2030 05:00,0.0
23/12/2030 06:00,0.0
23/12/2030 07:00,0.0
23/12/2030 08:00,0.0
23/12/2030 09:00,0.0
23/12/2030 10:00,0.0
23/12/2030 11:00,0.0
23/12/2030 12:00,0.0
23/12/2030 13:00,0.0
23/12/2030 14:00,0.0
23/12/2030 15:00,0.0
23/12/2030 16:00,0.0
23/12/2030 17:00,0.0
23/12/2030 18:00,0.0
23/12/2030 19:00,0.0
23/12/2030 20:00,0.0
23/12/2030 21:00,0.0
23/12/2030 22:00,0.0
23/12/2030 23:00,0.0
24/12/2030 00:00,0.0
24/12/2030 01:00,0.0
24/12/2030 02:00,0.0
24/12/2030 03:00,0.0
24/12/2030 04:00,0.0
24/12/2030 05:00,0.0
24/12/2030 06:00,0.0
24/12/2030 07:00,0.0
24/12/2030 08:00,0.0
24/12/2030 09:00,0.0
24/12/2030 10:00,0.0
24/12/2030 11:00,0.0
24/12/2030 12:00,0.0
24/12/2030 13:00,0.0
24/12/2030 14:00,0.0
24/12/2030 15:00,0.0
24/12/2030 16:00,0.0
24/12/2030 17:00,20.07126689929514
24/12/2030 18:00,64.13286003457793
24/12/2030 19:00,55.91897523797637
24/12/2030 20:00,44.333867101973716
24/12/2030 21:00,33.54304383294838
24/12/2030 22:00,35.53076617504616
24/12/2030 23:00,31.74468386304566
25/12/2030 00:00,38.44169202062668
25/12/2030 01:00,0.0
25/12/2030 02:00,0.0
25/12/2030 03:00,35.19588050834486
25/12/2030 04:00,35.87844985964099
25/12/2030 05:00,33.44239000505496
25/12/2030 06:00,36.57731581611694
25/12/2030 07:00,43.222947892159084
25/12/2030 08:00,0.0
25/12/2030 09:00,42.64515559258696
25/12/2030 10:00,0.0
25/12/2030 11:00,0.0
25/12/2030 12:00,31.91744249949494
25/12/2030 13:00,7.143462120530713
25/12/2030 14:00,5.724136352509286
25/12/2030 15:00,27.69753627161917
25/12/2030 16:00,0.0
25/12/2030 17:00,42.149085892078155
25/12/2030 18:00,95.87051561466127
25/12/2030 19:00,64.83803926750304
25/12/2030 20:00,16.455525116889362
25/12/2030 21:00,0.0
25/12/2030 22:00,17.725014742666477
25/12/2030 23:00,80.72996714070125
26/12/2030 00:00,64.32149028212156
26/12/2030 01:00,49.44211124202358
26/12/2030 02:00,108.78736513892538
26/12/2030 03:00,42.814195765336805
26/12/2030 04:00,43.40737672837447
26/12/2030 05:00,160.14163150231138
26/12/2030 06:00,159.24531252980614
26/12/2030 07:00,50.589738613110626
26/12/2030 08:00,2.4944715116019314
26/12/2030 09:00,5.320152551873415
26/12/2030 10:00,64.97242671832404
26/12/2030 11:00,152.35188991671075
26/12/2030 12:00,24.667231425416336
26/12/2030 13:00,59.946462608458845
26/12/2030 14:00,53.040929590562115
26/12/2030 15:00,0.0
26/12/2030 16:00,22.357616628181358
26/12/2030 17:00,100.74172533627457
26/12/2030 18:00,130.59151094669758
26/12/2030 19:00,103.77178361741748
26/12/2030 20:00,47.68842610032707
26/12/2030 21:00,46.33869873286532
26/12/2030 22:00,130.79244209288632
26/12/2030 23:00,65.57863522248043
27/12/2030 00:00,0.20687806731074146
27/12/2030 01:00,75.9126053207121
27/12/2030 02:00,107.0868718045429
27/12/2030 03:00,123.4123958238486
27/12/2030 04:00,125.59746657451547
27/12/2030 05:00,91.63854576077658
27/12/2030 06:00,77.73910772908648
27/12/2030 07:00,105.65699709181506
27/12/2030 08:00,66.7803323799035
27/12/2030 09:00,103.79173361715567
27/12/2030 10:00,1.0820611656496406
27/12/2030 11:00,149.3868317777257
27/12/2030 12:00,97.24511788179898
27/12/2030 13:00,0.0
27/12/2030 14:00,55.63426999950316
27/12/2030 15:00,82.76932730835928
27/12/2030 16:00,36.02746990464133
27/12/2030 17:00,117.63680977969807
27/12/2030 18:00,29.637645530812208
27/12/2030 19:00,13.131353121217801
27/12/2030 20:00,0.0
27/12/2030 21:00,24.95376506425709
27/12/2030 22:00,123.8218282935475
27/12/2030 23:00,115.52560325118738
28/12/2030 00:00,94.24235356094098
28/12/2030 01:00,75.15072206721521
28/12/2030 02:00,65.08109188208851
28/12/2030 03:00,77.73138067653585
28/12/2030 04:00,85.25443281824562
28/12/2030 05:00,64.5905171093679
28/12/2030 06:00,76.89587678384619
28/12/2030 07:00,85.22334651289836
28/12/2030 08:00,79.3039130093901
28/12/2030 09:00,93.56548927164913
28/12/2030 10:00,54.999023961081264
28/12/2030 11:00,117.6426350727139
28/12/2030 12:00,75.14154899060995
28/12/2030 13:00,58.37809993722306
28/12/2030 14:00,0.0
28/12/2030 15:00,97.28863181428362
28/12/2030 16:00,45.70287683636069
28/12/2030 17:00,125.28983534836594
28/12/2030 18:00,32.80156914632816
28/12/2030 19:00,22.705615552310885
28/12/2030 20:00,7.54704964874538
28/12/2030 21:00,32.622124770259276
28/12/2030 22:00,134.41420336043223
28/12/2030 23:00,114.0475124099972
29/12/2030 00:00,93.3702500831767
29/12/2030 01:00,81.90623827555166
29/12/2030 02:00,72.98196114187
29/12/2030 03:00,67.51301508925404
29/12/2030 04:00,67.59054450619193
29/12/2030 05:00,68.6036630146841
29/12/2030 06:00,136.74678771029758
29/12/2030 07:00,107.8368601426969
29/12/2030 08:00,75.54215475139343
29/12/2030 09:00,113.44764479229731
29/12/2030 10:00,63.82358602221387
29/12/2030 11:00,117.38532981712872
29/12/2030 12:00,0.0
29/12/2030 13:00,55.44476845379865
29/12/2030 14:00,60.662683278211404
29/12/2030 15:00,89.83022851804652
29/12/2030 16:00,40.522775327410066
29/12/2030 17:00,118.5436268686448
29/12/2030 18:00,38.908855223320685
29/12/2030 19:00,29.791982374258705
29/12/2030 20:00,17.31001361603235
29/12/2030 21:00,40.311155591940285
29/12/2030 22:00,131.05548870111733
29/12/2030 23:00,120.51663655267392
30/12/2030 00:00,98.55760409881988
30/12/2030 01:00,80.09249671438509
30/12/2030 02:00,65.67724149042624
30/12/2030 03:00,79.82867844893156
30/12/2030 04:00,100.64541168128247
30/12/2030 05:00,96.23359026153652
30/12/2030 06:00,65.50233383256729
30/12/2030 07:00,63.47785407188155
30/12/2030 08:00,0.0
30/12/2030 09:00,56.37286221446153
30/12/2030 10:00,30.916661419245855
30/12/2030 11:00,62.800324507006216
30/12/2030 12:00,0.0
30/12/2030 13:00,0.0
30/12/2030 14:00,5.547130655754121
30/12/2030 15:00,46.299336823262514
30/12/2030 16:00,2.314191514504801
30/12/2030 17:00,82.45503713860982
30/12/2030 18:00,45.72941489609883
30/12/2030 19:00,27.775312073649918
30/12/2030 20:00,19.835126296056558
30/12/2030 21:00,12.992410664236699
30/12/2030 22:00,81.73461973755475
30/12/2030 23:00,87.63525866210936
31/12/2030 00:00,0.0
31/12/2030 01:00,49.70877057996402
31/12/2030 02:00,36.612579809385316
31/12/2030 03:00,28.151756433752045
31/12/2030 04:00,22.13897407938761
31/12/2030 05:00,130.46673563518587
31/12/2030 06:00,18.120749981036703
31/12/2030 07:00,22.950815789349736
31/12/2030 08:00,32.64600563654847
31/12/2030 09:00,26.480038098051804
31/12/2030 10:00,107.93745629971733
31/12/2030 11:00,0.0
31/12/2030 12:00,0.0
31/12/2030 13:00,8.776702108940855
31/12/2030 14:00,0.0
31/12/2030 15:00,0.0
31/12/2030 16:00,112.77755042821539
31/12/2030 17:00,79.95231583924343
31/12/2030 18:00,55.98258639909501
31/12/2030 19:00,26.390999225295733
31/12/2030 20:00,14.640966838054833
31/12/2030 21:00,2.144282642900561
31/12/2030 22:00,69.05022276130094
31/12/2030 23:00,38.78867495246388
01/01/2031 00:00,0.0
01/01/2031 01:00,0.0
01/01/2031 02:00,0.0
01/01/2031 03:00,0.0
01/01/2031 04:00,0.0
01/01/2031 05:00,0.0
01/01/2031 06:00,0.0
01/01/2031 07:00,0.0
01/01/2031 08:00,0.0
01/01/2031 09:00,0.0
01/01/2031 10:00,0.0
01/01/2031 11:00,0.0
01/01/2031 12:00,0.0
01/01/2031 13:00,0.0
01/01/2031 14:00,0.0
01/01/2031 15:00,0.0
01/01/2031 16:00,0.0
01/01/2031 17:00,0.0
01/01/2031 18:00,0.0
01/01/2031 19:00,0.0
01/01/2031 20:00,0.0
01/01/2031 21:00,0.0
01/01/2031 22:00,0.0
01/01/2031 23:00,0.0
02/01/2031 00:00,0.0
02/01/2031 01:00,0.0
02/01/2031 02:00,0.0
02/01/2031 03:00,0.0
02/01/2031 04:00,0.0
02/01/2031 05:00,0.0
02/01/2031 06:00,0.0
02/01/2031 07:00,0.0
02/01/2031 08:00,0.0
02/01/2031 09:00,0.0
02/01/2031 10:00,0.0
02/01/2031 11:00,0.0
02/01/2031 12:00,0.0
02/01/2031 13:00,0.0
02/01/2031 14:00,0.0
02/01/2031 15:00,0.0
02/01/2031 16:00,0.0
02/01/2031 17:00,0.0
02/01/2031 18:00,0.0
02/01/2031 19:00,0.0
02/01/2031 20:00,0.0
02/01/2031 21:00,0.0
02/01/2031 22:00,0.0
02/01/2031 23:00,0.0
03/01/2031 00:00,0.0
03/01/2031 01:00,0.0
03/01/2031 02:00,0.0
03/01/2031 03:00,0.0
03/01/2031 04:00,0.0
03/01/2031 05:00,0.0
03/01/2031 06:00,0.0
03/01/2031 07:00,0.0
03/01/2031 08:00,0.0
03/01/2031 09:00,0.0
03/01/2031 10:00,0.0
03/01/2031 11:00,0.0
03/01/2031 12:00,0.0
03/01/2031 13:00,0.0
03/01/2031 14:00,0.0
03/01/2031 15:00,0.0
03/01/2031 16:00,0.0
03/01/2031 17:00,0.0
03/01/2031 18:00,0.0
03/01/2031 19:00,0.0
03/01/2031 20:00,0.0
03/01/2031 21:00,0.0
03/01/2031 22:00,0.0
03/01/2031 23:00,0.0
04/01/2031 00:00,0.0
04/01/2031 01:00,0.0
04/01/2031 02:00,0.0
04/01/2031 03:00,0.0
04/01/2031 04:00,0.0
04/01/2031 05:00,0.0
04/01/2031 06:00,0.0
04/01/2031 07:00,0.0
04/01/2031 08:00,0.0
04/01/2031 09:00,0.0
04/01/2031 10:00,4.91094052190787
04/01/2031 11:00,0.0
04/01/2031 12:00,0.0
04/01/2031 13:00,0.0
04/01/2031 14:00,0.0
04/01/2031 15:00,0.0
04/01/2031 16:00,0.0
04/01/2031 17:00,14.109972006418204
04/01/2031 18:00,0.0
04/01/2031 19:00,63.10858538887598
04/01/2031 20:00,71.51507860682352
04/01/2031 21:00,68.46485077776738
04/01/2031 22:00,0.0
04/01/2031 23:00,0.0
05/01/2031 00:00,27.290534855069406
05/01/2031 01:00,14.171346898977259
05/01/2031 02:00,9.084211822904727
05/01/2031 03:00,3.331178968471515
05/01/2031 04:00,3.4825632429839555
05/01/2031 05:00,3.343160135345525
05/01/2031 06:00,21.749246955459586
05/01/2031 07:00,0.0
05/01/2031 08:00,60.362245586568235
05/01/2031 09:00,63.41289650372684
05/01/2031 10:00,48.3806349466251
05/01/2031 11:00,3.6638241775185865
05/01/2031 12:00,0.0
05/01/2031 13:00,0.0
05/01/2031 14:00,0.0
05/01/2031 15:00,0.0
05/01/2031 16:00,0.0
05/01/2031 17:00,12.349713209565278
05/01/2031 18:00,0.0
05/01/2031 19:00,54.22279054935066
05/01/2031 20:00,63.75893107183351
05/01/2031 21:00,58.586723045617155
05/01/2031 22:00,42.50498056421678
05/01/2031 23:00,20.082009761933165
06/01/2031 00:00,0.0
06/01/2031 01:00,0.0
06/01/2031 02:00,0.0
06/01/2031 03:00,0.0
06/01/2031 04:00,0.0
06/01/2031 05:00,0.0
06/01/2031 06:00,0.0
06/01/2031 07:00,0.0
06/01/2031 08:00,0.0
06/01/2031 09:00,0.0
06/01/2031 10:00,0.0
06/01/2031 11:00,0.0
06/01/2031 12:00,0.0
06/01/2031 13:00,0.0
06/01/2031 14:00,0.0
06/01/2031 15:00,0.0
06/01/2031 16:00,3.7842961345694084
06/01/2031 17:00,0.0
06/01/2031 18:00,0.0
06/01/2031 19:00,48.947879867973015
06/01/2031 20:00,0.0
06/01/2031 21:00,0.0
06/01/2031 22:00,0.0
06/01/2031 23:00,43.89513296438249
07/01/2031 00:00,2.812011204940013
07/01/2031 01:00,15.849977498823788
07/01/2031 02:00,43.14650723253646
07/01/2031 03:00,59.92452575567776
07/01/2031 04:00,0.0
07/01/2031 05:00,0.0
07/01/2031 06:00,5.6761199578171055
07/01/2031 07:00,15.509845455192586
07/01/2031 08:00,22.257142176128728
07/01/2031 09:00,5.853655696669296
07/01/2031 10:00,0.0
07/01/2031 11:00,0.0
07/01/2031 12:00,0.0
07/01/2031 13:00,0.0
07/01/2031 14:00,0.0
07/01/2031 15:00,0.0
07/01/2031 16:00,0.0
07/01/2031 17:00,12.519143992859453
07/01/2031 18:00,0.0
07/01/2031 19:00,62.597283834751416
07/01/2031 20:00,0.0
07/01/2031 21:00,0.0
07/01/2031 22:00,0.0
07/01/2031 23:00,0.0
08/01/2031 00:00,8.376551790094924
08/01/2031 01:00,0.0
08/01/2031 02:00,0.0
08/01/2031 03:00,0.0
08/01/2031 04:00,0.0
08/01/2031 05:00,0.0
08/01/2031 06:00,0.0
08/01/2031 07:00,0.0
08/01/2031 08:00,0.0
08/01/2031 09:00,0.0
08/01/2031 10:00,0.0
08/01/2031 11:00,0.0
08/01/2031 12:00,0.0
08/01/2031 13:00,0.0
08/01/2031 14:00,0.0
08/01/2031 15:00,0.0
08/01/2031 16:00,0.0
08/01/2031 17:00,0.0
08/01/2031 18:00,0.0
08/01/2031 19:00,0.0
08/01/2031 20:00,0.0
08/01/2031 21:00,0.0
08/01/2031 22:00,0.0
08/01/2031 23:00,0.0
09/01/2031 00:00,0.0
09/01/2031 01:00,0.0
09/01/2031 02:00,0.0
09/01/2031 03:00,0.36920364018550794
09/01/2031 04:00,0.0
09/01/2031 05:00,0.0
09/01/2031 06:00,0.0
09/01/2031 07:00,0.0
09/01/2031 08:00,0.0
09/01/2031 09:00,0.0
09/01/2031 10:00,18.095974872974402
09/01/2031 11:00,0.0
09/01/2031 12:00,2.3439386090947574
09/01/2031 13:00,0.0
09/01/2031 14:00,0.0
09/01/2031 15:00,14.084236095759604
09/01/2031 16:00,0.0
09/01/2031 17:00,3.3552008240297027
09/01/2031 18:00,0.0
09/01/2031 19:00,0.0
09/01/2031 20:00,0.0
09/01/2031 21:00,0.0
09/01/2031 22:00,0.0
09/01/2031 23:00,0.0
10/01/2031 00:00,0.0
10/01/2031 01:00,0.0
10/01/2031 02:00,0.0
10/01/2031 03:00,0.0
10/01/2031 04:00,0.0
10/01/2031 05:00,0.0
10/01/2031 06:00,0.0
10/01/2031 07:00,0.0
10/01/2031 08:00,0.0
10/01/2031 09:00,0.0
10/01/2031 10:00,0.0
10/01/2031 11:00,0.0
10/01/2031 12:00,0.0
10/01/2031 13:00,0.0
10/01/2031 14:00,0.0
10/01/2031 15:00,0.0
10/01/2031 16:00,0.0
10/01/2031 17:00,0.0
10/01/2031 18:00,0.0
10/01/2031 19:00,0.0
10/01/2031 20:00,0.0
10/01/2031 21:00,0.0
10/01/2031 22:00,0.0
10/01/2031 23:00,0.0
11/01/2031 00:00,0.0
11/01/2031 01:00,0.0
11/01/2031 02:00,0.0
11/01/2031 03:00,0.0
11/01/2031 04:00,0.0
11/01/2031 05:00,0.0
11/01/2031 06:00,0.0
11/01/2031 07:00,0.0
11/01/2031 08:00,0.0
11/01/2031 09:00,0.0
11/01/2031 10:00,0.0
11/01/2031 11:00,2.992848547109505
11/01/2031 12:00,0.0
11/01/2031 13:00,44.053520029912264
11/01/2031 14:00,20.32695168564758
11/01/2031 15:00,44.72923130364039
11/01/2031 16:00,0.0
11/01/2031 17:00,36.456620572470506
11/01/2031 18:00,0.0
11/01/2031 19:00,0.0
11/01/2031 20:00,0.0
11/01/2031 21:00,0.0
11/01/2031 22:00,0.0
11/01/2031 23:00,0.0
12/01/2031 00:00,0.0
12/01/2031 01:00,0.0
12/01/2031 02:00,0.0
12/01/2031 03:00,0.0
12/01/2031 04:00,0.0
12/01/2031 05:00,0.0
12/01/2031 06:00,0.0
12/01/2031 07:00,0.0
12/01/2031 08:00,0.0
12/01/2031 09:00,0.0
12/01/2031 10:00,0.0
12/01/2031 11:00,0.0
12/01/2031 12:00,0.0
12/01/2031 13:00,0.0
12/01/2031 14:00,0.0
12/01/2031 15:00,0.0
12/01/2031 16:00,0.0
12/01/2031 17:00,0.0
12/01/2031 18:00,0.0
12/01/2031 19:00,0.0
12/01/2031 20:00,0.0
12/01/2031 21:00,0.0
12/01/2031 22:00,0.0
12/01/2031 23:00,0.0
13/01/2031 00:00,0.0
13/01/2031 01:00,0.0
13/01/2031 02:00,0.0
13/01/2031 03:00,0.0
13/01/2031 04:00,0.0
13/01/2031 05:00,0.0
13/01/2031 06:00,0.0
13/01/2031 07:00,0.0
13/01/2031 08:00,0.0
13/01/2031 09:00,0.0
13/01/2031 10:00,0.0
13/01/2031 11:00,0.0
13/01/2031 12:00,0.0
13/01/2031 13:00,0.0
13/01/2031 14:00,0.0
13/01/2031 15:00,0.0
13/01/2031 16:00,0.0
13/01/2031 17:00,0.0
13/01/2031 18:00,0.0
13/01/2031 19:00,0.0
13/01/2031 20:00,0.0
13/01/2031 21:00,0.0
13/01/2031 22:00,0.0
13/01/2031 23:00,0.0
14/01/2031 00:00,0.0
14/01/2031 01:00,0.0
14/01/2031 02:00,0.0
14/01/2031 03:00,0.0
14/01/2031 04:00,0.0
14/01/2031 05:00,0.0
14/01/2031 06:00,0.0
14/01/2031 07:00,0.0
14/01/2031 08:00,0.0
14/01/2031 09:00,0.0
14/01/2031 10:00,0.0
14/01/2031 11:00,0.0
14/01/2031 12:00,0.0
14/01/2031 13:00,0.0
14/01/2031 14:00,0.0
14/01/2031 15:00,0.0
14/01/2031 16:00,0.0
14/01/2031 17:00,0.0
14/01/2031 18:00,0.0
14/01/2031 19:00,0.0
14/01/2031 20:00,0.0
14/01/2031 21:00,0.0
14/01/2031 22:00,0.0
14/01/2031 23:00,0.0
15/01/2031 00:00,0.0
15/01/2031 01:00,0.0
15/01/2031 02:00,0.0
15/01/2031 03:00,0.0
15/01/2031 04:00,0.0
15/01/2031 05:00,0.0
15/01/2031 06:00,0.0
15/01/2031 07:00,0.0
15/01/2031 08:00,0.0
15/01/2031 09:00,0.0
15/01/2031 10:00,0.0
15/01/2031 11:00,0.0
15/01/2031 12:00,0.0
15/01/2031 13:00,0.0
15/01/2031 14:00,0.0
15/01/2031 15:00,0.0
15/01/2031 16:00,0.0
15/01/2031 17:00,0.0
15/01/2031 18:00,0.0
15/01/2031 19:00,0.0
15/01/2031 20:00,0.0
15/01/2031 21:00,0.0
15/01/2031 22:00,0.0
15/01/2031 23:00,0.0
16/01/2031 00:00,0.0
16/01/2031 01:00,0.0
16/01/2031 02:00,0.0
16/01/2031 03:00,0.0
16/01/2031 04:00,0.0
16/01/2031 05:00,0.0
16/01/2031 06:00,0.0
16/01/2031 07:00,0.0
16/01/2031 08:00,44.407674540373556
16/01/2031 09:00,49.01394769253967
16/01/2031 10:00,44.266615184996695
16/01/2031 11:00,2.658711048103064
16/01/2031 12:00,0.0
16/01/2031 13:00,0.0
16/01/2031 14:00,0.0
16/01/2031 15:00,0.0
16/01/2031 16:00,0.0
16/01/2031 17:00,0.0
16/01/2031 18:00,60.812335432146355
16/01/2031 19:00,0.0
16/01/2031 20:00,0.0
16/01/2031 21:00,0.0
16/01/2031 22:00,0.0
16/01/2031 23:00,4.000471621106219
17/01/2031 00:00,0.0
17/01/2031 01:00,0.0
17/01/2031 02:00,0.0
17/01/2031 03:00,14.224582366630859
17/01/2031 04:00,27.123323776000195
17/01/2031 05:00,15.871826021796947
17/01/2031 06:00,0.0
17/01/2031 07:00,0.0
17/01/2031 08:00,38.41515082290221
17/01/2031 09:00,29.925484943609156
17/01/2031 10:00,0.0
17/01/2031 11:00,0.0
17/01/2031 12:00,0.0
17/01/2031 13:00,0.0
17/01/2031 14:00,0.0
17/01/2031 15:00,0.0
17/01/2031 16:00,0.0
17/01/2031 17:00,20.208791654644024
17/01/2031 18:00,0.12806987035666767
17/01/2031 19:00,0.0
17/01/2031 20:00,0.0
17/01/2031 21:00,0.0
17/01/2031 22:00,57.624313143358115
17/01/2031 23:00,40.156229736165606
18/01/2031 00:00,40.726486836490665
18/01/2031 01:00,32.13832139808713
18/01/2031 02:00,24.939552085785394
18/01/2031 03:00,22.222085661744988
18/01/2031 04:00,20.903691266455542
18/01/2031 05:00,24.526408137069613
18/01/2031 06:00,47.10537374212411
18/01/2031 07:00,80.69408863964267
18/01/2031 08:00,2.3414285725439026
18/01/2031 09:00,46.9351939906063
18/01/2031 10:00,25.37771507521374
18/01/2031 11:00,0.0
18/01/2031 12:00,5.625122605277558
18/01/2031 13:00,0.0
18/01/2031 14:00,0.0
18/01/2031 15:00,0.0
18/01/2031 16:00,0.0
18/01/2031 17:00,0.0
18/01/2031 18:00,0.0
18/01/2031 19:00,0.0
18/01/2031 20:00,0.0
18/01/2031 21:00,0.0
18/01/2031 22:00,0.0
18/01/2031 23:00,0.0
19/01/2031 00:00,0.0
19/01/2031 01:00,0.0
19/01/2031 02:00,0.0
19/01/2031 03:00,4.530581289590801
19/01/2031 04:00,0.0
19/01/2031 05:00,0.0
19/01/2031 06:00,0.0
19/01/2031 07:00,33.440381787077506
19/01/2031 08:00,0.0
19/01/2031 09:00,17.958879791121724
19/01/2031 10:00,59.29187620976834
19/01/2031 11:00,17.7351582470083
19/01/2031 12:00,4.392716253816616
19/01/2031 13:00,0.0
19/01/2031 14:00,0.0
19/01/2031 15:00,0.0
19/01/2031 16:00,0.0
19/01/2031 17:00,3.2759482504439688
19/01/2031 18:00,0.0
19/01/2031 19:00,0.0
19/01/2031 20:00,0.0
19/01/2031 21:00,0.0
19/01/2031 22:00,7.470130004378081
19/01/2031 23:00,45.30951790366208
20/01/2031 00:00,28.85011944919827
20/01/2031 01:00,19.978537267068184
20/01/2031 02:00,15.29151994660873
20/01/2031 03:00,30.413058555251048
20/01/2031 04:00,38.48386790084123
20/01/2031 05:00,15.652080360532604
20/01/2031 06:00,19.42458604431099
20/01/2031 07:00,56.85293783347251
20/01/2031 08:00,0.0
20/01/2031 09:00,42.56173361277342
20/01/2031 10:00,58.12367723142382
20/01/2031 11:00,13.66046652841182
20/01/2031 12:00,7.9693200421125825
20/01/2031 13:00,17.668673150554902
20/01/2031 14:00,22.69173210495543
20/01/2031 15:00,14.37544394583332
20/01/2031 16:00,40.55198967582287
20/01/2031 17:00,62.336182662973194
20/01/2031 18:00,45.81909836293073
20/01/2031 19:00,9.638057073062145
20/01/2031 20:00,0.0
20/01/2031 21:00,32.59884314391365
20/01/2031 22:00,46.91030432347643
20/01/2031 23:00,23.984211004293975
21/01/2031 00:00,0.0
21/01/2031 01:00,22.21668050864824
21/01/2031 02:00,11.297470150815089
21/01/2031 03:00,23.288668771351396
21/01/2031 04:00,44.689543069114805
21/01/2031 05:00,54.7601938247564
21/01/2031 06:00,40.300878633459774
21/01/2031 07:00,23.69169361755537
21/01/2031 08:00,0.0
21/01/2031 09:00,0.0
21/01/2031 10:00,58.59601309025545
21/01/2031 11:00,0.0
21/01/2031 12:00,46.428968107841484
21/01/2031 13:00,34.25967872327417
21/01/2031 14:00,21.6909086167986
21/01/2031 15:00,36.41705139504891
21/01/2031 16:00,0.0
21/01/2031 17:00,14.439801134965611
21/01/2031 18:00,19.450950961085308
21/01/2031 19:00,0.0
21/01/2031 20:00,0.0
21/01/2031 21:00,0.0
21/01/2031 22:00,0.0
21/01/2031 23:00,35.52843197496047
22/01/2031 00:00,49.629696032143535
22/01/2031 01:00,33.2985500115518
22/01/2031 02:00,21.217315029146995
22/01/2031 03:00,14.28127053890084
22/01/2031 04:00,11.922912995652
22/01/2031 05:00,13.89283886020908
22/01/2031 06:00,18.36216058159643
22/01/2031 07:00,25.096136019668325
22/01/2031 08:00,30.51305717863223
22/01/2031 09:00,23.161485106640303
22/01/2031 10:00,0.0
22/01/2031 11:00,31.547432526748462
22/01/2031 12:00,0.0
22/01/2031 13:00,0.0
22/01/2031 14:00,0.0
22/01/2031 15:00,0.0
22/01/2031 16:00,0.0
22/01/2031 17:00,0.0
22/01/2031 18:00,8.729859250329369
22/01/2031 19:00,0.0
22/01/2031 20:00,0.0
22/01/2031 21:00,0.0
22/01/2031 22:00,0.0
22/01/2031 23:00,24.384674293624506
23/01/2031 00:00,11.970085517400575
23/01/2031 01:00,0.8951754467491394
23/01/2031 02:00,0.0
23/01/2031 03:00,113.1928614656466
23/01/2031 04:00,120.37868446322213
23/01/2031 05:00,132.92173799773238
23/01/2031 06:00,52.52518708752693
23/01/2031 07:00,0.0
23/01/2031 08:00,7.855147388516043
23/01/2031 09:00,0.0
23/01/2031 10:00,41.699478534606634
23/01/2031 11:00,79.03244330536523
23/01/2031 12:00,0.0
23/01/2031 13:00,0.0
23/01/2031 14:00,0.0
23/01/2031 15:00,0.0
23/01/2031 16:00,0.0
23/01/2031 17:00,14.078303017423806
23/01/2031 18:00,65.1746066897782
23/01/2031 19:00,61.66069663036884
23/01/2031 20:00,33.47306677180633
23/01/2031 21:00,81.70011537050685
23/01/2031 22:00,0.0
23/01/2031 23:00,27.763266002307315
24/01/2031 00:00,13.470833029187236
24/01/2031 01:00,5.811960249290621
24/01/2031 02:00,4.7973794290636045
24/01/2031 03:00,12.565072281084609
24/01/2031 04:00,36.91011426818519
24/01/2031 05:00,78.17935297489163
24/01/2031 06:00,54.49847408029694
24/01/2031 07:00,0.0
24/01/2031 08:00,21.046472818167455
24/01/2031 09:00,4.435593022144815
24/01/2031 10:00,24.0054166316112
24/01/2031 11:00,47.3198816821182
24/01/2031 12:00,0.0
24/01/2031 13:00,0.0
24/01/2031 14:00,0.0
24/01/2031 15:00,11.500948449175706
24/01/2031 16:00,0.0
24/01/2031 17:00,26.519795211440336
24/01/2031 18:00,0.0
24/01/2031 19:00,0.0
24/01/2031 20:00,64.33801527085802
24/01/2031 21:00,0.0
24/01/2031 22:00,0.0
24/01/2031 23:00,55.89478599869097
25/01/2031 00:00,41.434297532837185
25/01/2031 01:00,102.63472024715571
25/01/2031 02:00,127.88396961413781
25/01/2031 03:00,19.96302639466855
25/01/2031 04:00,134.58334166815146
25/01/2031 05:00,137.62255347856816
25/01/2031 06:00,47.60881012245385
25/01/2031 07:00,0.0
25/01/2031 08:00,0.0
25/01/2031 09:00,0.0
25/01/2031 10:00,0.0
25/01/2031 11:00,0.0
25/01/2031 12:00,13.21051511915274
25/01/2031 13:00,0.0
25/01/2031 14:00,0.0
25/01/2031 15:00,15.79341945137742
25/01/2031 16:00,0.0
25/01/2031 17:00,32.52171984769148
25/01/2031 18:00,29.985304092889987
25/01/2031 19:00,46.57725961306799
25/01/2031 20:00,0.0
25/01/2031 21:00,44.1465602228253
25/01/2031 22:00,0.0
25/01/2031 23:00,7.025816711856753
26/01/2031 00:00,43.89813502661273
26/01/2031 01:00,39.74498301529981
26/01/2031 02:00,39.57298669749292
26/01/2031 03:00,41.3058651576795
26/01/2031 04:00,44.01068035694635
26/01/2031 05:00,52.56721773341607
26/01/2031 06:00,15.910310356200654
26/01/2031 07:00,29.408439465901413
26/01/2031 08:00,0.0
26/01/2031 09:00,0.0
26/01/2031 10:00,0.0
26/01/2031 11:00,0.0
26/01/2031 12:00,27.078705496118033
26/01/2031 13:00,0.0
26/01/2031 14:00,0.0
26/01/2031 15:00,0.0
26/01/2031 16:00,0.0
26/01/2031 17:00,0.0
26/01/2031 18:00,0.0
26/01/2031 19:00,0.0
26/01/2031 20:00,0.0
26/01/2031 21:00,0.0
26/01/2031 22:00,0.0
26/01/2031 23:00,0.0
27/01/2031 00:00,0.0
27/01/2031 01:00,0.0
27/01/2031 02:00,0.0
27/01/2031 03:00,0.0
27/01/2031 04:00,0.0
27/01/2031 05:00,0.0
27/01/2031 06:00,0.0
27/01/2031 07:00,0.0
27/01/2031 08:00,0.0
27/01/2031 09:00,0.0
27/01/2031 10:00,0.0
27/01/2031 11:00,0.0
27/01/2031 12:00,0.0
27/01/2031 13:00,0.0
27/01/2031 14:00,0.0
27/01/2031 15:00,0.0
27/01/2031 16:00,0.0
27/01/2031 17:00,0.0
27/01/2031 18:00,0.0
27/01/2031 19:00,0.0
27/01/2031 20:00,0.0
27/01/2031 21:00,0.0
27/01/2031 22:00,0.0
27/01/2031 23:00,0.0
28/01/2031 00:00,0.0
28/01/2031 01:00,0.0
28/01/2031 02:00,0.0
28/01/2031 03:00,0.0
28/01/2031 04:00,0.0
28/01/2031 05:00,0.0
28/01/2031 06:00,0.0
28/01/2031 07:00,0.0
28/01/2031 08:00,0.0
28/01/2031 09:00,0.0
28/01/2031 10:00,0.0
28/01/2031 11:00,0.0
28/01/2031 12:00,0.0
28/01/2031 13:00,0.0
28/01/2031 14:00,0.0
28/01/2031 15:00,0.0
28/01/2031 16:00,0.0
28/01/2031 17:00,0.0
28/01/2031 18:00,0.0
28/01/2031 19:00,0.0
28/01/2031 20:00,0.0
28/01/2031 21:00,0.0
28/01/2031 22:00,0.0
28/01/2031 23:00,0.0
29/01/2031 00:00,0.0
29/01/2031 01:00,0.0
29/01/2031 02:00,0.0
29/01/2031 03:00,0.0
29/01/2031 04:00,0.0
29/01/2031 05:00,0.0
29/01/2031 06:00,0.0
29/01/2031 07:00,0.0
29/01/2031 08:00,0.0
29/01/2031 09:00,0.0
29/01/2031 10:00,0.0
29/01/2031 11:00,0.0
29/01/2031 12:00,0.0
29/01/2031 13:00,0.0
29/01/2031 14:00,0.0
29/01/2031 15:00,0.0
29/01/2031 16:00,0.0
29/01/2031 17:00,0.0
29/01/2031 18:00,0.0
29/01/2031 19:00,0.0
29/01/2031 20:00,0.0
29/01/2031 21:00,25.855479470626573
29/01/2031 22:00,0.0
29/01/2031 23:00,20.79297717429859
30/01/2031 00:00,19.362645936825352
30/01/2031 01:00,75.82177498347896
30/01/2031 02:00,64.23400816222708
30/01/2031 03:00,106.56387892615356
30/01/2031 04:00,106.26245049331013
30/01/2031 05:00,88.52932898737775
30/01/2031 06:00,0.0
30/01/2031 07:00,0.0
30/01/2031 08:00,0.0
30/01/2031 09:00,0.0
30/01/2031 10:00,0.0
30/01/2031 11:00,0.0
30/01/2031 12:00,2.5057113889014015
30/01/2031 13:00,0.0
30/01/2031 14:00,0.0
30/01/2031 15:00,17.60219439960404
30/01/2031 16:00,0.0
30/01/2031 17:00,56.304545301867506
30/01/2031 18:00,5.825825664881765
30/01/2031 19:00,0.0
30/01/2031 20:00,0.0
30/01/2031 21:00,0.0
30/01/2031 22:00,39.79613173348625
30/01/2031 23:00,74.57243602933322
31/01/2031 00:00,56.735300415629546
31/01/2031 01:00,41.41546480299659
31/01/2031 02:00,59.869959268424275
31/01/2031 03:00,78.36534113962604
31/01/2031 04:00,80.21368904042427
31/01/2031 05:00,51.57422668427171
31/01/2031 06:00,61.7317868654475
31/01/2031 07:00,45.88170007968101
31/01/2031 08:00,0.0
31/01/2031 09:00,94.42104364395054
31/01/2031 10:00,39.13959531256594
31/01/2031 11:00,0.0
31/01/2031 12:00,15.891201035226903
31/01/2031 13:00,0.0
31/01/2031 14:00,0.0
31/01/2031 15:00,0.0
31/01/2031 16:00,45.93136161177324
31/01/2031 17:00,0.3816227968749057
31/01/2031 18:00,0.0
31/01/2031 19:00,0.0
31/01/2031 20:00,0.0
31/01/2031 21:00,0.0
31/01/2031 22:00,1.0580069245722066
31/01/2031 23:00,34.613028754980306
01/02/2031 00:00,51.6532974662636
01/02/2031 01:00,113.72988884035036
01/02/2031 02:00,9.530507500841892
01/02/2031 03:00,26.536097290985552
01/02/2031 04:00,28.62855337091226
01/02/2031 05:00,3.1935188096815925
01/02/2031 06:00,33.05699673527237
01/02/2031 07:00,0.0
01/02/2031 08:00,0.0
01/02/2031 09:00,62.95570559056317
01/02/2031 10:00,100.42938327560323
01/02/2031 11:00,71.64737679653629
01/02/2031 12:00,114.50989117476091
01/02/2031 13:00,63.78298730977293
01/02/2031 14:00,53.40222115161331
01/02/2031 15:00,70.51298913133002
01/02/2031 16:00,8.961965388206034
01/02/2031 17:00,67.46539171097878
01/02/2031 18:00,0.0
01/02/2031 19:00,0.0
01/02/2031 20:00,0.0
01/02/2031 21:00,0.0
01/02/2031 22:00,0.0
01/02/2031 23:00,49.39379831016016
02/02/2031 00:00,32.41761917250473
02/02/2031 01:00,17.907694974129292
02/02/2031 02:00,121.63179707529245
02/02/2031 03:00,66.59891516110793
02/02/2031 04:00,10.397526236191156
02/02/2031 05:00,16.934123028723818
02/02/2031 06:00,153.9556721571641
02/02/2031 07:00,0.0
02/02/2031 08:00,0.0
02/02/2031 09:00,10.122208914565975
02/02/2031 10:00,96.90534471146779
02/02/2031 11:00,35.855657803588
02/02/2031 12:00,123.503498248041
02/02/2031 13:00,129.1310787327574
02/02/2031 14:00,142.66383979384577
02/02/2031 15:00,105.04689234021522
02/02/2031 16:00,43.81677666580194
02/02/2031 17:00,56.731102434078785
02/02/2031 18:00,66.33958255556591
02/02/2031 19:00,0.0
02/02/2031 20:00,0.0
02/02/2031 21:00,0.0
02/02/2031 22:00,0.0
02/02/2031 23:00,0.0
03/02/2031 00:00,0.0
03/02/2031 01:00,0.0
03/02/2031 02:00,0.0
03/02/2031 03:00,0.0
03/02/2031 04:00,0.0
03/02/2031 05:00,0.0
03/02/2031 06:00,0.0
03/02/2031 07:00,0.0
03/02/2031 08:00,0.0
03/02/2031 09:00,0.0
03/02/2031 10:00,0.0
03/02/2031 11:00,46.2207260141167
03/02/2031 12:00,0.0
03/02/2031 13:00,0.0
03/02/2031 14:00,0.0
03/02/2031 15:00,0.0
03/02/2031 16:00,0.0
03/02/2031 17:00,0.0
03/02/2031 18:00,0.0
03/02/2031 19:00,0.0
03/02/2031 20:00,0.0
03/02/2031 21:00,0.0
03/02/2031 22:00,0.0
03/02/2031 23:00,0.0
04/02/2031 00:00,0.0
04/02/2031 01:00,0.0
04/02/2031 02:00,0.0
04/02/2031 03:00,0.0
04/02/2031 04:00,0.0
04/02/2031 05:00,0.0
04/02/2031 06:00,0.0
04/02/2031 07:00,0.0
04/02/2031 08:00,0.0
04/02/2031 09:00,0.0
04/02/2031 10:00,0.0
04/02/2031 11:00,0.0
04/02/2031 12:00,0.0
04/02/2031 13:00,0.0
04/02/2031 14:00,0.0
04/02/2031 15:00,0.0
04/02/2031 16:00,0.0
04/02/2031 17:00,0.0
04/02/2031 18:00,0.0
04/02/2031 19:00,0.0
04/02/2031 20:00,0.0
04/02/2031 21:00,0.0
04/02/2031 22:00,0.0
04/02/2031 23:00,0.0
05/02/2031 00:00,0.0
05/02/2031 01:00,0.0
05/02/2031 02:00,0.0
05/02/2031 03:00,0.0
05/02/2031 04:00,0.0
05/02/2031 05:00,0.0
05/02/2031 06:00,0.0
05/02/2031 07:00,0.0
05/02/2031 08:00,0.0
05/02/2031 09:00,0.0
05/02/2031 10:00,0.0
05/02/2031 11:00,0.0
05/02/2031 12:00,0.0
05/02/2031 13:00,0.0
05/02/2031 14:00,0.0
05/02/2031 15:00,0.0
05/02/2031 16:00,0.0
05/02/2031 17:00,0.0
05/02/2031 18:00,0.0
05/02/2031 19:00,0.0
05/02/2031 20:00,0.0
05/02/2031 21:00,0.0
05/02/2031 22:00,0.0
05/02/2031 23:00,0.0
06/02/2031 00:00,0.0
06/02/2031 01:00,48.65991627617833
06/02/2031 02:00,0.0
06/02/2031 03:00,85.89941647538447
06/02/2031 04:00,85.70635326795987
06/02/2031 05:00,63.29321995284455
06/02/2031 06:00,0.0
06/02/2031 07:00,0.0
06/02/2031 08:00,0.0
06/02/2031 09:00,0.0
06/02/2031 10:00,0.0
06/02/2031 11:00,0.0
06/02/2031 12:00,0.0
06/02/2031 13:00,0.0
06/02/2031 14:00,0.0
06/02/2031 15:00,0.0
06/02/2031 16:00,0.0
06/02/2031 17:00,0.0
06/02/2031 18:00,30.504408892127415
06/02/2031 19:00,0.0
06/02/2031 20:00,0.0
06/02/2031 21:00,0.0
06/02/2031 22:00,10.289183785022502
06/02/2031 23:00,0.0
07/02/2031 00:00,17.859440814207037
07/02/2031 01:00,35.938954296116684
07/02/2031 02:00,73.68387554664213
07/02/2031 03:00,88.69160994892921
07/02/2031 04:00,82.42945460619019
07/02/2031 05:00,42.94467503148808
07/02/2031 06:00,0.0
07/02/2031 07:00,34.474695922169516
07/02/2031 08:00,0.0
07/02/2031 09:00,47.250402793913736
07/02/2031 10:00,135.6899055945105
07/02/2031 11:00,42.19674814781636
07/02/2031 12:00,47.167293403326475
07/02/2031 13:00,46.26762804362984
07/02/2031 14:00,34.1803475047377
07/02/2031 15:00,39.213160000682535
07/02/2031 16:00,45.14655665717532
07/02/2031 17:00,37.627309752574746
07/02/2031 18:00,0.0
07/02/2031 19:00,0.0
07/02/2031 20:00,0.0
07/02/2031 21:00,0.0
07/02/2031 22:00,2.520021467232226
07/02/2031 23:00,129.20221601969251
08/02/2031 00:00,40.112008183360594
08/02/2031 01:00,27.796406028948137
08/02/2031 02:00,19.67869001887934
08/02/2031 03:00,22.728345140654096
08/02/2031 04:00,23.463317707345084
08/02/2031 05:00,113.3902735033865
08/02/2031 06:00,40.54144873706501
08/02/2031 07:00,13.11817154029449
08/02/2031 08:00,0.0
08/02/2031 09:00,49.49454109382955
08/02/2031 10:00,0.2248293860437278
08/02/2031 11:00,28.17287271914201
08/02/2031 12:00,39.047609336754995
08/02/2031 13:00,14.978621797310236
08/02/2031 14:00,24.566985324859576
08/02/2031 15:00,18.066101522146703
08/02/2031 16:00,0.0
08/02/2031 17:00,0.0
08/02/2031 18:00,0.0
08/02/2031 19:00,0.0
08/02/2031 20:00,0.0
08/02/2031 21:00,0.0
08/02/2031 22:00,18.552584471567744
08/02/2031 23:00,0.0
09/02/2031 00:00,0.0
09/02/2031 01:00,0.0
09/02/2031 02:00,0.0
09/02/2031 03:00,13.54543043918737
09/02/2031 04:00,17.920205990291528
09/02/2031 05:00,0.0
09/02/2031 06:00,0.0
09/02/2031 07:00,48.202738396125326
09/02/2031 08:00,35.512963866095596
09/02/2031 09:00,0.0
09/02/2031 10:00,0.0
09/02/2031 11:00,0.0
09/02/2031 12:00,0.0
09/02/2031 13:00,0.0
09/02/2031 14:00,0.0
09/02/2031 15:00,0.0
09/02/2031 16:00,71.18722793065473
09/02/2031 17:00,0.0
09/02/2031 18:00,24.421973609033554
09/02/2031 19:00,0.0
09/02/2031 20:00,0.0
09/02/2031 21:00,0.0
09/02/2031 22:00,65.54387048237322
09/02/2031 23:00,65.43532009157023
10/02/2031 00:00,57.88007322475509
10/02/2031 01:00,43.375134522585
10/02/2031 02:00,66.14842518214613
10/02/2031 03:00,84.30443617503882
10/02/2031 04:00,83.94588035529881
10/02/2031 05:00,51.63023115320106
10/02/2031 06:00,49.01004637038266
10/02/2031 07:00,67.11365560781152
10/02/2031 08:00,0.0
10/02/2031 09:00,46.123251542470065
10/02/2031 10:00,0.0
10/02/2031 11:00,74.65423426183823
10/02/2031 12:00,27.599692478792914
10/02/2031 13:00,0.0
10/02/2031 14:00,0.0
10/02/2031 15:00,37.48909298862354
10/02/2031 16:00,0.0
10/02/2031 17:00,0.0
10/02/2031 18:00,35.510010520227425
10/02/2031 19:00,0.0
10/02/2031 20:00,0.0
10/02/2031 21:00,0.0
10/02/2031 22:00,74.35745826690096
10/02/2031 23:00,49.22305156301102
11/02/2031 00:00,34.239915962402115
11/02/2031 01:00,24.9987179688178
11/02/2031 02:00,19.30441058875261
11/02/2031 03:00,115.09587865298724
11/02/2031 04:00,14.117246073729005
11/02/2031 05:00,14.584720180130507
11/02/2031 06:00,34.248093342859626
11/02/2031 07:00,27.66520452562599
11/02/2031 08:00,0.0
11/02/2031 09:00,0.0
11/02/2031 10:00,19.290513636582805
11/02/2031 11:00,67.73852705638247
11/02/2031 12:00,0.0
11/02/2031 13:00,29.4261135189827
11/02/2031 14:00,15.761494657850276
11/02/2031 15:00,13.287716536983023
11/02/2031 16:00,0.0
11/02/2031 17:00,0.0
11/02/2031 18:00,50.01516626662908
11/02/2031 19:00,60.38707282777412
11/02/2031 20:00,0.0
11/02/2031 21:00,31.898441972900105
11/02/2031 22:00,17.079665408114913
11/02/2031 23:00,0.0
12/02/2031 00:00,0.0
12/02/2031 01:00,42.230629968679686
12/02/2031 02:00,84.17055560589122
12/02/2031 03:00,75.8397545251999
12/02/2031 04:00,71.00231807827139
12/02/2031 05:00,67.7896899556811
12/02/2031 06:00,68.46853404876796
12/02/2031 07:00,71.00625854824804
12/02/2031 08:00,71.19755097421299
12/02/2031 09:00,42.91160548039861
12/02/2031 10:00,0.0
12/02/2031 11:00,20.53018688418595
12/02/2031 12:00,0.0
12/02/2031 13:00,0.0
12/02/2031 14:00,0.0
12/02/2031 15:00,0.0
12/02/2031 16:00,0.0
12/02/2031 17:00,11.072937465453954
12/02/2031 18:00,25.03659155034939
12/02/2031 19:00,0.0
12/02/2031 20:00,0.0
12/02/2031 21:00,0.0
12/02/2031 22:00,0.0
12/02/2031 23:00,14.696791014222843
13/02/2031 00:00,95.58397047452995
13/02/2031 01:00,65.2299413788389
13/02/2031 02:00,49.20550437724868
13/02/2031 03:00,28.911429564035174
13/02/2031 04:00,0.0
13/02/2031 05:00,0.0
13/02/2031 06:00,0.0
13/02/2031 07:00,0.0
13/02/2031 08:00,0.0
13/02/2031 09:00,0.0
13/02/2031 10:00,0.0
13/02/2031 11:00,46.277928138167816
13/02/2031 12:00,0.0
13/02/2031 13:00,0.0
13/02/2031 14:00,0.0
13/02/2031 15:00,0.0
13/02/2031 16:00,12.004931869927347
13/02/2031 17:00,0.0
13/02/2031 18:00,78.05045176020677
13/02/2031 19:00,24.475136940090533
13/02/2031 20:00,0.0
13/02/2031 21:00,16.024600811134437
13/02/2031 22:00,82.13506896394318
13/02/2031 23:00,78.34743132418502
14/02/2031 00:00,88.77637364236674
14/02/2031 01:00,86.25569568396023
14/02/2031 02:00,85.16408261048647
14/02/2031 03:00,83.43291923481074
14/02/2031 04:00,89.66682469360336
14/02/2031 05:00,53.12524542035001
14/02/2031 06:00,69.03826991879896
14/02/2031 07:00,53.10609904245118
14/02/2031 08:00,0.0
14/02/2031 09:00,45.74818415330749
14/02/2031 10:00,0.0
14/02/2031 11:00,0.0
14/02/2031 12:00,0.0
14/02/2031 13:00,0.0
14/02/2031 14:00,0.0
14/02/2031 15:00,0.0
14/02/2031 16:00,0.0
14/02/2031 17:00,0.0
14/02/2031 18:00,0.0
14/02/2031 19:00,0.0
14/02/2031 20:00,0.0
14/02/2031 21:00,0.0
14/02/2031 22:00,0.0
14/02/2031 23:00,0.0
15/02/2031 00:00,0.0
15/02/2031 01:00,0.0
15/02/2031 02:00,0.0
15/02/2031 03:00,0.0
15/02/2031 04:00,0.0
15/02/2031 05:00,0.0
15/02/2031 06:00,0.0
15/02/2031 07:00,0.0
15/02/2031 08:00,0.0
15/02/2031 09:00,0.0
15/02/2031 10:00,0.0
15/02/2031 11:00,40.24780568193463
15/02/2031 12:00,0.0
15/02/2031 13:00,33.60823132774951
15/02/2031 14:00,40.23605802119381
15/02/2031 15:00,0.0
15/02/2031 16:00,35.64612412817133
15/02/2031 17:00,36.63752632089216
15/02/2031 18:00,103.49823828483767
15/02/2031 19:00,38.27797923155366
15/02/2031 20:00,57.705427330796006
15/02/2031 21:00,55.59617823678584
15/02/2031 22:00,125.04655540039575
15/02/2031 23:00,22.40339706119315
16/02/2031 00:00,93.59605264331171
16/02/2031 01:00,72.77422292176217
16/02/2031 02:00,84.96820006970734
16/02/2031 03:00,141.33677245811143
16/02/2031 04:00,140.16775216306232
16/02/2031 05:00,36.316307999128895
16/02/2031 06:00,55.98972946892369
16/02/2031 07:00,0.0
16/02/2031 08:00,0.0
16/02/2031 09:00,9.526128905443317
16/02/2031 10:00,0.0
16/02/2031 11:00,0.0
16/02/2031 12:00,0.0
16/02/2031 13:00,0.0
16/02/2031 14:00,0.0
16/02/2031 15:00,0.0
16/02/2031 16:00,0.0
16/02/2031 17:00,0.0
16/02/2031 18:00,0.0
16/02/2031 19:00,0.0
16/02/2031 20:00,5.568962179895657
16/02/2031 21:00,51.5119206393891
16/02/2031 22:00,61.36213170624201
16/02/2031 23:00,58.715156711485065
17/02/2031 00:00,59.21254338351217
17/02/2031 01:00,68.34111200045767
17/02/2031 02:00,98.42868651925626
17/02/2031 03:00,110.7776847034149
17/02/2031 04:00,120.15040876100744
17/02/2031 05:00,94.67906994400172
17/02/2031 06:00,104.78519829326541
17/02/2031 07:00,121.22942482017446
17/02/2031 08:00,43.83362074818259
17/02/2031 09:00,25.8514720395922
17/02/2031 10:00,68.82146951609951
17/02/2031 11:00,0.0
17/02/2031 12:00,42.48464642143998
17/02/2031 13:00,7.1368366768915505
17/02/2031 14:00,35.505813248792556
17/02/2031 15:00,38.41763053767946
17/02/2031 16:00,0.0
17/02/2031 17:00,22.935418297600638
17/02/2031 18:00,80.03740270195719
17/02/2031 19:00,25.387146809683415
17/02/2031 20:00,29.101031242271425
17/02/2031 21:00,21.870784990216013
17/02/2031 22:00,32.4260277460996
17/02/2031 23:00,110.32849636695616
18/02/2031 00:00,0.0
18/02/2031 01:00,0.0
18/02/2031 02:00,1.7243266421447918
18/02/2031 03:00,19.274363600618933
18/02/2031 04:00,24.86050124278181
18/02/2031 05:00,21.080369575030204
18/02/2031 06:00,21.423772030547376
18/02/2031 07:00,22.20107050381411
18/02/2031 08:00,4.202707334043
18/02/2031 09:00,63.865043452169466
18/02/2031 10:00,32.40978403543804
18/02/2031 11:00,0.0
18/02/2031 12:00,27.078256558610086
18/02/2031 13:00,0.0
18/02/2031 14:00,23.704742928219282
18/02/2031 15:00,45.989640264555
18/02/2031 16:00,62.246759542620666
18/02/2031 17:00,0.0
18/02/2031 18:00,25.589320212035766
18/02/2031 19:00,52.62007318585027
18/02/2031 20:00,0.0
18/02/2031 21:00,0.0
18/02/2031 22:00,26.28330446557026
18/02/2031 23:00,0.0
19/02/2031 00:00,0.0
19/02/2031 01:00,15.297146425191086
19/02/2031 02:00,6.721632211369919
19/02/2031 03:00,9.124053829941111
19/02/2031 04:00,32.26613838784242
19/02/2031 05:00,57.337105568430296
19/02/2031 06:00,30.32873955426278
19/02/2031 07:00,10.672616772987194
19/02/2031 08:00,18.65232785338554
19/02/2031 09:00,0.0
19/02/2031 10:00,45.3209875541927
19/02/2031 11:00,0.0
19/02/2031 12:00,0.0
19/02/2031 13:00,0.0
19/02/2031 14:00,0.0
19/02/2031 15:00,0.0
19/02/2031 16:00,0.0
19/02/2031 17:00,0.0
19/02/2031 18:00,0.0
19/02/2031 19:00,25.18151446466116
19/02/2031 20:00,28.246698782715697
19/02/2031 21:00,44.17148131349289
19/02/2031 22:00,0.0
19/02/2031 23:00,41.36650134188403
20/02/2031 00:00,40.526899724854005
20/02/2031 01:00,37.2109717516179
20/02/2031 02:00,56.92275414783839
20/02/2031 03:00,70.04509478068532
20/02/2031 04:00,69.36701503031279
20/02/2031 05:00,34.99595561693023
20/02/2031 06:00,0.0
20/02/2031 07:00,0.0
20/02/2031 08:00,0.0
20/02/2031 09:00,0.0
20/02/2031 10:00,6.035600947553175
20/02/2031 11:00,0.0
20/02/2031 12:00,18.38654903943753
20/02/2031 13:00,8.404161492971708
20/02/2031 14:00,8.227537982983451
20/02/2031 15:00,8.62650363094178
20/02/2031 16:00,13.240929411547723
20/02/2031 17:00,23.297399335684428
20/02/2031 18:00,63.6378332475718
20/02/2031 19:00,0.0
20/02/2031 20:00,0.0
20/02/2031 21:00,0.0
20/02/2031 22:00,23.811846779128913
20/02/2031 23:00,0.0
21/02/2031 00:00,19.879435183012774
21/02/2031 01:00,0.9991736759723973
21/02/2031 02:00,0.0
21/02/2031 03:00,0.0
21/02/2031 04:00,0.0
21/02/2031 05:00,0.0
21/02/2031 06:00,73.3037176464478
21/02/2031 07:00,0.0
21/02/2031 08:00,0.0
21/02/2031 09:00,0.0
21/02/2031 10:00,0.0
21/02/2031 11:00,0.0
21/02/2031 12:00,0.0
21/02/2031 13:00,0.0
21/02/2031 14:00,0.0
21/02/2031 15:00,0.0
21/02/2031 16:00,0.0
21/02/2031 17:00,0.0
21/02/2031 18:00,0.0
21/02/2031 19:00,0.0
21/02/2031 20:00,0.0
21/02/2031 21:00,0.0
21/02/2031 22:00,0.0
21/02/2031 23:00,0.0
22/02/2031 00:00,0.0
22/02/2031 01:00,0.0
22/02/2031 02:00,0.0
22/02/2031 03:00,0.0
22/02/2031 04:00,0.0
22/02/2031 05:00,0.0
22/02/2031 06:00,0.0
22/02/2031 07:00,0.0
22/02/2031 08:00,0.0
22/02/2031 09:00,0.0
22/02/2031 10:00,0.0
22/02/2031 11:00,0.0
22/02/2031 12:00,0.0
22/02/2031 13:00,0.0
22/02/2031 14:00,0.0
22/02/2031 15:00,0.0
22/02/2031 16:00,0.0
22/02/2031 17:00,0.0
22/02/2031 18:00,0.0
22/02/2031 19:00,0.0
22/02/2031 20:00,0.0
22/02/2031 21:00,0.0
22/02/2031 22:00,0.0
22/02/2031 23:00,0.0
23/02/2031 00:00,0.0
23/02/2031 01:00,0.0
23/02/2031 02:00,0.0
23/02/2031 03:00,0.0
23/02/2031 04:00,0.0
23/02/2031 05:00,0.0
23/02/2031 06:00,1.045098087073561
23/02/2031 07:00,0.0
23/02/2031 08:00,0.0
23/02/2031 09:00,0.0
23/02/2031 10:00,0.0
23/02/2031 11:00,0.0
23/02/2031 12:00,0.0
23/02/2031 13:00,0.0
23/02/2031 14:00,0.0
23/02/2031 15:00,0.0
23/02/2031 16:00,0.0
23/02/2031 17:00,0.0
23/02/2031 18:00,0.0
23/02/2031 19:00,0.0
23/02/2031 20:00,0.0
23/02/2031 21:00,0.0
23/02/2031 22:00,0.0
23/02/2031 23:00,0.0
24/02/2031 00:00,0.0
24/02/2031 01:00,0.0
24/02/2031 02:00,0.0
24/02/2031 03:00,0.0
24/02/2031 04:00,48.631272169119995
24/02/2031 05:00,0.0
24/02/2031 06:00,0.0
24/02/2031 07:00,0.0
24/02/2031 08:00,0.0
24/02/2031 09:00,0.0
24/02/2031 10:00,0.0
24/02/2031 11:00,0.0
24/02/2031 12:00,0.0
24/02/2031 13:00,0.0
24/02/2031 14:00,0.0
24/02/2031 15:00,0.0
24/02/2031 16:00,0.0
24/02/2031 17:00,0.0
24/02/2031 18:00,0.0
24/02/2031 19:00,0.0
24/02/2031 20:00,0.0
24/02/2031 21:00,0.0
24/02/2031 22:00,0.0
24/02/2031 23:00,0.0
25/02/2031 00:00,0.0
25/02/2031 01:00,0.0
25/02/2031 02:00,0.0
25/02/2031 03:00,0.0
25/02/2031 04:00,0.0
25/02/2031 05:00,0.0
25/02/2031 06:00,0.0
25/02/2031 07:00,0.0
25/02/2031 08:00,0.0
25/02/2031 09:00,0.0
25/02/2031 10:00,0.0
25/02/2031 11:00,0.0
25/02/2031 12:00,0.0
25/02/2031 13:00,0.0
25/02/2031 14:00,0.0
25/02/2031 15:00,0.0
25/02/2031 16:00,0.0
25/02/2031 17:00,0.0
25/02/2031 18:00,0.0
25/02/2031 19:00,0.0
25/02/2031 20:00,0.0
25/02/2031 21:00,0.0
25/02/2031 22:00,0.0
25/02/2031 23:00,0.0
26/02/2031 00:00,0.0
26/02/2031 01:00,0.0
26/02/2031 02:00,0.0
26/02/2031 03:00,0.0
26/02/2031 04:00,0.0
26/02/2031 05:00,0.0
26/02/2031 06:00,0.0
26/02/2031 07:00,0.0
26/02/2031 08:00,0.0
26/02/2031 09:00,0.0
26/02/2031 10:00,0.0
26/02/2031 11:00,0.0
26/02/2031 12:00,0.0
26/02/2031 13:00,0.0
26/02/2031 14:00,0.0
26/02/2031 15:00,0.0
26/02/2031 16:00,0.0
26/02/2031 17:00,0.0
26/02/2031 18:00,0.0
26/02/2031 19:00,0.0
26/02/2031 20:00,0.0
26/02/2031 21:00,0.0
26/02/2031 22:00,0.0
26/02/2031 23:00,0.0
27/02/2031 00:00,0.0
27/02/2031 01:00,0.0
27/02/2031 02:00,0.0
27/02/2031 03:00,0.0
27/02/2031 04:00,0.0
27/02/2031 05:00,0.0
27/02/2031 06:00,0.0
27/02/2031 07:00,0.0
27/02/2031 08:00,0.0
27/02/2031 09:00,0.0
27/02/2031 10:00,0.0
27/02/2031 11:00,0.0
27/02/2031 12:00,0.0
27/02/2031 13:00,0.0
27/02/2031 14:00,0.0
27/02/2031 15:00,0.0
27/02/2031 16:00,0.0
27/02/2031 17:00,0.0
27/02/2031 18:00,0.0
27/02/2031 19:00,0.0
27/02/2031 20:00,0.0
27/02/2031 21:00,43.59563911936377
27/02/2031 22:00,0.0
27/02/2031 23:00,0.0
28/02/2031 00:00,38.37783607433914
28/02/2031 01:00,89.07110947147733
28/02/2031 02:00,13.89639973499262
28/02/2031 03:00,96.20745815293166
28/02/2031 04:00,93.0701170162518
28/02/2031 05:00,53.00053436902721
28/02/2031 06:00,0.0
28/02/2031 07:00,0.0
28/02/2031 08:00,0.0
28/02/2031 09:00,0.0
28/02/2031 10:00,25.635481040419446
28/02/2031 11:00,27.940743224977773
28/02/2031 12:00,50.82881955116661
28/02/2031 13:00,49.52625049255426
28/02/2031 14:00,50.56074027231862
28/02/2031 15:00,38.30813464635064
28/02/2031 16:00,0.0
28/02/2031 17:00,12.447543741047063
28/02/2031 18:00,40.102227987288366
28/02/2031 19:00,0.0
28/02/2031 20:00,0.0
28/02/2031 21:00,0.0
28/02/2031 22:00,0.0
28/02/2031 23:00,43.24272063003093
01/03/2031 00:00,25.241730868781456
01/03/2031 01:00,2.716720453274754
01/03/2031 02:00,0.0
01/03/2031 03:00,9.733768059281726
01/03/2031 04:00,13.203554601849985
01/03/2031 05:00,0.0
01/03/2031 06:00,21.286842772865928
01/03/2031 07:00,27.873453803888154
01/03/2031 08:00,22.28234592255854
01/03/2031 09:00,38.802956233710454
01/03/2031 10:00,13.179053920875713
01/03/2031 11:00,0.0
01/03/2031 12:00,9.38850406481624
01/03/2031 13:00,0.0
01/03/2031 14:00,0.0
01/03/2031 15:00,0.0
01/03/2031 16:00,0.0
01/03/2031 17:00,0.0
01/03/2031 18:00,0.0
01/03/2031 19:00,0.0
01/03/2031 20:00,0.0
01/03/2031 21:00,0.0
01/03/2031 22:00,0.0
01/03/2031 23:00,0.0
02/03/2031 00:00,0.0
02/03/2031 01:00,7.4722117406873645
02/03/2031 02:00,57.1354696396776
02/03/2031 03:00,77.63003091382073
02/03/2031 04:00,0.21214459767125746
02/03/2031 05:00,14.684332778570555
02/03/2031 06:00,7.857877631147957
02/03/2031 07:00,0.0
02/03/2031 08:00,0.0
02/03/2031 09:00,40.03216029039369
02/03/2031 10:00,0.0
02/03/2031 11:00,0.0
02/03/2031 12:00,0.0
02/03/2031 13:00,0.0
02/03/2031 14:00,0.0
02/03/2031 15:00,0.0
02/03/2031 16:00,0.0
02/03/2031 17:00,0.0
02/03/2031 18:00,67.9379632207728
02/03/2031 19:00,0.0
02/03/2031 20:00,0.0
02/03/2031 21:00,0.0
02/03/2031 22:00,3.5760885886175693
02/03/2031 23:00,90.79600317414184
03/03/2031 00:00,73.1316052588594
03/03/2031 01:00,122.22574514547485
03/03/2031 02:00,52.21280129866854
03/03/2031 03:00,155.98855332553688
03/03/2031 04:00,43.76395908971811
03/03/2031 05:00,47.02057140925425
03/03/2031 06:00,70.6665176961347
03/03/2031 07:00,11.055942246770815
03/03/2031 08:00,45.42546553736408
03/03/2031 09:00,48.655826340382966
03/03/2031 10:00,0.0
03/03/2031 11:00,0.0
03/03/2031 12:00,0.0
03/03/2031 13:00,0.0
03/03/2031 14:00,0.0
03/03/2031 15:00,0.0
03/03/2031 16:00,0.0
03/03/2031 17:00,0.0
03/03/2031 18:00,0.0
03/03/2031 19:00,0.0
03/03/2031 20:00,0.0
03/03/2031 21:00,0.0
03/03/2031 22:00,0.0
03/03/2031 23:00,0.0
04/03/2031 00:00,0.0
04/03/2031 01:00,0.0
04/03/2031 02:00,0.0
04/03/2031 03:00,0.0
04/03/2031 04:00,0.0
04/03/2031 05:00,0.0
04/03/2031 06:00,0.0
04/03/2031 07:00,0.0
04/03/2031 08:00,0.0
04/03/2031 09:00,0.0
04/03/2031 10:00,0.0
04/03/2031 11:00,128.24762361769766
04/03/2031 12:00,227.79203979187963
04/03/2031 13:00,338.2224297393487
04/03/2031 14:00,335.55497803449697
04/03/2031 15:00,0.0
04/03/2031 16:00,202.56226952100414
04/03/2031 17:00,0.0
04/03/2031 18:00,0.0
04/03/2031 19:00,0.0
04/03/2031 20:00,0.0
04/03/2031 21:00,0.0
04/03/2031 22:00,0.0
04/03/2031 23:00,0.0
05/03/2031 00:00,0.0
05/03/2031 01:00,0.0
05/03/2031 02:00,0.0
05/03/2031 03:00,0.0
05/03/2031 04:00,0.0
05/03/2031 05:00,0.0
05/03/2031 06:00,0.0
05/03/2031 07:00,0.0
05/03/2031 08:00,0.0
05/03/2031 09:00,0.0
05/03/2031 10:00,0.0
05/03/2031 11:00,0.0
05/03/2031 12:00,0.0
05/03/2031 13:00,0.0
05/03/2031 14:00,0.0
05/03/2031 15:00,0.0
05/03/2031 16:00,0.0
05/03/2031 17:00,0.0
05/03/2031 18:00,0.0
05/03/2031 19:00,15.690423101147434
05/03/2031 20:00,0.0
05/03/2031 21:00,0.0
05/03/2031 22:00,7.575588913474911
05/03/2031 23:00,0.0
06/03/2031 00:00,0.0
06/03/2031 01:00,14.371807063801043
06/03/2031 02:00,0.0
06/03/2031 03:00,0.0
06/03/2031 04:00,9.604726592511849
06/03/2031 05:00,5.300473351653649
06/03/2031 06:00,31.51317184634395
06/03/2031 07:00,0.0
06/03/2031 08:00,0.0
06/03/2031 09:00,5.786779540711436
06/03/2031 10:00,0.0
06/03/2031 11:00,0.0
06/03/2031 12:00,0.0
06/03/2031 13:00,0.0
06/03/2031 14:00,0.0
06/03/2031 15:00,0.0
06/03/2031 16:00,0.0
06/03/2031 17:00,0.0
06/03/2031 18:00,0.0
06/03/2031 19:00,0.0
06/03/2031 20:00,0.0
06/03/2031 21:00,0.0
06/03/2031 22:00,0.0
06/03/2031 23:00,0.0
07/03/2031 00:00,0.0
07/03/2031 01:00,0.0
07/03/2031 02:00,0.0
07/03/2031 03:00,0.0
07/03/2031 04:00,0.0
07/03/2031 05:00,0.0
07/03/2031 06:00,0.0
07/03/2031 07:00,0.0
07/03/2031 08:00,0.0
07/03/2031 09:00,0.0
07/03/2031 10:00,0.0
07/03/2031 11:00,0.0
07/03/2031 12:00,0.0
07/03/2031 13:00,0.0
07/03/2031 14:00,0.0
07/03/2031 15:00,0.0
07/03/2031 16:00,0.0
07/03/2031 17:00,0.0
07/03/2031 18:00,0.0
07/03/2031 19:00,0.0
07/03/2031 20:00,0.0
07/03/2031 21:00,0.0
07/03/2031 22:00,0.0
07/03/2031 23:00,0.0
08/03/2031 00:00,0.0
08/03/2031 01:00,0.0
08/03/2031 02:00,0.0
08/03/2031 03:00,49.29783768337551
08/03/2031 04:00,0.0
08/03/2031 05:00,74.09853848917889
08/03/2031 06:00,0.0
08/03/2031 07:00,0.0
08/03/2031 08:00,0.0
08/03/2031 09:00,0.0
08/03/2031 10:00,0.0
08/03/2031 11:00,0.0
08/03/2031 12:00,0.0
08/03/2031 13:00,0.0
08/03/2031 14:00,0.0
08/03/2031 15:00,0.0
08/03/2031 16:00,0.0
08/03/2031 17:00,0.0
08/03/2031 18:00,0.0
08/03/2031 19:00,0.0
08/03/2031 20:00,0.0
08/03/2031 21:00,0.0
08/03/2031 22:00,0.0
08/03/2031 23:00,0.0
09/03/2031 00:00,0.0
09/03/2031 01:00,0.0
09/03/2031 02:00,0.0
09/03/2031 03:00,0.0
09/03/2031 04:00,0.0
09/03/2031 05:00,19.07199199146409
09/03/2031 06:00,0.0
09/03/2031 07:00,27.445111328975916
09/03/2031 08:00,68.06950402381742
09/03/2031 09:00,0.0
09/03/2031 10:00,0.0
09/03/2031 11:00,0.0
09/03/2031 12:00,0.0
09/03/2031 13:00,0.0
09/03/2031 14:00,0.0
09/03/2031 15:00,0.0
09/03/2031 16:00,0.0
09/03/2031 17:00,0.0
09/03/2031 18:00,37.38561412077874
09/03/2031 19:00,0.0
09/03/2031 20:00,0.0
09/03/2031 21:00,0.0
09/03/2031 22:00,35.62325547872534
09/03/2031 23:00,14.633713182586272
10/03/2031 00:00,57.34195891747989
10/03/2031 01:00,53.969020554195176
10/03/2031 02:00,55.93098560023136
10/03/2031 03:00,53.64065446567056
10/03/2031 04:00,52.89043367363323
10/03/2031 05:00,28.12889094842653
10/03/2031 06:00,86.88414630320884
10/03/2031 07:00,115.11812549782644
10/03/2031 08:00,106.83930257894886
10/03/2031 09:00,49.01058860624719
10/03/2031 10:00,0.0
10/03/2031 11:00,0.0
10/03/2031 12:00,3.979684727909909
10/03/2031 13:00,0.0
10/03/2031 14:00,0.0
10/03/2031 15:00,0.0
10/03/2031 16:00,0.0
10/03/2031 17:00,0.0
10/03/2031 18:00,0.0
10/03/2031 19:00,0.0
10/03/2031 20:00,0.0
10/03/2031 21:00,0.0
10/03/2031 22:00,36.46391321407294
10/03/2031 23:00,0.0
11/03/2031 00:00,18.823922149998708
11/03/2031 01:00,7.538607240705335
11/03/2031 02:00,5.755123881424507
11/03/2031 03:00,1.1134308740923022
11/03/2031 04:00,0.0
11/03/2031 05:00,0.0
11/03/2031 06:00,3.941272698014794
11/03/2031 07:00,12.33809001331318
11/03/2031 08:00,9.020160831297952
11/03/2031 09:00,0.0
11/03/2031 10:00,0.0
11/03/2031 11:00,0.0
11/03/2031 12:00,0.0
11/03/2031 13:00,0.0
11/03/2031 14:00,0.0
11/03/2031 15:00,0.0
11/03/2031 16:00,0.0
11/03/2031 17:00,0.0
11/03/2031 18:00,0.0
11/03/2031 19:00,52.33710296397496
11/03/2031 20:00,56.41638931682268
11/03/2031 21:00,0.0
11/03/2031 22:00,0.0
11/03/2031 23:00,0.0
12/03/2031 00:00,10.538684454421313
12/03/2031 01:00,17.216361216146968
12/03/2031 02:00,13.69501390047421
12/03/2031 03:00,11.397687095435904
12/03/2031 04:00,14.019814486969066
12/03/2031 05:00,15.021448992469836
12/03/2031 06:00,19.256698631611037
12/03/2031 07:00,19.238686942302976
12/03/2031 08:00,0.0
12/03/2031 09:00,0.0
12/03/2031 10:00,0.0
12/03/2031 11:00,0.0
12/03/2031 12:00,0.0
12/03/2031 13:00,0.0
12/03/2031 14:00,0.0
12/03/2031 15:00,0.0
12/03/2031 16:00,0.0
12/03/2031 17:00,0.0
12/03/2031 18:00,0.0
12/03/2031 19:00,0.0
12/03/2031 20:00,0.0
12/03/2031 21:00,0.0
12/03/2031 22:00,0.0
12/03/2031 23:00,0.0
13/03/2031 00:00,0.0
13/03/2031 01:00,0.0
13/03/2031 02:00,0.0
13/03/2031 03:00,0.0
13/03/2031 04:00,0.0
13/03/2031 05:00,0.0
13/03/2031 06:00,0.0
13/03/2031 07:00,0.0
13/03/2031 08:00,0.0
13/03/2031 09:00,0.0
13/03/2031 10:00,0.0
13/03/2031 11:00,0.0
13/03/2031 12:00,0.0
13/03/2031 13:00,0.0
13/03/2031 14:00,0.0
13/03/2031 15:00,0.0
13/03/2031 16:00,0.0
13/03/2031 17:00,0.0
13/03/2031 18:00,9.916275001497217
13/03/2031 19:00,44.68750142487326
13/03/2031 20:00,39.661643875500836
13/03/2031 21:00,0.0
13/03/2031 22:00,0.0
13/03/2031 23:00,0.0
14/03/2031 00:00,0.0
14/03/2031 01:00,0.0
14/03/2031 02:00,0.0
14/03/2031 03:00,3.53556013167734
14/03/2031 04:00,2.567938830711723
14/03/2031 05:00,5.091001931337286
14/03/2031 06:00,0.0
14/03/2031 07:00,0.0
14/03/2031 08:00,0.0
14/03/2031 09:00,0.0
14/03/2031 10:00,0.0
14/03/2031 11:00,0.0
14/03/2031 12:00,0.0
14/03/2031 13:00,0.0
14/03/2031 14:00,0.0
14/03/2031 15:00,0.0
14/03/2031 16:00,0.0
14/03/2031 17:00,0.0
14/03/2031 18:00,41.617608700942135
14/03/2031 19:00,94.32803068269493
14/03/2031 20:00,47.92336489035502
14/03/2031 21:00,89.51713745797488
14/03/2031 22:00,22.74757976786189
14/03/2031 23:00,65.20922944994402
15/03/2031 00:00,54.370027062529694
15/03/2031 01:00,43.88360754866331
15/03/2031 02:00,36.23835114139253
15/03/2031 03:00,36.24103137356419
15/03/2031 04:00,40.78038967791169
15/03/2031 05:00,49.32859126772245
15/03/2031 06:00,0.0
15/03/2031 07:00,0.0
15/03/2031 08:00,0.0
15/03/2031 09:00,23.453589771552043
15/03/2031 10:00,0.0
15/03/2031 11:00,0.0
15/03/2031 12:00,0.0
15/03/2031 13:00,0.0
15/03/2031 14:00,0.0
15/03/2031 15:00,0.0
15/03/2031 16:00,0.0
15/03/2031 17:00,0.0
15/03/2031 18:00,2.442634233740702
15/03/2031 19:00,0.0
15/03/2031 20:00,67.41290827848059
15/03/2031 21:00,64.05128102397913
15/03/2031 22:00,66.44812696624842
15/03/2031 23:00,50.241052596349874
16/03/2031 00:00,40.21189803615722
16/03/2031 01:00,29.426060263528385
16/03/2031 02:00,25.12814468004253
16/03/2031 03:00,24.68902822368895
16/03/2031 04:00,24.97244496722428
16/03/2031 05:00,17.548630795751958
16/03/2031 06:00,0.0
16/03/2031 07:00,0.0
16/03/2031 08:00,0.0
16/03/2031 09:00,10.800449703303691
16/03/2031 10:00,0.0
16/03/2031 11:00,0.0
16/03/2031 12:00,0.0
16/03/2031 13:00,0.0
16/03/2031 14:00,0.0
16/03/2031 15:00,0.0
16/03/2031 16:00,0.0
16/03/2031 17:00,0.0
16/03/2031 18:00,0.0
16/03/2031 19:00,0.0
16/03/2031 20:00,0.0
16/03/2031 21:00,0.0
16/03/2031 22:00,0.0
16/03/2031 23:00,0.0
17/03/2031 00:00,0.0
17/03/2031 01:00,0.0
17/03/2031 02:00,0.0
17/03/2031 03:00,0.0
17/03/2031 04:00,0.0
17/03/2031 05:00,0.0
17/03/2031 06:00,21.608946516671086
17/03/2031 07:00,0.0
17/03/2031 08:00,0.0
17/03/2031 09:00,0.0
17/03/2031 10:00,0.0
17/03/2031 11:00,0.0
17/03/2031 12:00,0.0
17/03/2031 13:00,0.0
17/03/2031 14:00,0.0
17/03/2031 15:00,0.0
17/03/2031 16:00,0.0
17/03/2031 17:00,0.0
17/03/2031 18:00,0.0
17/03/2031 19:00,0.0
17/03/2031 20:00,0.0
17/03/2031 21:00,0.0
17/03/2031 22:00,0.0
17/03/2031 23:00,0.0
18/03/2031 00:00,0.0
18/03/2031 01:00,0.0
18/03/2031 02:00,0.0
18/03/2031 03:00,0.0
18/03/2031 04:00,0.0
18/03/2031 05:00,0.0
18/03/2031 06:00,0.0
18/03/2031 07:00,0.0
18/03/2031 08:00,0.0
18/03/2031 09:00,0.0
18/03/2031 10:00,0.0
18/03/2031 11:00,0.0
18/03/2031 12:00,0.0
18/03/2031 13:00,0.0
18/03/2031 14:00,0.0
18/03/2031 15:00,0.0
18/03/2031 16:00,0.0
18/03/2031 17:00,0.0
18/03/2031 18:00,0.0
18/03/2031 19:00,0.0
18/03/2031 20:00,0.0
18/03/2031 21:00,0.0
18/03/2031 22:00,0.0
18/03/2031 23:00,0.0
19/03/2031 00:00,0.0
19/03/2031 01:00,0.0
19/03/2031 02:00,0.0
19/03/2031 03:00,0.0
19/03/2031 04:00,0.0
19/03/2031 05:00,0.0
19/03/2031 06:00,0.0
19/03/2031 07:00,0.0
19/03/2031 08:00,0.0
19/03/2031 09:00,0.0
19/03/2031 10:00,0.0
19/03/2031 11:00,0.0
19/03/2031 12:00,0.0
19/03/2031 13:00,0.0
19/03/2031 14:00,0.0
19/03/2031 15:00,0.0
19/03/2031 16:00,0.0
19/03/2031 17:00,0.0
19/03/2031 18:00,0.0
19/03/2031 19:00,0.0
19/03/2031 20:00,0.0
19/03/2031 21:00,0.0
19/03/2031 22:00,0.0
19/03/2031 23:00,0.0
20/03/2031 00:00,0.0
20/03/2031 01:00,0.0
20/03/2031 02:00,0.0
20/03/2031 03:00,0.0
20/03/2031 04:00,0.0
20/03/2031 05:00,0.0
20/03/2031 06:00,0.0
20/03/2031 07:00,0.0
20/03/2031 08:00,0.0
20/03/2031 09:00,0.0
20/03/2031 10:00,0.0
20/03/2031 11:00,0.0
20/03/2031 12:00,0.0
20/03/2031 13:00,0.0
20/03/2031 14:00,0.0
20/03/2031 15:00,0.0
20/03/2031 16:00,0.0
20/03/2031 17:00,0.0
20/03/2031 18:00,0.0
20/03/2031 19:00,0.0
20/03/2031 20:00,0.0
20/03/2031 21:00,0.0
20/03/2031 22:00,0.0
20/03/2031 23:00,0.0
21/03/2031 00:00,0.0
21/03/2031 01:00,0.0
21/03/2031 02:00,0.0
21/03/2031 03:00,0.0
21/03/2031 04:00,0.0
21/03/2031 05:00,0.0
21/03/2031 06:00,0.0
21/03/2031 07:00,0.0
21/03/2031 08:00,0.0
21/03/2031 09:00,0.0
21/03/2031 10:00,0.0
21/03/2031 11:00,0.0
21/03/2031 12:00,0.0
21/03/2031 13:00,0.0
21/03/2031 14:00,0.0
21/03/2031 15:00,0.0
21/03/2031 16:00,0.0
21/03/2031 17:00,0.0
21/03/2031 18:00,0.0
21/03/2031 19:00,0.0
21/03/2031 20:00,0.0
21/03/2031 21:00,0.0
21/03/2031 22:00,0.0
21/03/2031 23:00,0.0
22/03/2031 00:00,0.0
22/03/2031 01:00,0.0
22/03/2031 02:00,0.0
22/03/2031 03:00,0.0
22/03/2031 04:00,0.0
22/03/2031 05:00,0.0
22/03/2031 06:00,0.0
22/03/2031 07:00,0.0
22/03/2031 08:00,0.0
22/03/2031 09:00,0.0
22/03/2031 10:00,0.0
22/03/2031 11:00,0.0
22/03/2031 12:00,0.0
22/03/2031 13:00,0.0
22/03/2031 14:00,0.0
22/03/2031 15:00,0.0
22/03/2031 16:00,0.0
22/03/2031 17:00,0.0
22/03/2031 18:00,0.0
22/03/2031 19:00,36.642130038265016
22/03/2031 20:00,38.362284851605665
22/03/2031 21:00,0.0
22/03/2031 22:00,0.0
22/03/2031 23:00,0.0
23/03/2031 00:00,0.0
23/03/2031 01:00,0.0
23/03/2031 02:00,0.0
23/03/2031 03:00,0.0
23/03/2031 04:00,0.0
23/03/2031 05:00,0.0
23/03/2031 06:00,0.0
23/03/2031 07:00,0.0
23/03/2031 08:00,0.0
23/03/2031 09:00,0.0
23/03/2031 10:00,0.0
23/03/2031 11:00,0.0
23/03/2031 12:00,0.0
23/03/2031 13:00,0.0
23/03/2031 14:00,0.0
23/03/2031 15:00,0.0
23/03/2031 16:00,0.0
23/03/2031 17:00,0.0
23/03/2031 18:00,0.0
23/03/2031 19:00,0.0
23/03/2031 20:00,0.0
23/03/2031 21:00,0.0
23/03/2031 22:00,0.0
23/03/2031 23:00,0.0
24/03/2031 00:00,0.0
24/03/2031 01:00,0.0
24/03/2031 02:00,0.0
24/03/2031 03:00,0.0
24/03/2031 04:00,0.0
24/03/2031 05:00,0.0
24/03/2031 06:00,0.0
24/03/2031 07:00,0.0
24/03/2031 08:00,0.0
24/03/2031 09:00,0.0
24/03/2031 10:00,0.0
24/03/2031 11:00,0.0
24/03/2031 12:00,0.0
24/03/2031 13:00,131.28334161730385
24/03/2031 14:00,75.4711561269762
24/03/2031 15:00,0.0
24/03/2031 16:00,0.0
24/03/2031 17:00,0.0
24/03/2031 18:00,0.0
24/03/2031 19:00,0.0
24/03/2031 20:00,0.0
24/03/2031 21:00,0.0
24/03/2031 22:00,0.0
24/03/2031 23:00,0.0
25/03/2031 00:00,0.0
25/03/2031 01:00,0.0
25/03/2031 02:00,0.0
25/03/2031 03:00,0.0
25/03/2031 04:00,0.0
25/03/2031 05:00,0.0
25/03/2031 06:00,0.0
25/03/2031 07:00,0.0
25/03/2031 08:00,0.0
25/03/2031 09:00,0.0
25/03/2031 10:00,0.0
25/03/2031 11:00,0.0
25/03/2031 12:00,0.0
25/03/2031 13:00,0.0
25/03/2031 14:00,0.0
25/03/2031 15:00,0.0
25/03/2031 16:00,0.0
25/03/2031 17:00,0.0
25/03/2031 18:00,0.0
25/03/2031 19:00,0.0
25/03/2031 20:00,0.0
25/03/2031 21:00,10.987302206010614
25/03/2031 22:00,0.0
25/03/2031 23:00,0.0
26/03/2031 00:00,0.0
26/03/2031 01:00,0.0
26/03/2031 02:00,0.0
26/03/2031 03:00,0.0
26/03/2031 04:00,0.0
26/03/2031 05:00,0.0
26/03/2031 06:00,0.0
26/03/2031 07:00,0.0
26/03/2031 08:00,0.0
26/03/2031 09:00,0.0
26/03/2031 10:00,0.0
26/03/2031 11:00,0.0
26/03/2031 12:00,0.0
26/03/2031 13:00,0.0
26/03/2031 14:00,0.0
26/03/2031 15:00,0.0
26/03/2031 16:00,0.0
26/03/2031 17:00,0.0
26/03/2031 18:00,0.0
26/03/2031 19:00,48.568705876962504
26/03/2031 20:00,0.0
26/03/2031 21:00,28.575532409886662
26/03/2031 22:00,9.600601928238568
26/03/2031 23:00,0.0
27/03/2031 00:00,0.0
27/03/2031 01:00,0.0
27/03/2031 02:00,0.0
27/03/2031 03:00,0.0
27/03/2031 04:00,0.0
27/03/2031 05:00,0.0
27/03/2031 06:00,0.0
27/03/2031 07:00,0.0
27/03/2031 08:00,0.0
27/03/2031 09:00,0.0
27/03/2031 10:00,0.0
27/03/2031 11:00,0.0
27/03/2031 12:00,0.0
27/03/2031 13:00,0.0
27/03/2031 14:00,0.0
27/03/2031 15:00,0.0
27/03/2031 16:00,0.0
27/03/2031 17:00,0.0
27/03/2031 18:00,32.378928884060876
27/03/2031 19:00,41.64389607101706
27/03/2031 20:00,0.0
27/03/2031 21:00,0.0
27/03/2031 22:00,0.0
27/03/2031 23:00,31.12431951635147
28/03/2031 00:00,0.0
28/03/2031 01:00,0.0
28/03/2031 02:00,0.0
28/03/2031 03:00,0.0
28/03/2031 04:00,0.0
28/03/2031 05:00,0.0
28/03/2031 06:00,12.384169764250792
28/03/2031 07:00,11.892757323647665
28/03/2031 08:00,0.0
28/03/2031 09:00,0.0
28/03/2031 10:00,0.0
28/03/2031 11:00,0.0
28/03/2031 12:00,0.0
28/03/2031 13:00,0.0
28/03/2031 14:00,0.0
28/03/2031 15:00,0.0
28/03/2031 16:00,0.0
28/03/2031 17:00,0.0
28/03/2031 18:00,0.0
28/03/2031 19:00,67.41815025466468
28/03/2031 20:00,53.104319622096696
28/03/2031 21:00,50.108159098568755
28/03/2031 22:00,39.91022170281952
28/03/2031 23:00,26.320879407963062
29/03/2031 00:00,8.063946372741437
29/03/2031 01:00,0.0
29/03/2031 02:00,0.0
29/03/2031 03:00,0.0
29/03/2031 04:00,0.0
29/03/2031 05:00,0.0
29/03/2031 06:00,0.0
29/03/2031 07:00,0.05250529350825697
29/03/2031 08:00,0.0
29/03/2031 09:00,0.0
29/03/2031 10:00,0.0
29/03/2031 11:00,0.0
29/03/2031 12:00,0.0
29/03/2031 13:00,0.0
29/03/2031 14:00,0.0
29/03/2031 15:00,0.0
29/03/2031 16:00,0.0
29/03/2031 17:00,0.0
29/03/2031 18:00,40.67970349195485
29/03/2031 19:00,0.0
29/03/2031 20:00,0.0
29/03/2031 21:00,43.35930194591219
29/03/2031 22:00,36.29964065148731
29/03/2031 23:00,3.36315292290321
30/03/2031 00:00,0.0
30/03/2031 01:00,0.0
30/03/2031 02:00,0.0
30/03/2031 03:00,0.0
30/03/2031 04:00,0.0
30/03/2031 05:00,0.0
30/03/2031 06:00,0.0
30/03/2031 07:00,0.0
30/03/2031 08:00,0.0
30/03/2031 09:00,0.0
30/03/2031 10:00,0.0
30/03/2031 11:00,0.0
30/03/2031 12:00,0.0
30/03/2031 13:00,0.0
30/03/2031 14:00,0.0
30/03/2031 15:00,0.0
30/03/2031 16:00,0.0
30/03/2031 17:00,0.0
30/03/2031 18:00,0.0
30/03/2031 19:00,0.0
30/03/2031 20:00,26.121229568299817
30/03/2031 21:00,0.0
30/03/2031 22:00,0.0
30/03/2031 23:00,0.0
31/03/2031 00:00,0.0
31/03/2031 01:00,0.0
31/03/2031 02:00,0.0
31/03/2031 03:00,0.0
31/03/2031 04:00,0.0
31/03/2031 05:00,0.0
31/03/2031 06:00,0.0
31/03/2031 07:00,0.0
31/03/2031 08:00,0.0
31/03/2031 09:00,0.0
31/03/2031 10:00,0.0
31/03/2031 11:00,0.0
31/03/2031 12:00,0.0
31/03/2031 13:00,0.0
31/03/2031 14:00,0.0
31/03/2031 15:00,0.0
31/03/2031 16:00,0.0
31/03/2031 17:00,0.0
31/03/2031 18:00,0.0
31/03/2031 19:00,0.0
31/03/2031 20:00,0.0
31/03/2031 21:00,0.0
31/03/2031 22:00,0.0
31/03/2031 23:00,0.0
01/04/2031 00:00,0.0
01/04/2031 01:00,0.0
01/04/2031 02:00,0.0
01/04/2031 03:00,0.0
01/04/2031 04:00,0.0
01/04/2031 05:00,0.0
01/04/2031 06:00,0.0
01/04/2031 07:00,0.0
01/04/2031 08:00,0.0
01/04/2031 09:00,0.0
01/04/2031 10:00,0.0
01/04/2031 11:00,0.0
01/04/2031 12:00,0.0
01/04/2031 13:00,0.0
01/04/2031 14:00,0.0
01/04/2031 15:00,0.0
01/04/2031 16:00,0.0
01/04/2031 17:00,0.0
01/04/2031 18:00,0.0
01/04/2031 19:00,0.0
01/04/2031 20:00,21.08231162779665
01/04/2031 21:00,40.67218848322324
01/04/2031 22:00,7.832754871465794
01/04/2031 23:00,0.1025053924276361
02/04/2031 00:00,0.0
02/04/2031 01:00,6.11281947515344
02/04/2031 02:00,0.0
02/04/2031 03:00,7.973414966057166
02/04/2031 04:00,0.0
02/04/2031 05:00,4.630389580386905
02/04/2031 06:00,0.0
02/04/2031 07:00,0.0
02/04/2031 08:00,0.0
02/04/2031 09:00,0.0
02/04/2031 10:00,0.0
02/04/2031 11:00,0.0
02/04/2031 12:00,0.0
02/04/2031 13:00,0.0
02/04/2031 14:00,0.0
02/04/2031 15:00,0.0
02/04/2031 16:00,0.0
02/04/2031 17:00,0.0
02/04/2031 18:00,0.0
02/04/2031 19:00,0.0
02/04/2031 20:00,0.0
02/04/2031 21:00,0.0
02/04/2031 22:00,0.0
02/04/2031 23:00,0.0
03/04/2031 00:00,0.0
03/04/2031 01:00,0.0
03/04/2031 02:00,0.0
03/04/2031 03:00,0.0
03/04/2031 04:00,0.0
03/04/2031 05:00,0.0
03/04/2031 06:00,0.0
03/04/2031 07:00,0.0
03/04/2031 08:00,0.0
03/04/2031 09:00,0.0
03/04/2031 10:00,0.0
03/04/2031 11:00,0.0
03/04/2031 12:00,0.0
03/04/2031 13:00,0.0
03/04/2031 14:00,0.0
03/04/2031 15:00,0.0
03/04/2031 16:00,0.0
03/04/2031 17:00,0.0
03/04/2031 18:00,0.0
03/04/2031 19:00,0.0
03/04/2031 20:00,0.0
03/04/2031 21:00,0.0
03/04/2031 22:00,0.0
03/04/2031 23:00,0.0
04/04/2031 00:00,0.0
04/04/2031 01:00,0.0
04/04/2031 02:00,0.0
04/04/2031 03:00,0.0
04/04/2031 04:00,0.0
04/04/2031 05:00,0.0
04/04/2031 06:00,0.0
04/04/2031 07:00,0.0
04/04/2031 08:00,0.0
04/04/2031 09:00,0.0
04/04/2031 10:00,0.0
04/04/2031 11:00,0.0
04/04/2031 12:00,0.0
04/04/2031 13:00,0.0
04/04/2031 14:00,0.0
04/04/2031 15:00,0.0
04/04/2031 16:00,0.0
04/04/2031 17:00,0.0
04/04/2031 18:00,0.0
04/04/2031 19:00,0.0
04/04/2031 20:00,0.0
04/04/2031 21:00,0.0
04/04/2031 22:00,0.0
04/04/2031 23:00,0.0
05/04/2031 00:00,0.0
05/04/2031 01:00,0.0
05/04/2031 02:00,0.0
05/04/2031 03:00,0.0
05/04/2031 04:00,0.0
05/04/2031 05:00,0.0
05/04/2031 06:00,0.0
05/04/2031 07:00,0.0
05/04/2031 08:00,0.0
05/04/2031 09:00,0.0
05/04/2031 10:00,0.0
05/04/2031 11:00,0.0
05/04/2031 12:00,0.0
05/04/2031 13:00,0.0
05/04/2031 14:00,0.0
05/04/2031 15:00,0.0
05/04/2031 16:00,0.0
05/04/2031 17:00,0.0
05/04/2031 18:00,0.0
05/04/2031 19:00,0.0
05/04/2031 20:00,0.0
05/04/2031 21:00,0.0
05/04/2031 22:00,0.0
05/04/2031 23:00,0.0
06/04/2031 00:00,0.0
06/04/2031 01:00,0.18783910449777683
06/04/2031 02:00,1.0788031203548842
06/04/2031 03:00,0.0
06/04/2031 04:00,0.0
06/04/2031 05:00,11.735958714223168
06/04/2031 06:00,26.396302039258707
06/04/2031 07:00,0.0
06/04/2031 08:00,0.0
06/04/2031 09:00,0.0
06/04/2031 10:00,0.0
06/04/2031 11:00,0.0
06/04/2031 12:00,0.0
06/04/2031 13:00,0.0
06/04/2031 14:00,0.0
06/04/2031 15:00,0.0
06/04/2031 16:00,0.0
06/04/2031 17:00,0.0
06/04/2031 18:00,0.0
06/04/2031 19:00,15.099358008897315
06/04/2031 20:00,0.0
06/04/2031 21:00,0.0
06/04/2031 22:00,20.147732518519934
06/04/2031 23:00,0.0
07/04/2031 00:00,0.0
07/04/2031 01:00,0.0
07/04/2031 02:00,0.0
07/04/2031 03:00,0.0
07/04/2031 04:00,0.0
07/04/2031 05:00,0.0
07/04/2031 06:00,0.0
07/04/2031 07:00,0.0
07/04/2031 08:00,0.0
07/04/2031 09:00,0.0
07/04/2031 10:00,0.0
07/04/2031 11:00,46.46620647162831
07/04/2031 12:00,0.0
07/04/2031 13:00,143.19328223015924
07/04/2031 14:00,139.8352511674677
07/04/2031 15:00,55.64519150408528
07/04/2031 16:00,0.0
07/04/2031 17:00,0.0
07/04/2031 18:00,0.0
07/04/2031 19:00,0.0
07/04/2031 20:00,0.0
07/04/2031 21:00,0.0
07/04/2031 22:00,0.0
07/04/2031 23:00,0.0
08/04/2031 00:00,9.574763992732532
08/04/2031 01:00,3.741723562928472
08/04/2031 02:00,0.33372696907103516
08/04/2031 03:00,0.0
08/04/2031 04:00,0.9602510783620095
08/04/2031 05:00,5.893696615888456
08/04/2031 06:00,9.08295258463616
08/04/2031 07:00,2.3782366697661605
08/04/2031 08:00,0.0
08/04/2031 09:00,0.0
08/04/2031 10:00,0.0
08/04/2031 11:00,0.0
08/04/2031 12:00,25.25822347321828
08/04/2031 13:00,51.98997404094261
08/04/2031 14:00,30.36195781907886
08/04/2031 15:00,0.0
08/04/2031 16:00,0.0
08/04/2031 17:00,0.0
08/04/2031 18:00,0.0
08/04/2031 19:00,16.498173680002235
08/04/2031 20:00,0.0
08/04/2031 21:00,33.11695558226154
08/04/2031 22:00,0.0
08/04/2031 23:00,19.19627187694718
09/04/2031 00:00,12.01452301207939
09/04/2031 01:00,0.0
09/04/2031 02:00,4.100886228265791
09/04/2031 03:00,2.792837793716225
09/04/2031 04:00,0.0
09/04/2031 05:00,0.0
09/04/2031 06:00,10.111658408358059
09/04/2031 07:00,4.609521267429562
09/04/2031 08:00,0.0
09/04/2031 09:00,0.0
09/04/2031 10:00,0.0
09/04/2031 11:00,0.0
09/04/2031 12:00,18.301421478541037
09/04/2031 13:00,28.718219159725567
09/04/2031 14:00,29.01884308961577
09/04/2031 15:00,0.0
09/04/2031 16:00,0.0
09/04/2031 17:00,0.0
09/04/2031 18:00,0.0
09/04/2031 19:00,30.726154913754684
09/04/2031 20:00,0.0
09/04/2031 21:00,35.023011080978115
09/04/2031 22:00,0.0
09/04/2031 23:00,22.804381133061327
10/04/2031 00:00,24.82678588376853
10/04/2031 01:00,18.707648478066293
10/04/2031 02:00,15.498370645929548
10/04/2031 03:00,15.123260249910887
10/04/2031 04:00,19.5585687669542
10/04/2031 05:00,0.0
10/04/2031 06:00,0.0
10/04/2031 07:00,0.0
10/04/2031 08:00,0.0
10/04/2031 09:00,0.0
10/04/2031 10:00,0.0
10/04/2031 11:00,0.0
10/04/2031 12:00,0.0
10/04/2031 13:00,0.0
10/04/2031 14:00,0.0
10/04/2031 15:00,0.0
10/04/2031 16:00,0.0
10/04/2031 17:00,0.0
10/04/2031 18:00,0.0
10/04/2031 19:00,0.0
10/04/2031 20:00,0.0
10/04/2031 21:00,1.3117227381350178
10/04/2031 22:00,0.0
10/04/2031 23:00,0.0
11/04/2031 00:00,0.0
11/04/2031 01:00,0.0
11/04/2031 02:00,0.0
11/04/2031 03:00,0.0
11/04/2031 04:00,1.3110631613879475
11/04/2031 05:00,19.268357622690445
11/04/2031 06:00,0.0
11/04/2031 07:00,57.113546920992015
11/04/2031 08:00,37.03794321210674
11/04/2031 09:00,5.181768043957678
11/04/2031 10:00,0.0
11/04/2031 11:00,0.0
11/04/2031 12:00,0.4074763998669962
11/04/2031 13:00,0.0
11/04/2031 14:00,0.0
11/04/2031 15:00,0.0
11/04/2031 16:00,0.0
11/04/2031 17:00,0.0
11/04/2031 18:00,0.0
11/04/2031 19:00,0.0
11/04/2031 20:00,0.0
11/04/2031 21:00,64.8997669452215
11/04/2031 22:00,0.0
11/04/2031 23:00,27.826942621758633
12/04/2031 00:00,48.13081525124837
12/04/2031 01:00,40.695963682619556
12/04/2031 02:00,35.95156100416462
12/04/2031 03:00,31.012084944012955
12/04/2031 04:00,24.94891290213059
12/04/2031 05:00,32.8175204627696
12/04/2031 06:00,53.06678126457594
12/04/2031 07:00,59.90101801728912
12/04/2031 08:00,38.047810862178274
12/04/2031 09:00,0.0
12/04/2031 10:00,0.0
12/04/2031 11:00,0.0
12/04/2031 12:00,0.8747229450355788
12/04/2031 13:00,0.0
12/04/2031 14:00,0.0
12/04/2031 15:00,4.003471095800749
12/04/2031 16:00,0.0
12/04/2031 17:00,1.2225326594687156
12/04/2031 18:00,41.2173399996707
12/04/2031 19:00,0.0
12/04/2031 20:00,0.0
12/04/2031 21:00,0.0
12/04/2031 22:00,62.99344284003439
12/04/2031 23:00,45.03212803037878
13/04/2031 00:00,31.374212344560043
13/04/2031 01:00,18.423375325868534
13/04/2031 02:00,9.822478784314953
13/04/2031 03:00,0.0
13/04/2031 04:00,0.0
13/04/2031 05:00,2.4178352832533285
13/04/2031 06:00,18.30859689499775
13/04/2031 07:00,0.0
13/04/2031 08:00,0.4119687551446299
13/04/2031 09:00,0.0
13/04/2031 10:00,0.0
13/04/2031 11:00,0.0
13/04/2031 12:00,0.0
13/04/2031 13:00,0.0
13/04/2031 14:00,0.0
13/04/2031 15:00,0.0
13/04/2031 16:00,0.0
13/04/2031 17:00,0.0
13/04/2031 18:00,0.0
13/04/2031 19:00,0.0
13/04/2031 20:00,0.0
13/04/2031 21:00,0.0
13/04/2031 22:00,0.0
13/04/2031 23:00,0.0
14/04/2031 00:00,0.0
14/04/2031 01:00,0.0
14/04/2031 02:00,0.0
14/04/2031 03:00,0.0
14/04/2031 04:00,0.0
14/04/2031 05:00,0.0
14/04/2031 06:00,0.0
14/04/2031 07:00,0.0
14/04/2031 08:00,0.0
14/04/2031 09:00,0.0
14/04/2031 10:00,224.99121550182366
14/04/2031 11:00,48.09666611810296
14/04/2031 12:00,0.0
14/04/2031 13:00,0.0
14/04/2031 14:00,0.0
14/04/2031 15:00,90.1688539036144
14/04/2031 16:00,0.0
14/04/2031 17:00,0.0
14/04/2031 18:00,67.67619133773499
14/04/2031 19:00,0.0
14/04/2031 20:00,0.0
14/04/2031 21:00,0.0
14/04/2031 22:00,0.0
14/04/2031 23:00,0.0
15/04/2031 00:00,0.0
15/04/2031 01:00,0.0
15/04/2031 02:00,0.0
15/04/2031 03:00,0.0
15/04/2031 04:00,0.0
15/04/2031 05:00,0.0
15/04/2031 06:00,0.0
15/04/2031 07:00,0.0
15/04/2031 08:00,0.0
15/04/2031 09:00,0.0
15/04/2031 10:00,0.0
15/04/2031 11:00,0.0
15/04/2031 12:00,0.0
15/04/2031 13:00,0.0
15/04/2031 14:00,0.0
15/04/2031 15:00,0.0
15/04/2031 16:00,0.0
15/04/2031 17:00,0.0
15/04/2031 18:00,0.0
15/04/2031 19:00,11.892518749194295
15/04/2031 20:00,0.0
15/04/2031 21:00,30.728061217501974
15/04/2031 22:00,25.849025715846608
15/04/2031 23:00,24.712088329436963
16/04/2031 00:00,0.0
16/04/2031 01:00,4.77681983179581
16/04/2031 02:00,0.0
16/04/2031 03:00,0.0
16/04/2031 04:00,0.0
16/04/2031 05:00,0.0
16/04/2031 06:00,2.881620956642678
16/04/2031 07:00,0.0
16/04/2031 08:00,0.0
16/04/2031 09:00,0.0
16/04/2031 10:00,0.0
16/04/2031 11:00,0.0
16/04/2031 12:00,0.0
16/04/2031 13:00,0.0
16/04/2031 14:00,0.0
16/04/2031 15:00,0.0
16/04/2031 16:00,0.0
16/04/2031 17:00,0.0
16/04/2031 18:00,0.0
16/04/2031 19:00,0.0
16/04/2031 20:00,0.0
16/04/2031 21:00,45.2160257813262
16/04/2031 22:00,36.38880276427998
16/04/2031 23:00,22.21595540922617
17/04/2031 00:00,15.064266707650221
17/04/2031 01:00,0.0
17/04/2031 02:00,16.604456928550224
17/04/2031 03:00,19.976805112120676
17/04/2031 04:00,26.664116121075047
17/04/2031 05:00,43.67812658291562
17/04/2031 06:00,0.0
17/04/2031 07:00,0.0
17/04/2031 08:00,30.746094629338447
17/04/2031 09:00,0.0
17/04/2031 10:00,0.0
17/04/2031 11:00,0.0
17/04/2031 12:00,0.0
17/04/2031 13:00,0.0
17/04/2031 14:00,0.0
17/04/2031 15:00,0.0
17/04/2031 16:00,0.0
17/04/2031 17:00,0.0
17/04/2031 18:00,8.60250361875012
17/04/2031 19:00,57.00752046699889
17/04/2031 20:00,86.00047036253982
17/04/2031 21:00,0.0
17/04/2031 22:00,49.65443071234063
17/04/2031 23:00,38.44614805648482
18/04/2031 00:00,22.490279042752963
18/04/2031 01:00,0.0
18/04/2031 02:00,15.718645020121949
18/04/2031 03:00,12.657401172044036
18/04/2031 04:00,13.06384454023504
18/04/2031 05:00,22.217101489420802
18/04/2031 06:00,52.56512695483795
18/04/2031 07:00,0.0
18/04/2031 08:00,0.0
18/04/2031 09:00,0.0
18/04/2031 10:00,0.0
18/04/2031 11:00,0.0
18/04/2031 12:00,0.0
18/04/2031 13:00,0.0
18/04/2031 14:00,0.0
18/04/2031 15:00,0.0
18/04/2031 16:00,0.0
18/04/2031 17:00,0.0
18/04/2031 18:00,0.0
18/04/2031 19:00,0.0
18/04/2031 20:00,63.31017106441271
18/04/2031 21:00,0.0
18/04/2031 22:00,0.0
18/04/2031 23:00,0.25325709073530783
19/04/2031 00:00,0.0
19/04/2031 01:00,0.0
19/04/2031 02:00,0.0
19/04/2031 03:00,0.0
19/04/2031 04:00,0.0
19/04/2031 05:00,13.856618084313864
19/04/2031 06:00,42.40237167251478
19/04/2031 07:00,44.97293792196748
19/04/2031 08:00,0.0
19/04/2031 09:00,0.0
19/04/2031 10:00,0.0
19/04/2031 11:00,0.0
19/04/2031 12:00,0.0
19/04/2031 13:00,0.0
19/04/2031 14:00,0.0
19/04/2031 15:00,0.0
19/04/2031 16:00,0.0
19/04/2031 17:00,0.0
19/04/2031 18:00,0.5421609144967365
19/04/2031 19:00,0.0
19/04/2031 20:00,63.61099433622208
19/04/2031 21:00,0.0
19/04/2031 22:00,42.70417507368735
19/04/2031 23:00,0.0
20/04/2031 00:00,3.624531939243177
20/04/2031 01:00,22.674460666579666
20/04/2031 02:00,21.351750832984447
20/04/2031 03:00,21.119018866919752
20/04/2031 04:00,25.746050475206253
20/04/2031 05:00,39.12297775733981
20/04/2031 06:00,48.34150111771426
20/04/2031 07:00,0.0
20/04/2031 08:00,0.0
20/04/2031 09:00,0.0
20/04/2031 10:00,0.0
20/04/2031 11:00,0.0
20/04/2031 12:00,0.0
20/04/2031 13:00,0.0
20/04/2031 14:00,0.0
20/04/2031 15:00,0.0
20/04/2031 16:00,0.0
20/04/2031 17:00,0.0
20/04/2031 18:00,5.993486985411215
20/04/2031 19:00,60.06141351829253
20/04/2031 20:00,71.5750801714575
20/04/2031 21:00,42.5227738979293
20/04/2031 22:00,0.0
20/04/2031 23:00,0.0
21/04/2031 00:00,0.0
21/04/2031 01:00,0.0
21/04/2031 02:00,0.0
21/04/2031 03:00,0.0
21/04/2031 04:00,0.0
21/04/2031 05:00,0.0
21/04/2031 06:00,0.0
21/04/2031 07:00,0.0
21/04/2031 08:00,0.0
21/04/2031 09:00,0.0
21/04/2031 10:00,0.0
21/04/2031 11:00,0.0
21/04/2031 12:00,0.0
21/04/2031 13:00,0.0
21/04/2031 14:00,0.0
21/04/2031 15:00,0.0
21/04/2031 16:00,0.0
21/04/2031 17:00,0.0
21/04/2031 18:00,0.0
21/04/2031 19:00,0.0
21/04/2031 20:00,0.0
21/04/2031 21:00,2.1108899157968066
21/04/2031 22:00,0.0
21/04/2031 23:00,0.0
22/04/2031 00:00,0.0
22/04/2031 01:00,0.0
22/04/2031 02:00,0.0
22/04/2031 03:00,0.0
22/04/2031 04:00,0.0
22/04/2031 05:00,0.0
22/04/2031 06:00,0.0
22/04/2031 07:00,0.0
22/04/2031 08:00,0.0
22/04/2031 09:00,0.0
22/04/2031 10:00,0.0
22/04/2031 11:00,0.0
22/04/2031 12:00,0.0
22/04/2031 13:00,0.0
22/04/2031 14:00,0.0
22/04/2031 15:00,0.0
22/04/2031 16:00,0.0
22/04/2031 17:00,0.0
22/04/2031 18:00,0.0
22/04/2031 19:00,0.0
22/04/2031 20:00,34.602822262510664
22/04/2031 21:00,0.0
22/04/2031 22:00,39.82341527340345
22/04/2031 23:00,28.730493513443992
23/04/2031 00:00,44.336419618965984
23/04/2031 01:00,33.98136251622299
23/04/2031 02:00,28.512416463607
23/04/2031 03:00,27.57114263841722
23/04/2031 04:00,0.0
23/04/2031 05:00,32.69333594506248
23/04/2031 06:00,0.0
23/04/2031 07:00,0.0
23/04/2031 08:00,0.0
23/04/2031 09:00,0.0
23/04/2031 10:00,0.0
23/04/2031 11:00,0.0
23/04/2031 12:00,0.0
23/04/2031 13:00,0.0
23/04/2031 14:00,0.0
23/04/2031 15:00,0.0
23/04/2031 16:00,0.0
23/04/2031 17:00,0.0
23/04/2031 18:00,6.412470846360323
23/04/2031 19:00,0.0
23/04/2031 20:00,0.0
23/04/2031 21:00,67.9009383361089
23/04/2031 22:00,55.54030695852182
23/04/2031 23:00,36.444655116442966
24/04/2031 00:00,0.0
24/04/2031 01:00,19.466010836559814
24/04/2031 02:00,20.154235742343147
24/04/2031 03:00,20.79743142476076
24/04/2031 04:00,14.58029784566801
24/04/2031 05:00,35.05125150342002
24/04/2031 06:00,48.212788390079226
24/04/2031 07:00,0.0
24/04/2031 08:00,0.0
24/04/2031 09:00,0.0
24/04/2031 10:00,0.0
24/04/2031 11:00,0.0
24/04/2031 12:00,0.0
24/04/2031 13:00,0.0
24/04/2031 14:00,0.0
24/04/2031 15:00,0.0
24/04/2031 16:00,0.0
24/04/2031 17:00,0.0
24/04/2031 18:00,0.3125473167019757
24/04/2031 19:00,0.0
24/04/2031 20:00,0.0
24/04/2031 21:00,0.0
24/04/2031 22:00,0.0
24/04/2031 23:00,0.0
25/04/2031 00:00,0.0
25/04/2031 01:00,0.0
25/04/2031 02:00,0.0
25/04/2031 03:00,0.0
25/04/2031 04:00,0.0
25/04/2031 05:00,0.0
25/04/2031 06:00,0.0
25/04/2031 07:00,0.0
25/04/2031 08:00,0.0
25/04/2031 09:00,0.0
25/04/2031 10:00,0.0
25/04/2031 11:00,0.0
25/04/2031 12:00,0.0
25/04/2031 13:00,172.38133189907103
25/04/2031 14:00,153.61864073149025
25/04/2031 15:00,0.0
25/04/2031 16:00,0.0
25/04/2031 17:00,0.0
25/04/2031 18:00,0.0
25/04/2031 19:00,0.0
25/04/2031 20:00,0.0
25/04/2031 21:00,0.0
25/04/2031 22:00,0.0
25/04/2031 23:00,0.0
26/04/2031 00:00,0.0
26/04/2031 01:00,0.0
26/04/2031 02:00,0.0
26/04/2031 03:00,0.0
26/04/2031 04:00,0.0
26/04/2031 05:00,0.0
26/04/2031 06:00,0.0
26/04/2031 07:00,0.0
26/04/2031 08:00,0.0
26/04/2031 09:00,0.0
26/04/2031 10:00,42.377609211646636
26/04/2031 11:00,127.43542734155939
26/04/2031 12:00,175.06236356105617
26/04/2031 13:00,176.34855934158182
26/04/2031 14:00,193.72990001301648
26/04/2031 15:00,125.37154771949893
26/04/2031 16:00,0.0
26/04/2031 17:00,0.0
26/04/2031 18:00,0.0
26/04/2031 19:00,0.0
26/04/2031 20:00,0.0
26/04/2031 21:00,0.0
26/04/2031 22:00,0.0
26/04/2031 23:00,0.0
27/04/2031 00:00,0.0
27/04/2031 01:00,0.0
27/04/2031 02:00,0.0
27/04/2031 03:00,0.0
27/04/2031 04:00,0.0
27/04/2031 05:00,0.0
27/04/2031 06:00,0.0
27/04/2031 07:00,0.0
27/04/2031 08:00,0.0
27/04/2031 09:00,0.0
27/04/2031 10:00,0.0
27/04/2031 11:00,0.0
27/04/2031 12:00,0.0
27/04/2031 13:00,0.0
27/04/2031 14:00,0.0
27/04/2031 15:00,0.0
27/04/2031 16:00,0.0
27/04/2031 17:00,0.0
27/04/2031 18:00,30.26652307628294
27/04/2031 19:00,52.13057916418417
27/04/2031 20:00,0.0
27/04/2031 21:00,9.620253790482785
27/04/2031 22:00,44.625121747659655
27/04/2031 23:00,25.844889679379172
28/04/2031 00:00,5.876555667744772
28/04/2031 01:00,0.0
28/04/2031 02:00,0.0
28/04/2031 03:00,0.0
28/04/2031 04:00,0.0
28/04/2031 05:00,0.0
28/04/2031 06:00,0.0
28/04/2031 07:00,0.0
28/04/2031 08:00,0.0
28/04/2031 09:00,0.0
28/04/2031 10:00,0.0
28/04/2031 11:00,0.0
28/04/2031 12:00,0.0
28/04/2031 13:00,0.0
28/04/2031 14:00,0.0
28/04/2031 15:00,0.0
28/04/2031 16:00,0.0
28/04/2031 17:00,0.0
28/04/2031 18:00,0.0
28/04/2031 19:00,0.0
28/04/2031 20:00,0.0
28/04/2031 21:00,0.0
28/04/2031 22:00,11.837774445328987
28/04/2031 23:00,28.747728649508016
29/04/2031 00:00,13.994633751957235
29/04/2031 01:00,0.0
29/04/2031 02:00,0.0
29/04/2031 03:00,0.0
29/04/2031 04:00,0.0
29/04/2031 05:00,0.0
29/04/2031 06:00,0.0
29/04/2031 07:00,0.0
29/04/2031 08:00,0.0
29/04/2031 09:00,0.0
29/04/2031 10:00,13.139702392899546
29/04/2031 11:00,123.91134312983806
29/04/2031 12:00,171.57911258640837
29/04/2031 13:00,177.61502453405
29/04/2031 14:00,184.10040203471002
29/04/2031 15:00,116.92222315872344
29/04/2031 16:00,0.0
29/04/2031 17:00,0.0
29/04/2031 18:00,0.0
29/04/2031 19:00,0.0
29/04/2031 20:00,0.0
29/04/2031 21:00,0.0
29/04/2031 22:00,0.0
29/04/2031 23:00,0.0
30/04/2031 00:00,0.0
30/04/2031 01:00,0.0
30/04/2031 02:00,0.0
30/04/2031 03:00,0.0
30/04/2031 04:00,0.0
30/04/2031 05:00,0.0
30/04/2031 06:00,0.0
30/04/2031 07:00,0.0
30/04/2031 08:00,0.0
30/04/2031 09:00,0.0
30/04/2031 10:00,154.61800765999976
30/04/2031 11:00,0.0
30/04/2031 12:00,0.0
30/04/2031 13:00,0.0
30/04/2031 14:00,0.0
30/04/2031 15:00,0.0
30/04/2031 16:00,134.7278157510031
30/04/2031 17:00,0.0
30/04/2031 18:00,0.0
30/04/2031 19:00,0.0
30/04/2031 20:00,0.0
30/04/2031 21:00,0.0
30/04/2031 22:00,0.0
30/04/2031 23:00,0.0
01/05/2031 00:00,0.0
01/05/2031 01:00,0.0
01/05/2031 02:00,0.0
01/05/2031 03:00,0.0
01/05/2031 04:00,0.0
01/05/2031 05:00,0.0
01/05/2031 06:00,0.0
01/05/2031 07:00,0.0
01/05/2031 08:00,0.0
01/05/2031 09:00,0.0
01/05/2031 10:00,0.0
01/05/2031 11:00,71.6190026237383
01/05/2031 12:00,106.41284846019825
01/05/2031 13:00,94.84496371146929
01/05/2031 14:00,95.70178169764156
01/05/2031 15:00,36.33178877089568
01/05/2031 16:00,0.0
01/05/2031 17:00,0.0
01/05/2031 18:00,0.0
01/05/2031 19:00,8.265705271821847
01/05/2031 20:00,0.0
01/05/2031 21:00,0.0
01/05/2031 22:00,37.34282618372562
01/05/2031 23:00,31.483143188193033
02/05/2031 00:00,29.512410086508996
02/05/2031 01:00,30.096290115035515
02/05/2031 02:00,30.342718332293607
02/05/2031 03:00,30.10165057957002
02/05/2031 04:00,0.0
02/05/2031 05:00,49.17259015181602
02/05/2031 06:00,0.0
02/05/2031 07:00,54.52925595676256
02/05/2031 08:00,9.993138735395496
02/05/2031 09:00,0.0
02/05/2031 10:00,0.0
02/05/2031 11:00,0.0
02/05/2031 12:00,0.0
02/05/2031 13:00,0.0
02/05/2031 14:00,0.0
02/05/2031 15:00,0.0
02/05/2031 16:00,0.0
02/05/2031 17:00,0.0
02/05/2031 18:00,0.0
02/05/2031 19:00,0.0
02/05/2031 20:00,0.0
02/05/2031 21:00,70.06421682138749
02/05/2031 22:00,75.57232133130574
02/05/2031 23:00,44.459899615561575
03/05/2031 00:00,66.28347298350388
03/05/2031 01:00,63.304621853398174
03/05/2031 02:00,62.68345820845057
03/05/2031 03:00,62.3430310748666
03/05/2031 04:00,66.9457253814583
03/05/2031 05:00,42.69211517476081
03/05/2031 06:00,0.0
03/05/2031 07:00,0.0
03/05/2031 08:00,38.14192656840643
03/05/2031 09:00,0.0
03/05/2031 10:00,0.0
03/05/2031 11:00,0.0
03/05/2031 12:00,0.0
03/05/2031 13:00,0.0
03/05/2031 14:00,0.0
03/05/2031 15:00,0.0
03/05/2031 16:00,0.0
03/05/2031 17:00,0.0
03/05/2031 18:00,0.0
03/05/2031 19:00,4.181023406809321
03/05/2031 20:00,0.0
03/05/2031 21:00,0.0
03/05/2031 22:00,39.64904465906808
03/05/2031 23:00,62.56860761389208
04/05/2031 00:00,56.99024054443806
04/05/2031 01:00,49.77144936855612
04/05/2031 02:00,41.921443677130554
04/05/2031 03:00,34.52722601499408
04/05/2031 04:00,29.365659039470312
04/05/2031 05:00,32.213442848596536
04/05/2031 06:00,0.0
04/05/2031 07:00,0.0
04/05/2031 08:00,0.0
04/05/2031 09:00,0.0
04/05/2031 10:00,0.0
04/05/2031 11:00,0.0
04/05/2031 12:00,0.0
04/05/2031 13:00,0.0
04/05/2031 14:00,0.0
04/05/2031 15:00,0.0
04/05/2031 16:00,0.0
04/05/2031 17:00,0.0
04/05/2031 18:00,0.0
04/05/2031 19:00,0.0
04/05/2031 20:00,0.0
04/05/2031 21:00,0.0
04/05/2031 22:00,0.0
04/05/2031 23:00,0.0
05/05/2031 00:00,0.0
05/05/2031 01:00,0.0
05/05/2031 02:00,0.0
05/05/2031 03:00,0.0
05/05/2031 04:00,0.0
05/05/2031 05:00,0.0
05/05/2031 06:00,0.0
05/05/2031 07:00,0.0
05/05/2031 08:00,0.0
05/05/2031 09:00,0.0
05/05/2031 10:00,0.0
05/05/2031 11:00,0.0
05/05/2031 12:00,0.0
05/05/2031 13:00,0.0
05/05/2031 14:00,0.0
05/05/2031 15:00,0.0
05/05/2031 16:00,0.0
05/05/2031 17:00,0.0
05/05/2031 18:00,0.0
05/05/2031 19:00,0.0
05/05/2031 20:00,0.0
05/05/2031 21:00,0.0
05/05/2031 22:00,0.0
05/05/2031 23:00,0.0
06/05/2031 00:00,0.0
06/05/2031 01:00,0.0
06/05/2031 02:00,0.0
06/05/2031 03:00,0.0
06/05/2031 04:00,0.0
06/05/2031 05:00,0.0
06/05/2031 06:00,0.0
06/05/2031 07:00,0.0
06/05/2031 08:00,0.0
06/05/2031 09:00,0.0
06/05/2031 10:00,0.0
06/05/2031 11:00,0.0
06/05/2031 12:00,0.0
06/05/2031 13:00,0.0
06/05/2031 14:00,0.0
06/05/2031 15:00,0.0
06/05/2031 16:00,0.0
06/05/2031 17:00,0.0
06/05/2031 18:00,0.0
06/05/2031 19:00,0.0
06/05/2031 20:00,0.0
06/05/2031 21:00,0.0
06/05/2031 22:00,0.0
06/05/2031 23:00,0.0
07/05/2031 00:00,0.0
07/05/2031 01:00,0.0
07/05/2031 02:00,0.0
07/05/2031 03:00,0.0
07/05/2031 04:00,0.0
07/05/2031 05:00,0.0
07/05/2031 06:00,0.0
07/05/2031 07:00,0.0
07/05/2031 08:00,0.0
07/05/2031 09:00,0.0
07/05/2031 10:00,0.9430248999995149
07/05/2031 11:00,0.0
07/05/2031 12:00,0.0
07/05/2031 13:00,0.0
07/05/2031 14:00,0.0
07/05/2031 15:00,31.817289994975948
07/05/2031 16:00,0.0
07/05/2031 17:00,0.0
07/05/2031 18:00,0.0
07/05/2031 19:00,0.0
07/05/2031 20:00,0.0
07/05/2031 21:00,0.0
07/05/2031 22:00,0.0
07/05/2031 23:00,0.0
08/05/2031 00:00,0.0
08/05/2031 01:00,0.0
08/05/2031 02:00,0.0
08/05/2031 03:00,0.0
08/05/2031 04:00,0.0
08/05/2031 05:00,0.0
08/05/2031 06:00,0.0
08/05/2031 07:00,0.0
08/05/2031 08:00,0.0
08/05/2031 09:00,0.0
08/05/2031 10:00,0.0
08/05/2031 11:00,0.0
08/05/2031 12:00,0.0
08/05/2031 13:00,0.0
08/05/2031 14:00,0.0
08/05/2031 15:00,0.0
08/05/2031 16:00,0.0
08/05/2031 17:00,0.0
08/05/2031 18:00,0.0
08/05/2031 19:00,0.0
08/05/2031 20:00,0.0
08/05/2031 21:00,0.0
08/05/2031 22:00,0.0
08/05/2031 23:00,0.0
09/05/2031 00:00,0.0
09/05/2031 01:00,0.0
09/05/2031 02:00,0.0
09/05/2031 03:00,0.0
09/05/2031 04:00,0.0
09/05/2031 05:00,0.0
09/05/2031 06:00,31.383898213879537
09/05/2031 07:00,27.802125221934
09/05/2031 08:00,5.4532748057409215
09/05/2031 09:00,0.0
09/05/2031 10:00,0.0
09/05/2031 11:00,0.0
09/05/2031 12:00,0.0
09/05/2031 13:00,0.0
09/05/2031 14:00,0.0
09/05/2031 15:00,0.0
09/05/2031 16:00,0.0
09/05/2031 17:00,0.0
09/05/2031 18:00,0.0
09/05/2031 19:00,0.0
09/05/2031 20:00,0.0
09/05/2031 21:00,0.0
09/05/2031 22:00,0.0
09/05/2031 23:00,0.0
10/05/2031 00:00,0.0
10/05/2031 01:00,12.694480102593026
10/05/2031 02:00,0.0
10/05/2031 03:00,0.0
10/05/2031 04:00,47.70234312886084
10/05/2031 05:00,65.94707468205175
10/05/2031 06:00,85.36918637655066
10/05/2031 07:00,80.25516321332327
10/05/2031 08:00,18.43874502434037
10/05/2031 09:00,0.0
10/05/2031 10:00,0.0
10/05/2031 11:00,0.0
10/05/2031 12:00,0.0
10/05/2031 13:00,0.0
10/05/2031 14:00,0.0
10/05/2031 15:00,0.0
10/05/2031 16:00,0.0
10/05/2031 17:00,0.0
10/05/2031 18:00,0.0
10/05/2031 19:00,0.0
10/05/2031 20:00,0.0
10/05/2031 21:00,2.468895805419798
10/05/2031 22:00,33.85167158314465
10/05/2031 23:00,43.206889143273905
11/05/2031 00:00,45.642102425718946
11/05/2031 01:00,0.0
11/05/2031 02:00,8.760618238128346
11/05/2031 03:00,0.0
11/05/2031 04:00,0.0
11/05/2031 05:00,0.0
11/05/2031 06:00,0.0
11/05/2031 07:00,0.0
11/05/2031 08:00,0.0
11/05/2031 09:00,0.0
11/05/2031 10:00,0.0
11/05/2031 11:00,0.0
11/05/2031 12:00,0.0
11/05/2031 13:00,53.897982393291485
11/05/2031 14:00,56.77169245058214
11/05/2031 15:00,0.0
11/05/2031 16:00,0.0
11/05/2031 17:00,0.0
11/05/2031 18:00,0.0
11/05/2031 19:00,0.0
11/05/2031 20:00,0.0
11/05/2031 21:00,0.0
11/05/2031 22:00,0.0
11/05/2031 23:00,0.0
12/05/2031 00:00,0.0
12/05/2031 01:00,0.0
12/05/2031 02:00,0.0
12/05/2031 03:00,0.0
12/05/2031 04:00,0.0
12/05/2031 05:00,0.0
12/05/2031 06:00,0.0
12/05/2031 07:00,0.0
12/05/2031 08:00,0.0
12/05/2031 09:00,0.0
12/05/2031 10:00,0.0
12/05/2031 11:00,0.0
12/05/2031 12:00,0.0
12/05/2031 13:00,2.493159589429896
12/05/2031 14:00,0.0
12/05/2031 15:00,0.0
12/05/2031 16:00,0.0
12/05/2031 17:00,0.0
12/05/2031 18:00,0.0
12/05/2031 19:00,0.0
12/05/2031 20:00,0.0
12/05/2031 21:00,0.0
12/05/2031 22:00,48.60557323948692
12/05/2031 23:00,74.57418880165886
13/05/2031 00:00,0.0
13/05/2031 01:00,63.86451383390613
13/05/2031 02:00,58.32888148878356
13/05/2031 03:00,52.55649682905205
13/05/2031 04:00,40.147781027789534
13/05/2031 05:00,30.179440519418822
13/05/2031 06:00,23.413861018577105
13/05/2031 07:00,5.27628402152641
13/05/2031 08:00,0.0
13/05/2031 09:00,0.0
13/05/2031 10:00,0.0
13/05/2031 11:00,0.0
13/05/2031 12:00,0.0
13/05/2031 13:00,0.0
13/05/2031 14:00,0.0
13/05/2031 15:00,0.0
13/05/2031 16:00,0.0
13/05/2031 17:00,0.0
13/05/2031 18:00,0.0
13/05/2031 19:00,36.837270543536036
13/05/2031 20:00,0.0
13/05/2031 21:00,0.0
13/05/2031 22:00,77.74292842678517
13/05/2031 23:00,69.86196473113415
14/05/2031 00:00,62.661530119323906
14/05/2031 01:00,54.35908668868054
14/05/2031 02:00,49.616694184306574
14/05/2031 03:00,0.0
14/05/2031 04:00,48.71144373773293
14/05/2031 05:00,52.13045635042095
14/05/2031 06:00,0.0
14/05/2031 07:00,0.0
14/05/2031 08:00,0.0
14/05/2031 09:00,0.0
14/05/2031 10:00,0.0
14/05/2031 11:00,0.0
14/05/2031 12:00,0.0
14/05/2031 13:00,0.0
14/05/2031 14:00,0.0
14/05/2031 15:00,0.0
14/05/2031 16:00,0.0
14/05/2031 17:00,0.0
14/05/2031 18:00,0.0
14/05/2031 19:00,0.0
14/05/2031 20:00,4.049628171245054
14/05/2031 21:00,0.0
14/05/2031 22:00,0.0
14/05/2031 23:00,0.0
15/05/2031 00:00,43.96586622458805
15/05/2031 01:00,41.8122579656851
15/05/2031 02:00,44.05294934881284
15/05/2031 03:00,48.36925158974478
15/05/2031 04:00,56.301945089095206
15/05/2031 05:00,73.64306140146425
15/05/2031 06:00,7.9301240334769565
15/05/2031 07:00,0.0
15/05/2031 08:00,29.325159167254224
15/05/2031 09:00,0.0
15/05/2031 10:00,0.0
15/05/2031 11:00,0.0
15/05/2031 12:00,0.0
15/05/2031 13:00,0.0
15/05/2031 14:00,0.0
15/05/2031 15:00,0.0
15/05/2031 16:00,0.0
15/05/2031 17:00,0.0
15/05/2031 18:00,0.0
15/05/2031 19:00,0.0
15/05/2031 20:00,0.0
15/05/2031 21:00,7.765666204634141
15/05/2031 22:00,0.0
15/05/2031 23:00,3.645784739590016
16/05/2031 00:00,28.884382943323633
16/05/2031 01:00,31.40484569015394
16/05/2031 02:00,32.09441071192755
16/05/2031 03:00,31.77132520956098
16/05/2031 04:00,42.675579078586935
16/05/2031 05:00,8.158050863526785
16/05/2031 06:00,87.70195672597856
16/05/2031 07:00,54.224553414774206
16/05/2031 08:00,45.43606895803387
16/05/2031 09:00,0.0
16/05/2031 10:00,0.0
16/05/2031 11:00,0.0
16/05/2031 12:00,0.0
16/05/2031 13:00,0.0
16/05/2031 14:00,0.0
16/05/2031 15:00,0.0
16/05/2031 16:00,0.0
16/05/2031 17:00,0.0
16/05/2031 18:00,0.0
16/05/2031 19:00,24.700034681355447
16/05/2031 20:00,0.0
16/05/2031 21:00,0.0
16/05/2031 22:00,0.0
16/05/2031 23:00,71.1830040243292
17/05/2031 00:00,67.04820060208198
17/05/2031 01:00,65.9975964036211
17/05/2031 02:00,64.74291297871392
17/05/2031 03:00,66.48777260558334
17/05/2031 04:00,70.21520932159227
17/05/2031 05:00,83.42043537587163
17/05/2031 06:00,98.37368007443479
17/05/2031 07:00,0.0
17/05/2031 08:00,31.898451545225644
17/05/2031 09:00,0.0
17/05/2031 10:00,0.0
17/05/2031 11:00,0.0
17/05/2031 12:00,0.0
17/05/2031 13:00,0.0
17/05/2031 14:00,0.0
17/05/2031 15:00,0.0
17/05/2031 16:00,0.0
17/05/2031 17:00,0.0
17/05/2031 18:00,0.0
17/05/2031 19:00,11.436778417499038
17/05/2031 20:00,0.0
17/05/2031 21:00,52.556933727743456
17/05/2031 22:00,40.77951232059216
17/05/2031 23:00,0.0
18/05/2031 00:00,47.7333351448994
18/05/2031 01:00,0.0
18/05/2031 02:00,49.11514542080947
18/05/2031 03:00,48.42461525099248
18/05/2031 04:00,51.935321516163796
18/05/2031 05:00,66.76535589478135
18/05/2031 06:00,69.61183292259209
18/05/2031 07:00,83.4494537847698
18/05/2031 08:00,40.37614963045144
18/05/2031 09:00,0.0
18/05/2031 10:00,0.0
18/05/2031 11:00,0.0
18/05/2031 12:00,0.0
18/05/2031 13:00,0.0
18/05/2031 14:00,0.0
18/05/2031 15:00,0.0
18/05/2031 16:00,0.0
18/05/2031 17:00,0.0
18/05/2031 18:00,0.0
18/05/2031 19:00,0.0
18/05/2031 20:00,0.0
18/05/2031 21:00,0.0
18/05/2031 22:00,0.0
18/05/2031 23:00,0.0
19/05/2031 00:00,0.0
19/05/2031 01:00,0.0
19/05/2031 02:00,11.269287040941899
19/05/2031 03:00,0.0
19/05/2031 04:00,34.52026082497643
19/05/2031 05:00,0.0
19/05/2031 06:00,55.83132553955527
19/05/2031 07:00,51.856441209666556
19/05/2031 08:00,6.918832969966928
19/05/2031 09:00,0.0
19/05/2031 10:00,0.0
19/05/2031 11:00,0.0
19/05/2031 12:00,0.0
19/05/2031 13:00,0.0
19/05/2031 14:00,0.0
19/05/2031 15:00,0.0
19/05/2031 16:00,0.0
19/05/2031 17:00,0.0
19/05/2031 18:00,0.0
19/05/2031 19:00,0.0
19/05/2031 20:00,0.0
19/05/2031 21:00,0.0
19/05/2031 22:00,0.0
19/05/2031 23:00,0.0
20/05/2031 00:00,0.0
20/05/2031 01:00,0.0
20/05/2031 02:00,0.0
20/05/2031 03:00,0.0
20/05/2031 04:00,0.0
20/05/2031 05:00,0.0
20/05/2031 06:00,0.0
20/05/2031 07:00,0.0
20/05/2031 08:00,0.0
20/05/2031 09:00,0.0
20/05/2031 10:00,0.0
20/05/2031 11:00,0.0
20/05/2031 12:00,0.0
20/05/2031 13:00,0.0
20/05/2031 14:00,0.0
20/05/2031 15:00,0.0
20/05/2031 16:00,0.0
20/05/2031 17:00,0.0
20/05/2031 18:00,0.0
20/05/2031 19:00,0.0
20/05/2031 20:00,0.0
20/05/2031 21:00,0.0
20/05/2031 22:00,0.0
20/05/2031 23:00,0.0
21/05/2031 00:00,0.0
21/05/2031 01:00,0.0
21/05/2031 02:00,0.0
21/05/2031 03:00,0.0
21/05/2031 04:00,0.0
21/05/2031 05:00,0.0
21/05/2031 06:00,0.0
21/05/2031 07:00,0.0
21/05/2031 08:00,0.0
21/05/2031 09:00,0.11880792275112986
21/05/2031 10:00,0.0
21/05/2031 11:00,0.0
21/05/2031 12:00,0.0
21/05/2031 13:00,0.0
21/05/2031 14:00,0.0
21/05/2031 15:00,0.0
21/05/2031 16:00,0.0
21/05/2031 17:00,0.0
21/05/2031 18:00,0.0
21/05/2031 19:00,0.0
21/05/2031 20:00,0.0
21/05/2031 21:00,0.0
21/05/2031 22:00,0.0
21/05/2031 23:00,0.0
22/05/2031 00:00,0.0
22/05/2031 01:00,0.0
22/05/2031 02:00,0.0
22/05/2031 03:00,0.0
22/05/2031 04:00,0.0
22/05/2031 05:00,0.0
22/05/2031 06:00,0.0
22/05/2031 07:00,0.0
22/05/2031 08:00,0.0
22/05/2031 09:00,0.0
22/05/2031 10:00,0.0
22/05/2031 11:00,0.0
22/05/2031 12:00,0.0
22/05/2031 13:00,0.0
22/05/2031 14:00,0.0
22/05/2031 15:00,0.0
22/05/2031 16:00,0.0
22/05/2031 17:00,0.0
22/05/2031 18:00,0.0
22/05/2031 19:00,0.0
22/05/2031 20:00,0.0
22/05/2031 21:00,0.0
22/05/2031 22:00,0.0
22/05/2031 23:00,0.0
23/05/2031 00:00,0.0
23/05/2031 01:00,0.0
23/05/2031 02:00,0.0
23/05/2031 03:00,0.0
23/05/2031 04:00,0.0
23/05/2031 05:00,0.0
23/05/2031 06:00,0.0
23/05/2031 07:00,0.0
23/05/2031 08:00,0.0
23/05/2031 09:00,0.0
23/05/2031 10:00,0.0
23/05/2031 11:00,0.0
23/05/2031 12:00,0.0
23/05/2031 13:00,0.0
23/05/2031 14:00,0.0
23/05/2031 15:00,0.0
23/05/2031 16:00,0.0
23/05/2031 17:00,0.0
23/05/2031 18:00,0.0
23/05/2031 19:00,0.0
23/05/2031 20:00,0.0
23/05/2031 21:00,0.0
23/05/2031 22:00,0.0
23/05/2031 23:00,0.0
24/05/2031 00:00,0.0
24/05/2031 01:00,0.0
24/05/2031 02:00,0.0
24/05/2031 03:00,0.0
24/05/2031 04:00,0.0
24/05/2031 05:00,0.0
24/05/2031 06:00,0.0
24/05/2031 07:00,0.0
24/05/2031 08:00,0.0
24/05/2031 09:00,0.0
24/05/2031 10:00,0.0
24/05/2031 11:00,0.0
24/05/2031 12:00,0.0
24/05/2031 13:00,0.0
24/05/2031 14:00,0.0
24/05/2031 15:00,0.0
24/05/2031 16:00,0.0
24/05/2031 17:00,0.0
24/05/2031 18:00,0.0
24/05/2031 19:00,0.06729662641794884
24/05/2031 20:00,0.0
24/05/2031 21:00,3.1965095273709134
24/05/2031 22:00,15.487567390293247
24/05/2031 23:00,19.88797743313444
25/05/2031 00:00,24.834589205056055
25/05/2031 01:00,0.0
25/05/2031 02:00,28.321038046717845
25/05/2031 03:00,0.0
25/05/2031 04:00,43.38455432786727
25/05/2031 05:00,57.1316065094318
25/05/2031 06:00,70.92143077010165
25/05/2031 07:00,0.0
25/05/2031 08:00,4.361680437436726
25/05/2031 09:00,0.0
25/05/2031 10:00,0.0
25/05/2031 11:00,0.0
25/05/2031 12:00,0.0
25/05/2031 13:00,0.0
25/05/2031 14:00,0.0
25/05/2031 15:00,0.0
25/05/2031 16:00,0.0
25/05/2031 17:00,0.0
25/05/2031 18:00,4.501878462065926
25/05/2031 19:00,65.11260103196881
25/05/2031 20:00,4.9927771110217645
25/05/2031 21:00,92.68671158291603
25/05/2031 22:00,0.0
25/05/2031 23:00,72.63289913094454
26/05/2031 00:00,0.0
26/05/2031 01:00,54.727035739418234
26/05/2031 02:00,43.452721310207046
26/05/2031 03:00,34.41702375060569
26/05/2031 04:00,26.601996411376405
26/05/2031 05:00,30.741827139825087
26/05/2031 06:00,14.831502674809135
26/05/2031 07:00,48.79535498966655
26/05/2031 08:00,37.67410114883031
26/05/2031 09:00,4.064778747744399
26/05/2031 10:00,0.0
26/05/2031 11:00,0.0
26/05/2031 12:00,0.0
26/05/2031 13:00,0.0
26/05/2031 14:00,0.0
26/05/2031 15:00,0.0
26/05/2031 16:00,0.0
26/05/2031 17:00,0.0
26/05/2031 18:00,0.0
26/05/2031 19:00,0.0
26/05/2031 20:00,0.0
26/05/2031 21:00,0.0
26/05/2031 22:00,0.0
26/05/2031 23:00,0.0
27/05/2031 00:00,0.0
27/05/2031 01:00,0.0
27/05/2031 02:00,0.0
27/05/2031 03:00,0.0
27/05/2031 04:00,0.0
27/05/2031 05:00,0.0
27/05/2031 06:00,0.0
27/05/2031 07:00,0.0
27/05/2031 08:00,0.0
27/05/2031 09:00,0.0
27/05/2031 10:00,0.0
27/05/2031 11:00,0.0
27/05/2031 12:00,0.0
27/05/2031 13:00,0.0
27/05/2031 14:00,0.0
27/05/2031 15:00,0.0
27/05/2031 16:00,0.0
27/05/2031 17:00,0.0
27/05/2031 18:00,0.0
27/05/2031 19:00,0.0
27/05/2031 20:00,0.0
27/05/2031 21:00,0.0
27/05/2031 22:00,0.0
27/05/2031 23:00,0.0
28/05/2031 00:00,0.0
28/05/2031 01:00,0.0
28/05/2031 02:00,0.0
28/05/2031 03:00,0.0
28/05/2031 04:00,0.0
28/05/2031 05:00,0.0
28/05/2031 06:00,0.0
28/05/2031 07:00,0.0
28/05/2031 08:00,0.0
28/05/2031 09:00,0.0
28/05/2031 10:00,0.0
28/05/2031 11:00,0.0
28/05/2031 12:00,0.0
28/05/2031 13:00,0.0
28/05/2031 14:00,0.0
28/05/2031 15:00,0.0
28/05/2031 16:00,0.0
28/05/2031 17:00,0.0
28/05/2031 18:00,0.0
28/05/2031 19:00,0.0
28/05/2031 20:00,0.0
28/05/2031 21:00,3.2157157477688267
28/05/2031 22:00,11.052480034706598
28/05/2031 23:00,5.644269630539618
29/05/2031 00:00,5.871241536759595
29/05/2031 01:00,17.221687410801927
29/05/2031 02:00,25.088739643683276
29/05/2031 03:00,30.646404026658168
29/05/2031 04:00,36.90025413355502
29/05/2031 05:00,54.699838707958335
29/05/2031 06:00,72.35781878803886
29/05/2031 07:00,74.13410017013199
29/05/2031 08:00,60.43747070156067
29/05/2031 09:00,42.158033274514736
29/05/2031 10:00,17.40279034028068
29/05/2031 11:00,0.0
29/05/2031 12:00,0.0
29/05/2031 13:00,0.0
29/05/2031 14:00,0.0
29/05/2031 15:00,0.0
29/05/2031 16:00,0.0
29/05/2031 17:00,0.0
29/05/2031 18:00,37.750037381290646
29/05/2031 19:00,0.0
29/05/2031 20:00,0.0
29/05/2031 21:00,39.11143137656815
29/05/2031 22:00,0.0
29/05/2031 23:00,24.253826587878862
30/05/2031 00:00,71.34280102753473
30/05/2031 01:00,80.30965269077191
30/05/2031 02:00,101.7164039308772
30/05/2031 03:00,106.84335096877317
30/05/2031 04:00,86.34812768752028
30/05/2031 05:00,91.93562404141994
30/05/2031 06:00,0.0
30/05/2031 07:00,105.34769075981056
30/05/2031 08:00,76.21796374003348
30/05/2031 09:00,22.639567350569973
30/05/2031 10:00,0.0
30/05/2031 11:00,0.0
30/05/2031 12:00,1.1825931386389454
30/05/2031 13:00,28.980916165486533
30/05/2031 14:00,27.985327216473145
30/05/2031 15:00,34.522050497966525
30/05/2031 16:00,0.0
30/05/2031 17:00,0.0
30/05/2031 18:00,9.09721307288335
30/05/2031 19:00,46.00948549532116
30/05/2031 20:00,76.87033673668515
30/05/2031 21:00,88.62704228343732
30/05/2031 22:00,91.63872625845855
30/05/2031 23:00,0.0
31/05/2031 00:00,76.04600860416272
31/05/2031 01:00,71.01521385985691
31/05/2031 02:00,66.45419848617742
31/05/2031 03:00,56.68819217363286
31/05/2031 04:00,41.491256387205276
31/05/2031 05:00,0.0
31/05/2031 06:00,0.0
31/05/2031 07:00,0.0
31/05/2031 08:00,51.72703018230926
31/05/2031 09:00,0.0
31/05/2031 10:00,0.0
31/05/2031 11:00,0.0
31/05/2031 12:00,9.09150293756388
31/05/2031 13:00,5.031299821835691
31/05/2031 14:00,9.599522111203393
31/05/2031 15:00,0.0
31/05/2031 16:00,0.0
31/05/2031 17:00,0.0
31/05/2031 18:00,0.0
31/05/2031 19:00,30.124265313928042
31/05/2031 20:00,42.608862895042975
31/05/2031 21:00,0.0
31/05/2031 22:00,0.0
31/05/2031 23:00,0.0
01/06/2031 00:00,41.816675784752285
01/06/2031 01:00,59.43186551547453
01/06/2031 02:00,76.92831969231557
01/06/2031 03:00,83.01714855593032
01/06/2031 04:00,67.48017988408384
01/06/2031 05:00,10.993120554787872
01/06/2031 06:00,0.0
01/06/2031 07:00,0.0
01/06/2031 08:00,53.645290972226654
01/06/2031 09:00,0.0
01/06/2031 10:00,0.0
01/06/2031 11:00,12.142611108201068
01/06/2031 12:00,14.004091929398813
01/06/2031 13:00,25.284654289969737
01/06/2031 14:00,19.029748468796747
01/06/2031 15:00,0.0
01/06/2031 16:00,0.0
01/06/2031 17:00,0.0
01/06/2031 18:00,0.0
01/06/2031 19:00,0.0
01/06/2031 20:00,0.0
01/06/2031 21:00,0.0
01/06/2031 22:00,38.5471726056955
01/06/2031 23:00,53.13064343385518
02/06/2031 00:00,25.79896285777141
02/06/2031 01:00,51.32454646179084
02/06/2031 02:00,71.92043169892787
02/06/2031 03:00,64.19759216400087
02/06/2031 04:00,76.19103465859452
02/06/2031 05:00,91.36551651914912
02/06/2031 06:00,106.93241876959056
02/06/2031 07:00,92.54412677029293
02/06/2031 08:00,49.356770198719445
02/06/2031 09:00,0.0
02/06/2031 10:00,0.0
02/06/2031 11:00,10.12625016806337
02/06/2031 12:00,0.0
02/06/2031 13:00,3.226182448094667
02/06/2031 14:00,0.0
02/06/2031 15:00,0.0
02/06/2031 16:00,0.0
02/06/2031 17:00,0.0
02/06/2031 18:00,0.0
02/06/2031 19:00,0.0
02/06/2031 20:00,11.816533706800005
02/06/2031 21:00,0.0
02/06/2031 22:00,0.0
02/06/2031 23:00,0.0
03/06/2031 00:00,26.13799774748037
03/06/2031 01:00,23.13547937357931
03/06/2031 02:00,25.328166211599225
03/06/2031 03:00,26.676258372926842
03/06/2031 04:00,28.496810137052513
03/06/2031 05:00,35.02276587889257
03/06/2031 06:00,38.91085622720293
03/06/2031 07:00,27.31317813254695
03/06/2031 08:00,2.5676607903601676
03/06/2031 09:00,0.0
03/06/2031 10:00,0.0
03/06/2031 11:00,0.0
03/06/2031 12:00,0.0
03/06/2031 13:00,0.0
03/06/2031 14:00,0.0
03/06/2031 15:00,0.0
03/06/2031 16:00,0.0
03/06/2031 17:00,0.0
03/06/2031 18:00,0.0
03/06/2031 19:00,0.0
03/06/2031 20:00,0.0
03/06/2031 21:00,0.0
03/06/2031 22:00,0.0
03/06/2031 23:00,21.32076233327834
04/06/2031 00:00,46.31105374716274
04/06/2031 01:00,47.79787895822922
04/06/2031 02:00,49.08896072969942
04/06/2031 03:00,48.91658944394568
04/06/2031 04:00,53.642015285049176
04/06/2031 05:00,60.718802999115134
04/06/2031 06:00,0.0
04/06/2031 07:00,36.75436815282636
04/06/2031 08:00,0.0
04/06/2031 09:00,0.0
04/06/2031 10:00,0.0
04/06/2031 11:00,0.0
04/06/2031 12:00,0.0
04/06/2031 13:00,0.0
04/06/2031 14:00,0.0
04/06/2031 15:00,0.0
04/06/2031 16:00,0.0
04/06/2031 17:00,0.0
04/06/2031 18:00,0.0
04/06/2031 19:00,18.365390785295514
04/06/2031 20:00,0.0
04/06/2031 21:00,0.0
04/06/2031 22:00,54.0969437361758
04/06/2031 23:00,74.83954558252273
05/06/2031 00:00,72.17650730860245
05/06/2031 01:00,88.53736181885112
05/06/2031 02:00,101.26343875707087
05/06/2031 03:00,100.3386027991295
05/06/2031 04:00,81.20152503908716
05/06/2031 05:00,14.33702899415568
05/06/2031 06:00,0.0
05/06/2031 07:00,0.0
05/06/2031 08:00,35.08487979235926
05/06/2031 09:00,0.0
05/06/2031 10:00,0.0
05/06/2031 11:00,0.0
05/06/2031 12:00,0.0
05/06/2031 13:00,0.0
05/06/2031 14:00,0.0
05/06/2031 15:00,0.0
05/06/2031 16:00,0.0
05/06/2031 17:00,0.0
05/06/2031 18:00,0.0
05/06/2031 19:00,32.2235620545323
05/06/2031 20:00,0.0
05/06/2031 21:00,76.93123152462647
05/06/2031 22:00,85.51792151364884
05/06/2031 23:00,0.0
06/06/2031 00:00,66.11626263281356
06/06/2031 01:00,63.788942971784365
06/06/2031 02:00,65.47046659640957
06/06/2031 03:00,66.01363283987617
06/06/2031 04:00,69.240922361321
06/06/2031 05:00,0.0
06/06/2031 06:00,96.61009380382738
06/06/2031 07:00,0.0
06/06/2031 08:00,66.44694031613312
06/06/2031 09:00,24.918785955307722
06/06/2031 10:00,0.0
06/06/2031 11:00,40.184125900700245
06/06/2031 12:00,0.0
06/06/2031 13:00,0.0
06/06/2031 14:00,0.0
06/06/2031 15:00,0.0
06/06/2031 16:00,0.0
06/06/2031 17:00,0.0
06/06/2031 18:00,0.0
06/06/2031 19:00,0.0
06/06/2031 20:00,0.0
06/06/2031 21:00,0.0
06/06/2031 22:00,15.853000477591403
06/06/2031 23:00,0.0
07/06/2031 00:00,6.47309198298476
07/06/2031 01:00,13.176781729196408
07/06/2031 02:00,22.790303930367607
07/06/2031 03:00,22.10957615155518
07/06/2031 04:00,32.44994785590385
07/06/2031 05:00,0.0
07/06/2031 06:00,77.86912086132033
07/06/2031 07:00,87.70335696069543
07/06/2031 08:00,29.69284355831375
07/06/2031 09:00,0.0
07/06/2031 10:00,0.0
07/06/2031 11:00,0.0
07/06/2031 12:00,0.0
07/06/2031 13:00,0.0
07/06/2031 14:00,0.0
07/06/2031 15:00,0.0
07/06/2031 16:00,0.0
07/06/2031 17:00,0.0
07/06/2031 18:00,0.0
07/06/2031 19:00,0.0
07/06/2031 20:00,20.447914512700947
07/06/2031 21:00,25.08108809871129
07/06/2031 22:00,0.0
07/06/2031 23:00,0.0
08/06/2031 00:00,13.733197620687859
08/06/2031 01:00,39.757852958169366
08/06/2031 02:00,50.89821310817587
08/06/2031 03:00,45.10707520532283
08/06/2031 04:00,23.08302795303979
08/06/2031 05:00,60.53514614028281
08/06/2031 06:00,0.0
08/06/2031 07:00,0.0
08/06/2031 08:00,45.88576905205719
08/06/2031 09:00,0.0
08/06/2031 10:00,0.0
08/06/2031 11:00,0.0
08/06/2031 12:00,0.0
08/06/2031 13:00,0.0
08/06/2031 14:00,0.0
08/06/2031 15:00,0.0
08/06/2031 16:00,0.0
08/06/2031 17:00,0.0
08/06/2031 18:00,0.0
08/06/2031 19:00,0.0
08/06/2031 20:00,0.0
08/06/2031 21:00,43.937454615372054
08/06/2031 22:00,73.63758264506298
08/06/2031 23:00,65.41388655179433
09/06/2031 00:00,0.0
09/06/2031 01:00,48.36223696474437
09/06/2031 02:00,49.368561876497765
09/06/2031 03:00,29.52425033901368
09/06/2031 04:00,67.77175325286395
09/06/2031 05:00,86.10185284596027
09/06/2031 06:00,0.0
09/06/2031 07:00,93.99253455610044
09/06/2031 08:00,49.92109072793574
09/06/2031 09:00,0.0
09/06/2031 10:00,0.0
09/06/2031 11:00,0.0
09/06/2031 12:00,0.0
09/06/2031 13:00,0.0
09/06/2031 14:00,0.0
09/06/2031 15:00,0.0
09/06/2031 16:00,0.0
09/06/2031 17:00,0.0
09/06/2031 18:00,0.0
09/06/2031 19:00,0.0
09/06/2031 20:00,0.0
09/06/2031 21:00,0.0
09/06/2031 22:00,0.0
09/06/2031 23:00,0.0
10/06/2031 00:00,51.37507410527017
10/06/2031 01:00,32.707522700905464
10/06/2031 02:00,29.509930945498848
10/06/2031 03:00,39.220532128019286
10/06/2031 04:00,48.261590152155094
10/06/2031 05:00,47.127253119540704
10/06/2031 06:00,44.9720577742769
10/06/2031 07:00,37.79609588402066
10/06/2031 08:00,5.699307627972643
10/06/2031 09:00,0.0
10/06/2031 10:00,0.0
10/06/2031 11:00,0.0
10/06/2031 12:00,0.0
10/06/2031 13:00,0.0
10/06/2031 14:00,0.0
10/06/2031 15:00,0.0
10/06/2031 16:00,0.0
10/06/2031 17:00,0.0
10/06/2031 18:00,0.0
10/06/2031 19:00,0.0
10/06/2031 20:00,0.0
10/06/2031 21:00,2.3061736517739733
10/06/2031 22:00,22.28628960680253
10/06/2031 23:00,0.0
11/06/2031 00:00,23.471195222129282
11/06/2031 01:00,26.01033971597609
11/06/2031 02:00,0.0
11/06/2031 03:00,0.0
11/06/2031 04:00,26.822636272452627
11/06/2031 05:00,24.510943158512475
11/06/2031 06:00,0.0
11/06/2031 07:00,9.886121754803131
11/06/2031 08:00,0.0
11/06/2031 09:00,0.0
11/06/2031 10:00,0.0
11/06/2031 11:00,0.0
11/06/2031 12:00,0.0
11/06/2031 13:00,0.0
11/06/2031 14:00,0.0
11/06/2031 15:00,0.0
11/06/2031 16:00,0.0
11/06/2031 17:00,0.0
11/06/2031 18:00,0.0
11/06/2031 19:00,0.0
11/06/2031 20:00,0.0
11/06/2031 21:00,0.0
11/06/2031 22:00,0.0
11/06/2031 23:00,0.0
12/06/2031 00:00,29.476382709026968
12/06/2031 01:00,36.35111888993135
12/06/2031 02:00,29.614636073485986
12/06/2031 03:00,25.049519183580443
12/06/2031 04:00,8.45721176399615
12/06/2031 05:00,0.0
12/06/2031 06:00,0.0
12/06/2031 07:00,0.0
12/06/2031 08:00,0.0
12/06/2031 09:00,0.0
12/06/2031 10:00,0.0
12/06/2031 11:00,29.217600465287813
12/06/2031 12:00,7.522539809851821
12/06/2031 13:00,0.0
12/06/2031 14:00,0.0
12/06/2031 15:00,5.968531408168953
12/06/2031 16:00,0.0
12/06/2031 17:00,0.0
12/06/2031 18:00,0.0
12/06/2031 19:00,0.0
12/06/2031 20:00,0.0
12/06/2031 21:00,0.0
12/06/2031 22:00,0.0
12/06/2031 23:00,0.0
13/06/2031 00:00,0.0
13/06/2031 01:00,0.0
13/06/2031 02:00,0.0
13/06/2031 03:00,0.0
13/06/2031 04:00,0.0
13/06/2031 05:00,0.0
13/06/2031 06:00,0.0
13/06/2031 07:00,0.0
13/06/2031 08:00,0.0
13/06/2031 09:00,0.0
13/06/2031 10:00,0.0
13/06/2031 11:00,0.0
13/06/2031 12:00,0.0
13/06/2031 13:00,0.0
13/06/2031 14:00,0.0
13/06/2031 15:00,0.0
13/06/2031 16:00,0.0
13/06/2031 17:00,0.0
13/06/2031 18:00,0.0
13/06/2031 19:00,0.04942461395948192
13/06/2031 20:00,17.924470416709866
13/06/2031 21:00,0.0
13/06/2031 22:00,18.742388535034937
13/06/2031 23:00,7.076307675618002
14/06/2031 00:00,0.0
14/06/2031 01:00,11.627423118093146
14/06/2031 02:00,0.0
14/06/2031 03:00,14.255581032251525
14/06/2031 04:00,20.011294118665283
14/06/2031 05:00,37.77187999232804
14/06/2031 06:00,0.0
14/06/2031 07:00,0.0
14/06/2031 08:00,23.768768760447166
14/06/2031 09:00,0.0
14/06/2031 10:00,0.0
14/06/2031 11:00,0.0
14/06/2031 12:00,0.0
14/06/2031 13:00,0.0
14/06/2031 14:00,0.0
14/06/2031 15:00,0.0
14/06/2031 16:00,0.0
14/06/2031 17:00,0.0
14/06/2031 18:00,0.0
14/06/2031 19:00,0.0
14/06/2031 20:00,0.0
14/06/2031 21:00,0.0
14/06/2031 22:00,0.0
14/06/2031 23:00,0.0
15/06/2031 00:00,0.0
15/06/2031 01:00,1.9332006107781743
15/06/2031 02:00,9.584862508812162
15/06/2031 03:00,14.26094368862637
15/06/2031 04:00,26.719674209268845
15/06/2031 05:00,45.582594085283006
15/06/2031 06:00,61.32754729638346
15/06/2031 07:00,68.31279492509587
15/06/2031 08:00,37.040532871575614
15/06/2031 09:00,0.0
15/06/2031 10:00,0.0
15/06/2031 11:00,0.0
15/06/2031 12:00,0.0
15/06/2031 13:00,0.0
15/06/2031 14:00,0.0
15/06/2031 15:00,0.0
15/06/2031 16:00,0.0
15/06/2031 17:00,0.0
15/06/2031 18:00,22.116187701502632
15/06/2031 19:00,54.61128972453899
15/06/2031 20:00,0.0
15/06/2031 21:00,0.0
15/06/2031 22:00,0.0
15/06/2031 23:00,0.0
16/06/2031 00:00,7.784438121699076
16/06/2031 01:00,0.0
16/06/2031 02:00,0.0
16/06/2031 03:00,0.5000056795392446
16/06/2031 04:00,0.0
16/06/2031 05:00,10.356550793852279
16/06/2031 06:00,21.50371537681695
16/06/2031 07:00,10.053904113981027
16/06/2031 08:00,0.0
16/06/2031 09:00,0.0
16/06/2031 10:00,0.0
16/06/2031 11:00,0.0
16/06/2031 12:00,0.0
16/06/2031 13:00,0.0
16/06/2031 14:00,0.0
16/06/2031 15:00,0.0
16/06/2031 16:00,0.0
16/06/2031 17:00,0.0
16/06/2031 18:00,20.675087588447226
16/06/2031 19:00,0.0
16/06/2031 20:00,10.400492924723583
16/06/2031 21:00,124.40219663646042
16/06/2031 22:00,0.0
16/06/2031 23:00,0.0
17/06/2031 00:00,0.0
17/06/2031 01:00,65.2205251564372
17/06/2031 02:00,51.00696401632342
17/06/2031 03:00,46.31257605724843
17/06/2031 04:00,47.80937226091681
17/06/2031 05:00,48.19281844340321
17/06/2031 06:00,40.20940852923301
17/06/2031 07:00,25.288734429418007
17/06/2031 08:00,0.5452181749474393
17/06/2031 09:00,0.0
17/06/2031 10:00,0.0
17/06/2031 11:00,0.0
17/06/2031 12:00,0.0
17/06/2031 13:00,0.0
17/06/2031 14:00,0.0
17/06/2031 15:00,0.0
17/06/2031 16:00,0.0
17/06/2031 17:00,0.0
17/06/2031 18:00,0.0
17/06/2031 19:00,0.0
17/06/2031 20:00,0.0
17/06/2031 21:00,0.0
17/06/2031 22:00,0.0
17/06/2031 23:00,0.0
18/06/2031 00:00,0.0
18/06/2031 01:00,22.528326330408177
18/06/2031 02:00,0.0
18/06/2031 03:00,0.0
18/06/2031 04:00,0.0
18/06/2031 05:00,0.0
18/06/2031 06:00,0.0
18/06/2031 07:00,0.0
18/06/2031 08:00,0.0
18/06/2031 09:00,0.0
18/06/2031 10:00,0.0
18/06/2031 11:00,0.0
18/06/2031 12:00,0.0
18/06/2031 13:00,0.0
18/06/2031 14:00,0.0
18/06/2031 15:00,0.0
18/06/2031 16:00,0.0
18/06/2031 17:00,0.0
18/06/2031 18:00,0.0
18/06/2031 19:00,0.0
18/06/2031 20:00,0.0
18/06/2031 21:00,0.0
18/06/2031 22:00,0.0
18/06/2031 23:00,0.0
19/06/2031 00:00,0.0
19/06/2031 01:00,0.0
19/06/2031 02:00,0.0
19/06/2031 03:00,0.0
19/06/2031 04:00,0.0
19/06/2031 05:00,23.327101782378097
19/06/2031 06:00,50.73494525856782
19/06/2031 07:00,74.72787779755222
19/06/2031 08:00,44.99331688416317
19/06/2031 09:00,0.0
19/06/2031 10:00,0.0
19/06/2031 11:00,0.0
19/06/2031 12:00,0.0
19/06/2031 13:00,0.0
19/06/2031 14:00,0.0
19/06/2031 15:00,0.0
19/06/2031 16:00,0.0
19/06/2031 17:00,0.0
19/06/2031 18:00,0.0
19/06/2031 19:00,0.0
19/06/2031 20:00,0.0
19/06/2031 21:00,14.19470065091723
19/06/2031 22:00,31.20292022507085
19/06/2031 23:00,0.0
20/06/2031 00:00,0.0
20/06/2031 01:00,19.008021389104535
20/06/2031 02:00,73.03766873937063
20/06/2031 03:00,74.43443550408793
20/06/2031 04:00,51.35206629879606
20/06/2031 05:00,100.50550550529145
20/06/2031 06:00,119.66708624729684
20/06/2031 07:00,115.74173027417845
20/06/2031 08:00,74.72799630815696
20/06/2031 09:00,17.565315568078567
20/06/2031 10:00,0.0
20/06/2031 11:00,0.0
20/06/2031 12:00,0.0
20/06/2031 13:00,0.0
20/06/2031 14:00,0.0
20/06/2031 15:00,0.0
20/06/2031 16:00,0.0
20/06/2031 17:00,0.0
20/06/2031 18:00,0.0
20/06/2031 19:00,0.0
20/06/2031 20:00,40.8598968009749
20/06/2031 21:00,65.07994345725504
20/06/2031 22:00,42.838749342651425
20/06/2031 23:00,0.0
21/06/2031 00:00,53.42975261097033
21/06/2031 01:00,59.416267367744226
21/06/2031 02:00,61.42422678480731
21/06/2031 03:00,65.00764986491929
21/06/2031 04:00,69.44563861432545
21/06/2031 05:00,0.0
21/06/2031 06:00,0.0
21/06/2031 07:00,0.0
21/06/2031 08:00,68.79788336011069
21/06/2031 09:00,2.2761365053045606
21/06/2031 10:00,0.0
21/06/2031 11:00,0.0
21/06/2031 12:00,0.0
21/06/2031 13:00,0.0
21/06/2031 14:00,0.0
21/06/2031 15:00,0.0
21/06/2031 16:00,0.0
21/06/2031 17:00,0.0
21/06/2031 18:00,0.0
21/06/2031 19:00,0.0
21/06/2031 20:00,0.0
21/06/2031 21:00,0.0
21/06/2031 22:00,0.0
21/06/2031 23:00,0.0
22/06/2031 00:00,0.0
22/06/2031 01:00,0.0
22/06/2031 02:00,0.0
22/06/2031 03:00,0.0
22/06/2031 04:00,0.0
22/06/2031 05:00,0.0
22/06/2031 06:00,0.0
22/06/2031 07:00,0.0
22/06/2031 08:00,0.0
22/06/2031 09:00,0.0
22/06/2031 10:00,0.0
22/06/2031 11:00,2.0369952715260182
22/06/2031 12:00,13.22437982025471
22/06/2031 13:00,0.0
22/06/2031 14:00,0.0
22/06/2031 15:00,0.0
22/06/2031 16:00,0.0
22/06/2031 17:00,0.0
22/06/2031 18:00,0.0
22/06/2031 19:00,10.95500253796463
22/06/2031 20:00,0.0
22/06/2031 21:00,34.35367298320248
22/06/2031 22:00,49.177541505995016
22/06/2031 23:00,0.0
23/06/2031 00:00,33.8588213928086
23/06/2031 01:00,29.280839356049707
23/06/2031 02:00,29.27086836344785
23/06/2031 03:00,28.99913769664265
23/06/2031 04:00,34.59848101233861
23/06/2031 05:00,49.44987737052662
23/06/2031 06:00,0.0
23/06/2031 07:00,26.89733587408866
23/06/2031 08:00,0.0
23/06/2031 09:00,0.0
23/06/2031 10:00,32.457652714556794
23/06/2031 11:00,0.0
23/06/2031 12:00,0.0
23/06/2031 13:00,0.0
23/06/2031 14:00,0.0
23/06/2031 15:00,0.0
23/06/2031 16:00,0.0
23/06/2031 17:00,0.0
23/06/2031 18:00,0.0
23/06/2031 19:00,0.0
23/06/2031 20:00,11.302366307905169
23/06/2031 21:00,0.0
23/06/2031 22:00,0.0
23/06/2031 23:00,0.0
24/06/2031 00:00,0.0
24/06/2031 01:00,3.270408399492232
24/06/2031 02:00,19.955462593093877
24/06/2031 03:00,34.024044949458464
24/06/2031 04:00,42.774690559390315
24/06/2031 05:00,50.486338169406174
24/06/2031 06:00,50.214520168111584
24/06/2031 07:00,50.42365870038829
24/06/2031 08:00,11.549964801044242
24/06/2031 09:00,0.0
24/06/2031 10:00,0.0
24/06/2031 11:00,0.0
24/06/2031 12:00,0.0
24/06/2031 13:00,0.0
24/06/2031 14:00,0.0
24/06/2031 15:00,0.0
24/06/2031 16:00,0.0
24/06/2031 17:00,0.0
24/06/2031 18:00,0.0
24/06/2031 19:00,0.0
24/06/2031 20:00,0.0
24/06/2031 21:00,0.0
24/06/2031 22:00,0.0
24/06/2031 23:00,0.0
25/06/2031 00:00,18.046847505246046
25/06/2031 01:00,9.01152491378273
25/06/2031 02:00,0.0
25/06/2031 03:00,0.0
25/06/2031 04:00,0.0
25/06/2031 05:00,1.925141175252859
25/06/2031 06:00,0.0
25/06/2031 07:00,0.0
25/06/2031 08:00,0.0
25/06/2031 09:00,0.0
25/06/2031 10:00,0.0
25/06/2031 11:00,0.0
25/06/2031 12:00,0.0
25/06/2031 13:00,0.0
25/06/2031 14:00,0.0
25/06/2031 15:00,0.0
25/06/2031 16:00,0.0
25/06/2031 17:00,0.0
25/06/2031 18:00,0.0
25/06/2031 19:00,0.0
25/06/2031 20:00,11.329431943076468
25/06/2031 21:00,0.0
25/06/2031 22:00,0.0
25/06/2031 23:00,25.642918546491895
26/06/2031 00:00,43.394131432554374
26/06/2031 01:00,47.4203962276115
26/06/2031 02:00,40.15791594473638
26/06/2031 03:00,36.43814495729566
26/06/2031 04:00,48.81217749612343
26/06/2031 05:00,72.32817154992851
26/06/2031 06:00,14.556765777188003
26/06/2031 07:00,34.59464067743561
26/06/2031 08:00,56.84768888982297
26/06/2031 09:00,8.253614027577639
26/06/2031 10:00,0.0
26/06/2031 11:00,0.0
26/06/2031 12:00,0.0
26/06/2031 13:00,0.0
26/06/2031 14:00,0.0
26/06/2031 15:00,0.0
26/06/2031 16:00,0.0
26/06/2031 17:00,0.0
26/06/2031 18:00,47.21747019012903
26/06/2031 19:00,0.0
26/06/2031 20:00,0.0
26/06/2031 21:00,30.93328643628369
26/06/2031 22:00,65.126332430465
26/06/2031 23:00,57.195728983572
27/06/2031 00:00,0.0
27/06/2031 01:00,49.52583846852895
27/06/2031 02:00,34.372350045038246
27/06/2031 03:00,45.59938790084665
27/06/2031 04:00,8.586770088656024
27/06/2031 05:00,0.0
27/06/2031 06:00,90.99443893720738
27/06/2031 07:00,107.45999656149006
27/06/2031 08:00,3.997847232805181
27/06/2031 09:00,0.0
27/06/2031 10:00,0.0
27/06/2031 11:00,0.0
27/06/2031 12:00,0.0
27/06/2031 13:00,0.0
27/06/2031 14:00,0.0
27/06/2031 15:00,0.0
27/06/2031 16:00,0.0
27/06/2031 17:00,29.245367000662995
27/06/2031 18:00,4.894160571329536
27/06/2031 19:00,0.0
27/06/2031 20:00,0.0
27/06/2031 21:00,0.0
27/06/2031 22:00,0.0
27/06/2031 23:00,29.36661168990107
28/06/2031 00:00,23.78725033026928
28/06/2031 01:00,25.103044371572402
28/06/2031 02:00,26.07870636924415
28/06/2031 03:00,30.114272098812457
28/06/2031 04:00,45.188134340510594
28/06/2031 05:00,69.91215720642404
28/06/2031 06:00,20.385572309994014
28/06/2031 07:00,94.88385500253618
28/06/2031 08:00,67.32953745766564
28/06/2031 09:00,112.99960480108423
28/06/2031 10:00,0.0
28/06/2031 11:00,0.0
28/06/2031 12:00,15.607919480095315
28/06/2031 13:00,0.0
28/06/2031 14:00,0.0
28/06/2031 15:00,0.0
28/06/2031 16:00,0.0
28/06/2031 17:00,0.0
28/06/2031 18:00,0.0
28/06/2031 19:00,0.0
28/06/2031 20:00,0.0
28/06/2031 21:00,0.0
28/06/2031 22:00,0.0
28/06/2031 23:00,0.0
29/06/2031 00:00,0.0
29/06/2031 01:00,0.0
29/06/2031 02:00,0.0
29/06/2031 03:00,0.0
29/06/2031 04:00,0.0
29/06/2031 05:00,37.94128454167148
29/06/2031 06:00,59.03572280382493
29/06/2031 07:00,0.0
29/06/2031 08:00,44.21513842810393
29/06/2031 09:00,0.0
29/06/2031 10:00,0.0
29/06/2031 11:00,0.0
29/06/2031 12:00,0.0
29/06/2031 13:00,0.0
29/06/2031 14:00,0.0
29/06/2031 15:00,0.0
29/06/2031 16:00,0.0
29/06/2031 17:00,0.0
29/06/2031 18:00,0.0
29/06/2031 19:00,19.116711057603283
29/06/2031 20:00,0.0
29/06/2031 21:00,18.001978747772938
29/06/2031 22:00,11.205712333494363
29/06/2031 23:00,21.825664189318037
30/06/2031 00:00,32.458955761402294
30/06/2031 01:00,41.28566847691948
30/06/2031 02:00,0.0
30/06/2031 03:00,47.84236701121764
30/06/2031 04:00,55.678381361688224
30/06/2031 05:00,71.61410003311073
30/06/2031 06:00,87.92283159159919
30/06/2031 07:00,0.0
30/06/2031 08:00,3.921161184153429
30/06/2031 09:00,1.3607876841446547
30/06/2031 10:00,54.651573894989234
30/06/2031 11:00,0.0
30/06/2031 12:00,0.0
30/06/2031 13:00,0.0
30/06/2031 14:00,0.0
30/06/2031 15:00,0.0
30/06/2031 16:00,0.0
30/06/2031 17:00,0.22343713113399225
30/06/2031 18:00,0.0
30/06/2031 19:00,0.0
30/06/2031 20:00,58.203494350394514
30/06/2031 21:00,69.11462242909607
30/06/2031 22:00,68.35604326333812
30/06/2031 23:00,2.5840763903599626
01/07/2031 00:00,0.0
01/07/2031 01:00,50.69965667757168
01/07/2031 02:00,68.94665216853188
01/07/2031 03:00,83.59450673599417
01/07/2031 04:00,92.22428844765922
01/07/2031 05:00,80.50811299029468
01/07/2031 06:00,64.94562247833261
01/07/2031 07:00,41.30039581787808
01/07/2031 08:00,16.336688997078454
01/07/2031 09:00,0.0
01/07/2031 10:00,0.0
01/07/2031 11:00,0.0
01/07/2031 12:00,0.0
01/07/2031 13:00,0.0
01/07/2031 14:00,0.0
01/07/2031 15:00,0.0
01/07/2031 16:00,0.0
01/07/2031 17:00,0.0
01/07/2031 18:00,0.0
01/07/2031 19:00,0.0
01/07/2031 20:00,0.8224573230212895
01/07/2031 21:00,8.929109194295105
01/07/2031 22:00,100.6446729076672
01/07/2031 23:00,6.389159308966701
02/07/2031 00:00,104.73950770408315
02/07/2031 01:00,76.89697029070179
02/07/2031 02:00,81.80738386229467
02/07/2031 03:00,84.77395873576491
02/07/2031 04:00,83.61662451763706
02/07/2031 05:00,75.52220078322553
02/07/2031 06:00,66.40520371228108
02/07/2031 07:00,52.408422712594124
02/07/2031 08:00,7.448455708122582
02/07/2031 09:00,0.0
02/07/2031 10:00,0.0
02/07/2031 11:00,0.0
02/07/2031 12:00,0.0
02/07/2031 13:00,0.0
02/07/2031 14:00,0.0
02/07/2031 15:00,0.0
02/07/2031 16:00,0.0
02/07/2031 17:00,0.0
02/07/2031 18:00,0.0
02/07/2031 19:00,0.0
02/07/2031 20:00,0.0
02/07/2031 21:00,0.0
02/07/2031 22:00,0.0
02/07/2031 23:00,0.0
03/07/2031 00:00,0.0
03/07/2031 01:00,0.0
03/07/2031 02:00,0.0
03/07/2031 03:00,0.0
03/07/2031 04:00,0.0
03/07/2031 05:00,0.0
03/07/2031 06:00,0.0
03/07/2031 07:00,0.0
03/07/2031 08:00,0.0
03/07/2031 09:00,67.51594604825748
03/07/2031 10:00,44.93951151455781
03/07/2031 11:00,0.0
03/07/2031 12:00,0.0
03/07/2031 13:00,0.0
03/07/2031 14:00,0.0
03/07/2031 15:00,0.0
03/07/2031 16:00,0.0
03/07/2031 17:00,0.0
03/07/2031 18:00,0.0
03/07/2031 19:00,0.0
03/07/2031 20:00,0.0
03/07/2031 21:00,0.0
03/07/2031 22:00,0.0
03/07/2031 23:00,0.0
04/07/2031 00:00,18.0511774587418
04/07/2031 01:00,47.98277833041639
04/07/2031 02:00,44.743507642288726
04/07/2031 03:00,37.53669763328075
04/07/2031 04:00,28.37194292658975
04/07/2031 05:00,42.653825565344235
04/07/2031 06:00,63.38674574450492
04/07/2031 07:00,72.00590239391681
04/07/2031 08:00,62.576670196195344
04/07/2031 09:00,41.734086787465536
04/07/2031 10:00,23.820435665376635
04/07/2031 11:00,20.519129019621968
04/07/2031 12:00,33.7484010137457
04/07/2031 13:00,34.494454602728645
04/07/2031 14:00,25.954468318358053
04/07/2031 15:00,9.993342339839765
04/07/2031 16:00,0.0
04/07/2031 17:00,0.0
04/07/2031 18:00,45.47356788461091
04/07/2031 19:00,100.9995238567374
04/07/2031 20:00,15.116959844460009
04/07/2031 21:00,127.65236584239692
04/07/2031 22:00,17.50609481887264
04/07/2031 23:00,91.4830129162572
05/07/2031 00:00,105.09393748752261
05/07/2031 01:00,124.94696554867798
05/07/2031 02:00,95.07268120713411
05/07/2031 03:00,124.76462327013127
05/07/2031 04:00,62.883219006863484
05/07/2031 05:00,123.53151703656191
05/07/2031 06:00,21.722149311140196
05/07/2031 07:00,123.40328345406566
05/07/2031 08:00,47.34145173784007
05/07/2031 09:00,43.473849928677154
05/07/2031 10:00,99.32456862300863
05/07/2031 11:00,0.0
05/07/2031 12:00,33.52161038758026
05/07/2031 13:00,0.0
05/07/2031 14:00,31.16766313424892
05/07/2031 15:00,0.0
05/07/2031 16:00,77.84143138955149
05/07/2031 17:00,7.325236922727651
05/07/2031 18:00,57.88319052322672
05/07/2031 19:00,104.59530791499787
05/07/2031 20:00,57.45167428447557
05/07/2031 21:00,56.57545026658478
05/07/2031 22:00,98.01044724674128
05/07/2031 23:00,11.091747677472016
06/07/2031 00:00,123.68045078849809
06/07/2031 01:00,123.6584986292134
06/07/2031 02:00,123.90760707845206
06/07/2031 03:00,124.8299040664815
06/07/2031 04:00,17.486435384775543
06/07/2031 05:00,142.53980516248248
06/07/2031 06:00,118.89610968400436
06/07/2031 07:00,141.07883499621306
06/07/2031 08:00,74.49471747662137
06/07/2031 09:00,33.44970303507972
06/07/2031 10:00,0.0
06/07/2031 11:00,60.90859875295294
06/07/2031 12:00,38.97850989334736
06/07/2031 13:00,28.737219083208668
06/07/2031 14:00,35.58235895109194
06/07/2031 15:00,0.0
06/07/2031 16:00,0.0
06/07/2031 17:00,13.182254769325965
06/07/2031 18:00,41.22762568367642
06/07/2031 19:00,36.891118178220566
06/07/2031 20:00,0.0
06/07/2031 21:00,13.625601660200362
06/07/2031 22:00,38.30276978953147
06/07/2031 23:00,102.02974119143613
07/07/2031 00:00,127.61867249159148
07/07/2031 01:00,132.16108116161618
07/07/2031 02:00,118.89281902967777
07/07/2031 03:00,117.1109708763399
07/07/2031 04:00,124.03637431589347
07/07/2031 05:00,138.6690300489718
07/07/2031 06:00,99.5201230324487
07/07/2031 07:00,131.07577362684697
07/07/2031 08:00,92.32203835425433
07/07/2031 09:00,27.51690185966849
07/07/2031 10:00,0.0
07/07/2031 11:00,45.91656077248595
07/07/2031 12:00,27.536208515759103
07/07/2031 13:00,0.0
07/07/2031 14:00,18.530448114817265
07/07/2031 15:00,13.866945702512263
07/07/2031 16:00,0.0
07/07/2031 17:00,0.0
07/07/2031 18:00,0.0
07/07/2031 19:00,0.0
07/07/2031 20:00,1.444096309971006
07/07/2031 21:00,106.61084681222403
07/07/2031 22:00,112.09964643719202
07/07/2031 23:00,17.6510662440802
08/07/2031 00:00,0.0
08/07/2031 01:00,97.40695304175594
08/07/2031 02:00,106.34181577905396
08/07/2031 03:00,95.46524950198524
08/07/2031 04:00,90.41874833259618
08/07/2031 05:00,89.19204758959893
08/07/2031 06:00,88.65748064563948
08/07/2031 07:00,82.2491609961962
08/07/2031 08:00,45.935095635843616
08/07/2031 09:00,0.0
08/07/2031 10:00,0.0
08/07/2031 11:00,0.0
08/07/2031 12:00,0.0
08/07/2031 13:00,0.0
08/07/2031 14:00,0.0
08/07/2031 15:00,0.0
08/07/2031 16:00,0.0
08/07/2031 17:00,0.0
08/07/2031 18:00,0.0
08/07/2031 19:00,0.0
08/07/2031 20:00,0.0
08/07/2031 21:00,0.0
08/07/2031 22:00,9.04693210815599
08/07/2031 23:00,0.0
09/07/2031 00:00,55.26499582442378
09/07/2031 01:00,0.0
09/07/2031 02:00,47.10664590767148
09/07/2031 03:00,25.161849271545794
09/07/2031 04:00,37.526146898469456
09/07/2031 05:00,41.473664355769515
09/07/2031 06:00,17.875286612888026
09/07/2031 07:00,32.38944582034413
09/07/2031 08:00,1.126388340725626
09/07/2031 09:00,0.0
09/07/2031 10:00,0.0
09/07/2031 11:00,0.0
09/07/2031 12:00,0.0
09/07/2031 13:00,0.0
09/07/2031 14:00,0.0
09/07/2031 15:00,0.0
09/07/2031 16:00,0.0
09/07/2031 17:00,0.0
09/07/2031 18:00,0.0
09/07/2031 19:00,8.466862703759952
09/07/2031 20:00,7.543901604946071
09/07/2031 21:00,6.221653953297587
09/07/2031 22:00,7.97589439286353
09/07/2031 23:00,0.0
10/07/2031 00:00,0.0
10/07/2031 01:00,2.998802078332947
10/07/2031 02:00,20.93288414235461
10/07/2031 03:00,40.35706182951986
10/07/2031 04:00,0.0
10/07/2031 05:00,85.69690489483196
10/07/2031 06:00,0.0
10/07/2031 07:00,115.8054889733572
10/07/2031 08:00,0.0
10/07/2031 09:00,122.7166568747209
10/07/2031 10:00,4.768004952396321
10/07/2031 11:00,0.0
10/07/2031 12:00,1.36544865188932
10/07/2031 13:00,0.0
10/07/2031 14:00,0.0
10/07/2031 15:00,0.0
10/07/2031 16:00,0.0
10/07/2031 17:00,0.0
10/07/2031 18:00,0.0
10/07/2031 19:00,0.0
10/07/2031 20:00,0.0
10/07/2031 21:00,0.0
10/07/2031 22:00,9.108920978794846
10/07/2031 23:00,26.743947989511984
11/07/2031 00:00,0.0
11/07/2031 01:00,0.0
11/07/2031 02:00,0.0
11/07/2031 03:00,0.0
11/07/2031 04:00,0.0
11/07/2031 05:00,0.0
11/07/2031 06:00,0.0
11/07/2031 07:00,7.091979838412203
11/07/2031 08:00,0.0
11/07/2031 09:00,8.866763155148979
11/07/2031 10:00,0.0
11/07/2031 11:00,0.0
11/07/2031 12:00,0.0
11/07/2031 13:00,0.0
11/07/2031 14:00,0.0
11/07/2031 15:00,0.0
11/07/2031 16:00,0.0
11/07/2031 17:00,0.0
11/07/2031 18:00,0.0
11/07/2031 19:00,0.0
11/07/2031 20:00,0.0
11/07/2031 21:00,0.0
11/07/2031 22:00,0.0
11/07/2031 23:00,0.0
12/07/2031 00:00,0.0
12/07/2031 01:00,0.0
12/07/2031 02:00,0.0
12/07/2031 03:00,0.0
12/07/2031 04:00,0.0
12/07/2031 05:00,0.0
12/07/2031 06:00,0.0
12/07/2031 07:00,0.0
12/07/2031 08:00,0.0
12/07/2031 09:00,0.0
12/07/2031 10:00,0.0
12/07/2031 11:00,0.0
12/07/2031 12:00,0.0
12/07/2031 13:00,0.0
12/07/2031 14:00,0.0
12/07/2031 15:00,0.0
12/07/2031 16:00,0.0
12/07/2031 17:00,0.0
12/07/2031 18:00,0.0
12/07/2031 19:00,0.0
12/07/2031 20:00,0.0
12/07/2031 21:00,0.0
12/07/2031 22:00,0.0
12/07/2031 23:00,0.0
13/07/2031 00:00,0.0
13/07/2031 01:00,0.0
13/07/2031 02:00,0.0
13/07/2031 03:00,0.0
13/07/2031 04:00,0.0
13/07/2031 05:00,0.0
13/07/2031 06:00,10.619079284331077
13/07/2031 07:00,0.0
13/07/2031 08:00,0.0
13/07/2031 09:00,2.853717217702544
13/07/2031 10:00,29.855239437362957
13/07/2031 11:00,0.0
13/07/2031 12:00,0.0
13/07/2031 13:00,0.0
13/07/2031 14:00,0.0
13/07/2031 15:00,0.0
13/07/2031 16:00,0.0
13/07/2031 17:00,0.0
13/07/2031 18:00,0.0
13/07/2031 19:00,0.0
13/07/2031 20:00,7.387848990156846
13/07/2031 21:00,29.60513705821839
13/07/2031 22:00,50.53884205220208
13/07/2031 23:00,60.989397944205216
14/07/2031 00:00,64.19493079187697
14/07/2031 01:00,0.0
14/07/2031 02:00,69.38493529563397
14/07/2031 03:00,72.84466169319074
14/07/2031 04:00,0.0
14/07/2031 05:00,86.46734713430055
14/07/2031 06:00,0.0
14/07/2031 07:00,112.71308455045674
14/07/2031 08:00,63.00060499709836
14/07/2031 09:00,75.01368498391207
14/07/2031 10:00,17.65084515595819
14/07/2031 11:00,1.3585080724478882
14/07/2031 12:00,82.25133610083944
14/07/2031 13:00,0.0
14/07/2031 14:00,62.29274525318537
14/07/2031 15:00,7.575643463133169
14/07/2031 16:00,48.19548452740425
14/07/2031 17:00,0.0
14/07/2031 18:00,0.0
14/07/2031 19:00,0.0
14/07/2031 20:00,0.0
14/07/2031 21:00,0.0
14/07/2031 22:00,0.0
14/07/2031 23:00,41.54375867302841
15/07/2031 00:00,51.57195021398026
15/07/2031 01:00,0.0
15/07/2031 02:00,10.244082091667172
15/07/2031 03:00,26.38106673394237
15/07/2031 04:00,37.39044233034672
15/07/2031 05:00,30.054605550582675
15/07/2031 06:00,51.81489006565978
15/07/2031 07:00,64.62125545699476
15/07/2031 08:00,36.90184084355841
15/07/2031 09:00,0.0
15/07/2031 10:00,0.0
15/07/2031 11:00,0.0
15/07/2031 12:00,0.0
15/07/2031 13:00,0.0
15/07/2031 14:00,0.0
15/07/2031 15:00,0.0
15/07/2031 16:00,0.0
15/07/2031 17:00,0.0
15/07/2031 18:00,0.0
15/07/2031 19:00,0.0
15/07/2031 20:00,0.0
15/07/2031 21:00,0.0
15/07/2031 22:00,0.0
15/07/2031 23:00,10.896839121174708
16/07/2031 00:00,45.48048571585897
16/07/2031 01:00,58.1437813095344
16/07/2031 02:00,74.07526103150755
16/07/2031 03:00,75.8422351168115
16/07/2031 04:00,71.65202689921315
16/07/2031 05:00,58.92131591122346
16/07/2031 06:00,70.21731910771179
16/07/2031 07:00,53.24892955794897
16/07/2031 08:00,17.89991672148895
16/07/2031 09:00,0.0
16/07/2031 10:00,0.0
16/07/2031 11:00,0.0
16/07/2031 12:00,0.0
16/07/2031 13:00,0.0
16/07/2031 14:00,0.0
16/07/2031 15:00,0.0
16/07/2031 16:00,0.0
16/07/2031 17:00,0.0
16/07/2031 18:00,0.0
16/07/2031 19:00,25.646132817901396
16/07/2031 20:00,0.0
16/07/2031 21:00,53.714478891754354
16/07/2031 22:00,0.0
16/07/2031 23:00,67.30904631775437
17/07/2031 00:00,78.31399525666686
17/07/2031 01:00,86.39614273463403
17/07/2031 02:00,95.7259779668397
17/07/2031 03:00,102.69909086173956
17/07/2031 04:00,112.47734348481
17/07/2031 05:00,24.353893385828762
17/07/2031 06:00,158.49500967677133
17/07/2031 07:00,45.980219808331896
17/07/2031 08:00,47.93205371512062
17/07/2031 09:00,80.91401245837928
17/07/2031 10:00,17.0955206457435
17/07/2031 11:00,0.0
17/07/2031 12:00,68.10179987731526
17/07/2031 13:00,55.046252039348936
17/07/2031 14:00,55.59569571499312
17/07/2031 15:00,64.6309535831962
17/07/2031 16:00,1.1658121627090925
17/07/2031 17:00,40.13928613276996
17/07/2031 18:00,30.875191698578092
17/07/2031 19:00,0.0
17/07/2031 20:00,49.30169288592851
17/07/2031 21:00,61.63084026299652
17/07/2031 22:00,94.92815147581472
17/07/2031 23:00,0.0
18/07/2031 00:00,81.45664654322098
18/07/2031 01:00,15.79594761848703
18/07/2031 02:00,76.18017351812416
18/07/2031 03:00,76.11750757377955
18/07/2031 04:00,80.91460520397635
18/07/2031 05:00,93.27092114344966
18/07/2031 06:00,111.68000740629736
18/07/2031 07:00,0.0
18/07/2031 08:00,80.25243702989503
18/07/2031 09:00,85.16769158944551
18/07/2031 10:00,133.9946369636465
18/07/2031 11:00,92.60466781844632
18/07/2031 12:00,0.0
18/07/2031 13:00,52.81469836695093
18/07/2031 14:00,0.0
18/07/2031 15:00,65.12028735629461
18/07/2031 16:00,0.0
18/07/2031 17:00,16.883848660074605
18/07/2031 18:00,0.0
18/07/2031 19:00,30.975975026675364
18/07/2031 20:00,0.0
18/07/2031 21:00,0.0
18/07/2031 22:00,0.0
18/07/2031 23:00,83.68457991894576
19/07/2031 00:00,84.96524072593391
19/07/2031 01:00,82.92937850533747
19/07/2031 02:00,84.33217579267999
19/07/2031 03:00,82.32660151783591
19/07/2031 04:00,81.29095380799113
19/07/2031 05:00,91.66699792235777
19/07/2031 06:00,0.0
19/07/2031 07:00,98.87276435369891
19/07/2031 08:00,68.19251775577094
19/07/2031 09:00,84.06939766206261
19/07/2031 10:00,43.35797751980546
19/07/2031 11:00,111.50953933190979
19/07/2031 12:00,0.0
19/07/2031 13:00,12.846734092670378
19/07/2031 14:00,7.842611646216712
19/07/2031 15:00,1.3020652365245553
19/07/2031 16:00,0.0
19/07/2031 17:00,0.0
19/07/2031 18:00,0.0
19/07/2031 19:00,23.479751197178235
19/07/2031 20:00,15.789246051673576
19/07/2031 21:00,0.0
19/07/2031 22:00,60.553773061841774
19/07/2031 23:00,107.63825812065049
20/07/2031 00:00,95.03368782500405
20/07/2031 01:00,83.13919043763713
20/07/2031 02:00,0.0
20/07/2031 03:00,0.0
20/07/2031 04:00,81.14002165355626
20/07/2031 05:00,95.29054188118737
20/07/2031 06:00,111.44829571021472
20/07/2031 07:00,106.30552338556046
20/07/2031 08:00,74.05075421283249
20/07/2031 09:00,78.61301583941477
20/07/2031 10:00,149.0128880920037
20/07/2031 11:00,0.6867383603579664
20/07/2031 12:00,48.46592351058237
20/07/2031 13:00,47.36750447403543
20/07/2031 14:00,54.46286419545949
20/07/2031 15:00,70.95805178370627
20/07/2031 16:00,0.0
20/07/2031 17:00,19.60647877331208
20/07/2031 18:00,0.0
20/07/2031 19:00,0.0
20/07/2031 20:00,0.0
20/07/2031 21:00,86.16999423974934
20/07/2031 22:00,107.10873988579375
20/07/2031 23:00,99.81664171506563
21/07/2031 00:00,95.25319227953099
21/07/2031 01:00,89.8096285548387
21/07/2031 02:00,0.0
21/07/2031 03:00,0.0
21/07/2031 04:00,71.39912642419688
21/07/2031 05:00,107.27020598983351
21/07/2031 06:00,120.60845378159736
21/07/2031 07:00,112.48186889061269
21/07/2031 08:00,78.95745974354482
21/07/2031 09:00,68.11554786950586
21/07/2031 10:00,18.918584564660335
21/07/2031 11:00,0.0
21/07/2031 12:00,0.0
21/07/2031 13:00,35.90562574647631
21/07/2031 14:00,19.59635958435093
21/07/2031 15:00,26.740804746709006
21/07/2031 16:00,0.0
21/07/2031 17:00,68.15963882529933
21/07/2031 18:00,0.0
21/07/2031 19:00,0.0
21/07/2031 20:00,45.69819409625325
21/07/2031 21:00,0.0
21/07/2031 22:00,20.480025147523257
21/07/2031 23:00,15.485253781833565
22/07/2031 00:00,0.0
22/07/2031 01:00,48.24702151206539
22/07/2031 02:00,78.46822861290617
22/07/2031 03:00,82.77123824872994
22/07/2031 04:00,87.03187021598586
22/07/2031 05:00,88.64008686436472
22/07/2031 06:00,95.42636895169666
22/07/2031 07:00,89.62292965757507
22/07/2031 08:00,60.16221862021446
22/07/2031 09:00,0.0
22/07/2031 10:00,0.0
22/07/2031 11:00,0.0
22/07/2031 12:00,0.0
22/07/2031 13:00,0.0
22/07/2031 14:00,0.0
22/07/2031 15:00,0.0
22/07/2031 16:00,0.0
22/07/2031 17:00,0.0
22/07/2031 18:00,0.0
22/07/2031 19:00,0.0
22/07/2031 20:00,0.0
22/07/2031 21:00,0.0
22/07/2031 22:00,0.0
22/07/2031 23:00,42.25162533251995
23/07/2031 00:00,0.0
23/07/2031 01:00,26.927394775826382
23/07/2031 02:00,30.35385919079893
23/07/2031 03:00,38.55129698826249
23/07/2031 04:00,34.324426960226326
23/07/2031 05:00,25.026456646162966
23/07/2031 06:00,41.21445737522636
23/07/2031 07:00,47.86695117648112
23/07/2031 08:00,6.859032400254648
23/07/2031 09:00,0.0
23/07/2031 10:00,0.0
23/07/2031 11:00,0.0
23/07/2031 12:00,0.0
23/07/2031 13:00,0.0
23/07/2031 14:00,0.0
23/07/2031 15:00,0.0
23/07/2031 16:00,0.0
23/07/2031 17:00,0.0
23/07/2031 18:00,0.0
23/07/2031 19:00,0.0
23/07/2031 20:00,0.0
23/07/2031 21:00,21.172337911410544
23/07/2031 22:00,52.374766820379556
23/07/2031 23:00,0.0
24/07/2031 00:00,8.170323891135297
24/07/2031 01:00,32.50314436688344
24/07/2031 02:00,45.75117349472317
24/07/2031 03:00,42.78614022340317
24/07/2031 04:00,49.067918812187585
24/07/2031 05:00,0.0
24/07/2031 06:00,118.76867342535935
24/07/2031 07:00,126.96449228407455
24/07/2031 08:00,92.81520332002329
24/07/2031 09:00,28.875912026601522
24/07/2031 10:00,0.0
24/07/2031 11:00,51.28135156788622
24/07/2031 12:00,31.957093434389343
24/07/2031 13:00,0.0
24/07/2031 14:00,15.805258612261643
24/07/2031 15:00,0.0
24/07/2031 16:00,25.41533212779797
24/07/2031 17:00,0.0
24/07/2031 18:00,28.607016457965436
24/07/2031 19:00,76.75544889187532
24/07/2031 20:00,68.12241830149232
24/07/2031 21:00,79.45875588200894
24/07/2031 22:00,14.134231382622689
24/07/2031 23:00,115.92778128829839
25/07/2031 00:00,112.4020310612453
25/07/2031 01:00,0.0
25/07/2031 02:00,108.55864326943468
25/07/2031 03:00,39.16014612183073
25/07/2031 04:00,3.6989438978522147
25/07/2031 05:00,127.87073047258963
25/07/2031 06:00,139.6521963487032
25/07/2031 07:00,132.26425011081108
25/07/2031 08:00,92.2130089177291
25/07/2031 09:00,24.768746731181594
25/07/2031 10:00,76.65804419376057
25/07/2031 11:00,0.0
25/07/2031 12:00,0.0
25/07/2031 13:00,7.042776359325488
25/07/2031 14:00,0.0
25/07/2031 15:00,0.0
25/07/2031 16:00,33.568081930552886
25/07/2031 17:00,0.0
25/07/2031 18:00,18.413227209698075
25/07/2031 19:00,0.0
25/07/2031 20:00,88.44149433077634
25/07/2031 21:00,107.94415578184108
25/07/2031 22:00,111.75972064849465
25/07/2031 23:00,114.26120655778233
26/07/2031 00:00,7.809903038680372
26/07/2031 01:00,115.91632361557367
26/07/2031 02:00,10.427646646956818
26/07/2031 03:00,116.11043184903585
26/07/2031 04:00,120.55809650109119
26/07/2031 05:00,113.57379329221858
26/07/2031 06:00,153.8819151243711
26/07/2031 07:00,147.66223930587907
26/07/2031 08:00,12.492135570830582
26/07/2031 09:00,147.90638183296494
26/07/2031 10:00,0.0
26/07/2031 11:00,0.0
26/07/2031 12:00,0.0
26/07/2031 13:00,0.0
26/07/2031 14:00,0.0
26/07/2031 15:00,0.0
26/07/2031 16:00,0.0
26/07/2031 17:00,67.21931005582688
26/07/2031 18:00,27.20742283631682
26/07/2031 19:00,86.6841094714913
26/07/2031 20:00,107.16487212971754
26/07/2031 21:00,123.8013631144011
26/07/2031 22:00,128.29413686781635
26/07/2031 23:00,125.85815689141563
27/07/2031 00:00,125.10901081935772
27/07/2031 01:00,16.461718127671556
27/07/2031 02:00,119.7778326684372
27/07/2031 03:00,6.1618321324356256
27/07/2031 04:00,19.178235868614234
27/07/2031 05:00,27.572822468669727
27/07/2031 06:00,140.2353829394357
27/07/2031 07:00,154.1936408425176
27/07/2031 08:00,116.56753081987156
27/07/2031 09:00,50.92280926559917
27/07/2031 10:00,0.0
27/07/2031 11:00,0.0
27/07/2031 12:00,0.0
27/07/2031 13:00,0.0
27/07/2031 14:00,0.0
27/07/2031 15:00,0.0
27/07/2031 16:00,0.0
27/07/2031 17:00,0.0
27/07/2031 18:00,37.98625089777884
27/07/2031 19:00,50.291115633046466
27/07/2031 20:00,79.24476271196528
27/07/2031 21:00,97.59582531713876
27/07/2031 22:00,105.35459220278665
27/07/2031 23:00,106.27227866255761
28/07/2031 00:00,0.0
28/07/2031 01:00,0.0
28/07/2031 02:00,1.8411754977440073
28/07/2031 03:00,118.67583467876996
28/07/2031 04:00,32.836482158557025
28/07/2031 05:00,143.57423900470923
28/07/2031 06:00,143.7107344598948
28/07/2031 07:00,154.95682481203042
28/07/2031 08:00,122.79822436520945
28/07/2031 09:00,70.73592022694547
28/07/2031 10:00,11.713481206292878
28/07/2031 11:00,99.59940650378707
28/07/2031 12:00,0.0
28/07/2031 13:00,87.7545563241572
28/07/2031 14:00,72.63711643037337
28/07/2031 15:00,0.0
28/07/2031 16:00,10.404754583105111
28/07/2031 17:00,133.00121649198334
28/07/2031 18:00,61.79455268846212
28/07/2031 19:00,0.0
28/07/2031 20:00,29.99375112197926
28/07/2031 21:00,47.7966619870986
28/07/2031 22:00,165.89077487766085
28/07/2031 23:00,48.763102928635675
29/07/2031 00:00,0.0
29/07/2031 01:00,95.90155129017093
29/07/2031 02:00,123.93437760392978
29/07/2031 03:00,121.91010342702758
29/07/2031 04:00,119.4517164448277
29/07/2031 05:00,121.48631842781039
29/07/2031 06:00,126.22887056749211
29/07/2031 07:00,123.41865043087749
29/07/2031 08:00,102.1621175004516
29/07/2031 09:00,55.794631225471555
29/07/2031 10:00,3.7671533814630607
29/07/2031 11:00,80.04090633787666
29/07/2031 12:00,0.0
29/07/2031 13:00,51.607970316225014
29/07/2031 14:00,25.82917981104982
29/07/2031 15:00,0.0
29/07/2031 16:00,45.89605465265341
29/07/2031 17:00,0.0
29/07/2031 18:00,27.66388534668017
29/07/2031 19:00,74.15038692389159
29/07/2031 20:00,0.0
29/07/2031 21:00,0.0
29/07/2031 22:00,60.8181996616592
29/07/2031 23:00,0.0
30/07/2031 00:00,0.0
30/07/2031 01:00,74.9735754400312
30/07/2031 02:00,67.6797621851749
30/07/2031 03:00,50.41734759573345
30/07/2031 04:00,64.27837512617363
30/07/2031 05:00,64.8349536983642
30/07/2031 06:00,58.31481314612796
30/07/2031 07:00,39.01353565509341
30/07/2031 08:00,0.0
30/07/2031 09:00,0.0
30/07/2031 10:00,0.0
30/07/2031 11:00,0.0
30/07/2031 12:00,0.0
30/07/2031 13:00,0.0
30/07/2031 14:00,0.0
30/07/2031 15:00,0.0
30/07/2031 16:00,0.0
30/07/2031 17:00,0.0
30/07/2031 18:00,0.0
30/07/2031 19:00,33.51863333513807
30/07/2031 20:00,48.28104634092994
30/07/2031 21:00,64.23897750524634
30/07/2031 22:00,80.80265163796128
30/07/2031 23:00,116.29816972930793
31/07/2031 00:00,115.66120693633387
31/07/2031 01:00,52.82001692337757
31/07/2031 02:00,119.53847259909755
31/07/2031 03:00,10.164422282953106
31/07/2031 04:00,14.987197330835942
31/07/2031 05:00,141.60903510130552
31/07/2031 06:00,49.97704848629695
31/07/2031 07:00,155.14150396975617
31/07/2031 08:00,119.45862900491144
31/07/2031 09:00,61.52301786030392
31/07/2031 10:00,14.04583684774977
31/07/2031 11:00,84.55692690126443
31/07/2031 12:00,71.30850706828565
31/07/2031 13:00,0.0
31/07/2031 14:00,79.40528273813338
31/07/2031 15:00,75.09659757954026
31/07/2031 16:00,0.0
31/07/2031 17:00,22.047626323838852
31/07/2031 18:00,45.30876675081359
31/07/2031 19:00,75.76914036272457
31/07/2031 20:00,2.5906985356616876
31/07/2031 21:00,31.3029874713116
31/07/2031 22:00,152.48804197579886
31/07/2031 23:00,150.3361488010242
01/08/2031 00:00,139.0163109816359
01/08/2031 01:00,53.92739631694255
01/08/2031 02:00,110.10973342832406
01/08/2031 03:00,97.57032527402886
01/08/2031 04:00,53.93400312155408
01/08/2031 05:00,109.20641327764606
01/08/2031 06:00,130.91757174848271
01/08/2031 07:00,135.528746382743
01/08/2031 08:00,1.6945092207917
01/08/2031 09:00,67.715947831305
01/08/2031 10:00,6.856420988480909
01/08/2031 11:00,0.0
01/08/2031 12:00,57.894685137448626
01/08/2031 13:00,39.763560241745374
01/08/2031 14:00,28.66404177880169
01/08/2031 15:00,20.664958268004554
01/08/2031 16:00,0.0
01/08/2031 17:00,0.0
01/08/2031 18:00,0.0
01/08/2031 19:00,115.28025169688416
01/08/2031 20:00,39.05373837644946
01/08/2031 21:00,48.052128199211595
01/08/2031 22:00,50.66034412816629
01/08/2031 23:00,112.78396509745768
02/08/2031 00:00,137.2015810641288
02/08/2031 01:00,129.84577192282742
02/08/2031 02:00,126.91626545420203
02/08/2031 03:00,121.46131074254104
02/08/2031 04:00,119.01557498511468
02/08/2031 05:00,134.78323780870696
02/08/2031 06:00,154.54181204639505
02/08/2031 07:00,150.12674969106408
02/08/2031 08:00,119.53241319298046
02/08/2031 09:00,129.27560115767525
02/08/2031 10:00,144.92251905435697
02/08/2031 11:00,13.5770035523875
02/08/2031 12:00,0.0
02/08/2031 13:00,90.29586276349254
02/08/2031 14:00,46.89709697846063
02/08/2031 15:00,0.0
02/08/2031 16:00,93.82505491521184
02/08/2031 17:00,0.0
02/08/2031 18:00,0.0
02/08/2031 19:00,0.0
02/08/2031 20:00,26.628783904607555
02/08/2031 21:00,41.16185789906082
02/08/2031 22:00,0.0
02/08/2031 23:00,51.615786045116444
03/08/2031 00:00,55.254480840898374
03/08/2031 01:00,64.19789456830215
03/08/2031 02:00,0.0
03/08/2031 03:00,49.12143197261762
03/08/2031 04:00,51.19205733402532
03/08/2031 05:00,75.96609491931873
03/08/2031 06:00,100.28010879413968
03/08/2031 07:00,104.49182821375544
03/08/2031 08:00,80.89878759144965
03/08/2031 09:00,14.170677295264001
03/08/2031 10:00,68.96950760410672
03/08/2031 11:00,0.0
03/08/2031 12:00,0.0
03/08/2031 13:00,4.604907499805215
03/08/2031 14:00,0.0
03/08/2031 15:00,0.0
03/08/2031 16:00,0.0
03/08/2031 17:00,31.872141608372775
03/08/2031 18:00,0.0
03/08/2031 19:00,0.0
03/08/2031 20:00,6.8968632625007436
03/08/2031 21:00,4.550762113141203
03/08/2031 22:00,0.0
03/08/2031 23:00,0.0
04/08/2031 00:00,0.0
04/08/2031 01:00,0.0
04/08/2031 02:00,0.0
04/08/2031 03:00,0.0
04/08/2031 04:00,13.122702409893606
04/08/2031 05:00,35.24327963148156
04/08/2031 06:00,0.0
04/08/2031 07:00,68.03932079582329
04/08/2031 08:00,58.45602566104258
04/08/2031 09:00,0.0
04/08/2031 10:00,0.0
04/08/2031 11:00,0.0
04/08/2031 12:00,0.0
04/08/2031 13:00,0.0
04/08/2031 14:00,0.0
04/08/2031 15:00,0.0
04/08/2031 16:00,0.0
04/08/2031 17:00,0.0
04/08/2031 18:00,0.0
04/08/2031 19:00,0.0
04/08/2031 20:00,0.0
04/08/2031 21:00,0.0
04/08/2031 22:00,0.0
04/08/2031 23:00,0.0
05/08/2031 00:00,0.0
05/08/2031 01:00,0.0
05/08/2031 02:00,0.0
05/08/2031 03:00,0.0
05/08/2031 04:00,0.0
05/08/2031 05:00,6.937880769803102
05/08/2031 06:00,21.720445206758594
05/08/2031 07:00,32.19968692467349
05/08/2031 08:00,8.514689136845043
05/08/2031 09:00,0.0
05/08/2031 10:00,0.0
05/08/2031 11:00,0.0
05/08/2031 12:00,0.0
05/08/2031 13:00,0.0
05/08/2031 14:00,0.0
05/08/2031 15:00,0.0
05/08/2031 16:00,0.0
05/08/2031 17:00,0.0
05/08/2031 18:00,0.0
05/08/2031 19:00,0.0
05/08/2031 20:00,0.0
05/08/2031 21:00,0.0
05/08/2031 22:00,0.0
05/08/2031 23:00,0.0
06/08/2031 00:00,0.0
06/08/2031 01:00,0.0
06/08/2031 02:00,0.0
06/08/2031 03:00,0.0
06/08/2031 04:00,0.0
06/08/2031 05:00,0.0
06/08/2031 06:00,0.0
06/08/2031 07:00,0.0
06/08/2031 08:00,0.0
06/08/2031 09:00,0.0
06/08/2031 10:00,0.0
06/08/2031 11:00,0.0
06/08/2031 12:00,0.0
06/08/2031 13:00,0.0
06/08/2031 14:00,0.0
06/08/2031 15:00,0.0
06/08/2031 16:00,0.0
06/08/2031 17:00,0.0
06/08/2031 18:00,0.0
06/08/2031 19:00,0.0
06/08/2031 20:00,0.0
06/08/2031 21:00,0.0
06/08/2031 22:00,0.0
06/08/2031 23:00,0.0
07/08/2031 00:00,0.0
07/08/2031 01:00,0.0
07/08/2031 02:00,0.0
07/08/2031 03:00,0.0
07/08/2031 04:00,0.0
07/08/2031 05:00,0.0
07/08/2031 06:00,0.0
07/08/2031 07:00,0.0
07/08/2031 08:00,0.0
07/08/2031 09:00,0.0
07/08/2031 10:00,0.0
07/08/2031 11:00,0.0
07/08/2031 12:00,0.0
07/08/2031 13:00,0.0
07/08/2031 14:00,0.0
07/08/2031 15:00,0.0
07/08/2031 16:00,0.0
07/08/2031 17:00,0.0
07/08/2031 18:00,0.0
07/08/2031 19:00,0.0
07/08/2031 20:00,0.0
07/08/2031 21:00,0.0
07/08/2031 22:00,0.0
07/08/2031 23:00,0.0
08/08/2031 00:00,0.0
08/08/2031 01:00,0.0
08/08/2031 02:00,0.0
08/08/2031 03:00,0.0
08/08/2031 04:00,0.0
08/08/2031 05:00,0.0
08/08/2031 06:00,0.0
08/08/2031 07:00,0.0
08/08/2031 08:00,0.0
08/08/2031 09:00,0.0
08/08/2031 10:00,0.0
08/08/2031 11:00,0.0
08/08/2031 12:00,0.0
08/08/2031 13:00,0.0
08/08/2031 14:00,0.0
08/08/2031 15:00,0.0
08/08/2031 16:00,0.0
08/08/2031 17:00,0.0
08/08/2031 18:00,0.0
08/08/2031 19:00,0.0
08/08/2031 20:00,0.0
08/08/2031 21:00,0.0
08/08/2031 22:00,0.0
08/08/2031 23:00,0.0
09/08/2031 00:00,0.0
09/08/2031 01:00,0.0
09/08/2031 02:00,0.0
09/08/2031 03:00,0.0
09/08/2031 04:00,0.0
09/08/2031 05:00,0.0
09/08/2031 06:00,0.0
09/08/2031 07:00,0.0
09/08/2031 08:00,0.0
09/08/2031 09:00,0.0
09/08/2031 10:00,0.0
09/08/2031 11:00,0.0
09/08/2031 12:00,0.0
09/08/2031 13:00,0.0
09/08/2031 14:00,0.0
09/08/2031 15:00,0.0
09/08/2031 16:00,0.0
09/08/2031 17:00,0.0
09/08/2031 18:00,27.809839036851873
09/08/2031 19:00,83.01894853453108
09/08/2031 20:00,81.2780278686405
09/08/2031 21:00,50.76068896845855
09/08/2031 22:00,0.0
09/08/2031 23:00,26.780346070619398
10/08/2031 00:00,0.0
10/08/2031 01:00,0.0
10/08/2031 02:00,0.0
10/08/2031 03:00,0.0
10/08/2031 04:00,0.0
10/08/2031 05:00,0.0
10/08/2031 06:00,0.0
10/08/2031 07:00,0.5719384673733894
10/08/2031 08:00,0.0
10/08/2031 09:00,0.0
10/08/2031 10:00,24.159239381398287
10/08/2031 11:00,11.371531429658587
10/08/2031 12:00,0.0
10/08/2031 13:00,13.293279588553462
10/08/2031 14:00,22.848028939878965
10/08/2031 15:00,0.0
10/08/2031 16:00,0.0
10/08/2031 17:00,37.286469530762034
10/08/2031 18:00,105.51400050502048
10/08/2031 19:00,43.859636187154464
10/08/2031 20:00,46.08930998182677
10/08/2031 21:00,68.53670204981663
10/08/2031 22:00,119.82866740229888
10/08/2031 23:00,115.63778778009227
11/08/2031 00:00,102.06711148905713
11/08/2031 01:00,88.29371183152561
11/08/2031 02:00,75.8173445897131
11/08/2031 03:00,69.98028381155598
11/08/2031 04:00,69.08001886118767
11/08/2031 05:00,75.55424479932834
11/08/2031 06:00,88.57214301822862
11/08/2031 07:00,80.6158951791258
11/08/2031 08:00,0.0
11/08/2031 09:00,0.0
11/08/2031 10:00,65.70537442052265
11/08/2031 11:00,0.0
11/08/2031 12:00,3.021444126838655
11/08/2031 13:00,0.0
11/08/2031 14:00,0.0
11/08/2031 15:00,21.016395723947234
11/08/2031 16:00,0.0
11/08/2031 17:00,0.0
11/08/2031 18:00,71.07687169324964
11/08/2031 19:00,33.50401166330811
11/08/2031 20:00,39.00253553177264
11/08/2031 21:00,43.273950222741455
11/08/2031 22:00,92.09770475632007
11/08/2031 23:00,132.1340784609977
12/08/2031 00:00,0.0
12/08/2031 01:00,56.557824118594304
12/08/2031 02:00,88.09814485067379
12/08/2031 03:00,99.40653542205993
12/08/2031 04:00,93.75985761915575
12/08/2031 05:00,90.22845943250465
12/08/2031 06:00,86.02801836365542
12/08/2031 07:00,85.45595992811543
12/08/2031 08:00,98.12023129731
12/08/2031 09:00,0.0
12/08/2031 10:00,0.0
12/08/2031 11:00,0.0
12/08/2031 12:00,0.0
12/08/2031 13:00,0.0
12/08/2031 14:00,0.0
12/08/2031 15:00,0.0
12/08/2031 16:00,0.0
12/08/2031 17:00,0.0
12/08/2031 18:00,43.93616854462455
12/08/2031 19:00,104.47050328957344
12/08/2031 20:00,18.700368031115413
12/08/2031 21:00,31.746839293329717
12/08/2031 22:00,144.64939235218617
12/08/2031 23:00,64.16363772948293
13/08/2031 00:00,126.22274677038688
13/08/2031 01:00,123.6390278996888
13/08/2031 02:00,119.50983822193271
13/08/2031 03:00,49.01116879114897
13/08/2031 04:00,119.69427055274573
13/08/2031 05:00,41.3121421418749
13/08/2031 06:00,120.59595543685376
13/08/2031 07:00,106.37934818298619
13/08/2031 08:00,68.22302580877567
13/08/2031 09:00,20.147373343633017
13/08/2031 10:00,0.0
13/08/2031 11:00,0.0
13/08/2031 12:00,0.0
13/08/2031 13:00,0.0
13/08/2031 14:00,0.0
13/08/2031 15:00,0.0
13/08/2031 16:00,0.0
13/08/2031 17:00,0.0
13/08/2031 18:00,0.0
13/08/2031 19:00,23.469013746301453
13/08/2031 20:00,0.0
13/08/2031 21:00,0.0
13/08/2031 22:00,0.0
13/08/2031 23:00,0.0
14/08/2031 00:00,30.35220477309368
14/08/2031 01:00,13.899667333980453
14/08/2031 02:00,7.014307621204968
14/08/2031 03:00,13.060808089960712
14/08/2031 04:00,14.304850464175304
14/08/2031 05:00,29.10057654868729
14/08/2031 06:00,44.25013086720579
14/08/2031 07:00,42.42953243186885
14/08/2031 08:00,20.178553448456633
14/08/2031 09:00,0.0
14/08/2031 10:00,0.0
14/08/2031 11:00,0.0
14/08/2031 12:00,0.0
14/08/2031 13:00,0.0
14/08/2031 14:00,0.0
14/08/2031 15:00,0.0
14/08/2031 16:00,0.0
14/08/2031 17:00,0.0
14/08/2031 18:00,0.0
14/08/2031 19:00,0.0
14/08/2031 20:00,0.0
14/08/2031 21:00,0.0
14/08/2031 22:00,1.4677147122663043
14/08/2031 23:00,0.0
15/08/2031 00:00,7.442630556574893
15/08/2031 01:00,3.800266790709763
15/08/2031 02:00,0.020510091096053354
15/08/2031 03:00,0.0
15/08/2031 04:00,0.0
15/08/2031 05:00,0.0
15/08/2031 06:00,6.951944053083706
15/08/2031 07:00,2.2451292279943007
15/08/2031 08:00,0.0
15/08/2031 09:00,0.0
15/08/2031 10:00,0.0
15/08/2031 11:00,0.0
15/08/2031 12:00,0.0
15/08/2031 13:00,0.0
15/08/2031 14:00,0.0
15/08/2031 15:00,0.0
15/08/2031 16:00,0.0
15/08/2031 17:00,0.0
15/08/2031 18:00,0.0
15/08/2031 19:00,0.0
15/08/2031 20:00,0.0
15/08/2031 21:00,0.0
15/08/2031 22:00,0.0
15/08/2031 23:00,31.014974758847682
16/08/2031 00:00,25.95665237153035
16/08/2031 01:00,24.57529694213475
16/08/2031 02:00,20.5754595012299
16/08/2031 03:00,25.246978480948304
16/08/2031 04:00,30.511796979337525
16/08/2031 05:00,33.187879560609574
16/08/2031 06:00,0.0
16/08/2031 07:00,0.0
16/08/2031 08:00,22.637545727210526
16/08/2031 09:00,0.0
16/08/2031 10:00,40.1158593356134
16/08/2031 11:00,0.0
16/08/2031 12:00,0.0
16/08/2031 13:00,0.0
16/08/2031 14:00,0.0
16/08/2031 15:00,0.0
16/08/2031 16:00,0.0
16/08/2031 17:00,0.0
16/08/2031 18:00,0.0
16/08/2031 19:00,0.0
16/08/2031 20:00,0.0
16/08/2031 21:00,0.0
16/08/2031 22:00,0.0
16/08/2031 23:00,0.0
17/08/2031 00:00,25.386276172668268
17/08/2031 01:00,31.63388054555482
17/08/2031 02:00,33.07701664962812
17/08/2031 03:00,35.385064383544325
17/08/2031 04:00,38.28160267405436
17/08/2031 05:00,0.0
17/08/2031 06:00,0.0
17/08/2031 07:00,0.0
17/08/2031 08:00,53.238681036125286
17/08/2031 09:00,0.0
17/08/2031 10:00,26.690250233231225
17/08/2031 11:00,0.0
17/08/2031 12:00,0.0
17/08/2031 13:00,0.0
17/08/2031 14:00,0.0
17/08/2031 15:00,0.0
17/08/2031 16:00,0.0
17/08/2031 17:00,0.0
17/08/2031 18:00,9.402007724951805
17/08/2031 19:00,0.0
17/08/2031 20:00,9.692371295990693
17/08/2031 21:00,43.76936166509233
17/08/2031 22:00,65.42380903863676
17/08/2031 23:00,64.83971379853398
18/08/2031 00:00,67.73705669236367
18/08/2031 01:00,72.023070987352
18/08/2031 02:00,0.0
18/08/2031 03:00,25.06924910513255
18/08/2031 04:00,91.94144522483259
18/08/2031 05:00,104.14139139339608
18/08/2031 06:00,119.26518847648003
18/08/2031 07:00,117.43571971166541
18/08/2031 08:00,0.0
18/08/2031 09:00,24.645676214735364
18/08/2031 10:00,73.92817022598659
18/08/2031 11:00,0.0
18/08/2031 12:00,0.0
18/08/2031 13:00,0.0
18/08/2031 14:00,0.0
18/08/2031 15:00,0.0
18/08/2031 16:00,0.0
18/08/2031 17:00,0.0
18/08/2031 18:00,0.0
18/08/2031 19:00,0.0
18/08/2031 20:00,0.0
18/08/2031 21:00,74.10037250611366
18/08/2031 22:00,80.67411758167647
18/08/2031 23:00,0.0
19/08/2031 00:00,0.0
19/08/2031 01:00,79.46291372727221
19/08/2031 02:00,76.83416563339956
19/08/2031 03:00,74.9196149529481
19/08/2031 04:00,76.4677659921778
19/08/2031 05:00,78.34465808807016
19/08/2031 06:00,82.1304453103091
19/08/2031 07:00,78.23131639237492
19/08/2031 08:00,54.35732392587523
19/08/2031 09:00,0.0
19/08/2031 10:00,0.0
19/08/2031 11:00,0.0
19/08/2031 12:00,0.0
19/08/2031 13:00,0.0
19/08/2031 14:00,0.0
19/08/2031 15:00,0.0
19/08/2031 16:00,0.0
19/08/2031 17:00,0.0
19/08/2031 18:00,11.887400342574196
19/08/2031 19:00,0.0
19/08/2031 20:00,0.0
19/08/2031 21:00,0.0
19/08/2031 22:00,0.0
19/08/2031 23:00,31.052179511060206
20/08/2031 00:00,49.61817707752963
20/08/2031 01:00,37.869033442049805
20/08/2031 02:00,19.19947186341296
20/08/2031 03:00,7.35394416919721
20/08/2031 04:00,6.3473241676822365
20/08/2031 05:00,12.423817492428865
20/08/2031 06:00,17.273610074178233
20/08/2031 07:00,9.138696974092928
20/08/2031 08:00,0.0
20/08/2031 09:00,0.0
20/08/2031 10:00,0.0
20/08/2031 11:00,0.0
20/08/2031 12:00,0.0
20/08/2031 13:00,0.0
20/08/2031 14:00,0.0
20/08/2031 15:00,0.0
20/08/2031 16:00,0.0
20/08/2031 17:00,0.0
20/08/2031 18:00,0.0
20/08/2031 19:00,0.0
20/08/2031 20:00,0.0
20/08/2031 21:00,0.0
20/08/2031 22:00,0.0
20/08/2031 23:00,0.0
21/08/2031 00:00,0.0
21/08/2031 01:00,0.0
21/08/2031 02:00,0.0
21/08/2031 03:00,0.0
21/08/2031 04:00,0.0
21/08/2031 05:00,0.0
21/08/2031 06:00,0.0
21/08/2031 07:00,0.0
21/08/2031 08:00,38.182861502745666
21/08/2031 09:00,0.0
21/08/2031 10:00,37.24858383949547
21/08/2031 11:00,24.91143556020646
21/08/2031 12:00,17.06013944199763
21/08/2031 13:00,0.0
21/08/2031 14:00,18.764365101556574
21/08/2031 15:00,0.0
21/08/2031 16:00,0.0
21/08/2031 17:00,8.74645242088209
21/08/2031 18:00,75.56162166043855
21/08/2031 19:00,63.71775470549357
21/08/2031 20:00,26.120300435241088
21/08/2031 21:00,26.50806211666036
21/08/2031 22:00,139.80143199661867
21/08/2031 23:00,130.41705139515093
22/08/2031 00:00,127.72341733718852
22/08/2031 01:00,126.58647995058774
22/08/2031 02:00,126.93063234257204
22/08/2031 03:00,58.36940778774044
22/08/2031 04:00,128.86423973856031
22/08/2031 05:00,143.7739866027872
22/08/2031 06:00,162.03404961311452
22/08/2031 07:00,161.25435541379812
22/08/2031 08:00,34.216260066632685
22/08/2031 09:00,64.86364443071595
22/08/2031 10:00,112.21444399488267
22/08/2031 11:00,0.0
22/08/2031 12:00,0.0
22/08/2031 13:00,0.0
22/08/2031 14:00,36.80465552488733
22/08/2031 15:00,56.61595484247848
22/08/2031 16:00,40.292244498656515
22/08/2031 17:00,44.51980082185313
22/08/2031 18:00,109.37377901163168
22/08/2031 19:00,41.715332102790725
22/08/2031 20:00,11.986124870953699
22/08/2031 21:00,58.235827037448665
22/08/2031 22:00,128.48030281646723
22/08/2031 23:00,129.232827519261
23/08/2031 00:00,121.70919540721147
23/08/2031 01:00,113.84490328487821
23/08/2031 02:00,108.3709717360569
23/08/2031 03:00,106.2070175162229
23/08/2031 04:00,108.16860759412113
23/08/2031 05:00,83.40623605056376
23/08/2031 06:00,135.95446448763556
23/08/2031 07:00,21.23179941667877
23/08/2031 08:00,96.51854011235704
23/08/2031 09:00,81.42469778063275
23/08/2031 10:00,31.452346688847783
23/08/2031 11:00,102.11672206188297
23/08/2031 12:00,84.17634001508164
23/08/2031 13:00,92.21293118316835
23/08/2031 14:00,0.0
23/08/2031 15:00,79.18810044742602
23/08/2031 16:00,0.0
23/08/2031 17:00,37.21671908934566
23/08/2031 18:00,97.60455869537815
23/08/2031 19:00,37.9229430946277
23/08/2031 20:00,13.076907653955649
23/08/2031 21:00,64.0400942436181
23/08/2031 22:00,62.64101511612747
23/08/2031 23:00,6.365498978053544
24/08/2031 00:00,109.2240840747501
24/08/2031 01:00,100.84364324281681
24/08/2031 02:00,94.0846604447682
24/08/2031 03:00,88.38164231009726
24/08/2031 04:00,88.76709866666464
24/08/2031 05:00,98.49563166030782
24/08/2031 06:00,110.97162393398234
24/08/2031 07:00,106.28295625265486
24/08/2031 08:00,110.6163558629832
24/08/2031 09:00,56.24594067246823
24/08/2031 10:00,110.5001457537055
24/08/2031 11:00,75.4669517191641
24/08/2031 12:00,75.86628044484785
24/08/2031 13:00,78.4090145611425
24/08/2031 14:00,0.0
24/08/2031 15:00,14.126010165838759
24/08/2031 16:00,30.790932849364626
24/08/2031 17:00,77.81268646248833
24/08/2031 18:00,87.78309808777928
24/08/2031 19:00,5.108779919334806
24/08/2031 20:00,0.0
24/08/2031 21:00,29.65195731037868
24/08/2031 22:00,101.57542655373132
24/08/2031 23:00,94.24489896772607
25/08/2031 00:00,88.41642252217403
25/08/2031 01:00,86.08612753902042
25/08/2031 02:00,84.2519594020778
25/08/2031 03:00,83.74883688538934
25/08/2031 04:00,86.22092011859148
25/08/2031 05:00,99.6308954570256
25/08/2031 06:00,116.73927980351918
25/08/2031 07:00,17.240431869239377
25/08/2031 08:00,84.21782266651071
25/08/2031 09:00,77.71474871238848
25/08/2031 10:00,80.22031347462826
25/08/2031 11:00,0.0
25/08/2031 12:00,18.048912537966746
25/08/2031 13:00,62.993251130556104
25/08/2031 14:00,62.94719197564195
25/08/2031 15:00,88.36206120336531
25/08/2031 16:00,12.488273884188056
25/08/2031 17:00,57.66746781613416
25/08/2031 18:00,110.24916701609327
25/08/2031 19:00,48.07160236365306
25/08/2031 20:00,18.96126696896341
25/08/2031 21:00,14.977806011423619
25/08/2031 22:00,97.461615049624
25/08/2031 23:00,0.0
26/08/2031 00:00,0.0
26/08/2031 01:00,0.0
26/08/2031 02:00,23.994273619710548
26/08/2031 03:00,42.60509726810482
26/08/2031 04:00,61.818190837814306
26/08/2031 05:00,68.72005604719901
26/08/2031 06:00,57.76724419240056
26/08/2031 07:00,81.40962298482245
26/08/2031 08:00,36.67918068797393
26/08/2031 09:00,0.0
26/08/2031 10:00,0.0
26/08/2031 11:00,0.0
26/08/2031 12:00,0.0
26/08/2031 13:00,0.0
26/08/2031 14:00,0.0
26/08/2031 15:00,0.0
26/08/2031 16:00,0.0
26/08/2031 17:00,0.0
26/08/2031 18:00,0.0
26/08/2031 19:00,0.0
26/08/2031 20:00,0.0
26/08/2031 21:00,0.0
26/08/2031 22:00,0.0
26/08/2031 23:00,0.0
27/08/2031 00:00,0.0
27/08/2031 01:00,0.0
27/08/2031 02:00,0.0
27/08/2031 03:00,0.0
27/08/2031 04:00,0.0
27/08/2031 05:00,0.0
27/08/2031 06:00,0.0
27/08/2031 07:00,0.0
27/08/2031 08:00,0.0
27/08/2031 09:00,0.0
27/08/2031 10:00,0.0
27/08/2031 11:00,0.0
27/08/2031 12:00,0.0
27/08/2031 13:00,0.0
27/08/2031 14:00,0.0
27/08/2031 15:00,0.0
27/08/2031 16:00,0.0
27/08/2031 17:00,0.0
27/08/2031 18:00,0.0
27/08/2031 19:00,0.0
27/08/2031 20:00,0.0
27/08/2031 21:00,0.0
27/08/2031 22:00,0.0
27/08/2031 23:00,0.0
28/08/2031 00:00,0.0
28/08/2031 01:00,0.0
28/08/2031 02:00,0.0
28/08/2031 03:00,0.0
28/08/2031 04:00,10.217555567574934
28/08/2031 05:00,22.475396190505084
28/08/2031 06:00,0.0
28/08/2031 07:00,0.1992379402964769
28/08/2031 08:00,0.0
28/08/2031 09:00,73.07270972062778
28/08/2031 10:00,147.95653952466964
28/08/2031 11:00,42.580715503086985
28/08/2031 12:00,32.17849251393649
28/08/2031 13:00,156.0810406928661
28/08/2031 14:00,169.25845397455203
28/08/2031 15:00,64.4206902192031
28/08/2031 16:00,126.88210497890769
28/08/2031 17:00,112.75804810997077
28/08/2031 18:00,146.01775534681332
28/08/2031 19:00,63.99744225606555
28/08/2031 20:00,79.5363110778765
28/08/2031 21:00,69.77011949986539
28/08/2031 22:00,130.6712320869581
28/08/2031 23:00,153.43831909659954
29/08/2031 00:00,142.54011451742502
29/08/2031 01:00,132.5358305088147
29/08/2031 02:00,127.44065473603594
29/08/2031 03:00,121.42653226568126
29/08/2031 04:00,117.54503104279709
29/08/2031 05:00,127.88840206880995
29/08/2031 06:00,61.62407418763108
29/08/2031 07:00,144.48102915626762
29/08/2031 08:00,118.02008644021015
29/08/2031 09:00,52.41479425195645
29/08/2031 10:00,0.0
29/08/2031 11:00,39.906634826781534
29/08/2031 12:00,21.976144015459543
29/08/2031 13:00,21.0689390919451
29/08/2031 14:00,33.75539045283989
29/08/2031 15:00,0.0
29/08/2031 16:00,0.0
29/08/2031 17:00,19.914796814633817
29/08/2031 18:00,59.311627516688496
29/08/2031 19:00,49.14187148793862
29/08/2031 20:00,0.0
29/08/2031 21:00,55.368453235289664
29/08/2031 22:00,75.23075899191392
29/08/2031 23:00,63.84608470176019
30/08/2031 00:00,58.307886299056584
30/08/2031 01:00,50.35621596254588
30/08/2031 02:00,49.27725411403709
30/08/2031 03:00,53.83663428177359
30/08/2031 04:00,0.0
30/08/2031 05:00,82.53950757715944
30/08/2031 06:00,0.0
30/08/2031 07:00,0.0
30/08/2031 08:00,43.676627587672826
30/08/2031 09:00,17.39236890712676
30/08/2031 10:00,0.0
30/08/2031 11:00,1.7975501596034593
30/08/2031 12:00,0.0
30/08/2031 13:00,0.0
30/08/2031 14:00,0.0
30/08/2031 15:00,0.0
30/08/2031 16:00,0.0
30/08/2031 17:00,0.0
30/08/2031 18:00,0.0
30/08/2031 19:00,0.0
30/08/2031 20:00,0.0
30/08/2031 21:00,0.0
30/08/2031 22:00,0.0
30/08/2031 23:00,0.0
31/08/2031 00:00,0.0
31/08/2031 01:00,0.0
31/08/2031 02:00,0.0
31/08/2031 03:00,0.0
31/08/2031 04:00,0.0
31/08/2031 05:00,0.0
31/08/2031 06:00,0.0
31/08/2031 07:00,0.0
31/08/2031 08:00,0.0
31/08/2031 09:00,0.0
31/08/2031 10:00,0.0
31/08/2031 11:00,0.0
31/08/2031 12:00,0.0
31/08/2031 13:00,0.0
31/08/2031 14:00,0.0
31/08/2031 15:00,0.0
31/08/2031 16:00,0.0
31/08/2031 17:00,0.0
31/08/2031 18:00,0.0
31/08/2031 19:00,0.0
31/08/2031 20:00,0.0
31/08/2031 21:00,0.0
31/08/2031 22:00,0.0
31/08/2031 23:00,0.0
01/09/2031 00:00,0.0
01/09/2031 01:00,0.0
01/09/2031 02:00,0.0
01/09/2031 03:00,0.0
01/09/2031 04:00,0.0
01/09/2031 05:00,0.0
01/09/2031 06:00,0.0
01/09/2031 07:00,0.0
01/09/2031 08:00,0.0
01/09/2031 09:00,0.0
01/09/2031 10:00,0.0
01/09/2031 11:00,0.0
01/09/2031 12:00,0.0
01/09/2031 13:00,0.0
01/09/2031 14:00,0.0
01/09/2031 15:00,0.0
01/09/2031 16:00,0.0
01/09/2031 17:00,0.0
01/09/2031 18:00,0.0
01/09/2031 19:00,0.0
01/09/2031 20:00,0.0
01/09/2031 21:00,2.3148590482240508
01/09/2031 22:00,0.0
01/09/2031 23:00,0.0
02/09/2031 00:00,0.0
02/09/2031 01:00,0.0
02/09/2031 02:00,0.0
02/09/2031 03:00,0.0
02/09/2031 04:00,0.0
02/09/2031 05:00,0.0
02/09/2031 06:00,0.0
02/09/2031 07:00,0.0
02/09/2031 08:00,0.0
02/09/2031 09:00,0.0
02/09/2031 10:00,0.0
02/09/2031 11:00,0.0
02/09/2031 12:00,0.0
02/09/2031 13:00,0.0
02/09/2031 14:00,0.0
02/09/2031 15:00,0.0
02/09/2031 16:00,0.0
02/09/2031 17:00,0.0
02/09/2031 18:00,10.65595947697171
02/09/2031 19:00,0.0
02/09/2031 20:00,0.0
02/09/2031 21:00,0.0
02/09/2031 22:00,0.0
02/09/2031 23:00,0.0
03/09/2031 00:00,0.0
03/09/2031 01:00,0.0
03/09/2031 02:00,0.0
03/09/2031 03:00,0.0
03/09/2031 04:00,0.0
03/09/2031 05:00,0.0
03/09/2031 06:00,0.0
03/09/2031 07:00,0.0
03/09/2031 08:00,0.0
03/09/2031 09:00,0.0
03/09/2031 10:00,0.0
03/09/2031 11:00,0.0
03/09/2031 12:00,0.0
03/09/2031 13:00,0.0
03/09/2031 14:00,0.0
03/09/2031 15:00,0.0
03/09/2031 16:00,0.0
03/09/2031 17:00,0.0
03/09/2031 18:00,46.47059101011896
03/09/2031 19:00,56.52862893660748
03/09/2031 20:00,6.134362798215785
03/09/2031 21:00,33.774897460007644
03/09/2031 22:00,69.40649890395517
03/09/2031 23:00,76.30738160190192
04/09/2031 00:00,73.700470393173
04/09/2031 01:00,65.29598734930646
04/09/2031 02:00,58.72336717834883
04/09/2031 03:00,61.31081130744728
04/09/2031 04:00,0.0
04/09/2031 05:00,89.04434821754809
04/09/2031 06:00,120.11152970043157
04/09/2031 07:00,129.32073987238002
04/09/2031 08:00,0.0
04/09/2031 09:00,32.33690281945967
04/09/2031 10:00,0.0
04/09/2031 11:00,39.65302975050713
04/09/2031 12:00,21.91206064393508
04/09/2031 13:00,14.320321304438588
04/09/2031 14:00,17.134075426605577
04/09/2031 15:00,0.0
04/09/2031 16:00,0.0
04/09/2031 17:00,25.052908438637456
04/09/2031 18:00,94.04886310646224
04/09/2031 19:00,59.96307580597993
04/09/2031 20:00,44.23289523662668
04/09/2031 21:00,141.93685223339583
04/09/2031 22:00,122.22613925878512
04/09/2031 23:00,108.43874826029867
05/09/2031 00:00,37.86889172891538
05/09/2031 01:00,108.61716144130497
05/09/2031 02:00,106.58523969068509
05/09/2031 03:00,102.26462201144734
05/09/2031 04:00,106.68593918772686
05/09/2031 05:00,32.41181371253717
05/09/2031 06:00,151.84529039220257
05/09/2031 07:00,65.59699253511192
05/09/2031 08:00,119.20565661205656
05/09/2031 09:00,46.23607640358597
05/09/2031 10:00,35.82515559683907
05/09/2031 11:00,0.0
05/09/2031 12:00,0.0
05/09/2031 13:00,0.0
05/09/2031 14:00,0.0
05/09/2031 15:00,0.0
05/09/2031 16:00,0.0
05/09/2031 17:00,0.0
05/09/2031 18:00,0.0
05/09/2031 19:00,0.0
05/09/2031 20:00,0.0
05/09/2031 21:00,4.97240978634452
05/09/2031 22:00,34.73319160925789
05/09/2031 23:00,82.42848073518597
06/09/2031 00:00,75.75075061317622
06/09/2031 01:00,58.986802515712704
06/09/2031 02:00,59.66268251938907
06/09/2031 03:00,52.36283874190762
06/09/2031 04:00,54.41411229801695
06/09/2031 05:00,34.42836859284934
06/09/2031 06:00,96.26713155352925
06/09/2031 07:00,107.33037215093752
06/09/2031 08:00,29.61622786471367
06/09/2031 09:00,2.256139228698594
06/09/2031 10:00,0.0
06/09/2031 11:00,0.0
06/09/2031 12:00,0.0
06/09/2031 13:00,0.0
06/09/2031 14:00,0.0
06/09/2031 15:00,0.0
06/09/2031 16:00,0.0
06/09/2031 17:00,0.0
06/09/2031 18:00,0.0
06/09/2031 19:00,27.05133822383727
06/09/2031 20:00,47.58959914391059
06/09/2031 21:00,0.0
06/09/2031 22:00,65.46318519423036
06/09/2031 23:00,63.892786905763224
07/09/2031 00:00,0.0
07/09/2031 01:00,47.38216908341632
07/09/2031 02:00,43.17326692005093
07/09/2031 03:00,43.55105754824123
07/09/2031 04:00,0.0
07/09/2031 05:00,71.92749505099813
07/09/2031 06:00,96.7631535544075
07/09/2031 07:00,105.70256341607342
07/09/2031 08:00,40.87097112531252
07/09/2031 09:00,11.04684414085857
07/09/2031 10:00,47.58973560502275
07/09/2031 11:00,0.0
07/09/2031 12:00,0.0
07/09/2031 13:00,0.0
07/09/2031 14:00,12.014206590037988
07/09/2031 15:00,3.822703544600224
07/09/2031 16:00,39.25445838126901
07/09/2031 17:00,30.114416940418025
07/09/2031 18:00,97.79283848326519
07/09/2031 19:00,109.88065035196885
07/09/2031 20:00,83.78712580371575
07/09/2031 21:00,116.9747557716547
07/09/2031 22:00,109.87274548622692
07/09/2031 23:00,109.1462718161702
08/09/2031 00:00,107.58072804578975
08/09/2031 01:00,28.440727838089106
08/09/2031 02:00,71.92792109453693
08/09/2031 03:00,0.0
08/09/2031 04:00,58.72420664619584
08/09/2031 05:00,118.12557794407145
08/09/2031 06:00,135.1432337861271
08/09/2031 07:00,133.4906745949422
08/09/2031 08:00,0.0
08/09/2031 09:00,33.127198598212324
08/09/2031 10:00,82.85416953035153
08/09/2031 11:00,44.483342212023494
08/09/2031 12:00,0.0
08/09/2031 13:00,14.56480224471102
08/09/2031 14:00,0.0
08/09/2031 15:00,0.0
08/09/2031 16:00,0.566477122369885
08/09/2031 17:00,39.624864106581406
08/09/2031 18:00,0.0
08/09/2031 19:00,42.919361358709615
08/09/2031 20:00,40.52872641931677
08/09/2031 21:00,130.77343115038076
08/09/2031 22:00,20.501261443121063
08/09/2031 23:00,126.16328637857823
09/09/2031 00:00,0.0
09/09/2031 01:00,108.96538092327356
09/09/2031 02:00,117.32465862247865
09/09/2031 03:00,117.12028430646191
09/09/2031 04:00,117.31468762987677
09/09/2031 05:00,120.95943653815202
09/09/2031 06:00,95.45934146440074
09/09/2031 07:00,122.92478471689036
09/09/2031 08:00,84.53420674817924
09/09/2031 09:00,19.417423858159815
09/09/2031 10:00,0.0
09/09/2031 11:00,0.0
09/09/2031 12:00,0.0
09/09/2031 13:00,0.0
09/09/2031 14:00,0.0
09/09/2031 15:00,0.0
09/09/2031 16:00,0.0
09/09/2031 17:00,0.0
09/09/2031 18:00,32.41720604876173
09/09/2031 19:00,0.0
09/09/2031 20:00,109.45267634840643
09/09/2031 21:00,8.49286485696297
09/09/2031 22:00,18.969098166651253
09/09/2031 23:00,125.94118171093014
10/09/2031 00:00,75.35604034445822
10/09/2031 01:00,97.65660759301262
10/09/2031 02:00,102.47894627832227
10/09/2031 03:00,95.8473055432351
10/09/2031 04:00,96.29245252202276
10/09/2031 05:00,89.57912668966847
10/09/2031 06:00,65.04717472140027
10/09/2031 07:00,101.4678436860715
10/09/2031 08:00,75.96772532984546
10/09/2031 09:00,28.11341390423482
10/09/2031 10:00,93.6659344146247
10/09/2031 11:00,0.0
10/09/2031 12:00,0.0
10/09/2031 13:00,0.0
10/09/2031 14:00,0.0
10/09/2031 15:00,0.0
10/09/2031 16:00,0.0
10/09/2031 17:00,0.0
10/09/2031 18:00,0.0
10/09/2031 19:00,21.118398147437233
10/09/2031 20:00,39.220623272715656
10/09/2031 21:00,0.0
10/09/2031 22:00,0.0
10/09/2031 23:00,83.84487335341065
11/09/2031 00:00,64.28321943964143
11/09/2031 01:00,78.66130409952157
11/09/2031 02:00,74.70880114582496
11/09/2031 03:00,77.32192269279972
11/09/2031 04:00,81.98564773760194
11/09/2031 05:00,5.695482401369549
11/09/2031 06:00,13.315913335453502
11/09/2031 07:00,131.87280228778846
11/09/2031 08:00,106.68283214532276
11/09/2031 09:00,34.331974802685345
11/09/2031 10:00,77.37401980765334
11/09/2031 11:00,31.195719484001444
11/09/2031 12:00,5.882210724854687
11/09/2031 13:00,0.0
11/09/2031 14:00,0.0
11/09/2031 15:00,0.0
11/09/2031 16:00,0.0
11/09/2031 17:00,2.1544335335435703
11/09/2031 18:00,0.0
11/09/2031 19:00,0.0
11/09/2031 20:00,95.55807962969207
11/09/2031 21:00,0.0
11/09/2031 22:00,91.52757846959821
11/09/2031 23:00,2.487060537223967
12/09/2031 00:00,82.5882184247263
12/09/2031 01:00,78.42434548453554
12/09/2031 02:00,78.57074426265142
12/09/2031 03:00,77.58846156264013
12/09/2031 04:00,71.87660337172795
12/09/2031 05:00,79.38515119389363
12/09/2031 06:00,118.2074094367308
12/09/2031 07:00,123.75278992488506
12/09/2031 08:00,96.82149414110228
12/09/2031 09:00,41.71008852675812
12/09/2031 10:00,73.57774758496497
12/09/2031 11:00,0.0
12/09/2031 12:00,0.0
12/09/2031 13:00,0.0
12/09/2031 14:00,0.16416525507091922
12/09/2031 15:00,0.0
12/09/2031 16:00,7.173024693209799
12/09/2031 17:00,19.08222377786494
12/09/2031 18:00,0.0
12/09/2031 19:00,9.570362476621604
12/09/2031 20:00,12.367492994423584
12/09/2031 21:00,105.27174411861394
12/09/2031 22:00,90.70882987854309
12/09/2031 23:00,82.19702663529529
13/09/2031 00:00,74.121849599532
13/09/2031 01:00,69.17307260486918
13/09/2031 02:00,62.85953187575204
13/09/2031 03:00,57.90405430056443
13/09/2031 04:00,51.70051400300024
13/09/2031 05:00,66.13943647056321
13/09/2031 06:00,92.48952789881098
13/09/2031 07:00,0.0
13/09/2031 08:00,81.1074419471594
13/09/2031 09:00,25.006813659466623
13/09/2031 10:00,70.20199706971415
13/09/2031 11:00,37.78253001147867
13/09/2031 12:00,18.9265756775906
13/09/2031 13:00,12.148289254643988
13/09/2031 14:00,0.0
13/09/2031 15:00,0.0
13/09/2031 16:00,0.0
13/09/2031 17:00,60.484989029745876
13/09/2031 18:00,15.072286044039508
13/09/2031 19:00,63.236252802850146
13/09/2031 20:00,116.19583527857954
13/09/2031 21:00,33.39412664984848
13/09/2031 22:00,129.31995286347657
13/09/2031 23:00,117.76923289976473
14/09/2031 00:00,109.07122392154768
14/09/2031 01:00,103.31320557090912
14/09/2031 02:00,96.94898006432135
14/09/2031 03:00,91.34264107814792
14/09/2031 04:00,87.04301041034266
14/09/2031 05:00,23.46819452393648
14/09/2031 06:00,112.63379532380932
14/09/2031 07:00,111.61607190815626
14/09/2031 08:00,79.13185784517376
14/09/2031 09:00,1.3563096770277918
14/09/2031 10:00,55.76702751735832
14/09/2031 11:00,0.0
14/09/2031 12:00,0.0
14/09/2031 13:00,0.0
14/09/2031 14:00,0.0
14/09/2031 15:00,24.11698836032091
14/09/2031 16:00,0.0
14/09/2031 17:00,45.68747287696357
14/09/2031 18:00,122.46174641363986
14/09/2031 19:00,99.98937962411291
14/09/2031 20:00,96.35586377840087
14/09/2031 21:00,25.013202889366248
14/09/2031 22:00,113.77713820098218
14/09/2031 23:00,103.51079942821579
15/09/2031 00:00,95.0075015087728
15/09/2031 01:00,88.75700169194717
15/09/2031 02:00,85.39068403100192
15/09/2031 03:00,75.2853255572118
15/09/2031 04:00,59.501581340207146
15/09/2031 05:00,59.527178879706945
15/09/2031 06:00,77.32437831170009
15/09/2031 07:00,0.0
15/09/2031 08:00,0.0
15/09/2031 09:00,0.0
15/09/2031 10:00,0.0
15/09/2031 11:00,18.70788429357705
15/09/2031 12:00,0.0
15/09/2031 13:00,0.0
15/09/2031 14:00,29.828484680000706
15/09/2031 15:00,48.12514482667014
15/09/2031 16:00,0.0
15/09/2031 17:00,61.89290401158004
15/09/2031 18:00,7.988708728225545
15/09/2031 19:00,46.52752110237213
15/09/2031 20:00,59.70704583018684
15/09/2031 21:00,151.11785088976848
15/09/2031 22:00,23.240659636492193
15/09/2031 23:00,120.82359229448305
16/09/2031 00:00,111.49195975211164
16/09/2031 01:00,101.10422956101488
16/09/2031 02:00,85.99672908291961
16/09/2031 03:00,72.63073794143133
16/09/2031 04:00,62.726108403634036
16/09/2031 05:00,56.64894502079672
16/09/2031 06:00,63.25788366032319
16/09/2031 07:00,60.73776424447286
16/09/2031 08:00,49.28331081602927
16/09/2031 09:00,5.791303519499659
16/09/2031 10:00,0.0
16/09/2031 11:00,9.30865462005206
16/09/2031 12:00,0.0
16/09/2031 13:00,0.0
16/09/2031 14:00,0.0
16/09/2031 15:00,0.0
16/09/2031 16:00,0.0
16/09/2031 17:00,0.0
16/09/2031 18:00,0.0
16/09/2031 19:00,28.47405544644013
16/09/2031 20:00,151.71313871740662
16/09/2031 21:00,147.8470851252458
16/09/2031 22:00,21.71906893714471
16/09/2031 23:00,122.32357668438226
17/09/2031 00:00,113.32401350749527
17/09/2031 01:00,66.080021022229
17/09/2031 02:00,89.27987976070628
17/09/2031 03:00,81.2708240662001
17/09/2031 04:00,73.34445617923647
17/09/2031 05:00,65.12231541391664
17/09/2031 06:00,60.01842888634102
17/09/2031 07:00,0.0
17/09/2031 08:00,10.428334409804094
17/09/2031 09:00,0.0
17/09/2031 10:00,0.0
17/09/2031 11:00,0.0
17/09/2031 12:00,0.0
17/09/2031 13:00,0.0
17/09/2031 14:00,0.0
17/09/2031 15:00,0.0
17/09/2031 16:00,0.0
17/09/2031 17:00,0.0
17/09/2031 18:00,41.668253060023325
17/09/2031 19:00,0.0
17/09/2031 20:00,21.249535904198684
17/09/2031 21:00,14.728645536940423
17/09/2031 22:00,100.50638931744633
17/09/2031 23:00,20.628142303598157
18/09/2031 00:00,55.49978956867907
18/09/2031 01:00,72.50265680529958
18/09/2031 02:00,61.15526613156697
18/09/2031 03:00,29.76688061080648
18/09/2031 04:00,27.00732923874553
18/09/2031 05:00,19.474968706775556
18/09/2031 06:00,24.922097933497838
18/09/2031 07:00,19.527448083562323
18/09/2031 08:00,0.0
18/09/2031 09:00,0.0
18/09/2031 10:00,0.0
18/09/2031 11:00,0.0
18/09/2031 12:00,0.0
18/09/2031 13:00,0.0
18/09/2031 14:00,0.0
18/09/2031 15:00,0.0
18/09/2031 16:00,0.0
18/09/2031 17:00,0.0
18/09/2031 18:00,0.0
18/09/2031 19:00,0.0
18/09/2031 20:00,0.0
18/09/2031 21:00,0.0
18/09/2031 22:00,0.0
18/09/2031 23:00,0.0
19/09/2031 00:00,0.0
19/09/2031 01:00,0.0
19/09/2031 02:00,0.0
19/09/2031 03:00,0.0
19/09/2031 04:00,0.0
19/09/2031 05:00,0.0
19/09/2031 06:00,0.0
19/09/2031 07:00,47.37075969207929
19/09/2031 08:00,13.460621649093353
19/09/2031 09:00,0.0
19/09/2031 10:00,0.0
19/09/2031 11:00,0.0
19/09/2031 12:00,0.0
19/09/2031 13:00,0.0
19/09/2031 14:00,0.0
19/09/2031 15:00,0.0
19/09/2031 16:00,0.0
19/09/2031 17:00,0.0
19/09/2031 18:00,46.589909132498505
19/09/2031 19:00,88.39979649588365
19/09/2031 20:00,93.39300194249594
19/09/2031 21:00,0.0
19/09/2031 22:00,0.0
19/09/2031 23:00,0.0
20/09/2031 00:00,0.0
20/09/2031 01:00,0.0
20/09/2031 02:00,0.0
20/09/2031 03:00,12.384242670038262
20/09/2031 04:00,18.55808520156427
20/09/2031 05:00,34.20435660663503
20/09/2031 06:00,58.717224697630485
20/09/2031 07:00,0.0
20/09/2031 08:00,0.0
20/09/2031 09:00,0.0
20/09/2031 10:00,20.280289372088728
20/09/2031 11:00,112.69785154822192
20/09/2031 12:00,110.83208686544059
20/09/2031 13:00,0.0
20/09/2031 14:00,59.94471155444329
20/09/2031 15:00,20.82891883682761
20/09/2031 16:00,22.57429967446645
20/09/2031 17:00,31.784941154575208
20/09/2031 18:00,105.72634069991227
20/09/2031 19:00,57.57516881413471
20/09/2031 20:00,51.34390371006709
20/09/2031 21:00,133.59804452709713
20/09/2031 22:00,128.42921705328902
20/09/2031 23:00,119.47427700552568
21/09/2031 00:00,113.18227814318708
21/09/2031 01:00,107.22420091483754
21/09/2031 02:00,103.65581420171809
21/09/2031 03:00,102.46446677924624
21/09/2031 04:00,105.58339107527226
21/09/2031 05:00,36.28217884996891
21/09/2031 06:00,142.85767835755857
21/09/2031 07:00,152.2773565824115
21/09/2031 08:00,82.87590030404137
21/09/2031 09:00,0.0
21/09/2031 10:00,148.3431378698059
21/09/2031 11:00,33.54652511344142
21/09/2031 12:00,15.253225197267584
21/09/2031 13:00,44.24615089235008
21/09/2031 14:00,12.791088142150022
21/09/2031 15:00,0.0
21/09/2031 16:00,69.81742071580116
21/09/2031 17:00,35.12913569591496
21/09/2031 18:00,77.81423096048476
21/09/2031 19:00,101.04781330284096
21/09/2031 20:00,1.9199203208197206
21/09/2031 21:00,0.0
21/09/2031 22:00,0.0
21/09/2031 23:00,84.25886926018673
22/09/2031 00:00,91.47190532901607
22/09/2031 01:00,96.37975332704268
22/09/2031 02:00,98.07794852460341
22/09/2031 03:00,0.0
22/09/2031 04:00,99.6124033128309
22/09/2031 05:00,116.42069934247331
22/09/2031 06:00,148.27844043412486
22/09/2031 07:00,156.68482413843964
22/09/2031 08:00,152.32910719351008
22/09/2031 09:00,127.33354638239257
22/09/2031 10:00,89.96605956713763
22/09/2031 11:00,129.33933842905802
22/09/2031 12:00,152.32946714060057
22/09/2031 13:00,127.3163810027846
22/09/2031 14:00,20.70166717794095
22/09/2031 15:00,98.5479295947563
22/09/2031 16:00,22.270388403445292
22/09/2031 17:00,0.0
22/09/2031 18:00,0.0
22/09/2031 19:00,0.0
22/09/2031 20:00,113.56121336926155
22/09/2031 21:00,113.07118858804563
22/09/2031 22:00,2.681592303821937
22/09/2031 23:00,108.51933881548635
23/09/2031 00:00,102.27236355449062
23/09/2031 01:00,88.73601130132961
23/09/2031 02:00,83.80889137618996
23/09/2031 03:00,84.03797796203958
23/09/2031 04:00,86.63643811015973
23/09/2031 05:00,87.86112867888491
23/09/2031 06:00,97.63268072143057
23/09/2031 07:00,106.19535249787482
23/09/2031 08:00,90.43502260717972
23/09/2031 09:00,33.37403063260461
23/09/2031 10:00,0.0
23/09/2031 11:00,12.560359948554794
23/09/2031 12:00,0.0
23/09/2031 13:00,0.0
23/09/2031 14:00,0.0
23/09/2031 15:00,0.0
23/09/2031 16:00,0.0
23/09/2031 17:00,0.0
23/09/2031 18:00,69.85140410656926
23/09/2031 19:00,93.20235751890272
23/09/2031 20:00,0.0
23/09/2031 21:00,0.0
23/09/2031 22:00,34.745070664674614
23/09/2031 23:00,79.08820809983294
24/09/2031 00:00,92.15853021509135
24/09/2031 01:00,88.41211666173095
24/09/2031 02:00,82.75911324643997
24/09/2031 03:00,76.25317936798893
24/09/2031 04:00,71.3380406095321
24/09/2031 05:00,0.0
24/09/2031 06:00,69.33506668867444
24/09/2031 07:00,56.584232790117795
24/09/2031 08:00,32.75876129944218
24/09/2031 09:00,0.0
24/09/2031 10:00,0.0
24/09/2031 11:00,0.0
24/09/2031 12:00,0.0
24/09/2031 13:00,0.0
24/09/2031 14:00,0.0
24/09/2031 15:00,0.0
24/09/2031 16:00,0.0
24/09/2031 17:00,0.0
24/09/2031 18:00,0.0
24/09/2031 19:00,0.0
24/09/2031 20:00,0.0
24/09/2031 21:00,0.0
24/09/2031 22:00,0.0
24/09/2031 23:00,0.0
25/09/2031 00:00,0.0
25/09/2031 01:00,0.0
25/09/2031 02:00,0.0
25/09/2031 03:00,0.0
25/09/2031 04:00,0.0
25/09/2031 05:00,0.0
25/09/2031 06:00,0.0
25/09/2031 07:00,0.0
25/09/2031 08:00,0.0
25/09/2031 09:00,0.0
25/09/2031 10:00,0.0
25/09/2031 11:00,0.0
25/09/2031 12:00,0.0
25/09/2031 13:00,0.0
25/09/2031 14:00,0.0
25/09/2031 15:00,0.0
25/09/2031 16:00,0.0
25/09/2031 17:00,0.0
25/09/2031 18:00,0.0
25/09/2031 19:00,0.0
25/09/2031 20:00,0.0
25/09/2031 21:00,0.0
25/09/2031 22:00,4.393795057839804
25/09/2031 23:00,53.80632470573657
26/09/2031 00:00,93.96065726259175
26/09/2031 01:00,123.82529456502279
26/09/2031 02:00,146.62268426599397
26/09/2031 03:00,168.95170455724903
26/09/2031 04:00,88.57055912416911
26/09/2031 05:00,71.810259508206
26/09/2031 06:00,19.15551376673537
26/09/2031 07:00,28.85407796417869
26/09/2031 08:00,4.693795800561979
26/09/2031 09:00,47.19477207063379
26/09/2031 10:00,0.0
26/09/2031 11:00,21.70196709869058
26/09/2031 12:00,12.448972907701451
26/09/2031 13:00,0.0
26/09/2031 14:00,20.650811753541714
26/09/2031 15:00,0.0
26/09/2031 16:00,0.0
26/09/2031 17:00,43.48201924364565
26/09/2031 18:00,28.1775597478706
26/09/2031 19:00,29.610225219419668
26/09/2031 20:00,49.298034889405955
26/09/2031 21:00,120.42538456763376
26/09/2031 22:00,89.90568476652267
26/09/2031 23:00,77.79646710220793
27/09/2031 00:00,73.40836876430221
27/09/2031 01:00,73.40874373244026
27/09/2031 02:00,72.57784530713252
27/09/2031 03:00,72.43048138097319
27/09/2031 04:00,71.13374405501578
27/09/2031 05:00,72.30499694885914
27/09/2031 06:00,0.0
27/09/2031 07:00,115.6267667554168
27/09/2031 08:00,44.3343993558213
27/09/2031 09:00,37.24658348343803
27/09/2031 10:00,67.74761513526524
27/09/2031 11:00,32.88413476572608
27/09/2031 12:00,60.3677171110104
27/09/2031 13:00,76.00936144515383
27/09/2031 14:00,0.0
27/09/2031 15:00,11.61035762894881
27/09/2031 16:00,38.411869493966705
27/09/2031 17:00,86.06196017049922
27/09/2031 18:00,65.65971021107208
27/09/2031 19:00,38.504975429381126
27/09/2031 20:00,33.03125915257184
27/09/2031 21:00,61.96048625421208
27/09/2031 22:00,100.16125818052586
27/09/2031 23:00,92.90116304006091
28/09/2031 00:00,89.15578946040242
28/09/2031 01:00,87.46064946315138
28/09/2031 02:00,86.62275536717503
28/09/2031 03:00,89.19486803932826
28/09/2031 04:00,94.9672526988686
28/09/2031 05:00,109.66324443438229
28/09/2031 06:00,104.1247035641986
28/09/2031 07:00,70.34393567068224
28/09/2031 08:00,113.01751904188129
28/09/2031 09:00,64.46565771618509
28/09/2031 10:00,14.320939080763168
28/09/2031 11:00,74.01302140765648
28/09/2031 12:00,0.0
28/09/2031 13:00,55.014974707838306
28/09/2031 14:00,91.88929345595551
28/09/2031 15:00,68.7329027757557
28/09/2031 16:00,66.08371727978935
28/09/2031 17:00,118.24903520505771
28/09/2031 18:00,64.23528084211527
28/09/2031 19:00,56.43637220851321
28/09/2031 20:00,56.414635321431746
28/09/2031 21:00,64.08754600233438
28/09/2031 22:00,118.70950316629975
28/09/2031 23:00,105.9820971793529
29/09/2031 00:00,92.75554071790116
29/09/2031 01:00,41.170659863314405
29/09/2031 02:00,75.0172819716611
29/09/2031 03:00,52.69029209895249
29/09/2031 04:00,74.6338357891747
29/09/2031 05:00,87.55296486755589
29/09/2031 06:00,116.52317351325583
29/09/2031 07:00,129.31322791130629
29/09/2031 08:00,128.47233687216635
29/09/2031 09:00,98.6790249156204
29/09/2031 10:00,49.050976764571644
29/09/2031 11:00,3.2499957403626865
29/09/2031 12:00,50.290607872411364
29/09/2031 13:00,35.66474092274769
29/09/2031 14:00,5.535300728063637
29/09/2031 15:00,10.997589444836231
29/09/2031 16:00,0.0
29/09/2031 17:00,0.0
29/09/2031 18:00,100.97776256784253
29/09/2031 19:00,17.585448052594362
29/09/2031 20:00,20.177502770387186
29/09/2031 21:00,103.78629545006365
29/09/2031 22:00,3.6931220577638375
29/09/2031 23:00,105.08253385928222
30/09/2031 00:00,0.0
30/09/2031 01:00,91.53606213398614
30/09/2031 02:00,87.88699778740508
30/09/2031 03:00,88.35015645550081
30/09/2031 04:00,89.43016333042945
30/09/2031 05:00,92.66645869643274
30/09/2031 06:00,102.02955719670646
30/09/2031 07:00,109.00454469017059
30/09/2031 08:00,91.72362335405329
30/09/2031 09:00,47.02031907248117
30/09/2031 10:00,0.0
30/09/2031 11:00,0.0
30/09/2031 12:00,0.0
30/09/2031 13:00,0.0
30/09/2031 14:00,0.0
30/09/2031 15:00,0.0
30/09/2031 16:00,43.2157431095044
30/09/2031 17:00,28.96112947872051
30/09/2031 18:00,0.0
30/09/2031 19:00,116.46102908684165
30/09/2031 20:00,88.33535657223544
30/09/2031 21:00,0.0
30/09/2031 22:00,0.0
30/09/2031 23:00,19.435960366103583
01/10/2031 00:00,66.32982770789206
01/10/2031 01:00,80.13767289315858
01/10/2031 02:00,76.06281337308825
01/10/2031 03:00,75.03118601159656
01/10/2031 04:00,73.46405813520651
01/10/2031 05:00,75.13188550863833
01/10/2031 06:00,81.43575033510626
01/10/2031 07:00,80.91158504902697
01/10/2031 08:00,47.58798465551004
01/10/2031 09:00,0.0
01/10/2031 10:00,0.0
01/10/2031 11:00,0.0
01/10/2031 12:00,0.0
01/10/2031 13:00,0.0
01/10/2031 14:00,0.0
01/10/2031 15:00,0.0
01/10/2031 16:00,0.0
01/10/2031 17:00,13.245632423789461
01/10/2031 18:00,0.0
01/10/2031 19:00,2.9323082474053748
01/10/2031 20:00,116.1838394380809
01/10/2031 21:00,0.0
01/10/2031 22:00,83.59954479818731
01/10/2031 23:00,24.51780271863535
02/10/2031 00:00,59.610758385295576
02/10/2031 01:00,85.11452623336784
02/10/2031 02:00,82.72349560195639
02/10/2031 03:00,79.60256113184938
02/10/2031 04:00,71.2801484343081
02/10/2031 05:00,104.58960390977113
02/10/2031 06:00,133.90723535934137
02/10/2031 07:00,114.59449240800153
02/10/2031 08:00,120.63311549725722
02/10/2031 09:00,72.91075678354711
02/10/2031 10:00,55.417439364547164
02/10/2031 11:00,92.2574008336176
02/10/2031 12:00,78.2084187617286
02/10/2031 13:00,62.22575705385109
02/10/2031 14:00,0.0
02/10/2031 15:00,52.981946288793075
02/10/2031 16:00,28.45114321972291
02/10/2031 17:00,0.0
02/10/2031 18:00,104.90197726706299
02/10/2031 19:00,76.66305457679374
02/10/2031 20:00,90.78763293955146
02/10/2031 21:00,0.0
02/10/2031 22:00,102.3937819930651
02/10/2031 23:00,29.687596113127395
03/10/2031 00:00,70.79256977013384
03/10/2031 01:00,53.66713888237363
03/10/2031 02:00,40.217119817161404
03/10/2031 03:00,30.345833425617396
03/10/2031 04:00,28.665649917173575
03/10/2031 05:00,37.77130418154976
03/10/2031 06:00,63.578229365948665
03/10/2031 07:00,0.0
03/10/2031 08:00,74.46144197496389
03/10/2031 09:00,10.336695996165416
03/10/2031 10:00,0.0
03/10/2031 11:00,0.0
03/10/2031 12:00,0.0
03/10/2031 13:00,0.0
03/10/2031 14:00,0.0
03/10/2031 15:00,0.0
03/10/2031 16:00,0.0
03/10/2031 17:00,0.0
03/10/2031 18:00,0.0
03/10/2031 19:00,0.0
03/10/2031 20:00,0.0
03/10/2031 21:00,0.0
03/10/2031 22:00,0.0
03/10/2031 23:00,0.0
04/10/2031 00:00,0.0
04/10/2031 01:00,0.0
04/10/2031 02:00,0.0
04/10/2031 03:00,0.0
04/10/2031 04:00,0.0
04/10/2031 05:00,0.0
04/10/2031 06:00,0.0
04/10/2031 07:00,0.0
04/10/2031 08:00,0.0
04/10/2031 09:00,0.0
04/10/2031 10:00,0.0
04/10/2031 11:00,0.0
04/10/2031 12:00,0.0
04/10/2031 13:00,0.0
04/10/2031 14:00,0.0
04/10/2031 15:00,0.0
04/10/2031 16:00,0.0
04/10/2031 17:00,0.0
04/10/2031 18:00,0.0
04/10/2031 19:00,0.0
04/10/2031 20:00,0.0
04/10/2031 21:00,0.0
04/10/2031 22:00,0.0
04/10/2031 23:00,0.0
05/10/2031 00:00,0.0
05/10/2031 01:00,11.677581255569029
05/10/2031 02:00,24.044440366938666
05/10/2031 03:00,5.260223716216081
05/10/2031 04:00,0.0
05/10/2031 05:00,0.0
05/10/2031 06:00,0.0
05/10/2031 07:00,0.0
05/10/2031 08:00,0.0
05/10/2031 09:00,0.0
05/10/2031 10:00,0.0
05/10/2031 11:00,0.0
05/10/2031 12:00,0.0
05/10/2031 13:00,0.0
05/10/2031 14:00,0.0
05/10/2031 15:00,0.0
05/10/2031 16:00,0.0
05/10/2031 17:00,0.0
05/10/2031 18:00,0.0
05/10/2031 19:00,0.0
05/10/2031 20:00,0.0
05/10/2031 21:00,0.0
05/10/2031 22:00,0.0
05/10/2031 23:00,0.0
06/10/2031 00:00,0.0
06/10/2031 01:00,0.0
06/10/2031 02:00,0.0
06/10/2031 03:00,0.0
06/10/2031 04:00,0.0
06/10/2031 05:00,0.0
06/10/2031 06:00,0.0
06/10/2031 07:00,0.0
06/10/2031 08:00,0.0
06/10/2031 09:00,0.0
06/10/2031 10:00,0.0
06/10/2031 11:00,0.0
06/10/2031 12:00,152.2013941285566
06/10/2031 13:00,135.14302744998463
06/10/2031 14:00,214.78322881153687
06/10/2031 15:00,0.0
06/10/2031 16:00,0.0
06/10/2031 17:00,0.0
06/10/2031 18:00,0.0
06/10/2031 19:00,0.0
06/10/2031 20:00,0.0
06/10/2031 21:00,15.436683950249346
06/10/2031 22:00,24.489507929491825
06/10/2031 23:00,27.600846375134953
07/10/2031 00:00,31.36859951984287
07/10/2031 01:00,0.0
07/10/2031 02:00,1.4646175110744675
07/10/2031 03:00,7.102664437558208
07/10/2031 04:00,68.82264342855927
07/10/2031 05:00,37.59282622900171
07/10/2031 06:00,60.71072251778457
07/10/2031 07:00,31.572972205747256
07/10/2031 08:00,67.39695091585482
07/10/2031 09:00,0.0
07/10/2031 10:00,0.0
07/10/2031 11:00,0.0
07/10/2031 12:00,20.656626231160345
07/10/2031 13:00,20.80646279293095
07/10/2031 14:00,0.0
07/10/2031 15:00,0.0
07/10/2031 16:00,0.0
07/10/2031 17:00,6.831838662284886
07/10/2031 18:00,38.65166458336108
07/10/2031 19:00,0.0
07/10/2031 20:00,0.0
07/10/2031 21:00,0.0
07/10/2031 22:00,28.818140301797385
07/10/2031 23:00,69.10668812186498
08/10/2031 00:00,87.22220603238948
08/10/2031 01:00,87.331616284037
08/10/2031 02:00,86.42837601173545
08/10/2031 03:00,84.75489308381644
08/10/2031 04:00,65.92124597898005
08/10/2031 05:00,91.11413309419883
08/10/2031 06:00,97.17626010985249
08/10/2031 07:00,99.17097800136487
08/10/2031 08:00,83.52690943115805
08/10/2031 09:00,41.54083969793607
08/10/2031 10:00,0.0
08/10/2031 11:00,45.73039163825144
08/10/2031 12:00,56.827907067251196
08/10/2031 13:00,76.49806249215835
08/10/2031 14:00,65.87077534329403
08/10/2031 15:00,10.114746029675008
08/10/2031 16:00,27.111258767726465
08/10/2031 17:00,72.00631922664407
08/10/2031 18:00,71.11232105924786
08/10/2031 19:00,16.61119850549349
08/10/2031 20:00,127.46336327809867
08/10/2031 21:00,116.07466863978301
08/10/2031 22:00,0.0
08/10/2031 23:00,42.529909143062575
09/10/2031 00:00,65.88655997667198
09/10/2031 01:00,63.08183317761179
09/10/2031 02:00,47.69657151027719
09/10/2031 03:00,35.494910257394274
09/10/2031 04:00,25.6175933434162
09/10/2031 05:00,12.675451755169384
09/10/2031 06:00,64.47433995922894
09/10/2031 07:00,0.0
09/10/2031 08:00,74.06771455215481
09/10/2031 09:00,54.11998750948556
09/10/2031 10:00,16.10869065105366
09/10/2031 11:00,40.29629675817855
09/10/2031 12:00,62.11562551270565
09/10/2031 13:00,56.43633031877907
09/10/2031 14:00,29.125080165595264
09/10/2031 15:00,0.6995782893217253
09/10/2031 16:00,0.0
09/10/2031 17:00,0.0
09/10/2031 18:00,38.351524938965156
09/10/2031 19:00,55.43371235843675
09/10/2031 20:00,61.24614074494631
09/10/2031 21:00,63.19352427031332
09/10/2031 22:00,0.0
09/10/2031 23:00,48.42028506978576
10/10/2031 00:00,43.721010378161075
10/10/2031 01:00,45.48224648839561
10/10/2031 02:00,52.0462357829328
10/10/2031 03:00,59.66685979874719
10/10/2031 04:00,57.10725105441623
10/10/2031 05:00,85.70190642114339
10/10/2031 06:00,2.771946449572569
10/10/2031 07:00,21.26080089516974
10/10/2031 08:00,5.059064317949615
10/10/2031 09:00,57.59312042888906
10/10/2031 10:00,0.0
10/10/2031 11:00,18.441450080917082
10/10/2031 12:00,0.0
10/10/2031 13:00,0.0
10/10/2031 14:00,5.62641139268219
10/10/2031 15:00,0.0
10/10/2031 16:00,0.0
10/10/2031 17:00,36.7234922870609
10/10/2031 18:00,0.0
10/10/2031 19:00,15.268754879467263
10/10/2031 20:00,16.11420304324454
10/10/2031 21:00,0.0
10/10/2031 22:00,80.01942045139047
10/10/2031 23:00,74.48550319039617
11/10/2031 00:00,70.96327261806543
11/10/2031 01:00,69.5118806057097
11/10/2031 02:00,74.44771128564625
11/10/2031 03:00,78.25486048726452
11/10/2031 04:00,83.69381368388962
11/10/2031 05:00,102.69643175749488
11/10/2031 06:00,133.9768028389095
11/10/2031 07:00,114.66042909161034
11/10/2031 08:00,131.93649040287545
11/10/2031 09:00,71.24685497322854
11/10/2031 10:00,110.46730471017179
11/10/2031 11:00,0.0
11/10/2031 12:00,0.0
11/10/2031 13:00,0.0
11/10/2031 14:00,0.0
11/10/2031 15:00,49.971920485371896
11/10/2031 16:00,0.0
11/10/2031 17:00,58.99928662318115
11/10/2031 18:00,0.0
11/10/2031 19:00,58.70269221739581
11/10/2031 20:00,34.38186924233316
11/10/2031 21:00,0.0
11/10/2031 22:00,0.0
11/10/2031 23:00,83.96948482067144
12/10/2031 00:00,83.57328890906358
12/10/2031 01:00,79.86922434670608
12/10/2031 02:00,74.4419572270023
12/10/2031 03:00,69.66287128611268
12/10/2031 04:00,64.22391808948758
12/10/2031 05:00,58.098750161351305
12/10/2031 06:00,53.401307001966615
12/10/2031 07:00,46.95908403346195
12/10/2031 08:00,32.13326266398048
12/10/2031 09:00,0.0
12/10/2031 10:00,19.70280861944516
12/10/2031 11:00,0.0
12/10/2031 12:00,0.0
12/10/2031 13:00,0.0
12/10/2031 14:00,0.0
12/10/2031 15:00,0.0
12/10/2031 16:00,0.0
12/10/2031 17:00,0.0
12/10/2031 18:00,0.0
12/10/2031 19:00,0.0
12/10/2031 20:00,0.0
12/10/2031 21:00,0.0
12/10/2031 22:00,0.0
12/10/2031 23:00,0.0
13/10/2031 00:00,0.0
13/10/2031 01:00,0.0
13/10/2031 02:00,0.0
13/10/2031 03:00,69.30220839938116
13/10/2031 04:00,0.0
13/10/2031 05:00,0.0
13/10/2031 06:00,0.0
13/10/2031 07:00,0.0
13/10/2031 08:00,0.0
13/10/2031 09:00,160.38467959701515
13/10/2031 10:00,0.0
13/10/2031 11:00,55.25650568868753
13/10/2031 12:00,149.9274860792529
13/10/2031 13:00,195.79435708637857
13/10/2031 14:00,205.41878861883217
13/10/2031 15:00,160.51881898193747
13/10/2031 16:00,5.31090853247449
13/10/2031 17:00,0.0
13/10/2031 18:00,148.59599958478455
13/10/2031 19:00,54.99114301941925
13/10/2031 20:00,43.37115933709663
13/10/2031 21:00,97.07775272857815
13/10/2031 22:00,137.07587840047017
13/10/2031 23:00,0.0
14/10/2031 00:00,0.0
14/10/2031 01:00,0.0
14/10/2031 02:00,0.0
14/10/2031 03:00,0.0
14/10/2031 04:00,0.0
14/10/2031 05:00,44.305455895342014
14/10/2031 06:00,0.0
14/10/2031 07:00,0.0
14/10/2031 08:00,0.0
14/10/2031 09:00,0.0
14/10/2031 10:00,0.0
14/10/2031 11:00,304.32078573020317
14/10/2031 12:00,0.0
14/10/2031 13:00,0.0
14/10/2031 14:00,297.5687986028232
14/10/2031 15:00,0.0
14/10/2031 16:00,10.467464768372265
14/10/2031 17:00,0.0
14/10/2031 18:00,43.012750723729674
14/10/2031 19:00,61.16998358152448
14/10/2031 20:00,64.78205940163711
14/10/2031 21:00,0.0
14/10/2031 22:00,73.16340992659931
14/10/2031 23:00,61.09185084684365
15/10/2031 00:00,0.0
15/10/2031 01:00,42.45512054747796
15/10/2031 02:00,53.7605371985368
15/10/2031 03:00,60.74965160847258
15/10/2031 04:00,0.0
15/10/2031 05:00,57.285609772609966
15/10/2031 06:00,0.0
15/10/2031 07:00,0.0
15/10/2031 08:00,66.27694967631638
15/10/2031 09:00,19.726235732059802
15/10/2031 10:00,0.0
15/10/2031 11:00,0.0
15/10/2031 12:00,0.0
15/10/2031 13:00,0.0
15/10/2031 14:00,0.0
15/10/2031 15:00,0.0
15/10/2031 16:00,0.0
15/10/2031 17:00,9.667302234330057
15/10/2031 18:00,64.44735527091889
15/10/2031 19:00,0.0
15/10/2031 20:00,0.0
15/10/2031 21:00,0.0
15/10/2031 22:00,64.67285210260029
15/10/2031 23:00,82.6360768696291
16/10/2031 00:00,71.1417726783777
16/10/2031 01:00,64.81424060830562
16/10/2031 02:00,59.30026533251507
16/10/2031 03:00,46.38939216241632
16/10/2031 04:00,38.27159627435335
16/10/2031 05:00,35.39462500071786
16/10/2031 06:00,36.00887734124757
16/10/2031 07:00,0.0
16/10/2031 08:00,7.458166431062555
16/10/2031 09:00,0.0
16/10/2031 10:00,0.0
16/10/2031 11:00,0.0
16/10/2031 12:00,0.0
16/10/2031 13:00,0.0
16/10/2031 14:00,0.0
16/10/2031 15:00,0.0
16/10/2031 16:00,0.0
16/10/2031 17:00,0.0
16/10/2031 18:00,22.93353315533064
16/10/2031 19:00,19.922205247979814
16/10/2031 20:00,0.0
16/10/2031 21:00,81.16110561422279
16/10/2031 22:00,81.59833466964416
16/10/2031 23:00,85.563273636538
17/10/2031 00:00,84.83266805425865
17/10/2031 01:00,0.0
17/10/2031 02:00,79.62950202419913
17/10/2031 03:00,81.60843373312352
17/10/2031 04:00,85.40255674183021
17/10/2031 05:00,100.18957207154521
17/10/2031 06:00,113.64308819736875
17/10/2031 07:00,30.451747976597115
17/10/2031 08:00,100.37695733305895
17/10/2031 09:00,91.17502399537229
17/10/2031 10:00,47.957923384338386
17/10/2031 11:00,13.863424593403161
17/10/2031 12:00,0.0
17/10/2031 13:00,0.0
17/10/2031 14:00,0.0
17/10/2031 15:00,0.0
17/10/2031 16:00,0.0
17/10/2031 17:00,0.0
17/10/2031 18:00,0.0
17/10/2031 19:00,0.0
17/10/2031 20:00,0.0
17/10/2031 21:00,0.0
17/10/2031 22:00,1.8195758871137406
17/10/2031 23:00,0.0
18/10/2031 00:00,0.0
18/10/2031 01:00,0.0
18/10/2031 02:00,0.0
18/10/2031 03:00,0.0
18/10/2031 04:00,0.0
18/10/2031 05:00,0.0
18/10/2031 06:00,0.0
18/10/2031 07:00,0.0
18/10/2031 08:00,0.0
18/10/2031 09:00,0.0
18/10/2031 10:00,0.0
18/10/2031 11:00,0.0
18/10/2031 12:00,0.0
18/10/2031 13:00,0.0
18/10/2031 14:00,0.0
18/10/2031 15:00,0.0
18/10/2031 16:00,0.0
18/10/2031 17:00,0.0
18/10/2031 18:00,0.0
18/10/2031 19:00,0.0
18/10/2031 20:00,0.0
18/10/2031 21:00,0.0
18/10/2031 22:00,0.0
18/10/2031 23:00,0.0
19/10/2031 00:00,5.210666368592011
19/10/2031 01:00,11.821447422691318
19/10/2031 02:00,0.0
19/10/2031 03:00,1.3634524541060544
19/10/2031 04:00,0.0
19/10/2031 05:00,0.0
19/10/2031 06:00,0.0
19/10/2031 07:00,0.0
19/10/2031 08:00,0.0
19/10/2031 09:00,0.0
19/10/2031 10:00,0.0
19/10/2031 11:00,0.0
19/10/2031 12:00,0.0
19/10/2031 13:00,0.0
19/10/2031 14:00,0.0
19/10/2031 15:00,0.0
19/10/2031 16:00,0.0
19/10/2031 17:00,0.0
19/10/2031 18:00,0.0
19/10/2031 19:00,0.0
19/10/2031 20:00,0.0
19/10/2031 21:00,0.0
19/10/2031 22:00,0.0
19/10/2031 23:00,0.0
20/10/2031 00:00,0.0
20/10/2031 01:00,0.0
20/10/2031 02:00,0.0
20/10/2031 03:00,20.700759566909003
20/10/2031 04:00,22.53323256269096
20/10/2031 05:00,0.0
20/10/2031 06:00,0.0
20/10/2031 07:00,43.56721522991156
20/10/2031 08:00,9.988956686313193
20/10/2031 09:00,7.289336022923603
20/10/2031 10:00,0.0
20/10/2031 11:00,68.78722669253136
20/10/2031 12:00,0.0
20/10/2031 13:00,0.0
20/10/2031 14:00,0.0
20/10/2031 15:00,32.31445013270246
20/10/2031 16:00,1.17604861972165
20/10/2031 17:00,52.16664685720174
20/10/2031 18:00,0.0
20/10/2031 19:00,0.0
20/10/2031 20:00,0.0
20/10/2031 21:00,0.0
20/10/2031 22:00,0.0
20/10/2031 23:00,0.0
21/10/2031 00:00,0.0
21/10/2031 01:00,68.46547567780186
21/10/2031 02:00,0.0
21/10/2031 03:00,53.868480270726465
21/10/2031 04:00,31.423688324640473
21/10/2031 05:00,0.0
21/10/2031 06:00,0.0
21/10/2031 07:00,0.0
21/10/2031 08:00,0.0
21/10/2031 09:00,0.0
21/10/2031 10:00,19.159122804996816
21/10/2031 11:00,0.0
21/10/2031 12:00,0.0
21/10/2031 13:00,0.0
21/10/2031 14:00,0.0
21/10/2031 15:00,0.0
21/10/2031 16:00,0.0
21/10/2031 17:00,0.0
21/10/2031 18:00,0.0
21/10/2031 19:00,0.0
21/10/2031 20:00,0.0
21/10/2031 21:00,26.447125803162564
21/10/2031 22:00,16.41552917073298
21/10/2031 23:00,0.0
22/10/2031 00:00,0.0
22/10/2031 01:00,0.0
22/10/2031 02:00,0.0
22/10/2031 03:00,0.0
22/10/2031 04:00,0.0
22/10/2031 05:00,0.0
22/10/2031 06:00,0.0
22/10/2031 07:00,0.0
22/10/2031 08:00,0.0
22/10/2031 09:00,0.0
22/10/2031 10:00,0.0
22/10/2031 11:00,0.0
22/10/2031 12:00,0.0
22/10/2031 13:00,0.0
22/10/2031 14:00,0.0
22/10/2031 15:00,0.0
22/10/2031 16:00,0.0
22/10/2031 17:00,0.0
22/10/2031 18:00,0.0
22/10/2031 19:00,0.0
22/10/2031 20:00,0.0
22/10/2031 21:00,0.0
22/10/2031 22:00,28.983575014762323
22/10/2031 23:00,17.357162913985437
23/10/2031 00:00,0.0
23/10/2031 01:00,0.0
23/10/2031 02:00,0.0
23/10/2031 03:00,0.0
23/10/2031 04:00,0.0
23/10/2031 05:00,0.0
23/10/2031 06:00,23.1886548331841
23/10/2031 07:00,0.0
23/10/2031 08:00,0.0
23/10/2031 09:00,0.0
23/10/2031 10:00,0.0
23/10/2031 11:00,0.0
23/10/2031 12:00,0.0
23/10/2031 13:00,0.0
23/10/2031 14:00,0.0
23/10/2031 15:00,0.0
23/10/2031 16:00,0.0
23/10/2031 17:00,0.0
23/10/2031 18:00,0.0
23/10/2031 19:00,0.0
23/10/2031 20:00,55.69139167460742
23/10/2031 21:00,0.0
23/10/2031 22:00,0.0
23/10/2031 23:00,3.661244906933177
24/10/2031 00:00,69.24914177839159
24/10/2031 01:00,110.63519002755014
24/10/2031 02:00,133.7884875198213
24/10/2031 03:00,123.77406757338811
24/10/2031 04:00,93.30147021434368
24/10/2031 05:00,1.9293300991474385
24/10/2031 06:00,108.94102389471348
24/10/2031 07:00,34.62323637922631
24/10/2031 08:00,66.49845242434102
24/10/2031 09:00,49.075943300848444
24/10/2031 10:00,0.0
24/10/2031 11:00,13.016627758491367
24/10/2031 12:00,0.0
24/10/2031 13:00,0.0
24/10/2031 14:00,11.479357223011368
24/10/2031 15:00,0.0
24/10/2031 16:00,0.0
24/10/2031 17:00,47.796027302026
24/10/2031 18:00,0.0
24/10/2031 19:00,119.59484945927186
24/10/2031 20:00,121.9945908454802
24/10/2031 21:00,0.0
24/10/2031 22:00,0.0
24/10/2031 23:00,80.20908769712698
25/10/2031 00:00,73.93223340359607
25/10/2031 01:00,73.01433173224883
25/10/2031 02:00,0.0
25/10/2031 03:00,82.37684005261714
25/10/2031 04:00,88.14021886759906
25/10/2031 05:00,106.12185063059638
25/10/2031 06:00,136.65650692051472
25/10/2031 07:00,160.01472102555402
25/10/2031 08:00,138.64042557439757
25/10/2031 09:00,82.61871923319592
25/10/2031 10:00,68.29295586169017
25/10/2031 11:00,80.50829342733356
25/10/2031 12:00,62.539839117306094
25/10/2031 13:00,62.473288339689134
25/10/2031 14:00,0.0
25/10/2031 15:00,81.32183514245868
25/10/2031 16:00,46.44282681059233
25/10/2031 17:00,98.64037813281607
25/10/2031 18:00,150.9273659628805
25/10/2031 19:00,55.78741652932593
25/10/2031 20:00,154.39151201054463
25/10/2031 21:00,132.33513930500095
25/10/2031 22:00,115.68626824657717
25/10/2031 23:00,108.77761625833558
26/10/2031 00:00,103.40566808823105
26/10/2031 01:00,99.48420301675411
26/10/2031 02:00,96.42496934294834
26/10/2031 03:00,0.0
26/10/2031 04:00,102.29805349972162
26/10/2031 05:00,119.2300462119192
26/10/2031 06:00,61.12521387822474
26/10/2031 07:00,62.959941887907306
26/10/2031 08:00,166.69989489491866
26/10/2031 09:00,124.0178547702227
26/10/2031 10:00,63.3473316926258
26/10/2031 11:00,85.32362047046412
26/10/2031 12:00,60.50116957777506
26/10/2031 13:00,37.753886060412974
26/10/2031 14:00,45.14007812014125
26/10/2031 15:00,0.0
26/10/2031 16:00,22.45882428899996
26/10/2031 17:00,93.31661062574238
26/10/2031 18:00,118.90489837082728
26/10/2031 19:00,47.5205763786457
26/10/2031 20:00,58.43601329095453
26/10/2031 21:00,11.41685361479247
26/10/2031 22:00,114.52083709723688
26/10/2031 23:00,97.29575173885468
27/10/2031 00:00,87.21460646675048
27/10/2031 01:00,77.82449043261026
27/10/2031 02:00,70.76005885355632
27/10/2031 03:00,65.07103205964917
27/10/2031 04:00,66.6861644813382
27/10/2031 05:00,87.5720002634138
27/10/2031 06:00,118.64349718441193
27/10/2031 07:00,138.22297096508925
27/10/2031 08:00,40.861336041447174
27/10/2031 09:00,75.98811016075346
27/10/2031 10:00,14.622008202871735
27/10/2031 11:00,55.9847319382781
27/10/2031 12:00,21.683553376921292
27/10/2031 13:00,11.977794719412499
27/10/2031 14:00,24.655847079576997
27/10/2031 15:00,0.0
27/10/2031 16:00,21.461451913616653
27/10/2031 17:00,94.41730423354461
27/10/2031 18:00,93.76077626431679
27/10/2031 19:00,40.17854349592259
27/10/2031 20:00,60.448181531503224
27/10/2031 21:00,42.316762646247
27/10/2031 22:00,122.2249899688194
27/10/2031 23:00,0.0
28/10/2031 00:00,96.94827042320334
28/10/2031 01:00,78.58914312196839
28/10/2031 02:00,67.14574335763784
28/10/2031 03:00,61.241326228883366
28/10/2031 04:00,52.07091596789626
28/10/2031 05:00,48.90361215843326
28/10/2031 06:00,56.93730024458696
28/10/2031 07:00,75.94259855036394
28/10/2031 08:00,69.28354276247893
28/10/2031 09:00,11.260785340011223
28/10/2031 10:00,0.0
28/10/2031 11:00,0.0
28/10/2031 12:00,0.0
28/10/2031 13:00,0.0
28/10/2031 14:00,0.0
28/10/2031 15:00,0.0
28/10/2031 16:00,0.0
28/10/2031 17:00,43.039785283337714
28/10/2031 18:00,3.7624455771287026
28/10/2031 19:00,16.51100572793798
28/10/2031 20:00,66.02413122749402
28/10/2031 21:00,0.0
28/10/2031 22:00,0.0
28/10/2031 23:00,38.41338750779
29/10/2031 00:00,25.270863364845066
29/10/2031 01:00,11.99761090187767
29/10/2031 02:00,8.506256442195829
29/10/2031 03:00,10.729606194297373
29/10/2031 04:00,20.13877894397437
29/10/2031 05:00,23.709845889265527
29/10/2031 06:00,15.059899776184276
29/10/2031 07:00,8.74263378847562
29/10/2031 08:00,0.0
29/10/2031 09:00,0.0
29/10/2031 10:00,0.0
29/10/2031 11:00,0.0
29/10/2031 12:00,0.0
29/10/2031 13:00,0.0
29/10/2031 14:00,0.0
29/10/2031 15:00,0.0
29/10/2031 16:00,0.0
29/10/2031 17:00,52.322297874906866
29/10/2031 18:00,110.35907972424067
29/10/2031 19:00,34.52214387592787
29/10/2031 20:00,0.0
29/10/2031 21:00,0.0
29/10/2031 22:00,92.7225728971393
29/10/2031 23:00,76.88390834273463
30/10/2031 00:00,50.94589051078514
30/10/2031 01:00,30.768221619696668
30/10/2031 02:00,24.791462643948385
30/10/2031 03:00,38.01478026572113
30/10/2031 04:00,43.05696599680437
30/10/2031 05:00,44.8541456072786
30/10/2031 06:00,36.26545773164594
30/10/2031 07:00,0.0
30/10/2031 08:00,90.39220579552271
30/10/2031 09:00,60.57451895281767
30/10/2031 10:00,18.10074706415778
30/10/2031 11:00,74.50926054710357
30/10/2031 12:00,36.641882533392845
30/10/2031 13:00,52.894344551744055
30/10/2031 14:00,53.94966327725791
30/10/2031 15:00,0.0
30/10/2031 16:00,42.617171873188745
30/10/2031 17:00,113.59808119500507
30/10/2031 18:00,164.5840162611886
30/10/2031 19:00,119.81150058512134
30/10/2031 20:00,43.27856718400828
30/10/2031 21:00,27.62656034626502
30/10/2031 22:00,124.65472056205333
30/10/2031 23:00,35.96767010584753
31/10/2031 00:00,85.37093873791405
31/10/2031 01:00,71.01767940020918
31/10/2031 02:00,58.89141519462973
31/10/2031 03:00,52.21876558452991
31/10/2031 04:00,50.157816125962526
31/10/2031 05:00,49.97040847283397
31/10/2031 06:00,68.46885900352208
31/10/2031 07:00,99.61403788769543
31/10/2031 08:00,22.175382864567965
31/10/2031 09:00,52.1029558180569
31/10/2031 10:00,2.2493491195957667
31/10/2031 11:00,51.30188624837436
31/10/2031 12:00,10.51961492405675
31/10/2031 13:00,1.1814605088702028
31/10/2031 14:00,21.86007314157422
31/10/2031 15:00,0.0
31/10/2031 16:00,23.17705359805146
31/10/2031 17:00,107.5687514090316
31/10/2031 18:00,40.27590198209017
31/10/2031 19:00,25.953847557971994
31/10/2031 20:00,1.4608415738038372
31/10/2031 21:00,0.0
31/10/2031 22:00,81.0844695966024
31/10/2031 23:00,63.16952412630284
01/11/2031 00:00,47.385767621554365
01/11/2031 01:00,32.30930502567869
01/11/2031 02:00,19.684233741525443
01/11/2031 03:00,12.012629858478817
01/11/2031 04:00,3.5951206217007132
01/11/2031 05:00,0.0
01/11/2031 06:00,0.0
01/11/2031 07:00,0.0
01/11/2031 08:00,0.0
01/11/2031 09:00,0.0
01/11/2031 10:00,0.0
01/11/2031 11:00,0.0
01/11/2031 12:00,0.0
01/11/2031 13:00,0.0
01/11/2031 14:00,0.0
01/11/2031 15:00,0.0
01/11/2031 16:00,0.0
01/11/2031 17:00,50.4509958029547
01/11/2031 18:00,41.01900180904726
01/11/2031 19:00,1.7879275877263459
01/11/2031 20:00,0.0
01/11/2031 21:00,0.0
01/11/2031 22:00,0.0
01/11/2031 23:00,0.0
02/11/2031 00:00,0.0
02/11/2031 01:00,0.0
02/11/2031 02:00,0.0
02/11/2031 03:00,0.0
02/11/2031 04:00,0.0
02/11/2031 05:00,0.0
02/11/2031 06:00,0.0
02/11/2031 07:00,5.341433282379268
02/11/2031 08:00,0.0
02/11/2031 09:00,0.0
02/11/2031 10:00,19.6156319937784
02/11/2031 11:00,0.0
02/11/2031 12:00,0.0
02/11/2031 13:00,0.0
02/11/2031 14:00,0.0
02/11/2031 15:00,0.0
02/11/2031 16:00,19.93106992806513
02/11/2031 17:00,4.808374543251409
02/11/2031 18:00,43.17420016210606
02/11/2031 19:00,154.0045241094623
02/11/2031 20:00,147.34884116244177
02/11/2031 21:00,134.2849485118877
02/11/2031 22:00,85.23903070994596
02/11/2031 23:00,58.043004489206794
03/11/2031 00:00,37.18666194850794
03/11/2031 01:00,32.232899457639725
03/11/2031 02:00,19.998940084541065
03/11/2031 03:00,13.818771940628315
03/11/2031 04:00,16.915369109231616
03/11/2031 05:00,30.089637159285502
03/11/2031 06:00,56.951936827156665
03/11/2031 07:00,90.66022253892481
03/11/2031 08:00,94.09562811740204
03/11/2031 09:00,7.046118110410374
03/11/2031 10:00,29.068992577846004
03/11/2031 11:00,43.547279451054536
03/11/2031 12:00,58.47514376250052
03/11/2031 13:00,36.26918602749674
03/11/2031 14:00,0.0
03/11/2031 15:00,16.623386180540503
03/11/2031 16:00,49.375342526935235
03/11/2031 17:00,137.2192301864405
03/11/2031 18:00,56.09819015084344
03/11/2031 19:00,76.0093370591831
03/11/2031 20:00,66.88469322337916
03/11/2031 21:00,90.03732870767554
03/11/2031 22:00,152.62676929179975
03/11/2031 23:00,79.98747328431674
04/11/2031 00:00,12.608572354391558
04/11/2031 01:00,60.87399083595394
04/11/2031 02:00,96.71499538271806
04/11/2031 03:00,91.06865230013224
04/11/2031 04:00,79.61356645888037
04/11/2031 05:00,76.4446274434744
04/11/2031 06:00,85.57201865555902
04/11/2031 07:00,84.26031548419738
04/11/2031 08:00,97.48408954983361
04/11/2031 09:00,64.48300143873179
04/11/2031 10:00,143.62205559675397
04/11/2031 11:00,0.0
04/11/2031 12:00,87.71830147950607
04/11/2031 13:00,80.9837282235348
04/11/2031 14:00,100.44097645735802
04/11/2031 15:00,16.328361826308026
04/11/2031 16:00,78.33802144917786
04/11/2031 17:00,49.73850511788987
04/11/2031 18:00,0.0
04/11/2031 19:00,87.15843985615338
04/11/2031 20:00,0.0
04/11/2031 21:00,0.0
04/11/2031 22:00,0.0
04/11/2031 23:00,58.440314982007614
05/11/2031 00:00,86.96887898093932
05/11/2031 01:00,96.53639100608008
05/11/2031 02:00,85.88124558648393
05/11/2031 03:00,79.30229980294837
05/11/2031 04:00,73.0130963755261
05/11/2031 05:00,65.57719978047741
05/11/2031 06:00,58.5297348645028
05/11/2031 07:00,48.927498907401144
05/11/2031 08:00,31.914046987925673
05/11/2031 09:00,55.517851181916456
05/11/2031 10:00,0.0
05/11/2031 11:00,0.0
05/11/2031 12:00,0.0
05/11/2031 13:00,0.0
05/11/2031 14:00,0.0
05/11/2031 15:00,0.0
05/11/2031 16:00,0.0
05/11/2031 17:00,0.0
05/11/2031 18:00,0.0
05/11/2031 19:00,0.0
05/11/2031 20:00,0.0
05/11/2031 21:00,0.0
05/11/2031 22:00,36.710186684449525
05/11/2031 23:00,0.0
06/11/2031 00:00,0.0
06/11/2031 01:00,0.0
06/11/2031 02:00,0.0
06/11/2031 03:00,0.0
06/11/2031 04:00,0.0
06/11/2031 05:00,0.0
06/11/2031 06:00,0.0
06/11/2031 07:00,0.0
06/11/2031 08:00,0.0
06/11/2031 09:00,0.0
06/11/2031 10:00,0.0
06/11/2031 11:00,0.0
06/11/2031 12:00,76.20622254562636
06/11/2031 13:00,98.59079620564422
06/11/2031 14:00,72.77093966083812
06/11/2031 15:00,0.0
06/11/2031 16:00,0.0
06/11/2031 17:00,0.0
06/11/2031 18:00,0.0
06/11/2031 19:00,0.0
06/11/2031 20:00,0.0
06/11/2031 21:00,0.0
06/11/2031 22:00,0.0
06/11/2031 23:00,0.0
07/11/2031 00:00,0.0
07/11/2031 01:00,0.0
07/11/2031 02:00,25.374477022094762
07/11/2031 03:00,67.51865482290006
07/11/2031 04:00,102.01210596394338
07/11/2031 05:00,100.60302569126927
07/11/2031 06:00,0.0
07/11/2031 07:00,0.0
07/11/2031 08:00,0.0
07/11/2031 09:00,0.0
07/11/2031 10:00,0.0
07/11/2031 11:00,11.99201017010073
07/11/2031 12:00,87.0689402205584
07/11/2031 13:00,78.5469488097027
07/11/2031 14:00,51.91756606223984
07/11/2031 15:00,0.0
07/11/2031 16:00,0.0
07/11/2031 17:00,0.0
07/11/2031 18:00,0.0
07/11/2031 19:00,0.0
07/11/2031 20:00,0.0
07/11/2031 21:00,0.0
07/11/2031 22:00,0.0
07/11/2031 23:00,0.0
08/11/2031 00:00,0.0
08/11/2031 01:00,0.0
08/11/2031 02:00,0.0
08/11/2031 03:00,0.0
08/11/2031 04:00,0.0
08/11/2031 05:00,0.0
08/11/2031 06:00,0.0
08/11/2031 07:00,0.0
08/11/2031 08:00,0.0
08/11/2031 09:00,0.0
08/11/2031 10:00,0.0
08/11/2031 11:00,0.0
08/11/2031 12:00,0.0
08/11/2031 13:00,0.0
08/11/2031 14:00,0.0
08/11/2031 15:00,0.0
08/11/2031 16:00,0.0
08/11/2031 17:00,0.0
08/11/2031 18:00,40.3408797736047
08/11/2031 19:00,0.0
08/11/2031 20:00,50.905409250517785
08/11/2031 21:00,8.29770656337758
08/11/2031 22:00,0.0
08/11/2031 23:00,27.739783771613652
09/11/2031 00:00,83.97561839063201
09/11/2031 01:00,134.8805881488915
09/11/2031 02:00,146.1472988018657
09/11/2031 03:00,158.85286678443435
09/11/2031 04:00,154.1923031349248
09/11/2031 05:00,129.6034583494737
09/11/2031 06:00,48.303293005003844
09/11/2031 07:00,12.996197506115985
09/11/2031 08:00,25.076994306120373
09/11/2031 09:00,24.219587537210156
09/11/2031 10:00,141.26449550325538
09/11/2031 11:00,118.1728285207345
09/11/2031 12:00,113.16854082726756
09/11/2031 13:00,98.28813330380082
09/11/2031 14:00,15.20725742890524
09/11/2031 15:00,52.66004185828558
09/11/2031 16:00,81.12774654119598
09/11/2031 17:00,121.10945556635865
09/11/2031 18:00,96.72145411183853
09/11/2031 19:00,49.480595237724884
09/11/2031 20:00,51.93764210393456
09/11/2031 21:00,50.15713406658697
09/11/2031 22:00,85.70007599037929
09/11/2031 23:00,120.81451093283896
10/11/2031 00:00,202.42931994352736
10/11/2031 01:00,101.63253795783737
10/11/2031 02:00,95.35137522693016
10/11/2031 03:00,95.4018634119201
10/11/2031 04:00,93.89288638943121
10/11/2031 05:00,92.20811362940042
10/11/2031 06:00,111.41443596093174
10/11/2031 07:00,102.9216590157015
10/11/2031 08:00,96.90435440841958
10/11/2031 09:00,107.5238444561236
10/11/2031 10:00,46.41957290363877
10/11/2031 11:00,100.42973329676681
10/11/2031 12:00,55.43914253249382
10/11/2031 13:00,47.769756578800376
10/11/2031 14:00,74.0703980194653
10/11/2031 15:00,40.98213852718713
10/11/2031 16:00,75.32228672590968
10/11/2031 17:00,122.89549569794754
10/11/2031 18:00,71.2112640529632
10/11/2031 19:00,50.746306736297576
10/11/2031 20:00,51.612558482321916
10/11/2031 21:00,49.372242067332145
10/11/2031 22:00,123.3995154596194
10/11/2031 23:00,130.72480807995836
11/11/2031 00:00,0.0
11/11/2031 01:00,61.70011678700478
11/11/2031 02:00,94.615760105948
11/11/2031 03:00,87.3942886980855
11/11/2031 04:00,81.88232359637591
11/11/2031 05:00,79.9317495373083
11/11/2031 06:00,82.74090961383202
11/11/2031 07:00,91.37611444968229
11/11/2031 08:00,95.91782619846374
11/11/2031 09:00,80.61580493392165
11/11/2031 10:00,52.08110189902442
11/11/2031 11:00,11.386507973903827
11/11/2031 12:00,48.68673986391039
11/11/2031 13:00,37.248150926615246
11/11/2031 14:00,45.55304271374005
11/11/2031 15:00,74.9536707673598
11/11/2031 16:00,22.470466586320974
11/11/2031 17:00,57.80256097790519
11/11/2031 18:00,11.658263945882991
11/11/2031 19:00,20.345629190274984
11/11/2031 20:00,38.96558950980906
11/11/2031 21:00,130.35587951874192
11/11/2031 22:00,4.754358000980677
11/11/2031 23:00,101.75014021836832
12/11/2031 00:00,91.3614356734204
12/11/2031 01:00,81.31748290616997
12/11/2031 02:00,72.04109256198306
12/11/2031 03:00,63.08376737180961
12/11/2031 04:00,57.185675855441936
12/11/2031 05:00,55.901294664496525
12/11/2031 06:00,59.161257274103946
12/11/2031 07:00,62.80198583421723
12/11/2031 08:00,59.42789098960518
12/11/2031 09:00,56.81894092441083
12/11/2031 10:00,120.11201692796939
12/11/2031 11:00,0.0
12/11/2031 12:00,48.31639505972406
12/11/2031 13:00,71.3150659313805
12/11/2031 14:00,81.6088604204139
12/11/2031 15:00,9.541898296328768
12/11/2031 16:00,0.0
12/11/2031 17:00,0.0
12/11/2031 18:00,0.0
12/11/2031 19:00,41.31088362087391
12/11/2031 20:00,0.0
12/11/2031 21:00,0.0
12/11/2031 22:00,0.0
12/11/2031 23:00,0.0
13/11/2031 00:00,0.0
13/11/2031 01:00,0.0
13/11/2031 02:00,0.0
13/11/2031 03:00,0.0
13/11/2031 04:00,0.0
13/11/2031 05:00,0.0
13/11/2031 06:00,0.0
13/11/2031 07:00,0.0
13/11/2031 08:00,0.0
13/11/2031 09:00,0.0
13/11/2031 10:00,0.0
13/11/2031 11:00,0.0
13/11/2031 12:00,0.0
13/11/2031 13:00,0.0
13/11/2031 14:00,0.0
13/11/2031 15:00,0.0
13/11/2031 16:00,0.0
13/11/2031 17:00,0.0
13/11/2031 18:00,0.0
13/11/2031 19:00,0.0
13/11/2031 20:00,0.0
13/11/2031 21:00,0.0
13/11/2031 22:00,0.0
13/11/2031 23:00,0.0
14/11/2031 00:00,0.0
14/11/2031 01:00,0.0
14/11/2031 02:00,0.0
14/11/2031 03:00,0.0
14/11/2031 04:00,0.0
14/11/2031 05:00,0.0
14/11/2031 06:00,0.0
14/11/2031 07:00,0.0
14/11/2031 08:00,0.0
14/11/2031 09:00,0.0
14/11/2031 10:00,0.0
14/11/2031 11:00,0.0
14/11/2031 12:00,0.0
14/11/2031 13:00,0.0
14/11/2031 14:00,0.0
14/11/2031 15:00,0.0
14/11/2031 16:00,0.0
14/11/2031 17:00,0.0
14/11/2031 18:00,0.0
14/11/2031 19:00,0.0
14/11/2031 20:00,0.0
14/11/2031 21:00,0.0
14/11/2031 22:00,0.0
14/11/2031 23:00,0.0
15/11/2031 00:00,0.0
15/11/2031 01:00,0.0
15/11/2031 02:00,0.0
15/11/2031 03:00,0.0
15/11/2031 04:00,0.0
15/11/2031 05:00,0.0
15/11/2031 06:00,0.0
15/11/2031 07:00,0.0
15/11/2031 08:00,0.0
15/11/2031 09:00,0.0
15/11/2031 10:00,0.0
15/11/2031 11:00,0.0
15/11/2031 12:00,0.0
15/11/2031 13:00,0.0
15/11/2031 14:00,0.0
15/11/2031 15:00,0.0
15/11/2031 16:00,0.0
15/11/2031 17:00,0.0
15/11/2031 18:00,0.0
15/11/2031 19:00,0.0
15/11/2031 20:00,0.0
15/11/2031 21:00,0.0
15/11/2031 22:00,0.0
15/11/2031 23:00,0.0
16/11/2031 00:00,0.0
16/11/2031 01:00,0.0
16/11/2031 02:00,0.0
16/11/2031 03:00,0.0
16/11/2031 04:00,3.782297616124934
16/11/2031 05:00,22.348184375786786
16/11/2031 06:00,47.51764931044054
16/11/2031 07:00,0.0
16/11/2031 08:00,0.0
16/11/2031 09:00,5.916844184208382
16/11/2031 10:00,0.0
16/11/2031 11:00,0.0
16/11/2031 12:00,0.0
16/11/2031 13:00,0.0
16/11/2031 14:00,0.0
16/11/2031 15:00,0.0
16/11/2031 16:00,0.0
16/11/2031 17:00,0.0
16/11/2031 18:00,0.0
16/11/2031 19:00,0.0
16/11/2031 20:00,0.1264904222349862
16/11/2031 21:00,22.563338281271736
16/11/2031 22:00,0.0
16/11/2031 23:00,9.498477277289503
17/11/2031 00:00,0.0
17/11/2031 01:00,47.55038467280476
17/11/2031 02:00,76.0548904326952
17/11/2031 03:00,88.36551873399199
17/11/2031 04:00,79.27461073128018
17/11/2031 05:00,59.097587366439726
17/11/2031 06:00,30.092303652050322
17/11/2031 07:00,0.0
17/11/2031 08:00,0.0
17/11/2031 09:00,0.0
17/11/2031 10:00,0.0
17/11/2031 11:00,43.975026328812966
17/11/2031 12:00,10.176804100476264
17/11/2031 13:00,0.0
17/11/2031 14:00,22.222645159513505
17/11/2031 15:00,0.0
17/11/2031 16:00,13.59807979191638
17/11/2031 17:00,91.30595233865829
17/11/2031 18:00,24.62758257962671
17/11/2031 19:00,114.5771784336623
17/11/2031 20:00,34.23178636634021
17/11/2031 21:00,14.567093693703452
17/11/2031 22:00,5.461144339565708
17/11/2031 23:00,101.29959233882519
18/11/2031 00:00,0.0
18/11/2031 01:00,23.48343162136732
18/11/2031 02:00,17.301628271511568
18/11/2031 03:00,13.735921790754912
18/11/2031 04:00,10.704375708906408
18/11/2031 05:00,9.454007722305004
18/11/2031 06:00,12.045097231618536
18/11/2031 07:00,21.813969041992507
18/11/2031 08:00,21.79184966965082
18/11/2031 09:00,38.04351324466125
18/11/2031 10:00,0.0
18/11/2031 11:00,0.0
18/11/2031 12:00,0.0
18/11/2031 13:00,0.0
18/11/2031 14:00,0.0
18/11/2031 15:00,0.0
18/11/2031 16:00,0.0
18/11/2031 17:00,0.0
18/11/2031 18:00,12.242986118250935
18/11/2031 19:00,0.0
18/11/2031 20:00,0.0
18/11/2031 21:00,0.0
18/11/2031 22:00,0.0
18/11/2031 23:00,0.0
19/11/2031 00:00,0.0
19/11/2031 01:00,0.0
19/11/2031 02:00,0.0
19/11/2031 03:00,0.0
19/11/2031 04:00,0.0
19/11/2031 05:00,0.0
19/11/2031 06:00,0.0
19/11/2031 07:00,0.0
19/11/2031 08:00,0.0
19/11/2031 09:00,48.31823202485657
19/11/2031 10:00,18.26628031786837
19/11/2031 11:00,0.0
19/11/2031 12:00,27.25707823488432
19/11/2031 13:00,0.0
19/11/2031 14:00,0.0
19/11/2031 15:00,0.0
19/11/2031 16:00,0.0
19/11/2031 17:00,0.0
19/11/2031 18:00,2.6112797150171057
19/11/2031 19:00,0.0
19/11/2031 20:00,0.0
19/11/2031 21:00,0.0
19/11/2031 22:00,0.0
19/11/2031 23:00,35.50842195322242
20/11/2031 00:00,28.94778350709466
20/11/2031 01:00,19.03653326695787
20/11/2031 02:00,105.65622609006854
20/11/2031 03:00,119.7223887057477
20/11/2031 04:00,119.58901612054335
20/11/2031 05:00,13.818330869714654
20/11/2031 06:00,32.771899371792266
20/11/2031 07:00,0.0
20/11/2031 08:00,0.0
20/11/2031 09:00,0.0
20/11/2031 10:00,0.0
20/11/2031 11:00,28.83763490826944
20/11/2031 12:00,0.09147717554664506
20/11/2031 13:00,0.0
20/11/2031 14:00,0.0
20/11/2031 15:00,0.0
20/11/2031 16:00,0.0
20/11/2031 17:00,48.6687336340697
20/11/2031 18:00,59.21670104128686
20/11/2031 19:00,27.78685590715865
20/11/2031 20:00,1.975958827354623
20/11/2031 21:00,30.540192817357088
20/11/2031 22:00,0.0
20/11/2031 23:00,64.38790265262953
21/11/2031 00:00,31.0322249607568
21/11/2031 01:00,39.14526207208244
21/11/2031 02:00,105.30617999996278
21/11/2031 03:00,124.93279813248265
21/11/2031 04:00,131.3808448229473
21/11/2031 05:00,25.713704623895584
21/11/2031 06:00,45.97383109770284
21/11/2031 07:00,0.0
21/11/2031 08:00,0.0
21/11/2031 09:00,15.480958713561915
21/11/2031 10:00,36.34734786859743
21/11/2031 11:00,107.7007571250553
21/11/2031 12:00,99.20084241324398
21/11/2031 13:00,58.70278588870205
21/11/2031 14:00,64.61857740093815
21/11/2031 15:00,54.807600721557456
21/11/2031 16:00,0.0
21/11/2031 17:00,0.0
21/11/2031 18:00,98.78089425968564
21/11/2031 19:00,0.0
21/11/2031 20:00,64.98063814300342
21/11/2031 21:00,0.0
21/11/2031 22:00,0.0
21/11/2031 23:00,53.675873273522626
22/11/2031 00:00,98.14781211437743
22/11/2031 01:00,93.2183336386711
22/11/2031 02:00,14.775842338431065
22/11/2031 03:00,117.94107177085326
22/11/2031 04:00,5.990888434202499
22/11/2031 05:00,6.737758935786249
22/11/2031 06:00,27.04038474723488
22/11/2031 07:00,0.0
22/11/2031 08:00,0.0
22/11/2031 09:00,35.77180036058622
22/11/2031 10:00,0.0
22/11/2031 11:00,92.22861873140556
22/11/2031 12:00,31.549082720966048
22/11/2031 13:00,12.396125277823012
22/11/2031 14:00,38.1962280127347
22/11/2031 15:00,0.22525787844580256
22/11/2031 16:00,0.0
22/11/2031 17:00,0.0
22/11/2031 18:00,0.0
22/11/2031 19:00,0.0
22/11/2031 20:00,0.0
22/11/2031 21:00,21.12358706029764
22/11/2031 22:00,2.9859604949116956
22/11/2031 23:00,0.0
23/11/2031 00:00,0.0
23/11/2031 01:00,0.0
23/11/2031 02:00,0.0
23/11/2031 03:00,2.9035280023246264
23/11/2031 04:00,12.672515754544603
23/11/2031 05:00,0.0
23/11/2031 06:00,0.0
23/11/2031 07:00,0.0
23/11/2031 08:00,0.0
23/11/2031 09:00,0.0
23/11/2031 10:00,0.0
23/11/2031 11:00,0.0
23/11/2031 12:00,0.0
23/11/2031 13:00,0.0
23/11/2031 14:00,5.171280276688511
23/11/2031 15:00,0.0
23/11/2031 16:00,0.0
23/11/2031 17:00,0.0
23/11/2031 18:00,0.0
23/11/2031 19:00,0.0
23/11/2031 20:00,0.0
23/11/2031 21:00,0.0
23/11/2031 22:00,14.196206232995973
23/11/2031 23:00,27.301267514933325
24/11/2031 00:00,31.20689105368636
24/11/2031 01:00,0.0
24/11/2031 02:00,29.228414191085264
24/11/2031 03:00,0.0
24/11/2031 04:00,25.343937646076704
24/11/2031 05:00,28.792943114755648
24/11/2031 06:00,37.73420287198309
24/11/2031 07:00,0.0
24/11/2031 08:00,0.0
24/11/2031 09:00,70.01677602041839
24/11/2031 10:00,10.74825217392356
24/11/2031 11:00,24.599359824061043
24/11/2031 12:00,73.37295528310902
24/11/2031 13:00,46.72194729317161
24/11/2031 14:00,48.654413302321736
24/11/2031 15:00,0.0
24/11/2031 16:00,0.0
24/11/2031 17:00,0.0
24/11/2031 18:00,0.0
24/11/2031 19:00,0.0
24/11/2031 20:00,95.56586400916869
24/11/2031 21:00,85.5428982533507
24/11/2031 22:00,46.33291352242752
24/11/2031 23:00,26.350692981173758
25/11/2031 00:00,72.432629049988
25/11/2031 01:00,49.68887800937154
25/11/2031 02:00,30.278771541346526
25/11/2031 03:00,7.768717614647019
25/11/2031 04:00,0.0
25/11/2031 05:00,0.0
25/11/2031 06:00,0.0
25/11/2031 07:00,0.0
25/11/2031 08:00,0.0
25/11/2031 09:00,0.0
25/11/2031 10:00,0.0
25/11/2031 11:00,4.218578675332131
25/11/2031 12:00,0.0
25/11/2031 13:00,8.240699772324987
25/11/2031 14:00,37.00200345212615
25/11/2031 15:00,0.0
25/11/2031 16:00,15.043438078691159
25/11/2031 17:00,72.7906146566174
25/11/2031 18:00,118.23391569926756
25/11/2031 19:00,129.91138754584424
25/11/2031 20:00,138.06215161221368
25/11/2031 21:00,111.6462398727116
25/11/2031 22:00,1.3216340850897026
25/11/2031 23:00,0.0
26/11/2031 00:00,1.4990405131139342
26/11/2031 01:00,74.519082032826
26/11/2031 02:00,54.25604510183212
26/11/2031 03:00,47.86048662307204
26/11/2031 04:00,50.80971986532487
26/11/2031 05:00,49.531664286766244
26/11/2031 06:00,40.053795070310514
26/11/2031 07:00,30.98236922204574
26/11/2031 08:00,23.144380404653123
26/11/2031 09:00,0.0
26/11/2031 10:00,0.0
26/11/2031 11:00,0.0
26/11/2031 12:00,0.0
26/11/2031 13:00,0.0
26/11/2031 14:00,0.0
26/11/2031 15:00,0.0
26/11/2031 16:00,0.0
26/11/2031 17:00,0.0
26/11/2031 18:00,0.0
26/11/2031 19:00,0.0
26/11/2031 20:00,0.0
26/11/2031 21:00,0.0
26/11/2031 22:00,0.0
26/11/2031 23:00,0.0
27/11/2031 00:00,0.0
27/11/2031 01:00,0.0
27/11/2031 02:00,12.480753744607691
27/11/2031 03:00,101.35159251222711
27/11/2031 04:00,24.993519332983162
27/11/2031 05:00,27.679947874995122
27/11/2031 06:00,45.58149218405402
27/11/2031 07:00,0.0
27/11/2031 08:00,0.0
27/11/2031 09:00,0.0
27/11/2031 10:00,67.01892433994188
27/11/2031 11:00,0.0
27/11/2031 12:00,0.0
27/11/2031 13:00,0.0
27/11/2031 14:00,0.0
27/11/2031 15:00,0.0
27/11/2031 16:00,0.0
27/11/2031 17:00,0.0
27/11/2031 18:00,0.0
27/11/2031 19:00,0.0
27/11/2031 20:00,0.0
27/11/2031 21:00,0.0
27/11/2031 22:00,0.0
27/11/2031 23:00,0.0
28/11/2031 00:00,0.0
28/11/2031 01:00,0.0
28/11/2031 02:00,0.0
28/11/2031 03:00,0.0
28/11/2031 04:00,1.8060625325398643
28/11/2031 05:00,9.083874272360157
28/11/2031 06:00,25.547347852118698
28/11/2031 07:00,4.765616600351414
28/11/2031 08:00,0.0
28/11/2031 09:00,0.0
28/11/2031 10:00,3.9127079802555524
28/11/2031 11:00,0.0
28/11/2031 12:00,17.403433326411285
28/11/2031 13:00,0.0
28/11/2031 14:00,0.0
28/11/2031 15:00,0.0
28/11/2031 16:00,0.0
28/11/2031 17:00,0.0
28/11/2031 18:00,0.0
28/11/2031 19:00,0.0
28/11/2031 20:00,0.0
28/11/2031 21:00,0.0
28/11/2031 22:00,0.0
28/11/2031 23:00,0.0
29/11/2031 00:00,0.0
29/11/2031 01:00,0.0
29/11/2031 02:00,0.0
29/11/2031 03:00,0.0
29/11/2031 04:00,75.39592273876036
29/11/2031 05:00,93.70071988211842
29/11/2031 06:00,70.98092726737212
29/11/2031 07:00,0.0
29/11/2031 08:00,0.0
29/11/2031 09:00,0.0
29/11/2031 10:00,1.8660032117875842
29/11/2031 11:00,39.430152016721365
29/11/2031 12:00,0.0
29/11/2031 13:00,0.0
29/11/2031 14:00,8.70438086732297
29/11/2031 15:00,0.0
29/11/2031 16:00,0.0
29/11/2031 17:00,29.77057271158239
29/11/2031 18:00,0.0
29/11/2031 19:00,0.0
29/11/2031 20:00,0.0
29/11/2031 21:00,0.0
29/11/2031 22:00,0.0
29/11/2031 23:00,0.0
30/11/2031 00:00,0.0
30/11/2031 01:00,0.0
30/11/2031 02:00,0.0
30/11/2031 03:00,0.0
30/11/2031 04:00,0.0
30/11/2031 05:00,0.0
30/11/2031 06:00,0.0
30/11/2031 07:00,0.0
30/11/2031 08:00,0.0
30/11/2031 09:00,0.0
30/11/2031 10:00,0.0
30/11/2031 11:00,0.0
30/11/2031 12:00,0.0
30/11/2031 13:00,0.0
30/11/2031 14:00,0.0
30/11/2031 15:00,0.0
30/11/2031 16:00,39.120117392372755
30/11/2031 17:00,117.78708424100921
30/11/2031 18:00,61.66686345380713
30/11/2031 19:00,40.3963117025358
30/11/2031 20:00,43.46388116280927
30/11/2031 21:00,39.66946306434104
30/11/2031 22:00,118.2539483559398
30/11/2031 23:00,156.35214640859866
01/12/2031 00:00,134.17032656735586
01/12/2031 01:00,220.99718446900746
01/12/2031 02:00,104.84278937524392
01/12/2031 03:00,212.75778195065553
01/12/2031 04:00,102.96991762770465
01/12/2031 05:00,107.48791395248166
01/12/2031 06:00,131.02050951754683
01/12/2031 07:00,52.12440019122483
01/12/2031 08:00,63.55962374395956
01/12/2031 09:00,112.3054980585248
01/12/2031 10:00,49.96400704811802
01/12/2031 11:00,93.54230996075565
01/12/2031 12:00,58.63207782741843
01/12/2031 13:00,0.0
01/12/2031 14:00,57.025903069887576
01/12/2031 15:00,0.0
01/12/2031 16:00,174.35811776210113
01/12/2031 17:00,118.88098634397777
01/12/2031 18:00,24.871565915832303
01/12/2031 19:00,15.463120004682384
01/12/2031 20:00,10.57736141533815
01/12/2031 21:00,35.747970939034076
01/12/2031 22:00,143.68841923757998
01/12/2031 23:00,125.12529258865743
02/12/2031 00:00,0.0
02/12/2031 01:00,38.42673967677304
02/12/2031 02:00,36.36436253503691
02/12/2031 03:00,103.85414568889118
02/12/2031 04:00,27.593774939901323
02/12/2031 05:00,24.941654692186074
02/12/2031 06:00,30.54129309783473
02/12/2031 07:00,35.733213793586565
02/12/2031 08:00,4.511610584545654
02/12/2031 09:00,35.64695173436913
02/12/2031 10:00,11.379883853945165
02/12/2031 11:00,92.60348901871818
02/12/2031 12:00,90.36376429356876
02/12/2031 13:00,84.20457564415739
02/12/2031 14:00,22.094467673285596
02/12/2031 15:00,114.46440818344985
02/12/2031 16:00,36.915268196016115
02/12/2031 17:00,61.99657195474116
02/12/2031 18:00,87.72181369454785
02/12/2031 19:00,0.0
02/12/2031 20:00,0.0
02/12/2031 21:00,0.0
02/12/2031 22:00,77.35209519256831
02/12/2031 23:00,0.0
03/12/2031 00:00,30.88556378883973
03/12/2031 01:00,40.45723257519645
03/12/2031 02:00,31.595621385859374
03/12/2031 03:00,24.250453295250587
03/12/2031 04:00,20.064548317398515
03/12/2031 05:00,18.569092229911643
03/12/2031 06:00,19.92380509357875
03/12/2031 07:00,24.587825228333674
03/12/2031 08:00,26.29510602795761
03/12/2031 09:00,5.287841121642189
03/12/2031 10:00,0.0
03/12/2031 11:00,29.317443049974745
03/12/2031 12:00,41.90469320695222
03/12/2031 13:00,33.677263536121714
03/12/2031 14:00,0.0
03/12/2031 15:00,0.0
03/12/2031 16:00,0.0
03/12/2031 17:00,25.029005358745138
03/12/2031 18:00,0.0
03/12/2031 19:00,75.85647817930072
03/12/2031 20:00,0.0
03/12/2031 21:00,0.0
03/12/2031 22:00,0.0
03/12/2031 23:00,0.0
04/12/2031 00:00,70.12244651363557
04/12/2031 01:00,74.31904268047536
04/12/2031 02:00,0.0
04/12/2031 03:00,81.87943776249467
04/12/2031 04:00,79.69345150499956
04/12/2031 05:00,0.0
04/12/2031 06:00,29.513712755825402
04/12/2031 07:00,0.0
04/12/2031 08:00,0.0
04/12/2031 09:00,0.0
04/12/2031 10:00,100.6285722898231
04/12/2031 11:00,0.0
04/12/2031 12:00,19.424044264294068
04/12/2031 13:00,16.08237559829217
04/12/2031 14:00,0.0
04/12/2031 15:00,0.0
04/12/2031 16:00,29.277954356080095
04/12/2031 17:00,81.31736999866366
04/12/2031 18:00,0.0
04/12/2031 19:00,0.0
04/12/2031 20:00,0.0
04/12/2031 21:00,0.0
04/12/2031 22:00,70.6249117987999
04/12/2031 23:00,0.0
05/12/2031 00:00,48.738027687941496
05/12/2031 01:00,46.05017859962764
05/12/2031 02:00,82.58910984530567
05/12/2031 03:00,99.04826644578871
05/12/2031 04:00,102.10260435143422
05/12/2031 05:00,84.17350261843406
05/12/2031 06:00,0.0
05/12/2031 07:00,75.862597331545
05/12/2031 08:00,14.312833528227463
05/12/2031 09:00,0.0
05/12/2031 10:00,67.4289224454877
05/12/2031 11:00,150.66502676488997
05/12/2031 12:00,112.15311263713478
05/12/2031 13:00,112.2273294585742
05/12/2031 14:00,113.32751777176378
05/12/2031 15:00,55.85790642156172
05/12/2031 16:00,64.66748836736144
05/12/2031 17:00,58.008017803656436
05/12/2031 18:00,0.0
05/12/2031 19:00,0.0
05/12/2031 20:00,0.0
05/12/2031 21:00,19.984550260055926
05/12/2031 22:00,67.78196838348222
05/12/2031 23:00,46.57974767975598
06/12/2031 00:00,62.011095234815734
06/12/2031 01:00,46.73159843891359
06/12/2031 02:00,35.3435738586886
06/12/2031 03:00,28.464539758299928
06/12/2031 04:00,25.354621307023493
06/12/2031 05:00,26.8404014918613
06/12/2031 06:00,35.18653402968896
06/12/2031 07:00,41.567726199547245
06/12/2031 08:00,46.63893957814212
06/12/2031 09:00,38.7134028333301
06/12/2031 10:00,0.0
06/12/2031 11:00,70.63924506903552
06/12/2031 12:00,59.58110051038735
06/12/2031 13:00,0.0
06/12/2031 14:00,61.688108528898994
06/12/2031 15:00,99.12365241572732
06/12/2031 16:00,60.43042219854202
06/12/2031 17:00,62.382409580613434
06/12/2031 18:00,0.0
06/12/2031 19:00,0.0
06/12/2031 20:00,0.0
06/12/2031 21:00,0.0
06/12/2031 22:00,78.85734493896994
06/12/2031 23:00,62.447531458997624
07/12/2031 00:00,50.82244234062358
07/12/2031 01:00,35.84370391966525
07/12/2031 02:00,24.83979557982624
07/12/2031 03:00,35.845632891954295
07/12/2031 04:00,41.6341227663671
07/12/2031 05:00,18.306174109418006
07/12/2031 06:00,30.98088514481318
07/12/2031 07:00,46.62812169792739
07/12/2031 08:00,17.64293760850332
07/12/2031 09:00,46.4113444546244
07/12/2031 10:00,17.00286697710256
07/12/2031 11:00,24.153251673419682
07/12/2031 12:00,114.51871987452547
07/12/2031 13:00,78.8426462891234
07/12/2031 14:00,75.3774781000937
07/12/2031 15:00,35.252559189498015
07/12/2031 16:00,0.0
07/12/2031 17:00,0.0
07/12/2031 18:00,0.0
07/12/2031 19:00,0.0
07/12/2031 20:00,0.0
07/12/2031 21:00,0.0
07/12/2031 22:00,0.0
07/12/2031 23:00,0.0
08/12/2031 00:00,0.0
08/12/2031 01:00,0.0
08/12/2031 02:00,16.94622800151807
08/12/2031 03:00,0.0
08/12/2031 04:00,28.776525273557382
08/12/2031 05:00,48.15567373754806
08/12/2031 06:00,0.0
08/12/2031 07:00,0.0
08/12/2031 08:00,0.0
08/12/2031 09:00,0.0
08/12/2031 10:00,2.4063466678031493
08/12/2031 11:00,70.39817976351064
08/12/2031 12:00,61.16307595020343
08/12/2031 13:00,88.42504782537681
08/12/2031 14:00,9.76820492982557
08/12/2031 15:00,12.490220441470921
08/12/2031 16:00,22.46840823905398
08/12/2031 17:00,0.0
08/12/2031 18:00,0.0
08/12/2031 19:00,0.0
08/12/2031 20:00,0.0
08/12/2031 21:00,23.08340647273545
08/12/2031 22:00,0.0
08/12/2031 23:00,11.145416511462695
09/12/2031 00:00,0.0
09/12/2031 01:00,0.0
09/12/2031 02:00,0.0
09/12/2031 03:00,0.0
09/12/2031 04:00,0.0
09/12/2031 05:00,0.0
09/12/2031 06:00,0.0
09/12/2031 07:00,0.0
09/12/2031 08:00,2.650611727624235
09/12/2031 09:00,16.768826257672636
09/12/2031 10:00,17.698311637398476
09/12/2031 11:00,0.0
09/12/2031 12:00,0.0
09/12/2031 13:00,0.0
09/12/2031 14:00,0.0
09/12/2031 15:00,0.0
09/12/2031 16:00,0.0
09/12/2031 17:00,0.0
09/12/2031 18:00,0.0
09/12/2031 19:00,0.0
09/12/2031 20:00,0.0
09/12/2031 21:00,0.0
09/12/2031 22:00,0.0
09/12/2031 23:00,0.0
10/12/2031 00:00,0.0
10/12/2031 01:00,0.0
10/12/2031 02:00,0.0
10/12/2031 03:00,0.0
10/12/2031 04:00,0.0
10/12/2031 05:00,0.0
10/12/2031 06:00,0.0
10/12/2031 07:00,0.0
10/12/2031 08:00,0.0
10/12/2031 09:00,0.0
10/12/2031 10:00,0.0
10/12/2031 11:00,77.02791394953891
10/12/2031 12:00,177.66683630768645
10/12/2031 13:00,0.0
10/12/2031 14:00,0.0
10/12/2031 15:00,143.56200298485706
10/12/2031 16:00,30.43527505540665
10/12/2031 17:00,0.0
10/12/2031 18:00,0.0
10/12/2031 19:00,0.0
10/12/2031 20:00,0.0
10/12/2031 21:00,0.0
10/12/2031 22:00,0.0
10/12/2031 23:00,0.0
11/12/2031 00:00,0.0
11/12/2031 01:00,0.0
11/12/2031 02:00,0.0
11/12/2031 03:00,0.0
11/12/2031 04:00,0.0
11/12/2031 05:00,0.0
11/12/2031 06:00,0.0
11/12/2031 07:00,0.0
11/12/2031 08:00,0.0
11/12/2031 09:00,0.0
11/12/2031 10:00,0.0
11/12/2031 11:00,0.0
11/12/2031 12:00,0.0
11/12/2031 13:00,0.0
11/12/2031 14:00,0.0
11/12/2031 15:00,0.0
11/12/2031 16:00,0.0
11/12/2031 17:00,0.0
11/12/2031 18:00,34.668279717833464
11/12/2031 19:00,0.0
11/12/2031 20:00,0.0
11/12/2031 21:00,0.0
11/12/2031 22:00,0.0
11/12/2031 23:00,0.0
12/12/2031 00:00,0.0
12/12/2031 01:00,0.0
12/12/2031 02:00,0.0
12/12/2031 03:00,0.0
12/12/2031 04:00,0.0
12/12/2031 05:00,0.0
12/12/2031 06:00,0.0
12/12/2031 07:00,0.0
12/12/2031 08:00,0.0
12/12/2031 09:00,0.0
12/12/2031 10:00,0.0
12/12/2031 11:00,0.0
12/12/2031 12:00,0.0
12/12/2031 13:00,0.0
12/12/2031 14:00,0.0
12/12/2031 15:00,0.0
12/12/2031 16:00,0.0
12/12/2031 17:00,0.0
12/12/2031 18:00,0.0
12/12/2031 19:00,0.0
12/12/2031 20:00,0.0
12/12/2031 21:00,0.0
12/12/2031 22:00,0.0
12/12/2031 23:00,0.0
13/12/2031 00:00,0.0
13/12/2031 01:00,0.0
13/12/2031 02:00,0.0
13/12/2031 03:00,0.0
13/12/2031 04:00,0.0
13/12/2031 05:00,0.0
13/12/2031 06:00,0.0
13/12/2031 07:00,0.0
13/12/2031 08:00,0.0
13/12/2031 09:00,0.0
13/12/2031 10:00,0.0
13/12/2031 11:00,0.0
13/12/2031 12:00,0.0
13/12/2031 13:00,0.0
13/12/2031 14:00,0.0
13/12/2031 15:00,0.0
13/12/2031 16:00,0.0
13/12/2031 17:00,0.0
13/12/2031 18:00,0.0
13/12/2031 19:00,0.0
13/12/2031 20:00,0.0
13/12/2031 21:00,0.0
13/12/2031 22:00,0.0
13/12/2031 23:00,0.0
14/12/2031 00:00,0.0
14/12/2031 01:00,0.0
14/12/2031 02:00,0.0
14/12/2031 03:00,0.0
14/12/2031 04:00,0.0
14/12/2031 05:00,0.0
14/12/2031 06:00,0.0
14/12/2031 07:00,0.0
14/12/2031 08:00,0.0
14/12/2031 09:00,0.0
14/12/2031 10:00,0.0
14/12/2031 11:00,0.0
14/12/2031 12:00,0.0
14/12/2031 13:00,0.0
14/12/2031 14:00,0.0
14/12/2031 15:00,0.0
14/12/2031 16:00,0.0
14/12/2031 17:00,0.0
14/12/2031 18:00,43.49341855383576
14/12/2031 19:00,48.72896258229631
14/12/2031 20:00,55.42393931981885
14/12/2031 21:00,59.40785512387303
14/12/2031 22:00,70.9241314598972
14/12/2031 23:00,57.18281471081406
15/12/2031 00:00,52.630331131747276
15/12/2031 01:00,38.1684114784797
15/12/2031 02:00,36.57732126853282
15/12/2031 03:00,52.296389367111864
15/12/2031 04:00,60.801276818067485
15/12/2031 05:00,68.83198958209678
15/12/2031 06:00,90.91013793449648
15/12/2031 07:00,93.92683945851564
15/12/2031 08:00,37.01640284304153
15/12/2031 09:00,101.03736779083903
15/12/2031 10:00,84.74496389286898
15/12/2031 11:00,18.788705888881488
15/12/2031 12:00,22.617128452873388
15/12/2031 13:00,0.0
15/12/2031 14:00,86.6921154945422
15/12/2031 15:00,7.425312190923932
15/12/2031 16:00,52.56806868227158
15/12/2031 17:00,116.27816344393405
15/12/2031 18:00,41.16896467444902
15/12/2031 19:00,39.845879872906956
15/12/2031 20:00,34.1695043037734
15/12/2031 21:00,51.231607685633456
15/12/2031 22:00,115.9364745029203
15/12/2031 23:00,93.66191265283362
16/12/2031 00:00,0.0
16/12/2031 01:00,61.01440209785703
16/12/2031 02:00,103.05011578694331
16/12/2031 03:00,115.4165724997882
16/12/2031 04:00,144.26349956495235
16/12/2031 05:00,136.1536583285254
16/12/2031 06:00,80.77142106841448
16/12/2031 07:00,39.22192362013866
16/12/2031 08:00,0.0
16/12/2031 09:00,28.07591861870348
16/12/2031 10:00,84.46745540874778
16/12/2031 11:00,158.7690301879972
16/12/2031 12:00,134.84602860159296
16/12/2031 13:00,100.64093985652698
16/12/2031 14:00,15.060714059234787
16/12/2031 15:00,87.9270131575003
16/12/2031 16:00,13.123684808752312
16/12/2031 17:00,0.0
16/12/2031 18:00,0.0
16/12/2031 19:00,80.65281720507714
16/12/2031 20:00,118.41366331968017
16/12/2031 21:00,5.974348807295896
16/12/2031 22:00,0.0
16/12/2031 23:00,52.280348182866526
17/12/2031 00:00,40.10641223999139
17/12/2031 01:00,27.804801426342728
17/12/2031 02:00,9.096911205056124
17/12/2031 03:00,0.0
17/12/2031 04:00,0.0
17/12/2031 05:00,0.0
17/12/2031 06:00,0.0
17/12/2031 07:00,0.0
17/12/2031 08:00,0.0
17/12/2031 09:00,0.0
17/12/2031 10:00,0.0
17/12/2031 11:00,0.0
17/12/2031 12:00,0.0
17/12/2031 13:00,0.0
17/12/2031 14:00,0.0
17/12/2031 15:00,0.0
17/12/2031 16:00,0.0
17/12/2031 17:00,0.0
17/12/2031 18:00,0.0
17/12/2031 19:00,0.0
17/12/2031 20:00,0.0
17/12/2031 21:00,0.0
17/12/2031 22:00,0.0
17/12/2031 23:00,0.0
18/12/2031 00:00,0.0
18/12/2031 01:00,0.0
18/12/2031 02:00,0.0
18/12/2031 03:00,0.0
18/12/2031 04:00,0.0
18/12/2031 05:00,0.0
18/12/2031 06:00,0.0
18/12/2031 07:00,0.0
18/12/2031 08:00,0.0
18/12/2031 09:00,0.0
18/12/2031 10:00,0.0
18/12/2031 11:00,0.0
18/12/2031 12:00,0.0
18/12/2031 13:00,0.0
18/12/2031 14:00,0.0
18/12/2031 15:00,0.0
18/12/2031 16:00,0.0
18/12/2031 17:00,62.41262757030154
18/12/2031 18:00,111.06843625432336
18/12/2031 19:00,61.37498036568632
18/12/2031 20:00,20.626655961843593
18/12/2031 21:00,18.280161594408625
18/12/2031 22:00,67.01261220411399
18/12/2031 23:00,97.49533510944107
19/12/2031 00:00,91.44525685925784
19/12/2031 01:00,79.43108313749762
19/12/2031 02:00,182.7363857358401
19/12/2031 03:00,72.97246137378512
19/12/2031 04:00,75.14187830880863
19/12/2031 05:00,134.75624819791864
19/12/2031 06:00,113.92866822022886
19/12/2031 07:00,47.01510455335096
19/12/2031 08:00,74.71961375531309
19/12/2031 09:00,54.821016041485116
19/12/2031 10:00,105.56523154340775
19/12/2031 11:00,76.70375553099723
19/12/2031 12:00,115.05594327010864
19/12/2031 13:00,90.51005863909886
19/12/2031 14:00,108.449809721654
19/12/2031 15:00,48.155491707361456
19/12/2031 16:00,154.6928109647089
19/12/2031 17:00,126.08110499009729
19/12/2031 18:00,46.091977750860096
19/12/2031 19:00,57.14158537177331
19/12/2031 20:00,64.08663570676906
19/12/2031 21:00,49.58965797413145
19/12/2031 22:00,95.68056195341353
19/12/2031 23:00,67.96675181694022
20/12/2031 00:00,53.14059269880961
20/12/2031 01:00,28.08150316384676
20/12/2031 02:00,44.42905368814484
20/12/2031 03:00,41.15126632447748
20/12/2031 04:00,87.2749236774882
20/12/2031 05:00,64.50072493417518
20/12/2031 06:00,0.0
20/12/2031 07:00,0.0
20/12/2031 08:00,0.0
20/12/2031 09:00,0.0
20/12/2031 10:00,0.0
20/12/2031 11:00,0.0
20/12/2031 12:00,0.0
20/12/2031 13:00,0.0
20/12/2031 14:00,0.0
20/12/2031 15:00,0.0
20/12/2031 16:00,0.0
20/12/2031 17:00,0.0
20/12/2031 18:00,0.0
20/12/2031 19:00,0.0
20/12/2031 20:00,0.0
20/12/2031 21:00,0.0
20/12/2031 22:00,0.0
20/12/2031 23:00,0.0
21/12/2031 00:00,0.0
21/12/2031 01:00,26.15470363252479
21/12/2031 02:00,0.0
21/12/2031 03:00,0.0
21/12/2031 04:00,12.79525320407946
21/12/2031 05:00,32.13502799919159
21/12/2031 06:00,65.34651680646684
21/12/2031 07:00,60.55014972667183
21/12/2031 08:00,11.695484673678406
21/12/2031 09:00,6.871354475751967
21/12/2031 10:00,65.61842532103765
21/12/2031 11:00,20.312336192934122
21/12/2031 12:00,11.348956279737806
21/12/2031 13:00,19.337151583899708
21/12/2031 14:00,11.125578020123033
21/12/2031 15:00,0.0
21/12/2031 16:00,0.0
21/12/2031 17:00,0.0
21/12/2031 18:00,0.0
21/12/2031 19:00,0.0
21/12/2031 20:00,0.0
21/12/2031 21:00,0.0
21/12/2031 22:00,55.60233284294604
21/12/2031 23:00,20.022140531490894
22/12/2031 00:00,0.0
22/12/2031 01:00,0.0
22/12/2031 02:00,0.0
22/12/2031 03:00,48.052695990186585
22/12/2031 04:00,0.0
22/12/2031 05:00,0.0
22/12/2031 06:00,0.0
22/12/2031 07:00,0.0
22/12/2031 08:00,0.0
22/12/2031 09:00,0.0
22/12/2031 10:00,0.0
22/12/2031 11:00,0.0
22/12/2031 12:00,0.0
22/12/2031 13:00,0.0
22/12/2031 14:00,0.0
22/12/2031 15:00,0.0
22/12/2031 16:00,0.0
22/12/2031 17:00,0.0
22/12/2031 18:00,0.0
22/12/2031 19:00,0.0
22/12/2031 20:00,0.0
22/12/2031 21:00,0.0
22/12/2031 22:00,0.0
22/12/2031 23:00,0.0
23/12/2031 00:00,0.0
23/12/2031 01:00,0.0
23/12/2031 02:00,0.0
23/12/2031 03:00,0.0
23/12/2031 04:00,0.0
23/12/2031 05:00,0.0
23/12/2031 06:00,0.0
23/12/2031 07:00,0.0
23/12/2031 08:00,0.0
23/12/2031 09:00,0.0
23/12/2031 10:00,0.0
23/12/2031 11:00,0.0
23/12/2031 12:00,0.0
23/12/2031 13:00,0.0
23/12/2031 14:00,0.0
23/12/2031 15:00,0.0
23/12/2031 16:00,0.0
23/12/2031 17:00,0.0
23/12/2031 18:00,0.0
23/12/2031 19:00,0.0
23/12/2031 20:00,0.0
23/12/2031 21:00,0.0
23/12/2031 22:00,0.0
23/12/2031 23:00,0.0
24/12/2031 00:00,0.0
24/12/2031 01:00,0.0
24/12/2031 02:00,0.0
24/12/2031 03:00,0.0
24/12/2031 04:00,0.0
24/12/2031 05:00,0.0
24/12/2031 06:00,0.0
24/12/2031 07:00,0.0
24/12/2031 08:00,0.0
24/12/2031 09:00,0.0
24/12/2031 10:00,0.0
24/12/2031 11:00,0.0
24/12/2031 12:00,7.077118456582766
24/12/2031 13:00,0.0
24/12/2031 14:00,0.0
24/12/2031 15:00,0.0
24/12/2031 16:00,0.0
24/12/2031 17:00,20.07126689929514
24/12/2031 18:00,0.0
24/12/2031 19:00,0.0
24/12/2031 20:00,0.0
24/12/2031 21:00,0.0
24/12/2031 22:00,23.50921723702028
24/12/2031 23:00,31.74468386304566
25/12/2031 00:00,38.44169202062668
25/12/2031 01:00,31.449977256513417
25/12/2031 02:00,31.721787801503922
25/12/2031 03:00,35.19588050834486
25/12/2031 04:00,35.87844985964099
25/12/2031 05:00,33.44239000505496
25/12/2031 06:00,36.57731581611694
25/12/2031 07:00,43.222947892159084
25/12/2031 08:00,42.70314444688532
25/12/2031 09:00,42.64515559258696
25/12/2031 10:00,18.17565277859785
25/12/2031 11:00,0.0
25/12/2031 12:00,56.48473574305582
25/12/2031 13:00,31.71075536409158
25/12/2031 14:00,30.291429596070152
25/12/2031 15:00,10.043481288801345
25/12/2031 16:00,0.0
25/12/2031 17:00,42.149085892078155
25/12/2031 18:00,95.87051561466127
25/12/2031 19:00,64.83803926750304
25/12/2031 20:00,16.455525116889362
25/12/2031 21:00,0.0
25/12/2031 22:00,17.725014742666477
25/12/2031 23:00,80.72996714070125
26/12/2031 00:00,64.32149028212156
26/12/2031 01:00,58.53379789095561
26/12/2031 02:00,90.77138331310941
26/12/2031 03:00,100.55492195699024
26/12/2031 04:00,97.02758059099348
26/12/2031 05:00,72.59155332901544
26/12/2031 06:00,65.23180610327704
26/12/2031 07:00,50.589738613110626
26/12/2031 08:00,2.494471511601897
26/12/2031 09:00,5.320152551873415
26/12/2031 10:00,64.97242671832404
26/12/2031 11:00,41.62974743904754
26/12/2031 12:00,96.87363588319067
26/12/2031 13:00,59.946462608458845
26/12/2031 14:00,59.961474855224445
26/12/2031 15:00,77.01930849057706
26/12/2031 16:00,22.357616628181358
26/12/2031 17:00,100.74172533627457
26/12/2031 18:00,130.59151094669758
26/12/2031 19:00,103.77178361741748
26/12/2031 20:00,74.71554861012207
26/12/2031 21:00,67.16933948345641
26/12/2031 22:00,130.79244209288632
26/12/2031 23:00,33.83659825050399
27/12/2031 00:00,0.20687806731074146
27/12/2031 01:00,75.9126053207121
27/12/2031 02:00,107.0868718045429
27/12/2031 03:00,123.4123958238486
27/12/2031 04:00,125.59746657451547
27/12/2031 05:00,91.63854576077658
27/12/2031 06:00,77.73910772908648
27/12/2031 07:00,105.65699709181506
27/12/2031 08:00,66.78033237990336
27/12/2031 09:00,103.79173361715567
27/12/2031 10:00,0.0
27/12/2031 11:00,106.59133662172529
27/12/2031 12:00,97.24511788179899
27/12/2031 13:00,56.40636319370272
27/12/2031 14:00,55.63426999950316
27/12/2031 15:00,38.152604559675446
27/12/2031 16:00,36.02746990464133
27/12/2031 17:00,117.63680977969807
27/12/2031 18:00,29.637645530812208
27/12/2031 19:00,13.131353121217801
27/12/2031 20:00,0.0
27/12/2031 21:00,24.95376506425709
27/12/2031 22:00,123.8218282935475
27/12/2031 23:00,115.52560325118738
28/12/2031 00:00,94.24235356094098
28/12/2031 01:00,75.15072206721521
28/12/2031 02:00,65.08109188208851
28/12/2031 03:00,77.73138067653585
28/12/2031 04:00,85.25443281824562
28/12/2031 05:00,64.5905171093679
28/12/2031 06:00,76.89587678384619
28/12/2031 07:00,96.6353144882481
28/12/2031 08:00,79.3039130093901
28/12/2031 09:00,82.15352129629937
28/12/2031 10:00,54.999023961081264
28/12/2031 11:00,117.64263507271392
28/12/2031 12:00,48.32630738885161
28/12/2031 13:00,0.0
28/12/2031 14:00,63.45856613074694
28/12/2031 15:00,97.28863181428363
28/12/2031 16:00,45.70287683636069
28/12/2031 17:00,125.28983534836594
28/12/2031 18:00,32.80156914632816
28/12/2031 19:00,22.705615552310885
28/12/2031 20:00,7.54704964874538
28/12/2031 21:00,32.622124770259276
28/12/2031 22:00,134.41420336043223
28/12/2031 23:00,114.0475124099972
29/12/2031 00:00,93.3702500831767
29/12/2031 01:00,81.90623827555166
29/12/2031 02:00,72.98196114187
29/12/2031 03:00,67.51301508925404
29/12/2031 04:00,67.59054450619193
29/12/2031 05:00,68.6036630146841
29/12/2031 06:00,84.86611256849712
29/12/2031 07:00,159.71753528449736
29/12/2031 08:00,75.54215475139343
29/12/2031 09:00,113.44764479229731
29/12/2031 10:00,63.82358602221387
29/12/2031 11:00,117.38532981712872
29/12/2031 12:00,70.18082652751067
29/12/2031 13:00,0.0
29/12/2031 14:00,60.662683278211404
29/12/2031 15:00,80.16807402603438
29/12/2031 16:00,40.522775327410066
29/12/2031 17:00,118.5436268686448
29/12/2031 18:00,38.908855223320685
29/12/2031 19:00,29.791982374258705
29/12/2031 20:00,17.31001361603235
29/12/2031 21:00,40.311155591940285
29/12/2031 22:00,131.05548870111733
29/12/2031 23:00,120.51663655267392
