Date,MaxPower
02/07/2030 00:00,-0.0
02/07/2030 01:00,-0.0
02/07/2030 02:00,-0.0
02/07/2030 03:00,-0.0
02/07/2030 04:00,-0.0
02/07/2030 05:00,-0.0
02/07/2030 06:00,-0.0
02/07/2030 07:00,-0.0
02/07/2030 08:00,-0.0
02/07/2030 09:00,1014.3156237155353
02/07/2030 10:00,2589.8160447768737
02/07/2030 11:00,1717.2634050906638
02/07/2030 12:00,3628.296626528092
02/07/2030 13:00,2363.179812987711
02/07/2030 14:00,3654.936327547654
02/07/2030 15:00,2755.6049281698
02/07/2030 16:00,2994.2004610752992
02/07/2030 17:00,4671.647438138013
02/07/2030 18:00,3973.001750910447
02/07/2030 19:00,3100.562468541561
02/07/2030 20:00,2369.142245661549
02/07/2030 21:00,1867.6230390302685
02/07/2030 22:00,956.4345228680722
02/07/2030 23:00,729.6403264442475
03/07/2030 00:00,399.46388138250603
03/07/2030 01:00,343.46572631691856
03/07/2030 02:00,414.02220238663136
03/07/2030 03:00,323.4348918519545
03/07/2030 04:00,192.8845372413148
03/07/2030 05:00,-0.0
03/07/2030 06:00,-0.0
03/07/2030 07:00,-0.0
03/07/2030 08:00,-0.0
03/07/2030 09:00,628.4537662459019
03/07/2030 10:00,956.8382685542606
03/07/2030 11:00,1197.9237819198697
03/07/2030 12:00,1175.535383359863
03/07/2030 13:00,1269.5984934267874
03/07/2030 14:00,1598.487282827081
03/07/2030 15:00,1615.3267111246055
03/07/2030 16:00,1810.3358908323444
03/07/2030 17:00,1407.56708693491
03/07/2030 18:00,1835.4011076566628
03/07/2030 19:00,1937.4547114827494
03/07/2030 20:00,1666.3086786933445
03/07/2030 21:00,102.67223353183591
03/07/2030 22:00,1159.9274898456772
03/07/2030 23:00,-0.0
04/07/2030 00:00,-0.0
04/07/2030 01:00,-0.0
04/07/2030 02:00,-0.0
04/07/2030 03:00,-0.0
04/07/2030 04:00,-0.0
04/07/2030 05:00,-0.0
04/07/2030 06:00,-0.0
04/07/2030 07:00,-0.0
04/07/2030 08:00,-0.0
04/07/2030 09:00,-0.0
04/07/2030 10:00,-0.0
04/07/2030 11:00,-0.0
04/07/2030 12:00,-0.0
04/07/2030 13:00,-0.0
04/07/2030 14:00,-0.0
04/07/2030 15:00,-0.0
04/07/2030 16:00,797.0215082449895
04/07/2030 17:00,288.17813231761176
04/07/2030 18:00,-0.0
04/07/2030 19:00,-0.0
04/07/2030 20:00,-0.0
04/07/2030 21:00,-0.0
04/07/2030 22:00,-0.0
04/07/2030 23:00,-0.0
05/07/2030 00:00,-0.0
05/07/2030 01:00,-0.0
05/07/2030 02:00,-0.0
05/07/2030 03:00,-0.0
05/07/2030 04:00,-0.0
05/07/2030 05:00,-0.0
05/07/2030 06:00,-0.0
05/07/2030 07:00,-0.0
05/07/2030 08:00,-0.0
05/07/2030 09:00,-0.0
05/07/2030 10:00,-0.0
05/07/2030 11:00,-0.0
05/07/2030 12:00,-0.0
05/07/2030 13:00,632.0653855785786
05/07/2030 14:00,661.7389947421411
05/07/2030 15:00,965.8691656502025
05/07/2030 16:00,-0.0
05/07/2030 17:00,-0.0
05/07/2030 18:00,-0.0
05/07/2030 19:00,-0.0
05/07/2030 20:00,-0.0
05/07/2030 21:00,-0.0
05/07/2030 22:00,-0.0
05/07/2030 23:00,-0.0
06/07/2030 00:00,-0.0
06/07/2030 01:00,-0.0
06/07/2030 02:00,-0.0
06/07/2030 03:00,-0.0
06/07/2030 04:00,-0.0
06/07/2030 05:00,-0.0
06/07/2030 06:00,-0.0
06/07/2030 07:00,-0.0
06/07/2030 08:00,-0.0
06/07/2030 09:00,-0.0
06/07/2030 10:00,-0.0
06/07/2030 11:00,-0.0
06/07/2030 12:00,-0.0
06/07/2030 13:00,923.731996561622
06/07/2030 14:00,-0.0
06/07/2030 15:00,-0.0
06/07/2030 16:00,511.4161939652114
06/07/2030 17:00,49.22297798673709
06/07/2030 18:00,-0.0
06/07/2030 19:00,394.8115299479524
06/07/2030 20:00,102.8097115565412
06/07/2030 21:00,-0.0
06/07/2030 22:00,-0.0
06/07/2030 23:00,-0.0
07/07/2030 00:00,-0.0
07/07/2030 01:00,-0.0
07/07/2030 02:00,-0.0
07/07/2030 03:00,-0.0
07/07/2030 04:00,-0.0
07/07/2030 05:00,-0.0
07/07/2030 06:00,-0.0
07/07/2030 07:00,-0.0
07/07/2030 08:00,-0.0
07/07/2030 09:00,-0.0
07/07/2030 10:00,124.86706496032731
07/07/2030 11:00,-0.0
07/07/2030 12:00,-0.0
07/07/2030 13:00,-0.0
07/07/2030 14:00,-0.0
07/07/2030 15:00,1169.1156774514109
07/07/2030 16:00,923.9924593844489
07/07/2030 17:00,339.99695301375
07/07/2030 18:00,-0.0
07/07/2030 19:00,728.0643539487019
07/07/2030 20:00,-0.0
07/07/2030 21:00,-0.0
07/07/2030 22:00,-0.0
07/07/2030 23:00,-0.0
08/07/2030 00:00,-0.0
08/07/2030 01:00,-0.0
08/07/2030 02:00,-0.0
08/07/2030 03:00,-0.0
08/07/2030 04:00,-0.0
08/07/2030 05:00,-0.0
08/07/2030 06:00,-0.0
08/07/2030 07:00,-0.0
08/07/2030 08:00,-0.0
08/07/2030 09:00,-0.0
08/07/2030 10:00,-0.0
08/07/2030 11:00,-0.0
08/07/2030 12:00,-0.0
08/07/2030 13:00,-0.0
08/07/2030 14:00,-0.0
08/07/2030 15:00,-0.0
08/07/2030 16:00,-0.0
08/07/2030 17:00,-0.0
08/07/2030 18:00,-0.0
08/07/2030 19:00,-0.0
08/07/2030 20:00,-0.0
08/07/2030 21:00,-0.0
08/07/2030 22:00,-0.0
08/07/2030 23:00,-0.0
09/07/2030 00:00,-0.0
09/07/2030 01:00,-0.0
09/07/2030 02:00,-0.0
09/07/2030 03:00,-0.0
09/07/2030 04:00,-0.0
09/07/2030 05:00,-0.0
09/07/2030 06:00,-0.0
09/07/2030 07:00,-0.0
09/07/2030 08:00,-0.0
09/07/2030 09:00,729.3871084493467
09/07/2030 10:00,1592.5263824923322
09/07/2030 11:00,1480.8189974570364
09/07/2030 12:00,989.3267863465346
09/07/2030 13:00,1091.8600721182743
09/07/2030 14:00,1277.9822555933442
09/07/2030 15:00,1333.1434216090402
09/07/2030 16:00,2300.365945878782
09/07/2030 17:00,1562.7549240851047
09/07/2030 18:00,636.2871734325837
09/07/2030 19:00,-0.0
09/07/2030 20:00,1315.767004120836
09/07/2030 21:00,1520.007105808954
09/07/2030 22:00,-0.0
09/07/2030 23:00,328.0742479713668
10/07/2030 00:00,-0.0
10/07/2030 01:00,-0.0
10/07/2030 02:00,-0.0
10/07/2030 03:00,-0.0
10/07/2030 04:00,-0.0
10/07/2030 05:00,200.89768059333485
10/07/2030 06:00,-0.0
10/07/2030 07:00,-0.0
10/07/2030 08:00,-0.0
10/07/2030 09:00,-0.0
10/07/2030 10:00,507.9577603565356
10/07/2030 11:00,784.4703300221224
10/07/2030 12:00,-0.0
10/07/2030 13:00,348.7581230826792
10/07/2030 14:00,568.0391376085068
10/07/2030 15:00,616.9183862431969
10/07/2030 16:00,2028.2980324151565
10/07/2030 17:00,1577.4606944603156
10/07/2030 18:00,1171.1932986138445
10/07/2030 19:00,377.97810562779426
10/07/2030 20:00,368.46221255791096
10/07/2030 21:00,1738.6481999536027
10/07/2030 22:00,1333.7300701775343
10/07/2030 23:00,1221.5010107367452
11/07/2030 00:00,976.1947129523805
11/07/2030 01:00,227.0023966010554
11/07/2030 02:00,460.58266354379964
11/07/2030 03:00,501.17143924016204
11/07/2030 04:00,295.8977439192829
11/07/2030 05:00,106.74142219875122
11/07/2030 06:00,31.692974189924144
11/07/2030 07:00,-0.0
11/07/2030 08:00,194.94107657782868
11/07/2030 09:00,789.6762350250657
11/07/2030 10:00,1687.3937581340408
11/07/2030 11:00,2120.209466381416
11/07/2030 12:00,1195.798408406965
11/07/2030 13:00,1447.3650896673269
11/07/2030 14:00,1691.1269035071396
11/07/2030 15:00,1613.4471194546354
11/07/2030 16:00,3103.6024458123534
11/07/2030 17:00,2722.2790851823233
11/07/2030 18:00,2260.5125147987183
11/07/2030 19:00,2347.8843840089794
11/07/2030 20:00,1590.2940721798545
11/07/2030 21:00,3144.1326604538294
11/07/2030 22:00,899.6138972490563
11/07/2030 23:00,1263.3084072716213
12/07/2030 00:00,1128.7493409464441
12/07/2030 01:00,1335.8795766705666
12/07/2030 02:00,1490.407757724005
12/07/2030 03:00,1587.4254941274519
12/07/2030 04:00,1589.001715590869
12/07/2030 05:00,2038.0476990730228
12/07/2030 06:00,2387.1099187527293
12/07/2030 07:00,2480.5697906203527
12/07/2030 08:00,1786.8942989400512
12/07/2030 09:00,2429.5854611208874
12/07/2030 10:00,2180.1034919469466
12/07/2030 11:00,2113.0257786160264
12/07/2030 12:00,2829.312337385946
12/07/2030 13:00,1603.6624287921525
12/07/2030 14:00,1931.0583109880192
12/07/2030 15:00,2116.30038453184
12/07/2030 16:00,2329.9602852782446
12/07/2030 17:00,3788.7749815415073
12/07/2030 18:00,3339.5146751930865
12/07/2030 19:00,2556.7140744280605
12/07/2030 20:00,2625.841679096074
12/07/2030 21:00,2321.3136794929583
12/07/2030 22:00,1703.0248881771533
12/07/2030 23:00,891.8834242310984
13/07/2030 00:00,821.7908707404308
13/07/2030 01:00,811.372143964015
13/07/2030 02:00,704.0471822905982
13/07/2030 03:00,484.4802845239107
13/07/2030 04:00,358.3381282983984
13/07/2030 05:00,1315.4807112464753
13/07/2030 06:00,1456.0445555393767
13/07/2030 07:00,1958.9004897261204
13/07/2030 08:00,1261.851304562961
13/07/2030 09:00,1568.9952765085188
13/07/2030 10:00,1176.2458624043675
13/07/2030 11:00,-0.0
13/07/2030 12:00,1460.0161664656769
13/07/2030 13:00,1121.0212472465773
13/07/2030 14:00,296.88824932254954
13/07/2030 15:00,485.0201861136653
13/07/2030 16:00,555.7330851012995
13/07/2030 17:00,1887.9033311218434
13/07/2030 18:00,1385.5063050814733
13/07/2030 19:00,887.0129054808937
13/07/2030 20:00,1503.0442689091835
13/07/2030 21:00,1179.8837151919254
13/07/2030 22:00,875.3934607339797
13/07/2030 23:00,159.7698599769941
14/07/2030 00:00,-0.0
14/07/2030 01:00,-0.0
14/07/2030 02:00,-0.0
14/07/2030 03:00,-0.0
14/07/2030 04:00,-0.0
14/07/2030 05:00,-0.0
14/07/2030 06:00,-0.0
14/07/2030 07:00,-0.0
14/07/2030 08:00,-0.0
14/07/2030 09:00,-0.0
14/07/2030 10:00,-0.0
14/07/2030 11:00,-0.0
14/07/2030 12:00,-0.0
14/07/2030 13:00,-0.0
14/07/2030 14:00,-0.0
14/07/2030 15:00,-0.0
14/07/2030 16:00,909.478661094676
14/07/2030 17:00,436.9196116448328
14/07/2030 18:00,1439.0376945085204
14/07/2030 19:00,-0.0
14/07/2030 20:00,-0.0
14/07/2030 21:00,1153.4281684747393
14/07/2030 22:00,-0.0
14/07/2030 23:00,-0.0
15/07/2030 00:00,-0.0
15/07/2030 01:00,-0.0
15/07/2030 02:00,-0.0
15/07/2030 03:00,-0.0
15/07/2030 04:00,-0.0
15/07/2030 05:00,-0.0
15/07/2030 06:00,-0.0
15/07/2030 07:00,-0.0
15/07/2030 08:00,-0.0
15/07/2030 09:00,-0.0
15/07/2030 10:00,1071.7683945324857
15/07/2030 11:00,-0.0
15/07/2030 12:00,903.550510003471
15/07/2030 13:00,491.78273739610154
15/07/2030 14:00,597.084989411377
15/07/2030 15:00,1267.0413950142565
15/07/2030 16:00,1730.2384181011544
15/07/2030 17:00,1029.7234205178397
15/07/2030 18:00,240.94328447225456
15/07/2030 19:00,1345.8423810432848
15/07/2030 20:00,1358.0688324184769
15/07/2030 21:00,1291.9688260489932
15/07/2030 22:00,1090.5836449145006
15/07/2030 23:00,-0.0
16/07/2030 00:00,5870.5581125784865
16/07/2030 01:00,-0.0
16/07/2030 02:00,-0.0
16/07/2030 03:00,-0.0
16/07/2030 04:00,-0.0
16/07/2030 05:00,-0.0
16/07/2030 06:00,-0.0
16/07/2030 07:00,-0.0
16/07/2030 08:00,-0.0
16/07/2030 09:00,409.646507276297
16/07/2030 10:00,1246.565045468996
16/07/2030 11:00,562.6455736092848
16/07/2030 12:00,328.84947499422475
16/07/2030 13:00,625.5444973419241
16/07/2030 14:00,701.6486302235478
16/07/2030 15:00,1231.028932998596
16/07/2030 16:00,1747.1076344026571
16/07/2030 17:00,982.3620501400052
16/07/2030 18:00,160.40758610212833
16/07/2030 19:00,-0.0
16/07/2030 20:00,347.29675451831656
16/07/2030 21:00,1172.8238870008688
16/07/2030 22:00,684.4473925307116
16/07/2030 23:00,-0.0
17/07/2030 00:00,-0.0
17/07/2030 01:00,-0.0
17/07/2030 02:00,-0.0
17/07/2030 03:00,-0.0
17/07/2030 04:00,-0.0
17/07/2030 05:00,-0.0
17/07/2030 06:00,270.6202134362776
17/07/2030 07:00,296.69508457484125
17/07/2030 08:00,-0.0
17/07/2030 09:00,-0.0
17/07/2030 10:00,-0.0
17/07/2030 11:00,-0.0
17/07/2030 12:00,-0.0
17/07/2030 13:00,-0.0
17/07/2030 14:00,-0.0
17/07/2030 15:00,151.03474099494082
17/07/2030 16:00,156.2175727804194
17/07/2030 17:00,-0.0
17/07/2030 18:00,-0.0
17/07/2030 19:00,-0.0
17/07/2030 20:00,-0.0
17/07/2030 21:00,-0.0
17/07/2030 22:00,-0.0
17/07/2030 23:00,-0.0
18/07/2030 00:00,492.2832003417805
18/07/2030 01:00,-0.0
18/07/2030 02:00,108.92595187607668
18/07/2030 03:00,41.23222711179013
18/07/2030 04:00,-0.0
18/07/2030 05:00,-0.0
18/07/2030 06:00,52.670678697032685
18/07/2030 07:00,-0.0
18/07/2030 08:00,-0.0
18/07/2030 09:00,-0.0
18/07/2030 10:00,-0.0
18/07/2030 11:00,-0.0
18/07/2030 12:00,-0.0
18/07/2030 13:00,-0.0
18/07/2030 14:00,-0.0
18/07/2030 15:00,537.7961557572831
18/07/2030 16:00,303.8110293909872
18/07/2030 17:00,-0.0
18/07/2030 18:00,1718.2294215471986
18/07/2030 19:00,-0.0
18/07/2030 20:00,959.4833701292614
18/07/2030 21:00,665.9645975800686
18/07/2030 22:00,-0.0
18/07/2030 23:00,-0.0
19/07/2030 00:00,374.6458414622049
19/07/2030 01:00,-0.0
19/07/2030 02:00,-0.0
19/07/2030 03:00,-0.0
19/07/2030 04:00,-0.0
19/07/2030 05:00,-0.0
19/07/2030 06:00,-0.0
19/07/2030 07:00,-0.0
19/07/2030 08:00,-0.0
19/07/2030 09:00,-0.0
19/07/2030 10:00,-0.0
19/07/2030 11:00,-0.0
19/07/2030 12:00,-0.0
19/07/2030 13:00,-0.0
19/07/2030 14:00,-0.0
19/07/2030 15:00,-0.0
19/07/2030 16:00,1227.3533274036974
19/07/2030 17:00,554.1410089141337
19/07/2030 18:00,683.3100395815837
19/07/2030 19:00,-0.0
19/07/2030 20:00,-0.0
19/07/2030 21:00,43.89429511294157
19/07/2030 22:00,-0.0
19/07/2030 23:00,-0.0
20/07/2030 00:00,-0.0
20/07/2030 01:00,364.0856920105189
20/07/2030 02:00,-0.0
20/07/2030 03:00,-0.0
20/07/2030 04:00,-0.0
20/07/2030 05:00,-0.0
20/07/2030 06:00,-0.0
20/07/2030 07:00,66.58403293418813
20/07/2030 08:00,-0.0
20/07/2030 09:00,-0.0
20/07/2030 10:00,-0.0
20/07/2030 11:00,-0.0
20/07/2030 12:00,-0.0
20/07/2030 13:00,-0.0
20/07/2030 14:00,-0.0
20/07/2030 15:00,-0.0
20/07/2030 16:00,-0.0
20/07/2030 17:00,-0.0
20/07/2030 18:00,27.13634106844041
20/07/2030 19:00,-0.0
20/07/2030 20:00,683.1970214900032
20/07/2030 21:00,417.5110593386236
20/07/2030 22:00,216.6736394340819
20/07/2030 23:00,-0.0
21/07/2030 00:00,-0.0
21/07/2030 01:00,428.11029719883095
21/07/2030 02:00,-0.0
21/07/2030 03:00,-0.0
21/07/2030 04:00,-0.0
21/07/2030 05:00,-0.0
21/07/2030 06:00,-0.0
21/07/2030 07:00,-0.0
21/07/2030 08:00,-0.0
21/07/2030 09:00,-0.0
21/07/2030 10:00,-0.0
21/07/2030 11:00,-0.0
21/07/2030 12:00,-0.0
21/07/2030 13:00,-0.0
21/07/2030 14:00,270.32010467378416
21/07/2030 15:00,1221.5467306320613
21/07/2030 16:00,-0.0
21/07/2030 17:00,619.0909622162026
21/07/2030 18:00,205.2022938839483
21/07/2030 19:00,1411.6539305627273
21/07/2030 20:00,1100.652872250248
21/07/2030 21:00,-0.0
21/07/2030 22:00,30.161450202059246
21/07/2030 23:00,102.81266786732509
22/07/2030 00:00,-0.0
22/07/2030 01:00,-0.0
22/07/2030 02:00,-0.0
22/07/2030 03:00,-0.0
22/07/2030 04:00,-0.0
22/07/2030 05:00,-0.0
22/07/2030 06:00,-0.0
22/07/2030 07:00,-0.0
22/07/2030 08:00,-0.0
22/07/2030 09:00,307.9526241298699
22/07/2030 10:00,1098.4928909956498
22/07/2030 11:00,1272.0244564067514
22/07/2030 12:00,311.84151500850135
22/07/2030 13:00,888.2332721625212
22/07/2030 14:00,832.9527500518009
22/07/2030 15:00,648.6416323244373
22/07/2030 16:00,2058.1733225281428
22/07/2030 17:00,852.619036270503
22/07/2030 18:00,887.7317299215154
22/07/2030 19:00,1051.2217981012996
22/07/2030 20:00,1597.8099816365411
22/07/2030 21:00,1536.3804807633705
22/07/2030 22:00,975.5273403087194
22/07/2030 23:00,570.5853410061053
23/07/2030 00:00,-0.0
23/07/2030 01:00,-0.0
23/07/2030 02:00,-0.0
23/07/2030 03:00,-0.0
23/07/2030 04:00,-0.0
23/07/2030 05:00,-0.0
23/07/2030 06:00,-0.0
23/07/2030 07:00,-0.0
23/07/2030 08:00,-0.0
23/07/2030 09:00,756.1598919460588
23/07/2030 10:00,1647.9990426309282
23/07/2030 11:00,1694.4077225230412
23/07/2030 12:00,1142.3371942022504
23/07/2030 13:00,1145.5821299436657
23/07/2030 14:00,1406.6039501733828
23/07/2030 15:00,1774.618446101223
23/07/2030 16:00,2631.835113983671
23/07/2030 17:00,2027.7743747497564
23/07/2030 18:00,969.6888240606856
23/07/2030 19:00,145.45767799405613
23/07/2030 20:00,-0.0
23/07/2030 21:00,1302.5426118727667
23/07/2030 22:00,552.4671334285413
23/07/2030 23:00,370.17512654131747
24/07/2030 00:00,-0.0
24/07/2030 01:00,-0.0
24/07/2030 02:00,-0.0
24/07/2030 03:00,-0.0
24/07/2030 04:00,-0.0
24/07/2030 05:00,-0.0
24/07/2030 06:00,-0.0
24/07/2030 07:00,-0.0
24/07/2030 08:00,90.70559687944267
24/07/2030 09:00,-0.0
24/07/2030 10:00,39.837965211759816
24/07/2030 11:00,-0.0
24/07/2030 12:00,-0.0
24/07/2030 13:00,1296.8356814247913
24/07/2030 14:00,-0.0
24/07/2030 15:00,-0.0
24/07/2030 16:00,893.6548411366916
24/07/2030 17:00,352.34940360261584
24/07/2030 18:00,-0.0
24/07/2030 19:00,-0.0
24/07/2030 20:00,-0.0
24/07/2030 21:00,-0.0
24/07/2030 22:00,-0.0
24/07/2030 23:00,-0.0
25/07/2030 00:00,-0.0
25/07/2030 01:00,-0.0
25/07/2030 02:00,-0.0
25/07/2030 03:00,-0.0
25/07/2030 04:00,-0.0
25/07/2030 05:00,-0.0
25/07/2030 06:00,-0.0
25/07/2030 07:00,-0.0
25/07/2030 08:00,-0.0
25/07/2030 09:00,-0.0
25/07/2030 10:00,-0.0
25/07/2030 11:00,200.34529252420606
25/07/2030 12:00,1077.9735732268236
25/07/2030 13:00,-0.0
25/07/2030 14:00,778.6465713905116
25/07/2030 15:00,-0.0
25/07/2030 16:00,1122.2408806852418
25/07/2030 17:00,558.5327429056148
25/07/2030 18:00,-0.0
25/07/2030 19:00,-0.0
25/07/2030 20:00,-0.0
25/07/2030 21:00,40.407079211958774
25/07/2030 22:00,-0.0
25/07/2030 23:00,-0.0
26/07/2030 00:00,-0.0
26/07/2030 01:00,-0.0
26/07/2030 02:00,-0.0
26/07/2030 03:00,-0.0
26/07/2030 04:00,-0.0
26/07/2030 05:00,-0.0
26/07/2030 06:00,-0.0
26/07/2030 07:00,-0.0
26/07/2030 08:00,-0.0
26/07/2030 09:00,-0.0
26/07/2030 10:00,349.2884940480971
26/07/2030 11:00,-0.0
26/07/2030 12:00,1272.778286745848
26/07/2030 13:00,736.022317916484
26/07/2030 14:00,573.259441719476
26/07/2030 15:00,25.29315840093912
26/07/2030 16:00,-0.0
26/07/2030 17:00,632.7684715903467
26/07/2030 18:00,-0.0
26/07/2030 19:00,349.64411645340994
26/07/2030 20:00,-0.0
26/07/2030 21:00,-0.0
26/07/2030 22:00,-0.0
26/07/2030 23:00,-0.0
27/07/2030 00:00,-0.0
27/07/2030 01:00,-0.0
27/07/2030 02:00,-0.0
27/07/2030 03:00,-0.0
27/07/2030 04:00,-0.0
27/07/2030 05:00,-0.0
27/07/2030 06:00,-0.0
27/07/2030 07:00,-0.0
27/07/2030 08:00,-0.0
27/07/2030 09:00,-0.0
27/07/2030 10:00,242.17705974570714
27/07/2030 11:00,1030.5279239295278
27/07/2030 12:00,1204.014488272801
27/07/2030 13:00,507.0868042704684
27/07/2030 14:00,727.5249511615394
27/07/2030 15:00,637.4097762653807
27/07/2030 16:00,1192.3169572196405
27/07/2030 17:00,470.0950781592099
27/07/2030 18:00,175.3296185903849
27/07/2030 19:00,377.65055032873835
27/07/2030 20:00,-0.0
27/07/2030 21:00,-0.0
27/07/2030 22:00,-0.0
27/07/2030 23:00,-0.0
28/07/2030 00:00,-0.0
28/07/2030 01:00,-0.0
28/07/2030 02:00,-0.0
28/07/2030 03:00,-0.0
28/07/2030 04:00,-0.0
28/07/2030 05:00,-0.0
28/07/2030 06:00,-0.0
28/07/2030 07:00,-0.0
28/07/2030 08:00,-0.0
28/07/2030 09:00,-0.0
28/07/2030 10:00,-0.0
28/07/2030 11:00,-0.0
28/07/2030 12:00,-0.0
28/07/2030 13:00,-0.0
28/07/2030 14:00,553.964015233307
28/07/2030 15:00,-0.0
28/07/2030 16:00,-0.0
28/07/2030 17:00,-0.0
28/07/2030 18:00,116.82060182707853
28/07/2030 19:00,27.39752406773879
28/07/2030 20:00,-0.0
28/07/2030 21:00,-0.0
28/07/2030 22:00,-0.0
28/07/2030 23:00,-0.0
29/07/2030 00:00,-0.0
29/07/2030 01:00,-0.0
29/07/2030 02:00,-0.0
29/07/2030 03:00,-0.0
29/07/2030 04:00,-0.0
29/07/2030 05:00,-0.0
29/07/2030 06:00,-0.0
29/07/2030 07:00,-0.0
29/07/2030 08:00,-0.0
29/07/2030 09:00,-0.0
29/07/2030 10:00,-0.0
29/07/2030 11:00,446.27252566962244
29/07/2030 12:00,679.7890530381923
29/07/2030 13:00,-0.0
29/07/2030 14:00,-0.0
29/07/2030 15:00,-0.0
29/07/2030 16:00,-0.0
29/07/2030 17:00,377.41702719236105
29/07/2030 18:00,1208.1201037233902
29/07/2030 19:00,500.29418331094456
29/07/2030 20:00,-0.0
29/07/2030 21:00,650.2223557821882
29/07/2030 22:00,725.8755318691493
29/07/2030 23:00,-0.0
30/07/2030 00:00,-0.0
30/07/2030 01:00,-0.0
30/07/2030 02:00,-0.0
30/07/2030 03:00,-0.0
30/07/2030 04:00,-0.0
30/07/2030 05:00,-0.0
30/07/2030 06:00,-0.0
30/07/2030 07:00,-0.0
30/07/2030 08:00,7.67529010461214
30/07/2030 09:00,624.8568427718378
30/07/2030 10:00,1276.8122704134914
30/07/2030 11:00,1720.6283844775312
30/07/2030 12:00,674.1765717350012
30/07/2030 13:00,1298.7677506302223
30/07/2030 14:00,1001.044387595829
30/07/2030 15:00,900.1642648633756
30/07/2030 16:00,1293.4085027662886
30/07/2030 17:00,1492.5196742151566
30/07/2030 18:00,429.7994391745045
30/07/2030 19:00,-0.0
30/07/2030 20:00,263.2285168279606
30/07/2030 21:00,-0.0
30/07/2030 22:00,-0.0
30/07/2030 23:00,798.1344469768795
31/07/2030 00:00,-0.0
31/07/2030 01:00,-0.0
31/07/2030 02:00,-0.0
31/07/2030 03:00,-0.0
31/07/2030 04:00,-0.0
31/07/2030 05:00,-0.0
31/07/2030 06:00,150.2515279057773
31/07/2030 07:00,134.60584817182033
31/07/2030 08:00,-0.0
31/07/2030 09:00,-0.0
31/07/2030 10:00,-0.0
31/07/2030 11:00,41.53150550428871
31/07/2030 12:00,-0.0
31/07/2030 13:00,-0.0
31/07/2030 14:00,-0.0
31/07/2030 15:00,-0.0
31/07/2030 16:00,96.88951176930661
31/07/2030 17:00,-0.0
31/07/2030 18:00,-0.0
31/07/2030 19:00,-0.0
31/07/2030 20:00,974.3760164509056
31/07/2030 21:00,-0.0
31/07/2030 22:00,357.9942890867868
31/07/2030 23:00,-0.0
01/08/2030 00:00,-0.0
01/08/2030 01:00,-0.0
01/08/2030 02:00,-0.0
01/08/2030 03:00,-0.0
01/08/2030 04:00,-0.0
01/08/2030 05:00,-0.0
01/08/2030 06:00,-0.0
01/08/2030 07:00,-0.0
01/08/2030 08:00,-0.0
01/08/2030 09:00,-0.0
01/08/2030 10:00,-0.0
01/08/2030 11:00,483.54130531574646
01/08/2030 12:00,-0.0
01/08/2030 13:00,-0.0
01/08/2030 14:00,-0.0
01/08/2030 15:00,-0.0
01/08/2030 16:00,584.8053737934174
01/08/2030 17:00,244.92882439756295
01/08/2030 18:00,-0.0
01/08/2030 19:00,-0.0
01/08/2030 20:00,-0.0
01/08/2030 21:00,-0.0
01/08/2030 22:00,-0.0
01/08/2030 23:00,-0.0
02/08/2030 00:00,-0.0
02/08/2030 01:00,-0.0
02/08/2030 02:00,-0.0
02/08/2030 03:00,-0.0
02/08/2030 04:00,-0.0
02/08/2030 05:00,-0.0
02/08/2030 06:00,-0.0
02/08/2030 07:00,-0.0
02/08/2030 08:00,-0.0
02/08/2030 09:00,-0.0
02/08/2030 10:00,-0.0
02/08/2030 11:00,-0.0
02/08/2030 12:00,-0.0
02/08/2030 13:00,-0.0
02/08/2030 14:00,85.45748135091175
02/08/2030 15:00,425.2811353123014
02/08/2030 16:00,245.77581909020196
02/08/2030 17:00,262.8085522043388
02/08/2030 18:00,715.0169981202789
02/08/2030 19:00,1642.2540479150268
02/08/2030 20:00,1704.1177189431626
02/08/2030 21:00,1954.5099869911448
02/08/2030 22:00,22.836668604496914
02/08/2030 23:00,544.341189827227
03/08/2030 00:00,-0.0
03/08/2030 01:00,-0.0
03/08/2030 02:00,-0.0
03/08/2030 03:00,-0.0
03/08/2030 04:00,-0.0
03/08/2030 05:00,-0.0
03/08/2030 06:00,-0.0
03/08/2030 07:00,-0.0
03/08/2030 08:00,-0.0
03/08/2030 09:00,-0.0
03/08/2030 10:00,-0.0
03/08/2030 11:00,-0.0
03/08/2030 12:00,-0.0
03/08/2030 13:00,-0.0
03/08/2030 14:00,1157.3688682667746
03/08/2030 15:00,1856.7102448399264
03/08/2030 16:00,1698.237086835223
03/08/2030 17:00,1146.9091035533156
03/08/2030 18:00,242.0406327762769
03/08/2030 19:00,1270.175590233916
03/08/2030 20:00,-0.0
03/08/2030 21:00,-0.0
03/08/2030 22:00,29.771426027879528
03/08/2030 23:00,223.16167461537165
04/08/2030 00:00,167.9682925525312
04/08/2030 01:00,198.00305515231534
04/08/2030 02:00,114.74363661442729
04/08/2030 03:00,29.330996487447084
04/08/2030 04:00,125.2321265490395
04/08/2030 05:00,609.4122891895344
04/08/2030 06:00,728.303283718811
04/08/2030 07:00,620.8410426449447
04/08/2030 08:00,-0.0
04/08/2030 09:00,4.136945163612886
04/08/2030 10:00,953.6221776666398
04/08/2030 11:00,1172.6485592371237
04/08/2030 12:00,591.2505530157542
04/08/2030 13:00,1075.6181235287486
04/08/2030 14:00,1503.6878587291262
04/08/2030 15:00,1793.0895601682982
04/08/2030 16:00,3022.059494955827
04/08/2030 17:00,2442.5029376938687
04/08/2030 18:00,3177.1886398495762
04/08/2030 19:00,1908.1994783877544
04/08/2030 20:00,2670.965563574839
04/08/2030 21:00,2478.6310412271755
04/08/2030 22:00,229.0491091183718
04/08/2030 23:00,308.2282178411704
05/08/2030 00:00,804.2118102583753
05/08/2030 01:00,430.02870103417274
05/08/2030 02:00,690.9763479107015
05/08/2030 03:00,283.43348913440747
05/08/2030 04:00,162.23325400697857
05/08/2030 05:00,-0.0
05/08/2030 06:00,-0.0
05/08/2030 07:00,-0.0
05/08/2030 08:00,-0.0
05/08/2030 09:00,749.5267395826817
05/08/2030 10:00,1698.6298970570906
05/08/2030 11:00,2175.9742994952785
05/08/2030 12:00,1237.3186612325676
05/08/2030 13:00,1551.2391944851313
05/08/2030 14:00,1751.131116690904
05/08/2030 15:00,3409.604371550775
05/08/2030 16:00,1553.4478293709853
05/08/2030 17:00,2762.819258429519
05/08/2030 18:00,2910.858382470083
05/08/2030 19:00,1538.8117836063575
05/08/2030 20:00,3038.2281120247576
05/08/2030 21:00,2774.47747169192
05/08/2030 22:00,2098.772846830288
05/08/2030 23:00,1170.8010819992905
06/08/2030 00:00,443.4237115414073
06/08/2030 01:00,564.3077728839855
06/08/2030 02:00,644.6853211409247
06/08/2030 03:00,589.8466204114723
06/08/2030 04:00,471.68732670165195
06/08/2030 05:00,339.5120191328684
06/08/2030 06:00,380.47741665490867
06/08/2030 07:00,448.0829671369506
06/08/2030 08:00,883.1615734250776
06/08/2030 09:00,1969.9259980956137
06/08/2030 10:00,2742.7621143397523
06/08/2030 11:00,2778.820227073578
06/08/2030 12:00,2149.1110634692236
06/08/2030 13:00,2163.0977122356862
06/08/2030 14:00,2299.1490073017544
06/08/2030 15:00,2365.176389344826
06/08/2030 16:00,3709.9422798400424
06/08/2030 17:00,3258.4495120685215
06/08/2030 18:00,2412.9194900157295
06/08/2030 19:00,2454.96644002457
06/08/2030 20:00,2950.4112311547115
06/08/2030 21:00,2920.722252883063
06/08/2030 22:00,2355.8349094865794
06/08/2030 23:00,2067.065555223884
07/08/2030 00:00,1387.352716848351
07/08/2030 01:00,863.5945646878608
07/08/2030 02:00,451.95687046468163
07/08/2030 03:00,346.4277799718817
07/08/2030 04:00,512.376133838226
07/08/2030 05:00,797.9849250121632
07/08/2030 06:00,1571.0991148617595
07/08/2030 07:00,1746.8979982374367
07/08/2030 08:00,-0.0
07/08/2030 09:00,884.8133981831593
07/08/2030 10:00,1766.1522611713394
07/08/2030 11:00,1073.2559863547453
07/08/2030 12:00,846.466528919907
07/08/2030 13:00,781.75788848036
07/08/2030 14:00,888.3558658911699
07/08/2030 15:00,1382.0879471073902
07/08/2030 16:00,2170.1535415575668
07/08/2030 17:00,1489.14297071491
07/08/2030 18:00,691.0933566317649
07/08/2030 19:00,1919.356468558351
07/08/2030 20:00,2050.9723203029207
07/08/2030 21:00,728.2093147281356
07/08/2030 22:00,2532.893710741666
07/08/2030 23:00,1988.7347833283984
08/08/2030 00:00,1329.5567789512802
08/08/2030 01:00,936.1055276744908
08/08/2030 02:00,740.6356436570308
08/08/2030 03:00,826.2849036458035
08/08/2030 04:00,1062.4577238818104
08/08/2030 05:00,975.3414659898409
08/08/2030 06:00,859.563851840298
08/08/2030 07:00,1439.9808781396116
08/08/2030 08:00,929.611218808322
08/08/2030 09:00,1310.2627920146163
08/08/2030 10:00,1854.4688250189172
08/08/2030 11:00,1167.47914002714
08/08/2030 12:00,774.4735577939202
08/08/2030 13:00,860.9241629458221
08/08/2030 14:00,886.8515912294218
08/08/2030 15:00,1388.4481106042685
08/08/2030 16:00,1836.0848682954586
08/08/2030 17:00,1071.4835065122486
08/08/2030 18:00,170.40562851343577
08/08/2030 19:00,1196.2843388524136
08/08/2030 20:00,1329.168824465892
08/08/2030 21:00,560.8584416159085
08/08/2030 22:00,2108.1247136105435
08/08/2030 23:00,2244.379878710678
09/08/2030 00:00,1407.858738386568
09/08/2030 01:00,991.8595068318599
09/08/2030 02:00,1817.5562325277401
09/08/2030 03:00,1125.69058671639
09/08/2030 04:00,924.8394397991633
09/08/2030 05:00,1803.2994758397942
09/08/2030 06:00,2652.574505372984
09/08/2030 07:00,2704.8134580537308
09/08/2030 08:00,1257.5899327842521
09/08/2030 09:00,2074.3951332750653
09/08/2030 10:00,1920.5553441996408
09/08/2030 11:00,1136.2183372116447
09/08/2030 12:00,1019.2115108552892
09/08/2030 13:00,788.219000907043
09/08/2030 14:00,1126.3081590812735
09/08/2030 15:00,1617.3065580265043
09/08/2030 16:00,1243.8511918410363
09/08/2030 17:00,456.42600386637724
09/08/2030 18:00,-0.0
09/08/2030 19:00,402.95554826373984
09/08/2030 20:00,-0.0
09/08/2030 21:00,733.7758857457272
09/08/2030 22:00,-0.0
09/08/2030 23:00,-0.0
10/08/2030 00:00,-0.0
10/08/2030 01:00,203.6942460364642
10/08/2030 02:00,1907.5394536865952
10/08/2030 03:00,329.50073587812335
10/08/2030 04:00,1893.255997537508
10/08/2030 05:00,125.0909755748255
10/08/2030 06:00,22.79136035379586
10/08/2030 07:00,-0.0
10/08/2030 08:00,20.215610197411316
10/08/2030 09:00,506.75654691186344
10/08/2030 10:00,-0.0
10/08/2030 11:00,1445.0997970618855
10/08/2030 12:00,-0.0
10/08/2030 13:00,-0.0
10/08/2030 14:00,1278.1689241859528
10/08/2030 15:00,-0.0
10/08/2030 16:00,338.68529961054634
10/08/2030 17:00,320.7917215228496
10/08/2030 18:00,-0.0
10/08/2030 19:00,-0.0
10/08/2030 20:00,-0.0
10/08/2030 21:00,-0.0
10/08/2030 22:00,-0.0
10/08/2030 23:00,-0.0
11/08/2030 00:00,-0.0
11/08/2030 01:00,-0.0
11/08/2030 02:00,-0.0
11/08/2030 03:00,-0.0
11/08/2030 04:00,-0.0
11/08/2030 05:00,51.9543656091989
11/08/2030 06:00,-0.0
11/08/2030 07:00,-0.0
11/08/2030 08:00,-0.0
11/08/2030 09:00,106.01256719691534
11/08/2030 10:00,315.7359052241692
11/08/2030 11:00,-0.0
11/08/2030 12:00,-0.0
11/08/2030 13:00,86.95583289144004
11/08/2030 14:00,25.61640173664204
11/08/2030 15:00,1304.8108618722326
11/08/2030 16:00,814.3651549319061
11/08/2030 17:00,9.553960367057194
11/08/2030 18:00,-0.0
11/08/2030 19:00,-0.0
11/08/2030 20:00,-0.0
11/08/2030 21:00,-0.0
11/08/2030 22:00,-0.0
11/08/2030 23:00,-0.0
12/08/2030 00:00,-0.0
12/08/2030 01:00,-0.0
12/08/2030 02:00,-0.0
12/08/2030 03:00,-0.0
12/08/2030 04:00,-0.0
12/08/2030 05:00,-0.0
12/08/2030 06:00,-0.0
12/08/2030 07:00,-0.0
12/08/2030 08:00,-0.0
12/08/2030 09:00,205.68738557579042
12/08/2030 10:00,675.9551230140233
12/08/2030 11:00,488.3405441604854
12/08/2030 12:00,48.83059372788189
12/08/2030 13:00,301.8497299521122
12/08/2030 14:00,455.03003730263373
12/08/2030 15:00,1268.8838147156557
12/08/2030 16:00,761.1093742650925
12/08/2030 17:00,1625.6497384440047
12/08/2030 18:00,971.4323481169262
12/08/2030 19:00,-0.0
12/08/2030 20:00,-0.0
12/08/2030 21:00,-0.0
12/08/2030 22:00,-0.0
12/08/2030 23:00,-0.0
13/08/2030 00:00,450.05716189449646
13/08/2030 01:00,-0.0
13/08/2030 02:00,-0.0
13/08/2030 03:00,-0.0
13/08/2030 04:00,-0.0
13/08/2030 05:00,-0.0
13/08/2030 06:00,-0.0
13/08/2030 07:00,-0.0
13/08/2030 08:00,-0.0
13/08/2030 09:00,-0.0
13/08/2030 10:00,497.60522007993853
13/08/2030 11:00,59.55827529137894
13/08/2030 12:00,227.7122267328227
13/08/2030 13:00,466.5066915439272
13/08/2030 14:00,634.2320924064281
13/08/2030 15:00,1356.2776513984688
13/08/2030 16:00,1815.3719247109755
13/08/2030 17:00,1124.7082898588778
13/08/2030 18:00,1893.3164604186684
13/08/2030 19:00,1269.1364179107172
13/08/2030 20:00,-0.0
13/08/2030 21:00,-0.0
13/08/2030 22:00,-0.0
13/08/2030 23:00,-0.0
14/08/2030 00:00,-0.0
14/08/2030 01:00,52.935668456689584
14/08/2030 02:00,-0.0
14/08/2030 03:00,-0.0
14/08/2030 04:00,1402.433338378006
14/08/2030 05:00,-0.0
14/08/2030 06:00,-0.0
14/08/2030 07:00,-0.0
14/08/2030 08:00,1061.8850085472877
14/08/2030 09:00,494.1760605190888
14/08/2030 10:00,1427.5151415847356
14/08/2030 11:00,1663.1291353312981
14/08/2030 12:00,729.8154748454671
14/08/2030 13:00,955.4683070386657
14/08/2030 14:00,1188.4514844857854
14/08/2030 15:00,1234.845678949094
14/08/2030 16:00,2711.625703899112
14/08/2030 17:00,2355.761951841628
14/08/2030 18:00,3413.1450301816317
14/08/2030 19:00,1730.2821282776933
14/08/2030 20:00,2014.245134552479
14/08/2030 21:00,1811.798081572114
14/08/2030 22:00,1589.1553129512279
14/08/2030 23:00,-0.0
15/08/2030 00:00,-0.0
15/08/2030 01:00,-0.0
15/08/2030 02:00,-0.0
15/08/2030 03:00,30.21713300553991
15/08/2030 04:00,97.19465272719539
15/08/2030 05:00,81.07844099414179
15/08/2030 06:00,-0.0
15/08/2030 07:00,-0.0
15/08/2030 08:00,299.180441853026
15/08/2030 09:00,970.7618720500417
15/08/2030 10:00,1467.3204854546768
15/08/2030 11:00,1468.4055832637307
15/08/2030 12:00,1427.36478934075
15/08/2030 13:00,1670.7790889671503
15/08/2030 14:00,1921.6120693768046
15/08/2030 15:00,2683.1222435785376
15/08/2030 16:00,2660.1319423586906
15/08/2030 17:00,1928.1067955598724
15/08/2030 18:00,1167.4814468604893
15/08/2030 19:00,580.3366296796298
15/08/2030 20:00,488.2105947644032
15/08/2030 21:00,306.9451257702709
15/08/2030 22:00,-0.0
15/08/2030 23:00,-0.0
16/08/2030 00:00,-0.0
16/08/2030 01:00,-0.0
16/08/2030 02:00,-0.0
16/08/2030 03:00,-0.0
16/08/2030 04:00,1166.695934521101
16/08/2030 05:00,510.5647091737158
16/08/2030 06:00,1093.885643519865
16/08/2030 07:00,1065.9790245391434
16/08/2030 08:00,168.2787531693164
16/08/2030 09:00,406.5241257867253
16/08/2030 10:00,-0.0
16/08/2030 11:00,858.2283723978616
16/08/2030 12:00,1948.803036578137
16/08/2030 13:00,1231.147882944376
16/08/2030 14:00,1594.165673942138
16/08/2030 15:00,2625.465393501155
16/08/2030 16:00,2898.7715161179194
16/08/2030 17:00,2394.663886077129
16/08/2030 18:00,1594.795023932577
16/08/2030 19:00,2387.2315630508533
16/08/2030 20:00,693.3088547833569
16/08/2030 21:00,2003.767704243356
16/08/2030 22:00,735.8778555248354
16/08/2030 23:00,-0.0
17/08/2030 00:00,-0.0
17/08/2030 01:00,88.47235164109615
17/08/2030 02:00,-0.0
17/08/2030 03:00,-0.0
17/08/2030 04:00,-0.0
17/08/2030 05:00,-0.0
17/08/2030 06:00,603.1640061734425
17/08/2030 07:00,-0.0
17/08/2030 08:00,-0.0
17/08/2030 09:00,214.79710753933088
17/08/2030 10:00,525.9693740196965
17/08/2030 11:00,1632.6010046679448
17/08/2030 12:00,1239.1680085279056
17/08/2030 13:00,523.8339118954784
17/08/2030 14:00,1640.7484577460268
17/08/2030 15:00,339.1795718706671
17/08/2030 16:00,7.8955998021110725
17/08/2030 17:00,715.2710359123921
17/08/2030 18:00,1473.7474145848928
17/08/2030 19:00,-0.0
17/08/2030 20:00,-0.0
17/08/2030 21:00,-0.0
17/08/2030 22:00,-0.0
17/08/2030 23:00,667.3807807873342
18/08/2030 00:00,-0.0
18/08/2030 01:00,-0.0
18/08/2030 02:00,445.4680713754878
18/08/2030 03:00,-0.0
18/08/2030 04:00,-0.0
18/08/2030 05:00,-0.0
18/08/2030 06:00,-0.0
18/08/2030 07:00,-0.0
18/08/2030 08:00,-0.0
18/08/2030 09:00,-0.0
18/08/2030 10:00,-0.0
18/08/2030 11:00,1175.1122407301273
18/08/2030 12:00,729.2523607698066
18/08/2030 13:00,234.55917834397582
18/08/2030 14:00,563.6485875523097
18/08/2030 15:00,1046.4716072182296
18/08/2030 16:00,1719.8597683129144
18/08/2030 17:00,962.4851200857204
18/08/2030 18:00,-0.0
18/08/2030 19:00,-0.0
18/08/2030 20:00,-0.0
18/08/2030 21:00,-0.0
18/08/2030 22:00,-0.0
18/08/2030 23:00,-0.0
19/08/2030 00:00,-0.0
19/08/2030 01:00,-0.0
19/08/2030 02:00,-0.0
19/08/2030 03:00,-0.0
19/08/2030 04:00,-0.0
19/08/2030 05:00,470.94522748498974
19/08/2030 06:00,415.87923152515054
19/08/2030 07:00,472.59383396782954
19/08/2030 08:00,-0.0
19/08/2030 09:00,164.44161654261723
19/08/2030 10:00,1137.5639076259406
19/08/2030 11:00,612.2581885410216
19/08/2030 12:00,502.9793523247019
19/08/2030 13:00,519.6539919492363
19/08/2030 14:00,418.48402176718764
19/08/2030 15:00,1171.4726483062568
19/08/2030 16:00,1566.3553273719724
19/08/2030 17:00,979.7383195242854
19/08/2030 18:00,-0.0
19/08/2030 19:00,628.738387069032
19/08/2030 20:00,497.65363177052063
19/08/2030 21:00,-0.0
19/08/2030 22:00,468.7229751837775
19/08/2030 23:00,106.1312865409932
20/08/2030 00:00,411.61731731526817
20/08/2030 01:00,-0.0
20/08/2030 02:00,-0.0
20/08/2030 03:00,-0.0
20/08/2030 04:00,-0.0
20/08/2030 05:00,-0.0
20/08/2030 06:00,-0.0
20/08/2030 07:00,-0.0
20/08/2030 08:00,66.28011579784929
20/08/2030 09:00,717.7460184957336
20/08/2030 10:00,1558.6231576388827
20/08/2030 11:00,1985.342302416548
20/08/2030 12:00,1373.3216866165842
20/08/2030 13:00,1559.3082881082114
20/08/2030 14:00,1935.8886626077606
20/08/2030 15:00,2083.395401104378
20/08/2030 16:00,3039.762771097703
20/08/2030 17:00,3272.429264792881
20/08/2030 18:00,2687.8908817602164
20/08/2030 19:00,1999.6889755635584
20/08/2030 20:00,1514.4705908334927
20/08/2030 21:00,972.5685493459656
20/08/2030 22:00,251.46851401282908
20/08/2030 23:00,326.8304629931695
21/08/2030 00:00,425.6050879930947
21/08/2030 01:00,504.4399458998341
21/08/2030 02:00,422.1115246059606
21/08/2030 03:00,444.26088767950506
21/08/2030 04:00,343.50825414154207
21/08/2030 05:00,64.99659253091009
21/08/2030 06:00,-0.0
21/08/2030 07:00,-0.0
21/08/2030 08:00,-0.0
21/08/2030 09:00,216.69021170003018
21/08/2030 10:00,879.9675032415705
21/08/2030 11:00,1248.1557369811892
21/08/2030 12:00,1362.3564077914996
21/08/2030 13:00,1366.280535317645
21/08/2030 14:00,1337.5676709251875
21/08/2030 15:00,1114.51768146851
21/08/2030 16:00,640.0080013632853
21/08/2030 17:00,-0.0
21/08/2030 18:00,1398.8213977362273
21/08/2030 19:00,-0.0
21/08/2030 20:00,585.5666390925256
21/08/2030 21:00,-0.0
21/08/2030 22:00,-0.0
21/08/2030 23:00,-0.0
22/08/2030 00:00,250.82381361612008
22/08/2030 01:00,-0.0
22/08/2030 02:00,-0.0
22/08/2030 03:00,-0.0
22/08/2030 04:00,-0.0
22/08/2030 05:00,-0.0
22/08/2030 06:00,-0.0
22/08/2030 07:00,-0.0
22/08/2030 08:00,-0.0
22/08/2030 09:00,-0.0
22/08/2030 10:00,-0.0
22/08/2030 11:00,-0.0
22/08/2030 12:00,-0.0
22/08/2030 13:00,-0.0
22/08/2030 14:00,736.1099982515925
22/08/2030 15:00,-0.0
22/08/2030 16:00,263.07727439923406
22/08/2030 17:00,275.4356467774253
22/08/2030 18:00,985.110841292855
22/08/2030 19:00,66.43062332400176
22/08/2030 20:00,-0.0
22/08/2030 21:00,-0.0
22/08/2030 22:00,-0.0
22/08/2030 23:00,103.7695443566205
23/08/2030 00:00,-0.0
23/08/2030 01:00,-0.0
23/08/2030 02:00,-0.0
23/08/2030 03:00,-0.0
23/08/2030 04:00,-0.0
23/08/2030 05:00,-0.0
23/08/2030 06:00,-0.0
23/08/2030 07:00,-0.0
23/08/2030 08:00,-0.0
23/08/2030 09:00,-0.0
23/08/2030 10:00,-0.0
23/08/2030 11:00,-0.0
23/08/2030 12:00,-0.0
23/08/2030 13:00,-0.0
23/08/2030 14:00,-0.0
23/08/2030 15:00,-0.0
23/08/2030 16:00,35.082787566311126
23/08/2030 17:00,424.1641859419138
23/08/2030 18:00,1156.2995004383613
23/08/2030 19:00,552.7169538738367
23/08/2030 20:00,-0.0
23/08/2030 21:00,-0.0
23/08/2030 22:00,-0.0
23/08/2030 23:00,-0.0
24/08/2030 00:00,-0.0
24/08/2030 01:00,-0.0
24/08/2030 02:00,-0.0
24/08/2030 03:00,-0.0
24/08/2030 04:00,-0.0
24/08/2030 05:00,-0.0
24/08/2030 06:00,-0.0
24/08/2030 07:00,-0.0
24/08/2030 08:00,-0.0
24/08/2030 09:00,-0.0
24/08/2030 10:00,-0.0
24/08/2030 11:00,173.74932633483905
24/08/2030 12:00,506.99435684095096
24/08/2030 13:00,-0.0
24/08/2030 14:00,-0.0
24/08/2030 15:00,-0.0
24/08/2030 16:00,-0.0
24/08/2030 17:00,-0.0
24/08/2030 18:00,-0.0
24/08/2030 19:00,-0.0
24/08/2030 20:00,191.0234552208907
24/08/2030 21:00,-0.0
24/08/2030 22:00,-0.0
24/08/2030 23:00,-0.0
25/08/2030 00:00,-0.0
25/08/2030 01:00,-0.0
25/08/2030 02:00,-0.0
25/08/2030 03:00,-0.0
25/08/2030 04:00,-0.0
25/08/2030 05:00,-0.0
25/08/2030 06:00,-0.0
25/08/2030 07:00,-0.0
25/08/2030 08:00,-0.0
25/08/2030 09:00,-0.0
25/08/2030 10:00,-0.0
25/08/2030 11:00,13.324376946345971
25/08/2030 12:00,460.4479971441741
25/08/2030 13:00,-0.0
25/08/2030 14:00,-0.0
25/08/2030 15:00,-0.0
25/08/2030 16:00,-0.0
25/08/2030 17:00,31.133695254850444
25/08/2030 18:00,-0.0
25/08/2030 19:00,-0.0
25/08/2030 20:00,260.07532325385137
25/08/2030 21:00,-0.0
25/08/2030 22:00,533.9101823247179
25/08/2030 23:00,-0.0
26/08/2030 00:00,663.7350317218476
26/08/2030 01:00,-0.0
26/08/2030 02:00,-0.0
26/08/2030 03:00,-0.0
26/08/2030 04:00,-0.0
26/08/2030 05:00,-0.0
26/08/2030 06:00,-0.0
26/08/2030 07:00,-0.0
26/08/2030 08:00,-0.0
26/08/2030 09:00,215.5604841498542
26/08/2030 10:00,987.4094473294238
26/08/2030 11:00,231.69395459180973
26/08/2030 12:00,2326.134477879413
26/08/2030 13:00,1047.760215166281
26/08/2030 14:00,2372.442839124183
26/08/2030 15:00,1889.5400193747519
26/08/2030 16:00,1846.092146089672
26/08/2030 17:00,2931.5299861921167
26/08/2030 18:00,3425.022592898976
26/08/2030 19:00,2456.093031732743
26/08/2030 20:00,1386.4970433928252
26/08/2030 21:00,1435.3141831746084
26/08/2030 22:00,315.45395220084595
26/08/2030 23:00,2043.2101515011127
27/08/2030 00:00,2374.410220678072
27/08/2030 01:00,414.1436715990405
27/08/2030 02:00,407.4793345561432
27/08/2030 03:00,594.487888769591
27/08/2030 04:00,682.2182757015479
27/08/2030 05:00,586.1943065510562
27/08/2030 06:00,408.473101806319
27/08/2030 07:00,349.6907590026587
27/08/2030 08:00,929.8339542316781
27/08/2030 09:00,2145.7850679570065
27/08/2030 10:00,3444.2944608036846
27/08/2030 11:00,3371.336662080829
27/08/2030 12:00,2809.261067094882
27/08/2030 13:00,2732.102132793232
27/08/2030 14:00,2742.057571820439
27/08/2030 15:00,3113.1180061475893
27/08/2030 16:00,4360.215582725623
27/08/2030 17:00,3869.528454658134
27/08/2030 18:00,2921.828540282508
27/08/2030 19:00,2083.604464367591
27/08/2030 20:00,1773.8465035408396
27/08/2030 21:00,1430.8828716449143
27/08/2030 22:00,732.1704027769437
27/08/2030 23:00,782.0898053575149
28/08/2030 00:00,640.6807893288308
28/08/2030 01:00,394.3614041245678
28/08/2030 02:00,212.5513051325331
28/08/2030 03:00,81.15650810609493
28/08/2030 04:00,-0.0
28/08/2030 05:00,-0.0
28/08/2030 06:00,-0.0
28/08/2030 07:00,-0.0
28/08/2030 08:00,-0.0
28/08/2030 09:00,-0.0
28/08/2030 10:00,-0.0
28/08/2030 11:00,-0.0
28/08/2030 12:00,-0.0
28/08/2030 13:00,-0.0
28/08/2030 14:00,-0.0
28/08/2030 15:00,-0.0
28/08/2030 16:00,-0.0
28/08/2030 17:00,-0.0
28/08/2030 18:00,-0.0
28/08/2030 19:00,-0.0
28/08/2030 20:00,-0.0
28/08/2030 21:00,-0.0
28/08/2030 22:00,-0.0
28/08/2030 23:00,-0.0
29/08/2030 00:00,-0.0
29/08/2030 01:00,-0.0
29/08/2030 02:00,-0.0
29/08/2030 03:00,-0.0
29/08/2030 04:00,-0.0
29/08/2030 05:00,-0.0
29/08/2030 06:00,-0.0
29/08/2030 07:00,-0.0
29/08/2030 08:00,-0.0
29/08/2030 09:00,-0.0
29/08/2030 10:00,-0.0
29/08/2030 11:00,-0.0
29/08/2030 12:00,692.9205756363298
29/08/2030 13:00,854.9262349753794
29/08/2030 14:00,-0.0
29/08/2030 15:00,-0.0
29/08/2030 16:00,433.66335721733884
29/08/2030 17:00,-0.0
29/08/2030 18:00,-0.0
29/08/2030 19:00,244.10126095177415
29/08/2030 20:00,484.39144152424683
29/08/2030 21:00,678.7711651499817
29/08/2030 22:00,-0.0
29/08/2030 23:00,25.866154756239386
30/08/2030 00:00,-0.0
30/08/2030 01:00,-0.0
30/08/2030 02:00,-0.0
30/08/2030 03:00,-0.0
30/08/2030 04:00,-0.0
30/08/2030 05:00,-0.0
30/08/2030 06:00,-0.0
30/08/2030 07:00,-0.0
30/08/2030 08:00,-0.0
30/08/2030 09:00,-0.0
30/08/2030 10:00,869.5290715052946
30/08/2030 11:00,1584.3577064445055
30/08/2030 12:00,458.2489821549022
30/08/2030 13:00,708.9782953646944
30/08/2030 14:00,2144.6160282337364
30/08/2030 15:00,918.7893661648458
30/08/2030 16:00,505.4420863849835
30/08/2030 17:00,1832.135958698805
30/08/2030 18:00,2690.653195681977
30/08/2030 19:00,808.3050472076654
30/08/2030 20:00,2046.1877565904688
30/08/2030 21:00,1992.657835034309
30/08/2030 22:00,1854.7132740849615
30/08/2030 23:00,531.8883673753344
31/08/2030 00:00,803.8685550982153
31/08/2030 01:00,824.5473031839405
31/08/2030 02:00,671.0215566931938
31/08/2030 03:00,476.85064917501586
31/08/2030 04:00,395.63736066219184
31/08/2030 05:00,1081.3334257464512
31/08/2030 06:00,2043.2632668249194
31/08/2030 07:00,1858.3483299496722
31/08/2030 08:00,1025.6786463830317
31/08/2030 09:00,1730.7187759853075
31/08/2030 10:00,843.7425896069112
31/08/2030 11:00,2726.2285272127046
31/08/2030 12:00,1235.2010929124826
31/08/2030 13:00,2460.1999210611766
31/08/2030 14:00,868.1550972135168
31/08/2030 15:00,571.5119824842318
31/08/2030 16:00,1652.067813099453
31/08/2030 17:00,1089.6632979785768
31/08/2030 18:00,1932.691864716816
31/08/2030 19:00,1808.0626360880096
31/08/2030 20:00,2202.7552345670956
31/08/2030 21:00,2447.7247304842294
31/08/2030 22:00,1610.8625668961604
31/08/2030 23:00,1723.1179041721132
01/09/2030 00:00,2063.843377556953
01/09/2030 01:00,2351.3956008124655
01/09/2030 02:00,2455.0917127758053
01/09/2030 03:00,2488.182617174706
01/09/2030 04:00,2290.20328274018
01/09/2030 05:00,1976.8740085655586
01/09/2030 06:00,1732.0535989663133
01/09/2030 07:00,1598.4165018891292
01/09/2030 08:00,1290.3189770539675
01/09/2030 09:00,2103.1885512678255
01/09/2030 10:00,1068.0031081955344
01/09/2030 11:00,2532.80292991859
01/09/2030 12:00,1851.13427711828
01/09/2030 13:00,1853.1117117758963
01/09/2030 14:00,843.7758118614121
01/09/2030 15:00,1961.397189818092
01/09/2030 16:00,232.86293285938066
01/09/2030 17:00,308.62983328461
01/09/2030 18:00,-0.0
01/09/2030 19:00,533.4442042418406
01/09/2030 20:00,722.3950800768586
01/09/2030 21:00,-0.0
01/09/2030 22:00,706.955837291764
01/09/2030 23:00,2296.4455507027365
02/09/2030 00:00,1903.8353342572452
02/09/2030 01:00,1349.8326198607563
02/09/2030 02:00,1512.503896433838
02/09/2030 03:00,1512.7896694556712
02/09/2030 04:00,1553.4271766467598
02/09/2030 05:00,1806.5977428354904
02/09/2030 06:00,2067.23791436321
02/09/2030 07:00,1955.999379258922
02/09/2030 08:00,1599.0704700803603
02/09/2030 09:00,525.9249676020693
02/09/2030 10:00,2462.2710732213195
02/09/2030 11:00,2972.920024350729
02/09/2030 12:00,1453.3957029780524
02/09/2030 13:00,2900.1715373401526
02/09/2030 14:00,-0.0
02/09/2030 15:00,529.5162261090192
02/09/2030 16:00,2102.3345632590485
02/09/2030 17:00,390.49605979679967
02/09/2030 18:00,-0.0
02/09/2030 19:00,516.6746623233129
02/09/2030 20:00,982.9702214157901
02/09/2030 21:00,1473.4079897052613
02/09/2030 22:00,438.4405131408859
02/09/2030 23:00,854.2686216120009
03/09/2030 00:00,1206.4893187282642
03/09/2030 01:00,1609.2823840930155
03/09/2030 02:00,1576.903766139951
03/09/2030 03:00,1747.776616021342
03/09/2030 04:00,2109.8779084717085
03/09/2030 05:00,2283.515673048376
03/09/2030 06:00,2261.84155489356
03/09/2030 07:00,2187.051720591843
03/09/2030 08:00,1955.2490655803383
03/09/2030 09:00,2647.0872238638412
03/09/2030 10:00,2840.1121513556423
03/09/2030 11:00,1426.2382742296043
03/09/2030 12:00,1235.2126193196389
03/09/2030 13:00,1194.0289214551503
03/09/2030 14:00,1444.6267934141242
03/09/2030 15:00,799.6502506840694
03/09/2030 16:00,1365.827714374996
03/09/2030 17:00,418.3662211862819
03/09/2030 18:00,-0.0
03/09/2030 19:00,-0.0
03/09/2030 20:00,-0.0
03/09/2030 21:00,-0.0
03/09/2030 22:00,-0.0
03/09/2030 23:00,-0.0
04/09/2030 00:00,-0.0
04/09/2030 01:00,660.7440745942799
04/09/2030 02:00,756.3458225354818
04/09/2030 03:00,-0.0
04/09/2030 04:00,-0.0
04/09/2030 05:00,315.3133710562202
04/09/2030 06:00,-0.0
04/09/2030 07:00,-0.0
04/09/2030 08:00,-0.0
04/09/2030 09:00,-0.0
04/09/2030 10:00,28.31480356820825
04/09/2030 11:00,-0.0
04/09/2030 12:00,-0.0
04/09/2030 13:00,997.0554634813202
04/09/2030 14:00,-0.0
04/09/2030 15:00,-0.0
04/09/2030 16:00,486.4526118584645
04/09/2030 17:00,-0.0
04/09/2030 18:00,-0.0
04/09/2030 19:00,-0.0
04/09/2030 20:00,-0.0
04/09/2030 21:00,-0.0
04/09/2030 22:00,-0.0
04/09/2030 23:00,-0.0
05/09/2030 00:00,-0.0
05/09/2030 01:00,-0.0
05/09/2030 02:00,-0.0
05/09/2030 03:00,-0.0
05/09/2030 04:00,-0.0
05/09/2030 05:00,-0.0
05/09/2030 06:00,-0.0
05/09/2030 07:00,-0.0
05/09/2030 08:00,-0.0
05/09/2030 09:00,180.31362980270725
05/09/2030 10:00,355.60355061158754
05/09/2030 11:00,-0.0
05/09/2030 12:00,600.6835120015718
05/09/2030 13:00,1004.361700938558
05/09/2030 14:00,984.1024924168695
05/09/2030 15:00,2039.6672339469778
05/09/2030 16:00,230.08732560459967
05/09/2030 17:00,1166.7146638941347
05/09/2030 18:00,242.12456712030797
05/09/2030 19:00,-0.0
05/09/2030 20:00,-0.0
05/09/2030 21:00,-0.0
05/09/2030 22:00,-0.0
05/09/2030 23:00,-0.0
06/09/2030 00:00,-0.0
06/09/2030 01:00,607.4527664379269
06/09/2030 02:00,-0.0
06/09/2030 03:00,848.8625997928087
06/09/2030 04:00,819.0258935221276
06/09/2030 05:00,-0.0
06/09/2030 06:00,-0.0
06/09/2030 07:00,-0.0
06/09/2030 08:00,-0.0
06/09/2030 09:00,-0.0
06/09/2030 10:00,984.1877888466174
06/09/2030 11:00,1387.5039672741402
06/09/2030 12:00,505.20766401592107
06/09/2030 13:00,623.2813214986386
06/09/2030 14:00,635.8051289562167
06/09/2030 15:00,512.5716725539235
06/09/2030 16:00,1711.8992450894762
06/09/2030 17:00,1038.7938078801094
06/09/2030 18:00,46.962823805327126
06/09/2030 19:00,-0.0
06/09/2030 20:00,918.2915394000378
06/09/2030 21:00,859.945236766456
06/09/2030 22:00,-0.0
06/09/2030 23:00,681.1542628639997
07/09/2030 00:00,-0.0
07/09/2030 01:00,-0.0
07/09/2030 02:00,-0.0
07/09/2030 03:00,-0.0
07/09/2030 04:00,-0.0
07/09/2030 05:00,-0.0
07/09/2030 06:00,72.06305211022875
07/09/2030 07:00,-0.0
07/09/2030 08:00,-0.0
07/09/2030 09:00,-0.0
07/09/2030 10:00,903.7298061792396
07/09/2030 11:00,-0.0
07/09/2030 12:00,-0.0
07/09/2030 13:00,669.5496527488519
07/09/2030 14:00,-0.0
07/09/2030 15:00,1085.7611568543814
07/09/2030 16:00,-0.0
07/09/2030 17:00,-0.0
07/09/2030 18:00,-0.0
07/09/2030 19:00,-0.0
07/09/2030 20:00,-0.0
07/09/2030 21:00,-0.0
07/09/2030 22:00,-0.0
07/09/2030 23:00,22.921755076262514
08/09/2030 00:00,-0.0
08/09/2030 01:00,63.865271157163924
08/09/2030 02:00,-0.0
08/09/2030 03:00,-0.0
08/09/2030 04:00,-0.0
08/09/2030 05:00,-0.0
08/09/2030 06:00,-0.0
08/09/2030 07:00,-0.0
08/09/2030 08:00,-0.0
08/09/2030 09:00,-0.0
08/09/2030 10:00,405.3523337790792
08/09/2030 11:00,-0.0
08/09/2030 12:00,165.84904236617598
08/09/2030 13:00,559.5749271612556
08/09/2030 14:00,-0.0
08/09/2030 15:00,-0.0
08/09/2030 16:00,319.769737185113
08/09/2030 17:00,988.2682857954087
08/09/2030 18:00,-0.0
08/09/2030 19:00,-0.0
08/09/2030 20:00,-0.0
08/09/2030 21:00,-0.0
08/09/2030 22:00,-0.0
08/09/2030 23:00,-0.0
09/09/2030 00:00,-0.0
09/09/2030 01:00,-0.0
09/09/2030 02:00,-0.0
09/09/2030 03:00,-0.0
09/09/2030 04:00,-0.0
09/09/2030 05:00,-0.0
09/09/2030 06:00,-0.0
09/09/2030 07:00,-0.0
09/09/2030 08:00,-0.0
09/09/2030 09:00,-0.0
09/09/2030 10:00,691.121432899651
09/09/2030 11:00,512.7711594222732
09/09/2030 12:00,208.3149934984176
09/09/2030 13:00,397.79270158054186
09/09/2030 14:00,500.65354878984687
09/09/2030 15:00,910.0906035291987
09/09/2030 16:00,1382.0123221404551
09/09/2030 17:00,484.4994713098836
09/09/2030 18:00,1096.705748023969
09/09/2030 19:00,492.373197938917
09/09/2030 20:00,-0.0
09/09/2030 21:00,-0.0
09/09/2030 22:00,-0.0
09/09/2030 23:00,-0.0
10/09/2030 00:00,-0.0
10/09/2030 01:00,-0.0
10/09/2030 02:00,-0.0
10/09/2030 03:00,-0.0
10/09/2030 04:00,-0.0
10/09/2030 05:00,-0.0
10/09/2030 06:00,-0.0
10/09/2030 07:00,-0.0
10/09/2030 08:00,-0.0
10/09/2030 09:00,556.5758977253438
10/09/2030 10:00,782.4757017657145
10/09/2030 11:00,395.4992574750303
10/09/2030 12:00,515.9020557482883
10/09/2030 13:00,468.9755689109698
10/09/2030 14:00,740.9375279753318
10/09/2030 15:00,502.6496502752141
10/09/2030 16:00,1875.868392436836
10/09/2030 17:00,1682.8946616826922
10/09/2030 18:00,998.4563220022518
10/09/2030 19:00,658.3215814605818
10/09/2030 20:00,2005.5203793134515
10/09/2030 21:00,685.3770450106181
10/09/2030 22:00,-0.0
10/09/2030 23:00,-0.0
11/09/2030 00:00,-0.0
11/09/2030 01:00,-0.0
11/09/2030 02:00,1489.3287011591342
11/09/2030 03:00,-0.0
11/09/2030 04:00,113.97243418514316
11/09/2030 05:00,-0.0
11/09/2030 06:00,771.8122696348901
11/09/2030 07:00,-0.0
11/09/2030 08:00,-0.0
11/09/2030 09:00,466.12410283879103
11/09/2030 10:00,1450.5618842598128
11/09/2030 11:00,-0.0
11/09/2030 12:00,-0.0
11/09/2030 13:00,5.374103754026137
11/09/2030 14:00,178.74465209497953
11/09/2030 15:00,1414.2101268520653
11/09/2030 16:00,1723.6299459365518
11/09/2030 17:00,934.1610667535805
11/09/2030 18:00,-0.0
11/09/2030 19:00,-0.0
11/09/2030 20:00,-0.0
11/09/2030 21:00,-0.0
11/09/2030 22:00,-0.0
11/09/2030 23:00,-0.0
12/09/2030 00:00,-0.0
12/09/2030 01:00,1435.2844198687983
12/09/2030 02:00,1433.1549830962038
12/09/2030 03:00,-0.0
12/09/2030 04:00,-0.0
12/09/2030 05:00,1232.7616007289812
12/09/2030 06:00,-0.0
12/09/2030 07:00,292.2204309540438
12/09/2030 08:00,40.92679822672175
12/09/2030 09:00,358.8060850340961
12/09/2030 10:00,1368.2415678201075
12/09/2030 11:00,183.05808377686424
12/09/2030 12:00,-0.0
12/09/2030 13:00,65.30716137050483
12/09/2030 14:00,-0.0
12/09/2030 15:00,395.9966893053631
12/09/2030 16:00,1630.752243662956
12/09/2030 17:00,687.9386631998151
12/09/2030 18:00,-0.0
12/09/2030 19:00,-0.0
12/09/2030 20:00,-0.0
12/09/2030 21:00,-0.0
12/09/2030 22:00,-0.0
12/09/2030 23:00,-0.0
13/09/2030 00:00,-0.0
13/09/2030 01:00,-0.0
13/09/2030 02:00,1661.6817087238312
13/09/2030 03:00,1733.7613825447418
13/09/2030 04:00,213.4908053796651
13/09/2030 05:00,1613.9740055265781
13/09/2030 06:00,-0.0
13/09/2030 07:00,-0.0
13/09/2030 08:00,1396.2575600313214
13/09/2030 09:00,601.7628103765179
13/09/2030 10:00,1455.3590100830572
13/09/2030 11:00,-0.0
13/09/2030 12:00,-0.0
13/09/2030 13:00,-0.0
13/09/2030 14:00,-0.0
13/09/2030 15:00,1213.0212150349862
13/09/2030 16:00,1160.3047537225411
13/09/2030 17:00,85.7166231724561
13/09/2030 18:00,746.2650302372759
13/09/2030 19:00,-0.0
13/09/2030 20:00,-0.0
13/09/2030 21:00,-0.0
13/09/2030 22:00,-0.0
13/09/2030 23:00,-0.0
14/09/2030 00:00,-0.0
14/09/2030 01:00,-0.0
14/09/2030 02:00,-0.0
14/09/2030 03:00,-0.0
14/09/2030 04:00,-0.0
14/09/2030 05:00,-0.0
14/09/2030 06:00,714.1008326769694
14/09/2030 07:00,952.4956718888611
14/09/2030 08:00,1424.9933309867888
14/09/2030 09:00,945.7701410301736
14/09/2030 10:00,1477.6238716763896
14/09/2030 11:00,-0.0
14/09/2030 12:00,256.54832058107365
14/09/2030 13:00,443.5784478563719
14/09/2030 14:00,51.05744824452622
14/09/2030 15:00,1161.5200549726337
14/09/2030 16:00,1296.21583042435
14/09/2030 17:00,300.9532217583805
14/09/2030 18:00,794.7404063545539
14/09/2030 19:00,225.92498928705086
14/09/2030 20:00,263.2146691564727
14/09/2030 21:00,-0.0
14/09/2030 22:00,-0.0
14/09/2030 23:00,-0.0
15/09/2030 00:00,-0.0
15/09/2030 01:00,-0.0
15/09/2030 02:00,-0.0
15/09/2030 03:00,-0.0
15/09/2030 04:00,100.0207350202919
15/09/2030 05:00,892.3474524754761
15/09/2030 06:00,-0.0
15/09/2030 07:00,-0.0
15/09/2030 08:00,118.00667603057927
15/09/2030 09:00,1193.5875458953265
15/09/2030 10:00,1702.436220905719
15/09/2030 11:00,379.63692776588164
15/09/2030 12:00,38.09566065716415
15/09/2030 13:00,503.903860253083
15/09/2030 14:00,327.39979485915353
15/09/2030 15:00,1536.9466174671481
15/09/2030 16:00,1205.196670932184
15/09/2030 17:00,65.23785980032223
15/09/2030 18:00,-0.0
15/09/2030 19:00,-0.0
15/09/2030 20:00,-0.0
15/09/2030 21:00,-0.0
15/09/2030 22:00,627.4523234379642
15/09/2030 23:00,-0.0
16/09/2030 00:00,-0.0
16/09/2030 01:00,-0.0
16/09/2030 02:00,1075.3115092153512
16/09/2030 03:00,480.9128814138269
16/09/2030 04:00,939.6257476171552
16/09/2030 05:00,1020.5310948534517
16/09/2030 06:00,45.38361036405877
16/09/2030 07:00,1215.490431668121
16/09/2030 08:00,144.57255771975719
16/09/2030 09:00,-0.0
16/09/2030 10:00,558.3536664809424
16/09/2030 11:00,-0.0
16/09/2030 12:00,556.2585944881455
16/09/2030 13:00,772.6175714795799
16/09/2030 14:00,937.5139944815514
16/09/2030 15:00,1606.5224205446302
16/09/2030 16:00,1124.4281086686576
16/09/2030 17:00,101.35623379517115
16/09/2030 18:00,329.66711564552793
16/09/2030 19:00,-0.0
16/09/2030 20:00,15.10261209545412
16/09/2030 21:00,-0.0
16/09/2030 22:00,-0.0
16/09/2030 23:00,-0.0
17/09/2030 00:00,-0.0
17/09/2030 01:00,-0.0
17/09/2030 02:00,-0.0
17/09/2030 03:00,-0.0
17/09/2030 04:00,-0.0
17/09/2030 05:00,18.26460303906285
17/09/2030 06:00,92.50295253107191
17/09/2030 07:00,330.13077930085035
17/09/2030 08:00,813.8134176443365
17/09/2030 09:00,1241.348517161194
17/09/2030 10:00,2018.1249027450087
17/09/2030 11:00,1999.9062468952914
17/09/2030 12:00,1791.4647476087753
17/09/2030 13:00,1984.9931748859742
17/09/2030 14:00,2056.553055170965
17/09/2030 15:00,1694.6496209604727
17/09/2030 16:00,1777.6639828480395
17/09/2030 17:00,1559.693231738226
17/09/2030 18:00,359.414600913875
17/09/2030 19:00,-0.0
17/09/2030 20:00,-0.0
17/09/2030 21:00,-0.0
17/09/2030 22:00,-0.0
17/09/2030 23:00,-0.0
18/09/2030 00:00,-0.0
18/09/2030 01:00,-0.0
18/09/2030 02:00,718.8201135256259
18/09/2030 03:00,538.7744062259516
18/09/2030 04:00,572.6644019506426
18/09/2030 05:00,1761.1210604559963
18/09/2030 06:00,2213.4989297020743
18/09/2030 07:00,2291.9665638829542
18/09/2030 08:00,2786.4022001417097
18/09/2030 09:00,2604.0199127208152
18/09/2030 10:00,2522.7845025821152
18/09/2030 11:00,1602.2375457752084
18/09/2030 12:00,1926.5901654644197
18/09/2030 13:00,1990.8662421874103
18/09/2030 14:00,1605.2461305328304
18/09/2030 15:00,2607.39899505565
18/09/2030 16:00,2453.5764051804686
18/09/2030 17:00,2697.789387206735
18/09/2030 18:00,2736.2612049594336
18/09/2030 19:00,1715.4938990170842
18/09/2030 20:00,2891.8008136901176
18/09/2030 21:00,2992.769834291673
18/09/2030 22:00,2605.1902810619404
18/09/2030 23:00,1667.58126353117
19/09/2030 00:00,1061.541135139189
19/09/2030 01:00,786.2243434684863
19/09/2030 02:00,612.6550701575648
19/09/2030 03:00,646.1411271716499
19/09/2030 04:00,733.339529770258
19/09/2030 05:00,1062.795736791072
19/09/2030 06:00,1995.359081602528
19/09/2030 07:00,1886.9729404863435
19/09/2030 08:00,2380.2113120206845
19/09/2030 09:00,1651.9218494793029
19/09/2030 10:00,1499.099313240176
19/09/2030 11:00,846.0559422477696
19/09/2030 12:00,612.1704786967008
19/09/2030 13:00,834.7137945361196
19/09/2030 14:00,571.1761922395344
19/09/2030 15:00,1167.3404853403865
19/09/2030 16:00,1606.7378840298363
19/09/2030 17:00,1560.7474416770058
19/09/2030 18:00,1898.3307668075192
19/09/2030 19:00,447.9760407379474
19/09/2030 20:00,945.6895654050472
19/09/2030 21:00,1310.946431129668
19/09/2030 22:00,1957.234709721394
19/09/2030 23:00,1328.5152036495124
20/09/2030 00:00,902.2438458055591
20/09/2030 01:00,769.8585825204947
20/09/2030 02:00,723.5747654611084
20/09/2030 03:00,768.3286983118888
20/09/2030 04:00,855.5271009104989
20/09/2030 05:00,467.9803675086138
20/09/2030 06:00,1135.2172650872044
20/09/2030 07:00,-0.0
20/09/2030 08:00,67.3202818284365
20/09/2030 09:00,186.49640485004755
20/09/2030 10:00,-0.0
20/09/2030 11:00,936.7606953060875
20/09/2030 12:00,-0.0
20/09/2030 13:00,-0.0
20/09/2030 14:00,51.64900419581821
20/09/2030 15:00,280.53421995012064
20/09/2030 16:00,1316.2700495399563
20/09/2030 17:00,503.1718649931203
20/09/2030 18:00,-0.0
20/09/2030 19:00,422.07633576853436
20/09/2030 20:00,218.67786418596566
20/09/2030 21:00,278.59489122722687
20/09/2030 22:00,-0.0
20/09/2030 23:00,-0.0
21/09/2030 00:00,-0.0
21/09/2030 01:00,-0.0
21/09/2030 02:00,-0.0
21/09/2030 03:00,-0.0
21/09/2030 04:00,-0.0
21/09/2030 05:00,-0.0
21/09/2030 06:00,-0.0
21/09/2030 07:00,-0.0
21/09/2030 08:00,9.136228186442516
21/09/2030 09:00,-0.0
21/09/2030 10:00,96.43854144052722
21/09/2030 11:00,-0.0
21/09/2030 12:00,-0.0
21/09/2030 13:00,-0.0
21/09/2030 14:00,-0.0
21/09/2030 15:00,91.68519892248955
21/09/2030 16:00,1101.8596561767188
21/09/2030 17:00,454.52903530090566
21/09/2030 18:00,-0.0
21/09/2030 19:00,1106.2157970570831
21/09/2030 20:00,-0.0
21/09/2030 21:00,-0.0
21/09/2030 22:00,-0.0
21/09/2030 23:00,1350.41861949569
22/09/2030 00:00,904.702859304288
22/09/2030 01:00,-0.0
22/09/2030 02:00,-0.0
22/09/2030 03:00,-0.0
22/09/2030 04:00,-0.0
22/09/2030 05:00,-0.0
22/09/2030 06:00,-0.0
22/09/2030 07:00,-0.0
22/09/2030 08:00,-0.0
22/09/2030 09:00,-0.0
22/09/2030 10:00,-0.0
22/09/2030 11:00,16.2845444457136
22/09/2030 12:00,215.31506974692735
22/09/2030 13:00,-0.0
22/09/2030 14:00,-0.0
22/09/2030 15:00,-0.0
22/09/2030 16:00,-0.0
22/09/2030 17:00,582.8705410562545
22/09/2030 18:00,1583.60023123651
22/09/2030 19:00,1166.0173595209362
22/09/2030 20:00,-0.0
22/09/2030 21:00,-0.0
22/09/2030 22:00,926.4933028222588
22/09/2030 23:00,-0.0
23/09/2030 00:00,-0.0
23/09/2030 01:00,-0.0
23/09/2030 02:00,740.7714090631639
23/09/2030 03:00,-0.0
23/09/2030 04:00,-0.0
23/09/2030 05:00,222.9771266924102
23/09/2030 06:00,-0.0
23/09/2030 07:00,-0.0
23/09/2030 08:00,-0.0
23/09/2030 09:00,-0.0
23/09/2030 10:00,499.06115751863126
23/09/2030 11:00,777.4921819817753
23/09/2030 12:00,505.9382915977809
23/09/2030 13:00,352.840574177861
23/09/2030 14:00,463.7646847250929
23/09/2030 15:00,-0.0
23/09/2030 16:00,722.502771578128
23/09/2030 17:00,-0.0
23/09/2030 18:00,594.4834672159119
23/09/2030 19:00,254.83323576378862
23/09/2030 20:00,107.61693706169693
23/09/2030 21:00,-0.0
23/09/2030 22:00,-0.0
23/09/2030 23:00,-0.0
24/09/2030 00:00,-0.0
24/09/2030 01:00,-0.0
24/09/2030 02:00,-0.0
24/09/2030 03:00,-0.0
24/09/2030 04:00,-0.0
24/09/2030 05:00,-0.0
24/09/2030 06:00,-0.0
24/09/2030 07:00,-0.0
24/09/2030 08:00,-0.0
24/09/2030 09:00,303.9652363802899
24/09/2030 10:00,1620.3434600662667
24/09/2030 11:00,860.5659035026936
24/09/2030 12:00,1516.2207927662214
24/09/2030 13:00,1925.053324838928
24/09/2030 14:00,2567.5659891368414
24/09/2030 15:00,3974.3110007270134
24/09/2030 16:00,4338.396164549989
24/09/2030 17:00,3938.3715998115435
24/09/2030 18:00,3063.0626028146617
24/09/2030 19:00,1987.980368818084
24/09/2030 20:00,1991.0759231111506
24/09/2030 21:00,1372.4214153402763
24/09/2030 22:00,984.4497560430647
24/09/2030 23:00,768.6165935463803
25/09/2030 00:00,975.9330797415822
25/09/2030 01:00,1044.6035991841295
25/09/2030 02:00,945.3147010640427
25/09/2030 03:00,1125.9361068242185
25/09/2030 04:00,2950.05600644255
25/09/2030 05:00,2913.935068787275
25/09/2030 06:00,1110.9788700178744
25/09/2030 07:00,1150.6108021718262
25/09/2030 08:00,2416.341612610908
25/09/2030 09:00,730.7045563891201
25/09/2030 10:00,1709.6827493035776
25/09/2030 11:00,800.6552762587905
25/09/2030 12:00,379.52741577524677
25/09/2030 13:00,715.8923492940058
25/09/2030 14:00,77.30199463186821
25/09/2030 15:00,1220.9006681131407
25/09/2030 16:00,954.5687727237946
25/09/2030 17:00,1057.591180418794
25/09/2030 18:00,465.20714753630136
25/09/2030 19:00,1041.3099395729478
25/09/2030 20:00,1356.3325945724139
25/09/2030 21:00,427.04012751365
25/09/2030 22:00,-0.0
25/09/2030 23:00,-0.0
26/09/2030 00:00,-0.0
26/09/2030 01:00,-0.0
26/09/2030 02:00,-0.0
26/09/2030 03:00,-0.0
26/09/2030 04:00,-0.0
26/09/2030 05:00,-0.0
26/09/2030 06:00,-0.0
26/09/2030 07:00,545.8026023079788
26/09/2030 08:00,-0.0
26/09/2030 09:00,-0.0
26/09/2030 10:00,152.4844588738671
26/09/2030 11:00,-0.0
26/09/2030 12:00,-0.0
26/09/2030 13:00,1.4204184238752309
26/09/2030 14:00,-0.0
26/09/2030 15:00,1015.4808613974187
26/09/2030 16:00,246.89547073591248
26/09/2030 17:00,333.0325473339138
26/09/2030 18:00,-0.0
26/09/2030 19:00,534.8040967772008
26/09/2030 20:00,463.15325835396607
26/09/2030 21:00,-0.0
26/09/2030 22:00,-0.0
26/09/2030 23:00,1444.4171963390188
27/09/2030 00:00,-0.0
27/09/2030 01:00,329.7587033650244
27/09/2030 02:00,-0.0
27/09/2030 03:00,105.54359623566836
27/09/2030 04:00,-0.0
27/09/2030 05:00,-0.0
27/09/2030 06:00,-0.0
27/09/2030 07:00,-0.0
27/09/2030 08:00,-0.0
27/09/2030 09:00,-0.0
27/09/2030 10:00,-0.0
27/09/2030 11:00,-0.0
27/09/2030 12:00,-0.0
27/09/2030 13:00,504.9131786546821
27/09/2030 14:00,-0.0
27/09/2030 15:00,-0.0
27/09/2030 16:00,406.78018005651666
27/09/2030 17:00,-0.0
27/09/2030 18:00,764.1750602216376
27/09/2030 19:00,405.4259119050347
27/09/2030 20:00,485.0436010047669
27/09/2030 21:00,829.5086165203921
27/09/2030 22:00,-0.0
27/09/2030 23:00,-0.0
28/09/2030 00:00,-0.0
28/09/2030 01:00,-0.0
28/09/2030 02:00,-0.0
28/09/2030 03:00,-0.0
28/09/2030 04:00,-0.0
28/09/2030 05:00,-0.0
28/09/2030 06:00,-0.0
28/09/2030 07:00,-0.0
28/09/2030 08:00,-0.0
28/09/2030 09:00,27.815987733340258
28/09/2030 10:00,-0.0
28/09/2030 11:00,-0.0
28/09/2030 12:00,-0.0
28/09/2030 13:00,-0.0
28/09/2030 14:00,-0.0
28/09/2030 15:00,-0.0
28/09/2030 16:00,4.280575899096426
28/09/2030 17:00,-0.0
28/09/2030 18:00,-0.0
28/09/2030 19:00,-0.0
28/09/2030 20:00,144.92176802066155
28/09/2030 21:00,-0.0
28/09/2030 22:00,849.3184899522282
28/09/2030 23:00,-0.0
29/09/2030 00:00,-0.0
29/09/2030 01:00,-0.0
29/09/2030 02:00,-0.0
29/09/2030 03:00,-0.0
29/09/2030 04:00,1490.4191063467747
29/09/2030 05:00,-0.0
29/09/2030 06:00,-0.0
29/09/2030 07:00,-0.0
29/09/2030 08:00,-0.0
29/09/2030 09:00,-0.0
29/09/2030 10:00,252.02952884771761
29/09/2030 11:00,-0.0
29/09/2030 12:00,-0.0
29/09/2030 13:00,-0.0
29/09/2030 14:00,-0.0
29/09/2030 15:00,-0.0
29/09/2030 16:00,478.6376438871697
29/09/2030 17:00,495.5715811257119
29/09/2030 18:00,1088.629552235805
29/09/2030 19:00,-0.0
29/09/2030 20:00,672.007332399492
29/09/2030 21:00,831.8595086977836
29/09/2030 22:00,258.95585384556125
29/09/2030 23:00,-0.0
30/09/2030 00:00,-0.0
30/09/2030 01:00,-0.0
30/09/2030 02:00,-0.0
30/09/2030 03:00,-0.0
30/09/2030 04:00,-0.0
30/09/2030 05:00,-0.0
30/09/2030 06:00,-0.0
30/09/2030 07:00,-0.0
30/09/2030 08:00,-0.0
30/09/2030 09:00,-0.0
30/09/2030 10:00,106.95632748283293
30/09/2030 11:00,-0.0
30/09/2030 12:00,63.68973929798012
30/09/2030 13:00,175.85346437182358
30/09/2030 14:00,217.21799821341332
30/09/2030 15:00,1254.543946768444
30/09/2030 16:00,470.1033349772601
30/09/2030 17:00,1057.1684000895839
30/09/2030 18:00,1184.6650373457535
30/09/2030 19:00,881.3708157056982
30/09/2030 20:00,787.1852770874506
30/09/2030 21:00,-0.0
30/09/2030 22:00,-0.0
30/09/2030 23:00,502.1985287832206
01/10/2030 00:00,-0.0
01/10/2030 01:00,-0.0
01/10/2030 02:00,-0.0
01/10/2030 03:00,-0.0
01/10/2030 04:00,-0.0
01/10/2030 05:00,-0.0
01/10/2030 06:00,-0.0
01/10/2030 07:00,-0.0
01/10/2030 08:00,-0.0
01/10/2030 09:00,265.11224882363103
01/10/2030 10:00,1341.9039536198234
01/10/2030 11:00,1568.859933388003
01/10/2030 12:00,895.0223675494967
01/10/2030 13:00,962.2467853140075
01/10/2030 14:00,860.3032687441591
01/10/2030 15:00,564.3269607897107
01/10/2030 16:00,1040.6869543068594
01/10/2030 17:00,-0.0
01/10/2030 18:00,1376.521556992081
01/10/2030 19:00,922.8465254610446
01/10/2030 20:00,-0.0
01/10/2030 21:00,-0.0
01/10/2030 22:00,-0.0
01/10/2030 23:00,-0.0
02/10/2030 00:00,-0.0
02/10/2030 01:00,-0.0
02/10/2030 02:00,1122.1908700446422
02/10/2030 03:00,-0.0
02/10/2030 04:00,-0.0
02/10/2030 05:00,-0.0
02/10/2030 06:00,628.26056714435
02/10/2030 07:00,-0.0
02/10/2030 08:00,-0.0
02/10/2030 09:00,-0.0
02/10/2030 10:00,-0.0
02/10/2030 11:00,-0.0
02/10/2030 12:00,-0.0
02/10/2030 13:00,-0.0
02/10/2030 14:00,-0.0
02/10/2030 15:00,122.8799873755886
02/10/2030 16:00,497.87228453752164
02/10/2030 17:00,1479.9521975224384
02/10/2030 18:00,-0.0
02/10/2030 19:00,345.07576239702
02/10/2030 20:00,-0.0
02/10/2030 21:00,-0.0
02/10/2030 22:00,-0.0
02/10/2030 23:00,-0.0
03/10/2030 00:00,-0.0
03/10/2030 01:00,184.88535258877994
03/10/2030 02:00,1464.396321295665
03/10/2030 03:00,524.1043410506887
03/10/2030 04:00,1623.493512412611
03/10/2030 05:00,416.0974936916723
03/10/2030 06:00,40.724036464051785
03/10/2030 07:00,-0.0
03/10/2030 08:00,1492.9266527352954
03/10/2030 09:00,815.1463400245354
03/10/2030 10:00,995.1091179899815
03/10/2030 11:00,655.4062832154793
03/10/2030 12:00,1051.2474924183393
03/10/2030 13:00,1422.6405139402475
03/10/2030 14:00,1636.9746134656082
03/10/2030 15:00,2896.97960703005
03/10/2030 16:00,2425.4667460340506
03/10/2030 17:00,3218.4122758371054
03/10/2030 18:00,3156.5414725348755
03/10/2030 19:00,1601.2447957113918
03/10/2030 20:00,1547.3133074066777
03/10/2030 21:00,1685.7284070800422
03/10/2030 22:00,1276.2266455389451
03/10/2030 23:00,2296.5530888959925
04/10/2030 00:00,1149.7272809579406
04/10/2030 01:00,1241.8561199755238
04/10/2030 02:00,1204.9349345241294
04/10/2030 03:00,1264.7575737207019
04/10/2030 04:00,1402.983706143754
04/10/2030 05:00,1314.7564513985176
04/10/2030 06:00,2640.8379387020486
04/10/2030 07:00,825.9512056184542
04/10/2030 08:00,2565.5735392146526
04/10/2030 09:00,975.5388052225063
04/10/2030 10:00,1081.623998229232
04/10/2030 11:00,1864.3032418511302
04/10/2030 12:00,745.5323973658619
04/10/2030 13:00,1300.9659216709651
04/10/2030 14:00,1789.5076937677522
04/10/2030 15:00,1715.2818081713276
04/10/2030 16:00,2366.817454141642
04/10/2030 17:00,1806.2299945325203
04/10/2030 18:00,1784.4581777101675
04/10/2030 19:00,2128.17248589864
04/10/2030 20:00,1791.3729994486541
04/10/2030 21:00,1827.0034917981309
04/10/2030 22:00,1362.1439761909373
04/10/2030 23:00,338.12831825383694
05/10/2030 00:00,451.2977106605575
05/10/2030 01:00,-0.0
05/10/2030 02:00,-0.0
05/10/2030 03:00,-0.0
05/10/2030 04:00,138.81250557758426
05/10/2030 05:00,1343.366897002803
05/10/2030 06:00,2682.683887622952
05/10/2030 07:00,2461.706456360654
05/10/2030 08:00,2039.0968247610633
05/10/2030 09:00,2561.086401493603
05/10/2030 10:00,3061.7315548953625
05/10/2030 11:00,2291.8498022260924
05/10/2030 12:00,4404.613205991202
05/10/2030 13:00,5397.637498542613
05/10/2030 14:00,3923.1470788119277
05/10/2030 15:00,4023.0064299812534
05/10/2030 16:00,3285.356532326751
05/10/2030 17:00,3974.6363540719417
05/10/2030 18:00,2641.0414251215343
05/10/2030 19:00,2001.3642435325764
05/10/2030 20:00,1896.3289516329269
05/10/2030 21:00,2086.9975629406417
05/10/2030 22:00,774.1798081111075
05/10/2030 23:00,1123.325916181901
06/10/2030 00:00,1642.2307772010492
06/10/2030 01:00,2444.95523851477
06/10/2030 02:00,3387.7559907899495
06/10/2030 03:00,1818.5055927205244
06/10/2030 04:00,837.77289248089
06/10/2030 05:00,1995.677750391656
06/10/2030 06:00,2617.414501587689
06/10/2030 07:00,2208.913125006984
06/10/2030 08:00,2508.386905881263
06/10/2030 09:00,2742.4977992758636
06/10/2030 10:00,1948.5009673112017
06/10/2030 11:00,4210.036165935743
06/10/2030 12:00,4002.4023646905357
06/10/2030 13:00,-0.0
06/10/2030 14:00,-0.0
06/10/2030 15:00,2897.351316928336
06/10/2030 16:00,3587.5224920073847
06/10/2030 17:00,2638.9615922993794
06/10/2030 18:00,2238.74787508329
06/10/2030 19:00,277.5551720258774
06/10/2030 20:00,1792.0588782732943
06/10/2030 21:00,181.18462832751945
06/10/2030 22:00,1660.0110792136393
06/10/2030 23:00,1614.7552472770124
07/10/2030 00:00,-0.0
07/10/2030 01:00,5.851688616831776
07/10/2030 02:00,-0.0
07/10/2030 03:00,269.17566622419383
07/10/2030 04:00,-0.0
07/10/2030 05:00,-0.0
07/10/2030 06:00,-0.0
07/10/2030 07:00,-0.0
07/10/2030 08:00,-0.0
07/10/2030 09:00,-0.0
07/10/2030 10:00,-0.0
07/10/2030 11:00,1629.540291024429
07/10/2030 12:00,1260.6538967357487
07/10/2030 13:00,-0.0
07/10/2030 14:00,-0.0
07/10/2030 15:00,-0.0
07/10/2030 16:00,917.6602605838433
07/10/2030 17:00,-0.0
07/10/2030 18:00,702.8873617579692
07/10/2030 19:00,351.8727763025574
07/10/2030 20:00,222.1224248304837
07/10/2030 21:00,-0.0
07/10/2030 22:00,-0.0
07/10/2030 23:00,-0.0
08/10/2030 00:00,-0.0
08/10/2030 01:00,-0.0
08/10/2030 02:00,-0.0
08/10/2030 03:00,-0.0
08/10/2030 04:00,-0.0
08/10/2030 05:00,-0.0
08/10/2030 06:00,-0.0
08/10/2030 07:00,-0.0
08/10/2030 08:00,-0.0
08/10/2030 09:00,-0.0
08/10/2030 10:00,-0.0
08/10/2030 11:00,-0.0
08/10/2030 12:00,-0.0
08/10/2030 13:00,-0.0
08/10/2030 14:00,-0.0
08/10/2030 15:00,191.92986972078398
08/10/2030 16:00,-0.0
08/10/2030 17:00,-0.0
08/10/2030 18:00,-0.0
08/10/2030 19:00,-0.0
08/10/2030 20:00,-0.0
08/10/2030 21:00,-0.0
08/10/2030 22:00,-0.0
08/10/2030 23:00,-0.0
09/10/2030 00:00,-0.0
09/10/2030 01:00,-0.0
09/10/2030 02:00,-0.0
09/10/2030 03:00,802.5655144471821
09/10/2030 04:00,-0.0
09/10/2030 05:00,-0.0
09/10/2030 06:00,-0.0
09/10/2030 07:00,405.4737329863907
09/10/2030 08:00,-0.0
09/10/2030 09:00,-0.0
09/10/2030 10:00,-0.0
09/10/2030 11:00,-0.0
09/10/2030 12:00,-0.0
09/10/2030 13:00,-0.0
09/10/2030 14:00,-0.0
09/10/2030 15:00,-0.0
09/10/2030 16:00,756.7071392698332
09/10/2030 17:00,468.01904873713437
09/10/2030 18:00,-0.0
09/10/2030 19:00,-0.0
09/10/2030 20:00,1086.6759236520431
09/10/2030 21:00,-0.0
09/10/2030 22:00,-0.0
09/10/2030 23:00,1273.2338243816512
10/10/2030 00:00,-0.0
10/10/2030 01:00,-0.0
10/10/2030 02:00,1100.1878204366471
10/10/2030 03:00,-0.0
10/10/2030 04:00,-0.0
10/10/2030 05:00,-0.0
10/10/2030 06:00,-0.0
10/10/2030 07:00,-0.0
10/10/2030 08:00,-0.0
10/10/2030 09:00,-0.0
10/10/2030 10:00,349.38009440444733
10/10/2030 11:00,-0.0
10/10/2030 12:00,210.98492273149273
10/10/2030 13:00,375.5927914429613
10/10/2030 14:00,-0.0
10/10/2030 15:00,809.5533174820513
10/10/2030 16:00,1160.0324238980033
10/10/2030 17:00,431.33839397514663
10/10/2030 18:00,-0.0
10/10/2030 19:00,-0.0
10/10/2030 20:00,1157.809513999195
10/10/2030 21:00,-0.0
10/10/2030 22:00,-0.0
10/10/2030 23:00,-0.0
11/10/2030 00:00,-0.0
11/10/2030 01:00,-0.0
11/10/2030 02:00,-0.0
11/10/2030 03:00,-0.0
11/10/2030 04:00,-0.0
11/10/2030 05:00,-0.0
11/10/2030 06:00,618.8213261975858
11/10/2030 07:00,323.17903421582776
11/10/2030 08:00,656.9259483293094
11/10/2030 09:00,-0.0
11/10/2030 10:00,-0.0
11/10/2030 11:00,84.8529323048992
11/10/2030 12:00,26.52181660973897
11/10/2030 13:00,-0.0
11/10/2030 14:00,1036.3223316776546
11/10/2030 15:00,-0.0
11/10/2030 16:00,97.75210108552399
11/10/2030 17:00,752.3324487924665
11/10/2030 18:00,-0.0
11/10/2030 19:00,-0.0
11/10/2030 20:00,-0.0
11/10/2030 21:00,136.45030266960313
11/10/2030 22:00,-0.0
11/10/2030 23:00,-0.0
12/10/2030 00:00,-0.0
12/10/2030 01:00,-0.0
12/10/2030 02:00,-0.0
12/10/2030 03:00,-0.0
12/10/2030 04:00,-0.0
12/10/2030 05:00,-0.0
12/10/2030 06:00,-0.0
12/10/2030 07:00,-0.0
12/10/2030 08:00,-0.0
12/10/2030 09:00,109.49284417364609
12/10/2030 10:00,743.9439582884004
12/10/2030 11:00,1466.7200847906563
12/10/2030 12:00,436.3072206462315
12/10/2030 13:00,1296.630830347348
12/10/2030 14:00,935.193690501256
12/10/2030 15:00,1115.496624218443
12/10/2030 16:00,2634.9101174607954
12/10/2030 17:00,1923.7587128839427
12/10/2030 18:00,2448.5820515855316
12/10/2030 19:00,2800.16960873207
12/10/2030 20:00,2723.9772558473665
12/10/2030 21:00,2415.562764891885
12/10/2030 22:00,1500.3946028431087
12/10/2030 23:00,1685.9329830203583
13/10/2030 00:00,1433.77550025234
13/10/2030 01:00,1692.8344893909752
13/10/2030 02:00,1807.8957525274882
13/10/2030 03:00,2423.181727135864
13/10/2030 04:00,2750.029147295955
13/10/2030 05:00,2831.496184083629
13/10/2030 06:00,282.2866936263084
13/10/2030 07:00,3127.812425564097
13/10/2030 08:00,3728.1566608069697
13/10/2030 09:00,-0.0
13/10/2030 10:00,1326.4445757490594
13/10/2030 11:00,-0.0
13/10/2030 12:00,-0.0
13/10/2030 13:00,-0.0
13/10/2030 14:00,-0.0
13/10/2030 15:00,-0.0
13/10/2030 16:00,-0.0
13/10/2030 17:00,2462.230817044919
13/10/2030 18:00,-0.0
13/10/2030 19:00,1278.776721741008
13/10/2030 20:00,-0.0
13/10/2030 21:00,-0.0
13/10/2030 22:00,321.38072193465314
13/10/2030 23:00,-0.0
14/10/2030 00:00,2157.4690931305117
14/10/2030 01:00,-0.0
14/10/2030 02:00,2165.999768244496
14/10/2030 03:00,684.6609344952951
14/10/2030 04:00,-0.0
14/10/2030 05:00,275.1127651912795
14/10/2030 06:00,-0.0
14/10/2030 07:00,-0.0
14/10/2030 08:00,-0.0
14/10/2030 09:00,3.962921017539968
14/10/2030 10:00,-0.0
14/10/2030 11:00,-0.0
14/10/2030 12:00,801.6303733849591
14/10/2030 13:00,836.7671816286661
14/10/2030 14:00,1297.2689741145405
14/10/2030 15:00,333.71124193343053
14/10/2030 16:00,-0.0
14/10/2030 17:00,-0.0
14/10/2030 18:00,-0.0
14/10/2030 19:00,720.758674852927
14/10/2030 20:00,668.2193901967432
14/10/2030 21:00,506.64720961901264
14/10/2030 22:00,246.3222837191646
14/10/2030 23:00,-0.0
15/10/2030 00:00,465.4890300783388
15/10/2030 01:00,-0.0
15/10/2030 02:00,-0.0
15/10/2030 03:00,-0.0
15/10/2030 04:00,-0.0
15/10/2030 05:00,-0.0
15/10/2030 06:00,-0.0
15/10/2030 07:00,-0.0
15/10/2030 08:00,-0.0
15/10/2030 09:00,-0.0
15/10/2030 10:00,-0.0
15/10/2030 11:00,752.4582883442192
15/10/2030 12:00,509.2826968021153
15/10/2030 13:00,682.0719454198497
15/10/2030 14:00,1146.464144445575
15/10/2030 15:00,1822.0399554698636
15/10/2030 16:00,997.8182048602905
15/10/2030 17:00,973.2358839195937
15/10/2030 18:00,461.6173101838826
15/10/2030 19:00,-0.0
15/10/2030 20:00,-0.0
15/10/2030 21:00,76.70833423744261
15/10/2030 22:00,193.37250722727626
15/10/2030 23:00,-0.0
16/10/2030 00:00,-0.0
16/10/2030 01:00,-0.0
16/10/2030 02:00,-0.0
16/10/2030 03:00,-0.0
16/10/2030 04:00,-0.0
16/10/2030 05:00,-0.0
16/10/2030 06:00,-0.0
16/10/2030 07:00,-0.0
16/10/2030 08:00,-0.0
16/10/2030 09:00,625.4886270725339
16/10/2030 10:00,2639.8854723676855
16/10/2030 11:00,2392.1638974956318
16/10/2030 12:00,2122.638810647615
16/10/2030 13:00,2083.9223672018657
16/10/2030 14:00,1605.8446143207798
16/10/2030 15:00,2278.420784058131
16/10/2030 16:00,2115.6433191753995
16/10/2030 17:00,786.5619132796757
16/10/2030 18:00,1276.9252243073443
16/10/2030 19:00,418.171811128387
16/10/2030 20:00,-0.0
16/10/2030 21:00,-0.0
16/10/2030 22:00,-0.0
16/10/2030 23:00,-0.0
17/10/2030 00:00,-0.0
17/10/2030 01:00,443.94896768127364
17/10/2030 02:00,-0.0
17/10/2030 03:00,-0.0
17/10/2030 04:00,-0.0
17/10/2030 05:00,-0.0
17/10/2030 06:00,-0.0
17/10/2030 07:00,-0.0
17/10/2030 08:00,-0.0
17/10/2030 09:00,-0.0
17/10/2030 10:00,-0.0
17/10/2030 11:00,-0.0
17/10/2030 12:00,1043.1634932231873
17/10/2030 13:00,62.596678246106485
17/10/2030 14:00,289.52002805132213
17/10/2030 15:00,275.4131882222009
17/10/2030 16:00,1745.1718342879863
17/10/2030 17:00,1009.3415731834164
17/10/2030 18:00,543.1093334887582
17/10/2030 19:00,174.42160418170303
17/10/2030 20:00,76.54024535480895
17/10/2030 21:00,393.68551740459446
17/10/2030 22:00,-0.0
17/10/2030 23:00,257.62250227059747
18/10/2030 00:00,509.6126074792388
18/10/2030 01:00,507.3034451064692
18/10/2030 02:00,711.0904152144132
18/10/2030 03:00,1211.4169368903547
18/10/2030 04:00,1063.979387161472
18/10/2030 05:00,2390.5405183008975
18/10/2030 06:00,2921.8919247066474
18/10/2030 07:00,1826.4646886100734
18/10/2030 08:00,2439.1115712064257
18/10/2030 09:00,2760.664967401767
18/10/2030 10:00,2997.330967900863
18/10/2030 11:00,4484.463793605313
18/10/2030 12:00,5455.033383989376
18/10/2030 13:00,5024.856480710637
18/10/2030 14:00,5149.0367709870625
18/10/2030 15:00,4333.406903186025
18/10/2030 16:00,3287.2851763342624
18/10/2030 17:00,3173.7049580221988
18/10/2030 18:00,3481.2522480309894
18/10/2030 19:00,2903.043522773142
18/10/2030 20:00,2607.468289939419
18/10/2030 21:00,2578.143490056443
18/10/2030 22:00,775.6965467256338
18/10/2030 23:00,441.60334194601705
19/10/2030 00:00,153.2486166344268
19/10/2030 01:00,-0.0
19/10/2030 02:00,-0.0
19/10/2030 03:00,-0.0
19/10/2030 04:00,1365.1400298746546
19/10/2030 05:00,1130.831806808634
19/10/2030 06:00,2035.9375787421027
19/10/2030 07:00,1761.80603848539
19/10/2030 08:00,1922.790840459393
19/10/2030 09:00,1852.3058034543503
19/10/2030 10:00,1313.0801238531794
19/10/2030 11:00,2742.3365215682766
19/10/2030 12:00,2168.403843193894
19/10/2030 13:00,2005.9171661467462
19/10/2030 14:00,2241.248417750463
19/10/2030 15:00,2083.5401106032573
19/10/2030 16:00,2359.7255496156513
19/10/2030 17:00,806.0744614174507
19/10/2030 18:00,1490.2668692652726
19/10/2030 19:00,1195.2712009152297
19/10/2030 20:00,720.3097664229383
19/10/2030 21:00,50.921842210503655
19/10/2030 22:00,1985.0556162899843
19/10/2030 23:00,520.1216077250722
20/10/2030 00:00,1167.6232364473403
20/10/2030 01:00,574.6335045472093
20/10/2030 02:00,93.6292050302423
20/10/2030 03:00,-0.0
20/10/2030 04:00,-0.0
20/10/2030 05:00,441.98006540241937
20/10/2030 06:00,-0.0
20/10/2030 07:00,-0.0
20/10/2030 08:00,1157.4169519746563
20/10/2030 09:00,-0.0
20/10/2030 10:00,80.663909685204
20/10/2030 11:00,-0.0
20/10/2030 12:00,1050.791331418259
20/10/2030 13:00,43.33466634869213
20/10/2030 14:00,32.53980075990846
20/10/2030 15:00,-0.0
20/10/2030 16:00,-0.0
20/10/2030 17:00,851.7162999339852
20/10/2030 18:00,404.7269589542707
20/10/2030 19:00,-0.0
20/10/2030 20:00,43.392118253959964
20/10/2030 21:00,1046.0985005296052
20/10/2030 22:00,742.1129912616467
20/10/2030 23:00,-0.0
21/10/2030 00:00,-0.0
21/10/2030 01:00,-0.0
21/10/2030 02:00,-0.0
21/10/2030 03:00,-0.0
21/10/2030 04:00,242.4695218974375
21/10/2030 05:00,331.6964576412988
21/10/2030 06:00,1163.3638360157438
21/10/2030 07:00,1353.0116637645547
21/10/2030 08:00,1338.7430352054723
21/10/2030 09:00,523.9361383889592
21/10/2030 10:00,1188.063965376992
21/10/2030 11:00,1528.5671924233063
21/10/2030 12:00,1403.6822872247471
21/10/2030 13:00,1350.2680135212686
21/10/2030 14:00,2138.1969424638346
21/10/2030 15:00,1229.11101356158
21/10/2030 16:00,786.5500035363947
21/10/2030 17:00,1973.5883955911488
21/10/2030 18:00,1308.3177435520342
21/10/2030 19:00,484.3088643525915
21/10/2030 20:00,255.63206796498352
21/10/2030 21:00,1225.8184243563733
21/10/2030 22:00,-0.0
21/10/2030 23:00,8.652158703890935
22/10/2030 00:00,321.7446102615913
22/10/2030 01:00,756.7060870724323
22/10/2030 02:00,1116.6876890469239
22/10/2030 03:00,1447.4388237749115
22/10/2030 04:00,1580.2398629640938
22/10/2030 05:00,2199.7666071599638
22/10/2030 06:00,2989.080425079607
22/10/2030 07:00,3644.3709794622105
22/10/2030 08:00,3709.518985045412
22/10/2030 09:00,4382.64453003518
22/10/2030 10:00,4771.991285884602
22/10/2030 11:00,6389.535069776743
22/10/2030 12:00,5795.092714632057
22/10/2030 13:00,6178.686648064824
22/10/2030 14:00,5849.058542616968
22/10/2030 15:00,5936.6337965599205
22/10/2030 16:00,6237.079403430462
22/10/2030 17:00,4315.77316795421
22/10/2030 18:00,2677.2007824576085
22/10/2030 19:00,1619.3892206306161
22/10/2030 20:00,702.765207717119
22/10/2030 21:00,66.92732580651156
22/10/2030 22:00,-0.0
22/10/2030 23:00,1358.0360641814557
23/10/2030 00:00,19.843308461968636
23/10/2030 01:00,304.88831301282966
23/10/2030 02:00,531.7343712815789
23/10/2030 03:00,459.989201977228
23/10/2030 04:00,284.7611774229278
23/10/2030 05:00,-0.0
23/10/2030 06:00,1142.7427138892851
23/10/2030 07:00,660.4567698924757
23/10/2030 08:00,576.0955427206181
23/10/2030 09:00,-0.0
23/10/2030 10:00,1304.4337363839359
23/10/2030 11:00,920.5100038461507
23/10/2030 12:00,817.1536557752953
23/10/2030 13:00,625.4461353706561
23/10/2030 14:00,106.83055004257791
23/10/2030 15:00,754.5133393254655
23/10/2030 16:00,793.9417539737184
23/10/2030 17:00,27.859421085609885
23/10/2030 18:00,81.37838288444362
23/10/2030 19:00,682.9819464123908
23/10/2030 20:00,-0.0
23/10/2030 21:00,1138.7091670832347
23/10/2030 22:00,885.4287636474464
23/10/2030 23:00,-0.0
24/10/2030 00:00,-0.0
24/10/2030 01:00,-0.0
24/10/2030 02:00,-0.0
24/10/2030 03:00,-0.0
24/10/2030 04:00,-0.0
24/10/2030 05:00,-0.0
24/10/2030 06:00,-0.0
24/10/2030 07:00,-0.0
24/10/2030 08:00,-0.0
24/10/2030 09:00,-0.0
24/10/2030 10:00,111.77657963193325
24/10/2030 11:00,-0.0
24/10/2030 12:00,99.87837816120067
24/10/2030 13:00,93.44052708197582
24/10/2030 14:00,-0.0
24/10/2030 15:00,964.9183488394841
24/10/2030 16:00,260.9919429007142
24/10/2030 17:00,-0.0
24/10/2030 18:00,-0.0
24/10/2030 19:00,-0.0
24/10/2030 20:00,-0.0
24/10/2030 21:00,-0.0
24/10/2030 22:00,-0.0
24/10/2030 23:00,-0.0
25/10/2030 00:00,-0.0
25/10/2030 01:00,-0.0
25/10/2030 02:00,-0.0
25/10/2030 03:00,-0.0
25/10/2030 04:00,-0.0
25/10/2030 05:00,-0.0
25/10/2030 06:00,-0.0
25/10/2030 07:00,-0.0
25/10/2030 08:00,-0.0
25/10/2030 09:00,-0.0
25/10/2030 10:00,-0.0
25/10/2030 11:00,-0.0
25/10/2030 12:00,-0.0
25/10/2030 13:00,-0.0
25/10/2030 14:00,-0.0
25/10/2030 15:00,-0.0
25/10/2030 16:00,-0.0
25/10/2030 17:00,-0.0
25/10/2030 18:00,-0.0
25/10/2030 19:00,-0.0
25/10/2030 20:00,-0.0
25/10/2030 21:00,-0.0
25/10/2030 22:00,-0.0
25/10/2030 23:00,-0.0
26/10/2030 00:00,-0.0
26/10/2030 01:00,-0.0
26/10/2030 02:00,-0.0
26/10/2030 03:00,-0.0
26/10/2030 04:00,-0.0
26/10/2030 05:00,-0.0
26/10/2030 06:00,-0.0
26/10/2030 07:00,-0.0
26/10/2030 08:00,-0.0
26/10/2030 09:00,-0.0
26/10/2030 10:00,-0.0
26/10/2030 11:00,-0.0
26/10/2030 12:00,-0.0
26/10/2030 13:00,-0.0
26/10/2030 14:00,-0.0
26/10/2030 15:00,200.8131380275266
26/10/2030 16:00,-0.0
26/10/2030 17:00,-0.0
26/10/2030 18:00,-0.0
26/10/2030 19:00,-0.0
26/10/2030 20:00,-0.0
26/10/2030 21:00,-0.0
26/10/2030 22:00,-0.0
26/10/2030 23:00,-0.0
27/10/2030 00:00,-0.0
27/10/2030 01:00,-0.0
27/10/2030 02:00,-0.0
27/10/2030 03:00,-0.0
27/10/2030 04:00,-0.0
27/10/2030 05:00,-0.0
27/10/2030 06:00,-0.0
27/10/2030 07:00,-0.0
27/10/2030 08:00,-0.0
27/10/2030 09:00,-0.0
27/10/2030 10:00,-0.0
27/10/2030 11:00,-0.0
27/10/2030 12:00,-0.0
27/10/2030 13:00,-0.0
27/10/2030 14:00,-0.0
27/10/2030 15:00,301.1154811706692
27/10/2030 16:00,-0.0
27/10/2030 17:00,-0.0
27/10/2030 18:00,-0.0
27/10/2030 19:00,-0.0
27/10/2030 20:00,-0.0
27/10/2030 21:00,-0.0
27/10/2030 22:00,-0.0
27/10/2030 23:00,-0.0
28/10/2030 00:00,-0.0
28/10/2030 01:00,-0.0
28/10/2030 02:00,-0.0
28/10/2030 03:00,-0.0
28/10/2030 04:00,-0.0
28/10/2030 05:00,-0.0
28/10/2030 06:00,-0.0
28/10/2030 07:00,-0.0
28/10/2030 08:00,-0.0
28/10/2030 09:00,-0.0
28/10/2030 10:00,780.9689986836006
28/10/2030 11:00,1041.2520137882057
28/10/2030 12:00,527.9194843434569
28/10/2030 13:00,632.1069610872149
28/10/2030 14:00,729.4015190714375
28/10/2030 15:00,202.39111138236035
28/10/2030 16:00,821.6110615492879
28/10/2030 17:00,-0.0
28/10/2030 18:00,-0.0
28/10/2030 19:00,-0.0
28/10/2030 20:00,-0.0
28/10/2030 21:00,441.8665962586952
28/10/2030 22:00,-0.0
28/10/2030 23:00,-0.0
29/10/2030 00:00,-0.0
29/10/2030 01:00,-0.0
29/10/2030 02:00,-0.0
29/10/2030 03:00,-0.0
29/10/2030 04:00,-0.0
29/10/2030 05:00,-0.0
29/10/2030 06:00,-0.0
29/10/2030 07:00,316.95488558372256
29/10/2030 08:00,160.63062636285275
29/10/2030 09:00,620.2599856818772
29/10/2030 10:00,1072.1145992197758
29/10/2030 11:00,722.4572101400256
29/10/2030 12:00,1152.3030410205124
29/10/2030 13:00,1114.3256705410406
29/10/2030 14:00,609.020295519895
29/10/2030 15:00,1450.5379277389357
29/10/2030 16:00,472.6620264689767
29/10/2030 17:00,616.0434718351581
29/10/2030 18:00,970.7791945639963
29/10/2030 19:00,112.0879033160927
29/10/2030 20:00,-0.0
29/10/2030 21:00,-0.0
29/10/2030 22:00,1227.310202958198
29/10/2030 23:00,-0.0
30/10/2030 00:00,224.46714708461198
30/10/2030 01:00,517.9605127731712
30/10/2030 02:00,401.86720350460195
30/10/2030 03:00,186.57507116939448
30/10/2030 04:00,136.18715473578735
30/10/2030 05:00,313.0743456810707
30/10/2030 06:00,55.57324727414456
30/10/2030 07:00,1244.8915030263704
30/10/2030 08:00,-0.0
30/10/2030 09:00,84.4143697459572
30/10/2030 10:00,-0.0
30/10/2030 11:00,-0.0
30/10/2030 12:00,-0.0
30/10/2030 13:00,-0.0
30/10/2030 14:00,-0.0
30/10/2030 15:00,321.5471994133158
30/10/2030 16:00,345.6121454496507
30/10/2030 17:00,-0.0
30/10/2030 18:00,182.05284493566285
30/10/2030 19:00,-0.0
30/10/2030 20:00,-0.0
30/10/2030 21:00,-0.0
30/10/2030 22:00,345.61392618369035
30/10/2030 23:00,-0.0
31/10/2030 00:00,-0.0
31/10/2030 01:00,-0.0
31/10/2030 02:00,108.89587895596367
31/10/2030 03:00,205.95260055741556
31/10/2030 04:00,235.93004722748606
31/10/2030 05:00,238.65597672753782
31/10/2030 06:00,-0.0
31/10/2030 07:00,470.2605299833126
31/10/2030 08:00,1106.2047012346623
31/10/2030 09:00,207.6371062515684
31/10/2030 10:00,-0.0
31/10/2030 11:00,-0.0
31/10/2030 12:00,-0.0
31/10/2030 13:00,-0.0
31/10/2030 14:00,-0.0
31/10/2030 15:00,406.86299651794576
31/10/2030 16:00,1047.958612909988
31/10/2030 17:00,-0.0
31/10/2030 18:00,379.6669802292658
31/10/2030 19:00,587.9877718528033
31/10/2030 20:00,-0.0
31/10/2030 21:00,697.6694602683054
31/10/2030 22:00,219.98727350540508
31/10/2030 23:00,46.66883994980904
01/11/2030 00:00,1339.042815736157
01/11/2030 01:00,565.6693131457497
01/11/2030 02:00,1.5643120274472584
01/11/2030 03:00,-0.0
01/11/2030 04:00,-0.0
01/11/2030 05:00,162.30736639922026
01/11/2030 06:00,388.45517673634896
01/11/2030 07:00,517.8764777738706
01/11/2030 08:00,741.7859998116083
01/11/2030 09:00,1010.6758500367853
01/11/2030 10:00,67.0294776620354
01/11/2030 11:00,675.7298380051008
01/11/2030 12:00,985.2273005025651
01/11/2030 13:00,939.3665007462339
01/11/2030 14:00,1784.985386758022
01/11/2030 15:00,1493.702749441894
01/11/2030 16:00,461.4715183747091
01/11/2030 17:00,-0.0
01/11/2030 18:00,1228.2559490625106
01/11/2030 19:00,1435.7073555494658
01/11/2030 20:00,1821.8504063216428
01/11/2030 21:00,2224.031698433646
01/11/2030 22:00,1247.7146282563945
01/11/2030 23:00,631.9297083691994
02/11/2030 00:00,885.5302022615906
02/11/2030 01:00,854.3975934700978
02/11/2030 02:00,659.4342537721683
02/11/2030 03:00,471.9255079562019
02/11/2030 04:00,375.52804909114684
02/11/2030 05:00,319.1478198787881
02/11/2030 06:00,151.68073749407037
02/11/2030 07:00,676.0265610636064
02/11/2030 08:00,647.7928627740006
02/11/2030 09:00,53.546007183831776
02/11/2030 10:00,-0.0
02/11/2030 11:00,506.06539604206256
02/11/2030 12:00,886.3408266733095
02/11/2030 13:00,955.6226483791903
02/11/2030 14:00,1828.1463819994678
02/11/2030 15:00,283.7527519952497
02/11/2030 16:00,675.5918101059941
02/11/2030 17:00,1012.6145184296278
02/11/2030 18:00,-0.0
02/11/2030 19:00,335.93636714259117
02/11/2030 20:00,432.74630091743506
02/11/2030 21:00,-0.0
02/11/2030 22:00,-0.0
02/11/2030 23:00,121.23639830756976
03/11/2030 00:00,424.601380717735
03/11/2030 01:00,496.6561078576359
03/11/2030 02:00,674.6046078299801
03/11/2030 03:00,764.4979626505296
03/11/2030 04:00,719.4565492890271
03/11/2030 05:00,1028.7494798746768
03/11/2030 06:00,137.10647339193522
03/11/2030 07:00,-0.0
03/11/2030 08:00,706.4198407868129
03/11/2030 09:00,-0.0
03/11/2030 10:00,-0.0
03/11/2030 11:00,-0.0
03/11/2030 12:00,-0.0
03/11/2030 13:00,-0.0
03/11/2030 14:00,405.7632089046779
03/11/2030 15:00,723.7035737063524
03/11/2030 16:00,-0.0
03/11/2030 17:00,-0.0
03/11/2030 18:00,-0.0
03/11/2030 19:00,-0.0
03/11/2030 20:00,-0.0
03/11/2030 21:00,-0.0
03/11/2030 22:00,-0.0
03/11/2030 23:00,-0.0
04/11/2030 00:00,-0.0
04/11/2030 01:00,-0.0
04/11/2030 02:00,-0.0
04/11/2030 03:00,-0.0
04/11/2030 04:00,-0.0
04/11/2030 05:00,-0.0
04/11/2030 06:00,1331.3182646539112
04/11/2030 07:00,-0.0
04/11/2030 08:00,-0.0
04/11/2030 09:00,38.01622086432668
04/11/2030 10:00,-0.0
04/11/2030 11:00,-0.0
04/11/2030 12:00,-0.0
04/11/2030 13:00,-0.0
04/11/2030 14:00,-0.0
04/11/2030 15:00,-0.0
04/11/2030 16:00,154.63709449238215
04/11/2030 17:00,-0.0
04/11/2030 18:00,515.7346329504873
04/11/2030 19:00,342.7447654037793
04/11/2030 20:00,-0.0
04/11/2030 21:00,279.2834320212411
04/11/2030 22:00,-0.0
04/11/2030 23:00,-0.0
05/11/2030 00:00,-0.0
05/11/2030 01:00,-0.0
05/11/2030 02:00,-0.0
05/11/2030 03:00,-0.0
05/11/2030 04:00,-0.0
05/11/2030 05:00,11.648103161815483
05/11/2030 06:00,114.15668375780966
05/11/2030 07:00,253.825570406561
05/11/2030 08:00,-0.0
05/11/2030 09:00,96.77072846276344
05/11/2030 10:00,860.804049107705
05/11/2030 11:00,412.2835163449858
05/11/2030 12:00,1292.6218011720848
05/11/2030 13:00,1307.604447561101
05/11/2030 14:00,835.104094579844
05/11/2030 15:00,1872.6819318800372
05/11/2030 16:00,1872.1150875846315
05/11/2030 17:00,1891.4063357550824
05/11/2030 18:00,765.1847406124034
05/11/2030 19:00,1867.2770914889904
05/11/2030 20:00,257.53348047405404
05/11/2030 21:00,224.31684795918486
05/11/2030 22:00,-0.0
05/11/2030 23:00,1374.278869882897
06/11/2030 00:00,1737.6070094741153
06/11/2030 01:00,209.45416313299827
06/11/2030 02:00,236.06045608639627
06/11/2030 03:00,484.39661469507394
06/11/2030 04:00,863.7443343161244
06/11/2030 05:00,1434.1559712874848
06/11/2030 06:00,1927.9011723199249
06/11/2030 07:00,2603.9566639441377
06/11/2030 08:00,3582.261929286898
06/11/2030 09:00,4615.414806921006
06/11/2030 10:00,2991.7881643495384
06/11/2030 11:00,325.7592052546361
06/11/2030 12:00,-0.0
06/11/2030 13:00,-0.0
06/11/2030 14:00,4105.026045406071
06/11/2030 15:00,5231.637510769091
06/11/2030 16:00,5113.0925506189815
06/11/2030 17:00,2180.7139685320008
06/11/2030 18:00,3038.512494828735
06/11/2030 19:00,3518.8085792534816
06/11/2030 20:00,3958.1684949325254
06/11/2030 21:00,4000.7574026204225
06/11/2030 22:00,2875.645878583183
06/11/2030 23:00,1581.8436097409742
07/11/2030 00:00,4787.48032957792
07/11/2030 01:00,5009.674531987914
07/11/2030 02:00,5014.4074885901
07/11/2030 03:00,5150.1617525069405
07/11/2030 04:00,4732.428374357636
07/11/2030 05:00,4565.094331542004
07/11/2030 06:00,4179.3703716289165
07/11/2030 07:00,2196.5339620642203
07/11/2030 08:00,3232.022150798926
07/11/2030 09:00,2330.1237296667273
07/11/2030 10:00,1356.4468568893903
07/11/2030 11:00,-0.0
07/11/2030 12:00,-0.0
07/11/2030 13:00,5073.739751146594
07/11/2030 14:00,5461.076227473326
07/11/2030 15:00,-0.0
07/11/2030 16:00,5986.218572719448
07/11/2030 17:00,2056.5222140011288
07/11/2030 18:00,3305.496563936151
07/11/2030 19:00,4121.0091128079475
07/11/2030 20:00,4662.4052297220705
07/11/2030 21:00,4616.322061920817
07/11/2030 22:00,3033.713696110566
07/11/2030 23:00,1841.148984225271
08/11/2030 00:00,914.8072903848026
08/11/2030 01:00,387.81604428404955
08/11/2030 02:00,263.1479923994139
08/11/2030 03:00,281.0457524579319
08/11/2030 04:00,618.2059635528718
08/11/2030 05:00,1797.3311586357313
08/11/2030 06:00,1876.007715650031
08/11/2030 07:00,1429.6318373897993
08/11/2030 08:00,2467.288978464783
08/11/2030 09:00,2526.854349619574
08/11/2030 10:00,1362.2665514256455
08/11/2030 11:00,1865.2599506045644
08/11/2030 12:00,1487.957260152879
08/11/2030 13:00,1894.976221162418
08/11/2030 14:00,2578.842107155312
08/11/2030 15:00,2754.008235917073
08/11/2030 16:00,2023.1861260477408
08/11/2030 17:00,684.6783827296676
08/11/2030 18:00,-0.0
08/11/2030 19:00,-0.0
08/11/2030 20:00,-0.0
08/11/2030 21:00,-0.0
08/11/2030 22:00,-0.0
08/11/2030 23:00,-0.0
09/11/2030 00:00,-0.0
09/11/2030 01:00,-0.0
09/11/2030 02:00,-0.0
09/11/2030 03:00,-0.0
09/11/2030 04:00,-0.0
09/11/2030 05:00,-0.0
09/11/2030 06:00,-0.0
09/11/2030 07:00,-0.0
09/11/2030 08:00,-0.0
09/11/2030 09:00,-0.0
09/11/2030 10:00,-0.0
09/11/2030 11:00,-0.0
09/11/2030 12:00,-0.0
09/11/2030 13:00,-0.0
09/11/2030 14:00,-0.0
09/11/2030 15:00,-0.0
09/11/2030 16:00,-0.0
09/11/2030 17:00,-0.0
09/11/2030 18:00,-0.0
09/11/2030 19:00,-0.0
09/11/2030 20:00,-0.0
09/11/2030 21:00,-0.0
09/11/2030 22:00,-0.0
09/11/2030 23:00,-0.0
10/11/2030 00:00,-0.0
10/11/2030 01:00,-0.0
10/11/2030 02:00,-0.0
10/11/2030 03:00,-0.0
10/11/2030 04:00,-0.0
10/11/2030 05:00,-0.0
10/11/2030 06:00,-0.0
10/11/2030 07:00,-0.0
10/11/2030 08:00,-0.0
10/11/2030 09:00,-0.0
10/11/2030 10:00,-0.0
10/11/2030 11:00,-0.0
10/11/2030 12:00,-0.0
10/11/2030 13:00,-0.0
10/11/2030 14:00,-0.0
10/11/2030 15:00,-0.0
10/11/2030 16:00,-0.0
10/11/2030 17:00,-0.0
10/11/2030 18:00,-0.0
10/11/2030 19:00,51.05070688968397
10/11/2030 20:00,38.450681492967306
10/11/2030 21:00,-0.0
10/11/2030 22:00,-0.0
10/11/2030 23:00,-0.0
11/11/2030 00:00,-0.0
11/11/2030 01:00,-0.0
11/11/2030 02:00,-0.0
11/11/2030 03:00,-0.0
11/11/2030 04:00,-0.0
11/11/2030 05:00,-0.0
11/11/2030 06:00,-0.0
11/11/2030 07:00,-0.0
11/11/2030 08:00,-0.0
11/11/2030 09:00,-0.0
11/11/2030 10:00,-0.0
11/11/2030 11:00,-0.0
11/11/2030 12:00,-0.0
11/11/2030 13:00,-0.0
11/11/2030 14:00,-0.0
11/11/2030 15:00,181.21523108835663
11/11/2030 16:00,-0.0
11/11/2030 17:00,-0.0
11/11/2030 18:00,-0.0
11/11/2030 19:00,-0.0
11/11/2030 20:00,-0.0
11/11/2030 21:00,-0.0
11/11/2030 22:00,-0.0
11/11/2030 23:00,-0.0
12/11/2030 00:00,270.4833497756074
12/11/2030 01:00,-0.0
12/11/2030 02:00,-0.0
12/11/2030 03:00,-0.0
12/11/2030 04:00,-0.0
12/11/2030 05:00,-0.0
12/11/2030 06:00,-0.0
12/11/2030 07:00,-0.0
12/11/2030 08:00,-0.0
12/11/2030 09:00,-0.0
12/11/2030 10:00,-0.0
12/11/2030 11:00,-0.0
12/11/2030 12:00,-0.0
12/11/2030 13:00,573.1938406732032
12/11/2030 14:00,-0.0
12/11/2030 15:00,-0.0
12/11/2030 16:00,186.60655916301624
12/11/2030 17:00,-0.0
12/11/2030 18:00,886.8188785008009
12/11/2030 19:00,1009.6183106442082
12/11/2030 20:00,864.349759807156
12/11/2030 21:00,1906.5233706600986
12/11/2030 22:00,1854.138352818714
12/11/2030 23:00,2043.0190077951102
13/11/2030 00:00,1082.4429293806359
13/11/2030 01:00,3136.599153519702
13/11/2030 02:00,3329.1363752591883
13/11/2030 03:00,3005.7588405715355
13/11/2030 04:00,2578.36915306407
13/11/2030 05:00,1476.9649553294907
13/11/2030 06:00,2651.063303612167
13/11/2030 07:00,1824.6749278495922
13/11/2030 08:00,1908.7756925767835
13/11/2030 09:00,1427.0025394423105
13/11/2030 10:00,1872.7187356584834
13/11/2030 11:00,2737.040351325759
13/11/2030 12:00,1687.460455563087
13/11/2030 13:00,2570.5773603541957
13/11/2030 14:00,2433.27253395063
13/11/2030 15:00,2471.4851198199444
13/11/2030 16:00,1725.7794696651767
13/11/2030 17:00,1064.5931772715337
13/11/2030 18:00,2169.7767348401844
13/11/2030 19:00,757.3129784556405
13/11/2030 20:00,911.1970971569696
13/11/2030 21:00,797.0194884054933
13/11/2030 22:00,2104.5843993141507
13/11/2030 23:00,540.2985452920105
14/11/2030 00:00,752.7486897016657
14/11/2030 01:00,856.3367330601748
14/11/2030 02:00,1189.2580028551172
14/11/2030 03:00,962.7461406674274
14/11/2030 04:00,910.6503420656096
14/11/2030 05:00,1160.6406459714233
14/11/2030 06:00,1021.5748679966496
14/11/2030 07:00,2308.614562168732
14/11/2030 08:00,572.4005930812843
14/11/2030 09:00,2477.489253488056
14/11/2030 10:00,1998.817197501485
14/11/2030 11:00,3310.927238685928
14/11/2030 12:00,2337.4117244792246
14/11/2030 13:00,2893.0619884512785
14/11/2030 14:00,3022.5045564881702
14/11/2030 15:00,3279.4890501804284
14/11/2030 16:00,2291.8070213273813
14/11/2030 17:00,2015.7435127862593
14/11/2030 18:00,2283.0993675183354
14/11/2030 19:00,2097.310039239169
14/11/2030 20:00,1772.9027755517354
14/11/2030 21:00,1665.5345364655998
14/11/2030 22:00,576.7221264219486
14/11/2030 23:00,715.4771846938789
15/11/2030 00:00,1072.570627902379
15/11/2030 01:00,1377.4515409393007
15/11/2030 02:00,1538.415601943516
15/11/2030 03:00,1739.8818838214381
15/11/2030 04:00,2001.2305427338406
15/11/2030 05:00,2208.381432918699
15/11/2030 06:00,2077.6622608746784
15/11/2030 07:00,1675.7842658978257
15/11/2030 08:00,1528.849908182477
15/11/2030 09:00,1731.8569957884242
15/11/2030 10:00,2873.2509599672144
15/11/2030 11:00,2559.8348238419953
15/11/2030 12:00,3135.644220737438
15/11/2030 13:00,3065.001188963221
15/11/2030 14:00,2744.715671785098
15/11/2030 15:00,3729.700149071403
15/11/2030 16:00,2938.110168872801
15/11/2030 17:00,1795.6389045104859
15/11/2030 18:00,1038.11479202868
15/11/2030 19:00,1335.535048592465
15/11/2030 20:00,1949.9557979934173
15/11/2030 21:00,1803.3101018350485
15/11/2030 22:00,1031.5244516240482
15/11/2030 23:00,765.0667024396448
16/11/2030 00:00,907.966745206601
16/11/2030 01:00,884.3320077097895
16/11/2030 02:00,654.3810761499777
16/11/2030 03:00,-0.0
16/11/2030 04:00,-0.0
16/11/2030 05:00,-0.0
16/11/2030 06:00,-0.0
16/11/2030 07:00,615.6275318955576
16/11/2030 08:00,621.1984269469624
16/11/2030 09:00,-0.0
16/11/2030 10:00,550.3812964807295
16/11/2030 11:00,772.1847822680517
16/11/2030 12:00,234.0980948253187
16/11/2030 13:00,771.0656568509905
16/11/2030 14:00,1513.1985453640639
16/11/2030 15:00,587.2571894465033
16/11/2030 16:00,997.7165770552267
16/11/2030 17:00,208.84131570716698
16/11/2030 18:00,-0.0
16/11/2030 19:00,-0.0
16/11/2030 20:00,-0.0
16/11/2030 21:00,966.625081533708
16/11/2030 22:00,1127.6994821798555
16/11/2030 23:00,1398.7527122737117
17/11/2030 00:00,183.77737414265047
17/11/2030 01:00,-0.0
17/11/2030 02:00,-0.0
17/11/2030 03:00,-0.0
17/11/2030 04:00,-0.0
17/11/2030 05:00,-0.0
17/11/2030 06:00,-0.0
17/11/2030 07:00,770.1531886430755
17/11/2030 08:00,557.092827108034
17/11/2030 09:00,1113.9966984618798
17/11/2030 10:00,34.59757223726669
17/11/2030 11:00,-0.0
17/11/2030 12:00,-0.0
17/11/2030 13:00,-0.0
17/11/2030 14:00,684.3298624933291
17/11/2030 15:00,-0.0
17/11/2030 16:00,-0.0
17/11/2030 17:00,-0.0
17/11/2030 18:00,-0.0
17/11/2030 19:00,-0.0
17/11/2030 20:00,-0.0
17/11/2030 21:00,-0.0
17/11/2030 22:00,-0.0
17/11/2030 23:00,-0.0
18/11/2030 00:00,-0.0
18/11/2030 01:00,-0.0
18/11/2030 02:00,-0.0
18/11/2030 03:00,-0.0
18/11/2030 04:00,-0.0
18/11/2030 05:00,-0.0
18/11/2030 06:00,-0.0
18/11/2030 07:00,-0.0
18/11/2030 08:00,-0.0
18/11/2030 09:00,-0.0
18/11/2030 10:00,221.5955145897784
18/11/2030 11:00,-0.0
18/11/2030 12:00,241.7973234170657
18/11/2030 13:00,351.919328408263
18/11/2030 14:00,1526.1282103632445
18/11/2030 15:00,-0.0
18/11/2030 16:00,378.92480352941726
18/11/2030 17:00,-0.0
18/11/2030 18:00,466.92581071360087
18/11/2030 19:00,-0.0
18/11/2030 20:00,560.8951822498991
18/11/2030 21:00,589.6601508743955
18/11/2030 22:00,526.7843998532063
18/11/2030 23:00,-0.0
19/11/2030 00:00,-0.0
19/11/2030 01:00,-0.0
19/11/2030 02:00,-0.0
19/11/2030 03:00,-0.0
19/11/2030 04:00,-0.0
19/11/2030 05:00,-0.0
19/11/2030 06:00,-0.0
19/11/2030 07:00,-0.0
19/11/2030 08:00,-0.0
19/11/2030 09:00,-0.0
19/11/2030 10:00,-0.0
19/11/2030 11:00,299.3389282959786
19/11/2030 12:00,-0.0
19/11/2030 13:00,52.78201924675064
19/11/2030 14:00,521.6291618500848
19/11/2030 15:00,917.0297391293949
19/11/2030 16:00,22.94546728238925
19/11/2030 17:00,-0.0
19/11/2030 18:00,-0.0
19/11/2030 19:00,606.4699905672645
19/11/2030 20:00,758.2551008338723
19/11/2030 21:00,716.1528736858121
19/11/2030 22:00,358.5603750432989
19/11/2030 23:00,-0.0
20/11/2030 00:00,-0.0
20/11/2030 01:00,-0.0
20/11/2030 02:00,-0.0
20/11/2030 03:00,-0.0
20/11/2030 04:00,-0.0
20/11/2030 05:00,-0.0
20/11/2030 06:00,-0.0
20/11/2030 07:00,644.1018344883213
20/11/2030 08:00,423.8667395924323
20/11/2030 09:00,458.0141080510294
20/11/2030 10:00,-0.0
20/11/2030 11:00,-0.0
20/11/2030 12:00,-0.0
20/11/2030 13:00,-0.0
20/11/2030 14:00,662.2536455629233
20/11/2030 15:00,-0.0
20/11/2030 16:00,-0.0
20/11/2030 17:00,902.5950377249961
20/11/2030 18:00,-0.0
20/11/2030 19:00,-0.0
20/11/2030 20:00,-0.0
20/11/2030 21:00,-0.0
20/11/2030 22:00,-0.0
20/11/2030 23:00,-0.0
21/11/2030 00:00,-0.0
21/11/2030 01:00,-0.0
21/11/2030 02:00,-0.0
21/11/2030 03:00,-0.0
21/11/2030 04:00,-0.0
21/11/2030 05:00,-0.0
21/11/2030 06:00,-0.0
21/11/2030 07:00,565.5497487492596
21/11/2030 08:00,337.82339674151564
21/11/2030 09:00,-0.0
21/11/2030 10:00,-0.0
21/11/2030 11:00,-0.0
21/11/2030 12:00,-0.0
21/11/2030 13:00,-0.0
21/11/2030 14:00,-0.0
21/11/2030 15:00,47.1881769283669
21/11/2030 16:00,-0.0
21/11/2030 17:00,924.2493352399916
21/11/2030 18:00,-0.0
21/11/2030 19:00,-0.0
21/11/2030 20:00,-0.0
21/11/2030 21:00,150.79570165335704
21/11/2030 22:00,542.9403411357151
21/11/2030 23:00,-0.0
22/11/2030 00:00,-0.0
22/11/2030 01:00,-0.0
22/11/2030 02:00,-0.0
22/11/2030 03:00,-0.0
22/11/2030 04:00,-0.0
22/11/2030 05:00,-0.0
22/11/2030 06:00,-0.0
22/11/2030 07:00,782.3220591800954
22/11/2030 08:00,646.185370276819
22/11/2030 09:00,-0.0
22/11/2030 10:00,-0.0
22/11/2030 11:00,-0.0
22/11/2030 12:00,-0.0
22/11/2030 13:00,-0.0
22/11/2030 14:00,-0.0
22/11/2030 15:00,-0.0
22/11/2030 16:00,-0.0
22/11/2030 17:00,1137.1515935051668
22/11/2030 18:00,-0.0
22/11/2030 19:00,727.0451302414524
22/11/2030 20:00,921.3729898201696
22/11/2030 21:00,1303.2517151616812
22/11/2030 22:00,-0.0
22/11/2030 23:00,-0.0
23/11/2030 00:00,201.11824317879325
23/11/2030 01:00,554.9107530263357
23/11/2030 02:00,359.58972745346375
23/11/2030 03:00,-0.0
23/11/2030 04:00,-0.0
23/11/2030 05:00,141.73796590474228
23/11/2030 06:00,989.1373204393576
23/11/2030 07:00,930.3452477783509
23/11/2030 08:00,2207.5332365292184
23/11/2030 09:00,2243.799606468542
23/11/2030 10:00,820.8983252950562
23/11/2030 11:00,113.50165934685562
23/11/2030 12:00,675.3103897467902
23/11/2030 13:00,261.1326455896693
23/11/2030 14:00,-0.0
23/11/2030 15:00,1078.29601861609
23/11/2030 16:00,1624.9442992673394
23/11/2030 17:00,1538.1136139280202
23/11/2030 18:00,681.9897167058391
23/11/2030 19:00,-0.0
23/11/2030 20:00,-0.0
23/11/2030 21:00,-0.0
23/11/2030 22:00,-0.0
23/11/2030 23:00,-0.0
24/11/2030 00:00,-0.0
24/11/2030 01:00,-0.0
24/11/2030 02:00,-0.0
24/11/2030 03:00,-0.0
24/11/2030 04:00,-0.0
24/11/2030 05:00,-0.0
24/11/2030 06:00,-0.0
24/11/2030 07:00,-0.0
24/11/2030 08:00,-0.0
24/11/2030 09:00,-0.0
24/11/2030 10:00,-0.0
24/11/2030 11:00,-0.0
24/11/2030 12:00,-0.0
24/11/2030 13:00,-0.0
24/11/2030 14:00,-0.0
24/11/2030 15:00,390.28158989986525
24/11/2030 16:00,-0.0
24/11/2030 17:00,754.390750582241
24/11/2030 18:00,-0.0
24/11/2030 19:00,25.291649005429807
24/11/2030 20:00,23.24018262606354
24/11/2030 21:00,-0.0
24/11/2030 22:00,-0.0
24/11/2030 23:00,-0.0
25/11/2030 00:00,-0.0
25/11/2030 01:00,-0.0
25/11/2030 02:00,-0.0
25/11/2030 03:00,-0.0
25/11/2030 04:00,218.23659700589704
25/11/2030 05:00,639.2210451557798
25/11/2030 06:00,848.1278824014503
25/11/2030 07:00,1178.4244266742244
25/11/2030 08:00,1627.3726802036583
25/11/2030 09:00,1931.6241397985573
25/11/2030 10:00,437.14300983452097
25/11/2030 11:00,1433.3351064836136
25/11/2030 12:00,64.50147934746798
25/11/2030 13:00,-0.0
25/11/2030 14:00,-0.0
25/11/2030 15:00,236.6920025659628
25/11/2030 16:00,-0.0
25/11/2030 17:00,-0.0
25/11/2030 18:00,-0.0
25/11/2030 19:00,-0.0
25/11/2030 20:00,-0.0
25/11/2030 21:00,-0.0
25/11/2030 22:00,-0.0
25/11/2030 23:00,-0.0
26/11/2030 00:00,-0.0
26/11/2030 01:00,-0.0
26/11/2030 02:00,-0.0
26/11/2030 03:00,-0.0
26/11/2030 04:00,-0.0
26/11/2030 05:00,-0.0
26/11/2030 06:00,-0.0
26/11/2030 07:00,-0.0
26/11/2030 08:00,-0.0
26/11/2030 09:00,-0.0
26/11/2030 10:00,644.3979402097721
26/11/2030 11:00,2081.2992411400965
26/11/2030 12:00,3781.4173972151825
26/11/2030 13:00,3531.590082475086
26/11/2030 14:00,3657.1558528744727
26/11/2030 15:00,3551.7444441115153
26/11/2030 16:00,2778.4705829364652
26/11/2030 17:00,2895.095942777638
26/11/2030 18:00,1779.7668847635503
26/11/2030 19:00,1337.5305396709216
26/11/2030 20:00,1071.8195656193516
26/11/2030 21:00,827.9680507476488
26/11/2030 22:00,89.28348270701555
26/11/2030 23:00,-0.0
27/11/2030 00:00,171.31585375619173
27/11/2030 01:00,34.90545745593371
27/11/2030 02:00,-0.0
27/11/2030 03:00,-0.0
27/11/2030 04:00,-0.0
27/11/2030 05:00,-0.0
27/11/2030 06:00,-0.0
27/11/2030 07:00,671.2654994204772
27/11/2030 08:00,894.2370828989023
27/11/2030 09:00,942.518182749255
27/11/2030 10:00,-0.0
27/11/2030 11:00,-0.0
27/11/2030 12:00,2078.7331781721505
27/11/2030 13:00,2492.7678670969667
27/11/2030 14:00,1320.813492615315
27/11/2030 15:00,2754.3128527180693
27/11/2030 16:00,2018.6216600835153
27/11/2030 17:00,1523.4179017299655
27/11/2030 18:00,787.1883501887027
27/11/2030 19:00,1173.951228755685
27/11/2030 20:00,1648.7313188898017
27/11/2030 21:00,1184.507123050594
27/11/2030 22:00,814.2827647133108
27/11/2030 23:00,794.2842994942697
28/11/2030 00:00,658.5001327114368
28/11/2030 01:00,531.9833249068471
28/11/2030 02:00,210.16983475228216
28/11/2030 03:00,4.211930013996332
28/11/2030 04:00,-0.0
28/11/2030 05:00,-0.0
28/11/2030 06:00,-0.0
28/11/2030 07:00,52.148178991182746
28/11/2030 08:00,502.35260666894555
28/11/2030 09:00,-0.0
28/11/2030 10:00,-0.0
28/11/2030 11:00,333.78686544718516
28/11/2030 12:00,-0.0
28/11/2030 13:00,524.510642074656
28/11/2030 14:00,494.50954187432825
28/11/2030 15:00,238.6244813362559
28/11/2030 16:00,994.8942410340961
28/11/2030 17:00,1061.5903725473322
28/11/2030 18:00,1399.036985645617
28/11/2030 19:00,1430.8386034730077
28/11/2030 20:00,1492.5786827724662
28/11/2030 21:00,712.0364469618042
28/11/2030 22:00,-0.0
28/11/2030 23:00,549.7852911240786
29/11/2030 00:00,-0.0
29/11/2030 01:00,-0.0
29/11/2030 02:00,757.327623974996
29/11/2030 03:00,-0.0
29/11/2030 04:00,513.8359234749505
29/11/2030 05:00,247.58432866246966
29/11/2030 06:00,-0.0
29/11/2030 07:00,729.3857888105584
29/11/2030 08:00,485.6785113899228
29/11/2030 09:00,389.7968685613221
29/11/2030 10:00,-0.0
29/11/2030 11:00,-0.0
29/11/2030 12:00,22.836102675015958
29/11/2030 13:00,127.12846673961349
29/11/2030 14:00,-0.0
29/11/2030 15:00,583.2854074963606
29/11/2030 16:00,132.16929740793378
29/11/2030 17:00,40.29744432403642
29/11/2030 18:00,1197.232691120723
29/11/2030 19:00,1367.9404707036108
29/11/2030 20:00,1720.8621680540573
29/11/2030 21:00,1315.094173795272
29/11/2030 22:00,976.1521897761709
29/11/2030 23:00,1221.663794030832
30/11/2030 00:00,1270.4979798096297
30/11/2030 01:00,1105.5295704335474
30/11/2030 02:00,658.5391061155935
30/11/2030 03:00,545.0233797231489
30/11/2030 04:00,688.2339618023311
30/11/2030 05:00,1243.0918672990204
30/11/2030 06:00,1215.6842257584067
30/11/2030 07:00,1257.9288878008406
30/11/2030 08:00,1785.4831634070656
30/11/2030 09:00,875.6492266170616
30/11/2030 10:00,786.8607643615338
30/11/2030 11:00,473.14135045761475
30/11/2030 12:00,278.07338995117027
30/11/2030 13:00,201.96073708287778
30/11/2030 14:00,447.4345929874267
30/11/2030 15:00,563.4720190124826
30/11/2030 16:00,-0.0
30/11/2030 17:00,-0.0
30/11/2030 18:00,-0.0
30/11/2030 19:00,-0.0
30/11/2030 20:00,-0.0
30/11/2030 21:00,-0.0
30/11/2030 22:00,-0.0
30/11/2030 23:00,-0.0
01/12/2030 00:00,-0.0
01/12/2030 01:00,-0.0
01/12/2030 02:00,-0.0
01/12/2030 03:00,-0.0
01/12/2030 04:00,-0.0
01/12/2030 05:00,-0.0
01/12/2030 06:00,-0.0
01/12/2030 07:00,-0.0
01/12/2030 08:00,-0.0
01/12/2030 09:00,-0.0
01/12/2030 10:00,-0.0
01/12/2030 11:00,249.88847297320112
01/12/2030 12:00,757.6736676399244
01/12/2030 13:00,985.5655754418298
01/12/2030 14:00,781.0362095676458
01/12/2030 15:00,74.66789469934842
01/12/2030 16:00,7.093175816644923
01/12/2030 17:00,-0.0
01/12/2030 18:00,-0.0
01/12/2030 19:00,-0.0
01/12/2030 20:00,-0.0
01/12/2030 21:00,-0.0
01/12/2030 22:00,-0.0
01/12/2030 23:00,-0.0
02/12/2030 00:00,-0.0
02/12/2030 01:00,-0.0
02/12/2030 02:00,-0.0
02/12/2030 03:00,-0.0
02/12/2030 04:00,-0.0
02/12/2030 05:00,-0.0
02/12/2030 06:00,-0.0
02/12/2030 07:00,-0.0
02/12/2030 08:00,-0.0
02/12/2030 09:00,-0.0
02/12/2030 10:00,-0.0
02/12/2030 11:00,-0.0
02/12/2030 12:00,-0.0
02/12/2030 13:00,-0.0
02/12/2030 14:00,-0.0
02/12/2030 15:00,-0.0
02/12/2030 16:00,-0.0
02/12/2030 17:00,-0.0
02/12/2030 18:00,-0.0
02/12/2030 19:00,-0.0
02/12/2030 20:00,-0.0
02/12/2030 21:00,-0.0
02/12/2030 22:00,-0.0
02/12/2030 23:00,-0.0
03/12/2030 00:00,-0.0
03/12/2030 01:00,-0.0
03/12/2030 02:00,-0.0
03/12/2030 03:00,-0.0
03/12/2030 04:00,-0.0
03/12/2030 05:00,-0.0
03/12/2030 06:00,-0.0
03/12/2030 07:00,-0.0
03/12/2030 08:00,-0.0
03/12/2030 09:00,-0.0
03/12/2030 10:00,-0.0
03/12/2030 11:00,-0.0
03/12/2030 12:00,-0.0
03/12/2030 13:00,-0.0
03/12/2030 14:00,-0.0
03/12/2030 15:00,-0.0
03/12/2030 16:00,465.8583619377363
03/12/2030 17:00,-0.0
03/12/2030 18:00,567.9156165441138
03/12/2030 19:00,24.620889724395074
03/12/2030 20:00,-0.0
03/12/2030 21:00,566.6122914556088
03/12/2030 22:00,771.8263471149669
03/12/2030 23:00,13.459183631362423
04/12/2030 00:00,-0.0
04/12/2030 01:00,291.6528015796436
04/12/2030 02:00,-0.0
04/12/2030 03:00,-0.0
04/12/2030 04:00,451.32641414783524
04/12/2030 05:00,-0.0
04/12/2030 06:00,92.98183516001508
04/12/2030 07:00,1255.3592934422836
04/12/2030 08:00,1038.367840234893
04/12/2030 09:00,1088.3623641504803
04/12/2030 10:00,87.15313788617922
04/12/2030 11:00,730.8047391551316
04/12/2030 12:00,-0.0
04/12/2030 13:00,-0.0
04/12/2030 14:00,-0.0
04/12/2030 15:00,-0.0
04/12/2030 16:00,405.63344415239834
04/12/2030 17:00,1142.3910434832774
04/12/2030 18:00,145.6696913022923
04/12/2030 19:00,399.50205952356146
04/12/2030 20:00,691.0326599097839
04/12/2030 21:00,263.23893214962794
04/12/2030 22:00,-0.0
04/12/2030 23:00,-0.0
05/12/2030 00:00,135.40690451329357
05/12/2030 01:00,-0.0
05/12/2030 02:00,-0.0
05/12/2030 03:00,-0.0
05/12/2030 04:00,-0.0
05/12/2030 05:00,-0.0
05/12/2030 06:00,257.428857415154
05/12/2030 07:00,-0.0
05/12/2030 08:00,267.8930737210847
05/12/2030 09:00,-0.0
05/12/2030 10:00,-0.0
05/12/2030 11:00,-0.0
05/12/2030 12:00,-0.0
05/12/2030 13:00,-0.0
05/12/2030 14:00,-0.0
05/12/2030 15:00,-0.0
05/12/2030 16:00,-0.0
05/12/2030 17:00,-0.0
05/12/2030 18:00,58.049142953925326
05/12/2030 19:00,107.2702597066179
05/12/2030 20:00,724.1910158780848
05/12/2030 21:00,871.5753227496223
05/12/2030 22:00,732.7262573035185
05/12/2030 23:00,-0.0
06/12/2030 00:00,-0.0
06/12/2030 01:00,-0.0
06/12/2030 02:00,-0.0
06/12/2030 03:00,-0.0
06/12/2030 04:00,-0.0
06/12/2030 05:00,-0.0
06/12/2030 06:00,-0.0
06/12/2030 07:00,-0.0
06/12/2030 08:00,-0.0
06/12/2030 09:00,-0.0
06/12/2030 10:00,-0.0
06/12/2030 11:00,-0.0
06/12/2030 12:00,-0.0
06/12/2030 13:00,-0.0
06/12/2030 14:00,-0.0
06/12/2030 15:00,-0.0
06/12/2030 16:00,-0.0
06/12/2030 17:00,-0.0
06/12/2030 18:00,282.29501239811253
06/12/2030 19:00,246.53665629338653
06/12/2030 20:00,181.68857334710682
06/12/2030 21:00,-0.0
06/12/2030 22:00,-0.0
06/12/2030 23:00,-0.0
07/12/2030 00:00,-0.0
07/12/2030 01:00,-0.0
07/12/2030 02:00,-0.0
07/12/2030 03:00,-0.0
07/12/2030 04:00,-0.0
07/12/2030 05:00,-0.0
07/12/2030 06:00,-0.0
07/12/2030 07:00,-0.0
07/12/2030 08:00,-0.0
07/12/2030 09:00,-0.0
07/12/2030 10:00,-0.0
07/12/2030 11:00,-0.0
07/12/2030 12:00,-0.0
07/12/2030 13:00,-0.0
07/12/2030 14:00,133.14988307814676
07/12/2030 15:00,395.7155616770684
07/12/2030 16:00,60.88216971829695
07/12/2030 17:00,-0.0
07/12/2030 18:00,480.5330833833891
07/12/2030 19:00,471.605883075602
07/12/2030 20:00,647.7058980044771
07/12/2030 21:00,481.83729334525094
07/12/2030 22:00,861.2076359155043
07/12/2030 23:00,1200.2652295117273
08/12/2030 00:00,1349.7513539208012
08/12/2030 01:00,549.3608899596943
08/12/2030 02:00,1328.2979150470715
08/12/2030 03:00,1253.2736009334906
08/12/2030 04:00,1191.9362502415395
08/12/2030 05:00,-0.0
08/12/2030 06:00,-0.0
08/12/2030 07:00,124.2325195709653
08/12/2030 08:00,541.1841318466443
08/12/2030 09:00,641.6054129059173
08/12/2030 10:00,-0.0
08/12/2030 11:00,-0.0
08/12/2030 12:00,-0.0
08/12/2030 13:00,-0.0
08/12/2030 14:00,-0.0
08/12/2030 15:00,-0.0
08/12/2030 16:00,-0.0
08/12/2030 17:00,922.2124699065465
08/12/2030 18:00,-0.0
08/12/2030 19:00,-0.0
08/12/2030 20:00,420.42687439710465
08/12/2030 21:00,-0.0
08/12/2030 22:00,-0.0
08/12/2030 23:00,1374.3778119353306
09/12/2030 00:00,315.84555833720674
09/12/2030 01:00,546.1341247693383
09/12/2030 02:00,595.8569982928832
09/12/2030 03:00,224.24858254408724
09/12/2030 04:00,-0.0
09/12/2030 05:00,148.28916819918882
09/12/2030 06:00,393.35527482463004
09/12/2030 07:00,92.38353043761127
09/12/2030 08:00,23.568426480785224
09/12/2030 09:00,444.3008006046885
09/12/2030 10:00,101.24085433691734
09/12/2030 11:00,365.34709912317834
09/12/2030 12:00,575.8531244391418
09/12/2030 13:00,293.2038471076811
09/12/2030 14:00,787.7657928838593
09/12/2030 15:00,1833.8353169532625
09/12/2030 16:00,1402.3262267761706
09/12/2030 17:00,869.7232016032985
09/12/2030 18:00,1653.6647208738523
09/12/2030 19:00,1376.5387983087355
09/12/2030 20:00,1208.6081810171963
09/12/2030 21:00,764.6382245681677
09/12/2030 22:00,1838.7436432655418
09/12/2030 23:00,2130.411595788485
10/12/2030 00:00,2763.337501153545
10/12/2030 01:00,2780.078282642484
10/12/2030 02:00,3005.2214175626414
10/12/2030 03:00,2307.7046750968216
10/12/2030 04:00,1761.6031622201085
10/12/2030 05:00,1765.1782218627063
10/12/2030 06:00,3597.188975089285
10/12/2030 07:00,5261.047514799511
10/12/2030 08:00,3743.3284346665437
10/12/2030 09:00,3791.338032508235
10/12/2030 10:00,416.6960308482951
10/12/2030 11:00,-0.0
10/12/2030 12:00,-0.0
10/12/2030 13:00,2909.5940118313415
10/12/2030 14:00,3079.5382733345514
10/12/2030 15:00,-0.0
10/12/2030 16:00,-0.0
10/12/2030 17:00,1908.421131360966
10/12/2030 18:00,3463.5664715472963
10/12/2030 19:00,4017.4422317104027
10/12/2030 20:00,3903.692298247444
10/12/2030 21:00,3991.301437376233
10/12/2030 22:00,3500.3539536079156
10/12/2030 23:00,2492.546713850487
11/12/2030 00:00,2044.3434617792989
11/12/2030 01:00,1102.8611292055573
11/12/2030 02:00,511.851809323356
11/12/2030 03:00,129.5047375419628
11/12/2030 04:00,-0.0
11/12/2030 05:00,667.84089304661
11/12/2030 06:00,1363.6128274467667
11/12/2030 07:00,1168.945858060685
11/12/2030 08:00,1116.9358876282906
11/12/2030 09:00,989.2015868029716
11/12/2030 10:00,2123.0876918823137
11/12/2030 11:00,1049.9549508030539
11/12/2030 12:00,1145.5650503091977
11/12/2030 13:00,621.8731770402753
11/12/2030 14:00,670.8201412773888
11/12/2030 15:00,1563.3452511865944
11/12/2030 16:00,688.430287266918
11/12/2030 17:00,-0.0
11/12/2030 18:00,788.1909942300509
11/12/2030 19:00,865.0765572600721
11/12/2030 20:00,1129.9818925633529
11/12/2030 21:00,585.3237941134096
11/12/2030 22:00,977.4422822388318
11/12/2030 23:00,1323.2215288076657
12/12/2030 00:00,1512.7051833726882
12/12/2030 01:00,1823.357259541984
12/12/2030 02:00,2027.8882676540097
12/12/2030 03:00,2481.842372396846
12/12/2030 04:00,2840.4274785080956
12/12/2030 05:00,3199.5127762190823
12/12/2030 06:00,3170.0756682084875
12/12/2030 07:00,3080.990094340319
12/12/2030 08:00,3150.6124428185967
12/12/2030 09:00,3456.2092354739425
12/12/2030 10:00,4108.114005275166
12/12/2030 11:00,5005.179055905116
12/12/2030 12:00,4230.16037051776
12/12/2030 13:00,5457.5147999291385
12/12/2030 14:00,5652.966371414524
12/12/2030 15:00,5495.880509659458
12/12/2030 16:00,5130.0077890211105
12/12/2030 17:00,4410.84739231027
12/12/2030 18:00,3835.6239097479415
12/12/2030 19:00,3734.9395003037066
12/12/2030 20:00,3594.417586806949
12/12/2030 21:00,3624.1080985906738
12/12/2030 22:00,3297.578820698339
12/12/2030 23:00,3680.2758777108147
13/12/2030 00:00,3706.874843558086
13/12/2030 01:00,3961.7041980444733
13/12/2030 02:00,4505.633920215804
13/12/2030 03:00,4917.1025617992955
13/12/2030 04:00,5010.934324165471
13/12/2030 05:00,5012.355766709725
13/12/2030 06:00,4488.82607650043
13/12/2030 07:00,3946.052678312256
13/12/2030 08:00,3531.5345108761658
13/12/2030 09:00,3671.572112008677
13/12/2030 10:00,3603.253287107898
13/12/2030 11:00,4655.37347320149
13/12/2030 12:00,4708.333349322109
13/12/2030 13:00,4419.8775591059475
13/12/2030 14:00,4695.730778615564
13/12/2030 15:00,5219.086540326284
13/12/2030 16:00,4272.239957982076
13/12/2030 17:00,3331.6234240857093
13/12/2030 18:00,2193.6652234719627
13/12/2030 19:00,1668.7031825543997
13/12/2030 20:00,1198.4823793740584
13/12/2030 21:00,1114.2139932017055
13/12/2030 22:00,1533.7898754570365
13/12/2030 23:00,1902.1407063114846
14/12/2030 00:00,2132.4838331791702
14/12/2030 01:00,2302.313022448366
14/12/2030 02:00,2294.7512192774507
14/12/2030 03:00,2322.962972587209
14/12/2030 04:00,2294.430753275107
14/12/2030 05:00,2163.4343926414613
14/12/2030 06:00,1835.8618093830523
14/12/2030 07:00,1666.6271092916782
14/12/2030 08:00,2661.60117608102
14/12/2030 09:00,1681.9127313130796
14/12/2030 10:00,1774.2578270065885
14/12/2030 11:00,3097.958925953284
14/12/2030 12:00,2275.317316041164
14/12/2030 13:00,3420.62347997204
14/12/2030 14:00,3716.541639495531
14/12/2030 15:00,2861.5500820775083
14/12/2030 16:00,1533.7086854545187
14/12/2030 17:00,161.62682180430872
14/12/2030 18:00,-0.0
14/12/2030 19:00,-0.0
14/12/2030 20:00,-0.0
14/12/2030 21:00,-0.0
14/12/2030 22:00,-0.0
14/12/2030 23:00,-0.0
15/12/2030 00:00,-0.0
15/12/2030 01:00,-0.0
15/12/2030 02:00,-0.0
15/12/2030 03:00,-0.0
15/12/2030 04:00,-0.0
15/12/2030 05:00,-0.0
15/12/2030 06:00,-0.0
15/12/2030 07:00,-0.0
15/12/2030 08:00,-0.0
15/12/2030 09:00,-0.0
15/12/2030 10:00,-0.0
15/12/2030 11:00,-0.0
15/12/2030 12:00,-0.0
15/12/2030 13:00,559.1581335342047
15/12/2030 14:00,-0.0
15/12/2030 15:00,-0.0
15/12/2030 16:00,-0.0
15/12/2030 17:00,-0.0
15/12/2030 18:00,-0.0
15/12/2030 19:00,-0.0
15/12/2030 20:00,-0.0
15/12/2030 21:00,-0.0
15/12/2030 22:00,-0.0
15/12/2030 23:00,-0.0
16/12/2030 00:00,-0.0
16/12/2030 01:00,-0.0
16/12/2030 02:00,-0.0
16/12/2030 03:00,-0.0
16/12/2030 04:00,-0.0
16/12/2030 05:00,-0.0
16/12/2030 06:00,-0.0
16/12/2030 07:00,-0.0
16/12/2030 08:00,-0.0
16/12/2030 09:00,-0.0
16/12/2030 10:00,-0.0
16/12/2030 11:00,-0.0
16/12/2030 12:00,-0.0
16/12/2030 13:00,-0.0
16/12/2030 14:00,-0.0
16/12/2030 15:00,-0.0
16/12/2030 16:00,-0.0
16/12/2030 17:00,-0.0
16/12/2030 18:00,74.54943321001224
16/12/2030 19:00,33.48541259492089
16/12/2030 20:00,-0.0
16/12/2030 21:00,-0.0
16/12/2030 22:00,-0.0
16/12/2030 23:00,-0.0
17/12/2030 00:00,-0.0
17/12/2030 01:00,-0.0
17/12/2030 02:00,-0.0
17/12/2030 03:00,279.5959391693189
17/12/2030 04:00,892.477838918513
17/12/2030 05:00,1687.7468377854175
17/12/2030 06:00,2540.6334905912636
17/12/2030 07:00,3125.207335905762
17/12/2030 08:00,3773.73725211775
17/12/2030 09:00,4280.391335579415
17/12/2030 10:00,3656.5352561944774
17/12/2030 11:00,3715.0302769640007
17/12/2030 12:00,3766.030440732596
17/12/2030 13:00,5402.993948536394
17/12/2030 14:00,5612.720258685946
17/12/2030 15:00,5505.804071173467
17/12/2030 16:00,4973.744938392121
17/12/2030 17:00,4472.9928180857405
17/12/2030 18:00,3481.7023456857614
17/12/2030 19:00,2778.874067403798
17/12/2030 20:00,2152.8638736269377
17/12/2030 21:00,1883.2118861964989
17/12/2030 22:00,2005.2639863102006
17/12/2030 23:00,2217.8059339663487
18/12/2030 00:00,2480.9201755719173
18/12/2030 01:00,2743.2571476552685
18/12/2030 02:00,2521.9245565282686
18/12/2030 03:00,2238.2900863548643
18/12/2030 04:00,2262.8211281124004
18/12/2030 05:00,2234.798846699537
18/12/2030 06:00,1768.5523059098464
18/12/2030 07:00,946.927287512475
18/12/2030 08:00,890.8869390022089
18/12/2030 09:00,-0.0
18/12/2030 10:00,1252.9963229661482
18/12/2030 11:00,3238.939246469338
18/12/2030 12:00,2025.7093961668213
18/12/2030 13:00,1962.9945820282267
18/12/2030 14:00,2948.2086039123315
18/12/2030 15:00,1814.0372944488927
18/12/2030 16:00,453.16890159048353
18/12/2030 17:00,-0.0
18/12/2030 18:00,-0.0
18/12/2030 19:00,-0.0
18/12/2030 20:00,78.09687812944293
18/12/2030 21:00,-0.0
18/12/2030 22:00,-0.0
18/12/2030 23:00,-0.0
19/12/2030 00:00,-0.0
19/12/2030 01:00,-0.0
19/12/2030 02:00,-0.0
19/12/2030 03:00,-0.0
19/12/2030 04:00,-0.0
19/12/2030 05:00,-0.0
19/12/2030 06:00,-0.0
19/12/2030 07:00,-0.0
19/12/2030 08:00,-0.0
19/12/2030 09:00,-0.0
19/12/2030 10:00,-0.0
19/12/2030 11:00,-0.0
19/12/2030 12:00,-0.0
19/12/2030 13:00,-0.0
19/12/2030 14:00,-0.0
19/12/2030 15:00,-0.0
19/12/2030 16:00,-0.0
19/12/2030 17:00,-0.0
19/12/2030 18:00,-0.0
19/12/2030 19:00,-0.0
19/12/2030 20:00,-0.0
19/12/2030 21:00,-0.0
19/12/2030 22:00,218.78662580726834
19/12/2030 23:00,-0.0
20/12/2030 00:00,-0.0
20/12/2030 01:00,-0.0
20/12/2030 02:00,-0.0
20/12/2030 03:00,-0.0
20/12/2030 04:00,-0.0
20/12/2030 05:00,-0.0
20/12/2030 06:00,595.6312528434685
20/12/2030 07:00,2077.8554282115833
20/12/2030 08:00,2347.6229030009627
20/12/2030 09:00,1792.9650208957253
20/12/2030 10:00,1902.258536742055
20/12/2030 11:00,2806.7973956140013
20/12/2030 12:00,2960.2873430147547
20/12/2030 13:00,3311.666505738204
20/12/2030 14:00,3466.060342785347
20/12/2030 15:00,3148.65286209217
20/12/2030 16:00,4218.842322065883
20/12/2030 17:00,3341.4450632916582
20/12/2030 18:00,2598.157733096155
20/12/2030 19:00,2113.0971272255015
20/12/2030 20:00,1599.4470611223737
20/12/2030 21:00,1267.675532941095
20/12/2030 22:00,892.1169843097102
20/12/2030 23:00,521.3462961972186
21/12/2030 00:00,366.3077802258347
21/12/2030 01:00,395.40609150237634
21/12/2030 02:00,57.292809692383265
21/12/2030 03:00,127.34865626706443
21/12/2030 04:00,-0.0
21/12/2030 05:00,-0.0
21/12/2030 06:00,-0.0
21/12/2030 07:00,-0.0
21/12/2030 08:00,-0.0
21/12/2030 09:00,-0.0
21/12/2030 10:00,-0.0
21/12/2030 11:00,-0.0
21/12/2030 12:00,-0.0
21/12/2030 13:00,-0.0
21/12/2030 14:00,-0.0
21/12/2030 15:00,954.0585111334092
21/12/2030 16:00,1200.059379440621
21/12/2030 17:00,1705.2966306361259
21/12/2030 18:00,-0.0
21/12/2030 19:00,-0.0
21/12/2030 20:00,430.19613440744604
21/12/2030 21:00,-0.0
21/12/2030 22:00,801.7426855958868
21/12/2030 23:00,-0.0
22/12/2030 00:00,362.5693101463288
22/12/2030 01:00,711.3029433073344
22/12/2030 02:00,697.0931445683711
22/12/2030 03:00,426.4432320955236
22/12/2030 04:00,230.05915343024344
22/12/2030 05:00,548.9847755945776
22/12/2030 06:00,424.25520386905293
22/12/2030 07:00,-0.0
22/12/2030 08:00,1037.1504876430195
22/12/2030 09:00,725.1710741827284
22/12/2030 10:00,845.3090595097805
22/12/2030 11:00,2277.9401648791563
22/12/2030 12:00,3068.157119948872
22/12/2030 13:00,3564.6792784733143
22/12/2030 14:00,3420.996249353109
22/12/2030 15:00,3255.070036443433
22/12/2030 16:00,2931.75544131715
22/12/2030 17:00,2079.728425123812
22/12/2030 18:00,430.00606866587873
22/12/2030 19:00,2256.84760468492
22/12/2030 20:00,1731.2979934616574
22/12/2030 21:00,1951.7132878748698
22/12/2030 22:00,1814.4581836502505
22/12/2030 23:00,647.7172317686479
23/12/2030 00:00,874.4943703986393
23/12/2030 01:00,1276.645261747625
23/12/2030 02:00,1545.0836092651946
23/12/2030 03:00,1559.4146350417136
23/12/2030 04:00,1318.1346339249858
23/12/2030 05:00,1086.5209260735392
23/12/2030 06:00,1039.1812585060625
23/12/2030 07:00,936.8243264762525
23/12/2030 08:00,771.0060610639039
23/12/2030 09:00,966.5862836138543
23/12/2030 10:00,1368.2942343191435
23/12/2030 11:00,1901.9153943698097
23/12/2030 12:00,3002.022424977821
23/12/2030 13:00,3478.202461578567
23/12/2030 14:00,4094.6883824183838
23/12/2030 15:00,2564.2487492532173
23/12/2030 16:00,2551.061954784033
23/12/2030 17:00,1491.0680865921522
23/12/2030 18:00,805.0985114114231
23/12/2030 19:00,2381.5524224424216
23/12/2030 20:00,2281.59549762622
23/12/2030 21:00,2141.834604272117
23/12/2030 22:00,287.7653350121432
23/12/2030 23:00,2232.2636502913087
24/12/2030 00:00,5032.501111083905
24/12/2030 01:00,962.6907793780633
24/12/2030 02:00,1208.5575426127991
24/12/2030 03:00,1302.8883347141998
24/12/2030 04:00,1322.9959777050992
24/12/2030 05:00,1174.6459806118153
24/12/2030 06:00,963.8631103638998
24/12/2030 07:00,758.2506183117484
24/12/2030 08:00,422.6745180713506
24/12/2030 09:00,294.6949412473135
24/12/2030 10:00,217.89269031588842
24/12/2030 11:00,716.8218536265782
24/12/2030 12:00,302.77830823539693
24/12/2030 13:00,804.2148794616699
24/12/2030 14:00,573.3342438113744
24/12/2030 15:00,640.0336173095034
24/12/2030 16:00,871.8098091331689
24/12/2030 17:00,-0.0
24/12/2030 18:00,-0.0
24/12/2030 19:00,-0.0
24/12/2030 20:00,-0.0
24/12/2030 21:00,-0.0
24/12/2030 22:00,-0.0
24/12/2030 23:00,-0.0
25/12/2030 00:00,-0.0
25/12/2030 01:00,580.4652596745645
25/12/2030 02:00,1149.0960680168623
25/12/2030 03:00,-0.0
25/12/2030 04:00,-0.0
25/12/2030 05:00,-0.0
25/12/2030 06:00,-0.0
25/12/2030 07:00,-0.0
25/12/2030 08:00,898.7029889440317
25/12/2030 09:00,-0.0
25/12/2030 10:00,1346.1307592591327
25/12/2030 11:00,268.2613844322152
25/12/2030 12:00,-0.0
25/12/2030 13:00,-0.0
25/12/2030 14:00,-0.0
25/12/2030 15:00,-0.0
25/12/2030 16:00,423.4841960439978
25/12/2030 17:00,-0.0
25/12/2030 18:00,-0.0
25/12/2030 19:00,-0.0
25/12/2030 20:00,-0.0
25/12/2030 21:00,55.227839992070784
25/12/2030 22:00,-0.0
25/12/2030 23:00,-0.0
26/12/2030 00:00,-0.0
26/12/2030 01:00,-0.0
26/12/2030 02:00,-0.0
26/12/2030 03:00,-0.0
26/12/2030 04:00,-0.0
26/12/2030 05:00,-0.0
26/12/2030 06:00,-0.0
26/12/2030 07:00,-0.0
26/12/2030 08:00,-0.0
26/12/2030 09:00,-0.0
26/12/2030 10:00,-0.0
26/12/2030 11:00,-0.0
26/12/2030 12:00,-0.0
26/12/2030 13:00,-0.0
26/12/2030 14:00,-0.0
26/12/2030 15:00,490.2230398121623
26/12/2030 16:00,-0.0
26/12/2030 17:00,-0.0
26/12/2030 18:00,-0.0
26/12/2030 19:00,-0.0
26/12/2030 20:00,-0.0
26/12/2030 21:00,-0.0
26/12/2030 22:00,-0.0
26/12/2030 23:00,-0.0
27/12/2030 00:00,-0.0
27/12/2030 01:00,-0.0
27/12/2030 02:00,-0.0
27/12/2030 03:00,-0.0
27/12/2030 04:00,-0.0
27/12/2030 05:00,-0.0
27/12/2030 06:00,-0.0
27/12/2030 07:00,-0.0
27/12/2030 08:00,-0.0
27/12/2030 09:00,-0.0
27/12/2030 10:00,-0.0
27/12/2030 11:00,-0.0
27/12/2030 12:00,-0.0
27/12/2030 13:00,450.99425034155
27/12/2030 14:00,-0.0
27/12/2030 15:00,-0.0
27/12/2030 16:00,-0.0
27/12/2030 17:00,-0.0
27/12/2030 18:00,-0.0
27/12/2030 19:00,-0.0
27/12/2030 20:00,44.834491431515474
27/12/2030 21:00,-0.0
27/12/2030 22:00,-0.0
27/12/2030 23:00,-0.0
28/12/2030 00:00,-0.0
28/12/2030 01:00,-0.0
28/12/2030 02:00,-0.0
28/12/2030 03:00,-0.0
28/12/2030 04:00,-0.0
28/12/2030 05:00,-0.0
28/12/2030 06:00,-0.0
28/12/2030 07:00,-0.0
28/12/2030 08:00,-0.0
28/12/2030 09:00,-0.0
28/12/2030 10:00,-0.0
28/12/2030 11:00,-0.0
28/12/2030 12:00,-0.0
28/12/2030 13:00,-0.0
28/12/2030 14:00,348.4167530754528
28/12/2030 15:00,-0.0
28/12/2030 16:00,-0.0
28/12/2030 17:00,-0.0
28/12/2030 18:00,-0.0
28/12/2030 19:00,-0.0
28/12/2030 20:00,-0.0
28/12/2030 21:00,-0.0
28/12/2030 22:00,-0.0
28/12/2030 23:00,-0.0
29/12/2030 00:00,-0.0
29/12/2030 01:00,-0.0
29/12/2030 02:00,-0.0
29/12/2030 03:00,-0.0
29/12/2030 04:00,-0.0
29/12/2030 05:00,-0.0
29/12/2030 06:00,-0.0
29/12/2030 07:00,-0.0
29/12/2030 08:00,-0.0
29/12/2030 09:00,-0.0
29/12/2030 10:00,-0.0
29/12/2030 11:00,-0.0
29/12/2030 12:00,173.76278962101165
29/12/2030 13:00,-0.0
29/12/2030 14:00,-0.0
29/12/2030 15:00,-0.0
29/12/2030 16:00,-0.0
29/12/2030 17:00,-0.0
29/12/2030 18:00,-0.0
29/12/2030 19:00,-0.0
29/12/2030 20:00,-0.0
29/12/2030 21:00,-0.0
29/12/2030 22:00,-0.0
29/12/2030 23:00,-0.0
30/12/2030 00:00,-0.0
30/12/2030 01:00,-0.0
30/12/2030 02:00,-0.0
30/12/2030 03:00,-0.0
30/12/2030 04:00,-0.0
30/12/2030 05:00,-0.0
30/12/2030 06:00,-0.0
30/12/2030 07:00,-0.0
30/12/2030 08:00,566.102003550322
30/12/2030 09:00,-0.0
30/12/2030 10:00,-0.0
30/12/2030 11:00,-0.0
30/12/2030 12:00,1436.8195570210953
30/12/2030 13:00,101.98361174881593
30/12/2030 14:00,-0.0
30/12/2030 15:00,-0.0
30/12/2030 16:00,-0.0
30/12/2030 17:00,-0.0
30/12/2030 18:00,-0.0
30/12/2030 19:00,-0.0
30/12/2030 20:00,-0.0
30/12/2030 21:00,-0.0
30/12/2030 22:00,-0.0
30/12/2030 23:00,-0.0
31/12/2030 00:00,922.135078998825
31/12/2030 01:00,-0.0
31/12/2030 02:00,-0.0
31/12/2030 03:00,-0.0
31/12/2030 04:00,-0.0
31/12/2030 05:00,-0.0
31/12/2030 06:00,-0.0
31/12/2030 07:00,-0.0
31/12/2030 08:00,-0.0
31/12/2030 09:00,-0.0
31/12/2030 10:00,-0.0
31/12/2030 11:00,740.8341043814486
31/12/2030 12:00,1334.6301615202308
31/12/2030 13:00,-0.0
31/12/2030 14:00,1401.8324147570293
31/12/2030 15:00,628.6095208569435
31/12/2030 16:00,-0.0
31/12/2030 17:00,-0.0
31/12/2030 18:00,-0.0
31/12/2030 19:00,-0.0
31/12/2030 20:00,-0.0
31/12/2030 21:00,-0.0
31/12/2030 22:00,-0.0
31/12/2030 23:00,-0.0
01/01/2031 00:00,795.0558371995942
01/01/2031 01:00,483.07316552619636
01/01/2031 02:00,472.21817902905684
01/01/2031 03:00,437.34638088555374
01/01/2031 04:00,426.2153676633017
01/01/2031 05:00,460.8824935256201
01/01/2031 06:00,581.1950088245324
01/01/2031 07:00,744.1532202839604
01/01/2031 08:00,681.1476392239291
01/01/2031 09:00,755.1484641755196
01/01/2031 10:00,1361.5756482770787
01/01/2031 11:00,30.475979796340233
01/01/2031 12:00,1111.8117844792196
01/01/2031 13:00,1865.2835811927011
01/01/2031 14:00,1593.9132681469907
01/01/2031 15:00,2392.8296275781877
01/01/2031 16:00,1271.5538628300183
01/01/2031 17:00,645.9011710741187
01/01/2031 18:00,734.1122581188197
01/01/2031 19:00,59.075046374302616
01/01/2031 20:00,1593.5858022701873
01/01/2031 21:00,1572.7311798529413
01/01/2031 22:00,1323.9019598993368
01/01/2031 23:00,579.7037223984685
02/01/2031 00:00,307.82352050540413
02/01/2031 01:00,461.06125312003786
02/01/2031 02:00,670.9466572371554
02/01/2031 03:00,935.6512694875031
02/01/2031 04:00,1048.3056804877817
02/01/2031 05:00,1083.7252398584549
02/01/2031 06:00,984.2642166293692
02/01/2031 07:00,904.7560574692383
02/01/2031 08:00,938.2995838404462
02/01/2031 09:00,1129.7182864974789
02/01/2031 10:00,1485.357065295468
02/01/2031 11:00,2373.614718989808
02/01/2031 12:00,1852.591348888582
02/01/2031 13:00,2329.469041952306
02/01/2031 14:00,3892.7907158196767
02/01/2031 15:00,3356.0595566084357
02/01/2031 16:00,2179.0937073969394
02/01/2031 17:00,1864.7090907429968
02/01/2031 18:00,1661.923110707286
02/01/2031 19:00,1711.8947257790805
02/01/2031 20:00,1729.3401066210083
02/01/2031 21:00,1886.136499670473
02/01/2031 22:00,2548.525327090451
02/01/2031 23:00,3325.7120408030787
03/01/2031 00:00,3868.8042686755675
03/01/2031 01:00,4046.690057063413
03/01/2031 02:00,3406.0482758244766
03/01/2031 03:00,3181.1836757084566
03/01/2031 04:00,3335.950060156295
03/01/2031 05:00,3413.668145280747
03/01/2031 06:00,4898.373919695965
03/01/2031 07:00,5533.575713265508
03/01/2031 08:00,6038.136516282682
03/01/2031 09:00,5295.500162587152
03/01/2031 10:00,4353.1507078791055
03/01/2031 11:00,4760.428327214074
03/01/2031 12:00,3942.833588078019
03/01/2031 13:00,3812.874718556607
03/01/2031 14:00,4039.5808387114607
03/01/2031 15:00,5424.881412923319
03/01/2031 16:00,5567.470584652373
03/01/2031 17:00,5449.649519917936
03/01/2031 18:00,5089.39804610894
03/01/2031 19:00,4786.60329155283
03/01/2031 20:00,4087.6592352397593
03/01/2031 21:00,3316.3485702194316
03/01/2031 22:00,2750.7369520794723
03/01/2031 23:00,2407.393214522461
04/01/2031 00:00,2114.719812917437
04/01/2031 01:00,2020.8673960849658
04/01/2031 02:00,1842.9805042598284
04/01/2031 03:00,1685.4492051167135
04/01/2031 04:00,1534.3007622121563
04/01/2031 05:00,1284.5486151440136
04/01/2031 06:00,902.1373311561517
04/01/2031 07:00,451.1192822737776
04/01/2031 08:00,187.5363010288546
04/01/2031 09:00,175.76844895265745
04/01/2031 10:00,-0.0
04/01/2031 11:00,540.0368075906514
04/01/2031 12:00,835.3214912926693
04/01/2031 13:00,844.4510755931273
04/01/2031 14:00,1000.4549567008152
04/01/2031 15:00,783.9771623324391
04/01/2031 16:00,406.53530695706615
04/01/2031 17:00,-0.0
04/01/2031 18:00,713.5916954434416
04/01/2031 19:00,-0.0
04/01/2031 20:00,-0.0
04/01/2031 21:00,-0.0
04/01/2031 22:00,614.392657779712
04/01/2031 23:00,350.5467509452147
05/01/2031 00:00,-0.0
05/01/2031 01:00,-0.0
05/01/2031 02:00,-0.0
05/01/2031 03:00,-0.0
05/01/2031 04:00,-0.0
05/01/2031 05:00,-0.0
05/01/2031 06:00,-0.0
05/01/2031 07:00,359.87643874746414
05/01/2031 08:00,-0.0
05/01/2031 09:00,-0.0
05/01/2031 10:00,-0.0
05/01/2031 11:00,-0.0
05/01/2031 12:00,541.1485051303878
05/01/2031 13:00,398.2027582400054
05/01/2031 14:00,975.6647860584444
05/01/2031 15:00,868.5474092211202
05/01/2031 16:00,509.4333556249405
05/01/2031 17:00,-0.0
05/01/2031 18:00,829.6333469786022
05/01/2031 19:00,-0.0
05/01/2031 20:00,-0.0
05/01/2031 21:00,-0.0
05/01/2031 22:00,-0.0
05/01/2031 23:00,-0.0
06/01/2031 00:00,49.488868489599945
06/01/2031 01:00,281.7271460969321
06/01/2031 02:00,543.7393599604457
06/01/2031 03:00,680.565361520691
06/01/2031 04:00,811.2369639344984
06/01/2031 05:00,810.0244858889238
06/01/2031 06:00,545.8048648568061
06/01/2031 07:00,360.2177531876112
06/01/2031 08:00,312.9408556290744
06/01/2031 09:00,242.57012787928
06/01/2031 10:00,391.12591257460116
06/01/2031 11:00,1269.4159496341601
06/01/2031 12:00,1971.2564622741982
06/01/2031 13:00,888.0558033480349
06/01/2031 14:00,1094.113379898849
06/01/2031 15:00,808.8702041861545
06/01/2031 16:00,-0.0
06/01/2031 17:00,492.07625248107007
06/01/2031 18:00,1093.563618967474
06/01/2031 19:00,-0.0
06/01/2031 20:00,780.996874564086
06/01/2031 21:00,730.1648032746763
06/01/2031 22:00,790.3275014482944
06/01/2031 23:00,-0.0
07/01/2031 00:00,-0.0
07/01/2031 01:00,-0.0
07/01/2031 02:00,-0.0
07/01/2031 03:00,-0.0
07/01/2031 04:00,69.9088425207349
07/01/2031 05:00,60.91081056778964
07/01/2031 06:00,-0.0
07/01/2031 07:00,-0.0
07/01/2031 08:00,-0.0
07/01/2031 09:00,-0.0
07/01/2031 10:00,786.2580235563291
07/01/2031 11:00,94.0078929644229
07/01/2031 12:00,654.9204983723112
07/01/2031 13:00,1977.1300193125157
07/01/2031 14:00,2263.1048896974366
07/01/2031 15:00,89.8584185054317
07/01/2031 16:00,878.9939991264313
07/01/2031 17:00,-0.0
07/01/2031 18:00,148.60811627258127
07/01/2031 19:00,-0.0
07/01/2031 20:00,758.2218368627995
07/01/2031 21:00,841.2138131105636
07/01/2031 22:00,873.1830865040405
07/01/2031 23:00,93.07820086282216
08/01/2031 00:00,-0.0
08/01/2031 01:00,206.15950523923456
08/01/2031 02:00,400.33571845107883
08/01/2031 03:00,472.57017118837405
08/01/2031 04:00,523.8579926009787
08/01/2031 05:00,512.9456901741253
08/01/2031 06:00,514.2166460139265
08/01/2031 07:00,554.0206189560115
08/01/2031 08:00,679.8770021596907
08/01/2031 09:00,888.3046302806763
08/01/2031 10:00,1073.8633795124979
08/01/2031 11:00,1521.4889874851235
08/01/2031 12:00,441.1989236964528
08/01/2031 13:00,849.7944488578055
08/01/2031 14:00,2340.659068826102
08/01/2031 15:00,2286.1096460238823
08/01/2031 16:00,1924.555349445991
08/01/2031 17:00,1470.3784186410933
08/01/2031 18:00,1778.0934114960885
08/01/2031 19:00,2053.47993237006
08/01/2031 20:00,2079.7009642080434
08/01/2031 21:00,1582.9817465775068
08/01/2031 22:00,1300.7269192891904
08/01/2031 23:00,1749.0342390558012
09/01/2031 00:00,1875.7719879335584
09/01/2031 01:00,1885.024644424538
09/01/2031 02:00,361.6098185619121
09/01/2031 03:00,-0.0
09/01/2031 04:00,1424.9777486796893
09/01/2031 05:00,1150.0255508208936
09/01/2031 06:00,673.8994600525292
09/01/2031 07:00,27.28920949884623
09/01/2031 08:00,1293.2793552719982
09/01/2031 09:00,182.86378726223361
09/01/2031 10:00,-0.0
09/01/2031 11:00,623.3946485666047
09/01/2031 12:00,-0.0
09/01/2031 13:00,245.29898346860008
09/01/2031 14:00,568.8023756585992
09/01/2031 15:00,-0.0
09/01/2031 16:00,638.2697119905357
09/01/2031 17:00,-0.0
09/01/2031 18:00,1370.8538155395734
09/01/2031 19:00,1542.5726196674343
09/01/2031 20:00,1237.008290933452
09/01/2031 21:00,2168.4572734208527
09/01/2031 22:00,1628.9141471253101
09/01/2031 23:00,1588.4353451204636
10/01/2031 00:00,2019.8420746383877
10/01/2031 01:00,2303.538152956218
10/01/2031 02:00,2508.3214029740793
10/01/2031 03:00,2706.14188696533
10/01/2031 04:00,1064.5679369107647
10/01/2031 05:00,1377.1812453115544
10/01/2031 06:00,1794.388220018168
10/01/2031 07:00,1511.2227340630927
10/01/2031 08:00,2132.3979941570965
10/01/2031 09:00,2014.1742922817068
10/01/2031 10:00,2221.8089898684416
10/01/2031 11:00,2006.280260897751
10/01/2031 12:00,2176.3501713729142
10/01/2031 13:00,2424.73690043112
10/01/2031 14:00,1257.3736539331003
10/01/2031 15:00,2504.5351265914915
10/01/2031 16:00,1756.0726877577251
10/01/2031 17:00,1491.8644789729258
10/01/2031 18:00,1192.5960307287833
10/01/2031 19:00,1559.6758658708234
10/01/2031 20:00,1901.3260087089268
10/01/2031 21:00,2698.7720139786366
10/01/2031 22:00,3255.635104198728
10/01/2031 23:00,3947.016195473589
11/01/2031 00:00,4317.3622109308935
11/01/2031 01:00,2570.549679253388
11/01/2031 02:00,2478.370946876566
11/01/2031 03:00,3647.525050329353
11/01/2031 04:00,2050.279438137149
11/01/2031 05:00,1355.9915299003287
11/01/2031 06:00,797.9884779431048
11/01/2031 07:00,759.5127187794973
11/01/2031 08:00,1304.6359917662853
11/01/2031 09:00,1431.787334300622
11/01/2031 10:00,1456.1432266063166
11/01/2031 11:00,-0.0
11/01/2031 12:00,633.004693948749
11/01/2031 13:00,-0.0
11/01/2031 14:00,-0.0
11/01/2031 15:00,-0.0
11/01/2031 16:00,19.85738537717109
11/01/2031 17:00,-0.0
11/01/2031 18:00,160.82220447904595
11/01/2031 19:00,537.3763976653237
11/01/2031 20:00,717.2465317788794
11/01/2031 21:00,746.5223928374402
11/01/2031 22:00,2306.2114142350306
11/01/2031 23:00,2502.991019314735
12/01/2031 00:00,3355.0528867567436
12/01/2031 01:00,3788.7044225297786
12/01/2031 02:00,4404.762550016743
12/01/2031 03:00,4884.683177578365
12/01/2031 04:00,5000.02453288069
12/01/2031 05:00,5044.678418010633
12/01/2031 06:00,4790.650228527326
12/01/2031 07:00,4487.813359304854
12/01/2031 08:00,4425.522388422466
12/01/2031 09:00,4644.061745435869
12/01/2031 10:00,4139.400387986866
12/01/2031 11:00,4667.257964029022
12/01/2031 12:00,5428.950693602664
12/01/2031 13:00,5751.765594015932
12/01/2031 14:00,6012.168273977168
12/01/2031 15:00,5735.601110085929
12/01/2031 16:00,5450.586527368078
12/01/2031 17:00,4548.558947717409
12/01/2031 18:00,3930.599053240653
12/01/2031 19:00,3703.556449588844
12/01/2031 20:00,3558.8201018213485
12/01/2031 21:00,3493.5973672959917
12/01/2031 22:00,3754.366702348132
12/01/2031 23:00,4077.918615452973
13/01/2031 00:00,4325.6169442546925
13/01/2031 01:00,4606.412821557083
13/01/2031 02:00,4703.614575778199
13/01/2031 03:00,4774.6852819646465
13/01/2031 04:00,4891.219622716323
13/01/2031 05:00,4815.449491043689
13/01/2031 06:00,4392.914929978692
13/01/2031 07:00,3704.5174641945064
13/01/2031 08:00,3376.585429738528
13/01/2031 09:00,3432.767579788096
13/01/2031 10:00,3092.40799245582
13/01/2031 11:00,3840.343541436596
13/01/2031 12:00,3567.301872646081
13/01/2031 13:00,4081.6583657546103
13/01/2031 14:00,4372.568864316183
13/01/2031 15:00,5437.220851899157
13/01/2031 16:00,3931.853876437088
13/01/2031 17:00,2918.930153938778
13/01/2031 18:00,3061.9582909436217
13/01/2031 19:00,3270.0191283513445
13/01/2031 20:00,3280.4016971232045
13/01/2031 21:00,2912.930940780738
13/01/2031 22:00,2274.993226682802
13/01/2031 23:00,2281.4410155628993
14/01/2031 00:00,2571.337349281511
14/01/2031 01:00,2809.405267815444
14/01/2031 02:00,2989.2450011687615
14/01/2031 03:00,2119.3630763751876
14/01/2031 04:00,3044.7807879625416
14/01/2031 05:00,1363.4919642165164
14/01/2031 06:00,1143.4845145088304
14/01/2031 07:00,2494.4108936229413
14/01/2031 08:00,2186.0527794449067
14/01/2031 09:00,2029.3255367925688
14/01/2031 10:00,1908.980847206557
14/01/2031 11:00,755.5773046214612
14/01/2031 12:00,3165.380591026429
14/01/2031 13:00,2667.20046421754
14/01/2031 14:00,2994.642527898114
14/01/2031 15:00,1823.7851536047485
14/01/2031 16:00,1197.051752439575
14/01/2031 17:00,563.7640632294017
14/01/2031 18:00,1737.2544648165572
14/01/2031 19:00,23.108187666134043
14/01/2031 20:00,1428.259914806448
14/01/2031 21:00,60.268493716110335
14/01/2031 22:00,1478.3010629227363
14/01/2031 23:00,1696.8621234051598
15/01/2031 00:00,298.53941117710076
15/01/2031 01:00,613.5466620193044
15/01/2031 02:00,584.6888856672924
15/01/2031 03:00,514.8397649344455
15/01/2031 04:00,678.6519812334639
15/01/2031 05:00,858.6202310568782
15/01/2031 06:00,1166.9574977765128
15/01/2031 07:00,1710.4838896101367
15/01/2031 08:00,2088.777446936635
15/01/2031 09:00,1934.2377735111904
15/01/2031 10:00,1321.7827776664765
15/01/2031 11:00,2056.6276830752163
15/01/2031 12:00,2246.4033646883167
15/01/2031 13:00,2263.1873160164905
15/01/2031 14:00,2134.5892351753637
15/01/2031 15:00,2494.447340625292
15/01/2031 16:00,3278.554480528606
15/01/2031 17:00,2843.934846059439
15/01/2031 18:00,4081.905622977418
15/01/2031 19:00,3999.575232313231
15/01/2031 20:00,4154.274552335323
15/01/2031 21:00,4611.381102201526
15/01/2031 22:00,3150.2977844922902
15/01/2031 23:00,3661.4894375157646
16/01/2031 00:00,3602.0294028501753
16/01/2031 01:00,1619.4807379607105
16/01/2031 02:00,2011.3538698232962
16/01/2031 03:00,776.5601899561925
16/01/2031 04:00,400.97115228337395
16/01/2031 05:00,713.8814691306192
16/01/2031 06:00,1142.6986669350988
16/01/2031 07:00,170.18719384128696
16/01/2031 08:00,-0.0
16/01/2031 09:00,-0.0
16/01/2031 10:00,-0.0
16/01/2031 11:00,-0.0
16/01/2031 12:00,403.6726411764011
16/01/2031 13:00,790.1662445927672
16/01/2031 14:00,841.268038577069
16/01/2031 15:00,1160.5780327276716
16/01/2031 16:00,661.0180868485744
16/01/2031 17:00,5.13153339800072
16/01/2031 18:00,-0.0
16/01/2031 19:00,585.9117307487198
16/01/2031 20:00,307.9986514319638
16/01/2031 21:00,774.6707779409709
16/01/2031 22:00,1126.3326891514048
16/01/2031 23:00,-0.0
17/01/2031 00:00,233.3070931327054
17/01/2031 01:00,389.930017983788
17/01/2031 02:00,115.62141631775906
17/01/2031 03:00,-0.0
17/01/2031 04:00,-0.0
17/01/2031 05:00,-0.0
17/01/2031 06:00,179.83681123528643
17/01/2031 07:00,1013.7824603120089
17/01/2031 08:00,-0.0
17/01/2031 09:00,-0.0
17/01/2031 10:00,788.2132045492426
17/01/2031 11:00,778.9512158882375
17/01/2031 12:00,366.54809395230575
17/01/2031 13:00,749.8662184552497
17/01/2031 14:00,657.1783820321623
17/01/2031 15:00,1287.3238700116872
17/01/2031 16:00,824.246622759348
17/01/2031 17:00,-0.0
17/01/2031 18:00,-0.0
17/01/2031 19:00,934.1537371118587
17/01/2031 20:00,1257.2266478768527
17/01/2031 21:00,788.8744218382125
17/01/2031 22:00,-0.0
17/01/2031 23:00,-0.0
18/01/2031 00:00,-0.0
18/01/2031 01:00,-0.0
18/01/2031 02:00,-0.0
18/01/2031 03:00,-0.0
18/01/2031 04:00,-0.0
18/01/2031 05:00,-0.0
18/01/2031 06:00,-0.0
18/01/2031 07:00,-0.0
18/01/2031 08:00,-0.0
18/01/2031 09:00,-0.0
18/01/2031 10:00,-0.0
18/01/2031 11:00,437.1324163428265
18/01/2031 12:00,-0.0
18/01/2031 13:00,168.7581748262954
18/01/2031 14:00,369.5548780862489
18/01/2031 15:00,869.7485953470629
18/01/2031 16:00,1092.700831835583
18/01/2031 17:00,1427.278020477462
18/01/2031 18:00,941.4902197806224
18/01/2031 19:00,957.7841868672497
18/01/2031 20:00,1137.8968165927
18/01/2031 21:00,3060.798984107497
18/01/2031 22:00,1529.0605654718029
18/01/2031 23:00,1898.5946354761024
19/01/2031 00:00,1187.2192268000847
19/01/2031 01:00,382.37081820377074
19/01/2031 02:00,86.52428466712111
19/01/2031 03:00,-0.0
19/01/2031 04:00,63.31058028595732
19/01/2031 05:00,507.74047238549264
19/01/2031 06:00,240.3354577174318
19/01/2031 07:00,-0.0
19/01/2031 08:00,73.94894682243786
19/01/2031 09:00,-0.0
19/01/2031 10:00,-0.0
19/01/2031 11:00,-0.0
19/01/2031 12:00,-0.0
19/01/2031 13:00,329.79809491967546
19/01/2031 14:00,652.9074220913037
19/01/2031 15:00,805.6920405000571
19/01/2031 16:00,434.3048230207522
19/01/2031 17:00,-0.0
19/01/2031 18:00,1286.3669368998185
19/01/2031 19:00,2073.4592174358595
19/01/2031 20:00,2367.443525860257
19/01/2031 21:00,1649.4855785986072
19/01/2031 22:00,-0.0
19/01/2031 23:00,-0.0
20/01/2031 00:00,-0.0
20/01/2031 01:00,-0.0
20/01/2031 02:00,-0.0
20/01/2031 03:00,-0.0
20/01/2031 04:00,-0.0
20/01/2031 05:00,-0.0
20/01/2031 06:00,-0.0
20/01/2031 07:00,-0.0
20/01/2031 08:00,189.8930061147612
20/01/2031 09:00,-0.0
20/01/2031 10:00,-0.0
20/01/2031 11:00,-0.0
20/01/2031 12:00,-0.0
20/01/2031 13:00,-0.0
20/01/2031 14:00,-0.0
20/01/2031 15:00,-0.0
20/01/2031 16:00,-0.0
20/01/2031 17:00,-0.0
20/01/2031 18:00,-0.0
20/01/2031 19:00,-0.0
20/01/2031 20:00,41.924095534924746
20/01/2031 21:00,-0.0
20/01/2031 22:00,-0.0
20/01/2031 23:00,-0.0
21/01/2031 00:00,623.8844978243822
21/01/2031 01:00,-0.0
21/01/2031 02:00,-0.0
21/01/2031 03:00,-0.0
21/01/2031 04:00,-0.0
21/01/2031 05:00,-0.0
21/01/2031 06:00,-0.0
21/01/2031 07:00,-0.0
21/01/2031 08:00,294.2935459866189
21/01/2031 09:00,239.7690691214428
21/01/2031 10:00,-0.0
21/01/2031 11:00,255.7475289708741
21/01/2031 12:00,-0.0
21/01/2031 13:00,-0.0
21/01/2031 14:00,-0.0
21/01/2031 15:00,-0.0
21/01/2031 16:00,489.44739442128196
21/01/2031 17:00,-0.0
21/01/2031 18:00,-0.0
21/01/2031 19:00,799.6280395205746
21/01/2031 20:00,716.5635469615881
21/01/2031 21:00,735.0949684918502
21/01/2031 22:00,667.3968433699017
21/01/2031 23:00,-0.0
22/01/2031 00:00,-0.0
22/01/2031 01:00,-0.0
22/01/2031 02:00,-0.0
22/01/2031 03:00,-0.0
22/01/2031 04:00,-0.0
22/01/2031 05:00,-0.0
22/01/2031 06:00,-0.0
22/01/2031 07:00,-0.0
22/01/2031 08:00,-0.0
22/01/2031 09:00,-0.0
22/01/2031 10:00,152.30287908785454
22/01/2031 11:00,-0.0
22/01/2031 12:00,507.77127765996784
22/01/2031 13:00,1201.8314950439922
22/01/2031 14:00,1185.5406609503266
22/01/2031 15:00,2260.92001353573
22/01/2031 16:00,1670.7637117604133
22/01/2031 17:00,554.7126649018866
22/01/2031 18:00,-0.0
22/01/2031 19:00,841.1781161738226
22/01/2031 20:00,1100.2329531447926
22/01/2031 21:00,971.48848653186
22/01/2031 22:00,915.944475182194
22/01/2031 23:00,-0.0
23/01/2031 00:00,-0.0
23/01/2031 01:00,-0.0
23/01/2031 02:00,20.578946662730498
23/01/2031 03:00,-0.0
23/01/2031 04:00,-0.0
23/01/2031 05:00,-0.0
23/01/2031 06:00,-0.0
23/01/2031 07:00,233.59864939568854
23/01/2031 08:00,-0.0
23/01/2031 09:00,130.293497651045
23/01/2031 10:00,-0.0
23/01/2031 11:00,-0.0
23/01/2031 12:00,693.1868639183742
23/01/2031 13:00,496.0643942169368
23/01/2031 14:00,496.4646915191518
23/01/2031 15:00,511.6762218398398
23/01/2031 16:00,938.1803246667024
23/01/2031 17:00,-0.0
23/01/2031 18:00,-0.0
23/01/2031 19:00,-0.0
23/01/2031 20:00,-0.0
23/01/2031 21:00,-0.0
23/01/2031 22:00,974.6605301682732
23/01/2031 23:00,-0.0
24/01/2031 00:00,-0.0
24/01/2031 01:00,-0.0
24/01/2031 02:00,-0.0
24/01/2031 03:00,-0.0
24/01/2031 04:00,-0.0
24/01/2031 05:00,-0.0
24/01/2031 06:00,-0.0
24/01/2031 07:00,95.2581978223303
24/01/2031 08:00,-0.0
24/01/2031 09:00,-0.0
24/01/2031 10:00,-0.0
24/01/2031 11:00,-0.0
24/01/2031 12:00,490.00414184624526
24/01/2031 13:00,14.57238145136591
24/01/2031 14:00,45.91616561155565
24/01/2031 15:00,-0.0
24/01/2031 16:00,528.884130288427
24/01/2031 17:00,-0.0
24/01/2031 18:00,883.2671240448291
24/01/2031 19:00,734.9773580761492
24/01/2031 20:00,-0.0
24/01/2031 21:00,764.5563683562075
24/01/2031 22:00,834.6547661722925
24/01/2031 23:00,-0.0
25/01/2031 00:00,-0.0
25/01/2031 01:00,-0.0
25/01/2031 02:00,-0.0
25/01/2031 03:00,-0.0
25/01/2031 04:00,-0.0
25/01/2031 05:00,-0.0
25/01/2031 06:00,-0.0
25/01/2031 07:00,312.01557880855273
25/01/2031 08:00,16.947153523869677
25/01/2031 09:00,429.25695129212136
25/01/2031 10:00,250.51509988674837
25/01/2031 11:00,652.9420219780467
25/01/2031 12:00,-0.0
25/01/2031 13:00,215.66698017430028
25/01/2031 14:00,183.80248300078944
25/01/2031 15:00,-0.0
25/01/2031 16:00,571.125071478516
25/01/2031 17:00,-0.0
25/01/2031 18:00,-0.0
25/01/2031 19:00,-0.0
25/01/2031 20:00,386.7728651147701
25/01/2031 21:00,-0.0
25/01/2031 22:00,1485.6012021035951
25/01/2031 23:00,-0.0
26/01/2031 00:00,-0.0
26/01/2031 01:00,-0.0
26/01/2031 02:00,-0.0
26/01/2031 03:00,-0.0
26/01/2031 04:00,-0.0
26/01/2031 05:00,-0.0
26/01/2031 06:00,-0.0
26/01/2031 07:00,-0.0
26/01/2031 08:00,1019.4670414451898
26/01/2031 09:00,798.7074867644445
26/01/2031 10:00,226.55302246453945
26/01/2031 11:00,333.40692684824575
26/01/2031 12:00,-0.0
26/01/2031 13:00,102.69317473498127
26/01/2031 14:00,253.9888035225813
26/01/2031 15:00,128.1166741333436
26/01/2031 16:00,931.5280811336087
26/01/2031 17:00,1731.2683972024358
26/01/2031 18:00,1817.9174194954808
26/01/2031 19:00,1634.2396550255253
26/01/2031 20:00,1405.0173721575482
26/01/2031 21:00,654.6084465861842
26/01/2031 22:00,101.0986286702108
26/01/2031 23:00,908.9735690349901
27/01/2031 00:00,1753.0821447838728
27/01/2031 01:00,2513.696894438159
27/01/2031 02:00,2315.629933942226
27/01/2031 03:00,1664.2013506864835
27/01/2031 04:00,1668.817898702844
27/01/2031 05:00,2615.0152496124956
27/01/2031 06:00,2397.9590512572663
27/01/2031 07:00,4281.353495617797
27/01/2031 08:00,3854.0415386706013
27/01/2031 09:00,3827.0704278257485
27/01/2031 10:00,3252.899536484209
27/01/2031 11:00,3813.2487087604113
27/01/2031 12:00,3395.7240983218135
27/01/2031 13:00,3580.3428650370424
27/01/2031 14:00,3797.751087129852
27/01/2031 15:00,3674.574815368255
27/01/2031 16:00,4272.955906070104
27/01/2031 17:00,2641.867266137569
27/01/2031 18:00,3217.212079309846
27/01/2031 19:00,2870.193218211619
27/01/2031 20:00,2788.049976594368
27/01/2031 21:00,1325.8711364252301
27/01/2031 22:00,3145.6963054512553
27/01/2031 23:00,2111.7463831528635
28/01/2031 00:00,3766.5694482920085
28/01/2031 01:00,2678.6356766747635
28/01/2031 02:00,2655.5779393064054
28/01/2031 03:00,2655.329989615284
28/01/2031 04:00,2612.7763023622115
28/01/2031 05:00,2535.434241443654
28/01/2031 06:00,2314.224059987115
28/01/2031 07:00,1947.2545246171812
28/01/2031 08:00,1511.0026002493848
28/01/2031 09:00,1430.133861985487
28/01/2031 10:00,1633.0289211679983
28/01/2031 11:00,1426.9255603033519
28/01/2031 12:00,1618.1807562531703
28/01/2031 13:00,2083.7892613845693
28/01/2031 14:00,1461.5790527424265
28/01/2031 15:00,1417.6567692139613
28/01/2031 16:00,2254.0451752391623
28/01/2031 17:00,940.0977573598728
28/01/2031 18:00,42.5266711221865
28/01/2031 19:00,1687.0202240693661
28/01/2031 20:00,1880.8825894246988
28/01/2031 21:00,2128.1177714914684
28/01/2031 22:00,2235.348400525634
28/01/2031 23:00,851.8636778610646
29/01/2031 00:00,1180.209395427561
29/01/2031 01:00,1447.4590497104919
29/01/2031 02:00,1590.738527138879
29/01/2031 03:00,801.3631950366049
29/01/2031 04:00,806.3572738996404
29/01/2031 05:00,1938.8483253611228
29/01/2031 06:00,1969.3887336454338
29/01/2031 07:00,2514.0394886622203
29/01/2031 08:00,3060.034912053397
29/01/2031 09:00,1849.1434701233804
29/01/2031 10:00,1955.3376535979992
29/01/2031 11:00,1165.7336609182362
29/01/2031 12:00,1707.7304477991297
29/01/2031 13:00,1755.0770584428199
29/01/2031 14:00,2002.97300335125
29/01/2031 15:00,2001.6362187844923
29/01/2031 16:00,1948.1016155068835
29/01/2031 17:00,591.4351750128534
29/01/2031 18:00,137.69331104452345
29/01/2031 19:00,919.1836783754784
29/01/2031 20:00,796.519885155592
29/01/2031 21:00,-0.0
29/01/2031 22:00,578.1350646742428
29/01/2031 23:00,-0.0
30/01/2031 00:00,-0.0
30/01/2031 01:00,-0.0
30/01/2031 02:00,-0.0
30/01/2031 03:00,-0.0
30/01/2031 04:00,-0.0
30/01/2031 05:00,-0.0
30/01/2031 06:00,671.7341790672233
30/01/2031 07:00,599.3033244886597
30/01/2031 08:00,218.4530624617739
30/01/2031 09:00,716.7718609135952
30/01/2031 10:00,226.964408775077
30/01/2031 11:00,520.2892705192339
30/01/2031 12:00,-0.0
30/01/2031 13:00,269.52146796208183
30/01/2031 14:00,193.65724603452827
30/01/2031 15:00,-0.0
30/01/2031 16:00,464.2910648020085
30/01/2031 17:00,-0.0
30/01/2031 18:00,-0.0
30/01/2031 19:00,1068.7603211725234
30/01/2031 20:00,1638.6387870433723
30/01/2031 21:00,1148.5879704245417
30/01/2031 22:00,-0.0
30/01/2031 23:00,-0.0
31/01/2031 00:00,-0.0
31/01/2031 01:00,-0.0
31/01/2031 02:00,-0.0
31/01/2031 03:00,-0.0
31/01/2031 04:00,-0.0
31/01/2031 05:00,-0.0
31/01/2031 06:00,-0.0
31/01/2031 07:00,-0.0
31/01/2031 08:00,648.6732869942495
31/01/2031 09:00,-0.0
31/01/2031 10:00,-0.0
31/01/2031 11:00,195.80485777847363
31/01/2031 12:00,-0.0
31/01/2031 13:00,206.88932327076515
31/01/2031 14:00,188.59483393043135
31/01/2031 15:00,988.9754102320895
31/01/2031 16:00,-0.0
31/01/2031 17:00,-0.0
31/01/2031 18:00,131.42941259928654
31/01/2031 19:00,1729.5604593124294
31/01/2031 20:00,2145.691561483133
31/01/2031 21:00,1887.0025866819324
31/01/2031 22:00,-0.0
31/01/2031 23:00,-0.0
01/02/2031 00:00,-0.0
01/02/2031 01:00,-0.0
01/02/2031 02:00,-0.0
01/02/2031 03:00,-0.0
01/02/2031 04:00,-0.0
01/02/2031 05:00,-0.0
01/02/2031 06:00,-0.0
01/02/2031 07:00,49.20358159893377
01/02/2031 08:00,1216.7224953268953
01/02/2031 09:00,-0.0
01/02/2031 10:00,-0.0
01/02/2031 11:00,-0.0
01/02/2031 12:00,-0.0
01/02/2031 13:00,-0.0
01/02/2031 14:00,-0.0
01/02/2031 15:00,-0.0
01/02/2031 16:00,-0.0
01/02/2031 17:00,-0.0
01/02/2031 18:00,625.5711992155009
01/02/2031 19:00,2228.927232501008
01/02/2031 20:00,2148.058040369509
01/02/2031 21:00,2241.1276229278296
01/02/2031 22:00,617.565722366612
01/02/2031 23:00,-0.0
02/02/2031 00:00,-0.0
02/02/2031 01:00,-0.0
02/02/2031 02:00,-0.0
02/02/2031 03:00,-0.0
02/02/2031 04:00,-0.0
02/02/2031 05:00,-0.0
02/02/2031 06:00,-0.0
02/02/2031 07:00,106.14029279725602
02/02/2031 08:00,1192.9006781837504
02/02/2031 09:00,-0.0
02/02/2031 10:00,-0.0
02/02/2031 11:00,-0.0
02/02/2031 12:00,-0.0
02/02/2031 13:00,-0.0
02/02/2031 14:00,-0.0
02/02/2031 15:00,-0.0
02/02/2031 16:00,-0.0
02/02/2031 17:00,-0.0
02/02/2031 18:00,-0.0
02/02/2031 19:00,718.8487770769459
02/02/2031 20:00,1049.3195928678892
02/02/2031 21:00,1621.345274630597
02/02/2031 22:00,1210.429573398974
02/02/2031 23:00,1516.0205719838427
03/02/2031 00:00,1256.554631065688
03/02/2031 01:00,1264.3272376550474
03/02/2031 02:00,1541.3114092997675
03/02/2031 03:00,1369.0896331825652
03/02/2031 04:00,1561.6169842300685
03/02/2031 05:00,1947.81762744783
03/02/2031 06:00,1123.9894940993474
03/02/2031 07:00,1861.784055287454
03/02/2031 08:00,1329.194310834275
03/02/2031 09:00,1291.7471801141985
03/02/2031 10:00,1420.9017146344195
03/02/2031 11:00,-0.0
03/02/2031 12:00,1383.1773360386205
03/02/2031 13:00,795.7031132626621
03/02/2031 14:00,2403.98417850423
03/02/2031 15:00,1033.3890489469386
03/02/2031 16:00,534.7206729715131
03/02/2031 17:00,1684.0719625873649
03/02/2031 18:00,2917.101976308766
03/02/2031 19:00,2661.7201103974026
03/02/2031 20:00,2871.8296793919258
03/02/2031 21:00,3425.042458817251
03/02/2031 22:00,2582.1077201723497
03/02/2031 23:00,3310.9500909005283
04/02/2031 00:00,3652.667595059245
04/02/2031 01:00,3868.580696434844
04/02/2031 02:00,4260.847745587663
04/02/2031 03:00,4622.366583827567
04/02/2031 04:00,4427.676085699615
04/02/2031 05:00,4501.768786976399
04/02/2031 06:00,4735.404230841912
04/02/2031 07:00,4492.112910405554
04/02/2031 08:00,4309.794036260641
04/02/2031 09:00,4339.746866024936
04/02/2031 10:00,4157.682969395495
04/02/2031 11:00,5102.800740280861
04/02/2031 12:00,4399.331683930519
04/02/2031 13:00,4832.459462840744
04/02/2031 14:00,5136.172204941238
04/02/2031 15:00,5350.28260761453
04/02/2031 16:00,5918.769558054027
04/02/2031 17:00,4613.02369065214
04/02/2031 18:00,3675.3088653559753
04/02/2031 19:00,4468.957055552742
04/02/2031 20:00,4221.707834971758
04/02/2031 21:00,4385.073067258968
04/02/2031 22:00,4251.013342042194
04/02/2031 23:00,3439.6705250291084
05/02/2031 00:00,3382.986030588467
05/02/2031 01:00,3239.9502824405376
05/02/2031 02:00,3004.1209784538396
05/02/2031 03:00,2940.4019490806772
05/02/2031 04:00,2979.4339959126255
05/02/2031 05:00,2956.973913136238
05/02/2031 06:00,2829.7069955551015
05/02/2031 07:00,2690.1215333815862
05/02/2031 08:00,2683.364027324865
05/02/2031 09:00,3201.924245020773
05/02/2031 10:00,3411.0649021169434
05/02/2031 11:00,3961.908317623763
05/02/2031 12:00,3376.199914700732
05/02/2031 13:00,3448.223760707068
05/02/2031 14:00,3077.0849293885362
05/02/2031 15:00,2339.119996103721
05/02/2031 16:00,2798.9446754495402
05/02/2031 17:00,1437.685317070606
05/02/2031 18:00,211.4301128319656
05/02/2031 19:00,1304.0175881398632
05/02/2031 20:00,1316.235539387028
05/02/2031 21:00,1520.3985118664993
05/02/2031 22:00,1583.0824628631408
05/02/2031 23:00,206.47962836888678
06/02/2031 00:00,112.17503135121758
06/02/2031 01:00,-0.0
06/02/2031 02:00,19.342168602955212
06/02/2031 03:00,-0.0
06/02/2031 04:00,-0.0
06/02/2031 05:00,-0.0
06/02/2031 06:00,1111.7717132414489
06/02/2031 07:00,1241.468244621753
06/02/2031 08:00,1067.355236884595
06/02/2031 09:00,1641.4678433673319
06/02/2031 10:00,587.6253056969641
06/02/2031 11:00,377.6127485814724
06/02/2031 12:00,378.5716603602393
06/02/2031 13:00,622.6122602419963
06/02/2031 14:00,556.8572054916145
06/02/2031 15:00,744.9118914468477
06/02/2031 16:00,887.7758883985977
06/02/2031 17:00,670.4081576983546
06/02/2031 18:00,-0.0
06/02/2031 19:00,743.2720570194537
06/02/2031 20:00,962.6151859868918
06/02/2031 21:00,214.20225552507654
06/02/2031 22:00,-0.0
06/02/2031 23:00,350.8165518708519
07/02/2031 00:00,-0.0
07/02/2031 01:00,-0.0
07/02/2031 02:00,-0.0
07/02/2031 03:00,-0.0
07/02/2031 04:00,-0.0
07/02/2031 05:00,-0.0
07/02/2031 06:00,172.90638274271
07/02/2031 07:00,-0.0
07/02/2031 08:00,54.2678932622103
07/02/2031 09:00,-0.0
07/02/2031 10:00,-0.0
07/02/2031 11:00,-0.0
07/02/2031 12:00,-0.0
07/02/2031 13:00,-0.0
07/02/2031 14:00,-0.0
07/02/2031 15:00,-0.0
07/02/2031 16:00,-0.0
07/02/2031 17:00,-0.0
07/02/2031 18:00,956.7399128971026
07/02/2031 19:00,1862.5393915438044
07/02/2031 20:00,1819.1521700389487
07/02/2031 21:00,1848.166360213538
07/02/2031 22:00,-0.0
07/02/2031 23:00,-0.0
08/02/2031 00:00,-0.0
08/02/2031 01:00,-0.0
08/02/2031 02:00,-0.0
08/02/2031 03:00,-0.0
08/02/2031 04:00,-0.0
08/02/2031 05:00,-0.0
08/02/2031 06:00,-0.0
08/02/2031 07:00,-0.0
08/02/2031 08:00,704.9045018448084
08/02/2031 09:00,-0.0
08/02/2031 10:00,-0.0
08/02/2031 11:00,-0.0
08/02/2031 12:00,-0.0
08/02/2031 13:00,-0.0
08/02/2031 14:00,-0.0
08/02/2031 15:00,-0.0
08/02/2031 16:00,192.24166344568815
08/02/2031 17:00,80.89870555742496
08/02/2031 18:00,469.61754006281035
08/02/2031 19:00,1747.6603211826784
08/02/2031 20:00,2052.046456780171
08/02/2031 21:00,1321.7429356975379
08/02/2031 22:00,-0.0
08/02/2031 23:00,246.0395965952643
09/02/2031 00:00,655.3987292254213
09/02/2031 01:00,29.018085862388286
09/02/2031 02:00,215.46967094064217
09/02/2031 03:00,-0.0
09/02/2031 04:00,-0.0
09/02/2031 05:00,121.07364753879888
09/02/2031 06:00,134.4212918137572
09/02/2031 07:00,-0.0
09/02/2031 08:00,-0.0
09/02/2031 09:00,1177.8779264122925
09/02/2031 10:00,41.594606878134314
09/02/2031 11:00,1070.7980518475097
09/02/2031 12:00,84.07845282373732
09/02/2031 13:00,266.2694430252574
09/02/2031 14:00,125.55562632353323
09/02/2031 15:00,717.5865656263302
09/02/2031 16:00,-0.0
09/02/2031 17:00,105.71752259051014
09/02/2031 18:00,-0.0
09/02/2031 19:00,1196.5191614330117
09/02/2031 20:00,1497.864594022256
09/02/2031 21:00,774.6720309813363
09/02/2031 22:00,-0.0
09/02/2031 23:00,-0.0
10/02/2031 00:00,-0.0
10/02/2031 01:00,-0.0
10/02/2031 02:00,-0.0
10/02/2031 03:00,-0.0
10/02/2031 04:00,-0.0
10/02/2031 05:00,-0.0
10/02/2031 06:00,-0.0
10/02/2031 07:00,-0.0
10/02/2031 08:00,34.918197160294675
10/02/2031 09:00,-0.0
10/02/2031 10:00,186.49766675417015
10/02/2031 11:00,-0.0
10/02/2031 12:00,-0.0
10/02/2031 13:00,632.0389044610903
10/02/2031 14:00,372.2849085348013
10/02/2031 15:00,-0.0
10/02/2031 16:00,204.80183172732475
10/02/2031 17:00,932.8145969451801
10/02/2031 18:00,-0.0
10/02/2031 19:00,690.4573817672472
10/02/2031 20:00,868.414480582488
10/02/2031 21:00,246.6903822078078
10/02/2031 22:00,-0.0
10/02/2031 23:00,-0.0
11/02/2031 00:00,-0.0
11/02/2031 01:00,-0.0
11/02/2031 02:00,-0.0
11/02/2031 03:00,-0.0
11/02/2031 04:00,-0.0
11/02/2031 05:00,-0.0
11/02/2031 06:00,-0.0
11/02/2031 07:00,-0.0
11/02/2031 08:00,355.1198053529527
11/02/2031 09:00,390.086148394933
11/02/2031 10:00,-0.0
11/02/2031 11:00,-0.0
11/02/2031 12:00,601.1756416163134
11/02/2031 13:00,-0.0
11/02/2031 14:00,-0.0
11/02/2031 15:00,-0.0
11/02/2031 16:00,528.7915187444208
11/02/2031 17:00,35.454130573378215
11/02/2031 18:00,-0.0
11/02/2031 19:00,-0.0
11/02/2031 20:00,282.94313100776697
11/02/2031 21:00,-0.0
11/02/2031 22:00,-0.0
11/02/2031 23:00,736.991213143736
12/02/2031 00:00,496.1544546929225
12/02/2031 01:00,-0.0
12/02/2031 02:00,-0.0
12/02/2031 03:00,-0.0
12/02/2031 04:00,-0.0
12/02/2031 05:00,-0.0
12/02/2031 06:00,-0.0
12/02/2031 07:00,-0.0
12/02/2031 08:00,-0.0
12/02/2031 09:00,-0.0
12/02/2031 10:00,94.20801250604643
12/02/2031 11:00,-0.0
12/02/2031 12:00,1226.8610528447095
12/02/2031 13:00,828.9147823884433
12/02/2031 14:00,45.63429364197016
12/02/2031 15:00,62.007786740902546
12/02/2031 16:00,554.5014765212975
12/02/2031 17:00,-0.0
12/02/2031 18:00,-0.0
12/02/2031 19:00,327.7107895929422
12/02/2031 20:00,232.15348092897275
12/02/2031 21:00,389.82006639225017
12/02/2031 22:00,320.4021832743368
12/02/2031 23:00,-0.0
13/02/2031 00:00,-0.0
13/02/2031 01:00,-0.0
13/02/2031 02:00,-0.0
13/02/2031 03:00,-0.0
13/02/2031 04:00,1152.1164669493746
13/02/2031 05:00,1256.9137024073527
13/02/2031 06:00,574.1076741581456
13/02/2031 07:00,1328.552169795041
13/02/2031 08:00,712.9887807048744
13/02/2031 09:00,359.8214101300207
13/02/2031 10:00,1035.8712887102279
13/02/2031 11:00,-0.0
13/02/2031 12:00,656.3541293933214
13/02/2031 13:00,64.23491879889556
13/02/2031 14:00,485.3780881192793
13/02/2031 15:00,1466.9726311299896
13/02/2031 16:00,-0.0
13/02/2031 17:00,147.47171193121548
13/02/2031 18:00,-0.0
13/02/2031 19:00,-0.0
13/02/2031 20:00,180.7079874843265
13/02/2031 21:00,-0.0
13/02/2031 22:00,-0.0
13/02/2031 23:00,-0.0
14/02/2031 00:00,-0.0
14/02/2031 01:00,-0.0
14/02/2031 02:00,-0.0
14/02/2031 03:00,-0.0
14/02/2031 04:00,-0.0
14/02/2031 05:00,-0.0
14/02/2031 06:00,-0.0
14/02/2031 07:00,-0.0
14/02/2031 08:00,99.03989214846372
14/02/2031 09:00,-0.0
14/02/2031 10:00,107.69042491424327
14/02/2031 11:00,412.66254234893796
14/02/2031 12:00,963.1617821013366
14/02/2031 13:00,1038.2151446593148
14/02/2031 14:00,2946.0322376302956
14/02/2031 15:00,3016.80161936681
14/02/2031 16:00,2587.57238810955
14/02/2031 17:00,2330.353624550863
14/02/2031 18:00,3327.1245458624517
14/02/2031 19:00,4475.000741135307
14/02/2031 20:00,4193.121276623389
14/02/2031 21:00,3830.9503935351236
14/02/2031 22:00,4000.778420939806
14/02/2031 23:00,4412.404971792665
15/02/2031 00:00,4326.61073186377
15/02/2031 01:00,3456.5349678113907
15/02/2031 02:00,2654.431652600916
15/02/2031 03:00,2066.186842030916
15/02/2031 04:00,201.59941452216913
15/02/2031 05:00,164.4401203104099
15/02/2031 06:00,1050.1754840612884
15/02/2031 07:00,207.74886695610942
15/02/2031 08:00,1011.0863088177999
15/02/2031 09:00,712.9153847306345
15/02/2031 10:00,98.28696226548519
15/02/2031 11:00,-0.0
15/02/2031 12:00,535.0225480026872
15/02/2031 13:00,-0.0
15/02/2031 14:00,-0.0
15/02/2031 15:00,906.4882479315579
15/02/2031 16:00,-0.0
15/02/2031 17:00,-0.0
15/02/2031 18:00,-0.0
15/02/2031 19:00,-0.0
15/02/2031 20:00,-0.0
15/02/2031 21:00,-0.0
15/02/2031 22:00,-0.0
15/02/2031 23:00,-0.0
16/02/2031 00:00,-0.0
16/02/2031 01:00,-0.0
16/02/2031 02:00,-0.0
16/02/2031 03:00,-0.0
16/02/2031 04:00,-0.0
16/02/2031 05:00,-0.0
16/02/2031 06:00,-0.0
16/02/2031 07:00,483.69237978108424
16/02/2031 08:00,583.3881260937733
16/02/2031 09:00,-0.0
16/02/2031 10:00,975.2683028544958
16/02/2031 11:00,1055.1483321358587
16/02/2031 12:00,2215.8673254722307
16/02/2031 13:00,2355.4698269848354
16/02/2031 14:00,2223.641114154844
16/02/2031 15:00,3001.2961594724684
16/02/2031 16:00,2409.766833291374
16/02/2031 17:00,830.5035474042708
16/02/2031 18:00,1049.7583240428655
16/02/2031 19:00,229.1597064833241
16/02/2031 20:00,-0.0
16/02/2031 21:00,-0.0
16/02/2031 22:00,-0.0
16/02/2031 23:00,-0.0
17/02/2031 00:00,-0.0
17/02/2031 01:00,-0.0
17/02/2031 02:00,-0.0
17/02/2031 03:00,-0.0
17/02/2031 04:00,-0.0
17/02/2031 05:00,-0.0
17/02/2031 06:00,-0.0
17/02/2031 07:00,-0.0
17/02/2031 08:00,-0.0
17/02/2031 09:00,-0.0
17/02/2031 10:00,-0.0
17/02/2031 11:00,334.2776374139996
17/02/2031 12:00,-0.0
17/02/2031 13:00,-0.0
17/02/2031 14:00,-0.0
17/02/2031 15:00,-0.0
17/02/2031 16:00,262.24999404909494
17/02/2031 17:00,-0.0
17/02/2031 18:00,-0.0
17/02/2031 19:00,-0.0
17/02/2031 20:00,-0.0
17/02/2031 21:00,-0.0
17/02/2031 22:00,-0.0
17/02/2031 23:00,-0.0
18/02/2031 00:00,1884.323290599415
18/02/2031 01:00,896.0465604412093
18/02/2031 02:00,-0.0
18/02/2031 03:00,-0.0
18/02/2031 04:00,-0.0
18/02/2031 05:00,-0.0
18/02/2031 06:00,-0.0
18/02/2031 07:00,-0.0
18/02/2031 08:00,-0.0
18/02/2031 09:00,-0.0
18/02/2031 10:00,-0.0
18/02/2031 11:00,457.3799854490244
18/02/2031 12:00,-0.0
18/02/2031 13:00,1597.5139561855
18/02/2031 14:00,-0.0
18/02/2031 15:00,-0.0
18/02/2031 16:00,-0.0
18/02/2031 17:00,10.294840318449657
18/02/2031 18:00,-0.0
18/02/2031 19:00,-0.0
18/02/2031 20:00,823.4036123133817
18/02/2031 21:00,866.1120784856189
18/02/2031 22:00,-0.0
18/02/2031 23:00,1180.9189492641317
19/02/2031 00:00,1001.704455151344
19/02/2031 01:00,-0.0
19/02/2031 02:00,-0.0
19/02/2031 03:00,-0.0
19/02/2031 04:00,-0.0
19/02/2031 05:00,-0.0
19/02/2031 06:00,-0.0
19/02/2031 07:00,-0.0
19/02/2031 08:00,-0.0
19/02/2031 09:00,55.11296289576608
19/02/2031 10:00,-0.0
19/02/2031 11:00,2031.6242248853118
19/02/2031 12:00,1618.7652581012399
19/02/2031 13:00,1555.7409300349584
19/02/2031 14:00,2042.1190624382064
19/02/2031 15:00,2055.891516172822
19/02/2031 16:00,407.1560957835899
19/02/2031 17:00,999.7373987541131
19/02/2031 18:00,14.911520466576704
19/02/2031 19:00,-0.0
19/02/2031 20:00,-0.0
19/02/2031 21:00,-0.0
19/02/2031 22:00,441.4668536510695
19/02/2031 23:00,-0.0
20/02/2031 00:00,-0.0
20/02/2031 01:00,-0.0
20/02/2031 02:00,-0.0
20/02/2031 03:00,-0.0
20/02/2031 04:00,-0.0
20/02/2031 05:00,-0.0
20/02/2031 06:00,651.7387228051571
20/02/2031 07:00,222.5074554485581
20/02/2031 08:00,135.7432189179715
20/02/2031 09:00,352.67576671767483
20/02/2031 10:00,-0.0
20/02/2031 11:00,775.1397552585909
20/02/2031 12:00,-0.0
20/02/2031 13:00,-0.0
20/02/2031 14:00,-0.0
20/02/2031 15:00,-0.0
20/02/2031 16:00,-0.0
20/02/2031 17:00,-0.0
20/02/2031 18:00,-0.0
20/02/2031 19:00,350.24009307256745
20/02/2031 20:00,638.4170199092237
20/02/2031 21:00,189.44932140571765
20/02/2031 22:00,-0.0
20/02/2031 23:00,1018.6088267027324
21/02/2031 00:00,-0.0
21/02/2031 01:00,-0.0
21/02/2031 02:00,243.2740906081849
21/02/2031 03:00,415.0249140213723
21/02/2031 04:00,536.5499073686393
21/02/2031 05:00,616.2541543721863
21/02/2031 06:00,-0.0
21/02/2031 07:00,516.1238920224088
21/02/2031 08:00,857.2912667302935
21/02/2031 09:00,314.41428420052273
21/02/2031 10:00,640.4775918716775
21/02/2031 11:00,1973.9568812180717
21/02/2031 12:00,2878.640131471249
21/02/2031 13:00,2464.410449367425
21/02/2031 14:00,2598.75258495009
21/02/2031 15:00,4280.14108240111
21/02/2031 16:00,4089.079268347337
21/02/2031 17:00,3786.1744138964214
21/02/2031 18:00,3370.037338173774
21/02/2031 19:00,2832.640499642116
21/02/2031 20:00,3983.0506377246857
21/02/2031 21:00,2080.695952271128
21/02/2031 22:00,1626.7005385984787
21/02/2031 23:00,1944.3308018692749
22/02/2031 00:00,2499.8000937648035
22/02/2031 01:00,3007.752749038787
22/02/2031 02:00,3071.2086283393182
22/02/2031 03:00,2789.6353708475626
22/02/2031 04:00,2616.521582684349
22/02/2031 05:00,2390.5827368431187
22/02/2031 06:00,1931.7658432599417
22/02/2031 07:00,1416.433434144243
22/02/2031 08:00,1361.6883643691529
22/02/2031 09:00,1760.897353672306
22/02/2031 10:00,3649.4934894528687
22/02/2031 11:00,4568.5842910641895
22/02/2031 12:00,5825.33277192255
22/02/2031 13:00,3791.346697312243
22/02/2031 14:00,3825.1495381963828
22/02/2031 15:00,3796.1070310188825
22/02/2031 16:00,3874.525675815588
22/02/2031 17:00,3338.3171070976664
22/02/2031 18:00,2008.4148486354757
22/02/2031 19:00,2905.515249334474
22/02/2031 20:00,2711.2817193166297
22/02/2031 21:00,980.0695622724434
22/02/2031 22:00,745.710877443212
22/02/2031 23:00,674.972352044298
23/02/2031 00:00,447.3612721606382
23/02/2031 01:00,550.3146969151246
23/02/2031 02:00,720.513083681391
23/02/2031 03:00,727.8604682744015
23/02/2031 04:00,654.5390775121926
23/02/2031 05:00,386.9342642464063
23/02/2031 06:00,-0.0
23/02/2031 07:00,1082.1097494478042
23/02/2031 08:00,1316.7323676977066
23/02/2031 09:00,336.43874063849285
23/02/2031 10:00,1841.5292291958256
23/02/2031 11:00,968.6211609056498
23/02/2031 12:00,1775.4081962639941
23/02/2031 13:00,2710.3686608251724
23/02/2031 14:00,3178.6397528303132
23/02/2031 15:00,4887.891592888439
23/02/2031 16:00,4880.315227345538
23/02/2031 17:00,3997.22981363267
23/02/2031 18:00,2161.7441814194863
23/02/2031 19:00,1371.0494643411216
23/02/2031 20:00,2681.758345023745
23/02/2031 21:00,892.8923176929061
23/02/2031 22:00,2196.6693077576087
23/02/2031 23:00,649.0334529290055
24/02/2031 00:00,536.5169839207898
24/02/2031 01:00,594.1767534079373
24/02/2031 02:00,602.5081589571832
24/02/2031 03:00,580.3533418016316
24/02/2031 04:00,-0.0
24/02/2031 05:00,155.69792839624682
24/02/2031 06:00,289.81805576595013
24/02/2031 07:00,791.2037816482713
24/02/2031 08:00,688.0789759814671
24/02/2031 09:00,28.441957832974957
24/02/2031 10:00,637.1700296835381
24/02/2031 11:00,1123.4999027063618
24/02/2031 12:00,1152.3089814427797
24/02/2031 13:00,2388.9943924971494
24/02/2031 14:00,1838.2838148620622
24/02/2031 15:00,2792.758961651815
24/02/2031 16:00,2303.7394447341408
24/02/2031 17:00,1413.3576990120348
24/02/2031 18:00,784.4385124740944
24/02/2031 19:00,1383.2754991365186
24/02/2031 20:00,1688.5224784384627
24/02/2031 21:00,1396.5599891471618
24/02/2031 22:00,238.26072017803443
24/02/2031 23:00,825.49181158785
25/02/2031 00:00,2994.26946114061
25/02/2031 01:00,2799.3354238247944
25/02/2031 02:00,3985.6784863951643
25/02/2031 03:00,4759.844913153699
25/02/2031 04:00,5065.711009008589
25/02/2031 05:00,5519.015597317311
25/02/2031 06:00,5655.915277053292
25/02/2031 07:00,5427.731200715526
25/02/2031 08:00,5149.979856242415
25/02/2031 09:00,5241.112212171873
25/02/2031 10:00,6389.424353639124
25/02/2031 11:00,5780.768093799637
25/02/2031 12:00,3003.572958862517
25/02/2031 13:00,979.6793856638358
25/02/2031 14:00,325.96048547022593
25/02/2031 15:00,635.7554848783964
25/02/2031 16:00,2812.2107249178844
25/02/2031 17:00,3783.9357382688218
25/02/2031 18:00,2164.1408841541765
25/02/2031 19:00,1335.4842149571648
25/02/2031 20:00,2504.4971192511125
25/02/2031 21:00,881.4111843792742
25/02/2031 22:00,2316.0613526878524
25/02/2031 23:00,2093.927879789832
26/02/2031 00:00,535.087070378842
26/02/2031 01:00,637.0277489331943
26/02/2031 02:00,564.4949394909331
26/02/2031 03:00,810.236162705008
26/02/2031 04:00,1047.276782869987
26/02/2031 05:00,965.8317891871372
26/02/2031 06:00,831.5227526310454
26/02/2031 07:00,706.3170477287756
26/02/2031 08:00,595.8814104770455
26/02/2031 09:00,565.1043988961926
26/02/2031 10:00,647.9572339550181
26/02/2031 11:00,1335.2662314563893
26/02/2031 12:00,942.6056677429824
26/02/2031 13:00,688.2121201298238
26/02/2031 14:00,2788.610386961781
26/02/2031 15:00,2608.9617668613528
26/02/2031 16:00,2207.7331991723604
26/02/2031 17:00,1447.0820488690003
26/02/2031 18:00,736.1929605090219
26/02/2031 19:00,373.3534078781447
26/02/2031 20:00,318.202018081095
26/02/2031 21:00,253.89195006248477
26/02/2031 22:00,629.955070792299
26/02/2031 23:00,581.8855926656702
27/02/2031 00:00,866.488883766854
27/02/2031 01:00,1288.9661289021371
27/02/2031 02:00,1470.4405615103199
27/02/2031 03:00,1578.6715737467423
27/02/2031 04:00,1529.8909710387907
27/02/2031 05:00,1447.4717026992057
27/02/2031 06:00,966.5249386387065
27/02/2031 07:00,409.4832846857355
27/02/2031 08:00,176.93706952885736
27/02/2031 09:00,1055.7668976857087
27/02/2031 10:00,2352.9497931660208
27/02/2031 11:00,2824.6249557015026
27/02/2031 12:00,1747.2241824116381
27/02/2031 13:00,1629.9938146827005
27/02/2031 14:00,2263.0104196239163
27/02/2031 15:00,1687.2416282069212
27/02/2031 16:00,1074.0875566041705
27/02/2031 17:00,118.29207155914767
27/02/2031 18:00,1099.7829146157546
27/02/2031 19:00,661.6574105056234
27/02/2031 20:00,689.2067676531855
27/02/2031 21:00,-0.0
27/02/2031 22:00,1428.5965377279545
27/02/2031 23:00,216.99792479395376
28/02/2031 00:00,-0.0
28/02/2031 01:00,-0.0
28/02/2031 02:00,-0.0
28/02/2031 03:00,-0.0
28/02/2031 04:00,-0.0
28/02/2031 05:00,-0.0
28/02/2031 06:00,1067.9477369750402
28/02/2031 07:00,321.8225019033717
28/02/2031 08:00,190.0004229460999
28/02/2031 09:00,378.3128506976446
28/02/2031 10:00,-0.0
28/02/2031 11:00,-0.0
28/02/2031 12:00,-0.0
28/02/2031 13:00,-0.0
28/02/2031 14:00,-0.0
28/02/2031 15:00,-0.0
28/02/2031 16:00,183.514781617774
28/02/2031 17:00,-0.0
28/02/2031 18:00,-0.0
28/02/2031 19:00,555.2365292709216
28/02/2031 20:00,826.4161595259892
28/02/2031 21:00,401.955518364502
28/02/2031 22:00,520.1033355601468
28/02/2031 23:00,-0.0
01/03/2031 00:00,-0.0
01/03/2031 01:00,-0.0
01/03/2031 02:00,152.15206146413854
01/03/2031 03:00,-0.0
01/03/2031 04:00,-0.0
01/03/2031 05:00,105.2106676021801
01/03/2031 06:00,-0.0
01/03/2031 07:00,-0.0
01/03/2031 08:00,-0.0
01/03/2031 09:00,-0.0
01/03/2031 10:00,-0.0
01/03/2031 11:00,396.9341453708412
01/03/2031 12:00,-0.0
01/03/2031 13:00,373.67144602632425
01/03/2031 14:00,1079.6812520081419
01/03/2031 15:00,1157.0122963073532
01/03/2031 16:00,2242.2101586122453
01/03/2031 17:00,1384.552201136664
01/03/2031 18:00,1089.1026603567445
01/03/2031 19:00,1459.5357394758805
01/03/2031 20:00,1809.2643883731573
01/03/2031 21:00,1871.871533043176
01/03/2031 22:00,1492.1577462752543
01/03/2031 23:00,198.3379213363344
02/03/2031 00:00,151.87293029693063
02/03/2031 01:00,-0.0
02/03/2031 02:00,-0.0
02/03/2031 03:00,-0.0
02/03/2031 04:00,-0.0
02/03/2031 05:00,-0.0
02/03/2031 06:00,-0.0
02/03/2031 07:00,887.3540368975549
02/03/2031 08:00,573.3161770231669
02/03/2031 09:00,-0.0
02/03/2031 10:00,484.66366032458
02/03/2031 11:00,1132.0913337827913
02/03/2031 12:00,600.6237363738272
02/03/2031 13:00,921.9682221219178
02/03/2031 14:00,830.3776386582022
02/03/2031 15:00,518.4541684185402
02/03/2031 16:00,1377.871468706766
02/03/2031 17:00,260.56582649354567
02/03/2031 18:00,-0.0
02/03/2031 19:00,639.691678454852
02/03/2031 20:00,1621.7765559320244
02/03/2031 21:00,1058.7685111992355
02/03/2031 22:00,-0.0
02/03/2031 23:00,-0.0
03/03/2031 00:00,-0.0
03/03/2031 01:00,-0.0
03/03/2031 02:00,-0.0
03/03/2031 03:00,-0.0
03/03/2031 04:00,-0.0
03/03/2031 05:00,-0.0
03/03/2031 06:00,-0.0
03/03/2031 07:00,-0.0
03/03/2031 08:00,-0.0
03/03/2031 09:00,-0.0
03/03/2031 10:00,408.91598207508986
03/03/2031 11:00,26.222405189797186
03/03/2031 12:00,2320.521637743252
03/03/2031 13:00,1491.9125992793963
03/03/2031 14:00,1575.9434925240207
03/03/2031 15:00,1123.021903464891
03/03/2031 16:00,1570.349725372181
03/03/2031 17:00,997.4030906498385
03/03/2031 18:00,268.08486288075255
03/03/2031 19:00,1361.8677768979142
03/03/2031 20:00,378.7274594834719
03/03/2031 21:00,1379.3656358369951
03/03/2031 22:00,1150.514518949017
03/03/2031 23:00,653.8693054809738
04/03/2031 00:00,381.09244837569264
04/03/2031 01:00,337.6124206759211
04/03/2031 02:00,952.5110938267511
04/03/2031 03:00,1595.6854521663536
04/03/2031 04:00,1562.9723296967297
04/03/2031 05:00,1440.3561061070552
04/03/2031 06:00,1716.7546931911147
04/03/2031 07:00,2133.2151492347093
04/03/2031 08:00,2489.880812762909
04/03/2031 09:00,3073.720598785203
04/03/2031 10:00,2285.627186569108
04/03/2031 11:00,-0.0
04/03/2031 12:00,-0.0
04/03/2031 13:00,-0.0
04/03/2031 14:00,-0.0
04/03/2031 15:00,987.4965391046974
04/03/2031 16:00,-0.0
04/03/2031 17:00,4212.730481286258
04/03/2031 18:00,2903.7324907383586
04/03/2031 19:00,1954.6635449920636
04/03/2031 20:00,3206.8321353815913
04/03/2031 21:00,3243.093469923314
04/03/2031 22:00,3138.954816936746
04/03/2031 23:00,2437.3165995282116
05/03/2031 00:00,1539.4454171921702
05/03/2031 01:00,1335.9801080240422
05/03/2031 02:00,1451.480534460245
05/03/2031 03:00,1457.6782110194017
05/03/2031 04:00,1342.0651212094585
05/03/2031 05:00,1387.1162808676818
05/03/2031 06:00,1523.4477206997528
05/03/2031 07:00,1848.1612233648052
05/03/2031 08:00,1404.6694635380345
05/03/2031 09:00,1605.7219114998982
05/03/2031 10:00,510.78185040721064
05/03/2031 11:00,2891.96716692918
05/03/2031 12:00,1789.9413319725109
05/03/2031 13:00,3152.9032934159122
05/03/2031 14:00,1559.3390230636026
05/03/2031 15:00,1170.112016918203
05/03/2031 16:00,2058.9827874658263
05/03/2031 17:00,1424.7635260141924
05/03/2031 18:00,301.6093426230796
05/03/2031 19:00,-0.0
05/03/2031 20:00,610.7957413500251
05/03/2031 21:00,460.2144059242462
05/03/2031 22:00,-0.0
05/03/2031 23:00,119.19526202332638
06/03/2031 00:00,220.47158908028425
06/03/2031 01:00,-0.0
06/03/2031 02:00,231.14452625100313
06/03/2031 03:00,24.7477593133281
06/03/2031 04:00,-0.0
06/03/2031 05:00,-0.0
06/03/2031 06:00,-0.0
06/03/2031 07:00,668.8659710446215
06/03/2031 08:00,642.0931597950516
06/03/2031 09:00,-0.0
06/03/2031 10:00,1058.4034978037987
06/03/2031 11:00,688.6989575198429
06/03/2031 12:00,1173.5690467455454
06/03/2031 13:00,1505.9754021447595
06/03/2031 14:00,3211.5136775068004
06/03/2031 15:00,3037.6875155124108
06/03/2031 16:00,2649.920987383325
06/03/2031 17:00,2008.9323930991723
06/03/2031 18:00,1704.1916544235935
06/03/2031 19:00,2658.657794747699
06/03/2031 20:00,2744.333934910687
06/03/2031 21:00,2944.6115235567513
06/03/2031 22:00,2415.63491732909
06/03/2031 23:00,1547.54901524241
07/03/2031 00:00,1558.6427788088265
07/03/2031 01:00,1627.3653374272794
07/03/2031 02:00,550.2334257080798
07/03/2031 03:00,1727.903552384557
07/03/2031 04:00,175.1623483589713
07/03/2031 05:00,1694.8516331808798
07/03/2031 06:00,1307.5374132901595
07/03/2031 07:00,2191.040450368939
07/03/2031 08:00,1857.958671292716
07/03/2031 09:00,1243.9869840204763
07/03/2031 10:00,2538.7278164485556
07/03/2031 11:00,1761.3003576335927
07/03/2031 12:00,3661.047172434352
07/03/2031 13:00,3577.102456976154
07/03/2031 14:00,2501.5563385910646
07/03/2031 15:00,2595.9209261446335
07/03/2031 16:00,2203.886101567373
07/03/2031 17:00,2944.93284539452
07/03/2031 18:00,1742.3991732169184
07/03/2031 19:00,2769.7193890950202
07/03/2031 20:00,2606.9478691456648
07/03/2031 21:00,2517.698576677225
07/03/2031 22:00,2005.5537445440204
07/03/2031 23:00,573.0057526941417
08/03/2031 00:00,923.1373970479876
08/03/2031 01:00,918.04382738372
08/03/2031 02:00,998.3921367393758
08/03/2031 03:00,-0.0
08/03/2031 04:00,675.6379030440746
08/03/2031 05:00,-0.0
08/03/2031 06:00,640.0945345449994
08/03/2031 07:00,1266.3643311427127
08/03/2031 08:00,1195.603971864825
08/03/2031 09:00,175.85863429633488
08/03/2031 10:00,1294.7706563460963
08/03/2031 11:00,534.9544197679295
08/03/2031 12:00,1144.7473026250866
08/03/2031 13:00,2117.4293057473706
08/03/2031 14:00,1290.2064941627705
08/03/2031 15:00,1334.3813719603697
08/03/2031 16:00,1710.859241200217
08/03/2031 17:00,749.3036544249137
08/03/2031 18:00,29.040486997327864
08/03/2031 19:00,849.5623633560593
08/03/2031 20:00,1611.7844817628802
08/03/2031 21:00,1123.1303171335524
08/03/2031 22:00,57.78949076190734
08/03/2031 23:00,247.47837333088106
09/03/2031 00:00,56.51889359723159
09/03/2031 01:00,100.72990305436971
09/03/2031 02:00,143.4524077408213
09/03/2031 03:00,150.19355331243418
09/03/2031 04:00,27.577329722760282
09/03/2031 05:00,-0.0
09/03/2031 06:00,190.75681368121676
09/03/2031 07:00,-0.0
09/03/2031 08:00,-0.0
09/03/2031 09:00,451.9619746727063
09/03/2031 10:00,829.0553063414169
09/03/2031 11:00,276.4262111337485
09/03/2031 12:00,448.06754341612685
09/03/2031 13:00,590.8052078874981
09/03/2031 14:00,371.15444917870377
09/03/2031 15:00,1028.8201783274965
09/03/2031 16:00,677.5791263467667
09/03/2031 17:00,45.45496501308224
09/03/2031 18:00,-0.0
09/03/2031 19:00,414.4371165671802
09/03/2031 20:00,260.2254592591902
09/03/2031 21:00,512.5963265384314
09/03/2031 22:00,-0.0
09/03/2031 23:00,-0.0
10/03/2031 00:00,-0.0
10/03/2031 01:00,-0.0
10/03/2031 02:00,-0.0
10/03/2031 03:00,-0.0
10/03/2031 04:00,-0.0
10/03/2031 05:00,-0.0
10/03/2031 06:00,-0.0
10/03/2031 07:00,-0.0
10/03/2031 08:00,-0.0
10/03/2031 09:00,-0.0
10/03/2031 10:00,193.0111304214452
10/03/2031 11:00,115.57624966638639
10/03/2031 12:00,-0.0
10/03/2031 13:00,116.76678157642145
10/03/2031 14:00,177.68261186490406
10/03/2031 15:00,762.6743027952633
10/03/2031 16:00,1029.5005262749225
10/03/2031 17:00,279.51399304346415
10/03/2031 18:00,551.6504114490307
10/03/2031 19:00,979.21839127227
10/03/2031 20:00,916.0388895365157
10/03/2031 21:00,865.1916200649097
10/03/2031 22:00,-0.0
10/03/2031 23:00,58.41551324557848
11/03/2031 00:00,-0.0
11/03/2031 01:00,-0.0
11/03/2031 02:00,-0.0
11/03/2031 03:00,-0.0
11/03/2031 04:00,24.888155045478058
11/03/2031 05:00,67.12137629620598
11/03/2031 06:00,-0.0
11/03/2031 07:00,-0.0
11/03/2031 08:00,-0.0
11/03/2031 09:00,237.54699419825548
11/03/2031 10:00,1108.0001217238155
11/03/2031 11:00,385.27259436458394
11/03/2031 12:00,2671.4733974300952
11/03/2031 13:00,2078.1289592411613
11/03/2031 14:00,2101.6245336987754
11/03/2031 15:00,1339.5656208672842
11/03/2031 16:00,727.3083063058081
11/03/2031 17:00,1210.508809896075
11/03/2031 18:00,1643.9937410530588
11/03/2031 19:00,-0.0
11/03/2031 20:00,-0.0
11/03/2031 21:00,925.9181162826382
11/03/2031 22:00,919.3798730285791
11/03/2031 23:00,1286.6443739516699
12/03/2031 00:00,-0.0
12/03/2031 01:00,-0.0
12/03/2031 02:00,-0.0
12/03/2031 03:00,-0.0
12/03/2031 04:00,-0.0
12/03/2031 05:00,-0.0
12/03/2031 06:00,-0.0
12/03/2031 07:00,-0.0
12/03/2031 08:00,63.932919043492916
12/03/2031 09:00,1004.0296163848875
12/03/2031 10:00,1933.6491100374876
12/03/2031 11:00,1500.9187961077373
12/03/2031 12:00,219.88901464412783
12/03/2031 13:00,31.65017645010769
12/03/2031 14:00,202.97797684344104
12/03/2031 15:00,2051.337128326003
12/03/2031 16:00,3337.0562587024274
12/03/2031 17:00,3161.5162843066096
12/03/2031 18:00,2434.42959936229
12/03/2031 19:00,3369.3115668186933
12/03/2031 20:00,3546.058698438642
12/03/2031 21:00,3561.8111667566327
12/03/2031 22:00,2564.4389203127694
12/03/2031 23:00,2318.13490927569
13/03/2031 00:00,2292.912909025103
13/03/2031 01:00,2291.6559916995166
13/03/2031 02:00,2360.626500009091
13/03/2031 03:00,2497.2782300511694
13/03/2031 04:00,2532.144574109884
13/03/2031 05:00,2525.2194107233836
13/03/2031 06:00,2179.086167038989
13/03/2031 07:00,2970.9663601487964
13/03/2031 08:00,2049.2972271270423
13/03/2031 09:00,2006.4917109337666
13/03/2031 10:00,2340.5206284785295
13/03/2031 11:00,2388.730276771265
13/03/2031 12:00,1918.4811371350454
13/03/2031 13:00,1924.158002308636
13/03/2031 14:00,2410.075153978545
13/03/2031 15:00,2898.3304194497855
13/03/2031 16:00,2027.6026448616983
13/03/2031 17:00,892.7538951682319
13/03/2031 18:00,-0.0
13/03/2031 19:00,-0.0
13/03/2031 20:00,-0.0
13/03/2031 21:00,64.97713266048811
13/03/2031 22:00,1300.546423186069
13/03/2031 23:00,96.44441097744146
14/03/2031 00:00,140.72998026919473
14/03/2031 01:00,70.12361083746237
14/03/2031 02:00,23.146524820533774
14/03/2031 03:00,-0.0
14/03/2031 04:00,-0.0
14/03/2031 05:00,-0.0
14/03/2031 06:00,810.6905361267263
14/03/2031 07:00,952.620988679847
14/03/2031 08:00,1188.1576411173733
14/03/2031 09:00,381.3768241358292
14/03/2031 10:00,1466.9133288712378
14/03/2031 11:00,920.1403582477449
14/03/2031 12:00,1222.1903363942035
14/03/2031 13:00,1277.84632022751
14/03/2031 14:00,1117.626347161946
14/03/2031 15:00,1837.309185122145
14/03/2031 16:00,1587.5460677853803
14/03/2031 17:00,517.5536363916507
14/03/2031 18:00,-0.0
14/03/2031 19:00,-0.0
14/03/2031 20:00,-0.0
14/03/2031 21:00,-0.0
14/03/2031 22:00,-0.0
14/03/2031 23:00,-0.0
15/03/2031 00:00,-0.0
15/03/2031 01:00,-0.0
15/03/2031 02:00,-0.0
15/03/2031 03:00,-0.0
15/03/2031 04:00,-0.0
15/03/2031 05:00,-0.0
15/03/2031 06:00,249.1686780377762
15/03/2031 07:00,157.18745884812435
15/03/2031 08:00,339.93131439822463
15/03/2031 09:00,-0.0
15/03/2031 10:00,847.2129217105955
15/03/2031 11:00,816.3154547059503
15/03/2031 12:00,922.9798991366612
15/03/2031 13:00,1292.9049420994393
15/03/2031 14:00,567.7657500195663
15/03/2031 15:00,909.9764864057437
15/03/2031 16:00,1369.3935781133753
15/03/2031 17:00,746.7221024891367
15/03/2031 18:00,-0.0
15/03/2031 19:00,851.5896516209755
15/03/2031 20:00,-0.0
15/03/2031 21:00,-0.0
15/03/2031 22:00,-0.0
15/03/2031 23:00,-0.0
16/03/2031 00:00,-0.0
16/03/2031 01:00,-0.0
16/03/2031 02:00,-0.0
16/03/2031 03:00,-0.0
16/03/2031 04:00,-0.0
16/03/2031 05:00,-0.0
16/03/2031 06:00,357.42025922112214
16/03/2031 07:00,449.2141155268387
16/03/2031 08:00,574.5415064600604
16/03/2031 09:00,-0.0
16/03/2031 10:00,1015.7758904889699
16/03/2031 11:00,815.0877159755797
16/03/2031 12:00,1039.0965116436964
16/03/2031 13:00,1048.1542439194677
16/03/2031 14:00,883.6701856082576
16/03/2031 15:00,1811.4438249763637
16/03/2031 16:00,1674.1205044441476
16/03/2031 17:00,1165.6475317820323
16/03/2031 18:00,664.6375181877171
16/03/2031 19:00,1628.7035381264654
16/03/2031 20:00,1881.1092837758822
16/03/2031 21:00,254.34298697445792
16/03/2031 22:00,889.9499993076843
16/03/2031 23:00,394.405662552387
17/03/2031 00:00,359.8390770167998
17/03/2031 01:00,431.5203144421374
17/03/2031 02:00,415.86414724630345
17/03/2031 03:00,310.0623833213042
17/03/2031 04:00,163.65235110371984
17/03/2031 05:00,17.703525290650546
17/03/2031 06:00,-0.0
17/03/2031 07:00,951.8665073539831
17/03/2031 08:00,658.8645146282679
17/03/2031 09:00,118.8679781751555
17/03/2031 10:00,1468.1462099205864
17/03/2031 11:00,2580.0351682484584
17/03/2031 12:00,2182.134098027144
17/03/2031 13:00,1739.5185890383705
17/03/2031 14:00,1682.7472094653565
17/03/2031 15:00,2034.6885227754162
17/03/2031 16:00,2968.9297728239085
17/03/2031 17:00,3198.9304663412568
17/03/2031 18:00,1886.1887801538496
17/03/2031 19:00,1557.0907070269493
17/03/2031 20:00,2634.566067718351
17/03/2031 21:00,2417.748884268213
17/03/2031 22:00,1863.9784989423933
17/03/2031 23:00,2186.432664223787
18/03/2031 00:00,574.7517235134452
18/03/2031 01:00,752.2682559769985
18/03/2031 02:00,841.3561535769737
18/03/2031 03:00,831.5588662062441
18/03/2031 04:00,937.3649223487371
18/03/2031 05:00,1124.0682109413492
18/03/2031 06:00,1085.6716420293026
18/03/2031 07:00,870.9254184365982
18/03/2031 08:00,807.1109854668406
18/03/2031 09:00,1441.6440713027307
18/03/2031 10:00,2546.172744672356
18/03/2031 11:00,3252.1593893382114
18/03/2031 12:00,2424.4763473982516
18/03/2031 13:00,2746.435088846838
18/03/2031 14:00,2810.734030906142
18/03/2031 15:00,3121.4116081058805
18/03/2031 16:00,3592.2879012394137
18/03/2031 17:00,2810.846455135603
18/03/2031 18:00,3416.974900605768
18/03/2031 19:00,3061.026192057012
18/03/2031 20:00,1254.4879266954415
18/03/2031 21:00,1198.9607243310888
18/03/2031 22:00,1546.6389269427666
18/03/2031 23:00,2729.4040470643654
19/03/2031 00:00,1459.8212678666578
19/03/2031 01:00,838.8754099641186
19/03/2031 02:00,714.0517792086201
19/03/2031 03:00,633.9642961910088
19/03/2031 04:00,546.044437362156
19/03/2031 05:00,531.9699457089666
19/03/2031 06:00,471.3362970334258
19/03/2031 07:00,459.3608422744418
19/03/2031 08:00,585.7510346973495
19/03/2031 09:00,1237.671988911918
19/03/2031 10:00,2418.1486805967706
19/03/2031 11:00,1955.5322710840453
19/03/2031 12:00,2403.665283310012
19/03/2031 13:00,2790.494732417776
19/03/2031 14:00,2962.0505213939477
19/03/2031 15:00,4493.507017203777
19/03/2031 16:00,3594.631527673216
19/03/2031 17:00,3586.0918207046966
19/03/2031 18:00,2512.184066655082
19/03/2031 19:00,2119.9742706356774
19/03/2031 20:00,2733.7157927973103
19/03/2031 21:00,2746.9081568806623
19/03/2031 22:00,2563.3316604472748
19/03/2031 23:00,1638.3183828354638
20/03/2031 00:00,1127.8414109956575
20/03/2031 01:00,1124.8577855077626
20/03/2031 02:00,1128.6305059702095
20/03/2031 03:00,1135.2601500353762
20/03/2031 04:00,1009.8844658352136
20/03/2031 05:00,811.871600284688
20/03/2031 06:00,1471.5982799473816
20/03/2031 07:00,1675.5798614852542
20/03/2031 08:00,437.85914586941817
20/03/2031 09:00,857.4258873938555
20/03/2031 10:00,2106.549840117269
20/03/2031 11:00,2087.700539982673
20/03/2031 12:00,1919.336263475644
20/03/2031 13:00,2320.343305446794
20/03/2031 14:00,2431.6917741480615
20/03/2031 15:00,2550.4977751397037
20/03/2031 16:00,3517.6772661432788
20/03/2031 17:00,2951.782134158859
20/03/2031 18:00,1852.870523856425
20/03/2031 19:00,2769.7904500076775
20/03/2031 20:00,3022.8927935088996
20/03/2031 21:00,2570.362806247346
20/03/2031 22:00,1259.661914827707
20/03/2031 23:00,1418.7671117024317
21/03/2031 00:00,1368.8007753306174
21/03/2031 01:00,1301.841586343451
21/03/2031 02:00,1395.0714019029426
21/03/2031 03:00,1396.3758888587415
21/03/2031 04:00,1360.2050578442272
21/03/2031 05:00,1253.47775076
21/03/2031 06:00,774.1407392761357
21/03/2031 07:00,1592.3647765721264
21/03/2031 08:00,1368.610425319469
21/03/2031 09:00,762.6142026786086
21/03/2031 10:00,2018.5241767177367
21/03/2031 11:00,2002.70908061911
21/03/2031 12:00,1733.0245569334477
21/03/2031 13:00,2624.1778074082317
21/03/2031 14:00,2386.757680766747
21/03/2031 15:00,2572.3914662987277
21/03/2031 16:00,3905.0116834300807
21/03/2031 17:00,3075.336695042447
21/03/2031 18:00,1927.7478803586957
21/03/2031 19:00,2851.631190328278
21/03/2031 20:00,2468.5582122987266
21/03/2031 21:00,2435.1706267111977
21/03/2031 22:00,547.3305358524093
21/03/2031 23:00,1511.0751519104904
22/03/2031 00:00,876.5424168264603
22/03/2031 01:00,914.3565315308257
22/03/2031 02:00,894.3159507663606
22/03/2031 03:00,771.6607419786817
22/03/2031 04:00,772.2767273023602
22/03/2031 05:00,720.5331535672492
22/03/2031 06:00,434.2043165241058
22/03/2031 07:00,97.73388315143208
22/03/2031 08:00,916.7571206740142
22/03/2031 09:00,585.4939578330858
22/03/2031 10:00,1965.2559590234025
22/03/2031 11:00,2741.2311796013564
22/03/2031 12:00,1518.7664120709278
22/03/2031 13:00,1566.2929889409884
22/03/2031 14:00,3060.072147396427
22/03/2031 15:00,2697.6849945388863
22/03/2031 16:00,2038.1896885096794
22/03/2031 17:00,1031.0079130789265
22/03/2031 18:00,53.229146786881714
22/03/2031 19:00,-0.0
22/03/2031 20:00,-0.0
22/03/2031 21:00,1341.179712411806
22/03/2031 22:00,1626.5190744194877
22/03/2031 23:00,442.80316436347573
23/03/2031 00:00,698.0019130443364
23/03/2031 01:00,977.0472973679235
23/03/2031 02:00,1287.4720783096122
23/03/2031 03:00,1596.3986081838932
23/03/2031 04:00,1850.6228855106174
23/03/2031 05:00,2120.1200940218914
23/03/2031 06:00,2103.9715130401337
23/03/2031 07:00,1978.5014997225487
23/03/2031 08:00,2258.8029464487545
23/03/2031 09:00,2871.311266038828
23/03/2031 10:00,3657.995255798837
23/03/2031 11:00,3170.004669686116
23/03/2031 12:00,3439.3472635023722
23/03/2031 13:00,2490.61207629388
23/03/2031 14:00,2132.6744061538993
23/03/2031 15:00,1682.7982009880725
23/03/2031 16:00,2605.5326121849553
23/03/2031 17:00,1609.5211851350568
23/03/2031 18:00,499.3897076477268
23/03/2031 19:00,1458.5533475318575
23/03/2031 20:00,1561.1549895654093
23/03/2031 21:00,2154.5300290665646
23/03/2031 22:00,1091.1168902120544
23/03/2031 23:00,1375.1810041596602
24/03/2031 00:00,1580.156131688844
24/03/2031 01:00,1806.9047269681428
24/03/2031 02:00,2134.4254483788463
24/03/2031 03:00,2385.9043036120765
24/03/2031 04:00,2592.7639666930945
24/03/2031 05:00,2842.187063326685
24/03/2031 06:00,2781.724555813551
24/03/2031 07:00,4122.709425959336
24/03/2031 08:00,2595.744067966513
24/03/2031 09:00,2590.7665816146873
24/03/2031 10:00,1377.1445175397482
24/03/2031 11:00,5464.9149164518985
24/03/2031 12:00,4422.867918896306
24/03/2031 13:00,-0.0
24/03/2031 14:00,-0.0
24/03/2031 15:00,2710.217524524976
24/03/2031 16:00,3252.600990987324
24/03/2031 17:00,2116.779998408129
24/03/2031 18:00,1381.0875650855062
24/03/2031 19:00,1680.0719745700821
24/03/2031 20:00,2422.6666806415496
24/03/2031 21:00,2237.770943903433
24/03/2031 22:00,2679.866573375182
24/03/2031 23:00,4656.675282510903
25/03/2031 00:00,7149.905704467353
25/03/2031 01:00,4113.680944713072
25/03/2031 02:00,4409.7594994995125
25/03/2031 03:00,4333.430698430133
25/03/2031 04:00,4114.87276829791
25/03/2031 05:00,3727.7262039760544
25/03/2031 06:00,3493.382274409843
25/03/2031 07:00,3319.583926871406
25/03/2031 08:00,3140.963700269861
25/03/2031 09:00,4257.008271470576
25/03/2031 10:00,4592.796806421597
25/03/2031 11:00,2639.4258433268415
25/03/2031 12:00,2047.0011863160614
25/03/2031 13:00,2510.585591527617
25/03/2031 14:00,3391.7574480177786
25/03/2031 15:00,4423.4508401224875
25/03/2031 16:00,3517.48436443502
25/03/2031 17:00,2153.0363592054755
25/03/2031 18:00,453.8440583696969
25/03/2031 19:00,1129.384945508373
25/03/2031 20:00,47.78850370306158
25/03/2031 21:00,-0.0
25/03/2031 22:00,1407.360804822269
25/03/2031 23:00,495.98968498507804
26/03/2031 00:00,1341.3113244451793
26/03/2031 01:00,634.5827362303385
26/03/2031 02:00,157.94556220985896
26/03/2031 03:00,139.49969684252778
26/03/2031 04:00,234.41294315438898
26/03/2031 05:00,283.2422773570669
26/03/2031 06:00,434.93418927408055
26/03/2031 07:00,635.3899925714938
26/03/2031 08:00,1007.2534846659556
26/03/2031 09:00,1758.1422144707099
26/03/2031 10:00,3124.6062931779134
26/03/2031 11:00,2497.9540290609907
26/03/2031 12:00,2752.728366757652
26/03/2031 13:00,3432.6840401513946
26/03/2031 14:00,3328.3932655375984
26/03/2031 15:00,2195.6121344578405
26/03/2031 16:00,2873.5650984007643
26/03/2031 17:00,1590.249396904627
26/03/2031 18:00,264.222557307543
26/03/2031 19:00,-0.0
26/03/2031 20:00,35.816910010598484
26/03/2031 21:00,-0.0
26/03/2031 22:00,-0.0
26/03/2031 23:00,551.0976423856958
27/03/2031 00:00,674.4920018622399
27/03/2031 01:00,1110.8689360174528
27/03/2031 02:00,1104.3318319748228
27/03/2031 03:00,1357.5206169937444
27/03/2031 04:00,2024.5374972050563
27/03/2031 05:00,386.81969266807243
27/03/2031 06:00,1536.067695058164
27/03/2031 07:00,1497.2321944883424
27/03/2031 08:00,540.2150988507407
27/03/2031 09:00,1361.7853401441557
27/03/2031 10:00,2017.3747920605977
27/03/2031 11:00,1792.1360911251313
27/03/2031 12:00,2378.0147272032846
27/03/2031 13:00,2338.5798429120177
27/03/2031 14:00,2056.6811483464417
27/03/2031 15:00,3079.477346644588
27/03/2031 16:00,2166.5503420986156
27/03/2031 17:00,790.4733455598621
27/03/2031 18:00,-0.0
27/03/2031 19:00,-0.0
27/03/2031 20:00,15.99959975548762
27/03/2031 21:00,537.3924494348581
27/03/2031 22:00,613.132180347256
27/03/2031 23:00,-0.0
28/03/2031 00:00,82.59400562476846
28/03/2031 01:00,15.392567674165127
28/03/2031 02:00,166.83652990005731
28/03/2031 03:00,196.8139765729082
28/03/2031 04:00,247.28775632995158
28/03/2031 05:00,74.66557533426919
28/03/2031 06:00,-0.0
28/03/2031 07:00,-0.0
28/03/2031 08:00,633.5539599521308
28/03/2031 09:00,869.4385650652915
28/03/2031 10:00,1509.458256147208
28/03/2031 11:00,1337.4513474729315
28/03/2031 12:00,2041.8530835128925
28/03/2031 13:00,3498.614147748699
28/03/2031 14:00,1709.9092957301211
28/03/2031 15:00,1506.7476470003005
28/03/2031 16:00,2020.62228118811
28/03/2031 17:00,1042.1357165083948
28/03/2031 18:00,940.6651538850128
28/03/2031 19:00,-0.0
28/03/2031 20:00,-0.0
28/03/2031 21:00,-0.0
28/03/2031 22:00,-0.0
28/03/2031 23:00,-0.0
29/03/2031 00:00,-0.0
29/03/2031 01:00,133.76286860224815
29/03/2031 02:00,259.10931390668765
29/03/2031 03:00,420.67532172036624
29/03/2031 04:00,488.7690183654389
29/03/2031 05:00,707.9357114735241
29/03/2031 06:00,1401.3256018244615
29/03/2031 07:00,-0.0
29/03/2031 08:00,291.4995215205119
29/03/2031 09:00,735.1555338751782
29/03/2031 10:00,1169.4939062115834
29/03/2031 11:00,1782.6710618250079
29/03/2031 12:00,1956.895549995945
29/03/2031 13:00,1847.4785164619354
29/03/2031 14:00,1665.2948184181566
29/03/2031 15:00,1332.5881904214225
29/03/2031 16:00,936.6526283883862
29/03/2031 17:00,241.05655439875503
29/03/2031 18:00,-0.0
29/03/2031 19:00,478.30252676714457
29/03/2031 20:00,448.59635530135375
29/03/2031 21:00,-0.0
29/03/2031 22:00,-0.0
29/03/2031 23:00,-0.0
30/03/2031 00:00,541.8488785004917
30/03/2031 01:00,922.0886101675533
30/03/2031 02:00,1137.2558939841003
30/03/2031 03:00,1216.1546837670737
30/03/2031 04:00,1251.210499722684
30/03/2031 05:00,1191.6064731451236
30/03/2031 06:00,831.296982600594
30/03/2031 07:00,763.3557446647078
30/03/2031 08:00,1064.8307899344534
30/03/2031 09:00,1739.4126864778007
30/03/2031 10:00,1127.3633148103218
30/03/2031 11:00,1493.3331475956757
30/03/2031 12:00,3028.382453168858
30/03/2031 13:00,2472.8650812038813
30/03/2031 14:00,1821.3612383727354
30/03/2031 15:00,2697.1810751640305
30/03/2031 16:00,753.7277110106127
30/03/2031 17:00,1683.743341223347
30/03/2031 18:00,1510.2083725346185
30/03/2031 19:00,1015.752329352892
30/03/2031 20:00,-0.0
30/03/2031 21:00,113.31156685802101
30/03/2031 22:00,1602.3228355590193
30/03/2031 23:00,1218.176455082383
31/03/2031 00:00,1563.1822624053793
31/03/2031 01:00,1736.4020979930317
31/03/2031 02:00,1795.964009025168
31/03/2031 03:00,1839.5309561274182
31/03/2031 04:00,1815.7036163862913
31/03/2031 05:00,1585.1585158308296
31/03/2031 06:00,2882.528058219304
31/03/2031 07:00,1031.6802678810297
31/03/2031 08:00,2647.6753297902396
31/03/2031 09:00,1456.3062654398593
31/03/2031 10:00,1696.3986886428002
31/03/2031 11:00,1711.692114434958
31/03/2031 12:00,1108.0291480087462
31/03/2031 13:00,1120.2225025410596
31/03/2031 14:00,1717.9210666504991
31/03/2031 15:00,964.3605467607406
31/03/2031 16:00,1721.1653249998835
31/03/2031 17:00,1507.980080419665
31/03/2031 18:00,740.1851881024891
31/03/2031 19:00,1563.5173809914254
31/03/2031 20:00,1181.5917881457685
31/03/2031 21:00,692.9517197271402
31/03/2031 22:00,1767.801139333524
31/03/2031 23:00,1135.51216576424
01/04/2031 00:00,934.0628833103327
01/04/2031 01:00,1144.181036739844
01/04/2031 02:00,1372.9085820900661
01/04/2031 03:00,1492.071389352344
01/04/2031 04:00,1557.501926509086
01/04/2031 05:00,1521.8843108065305
01/04/2031 06:00,1413.7507615595594
01/04/2031 07:00,1279.5883787882017
01/04/2031 08:00,1296.4104603858514
01/04/2031 09:00,2555.744284724183
01/04/2031 10:00,3628.2605368129375
01/04/2031 11:00,3909.3300610630736
01/04/2031 12:00,2811.3717584224146
01/04/2031 13:00,3036.9866561868093
01/04/2031 14:00,3307.701795067531
01/04/2031 15:00,2939.56135050877
01/04/2031 16:00,4167.691210919007
01/04/2031 17:00,3011.934792265168
01/04/2031 18:00,1399.3239585130937
01/04/2031 19:00,1622.7475480897551
01/04/2031 20:00,-0.0
01/04/2031 21:00,-0.0
01/04/2031 22:00,-0.0
01/04/2031 23:00,-0.0
02/04/2031 00:00,738.8807295692969
02/04/2031 01:00,-0.0
02/04/2031 02:00,88.91774309937692
02/04/2031 03:00,-0.0
02/04/2031 04:00,415.1825000491856
02/04/2031 05:00,-0.0
02/04/2031 06:00,1604.6795920037744
02/04/2031 07:00,1676.838274031963
02/04/2031 08:00,623.6372964944921
02/04/2031 09:00,1472.3109583647722
02/04/2031 10:00,1669.7335349080427
02/04/2031 11:00,1148.5625198814014
02/04/2031 12:00,2398.9526734518004
02/04/2031 13:00,1802.4926529996753
02/04/2031 14:00,1177.8065882934036
02/04/2031 15:00,1183.7531839293904
02/04/2031 16:00,2246.2202805985457
02/04/2031 17:00,1838.8565657386996
02/04/2031 18:00,963.1052862985703
02/04/2031 19:00,1903.7843515277682
02/04/2031 20:00,854.2799188940436
02/04/2031 21:00,308.164593573941
02/04/2031 22:00,2227.351356556006
02/04/2031 23:00,830.6560772530477
03/04/2031 00:00,2230.4190938035085
03/04/2031 01:00,1222.4644478336731
03/04/2031 02:00,1337.121593721372
03/04/2031 03:00,1437.6414779469408
03/04/2031 04:00,1596.1817447245207
03/04/2031 05:00,2864.714466353202
03/04/2031 06:00,1655.8446043452104
03/04/2031 07:00,1791.5700904250186
03/04/2031 08:00,2142.751041817593
03/04/2031 09:00,2941.959322045711
03/04/2031 10:00,3937.936993366122
03/04/2031 11:00,4023.6886412478325
03/04/2031 12:00,4511.40077568514
03/04/2031 13:00,5191.897264820304
03/04/2031 14:00,4156.676215184401
03/04/2031 15:00,3812.803316640291
03/04/2031 16:00,3838.676265232691
03/04/2031 17:00,2641.49462230932
03/04/2031 18:00,1702.0643503395215
03/04/2031 19:00,1263.7967250273757
03/04/2031 20:00,1942.7334748318094
03/04/2031 21:00,1064.0025066954436
03/04/2031 22:00,3013.331241566246
03/04/2031 23:00,1588.850722377532
04/04/2031 00:00,1642.4536091149685
04/04/2031 01:00,1964.2381689727076
04/04/2031 02:00,1665.5484645605713
04/04/2031 03:00,1693.2610568221141
04/04/2031 04:00,1644.2575824170403
04/04/2031 05:00,1501.2198657834233
04/04/2031 06:00,2791.3773098990496
04/04/2031 07:00,1272.972670355187
04/04/2031 08:00,3098.124932766194
04/04/2031 09:00,3286.9871543309296
04/04/2031 10:00,4516.450061552311
04/04/2031 11:00,4962.805171537546
04/04/2031 12:00,5318.4846847595345
04/04/2031 13:00,5151.235422383745
04/04/2031 14:00,5834.532225597559
04/04/2031 15:00,7149.905704467353
04/04/2031 16:00,7149.905704467353
04/04/2031 17:00,5917.105696250785
04/04/2031 18:00,4217.279274321223
04/04/2031 19:00,3164.083921749522
04/04/2031 20:00,3776.8973463279926
04/04/2031 21:00,2479.8677625353057
04/04/2031 22:00,3533.7713577286963
04/04/2031 23:00,3379.83361661813
05/04/2031 00:00,2092.8460510483915
05/04/2031 01:00,2042.9200325212987
05/04/2031 02:00,1832.2237170988205
05/04/2031 03:00,1696.614485804423
05/04/2031 04:00,1491.6612564858876
05/04/2031 05:00,1047.417884285564
05/04/2031 06:00,870.4079157389745
05/04/2031 07:00,1137.177109591846
05/04/2031 08:00,493.8984165577668
05/04/2031 09:00,1553.212018470986
05/04/2031 10:00,2148.902199599371
05/04/2031 11:00,1690.3637305496118
05/04/2031 12:00,1643.5903186615565
05/04/2031 13:00,2622.751841241645
05/04/2031 14:00,2748.2042119795615
05/04/2031 15:00,2905.4311869338608
05/04/2031 16:00,4119.422300979849
05/04/2031 17:00,3407.8686456293076
05/04/2031 18:00,1915.066544164734
05/04/2031 19:00,2461.8801953199763
05/04/2031 20:00,650.1996526674166
05/04/2031 21:00,1472.2019883053133
05/04/2031 22:00,217.2392639472273
05/04/2031 23:00,1774.5964689865443
06/04/2031 00:00,28.00742132159564
06/04/2031 01:00,-0.0
06/04/2031 02:00,-0.0
06/04/2031 03:00,28.825755191871025
06/04/2031 04:00,1.6565006270136962
06/04/2031 05:00,-0.0
06/04/2031 06:00,-0.0
06/04/2031 07:00,1224.8712264596077
06/04/2031 08:00,83.35566432509711
06/04/2031 09:00,952.6773060903995
06/04/2031 10:00,1918.2748080695844
06/04/2031 11:00,1325.2679918444062
06/04/2031 12:00,1341.6438085934533
06/04/2031 13:00,1440.5193654454504
06/04/2031 14:00,144.03551265788366
06/04/2031 15:00,1467.9651098405877
06/04/2031 16:00,2665.0093768737474
06/04/2031 17:00,1717.4723446026578
06/04/2031 18:00,520.0238745705606
06/04/2031 19:00,-0.0
06/04/2031 20:00,1134.6346742321796
06/04/2031 21:00,24.178973362335846
06/04/2031 22:00,-0.0
06/04/2031 23:00,1262.343593557938
07/04/2031 00:00,1514.4055477655404
07/04/2031 01:00,8.27652447730696
07/04/2031 02:00,98.02913889568637
07/04/2031 03:00,1552.9641892802135
07/04/2031 04:00,114.39759253735646
07/04/2031 05:00,103.55351420423143
07/04/2031 06:00,147.46041990782763
07/04/2031 07:00,424.15544579062197
07/04/2031 08:00,973.5413846130485
07/04/2031 09:00,1389.813708232823
07/04/2031 10:00,1535.3944930686139
07/04/2031 11:00,-0.0
07/04/2031 12:00,3903.1597674990344
07/04/2031 13:00,-0.0
07/04/2031 14:00,-0.0
07/04/2031 15:00,-0.0
07/04/2031 16:00,1868.789112198781
07/04/2031 17:00,1090.1240161063895
07/04/2031 18:00,512.2405656266483
07/04/2031 19:00,1365.039729105054
07/04/2031 20:00,1059.2705276018794
07/04/2031 21:00,1176.9101371129595
07/04/2031 22:00,794.5290459058584
07/04/2031 23:00,305.57518565996173
08/04/2031 00:00,-0.0
08/04/2031 01:00,-0.0
08/04/2031 02:00,-0.0
08/04/2031 03:00,4.947369129008823
08/04/2031 04:00,-0.0
08/04/2031 05:00,-0.0
08/04/2031 06:00,-0.0
08/04/2031 07:00,-0.0
08/04/2031 08:00,533.2651890764462
08/04/2031 09:00,1608.4226547973983
08/04/2031 10:00,2621.9971457055585
08/04/2031 11:00,600.1698125230109
08/04/2031 12:00,-0.0
08/04/2031 13:00,-0.0
08/04/2031 14:00,-0.0
08/04/2031 15:00,950.6204124503084
08/04/2031 16:00,2614.3237500379078
08/04/2031 17:00,1721.9529579819975
08/04/2031 18:00,1178.4162580413436
08/04/2031 19:00,-0.0
08/04/2031 20:00,81.8533343723511
08/04/2031 21:00,-0.0
08/04/2031 22:00,1212.6715063908357
08/04/2031 23:00,-0.0
09/04/2031 00:00,-0.0
09/04/2031 01:00,1316.5936397209512
09/04/2031 02:00,-0.0
09/04/2031 03:00,-0.0
09/04/2031 04:00,502.93898978108564
09/04/2031 05:00,1492.7574452769259
09/04/2031 06:00,-0.0
09/04/2031 07:00,-0.0
09/04/2031 08:00,330.8087811314158
09/04/2031 09:00,1149.3034570434027
09/04/2031 10:00,2440.718385175043
09/04/2031 11:00,564.8775225354192
09/04/2031 12:00,-0.0
09/04/2031 13:00,-0.0
09/04/2031 14:00,-0.0
09/04/2031 15:00,566.2886589352194
09/04/2031 16:00,2782.294540708327
09/04/2031 17:00,1825.672992803197
09/04/2031 18:00,536.7139901662406
09/04/2031 19:00,-0.0
09/04/2031 20:00,101.30003132645554
09/04/2031 21:00,-0.0
09/04/2031 22:00,8.729518614802888
09/04/2031 23:00,-0.0
10/04/2031 00:00,-0.0
10/04/2031 01:00,-0.0
10/04/2031 02:00,-0.0
10/04/2031 03:00,-0.0
10/04/2031 04:00,-0.0
10/04/2031 05:00,1166.7057484571835
10/04/2031 06:00,968.8683162893387
10/04/2031 07:00,1083.0152845334467
10/04/2031 08:00,109.4280422066845
10/04/2031 09:00,933.2475243883744
10/04/2031 10:00,1540.5283765791526
10/04/2031 11:00,1025.0878954353334
10/04/2031 12:00,990.3348104653861
10/04/2031 13:00,584.1559831242123
10/04/2031 14:00,923.5175177320434
10/04/2031 15:00,1714.394305214751
10/04/2031 16:00,1081.5409045996332
10/04/2031 17:00,421.13409392819267
10/04/2031 18:00,192.36852852474013
10/04/2031 19:00,660.418947909545
10/04/2031 20:00,921.425364078203
10/04/2031 21:00,-0.0
10/04/2031 22:00,1489.7145477956876
10/04/2031 23:00,1539.1539658569345
11/04/2031 00:00,122.60706599520991
11/04/2031 01:00,250.04825509451342
11/04/2031 02:00,288.24131359267
11/04/2031 03:00,154.83403537931034
11/04/2031 04:00,-0.0
11/04/2031 05:00,-0.0
11/04/2031 06:00,555.7331803789973
11/04/2031 07:00,-0.0
11/04/2031 08:00,-0.0
11/04/2031 09:00,-0.0
11/04/2031 10:00,466.0414315015547
11/04/2031 11:00,697.8428676007259
11/04/2031 12:00,-0.0
11/04/2031 13:00,101.26206616759393
11/04/2031 14:00,152.7310147892374
11/04/2031 15:00,1004.2945950653198
11/04/2031 16:00,1386.044021584047
11/04/2031 17:00,725.7565740935987
11/04/2031 18:00,333.49477117569336
11/04/2031 19:00,606.5638281980177
11/04/2031 20:00,165.47081845890057
11/04/2031 21:00,-0.0
11/04/2031 22:00,379.52976211002556
11/04/2031 23:00,-0.0
12/04/2031 00:00,-0.0
12/04/2031 01:00,-0.0
12/04/2031 02:00,-0.0
12/04/2031 03:00,-0.0
12/04/2031 04:00,-0.0
12/04/2031 05:00,-0.0
12/04/2031 06:00,-0.0
12/04/2031 07:00,-0.0
12/04/2031 08:00,-0.0
12/04/2031 09:00,84.45731217935028
12/04/2031 10:00,680.744227537678
12/04/2031 11:00,30.47272005878129
12/04/2031 12:00,-0.0
12/04/2031 13:00,15.822204849214184
12/04/2031 14:00,480.62164014091616
12/04/2031 15:00,-0.0
12/04/2031 16:00,541.6498232058154
12/04/2031 17:00,-0.0
12/04/2031 18:00,-0.0
12/04/2031 19:00,440.9740229720038
12/04/2031 20:00,185.41707232109124
12/04/2031 21:00,408.8475375903752
12/04/2031 22:00,-0.0
12/04/2031 23:00,-0.0
13/04/2031 00:00,-0.0
13/04/2031 01:00,-0.0
13/04/2031 02:00,-0.0
13/04/2031 03:00,1004.741670709036
13/04/2031 04:00,74.20129889808454
13/04/2031 05:00,-0.0
13/04/2031 06:00,-0.0
13/04/2031 07:00,19.43515792219816
13/04/2031 08:00,-0.0
13/04/2031 09:00,821.7200394906607
13/04/2031 10:00,1632.665221125544
13/04/2031 11:00,2313.316823781163
13/04/2031 12:00,2391.8174365991267
13/04/2031 13:00,1648.463265809845
13/04/2031 14:00,1308.1073603365771
13/04/2031 15:00,817.0250144909043
13/04/2031 16:00,340.8080193806256
13/04/2031 17:00,1094.1545706631948
13/04/2031 18:00,1791.6391070230916
13/04/2031 19:00,1306.392307175929
13/04/2031 20:00,1244.326901900745
13/04/2031 21:00,1947.3002128023727
13/04/2031 22:00,1223.2799703734377
13/04/2031 23:00,1750.8080691422883
14/04/2031 00:00,2423.979187537598
14/04/2031 01:00,1983.3853423800913
14/04/2031 02:00,3236.9881892284047
14/04/2031 03:00,3391.8660751826897
14/04/2031 04:00,1925.6587409178817
14/04/2031 05:00,2825.0299355105235
14/04/2031 06:00,4371.45452754228
14/04/2031 07:00,4513.7005767056335
14/04/2031 08:00,2835.609809067216
14/04/2031 09:00,3727.259434753143
14/04/2031 10:00,-0.0
14/04/2031 11:00,-0.0
14/04/2031 12:00,3911.514346066933
14/04/2031 13:00,4058.5032347352753
14/04/2031 14:00,2337.5303577255686
14/04/2031 15:00,-0.0
14/04/2031 16:00,1023.962330315032
14/04/2031 17:00,3124.25364217529
14/04/2031 18:00,-0.0
14/04/2031 19:00,1145.4485374384021
14/04/2031 20:00,1537.2290497304884
14/04/2031 21:00,1315.7152120655167
14/04/2031 22:00,770.7589945130595
14/04/2031 23:00,775.5502694225712
15/04/2031 00:00,6630.387868353206
15/04/2031 01:00,1861.9744928632338
15/04/2031 02:00,2006.9338436408418
15/04/2031 03:00,2072.4368971088056
15/04/2031 04:00,2272.710193534594
15/04/2031 05:00,2473.6676993805704
15/04/2031 06:00,2614.2243058578374
15/04/2031 07:00,2590.5204037199055
15/04/2031 08:00,2752.220010835939
15/04/2031 09:00,3635.933915488817
15/04/2031 10:00,2628.6064745603217
15/04/2031 11:00,2585.66672540179
15/04/2031 12:00,3764.8959177291995
15/04/2031 13:00,2161.413425425297
15/04/2031 14:00,1840.0534977904308
15/04/2031 15:00,2479.437870836064
15/04/2031 16:00,2744.5153371915667
15/04/2031 17:00,1699.0773824057108
15/04/2031 18:00,526.5138419095313
15/04/2031 19:00,-0.0
15/04/2031 20:00,1136.953726221176
15/04/2031 21:00,-0.0
15/04/2031 22:00,-0.0
15/04/2031 23:00,-0.0
16/04/2031 00:00,1371.2272166930002
16/04/2031 01:00,-0.0
16/04/2031 02:00,1059.4766689204914
16/04/2031 03:00,1129.21043227594
16/04/2031 04:00,122.52248328853834
16/04/2031 05:00,65.97908810424158
16/04/2031 06:00,-0.0
16/04/2031 07:00,1304.0610751235658
16/04/2031 08:00,602.8013343276963
16/04/2031 09:00,1473.7395624086655
16/04/2031 10:00,799.2351302279344
16/04/2031 11:00,1614.8860015740145
16/04/2031 12:00,1736.9144270874665
16/04/2031 13:00,1799.5496505496099
16/04/2031 14:00,2911.324420838516
16/04/2031 15:00,3069.3860184265686
16/04/2031 16:00,2398.545522984317
16/04/2031 17:00,1862.9511942781623
16/04/2031 18:00,928.8646525365515
16/04/2031 19:00,0.8389900851111836
16/04/2031 20:00,1022.4471757662966
16/04/2031 21:00,-0.0
16/04/2031 22:00,-0.0
16/04/2031 23:00,-0.0
17/04/2031 00:00,-0.0
17/04/2031 01:00,1453.892671188443
17/04/2031 02:00,-0.0
17/04/2031 03:00,-0.0
17/04/2031 04:00,-0.0
17/04/2031 05:00,-0.0
17/04/2031 06:00,605.5011290358124
17/04/2031 07:00,594.6151529469942
17/04/2031 08:00,-0.0
17/04/2031 09:00,457.7154510727788
17/04/2031 10:00,1742.4894998455463
17/04/2031 11:00,2133.8245929600016
17/04/2031 12:00,714.9642863174824
17/04/2031 13:00,557.9859838119661
17/04/2031 14:00,670.3207389529013
17/04/2031 15:00,551.7244563567915
17/04/2031 16:00,1257.6792086587386
17/04/2031 17:00,503.11935947577734
17/04/2031 18:00,-0.0
17/04/2031 19:00,-0.0
17/04/2031 20:00,-0.0
17/04/2031 21:00,486.5679407329488
17/04/2031 22:00,-0.0
17/04/2031 23:00,-0.0
18/04/2031 00:00,-0.0
18/04/2031 01:00,1353.647554315833
18/04/2031 02:00,-0.0
18/04/2031 03:00,-0.0
18/04/2031 04:00,-0.0
18/04/2031 05:00,-0.0
18/04/2031 06:00,-0.0
18/04/2031 07:00,839.9454209512662
18/04/2031 08:00,1109.3185499442338
18/04/2031 09:00,1142.2342451121417
18/04/2031 10:00,1735.5578386008651
18/04/2031 11:00,2082.794651003124
18/04/2031 12:00,937.8229499608707
18/04/2031 13:00,1311.9626858535182
18/04/2031 14:00,1262.7902837720671
18/04/2031 15:00,963.7762883065592
18/04/2031 16:00,1898.2319412253623
18/04/2031 17:00,1287.1507132231543
18/04/2031 18:00,506.19283389780367
18/04/2031 19:00,1132.4743941683655
18/04/2031 20:00,-0.0
18/04/2031 21:00,889.2945706417038
18/04/2031 22:00,1221.421546769418
18/04/2031 23:00,-0.0
19/04/2031 00:00,92.83027701796638
19/04/2031 01:00,167.6011873584175
19/04/2031 02:00,214.28159218949793
19/04/2031 03:00,170.55441208329532
19/04/2031 04:00,97.03925720669741
19/04/2031 05:00,-0.0
19/04/2031 06:00,-0.0
19/04/2031 07:00,-0.0
19/04/2031 08:00,1611.4779175987042
19/04/2031 09:00,1296.2995254049183
19/04/2031 10:00,1375.768994015369
19/04/2031 11:00,2543.8696398697657
19/04/2031 12:00,221.78783040286947
19/04/2031 13:00,261.24568985577883
19/04/2031 14:00,391.8144854171549
19/04/2031 15:00,849.8397198218951
19/04/2031 16:00,1338.1135473440058
19/04/2031 17:00,726.9770829958649
19/04/2031 18:00,-0.0
19/04/2031 19:00,924.4677265315545
19/04/2031 20:00,-0.0
19/04/2031 21:00,732.8601223762781
19/04/2031 22:00,-0.0
19/04/2031 23:00,497.6369610092435
20/04/2031 00:00,-0.0
20/04/2031 01:00,-0.0
20/04/2031 02:00,-0.0
20/04/2031 03:00,-0.0
20/04/2031 04:00,-0.0
20/04/2031 05:00,-0.0
20/04/2031 06:00,-0.0
20/04/2031 07:00,937.6810624606994
20/04/2031 08:00,23.494555856593976
20/04/2031 09:00,1190.6487055070154
20/04/2031 10:00,1061.6991323179097
20/04/2031 11:00,2379.14783614807
20/04/2031 12:00,2079.6760596758227
20/04/2031 13:00,1860.4219183003022
20/04/2031 14:00,2118.657225797553
20/04/2031 15:00,984.7492774974935
20/04/2031 16:00,1021.2219068821046
20/04/2031 17:00,1035.0316372492741
20/04/2031 18:00,-0.0
20/04/2031 19:00,-0.0
20/04/2031 20:00,-0.0
20/04/2031 21:00,-0.0
20/04/2031 22:00,1279.0666321747112
20/04/2031 23:00,1550.3856881087172
21/04/2031 00:00,84.25902332234705
21/04/2031 01:00,188.77463102325544
21/04/2031 02:00,329.7620431420201
21/04/2031 03:00,1654.6459332023064
21/04/2031 04:00,1080.3459116285364
21/04/2031 05:00,2138.3146541217625
21/04/2031 06:00,351.5803872981072
21/04/2031 07:00,500.09442836044065
21/04/2031 08:00,892.8802839553459
21/04/2031 09:00,1901.6443035664809
21/04/2031 10:00,2934.7402789096195
21/04/2031 11:00,2032.2139497278754
21/04/2031 12:00,2149.957579302184
21/04/2031 13:00,2173.1545443629716
21/04/2031 14:00,1966.7512250731036
21/04/2031 15:00,2461.6977692752534
21/04/2031 16:00,2587.199192085554
21/04/2031 17:00,1482.2446841459089
21/04/2031 18:00,1739.3072028057463
21/04/2031 19:00,936.6641887062335
21/04/2031 20:00,722.4171278986873
21/04/2031 21:00,-0.0
21/04/2031 22:00,1076.4147729625947
21/04/2031 23:00,148.74452472363825
22/04/2031 00:00,104.86316223276272
22/04/2031 01:00,178.85785424836365
22/04/2031 02:00,208.14134520708726
22/04/2031 03:00,270.84595286377726
22/04/2031 04:00,404.98071790448256
22/04/2031 05:00,497.0327483961301
22/04/2031 06:00,499.909164597853
22/04/2031 07:00,714.4198356576538
22/04/2031 08:00,1031.6437139328207
22/04/2031 09:00,2137.7497697485305
22/04/2031 10:00,3076.271997198751
22/04/2031 11:00,1646.3006992391117
22/04/2031 12:00,1038.5863379390446
22/04/2031 13:00,1617.6776594465932
22/04/2031 14:00,1197.5835660720743
22/04/2031 15:00,2025.2651657649237
22/04/2031 16:00,2313.2585497123077
22/04/2031 17:00,1303.9903742926988
22/04/2031 18:00,367.70641319002954
22/04/2031 19:00,258.3040161816806
22/04/2031 20:00,-0.0
22/04/2031 21:00,917.1557373891893
22/04/2031 22:00,-0.0
22/04/2031 23:00,-0.0
23/04/2031 00:00,-0.0
23/04/2031 01:00,-0.0
23/04/2031 02:00,-0.0
23/04/2031 03:00,-0.0
23/04/2031 04:00,1184.574303401033
23/04/2031 05:00,-0.0
23/04/2031 06:00,1119.8182293594168
23/04/2031 07:00,526.5321109395657
23/04/2031 08:00,280.99888607608773
23/04/2031 09:00,1223.605474053626
23/04/2031 10:00,2129.0999179563305
23/04/2031 11:00,809.3489483956098
23/04/2031 12:00,1085.754126834369
23/04/2031 13:00,1376.3103590141038
23/04/2031 14:00,961.959547780979
23/04/2031 15:00,1680.278253482842
23/04/2031 16:00,1842.7414020259837
23/04/2031 17:00,864.5820497050854
23/04/2031 18:00,-0.0
23/04/2031 19:00,857.9816684320108
23/04/2031 20:00,508.9144730627534
23/04/2031 21:00,-0.0
23/04/2031 22:00,-0.0
23/04/2031 23:00,-0.0
24/04/2031 00:00,1127.0273438778845
24/04/2031 01:00,-0.0
24/04/2031 02:00,-0.0
24/04/2031 03:00,-0.0
24/04/2031 04:00,-0.0
24/04/2031 05:00,-0.0
24/04/2031 06:00,-0.0
24/04/2031 07:00,1038.7624210702959
24/04/2031 08:00,41.36163601135569
24/04/2031 09:00,1113.9626913533054
24/04/2031 10:00,1945.8988114220253
24/04/2031 11:00,1131.3554208670603
24/04/2031 12:00,344.6423178590666
24/04/2031 13:00,960.4274270394758
24/04/2031 14:00,761.9643936584034
24/04/2031 15:00,1112.2469059580314
24/04/2031 16:00,1553.9254711712854
24/04/2031 17:00,995.9677041877915
24/04/2031 18:00,-0.0
24/04/2031 19:00,974.5287031616906
24/04/2031 20:00,755.3377501276134
24/04/2031 21:00,1220.6642018400828
24/04/2031 22:00,714.914971031393
24/04/2031 23:00,1495.2810760937557
25/04/2031 00:00,891.2458750647078
25/04/2031 01:00,869.3411878854324
25/04/2031 02:00,2262.4832554574396
25/04/2031 03:00,2787.6347682746773
25/04/2031 04:00,3127.213207934154
25/04/2031 05:00,3239.5342762851665
25/04/2031 06:00,3493.556301083295
25/04/2031 07:00,3711.3584644261514
25/04/2031 08:00,3871.9404677518496
25/04/2031 09:00,1825.9788057222281
25/04/2031 10:00,5010.82283516551
25/04/2031 11:00,4089.2965925070534
25/04/2031 12:00,3620.866690976939
25/04/2031 13:00,-0.0
25/04/2031 14:00,-0.0
25/04/2031 15:00,2075.2663748152727
25/04/2031 16:00,1356.599240277772
25/04/2031 17:00,2317.410436938793
25/04/2031 18:00,2353.4867599721288
25/04/2031 19:00,2329.6393632737336
25/04/2031 20:00,2937.584118031938
25/04/2031 21:00,3869.5088932859494
25/04/2031 22:00,3659.071839337538
25/04/2031 23:00,3603.1349816702345
26/04/2031 00:00,4088.991249726674
26/04/2031 01:00,4353.021398859116
26/04/2031 02:00,4514.034191358056
26/04/2031 03:00,4548.357066404315
26/04/2031 04:00,3017.1741868123845
26/04/2031 05:00,3799.9525777438134
26/04/2031 06:00,4976.008263956032
26/04/2031 07:00,4995.492343428774
26/04/2031 08:00,4704.543186187675
26/04/2031 09:00,2279.262790623358
26/04/2031 10:00,-0.0
26/04/2031 11:00,-0.0
26/04/2031 12:00,-0.0
26/04/2031 13:00,-0.0
26/04/2031 14:00,-0.0
26/04/2031 15:00,-0.0
26/04/2031 16:00,453.647326096245
26/04/2031 17:00,3290.6874376345745
26/04/2031 18:00,1484.0850016385466
26/04/2031 19:00,858.4660387266873
26/04/2031 20:00,1124.355970652451
26/04/2031 21:00,1272.322730852602
26/04/2031 22:00,657.0596601714537
26/04/2031 23:00,300.9627008158673
27/04/2031 00:00,760.637570463758
27/04/2031 01:00,1286.0261248053234
27/04/2031 02:00,1660.101711029226
27/04/2031 03:00,3004.064231756808
27/04/2031 04:00,2077.1142205174865
27/04/2031 05:00,2012.6645739639987
27/04/2031 06:00,2402.1135241996076
27/04/2031 07:00,2283.0441032236085
27/04/2031 08:00,2193.0835424911543
27/04/2031 09:00,3561.9722264498428
27/04/2031 10:00,2390.855742005029
27/04/2031 11:00,4503.30100837179
27/04/2031 12:00,338.66924401439076
27/04/2031 13:00,209.54607450129834
27/04/2031 14:00,349.4183395261063
27/04/2031 15:00,1880.1628423788898
27/04/2031 16:00,2031.5443154959332
27/04/2031 17:00,863.4637888305297
27/04/2031 18:00,-0.0
27/04/2031 19:00,-0.0
27/04/2031 20:00,182.12975399259034
27/04/2031 21:00,-0.0
27/04/2031 22:00,-0.0
27/04/2031 23:00,-0.0
28/04/2031 00:00,-0.0
28/04/2031 01:00,208.75342546639055
28/04/2031 02:00,410.8064537722679
28/04/2031 03:00,695.3426822884028
28/04/2031 04:00,871.0416595467175
28/04/2031 05:00,984.7113040579501
28/04/2031 06:00,2088.1385410018734
28/04/2031 07:00,2015.863920132068
28/04/2031 08:00,1029.5416932208961
28/04/2031 09:00,1802.471417096298
28/04/2031 10:00,2839.221077339997
28/04/2031 11:00,2068.779173204695
28/04/2031 12:00,1473.771702509815
28/04/2031 13:00,1337.8888749193106
28/04/2031 14:00,1062.457270328683
28/04/2031 15:00,2019.21566363133
28/04/2031 16:00,476.57508499232273
28/04/2031 17:00,495.5349934025629
28/04/2031 18:00,1402.1355620558797
28/04/2031 19:00,931.7716328298887
28/04/2031 20:00,712.7518192000834
28/04/2031 21:00,466.3677865371073
28/04/2031 22:00,-0.0
28/04/2031 23:00,-0.0
29/04/2031 00:00,-0.0
29/04/2031 01:00,106.30351021085116
29/04/2031 02:00,295.81928312895184
29/04/2031 03:00,496.3058362681321
29/04/2031 04:00,708.500402758019
29/04/2031 05:00,915.1565554279268
29/04/2031 06:00,1077.0071761570598
29/04/2031 07:00,1209.4908595059535
29/04/2031 08:00,1403.6463532806108
29/04/2031 09:00,2508.8600462078657
29/04/2031 10:00,-0.0
29/04/2031 11:00,-0.0
29/04/2031 12:00,-0.0
29/04/2031 13:00,-0.0
29/04/2031 14:00,-0.0
29/04/2031 15:00,-0.0
29/04/2031 16:00,136.8546344375092
29/04/2031 17:00,2456.011334123304
29/04/2031 18:00,1357.0742623660026
29/04/2031 19:00,2284.7589083214143
29/04/2031 20:00,658.7283574107657
29/04/2031 21:00,884.6391253389394
29/04/2031 22:00,2374.4461027456414
29/04/2031 23:00,2454.837689516795
30/04/2031 00:00,2295.098723916417
30/04/2031 01:00,1644.5939645028225
30/04/2031 02:00,1781.002893613618
30/04/2031 03:00,2129.980184251032
30/04/2031 04:00,2295.9403519328434
30/04/2031 05:00,2497.4846042039953
30/04/2031 06:00,2812.5784116325494
30/04/2031 07:00,2901.027327286292
30/04/2031 08:00,2831.6505406782862
30/04/2031 09:00,400.68758051446395
30/04/2031 10:00,-0.0
30/04/2031 11:00,2317.8388780956348
30/04/2031 12:00,1765.6985644472136
30/04/2031 13:00,1324.6857414906103
30/04/2031 14:00,1365.415689406342
30/04/2031 15:00,2337.9244742854444
30/04/2031 16:00,-0.0
30/04/2031 17:00,1358.943741940579
30/04/2031 18:00,827.82531645654
30/04/2031 19:00,170.12089109485353
30/04/2031 20:00,1500.7841694449162
30/04/2031 21:00,1092.3707844665223
30/04/2031 22:00,1760.5663523143355
30/04/2031 23:00,1479.1181843295888
01/05/2031 00:00,1062.0647295188353
01/05/2031 01:00,839.190194516359
01/05/2031 02:00,771.5253573350561
01/05/2031 03:00,864.5720113378061
01/05/2031 04:00,1150.6942076168589
01/05/2031 05:00,1448.5563801426865
01/05/2031 06:00,1695.2430481048286
01/05/2031 07:00,1758.7679396902502
01/05/2031 08:00,1760.0680668149025
01/05/2031 09:00,2498.558201173984
01/05/2031 10:00,268.332459765452
01/05/2031 11:00,-0.0
01/05/2031 12:00,-0.0
01/05/2031 13:00,-0.0
01/05/2031 14:00,-0.0
01/05/2031 15:00,-0.0
01/05/2031 16:00,1474.52452622309
01/05/2031 17:00,1765.7027150280148
01/05/2031 18:00,619.2457369441859
01/05/2031 19:00,-0.0
01/05/2031 20:00,1026.091762194491
01/05/2031 21:00,1019.152561611239
01/05/2031 22:00,-0.0
01/05/2031 23:00,-0.0
02/05/2031 00:00,-0.0
02/05/2031 01:00,-0.0
02/05/2031 02:00,-0.0
02/05/2031 03:00,-0.0
02/05/2031 04:00,1146.37041930284
02/05/2031 05:00,-0.0
02/05/2031 06:00,659.6209321224177
02/05/2031 07:00,-0.0
02/05/2031 08:00,-0.0
02/05/2031 09:00,981.0332250826597
02/05/2031 10:00,1900.4836941012752
02/05/2031 11:00,902.3357109416294
02/05/2031 12:00,1223.1714206577742
02/05/2031 13:00,1348.1689720862157
02/05/2031 14:00,1369.38595825872
02/05/2031 15:00,2684.126569433911
02/05/2031 16:00,1758.7994217569574
02/05/2031 17:00,1265.5093783522502
02/05/2031 18:00,260.74675497282203
02/05/2031 19:00,372.46775148886684
02/05/2031 20:00,697.1593744687251
02/05/2031 21:00,-0.0
02/05/2031 22:00,-0.0
02/05/2031 23:00,-0.0
03/05/2031 00:00,-0.0
03/05/2031 01:00,-0.0
03/05/2031 02:00,-0.0
03/05/2031 03:00,-0.0
03/05/2031 04:00,-0.0
03/05/2031 05:00,-0.0
03/05/2031 06:00,164.0533969066921
03/05/2031 07:00,142.35194099923999
03/05/2031 08:00,-0.0
03/05/2031 09:00,535.5629790873171
03/05/2031 10:00,1226.7664548064974
03/05/2031 11:00,2171.593627672216
03/05/2031 12:00,1110.7426799727905
03/05/2031 13:00,1548.0616998059008
03/05/2031 14:00,1420.5451669452389
03/05/2031 15:00,1341.317306593833
03/05/2031 16:00,2338.2188204122826
03/05/2031 17:00,1579.2308200683462
03/05/2031 18:00,556.3770864734554
03/05/2031 19:00,-0.0
03/05/2031 20:00,862.7260721973505
03/05/2031 21:00,740.1731218240316
03/05/2031 22:00,-0.0
03/05/2031 23:00,-0.0
04/05/2031 00:00,-0.0
04/05/2031 01:00,-0.0
04/05/2031 02:00,-0.0
04/05/2031 03:00,-0.0
04/05/2031 04:00,-0.0
04/05/2031 05:00,-0.0
04/05/2031 06:00,975.7408993646549
04/05/2031 07:00,347.45296759987656
04/05/2031 08:00,186.66261360059596
04/05/2031 09:00,1614.8717646305731
04/05/2031 10:00,2837.031134188467
04/05/2031 11:00,3323.2373517189335
04/05/2031 12:00,2638.18330750616
04/05/2031 13:00,1688.8830908781729
04/05/2031 14:00,1657.5820715760644
04/05/2031 15:00,2015.3807261177012
04/05/2031 16:00,3945.833271734153
04/05/2031 17:00,5408.000659321138
04/05/2031 18:00,4571.678505397785
04/05/2031 19:00,5184.170497863767
04/05/2031 20:00,5083.110685731083
04/05/2031 21:00,3374.0280359006206
04/05/2031 22:00,2626.0877964343986
04/05/2031 23:00,2706.5518995167736
05/05/2031 00:00,2580.299630730873
05/05/2031 01:00,2437.2595903654487
05/05/2031 02:00,2214.802237882825
05/05/2031 03:00,2217.120674654455
05/05/2031 04:00,1688.5789874221819
05/05/2031 05:00,1349.040694822443
05/05/2031 06:00,2580.1403608779387
05/05/2031 07:00,1985.9591831627506
05/05/2031 08:00,1874.4028139514035
05/05/2031 09:00,1533.6575237523355
05/05/2031 10:00,2067.5890533387296
05/05/2031 11:00,4204.011233943362
05/05/2031 12:00,4492.305662279045
05/05/2031 13:00,4895.436283245838
05/05/2031 14:00,3761.276407792381
05/05/2031 15:00,4286.175350689464
05/05/2031 16:00,5422.34600858661
05/05/2031 17:00,5057.483607421803
05/05/2031 18:00,5329.471507663267
05/05/2031 19:00,5129.18227539902
05/05/2031 20:00,4876.019662286509
05/05/2031 21:00,4823.835534849484
05/05/2031 22:00,3441.1269251638287
05/05/2031 23:00,2757.6917850382797
06/05/2031 00:00,7149.905704467353
06/05/2031 01:00,2478.434127366932
06/05/2031 02:00,2345.8896223038587
06/05/2031 03:00,2402.63359493128
06/05/2031 04:00,2526.806547382589
06/05/2031 05:00,2633.801296756941
06/05/2031 06:00,2532.214778124749
06/05/2031 07:00,2217.4914156822038
06/05/2031 08:00,3816.548362341858
06/05/2031 09:00,5306.972596969384
06/05/2031 10:00,6065.555803352123
06/05/2031 11:00,4258.236486198367
06/05/2031 12:00,3193.9037347320063
06/05/2031 13:00,3150.0543673221428
06/05/2031 14:00,3356.698882731235
06/05/2031 15:00,4613.807802961357
06/05/2031 16:00,5498.80142797071
06/05/2031 17:00,4419.723295728111
06/05/2031 18:00,3320.0106534725296
06/05/2031 19:00,4228.371002106374
06/05/2031 20:00,4384.4797214325445
06/05/2031 21:00,4054.0708546597593
06/05/2031 22:00,3572.362761201312
06/05/2031 23:00,3103.819751387906
07/05/2031 00:00,3389.8414769038523
07/05/2031 01:00,3689.1839761180145
07/05/2031 02:00,3883.811649434871
07/05/2031 03:00,5414.548350118093
07/05/2031 04:00,3718.5399833851793
07/05/2031 05:00,3536.2406009574206
07/05/2031 06:00,3512.635913383962
07/05/2031 07:00,3331.672665284892
07/05/2031 08:00,3307.84455712151
07/05/2031 09:00,1465.1849990618823
07/05/2031 10:00,-0.0
07/05/2031 11:00,4688.19870917771
07/05/2031 12:00,4479.4271434134625
07/05/2031 13:00,4529.723857792332
07/05/2031 14:00,4735.99361336453
07/05/2031 15:00,-0.0
07/05/2031 16:00,2834.0632210071885
07/05/2031 17:00,3885.302888514111
07/05/2031 18:00,2572.079475384895
07/05/2031 19:00,1708.5399049215405
07/05/2031 20:00,2024.028011053469
07/05/2031 21:00,2467.96103177203
07/05/2031 22:00,2114.9144046315905
07/05/2031 23:00,1934.6576648999892
08/05/2031 00:00,1725.9848728067682
08/05/2031 01:00,1552.8554680525176
08/05/2031 02:00,1465.633857152507
08/05/2031 03:00,1466.230349879963
08/05/2031 04:00,1357.0488478033026
08/05/2031 05:00,2233.884670337845
08/05/2031 06:00,2237.784474539491
08/05/2031 07:00,1912.4790219691574
08/05/2031 08:00,764.111810789043
08/05/2031 09:00,1530.371883271969
08/05/2031 10:00,2663.883206365063
08/05/2031 11:00,1788.8937548221018
08/05/2031 12:00,1791.7178456580373
08/05/2031 13:00,1804.524513579759
08/05/2031 14:00,1600.7838935985972
08/05/2031 15:00,2669.4480410783935
08/05/2031 16:00,2556.8997599008503
08/05/2031 17:00,2069.529818647661
08/05/2031 18:00,1509.3061978824235
08/05/2031 19:00,1045.4142431993666
08/05/2031 20:00,1046.1870022778521
08/05/2031 21:00,2865.088952314854
08/05/2031 22:00,1040.7686726328307
08/05/2031 23:00,1023.6813165960243
09/05/2031 00:00,1007.0727226409319
09/05/2031 01:00,1380.6263601269084
09/05/2031 02:00,1789.9826151856266
09/05/2031 03:00,668.1383453335628
09/05/2031 04:00,1990.1243224404957
09/05/2031 05:00,1569.102050962681
09/05/2031 06:00,-0.0
09/05/2031 07:00,-0.0
09/05/2031 08:00,-0.0
09/05/2031 09:00,1067.8118914102463
09/05/2031 10:00,2030.848800132894
09/05/2031 11:00,1073.8428079815694
09/05/2031 12:00,1333.402316731481
09/05/2031 13:00,1166.7986772843578
09/05/2031 14:00,2229.429648431911
09/05/2031 15:00,654.6345447843031
09/05/2031 16:00,1787.983336218399
09/05/2031 17:00,1393.6544403126952
09/05/2031 18:00,866.4112740909605
09/05/2031 19:00,691.4108319341252
09/05/2031 20:00,640.2103991999327
09/05/2031 21:00,817.2302230200872
09/05/2031 22:00,489.2124403570648
09/05/2031 23:00,1922.3772003460715
10/05/2031 00:00,1680.5716277041781
10/05/2031 01:00,-0.0
10/05/2031 02:00,1233.377001463975
10/05/2031 03:00,1089.1299371322038
10/05/2031 04:00,-0.0
10/05/2031 05:00,-0.0
10/05/2031 06:00,-0.0
10/05/2031 07:00,-0.0
10/05/2031 08:00,-0.0
10/05/2031 09:00,900.4746385033999
10/05/2031 10:00,409.74985904950415
10/05/2031 11:00,1035.2180508590532
10/05/2031 12:00,1316.983429348288
10/05/2031 13:00,1647.5105094178955
10/05/2031 14:00,3376.828795519831
10/05/2031 15:00,2988.7865036156904
10/05/2031 16:00,2875.1762310914633
10/05/2031 17:00,1914.2211886349114
10/05/2031 18:00,702.9958267365862
10/05/2031 19:00,107.45033386322433
10/05/2031 20:00,612.4323029629345
10/05/2031 21:00,-0.0
10/05/2031 22:00,-0.0
10/05/2031 23:00,-0.0
11/05/2031 00:00,-0.0
11/05/2031 01:00,1002.9307695105471
11/05/2031 02:00,-0.0
11/05/2031 03:00,1298.7167631661541
11/05/2031 04:00,154.13402069034223
11/05/2031 05:00,236.80240058556157
11/05/2031 06:00,207.18950923168896
11/05/2031 07:00,449.5587475133167
11/05/2031 08:00,1632.3862806494935
11/05/2031 09:00,3016.3995571675596
11/05/2031 10:00,1974.3492921258967
11/05/2031 11:00,4414.706618451354
11/05/2031 12:00,4180.704423898502
11/05/2031 13:00,-0.0
11/05/2031 14:00,-0.0
11/05/2031 15:00,320.57735456898445
11/05/2031 16:00,3971.166327064653
11/05/2031 17:00,3405.444364683965
11/05/2031 18:00,2766.665809326626
11/05/2031 19:00,2328.582070801321
11/05/2031 20:00,2143.3683304781794
11/05/2031 21:00,2106.715188326409
11/05/2031 22:00,2230.27528580702
11/05/2031 23:00,1972.4319050697197
12/05/2031 00:00,1702.70985362536
12/05/2031 01:00,3172.011913512882
12/05/2031 02:00,3011.642181862811
12/05/2031 03:00,1578.1719958916947
12/05/2031 04:00,3232.291565075643
12/05/2031 05:00,1516.7925296543192
12/05/2031 06:00,1693.4973245274657
12/05/2031 07:00,1341.5164542174107
12/05/2031 08:00,3030.0384426412456
12/05/2031 09:00,3035.3047089550396
12/05/2031 10:00,3540.4611956086783
12/05/2031 11:00,1641.863625165026
12/05/2031 12:00,643.370481331265
12/05/2031 13:00,-0.0
12/05/2031 14:00,204.60724594097508
12/05/2031 15:00,1960.7616435949424
12/05/2031 16:00,1823.8753944739742
12/05/2031 17:00,815.1882479432089
12/05/2031 18:00,1710.1959835520568
12/05/2031 19:00,514.7116892808322
12/05/2031 20:00,424.9632699018745
12/05/2031 21:00,342.0461310515976
12/05/2031 22:00,-0.0
12/05/2031 23:00,-0.0
13/05/2031 00:00,5334.112972420083
13/05/2031 01:00,-0.0
13/05/2031 02:00,-0.0
13/05/2031 03:00,-0.0
13/05/2031 04:00,-0.0
13/05/2031 05:00,-0.0
13/05/2031 06:00,-0.0
13/05/2031 07:00,-0.0
13/05/2031 08:00,354.70229710983375
13/05/2031 09:00,1500.2507942044317
13/05/2031 10:00,2504.235725658137
13/05/2031 11:00,1468.327474567563
13/05/2031 12:00,1842.8750423100616
13/05/2031 13:00,1711.521092270117
13/05/2031 14:00,1430.3583605115398
13/05/2031 15:00,2192.3400680080003
13/05/2031 16:00,2204.157073472962
13/05/2031 17:00,1360.0489304312937
13/05/2031 18:00,701.6613083417427
13/05/2031 19:00,-0.0
13/05/2031 20:00,61.531165832008746
13/05/2031 21:00,320.1940256571236
13/05/2031 22:00,-0.0
13/05/2031 23:00,-0.0
14/05/2031 00:00,-0.0
14/05/2031 01:00,-0.0
14/05/2031 02:00,-0.0
14/05/2031 03:00,401.2470155065748
14/05/2031 04:00,-0.0
14/05/2031 05:00,-0.0
14/05/2031 06:00,921.7606268814892
14/05/2031 07:00,198.45908100774375
14/05/2031 08:00,269.1012125154958
14/05/2031 09:00,1152.7422728456145
14/05/2031 10:00,1864.5145253595103
14/05/2031 11:00,1216.6867986685177
14/05/2031 12:00,901.5051957636443
14/05/2031 13:00,933.3918574676484
14/05/2031 14:00,809.6930108986791
14/05/2031 15:00,1456.127895315058
14/05/2031 16:00,2241.121465944226
14/05/2031 17:00,1457.956662463582
14/05/2031 18:00,677.1579873248227
14/05/2031 19:00,185.91762199353664
14/05/2031 20:00,-0.0
14/05/2031 21:00,130.169742849363
14/05/2031 22:00,940.7422397587893
14/05/2031 23:00,1029.068769651089
15/05/2031 00:00,-0.0
15/05/2031 01:00,-0.0
15/05/2031 02:00,-0.0
15/05/2031 03:00,-0.0
15/05/2031 04:00,-0.0
15/05/2031 05:00,-0.0
15/05/2031 06:00,-0.0
15/05/2031 07:00,526.4420860122186
15/05/2031 08:00,-0.0
15/05/2031 09:00,522.9133271385701
15/05/2031 10:00,1214.7549264270892
15/05/2031 11:00,275.9438338423746
15/05/2031 12:00,601.8465453767067
15/05/2031 13:00,2416.2363563518206
15/05/2031 14:00,856.6822962561899
15/05/2031 15:00,960.9568108386968
15/05/2031 16:00,1963.3397725135692
15/05/2031 17:00,1335.3981346206301
15/05/2031 18:00,560.0407611548438
15/05/2031 19:00,220.48604351556344
15/05/2031 20:00,1820.212941705819
15/05/2031 21:00,-0.0
15/05/2031 22:00,997.6237030728591
15/05/2031 23:00,-0.0
16/05/2031 00:00,-0.0
16/05/2031 01:00,-0.0
16/05/2031 02:00,-0.0
16/05/2031 03:00,-0.0
16/05/2031 04:00,-0.0
16/05/2031 05:00,-0.0
16/05/2031 06:00,-0.0
16/05/2031 07:00,-0.0
16/05/2031 08:00,-0.0
16/05/2031 09:00,284.4355461912886
16/05/2031 10:00,1222.0489409307665
16/05/2031 11:00,1565.390177737984
16/05/2031 12:00,1056.3322731984147
16/05/2031 13:00,703.0111298016576
16/05/2031 14:00,1111.4598436753706
16/05/2031 15:00,1344.1571571690843
16/05/2031 16:00,1566.68290560946
16/05/2031 17:00,784.7295285289023
16/05/2031 18:00,84.00138357215805
16/05/2031 19:00,-0.0
16/05/2031 20:00,1106.115391004074
16/05/2031 21:00,800.620812853451
16/05/2031 22:00,596.9892371585977
16/05/2031 23:00,-0.0
17/05/2031 00:00,-0.0
17/05/2031 01:00,-0.0
17/05/2031 02:00,-0.0
17/05/2031 03:00,-0.0
17/05/2031 04:00,-0.0
17/05/2031 05:00,-0.0
17/05/2031 06:00,-0.0
17/05/2031 07:00,391.0359171019093
17/05/2031 08:00,-0.0
17/05/2031 09:00,535.9982456870919
17/05/2031 10:00,1574.0421876761839
17/05/2031 11:00,736.4347748734671
17/05/2031 12:00,931.5946599572351
17/05/2031 13:00,849.3372668538863
17/05/2031 14:00,754.2961805023082
17/05/2031 15:00,1955.5761133136468
17/05/2031 16:00,1312.1807678723455
17/05/2031 17:00,770.891274416751
17/05/2031 18:00,322.34080213888166
17/05/2031 19:00,-0.0
17/05/2031 20:00,1096.6531609899507
17/05/2031 21:00,-0.0
17/05/2031 22:00,-0.0
17/05/2031 23:00,982.0143431939796
18/05/2031 00:00,-0.0
18/05/2031 01:00,951.7404792404366
18/05/2031 02:00,-0.0
18/05/2031 03:00,-0.0
18/05/2031 04:00,-0.0
18/05/2031 05:00,-0.0
18/05/2031 06:00,-0.0
18/05/2031 07:00,-0.0
18/05/2031 08:00,-0.0
18/05/2031 09:00,149.16584274894396
18/05/2031 10:00,833.305553827842
18/05/2031 11:00,1172.1982502957428
18/05/2031 12:00,1551.860194436214
18/05/2031 13:00,926.9073150736195
18/05/2031 14:00,1317.5544161174585
18/05/2031 15:00,1400.1040005847944
18/05/2031 16:00,2379.989383282261
18/05/2031 17:00,1827.459587731682
18/05/2031 18:00,1301.0729313170727
18/05/2031 19:00,1672.3939956983256
18/05/2031 20:00,1240.2660219271713
18/05/2031 21:00,1371.0623542214182
18/05/2031 22:00,1130.0767105615116
18/05/2031 23:00,866.7771786066143
19/05/2031 00:00,2096.256866122393
19/05/2031 01:00,140.11643785444252
19/05/2031 02:00,-0.0
19/05/2031 03:00,1248.9324119530213
19/05/2031 04:00,-0.0
19/05/2031 05:00,939.1680556122435
19/05/2031 06:00,-0.0
19/05/2031 07:00,-0.0
19/05/2031 08:00,-0.0
19/05/2031 09:00,924.7616662166996
19/05/2031 10:00,1844.955982550548
19/05/2031 11:00,887.569535656608
19/05/2031 12:00,1341.2801805301838
19/05/2031 13:00,2713.7388778589852
19/05/2031 14:00,1592.1707775075681
19/05/2031 15:00,1500.5649876492348
19/05/2031 16:00,2661.911034792728
19/05/2031 17:00,2106.733061460968
19/05/2031 18:00,2810.8631558327024
19/05/2031 19:00,2196.1931136464445
19/05/2031 20:00,2118.8089613308334
19/05/2031 21:00,2214.0991794289707
19/05/2031 22:00,617.9446453530062
19/05/2031 23:00,630.965730088938
20/05/2031 00:00,5841.452596423242
20/05/2031 01:00,566.0995973321033
20/05/2031 02:00,545.6227568441338
20/05/2031 03:00,489.4698228593815
20/05/2031 04:00,375.6949427181918
20/05/2031 05:00,280.0542095789854
20/05/2031 06:00,233.14580783262898
20/05/2031 07:00,278.60720781786785
20/05/2031 08:00,580.9792151323292
20/05/2031 09:00,1538.1406429185674
20/05/2031 10:00,2391.7327910365925
20/05/2031 11:00,3088.2350258054767
20/05/2031 12:00,1779.9109341501457
20/05/2031 13:00,3630.4102907948254
20/05/2031 14:00,3753.507803972031
20/05/2031 15:00,3725.6808195714398
20/05/2031 16:00,3264.147435846167
20/05/2031 17:00,2534.5871498166834
20/05/2031 18:00,1497.1983105145798
20/05/2031 19:00,1016.1269917663378
20/05/2031 20:00,971.5382223289813
20/05/2031 21:00,1090.38091443136
20/05/2031 22:00,2610.8385935575793
20/05/2031 23:00,1576.8366096992609
21/05/2031 00:00,1188.3401887963216
21/05/2031 01:00,889.1805455325338
21/05/2031 02:00,582.814258075125
21/05/2031 03:00,393.49654148890744
21/05/2031 04:00,243.9145737482663
21/05/2031 05:00,73.4974761866013
21/05/2031 06:00,33.00430080935413
21/05/2031 07:00,166.8631256312196
21/05/2031 08:00,702.1602927809769
21/05/2031 09:00,-0.0
21/05/2031 10:00,2465.7854867027067
21/05/2031 11:00,2850.558557179406
21/05/2031 12:00,1730.1490769142515
21/05/2031 13:00,1968.017119954526
21/05/2031 14:00,3606.896845682198
21/05/2031 15:00,2226.4856412414815
21/05/2031 16:00,3553.805756397026
21/05/2031 17:00,2830.531915267698
21/05/2031 18:00,1751.0155521731474
21/05/2031 19:00,1065.0459989442575
21/05/2031 20:00,735.5237264624866
21/05/2031 21:00,511.4273084555988
21/05/2031 22:00,1227.6516925591402
21/05/2031 23:00,1724.93242479753
22/05/2031 00:00,1856.2956236500352
22/05/2031 01:00,435.4190074903901
22/05/2031 02:00,445.8073335037887
22/05/2031 03:00,461.70054222672957
22/05/2031 04:00,429.7203606664585
22/05/2031 05:00,83.91616741661431
22/05/2031 06:00,704.8125513996893
22/05/2031 07:00,542.254443836148
22/05/2031 08:00,166.5512783574179
22/05/2031 09:00,1096.8317871977235
22/05/2031 10:00,1874.2140242240084
22/05/2031 11:00,1364.5607167370715
22/05/2031 12:00,1949.2456898791058
22/05/2031 13:00,3904.596779906324
22/05/2031 14:00,2456.09110526802
22/05/2031 15:00,2328.3682386390756
22/05/2031 16:00,3680.837242667106
22/05/2031 17:00,3348.762305335148
22/05/2031 18:00,2790.0575892245483
22/05/2031 19:00,3669.5962219419193
22/05/2031 20:00,1806.8969194130052
22/05/2031 21:00,3309.9300046792696
22/05/2031 22:00,3304.3459875126714
22/05/2031 23:00,1823.5912887353516
23/05/2031 00:00,1837.3357436697631
23/05/2031 01:00,1984.8412983472488
23/05/2031 02:00,2142.095408900738
23/05/2031 03:00,2169.8611561902712
23/05/2031 04:00,1985.6413014858151
23/05/2031 05:00,1640.496370969588
23/05/2031 06:00,1356.9220006373303
23/05/2031 07:00,2859.925585311679
23/05/2031 08:00,2058.212494669679
23/05/2031 09:00,3332.8076412199416
23/05/2031 10:00,2993.738944260995
23/05/2031 11:00,4651.675494523585
23/05/2031 12:00,4134.327587325984
23/05/2031 13:00,4028.054120344137
23/05/2031 14:00,4141.192843711443
23/05/2031 15:00,3980.132433732041
23/05/2031 16:00,5030.004107647479
23/05/2031 17:00,4435.519439536616
23/05/2031 18:00,3572.896016775434
23/05/2031 19:00,3550.0052713661826
23/05/2031 20:00,4272.719727354471
23/05/2031 21:00,3745.3772366460357
23/05/2031 22:00,2315.324672498239
23/05/2031 23:00,2223.314269223275
24/05/2031 00:00,1878.1966899414117
24/05/2031 01:00,1812.6199583004934
24/05/2031 02:00,1673.5573106787
24/05/2031 03:00,1575.4428899480572
24/05/2031 04:00,1382.6046948052297
24/05/2031 05:00,2169.3290592741414
24/05/2031 06:00,2306.459750795551
24/05/2031 07:00,238.7398695518093
24/05/2031 08:00,877.5497710715783
24/05/2031 09:00,1603.983408751594
24/05/2031 10:00,929.683600047469
24/05/2031 11:00,954.8144010670198
24/05/2031 12:00,2647.25754072311
24/05/2031 13:00,2675.896267639276
24/05/2031 14:00,1046.2596001867805
24/05/2031 15:00,828.2930823705765
24/05/2031 16:00,1425.550824511917
24/05/2031 17:00,1329.6301559927583
24/05/2031 18:00,351.5830059813488
24/05/2031 19:00,-0.0
24/05/2031 20:00,992.7744739432198
24/05/2031 21:00,-0.0
24/05/2031 22:00,-0.0
24/05/2031 23:00,-0.0
25/05/2031 00:00,-0.0
25/05/2031 01:00,307.3607826220728
25/05/2031 02:00,-0.0
25/05/2031 03:00,1079.4517354455097
25/05/2031 04:00,-0.0
25/05/2031 05:00,-0.0
25/05/2031 06:00,-0.0
25/05/2031 07:00,731.9027009032365
25/05/2031 08:00,-0.0
25/05/2031 09:00,1157.2572376303503
25/05/2031 10:00,507.416593763913
25/05/2031 11:00,1178.4859190925692
25/05/2031 12:00,1498.671542855016
25/05/2031 13:00,2837.83347248683
25/05/2031 14:00,2686.0164781138346
25/05/2031 15:00,1007.4903771937712
25/05/2031 16:00,1837.7432216982886
25/05/2031 17:00,1107.7461929319907
25/05/2031 18:00,-0.0
25/05/2031 19:00,-0.0
25/05/2031 20:00,-0.0
25/05/2031 21:00,-0.0
25/05/2031 22:00,522.2595947908676
25/05/2031 23:00,-0.0
26/05/2031 00:00,640.2012633478278
26/05/2031 01:00,-0.0
26/05/2031 02:00,-0.0
26/05/2031 03:00,-0.0
26/05/2031 04:00,-0.0
26/05/2031 05:00,-0.0
26/05/2031 06:00,-0.0
26/05/2031 07:00,-0.0
26/05/2031 08:00,-0.0
26/05/2031 09:00,-0.0
26/05/2031 10:00,611.1664670687233
26/05/2031 11:00,1115.0737031097149
26/05/2031 12:00,1456.311696609134
26/05/2031 13:00,605.6118129891873
26/05/2031 14:00,983.388160924504
26/05/2031 15:00,947.2622504396182
26/05/2031 16:00,2180.473537055923
26/05/2031 17:00,1476.0667479276417
26/05/2031 18:00,2281.9048274090947
26/05/2031 19:00,1291.3948669495874
26/05/2031 20:00,1495.3292403411006
26/05/2031 21:00,1849.1504426240735
26/05/2031 22:00,845.7433010052622
26/05/2031 23:00,2091.415787119018
27/05/2031 00:00,5646.623227152124
27/05/2031 01:00,279.34917244336907
27/05/2031 02:00,358.52398894867395
27/05/2031 03:00,497.71217659390874
27/05/2031 04:00,589.5844814881624
27/05/2031 05:00,674.2111569907904
27/05/2031 06:00,764.1903667128014
27/05/2031 07:00,1039.4642789447284
27/05/2031 08:00,2061.582182785333
27/05/2031 09:00,2809.2688415248126
27/05/2031 10:00,2853.2061014477667
27/05/2031 11:00,3239.899890559237
27/05/2031 12:00,1853.884602604084
27/05/2031 13:00,2340.9408727146815
27/05/2031 14:00,2648.043304189867
27/05/2031 15:00,2812.2966751968524
27/05/2031 16:00,2134.7793892903173
27/05/2031 17:00,3529.4187352201734
27/05/2031 18:00,3202.1445192863544
27/05/2031 19:00,2917.355469638135
27/05/2031 20:00,3817.6253090319447
27/05/2031 21:00,3764.3796215317075
27/05/2031 22:00,3102.4434829449565
27/05/2031 23:00,2252.013609624142
28/05/2031 00:00,2046.4183638220657
28/05/2031 01:00,2068.9747477233905
28/05/2031 02:00,1976.7429916343488
28/05/2031 03:00,1787.313773541685
28/05/2031 04:00,1866.0540956150921
28/05/2031 05:00,1996.0626844165968
28/05/2031 06:00,1609.784535449342
28/05/2031 07:00,1052.8036803715718
28/05/2031 08:00,1595.861537591284
28/05/2031 09:00,2522.921380295655
28/05/2031 10:00,3277.5826347221832
28/05/2031 11:00,2182.07012369778
28/05/2031 12:00,1913.8810172667302
28/05/2031 13:00,2201.1607832597438
28/05/2031 14:00,2130.696205878448
28/05/2031 15:00,3377.9776853402527
28/05/2031 16:00,2879.0619488264906
28/05/2031 17:00,2270.3543395485713
28/05/2031 18:00,1518.024762867749
28/05/2031 19:00,698.1592166247318
28/05/2031 20:00,110.69726228072254
28/05/2031 21:00,-0.0
28/05/2031 22:00,-0.0
28/05/2031 23:00,-0.0
29/05/2031 00:00,-0.0
29/05/2031 01:00,-0.0
29/05/2031 02:00,-0.0
29/05/2031 03:00,-0.0
29/05/2031 04:00,-0.0
29/05/2031 05:00,-0.0
29/05/2031 06:00,-0.0
29/05/2031 07:00,-0.0
29/05/2031 08:00,-0.0
29/05/2031 09:00,-0.0
29/05/2031 10:00,-0.0
29/05/2031 11:00,208.56004040219062
29/05/2031 12:00,483.6073573304862
29/05/2031 13:00,707.9908539671072
29/05/2031 14:00,865.1343824943307
29/05/2031 15:00,769.36138492983
29/05/2031 16:00,393.155924584614
29/05/2031 17:00,30.631623615644177
29/05/2031 18:00,-0.0
29/05/2031 19:00,535.0224951169898
29/05/2031 20:00,316.07125554150974
29/05/2031 21:00,-0.0
29/05/2031 22:00,485.2628505352005
29/05/2031 23:00,-0.0
30/05/2031 00:00,-0.0
30/05/2031 01:00,-0.0
30/05/2031 02:00,-0.0
30/05/2031 03:00,-0.0
30/05/2031 04:00,-0.0
30/05/2031 05:00,-0.0
30/05/2031 06:00,23.026415813977597
30/05/2031 07:00,-0.0
30/05/2031 08:00,-0.0
30/05/2031 09:00,-0.0
30/05/2031 10:00,71.37719761050008
30/05/2031 11:00,276.6966522592352
30/05/2031 12:00,-0.0
30/05/2031 13:00,-0.0
30/05/2031 14:00,-0.0
30/05/2031 15:00,-0.0
30/05/2031 16:00,367.23741455155687
30/05/2031 17:00,454.90108994101377
30/05/2031 18:00,-0.0
30/05/2031 19:00,-0.0
30/05/2031 20:00,-0.0
30/05/2031 21:00,-0.0
30/05/2031 22:00,-0.0
30/05/2031 23:00,422.39011948186186
31/05/2031 00:00,-0.0
31/05/2031 01:00,-0.0
31/05/2031 02:00,-0.0
31/05/2031 03:00,-0.0
31/05/2031 04:00,-0.0
31/05/2031 05:00,280.0988052444811
31/05/2031 06:00,277.83237315404665
31/05/2031 07:00,192.1633924351322
31/05/2031 08:00,-0.0
31/05/2031 09:00,83.96160015010348
31/05/2031 10:00,595.7887487771462
31/05/2031 11:00,125.74719904174049
31/05/2031 12:00,-0.0
31/05/2031 13:00,-0.0
31/05/2031 14:00,-0.0
31/05/2031 15:00,482.196574617422
31/05/2031 16:00,860.472559352207
31/05/2031 17:00,628.2571690330288
31/05/2031 18:00,105.81748264441381
31/05/2031 19:00,-0.0
31/05/2031 20:00,-0.0
31/05/2031 21:00,154.17694394590924
31/05/2031 22:00,974.2882440609098
31/05/2031 23:00,407.19167757173574
01/06/2031 00:00,-0.0
01/06/2031 01:00,-0.0
01/06/2031 02:00,-0.0
01/06/2031 03:00,-0.0
01/06/2031 04:00,-0.0
01/06/2031 05:00,-0.0
01/06/2031 06:00,193.93040400480587
01/06/2031 07:00,200.67360896927462
01/06/2031 08:00,-0.0
01/06/2031 09:00,240.1061276932822
01/06/2031 10:00,216.39593670062064
01/06/2031 11:00,-0.0
01/06/2031 12:00,-0.0
01/06/2031 13:00,-0.0
01/06/2031 14:00,-0.0
01/06/2031 15:00,694.2399731319524
01/06/2031 16:00,692.8803660235802
01/06/2031 17:00,436.7218413574878
01/06/2031 18:00,350.26378219702184
01/06/2031 19:00,960.0406216052806
01/06/2031 20:00,841.5557823663072
01/06/2031 21:00,860.8996252661275
01/06/2031 22:00,-0.0
01/06/2031 23:00,-0.0
02/06/2031 00:00,-0.0
02/06/2031 01:00,-0.0
02/06/2031 02:00,-0.0
02/06/2031 03:00,-0.0
02/06/2031 04:00,-0.0
02/06/2031 05:00,-0.0
02/06/2031 06:00,-0.0
02/06/2031 07:00,-0.0
02/06/2031 08:00,-0.0
02/06/2031 09:00,142.43531870972006
02/06/2031 10:00,587.6088341045989
02/06/2031 11:00,-0.0
02/06/2031 12:00,105.23780589397592
02/06/2031 13:00,-0.0
02/06/2031 14:00,423.57760470065875
02/06/2031 15:00,780.9792742494927
02/06/2031 16:00,1859.828983775689
02/06/2031 17:00,1372.4367686548278
02/06/2031 18:00,816.6314205857578
02/06/2031 19:00,1582.8061362410567
02/06/2031 20:00,-0.0
02/06/2031 21:00,1066.0658839884684
02/06/2031 22:00,990.371398974476
02/06/2031 23:00,856.2684730069799
03/06/2031 00:00,-0.0
03/06/2031 01:00,-0.0
03/06/2031 02:00,-0.0
03/06/2031 03:00,-0.0
03/06/2031 04:00,-0.0
03/06/2031 05:00,-0.0
03/06/2031 06:00,-0.0
03/06/2031 07:00,-0.0
03/06/2031 08:00,-0.0
03/06/2031 09:00,648.1711117106831
03/06/2031 10:00,1406.3232558347224
03/06/2031 11:00,630.721295258175
03/06/2031 12:00,698.3814786362232
03/06/2031 13:00,2016.3801366960186
03/06/2031 14:00,1159.5908268965397
03/06/2031 15:00,1136.1358378335901
03/06/2031 16:00,2555.7214588685347
03/06/2031 17:00,2158.418793990684
03/06/2031 18:00,1456.7941252142284
03/06/2031 19:00,2323.5926929357547
03/06/2031 20:00,1076.4638345868163
03/06/2031 21:00,1263.136540513532
03/06/2031 22:00,408.6267829775014
03/06/2031 23:00,-0.0
04/06/2031 00:00,-0.0
04/06/2031 01:00,-0.0
04/06/2031 02:00,-0.0
04/06/2031 03:00,-0.0
04/06/2031 04:00,-0.0
04/06/2031 05:00,-0.0
04/06/2031 06:00,71.03732592092246
04/06/2031 07:00,-0.0
04/06/2031 08:00,161.39176046268838
04/06/2031 09:00,1033.9634174786759
04/06/2031 10:00,238.52875505495183
04/06/2031 11:00,760.0917610653021
04/06/2031 12:00,2416.3554158900793
04/06/2031 13:00,1085.6312987013769
04/06/2031 14:00,2787.908060061924
04/06/2031 15:00,1064.1428405992917
04/06/2031 16:00,2033.6489964951425
04/06/2031 17:00,1422.9957619785641
04/06/2031 18:00,571.8833470026251
04/06/2031 19:00,-0.0
04/06/2031 20:00,991.7160085975559
04/06/2031 21:00,689.0744126746046
04/06/2031 22:00,-0.0
04/06/2031 23:00,-0.0
05/06/2031 00:00,-0.0
05/06/2031 01:00,-0.0
05/06/2031 02:00,-0.0
05/06/2031 03:00,-0.0
05/06/2031 04:00,-0.0
05/06/2031 05:00,-0.0
05/06/2031 06:00,109.12616141515959
05/06/2031 07:00,59.65998806281589
05/06/2031 08:00,-0.0
05/06/2031 09:00,634.1196743292985
05/06/2031 10:00,1548.7037613377686
05/06/2031 11:00,1795.0303522444847
05/06/2031 12:00,947.6374568333412
05/06/2031 13:00,1784.8628174772111
05/06/2031 14:00,848.38784959637
05/06/2031 15:00,527.0505695025291
05/06/2031 16:00,977.6609253695896
05/06/2031 17:00,976.0958479800233
05/06/2031 18:00,227.6314608514966
05/06/2031 19:00,-0.0
05/06/2031 20:00,658.5766710051903
05/06/2031 21:00,-0.0
05/06/2031 22:00,-0.0
05/06/2031 23:00,465.7646920879993
06/06/2031 00:00,-0.0
06/06/2031 01:00,-0.0
06/06/2031 02:00,-0.0
06/06/2031 03:00,-0.0
06/06/2031 04:00,-0.0
06/06/2031 05:00,369.36902026108567
06/06/2031 06:00,-0.0
06/06/2031 07:00,157.54625977463493
06/06/2031 08:00,-0.0
06/06/2031 09:00,-0.0
06/06/2031 10:00,364.9387676255599
06/06/2031 11:00,-0.0
06/06/2031 12:00,1564.1451675336405
06/06/2031 13:00,31.97987558475585
06/06/2031 14:00,365.2743007758632
06/06/2031 15:00,434.21116863226166
06/06/2031 16:00,1422.5341991491653
06/06/2031 17:00,1311.9838028086888
06/06/2031 18:00,955.6291461504112
06/06/2031 19:00,1228.7792662158238
06/06/2031 20:00,2022.4966032401219
06/06/2031 21:00,1812.2111415651407
06/06/2031 22:00,-0.0
06/06/2031 23:00,892.9659939029383
07/06/2031 00:00,-0.0
07/06/2031 01:00,-0.0
07/06/2031 02:00,-0.0
07/06/2031 03:00,-0.0
07/06/2031 04:00,-0.0
07/06/2031 05:00,787.9035673127283
07/06/2031 06:00,-0.0
07/06/2031 07:00,-0.0
07/06/2031 08:00,-0.0
07/06/2031 09:00,417.51765103116327
07/06/2031 10:00,269.04100054430756
07/06/2031 11:00,137.6565808696414
07/06/2031 12:00,432.25206213371774
07/06/2031 13:00,2255.7592169975974
07/06/2031 14:00,680.1004473736484
07/06/2031 15:00,2084.62499232857
07/06/2031 16:00,742.5525100955629
07/06/2031 17:00,1154.628089540977
07/06/2031 18:00,445.5935067832082
07/06/2031 19:00,1425.9629840524099
07/06/2031 20:00,-0.0
07/06/2031 21:00,-0.0
07/06/2031 22:00,1027.7784881340056
07/06/2031 23:00,373.9629764351801
08/06/2031 00:00,-0.0
08/06/2031 01:00,-0.0
08/06/2031 02:00,-0.0
08/06/2031 03:00,-0.0
08/06/2031 04:00,-0.0
08/06/2031 05:00,-0.0
08/06/2031 06:00,351.9171814214841
08/06/2031 07:00,264.34166167588023
08/06/2031 08:00,-0.0
08/06/2031 09:00,308.9237956684626
08/06/2031 10:00,360.6594204220519
08/06/2031 11:00,43.16518573322764
08/06/2031 12:00,1885.6924549762987
08/06/2031 13:00,357.3260019611931
08/06/2031 14:00,579.045419632082
08/06/2031 15:00,993.8238294862323
08/06/2031 16:00,1641.9959091880833
08/06/2031 17:00,1144.9152362686682
08/06/2031 18:00,425.3067978547212
08/06/2031 19:00,1445.0054624450547
08/06/2031 20:00,1073.3391954667031
08/06/2031 21:00,-0.0
08/06/2031 22:00,-0.0
08/06/2031 23:00,-0.0
09/06/2031 00:00,193.27149230268938
09/06/2031 01:00,-0.0
09/06/2031 02:00,-0.0
09/06/2031 03:00,-0.0
09/06/2031 04:00,-0.0
09/06/2031 05:00,-0.0
09/06/2031 06:00,157.54262707453657
09/06/2031 07:00,-0.0
09/06/2031 08:00,-0.0
09/06/2031 09:00,210.64677843149488
09/06/2031 10:00,1077.760663064815
09/06/2031 11:00,68.54710950797501
09/06/2031 12:00,494.1876829004205
09/06/2031 13:00,837.2839291822382
09/06/2031 14:00,2636.6663753831053
09/06/2031 15:00,1025.9172396313106
09/06/2031 16:00,1912.8987209482677
09/06/2031 17:00,1503.0706544231311
09/06/2031 18:00,707.5393850011644
09/06/2031 19:00,93.6608721759109
09/06/2031 20:00,1451.492484728802
09/06/2031 21:00,1289.208274008342
09/06/2031 22:00,880.5217181838525
09/06/2031 23:00,715.5401173734876
10/06/2031 00:00,-0.0
10/06/2031 01:00,-0.0
10/06/2031 02:00,-0.0
10/06/2031 03:00,-0.0
10/06/2031 04:00,-0.0
10/06/2031 05:00,-0.0
10/06/2031 06:00,-0.0
10/06/2031 07:00,-0.0
10/06/2031 08:00,-0.0
10/06/2031 09:00,569.0488739326271
10/06/2031 10:00,145.17633618756926
10/06/2031 11:00,1464.166467744616
10/06/2031 12:00,615.4928930732821
10/06/2031 13:00,2389.030897238476
10/06/2031 14:00,1775.2794745358217
10/06/2031 15:00,2740.5041061546867
10/06/2031 16:00,1140.1749224090208
10/06/2031 17:00,1611.0274739964575
10/06/2031 18:00,1379.9145781665231
10/06/2031 19:00,569.3779063564051
10/06/2031 20:00,70.56031709398091
10/06/2031 21:00,-0.0
10/06/2031 22:00,-0.0
10/06/2031 23:00,1346.8076397167529
11/06/2031 00:00,-0.0
11/06/2031 01:00,-0.0
11/06/2031 02:00,1248.4719060815728
11/06/2031 03:00,612.6372364015631
11/06/2031 04:00,-0.0
11/06/2031 05:00,-0.0
11/06/2031 06:00,1055.8009984956523
11/06/2031 07:00,-0.0
11/06/2031 08:00,221.6596587351758
11/06/2031 09:00,618.2820801652693
11/06/2031 10:00,1614.4860247224656
11/06/2031 11:00,1973.3966827225775
11/06/2031 12:00,923.1916248563074
11/06/2031 13:00,1413.6295794537073
11/06/2031 14:00,2097.1497357518747
11/06/2031 15:00,2677.5680970180438
11/06/2031 16:00,3456.8173622102827
11/06/2031 17:00,3441.6449903715434
11/06/2031 18:00,2793.036444023523
11/06/2031 19:00,1951.2167004329956
11/06/2031 20:00,1431.750519559422
11/06/2031 21:00,1943.6764268964887
11/06/2031 22:00,1236.6976725710879
11/06/2031 23:00,341.02321890701455
12/06/2031 00:00,-0.0
12/06/2031 01:00,-0.0
12/06/2031 02:00,-0.0
12/06/2031 03:00,-0.0
12/06/2031 04:00,-0.0
12/06/2031 05:00,970.6819818056953
12/06/2031 06:00,656.3863174853536
12/06/2031 07:00,478.906426297072
12/06/2031 08:00,563.115302005557
12/06/2031 09:00,303.2380682897383
12/06/2031 10:00,918.4194706184741
12/06/2031 11:00,-0.0
12/06/2031 12:00,-0.0
12/06/2031 13:00,1615.3632233494163
12/06/2031 14:00,1369.3276273475046
12/06/2031 15:00,-0.0
12/06/2031 16:00,42.94023373663802
12/06/2031 17:00,1422.7733942657596
12/06/2031 18:00,1215.517071285926
12/06/2031 19:00,1725.1734634185739
12/06/2031 20:00,2074.24946223555
12/06/2031 21:00,2142.3836541428236
12/06/2031 22:00,1073.178034609748
12/06/2031 23:00,824.4495545736506
13/06/2031 00:00,981.2463289303696
13/06/2031 01:00,1123.0337441849204
13/06/2031 02:00,1178.089993845258
13/06/2031 03:00,1152.1368580980263
13/06/2031 04:00,1096.261764148343
13/06/2031 05:00,878.471467908764
13/06/2031 06:00,1511.833194127655
13/06/2031 07:00,1151.2146976282115
13/06/2031 08:00,410.9317827566116
13/06/2031 09:00,1339.2931145112998
13/06/2031 10:00,1509.1570561551255
13/06/2031 11:00,1195.3999354704913
13/06/2031 12:00,393.39052339802384
13/06/2031 13:00,405.0299662793906
13/06/2031 14:00,544.638942182414
13/06/2031 15:00,413.6621265006479
13/06/2031 16:00,2113.832503188341
13/06/2031 17:00,1753.726894091072
13/06/2031 18:00,817.1547058275913
13/06/2031 19:00,-0.0
13/06/2031 20:00,-0.0
13/06/2031 21:00,489.52339026099725
13/06/2031 22:00,-0.0
13/06/2031 23:00,-0.0
14/06/2031 00:00,1465.5407422641806
14/06/2031 01:00,-0.0
14/06/2031 02:00,1396.5105942958653
14/06/2031 03:00,-0.0
14/06/2031 04:00,-0.0
14/06/2031 05:00,-0.0
14/06/2031 06:00,359.8159322109336
14/06/2031 07:00,332.6477919986269
14/06/2031 08:00,-0.0
14/06/2031 09:00,419.35324485481533
14/06/2031 10:00,1028.8351673857119
14/06/2031 11:00,1178.8765295121677
14/06/2031 12:00,195.85753241752977
14/06/2031 13:00,485.19248837244663
14/06/2031 14:00,802.7019648987663
14/06/2031 15:00,793.4235735328355
14/06/2031 16:00,2252.358926133402
14/06/2031 17:00,1852.104547476717
14/06/2031 18:00,2873.279079929608
14/06/2031 19:00,547.2332391457886
14/06/2031 20:00,657.2434461285857
14/06/2031 21:00,1939.7143467532642
14/06/2031 22:00,1662.016823493689
14/06/2031 23:00,162.62652534976698
15/06/2031 00:00,1657.1956663730632
15/06/2031 01:00,-0.0
15/06/2031 02:00,-0.0
15/06/2031 03:00,-0.0
15/06/2031 04:00,-0.0
15/06/2031 05:00,-0.0
15/06/2031 06:00,-0.0
15/06/2031 07:00,-0.0
15/06/2031 08:00,-0.0
15/06/2031 09:00,387.93491766366856
15/06/2031 10:00,1249.2646514195999
15/06/2031 11:00,980.1159769514974
15/06/2031 12:00,346.85125014603375
15/06/2031 13:00,410.1235718113015
15/06/2031 14:00,358.543953775272
15/06/2031 15:00,442.932399901094
15/06/2031 16:00,1135.1319640768188
15/06/2031 17:00,480.5652414373019
15/06/2031 18:00,-0.0
15/06/2031 19:00,-0.0
15/06/2031 20:00,462.98491495225375
15/06/2031 21:00,1005.1834501812962
15/06/2031 22:00,1139.2488292637597
15/06/2031 23:00,81.76190255837085
16/06/2031 00:00,-0.0
16/06/2031 01:00,36.65358841839175
16/06/2031 02:00,56.11600718988946
16/06/2031 03:00,-0.0
16/06/2031 04:00,1547.4181053165792
16/06/2031 05:00,-0.0
16/06/2031 06:00,-0.0
16/06/2031 07:00,-0.0
16/06/2031 08:00,133.5845737364929
16/06/2031 09:00,846.0359324282339
16/06/2031 10:00,1119.6051688574792
16/06/2031 11:00,1168.138746866791
16/06/2031 12:00,785.0069168421296
16/06/2031 13:00,859.4209808281067
16/06/2031 14:00,1216.8563789027212
16/06/2031 15:00,1315.9055204543567
16/06/2031 16:00,2012.529112552761
16/06/2031 17:00,945.4642364480186
16/06/2031 18:00,-0.0
16/06/2031 19:00,203.29588570098818
16/06/2031 20:00,-0.0
16/06/2031 21:00,-0.0
16/06/2031 22:00,131.42311610127246
16/06/2031 23:00,282.9438868530999
17/06/2031 00:00,6168.518886886085
17/06/2031 01:00,-0.0
17/06/2031 02:00,-0.0
17/06/2031 03:00,-0.0
17/06/2031 04:00,-0.0
17/06/2031 05:00,-0.0
17/06/2031 06:00,-0.0
17/06/2031 07:00,-0.0
17/06/2031 08:00,-0.0
17/06/2031 09:00,485.09837027059467
17/06/2031 10:00,1275.1012136745678
17/06/2031 11:00,2513.725543649698
17/06/2031 12:00,3768.224168181325
17/06/2031 13:00,3134.83892928903
17/06/2031 14:00,2764.6124347426153
17/06/2031 15:00,2907.9252984239442
17/06/2031 16:00,3207.6015641537824
17/06/2031 17:00,3806.73948991588
17/06/2031 18:00,2609.5021733006397
17/06/2031 19:00,1434.1554730046817
17/06/2031 20:00,692.4131060870046
17/06/2031 21:00,1627.1862076374314
17/06/2031 22:00,526.3176657601533
17/06/2031 23:00,1091.7844536773823
18/06/2031 00:00,773.8208494006019
18/06/2031 01:00,-0.0
18/06/2031 02:00,66.38027964396876
18/06/2031 03:00,139.39528293647106
18/06/2031 04:00,257.3758684004268
18/06/2031 05:00,434.99381350060617
18/06/2031 06:00,225.31604553137373
18/06/2031 07:00,547.9900742534529
18/06/2031 08:00,1163.3324977745233
18/06/2031 09:00,1290.4747739480222
18/06/2031 10:00,2168.4619527792297
18/06/2031 11:00,1715.9848488612806
18/06/2031 12:00,1332.217653422615
18/06/2031 13:00,1463.239709566755
18/06/2031 14:00,1813.9383636244306
18/06/2031 15:00,2151.053929040508
18/06/2031 16:00,2974.0108854360747
18/06/2031 17:00,2232.7979317389977
18/06/2031 18:00,1292.5804476531268
18/06/2031 19:00,2327.798719715346
18/06/2031 20:00,2518.0906275331827
18/06/2031 21:00,1036.1514188422086
18/06/2031 22:00,2492.5524799324535
18/06/2031 23:00,1002.9466892050547
19/06/2031 00:00,2385.784446686004
19/06/2031 01:00,485.1224892849004
19/06/2031 02:00,312.1829726398538
19/06/2031 03:00,213.82605630009766
19/06/2031 04:00,19.047896284349495
19/06/2031 05:00,-0.0
19/06/2031 06:00,-0.0
19/06/2031 07:00,-0.0
19/06/2031 08:00,-0.0
19/06/2031 09:00,49.65081246495292
19/06/2031 10:00,805.1966546061042
19/06/2031 11:00,977.4833401602682
19/06/2031 12:00,162.53525587421518
19/06/2031 13:00,359.0781669419679
19/06/2031 14:00,378.8325136231285
19/06/2031 15:00,1142.0314818334923
19/06/2031 16:00,489.4703026143677
19/06/2031 17:00,1130.8462495371664
19/06/2031 18:00,743.6263170403408
19/06/2031 19:00,1256.5979458112968
19/06/2031 20:00,1514.1278242776386
19/06/2031 21:00,-0.0
19/06/2031 22:00,-0.0
19/06/2031 23:00,1007.554840677557
20/06/2031 00:00,292.3011983836632
20/06/2031 01:00,-0.0
20/06/2031 02:00,-0.0
20/06/2031 03:00,-0.0
20/06/2031 04:00,-0.0
20/06/2031 05:00,-0.0
20/06/2031 06:00,-0.0
20/06/2031 07:00,-0.0
20/06/2031 08:00,-0.0
20/06/2031 09:00,-0.0
20/06/2031 10:00,616.5866548520058
20/06/2031 11:00,1362.4857191577848
20/06/2031 12:00,424.7748621243071
20/06/2031 13:00,856.463941358679
20/06/2031 14:00,1903.045709748207
20/06/2031 15:00,937.7951791806224
20/06/2031 16:00,1136.6083888742828
20/06/2031 17:00,1551.4623429319615
20/06/2031 18:00,791.7343053588235
20/06/2031 19:00,39.215343287379156
20/06/2031 20:00,-0.0
20/06/2031 21:00,-0.0
20/06/2031 22:00,-0.0
20/06/2031 23:00,877.7080191396541
21/06/2031 00:00,-0.0
21/06/2031 01:00,-0.0
21/06/2031 02:00,-0.0
21/06/2031 03:00,-0.0
21/06/2031 04:00,-0.0
21/06/2031 05:00,109.05165202003548
21/06/2031 06:00,186.711435761351
21/06/2031 07:00,205.5144613892805
21/06/2031 08:00,-0.0
21/06/2031 09:00,-0.0
21/06/2031 10:00,113.04561968305734
21/06/2031 11:00,938.8719111743692
21/06/2031 12:00,294.69425211562196
21/06/2031 13:00,557.1904568683422
21/06/2031 14:00,1089.2723456488243
21/06/2031 15:00,1524.170132967762
21/06/2031 16:00,2436.56148039333
21/06/2031 17:00,2613.2550670085
21/06/2031 18:00,1838.3647031107646
21/06/2031 19:00,1608.8327625327397
21/06/2031 20:00,770.9321942197176
21/06/2031 21:00,1559.2878864584725
21/06/2031 22:00,56.99284475123712
21/06/2031 23:00,1714.3362113031685
22/06/2031 00:00,668.5064363865474
22/06/2031 01:00,510.0046132436285
22/06/2031 02:00,811.588050739613
22/06/2031 03:00,978.1128908002238
22/06/2031 04:00,1448.2549893320415
22/06/2031 05:00,2358.6945398147204
22/06/2031 06:00,719.8151817241734
22/06/2031 07:00,637.7509401993591
22/06/2031 08:00,1126.1349461830034
22/06/2031 09:00,884.6415860411234
22/06/2031 10:00,608.8075701217166
22/06/2031 11:00,-0.0
22/06/2031 12:00,-0.0
22/06/2031 13:00,1124.5141880295703
22/06/2031 14:00,1033.6405272683514
22/06/2031 15:00,811.42652073081
22/06/2031 16:00,1724.95539077575
22/06/2031 17:00,1207.4384609005347
22/06/2031 18:00,521.7350559263898
22/06/2031 19:00,-0.0
22/06/2031 20:00,552.1126018435641
22/06/2031 21:00,-0.0
22/06/2031 22:00,-0.0
22/06/2031 23:00,1151.2793058962186
23/06/2031 00:00,-0.0
23/06/2031 01:00,-0.0
23/06/2031 02:00,-0.0
23/06/2031 03:00,-0.0
23/06/2031 04:00,-0.0
23/06/2031 05:00,-0.0
23/06/2031 06:00,640.014219078361
23/06/2031 07:00,-0.0
23/06/2031 08:00,1154.9529912046546
23/06/2031 09:00,297.37052784508916
23/06/2031 10:00,-0.0
23/06/2031 11:00,1243.398489151944
23/06/2031 12:00,1058.5981045726385
23/06/2031 13:00,333.6658031447039
23/06/2031 14:00,576.2610882831501
23/06/2031 15:00,555.5183401666349
23/06/2031 16:00,1914.2324599713004
23/06/2031 17:00,2060.6102335940996
23/06/2031 18:00,1132.6240304118535
23/06/2031 19:00,1150.7743463454403
23/06/2031 20:00,-0.0
23/06/2031 21:00,111.61915659448418
23/06/2031 22:00,1535.4088504192698
23/06/2031 23:00,1593.806576564821
24/06/2031 00:00,641.4575497329748
24/06/2031 01:00,-0.0
24/06/2031 02:00,-0.0
24/06/2031 03:00,-0.0
24/06/2031 04:00,-0.0
24/06/2031 05:00,-0.0
24/06/2031 06:00,-0.0
24/06/2031 07:00,-0.0
24/06/2031 08:00,-0.0
24/06/2031 09:00,666.9620240080999
24/06/2031 10:00,1423.4830611680138
24/06/2031 11:00,1915.316219354192
24/06/2031 12:00,1068.0518547932918
24/06/2031 13:00,855.3408341565752
24/06/2031 14:00,776.215101659414
24/06/2031 15:00,1313.081724144429
24/06/2031 16:00,2214.2620161914683
24/06/2031 17:00,3112.600236604189
24/06/2031 18:00,2137.9792351501196
24/06/2031 19:00,1246.2066026065613
24/06/2031 20:00,605.1570783222003
24/06/2031 21:00,1383.3004146566857
24/06/2031 22:00,1329.8094782957503
24/06/2031 23:00,1238.9059939734427
25/06/2031 00:00,-0.0
25/06/2031 01:00,-0.0
25/06/2031 02:00,8.547721350081188
25/06/2031 03:00,842.0076074046274
25/06/2031 04:00,7.93602824389594
25/06/2031 05:00,-0.0
25/06/2031 06:00,327.7871657637817
25/06/2031 07:00,280.38562850891935
25/06/2031 08:00,714.5756183192548
25/06/2031 09:00,1309.0455699409868
25/06/2031 10:00,1670.1906191545872
25/06/2031 11:00,1118.776904909427
25/06/2031 12:00,1582.7201773970567
25/06/2031 13:00,1838.6026981717218
25/06/2031 14:00,2595.572786077634
25/06/2031 15:00,4182.477465119435
25/06/2031 16:00,3753.1015352946947
25/06/2031 17:00,2996.953155757284
25/06/2031 18:00,1705.7118857233302
25/06/2031 19:00,541.8561091449691
25/06/2031 20:00,-0.0
25/06/2031 21:00,257.4153583044049
25/06/2031 22:00,637.1132108313151
25/06/2031 23:00,-0.0
26/06/2031 00:00,-0.0
26/06/2031 01:00,-0.0
26/06/2031 02:00,-0.0
26/06/2031 03:00,-0.0
26/06/2031 04:00,-0.0
26/06/2031 05:00,-0.0
26/06/2031 06:00,-0.0
26/06/2031 07:00,-0.0
26/06/2031 08:00,-0.0
26/06/2031 09:00,-0.0
26/06/2031 10:00,573.8303554180651
26/06/2031 11:00,996.0106576713114
26/06/2031 12:00,1015.1842614553813
26/06/2031 13:00,565.7349412177834
26/06/2031 14:00,158.22077124942447
26/06/2031 15:00,387.0741192382421
26/06/2031 16:00,1492.3958459142216
26/06/2031 17:00,1067.1189065996575
26/06/2031 18:00,-0.0
26/06/2031 19:00,1364.297094355974
26/06/2031 20:00,500.42116905412354
26/06/2031 21:00,-0.0
26/06/2031 22:00,-0.0
26/06/2031 23:00,-0.0
27/06/2031 00:00,90.03737807797133
27/06/2031 01:00,-0.0
27/06/2031 02:00,-0.0
27/06/2031 03:00,-0.0
27/06/2031 04:00,-0.0
27/06/2031 05:00,601.1056610201883
27/06/2031 06:00,-0.0
27/06/2031 07:00,-0.0
27/06/2031 08:00,-0.0
27/06/2031 09:00,80.82881063107469
27/06/2031 10:00,778.3352528032768
27/06/2031 11:00,1351.58971419889
27/06/2031 12:00,52.380080159468115
27/06/2031 13:00,216.33065726020757
27/06/2031 14:00,1907.6353689561151
27/06/2031 15:00,206.07555993503001
27/06/2031 16:00,866.8782908163778
27/06/2031 17:00,-0.0
27/06/2031 18:00,-0.0
27/06/2031 19:00,528.5154827680843
27/06/2031 20:00,644.8746128758082
27/06/2031 21:00,768.3273934912019
27/06/2031 22:00,208.55663756304457
27/06/2031 23:00,-0.0
28/06/2031 00:00,-0.0
28/06/2031 01:00,-0.0
28/06/2031 02:00,-0.0
28/06/2031 03:00,-0.0
28/06/2031 04:00,-0.0
28/06/2031 05:00,-0.0
28/06/2031 06:00,-0.0
28/06/2031 07:00,-0.0
28/06/2031 08:00,-0.0
28/06/2031 09:00,-0.0
28/06/2031 10:00,35.010554330138234
28/06/2031 11:00,1145.8491304823617
28/06/2031 12:00,-0.0
28/06/2031 13:00,1538.4753682574915
28/06/2031 14:00,293.7611488843806
28/06/2031 15:00,27.06212999197355
28/06/2031 16:00,1388.9526467305525
28/06/2031 17:00,1035.5194133071177
28/06/2031 18:00,2158.1747669311385
28/06/2031 19:00,154.35640127586896
28/06/2031 20:00,371.97663259312935
28/06/2031 21:00,424.93454616508325
28/06/2031 22:00,393.442486176022
28/06/2031 23:00,210.57898027229044
29/06/2031 00:00,172.68451418376688
29/06/2031 01:00,165.19522731851245
29/06/2031 02:00,1102.0478420130187
29/06/2031 03:00,992.9488287078731
29/06/2031 04:00,1054.2194787034466
29/06/2031 05:00,-0.0
29/06/2031 06:00,-0.0
29/06/2031 07:00,489.4842648620249
29/06/2031 08:00,-0.0
29/06/2031 09:00,229.54806825008157
29/06/2031 10:00,747.0190633057986
29/06/2031 11:00,45.42843566551269
29/06/2031 12:00,393.29892376657557
29/06/2031 13:00,2224.9371067587713
29/06/2031 14:00,740.6153351542648
29/06/2031 15:00,504.72022597051665
29/06/2031 16:00,1699.7602555763992
29/06/2031 17:00,1064.9790896422146
29/06/2031 18:00,1921.237814955023
29/06/2031 19:00,-0.0
29/06/2031 20:00,566.7255518895554
29/06/2031 21:00,-0.0
29/06/2031 22:00,-0.0
29/06/2031 23:00,-0.0
30/06/2031 00:00,-0.0
30/06/2031 01:00,-0.0
30/06/2031 02:00,928.5542100587782
30/06/2031 03:00,-0.0
30/06/2031 04:00,-0.0
30/06/2031 05:00,-0.0
30/06/2031 06:00,-0.0
30/06/2031 07:00,192.17741268114574
30/06/2031 08:00,-0.0
30/06/2031 09:00,-0.0
30/06/2031 10:00,-0.0
30/06/2031 11:00,1335.3135236661851
30/06/2031 12:00,23.801245342649953
30/06/2031 13:00,196.14089564385876
30/06/2031 14:00,202.49672473856089
30/06/2031 15:00,1575.4005384517122
30/06/2031 16:00,1059.6226256326174
30/06/2031 17:00,-0.0
30/06/2031 18:00,1062.21401458469
30/06/2031 19:00,364.6116362478062
30/06/2031 20:00,-0.0
30/06/2031 21:00,-0.0
30/06/2031 22:00,-0.0
30/06/2031 23:00,-0.0
01/07/2031 00:00,1501.2490654157718
01/07/2031 01:00,-0.0
01/07/2031 02:00,-0.0
01/07/2031 03:00,-0.0
01/07/2031 04:00,-0.0
01/07/2031 05:00,-0.0
01/07/2031 06:00,-0.0
01/07/2031 07:00,-0.0
01/07/2031 08:00,-0.0
01/07/2031 09:00,541.063814653405
01/07/2031 10:00,1454.408397348728
01/07/2031 11:00,2303.6715004093608
01/07/2031 12:00,2702.7398675756344
01/07/2031 13:00,2397.3831120960544
01/07/2031 14:00,2870.8814389205536
01/07/2031 15:00,2563.7390653091607
01/07/2031 16:00,1655.6563875828012
01/07/2031 17:00,1882.7738077512804
01/07/2031 18:00,283.1071408748031
01/07/2031 19:00,131.47146502049452
01/07/2031 20:00,-0.0
01/07/2031 21:00,-0.0
01/07/2031 22:00,-0.0
01/07/2031 23:00,-0.0
02/07/2031 00:00,-0.0
02/07/2031 01:00,-0.0
02/07/2031 02:00,-0.0
02/07/2031 03:00,-0.0
02/07/2031 04:00,-0.0
02/07/2031 05:00,-0.0
02/07/2031 06:00,-0.0
02/07/2031 07:00,-0.0
02/07/2031 08:00,-0.0
02/07/2031 09:00,1014.3156237155353
02/07/2031 10:00,2589.8160447768737
02/07/2031 11:00,1717.2634050906638
02/07/2031 12:00,3057.3188821242857
02/07/2031 13:00,2363.179812987711
02/07/2031 14:00,2615.4101813672673
02/07/2031 15:00,4366.108818753993
02/07/2031 16:00,2994.2004610752992
02/07/2031 17:00,4671.647438138013
02/07/2031 18:00,3973.001750910447
02/07/2031 19:00,3100.562468541561
02/07/2031 20:00,2369.142245661549
02/07/2031 21:00,1867.6230390302685
02/07/2031 22:00,956.4345228680722
02/07/2031 23:00,729.6403264442475
03/07/2031 00:00,399.46388138250603
03/07/2031 01:00,343.46572631691856
03/07/2031 02:00,414.02220238663136
03/07/2031 03:00,323.4348918519545
03/07/2031 04:00,192.8845372413148
03/07/2031 05:00,27.374021872156778
03/07/2031 06:00,910.6077678204085
03/07/2031 07:00,1096.2065758475605
03/07/2031 08:00,294.4362739269294
03/07/2031 09:00,-0.0
03/07/2031 10:00,-0.0
03/07/2031 11:00,1197.9237819198697
03/07/2031 12:00,271.31007566928156
03/07/2031 13:00,1269.5984934267874
03/07/2031 14:00,1598.487282827081
03/07/2031 15:00,1615.3267111246055
03/07/2031 16:00,1810.3358908323444
03/07/2031 17:00,1407.56708693491
03/07/2031 18:00,1835.4011076566628
03/07/2031 19:00,326.95082089855714
03/07/2031 20:00,168.96209378857145
03/07/2031 21:00,1713.1761241160286
03/07/2031 22:00,1159.9274898456783
03/07/2031 23:00,926.9358313489001
04/07/2031 00:00,-0.0
04/07/2031 01:00,-0.0
04/07/2031 02:00,-0.0
04/07/2031 03:00,-0.0
04/07/2031 04:00,-0.0
04/07/2031 05:00,-0.0
04/07/2031 06:00,-0.0
04/07/2031 07:00,-0.0
04/07/2031 08:00,-0.0
04/07/2031 09:00,-0.0
04/07/2031 10:00,-0.0
04/07/2031 11:00,-0.0
04/07/2031 12:00,-0.0
04/07/2031 13:00,-0.0
04/07/2031 14:00,-0.0
04/07/2031 15:00,-0.0
04/07/2031 16:00,797.0215082449895
04/07/2031 17:00,288.17813231761176
04/07/2031 18:00,-0.0
04/07/2031 19:00,-0.0
04/07/2031 20:00,-0.0
04/07/2031 21:00,-0.0
04/07/2031 22:00,-0.0
04/07/2031 23:00,-0.0
05/07/2031 00:00,-0.0
05/07/2031 01:00,-0.0
05/07/2031 02:00,-0.0
05/07/2031 03:00,-0.0
05/07/2031 04:00,-0.0
05/07/2031 05:00,-0.0
05/07/2031 06:00,-0.0
05/07/2031 07:00,-0.0
05/07/2031 08:00,-0.0
05/07/2031 09:00,-0.0
05/07/2031 10:00,-0.0
05/07/2031 11:00,823.504157916706
05/07/2031 12:00,-0.0
05/07/2031 13:00,594.7603960097102
05/07/2031 14:00,-0.0
05/07/2031 15:00,965.8691656502025
05/07/2031 16:00,-0.0
05/07/2031 17:00,-0.0
05/07/2031 18:00,-0.0
05/07/2031 19:00,-0.0
05/07/2031 20:00,-0.0
05/07/2031 21:00,-0.0
05/07/2031 22:00,-0.0
05/07/2031 23:00,-0.0
06/07/2031 00:00,-0.0
06/07/2031 01:00,-0.0
06/07/2031 02:00,-0.0
06/07/2031 03:00,-0.0
06/07/2031 04:00,-0.0
06/07/2031 05:00,-0.0
06/07/2031 06:00,-0.0
06/07/2031 07:00,-0.0
06/07/2031 08:00,-0.0
06/07/2031 09:00,-0.0
06/07/2031 10:00,234.32980605485457
06/07/2031 11:00,-0.0
06/07/2031 12:00,-0.0
06/07/2031 13:00,-0.0
06/07/2031 14:00,-0.0
06/07/2031 15:00,830.5203109510652
06/07/2031 16:00,413.3276111715421
06/07/2031 17:00,-0.0
06/07/2031 18:00,-0.0
06/07/2031 19:00,-0.0
06/07/2031 20:00,57.82330970363883
06/07/2031 21:00,-0.0
06/07/2031 22:00,-0.0
06/07/2031 23:00,-0.0
07/07/2031 00:00,-0.0
07/07/2031 01:00,-0.0
07/07/2031 02:00,-0.0
07/07/2031 03:00,-0.0
07/07/2031 04:00,-0.0
07/07/2031 05:00,-0.0
07/07/2031 06:00,-0.0
07/07/2031 07:00,-0.0
07/07/2031 08:00,-0.0
07/07/2031 09:00,-0.0
07/07/2031 10:00,124.86706496032731
07/07/2031 11:00,-0.0
07/07/2031 12:00,-0.0
07/07/2031 13:00,1338.6696329807457
07/07/2031 14:00,-0.0
07/07/2031 15:00,-0.0
07/07/2031 16:00,923.9924593844489
07/07/2031 17:00,100.30976828114844
07/07/2031 18:00,1311.5253274606637
07/07/2031 19:00,728.0643539487019
07/07/2031 20:00,-0.0
07/07/2031 21:00,-0.0
07/07/2031 22:00,-0.0
07/07/2031 23:00,-0.0
08/07/2031 00:00,7149.905704467353
08/07/2031 01:00,-0.0
08/07/2031 02:00,-0.0
08/07/2031 03:00,-0.0
08/07/2031 04:00,-0.0
08/07/2031 05:00,-0.0
08/07/2031 06:00,-0.0
08/07/2031 07:00,-0.0
08/07/2031 08:00,-0.0
08/07/2031 09:00,295.47959168607014
08/07/2031 10:00,1062.0602543826478
08/07/2031 11:00,1899.6883205834185
08/07/2031 12:00,1063.5210041977648
08/07/2031 13:00,1218.473757014575
08/07/2031 14:00,1538.2774370346417
08/07/2031 15:00,1595.3859860510324
08/07/2031 16:00,2455.5560616576977
08/07/2031 17:00,2401.9784189699376
08/07/2031 18:00,1420.4543824710906
08/07/2031 19:00,551.8917884025292
08/07/2031 20:00,419.6647813993416
08/07/2031 21:00,1208.6185885111836
08/07/2031 22:00,-0.0
08/07/2031 23:00,844.3227655446954
09/07/2031 00:00,-0.0
09/07/2031 01:00,874.3197194365705
09/07/2031 02:00,-0.0
09/07/2031 03:00,-0.0
09/07/2031 04:00,-0.0
09/07/2031 05:00,-0.0
09/07/2031 06:00,-0.0
09/07/2031 07:00,-0.0
09/07/2031 08:00,-0.0
09/07/2031 09:00,729.3871084493467
09/07/2031 10:00,1592.5263824923322
09/07/2031 11:00,1403.8454857512309
09/07/2031 12:00,989.3267863465346
09/07/2031 13:00,1091.8600721182743
09/07/2031 14:00,1201.0087438875387
09/07/2031 15:00,1487.0904450206513
09/07/2031 16:00,2300.365945878782
09/07/2031 17:00,1562.7549240851047
09/07/2031 18:00,636.2871734325837
09/07/2031 19:00,-0.0
09/07/2031 20:00,-0.0
09/07/2031 21:00,-0.0
09/07/2031 22:00,-0.0
09/07/2031 23:00,1590.4649570247016
10/07/2031 00:00,376.25931222279263
10/07/2031 01:00,-0.0
10/07/2031 02:00,-0.0
10/07/2031 03:00,-0.0
10/07/2031 04:00,382.8940922579799
10/07/2031 05:00,-0.0
10/07/2031 06:00,66.84933128533633
10/07/2031 07:00,-0.0
10/07/2031 08:00,405.75311068793235
10/07/2031 09:00,-0.0
10/07/2031 10:00,-0.0
10/07/2031 11:00,1123.523778356362
10/07/2031 12:00,-0.0
10/07/2031 13:00,1959.262013666872
10/07/2031 14:00,2178.543028192699
10/07/2031 15:00,616.9183862431969
10/07/2031 16:00,2011.1242101425055
10/07/2031 17:00,152.38447208271745
10/07/2031 18:00,2545.545749721781
10/07/2031 19:00,681.5915564348808
10/07/2031 20:00,1197.9389800250715
10/07/2031 21:00,1738.6481999536018
10/07/2031 22:00,-0.0
10/07/2031 23:00,-0.0
11/07/2031 00:00,698.2291071868327
11/07/2031 01:00,122.74613242535828
11/07/2031 02:00,1412.089220919787
11/07/2031 03:00,501.17143924016204
11/07/2031 04:00,295.8977439192829
11/07/2031 05:00,106.74142219875122
11/07/2031 06:00,31.692974189924144
11/07/2031 07:00,-0.0
11/07/2031 08:00,194.94107657782868
11/07/2031 09:00,-0.0
11/07/2031 10:00,76.88986754984863
11/07/2031 11:00,848.7590241314629
11/07/2031 12:00,2806.302298991158
11/07/2031 13:00,3057.8689802515187
11/07/2031 14:00,3267.5015935274714
11/07/2031 15:00,3223.951010038828
11/07/2031 16:00,1493.0985552281606
11/07/2031 17:00,1725.4982822913498
11/07/2031 18:00,2260.5125147987183
11/07/2031 19:00,1792.914441697244
11/07/2031 20:00,3200.797962764046
11/07/2031 21:00,1574.2570665728801
11/07/2031 22:00,2510.1177878332483
11/07/2031 23:00,983.0702102515334
12/07/2031 00:00,2147.772031158436
12/07/2031 01:00,1755.1771993383472
12/07/2031 02:00,1471.1232734614778
12/07/2031 03:00,1237.5100824264052
12/07/2031 04:00,1280.5800639216077
12/07/2031 05:00,2038.0476990730228
12/07/2031 06:00,776.6060281685376
12/07/2031 07:00,2480.5697906203536
12/07/2031 08:00,1368.6016171475426
12/07/2031 09:00,819.0815705366958
12/07/2031 10:00,569.5996013627549
12/07/2031 11:00,841.5753363660733
12/07/2031 12:00,2829.312337385946
12/07/2031 13:00,3214.166319376345
12/07/2031 14:00,3371.160096251796
12/07/2031 15:00,3726.8042751160315
12/07/2031 16:00,3940.4641758624375
12/07/2031 17:00,3788.7749815415073
12/07/2031 18:00,1978.6521233875792
12/07/2031 19:00,2556.7140744280605
12/07/2031 20:00,2075.6101203312487
12/07/2031 21:00,1761.122091747248
12/07/2031 22:00,2511.8465353850142
12/07/2031 23:00,2338.5076316177447
13/07/2031 00:00,1718.6501217953366
13/07/2031 01:00,1176.8307062398715
13/07/2031 02:00,949.5587165387509
13/07/2031 03:00,484.4802845239107
13/07/2031 04:00,1123.5707398719367
13/07/2031 05:00,1118.403825178434
13/07/2031 06:00,-0.0
13/07/2031 07:00,348.39659914192873
13/07/2031 08:00,1245.352617264225
13/07/2031 09:00,-0.0
13/07/2031 10:00,-0.0
13/07/2031 11:00,1277.7071690274354
13/07/2031 12:00,1460.0161664656769
13/07/2031 13:00,1791.8135015692635
13/07/2031 14:00,1907.392139906742
13/07/2031 15:00,485.0201861136653
13/07/2031 16:00,1495.2893445721622
13/07/2031 17:00,1887.9033311218434
13/07/2031 18:00,123.39528457510853
13/07/2031 19:00,2370.056903300708
13/07/2031 20:00,-0.0
13/07/2031 21:00,-0.0
13/07/2031 22:00,-0.0
13/07/2031 23:00,-0.0
14/07/2031 00:00,-0.0
14/07/2031 01:00,609.9163505944902
14/07/2031 02:00,-0.0
14/07/2031 03:00,-0.0
14/07/2031 04:00,511.13690989007324
14/07/2031 05:00,-0.0
14/07/2031 06:00,33.569534017857045
14/07/2031 07:00,-0.0
14/07/2031 08:00,-0.0
14/07/2031 09:00,-0.0
14/07/2031 10:00,-0.0
14/07/2031 11:00,-0.0
14/07/2031 12:00,-0.0
14/07/2031 13:00,129.1580342275012
14/07/2031 14:00,-0.0
14/07/2031 15:00,-0.0
14/07/2031 16:00,-0.0
14/07/2031 17:00,258.2337367513134
14/07/2031 18:00,1052.7465355688878
14/07/2031 19:00,574.3569611379503
14/07/2031 20:00,960.2291378423513
14/07/2031 21:00,684.5588328579281
14/07/2031 22:00,1110.0160276789081
14/07/2031 23:00,-0.0
15/07/2031 00:00,-0.0
15/07/2031 01:00,182.23951896712836
15/07/2031 02:00,-0.0
15/07/2031 03:00,-0.0
15/07/2031 04:00,-0.0
15/07/2031 05:00,-0.0
15/07/2031 06:00,-0.0
15/07/2031 07:00,-0.0
15/07/2031 08:00,-0.0
15/07/2031 09:00,165.81379587075514
15/07/2031 10:00,1071.7683945324857
15/07/2031 11:00,382.985665739915
15/07/2031 12:00,273.45243222368254
15/07/2031 13:00,421.4680341375875
15/07/2031 14:00,647.5243412724838
15/07/2031 15:00,1267.0413950142565
15/07/2031 16:00,1730.2384181011544
15/07/2031 17:00,1029.7234205178397
15/07/2031 18:00,240.94328447225456
15/07/2031 19:00,1345.8423832425963
15/07/2031 20:00,1358.068832418476
15/07/2031 21:00,1291.9688260489932
15/07/2031 22:00,531.1781403051007
15/07/2031 23:00,-0.0
16/07/2031 00:00,-0.0
16/07/2031 01:00,-0.0
16/07/2031 02:00,-0.0
16/07/2031 03:00,-0.0
16/07/2031 04:00,-0.0
16/07/2031 05:00,-0.0
16/07/2031 06:00,-0.0
16/07/2031 07:00,-0.0
16/07/2031 08:00,-0.0
16/07/2031 09:00,409.646507276297
16/07/2031 10:00,1246.565045468996
16/07/2031 11:00,439.6587297347889
16/07/2031 12:00,328.84947499422475
16/07/2031 13:00,502.55765346742754
16/07/2031 14:00,701.6486302235478
16/07/2031 15:00,1477.0026207475885
16/07/2031 16:00,1747.1076344026571
16/07/2031 17:00,982.3620501400052
16/07/2031 18:00,160.40758610212833
16/07/2031 19:00,-0.0
16/07/2031 20:00,347.29675451831656
16/07/2031 21:00,-0.0
16/07/2031 22:00,360.5516804005625
16/07/2031 23:00,-0.0
17/07/2031 00:00,-0.0
17/07/2031 01:00,-0.0
17/07/2031 02:00,-0.0
17/07/2031 03:00,-0.0
17/07/2031 04:00,-0.0
17/07/2031 05:00,-0.0
17/07/2031 06:00,-0.0
17/07/2031 07:00,-0.0
17/07/2031 08:00,-0.0
17/07/2031 09:00,-0.0
17/07/2031 10:00,-0.0
17/07/2031 11:00,333.89536706250556
17/07/2031 12:00,-0.0
17/07/2031 13:00,-0.0
17/07/2031 14:00,-0.0
17/07/2031 15:00,-0.0
17/07/2031 16:00,-0.0
17/07/2031 17:00,-0.0
17/07/2031 18:00,-0.0
17/07/2031 19:00,588.0902976427535
17/07/2031 20:00,-0.0
17/07/2031 21:00,-0.0
17/07/2031 22:00,-0.0
17/07/2031 23:00,361.8756850144691
18/07/2031 00:00,-0.0
18/07/2031 01:00,-0.0
18/07/2031 02:00,-0.0
18/07/2031 03:00,-0.0
18/07/2031 04:00,-0.0
18/07/2031 05:00,-0.0
18/07/2031 06:00,-0.0
18/07/2031 07:00,25.32906218032287
18/07/2031 08:00,-0.0
18/07/2031 09:00,-0.0
18/07/2031 10:00,-0.0
18/07/2031 11:00,-0.0
18/07/2031 12:00,572.3099997228446
18/07/2031 13:00,-0.0
18/07/2031 14:00,578.2195454318603
18/07/2031 15:00,-0.0
18/07/2031 16:00,303.8110293909872
18/07/2031 17:00,-0.0
18/07/2031 18:00,107.7255309630069
18/07/2031 19:00,-0.0
18/07/2031 20:00,959.48336792995
18/07/2031 21:00,665.9645975800686
18/07/2031 22:00,431.2210697565496
18/07/2031 23:00,-0.0
19/07/2031 00:00,-0.0
19/07/2031 01:00,-0.0
19/07/2031 02:00,-0.0
19/07/2031 03:00,-0.0
19/07/2031 04:00,-0.0
19/07/2031 05:00,-0.0
19/07/2031 06:00,93.10692830504662
19/07/2031 07:00,-0.0
19/07/2031 08:00,-0.0
19/07/2031 09:00,-0.0
19/07/2031 10:00,-0.0
19/07/2031 11:00,-0.0
19/07/2031 12:00,418.8411745448141
19/07/2031 13:00,-0.0
19/07/2031 14:00,-0.0
19/07/2031 15:00,-0.0
19/07/2031 16:00,390.6839165494027
19/07/2031 17:00,554.1410089141337
19/07/2031 18:00,680.9677388961821
19/07/2031 19:00,-0.0
19/07/2031 20:00,-0.0
19/07/2031 21:00,43.89429511294157
19/07/2031 22:00,-0.0
19/07/2031 23:00,-0.0
20/07/2031 00:00,-0.0
20/07/2031 01:00,-0.0
20/07/2031 02:00,462.22775203475277
20/07/2031 03:00,442.67846364597295
20/07/2031 04:00,-0.0
20/07/2031 05:00,-0.0
20/07/2031 06:00,-0.0
20/07/2031 07:00,-0.0
20/07/2031 08:00,-0.0
20/07/2031 09:00,-0.0
20/07/2031 10:00,-0.0
20/07/2031 11:00,-0.0
20/07/2031 12:00,-0.0
20/07/2031 13:00,-0.0
20/07/2031 14:00,-0.0
20/07/2031 15:00,-0.0
20/07/2031 16:00,229.5620950401329
20/07/2031 17:00,-0.0
20/07/2031 18:00,27.13634106844041
20/07/2031 19:00,956.9039350837808
20/07/2031 20:00,519.0819652103922
20/07/2031 21:00,-0.0
20/07/2031 22:00,-0.0
20/07/2031 23:00,-0.0
21/07/2031 00:00,-0.0
21/07/2031 01:00,-0.0
21/07/2031 02:00,186.84729912362292
21/07/2031 03:00,28.09656606050995
21/07/2031 04:00,-0.0
21/07/2031 05:00,-0.0
21/07/2031 06:00,-0.0
21/07/2031 07:00,-0.0
21/07/2031 08:00,-0.0
21/07/2031 09:00,-0.0
21/07/2031 10:00,-0.0
21/07/2031 11:00,415.5771751000909
21/07/2031 12:00,555.1688428130725
21/07/2031 13:00,-0.0
21/07/2031 14:00,-0.0
21/07/2031 15:00,-0.0
21/07/2031 16:00,936.7442664730605
21/07/2031 17:00,-0.0
21/07/2031 18:00,205.2022938839483
21/07/2031 19:00,1083.601205487605
21/07/2031 20:00,-0.0
21/07/2031 21:00,211.30847757549284
21/07/2031 22:00,-0.0
21/07/2031 23:00,-0.0
22/07/2031 00:00,7149.905704467353
22/07/2031 01:00,-0.0
22/07/2031 02:00,-0.0
22/07/2031 03:00,-0.0
22/07/2031 04:00,-0.0
22/07/2031 05:00,-0.0
22/07/2031 06:00,-0.0
22/07/2031 07:00,-0.0
22/07/2031 08:00,-0.0
22/07/2031 09:00,307.9526241298699
22/07/2031 10:00,1098.4928909956498
22/07/2031 11:00,854.5826050762148
22/07/2031 12:00,609.2558775518667
22/07/2031 13:00,482.34194427184326
22/07/2031 14:00,583.9478461658586
22/07/2031 15:00,910.1623617900719
22/07/2031 16:00,2058.1733225281428
22/07/2031 17:00,1524.741633699043
22/07/2031 18:00,887.7317299215154
22/07/2031 19:00,1730.2760936339469
22/07/2031 20:00,1844.9637935214812
22/07/2031 21:00,35.37367857828877
22/07/2031 22:00,975.5273403087194
22/07/2031 23:00,-0.0
23/07/2031 00:00,323.22178820893805
23/07/2031 01:00,-0.0
23/07/2031 02:00,-0.0
23/07/2031 03:00,-0.0
23/07/2031 04:00,-0.0
23/07/2031 05:00,-0.0
23/07/2031 06:00,-0.0
23/07/2031 07:00,-0.0
23/07/2031 08:00,-0.0
23/07/2031 09:00,756.1598919460588
23/07/2031 10:00,1647.9990426309282
23/07/2031 11:00,1679.620275145766
23/07/2031 12:00,1127.5497468249732
23/07/2031 13:00,1145.5821299436657
23/07/2031 14:00,1406.6039501733828
23/07/2031 15:00,1549.778488667807
23/07/2031 16:00,2886.2499661716383
23/07/2031 17:00,2027.7743747497564
23/07/2031 18:00,969.6888240606856
23/07/2031 19:00,485.911750823989
23/07/2031 20:00,1376.415016222561
23/07/2031 21:00,-0.0
23/07/2031 22:00,-0.0
23/07/2031 23:00,527.7365547419754
24/07/2031 00:00,-0.0
24/07/2031 01:00,-0.0
24/07/2031 02:00,-0.0
24/07/2031 03:00,-0.0
24/07/2031 04:00,-0.0
24/07/2031 05:00,181.92774832922225
24/07/2031 06:00,-0.0
24/07/2031 07:00,-0.0
24/07/2031 08:00,-0.0
24/07/2031 09:00,-0.0
24/07/2031 10:00,353.97720150201536
24/07/2031 11:00,-0.0
24/07/2031 12:00,-0.0
24/07/2031 13:00,635.5249539095522
24/07/2031 14:00,-0.0
24/07/2031 15:00,1285.9786372929311
24/07/2031 16:00,-0.0
24/07/2031 17:00,352.34940360261584
24/07/2031 18:00,-0.0
24/07/2031 19:00,-0.0
24/07/2031 20:00,-0.0
24/07/2031 21:00,-0.0
24/07/2031 22:00,-0.0
24/07/2031 23:00,-0.0
25/07/2031 00:00,-0.0
25/07/2031 01:00,25.635146248320662
25/07/2031 02:00,-0.0
25/07/2031 03:00,-0.0
25/07/2031 04:00,-0.0
25/07/2031 05:00,-0.0
25/07/2031 06:00,-0.0
25/07/2031 07:00,-0.0
25/07/2031 08:00,-0.0
25/07/2031 09:00,-0.0
25/07/2031 10:00,-0.0
25/07/2031 11:00,365.3310989139159
25/07/2031 12:00,1077.9735732268236
25/07/2031 13:00,-0.0
25/07/2031 14:00,778.6465713905116
25/07/2031 15:00,1295.061511589721
25/07/2031 16:00,-0.0
25/07/2031 17:00,558.5327429056148
25/07/2031 18:00,-0.0
25/07/2031 19:00,567.9984841656823
25/07/2031 20:00,-0.0
25/07/2031 21:00,-0.0
25/07/2031 22:00,-0.0
25/07/2031 23:00,-0.0
26/07/2031 00:00,-0.0
26/07/2031 01:00,-0.0
26/07/2031 02:00,-0.0
26/07/2031 03:00,-0.0
26/07/2031 04:00,-0.0
26/07/2031 05:00,-0.0
26/07/2031 06:00,-0.0
26/07/2031 07:00,-0.0
26/07/2031 08:00,-0.0
26/07/2031 09:00,-0.0
26/07/2031 10:00,349.2884940480971
26/07/2031 11:00,950.8728394479604
26/07/2031 12:00,1272.778286745848
26/07/2031 13:00,736.022317916484
26/07/2031 14:00,573.259441719476
26/07/2031 15:00,85.96502921385694
26/07/2031 16:00,1332.990731120995
26/07/2031 17:00,-0.0
26/07/2031 18:00,-0.0
26/07/2031 19:00,-0.0
26/07/2031 20:00,-0.0
26/07/2031 21:00,-0.0
26/07/2031 22:00,-0.0
26/07/2031 23:00,-0.0
27/07/2031 00:00,-0.0
27/07/2031 01:00,-0.0
27/07/2031 02:00,-0.0
27/07/2031 03:00,-0.0
27/07/2031 04:00,-0.0
27/07/2031 05:00,-0.0
27/07/2031 06:00,-0.0
27/07/2031 07:00,-0.0
27/07/2031 08:00,-0.0
27/07/2031 09:00,-0.0
27/07/2031 10:00,242.17705974570714
27/07/2031 11:00,1030.5279239295278
27/07/2031 12:00,1204.014488272801
27/07/2031 13:00,507.0868042704684
27/07/2031 14:00,727.5249511615394
27/07/2031 15:00,637.4097762653807
27/07/2031 16:00,1192.3169572196405
27/07/2031 17:00,1197.951982535469
27/07/2031 18:00,-0.0
27/07/2031 19:00,-0.0
27/07/2031 20:00,-0.0
27/07/2031 21:00,-0.0
27/07/2031 22:00,-0.0
27/07/2031 23:00,-0.0
28/07/2031 00:00,46.95429302665056
28/07/2031 01:00,50.53754159220211
28/07/2031 02:00,-0.0
28/07/2031 03:00,-0.0
28/07/2031 04:00,-0.0
28/07/2031 05:00,-0.0
28/07/2031 06:00,-0.0
28/07/2031 07:00,-0.0
28/07/2031 08:00,-0.0
28/07/2031 09:00,-0.0
28/07/2031 10:00,-0.0
28/07/2031 11:00,-0.0
28/07/2031 12:00,187.1353287208753
28/07/2031 13:00,-0.0
28/07/2031 14:00,-0.0
28/07/2031 15:00,372.5933309095773
28/07/2031 16:00,-0.0
28/07/2031 17:00,-0.0
28/07/2031 18:00,-0.0
28/07/2031 19:00,27.39752186842683
28/07/2031 20:00,-0.0
28/07/2031 21:00,-0.0
28/07/2031 22:00,-0.0
28/07/2031 23:00,-0.0
29/07/2031 00:00,851.1236328981925
29/07/2031 01:00,-0.0
29/07/2031 02:00,-0.0
29/07/2031 03:00,-0.0
29/07/2031 04:00,-0.0
29/07/2031 05:00,-0.0
29/07/2031 06:00,-0.0
29/07/2031 07:00,-0.0
29/07/2031 08:00,-0.0
29/07/2031 09:00,-0.0
29/07/2031 10:00,-0.0
29/07/2031 11:00,-0.0
29/07/2031 12:00,679.7890530381923
29/07/2031 13:00,-0.0
29/07/2031 14:00,-0.0
29/07/2031 15:00,710.4471029321362
29/07/2031 16:00,-0.0
29/07/2031 17:00,345.75840464775837
29/07/2031 18:00,-0.0
29/07/2031 19:00,-0.0
29/07/2031 20:00,463.99825436242077
29/07/2031 21:00,650.2223557821887
29/07/2031 22:00,-0.0
29/07/2031 23:00,710.475898796645
30/07/2031 00:00,368.44351952389053
30/07/2031 01:00,-0.0
30/07/2031 02:00,-0.0
30/07/2031 03:00,-0.0
30/07/2031 04:00,-0.0
30/07/2031 05:00,-0.0
30/07/2031 06:00,-0.0
30/07/2031 07:00,-0.0
30/07/2031 08:00,7.67529010461214
30/07/2031 09:00,624.8568427718378
30/07/2031 10:00,1276.8122704134914
30/07/2031 11:00,1720.6283844775312
30/07/2031 12:00,674.1765717350012
30/07/2031 13:00,947.8214630418221
30/07/2031 14:00,1001.044387595829
30/07/2031 15:00,900.1642648633756
30/07/2031 16:00,1644.3547903546882
30/07/2031 17:00,1492.5196742151566
30/07/2031 18:00,429.7994391745045
30/07/2031 19:00,-0.0
30/07/2031 20:00,-0.0
30/07/2031 21:00,-0.0
30/07/2031 22:00,-0.0
30/07/2031 23:00,-0.0
31/07/2031 00:00,-0.0
31/07/2031 01:00,-0.0
31/07/2031 02:00,-0.0
31/07/2031 03:00,-0.0
31/07/2031 04:00,-0.0
31/07/2031 05:00,-0.0
31/07/2031 06:00,-0.0
31/07/2031 07:00,-0.0
31/07/2031 08:00,-0.0
31/07/2031 09:00,-0.0
31/07/2031 10:00,-0.0
31/07/2031 11:00,-0.0
31/07/2031 12:00,-0.0
31/07/2031 13:00,33.51316780433989
31/07/2031 14:00,-0.0
31/07/2031 15:00,-0.0
31/07/2031 16:00,96.88951176930661
31/07/2031 17:00,-0.0
31/07/2031 18:00,-0.0
31/07/2031 19:00,-0.0
31/07/2031 20:00,-0.0
31/07/2031 21:00,-0.0
31/07/2031 22:00,-0.0
31/07/2031 23:00,-0.0
01/08/2031 00:00,-0.0
01/08/2031 01:00,-0.0
01/08/2031 02:00,-0.0
01/08/2031 03:00,-0.0
01/08/2031 04:00,-0.0
01/08/2031 05:00,-0.0
01/08/2031 06:00,-0.0
01/08/2031 07:00,-0.0
01/08/2031 08:00,-0.0
01/08/2031 09:00,-0.0
01/08/2031 10:00,-0.0
01/08/2031 11:00,101.6981962957237
01/08/2031 12:00,-0.0
01/08/2031 13:00,-0.0
01/08/2031 14:00,-0.0
01/08/2031 15:00,-0.0
01/08/2031 16:00,923.858822127656
01/08/2031 17:00,244.92882439756295
01/08/2031 18:00,305.47518893095014
01/08/2031 19:00,-0.0
01/08/2031 20:00,-0.0
01/08/2031 21:00,-0.0
01/08/2031 22:00,-0.0
01/08/2031 23:00,-0.0
02/08/2031 00:00,-0.0
02/08/2031 01:00,-0.0
02/08/2031 02:00,-0.0
02/08/2031 03:00,-0.0
02/08/2031 04:00,-0.0
02/08/2031 05:00,-0.0
02/08/2031 06:00,-0.0
02/08/2031 07:00,-0.0
02/08/2031 08:00,-0.0
02/08/2031 09:00,-0.0
02/08/2031 10:00,-0.0
02/08/2031 11:00,-0.0
02/08/2031 12:00,36.314320140963304
02/08/2031 13:00,-0.0
02/08/2031 14:00,-0.0
02/08/2031 15:00,425.2811353123014
02/08/2031 16:00,-0.0
02/08/2031 17:00,262.8085522043388
02/08/2031 18:00,1360.02260691753
02/08/2031 19:00,676.7557661280853
02/08/2031 20:00,-0.0
02/08/2031 21:00,-0.0
02/08/2031 22:00,667.8422774017478
02/08/2031 23:00,-0.0
03/08/2031 00:00,-0.0
03/08/2031 01:00,-0.0
03/08/2031 02:00,156.27542788629287
03/08/2031 03:00,-0.0
03/08/2031 04:00,-0.0
03/08/2031 05:00,-0.0
03/08/2031 06:00,-0.0
03/08/2031 07:00,-0.0
03/08/2031 08:00,-0.0
03/08/2031 09:00,-0.0
03/08/2031 10:00,-0.0
03/08/2031 11:00,1110.502628682272
03/08/2031 12:00,1440.1913992692928
03/08/2031 13:00,-0.0
03/08/2031 14:00,198.16423216634885
03/08/2031 15:00,1517.656796505688
03/08/2031 16:00,1698.237086835223
03/08/2031 17:00,-0.0
03/08/2031 18:00,1852.5445233604687
03/08/2031 19:00,1270.175590233915
03/08/2031 20:00,-0.0
03/08/2031 21:00,-0.0
03/08/2031 22:00,29.771426027879528
03/08/2031 23:00,223.16167461537165
04/08/2031 00:00,1095.393802312881
04/08/2031 01:00,539.006012607585
04/08/2031 02:00,114.74363661442729
04/08/2031 03:00,211.1027193208516
04/08/2031 04:00,-0.0
04/08/2031 05:00,-0.0
04/08/2031 06:00,728.3032837188106
04/08/2031 07:00,-0.0
04/08/2031 08:00,-0.0
04/08/2031 09:00,4.136945163612886
04/08/2031 10:00,953.6221776666398
04/08/2031 11:00,1638.2936403328258
04/08/2031 12:00,591.2505530157542
04/08/2031 13:00,1122.3340314103543
04/08/2031 14:00,1503.6878587291262
04/08/2031 15:00,1666.497927406834
04/08/2031 16:00,2636.2901387399816
04/08/2031 17:00,2442.5029376938687
04/08/2031 18:00,2935.455228986526
04/08/2031 19:00,2623.877764242628
04/08/2031 20:00,2199.6874173796796
04/08/2031 21:00,2478.6310412271764
04/08/2031 22:00,942.0606639772701
04/08/2031 23:00,308.2282178411704
05/08/2031 00:00,369.0172704265739
05/08/2031 01:00,430.02870103417274
05/08/2031 02:00,410.4926040869401
05/08/2031 03:00,283.43348913440747
05/08/2031 04:00,162.23325400697857
05/08/2031 05:00,-0.0
05/08/2031 06:00,-0.0
05/08/2031 07:00,-0.0
05/08/2031 08:00,-0.0
05/08/2031 09:00,749.5267395826817
05/08/2031 10:00,1698.6298970570906
05/08/2031 11:00,1991.0729063161077
05/08/2031 12:00,1422.2200544117377
05/08/2031 13:00,1551.2391944851313
05/08/2031 14:00,1751.131116690904
05/08/2031 15:00,1799.1004809665828
05/08/2031 16:00,3163.951719955177
05/08/2031 17:00,2762.819258429519
05/08/2031 18:00,2032.032127825927
05/08/2031 19:00,1538.8117836063575
05/08/2031 20:00,3038.2281120247585
05/08/2031 21:00,1163.973581107728
05/08/2031 22:00,488.2689562460961
05/08/2031 23:00,439.12344825856803
06/08/2031 00:00,2053.9276021256
06/08/2031 01:00,564.3077728839855
06/08/2031 02:00,644.6853211409247
06/08/2031 03:00,1604.708779346144
06/08/2031 04:00,471.68732670165195
06/08/2031 05:00,1950.0159097170606
06/08/2031 06:00,380.47741665490867
06/08/2031 07:00,1043.7246965871593
06/08/2031 08:00,883.1615734250776
06/08/2031 09:00,1969.9259980956137
06/08/2031 10:00,2742.7621143397523
06/08/2031 11:00,2778.820227073578
06/08/2031 12:00,2149.1110634692236
06/08/2031 13:00,2163.0977122356862
06/08/2031 14:00,2299.1490073017544
06/08/2031 15:00,2365.176389344826
06/08/2031 16:00,3709.9422798400424
06/08/2031 17:00,3258.4495120685215
06/08/2031 18:00,2412.9194900157295
06/08/2031 19:00,1687.8398102244837
06/08/2031 20:00,2950.4112311547115
06/08/2031 21:00,2920.722252883063
06/08/2031 22:00,2569.4400920875933
06/08/2031 23:00,2067.065555223884
07/08/2031 00:00,1387.352716848351
07/08/2031 01:00,863.5945646878608
07/08/2031 02:00,451.95687046468163
07/08/2031 03:00,346.4277799718817
07/08/2031 04:00,512.376133838226
07/08/2031 05:00,797.9849250121632
07/08/2031 06:00,2010.2837561216056
07/08/2031 07:00,1248.1112715297133
07/08/2031 08:00,546.3345704482979
07/08/2031 09:00,884.8133981831593
07/08/2031 10:00,1766.1522611713394
07/08/2031 11:00,1073.2559863547433
07/08/2031 12:00,846.466528919907
07/08/2031 13:00,781.75788848036
07/08/2031 14:00,888.3558658911699
07/08/2031 15:00,1382.087947107392
07/08/2031 16:00,2170.1535415575668
07/08/2031 17:00,1489.14297071491
07/08/2031 18:00,691.0933566317649
07/08/2031 19:00,1919.356468558351
07/08/2031 20:00,440.4684297187281
07/08/2031 21:00,2338.713205312328
07/08/2031 22:00,922.3898201574737
07/08/2031 23:00,1988.7347833283984
08/08/2031 00:00,1004.0198797889001
08/08/2031 01:00,936.1055276744908
08/08/2031 02:00,740.6356436570308
08/08/2031 03:00,826.2849036458035
08/08/2031 04:00,1062.4577238818104
08/08/2031 05:00,975.3414659898409
08/08/2031 06:00,2281.578833113342
08/08/2031 07:00,2336.5925690107865
08/08/2031 08:00,547.0253364106738
08/08/2031 09:00,1310.2627920146163
08/08/2031 10:00,1854.4688250189172
08/08/2031 11:00,1250.907309366021
08/08/2031 12:00,774.4735577939202
08/08/2031 13:00,860.9241629458221
08/08/2031 14:00,886.8515912294218
08/08/2031 15:00,1305.0199412653874
08/08/2031 16:00,1836.0848682954586
08/08/2031 17:00,1071.4835065122486
08/08/2031 18:00,1780.9095190976275
08/08/2031 19:00,101.982034353999
08/08/2031 20:00,1329.168824465892
08/08/2031 21:00,209.4873074276696
08/08/2031 22:00,1943.2942617130043
08/08/2031 23:00,2244.379878710678
09/08/2031 00:00,1407.858738386568
09/08/2031 01:00,1393.5210746959913
09/08/2031 02:00,1817.5562325277401
09/08/2031 03:00,724.0290188522591
09/08/2031 04:00,924.8394397991633
09/08/2031 05:00,1803.2994758397942
09/08/2031 06:00,2652.574505372984
09/08/2031 07:00,2704.8134580537308
09/08/2031 08:00,1257.5899327842521
09/08/2031 09:00,2074.3951332750653
09/08/2031 10:00,1920.5553441996408
09/08/2031 11:00,1136.2183372116447
09/08/2031 12:00,1019.2115108552892
09/08/2031 13:00,788.219000907043
09/08/2031 14:00,922.7133537355259
09/08/2031 15:00,1820.901363372249
09/08/2031 16:00,1243.8511918410363
09/08/2031 17:00,456.42600386637724
09/08/2031 18:00,-0.0
09/08/2031 19:00,-0.0
09/08/2031 20:00,-0.0
09/08/2031 21:00,-0.0
09/08/2031 22:00,785.8280255446141
09/08/2031 23:00,-0.0
10/08/2031 00:00,1574.6460055335308
10/08/2031 01:00,1814.198136620657
10/08/2031 02:00,297.0355631024024
10/08/2031 03:00,329.50073587812335
10/08/2031 04:00,1893.255997537508
10/08/2031 05:00,125.0909755748255
10/08/2031 06:00,22.79136035379586
10/08/2031 07:00,-0.0
10/08/2031 08:00,20.215610197411316
10/08/2031 09:00,877.2957354524782
10/08/2031 10:00,-0.0
10/08/2031 11:00,-0.0
10/08/2031 12:00,1126.8409604527837
10/08/2031 13:00,-0.0
10/08/2031 14:00,-0.0
10/08/2031 15:00,947.8575540868676
10/08/2031 16:00,392.8780209445702
10/08/2031 17:00,-0.0
10/08/2031 18:00,-0.0
10/08/2031 19:00,-0.0
10/08/2031 20:00,-0.0
10/08/2031 21:00,-0.0
10/08/2031 22:00,-0.0
10/08/2031 23:00,-0.0
11/08/2031 00:00,-0.0
11/08/2031 01:00,-0.0
11/08/2031 02:00,-0.0
11/08/2031 03:00,-0.0
11/08/2031 04:00,-0.0
11/08/2031 05:00,-0.0
11/08/2031 06:00,-0.0
11/08/2031 07:00,-0.0
11/08/2031 08:00,568.6940051260731
11/08/2031 09:00,651.8449216010388
11/08/2031 10:00,-0.0
11/08/2031 11:00,1208.433245566777
11/08/2031 12:00,-0.0
11/08/2031 13:00,1392.6653656912017
11/08/2031 14:00,418.44279737282216
11/08/2031 15:00,-0.0
11/08/2031 16:00,387.2796687459184
11/08/2031 17:00,1097.9912486448186
11/08/2031 18:00,-0.0
11/08/2031 19:00,-0.0
11/08/2031 20:00,-0.0
11/08/2031 21:00,-0.0
11/08/2031 22:00,-0.0
11/08/2031 23:00,-0.0
12/08/2031 00:00,1542.4446823624544
12/08/2031 01:00,-0.0
12/08/2031 02:00,-0.0
12/08/2031 03:00,-0.0
12/08/2031 04:00,-0.0
12/08/2031 05:00,-0.0
12/08/2031 06:00,-0.0
12/08/2031 07:00,-0.0
12/08/2031 08:00,-0.0
12/08/2031 09:00,205.68738557579042
12/08/2031 10:00,675.9551230140233
12/08/2031 11:00,488.3405441604854
12/08/2031 12:00,48.83059372788189
12/08/2031 13:00,301.8497299521122
12/08/2031 14:00,455.03003730263373
12/08/2031 15:00,1268.8838147156557
12/08/2031 16:00,1448.7101832974781
12/08/2031 17:00,443.52474724011734
12/08/2031 18:00,-0.0
12/08/2031 19:00,-0.0
12/08/2031 20:00,-0.0
12/08/2031 21:00,-0.0
12/08/2031 22:00,-0.0
12/08/2031 23:00,-0.0
13/08/2031 00:00,-0.0
13/08/2031 01:00,-0.0
13/08/2031 02:00,-0.0
13/08/2031 03:00,-0.0
13/08/2031 04:00,-0.0
13/08/2031 05:00,-0.0
13/08/2031 06:00,-0.0
13/08/2031 07:00,-0.0
13/08/2031 08:00,-0.0
13/08/2031 09:00,-0.0
13/08/2031 10:00,497.60522007993853
13/08/2031 11:00,877.7591255481169
13/08/2031 12:00,227.7122267328227
13/08/2031 13:00,466.5066915439272
13/08/2031 14:00,634.2320924064281
13/08/2031 15:00,538.0768011417299
13/08/2031 16:00,1815.3719247109755
13/08/2031 17:00,1124.7082898588778
13/08/2031 18:00,282.81256983447565
13/08/2031 19:00,-0.0
13/08/2031 20:00,997.5421673464396
13/08/2031 21:00,868.7056424902722
13/08/2031 22:00,715.8683125548062
13/08/2031 23:00,977.7202956164591
14/08/2031 00:00,-0.0
14/08/2031 01:00,-0.0
14/08/2031 02:00,-0.0
14/08/2031 03:00,-0.0
14/08/2031 04:00,-0.0
14/08/2031 05:00,-0.0
14/08/2031 06:00,-0.0
14/08/2031 07:00,-0.0
14/08/2031 08:00,-0.0
14/08/2031 09:00,494.1760605190888
14/08/2031 10:00,1427.5151415847356
14/08/2031 11:00,985.2566388653889
14/08/2031 12:00,742.4205876798272
14/08/2031 13:00,955.4683070386657
14/08/2031 14:00,1188.4514844857854
14/08/2031 15:00,1900.1130625806427
14/08/2031 16:00,2711.625703899112
14/08/2031 17:00,2355.761951841628
14/08/2031 18:00,1802.6411395974399
14/08/2031 19:00,1205.7048390912355
14/08/2031 20:00,2359.4472657985048
14/08/2031 21:00,1991.1732417118585
14/08/2031 22:00,-0.0
14/08/2031 23:00,1537.1096017489494
15/08/2031 00:00,-0.0
15/08/2031 01:00,-0.0
15/08/2031 02:00,-0.0
15/08/2031 03:00,30.21713300553991
15/08/2031 04:00,97.19465272719539
15/08/2031 05:00,1691.582331578334
15/08/2031 06:00,-0.0
15/08/2031 07:00,-0.0
15/08/2031 08:00,299.180441853026
15/08/2031 09:00,970.7618720500417
15/08/2031 10:00,1966.5237300074436
15/08/2031 11:00,1356.8231738840122
15/08/2031 12:00,1427.36478934075
15/08/2031 13:00,1670.7790889671503
15/08/2031 14:00,1727.801651790281
15/08/2031 15:00,2489.311825992012
15/08/2031 16:00,2660.1319423586906
15/08/2031 17:00,1928.1067955598724
15/08/2031 18:00,1167.4814468604893
15/08/2031 19:00,580.3366296796298
15/08/2031 20:00,488.2105947644032
15/08/2031 21:00,1917.4490163544626
15/08/2031 22:00,1119.5211502167226
15/08/2031 23:00,-0.0
16/08/2031 00:00,-0.0
16/08/2031 01:00,-0.0
16/08/2031 02:00,-0.0
16/08/2031 03:00,-0.0
16/08/2031 04:00,-0.0
16/08/2031 05:00,-0.0
16/08/2031 06:00,1093.885643519865
16/08/2031 07:00,1052.9001627592056
16/08/2031 08:00,-0.0
16/08/2031 09:00,406.5241257867253
16/08/2031 10:00,-0.0
16/08/2031 11:00,1806.3296857354762
16/08/2031 12:00,1948.803036578137
16/08/2031 13:00,1820.422780436131
16/08/2031 14:00,1667.29335369696
16/08/2031 15:00,2625.465393501155
16/08/2031 16:00,1288.2676255337278
16/08/2031 17:00,2394.663886077129
16/08/2031 18:00,1594.795023932577
16/08/2031 19:00,776.7276724666614
16/08/2031 20:00,693.3088547833569
16/08/2031 21:00,2003.767704243356
16/08/2031 22:00,45.39062991385922
16/08/2031 23:00,466.00319148580576
17/08/2031 00:00,-0.0
17/08/2031 01:00,-0.0
17/08/2031 02:00,-0.0
17/08/2031 03:00,-0.0
17/08/2031 04:00,-0.0
17/08/2031 05:00,453.624208678541
17/08/2031 06:00,471.51041448133697
17/08/2031 07:00,558.7855421253191
17/08/2031 08:00,-0.0
17/08/2031 09:00,214.79710753933088
17/08/2031 10:00,-0.0
17/08/2031 11:00,167.12404841022723
17/08/2031 12:00,1239.1680085279056
17/08/2031 13:00,1292.998173162973
17/08/2031 14:00,1640.7484577460268
17/08/2031 15:00,1949.6834624548594
17/08/2031 16:00,7.8955998021110725
17/08/2031 17:00,715.2710359123921
17/08/2031 18:00,-0.0
17/08/2031 19:00,899.348006262861
17/08/2031 20:00,-0.0
17/08/2031 21:00,-0.0
17/08/2031 22:00,-0.0
17/08/2031 23:00,-0.0
18/08/2031 00:00,-0.0
18/08/2031 01:00,-0.0
18/08/2031 02:00,455.94411335476417
18/08/2031 03:00,-0.0
18/08/2031 04:00,-0.0
18/08/2031 05:00,-0.0
18/08/2031 06:00,-0.0
18/08/2031 07:00,-0.0
18/08/2031 08:00,320.3336561012508
18/08/2031 09:00,-0.0
18/08/2031 10:00,-0.0
18/08/2031 11:00,1175.1122407301273
18/08/2031 12:00,375.0500122279819
18/08/2031 13:00,569.1830875903497
18/08/2031 14:00,563.6485875523097
18/08/2031 15:00,1046.4716072182296
18/08/2031 16:00,1739.4382076083664
18/08/2031 17:00,1081.8461098262833
18/08/2031 18:00,1547.764286998839
18/08/2031 19:00,791.8015683932258
18/08/2031 20:00,570.0246152419774
18/08/2031 21:00,-0.0
18/08/2031 22:00,-0.0
18/08/2031 23:00,305.0902548046554
19/08/2031 00:00,733.7441828147579
19/08/2031 01:00,-0.0
19/08/2031 02:00,-0.0
19/08/2031 03:00,-0.0
19/08/2031 04:00,-0.0
19/08/2031 05:00,-0.0
19/08/2031 06:00,-0.0
19/08/2031 07:00,-0.0
19/08/2031 08:00,-0.0
19/08/2031 09:00,164.44161654261723
19/08/2031 10:00,1137.5639076259406
19/08/2031 11:00,1216.5156644061738
19/08/2031 12:00,559.7312621013808
19/08/2031 13:00,519.6539919492363
19/08/2031 14:00,418.48402176718764
19/08/2031 15:00,510.46326266442856
19/08/2031 16:00,1566.3553273719724
19/08/2031 17:00,979.7383195242854
19/08/2031 18:00,-0.0
19/08/2031 19:00,628.738387069032
19/08/2031 20:00,497.65363177052063
19/08/2031 21:00,536.7398633001341
19/08/2031 22:00,23.467918799744428
19/08/2031 23:00,-0.0
20/08/2031 00:00,-0.0
20/08/2031 01:00,-0.0
20/08/2031 02:00,-0.0
20/08/2031 03:00,-0.0
20/08/2031 04:00,-0.0
20/08/2031 05:00,-0.0
20/08/2031 06:00,-0.0
20/08/2031 07:00,-0.0
20/08/2031 08:00,66.28011579784929
20/08/2031 09:00,717.7460184957336
20/08/2031 10:00,1558.6231576388827
20/08/2031 11:00,1833.95889653418
20/08/2031 12:00,1221.9382807342142
20/08/2031 13:00,1559.3082881082114
20/08/2031 14:00,1935.8886626077606
20/08/2031 15:00,2083.3954011043793
20/08/2031 16:00,3342.529582862441
20/08/2031 17:00,3272.429264792881
20/08/2031 18:00,2687.8908817602164
20/08/2031 19:00,1999.6889755635584
20/08/2031 20:00,2348.2222120200317
20/08/2031 21:00,1298.3520932043552
20/08/2031 22:00,1022.0924122825334
20/08/2031 23:00,1937.3343535773613
21/08/2031 00:00,2036.1089785772865
21/08/2031 01:00,504.4399458998341
21/08/2031 02:00,422.1115246059606
21/08/2031 03:00,444.26088767950506
21/08/2031 04:00,343.50825414154207
21/08/2031 05:00,64.99659253091009
21/08/2031 06:00,95.72113841756077
21/08/2031 07:00,70.03784007737669
21/08/2031 08:00,-0.0
21/08/2031 09:00,216.69021170003018
21/08/2031 10:00,-0.0
21/08/2031 11:00,-0.0
21/08/2031 12:00,-0.0
21/08/2031 13:00,1013.342885092074
21/08/2031 14:00,-0.0
21/08/2031 15:00,939.6630791371549
21/08/2031 16:00,640.0080013632853
21/08/2031 17:00,-0.0
21/08/2031 18:00,-0.0
21/08/2031 19:00,-0.0
21/08/2031 20:00,-0.0
21/08/2031 21:00,-0.0
21/08/2031 22:00,-0.0
21/08/2031 23:00,-0.0
22/08/2031 00:00,-0.0
22/08/2031 01:00,-0.0
22/08/2031 02:00,-0.0
22/08/2031 03:00,-0.0
22/08/2031 04:00,-0.0
22/08/2031 05:00,-0.0
22/08/2031 06:00,-0.0
22/08/2031 07:00,-0.0
22/08/2031 08:00,-0.0
22/08/2031 09:00,-0.0
22/08/2031 10:00,-0.0
22/08/2031 11:00,421.7580618677661
22/08/2031 12:00,407.10592099307604
22/08/2031 13:00,666.1199724681245
22/08/2031 14:00,-0.0
22/08/2031 15:00,-0.0
22/08/2031 16:00,-0.0
22/08/2031 17:00,-0.0
22/08/2031 18:00,-0.0
22/08/2031 19:00,-0.0
22/08/2031 20:00,-0.0
22/08/2031 21:00,-0.0
22/08/2031 22:00,-0.0
22/08/2031 23:00,-0.0
23/08/2031 00:00,-0.0
23/08/2031 01:00,-0.0
23/08/2031 02:00,-0.0
23/08/2031 03:00,-0.0
23/08/2031 04:00,-0.0
23/08/2031 05:00,-0.0
23/08/2031 06:00,-0.0
23/08/2031 07:00,-0.0
23/08/2031 08:00,-0.0
23/08/2031 09:00,-0.0
23/08/2031 10:00,-0.0
23/08/2031 11:00,-0.0
23/08/2031 12:00,-0.0
23/08/2031 13:00,-0.0
23/08/2031 14:00,235.8408615257965
23/08/2031 15:00,-0.0
23/08/2031 16:00,35.082787566311126
23/08/2031 17:00,-0.0
23/08/2031 18:00,-0.0
23/08/2031 19:00,-0.0
23/08/2031 20:00,-0.0
23/08/2031 21:00,-0.0
23/08/2031 22:00,-0.0
23/08/2031 23:00,-0.0
24/08/2031 00:00,-0.0
24/08/2031 01:00,-0.0
24/08/2031 02:00,-0.0
24/08/2031 03:00,-0.0
24/08/2031 04:00,-0.0
24/08/2031 05:00,-0.0
24/08/2031 06:00,-0.0
24/08/2031 07:00,-0.0
24/08/2031 08:00,-0.0
24/08/2031 09:00,-0.0
24/08/2031 10:00,-0.0
24/08/2031 11:00,-0.0
24/08/2031 12:00,-0.0
24/08/2031 13:00,-0.0
24/08/2031 14:00,397.9893389133907
24/08/2031 15:00,-0.0
24/08/2031 16:00,-0.0
24/08/2031 17:00,-0.0
24/08/2031 18:00,-0.0
24/08/2031 19:00,-0.0
24/08/2031 20:00,191.0234552208907
24/08/2031 21:00,-0.0
24/08/2031 22:00,-0.0
24/08/2031 23:00,-0.0
25/08/2031 00:00,-0.0
25/08/2031 01:00,-0.0
25/08/2031 02:00,-0.0
25/08/2031 03:00,-0.0
25/08/2031 04:00,-0.0
25/08/2031 05:00,-0.0
25/08/2031 06:00,-0.0
25/08/2031 07:00,-0.0
25/08/2031 08:00,-0.0
25/08/2031 09:00,-0.0
25/08/2031 10:00,-0.0
25/08/2031 11:00,13.324376946345971
25/08/2031 12:00,-0.0
25/08/2031 13:00,-0.0
25/08/2031 14:00,-0.0
25/08/2031 15:00,-0.0
25/08/2031 16:00,-0.0
25/08/2031 17:00,-0.0
25/08/2031 18:00,-0.0
25/08/2031 19:00,-0.0
25/08/2031 20:00,-0.0
25/08/2031 21:00,-0.0
25/08/2031 22:00,-0.0
25/08/2031 23:00,34.09277989035408
26/08/2031 00:00,7149.905704467353
26/08/2031 01:00,139.6671902782286
26/08/2031 02:00,-0.0
26/08/2031 03:00,-0.0
26/08/2031 04:00,-0.0
26/08/2031 05:00,-0.0
26/08/2031 06:00,-0.0
26/08/2031 07:00,-0.0
26/08/2031 08:00,-0.0
26/08/2031 09:00,215.5604841498542
26/08/2031 10:00,987.4094473294238
26/08/2031 11:00,1842.197845176002
26/08/2031 12:00,1425.6900763900196
26/08/2031 13:00,1047.7602151662818
26/08/2031 14:00,2185.4629067295386
26/08/2031 15:00,2663.6552376379022
26/08/2031 16:00,3456.596036673865
26/08/2031 17:00,2931.5299861921167
26/08/2031 18:00,1814.5187023147837
26/08/2031 19:00,1199.7662328534536
26/08/2031 20:00,2065.5513389254706
26/08/2031 21:00,1792.2264398868683
26/08/2031 22:00,994.5082477334932
26/08/2031 23:00,432.7062609169203
27/08/2031 00:00,461.3004832161433
27/08/2031 01:00,414.1436715990405
27/08/2031 02:00,407.4793345561432
27/08/2031 03:00,594.487888769591
27/08/2031 04:00,682.2182757015479
27/08/2031 05:00,586.1943065510562
27/08/2031 06:00,408.473101806319
27/08/2031 07:00,349.6907590026587
27/08/2031 08:00,929.8339542316781
27/08/2031 09:00,2145.7850679570065
27/08/2031 10:00,3444.2944608036846
27/08/2031 11:00,3564.739238460023
27/08/2031 12:00,3002.6636434740776
27/08/2031 13:00,2732.102132793233
27/08/2031 14:00,2742.057571820439
27/08/2031 15:00,2800.563668345561
27/08/2031 16:00,4285.96476776926
27/08/2031 17:00,3869.528454658134
27/08/2031 18:00,2921.828540282508
27/08/2031 19:00,2083.604464367591
27/08/2031 20:00,1773.8465035408396
27/08/2031 21:00,1430.8828716449143
27/08/2031 22:00,732.1704027769437
27/08/2031 23:00,782.0898053575149
28/08/2031 00:00,640.6807893288308
28/08/2031 01:00,394.3614041245678
28/08/2031 02:00,212.5513051325331
28/08/2031 03:00,81.15650810609493
28/08/2031 04:00,-0.0
28/08/2031 05:00,-0.0
28/08/2031 06:00,396.6469338097904
28/08/2031 07:00,-0.0
28/08/2031 08:00,41.513820465234474
28/08/2031 09:00,-0.0
28/08/2031 10:00,-0.0
28/08/2031 11:00,-0.0
28/08/2031 12:00,-0.0
28/08/2031 13:00,-0.0
28/08/2031 14:00,-0.0
28/08/2031 15:00,-0.0
28/08/2031 16:00,-0.0
28/08/2031 17:00,-0.0
28/08/2031 18:00,-0.0
28/08/2031 19:00,-0.0
28/08/2031 20:00,-0.0
28/08/2031 21:00,-0.0
28/08/2031 22:00,-0.0
28/08/2031 23:00,-0.0
29/08/2031 00:00,-0.0
29/08/2031 01:00,-0.0
29/08/2031 02:00,-0.0
29/08/2031 03:00,-0.0
29/08/2031 04:00,-0.0
29/08/2031 05:00,-0.0
29/08/2031 06:00,-0.0
29/08/2031 07:00,-0.0
29/08/2031 08:00,-0.0
29/08/2031 09:00,-0.0
29/08/2031 10:00,356.42324734639755
29/08/2031 11:00,-0.0
29/08/2031 12:00,-0.0
29/08/2031 13:00,-0.0
29/08/2031 14:00,-0.0
29/08/2031 15:00,401.9944044302569
29/08/2031 16:00,433.66335721733884
29/08/2031 17:00,-0.0
29/08/2031 18:00,-0.0
29/08/2031 19:00,-0.0
29/08/2031 20:00,19.282449532473855
29/08/2031 21:00,-0.0
29/08/2031 22:00,-0.0
29/08/2031 23:00,-0.0
30/08/2031 00:00,-0.0
30/08/2031 01:00,-0.0
30/08/2031 02:00,-0.0
30/08/2031 03:00,-0.0
30/08/2031 04:00,196.28219877340797
30/08/2031 05:00,-0.0
30/08/2031 06:00,92.2112549584525
30/08/2031 07:00,72.85974622197772
30/08/2031 08:00,-0.0
30/08/2031 09:00,-0.0
30/08/2031 10:00,530.4756231710555
30/08/2031 11:00,-0.0
30/08/2031 12:00,2068.7528727390945
30/08/2031 13:00,708.9782953646944
30/08/2031 14:00,2483.6694765679763
30/08/2031 15:00,918.7893661648458
30/08/2031 16:00,505.4420863849835
30/08/2031 17:00,1769.895631262265
30/08/2031 18:00,2690.653195681977
30/08/2031 19:00,2418.8089377918573
30/08/2031 20:00,840.3105863787976
30/08/2031 21:00,1711.2113199301389
30/08/2031 22:00,306.4497131366226
30/08/2031 23:00,2019.2120504918641
31/08/2031 00:00,803.8685550982153
31/08/2031 01:00,824.5473031839394
31/08/2031 02:00,671.0215566931928
31/08/2031 03:00,476.85064917501484
31/08/2031 04:00,395.6373606621959
31/08/2031 05:00,1081.3334257464512
31/08/2031 06:00,2043.2632668249194
31/08/2031 07:00,1858.3483299496702
31/08/2031 08:00,1025.6786463830317
31/08/2031 09:00,1730.7187759853075
31/08/2031 10:00,2454.2464801911033
31/08/2031 11:00,2790.3344446736623
31/08/2031 12:00,1235.2010929124817
31/08/2031 13:00,1079.5132160148646
31/08/2031 14:00,1226.38914477899
31/08/2031 15:00,571.5119824842318
31/08/2031 16:00,999.9106625351442
31/08/2031 17:00,1089.6632979785768
31/08/2031 18:00,322.1879741326232
31/08/2031 19:00,303.83170400498733
31/08/2031 20:00,2202.7552345670965
31/08/2031 21:00,1306.6804263238405
31/08/2031 22:00,2075.816453647683
31/08/2031 23:00,1723.1179041721132
01/09/2031 00:00,2063.843377556953
01/09/2031 01:00,2351.3956008124655
01/09/2031 02:00,2455.0917127758053
01/09/2031 03:00,2488.182617174706
01/09/2031 04:00,2290.20328274018
01/09/2031 05:00,3272.5566039148275
01/09/2031 06:00,1588.7445851547632
01/09/2031 07:00,3063.100638045465
01/09/2031 08:00,2464.0864994359895
01/09/2031 09:00,1031.2686064427069
01/09/2031 10:00,1068.0031081955353
01/09/2031 11:00,2532.80292991859
01/09/2031 12:00,1392.4568240093975
01/09/2031 13:00,1853.1117117758963
01/09/2031 14:00,1772.4089143540818
01/09/2031 15:00,1548.0898473765649
01/09/2031 16:00,1248.1345707422402
01/09/2031 17:00,308.62983328461
01/09/2031 18:00,877.4141933140158
01/09/2031 19:00,533.4442042418406
01/09/2031 20:00,880.0630332586506
01/09/2031 21:00,-0.0
01/09/2031 22:00,2126.6791314424804
01/09/2031 23:00,685.9416601185442
02/09/2031 00:00,2969.1189001916077
02/09/2031 01:00,1349.8326198607563
02/09/2031 02:00,1512.503896433838
02/09/2031 03:00,1512.7896694556712
02/09/2031 04:00,1553.4271766467598
02/09/2031 05:00,1554.5378994881692
02/09/2031 06:00,1686.9514104485743
02/09/2031 07:00,1814.2578827445188
02/09/2031 08:00,1599.0704700803603
02/09/2031 09:00,2249.7740616841515
02/09/2031 10:00,2588.0681808550576
02/09/2031 11:00,811.8075263131684
02/09/2031 12:00,2661.273623115507
02/09/2031 13:00,1289.66764675596
02/09/2031 14:00,1023.2225275706604
02/09/2031 15:00,529.5162261090192
02/09/2031 16:00,1879.2937238006934
02/09/2031 17:00,990.4046666086555
02/09/2031 18:00,-0.0
02/09/2031 19:00,667.8774114642064
02/09/2031 20:00,1108.461923830048
02/09/2031 21:00,360.8187263675075
02/09/2031 22:00,844.158726199305
02/09/2031 23:00,1259.98683467042
03/09/2031 00:00,1757.7973487743045
03/09/2031 01:00,1609.2823840930155
03/09/2031 02:00,1576.903766139951
03/09/2031 03:00,1747.776616021342
03/09/2031 04:00,2109.8779084717085
03/09/2031 05:00,3894.019563632568
03/09/2031 06:00,2261.84155489356
03/09/2031 07:00,3797.555611176035
03/09/2031 08:00,1955.2490655803383
03/09/2031 09:00,2647.0872238638412
03/09/2031 10:00,2840.1121513556423
03/09/2031 11:00,1426.2382742296043
03/09/2031 12:00,1235.2126193196389
03/09/2031 13:00,974.6508445117706
03/09/2031 14:00,1225.248716470745
03/09/2031 15:00,1238.4064045708278
03/09/2031 16:00,1365.827714374996
03/09/2031 17:00,418.3662211862819
03/09/2031 18:00,-0.0
03/09/2031 19:00,-0.0
03/09/2031 20:00,-0.0
03/09/2031 21:00,-0.0
03/09/2031 22:00,-0.0
03/09/2031 23:00,-0.0
04/09/2031 00:00,-0.0
04/09/2031 01:00,-0.0
04/09/2031 02:00,-0.0
04/09/2031 03:00,-0.0
04/09/2031 04:00,610.7412475384718
04/09/2031 05:00,-0.0
04/09/2031 06:00,-0.0
04/09/2031 07:00,-0.0
04/09/2031 08:00,112.66645786811415
04/09/2031 09:00,-0.0
04/09/2031 10:00,426.71421667444713
04/09/2031 11:00,-0.0
04/09/2031 12:00,-0.0
04/09/2031 13:00,-0.0
04/09/2031 14:00,-0.0
04/09/2031 15:00,750.7263360662394
04/09/2031 16:00,486.4526118584645
04/09/2031 17:00,-0.0
04/09/2031 18:00,-0.0
04/09/2031 19:00,-0.0
04/09/2031 20:00,-0.0
04/09/2031 21:00,-0.0
04/09/2031 22:00,-0.0
04/09/2031 23:00,-0.0
05/09/2031 00:00,-0.0
05/09/2031 01:00,-0.0
05/09/2031 02:00,-0.0
05/09/2031 03:00,-0.0
05/09/2031 04:00,-0.0
05/09/2031 05:00,-0.0
05/09/2031 06:00,-0.0
05/09/2031 07:00,-0.0
05/09/2031 08:00,-0.0
05/09/2031 09:00,-0.0
05/09/2031 10:00,-0.0
05/09/2031 11:00,1103.8744151337726
05/09/2031 12:00,28.88898704088568
05/09/2031 13:00,1004.361700938558
05/09/2031 14:00,675.0933795131501
05/09/2031 15:00,601.042093446429
05/09/2031 16:00,1815.7089363146076
05/09/2031 17:00,1166.7146638941347
05/09/2031 18:00,33.44016453563683
05/09/2031 19:00,1009.2951536137202
05/09/2031 20:00,616.2887908684265
05/09/2031 21:00,-0.0
05/09/2031 22:00,-0.0
05/09/2031 23:00,-0.0
06/09/2031 00:00,-0.0
06/09/2031 01:00,-0.0
06/09/2031 02:00,-0.0
06/09/2031 03:00,-0.0
06/09/2031 04:00,-0.0
06/09/2031 05:00,-0.0
06/09/2031 06:00,-0.0
06/09/2031 07:00,-0.0
06/09/2031 08:00,-0.0
06/09/2031 09:00,-0.0
06/09/2031 10:00,984.1877888466174
06/09/2031 11:00,865.7486113659573
06/09/2031 12:00,505.20766401592107
06/09/2031 13:00,623.2813214986386
06/09/2031 14:00,635.8051289562167
06/09/2031 15:00,1034.3270284621074
06/09/2031 16:00,1711.8992450894762
06/09/2031 17:00,1038.7938078801094
06/09/2031 18:00,1657.46671438952
06/09/2031 19:00,-0.0
06/09/2031 20:00,-0.0
06/09/2031 21:00,859.945236766456
06/09/2031 22:00,-0.0
06/09/2031 23:00,-0.0
07/09/2031 00:00,220.68835744611064
07/09/2031 01:00,-0.0
07/09/2031 02:00,-0.0
07/09/2031 03:00,-0.0
07/09/2031 04:00,844.9799028469379
07/09/2031 05:00,-0.0
07/09/2031 06:00,-0.0
07/09/2031 07:00,-0.0
07/09/2031 08:00,-0.0
07/09/2031 09:00,-0.0
07/09/2031 10:00,-0.0
07/09/2031 11:00,1468.328842687393
07/09/2031 12:00,1098.0798805444888
07/09/2031 13:00,669.5496527488519
07/09/2031 14:00,-0.0
07/09/2031 15:00,-0.0
07/09/2031 16:00,-0.0
07/09/2031 17:00,-0.0
07/09/2031 18:00,-0.0
07/09/2031 19:00,-0.0
07/09/2031 20:00,-0.0
07/09/2031 21:00,-0.0
07/09/2031 22:00,-0.0
07/09/2031 23:00,-0.0
08/09/2031 00:00,-0.0
08/09/2031 01:00,-0.0
08/09/2031 02:00,-0.0
08/09/2031 03:00,53.54400737297919
08/09/2031 04:00,-0.0
08/09/2031 05:00,-0.0
08/09/2031 06:00,-0.0
08/09/2031 07:00,-0.0
08/09/2031 08:00,187.57585276007455
08/09/2031 09:00,-0.0
08/09/2031 10:00,-0.0
08/09/2031 11:00,-0.0
08/09/2031 12:00,859.4002169597981
08/09/2031 13:00,-0.0
08/09/2031 14:00,138.9302782496203
08/09/2031 15:00,976.4568511063256
08/09/2031 16:00,-0.0
08/09/2031 17:00,-0.0
08/09/2031 18:00,9.317055467593294
08/09/2031 19:00,-0.0
08/09/2031 20:00,-0.0
08/09/2031 21:00,-0.0
08/09/2031 22:00,-0.0
08/09/2031 23:00,-0.0
09/09/2031 00:00,483.94583826841614
09/09/2031 01:00,-0.0
09/09/2031 02:00,-0.0
09/09/2031 03:00,-0.0
09/09/2031 04:00,-0.0
09/09/2031 05:00,-0.0
09/09/2031 06:00,-0.0
09/09/2031 07:00,-0.0
09/09/2031 08:00,-0.0
09/09/2031 09:00,-0.0
09/09/2031 10:00,691.121432899651
09/09/2031 11:00,230.55572123951245
09/09/2031 12:00,208.3149934984176
09/09/2031 13:00,397.79270158054186
09/09/2031 14:00,500.65354878984687
09/09/2031 15:00,1192.3060417119593
09/09/2031 16:00,1382.0123221404551
09/09/2031 17:00,484.4994713098836
09/09/2031 18:00,-0.0
09/09/2031 19:00,479.1372682146597
09/09/2031 20:00,-0.0
09/09/2031 21:00,-0.0
09/09/2031 22:00,-0.0
09/09/2031 23:00,-0.0
10/09/2031 00:00,-0.0
10/09/2031 01:00,-0.0
10/09/2031 02:00,-0.0
10/09/2031 03:00,-0.0
10/09/2031 04:00,-0.0
10/09/2031 05:00,-0.0
10/09/2031 06:00,-0.0
10/09/2031 07:00,-0.0
10/09/2031 08:00,-0.0
10/09/2031 09:00,-0.0
10/09/2031 10:00,-0.0
10/09/2031 11:00,1100.8968334348597
10/09/2031 12:00,282.624381352508
10/09/2031 13:00,631.2310944729795
10/09/2031 14:00,782.4987397037199
10/09/2031 15:00,1437.2169020049603
10/09/2031 16:00,1446.5560177805733
10/09/2031 17:00,717.3963798957502
10/09/2031 18:00,32.95804021531034
10/09/2031 19:00,-0.0
10/09/2031 20:00,-0.0
10/09/2031 21:00,866.791353777623
10/09/2031 22:00,318.7953603054201
10/09/2031 23:00,-0.0
11/09/2031 00:00,-0.0
11/09/2031 01:00,-0.0
11/09/2031 02:00,-0.0
11/09/2031 03:00,-0.0
11/09/2031 04:00,-0.0
11/09/2031 05:00,-0.0
11/09/2031 06:00,-0.0
11/09/2031 07:00,-0.0
11/09/2031 08:00,-0.0
11/09/2031 09:00,-0.0
11/09/2031 10:00,-0.0
11/09/2031 11:00,-0.0
11/09/2031 12:00,-0.0
11/09/2031 13:00,5.374103754026137
11/09/2031 14:00,1304.6685043101609
11/09/2031 15:00,1413.2446370730352
11/09/2031 16:00,758.1316641496109
11/09/2031 17:00,-0.0
11/09/2031 18:00,636.6965357607494
11/09/2031 19:00,206.6738935986899
11/09/2031 20:00,-0.0
11/09/2031 21:00,263.1468325243157
11/09/2031 22:00,-0.0
11/09/2031 23:00,-0.0
12/09/2031 00:00,-0.0
12/09/2031 01:00,-0.0
12/09/2031 02:00,-0.0
12/09/2031 03:00,-0.0
12/09/2031 04:00,-0.0
12/09/2031 05:00,-0.0
12/09/2031 06:00,-0.0
12/09/2031 07:00,-0.0
12/09/2031 08:00,-0.0
12/09/2031 09:00,-0.0
12/09/2031 10:00,-0.0
12/09/2031 11:00,260.8873043474689
12/09/2031 12:00,1002.9200498843696
12/09/2031 13:00,65.30716137050483
12/09/2031 14:00,-0.0
12/09/2031 15:00,1298.429558113879
12/09/2031 16:00,-0.0
12/09/2031 17:00,-0.0
12/09/2031 18:00,343.8428088312273
12/09/2031 19:00,-0.0
12/09/2031 20:00,-0.0
12/09/2031 21:00,-0.0
12/09/2031 22:00,-0.0
12/09/2031 23:00,-0.0
13/09/2031 00:00,-0.0
13/09/2031 01:00,-0.0
13/09/2031 02:00,-0.0
13/09/2031 03:00,-0.0
13/09/2031 04:00,-0.0
13/09/2031 05:00,-0.0
13/09/2031 06:00,-0.0
13/09/2031 07:00,101.34180701557483
13/09/2031 08:00,-0.0
13/09/2031 09:00,-0.0
13/09/2031 10:00,-0.0
13/09/2031 11:00,-0.0
13/09/2031 12:00,-0.0
13/09/2031 13:00,-0.0
13/09/2031 14:00,1293.9859605167073
13/09/2031 15:00,625.3683845433612
13/09/2031 16:00,194.80647193559977
13/09/2031 17:00,-0.0
13/09/2031 18:00,-0.0
13/09/2031 19:00,-0.0
13/09/2031 20:00,-0.0
13/09/2031 21:00,-0.0
13/09/2031 22:00,-0.0
13/09/2031 23:00,-0.0
14/09/2031 00:00,-0.0
14/09/2031 01:00,-0.0
14/09/2031 02:00,-0.0
14/09/2031 03:00,-0.0
14/09/2031 04:00,-0.0
14/09/2031 05:00,-0.0
14/09/2031 06:00,-0.0
14/09/2031 07:00,-0.0
14/09/2031 08:00,-0.0
14/09/2031 09:00,-0.0
14/09/2031 10:00,-0.0
14/09/2031 11:00,1496.1048448211366
14/09/2031 12:00,256.54832058107365
14/09/2031 13:00,443.5784478563719
14/09/2031 14:00,1322.5078904944799
14/09/2031 15:00,-0.0
14/09/2031 16:00,330.71754863740875
14/09/2031 17:00,-0.0
14/09/2031 18:00,-0.0
14/09/2031 19:00,-0.0
14/09/2031 20:00,-0.0
14/09/2031 21:00,-0.0
14/09/2031 22:00,-0.0
14/09/2031 23:00,-0.0
15/09/2031 00:00,-0.0
15/09/2031 01:00,-0.0
15/09/2031 02:00,-0.0
15/09/2031 03:00,-0.0
15/09/2031 04:00,-0.0
15/09/2031 05:00,-0.0
15/09/2031 06:00,-0.0
15/09/2031 07:00,417.3037357980011
15/09/2031 08:00,638.9298559750567
15/09/2031 09:00,228.089264108385
15/09/2031 10:00,736.9379391187781
15/09/2031 11:00,-0.0
15/09/2031 12:00,38.09566065716415
15/09/2031 13:00,1123.6026941033076
15/09/2031 14:00,-0.0
15/09/2031 15:00,-0.0
15/09/2031 16:00,239.6983891452424
15/09/2031 17:00,-0.0
15/09/2031 18:00,-0.0
15/09/2031 19:00,-0.0
15/09/2031 20:00,-0.0
15/09/2031 21:00,-0.0
15/09/2031 22:00,-0.0
15/09/2031 23:00,-0.0
16/09/2031 00:00,-0.0
16/09/2031 01:00,-0.0
16/09/2031 02:00,-0.0
16/09/2031 03:00,-0.0
16/09/2031 04:00,-0.0
16/09/2031 05:00,-0.0
16/09/2031 06:00,-0.0
16/09/2031 07:00,-0.0
16/09/2031 08:00,-0.0
16/09/2031 09:00,-0.0
16/09/2031 10:00,558.3536664809424
16/09/2031 11:00,-0.0
16/09/2031 12:00,556.2585944881455
16/09/2031 13:00,772.6175714795799
16/09/2031 14:00,937.5139944815514
16/09/2031 15:00,1606.5224205446302
16/09/2031 16:00,1124.4281086686576
16/09/2031 17:00,101.35623379517115
16/09/2031 18:00,117.6126109525526
16/09/2031 19:00,-0.0
16/09/2031 20:00,-0.0
16/09/2031 21:00,-0.0
16/09/2031 22:00,-0.0
16/09/2031 23:00,-0.0
17/09/2031 00:00,-0.0
17/09/2031 01:00,-0.0
17/09/2031 02:00,-0.0
17/09/2031 03:00,-0.0
17/09/2031 04:00,-0.0
17/09/2031 05:00,-0.0
17/09/2031 06:00,-0.0
17/09/2031 07:00,746.6689864673647
17/09/2031 08:00,-0.0
17/09/2031 09:00,1241.348517161194
17/09/2031 10:00,2018.1249027450087
17/09/2031 11:00,1999.9062468952914
17/09/2031 12:00,1791.4647476087753
17/09/2031 13:00,1984.9931748859742
17/09/2031 14:00,2056.553055170965
17/09/2031 15:00,1694.6496209604727
17/09/2031 16:00,1777.6639828480395
17/09/2031 17:00,594.1949499512845
17/09/2031 18:00,-0.0
17/09/2031 19:00,82.46596015867114
17/09/2031 20:00,-0.0
17/09/2031 21:00,-0.0
17/09/2031 22:00,-0.0
17/09/2031 23:00,-0.0
18/09/2031 00:00,-0.0
18/09/2031 01:00,-0.0
18/09/2031 02:00,-0.0
18/09/2031 03:00,-0.0
18/09/2031 04:00,-0.0
18/09/2031 05:00,-0.0
18/09/2031 06:00,-0.0
18/09/2031 07:00,-0.0
18/09/2031 08:00,564.5630248839774
18/09/2031 09:00,1638.5216309338737
18/09/2031 10:00,2522.7845025821152
18/09/2031 11:00,1965.1652444653648
18/09/2031 12:00,1926.5901654644206
18/09/2031 13:00,1990.8662421874103
18/09/2031 14:00,2357.6664731345563
18/09/2031 15:00,1492.0509537637683
18/09/2031 16:00,2453.5764051804686
18/09/2031 17:00,1732.2911054197932
18/09/2031 18:00,2613.339683798834
18/09/2031 19:00,979.1117628181748
18/09/2031 20:00,315.7986413189837
18/09/2031 21:00,1798.1554047173868
18/09/2031 22:00,978.3356317088254
18/09/2031 23:00,778.4876868425259
19/09/2031 00:00,625.5877421355323
19/09/2031 01:00,511.865885706562
19/09/2031 02:00,497.71342366292384
19/09/2031 03:00,457.2696805862248
19/09/2031 04:00,304.3415058071403
19/09/2031 05:00,1459.8542469828215
19/09/2031 06:00,1029.8607998155871
19/09/2031 07:00,-0.0
19/09/2031 08:00,-0.0
19/09/2031 09:00,686.4235676923619
19/09/2031 10:00,1499.099313240176
19/09/2031 11:00,846.0559422477696
19/09/2031 12:00,612.1704786967008
19/09/2031 13:00,834.7137945361196
19/09/2031 14:00,571.1761922395344
19/09/2031 15:00,1167.3404853403865
19/09/2031 16:00,1465.4655084637754
19/09/2031 17:00,595.2491598900644
19/09/2031 18:00,-0.0
19/09/2031 19:00,-0.0
19/09/2031 20:00,-0.0
19/09/2031 21:00,345.448149342726
19/09/2031 22:00,152.12910307299305
19/09/2031 23:00,360.4133390484632
20/09/2031 00:00,529.7718132650226
20/09/2031 01:00,188.41793394573176
20/09/2031 02:00,307.51598840101525
20/09/2031 03:00,-0.0
20/09/2031 04:00,-0.0
20/09/2031 05:00,-0.0
20/09/2031 06:00,-0.0
20/09/2031 07:00,553.4963915854686
20/09/2031 08:00,142.95347746376217
20/09/2031 09:00,831.5020136472983
20/09/2031 10:00,-0.0
20/09/2031 11:00,-0.0
20/09/2031 12:00,-0.0
20/09/2031 13:00,574.38760942978
20/09/2031 14:00,-0.0
20/09/2031 15:00,-0.0
20/09/2031 16:00,-0.0
20/09/2031 17:00,-0.0
20/09/2031 18:00,-0.0
20/09/2031 19:00,-0.0
20/09/2031 20:00,-0.0
20/09/2031 21:00,-0.0
20/09/2031 22:00,-0.0
20/09/2031 23:00,-0.0
21/09/2031 00:00,-0.0
21/09/2031 01:00,-0.0
21/09/2031 02:00,-0.0
21/09/2031 03:00,-0.0
21/09/2031 04:00,-0.0
21/09/2031 05:00,-0.0
21/09/2031 06:00,-0.0
21/09/2031 07:00,-0.0
21/09/2031 08:00,-0.0
21/09/2031 09:00,63.79511352799691
21/09/2031 10:00,-0.0
21/09/2031 11:00,-0.0
21/09/2031 12:00,-0.0
21/09/2031 13:00,-0.0
21/09/2031 14:00,-0.0
21/09/2031 15:00,655.8724538383585
21/09/2031 16:00,-0.0
21/09/2031 17:00,-0.0
21/09/2031 18:00,-0.0
21/09/2031 19:00,-0.0
21/09/2031 20:00,-0.0
21/09/2031 21:00,144.40484013168438
21/09/2031 22:00,358.4212540443035
21/09/2031 23:00,-0.0
22/09/2031 00:00,-0.0
22/09/2031 01:00,-0.0
22/09/2031 02:00,-0.0
22/09/2031 03:00,86.29194898130638
22/09/2031 04:00,-0.0
22/09/2031 05:00,-0.0
22/09/2031 06:00,-0.0
22/09/2031 07:00,-0.0
22/09/2031 08:00,-0.0
22/09/2031 09:00,-0.0
22/09/2031 10:00,-0.0
22/09/2031 11:00,-0.0
22/09/2031 12:00,-0.0
22/09/2031 13:00,-0.0
22/09/2031 14:00,-0.0
22/09/2031 15:00,-0.0
22/09/2031 16:00,-0.0
22/09/2031 17:00,1227.8761498535052
22/09/2031 18:00,618.1019494495686
22/09/2031 19:00,153.26608404086716
22/09/2031 20:00,-0.0
22/09/2031 21:00,-0.0
22/09/2031 22:00,-0.0
22/09/2031 23:00,-0.0
23/09/2031 00:00,-0.0
23/09/2031 01:00,-0.0
23/09/2031 02:00,-0.0
23/09/2031 03:00,-0.0
23/09/2031 04:00,-0.0
23/09/2031 05:00,-0.0
23/09/2031 06:00,-0.0
23/09/2031 07:00,-0.0
23/09/2031 08:00,-0.0
23/09/2031 09:00,-0.0
23/09/2031 10:00,499.06115751863126
23/09/2031 11:00,-0.0
23/09/2031 12:00,262.4832316841284
23/09/2031 13:00,352.840574177861
23/09/2031 14:00,463.7646847250929
23/09/2031 15:00,1143.013329018129
23/09/2031 16:00,722.502771578128
23/09/2031 17:00,846.627926203316
23/09/2031 18:00,-0.0
23/09/2031 19:00,-0.0
23/09/2031 20:00,107.61693706169643
23/09/2031 21:00,98.76468544919673
23/09/2031 22:00,-0.0
23/09/2031 23:00,-0.0
24/09/2031 00:00,-0.0
24/09/2031 01:00,-0.0
24/09/2031 02:00,-0.0
24/09/2031 03:00,-0.0
24/09/2031 04:00,-0.0
24/09/2031 05:00,456.0837546832529
24/09/2031 06:00,-0.0
24/09/2031 07:00,-0.0
24/09/2031 08:00,-0.0
24/09/2031 09:00,303.9652363802899
24/09/2031 10:00,1620.3434600662667
24/09/2031 11:00,860.5659035026936
24/09/2031 12:00,1516.2207927662214
24/09/2031 13:00,1925.053324838928
24/09/2031 14:00,2567.5659891368405
24/09/2031 15:00,4313.364449061252
24/09/2031 16:00,3999.3427162157504
24/09/2031 17:00,3938.3715998115435
24/09/2031 18:00,3063.0626028146617
24/09/2031 19:00,1987.980368818084
24/09/2031 20:00,1991.0759231111506
24/09/2031 21:00,1372.4214153402763
24/09/2031 22:00,984.4497560430647
24/09/2031 23:00,768.6165935463803
25/09/2031 00:00,975.9330797415822
25/09/2031 01:00,1024.9994554713676
25/09/2031 02:00,945.3147010640427
25/09/2031 03:00,2736.439997408411
25/09/2031 04:00,1339.5521158583579
25/09/2031 05:00,2913.935068787275
25/09/2031 06:00,1110.9788700178744
25/09/2031 07:00,1150.6108021718262
25/09/2031 08:00,2416.3416126109073
25/09/2031 09:00,750.3087001018836
25/09/2031 10:00,1709.6827493035776
25/09/2031 11:00,800.6552762587905
25/09/2031 12:00,379.52741577524677
25/09/2031 13:00,310.1741362355869
25/09/2031 14:00,77.30199463186821
25/09/2031 15:00,1160.9267080198506
25/09/2031 16:00,1014.542732817085
25/09/2031 17:00,1057.591180418794
25/09/2031 18:00,465.20714753630136
25/09/2031 19:00,1041.3099395729478
25/09/2031 20:00,449.5360651350617
25/09/2031 21:00,427.04012751365
25/09/2031 22:00,-0.0
25/09/2031 23:00,-0.0
26/09/2031 00:00,-0.0
26/09/2031 01:00,-0.0
26/09/2031 02:00,-0.0
26/09/2031 03:00,-0.0
26/09/2031 04:00,-0.0
26/09/2031 05:00,-0.0
26/09/2031 06:00,-0.0
26/09/2031 07:00,-0.0
26/09/2031 08:00,-0.0
26/09/2031 09:00,-0.0
26/09/2031 10:00,152.4844588738671
26/09/2031 11:00,-0.0
26/09/2031 12:00,-0.0
26/09/2031 13:00,1.4204184238752309
26/09/2031 14:00,-0.0
26/09/2031 15:00,1015.4808613974187
26/09/2031 16:00,246.89547073591248
26/09/2031 17:00,-0.0
26/09/2031 18:00,-0.0
26/09/2031 19:00,-0.0
26/09/2031 20:00,-0.0
26/09/2031 21:00,-0.0
26/09/2031 22:00,-0.0
26/09/2031 23:00,-0.0
27/09/2031 00:00,-0.0
27/09/2031 01:00,-0.0
27/09/2031 02:00,-0.0
27/09/2031 03:00,-0.0
27/09/2031 04:00,-0.0
27/09/2031 05:00,-0.0
27/09/2031 06:00,122.79213528245991
27/09/2031 07:00,-0.0
27/09/2031 08:00,-0.0
27/09/2031 09:00,-0.0
27/09/2031 10:00,-0.0
27/09/2031 11:00,-0.0
27/09/2031 12:00,-0.0
27/09/2031 13:00,-0.0
27/09/2031 14:00,285.2337505669681
27/09/2031 15:00,-0.0
27/09/2031 16:00,-0.0
27/09/2031 17:00,-0.0
27/09/2031 18:00,-0.0
27/09/2031 19:00,-0.0
27/09/2031 20:00,-0.0
27/09/2031 21:00,-0.0
27/09/2031 22:00,-0.0
27/09/2031 23:00,-0.0
28/09/2031 00:00,-0.0
28/09/2031 01:00,-0.0
28/09/2031 02:00,-0.0
28/09/2031 03:00,-0.0
28/09/2031 04:00,-0.0
28/09/2031 05:00,-0.0
28/09/2031 06:00,-0.0
28/09/2031 07:00,-0.0
28/09/2031 08:00,-0.0
28/09/2031 09:00,-0.0
28/09/2031 10:00,-0.0
28/09/2031 11:00,-0.0
28/09/2031 12:00,31.538050199009827
28/09/2031 13:00,-0.0
28/09/2031 14:00,-0.0
28/09/2031 15:00,-0.0
28/09/2031 16:00,-0.0
28/09/2031 17:00,-0.0
28/09/2031 18:00,-0.0
28/09/2031 19:00,-0.0
28/09/2031 20:00,-0.0
28/09/2031 21:00,-0.0
28/09/2031 22:00,-0.0
28/09/2031 23:00,-0.0
29/09/2031 00:00,-0.0
29/09/2031 01:00,-0.0
29/09/2031 02:00,-0.0
29/09/2031 03:00,-0.0
29/09/2031 04:00,-0.0
29/09/2031 05:00,-0.0
29/09/2031 06:00,-0.0
29/09/2031 07:00,-0.0
29/09/2031 08:00,-0.0
29/09/2031 09:00,-0.0
29/09/2031 10:00,-0.0
29/09/2031 11:00,-0.0
29/09/2031 12:00,-0.0
29/09/2031 13:00,-0.0
29/09/2031 14:00,-0.0
29/09/2031 15:00,-0.0
29/09/2031 16:00,469.30133122008664
29/09/2031 17:00,51.97031387707661
29/09/2031 18:00,-0.0
29/09/2031 19:00,-0.0
29/09/2031 20:00,-0.0
29/09/2031 21:00,-0.0
29/09/2031 22:00,-0.0
29/09/2031 23:00,-0.0
30/09/2031 00:00,181.37505207349994
30/09/2031 01:00,-0.0
30/09/2031 02:00,-0.0
30/09/2031 03:00,-0.0
30/09/2031 04:00,-0.0
30/09/2031 05:00,-0.0
30/09/2031 06:00,-0.0
30/09/2031 07:00,-0.0
30/09/2031 08:00,-0.0
30/09/2031 09:00,-0.0
30/09/2031 10:00,106.95632748283293
30/09/2031 11:00,594.8751211714713
30/09/2031 12:00,63.68973929798012
30/09/2031 13:00,175.85346437182358
30/09/2031 14:00,217.21799821341332
30/09/2031 15:00,1254.543946768444
30/09/2031 16:00,-0.0
30/09/2031 17:00,-0.0
30/09/2031 18:00,219.81950732473285
30/09/2031 19:00,-0.0
30/09/2031 20:00,-0.0
30/09/2031 21:00,119.02002691421939
30/09/2031 22:00,217.42880509890148
30/09/2031 23:00,-0.0
01/10/2031 00:00,-0.0
01/10/2031 01:00,-0.0
01/10/2031 02:00,-0.0
01/10/2031 03:00,-0.0
01/10/2031 04:00,-0.0
01/10/2031 05:00,-0.0
01/10/2031 06:00,-0.0
01/10/2031 07:00,-0.0
01/10/2031 08:00,-0.0
01/10/2031 09:00,265.11224882363103
01/10/2031 10:00,1341.9039536198234
01/10/2031 11:00,514.4847072048672
01/10/2031 12:00,895.0223675494967
01/10/2031 13:00,962.2467853140075
01/10/2031 14:00,860.3032687441591
01/10/2031 15:00,1618.7021869728453
01/10/2031 16:00,1040.6869543068594
01/10/2031 17:00,-0.0
01/10/2031 18:00,83.61469144476465
01/10/2031 19:00,-0.0
01/10/2031 20:00,-0.0
01/10/2031 21:00,66.62175465542707
01/10/2031 22:00,-0.0
01/10/2031 23:00,-0.0
02/10/2031 00:00,-0.0
02/10/2031 01:00,-0.0
02/10/2031 02:00,-0.0
02/10/2031 03:00,-0.0
02/10/2031 04:00,-0.0
02/10/2031 05:00,-0.0
02/10/2031 06:00,-0.0
02/10/2031 07:00,-0.0
02/10/2031 08:00,-0.0
02/10/2031 09:00,-0.0
02/10/2031 10:00,-0.0
02/10/2031 11:00,-0.0
02/10/2031 12:00,-0.0
02/10/2031 13:00,-0.0
02/10/2031 14:00,111.38154661643144
02/10/2031 15:00,-0.0
02/10/2031 16:00,-0.0
02/10/2031 17:00,459.89735174400863
02/10/2031 18:00,-0.0
02/10/2031 19:00,-0.0
02/10/2031 20:00,-0.0
02/10/2031 21:00,211.98595725947678
02/10/2031 22:00,-0.0
02/10/2031 23:00,-0.0
03/10/2031 00:00,-0.0
03/10/2031 01:00,-0.0
03/10/2031 02:00,-0.0
03/10/2031 03:00,-0.0
03/10/2031 04:00,-0.0
03/10/2031 05:00,-0.0
03/10/2031 06:00,-0.0
03/10/2031 07:00,310.23691047155523
03/10/2031 08:00,-0.0
03/10/2031 09:00,-0.0
03/10/2031 10:00,995.1091179899815
03/10/2031 11:00,2083.5762653204915
03/10/2031 12:00,1051.2474924183393
03/10/2031 13:00,1422.6405139402486
03/10/2031 14:00,1636.9746134656093
03/10/2031 15:00,1468.8096249250384
03/10/2031 16:00,2425.4667460340506
03/10/2031 17:00,1970.3791486077273
03/10/2031 18:00,2346.6984605567914
03/10/2031 19:00,635.7465139244498
03/10/2031 20:00,581.8150256197358
03/10/2031 21:00,720.2301252931006
03/10/2031 22:00,310.7283637520037
03/10/2031 23:00,1926.798745190165
04/10/2031 00:00,184.22899917099915
04/10/2031 01:00,276.35783818858243
04/10/2031 02:00,416.2637663616609
04/10/2031 03:00,432.6322200061111
04/10/2031 04:00,441.03730372831154
04/10/2031 05:00,349.25816961157614
04/10/2031 06:00,64.83576633091494
04/10/2031 07:00,1470.9568144157065
04/10/2031 08:00,1131.2108949801757
04/10/2031 09:00,329.9009011960049
04/10/2031 10:00,1081.623998229232
04/10/2031 11:00,1255.0249027793095
04/10/2031 12:00,745.5323973658619
04/10/2031 13:00,1300.9659216709651
04/10/2031 14:00,1789.5076937677522
04/10/2031 15:00,2699.1315946470872
04/10/2031 16:00,1992.2460067377017
04/10/2031 17:00,1806.2299945325203
04/10/2031 18:00,2770.4733815983004
04/10/2031 19:00,2128.17248589864
04/10/2031 20:00,805.3577955605233
04/10/2031 21:00,1827.0034917981309
04/10/2031 22:00,1362.1439761909373
04/10/2031 23:00,338.12831825383694
05/10/2031 00:00,282.07104064871817
05/10/2031 01:00,-0.0
05/10/2031 02:00,-0.0
05/10/2031 03:00,-0.0
05/10/2031 04:00,138.81250557758426
05/10/2031 05:00,1343.366897002803
05/10/2031 06:00,2682.683887622952
05/10/2031 07:00,2461.706456360654
05/10/2031 08:00,2039.0968247610633
05/10/2031 09:00,2561.086401493603
05/10/2031 10:00,3061.7315548953625
05/10/2031 11:00,3902.353692810285
05/10/2031 12:00,3593.7718328065516
05/10/2031 13:00,4458.6438098900135
05/10/2031 14:00,4062.4782500649844
05/10/2031 15:00,4023.0064299812525
05/10/2031 16:00,3285.3565323267503
05/10/2031 17:00,3974.6363540719417
05/10/2031 18:00,2641.0414251215343
05/10/2031 19:00,2001.3642435325764
05/10/2031 20:00,1896.3289516329269
05/10/2031 21:00,2086.9975629406417
05/10/2031 22:00,774.1798081111075
05/10/2031 23:00,1123.325916181901
06/10/2031 00:00,3252.734667785242
06/10/2031 01:00,3444.5249100956003
06/10/2031 02:00,1777.2521002057574
06/10/2031 03:00,2429.439811723888
06/10/2031 04:00,837.77289248089
06/10/2031 05:00,1995.677750391656
06/10/2031 06:00,2617.414501587689
06/10/2031 07:00,598.4092344227911
06/10/2031 08:00,2508.386905881263
06/10/2031 09:00,2336.779586217445
06/10/2031 10:00,3559.0048578953943
06/10/2031 11:00,2599.5322753515507
06/10/2031 12:00,-0.0
06/10/2031 13:00,-0.0
06/10/2031 14:00,-0.0
06/10/2031 15:00,12.032388618229518
06/10/2031 16:00,1977.0186014231929
06/10/2031 17:00,2233.2433792409606
06/10/2031 18:00,1963.9412295888685
06/10/2031 19:00,1482.34084955165
06/10/2031 20:00,1386.3406652148763
06/10/2031 21:00,-0.0
06/10/2031 22:00,-0.0
06/10/2031 23:00,-0.0
07/10/2031 00:00,-0.0
07/10/2031 01:00,5.851688616831776
07/10/2031 02:00,-0.0
07/10/2031 03:00,-0.0
07/10/2031 04:00,-0.0
07/10/2031 05:00,-0.0
07/10/2031 06:00,-0.0
07/10/2031 07:00,-0.0
07/10/2031 08:00,-0.0
07/10/2031 09:00,1.3951293511110752
07/10/2031 10:00,252.21049416488628
07/10/2031 11:00,19.036400440236317
07/10/2031 12:00,-0.0
07/10/2031 13:00,-0.0
07/10/2031 14:00,181.99537640546495
07/10/2031 15:00,1197.458480199116
07/10/2031 16:00,917.6602605838433
07/10/2031 17:00,-0.0
07/10/2031 18:00,-0.0
07/10/2031 19:00,351.8727763025574
07/10/2031 20:00,222.1224248304837
07/10/2031 21:00,161.01105124375795
07/10/2031 22:00,-0.0
07/10/2031 23:00,-0.0
08/10/2031 00:00,-0.0
08/10/2031 01:00,-0.0
08/10/2031 02:00,-0.0
08/10/2031 03:00,-0.0
08/10/2031 04:00,-0.0
08/10/2031 05:00,-0.0
08/10/2031 06:00,-0.0
08/10/2031 07:00,-0.0
08/10/2031 08:00,-0.0
08/10/2031 09:00,-0.0
08/10/2031 10:00,140.33794279094204
08/10/2031 11:00,-0.0
08/10/2031 12:00,-0.0
08/10/2031 13:00,-0.0
08/10/2031 14:00,-0.0
08/10/2031 15:00,-0.0
08/10/2031 16:00,-0.0
08/10/2031 17:00,-0.0
08/10/2031 18:00,-0.0
08/10/2031 19:00,-0.0
08/10/2031 20:00,-0.0
08/10/2031 21:00,-0.0
08/10/2031 22:00,87.31346899058462
08/10/2031 23:00,-0.0
09/10/2031 00:00,-0.0
09/10/2031 01:00,-0.0
09/10/2031 02:00,-0.0
09/10/2031 03:00,-0.0
09/10/2031 04:00,-0.0
09/10/2031 05:00,-0.0
09/10/2031 06:00,-0.0
09/10/2031 07:00,405.4737329863907
09/10/2031 08:00,-0.0
09/10/2031 09:00,-0.0
09/10/2031 10:00,-0.0
09/10/2031 11:00,-0.0
09/10/2031 12:00,-0.0
09/10/2031 13:00,-0.0
09/10/2031 14:00,-0.0
09/10/2031 15:00,-0.0
09/10/2031 16:00,756.7071392698332
09/10/2031 17:00,365.5372970301179
09/10/2031 18:00,-0.0
09/10/2031 19:00,-0.0
09/10/2031 20:00,-0.0
09/10/2031 21:00,-0.0
09/10/2031 22:00,390.6945353382946
09/10/2031 23:00,-0.0
10/10/2031 00:00,-0.0
10/10/2031 01:00,-0.0
10/10/2031 02:00,-0.0
10/10/2031 03:00,-0.0
10/10/2031 04:00,-0.0
10/10/2031 05:00,-0.0
10/10/2031 06:00,-0.0
10/10/2031 07:00,-0.0
10/10/2031 08:00,-0.0
10/10/2031 09:00,-0.0
10/10/2031 10:00,349.38009440444733
10/10/2031 11:00,-0.0
10/10/2031 12:00,210.98492273149273
10/10/2031 13:00,375.5927914429613
10/10/2031 14:00,-0.0
10/10/2031 15:00,809.5533174820513
10/10/2031 16:00,194.5341421110613
10/10/2031 17:00,-0.0
10/10/2031 18:00,584.0584658800929
10/10/2031 19:00,-0.0
10/10/2031 20:00,-0.0
10/10/2031 21:00,379.59465128352025
10/10/2031 22:00,-0.0
10/10/2031 23:00,-0.0
11/10/2031 00:00,-0.0
11/10/2031 01:00,-0.0
11/10/2031 02:00,-0.0
11/10/2031 03:00,-0.0
11/10/2031 04:00,-0.0
11/10/2031 05:00,-0.0
11/10/2031 06:00,-0.0
11/10/2031 07:00,-0.0
11/10/2031 08:00,-0.0
11/10/2031 09:00,-0.0
11/10/2031 10:00,-0.0
11/10/2031 11:00,694.015690927912
11/10/2031 12:00,26.52181660973897
11/10/2031 13:00,127.7139698648169
11/10/2031 14:00,41.454539876057176
11/10/2031 15:00,-0.0
11/10/2031 16:00,97.75210108552399
11/10/2031 17:00,-0.0
11/10/2031 18:00,82.46333828016655
11/10/2031 19:00,-0.0
11/10/2031 20:00,-0.0
11/10/2031 21:00,136.45030266960313
11/10/2031 22:00,201.07842323195652
11/10/2031 23:00,-0.0
12/10/2031 00:00,-0.0
12/10/2031 01:00,-0.0
12/10/2031 02:00,-0.0
12/10/2031 03:00,-0.0
12/10/2031 04:00,-0.0
12/10/2031 05:00,-0.0
12/10/2031 06:00,-0.0
12/10/2031 07:00,-0.0
12/10/2031 08:00,-0.0
12/10/2031 09:00,109.49284417364609
12/10/2031 10:00,-0.0
12/10/2031 11:00,1466.7200847906563
12/10/2031 12:00,490.8074989244245
12/10/2031 13:00,1300.8537132013328
12/10/2031 14:00,935.193690501256
12/10/2031 15:00,1115.496624218443
12/10/2031 16:00,2634.9101174607954
12/10/2031 17:00,1923.7587128839427
12/10/2031 18:00,2448.5820515855316
12/10/2031 19:00,2800.16960873207
12/10/2031 20:00,2723.9772558473665
12/10/2031 21:00,2415.562764891885
12/10/2031 22:00,1500.3946028431087
12/10/2031 23:00,2609.149732151103
13/10/2031 00:00,1433.77550025234
13/10/2031 01:00,1692.8344893909752
13/10/2031 02:00,1968.9461415859078
13/10/2031 03:00,-0.0
13/10/2031 04:00,2750.029147295955
13/10/2031 05:00,4522.525269197031
13/10/2031 06:00,2605.5152846916008
13/10/2031 07:00,3208.337620093306
13/10/2031 08:00,3647.6314662777604
13/10/2031 09:00,-0.0
13/10/2031 10:00,1326.4445757490594
13/10/2031 11:00,-0.0
13/10/2031 12:00,-0.0
13/10/2031 13:00,-0.0
13/10/2031 14:00,-0.0
13/10/2031 15:00,-0.0
13/10/2031 16:00,-0.0
13/10/2031 17:00,2462.230817044919
13/10/2031 18:00,-0.0
13/10/2031 19:00,-0.0
13/10/2031 20:00,-0.0
13/10/2031 21:00,-0.0
13/10/2031 22:00,-0.0
13/10/2031 23:00,528.6419517586637
14/10/2031 00:00,648.3700175449075
14/10/2031 01:00,1062.337373541849
14/10/2031 02:00,1041.739285247932
14/10/2031 03:00,1043.7022902844756
14/10/2031 04:00,626.4172047650828
14/10/2031 05:00,-0.0
14/10/2031 06:00,377.4970477776907
14/10/2031 07:00,824.1316087348188
14/10/2031 08:00,472.6108396594665
14/10/2031 09:00,409.68113407595894
14/10/2031 10:00,1530.9275560690858
14/10/2031 11:00,-0.0
14/10/2031 12:00,1164.8660792351545
14/10/2031 13:00,1103.2656584254444
14/10/2031 14:00,-0.0
14/10/2031 15:00,866.372726465061
14/10/2031 16:00,-0.0
14/10/2031 17:00,369.50356208769114
14/10/2031 18:00,-0.0
14/10/2031 19:00,-0.0
14/10/2031 20:00,-0.0
14/10/2031 21:00,735.8312259710059
14/10/2031 22:00,-0.0
14/10/2031 23:00,-0.0
15/10/2031 00:00,208.70277578280587
15/10/2031 01:00,-0.0
15/10/2031 02:00,-0.0
15/10/2031 03:00,-0.0
15/10/2031 04:00,208.17374897096823
15/10/2031 05:00,-0.0
15/10/2031 06:00,329.10748426908765
15/10/2031 07:00,464.2432342883171
15/10/2031 08:00,-0.0
15/10/2031 09:00,-0.0
15/10/2031 10:00,683.3676505226894
15/10/2031 11:00,752.4582883442192
15/10/2031 12:00,509.2826968021153
15/10/2031 13:00,682.0719454198497
15/10/2031 14:00,1146.464144445574
15/10/2031 15:00,211.5360648856713
15/10/2031 16:00,997.8182048602905
15/10/2031 17:00,-0.0
15/10/2031 18:00,-0.0
15/10/2031 19:00,94.58594711331602
15/10/2031 20:00,32.73007408992021
15/10/2031 21:00,61.13308083013186
15/10/2031 22:00,-0.0
15/10/2031 23:00,-0.0
16/10/2031 00:00,-0.0
16/10/2031 01:00,-0.0
16/10/2031 02:00,-0.0
16/10/2031 03:00,-0.0
16/10/2031 04:00,-0.0
16/10/2031 05:00,-0.0
16/10/2031 06:00,-0.0
16/10/2031 07:00,193.1626014332099
16/10/2031 08:00,-0.0
16/10/2031 09:00,625.4886270725339
16/10/2031 10:00,2639.8854723676855
16/10/2031 11:00,2113.3676894931464
16/10/2031 12:00,2122.638810647615
16/10/2031 13:00,2083.9223672018657
16/10/2031 14:00,1605.8446143207798
16/10/2031 15:00,2557.2169920606166
16/10/2031 16:00,2115.6433191753995
16/10/2031 17:00,786.5619132796757
16/10/2031 18:00,-0.0
16/10/2031 19:00,-0.0
16/10/2031 20:00,13.67534467356785
16/10/2031 21:00,-0.0
16/10/2031 22:00,-0.0
16/10/2031 23:00,-0.0
17/10/2031 00:00,-0.0
17/10/2031 01:00,306.5515325287538
17/10/2031 02:00,-0.0
17/10/2031 03:00,-0.0
17/10/2031 04:00,-0.0
17/10/2031 05:00,-0.0
17/10/2031 06:00,-0.0
17/10/2031 07:00,-0.0
17/10/2031 08:00,-0.0
17/10/2031 09:00,-0.0
17/10/2031 10:00,-0.0
17/10/2031 11:00,-0.0
17/10/2031 12:00,1043.1634932231873
17/10/2031 13:00,62.596678246106485
17/10/2031 14:00,289.52002805132213
17/10/2031 15:00,1351.6674939129032
17/10/2031 16:00,134.66794370379407
17/10/2031 17:00,2151.855498324212
17/10/2031 18:00,755.869091155093
17/10/2031 19:00,1771.5982951331873
17/10/2031 20:00,1687.0441359390018
17/10/2031 21:00,2004.1894079887873
17/10/2031 22:00,-0.0
17/10/2031 23:00,257.62250227059747
18/10/2031 00:00,509.6126074792388
18/10/2031 01:00,507.3034451064692
18/10/2031 02:00,663.5973195229998
18/10/2031 03:00,738.2329435405086
18/10/2031 04:00,1063.979387161472
18/10/2031 05:00,1594.253708541482
18/10/2031 06:00,1311.3880341224556
18/10/2031 07:00,1147.410393077428
18/10/2031 08:00,828.6076806222337
18/10/2031 09:00,1804.2327879764694
18/10/2031 10:00,2997.330967900863
18/10/2031 11:00,2873.95990302112
18/10/2031 12:00,5794.0868323236145
18/10/2031 13:00,5024.856480710637
18/10/2031 14:00,5149.0367709870625
18/10/2031 15:00,4333.406903186025
18/10/2031 16:00,4558.735618584215
18/10/2031 17:00,3173.7049580221988
18/10/2031 18:00,3481.252250230302
18/10/2031 19:00,2903.043522773142
18/10/2031 20:00,2607.468289939419
18/10/2031 21:00,1805.600101441501
18/10/2031 22:00,1548.2399331412637
18/10/2031 23:00,441.60334194601705
19/10/2031 00:00,-0.0
19/10/2031 01:00,-0.0
19/10/2031 02:00,1373.6937207280464
19/10/2031 03:00,-0.0
19/10/2031 04:00,143.0129621453908
19/10/2031 05:00,1130.831806808634
19/10/2031 06:00,2035.9375787421027
19/10/2031 07:00,1761.80603848539
19/10/2031 08:00,1922.790840459393
19/10/2031 09:00,1852.3058034543503
19/10/2031 10:00,464.7489667663672
19/10/2031 11:00,2466.3304867683823
19/10/2031 12:00,1602.9672270595993
19/10/2031 13:00,2005.9171661467462
19/10/2031 14:00,2542.952830593931
19/10/2031 15:00,3471.6095057807925
19/10/2031 16:00,2359.7255496156513
19/10/2031 17:00,2416.5783520016425
19/10/2031 18:00,56.588485747340926
19/10/2031 19:00,1037.6092124102404
19/10/2031 20:00,1324.8418267871286
19/10/2031 21:00,1642.2622120341114
19/10/2031 22:00,374.5517257057926
19/10/2031 23:00,520.1216077250722
20/10/2031 00:00,563.0911782824626
20/10/2031 01:00,574.6335045472093
20/10/2031 02:00,93.6292050302423
20/10/2031 03:00,-0.0
20/10/2031 04:00,-0.0
20/10/2031 05:00,303.2754634179787
20/10/2031 06:00,1384.7112499701168
20/10/2031 07:00,-0.0
20/10/2031 08:00,-0.0
20/10/2031 09:00,-0.0
20/10/2031 10:00,80.663909685204
20/10/2031 11:00,-0.0
20/10/2031 12:00,1050.791331418259
20/10/2031 13:00,43.33466634869213
20/10/2031 14:00,32.53980075990846
20/10/2031 15:00,-0.0
20/10/2031 16:00,-0.0
20/10/2031 17:00,-0.0
20/10/2031 18:00,404.7269589542707
20/10/2031 19:00,499.54147371496924
20/10/2031 20:00,756.466733860736
20/10/2031 21:00,1046.0984983302933
20/10/2031 22:00,154.31064286553033
20/10/2031 23:00,349.1753577094946
21/10/2031 00:00,480.4016137174379
21/10/2031 01:00,-0.0
21/10/2031 02:00,224.4689431232409
21/10/2031 03:00,-0.0
21/10/2031 04:00,-0.0
21/10/2031 05:00,122.76590582476791
21/10/2031 06:00,1163.3638360157438
21/10/2031 07:00,1353.0116637645547
21/10/2031 08:00,1338.7430352054723
21/10/2031 09:00,523.9361383889592
21/10/2031 10:00,-0.0
21/10/2031 11:00,1528.5671924233063
21/10/2031 12:00,1105.3858398777227
21/10/2031 13:00,1794.764336729842
21/10/2031 14:00,2138.1969424638346
21/10/2031 15:00,248.41761175429403
21/10/2031 16:00,1182.910497417012
21/10/2031 17:00,363.08450500695653
21/10/2031 18:00,1308.3177413527221
21/10/2031 19:00,1175.6370335676847
21/10/2031 20:00,1174.8077915333945
21/10/2031 21:00,-0.0
21/10/2031 22:00,-0.0
21/10/2031 23:00,1619.1560492880833
22/10/2031 00:00,321.7446102615913
22/10/2031 01:00,756.7060870724323
22/10/2031 02:00,1116.6876890469239
22/10/2031 03:00,1447.4388237749115
22/10/2031 04:00,1580.2398629640938
22/10/2031 05:00,2199.7666071599638
22/10/2031 06:00,2989.080425079607
22/10/2031 07:00,3644.3709794622105
22/10/2031 08:00,3709.518985045412
22/10/2031 09:00,4382.64453003518
22/10/2031 10:00,4059.408857610234
22/10/2031 11:00,6389.535069776743
22/10/2031 12:00,6358.326691529265
22/10/2031 13:00,6328.035099441985
22/10/2031 14:00,5849.058542616968
22/10/2031 15:00,5936.6337965599205
22/10/2031 16:00,6237.079403430462
22/10/2031 17:00,4315.77316795421
22/10/2031 18:00,2677.2007824576085
22/10/2031 19:00,1619.3892206306161
22/10/2031 20:00,702.765207717119
22/10/2031 21:00,66.92732580651156
22/10/2031 22:00,-0.0
22/10/2031 23:00,-0.0
23/10/2031 00:00,19.843308461968636
23/10/2031 01:00,304.88831301282966
23/10/2031 02:00,1142.6977695307983
23/10/2031 03:00,459.989201977228
23/10/2031 04:00,1286.091113347671
23/10/2031 05:00,241.9377222548829
23/10/2031 06:00,-0.0
23/10/2031 07:00,660.4567698924757
23/10/2031 08:00,178.2760012564565
23/10/2031 09:00,1502.7432604757973
23/10/2031 10:00,1304.4337363839359
23/10/2031 11:00,1203.591738678985
23/10/2031 12:00,817.1536557752953
23/10/2031 13:00,625.4461353706561
23/10/2031 14:00,389.9122848754122
23/10/2031 15:00,188.34986965979698
23/10/2031 16:00,793.9417539737184
23/10/2031 17:00,114.24569286619867
23/10/2031 18:00,842.9812366778217
23/10/2031 19:00,79.38000644869169
23/10/2031 20:00,-0.0
23/10/2031 21:00,1138.7091670832347
23/10/2031 22:00,885.4287636474464
23/10/2031 23:00,-0.0
24/10/2031 00:00,-0.0
24/10/2031 01:00,-0.0
24/10/2031 02:00,-0.0
24/10/2031 03:00,-0.0
24/10/2031 04:00,-0.0
24/10/2031 05:00,-0.0
24/10/2031 06:00,-0.0
24/10/2031 07:00,-0.0
24/10/2031 08:00,-0.0
24/10/2031 09:00,-0.0
24/10/2031 10:00,163.0478792520736
24/10/2031 11:00,-0.0
24/10/2031 12:00,99.87837816120067
24/10/2031 13:00,93.44052708197582
24/10/2031 14:00,-0.0
24/10/2031 15:00,964.9183488394841
24/10/2031 16:00,260.9919429007142
24/10/2031 17:00,-0.0
24/10/2031 18:00,206.04967190310376
24/10/2031 19:00,-0.0
24/10/2031 20:00,-0.0
24/10/2031 21:00,115.05209821050435
24/10/2031 22:00,301.10354443788214
24/10/2031 23:00,-0.0
25/10/2031 00:00,-0.0
25/10/2031 01:00,-0.0
25/10/2031 02:00,468.66149869603385
25/10/2031 03:00,-0.0
25/10/2031 04:00,-0.0
25/10/2031 05:00,-0.0
25/10/2031 06:00,-0.0
25/10/2031 07:00,-0.0
25/10/2031 08:00,-0.0
25/10/2031 09:00,-0.0
25/10/2031 10:00,-0.0
25/10/2031 11:00,-0.0
25/10/2031 12:00,-0.0
25/10/2031 13:00,-0.0
25/10/2031 14:00,456.5519188785491
25/10/2031 15:00,-0.0
25/10/2031 16:00,-0.0
25/10/2031 17:00,-0.0
25/10/2031 18:00,-0.0
25/10/2031 19:00,-0.0
25/10/2031 20:00,-0.0
25/10/2031 21:00,-0.0
25/10/2031 22:00,-0.0
25/10/2031 23:00,-0.0
26/10/2031 00:00,-0.0
26/10/2031 01:00,-0.0
26/10/2031 02:00,-0.0
26/10/2031 03:00,217.64896004126655
26/10/2031 04:00,-0.0
26/10/2031 05:00,-0.0
26/10/2031 06:00,-0.0
26/10/2031 07:00,-0.0
26/10/2031 08:00,-0.0
26/10/2031 09:00,-0.0
26/10/2031 10:00,-0.0
26/10/2031 11:00,-0.0
26/10/2031 12:00,-0.0
26/10/2031 13:00,-0.0
26/10/2031 14:00,-0.0
26/10/2031 15:00,200.8131380275266
26/10/2031 16:00,-0.0
26/10/2031 17:00,-0.0
26/10/2031 18:00,-0.0
26/10/2031 19:00,-0.0
26/10/2031 20:00,-0.0
26/10/2031 21:00,-0.0
26/10/2031 22:00,-0.0
26/10/2031 23:00,-0.0
27/10/2031 00:00,-0.0
27/10/2031 01:00,-0.0
27/10/2031 02:00,-0.0
27/10/2031 03:00,-0.0
27/10/2031 04:00,-0.0
27/10/2031 05:00,-0.0
27/10/2031 06:00,-0.0
27/10/2031 07:00,-0.0
27/10/2031 08:00,-0.0
27/10/2031 09:00,-0.0
27/10/2031 10:00,-0.0
27/10/2031 11:00,-0.0
27/10/2031 12:00,-0.0
27/10/2031 13:00,-0.0
27/10/2031 14:00,-0.0
27/10/2031 15:00,301.1154811706692
27/10/2031 16:00,-0.0
27/10/2031 17:00,-0.0
27/10/2031 18:00,-0.0
27/10/2031 19:00,-0.0
27/10/2031 20:00,-0.0
27/10/2031 21:00,-0.0
27/10/2031 22:00,-0.0
27/10/2031 23:00,6.899457514700395
28/10/2031 00:00,-0.0
28/10/2031 01:00,-0.0
28/10/2031 02:00,-0.0
28/10/2031 03:00,-0.0
28/10/2031 04:00,-0.0
28/10/2031 05:00,-0.0
28/10/2031 06:00,-0.0
28/10/2031 07:00,-0.0
28/10/2031 08:00,-0.0
28/10/2031 09:00,-0.0
28/10/2031 10:00,780.9689986836006
28/10/2031 11:00,1041.2520137882057
28/10/2031 12:00,527.9194843434569
28/10/2031 13:00,632.1069610872149
28/10/2031 14:00,729.4015190714375
28/10/2031 15:00,202.39111138236035
28/10/2031 16:00,821.6110615492879
28/10/2031 17:00,-0.0
28/10/2031 18:00,-0.0
28/10/2031 19:00,-0.0
28/10/2031 20:00,-0.0
28/10/2031 21:00,441.8665962586952
28/10/2031 22:00,107.0549071697287
28/10/2031 23:00,-0.0
29/10/2031 00:00,-0.0
29/10/2031 01:00,-0.0
29/10/2031 02:00,-0.0
29/10/2031 03:00,-0.0
29/10/2031 04:00,-0.0
29/10/2031 05:00,-0.0
29/10/2031 06:00,-0.0
29/10/2031 07:00,-0.0
29/10/2031 08:00,160.63062636285275
29/10/2031 09:00,620.2599856818772
29/10/2031 10:00,1072.1145992197758
29/10/2031 11:00,722.4572101400256
29/10/2031 12:00,1152.3030410205124
29/10/2031 13:00,1114.3256705410406
29/10/2031 14:00,609.020295519895
29/10/2031 15:00,1450.5379277389357
29/10/2031 16:00,472.6620264689767
29/10/2031 17:00,-0.0
29/10/2031 18:00,-0.0
29/10/2031 19:00,-0.0
29/10/2031 20:00,26.401708043647766
29/10/2031 21:00,203.87067087976925
29/10/2031 22:00,-0.0
29/10/2031 23:00,-0.0
30/10/2031 00:00,-0.0
30/10/2031 01:00,-0.0
30/10/2031 02:00,-0.0
30/10/2031 03:00,-0.0
30/10/2031 04:00,-0.0
30/10/2031 05:00,-0.0
30/10/2031 06:00,-0.0
30/10/2031 07:00,279.3932212394294
30/10/2031 08:00,-0.0
30/10/2031 09:00,-0.0
30/10/2031 10:00,-0.0
30/10/2031 11:00,-0.0
30/10/2031 12:00,-0.0
30/10/2031 13:00,-0.0
30/10/2031 14:00,-0.0
30/10/2031 15:00,321.5471994133158
30/10/2031 16:00,-0.0
30/10/2031 17:00,-0.0
30/10/2031 18:00,-0.0
30/10/2031 19:00,-0.0
30/10/2031 20:00,-0.0
30/10/2031 21:00,-0.0
30/10/2031 22:00,-0.0
30/10/2031 23:00,-0.0
31/10/2031 00:00,-0.0
31/10/2031 01:00,-0.0
31/10/2031 02:00,-0.0
31/10/2031 03:00,-0.0
31/10/2031 04:00,-0.0
31/10/2031 05:00,-0.0
31/10/2031 06:00,-0.0
31/10/2031 07:00,-0.0
31/10/2031 08:00,-0.0
31/10/2031 09:00,-0.0
31/10/2031 10:00,-0.0
31/10/2031 11:00,-0.0
31/10/2031 12:00,-0.0
31/10/2031 13:00,-0.0
31/10/2031 14:00,-0.0
31/10/2031 15:00,406.86299651794576
31/10/2031 16:00,-0.0
31/10/2031 17:00,-0.0
31/10/2031 18:00,-0.0
31/10/2031 19:00,-0.0
31/10/2031 20:00,-0.0
31/10/2031 21:00,108.0644792014249
31/10/2031 22:00,-0.0
31/10/2031 23:00,-0.0
01/11/2031 00:00,-0.0
01/11/2031 01:00,-0.0
01/11/2031 02:00,-0.0
01/11/2031 03:00,-0.0
01/11/2031 04:00,-0.0
01/11/2031 05:00,162.30736639922026
01/11/2031 06:00,388.45517673634896
01/11/2031 07:00,517.8764777738706
01/11/2031 08:00,741.7859998116083
01/11/2031 09:00,1010.6758500367853
01/11/2031 10:00,1677.5333682462276
01/11/2031 11:00,675.7298380051008
01/11/2031 12:00,985.2273005025651
01/11/2031 13:00,939.3665007462339
01/11/2031 14:00,513.5349445080683
01/11/2031 15:00,1154.6493011076552
01/11/2031 16:00,461.4715183747091
01/11/2031 17:00,-0.0
01/11/2031 18:00,-0.0
01/11/2031 19:00,-0.0
01/11/2031 20:00,249.5799966995073
01/11/2031 21:00,231.75927020818204
01/11/2031 22:00,1449.0935712614155
01/11/2031 23:00,631.9297083691994
02/11/2031 00:00,885.5302022615906
02/11/2031 01:00,854.3975934700978
02/11/2031 02:00,659.4342537721683
02/11/2031 03:00,471.9255079562019
02/11/2031 04:00,375.52804909114684
02/11/2031 05:00,319.1478198787881
02/11/2031 06:00,130.85543317305738
02/11/2031 07:00,-0.0
02/11/2031 08:00,1292.7984715712514
02/11/2031 09:00,53.546007183831776
02/11/2031 10:00,-0.0
02/11/2031 11:00,1564.444433567176
02/11/2031 12:00,886.3408266733095
02/11/2031 13:00,692.9748222000903
02/11/2031 14:00,430.7138961401163
02/11/2031 15:00,885.4540265085877
02/11/2031 16:00,-0.0
02/11/2031 17:00,-0.0
02/11/2031 18:00,-0.0
02/11/2031 19:00,-0.0
02/11/2031 20:00,-0.0
02/11/2031 21:00,-0.0
02/11/2031 22:00,-0.0
02/11/2031 23:00,-0.0
03/11/2031 00:00,-0.0
03/11/2031 01:00,-0.0
03/11/2031 02:00,-0.0
03/11/2031 03:00,-0.0
03/11/2031 04:00,-0.0
03/11/2031 05:00,-0.0
03/11/2031 06:00,-0.0
03/11/2031 07:00,-0.0
03/11/2031 08:00,-0.0
03/11/2031 09:00,-0.0
03/11/2031 10:00,-0.0
03/11/2031 11:00,-0.0
03/11/2031 12:00,-0.0
03/11/2031 13:00,-0.0
03/11/2031 14:00,405.7632089046779
03/11/2031 15:00,-0.0
03/11/2031 16:00,-0.0
03/11/2031 17:00,-0.0
03/11/2031 18:00,-0.0
03/11/2031 19:00,-0.0
03/11/2031 20:00,-0.0
03/11/2031 21:00,-0.0
03/11/2031 22:00,-0.0
03/11/2031 23:00,-0.0
04/11/2031 00:00,-0.0
04/11/2031 01:00,-0.0
04/11/2031 02:00,-0.0
04/11/2031 03:00,-0.0
04/11/2031 04:00,-0.0
04/11/2031 05:00,-0.0
04/11/2031 06:00,-0.0
04/11/2031 07:00,-0.0
04/11/2031 08:00,-0.0
04/11/2031 09:00,-0.0
04/11/2031 10:00,-0.0
04/11/2031 11:00,173.23790672958884
04/11/2031 12:00,-0.0
04/11/2031 13:00,-0.0
04/11/2031 14:00,-0.0
04/11/2031 15:00,-0.0
04/11/2031 16:00,-0.0
04/11/2031 17:00,-0.0
04/11/2031 18:00,515.7346307511754
04/11/2031 19:00,-0.0
04/11/2031 20:00,293.862407488882
04/11/2031 21:00,279.2834320212411
04/11/2031 22:00,575.4777805288429
04/11/2031 23:00,-0.0
05/11/2031 00:00,-0.0
05/11/2031 01:00,-0.0
05/11/2031 02:00,-0.0
05/11/2031 03:00,-0.0
05/11/2031 04:00,-0.0
05/11/2031 05:00,-0.0
05/11/2031 06:00,-0.0
05/11/2031 07:00,-0.0
05/11/2031 08:00,-0.0
05/11/2031 09:00,-0.0
05/11/2031 10:00,860.804049107705
05/11/2031 11:00,912.2357489432758
05/11/2031 12:00,1292.6218011720848
05/11/2031 13:00,1307.604447561101
05/11/2031 14:00,900.4015229379545
05/11/2031 15:00,2211.7353802142757
05/11/2031 16:00,1872.1150875846315
05/11/2031 17:00,1615.0279969825954
05/11/2031 18:00,2375.688631196595
05/11/2031 19:00,1867.2770914889904
05/11/2031 20:00,257.53348047405404
05/11/2031 21:00,1182.3934883121137
05/11/2031 22:00,-0.0
05/11/2031 23:00,93.36671035837212
06/11/2031 00:00,127.103118889923
06/11/2031 01:00,964.9662482153236
06/11/2031 02:00,260.07548548561226
06/11/2031 03:00,484.39661469507394
06/11/2031 04:00,863.7443343161244
06/11/2031 05:00,1434.1559712874848
06/11/2031 06:00,1927.9011723199249
06/11/2031 07:00,2603.9566639441377
06/11/2031 08:00,3582.261929286898
06/11/2031 09:00,4615.414806921006
06/11/2031 10:00,2991.7881643495384
06/11/2031 11:00,325.7592052546361
06/11/2031 12:00,-0.0
06/11/2031 13:00,-0.0
06/11/2031 14:00,-0.0
06/11/2031 15:00,5161.968650627863
06/11/2031 16:00,5113.0925506189815
06/11/2031 17:00,2180.7139685320008
06/11/2031 18:00,3038.512494828735
06/11/2031 19:00,3518.8085792534816
06/11/2031 20:00,3958.1684949325254
06/11/2031 21:00,4000.7574026204225
06/11/2031 22:00,2875.645878583183
06/11/2031 23:00,1581.8436097409742
07/11/2031 00:00,4787.48032957792
07/11/2031 01:00,30.468613567529644
07/11/2031 02:00,-0.0
07/11/2031 03:00,-0.0
07/11/2031 04:00,-0.0
07/11/2031 05:00,-0.0
07/11/2031 06:00,4179.3703716289165
07/11/2031 07:00,2196.5339620642203
07/11/2031 08:00,3232.022150798926
07/11/2031 09:00,2330.1237296667273
07/11/2031 10:00,1356.4468568893903
07/11/2031 11:00,-0.0
07/11/2031 12:00,-0.0
07/11/2031 13:00,-0.0
07/11/2031 14:00,-0.0
07/11/2031 15:00,5869.9982057466095
07/11/2031 16:00,5986.218572719448
07/11/2031 17:00,2056.5222140011288
07/11/2031 18:00,3305.496563936151
07/11/2031 19:00,4121.0091128079475
07/11/2031 20:00,4662.4052297220705
07/11/2031 21:00,4602.938677773659
07/11/2031 22:00,3033.713696110566
07/11/2031 23:00,1841.148984225271
08/11/2031 00:00,914.8072903848026
08/11/2031 01:00,5191.425036778657
08/11/2031 02:00,263.1479923994139
08/11/2031 03:00,3603.825063390998
08/11/2031 04:00,1151.1628046101441
08/11/2031 05:00,2233.7752143628322
08/11/2031 06:00,1876.007715650031
08/11/2031 07:00,1230.2309993453512
08/11/2031 08:00,1127.609463273832
08/11/2031 09:00,916.3504590353813
08/11/2031 10:00,1362.2665514256455
08/11/2031 11:00,2237.662322804171
08/11/2031 12:00,2610.498538496862
08/11/2031 13:00,3017.517499506401
08/11/2031 14:00,3276.709013867312
08/11/2031 15:00,2754.008235917073
08/11/2031 16:00,2023.1861260477408
08/11/2031 17:00,684.6783827296676
08/11/2031 18:00,-0.0
08/11/2031 19:00,411.7324674526793
08/11/2031 20:00,-0.0
08/11/2031 21:00,-0.0
08/11/2031 22:00,134.4352523733077
08/11/2031 23:00,-0.0
09/11/2031 00:00,-0.0
09/11/2031 01:00,-0.0
09/11/2031 02:00,-0.0
09/11/2031 03:00,-0.0
09/11/2031 04:00,-0.0
09/11/2031 05:00,-0.0
09/11/2031 06:00,-0.0
09/11/2031 07:00,-0.0
09/11/2031 08:00,-0.0
09/11/2031 09:00,-0.0
09/11/2031 10:00,-0.0
09/11/2031 11:00,-0.0
09/11/2031 12:00,-0.0
09/11/2031 13:00,-0.0
09/11/2031 14:00,-0.0
09/11/2031 15:00,-0.0
09/11/2031 16:00,-0.0
09/11/2031 17:00,-0.0
09/11/2031 18:00,-0.0
09/11/2031 19:00,-0.0
09/11/2031 20:00,-0.0
09/11/2031 21:00,-0.0
09/11/2031 22:00,-0.0
09/11/2031 23:00,-0.0
10/11/2031 00:00,-0.0
10/11/2031 01:00,-0.0
10/11/2031 02:00,-0.0
10/11/2031 03:00,-0.0
10/11/2031 04:00,-0.0
10/11/2031 05:00,-0.0
10/11/2031 06:00,-0.0
10/11/2031 07:00,-0.0
10/11/2031 08:00,-0.0
10/11/2031 09:00,-0.0
10/11/2031 10:00,-0.0
10/11/2031 11:00,-0.0
10/11/2031 12:00,-0.0
10/11/2031 13:00,-0.0
10/11/2031 14:00,-0.0
10/11/2031 15:00,-0.0
10/11/2031 16:00,-0.0
10/11/2031 17:00,-0.0
10/11/2031 18:00,-0.0
10/11/2031 19:00,-0.0
10/11/2031 20:00,-0.0
10/11/2031 21:00,-0.0
10/11/2031 22:00,-0.0
10/11/2031 23:00,-0.0
11/11/2031 00:00,1353.0253861349634
11/11/2031 01:00,-0.0
11/11/2031 02:00,-0.0
11/11/2031 03:00,-0.0
11/11/2031 04:00,-0.0
11/11/2031 05:00,-0.0
11/11/2031 06:00,-0.0
11/11/2031 07:00,-0.0
11/11/2031 08:00,-0.0
11/11/2031 09:00,-0.0
11/11/2031 10:00,-0.0
11/11/2031 11:00,-0.0
11/11/2031 12:00,-0.0
11/11/2031 13:00,-0.0
11/11/2031 14:00,-0.0
11/11/2031 15:00,-0.0
11/11/2031 16:00,-0.0
11/11/2031 17:00,-0.0
11/11/2031 18:00,-0.0
11/11/2031 19:00,-0.0
11/11/2031 20:00,-0.0
11/11/2031 21:00,-0.0
11/11/2031 22:00,-0.0
11/11/2031 23:00,-0.0
12/11/2031 00:00,-0.0
12/11/2031 01:00,-0.0
12/11/2031 02:00,-0.0
12/11/2031 03:00,-0.0
12/11/2031 04:00,-0.0
12/11/2031 05:00,-0.0
12/11/2031 06:00,-0.0
12/11/2031 07:00,-0.0
12/11/2031 08:00,-0.0
12/11/2031 09:00,-0.0
12/11/2031 10:00,-0.0
12/11/2031 11:00,277.809941527644
12/11/2031 12:00,-0.0
12/11/2031 13:00,-0.0
12/11/2031 14:00,-0.0
12/11/2031 15:00,-0.0
12/11/2031 16:00,186.60655916301624
12/11/2031 17:00,266.0661691883666
12/11/2031 18:00,722.2817380316062
12/11/2031 19:00,-0.0
12/11/2031 20:00,864.349759807156
12/11/2031 21:00,1906.5233706600986
12/11/2031 22:00,2986.739911088411
12/11/2031 23:00,2043.0190077951102
13/11/2031 00:00,2692.946819964828
13/11/2031 01:00,3136.599153519702
13/11/2031 02:00,2921.8609610187923
13/11/2031 03:00,1865.5902781225307
13/11/2031 04:00,3316.5796272751895
13/11/2031 05:00,1476.9649553294907
13/11/2031 06:00,2651.063303612167
13/11/2031 07:00,1824.6749278495922
13/11/2031 08:00,1908.7756925767835
13/11/2031 09:00,1427.0025394423105
13/11/2031 10:00,1872.7187356584834
13/11/2031 11:00,1126.5364607415665
13/11/2031 12:00,1687.460455563087
13/11/2031 13:00,3297.3763598537703
13/11/2031 14:00,3002.7469213969944
13/11/2031 15:00,2471.4851198199444
13/11/2031 16:00,1238.7395851975214
13/11/2031 17:00,2497.884456893528
13/11/2031 18:00,559.2728442559928
13/11/2031 19:00,757.3129784556405
13/11/2031 20:00,2521.7009877411624
13/11/2031 21:00,797.0194884054933
13/11/2031 22:00,1869.7078156678137
13/11/2031 23:00,540.2985452920105
14/11/2031 00:00,641.0536555224678
14/11/2031 01:00,1600.039277609017
14/11/2031 02:00,969.3396870940076
14/11/2031 03:00,962.7461406674274
14/11/2031 04:00,910.6503420656096
14/11/2031 05:00,1160.6406459714233
14/11/2031 06:00,1021.5748679966496
14/11/2031 07:00,698.1106715845397
14/11/2031 08:00,2182.904483665477
14/11/2031 09:00,866.985362903864
14/11/2031 10:00,1998.817197501485
14/11/2031 11:00,1700.423348101735
14/11/2031 12:00,3608.862166729179
14/11/2031 13:00,2893.0619884512785
14/11/2031 14:00,3022.5045564881702
14/11/2031 15:00,2693.557684918843
14/11/2031 16:00,3216.7918349232054
14/11/2031 17:00,2015.7435127862593
14/11/2031 18:00,2445.203523962784
14/11/2031 19:00,2097.310039239169
14/11/2031 20:00,1772.9027755517354
14/11/2031 21:00,1503.43038002115
14/11/2031 22:00,576.7221264219486
14/11/2031 23:00,715.4771846938789
15/11/2031 00:00,1072.570627902379
15/11/2031 01:00,1377.4515409393007
15/11/2031 02:00,1538.415601943516
15/11/2031 03:00,1739.8818838214381
15/11/2031 04:00,2001.2305427338406
15/11/2031 05:00,2208.381432918699
15/11/2031 06:00,2077.6622608746784
15/11/2031 07:00,1675.7842658978257
15/11/2031 08:00,1528.849908182477
15/11/2031 09:00,1731.8569957884242
15/11/2031 10:00,2829.970213221368
15/11/2031 11:00,2559.8348238419953
15/11/2031 12:00,3135.644220737438
15/11/2031 13:00,3065.001188963221
15/11/2031 14:00,2744.715671785099
15/11/2031 15:00,3772.980895817248
15/11/2031 16:00,2938.110168872801
15/11/2031 17:00,1795.6389045104859
15/11/2031 18:00,1038.11479202868
15/11/2031 19:00,1335.535048592465
15/11/2031 20:00,1949.9557979934173
15/11/2031 21:00,1803.3101018350485
15/11/2031 22:00,1031.5244516240482
15/11/2031 23:00,765.0667024396448
16/11/2031 00:00,889.9190646335297
16/11/2031 01:00,190.34958044461075
16/11/2031 02:00,654.3810761499777
16/11/2031 03:00,234.06549140565733
16/11/2031 04:00,-0.0
16/11/2031 05:00,-0.0
16/11/2031 06:00,-0.0
16/11/2031 07:00,615.6275318955576
16/11/2031 08:00,621.1984269469624
16/11/2031 09:00,-0.0
16/11/2031 10:00,550.3812964807295
16/11/2031 11:00,1498.9532938337145
16/11/2031 12:00,234.0980948253187
16/11/2031 13:00,226.09098731628802
16/11/2031 14:00,222.49882454607587
16/11/2031 15:00,813.8153891505162
16/11/2031 16:00,997.7165770552267
16/11/2031 17:00,328.8304283208661
16/11/2031 18:00,921.0671160901395
16/11/2031 19:00,890.534483858729
16/11/2031 20:00,-0.0
16/11/2031 21:00,-0.0
16/11/2031 22:00,1127.6994821798555
16/11/2031 23:00,-0.0
17/11/2031 00:00,183.77737414265047
17/11/2031 01:00,-0.0
17/11/2031 02:00,-0.0
17/11/2031 03:00,-0.0
17/11/2031 04:00,-0.0
17/11/2031 05:00,-0.0
17/11/2031 06:00,-0.0
17/11/2031 07:00,770.1531886430755
17/11/2031 08:00,557.092827108034
17/11/2031 09:00,1070.9049750183406
17/11/2031 10:00,34.59757223726669
17/11/2031 11:00,-0.0
17/11/2031 12:00,-0.0
17/11/2031 13:00,328.7059190090333
17/11/2031 14:00,-0.0
17/11/2031 15:00,102.70051151322227
17/11/2031 16:00,-0.0
17/11/2031 17:00,-0.0
17/11/2031 18:00,-0.0
17/11/2031 19:00,-0.0
17/11/2031 20:00,-0.0
17/11/2031 21:00,-0.0
17/11/2031 22:00,-0.0
17/11/2031 23:00,-0.0
18/11/2031 00:00,67.14085534127962
18/11/2031 01:00,-0.0
18/11/2031 02:00,-0.0
18/11/2031 03:00,-0.0
18/11/2031 04:00,-0.0
18/11/2031 05:00,-0.0
18/11/2031 06:00,-0.0
18/11/2031 07:00,-0.0
18/11/2031 08:00,-0.0
18/11/2031 09:00,-0.0
18/11/2031 10:00,350.8521475021382
18/11/2031 11:00,385.2399797671909
18/11/2031 12:00,241.7973234170652
18/11/2031 13:00,351.9193284082625
18/11/2031 14:00,414.064000249051
18/11/2031 15:00,1213.4421704391227
18/11/2031 16:00,378.92480352941726
18/11/2031 17:00,356.4217885522066
18/11/2031 18:00,-0.0
18/11/2031 19:00,230.89670251123204
18/11/2031 20:00,499.1314237232078
18/11/2031 21:00,576.4957357301392
18/11/2031 22:00,928.3280675764826
18/11/2031 23:00,103.90477157153336
19/11/2031 00:00,323.25216296983035
19/11/2031 01:00,510.8517558287272
19/11/2031 02:00,513.4218677835613
19/11/2031 03:00,321.93631609146735
19/11/2031 04:00,280.8570950920871
19/11/2031 05:00,140.39795160705157
19/11/2031 06:00,278.97151568044205
19/11/2031 07:00,203.2145125287369
19/11/2031 08:00,112.1765529111159
19/11/2031 09:00,-0.0
19/11/2031 10:00,-0.0
19/11/2031 11:00,299.3389282959786
19/11/2031 12:00,-0.0
19/11/2031 13:00,52.78201924675064
19/11/2031 14:00,521.6291618500848
19/11/2031 15:00,917.0297391293949
19/11/2031 16:00,22.94546728238925
19/11/2031 17:00,53.96875873691259
19/11/2031 18:00,-0.0
19/11/2031 19:00,606.4699905672645
19/11/2031 20:00,758.2551008338723
19/11/2031 21:00,560.6185013611849
19/11/2031 22:00,514.0947473679286
19/11/2031 23:00,-0.0
20/11/2031 00:00,-0.0
20/11/2031 01:00,-0.0
20/11/2031 02:00,-0.0
20/11/2031 03:00,-0.0
20/11/2031 04:00,-0.0
20/11/2031 05:00,-0.0
20/11/2031 06:00,-0.0
20/11/2031 07:00,644.1018344883213
20/11/2031 08:00,423.8667395924323
20/11/2031 09:00,458.0141080510294
20/11/2031 10:00,226.04251189943167
20/11/2031 11:00,-0.0
20/11/2031 12:00,-0.0
20/11/2031 13:00,222.56525638804703
20/11/2031 14:00,10.219174379121217
20/11/2031 15:00,446.690282402168
20/11/2031 16:00,509.0616747240725
20/11/2031 17:00,-0.0
20/11/2031 18:00,-0.0
20/11/2031 19:00,-0.0
20/11/2031 20:00,-0.0
20/11/2031 21:00,-0.0
20/11/2031 22:00,357.1418117427704
20/11/2031 23:00,-0.0
21/11/2031 00:00,-0.0
21/11/2031 01:00,-0.0
21/11/2031 02:00,-0.0
21/11/2031 03:00,-0.0
21/11/2031 04:00,-0.0
21/11/2031 05:00,-0.0
21/11/2031 06:00,-0.0
21/11/2031 07:00,565.5497487492596
21/11/2031 08:00,337.82339674151615
21/11/2031 09:00,-0.0
21/11/2031 10:00,-0.0
21/11/2031 11:00,-0.0
21/11/2031 12:00,-0.0
21/11/2031 13:00,-0.0
21/11/2031 14:00,-0.0
21/11/2031 15:00,-0.0
21/11/2031 16:00,412.8555714669601
21/11/2031 17:00,288.21401588727565
21/11/2031 18:00,-0.0
21/11/2031 19:00,62.85205800800953
21/11/2031 20:00,-0.0
21/11/2031 21:00,150.79570165335753
21/11/2031 22:00,542.9403411357151
21/11/2031 23:00,-0.0
22/11/2031 00:00,-0.0
22/11/2031 01:00,-0.0
22/11/2031 02:00,-0.0
22/11/2031 03:00,-0.0
22/11/2031 04:00,-0.0
22/11/2031 05:00,-0.0
22/11/2031 06:00,-0.0
22/11/2031 07:00,782.3220591800958
22/11/2031 08:00,646.185370276819
22/11/2031 09:00,-0.0
22/11/2031 10:00,80.1730405705536
22/11/2031 11:00,-0.0
22/11/2031 12:00,-0.0
22/11/2031 13:00,-0.0
22/11/2031 14:00,-0.0
22/11/2031 15:00,-0.0
22/11/2031 16:00,382.6337283977763
22/11/2031 17:00,1137.1515935051668
22/11/2031 18:00,615.2913166012394
22/11/2031 19:00,727.0451302414524
22/11/2031 20:00,921.3729898201685
22/11/2031 21:00,-0.0
22/11/2031 22:00,-0.0
22/11/2031 23:00,684.1685011280599
23/11/2031 00:00,592.7906550784155
23/11/2031 01:00,554.9107530263357
23/11/2031 02:00,359.58972745346375
23/11/2031 03:00,-0.0
23/11/2031 04:00,-0.0
23/11/2031 05:00,141.73796590474228
23/11/2031 06:00,989.1373204393576
23/11/2031 07:00,2376.512373247582
23/11/2031 08:00,2690.899492119504
23/11/2031 09:00,797.6324809993092
23/11/2031 10:00,550.1953181703682
23/11/2031 11:00,113.50165934685562
23/11/2031 12:00,675.3103897467902
23/11/2031 13:00,261.1326455896693
23/11/2031 14:00,-0.0
23/11/2031 15:00,1348.999025740778
23/11/2031 16:00,1624.9442992673394
23/11/2031 17:00,1538.1136139280202
23/11/2031 18:00,1647.4879984927804
23/11/2031 19:00,926.0850203859884
23/11/2031 20:00,1335.7310464794737
23/11/2031 21:00,147.95523940359772
23/11/2031 22:00,-0.0
23/11/2031 23:00,-0.0
24/11/2031 00:00,-0.0
24/11/2031 01:00,569.5825755096795
24/11/2031 02:00,-0.0
24/11/2031 03:00,748.8966189824241
24/11/2031 04:00,-0.0
24/11/2031 05:00,-0.0
24/11/2031 06:00,-0.0
24/11/2031 07:00,368.3956120782148
24/11/2031 08:00,157.45448083942284
24/11/2031 09:00,-0.0
24/11/2031 10:00,-0.0
24/11/2031 11:00,-0.0
24/11/2031 12:00,-0.0
24/11/2031 13:00,-0.0
24/11/2031 14:00,-0.0
24/11/2031 15:00,390.28158989986525
24/11/2031 16:00,475.66566435177475
24/11/2031 17:00,710.029943910284
24/11/2031 18:00,296.16116021998636
24/11/2031 19:00,222.5064259211049
24/11/2031 20:00,-0.0
24/11/2031 21:00,-0.0
24/11/2031 22:00,-0.0
24/11/2031 23:00,-0.0
25/11/2031 00:00,-0.0
25/11/2031 01:00,-0.0
25/11/2031 02:00,-0.0
25/11/2031 03:00,-0.0
25/11/2031 04:00,218.23659700589704
25/11/2031 05:00,639.2210451557798
25/11/2031 06:00,848.1278824014503
25/11/2031 07:00,1178.4244266742244
25/11/2031 08:00,1627.3726802036583
25/11/2031 09:00,1931.6241397985573
25/11/2031 10:00,2047.6469004187131
25/11/2031 11:00,-0.0
25/11/2031 12:00,64.50147934746798
25/11/2031 13:00,-0.0
25/11/2031 14:00,-0.0
25/11/2031 15:00,120.88436283385003
25/11/2031 16:00,-0.0
25/11/2031 17:00,-0.0
25/11/2031 18:00,-0.0
25/11/2031 19:00,-0.0
25/11/2031 20:00,-0.0
25/11/2031 21:00,-0.0
25/11/2031 22:00,-0.0
25/11/2031 23:00,61.721038718504225
26/11/2031 00:00,-0.0
26/11/2031 01:00,-0.0
26/11/2031 02:00,-0.0
26/11/2031 03:00,-0.0
26/11/2031 04:00,-0.0
26/11/2031 05:00,-0.0
26/11/2031 06:00,-0.0
26/11/2031 07:00,-0.0
26/11/2031 08:00,-0.0
26/11/2031 09:00,1561.8606773045044
26/11/2031 10:00,644.3979402097721
26/11/2031 11:00,2081.2992411400965
26/11/2031 12:00,3196.059716485063
26/11/2031 13:00,3531.5900824750847
26/11/2031 14:00,3657.155852874474
26/11/2031 15:00,3551.7444441115163
26/11/2031 16:00,3363.8282636665863
26/11/2031 17:00,2895.095942777638
26/11/2031 18:00,1779.7668847635503
26/11/2031 19:00,1337.5305396709216
26/11/2031 20:00,1071.8195656193516
26/11/2031 21:00,827.9680507476488
26/11/2031 22:00,89.28348270701555
26/11/2031 23:00,6.320941848779889
27/11/2031 00:00,171.31585375619173
27/11/2031 01:00,34.90545745593371
27/11/2031 02:00,-0.0
27/11/2031 03:00,-0.0
27/11/2031 04:00,-0.0
27/11/2031 05:00,-0.0
27/11/2031 06:00,-0.0
27/11/2031 07:00,671.2654994204772
27/11/2031 08:00,894.2370828989023
27/11/2031 09:00,942.518182749255
27/11/2031 10:00,-0.0
27/11/2031 11:00,1070.8407774204645
27/11/2031 12:00,468.22928758795797
27/11/2031 13:00,882.2639765127748
27/11/2031 14:00,2790.8506685959396
27/11/2031 15:00,2754.3128527180693
27/11/2031 16:00,2018.6216600835153
27/11/2031 17:00,1523.4179017299655
27/11/2031 18:00,787.1883501887027
27/11/2031 19:00,1480.8273771012928
27/11/2031 20:00,1648.7313188898017
27/11/2031 21:00,141.59332796988423
27/11/2031 22:00,814.2827647133108
27/11/2031 23:00,794.2842994942697
28/11/2031 00:00,658.5001327114368
28/11/2031 01:00,531.9833249068471
28/11/2031 02:00,210.16983475228216
28/11/2031 03:00,4.211930013996332
28/11/2031 04:00,-0.0
28/11/2031 05:00,-0.0
28/11/2031 06:00,-0.0
28/11/2031 07:00,-0.0
28/11/2031 08:00,502.35260666894555
28/11/2031 09:00,536.2641095972593
28/11/2031 10:00,-0.0
28/11/2031 11:00,333.78686544718516
28/11/2031 12:00,-0.0
28/11/2031 13:00,524.510642074656
28/11/2031 14:00,494.50954187432825
28/11/2031 15:00,238.6244813362559
28/11/2031 16:00,994.8942410340961
28/11/2031 17:00,580.1143995154896
28/11/2031 18:00,1399.0369856456182
28/11/2031 19:00,1430.8386034730086
28/11/2031 20:00,1492.5786827724658
28/11/2031 21:00,358.6911126035241
28/11/2031 22:00,831.7154469529519
28/11/2031 23:00,549.7852911240786
29/11/2031 00:00,158.63940126061576
29/11/2031 01:00,918.9283247691864
29/11/2031 02:00,757.327623974996
29/11/2031 03:00,599.5538292227658
29/11/2031 04:00,-0.0
29/11/2031 05:00,-0.0
29/11/2031 06:00,-0.0
29/11/2031 07:00,729.3857888105584
29/11/2031 08:00,485.6785113899228
29/11/2031 09:00,389.7968685613221
29/11/2031 10:00,-0.0
29/11/2031 11:00,-0.0
29/11/2031 12:00,22.836102675015958
29/11/2031 13:00,127.12846673961349
29/11/2031 14:00,-0.0
29/11/2031 15:00,922.3388558305992
29/11/2031 16:00,23.008757207920304
29/11/2031 17:00,-0.0
29/11/2031 18:00,977.4047429088115
29/11/2031 19:00,1367.9404707036108
29/11/2031 20:00,1720.8621680540573
29/11/2031 21:00,1315.0941737952737
29/11/2031 22:00,976.1521897761709
29/11/2031 23:00,1221.663794030832
30/11/2031 00:00,1270.4979798096297
30/11/2031 01:00,1105.5295704335474
30/11/2031 02:00,658.5391061155935
30/11/2031 03:00,545.0233797231489
30/11/2031 04:00,688.2339618023311
30/11/2031 05:00,1243.0918672990204
30/11/2031 06:00,1215.6842257584067
30/11/2031 07:00,1257.9288878008406
30/11/2031 08:00,1785.4831634070656
30/11/2031 09:00,1568.801131321479
30/11/2031 10:00,786.8607643615338
30/11/2031 11:00,473.14135045761475
30/11/2031 12:00,278.07338995117027
30/11/2031 13:00,201.96073708287778
30/11/2031 14:00,447.4345929874267
30/11/2031 15:00,563.4720190124826
30/11/2031 16:00,-0.0
30/11/2031 17:00,-0.0
30/11/2031 18:00,-0.0
30/11/2031 19:00,-0.0
30/11/2031 20:00,-0.0
30/11/2031 21:00,-0.0
30/11/2031 22:00,-0.0
30/11/2031 23:00,-0.0
01/12/2031 00:00,-0.0
01/12/2031 01:00,-0.0
01/12/2031 02:00,-0.0
01/12/2031 03:00,-0.0
01/12/2031 04:00,-0.0
01/12/2031 05:00,-0.0
01/12/2031 06:00,-0.0
01/12/2031 07:00,-0.0
01/12/2031 08:00,-0.0
01/12/2031 09:00,-0.0
01/12/2031 10:00,-0.0
01/12/2031 11:00,-0.0
01/12/2031 12:00,-0.0
01/12/2031 13:00,985.5655754418298
01/12/2031 14:00,-0.0
01/12/2031 15:00,74.66789469934842
01/12/2031 16:00,-0.0
01/12/2031 17:00,-0.0
01/12/2031 18:00,-0.0
01/12/2031 19:00,-0.0
01/12/2031 20:00,-0.0
01/12/2031 21:00,-0.0
01/12/2031 22:00,-0.0
01/12/2031 23:00,-0.0
02/12/2031 00:00,388.51441209457124
02/12/2031 01:00,-0.0
02/12/2031 02:00,-0.0
02/12/2031 03:00,-0.0
02/12/2031 04:00,-0.0
02/12/2031 05:00,-0.0
02/12/2031 06:00,-0.0
02/12/2031 07:00,-0.0
02/12/2031 08:00,-0.0
02/12/2031 09:00,-0.0
02/12/2031 10:00,-0.0
02/12/2031 11:00,-0.0
02/12/2031 12:00,-0.0
02/12/2031 13:00,-0.0
02/12/2031 14:00,-0.0
02/12/2031 15:00,-0.0
02/12/2031 16:00,-0.0
02/12/2031 17:00,-0.0
02/12/2031 18:00,-0.0
02/12/2031 19:00,272.8448505235833
02/12/2031 20:00,221.79952472009288
02/12/2031 21:00,271.2561735669827
02/12/2031 22:00,-0.0
02/12/2031 23:00,416.0289141408802
03/12/2031 00:00,-0.0
03/12/2031 01:00,-0.0
03/12/2031 02:00,-0.0
03/12/2031 03:00,-0.0
03/12/2031 04:00,-0.0
03/12/2031 05:00,-0.0
03/12/2031 06:00,-0.0
03/12/2031 07:00,-0.0
03/12/2031 08:00,-0.0
03/12/2031 09:00,-0.0
03/12/2031 10:00,229.63163735187632
03/12/2031 11:00,-0.0
03/12/2031 12:00,-0.0
03/12/2031 13:00,-0.0
03/12/2031 14:00,251.4699453602292
03/12/2031 15:00,1239.3738249859177
03/12/2031 16:00,465.8583619377363
03/12/2031 17:00,-0.0
03/12/2031 18:00,85.39957101959887
03/12/2031 19:00,-0.0
03/12/2031 20:00,444.9130265929552
03/12/2031 21:00,566.6122914556082
03/12/2031 22:00,771.8263471149678
03/12/2031 23:00,13.459183631362423
04/12/2031 00:00,-0.0
04/12/2031 01:00,-0.0
04/12/2031 02:00,348.81354133156646
04/12/2031 03:00,-0.0
04/12/2031 04:00,-0.0
04/12/2031 05:00,415.2822850212761
04/12/2031 06:00,-0.0
04/12/2031 07:00,1255.3592934422836
04/12/2031 08:00,1038.367840234893
04/12/2031 09:00,1088.3623641504823
04/12/2031 10:00,-0.0
04/12/2031 11:00,730.8047391551316
04/12/2031 12:00,-0.0
04/12/2031 13:00,-0.0
04/12/2031 14:00,564.2527058645098
04/12/2031 15:00,340.1962328187068
04/12/2031 16:00,-0.0
04/12/2031 17:00,-0.0
04/12/2031 18:00,145.6696913022923
04/12/2031 19:00,399.50205952356146
04/12/2031 20:00,691.0326599097839
04/12/2031 21:00,263.23893214962794
04/12/2031 22:00,-0.0
04/12/2031 23:00,661.9757691072159
05/12/2031 00:00,-0.0
05/12/2031 01:00,-0.0
05/12/2031 02:00,-0.0
05/12/2031 03:00,-0.0
05/12/2031 04:00,-0.0
05/12/2031 05:00,-0.0
05/12/2031 06:00,257.428857415154
05/12/2031 07:00,-0.0
05/12/2031 08:00,-0.0
05/12/2031 09:00,393.7669555644115
05/12/2031 10:00,-0.0
05/12/2031 11:00,-0.0
05/12/2031 12:00,-0.0
05/12/2031 13:00,-0.0
05/12/2031 14:00,-0.0
05/12/2031 15:00,-0.0
05/12/2031 16:00,-0.0
05/12/2031 17:00,-0.0
05/12/2031 18:00,58.049142953925326
05/12/2031 19:00,107.2702597066179
05/12/2031 20:00,193.09265222617253
05/12/2031 21:00,-0.0
05/12/2031 22:00,-0.0
05/12/2031 23:00,-0.0
06/12/2031 00:00,-0.0
06/12/2031 01:00,-0.0
06/12/2031 02:00,-0.0
06/12/2031 03:00,-0.0
06/12/2031 04:00,-0.0
06/12/2031 05:00,-0.0
06/12/2031 06:00,-0.0
06/12/2031 07:00,-0.0
06/12/2031 08:00,-0.0
06/12/2031 09:00,-0.0
06/12/2031 10:00,14.259281327273984
06/12/2031 11:00,-0.0
06/12/2031 12:00,-0.0
06/12/2031 13:00,470.5148364289137
06/12/2031 14:00,-0.0
06/12/2031 15:00,-0.0
06/12/2031 16:00,-0.0
06/12/2031 17:00,-0.0
06/12/2031 18:00,282.29501239811253
06/12/2031 19:00,246.53665629338602
06/12/2031 20:00,181.68857334710634
06/12/2031 21:00,232.04539531638343
06/12/2031 22:00,-0.0
06/12/2031 23:00,-0.0
07/12/2031 00:00,-0.0
07/12/2031 01:00,-0.0
07/12/2031 02:00,-0.0
07/12/2031 03:00,-0.0
07/12/2031 04:00,-0.0
07/12/2031 05:00,-0.0
07/12/2031 06:00,-0.0
07/12/2031 07:00,-0.0
07/12/2031 08:00,-0.0
07/12/2031 09:00,-0.0
07/12/2031 10:00,-0.0
07/12/2031 11:00,-0.0
07/12/2031 12:00,-0.0
07/12/2031 13:00,-0.0
07/12/2031 14:00,-0.0
07/12/2031 15:00,-0.0
07/12/2031 16:00,968.7590010344514
07/12/2031 17:00,2054.35119471419
07/12/2031 18:00,890.4463763665774
07/12/2031 19:00,2717.296497699675
07/12/2031 20:00,2826.323220857171
07/12/2031 21:00,3057.839465716384
07/12/2031 22:00,2180.0273592838284
07/12/2031 23:00,1200.265229511728
08/12/2031 00:00,1349.7513539208012
08/12/2031 01:00,1412.2707818980896
08/12/2031 02:00,-0.0
08/12/2031 03:00,1253.2736009334906
08/12/2031 04:00,-0.0
08/12/2031 05:00,-0.0
08/12/2031 06:00,549.0043875110514
08/12/2031 07:00,124.2325195709653
08/12/2031 08:00,541.1841318466443
08/12/2031 09:00,641.6054129059173
08/12/2031 10:00,-0.0
08/12/2031 11:00,-0.0
08/12/2031 12:00,-0.0
08/12/2031 13:00,-0.0
08/12/2031 14:00,-0.0
08/12/2031 15:00,-0.0
08/12/2031 16:00,-0.0
08/12/2031 17:00,551.9215638699054
08/12/2031 18:00,1108.265399100215
08/12/2031 19:00,1072.909771605776
08/12/2031 20:00,294.2381743905173
08/12/2031 21:00,-0.0
08/12/2031 22:00,1429.7822080689293
08/12/2031 23:00,-0.0
09/12/2031 00:00,315.84555833720674
09/12/2031 01:00,546.1341247693383
09/12/2031 02:00,711.0408855366734
09/12/2031 03:00,726.8561238691659
09/12/2031 04:00,774.0410125174783
09/12/2031 05:00,715.7835884383604
09/12/2031 06:00,393.35527482463004
09/12/2031 07:00,92.38353043761127
09/12/2031 08:00,-0.0
09/12/2031 09:00,-0.0
09/12/2031 10:00,-0.0
09/12/2031 11:00,365.34709912317834
09/12/2031 12:00,840.3181702724862
09/12/2031 13:00,557.6688929410255
09/12/2031 14:00,1052.2308387172038
09/12/2031 15:00,1833.8353169532625
09/12/2031 16:00,1402.3262267761706
09/12/2031 17:00,671.7431304386806
09/12/2031 18:00,1190.6695860785132
09/12/2031 19:00,913.5436635133965
09/12/2031 20:00,745.6130462218574
09/12/2031 21:00,764.6382245681677
09/12/2031 22:00,1838.7436432655418
09/12/2031 23:00,2536.129808846904
10/12/2031 00:00,2763.337501153545
10/12/2031 01:00,2780.078282642484
10/12/2031 02:00,3005.2214175626414
10/12/2031 03:00,2864.89631838669
10/12/2031 04:00,3008.408990015455
10/12/2031 05:00,1765.1782218627063
10/12/2031 06:00,1986.6850845050928
10/12/2031 07:00,3343.151205130233
10/12/2031 08:00,3743.3284346665437
10/12/2031 09:00,3791.338032508235
10/12/2031 10:00,416.6960308482951
10/12/2031 11:00,-0.0
10/12/2031 12:00,-0.0
10/12/2031 13:00,2909.5940118313415
10/12/2031 14:00,3079.5382733345514
10/12/2031 15:00,-0.0
10/12/2031 16:00,-0.0
10/12/2031 17:00,1908.421131360966
10/12/2031 18:00,3714.7896664864234
10/12/2031 19:00,4017.4422317104018
10/12/2031 20:00,3903.692298247443
10/12/2031 21:00,3740.078242437105
10/12/2031 22:00,3500.3539536079156
10/12/2031 23:00,2492.546713850487
11/12/2031 00:00,1775.824606712772
11/12/2031 01:00,1761.5671209226095
11/12/2031 02:00,892.6633706483852
11/12/2031 03:00,830.2152971178048
11/12/2031 04:00,525.2704522046483
11/12/2031 05:00,667.84089304661
11/12/2031 06:00,1363.6128274467667
11/12/2031 07:00,1168.945858060685
11/12/2031 08:00,1116.9358876282906
11/12/2031 09:00,989.2015868029706
11/12/2031 10:00,2123.087691882313
11/12/2031 11:00,1049.9549508030539
11/12/2031 12:00,1145.5650503091977
11/12/2031 13:00,621.8731770402753
11/12/2031 14:00,670.8201412773888
11/12/2031 15:00,1563.3452511865944
11/12/2031 16:00,688.430287266918
11/12/2031 17:00,1009.8040772460153
11/12/2031 18:00,-0.0
11/12/2031 19:00,1229.8826875997033
11/12/2031 20:00,707.7138513262396
11/12/2031 21:00,842.1100484089416
11/12/2031 22:00,2587.9461728230235
11/12/2031 23:00,1260.869108015382
12/12/2031 00:00,1512.7051833726882
12/12/2031 01:00,1823.357259541984
12/12/2031 02:00,2027.8882676540097
12/12/2031 03:00,871.3384818126536
12/12/2031 04:00,2840.4274785080956
12/12/2031 05:00,3199.5127762190823
12/12/2031 06:00,1559.571777624296
12/12/2031 07:00,3080.990094340319
12/12/2031 08:00,4478.515613420438
12/12/2031 09:00,3456.2092354739425
12/12/2031 10:00,4108.114005275166
12/12/2031 11:00,3394.675165320923
12/12/2031 12:00,4836.039622247219
12/12/2031 13:00,4617.090904325563
12/12/2031 14:00,4465.201131566691
12/12/2031 15:00,4791.688327327093
12/12/2031 16:00,5130.0077890211105
12/12/2031 17:00,6021.351282894462
12/12/2031 18:00,3835.6239097479415
12/12/2031 19:00,4227.86366936377
12/12/2031 20:00,5204.921477391141
12/12/2031 21:00,5234.611989174866
12/12/2031 22:00,3297.578820698339
12/12/2031 23:00,4797.855597035631
13/12/2031 00:00,3706.874843558086
13/12/2031 01:00,3296.458820594153
13/12/2031 02:00,2895.1300296316126
13/12/2031 03:00,4917.1025617992955
13/12/2031 04:00,3400.430433581279
13/12/2031 05:00,3401.8518761255323
13/12/2031 06:00,3796.545747931007
13/12/2031 07:00,5556.556568896448
13/12/2031 08:00,5142.038401460358
13/12/2031 09:00,5282.0760025928685
13/12/2031 10:00,4609.523591390437
13/12/2031 11:00,3764.7239595444603
13/12/2031 12:00,4708.333349322109
13/12/2031 13:00,4186.371763587058
13/12/2031 14:00,4250.604606164511
13/12/2031 15:00,3608.582649742093
13/12/2031 16:00,4272.239957982076
13/12/2031 17:00,3331.6234240857093
13/12/2031 18:00,2193.6652234719627
13/12/2031 19:00,1668.7031825543997
13/12/2031 20:00,2808.9862699582513
13/12/2031 21:00,1567.659706473372
13/12/2031 22:00,1533.7898754570365
13/12/2031 23:00,1902.1407063114846
14/12/2031 00:00,2132.4838331791702
14/12/2031 01:00,2302.313022448366
14/12/2031 02:00,2294.7512192774507
14/12/2031 03:00,2322.962972587209
14/12/2031 04:00,2294.430753275107
14/12/2031 05:00,2163.4343926414613
14/12/2031 06:00,1835.8618093830523
14/12/2031 07:00,3020.8736219598763
14/12/2031 08:00,2596.538180711819
14/12/2031 09:00,1374.0124073373106
14/12/2031 10:00,1774.2578270065885
14/12/2031 11:00,1487.4550353690913
14/12/2031 12:00,2275.317316041163
14/12/2031 13:00,2488.73316456782
14/12/2031 14:00,3053.42763792701
14/12/2031 15:00,2861.5500820775083
14/12/2031 16:00,1533.7086854545187
14/12/2031 17:00,161.62682180430872
14/12/2031 18:00,-0.0
14/12/2031 19:00,-0.0
14/12/2031 20:00,-0.0
14/12/2031 21:00,-0.0
14/12/2031 22:00,-0.0
14/12/2031 23:00,-0.0
15/12/2031 00:00,-0.0
15/12/2031 01:00,-0.0
15/12/2031 02:00,-0.0
15/12/2031 03:00,-0.0
15/12/2031 04:00,-0.0
15/12/2031 05:00,-0.0
15/12/2031 06:00,-0.0
15/12/2031 07:00,-0.0
15/12/2031 08:00,-0.0
15/12/2031 09:00,-0.0
15/12/2031 10:00,-0.0
15/12/2031 11:00,-0.0
15/12/2031 12:00,-0.0
15/12/2031 13:00,559.1581335342047
15/12/2031 14:00,-0.0
15/12/2031 15:00,-0.0
15/12/2031 16:00,-0.0
15/12/2031 17:00,-0.0
15/12/2031 18:00,-0.0
15/12/2031 19:00,-0.0
15/12/2031 20:00,-0.0
15/12/2031 21:00,-0.0
15/12/2031 22:00,-0.0
15/12/2031 23:00,-0.0
16/12/2031 00:00,169.82929540430817
16/12/2031 01:00,-0.0
16/12/2031 02:00,-0.0
16/12/2031 03:00,-0.0
16/12/2031 04:00,-0.0
16/12/2031 05:00,-0.0
16/12/2031 06:00,-0.0
16/12/2031 07:00,-0.0
16/12/2031 08:00,28.569244796240078
16/12/2031 09:00,-0.0
16/12/2031 10:00,-0.0
16/12/2031 11:00,-0.0
16/12/2031 12:00,-0.0
16/12/2031 13:00,-0.0
16/12/2031 14:00,-0.0
16/12/2031 15:00,-0.0
16/12/2031 16:00,-0.0
16/12/2031 17:00,245.28989209884318
16/12/2031 18:00,74.54943321001224
16/12/2031 19:00,-0.0
16/12/2031 20:00,-0.0
16/12/2031 21:00,-0.0
16/12/2031 22:00,451.2080417357363
16/12/2031 23:00,-0.0
17/12/2031 00:00,-0.0
17/12/2031 01:00,-0.0
17/12/2031 02:00,-0.0
17/12/2031 03:00,279.5959391693189
17/12/2031 04:00,892.477838918513
17/12/2031 05:00,1687.7468377854175
17/12/2031 06:00,2540.6334905912636
17/12/2031 07:00,3125.207335905762
17/12/2031 08:00,3773.73725211775
17/12/2031 09:00,4280.391335579415
17/12/2031 10:00,3131.4483608267224
17/12/2031 11:00,4350.7630082109235
17/12/2031 12:00,5376.534331316789
17/12/2031 13:00,5402.993948536394
17/12/2031 14:00,5612.720258685946
17/12/2031 15:00,3895.300180589275
17/12/2031 16:00,3363.241047807929
17/12/2031 17:00,4036.5641414046304
17/12/2031 18:00,3481.7023456857614
17/12/2031 19:00,2778.874067403798
17/12/2031 20:00,2152.8638736269377
17/12/2031 21:00,1883.2118861964989
17/12/2031 22:00,2005.2639863102006
17/12/2031 23:00,2217.8059339663487
18/12/2031 00:00,2480.9201755719173
18/12/2031 01:00,2743.2571476552685
18/12/2031 02:00,2521.9245565282686
18/12/2031 03:00,2238.2900863548643
18/12/2031 04:00,2387.8183918030886
18/12/2031 05:00,2234.798846699537
18/12/2031 06:00,1768.5523059098464
18/12/2031 07:00,946.927287512475
18/12/2031 08:00,1792.3454600483128
18/12/2031 09:00,741.144736760385
18/12/2031 10:00,1252.9963229661482
18/12/2031 11:00,3238.939246469338
18/12/2031 12:00,2025.7093961668213
18/12/2031 13:00,1962.9945820282267
18/12/2031 14:00,2948.2086039123315
18/12/2031 15:00,1814.0372944488927
18/12/2031 16:00,453.16890159048353
18/12/2031 17:00,-0.0
18/12/2031 18:00,-0.0
18/12/2031 19:00,-0.0
18/12/2031 20:00,-0.0
18/12/2031 21:00,-0.0
18/12/2031 22:00,-0.0
18/12/2031 23:00,-0.0
19/12/2031 00:00,-0.0
19/12/2031 01:00,-0.0
19/12/2031 02:00,-0.0
19/12/2031 03:00,-0.0
19/12/2031 04:00,-0.0
19/12/2031 05:00,-0.0
19/12/2031 06:00,-0.0
19/12/2031 07:00,-0.0
19/12/2031 08:00,-0.0
19/12/2031 09:00,-0.0
19/12/2031 10:00,-0.0
19/12/2031 11:00,-0.0
19/12/2031 12:00,-0.0
19/12/2031 13:00,-0.0
19/12/2031 14:00,-0.0
19/12/2031 15:00,-0.0
19/12/2031 16:00,-0.0
19/12/2031 17:00,-0.0
19/12/2031 18:00,-0.0
19/12/2031 19:00,-0.0
19/12/2031 20:00,-0.0
19/12/2031 21:00,-0.0
19/12/2031 22:00,-0.0
19/12/2031 23:00,-0.0
20/12/2031 00:00,-0.0
20/12/2031 01:00,-0.0
20/12/2031 02:00,-0.0
20/12/2031 03:00,-0.0
20/12/2031 04:00,-0.0
20/12/2031 05:00,-0.0
20/12/2031 06:00,746.3334903309178
20/12/2031 07:00,2229.4569933418406
20/12/2031 08:00,2347.6229030009617
20/12/2031 09:00,2049.7512751912573
20/12/2031 10:00,1902.258536742055
20/12/2031 11:00,2787.459068225762
20/12/2031 12:00,3595.089374576114
20/12/2031 13:00,3311.666505738203
20/12/2031 14:00,3466.0603427853457
20/12/2031 15:00,3148.652862092169
20/12/2031 16:00,3603.378617892764
20/12/2031 17:00,3341.4450632916582
20/12/2031 18:00,2598.157733096155
20/12/2031 19:00,2113.0971272255015
20/12/2031 20:00,1856.2333154179057
20/12/2031 21:00,1524.461787236627
20/12/2031 22:00,892.1169843097102
20/12/2031 23:00,521.3462961972186
21/12/2031 00:00,366.3077802258347
21/12/2031 01:00,-0.0
21/12/2031 02:00,292.52831340931164
21/12/2031 03:00,127.34865626706443
21/12/2031 04:00,-0.0
21/12/2031 05:00,-0.0
21/12/2031 06:00,-0.0
21/12/2031 07:00,-0.0
21/12/2031 08:00,-0.0
21/12/2031 09:00,-0.0
21/12/2031 10:00,-0.0
21/12/2031 11:00,-0.0
21/12/2031 12:00,-0.0
21/12/2031 13:00,-0.0
21/12/2031 14:00,-0.0
21/12/2031 15:00,1210.8447654289412
21/12/2031 16:00,1200.059379440621
21/12/2031 17:00,214.23968823553724
21/12/2031 18:00,888.4469360289636
21/12/2031 19:00,589.9044399533681
21/12/2031 20:00,430.19613440744604
21/12/2031 21:00,533.407252953244
21/12/2031 22:00,-0.0
21/12/2031 23:00,-0.0
22/12/2031 00:00,362.5693101463288
22/12/2031 01:00,72.69823442176681
22/12/2031 02:00,927.9197466993439
22/12/2031 03:00,-0.0
22/12/2031 04:00,486.84540772577543
22/12/2031 05:00,756.4839352037128
22/12/2031 06:00,424.25520386905293
22/12/2031 07:00,190.09888903741344
22/12/2031 08:00,1037.1504876430195
22/12/2031 09:00,302.903032945615
22/12/2031 10:00,845.3090595097805
22/12/2031 11:00,1386.3753758772532
22/12/2031 12:00,3068.157119948873
22/12/2031 13:00,3564.6792784733143
22/12/2031 14:00,3420.996249353108
22/12/2031 15:00,4146.634825445336
22/12/2031 16:00,2931.75544131715
22/12/2031 17:00,1352.7107974706914
22/12/2031 18:00,2040.509959250071
22/12/2031 19:00,2256.847604684921
22/12/2031 20:00,591.0254762350534
22/12/2031 21:00,1951.713287874869
22/12/2031 22:00,2071.2444379457825
22/12/2031 23:00,647.7172317686479
23/12/2031 00:00,874.4943703986393
23/12/2031 01:00,1276.645261747625
23/12/2031 02:00,1545.0836092651946
23/12/2031 03:00,1559.4146350417136
23/12/2031 04:00,1318.1346339249858
23/12/2031 05:00,182.98666853209855
23/12/2031 06:00,496.3986212361997
23/12/2031 07:00,1182.5063168551312
23/12/2031 08:00,1899.3251207557623
23/12/2031 09:00,966.5862836138543
23/12/2031 10:00,962.5760212607239
23/12/2031 11:00,2518.6805162601945
23/12/2031 12:00,421.65925254257786
23/12/2031 13:00,3072.4842485201493
23/12/2031 14:00,3005.5402827453963
23/12/2031 15:00,2318.025068911262
23/12/2031 16:00,1646.795760674911
23/12/2031 17:00,1491.0680865921522
23/12/2031 18:00,805.0985114114231
23/12/2031 19:00,1021.0800362895826
23/12/2031 20:00,1411.9044469848284
23/12/2031 21:00,1528.7977052576014
23/12/2031 22:00,1898.2692255963361
23/12/2031 23:00,621.7597597071161
24/12/2031 00:00,819.5025760427758
24/12/2031 01:00,962.6907793780633
24/12/2031 02:00,2180.905295288453
24/12/2031 03:00,1302.8883347141998
24/12/2031 04:00,1993.4413055592927
24/12/2031 05:00,1174.6459806118153
24/12/2031 06:00,1320.6740732539527
24/12/2031 07:00,758.2506183117484
24/12/2031 08:00,422.6745180713506
24/12/2031 09:00,294.6949412473135
24/12/2031 10:00,217.89269031588842
24/12/2031 11:00,973.6081079221101
24/12/2031 12:00,-0.0
24/12/2031 13:00,398.49666640325086
24/12/2031 14:00,167.61603075295545
24/12/2031 15:00,896.8198716050354
24/12/2031 16:00,871.8098091331689
24/12/2031 17:00,-0.0
24/12/2031 18:00,412.1894354417762
24/12/2031 19:00,797.1369780318088
24/12/2031 20:00,965.6476418282109
24/12/2031 21:00,493.21633231786916
24/12/2031 22:00,-0.0
24/12/2031 23:00,-0.0
25/12/2031 00:00,-0.0
25/12/2031 01:00,-0.0
25/12/2031 02:00,-0.0
25/12/2031 03:00,-0.0
25/12/2031 04:00,-0.0
25/12/2031 05:00,-0.0
25/12/2031 06:00,-0.0
25/12/2031 07:00,-0.0
25/12/2031 08:00,-0.0
25/12/2031 09:00,-0.0
25/12/2031 10:00,-0.0
25/12/2031 11:00,445.6398013907116
25/12/2031 12:00,-0.0
25/12/2031 13:00,-0.0
25/12/2031 14:00,-0.0
25/12/2031 15:00,-0.0
25/12/2031 16:00,423.4841960439978
25/12/2031 17:00,-0.0
25/12/2031 18:00,-0.0
25/12/2031 19:00,-0.0
25/12/2031 20:00,-0.0
25/12/2031 21:00,55.227839992070784
25/12/2031 22:00,-0.0
25/12/2031 23:00,-0.0
26/12/2031 00:00,-0.0
26/12/2031 01:00,-0.0
26/12/2031 02:00,-0.0
26/12/2031 03:00,-0.0
26/12/2031 04:00,-0.0
26/12/2031 05:00,-0.0
26/12/2031 06:00,-0.0
26/12/2031 07:00,-0.0
26/12/2031 08:00,-0.0
26/12/2031 09:00,-0.0
26/12/2031 10:00,-0.0
26/12/2031 11:00,-0.0
26/12/2031 12:00,-0.0
26/12/2031 13:00,-0.0
26/12/2031 14:00,-0.0
26/12/2031 15:00,-0.0
26/12/2031 16:00,-0.0
26/12/2031 17:00,-0.0
26/12/2031 18:00,-0.0
26/12/2031 19:00,-0.0
26/12/2031 20:00,-0.0
26/12/2031 21:00,-0.0
26/12/2031 22:00,-0.0
26/12/2031 23:00,-0.0
27/12/2031 00:00,-0.0
27/12/2031 01:00,-0.0
27/12/2031 02:00,-0.0
27/12/2031 03:00,-0.0
27/12/2031 04:00,-0.0
27/12/2031 05:00,-0.0
27/12/2031 06:00,-0.0
27/12/2031 07:00,-0.0
27/12/2031 08:00,-0.0
27/12/2031 09:00,-0.0
27/12/2031 10:00,218.67149269469243
27/12/2031 11:00,-0.0
27/12/2031 12:00,-0.0
27/12/2031 13:00,-0.0
27/12/2031 14:00,-0.0
27/12/2031 15:00,-0.0
27/12/2031 16:00,-0.0
27/12/2031 17:00,-0.0
27/12/2031 18:00,-0.0
27/12/2031 19:00,-0.0
27/12/2031 20:00,44.834491431515474
27/12/2031 21:00,-0.0
27/12/2031 22:00,-0.0
27/12/2031 23:00,-0.0
28/12/2031 00:00,-0.0
28/12/2031 01:00,-0.0
28/12/2031 02:00,-0.0
28/12/2031 03:00,-0.0
28/12/2031 04:00,-0.0
28/12/2031 05:00,-0.0
28/12/2031 06:00,-0.0
28/12/2031 07:00,-0.0
28/12/2031 08:00,-0.0
28/12/2031 09:00,-0.0
28/12/2031 10:00,-0.0
28/12/2031 11:00,-0.0
28/12/2031 12:00,-0.0
28/12/2031 13:00,32.27456531931463
28/12/2031 14:00,-0.0
28/12/2031 15:00,-0.0
28/12/2031 16:00,-0.0
28/12/2031 17:00,-0.0
28/12/2031 18:00,-0.0
28/12/2031 19:00,-0.0
28/12/2031 20:00,-0.0
28/12/2031 21:00,-0.0
28/12/2031 22:00,-0.0
28/12/2031 23:00,-0.0
29/12/2031 00:00,-0.0
29/12/2031 01:00,-0.0
29/12/2031 02:00,-0.0
29/12/2031 03:00,-0.0
29/12/2031 04:00,-0.0
29/12/2031 05:00,-0.0
29/12/2031 06:00,-0.0
29/12/2031 07:00,-0.0
29/12/2031 08:00,-0.0
29/12/2031 09:00,-0.0
29/12/2031 10:00,-0.0
29/12/2031 11:00,-0.0
29/12/2031 12:00,-0.0
29/12/2031 13:00,247.56502353670464
29/12/2031 14:00,-0.0
29/12/2031 15:00,-0.0
29/12/2031 16:00,-0.0
29/12/2031 17:00,-0.0
29/12/2031 18:00,-0.0
29/12/2031 19:00,-0.0
29/12/2031 20:00,-0.0
29/12/2031 21:00,-0.0
29/12/2031 22:00,-0.0
29/12/2031 23:00,-0.0
