Date,MaxPower
02/07/2030 00:00,-0.0
02/07/2030 01:00,-0.0
02/07/2030 02:00,-0.0
02/07/2030 03:00,-0.0
02/07/2030 04:00,-0.0
02/07/2030 05:00,-0.0
02/07/2030 06:00,-0.0
02/07/2030 07:00,-0.0
02/07/2030 08:00,-0.0
02/07/2030 09:00,253.5789059288838
02/07/2030 10:00,647.4540111942184
02/07/2030 11:00,429.31585127266595
02/07/2030 12:00,907.074156632023
02/07/2030 13:00,590.7949532469278
02/07/2030 14:00,913.7340818869135
02/07/2030 15:00,688.90123204245
02/07/2030 16:00,748.5501152688248
02/07/2030 17:00,1167.9118595345033
02/07/2030 18:00,993.2504377276117
02/07/2030 19:00,775.1406171353902
02/07/2030 20:00,592.2855614153873
02/07/2030 21:00,466.9057597575671
02/07/2030 22:00,239.10863071701806
02/07/2030 23:00,182.41008161106188
03/07/2030 00:00,99.86597034562651
03/07/2030 01:00,85.86643157922964
03/07/2030 02:00,103.50555059665784
03/07/2030 03:00,80.85872296298862
03/07/2030 04:00,48.2211343103287
03/07/2030 05:00,-0.0
03/07/2030 06:00,-0.0
03/07/2030 07:00,-0.0
03/07/2030 08:00,-0.0
03/07/2030 09:00,157.11344156147547
03/07/2030 10:00,239.20956713856515
03/07/2030 11:00,299.48094547996743
03/07/2030 12:00,293.8838458399658
03/07/2030 13:00,317.39962335669685
03/07/2030 14:00,399.6218207067702
03/07/2030 15:00,403.83167778115137
03/07/2030 16:00,452.5839727080861
03/07/2030 17:00,351.8917717337275
03/07/2030 18:00,458.8502769141657
03/07/2030 19:00,484.36367787068735
03/07/2030 20:00,416.57716967333613
03/07/2030 21:00,25.66805838295898
03/07/2030 22:00,289.9818724614193
03/07/2030 23:00,-0.0
04/07/2030 00:00,-0.0
04/07/2030 01:00,-0.0
04/07/2030 02:00,-0.0
04/07/2030 03:00,-0.0
04/07/2030 04:00,-0.0
04/07/2030 05:00,-0.0
04/07/2030 06:00,-0.0
04/07/2030 07:00,-0.0
04/07/2030 08:00,-0.0
04/07/2030 09:00,-0.0
04/07/2030 10:00,-0.0
04/07/2030 11:00,-0.0
04/07/2030 12:00,-0.0
04/07/2030 13:00,-0.0
04/07/2030 14:00,-0.0
04/07/2030 15:00,-0.0
04/07/2030 16:00,199.25537706124737
04/07/2030 17:00,72.04453307940294
04/07/2030 18:00,-0.0
04/07/2030 19:00,-0.0
04/07/2030 20:00,-0.0
04/07/2030 21:00,-0.0
04/07/2030 22:00,-0.0
04/07/2030 23:00,-0.0
05/07/2030 00:00,-0.0
05/07/2030 01:00,-0.0
05/07/2030 02:00,-0.0
05/07/2030 03:00,-0.0
05/07/2030 04:00,-0.0
05/07/2030 05:00,-0.0
05/07/2030 06:00,-0.0
05/07/2030 07:00,-0.0
05/07/2030 08:00,-0.0
05/07/2030 09:00,-0.0
05/07/2030 10:00,-0.0
05/07/2030 11:00,-0.0
05/07/2030 12:00,-0.0
05/07/2030 13:00,158.01634639464464
05/07/2030 14:00,165.43474868553528
05/07/2030 15:00,241.46729141255062
05/07/2030 16:00,-0.0
05/07/2030 17:00,-0.0
05/07/2030 18:00,-0.0
05/07/2030 19:00,-0.0
05/07/2030 20:00,-0.0
05/07/2030 21:00,-0.0
05/07/2030 22:00,-0.0
05/07/2030 23:00,-0.0
06/07/2030 00:00,-0.0
06/07/2030 01:00,-0.0
06/07/2030 02:00,-0.0
06/07/2030 03:00,-0.0
06/07/2030 04:00,-0.0
06/07/2030 05:00,-0.0
06/07/2030 06:00,-0.0
06/07/2030 07:00,-0.0
06/07/2030 08:00,-0.0
06/07/2030 09:00,-0.0
06/07/2030 10:00,-0.0
06/07/2030 11:00,-0.0
06/07/2030 12:00,-0.0
06/07/2030 13:00,230.9329991404055
06/07/2030 14:00,-0.0
06/07/2030 15:00,-0.0
06/07/2030 16:00,127.85404849130285
06/07/2030 17:00,12.305744496684273
06/07/2030 18:00,-0.0
06/07/2030 19:00,98.7028824869881
06/07/2030 20:00,25.7024278891353
06/07/2030 21:00,-0.0
06/07/2030 22:00,-0.0
06/07/2030 23:00,-0.0
07/07/2030 00:00,-0.0
07/07/2030 01:00,-0.0
07/07/2030 02:00,-0.0
07/07/2030 03:00,-0.0
07/07/2030 04:00,-0.0
07/07/2030 05:00,-0.0
07/07/2030 06:00,-0.0
07/07/2030 07:00,-0.0
07/07/2030 08:00,-0.0
07/07/2030 09:00,-0.0
07/07/2030 10:00,31.216766240081828
07/07/2030 11:00,-0.0
07/07/2030 12:00,-0.0
07/07/2030 13:00,-0.0
07/07/2030 14:00,-0.0
07/07/2030 15:00,292.2789193628527
07/07/2030 16:00,230.99811484611223
07/07/2030 17:00,84.9992382534375
07/07/2030 18:00,-0.0
07/07/2030 19:00,182.01608848717547
07/07/2030 20:00,-0.0
07/07/2030 21:00,-0.0
07/07/2030 22:00,-0.0
07/07/2030 23:00,-0.0
08/07/2030 00:00,-0.0
08/07/2030 01:00,-0.0
08/07/2030 02:00,-0.0
08/07/2030 03:00,-0.0
08/07/2030 04:00,-0.0
08/07/2030 05:00,-0.0
08/07/2030 06:00,-0.0
08/07/2030 07:00,-0.0
08/07/2030 08:00,-0.0
08/07/2030 09:00,-0.0
08/07/2030 10:00,-0.0
08/07/2030 11:00,-0.0
08/07/2030 12:00,-0.0
08/07/2030 13:00,-0.0
08/07/2030 14:00,-0.0
08/07/2030 15:00,-0.0
08/07/2030 16:00,-0.0
08/07/2030 17:00,-0.0
08/07/2030 18:00,-0.0
08/07/2030 19:00,-0.0
08/07/2030 20:00,-0.0
08/07/2030 21:00,-0.0
08/07/2030 22:00,-0.0
08/07/2030 23:00,-0.0
09/07/2030 00:00,-0.0
09/07/2030 01:00,-0.0
09/07/2030 02:00,-0.0
09/07/2030 03:00,-0.0
09/07/2030 04:00,-0.0
09/07/2030 05:00,-0.0
09/07/2030 06:00,-0.0
09/07/2030 07:00,-0.0
09/07/2030 08:00,-0.0
09/07/2030 09:00,182.34677711233667
09/07/2030 10:00,398.13159562308306
09/07/2030 11:00,370.2047493642591
09/07/2030 12:00,247.33169658663365
09/07/2030 13:00,272.96501802956857
09/07/2030 14:00,319.49556389833606
09/07/2030 15:00,333.28585540226004
09/07/2030 16:00,575.0914864696955
09/07/2030 17:00,390.68873102127617
09/07/2030 18:00,159.07179335814592
09/07/2030 19:00,-0.0
09/07/2030 20:00,328.941751030209
09/07/2030 21:00,380.0017764522385
09/07/2030 22:00,-0.0
09/07/2030 23:00,82.0185619928417
10/07/2030 00:00,-0.0
10/07/2030 01:00,-0.0
10/07/2030 02:00,-0.0
10/07/2030 03:00,-0.0
10/07/2030 04:00,-0.0
10/07/2030 05:00,50.224420148333714
10/07/2030 06:00,-0.0
10/07/2030 07:00,-0.0
10/07/2030 08:00,-0.0
10/07/2030 09:00,-0.0
10/07/2030 10:00,126.9894400891339
10/07/2030 11:00,196.1175825055306
10/07/2030 12:00,-0.0
10/07/2030 13:00,87.1895307706698
10/07/2030 14:00,142.0097844021267
10/07/2030 15:00,154.22959656079922
10/07/2030 16:00,507.0745081037891
10/07/2030 17:00,394.3651736150789
10/07/2030 18:00,292.7983246534611
10/07/2030 19:00,94.49452640694857
10/07/2030 20:00,92.11555313947774
10/07/2030 21:00,434.66204998840067
10/07/2030 22:00,333.4325175443836
10/07/2030 23:00,305.3752526841863
11/07/2030 00:00,244.04867823809514
11/07/2030 01:00,56.75059915026385
11/07/2030 02:00,115.14566588594991
11/07/2030 03:00,125.29285981004051
11/07/2030 04:00,73.97443597982073
11/07/2030 05:00,26.685355549687806
11/07/2030 06:00,7.923243547481036
11/07/2030 07:00,-0.0
11/07/2030 08:00,48.73526914445717
11/07/2030 09:00,197.41905875626642
11/07/2030 10:00,421.8484395335102
11/07/2030 11:00,530.052366595354
11/07/2030 12:00,298.9496021017413
11/07/2030 13:00,361.8412724168317
11/07/2030 14:00,422.7817258767849
11/07/2030 15:00,403.36177986365885
11/07/2030 16:00,775.9006114530883
11/07/2030 17:00,680.5697712955808
11/07/2030 18:00,565.1281286996796
11/07/2030 19:00,586.9710960022448
11/07/2030 20:00,397.57351804496363
11/07/2030 21:00,786.0331651134574
11/07/2030 22:00,224.90347431226408
11/07/2030 23:00,315.8271018179053
12/07/2030 00:00,282.18733523661103
12/07/2030 01:00,333.96989416764166
12/07/2030 02:00,372.60193943100126
12/07/2030 03:00,396.85637353186297
12/07/2030 04:00,397.25042889771726
12/07/2030 05:00,509.5119247682557
12/07/2030 06:00,596.7774796881823
12/07/2030 07:00,620.1424476550882
12/07/2030 08:00,446.7235747350128
12/07/2030 09:00,607.3963652802219
12/07/2030 10:00,545.0258729867367
12/07/2030 11:00,528.2564446540066
12/07/2030 12:00,707.3280843464865
12/07/2030 13:00,400.9156071980381
12/07/2030 14:00,482.7645777470048
12/07/2030 15:00,529.07509613296
12/07/2030 16:00,582.4900713195611
12/07/2030 17:00,947.1937453853768
12/07/2030 18:00,834.8786687982716
12/07/2030 19:00,639.1785186070151
12/07/2030 20:00,656.4604197740185
12/07/2030 21:00,580.3284198732396
12/07/2030 22:00,425.75622204428834
12/07/2030 23:00,222.9708560577746
13/07/2030 00:00,205.4477176851077
13/07/2030 01:00,202.84303599100375
13/07/2030 02:00,176.01179557264956
13/07/2030 03:00,121.12007113097768
13/07/2030 04:00,89.5845320745996
13/07/2030 05:00,328.8701778116188
13/07/2030 06:00,364.0111388848442
13/07/2030 07:00,489.7251224315301
13/07/2030 08:00,315.4628261407403
13/07/2030 09:00,392.2488191271297
13/07/2030 10:00,294.06146560109187
13/07/2030 11:00,-0.0
13/07/2030 12:00,365.0040416164192
13/07/2030 13:00,280.25531181164433
13/07/2030 14:00,74.22206233063739
13/07/2030 15:00,121.25504652841633
13/07/2030 16:00,138.93327127532487
13/07/2030 17:00,471.97583278046085
13/07/2030 18:00,346.37657627036833
13/07/2030 19:00,221.75322637022342
13/07/2030 20:00,375.7610672272959
13/07/2030 21:00,294.97092879798134
13/07/2030 22:00,218.84836518349493
13/07/2030 23:00,39.942464994248525
14/07/2030 00:00,-0.0
14/07/2030 01:00,-0.0
14/07/2030 02:00,-0.0
14/07/2030 03:00,-0.0
14/07/2030 04:00,-0.0
14/07/2030 05:00,-0.0
14/07/2030 06:00,-0.0
14/07/2030 07:00,-0.0
14/07/2030 08:00,-0.0
14/07/2030 09:00,-0.0
14/07/2030 10:00,-0.0
14/07/2030 11:00,-0.0
14/07/2030 12:00,-0.0
14/07/2030 13:00,-0.0
14/07/2030 14:00,-0.0
14/07/2030 15:00,-0.0
14/07/2030 16:00,227.369665273669
14/07/2030 17:00,109.2299029112082
14/07/2030 18:00,359.7594236271301
14/07/2030 19:00,-0.0
14/07/2030 20:00,-0.0
14/07/2030 21:00,288.35704211868483
14/07/2030 22:00,-0.0
14/07/2030 23:00,-0.0
15/07/2030 00:00,-0.0
15/07/2030 01:00,-0.0
15/07/2030 02:00,-0.0
15/07/2030 03:00,-0.0
15/07/2030 04:00,-0.0
15/07/2030 05:00,-0.0
15/07/2030 06:00,-0.0
15/07/2030 07:00,-0.0
15/07/2030 08:00,-0.0
15/07/2030 09:00,-0.0
15/07/2030 10:00,267.9420986331214
15/07/2030 11:00,-0.0
15/07/2030 12:00,225.88762750086775
15/07/2030 13:00,122.94568434902538
15/07/2030 14:00,149.27124735284426
15/07/2030 15:00,316.76034875356413
15/07/2030 16:00,432.5596045252886
15/07/2030 17:00,257.4308551294599
15/07/2030 18:00,60.23582111806364
15/07/2030 19:00,336.4605952608212
15/07/2030 20:00,339.5172081046192
15/07/2030 21:00,322.9922065122483
15/07/2030 22:00,272.64591122862515
15/07/2030 23:00,-0.0
16/07/2030 00:00,1467.6395281446216
16/07/2030 01:00,-0.0
16/07/2030 02:00,-0.0
16/07/2030 03:00,-0.0
16/07/2030 04:00,-0.0
16/07/2030 05:00,-0.0
16/07/2030 06:00,-0.0
16/07/2030 07:00,-0.0
16/07/2030 08:00,-0.0
16/07/2030 09:00,102.41162681907424
16/07/2030 10:00,311.641261367249
16/07/2030 11:00,140.6613934023212
16/07/2030 12:00,82.21236874855619
16/07/2030 13:00,156.38612433548101
16/07/2030 14:00,175.41215755588695
16/07/2030 15:00,307.757233249649
16/07/2030 16:00,436.7769086006643
16/07/2030 17:00,245.5905125350013
16/07/2030 18:00,40.101896525532084
16/07/2030 19:00,-0.0
16/07/2030 20:00,86.82418862957914
16/07/2030 21:00,293.2059717502172
16/07/2030 22:00,171.1118481326779
16/07/2030 23:00,-0.0
17/07/2030 00:00,-0.0
17/07/2030 01:00,-0.0
17/07/2030 02:00,-0.0
17/07/2030 03:00,-0.0
17/07/2030 04:00,-0.0
17/07/2030 05:00,-0.0
17/07/2030 06:00,67.6550533590694
17/07/2030 07:00,74.17377114371031
17/07/2030 08:00,-0.0
17/07/2030 09:00,-0.0
17/07/2030 10:00,-0.0
17/07/2030 11:00,-0.0
17/07/2030 12:00,-0.0
17/07/2030 13:00,-0.0
17/07/2030 14:00,-0.0
17/07/2030 15:00,37.758685248735205
17/07/2030 16:00,39.05439319510485
17/07/2030 17:00,-0.0
17/07/2030 18:00,-0.0
17/07/2030 19:00,-0.0
17/07/2030 20:00,-0.0
17/07/2030 21:00,-0.0
17/07/2030 22:00,-0.0
17/07/2030 23:00,-0.0
18/07/2030 00:00,123.07080008544513
18/07/2030 01:00,-0.0
18/07/2030 02:00,27.23148796901917
18/07/2030 03:00,10.308056777947533
18/07/2030 04:00,-0.0
18/07/2030 05:00,-0.0
18/07/2030 06:00,13.167669674258171
18/07/2030 07:00,-0.0
18/07/2030 08:00,-0.0
18/07/2030 09:00,-0.0
18/07/2030 10:00,-0.0
18/07/2030 11:00,-0.0
18/07/2030 12:00,-0.0
18/07/2030 13:00,-0.0
18/07/2030 14:00,-0.0
18/07/2030 15:00,134.4490389393208
18/07/2030 16:00,75.9527573477468
18/07/2030 17:00,-0.0
18/07/2030 18:00,429.55735538679966
18/07/2030 19:00,-0.0
18/07/2030 20:00,239.87084253231535
18/07/2030 21:00,166.49114939501715
18/07/2030 22:00,-0.0
18/07/2030 23:00,-0.0
19/07/2030 00:00,93.66146036555122
19/07/2030 01:00,-0.0
19/07/2030 02:00,-0.0
19/07/2030 03:00,-0.0
19/07/2030 04:00,-0.0
19/07/2030 05:00,-0.0
19/07/2030 06:00,-0.0
19/07/2030 07:00,-0.0
19/07/2030 08:00,-0.0
19/07/2030 09:00,-0.0
19/07/2030 10:00,-0.0
19/07/2030 11:00,-0.0
19/07/2030 12:00,-0.0
19/07/2030 13:00,-0.0
19/07/2030 14:00,-0.0
19/07/2030 15:00,-0.0
19/07/2030 16:00,306.83833185092436
19/07/2030 17:00,138.53525222853344
19/07/2030 18:00,170.82750989539593
19/07/2030 19:00,-0.0
19/07/2030 20:00,-0.0
19/07/2030 21:00,10.973573778235393
19/07/2030 22:00,-0.0
19/07/2030 23:00,-0.0
20/07/2030 00:00,-0.0
20/07/2030 01:00,91.02142300262973
20/07/2030 02:00,-0.0
20/07/2030 03:00,-0.0
20/07/2030 04:00,-0.0
20/07/2030 05:00,-0.0
20/07/2030 06:00,-0.0
20/07/2030 07:00,16.646008233547033
20/07/2030 08:00,-0.0
20/07/2030 09:00,-0.0
20/07/2030 10:00,-0.0
20/07/2030 11:00,-0.0
20/07/2030 12:00,-0.0
20/07/2030 13:00,-0.0
20/07/2030 14:00,-0.0
20/07/2030 15:00,-0.0
20/07/2030 16:00,-0.0
20/07/2030 17:00,-0.0
20/07/2030 18:00,6.784085267110102
20/07/2030 19:00,-0.0
20/07/2030 20:00,170.7992553725008
20/07/2030 21:00,104.3777648346559
20/07/2030 22:00,54.16840985852048
20/07/2030 23:00,-0.0
21/07/2030 00:00,-0.0
21/07/2030 01:00,107.02757429970774
21/07/2030 02:00,-0.0
21/07/2030 03:00,-0.0
21/07/2030 04:00,-0.0
21/07/2030 05:00,-0.0
21/07/2030 06:00,-0.0
21/07/2030 07:00,-0.0
21/07/2030 08:00,-0.0
21/07/2030 09:00,-0.0
21/07/2030 10:00,-0.0
21/07/2030 11:00,-0.0
21/07/2030 12:00,-0.0
21/07/2030 13:00,-0.0
21/07/2030 14:00,67.58002616844604
21/07/2030 15:00,305.38668265801533
21/07/2030 16:00,-0.0
21/07/2030 17:00,154.77274055405064
21/07/2030 18:00,51.300573470987075
21/07/2030 19:00,352.9134826406818
21/07/2030 20:00,275.163218062562
21/07/2030 21:00,-0.0
21/07/2030 22:00,7.5403625505148115
21/07/2030 23:00,25.703166966831272
22/07/2030 00:00,-0.0
22/07/2030 01:00,-0.0
22/07/2030 02:00,-0.0
22/07/2030 03:00,-0.0
22/07/2030 04:00,-0.0
22/07/2030 05:00,-0.0
22/07/2030 06:00,-0.0
22/07/2030 07:00,-0.0
22/07/2030 08:00,-0.0
22/07/2030 09:00,76.98815603246747
22/07/2030 10:00,274.62322274891244
22/07/2030 11:00,318.00611410168784
22/07/2030 12:00,77.96037875212534
22/07/2030 13:00,222.0583180406303
22/07/2030 14:00,208.23818751295022
22/07/2030 15:00,162.16040808110932
22/07/2030 16:00,514.5433306320357
22/07/2030 17:00,213.15475906762575
22/07/2030 18:00,221.93293248037884
22/07/2030 19:00,262.8054495253249
22/07/2030 20:00,399.4524954091353
22/07/2030 21:00,384.09512019084264
22/07/2030 22:00,243.88183507717986
22/07/2030 23:00,142.64633525152632
23/07/2030 00:00,-0.0
23/07/2030 01:00,-0.0
23/07/2030 02:00,-0.0
23/07/2030 03:00,-0.0
23/07/2030 04:00,-0.0
23/07/2030 05:00,-0.0
23/07/2030 06:00,-0.0
23/07/2030 07:00,-0.0
23/07/2030 08:00,-0.0
23/07/2030 09:00,189.0399729865147
23/07/2030 10:00,411.99976065773205
23/07/2030 11:00,423.6019306307603
23/07/2030 12:00,285.5842985505626
23/07/2030 13:00,286.3955324859164
23/07/2030 14:00,351.6509875433457
23/07/2030 15:00,443.65461152530577
23/07/2030 16:00,657.9587784959177
23/07/2030 17:00,506.9435936874391
23/07/2030 18:00,242.4222060151714
23/07/2030 19:00,36.36441949851403
23/07/2030 20:00,-0.0
23/07/2030 21:00,325.63565296819166
23/07/2030 22:00,138.11678335713532
23/07/2030 23:00,92.54378163532937
24/07/2030 00:00,-0.0
24/07/2030 01:00,-0.0
24/07/2030 02:00,-0.0
24/07/2030 03:00,-0.0
24/07/2030 04:00,-0.0
24/07/2030 05:00,-0.0
24/07/2030 06:00,-0.0
24/07/2030 07:00,-0.0
24/07/2030 08:00,22.676399219860667
24/07/2030 09:00,-0.0
24/07/2030 10:00,9.959491302939954
24/07/2030 11:00,-0.0
24/07/2030 12:00,-0.0
24/07/2030 13:00,324.20892035619784
24/07/2030 14:00,-0.0
24/07/2030 15:00,-0.0
24/07/2030 16:00,223.4137102841729
24/07/2030 17:00,88.08735090065396
24/07/2030 18:00,-0.0
24/07/2030 19:00,-0.0
24/07/2030 20:00,-0.0
24/07/2030 21:00,-0.0
24/07/2030 22:00,-0.0
24/07/2030 23:00,-0.0
25/07/2030 00:00,-0.0
25/07/2030 01:00,-0.0
25/07/2030 02:00,-0.0
25/07/2030 03:00,-0.0
25/07/2030 04:00,-0.0
25/07/2030 05:00,-0.0
25/07/2030 06:00,-0.0
25/07/2030 07:00,-0.0
25/07/2030 08:00,-0.0
25/07/2030 09:00,-0.0
25/07/2030 10:00,-0.0
25/07/2030 11:00,50.086323131051515
25/07/2030 12:00,269.4933933067059
25/07/2030 13:00,-0.0
25/07/2030 14:00,194.6616428476279
25/07/2030 15:00,-0.0
25/07/2030 16:00,280.56022017131045
25/07/2030 17:00,139.6331857264037
25/07/2030 18:00,-0.0
25/07/2030 19:00,-0.0
25/07/2030 20:00,-0.0
25/07/2030 21:00,10.101769802989693
25/07/2030 22:00,-0.0
25/07/2030 23:00,-0.0
26/07/2030 00:00,-0.0
26/07/2030 01:00,-0.0
26/07/2030 02:00,-0.0
26/07/2030 03:00,-0.0
26/07/2030 04:00,-0.0
26/07/2030 05:00,-0.0
26/07/2030 06:00,-0.0
26/07/2030 07:00,-0.0
26/07/2030 08:00,-0.0
26/07/2030 09:00,-0.0
26/07/2030 10:00,87.32212351202428
26/07/2030 11:00,-0.0
26/07/2030 12:00,318.194571686462
26/07/2030 13:00,184.005579479121
26/07/2030 14:00,143.314860429869
26/07/2030 15:00,6.32328960023478
26/07/2030 16:00,-0.0
26/07/2030 17:00,158.19211789758668
26/07/2030 18:00,-0.0
26/07/2030 19:00,87.41102911335248
26/07/2030 20:00,-0.0
26/07/2030 21:00,-0.0
26/07/2030 22:00,-0.0
26/07/2030 23:00,-0.0
27/07/2030 00:00,-0.0
27/07/2030 01:00,-0.0
27/07/2030 02:00,-0.0
27/07/2030 03:00,-0.0
27/07/2030 04:00,-0.0
27/07/2030 05:00,-0.0
27/07/2030 06:00,-0.0
27/07/2030 07:00,-0.0
27/07/2030 08:00,-0.0
27/07/2030 09:00,-0.0
27/07/2030 10:00,60.544264936426785
27/07/2030 11:00,257.63198098238195
27/07/2030 12:00,301.00362206820023
27/07/2030 13:00,126.7717010676171
27/07/2030 14:00,181.88123779038486
27/07/2030 15:00,159.35244406634519
27/07/2030 16:00,298.0792393049101
27/07/2030 17:00,117.52376953980247
27/07/2030 18:00,43.83240464759623
27/07/2030 19:00,94.41263758218459
27/07/2030 20:00,-0.0
27/07/2030 21:00,-0.0
27/07/2030 22:00,-0.0
27/07/2030 23:00,-0.0
28/07/2030 00:00,-0.0
28/07/2030 01:00,-0.0
28/07/2030 02:00,-0.0
28/07/2030 03:00,-0.0
28/07/2030 04:00,-0.0
28/07/2030 05:00,-0.0
28/07/2030 06:00,-0.0
28/07/2030 07:00,-0.0
28/07/2030 08:00,-0.0
28/07/2030 09:00,-0.0
28/07/2030 10:00,-0.0
28/07/2030 11:00,-0.0
28/07/2030 12:00,-0.0
28/07/2030 13:00,-0.0
28/07/2030 14:00,138.49100380832675
28/07/2030 15:00,-0.0
28/07/2030 16:00,-0.0
28/07/2030 17:00,-0.0
28/07/2030 18:00,29.205150456769633
28/07/2030 19:00,6.849381016934697
28/07/2030 20:00,-0.0
28/07/2030 21:00,-0.0
28/07/2030 22:00,-0.0
28/07/2030 23:00,-0.0
29/07/2030 00:00,-0.0
29/07/2030 01:00,-0.0
29/07/2030 02:00,-0.0
29/07/2030 03:00,-0.0
29/07/2030 04:00,-0.0
29/07/2030 05:00,-0.0
29/07/2030 06:00,-0.0
29/07/2030 07:00,-0.0
29/07/2030 08:00,-0.0
29/07/2030 09:00,-0.0
29/07/2030 10:00,-0.0
29/07/2030 11:00,111.56813141740561
29/07/2030 12:00,169.94726325954807
29/07/2030 13:00,-0.0
29/07/2030 14:00,-0.0
29/07/2030 15:00,-0.0
29/07/2030 16:00,-0.0
29/07/2030 17:00,94.35425679809026
29/07/2030 18:00,302.03002593084756
29/07/2030 19:00,125.07354582773614
29/07/2030 20:00,-0.0
29/07/2030 21:00,162.55558894554704
29/07/2030 22:00,181.46888296728733
29/07/2030 23:00,-0.0
30/07/2030 00:00,-0.0
30/07/2030 01:00,-0.0
30/07/2030 02:00,-0.0
30/07/2030 03:00,-0.0
30/07/2030 04:00,-0.0
30/07/2030 05:00,-0.0
30/07/2030 06:00,-0.0
30/07/2030 07:00,-0.0
30/07/2030 08:00,1.918822526153035
30/07/2030 09:00,156.21421069295945
30/07/2030 10:00,319.20306760337286
30/07/2030 11:00,430.1570961193828
30/07/2030 12:00,168.5441429337503
30/07/2030 13:00,324.69193765755557
30/07/2030 14:00,250.26109689895725
30/07/2030 15:00,225.0410662158439
30/07/2030 16:00,323.35212569157216
30/07/2030 17:00,373.12991855378914
30/07/2030 18:00,107.44985979362613
30/07/2030 19:00,-0.0
30/07/2030 20:00,65.80712920699015
30/07/2030 21:00,-0.0
30/07/2030 22:00,-0.0
30/07/2030 23:00,199.53361174421988
31/07/2030 00:00,-0.0
31/07/2030 01:00,-0.0
31/07/2030 02:00,-0.0
31/07/2030 03:00,-0.0
31/07/2030 04:00,-0.0
31/07/2030 05:00,-0.0
31/07/2030 06:00,37.562881976444324
31/07/2030 07:00,33.65146204295508
31/07/2030 08:00,-0.0
31/07/2030 09:00,-0.0
31/07/2030 10:00,-0.0
31/07/2030 11:00,10.382876376072177
31/07/2030 12:00,-0.0
31/07/2030 13:00,-0.0
31/07/2030 14:00,-0.0
31/07/2030 15:00,-0.0
31/07/2030 16:00,24.222377942326652
31/07/2030 17:00,-0.0
31/07/2030 18:00,-0.0
31/07/2030 19:00,-0.0
31/07/2030 20:00,243.5940041127264
31/07/2030 21:00,-0.0
31/07/2030 22:00,89.4985722716967
31/07/2030 23:00,-0.0
01/08/2030 00:00,-0.0
01/08/2030 01:00,-0.0
01/08/2030 02:00,-0.0
01/08/2030 03:00,-0.0
01/08/2030 04:00,-0.0
01/08/2030 05:00,-0.0
01/08/2030 06:00,-0.0
01/08/2030 07:00,-0.0
01/08/2030 08:00,-0.0
01/08/2030 09:00,-0.0
01/08/2030 10:00,-0.0
01/08/2030 11:00,120.88532632893661
01/08/2030 12:00,-0.0
01/08/2030 13:00,-0.0
01/08/2030 14:00,-0.0
01/08/2030 15:00,-0.0
01/08/2030 16:00,146.20134344835435
01/08/2030 17:00,61.23220609939074
01/08/2030 18:00,-0.0
01/08/2030 19:00,-0.0
01/08/2030 20:00,-0.0
01/08/2030 21:00,-0.0
01/08/2030 22:00,-0.0
01/08/2030 23:00,-0.0
02/08/2030 00:00,-0.0
02/08/2030 01:00,-0.0
02/08/2030 02:00,-0.0
02/08/2030 03:00,-0.0
02/08/2030 04:00,-0.0
02/08/2030 05:00,-0.0
02/08/2030 06:00,-0.0
02/08/2030 07:00,-0.0
02/08/2030 08:00,-0.0
02/08/2030 09:00,-0.0
02/08/2030 10:00,-0.0
02/08/2030 11:00,-0.0
02/08/2030 12:00,-0.0
02/08/2030 13:00,-0.0
02/08/2030 14:00,21.364370337727937
02/08/2030 15:00,106.32028382807535
02/08/2030 16:00,61.44395477255049
02/08/2030 17:00,65.7021380510847
02/08/2030 18:00,178.75424953006973
02/08/2030 19:00,410.5635119787567
02/08/2030 20:00,426.02942973579064
02/08/2030 21:00,488.6274967477862
02/08/2030 22:00,5.709167151124229
02/08/2030 23:00,136.08529745680676
03/08/2030 00:00,-0.0
03/08/2030 01:00,-0.0
03/08/2030 02:00,-0.0
03/08/2030 03:00,-0.0
03/08/2030 04:00,-0.0
03/08/2030 05:00,-0.0
03/08/2030 06:00,-0.0
03/08/2030 07:00,-0.0
03/08/2030 08:00,-0.0
03/08/2030 09:00,-0.0
03/08/2030 10:00,-0.0
03/08/2030 11:00,-0.0
03/08/2030 12:00,-0.0
03/08/2030 13:00,-0.0
03/08/2030 14:00,289.34221706669365
03/08/2030 15:00,464.1775612099816
03/08/2030 16:00,424.55927170880574
03/08/2030 17:00,286.7272758883289
03/08/2030 18:00,60.51015819406923
03/08/2030 19:00,317.543897558479
03/08/2030 20:00,-0.0
03/08/2030 21:00,-0.0
03/08/2030 22:00,7.442856506969882
03/08/2030 23:00,55.79041865384291
04/08/2030 00:00,41.9920731381328
04/08/2030 01:00,49.500763788078835
04/08/2030 02:00,28.685909153606822
04/08/2030 03:00,7.332749121861771
04/08/2030 04:00,31.308031637259877
04/08/2030 05:00,152.3530722973836
04/08/2030 06:00,182.07582092970276
04/08/2030 07:00,155.21026066123616
04/08/2030 08:00,-0.0
04/08/2030 09:00,1.0342362909032214
04/08/2030 10:00,238.40554441665995
04/08/2030 11:00,293.1621398092809
04/08/2030 12:00,147.81263825393856
04/08/2030 13:00,268.90453088218715
04/08/2030 14:00,375.92196468228155
04/08/2030 15:00,448.27239004207456
04/08/2030 16:00,755.5148737389568
04/08/2030 17:00,610.6257344234672
04/08/2030 18:00,794.2971599623941
04/08/2030 19:00,477.0498695969386
04/08/2030 20:00,667.7413908937098
04/08/2030 21:00,619.6577603067939
04/08/2030 22:00,57.26227727959295
04/08/2030 23:00,77.0570544602926
05/08/2030 00:00,201.05295256459382
05/08/2030 01:00,107.50717525854319
05/08/2030 02:00,172.74408697767538
05/08/2030 03:00,70.85837228360187
05/08/2030 04:00,40.55831350174464
05/08/2030 05:00,-0.0
05/08/2030 06:00,-0.0
05/08/2030 07:00,-0.0
05/08/2030 08:00,-0.0
05/08/2030 09:00,187.38168489567042
05/08/2030 10:00,424.65747426427265
05/08/2030 11:00,543.9935748738196
05/08/2030 12:00,309.3296653081419
05/08/2030 13:00,387.8097986212828
05/08/2030 14:00,437.782779172726
05/08/2030 15:00,852.4010928876937
05/08/2030 16:00,388.36195734274634
05/08/2030 17:00,690.7048146073797
05/08/2030 18:00,727.7145956175208
05/08/2030 19:00,384.7029459015894
05/08/2030 20:00,759.5570280061894
05/08/2030 21:00,693.61936792298
05/08/2030 22:00,524.693211707572
05/08/2030 23:00,292.70027049982264
06/08/2030 00:00,110.85592788535182
06/08/2030 01:00,141.07694322099638
06/08/2030 02:00,161.17133028523116
06/08/2030 03:00,147.46165510286806
06/08/2030 04:00,117.92183167541299
06/08/2030 05:00,84.8780047832171
06/08/2030 06:00,95.11935416372717
06/08/2030 07:00,112.02074178423764
06/08/2030 08:00,220.7903933562694
06/08/2030 09:00,492.48149952390344
06/08/2030 10:00,685.6905285849381
06/08/2030 11:00,694.7050567683945
06/08/2030 12:00,537.2777658673059
06/08/2030 13:00,540.7744280589216
06/08/2030 14:00,574.7872518254386
06/08/2030 15:00,591.2940973362065
06/08/2030 16:00,927.4855699600106
06/08/2030 17:00,814.6123780171304
06/08/2030 18:00,603.2298725039324
06/08/2030 19:00,613.7416100061425
06/08/2030 20:00,737.6028077886779
06/08/2030 21:00,730.1805632207657
06/08/2030 22:00,588.9587273716448
06/08/2030 23:00,516.766388805971
07/08/2030 00:00,346.83817921208777
07/08/2030 01:00,215.8986411719652
07/08/2030 02:00,112.98921761617041
07/08/2030 03:00,86.60694499297043
07/08/2030 04:00,128.0940334595565
07/08/2030 05:00,199.4962312530408
07/08/2030 06:00,392.7747787154399
07/08/2030 07:00,436.7244995593592
07/08/2030 08:00,-0.0
07/08/2030 09:00,221.20334954578982
07/08/2030 10:00,441.53806529283486
07/08/2030 11:00,268.31399658868634
07/08/2030 12:00,211.61663222997674
07/08/2030 13:00,195.43947212009
07/08/2030 14:00,222.08896647279246
07/08/2030 15:00,345.52198677684754
07/08/2030 16:00,542.5383853893917
07/08/2030 17:00,372.2857426787275
07/08/2030 18:00,172.77333915794122
07/08/2030 19:00,479.83911713958776
07/08/2030 20:00,512.7430800757302
07/08/2030 21:00,182.0523286820339
07/08/2030 22:00,633.2234276854165
07/08/2030 23:00,497.1836958320996
08/08/2030 00:00,332.38919473782005
08/08/2030 01:00,234.0263819186227
08/08/2030 02:00,185.1589109142577
08/08/2030 03:00,206.57122591145088
08/08/2030 04:00,265.6144309704526
08/08/2030 05:00,243.83536649746023
08/08/2030 06:00,214.8909629600745
08/08/2030 07:00,359.9952195349029
08/08/2030 08:00,232.4028047020805
08/08/2030 09:00,327.56569800365406
08/08/2030 10:00,463.6172062547293
08/08/2030 11:00,291.869785006785
08/08/2030 12:00,193.61838944848006
08/08/2030 13:00,215.23104073645553
08/08/2030 14:00,221.71289780735546
08/08/2030 15:00,347.11202765106714
08/08/2030 16:00,459.02121707386465
08/08/2030 17:00,267.87087662806215
08/08/2030 18:00,42.60140712835894
08/08/2030 19:00,299.0710847131034
08/08/2030 20:00,332.292206116473
08/08/2030 21:00,140.21461040397713
08/08/2030 22:00,527.0311784026359
08/08/2030 23:00,561.0949696776695
09/08/2030 00:00,351.964684596642
09/08/2030 01:00,247.96487670796498
09/08/2030 02:00,454.38905813193503
09/08/2030 03:00,281.4226466790975
09/08/2030 04:00,231.20985994979083
09/08/2030 05:00,450.82486895994856
09/08/2030 06:00,663.143626343246
09/08/2030 07:00,676.2033645134327
09/08/2030 08:00,314.39748319606304
09/08/2030 09:00,518.5987833187663
09/08/2030 10:00,480.1388360499102
09/08/2030 11:00,284.05458430291117
09/08/2030 12:00,254.8028777138223
09/08/2030 13:00,197.05475022676075
09/08/2030 14:00,281.5770397703184
09/08/2030 15:00,404.32663950662607
09/08/2030 16:00,310.9627979602591
09/08/2030 17:00,114.10650096659431
09/08/2030 18:00,-0.0
09/08/2030 19:00,100.73888706593496
09/08/2030 20:00,-0.0
09/08/2030 21:00,183.4439714364318
09/08/2030 22:00,-0.0
09/08/2030 23:00,-0.0
10/08/2030 00:00,-0.0
10/08/2030 01:00,50.92356150911605
10/08/2030 02:00,476.8848634216488
10/08/2030 03:00,82.37518396953084
10/08/2030 04:00,473.313999384377
10/08/2030 05:00,31.272743893706377
10/08/2030 06:00,5.697840088448965
10/08/2030 07:00,-0.0
10/08/2030 08:00,5.053902549352829
10/08/2030 09:00,126.68913672796586
10/08/2030 10:00,-0.0
10/08/2030 11:00,361.2749492654714
10/08/2030 12:00,-0.0
10/08/2030 13:00,-0.0
10/08/2030 14:00,319.5422310464882
10/08/2030 15:00,-0.0
10/08/2030 16:00,84.67132490263658
10/08/2030 17:00,80.1979303807124
10/08/2030 18:00,-0.0
10/08/2030 19:00,-0.0
10/08/2030 20:00,-0.0
10/08/2030 21:00,-0.0
10/08/2030 22:00,-0.0
10/08/2030 23:00,-0.0
11/08/2030 00:00,-0.0
11/08/2030 01:00,-0.0
11/08/2030 02:00,-0.0
11/08/2030 03:00,-0.0
11/08/2030 04:00,-0.0
11/08/2030 05:00,12.988591402299726
11/08/2030 06:00,-0.0
11/08/2030 07:00,-0.0
11/08/2030 08:00,-0.0
11/08/2030 09:00,26.503141799228835
11/08/2030 10:00,78.9339763060423
11/08/2030 11:00,-0.0
11/08/2030 12:00,-0.0
11/08/2030 13:00,21.73895822286001
11/08/2030 14:00,6.40410043416051
11/08/2030 15:00,326.20271546805816
11/08/2030 16:00,203.59128873297652
11/08/2030 17:00,2.3884900917642984
11/08/2030 18:00,-0.0
11/08/2030 19:00,-0.0
11/08/2030 20:00,-0.0
11/08/2030 21:00,-0.0
11/08/2030 22:00,-0.0
11/08/2030 23:00,-0.0
12/08/2030 00:00,-0.0
12/08/2030 01:00,-0.0
12/08/2030 02:00,-0.0
12/08/2030 03:00,-0.0
12/08/2030 04:00,-0.0
12/08/2030 05:00,-0.0
12/08/2030 06:00,-0.0
12/08/2030 07:00,-0.0
12/08/2030 08:00,-0.0
12/08/2030 09:00,51.421846393947604
12/08/2030 10:00,168.98878075350584
12/08/2030 11:00,122.08513604012136
12/08/2030 12:00,12.207648431970473
12/08/2030 13:00,75.46243248802806
12/08/2030 14:00,113.75750932565843
12/08/2030 15:00,317.22095367891393
12/08/2030 16:00,190.27734356627312
12/08/2030 17:00,406.4124346110012
12/08/2030 18:00,242.85808702923154
12/08/2030 19:00,-0.0
12/08/2030 20:00,-0.0
12/08/2030 21:00,-0.0
12/08/2030 22:00,-0.0
12/08/2030 23:00,-0.0
13/08/2030 00:00,112.51429047362411
13/08/2030 01:00,-0.0
13/08/2030 02:00,-0.0
13/08/2030 03:00,-0.0
13/08/2030 04:00,-0.0
13/08/2030 05:00,-0.0
13/08/2030 06:00,-0.0
13/08/2030 07:00,-0.0
13/08/2030 08:00,-0.0
13/08/2030 09:00,-0.0
13/08/2030 10:00,124.40130501998463
13/08/2030 11:00,14.889568822844735
13/08/2030 12:00,56.928056683205675
13/08/2030 13:00,116.6266728859818
13/08/2030 14:00,158.55802310160703
13/08/2030 15:00,339.0694128496172
13/08/2030 16:00,453.84298117774387
13/08/2030 17:00,281.17707246471946
13/08/2030 18:00,473.3291151046671
13/08/2030 19:00,317.2841044776793
13/08/2030 20:00,-0.0
13/08/2030 21:00,-0.0
13/08/2030 22:00,-0.0
13/08/2030 23:00,-0.0
14/08/2030 00:00,-0.0
14/08/2030 01:00,13.233917114172396
14/08/2030 02:00,-0.0
14/08/2030 03:00,-0.0
14/08/2030 04:00,350.6083345945015
14/08/2030 05:00,-0.0
14/08/2030 06:00,-0.0
14/08/2030 07:00,-0.0
14/08/2030 08:00,265.47125213682193
14/08/2030 09:00,123.5440151297722
14/08/2030 10:00,356.8787853961839
14/08/2030 11:00,415.78228383282453
14/08/2030 12:00,182.45386871136677
14/08/2030 13:00,238.86707675966642
14/08/2030 14:00,297.11287112144635
14/08/2030 15:00,308.7114197372735
14/08/2030 16:00,677.906425974778
14/08/2030 17:00,588.940487960407
14/08/2030 18:00,853.2862575454079
14/08/2030 19:00,432.57053206942334
14/08/2030 20:00,503.56128363811973
14/08/2030 21:00,452.9495203930285
14/08/2030 22:00,397.28882823780697
14/08/2030 23:00,-0.0
15/08/2030 00:00,-0.0
15/08/2030 01:00,-0.0
15/08/2030 02:00,-0.0
15/08/2030 03:00,7.554283251384978
15/08/2030 04:00,24.298663181798847
15/08/2030 05:00,20.269610248535447
15/08/2030 06:00,-0.0
15/08/2030 07:00,-0.0
15/08/2030 08:00,74.7951104632565
15/08/2030 09:00,242.69046801251042
15/08/2030 10:00,366.8301213636692
15/08/2030 11:00,367.1013958159327
15/08/2030 12:00,356.8411973351875
15/08/2030 13:00,417.6947722417876
15/08/2030 14:00,480.40301734420115
15/08/2030 15:00,670.7805608946344
15/08/2030 16:00,665.0329855896726
15/08/2030 17:00,482.0266988899681
15/08/2030 18:00,291.8703617151223
15/08/2030 19:00,145.08415741990746
15/08/2030 20:00,122.0526486911008
15/08/2030 21:00,76.73628144256773
15/08/2030 22:00,-0.0
15/08/2030 23:00,-0.0
16/08/2030 00:00,-0.0
16/08/2030 01:00,-0.0
16/08/2030 02:00,-0.0
16/08/2030 03:00,-0.0
16/08/2030 04:00,291.67398363027525
16/08/2030 05:00,127.64117729342895
16/08/2030 06:00,273.47141087996624
16/08/2030 07:00,266.49475613478586
16/08/2030 08:00,42.0696882923291
16/08/2030 09:00,101.63103144668132
16/08/2030 10:00,-0.0
16/08/2030 11:00,214.5570930994654
16/08/2030 12:00,487.20075914453423
16/08/2030 13:00,307.786970736094
16/08/2030 14:00,398.5414184855345
16/08/2030 15:00,656.3663483752888
16/08/2030 16:00,724.6928790294799
16/08/2030 17:00,598.6659715192823
16/08/2030 18:00,398.6987559831442
16/08/2030 19:00,596.8078907627133
16/08/2030 20:00,173.32721369583922
16/08/2030 21:00,500.941926060839
16/08/2030 22:00,183.96946388120884
16/08/2030 23:00,-0.0
17/08/2030 00:00,-0.0
17/08/2030 01:00,22.11808791027404
17/08/2030 02:00,-0.0
17/08/2030 03:00,-0.0
17/08/2030 04:00,-0.0
17/08/2030 05:00,-0.0
17/08/2030 06:00,150.79100154336064
17/08/2030 07:00,-0.0
17/08/2030 08:00,-0.0
17/08/2030 09:00,53.69927688483272
17/08/2030 10:00,131.49234350492412
17/08/2030 11:00,408.1502511669862
17/08/2030 12:00,309.7920021319764
17/08/2030 13:00,130.9584779738696
17/08/2030 14:00,410.1871144365067
17/08/2030 15:00,84.79489296766677
17/08/2030 16:00,1.9738999505277681
17/08/2030 17:00,178.81775897809803
17/08/2030 18:00,368.4368536462232
17/08/2030 19:00,-0.0
17/08/2030 20:00,-0.0
17/08/2030 21:00,-0.0
17/08/2030 22:00,-0.0
17/08/2030 23:00,166.84519519683354
18/08/2030 00:00,-0.0
18/08/2030 01:00,-0.0
18/08/2030 02:00,111.36701784387195
18/08/2030 03:00,-0.0
18/08/2030 04:00,-0.0
18/08/2030 05:00,-0.0
18/08/2030 06:00,-0.0
18/08/2030 07:00,-0.0
18/08/2030 08:00,-0.0
18/08/2030 09:00,-0.0
18/08/2030 10:00,-0.0
18/08/2030 11:00,293.7780601825318
18/08/2030 12:00,182.31309019245165
18/08/2030 13:00,58.639794585993954
18/08/2030 14:00,140.91214688807742
18/08/2030 15:00,261.6179018045574
18/08/2030 16:00,429.9649420782286
18/08/2030 17:00,240.6212800214301
18/08/2030 18:00,-0.0
18/08/2030 19:00,-0.0
18/08/2030 20:00,-0.0
18/08/2030 21:00,-0.0
18/08/2030 22:00,-0.0
18/08/2030 23:00,-0.0
19/08/2030 00:00,-0.0
19/08/2030 01:00,-0.0
19/08/2030 02:00,-0.0
19/08/2030 03:00,-0.0
19/08/2030 04:00,-0.0
19/08/2030 05:00,117.73630687124744
19/08/2030 06:00,103.96980788128764
19/08/2030 07:00,118.14845849195738
19/08/2030 08:00,-0.0
19/08/2030 09:00,41.110404135654306
19/08/2030 10:00,284.39097690648515
19/08/2030 11:00,153.0645471352554
19/08/2030 12:00,125.74483808117547
19/08/2030 13:00,129.91349798730909
19/08/2030 14:00,104.62100544179691
19/08/2030 15:00,292.8681620765642
19/08/2030 16:00,391.5888318429931
19/08/2030 17:00,244.93457988107136
19/08/2030 18:00,-0.0
19/08/2030 19:00,157.184596767258
19/08/2030 20:00,124.41340794263016
19/08/2030 21:00,-0.0
19/08/2030 22:00,117.18074379594438
19/08/2030 23:00,26.5328216352483
20/08/2030 00:00,102.90432932881704
20/08/2030 01:00,-0.0
20/08/2030 02:00,-0.0
20/08/2030 03:00,-0.0
20/08/2030 04:00,-0.0
20/08/2030 05:00,-0.0
20/08/2030 06:00,-0.0
20/08/2030 07:00,-0.0
20/08/2030 08:00,16.570028949462323
20/08/2030 09:00,179.4365046239334
20/08/2030 10:00,389.6557894097207
20/08/2030 11:00,496.335575604137
20/08/2030 12:00,343.33042165414605
20/08/2030 13:00,389.82707202705285
20/08/2030 14:00,483.97216565194014
20/08/2030 15:00,520.8488502760945
20/08/2030 16:00,759.9406927744258
20/08/2030 17:00,818.1073161982202
20/08/2030 18:00,671.9727204400541
20/08/2030 19:00,499.9222438908896
20/08/2030 20:00,378.61764770837317
20/08/2030 21:00,243.1421373364914
20/08/2030 22:00,62.86712850320727
20/08/2030 23:00,81.70761574829237
21/08/2030 00:00,106.40127199827367
21/08/2030 01:00,126.10998647495852
21/08/2030 02:00,105.52788115149015
21/08/2030 03:00,111.06522191987627
21/08/2030 04:00,85.87706353538552
21/08/2030 05:00,16.249148132727523
21/08/2030 06:00,-0.0
21/08/2030 07:00,-0.0
21/08/2030 08:00,-0.0
21/08/2030 09:00,54.172552925007544
21/08/2030 10:00,219.99187581039263
21/08/2030 11:00,312.0389342452973
21/08/2030 12:00,340.5891019478749
21/08/2030 13:00,341.57013382941125
21/08/2030 14:00,334.39191773129687
21/08/2030 15:00,278.6294203671275
21/08/2030 16:00,160.00200034082133
21/08/2030 17:00,-0.0
21/08/2030 18:00,349.7053494340568
21/08/2030 19:00,-0.0
21/08/2030 20:00,146.3916597731314
21/08/2030 21:00,-0.0
21/08/2030 22:00,-0.0
21/08/2030 23:00,-0.0
22/08/2030 00:00,62.70595340403002
22/08/2030 01:00,-0.0
22/08/2030 02:00,-0.0
22/08/2030 03:00,-0.0
22/08/2030 04:00,-0.0
22/08/2030 05:00,-0.0
22/08/2030 06:00,-0.0
22/08/2030 07:00,-0.0
22/08/2030 08:00,-0.0
22/08/2030 09:00,-0.0
22/08/2030 10:00,-0.0
22/08/2030 11:00,-0.0
22/08/2030 12:00,-0.0
22/08/2030 13:00,-0.0
22/08/2030 14:00,184.02749956289813
22/08/2030 15:00,-0.0
22/08/2030 16:00,65.76931859980851
22/08/2030 17:00,68.85891169435632
22/08/2030 18:00,246.27771032321374
22/08/2030 19:00,16.60765583100044
22/08/2030 20:00,-0.0
22/08/2030 21:00,-0.0
22/08/2030 22:00,-0.0
22/08/2030 23:00,25.942386089155125
23/08/2030 00:00,-0.0
23/08/2030 01:00,-0.0
23/08/2030 02:00,-0.0
23/08/2030 03:00,-0.0
23/08/2030 04:00,-0.0
23/08/2030 05:00,-0.0
23/08/2030 06:00,-0.0
23/08/2030 07:00,-0.0
23/08/2030 08:00,-0.0
23/08/2030 09:00,-0.0
23/08/2030 10:00,-0.0
23/08/2030 11:00,-0.0
23/08/2030 12:00,-0.0
23/08/2030 13:00,-0.0
23/08/2030 14:00,-0.0
23/08/2030 15:00,-0.0
23/08/2030 16:00,8.770696891577781
23/08/2030 17:00,106.04104648547845
23/08/2030 18:00,289.0748751095903
23/08/2030 19:00,138.17923846845918
23/08/2030 20:00,-0.0
23/08/2030 21:00,-0.0
23/08/2030 22:00,-0.0
23/08/2030 23:00,-0.0
24/08/2030 00:00,-0.0
24/08/2030 01:00,-0.0
24/08/2030 02:00,-0.0
24/08/2030 03:00,-0.0
24/08/2030 04:00,-0.0
24/08/2030 05:00,-0.0
24/08/2030 06:00,-0.0
24/08/2030 07:00,-0.0
24/08/2030 08:00,-0.0
24/08/2030 09:00,-0.0
24/08/2030 10:00,-0.0
24/08/2030 11:00,43.43733158370976
24/08/2030 12:00,126.74858921023774
24/08/2030 13:00,-0.0
24/08/2030 14:00,-0.0
24/08/2030 15:00,-0.0
24/08/2030 16:00,-0.0
24/08/2030 17:00,-0.0
24/08/2030 18:00,-0.0
24/08/2030 19:00,-0.0
24/08/2030 20:00,47.755863805222674
24/08/2030 21:00,-0.0
24/08/2030 22:00,-0.0
24/08/2030 23:00,-0.0
25/08/2030 00:00,-0.0
25/08/2030 01:00,-0.0
25/08/2030 02:00,-0.0
25/08/2030 03:00,-0.0
25/08/2030 04:00,-0.0
25/08/2030 05:00,-0.0
25/08/2030 06:00,-0.0
25/08/2030 07:00,-0.0
25/08/2030 08:00,-0.0
25/08/2030 09:00,-0.0
25/08/2030 10:00,-0.0
25/08/2030 11:00,3.331094236586493
25/08/2030 12:00,115.11199928604353
25/08/2030 13:00,-0.0
25/08/2030 14:00,-0.0
25/08/2030 15:00,-0.0
25/08/2030 16:00,-0.0
25/08/2030 17:00,7.783423813712611
25/08/2030 18:00,-0.0
25/08/2030 19:00,-0.0
25/08/2030 20:00,65.01883081346284
25/08/2030 21:00,-0.0
25/08/2030 22:00,133.47754558117947
25/08/2030 23:00,-0.0
26/08/2030 00:00,165.9337579304619
26/08/2030 01:00,-0.0
26/08/2030 02:00,-0.0
26/08/2030 03:00,-0.0
26/08/2030 04:00,-0.0
26/08/2030 05:00,-0.0
26/08/2030 06:00,-0.0
26/08/2030 07:00,-0.0
26/08/2030 08:00,-0.0
26/08/2030 09:00,53.89012103746355
26/08/2030 10:00,246.85236183235594
26/08/2030 11:00,57.92348864795243
26/08/2030 12:00,581.5336194698533
26/08/2030 13:00,261.9400537915702
26/08/2030 14:00,593.1107097810458
26/08/2030 15:00,472.38500484368797
26/08/2030 16:00,461.523036522418
26/08/2030 17:00,732.8824965480292
26/08/2030 18:00,856.255648224744
26/08/2030 19:00,614.0232579331857
26/08/2030 20:00,346.6242608482063
26/08/2030 21:00,358.8285457936521
26/08/2030 22:00,78.86348805021149
26/08/2030 23:00,510.8025378752782
27/08/2030 00:00,593.602555169518
27/08/2030 01:00,103.53591789976012
27/08/2030 02:00,101.8698336390358
27/08/2030 03:00,148.62197219239775
27/08/2030 04:00,170.55456892538697
27/08/2030 05:00,146.54857663776406
27/08/2030 06:00,102.11827545157975
27/08/2030 07:00,87.42268975066467
27/08/2030 08:00,232.45848855791954
27/08/2030 09:00,536.4462669892516
27/08/2030 10:00,861.0736152009212
27/08/2030 11:00,842.8341655202072
27/08/2030 12:00,702.3152667737205
27/08/2030 13:00,683.025533198308
27/08/2030 14:00,685.5143929551098
27/08/2030 15:00,778.2795015368973
27/08/2030 16:00,1090.0538956814057
27/08/2030 17:00,967.3821136645334
27/08/2030 18:00,730.457135070627
27/08/2030 19:00,520.9011160918977
27/08/2030 20:00,443.4616258852099
27/08/2030 21:00,357.7207179112286
27/08/2030 22:00,183.04260069423592
27/08/2030 23:00,195.52245133937873
28/08/2030 00:00,160.1701973322077
28/08/2030 01:00,98.59035103114195
28/08/2030 02:00,53.13782628313327
28/08/2030 03:00,20.289127026523733
28/08/2030 04:00,-0.0
28/08/2030 05:00,-0.0
28/08/2030 06:00,-0.0
28/08/2030 07:00,-0.0
28/08/2030 08:00,-0.0
28/08/2030 09:00,-0.0
28/08/2030 10:00,-0.0
28/08/2030 11:00,-0.0
28/08/2030 12:00,-0.0
28/08/2030 13:00,-0.0
28/08/2030 14:00,-0.0
28/08/2030 15:00,-0.0
28/08/2030 16:00,-0.0
28/08/2030 17:00,-0.0
28/08/2030 18:00,-0.0
28/08/2030 19:00,-0.0
28/08/2030 20:00,-0.0
28/08/2030 21:00,-0.0
28/08/2030 22:00,-0.0
28/08/2030 23:00,-0.0
29/08/2030 00:00,-0.0
29/08/2030 01:00,-0.0
29/08/2030 02:00,-0.0
29/08/2030 03:00,-0.0
29/08/2030 04:00,-0.0
29/08/2030 05:00,-0.0
29/08/2030 06:00,-0.0
29/08/2030 07:00,-0.0
29/08/2030 08:00,-0.0
29/08/2030 09:00,-0.0
29/08/2030 10:00,-0.0
29/08/2030 11:00,-0.0
29/08/2030 12:00,173.23014390908244
29/08/2030 13:00,213.73155874384486
29/08/2030 14:00,-0.0
29/08/2030 15:00,-0.0
29/08/2030 16:00,108.41583930433471
29/08/2030 17:00,-0.0
29/08/2030 18:00,-0.0
29/08/2030 19:00,61.02531523794354
29/08/2030 20:00,121.09786038106171
29/08/2030 21:00,169.69279128749542
29/08/2030 22:00,-0.0
29/08/2030 23:00,6.466538689059846
30/08/2030 00:00,-0.0
30/08/2030 01:00,-0.0
30/08/2030 02:00,-0.0
30/08/2030 03:00,-0.0
30/08/2030 04:00,-0.0
30/08/2030 05:00,-0.0
30/08/2030 06:00,-0.0
30/08/2030 07:00,-0.0
30/08/2030 08:00,-0.0
30/08/2030 09:00,-0.0
30/08/2030 10:00,217.38226787632365
30/08/2030 11:00,396.0894266111264
30/08/2030 12:00,114.56224553872555
30/08/2030 13:00,177.2445738411736
30/08/2030 14:00,536.1540070584341
30/08/2030 15:00,229.69734154121144
30/08/2030 16:00,126.36052159624587
30/08/2030 17:00,458.0339896747013
30/08/2030 18:00,672.6632989204943
30/08/2030 19:00,202.07626180191636
30/08/2030 20:00,511.5469391476172
30/08/2030 21:00,498.16445875857727
30/08/2030 22:00,463.6783185212404
30/08/2030 23:00,132.9720918438336
31/08/2030 00:00,200.96713877455383
31/08/2030 01:00,206.13682579598512
31/08/2030 02:00,167.75538917329845
31/08/2030 03:00,119.21266229375397
31/08/2030 04:00,98.90934016554796
31/08/2030 05:00,270.3333564366128
31/08/2030 06:00,510.81581670622984
31/08/2030 07:00,464.58708248741806
31/08/2030 08:00,256.41966159575793
31/08/2030 09:00,432.6796939963269
31/08/2030 10:00,210.9356474017278
31/08/2030 11:00,681.5571318031762
31/08/2030 12:00,308.80027322812066
31/08/2030 13:00,615.0499802652942
31/08/2030 14:00,217.0387743033792
31/08/2030 15:00,142.87799562105795
31/08/2030 16:00,413.0169532748632
31/08/2030 17:00,272.4158244946442
31/08/2030 18:00,483.172966179204
31/08/2030 19:00,452.0156590220024
31/08/2030 20:00,550.6888086417739
31/08/2030 21:00,611.9311826210574
31/08/2030 22:00,402.7156417240401
31/08/2030 23:00,430.7794760430283
01/09/2030 00:00,515.9608443892382
01/09/2030 01:00,587.8489002031164
01/09/2030 02:00,613.7729281939513
01/09/2030 03:00,622.0456542936765
01/09/2030 04:00,572.550820685045
01/09/2030 05:00,494.21850214138965
01/09/2030 06:00,433.0133997415783
01/09/2030 07:00,399.6041254722823
01/09/2030 08:00,322.5797442634919
01/09/2030 09:00,525.7971378169564
01/09/2030 10:00,267.0007770488836
01/09/2030 11:00,633.2007324796475
01/09/2030 12:00,462.78356927957
01/09/2030 13:00,463.2779279439741
01/09/2030 14:00,210.94395296535302
01/09/2030 15:00,490.349297454523
01/09/2030 16:00,58.215733214845166
01/09/2030 17:00,77.1574583211525
01/09/2030 18:00,-0.0
01/09/2030 19:00,133.36105106046014
01/09/2030 20:00,180.59877001921464
01/09/2030 21:00,-0.0
01/09/2030 22:00,176.738959322941
01/09/2030 23:00,574.1113876756841
02/09/2030 00:00,475.9588335643113
02/09/2030 01:00,337.45815496518907
02/09/2030 02:00,378.1259741084595
02/09/2030 03:00,378.1974173639178
02/09/2030 04:00,388.35679416168995
02/09/2030 05:00,451.6494357088726
02/09/2030 06:00,516.8094785908025
02/09/2030 07:00,488.9998448147305
02/09/2030 08:00,399.7676175200901
02/09/2030 09:00,131.48124190051732
02/09/2030 10:00,615.5677683053299
02/09/2030 11:00,743.2300060876822
02/09/2030 12:00,363.3489257445131
02/09/2030 13:00,725.0428843350381
02/09/2030 14:00,-0.0
02/09/2030 15:00,132.3790565272548
02/09/2030 16:00,525.5836408147621
02/09/2030 17:00,97.62401494919992
02/09/2030 18:00,-0.0
02/09/2030 19:00,129.16866558082822
02/09/2030 20:00,245.74255535394752
02/09/2030 21:00,368.35199742631534
02/09/2030 22:00,109.61012828522148
02/09/2030 23:00,213.5671554030002
03/09/2030 00:00,301.62232968206604
03/09/2030 01:00,402.32059602325387
03/09/2030 02:00,394.2259415349877
03/09/2030 03:00,436.9441540053355
03/09/2030 04:00,527.4694771179271
03/09/2030 05:00,570.878918262094
03/09/2030 06:00,565.46038872339
03/09/2030 07:00,546.7629301479608
03/09/2030 08:00,488.8122663950846
03/09/2030 09:00,661.7718059659603
03/09/2030 10:00,710.0280378389106
03/09/2030 11:00,356.55956855740106
03/09/2030 12:00,308.8031548299097
03/09/2030 13:00,298.5072303637876
03/09/2030 14:00,361.15669835353106
03/09/2030 15:00,199.91256267101735
03/09/2030 16:00,341.456928593749
03/09/2030 17:00,104.59155529657048
03/09/2030 18:00,-0.0
03/09/2030 19:00,-0.0
03/09/2030 20:00,-0.0
03/09/2030 21:00,-0.0
03/09/2030 22:00,-0.0
03/09/2030 23:00,-0.0
04/09/2030 00:00,-0.0
04/09/2030 01:00,165.18601864856998
04/09/2030 02:00,189.08645563387046
04/09/2030 03:00,-0.0
04/09/2030 04:00,-0.0
04/09/2030 05:00,78.82834276405505
04/09/2030 06:00,-0.0
04/09/2030 07:00,-0.0
04/09/2030 08:00,-0.0
04/09/2030 09:00,-0.0
04/09/2030 10:00,7.078700892052063
04/09/2030 11:00,-0.0
04/09/2030 12:00,-0.0
04/09/2030 13:00,249.26386587033005
04/09/2030 14:00,-0.0
04/09/2030 15:00,-0.0
04/09/2030 16:00,121.61315296461612
04/09/2030 17:00,-0.0
04/09/2030 18:00,-0.0
04/09/2030 19:00,-0.0
04/09/2030 20:00,-0.0
04/09/2030 21:00,-0.0
04/09/2030 22:00,-0.0
04/09/2030 23:00,-0.0
05/09/2030 00:00,-0.0
05/09/2030 01:00,-0.0
05/09/2030 02:00,-0.0
05/09/2030 03:00,-0.0
05/09/2030 04:00,-0.0
05/09/2030 05:00,-0.0
05/09/2030 06:00,-0.0
05/09/2030 07:00,-0.0
05/09/2030 08:00,-0.0
05/09/2030 09:00,45.07840745067681
05/09/2030 10:00,88.90088765289688
05/09/2030 11:00,-0.0
05/09/2030 12:00,150.17087800039295
05/09/2030 13:00,251.0904252346395
05/09/2030 14:00,246.02562310421737
05/09/2030 15:00,509.91680848674446
05/09/2030 16:00,57.52183140114992
05/09/2030 17:00,291.67866597353367
05/09/2030 18:00,60.53114178007699
05/09/2030 19:00,-0.0
05/09/2030 20:00,-0.0
05/09/2030 21:00,-0.0
05/09/2030 22:00,-0.0
05/09/2030 23:00,-0.0
06/09/2030 00:00,-0.0
06/09/2030 01:00,151.86319160948173
06/09/2030 02:00,-0.0
06/09/2030 03:00,212.21564994820218
06/09/2030 04:00,204.7564733805319
06/09/2030 05:00,-0.0
06/09/2030 06:00,-0.0
06/09/2030 07:00,-0.0
06/09/2030 08:00,-0.0
06/09/2030 09:00,-0.0
06/09/2030 10:00,246.04694721165436
06/09/2030 11:00,346.87599181853506
06/09/2030 12:00,126.30191600398027
06/09/2030 13:00,155.82033037465965
06/09/2030 14:00,158.95128223905417
06/09/2030 15:00,128.14291813848087
06/09/2030 16:00,427.97481127236904
06/09/2030 17:00,259.69845197002735
06/09/2030 18:00,11.740705951331782
06/09/2030 19:00,-0.0
06/09/2030 20:00,229.57288485000944
06/09/2030 21:00,214.986309191614
06/09/2030 22:00,-0.0
06/09/2030 23:00,170.28856571599994
07/09/2030 00:00,-0.0
07/09/2030 01:00,-0.0
07/09/2030 02:00,-0.0
07/09/2030 03:00,-0.0
07/09/2030 04:00,-0.0
07/09/2030 05:00,-0.0
07/09/2030 06:00,18.01576302755719
07/09/2030 07:00,-0.0
07/09/2030 08:00,-0.0
07/09/2030 09:00,-0.0
07/09/2030 10:00,225.9324515448099
07/09/2030 11:00,-0.0
07/09/2030 12:00,-0.0
07/09/2030 13:00,167.38741318721299
07/09/2030 14:00,-0.0
07/09/2030 15:00,271.44028921359535
07/09/2030 16:00,-0.0
07/09/2030 17:00,-0.0
07/09/2030 18:00,-0.0
07/09/2030 19:00,-0.0
07/09/2030 20:00,-0.0
07/09/2030 21:00,-0.0
07/09/2030 22:00,-0.0
07/09/2030 23:00,5.730438769065628
08/09/2030 00:00,-0.0
08/09/2030 01:00,15.966317789290981
08/09/2030 02:00,-0.0
08/09/2030 03:00,-0.0
08/09/2030 04:00,-0.0
08/09/2030 05:00,-0.0
08/09/2030 06:00,-0.0
08/09/2030 07:00,-0.0
08/09/2030 08:00,-0.0
08/09/2030 09:00,-0.0
08/09/2030 10:00,101.3380834447698
08/09/2030 11:00,-0.0
08/09/2030 12:00,41.462260591543995
08/09/2030 13:00,139.8937317903139
08/09/2030 14:00,-0.0
08/09/2030 15:00,-0.0
08/09/2030 16:00,79.94243429627825
08/09/2030 17:00,247.06707144885218
08/09/2030 18:00,-0.0
08/09/2030 19:00,-0.0
08/09/2030 20:00,-0.0
08/09/2030 21:00,-0.0
08/09/2030 22:00,-0.0
08/09/2030 23:00,-0.0
09/09/2030 00:00,-0.0
09/09/2030 01:00,-0.0
09/09/2030 02:00,-0.0
09/09/2030 03:00,-0.0
09/09/2030 04:00,-0.0
09/09/2030 05:00,-0.0
09/09/2030 06:00,-0.0
09/09/2030 07:00,-0.0
09/09/2030 08:00,-0.0
09/09/2030 09:00,-0.0
09/09/2030 10:00,172.78035822491276
09/09/2030 11:00,128.1927898555683
09/09/2030 12:00,52.0787483746044
09/09/2030 13:00,99.44817539513546
09/09/2030 14:00,125.16338719746172
09/09/2030 15:00,227.52265088229967
09/09/2030 16:00,345.5030805351138
09/09/2030 17:00,121.1248678274709
09/09/2030 18:00,274.1764370059922
09/09/2030 19:00,123.09329948472924
09/09/2030 20:00,-0.0
09/09/2030 21:00,-0.0
09/09/2030 22:00,-0.0
09/09/2030 23:00,-0.0
10/09/2030 00:00,-0.0
10/09/2030 01:00,-0.0
10/09/2030 02:00,-0.0
10/09/2030 03:00,-0.0
10/09/2030 04:00,-0.0
10/09/2030 05:00,-0.0
10/09/2030 06:00,-0.0
10/09/2030 07:00,-0.0
10/09/2030 08:00,-0.0
10/09/2030 09:00,139.14397443133595
10/09/2030 10:00,195.61892544142862
10/09/2030 11:00,98.87481436875757
10/09/2030 12:00,128.97551393707207
10/09/2030 13:00,117.24389222774245
10/09/2030 14:00,185.23438199383295
10/09/2030 15:00,125.66241256880353
10/09/2030 16:00,468.967098109209
10/09/2030 17:00,420.72366542067306
10/09/2030 18:00,249.61408050056295
10/09/2030 19:00,164.58039536514545
10/09/2030 20:00,501.38009482836287
10/09/2030 21:00,171.34426125265452
10/09/2030 22:00,-0.0
10/09/2030 23:00,-0.0
11/09/2030 00:00,-0.0
11/09/2030 01:00,-0.0
11/09/2030 02:00,372.33217528978355
11/09/2030 03:00,-0.0
11/09/2030 04:00,28.49310854628579
11/09/2030 05:00,-0.0
11/09/2030 06:00,192.95306740872252
11/09/2030 07:00,-0.0
11/09/2030 08:00,-0.0
11/09/2030 09:00,116.53102570969776
11/09/2030 10:00,362.6404710649532
11/09/2030 11:00,-0.0
11/09/2030 12:00,-0.0
11/09/2030 13:00,1.3435259385065343
11/09/2030 14:00,44.68616302374488
11/09/2030 15:00,353.5525317130163
11/09/2030 16:00,430.90748648413796
11/09/2030 17:00,233.54026668839512
11/09/2030 18:00,-0.0
11/09/2030 19:00,-0.0
11/09/2030 20:00,-0.0
11/09/2030 21:00,-0.0
11/09/2030 22:00,-0.0
11/09/2030 23:00,-0.0
12/09/2030 00:00,-0.0
12/09/2030 01:00,358.8211049671996
12/09/2030 02:00,358.28874577405094
12/09/2030 03:00,-0.0
12/09/2030 04:00,-0.0
12/09/2030 05:00,308.1904001822453
12/09/2030 06:00,-0.0
12/09/2030 07:00,73.05510773851096
12/09/2030 08:00,10.231699556680438
12/09/2030 09:00,89.70152125852402
12/09/2030 10:00,342.0603919550269
12/09/2030 11:00,45.76452094421606
12/09/2030 12:00,-0.0
12/09/2030 13:00,16.326790342626207
12/09/2030 14:00,-0.0
12/09/2030 15:00,98.99917232634077
12/09/2030 16:00,407.688060915739
12/09/2030 17:00,171.98466579995377
12/09/2030 18:00,-0.0
12/09/2030 19:00,-0.0
12/09/2030 20:00,-0.0
12/09/2030 21:00,-0.0
12/09/2030 22:00,-0.0
12/09/2030 23:00,-0.0
13/09/2030 00:00,-0.0
13/09/2030 01:00,-0.0
13/09/2030 02:00,415.4204271809578
13/09/2030 03:00,433.44034563618544
13/09/2030 04:00,53.37270134491627
13/09/2030 05:00,403.49350138164453
13/09/2030 06:00,-0.0
13/09/2030 07:00,-0.0
13/09/2030 08:00,349.06439000783035
13/09/2030 09:00,150.44070259412948
13/09/2030 10:00,363.8397525207643
13/09/2030 11:00,-0.0
13/09/2030 12:00,-0.0
13/09/2030 13:00,-0.0
13/09/2030 14:00,-0.0
13/09/2030 15:00,303.25530375874655
13/09/2030 16:00,290.0761884306353
13/09/2030 17:00,21.429155793114024
13/09/2030 18:00,186.56625755931898
13/09/2030 19:00,-0.0
13/09/2030 20:00,-0.0
13/09/2030 21:00,-0.0
13/09/2030 22:00,-0.0
13/09/2030 23:00,-0.0
14/09/2030 00:00,-0.0
14/09/2030 01:00,-0.0
14/09/2030 02:00,-0.0
14/09/2030 03:00,-0.0
14/09/2030 04:00,-0.0
14/09/2030 05:00,-0.0
14/09/2030 06:00,178.52520816924235
14/09/2030 07:00,238.12391797221528
14/09/2030 08:00,356.2483327466972
14/09/2030 09:00,236.4425352575434
14/09/2030 10:00,369.4059679190974
14/09/2030 11:00,-0.0
14/09/2030 12:00,64.13708014526841
14/09/2030 13:00,110.89461196409297
14/09/2030 14:00,12.764362061131555
14/09/2030 15:00,290.38001374315843
14/09/2030 16:00,324.0539576060875
14/09/2030 17:00,75.23830543959512
14/09/2030 18:00,198.68510158863847
14/09/2030 19:00,56.481247321762716
14/09/2030 20:00,65.80366728911818
14/09/2030 21:00,-0.0
14/09/2030 22:00,-0.0
14/09/2030 23:00,-0.0
15/09/2030 00:00,-0.0
15/09/2030 01:00,-0.0
15/09/2030 02:00,-0.0
15/09/2030 03:00,-0.0
15/09/2030 04:00,25.005183755072974
15/09/2030 05:00,223.08686311886902
15/09/2030 06:00,-0.0
15/09/2030 07:00,-0.0
15/09/2030 08:00,29.501669007644818
15/09/2030 09:00,298.3968864738316
15/09/2030 10:00,425.60905522642975
15/09/2030 11:00,94.90923194147041
15/09/2030 12:00,9.523915164291038
15/09/2030 13:00,125.97596506327075
15/09/2030 14:00,81.84994871478838
15/09/2030 15:00,384.23665436678704
15/09/2030 16:00,301.299167733046
15/09/2030 17:00,16.309464950080557
15/09/2030 18:00,-0.0
15/09/2030 19:00,-0.0
15/09/2030 20:00,-0.0
15/09/2030 21:00,-0.0
15/09/2030 22:00,156.86308085949105
15/09/2030 23:00,-0.0
16/09/2030 00:00,-0.0
16/09/2030 01:00,-0.0
16/09/2030 02:00,268.8278773038378
16/09/2030 03:00,120.22822035345672
16/09/2030 04:00,234.9064369042888
16/09/2030 05:00,255.13277371336292
16/09/2030 06:00,11.345902591014692
16/09/2030 07:00,303.8726079170302
16/09/2030 08:00,36.143139429939296
16/09/2030 09:00,-0.0
16/09/2030 10:00,139.5884166202356
16/09/2030 11:00,-0.0
16/09/2030 12:00,139.06464862203637
16/09/2030 13:00,193.15439286989496
16/09/2030 14:00,234.37849862038786
16/09/2030 15:00,401.63060513615756
16/09/2030 16:00,281.1070271671644
16/09/2030 17:00,25.339058448792787
16/09/2030 18:00,82.41677891138198
16/09/2030 19:00,-0.0
16/09/2030 20:00,3.77565302386353
16/09/2030 21:00,-0.0
16/09/2030 22:00,-0.0
16/09/2030 23:00,-0.0
17/09/2030 00:00,-0.0
17/09/2030 01:00,-0.0
17/09/2030 02:00,-0.0
17/09/2030 03:00,-0.0
17/09/2030 04:00,-0.0
17/09/2030 05:00,4.566150759765713
17/09/2030 06:00,23.125738132767978
17/09/2030 07:00,82.53269482521259
17/09/2030 08:00,203.45335441108412
17/09/2030 09:00,310.3371292902985
17/09/2030 10:00,504.5312256862522
17/09/2030 11:00,499.97656172382284
17/09/2030 12:00,447.8661869021938
17/09/2030 13:00,496.24829372149355
17/09/2030 14:00,514.1382637927412
17/09/2030 15:00,423.6624052401182
17/09/2030 16:00,444.4159957120099
17/09/2030 17:00,389.9233079345565
17/09/2030 18:00,89.85365022846875
17/09/2030 19:00,-0.0
17/09/2030 20:00,-0.0
17/09/2030 21:00,-0.0
17/09/2030 22:00,-0.0
17/09/2030 23:00,-0.0
18/09/2030 00:00,-0.0
18/09/2030 01:00,-0.0
18/09/2030 02:00,179.70502838140646
18/09/2030 03:00,134.6936015564879
18/09/2030 04:00,143.16610048766066
18/09/2030 05:00,440.28026511399906
18/09/2030 06:00,553.3747324255186
18/09/2030 07:00,572.9916409707386
18/09/2030 08:00,696.6005500354274
18/09/2030 09:00,651.0049781802038
18/09/2030 10:00,630.6961256455288
18/09/2030 11:00,400.5593864438021
18/09/2030 12:00,481.6475413661049
18/09/2030 13:00,497.7165605468526
18/09/2030 14:00,401.3115326332076
18/09/2030 15:00,651.8497487639125
18/09/2030 16:00,613.3941012951171
18/09/2030 17:00,674.4473468016837
18/09/2030 18:00,684.0653012398584
18/09/2030 19:00,428.87347475427106
18/09/2030 20:00,722.9502034225294
18/09/2030 21:00,748.1924585729182
18/09/2030 22:00,651.2975702654851
18/09/2030 23:00,416.8953158827925
19/09/2030 00:00,265.38528378479725
19/09/2030 01:00,196.55608586712157
19/09/2030 02:00,153.1637675393912
19/09/2030 03:00,161.53528179291249
19/09/2030 04:00,183.3348824425645
19/09/2030 05:00,265.698934197768
19/09/2030 06:00,498.839770400632
19/09/2030 07:00,471.7432351215859
19/09/2030 08:00,595.0528280051711
19/09/2030 09:00,412.9804623698257
19/09/2030 10:00,374.774828310044
19/09/2030 11:00,211.5139855619424
19/09/2030 12:00,153.0426196741752
19/09/2030 13:00,208.6784486340299
19/09/2030 14:00,142.7940480598836
19/09/2030 15:00,291.83512133509663
19/09/2030 16:00,401.6844710074591
19/09/2030 17:00,390.18686041925145
19/09/2030 18:00,474.5826917018798
19/09/2030 19:00,111.99401018448685
19/09/2030 20:00,236.4223913512618
19/09/2030 21:00,327.736607782417
19/09/2030 22:00,489.3086774303485
19/09/2030 23:00,332.1288009123781
20/09/2030 00:00,225.56096145138977
20/09/2030 01:00,192.46464563012367
20/09/2030 02:00,180.8936913652771
20/09/2030 03:00,192.0821745779722
20/09/2030 04:00,213.88177522762473
20/09/2030 05:00,116.99509187715346
20/09/2030 06:00,283.8043162718011
20/09/2030 07:00,-0.0
20/09/2030 08:00,16.830070457109127
20/09/2030 09:00,46.62410121251189
20/09/2030 10:00,-0.0
20/09/2030 11:00,234.19017382652189
20/09/2030 12:00,-0.0
20/09/2030 13:00,-0.0
20/09/2030 14:00,12.912251048954552
20/09/2030 15:00,70.13355498753016
20/09/2030 16:00,329.0675123849891
20/09/2030 17:00,125.79296624828008
20/09/2030 18:00,-0.0
20/09/2030 19:00,105.51908394213359
20/09/2030 20:00,54.669466046491415
20/09/2030 21:00,69.64872280680672
20/09/2030 22:00,-0.0
20/09/2030 23:00,-0.0
21/09/2030 00:00,-0.0
21/09/2030 01:00,-0.0
21/09/2030 02:00,-0.0
21/09/2030 03:00,-0.0
21/09/2030 04:00,-0.0
21/09/2030 05:00,-0.0
21/09/2030 06:00,-0.0
21/09/2030 07:00,-0.0
21/09/2030 08:00,2.284057046610629
21/09/2030 09:00,-0.0
21/09/2030 10:00,24.109635360131804
21/09/2030 11:00,-0.0
21/09/2030 12:00,-0.0
21/09/2030 13:00,-0.0
21/09/2030 14:00,-0.0
21/09/2030 15:00,22.921299730622387
21/09/2030 16:00,275.4649140441797
21/09/2030 17:00,113.63225882522642
21/09/2030 18:00,-0.0
21/09/2030 19:00,276.5539492642708
21/09/2030 20:00,-0.0
21/09/2030 21:00,-0.0
21/09/2030 22:00,-0.0
21/09/2030 23:00,337.6046548739225
22/09/2030 00:00,226.175714826072
22/09/2030 01:00,-0.0
22/09/2030 02:00,-0.0
22/09/2030 03:00,-0.0
22/09/2030 04:00,-0.0
22/09/2030 05:00,-0.0
22/09/2030 06:00,-0.0
22/09/2030 07:00,-0.0
22/09/2030 08:00,-0.0
22/09/2030 09:00,-0.0
22/09/2030 10:00,-0.0
22/09/2030 11:00,4.0711361114284
22/09/2030 12:00,53.82876743673184
22/09/2030 13:00,-0.0
22/09/2030 14:00,-0.0
22/09/2030 15:00,-0.0
22/09/2030 16:00,-0.0
22/09/2030 17:00,145.71763526406363
22/09/2030 18:00,395.9000578091275
22/09/2030 19:00,291.50433988023406
22/09/2030 20:00,-0.0
22/09/2030 21:00,-0.0
22/09/2030 22:00,231.6233257055647
22/09/2030 23:00,-0.0
23/09/2030 00:00,-0.0
23/09/2030 01:00,-0.0
23/09/2030 02:00,185.19285226579098
23/09/2030 03:00,-0.0
23/09/2030 04:00,-0.0
23/09/2030 05:00,55.74428167310255
23/09/2030 06:00,-0.0
23/09/2030 07:00,-0.0
23/09/2030 08:00,-0.0
23/09/2030 09:00,-0.0
23/09/2030 10:00,124.76528937965782
23/09/2030 11:00,194.37304549544382
23/09/2030 12:00,126.48457289944523
23/09/2030 13:00,88.21014354446525
23/09/2030 14:00,115.94117118127322
23/09/2030 15:00,-0.0
23/09/2030 16:00,180.625692894532
23/09/2030 17:00,-0.0
23/09/2030 18:00,148.62086680397798
23/09/2030 19:00,63.708308940947155
23/09/2030 20:00,26.904234265424233
23/09/2030 21:00,-0.0
23/09/2030 22:00,-0.0
23/09/2030 23:00,-0.0
24/09/2030 00:00,-0.0
24/09/2030 01:00,-0.0
24/09/2030 02:00,-0.0
24/09/2030 03:00,-0.0
24/09/2030 04:00,-0.0
24/09/2030 05:00,-0.0
24/09/2030 06:00,-0.0
24/09/2030 07:00,-0.0
24/09/2030 08:00,-0.0
24/09/2030 09:00,75.99130909507248
24/09/2030 10:00,405.0858650165667
24/09/2030 11:00,215.1414758756734
24/09/2030 12:00,379.05519819155535
24/09/2030 13:00,481.263331209732
24/09/2030 14:00,641.8914972842103
24/09/2030 15:00,993.5777501817533
24/09/2030 16:00,1084.5990411374974
24/09/2030 17:00,984.5928999528859
24/09/2030 18:00,765.7656507036654
24/09/2030 19:00,496.995092204521
24/09/2030 20:00,497.76898077778765
24/09/2030 21:00,343.1053538350691
24/09/2030 22:00,246.11243901076617
24/09/2030 23:00,192.15414838659507
25/09/2030 00:00,243.98326993539555
25/09/2030 01:00,261.1508997960324
25/09/2030 02:00,236.32867526601066
25/09/2030 03:00,281.48402670605464
25/09/2030 04:00,737.5140016106375
25/09/2030 05:00,728.4837671968188
25/09/2030 06:00,277.7447175044686
25/09/2030 07:00,287.65270054295655
25/09/2030 08:00,604.085403152727
25/09/2030 09:00,182.67613909728001
25/09/2030 10:00,427.4206873258944
25/09/2030 11:00,200.16381906469763
25/09/2030 12:00,94.88185394381169
25/09/2030 13:00,178.97308732350146
25/09/2030 14:00,19.325498657967053
25/09/2030 15:00,305.22516702828517
25/09/2030 16:00,238.64219318094865
25/09/2030 17:00,264.3977951046985
25/09/2030 18:00,116.30178688407534
25/09/2030 19:00,260.32748489323694
25/09/2030 20:00,339.08314864310347
25/09/2030 21:00,106.7600318784125
25/09/2030 22:00,-0.0
25/09/2030 23:00,-0.0
26/09/2030 00:00,-0.0
26/09/2030 01:00,-0.0
26/09/2030 02:00,-0.0
26/09/2030 03:00,-0.0
26/09/2030 04:00,-0.0
26/09/2030 05:00,-0.0
26/09/2030 06:00,-0.0
26/09/2030 07:00,136.4506505769947
26/09/2030 08:00,-0.0
26/09/2030 09:00,-0.0
26/09/2030 10:00,38.12111471846678
26/09/2030 11:00,-0.0
26/09/2030 12:00,-0.0
26/09/2030 13:00,0.3551046059688077
26/09/2030 14:00,-0.0
26/09/2030 15:00,253.87021534935468
26/09/2030 16:00,61.72386768397812
26/09/2030 17:00,83.25813683347845
26/09/2030 18:00,-0.0
26/09/2030 19:00,133.7010241943002
26/09/2030 20:00,115.78831458849152
26/09/2030 21:00,-0.0
26/09/2030 22:00,-0.0
26/09/2030 23:00,361.1042990847547
27/09/2030 00:00,-0.0
27/09/2030 01:00,82.4396758412561
27/09/2030 02:00,-0.0
27/09/2030 03:00,26.38589905891709
27/09/2030 04:00,-0.0
27/09/2030 05:00,-0.0
27/09/2030 06:00,-0.0
27/09/2030 07:00,-0.0
27/09/2030 08:00,-0.0
27/09/2030 09:00,-0.0
27/09/2030 10:00,-0.0
27/09/2030 11:00,-0.0
27/09/2030 12:00,-0.0
27/09/2030 13:00,126.22829466367052
27/09/2030 14:00,-0.0
27/09/2030 15:00,-0.0
27/09/2030 16:00,101.69504501412916
27/09/2030 17:00,-0.0
27/09/2030 18:00,191.0437650554094
27/09/2030 19:00,101.35647797625867
27/09/2030 20:00,121.26090025119173
27/09/2030 21:00,207.37715413009803
27/09/2030 22:00,-0.0
27/09/2030 23:00,-0.0
28/09/2030 00:00,-0.0
28/09/2030 01:00,-0.0
28/09/2030 02:00,-0.0
28/09/2030 03:00,-0.0
28/09/2030 04:00,-0.0
28/09/2030 05:00,-0.0
28/09/2030 06:00,-0.0
28/09/2030 07:00,-0.0
28/09/2030 08:00,-0.0
28/09/2030 09:00,6.953996933335064
28/09/2030 10:00,-0.0
28/09/2030 11:00,-0.0
28/09/2030 12:00,-0.0
28/09/2030 13:00,-0.0
28/09/2030 14:00,-0.0
28/09/2030 15:00,-0.0
28/09/2030 16:00,1.0701439747741066
28/09/2030 17:00,-0.0
28/09/2030 18:00,-0.0
28/09/2030 19:00,-0.0
28/09/2030 20:00,36.230442005165386
28/09/2030 21:00,-0.0
28/09/2030 22:00,212.32962248805705
28/09/2030 23:00,-0.0
29/09/2030 00:00,-0.0
29/09/2030 01:00,-0.0
29/09/2030 02:00,-0.0
29/09/2030 03:00,-0.0
29/09/2030 04:00,372.6047765866937
29/09/2030 05:00,-0.0
29/09/2030 06:00,-0.0
29/09/2030 07:00,-0.0
29/09/2030 08:00,-0.0
29/09/2030 09:00,-0.0
29/09/2030 10:00,63.007382211929404
29/09/2030 11:00,-0.0
29/09/2030 12:00,-0.0
29/09/2030 13:00,-0.0
29/09/2030 14:00,-0.0
29/09/2030 15:00,-0.0
29/09/2030 16:00,119.65941097179243
29/09/2030 17:00,123.89289528142797
29/09/2030 18:00,272.15738805895126
29/09/2030 19:00,-0.0
29/09/2030 20:00,168.001833099873
29/09/2030 21:00,207.9648771744459
29/09/2030 22:00,64.73896346139031
29/09/2030 23:00,-0.0
30/09/2030 00:00,-0.0
30/09/2030 01:00,-0.0
30/09/2030 02:00,-0.0
30/09/2030 03:00,-0.0
30/09/2030 04:00,-0.0
30/09/2030 05:00,-0.0
30/09/2030 06:00,-0.0
30/09/2030 07:00,-0.0
30/09/2030 08:00,-0.0
30/09/2030 09:00,-0.0
30/09/2030 10:00,26.739081870708233
30/09/2030 11:00,-0.0
30/09/2030 12:00,15.92243482449503
30/09/2030 13:00,43.963366092955894
30/09/2030 14:00,54.30449955335333
30/09/2030 15:00,313.635986692111
30/09/2030 16:00,117.52583374431502
30/09/2030 17:00,264.29210002239597
30/09/2030 18:00,296.1662593364384
30/09/2030 19:00,220.34270392642455
30/09/2030 20:00,196.79631927186264
30/09/2030 21:00,-0.0
30/09/2030 22:00,-0.0
30/09/2030 23:00,125.54963219580515
01/10/2030 00:00,-0.0
01/10/2030 01:00,-0.0
01/10/2030 02:00,-0.0
01/10/2030 03:00,-0.0
01/10/2030 04:00,-0.0
01/10/2030 05:00,-0.0
01/10/2030 06:00,-0.0
01/10/2030 07:00,-0.0
01/10/2030 08:00,-0.0
01/10/2030 09:00,66.27806220590776
01/10/2030 10:00,335.47598840495584
01/10/2030 11:00,392.2149833470007
01/10/2030 12:00,223.75559188737418
01/10/2030 13:00,240.56169632850188
01/10/2030 14:00,215.07581718603979
01/10/2030 15:00,141.08174019742768
01/10/2030 16:00,260.17173857671486
01/10/2030 17:00,-0.0
01/10/2030 18:00,344.13038924802026
01/10/2030 19:00,230.71163136526116
01/10/2030 20:00,-0.0
01/10/2030 21:00,-0.0
01/10/2030 22:00,-0.0
01/10/2030 23:00,-0.0
02/10/2030 00:00,-0.0
02/10/2030 01:00,-0.0
02/10/2030 02:00,280.54771751116056
02/10/2030 03:00,-0.0
02/10/2030 04:00,-0.0
02/10/2030 05:00,-0.0
02/10/2030 06:00,157.0651417860875
02/10/2030 07:00,-0.0
02/10/2030 08:00,-0.0
02/10/2030 09:00,-0.0
02/10/2030 10:00,-0.0
02/10/2030 11:00,-0.0
02/10/2030 12:00,-0.0
02/10/2030 13:00,-0.0
02/10/2030 14:00,-0.0
02/10/2030 15:00,30.71999684389715
02/10/2030 16:00,124.46807113438041
02/10/2030 17:00,369.9880493806096
02/10/2030 18:00,-0.0
02/10/2030 19:00,86.268940599255
02/10/2030 20:00,-0.0
02/10/2030 21:00,-0.0
02/10/2030 22:00,-0.0
02/10/2030 23:00,-0.0
03/10/2030 00:00,-0.0
03/10/2030 01:00,46.221338147194984
03/10/2030 02:00,366.09908032391627
03/10/2030 03:00,131.02608526267218
03/10/2030 04:00,405.87337810315273
03/10/2030 05:00,104.02437342291807
03/10/2030 06:00,10.181009116012946
03/10/2030 07:00,-0.0
03/10/2030 08:00,373.23166318382385
03/10/2030 09:00,203.78658500613386
03/10/2030 10:00,248.77727949749539
03/10/2030 11:00,163.85157080386983
03/10/2030 12:00,262.81187310458483
03/10/2030 13:00,355.6601284850619
03/10/2030 14:00,409.24365336640204
03/10/2030 15:00,724.2449017575125
03/10/2030 16:00,606.3666865085127
03/10/2030 17:00,804.6030689592764
03/10/2030 18:00,789.1353681337189
03/10/2030 19:00,400.31119892784795
03/10/2030 20:00,386.82832685166943
03/10/2030 21:00,421.43210177001055
03/10/2030 22:00,319.0566613847363
03/10/2030 23:00,574.1382722239981
04/10/2030 00:00,287.43182023948515
04/10/2030 01:00,310.46402999388096
04/10/2030 02:00,301.23373363103235
04/10/2030 03:00,316.18939343017547
04/10/2030 04:00,350.7459265359385
04/10/2030 05:00,328.6891128496294
04/10/2030 06:00,660.2094846755122
04/10/2030 07:00,206.48780140461355
04/10/2030 08:00,641.3933848036631
04/10/2030 09:00,243.88470130562658
04/10/2030 10:00,270.405999557308
04/10/2030 11:00,466.07581046278256
04/10/2030 12:00,186.38309934146548
04/10/2030 13:00,325.2414804177413
04/10/2030 14:00,447.37692344193806
04/10/2030 15:00,428.8204520428319
04/10/2030 16:00,591.7043635354105
04/10/2030 17:00,451.5574986331301
04/10/2030 18:00,446.1145444275419
04/10/2030 19:00,532.04312147466
04/10/2030 20:00,447.84324986216353
04/10/2030 21:00,456.7508729495327
04/10/2030 22:00,340.53599404773433
04/10/2030 23:00,84.53207956345923
05/10/2030 00:00,112.82442766513938
05/10/2030 01:00,-0.0
05/10/2030 02:00,-0.0
05/10/2030 03:00,-0.0
05/10/2030 04:00,34.703126394396065
05/10/2030 05:00,335.84172425070074
05/10/2030 06:00,670.670971905738
05/10/2030 07:00,615.4266140901635
05/10/2030 08:00,509.77420619026583
05/10/2030 09:00,640.2716003734007
05/10/2030 10:00,765.4328887238406
05/10/2030 11:00,572.9624505565231
05/10/2030 12:00,1101.1533014978006
05/10/2030 13:00,1349.4093746356532
05/10/2030 14:00,980.7867697029819
05/10/2030 15:00,1005.7516074953134
05/10/2030 16:00,821.3391330816878
05/10/2030 17:00,993.6590885179854
05/10/2030 18:00,660.2603562803836
05/10/2030 19:00,500.3410608831441
05/10/2030 20:00,474.0822379082317
05/10/2030 21:00,521.7493907351604
05/10/2030 22:00,193.54495202777687
05/10/2030 23:00,280.83147904547525
06/10/2030 00:00,410.5576943002623
06/10/2030 01:00,611.2388096286925
06/10/2030 02:00,846.9389976974874
06/10/2030 03:00,454.6263981801311
06/10/2030 04:00,209.4432231202225
06/10/2030 05:00,498.919437597914
06/10/2030 06:00,654.3536253969222
06/10/2030 07:00,552.228281251746
06/10/2030 08:00,627.0967264703157
06/10/2030 09:00,685.6244498189659
06/10/2030 10:00,487.12524182780044
06/10/2030 11:00,1052.5090414839358
06/10/2030 12:00,1000.6005911726339
06/10/2030 13:00,-0.0
06/10/2030 14:00,-0.0
06/10/2030 15:00,724.337829232084
06/10/2030 16:00,896.8806230018462
06/10/2030 17:00,659.7403980748448
06/10/2030 18:00,559.6869687708225
06/10/2030 19:00,69.38879300646936
06/10/2030 20:00,448.0147195683236
06/10/2030 21:00,45.29615708187986
06/10/2030 22:00,415.0027698034098
06/10/2030 23:00,403.6888118192531
07/10/2030 00:00,-0.0
07/10/2030 01:00,1.462922154207944
07/10/2030 02:00,-0.0
07/10/2030 03:00,67.29391655604846
07/10/2030 04:00,-0.0
07/10/2030 05:00,-0.0
07/10/2030 06:00,-0.0
07/10/2030 07:00,-0.0
07/10/2030 08:00,-0.0
07/10/2030 09:00,-0.0
07/10/2030 10:00,-0.0
07/10/2030 11:00,407.38507275610726
07/10/2030 12:00,315.1634741839372
07/10/2030 13:00,-0.0
07/10/2030 14:00,-0.0
07/10/2030 15:00,-0.0
07/10/2030 16:00,229.41506514596082
07/10/2030 17:00,-0.0
07/10/2030 18:00,175.7218404394923
07/10/2030 19:00,87.96819407563935
07/10/2030 20:00,55.53060620762093
07/10/2030 21:00,-0.0
07/10/2030 22:00,-0.0
07/10/2030 23:00,-0.0
08/10/2030 00:00,-0.0
08/10/2030 01:00,-0.0
08/10/2030 02:00,-0.0
08/10/2030 03:00,-0.0
08/10/2030 04:00,-0.0
08/10/2030 05:00,-0.0
08/10/2030 06:00,-0.0
08/10/2030 07:00,-0.0
08/10/2030 08:00,-0.0
08/10/2030 09:00,-0.0
08/10/2030 10:00,-0.0
08/10/2030 11:00,-0.0
08/10/2030 12:00,-0.0
08/10/2030 13:00,-0.0
08/10/2030 14:00,-0.0
08/10/2030 15:00,47.982467430195996
08/10/2030 16:00,-0.0
08/10/2030 17:00,-0.0
08/10/2030 18:00,-0.0
08/10/2030 19:00,-0.0
08/10/2030 20:00,-0.0
08/10/2030 21:00,-0.0
08/10/2030 22:00,-0.0
08/10/2030 23:00,-0.0
09/10/2030 00:00,-0.0
09/10/2030 01:00,-0.0
09/10/2030 02:00,-0.0
09/10/2030 03:00,200.64137861179552
09/10/2030 04:00,-0.0
09/10/2030 05:00,-0.0
09/10/2030 06:00,-0.0
09/10/2030 07:00,101.36843324659768
09/10/2030 08:00,-0.0
09/10/2030 09:00,-0.0
09/10/2030 10:00,-0.0
09/10/2030 11:00,-0.0
09/10/2030 12:00,-0.0
09/10/2030 13:00,-0.0
09/10/2030 14:00,-0.0
09/10/2030 15:00,-0.0
09/10/2030 16:00,189.1767848174583
09/10/2030 17:00,117.00476218428359
09/10/2030 18:00,-0.0
09/10/2030 19:00,-0.0
09/10/2030 20:00,271.6689809130108
09/10/2030 21:00,-0.0
09/10/2030 22:00,-0.0
09/10/2030 23:00,318.3084560954128
10/10/2030 00:00,-0.0
10/10/2030 01:00,-0.0
10/10/2030 02:00,275.0469551091618
10/10/2030 03:00,-0.0
10/10/2030 04:00,-0.0
10/10/2030 05:00,-0.0
10/10/2030 06:00,-0.0
10/10/2030 07:00,-0.0
10/10/2030 08:00,-0.0
10/10/2030 09:00,-0.0
10/10/2030 10:00,87.34502360111183
10/10/2030 11:00,-0.0
10/10/2030 12:00,52.74623068287318
10/10/2030 13:00,93.89819786074032
10/10/2030 14:00,-0.0
10/10/2030 15:00,202.38832937051282
10/10/2030 16:00,290.00810597450084
10/10/2030 17:00,107.83459849378666
10/10/2030 18:00,-0.0
10/10/2030 19:00,-0.0
10/10/2030 20:00,289.4523784997987
10/10/2030 21:00,-0.0
10/10/2030 22:00,-0.0
10/10/2030 23:00,-0.0
11/10/2030 00:00,-0.0
11/10/2030 01:00,-0.0
11/10/2030 02:00,-0.0
11/10/2030 03:00,-0.0
11/10/2030 04:00,-0.0
11/10/2030 05:00,-0.0
11/10/2030 06:00,154.70533154939645
11/10/2030 07:00,80.79475855395694
11/10/2030 08:00,164.23148708232736
11/10/2030 09:00,-0.0
11/10/2030 10:00,-0.0
11/10/2030 11:00,21.2132330762248
11/10/2030 12:00,6.6304541524347425
11/10/2030 13:00,-0.0
11/10/2030 14:00,259.08058291941364
11/10/2030 15:00,-0.0
11/10/2030 16:00,24.438025271380997
11/10/2030 17:00,188.08311219811662
11/10/2030 18:00,-0.0
11/10/2030 19:00,-0.0
11/10/2030 20:00,-0.0
11/10/2030 21:00,34.11257566740078
11/10/2030 22:00,-0.0
11/10/2030 23:00,-0.0
12/10/2030 00:00,-0.0
12/10/2030 01:00,-0.0
12/10/2030 02:00,-0.0
12/10/2030 03:00,-0.0
12/10/2030 04:00,-0.0
12/10/2030 05:00,-0.0
12/10/2030 06:00,-0.0
12/10/2030 07:00,-0.0
12/10/2030 08:00,-0.0
12/10/2030 09:00,27.373211043411523
12/10/2030 10:00,185.9859895721001
12/10/2030 11:00,366.6800211976641
12/10/2030 12:00,109.07680516155787
12/10/2030 13:00,324.157707586837
12/10/2030 14:00,233.798422625314
12/10/2030 15:00,278.87415605461075
12/10/2030 16:00,658.7275293651988
12/10/2030 17:00,480.9396782209857
12/10/2030 18:00,612.1455128963829
12/10/2030 19:00,700.0424021830175
12/10/2030 20:00,680.9943139618416
12/10/2030 21:00,603.8906912229712
12/10/2030 22:00,375.0986507107772
12/10/2030 23:00,421.48324575508957
13/10/2030 00:00,358.443875063085
13/10/2030 01:00,423.2086223477438
13/10/2030 02:00,451.97393813187205
13/10/2030 03:00,605.795431783966
13/10/2030 04:00,687.5072868239888
13/10/2030 05:00,707.8740460209073
13/10/2030 06:00,70.5716734065771
13/10/2030 07:00,781.9531063910242
13/10/2030 08:00,932.0391652017424
13/10/2030 09:00,-0.0
13/10/2030 10:00,331.61114393726484
13/10/2030 11:00,-0.0
13/10/2030 12:00,-0.0
13/10/2030 13:00,-0.0
13/10/2030 14:00,-0.0
13/10/2030 15:00,-0.0
13/10/2030 16:00,-0.0
13/10/2030 17:00,615.5577042612298
13/10/2030 18:00,-0.0
13/10/2030 19:00,319.694180435252
13/10/2030 20:00,-0.0
13/10/2030 21:00,-0.0
13/10/2030 22:00,80.34518048366328
13/10/2030 23:00,-0.0
14/10/2030 00:00,539.3672732826279
14/10/2030 01:00,-0.0
14/10/2030 02:00,541.499942061124
14/10/2030 03:00,171.16523362382378
14/10/2030 04:00,-0.0
14/10/2030 05:00,68.77819129781987
14/10/2030 06:00,-0.0
14/10/2030 07:00,-0.0
14/10/2030 08:00,-0.0
14/10/2030 09:00,0.990730254384992
14/10/2030 10:00,-0.0
14/10/2030 11:00,-0.0
14/10/2030 12:00,200.40759334623976
14/10/2030 13:00,209.19179540716652
14/10/2030 14:00,324.3172435286351
14/10/2030 15:00,83.42781048335763
14/10/2030 16:00,-0.0
14/10/2030 17:00,-0.0
14/10/2030 18:00,-0.0
14/10/2030 19:00,180.18966871323175
14/10/2030 20:00,167.0548475491858
14/10/2030 21:00,126.66180240475316
14/10/2030 22:00,61.58057092979115
14/10/2030 23:00,-0.0
15/10/2030 00:00,116.3722575195847
15/10/2030 01:00,-0.0
15/10/2030 02:00,-0.0
15/10/2030 03:00,-0.0
15/10/2030 04:00,-0.0
15/10/2030 05:00,-0.0
15/10/2030 06:00,-0.0
15/10/2030 07:00,-0.0
15/10/2030 08:00,-0.0
15/10/2030 09:00,-0.0
15/10/2030 10:00,-0.0
15/10/2030 11:00,188.1145720860548
15/10/2030 12:00,127.32067420052883
15/10/2030 13:00,170.51798635496243
15/10/2030 14:00,286.6160361113937
15/10/2030 15:00,455.5099888674659
15/10/2030 16:00,249.45455121507263
15/10/2030 17:00,243.30897097989842
15/10/2030 18:00,115.40432754597065
15/10/2030 19:00,-0.0
15/10/2030 20:00,-0.0
15/10/2030 21:00,19.177083559360653
15/10/2030 22:00,48.343126806819065
15/10/2030 23:00,-0.0
16/10/2030 00:00,-0.0
16/10/2030 01:00,-0.0
16/10/2030 02:00,-0.0
16/10/2030 03:00,-0.0
16/10/2030 04:00,-0.0
16/10/2030 05:00,-0.0
16/10/2030 06:00,-0.0
16/10/2030 07:00,-0.0
16/10/2030 08:00,-0.0
16/10/2030 09:00,156.37215676813346
16/10/2030 10:00,659.9713680919214
16/10/2030 11:00,598.0409743739079
16/10/2030 12:00,530.6597026619038
16/10/2030 13:00,520.9805918004664
16/10/2030 14:00,401.46115358019495
16/10/2030 15:00,569.6051960145328
16/10/2030 16:00,528.9108297938499
16/10/2030 17:00,196.6404783199189
16/10/2030 18:00,319.23130607683606
16/10/2030 19:00,104.54295278209675
16/10/2030 20:00,-0.0
16/10/2030 21:00,-0.0
16/10/2030 22:00,-0.0
16/10/2030 23:00,-0.0
17/10/2030 00:00,-0.0
17/10/2030 01:00,110.98724192031841
17/10/2030 02:00,-0.0
17/10/2030 03:00,-0.0
17/10/2030 04:00,-0.0
17/10/2030 05:00,-0.0
17/10/2030 06:00,-0.0
17/10/2030 07:00,-0.0
17/10/2030 08:00,-0.0
17/10/2030 09:00,-0.0
17/10/2030 10:00,-0.0
17/10/2030 11:00,-0.0
17/10/2030 12:00,260.7908733057968
17/10/2030 13:00,15.649169561526621
17/10/2030 14:00,72.38000701283053
17/10/2030 15:00,68.85329705555023
17/10/2030 16:00,436.29295857199656
17/10/2030 17:00,252.3353932958541
17/10/2030 18:00,135.77733337218956
17/10/2030 19:00,43.60540104542576
17/10/2030 20:00,19.135061338702236
17/10/2030 21:00,98.42137935114862
17/10/2030 22:00,-0.0
17/10/2030 23:00,64.40562556764937
18/10/2030 00:00,127.4031518698097
18/10/2030 01:00,126.8258612766173
18/10/2030 02:00,177.7726038036033
18/10/2030 03:00,302.8542342225887
18/10/2030 04:00,265.994846790368
18/10/2030 05:00,597.6351295752244
18/10/2030 06:00,730.4729811766618
18/10/2030 07:00,456.61617215251835
18/10/2030 08:00,609.7778928016064
18/10/2030 09:00,690.1662418504418
18/10/2030 10:00,749.3327419752158
18/10/2030 11:00,1121.1159484013283
18/10/2030 12:00,1363.758345997344
18/10/2030 13:00,1256.2141201776592
18/10/2030 14:00,1287.2591927467656
18/10/2030 15:00,1083.3517257965063
18/10/2030 16:00,821.8212940835656
18/10/2030 17:00,793.4262395055497
18/10/2030 18:00,870.3130620077474
18/10/2030 19:00,725.7608806932855
18/10/2030 20:00,651.8670724848547
18/10/2030 21:00,644.5358725141108
18/10/2030 22:00,193.92413668140844
18/10/2030 23:00,110.40083548650426
19/10/2030 00:00,38.3121541586067
19/10/2030 01:00,-0.0
19/10/2030 02:00,-0.0
19/10/2030 03:00,-0.0
19/10/2030 04:00,341.28500746866365
19/10/2030 05:00,282.7079517021585
19/10/2030 06:00,508.9843946855257
19/10/2030 07:00,440.4515096213475
19/10/2030 08:00,480.69771011484823
19/10/2030 09:00,463.0764508635876
19/10/2030 10:00,328.27003096329486
19/10/2030 11:00,685.5841303920691
19/10/2030 12:00,542.1009607984735
19/10/2030 13:00,501.47929153668656
19/10/2030 14:00,560.3121044376157
19/10/2030 15:00,520.8850276508143
19/10/2030 16:00,589.9313874039128
19/10/2030 17:00,201.51861535436268
19/10/2030 18:00,372.56671731631815
19/10/2030 19:00,298.8178002288074
19/10/2030 20:00,180.07744160573458
19/10/2030 21:00,12.730460552625914
19/10/2030 22:00,496.2639040724961
19/10/2030 23:00,130.03040193126805
20/10/2030 00:00,291.9058091118351
20/10/2030 01:00,143.65837613680233
20/10/2030 02:00,23.407301257560576
20/10/2030 03:00,-0.0
20/10/2030 04:00,-0.0
20/10/2030 05:00,110.49501635060484
20/10/2030 06:00,-0.0
20/10/2030 07:00,-0.0
20/10/2030 08:00,289.35423799366407
20/10/2030 09:00,-0.0
20/10/2030 10:00,20.165977421301
20/10/2030 11:00,-0.0
20/10/2030 12:00,262.69783285456475
20/10/2030 13:00,10.833666587173033
20/10/2030 14:00,8.134950189977115
20/10/2030 15:00,-0.0
20/10/2030 16:00,-0.0
20/10/2030 17:00,212.9290749834963
20/10/2030 18:00,101.18173973856767
20/10/2030 19:00,-0.0
20/10/2030 20:00,10.848029563489991
20/10/2030 21:00,261.5246251324013
20/10/2030 22:00,185.52824781541167
20/10/2030 23:00,-0.0
21/10/2030 00:00,-0.0
21/10/2030 01:00,-0.0
21/10/2030 02:00,-0.0
21/10/2030 03:00,-0.0
21/10/2030 04:00,60.61738047435937
21/10/2030 05:00,82.9241144103247
21/10/2030 06:00,290.84095900393595
21/10/2030 07:00,338.25291594113867
21/10/2030 08:00,334.6857588013681
21/10/2030 09:00,130.9840345972398
21/10/2030 10:00,297.015991344248
21/10/2030 11:00,382.1417981058266
21/10/2030 12:00,350.9205718061868
21/10/2030 13:00,337.56700338031715
21/10/2030 14:00,534.5492356159587
21/10/2030 15:00,307.277753390395
21/10/2030 16:00,196.63750088409867
21/10/2030 17:00,493.3970988977872
21/10/2030 18:00,327.07943588800856
21/10/2030 19:00,121.07721608814788
21/10/2030 20:00,63.90801699124588
21/10/2030 21:00,306.4546060890933
21/10/2030 22:00,-0.0
21/10/2030 23:00,2.1630396759727337
22/10/2030 00:00,80.43615256539782
22/10/2030 01:00,189.17652176810807
22/10/2030 02:00,279.17192226173097
22/10/2030 03:00,361.8597059437279
22/10/2030 04:00,395.05996574102346
22/10/2030 05:00,549.9416517899909
22/10/2030 06:00,747.2701062699017
22/10/2030 07:00,911.0927448655526
22/10/2030 08:00,927.379746261353
22/10/2030 09:00,1095.661132508795
22/10/2030 10:00,1192.9978214711505
22/10/2030 11:00,1597.3837674441857
22/10/2030 12:00,1448.7731786580143
22/10/2030 13:00,1544.671662016206
22/10/2030 14:00,1462.264635654242
22/10/2030 15:00,1484.1584491399801
22/10/2030 16:00,1559.2698508576154
22/10/2030 17:00,1078.9432919885526
22/10/2030 18:00,669.3001956144021
22/10/2030 19:00,404.84730515765403
22/10/2030 20:00,175.69130192927975
22/10/2030 21:00,16.73183145162789
22/10/2030 22:00,-0.0
22/10/2030 23:00,339.5090160453639
23/10/2030 00:00,4.960827115492159
23/10/2030 01:00,76.22207825320741
23/10/2030 02:00,132.93359282039472
23/10/2030 03:00,114.997300494307
23/10/2030 04:00,71.19029435573195
23/10/2030 05:00,-0.0
23/10/2030 06:00,285.6856784723213
23/10/2030 07:00,165.11419247311892
23/10/2030 08:00,144.02388568015454
23/10/2030 09:00,-0.0
23/10/2030 10:00,326.10843409598397
23/10/2030 11:00,230.12750096153766
23/10/2030 12:00,204.28841394382383
23/10/2030 13:00,156.36153384266402
23/10/2030 14:00,26.707637510644478
23/10/2030 15:00,188.62833483136637
23/10/2030 16:00,198.4854384934296
23/10/2030 17:00,6.964855271402471
23/10/2030 18:00,20.344595721110906
23/10/2030 19:00,170.7454866030977
23/10/2030 20:00,-0.0
23/10/2030 21:00,284.67729177080867
23/10/2030 22:00,221.3571909118616
23/10/2030 23:00,-0.0
24/10/2030 00:00,-0.0
24/10/2030 01:00,-0.0
24/10/2030 02:00,-0.0
24/10/2030 03:00,-0.0
24/10/2030 04:00,-0.0
24/10/2030 05:00,-0.0
24/10/2030 06:00,-0.0
24/10/2030 07:00,-0.0
24/10/2030 08:00,-0.0
24/10/2030 09:00,-0.0
24/10/2030 10:00,27.94414490798331
24/10/2030 11:00,-0.0
24/10/2030 12:00,24.969594540300168
24/10/2030 13:00,23.360131770493954
24/10/2030 14:00,-0.0
24/10/2030 15:00,241.22958720987103
24/10/2030 16:00,65.24798572517855
24/10/2030 17:00,-0.0
24/10/2030 18:00,-0.0
24/10/2030 19:00,-0.0
24/10/2030 20:00,-0.0
24/10/2030 21:00,-0.0
24/10/2030 22:00,-0.0
24/10/2030 23:00,-0.0
25/10/2030 00:00,-0.0
25/10/2030 01:00,-0.0
25/10/2030 02:00,-0.0
25/10/2030 03:00,-0.0
25/10/2030 04:00,-0.0
25/10/2030 05:00,-0.0
25/10/2030 06:00,-0.0
25/10/2030 07:00,-0.0
25/10/2030 08:00,-0.0
25/10/2030 09:00,-0.0
25/10/2030 10:00,-0.0
25/10/2030 11:00,-0.0
25/10/2030 12:00,-0.0
25/10/2030 13:00,-0.0
25/10/2030 14:00,-0.0
25/10/2030 15:00,-0.0
25/10/2030 16:00,-0.0
25/10/2030 17:00,-0.0
25/10/2030 18:00,-0.0
25/10/2030 19:00,-0.0
25/10/2030 20:00,-0.0
25/10/2030 21:00,-0.0
25/10/2030 22:00,-0.0
25/10/2030 23:00,-0.0
26/10/2030 00:00,-0.0
26/10/2030 01:00,-0.0
26/10/2030 02:00,-0.0
26/10/2030 03:00,-0.0
26/10/2030 04:00,-0.0
26/10/2030 05:00,-0.0
26/10/2030 06:00,-0.0
26/10/2030 07:00,-0.0
26/10/2030 08:00,-0.0
26/10/2030 09:00,-0.0
26/10/2030 10:00,-0.0
26/10/2030 11:00,-0.0
26/10/2030 12:00,-0.0
26/10/2030 13:00,-0.0
26/10/2030 14:00,-0.0
26/10/2030 15:00,50.20328450688165
26/10/2030 16:00,-0.0
26/10/2030 17:00,-0.0
26/10/2030 18:00,-0.0
26/10/2030 19:00,-0.0
26/10/2030 20:00,-0.0
26/10/2030 21:00,-0.0
26/10/2030 22:00,-0.0
26/10/2030 23:00,-0.0
27/10/2030 00:00,-0.0
27/10/2030 01:00,-0.0
27/10/2030 02:00,-0.0
27/10/2030 03:00,-0.0
27/10/2030 04:00,-0.0
27/10/2030 05:00,-0.0
27/10/2030 06:00,-0.0
27/10/2030 07:00,-0.0
27/10/2030 08:00,-0.0
27/10/2030 09:00,-0.0
27/10/2030 10:00,-0.0
27/10/2030 11:00,-0.0
27/10/2030 12:00,-0.0
27/10/2030 13:00,-0.0
27/10/2030 14:00,-0.0
27/10/2030 15:00,75.2788702926673
27/10/2030 16:00,-0.0
27/10/2030 17:00,-0.0
27/10/2030 18:00,-0.0
27/10/2030 19:00,-0.0
27/10/2030 20:00,-0.0
27/10/2030 21:00,-0.0
27/10/2030 22:00,-0.0
27/10/2030 23:00,-0.0
28/10/2030 00:00,-0.0
28/10/2030 01:00,-0.0
28/10/2030 02:00,-0.0
28/10/2030 03:00,-0.0
28/10/2030 04:00,-0.0
28/10/2030 05:00,-0.0
28/10/2030 06:00,-0.0
28/10/2030 07:00,-0.0
28/10/2030 08:00,-0.0
28/10/2030 09:00,-0.0
28/10/2030 10:00,195.24224967090015
28/10/2030 11:00,260.3130034470514
28/10/2030 12:00,131.97987108586423
28/10/2030 13:00,158.02674027180373
28/10/2030 14:00,182.35037976785938
28/10/2030 15:00,50.59777784559009
28/10/2030 16:00,205.40276538732198
28/10/2030 17:00,-0.0
28/10/2030 18:00,-0.0
28/10/2030 19:00,-0.0
28/10/2030 20:00,-0.0
28/10/2030 21:00,110.4666490646738
28/10/2030 22:00,-0.0
28/10/2030 23:00,-0.0
29/10/2030 00:00,-0.0
29/10/2030 01:00,-0.0
29/10/2030 02:00,-0.0
29/10/2030 03:00,-0.0
29/10/2030 04:00,-0.0
29/10/2030 05:00,-0.0
29/10/2030 06:00,-0.0
29/10/2030 07:00,79.23872139593064
29/10/2030 08:00,40.15765659071319
29/10/2030 09:00,155.0649964204693
29/10/2030 10:00,268.02864980494394
29/10/2030 11:00,180.6143025350064
29/10/2030 12:00,288.0757602551281
29/10/2030 13:00,278.58141763526015
29/10/2030 14:00,152.25507387997374
29/10/2030 15:00,362.6344819347339
29/10/2030 16:00,118.16550661724418
29/10/2030 17:00,154.01086795878953
29/10/2030 18:00,242.69479864099907
29/10/2030 19:00,28.021975829023177
29/10/2030 20:00,-0.0
29/10/2030 21:00,-0.0
29/10/2030 22:00,306.8275507395495
29/10/2030 23:00,-0.0
30/10/2030 00:00,56.116786771152995
30/10/2030 01:00,129.4901281932928
30/10/2030 02:00,100.46680087615049
30/10/2030 03:00,46.64376779234862
30/10/2030 04:00,34.046788683946836
30/10/2030 05:00,78.26858642026768
30/10/2030 06:00,13.89331181853614
30/10/2030 07:00,311.2228757565926
30/10/2030 08:00,-0.0
30/10/2030 09:00,21.1035924364893
30/10/2030 10:00,-0.0
30/10/2030 11:00,-0.0
30/10/2030 12:00,-0.0
30/10/2030 13:00,-0.0
30/10/2030 14:00,-0.0
30/10/2030 15:00,80.38679985332895
30/10/2030 16:00,86.40303636241268
30/10/2030 17:00,-0.0
30/10/2030 18:00,45.51321123391571
30/10/2030 19:00,-0.0
30/10/2030 20:00,-0.0
30/10/2030 21:00,-0.0
30/10/2030 22:00,86.40348154592259
30/10/2030 23:00,-0.0
31/10/2030 00:00,-0.0
31/10/2030 01:00,-0.0
31/10/2030 02:00,27.223969738990917
31/10/2030 03:00,51.48815013935389
31/10/2030 04:00,58.982511806871514
31/10/2030 05:00,59.663994181884455
31/10/2030 06:00,-0.0
31/10/2030 07:00,117.56513249582815
31/10/2030 08:00,276.55117530866556
31/10/2030 09:00,51.9092765628921
31/10/2030 10:00,-0.0
31/10/2030 11:00,-0.0
31/10/2030 12:00,-0.0
31/10/2030 13:00,-0.0
31/10/2030 14:00,-0.0
31/10/2030 15:00,101.71574912948644
31/10/2030 16:00,261.989653227497
31/10/2030 17:00,-0.0
31/10/2030 18:00,94.91674505731645
31/10/2030 19:00,146.99694296320084
31/10/2030 20:00,-0.0
31/10/2030 21:00,174.41736506707636
31/10/2030 22:00,54.99681837635127
31/10/2030 23:00,11.66720998745226
01/11/2030 00:00,334.76070393403927
01/11/2030 01:00,141.41732828643742
01/11/2030 02:00,0.3910780068618146
01/11/2030 03:00,-0.0
01/11/2030 04:00,-0.0
01/11/2030 05:00,40.576841599805064
01/11/2030 06:00,97.11379418408724
01/11/2030 07:00,129.46911944346766
01/11/2030 08:00,185.4464999529021
01/11/2030 09:00,252.66896250919632
01/11/2030 10:00,16.75736941550885
01/11/2030 11:00,168.9324595012752
01/11/2030 12:00,246.30682512564127
01/11/2030 13:00,234.84162518655847
01/11/2030 14:00,446.2463466895055
01/11/2030 15:00,373.4256873604735
01/11/2030 16:00,115.36787959367727
01/11/2030 17:00,-0.0
01/11/2030 18:00,307.06398726562765
01/11/2030 19:00,358.92683888736644
01/11/2030 20:00,455.4626015804107
01/11/2030 21:00,556.0079246084115
01/11/2030 22:00,311.9286570640986
01/11/2030 23:00,157.98242709229984
02/11/2030 00:00,221.38255056539765
02/11/2030 01:00,213.59939836752446
02/11/2030 02:00,164.85856344304207
02/11/2030 03:00,117.98137698905047
02/11/2030 04:00,93.88201227278671
02/11/2030 05:00,79.78695496969702
02/11/2030 06:00,37.92018437351759
02/11/2030 07:00,169.0066402659016
02/11/2030 08:00,161.94821569350015
02/11/2030 09:00,13.386501795957944
02/11/2030 10:00,-0.0
02/11/2030 11:00,126.51634901051564
02/11/2030 12:00,221.58520666832737
02/11/2030 13:00,238.90566209479758
02/11/2030 14:00,457.03659549986696
02/11/2030 15:00,70.93818799881242
02/11/2030 16:00,168.89795252649853
02/11/2030 17:00,253.15362960740694
02/11/2030 18:00,-0.0
02/11/2030 19:00,83.98409178564779
02/11/2030 20:00,108.18657522935877
02/11/2030 21:00,-0.0
02/11/2030 22:00,-0.0
02/11/2030 23:00,30.30909957689244
03/11/2030 00:00,106.15034517943376
03/11/2030 01:00,124.16402696440898
03/11/2030 02:00,168.65115195749502
03/11/2030 03:00,191.1244906626324
03/11/2030 04:00,179.86413732225677
03/11/2030 05:00,257.1873699686692
03/11/2030 06:00,34.276618347983806
03/11/2030 07:00,-0.0
03/11/2030 08:00,176.60496019670322
03/11/2030 09:00,-0.0
03/11/2030 10:00,-0.0
03/11/2030 11:00,-0.0
03/11/2030 12:00,-0.0
03/11/2030 13:00,-0.0
03/11/2030 14:00,101.44080222616948
03/11/2030 15:00,180.9258934265881
03/11/2030 16:00,-0.0
03/11/2030 17:00,-0.0
03/11/2030 18:00,-0.0
03/11/2030 19:00,-0.0
03/11/2030 20:00,-0.0
03/11/2030 21:00,-0.0
03/11/2030 22:00,-0.0
03/11/2030 23:00,-0.0
04/11/2030 00:00,-0.0
04/11/2030 01:00,-0.0
04/11/2030 02:00,-0.0
04/11/2030 03:00,-0.0
04/11/2030 04:00,-0.0
04/11/2030 05:00,-0.0
04/11/2030 06:00,332.8295661634778
04/11/2030 07:00,-0.0
04/11/2030 08:00,-0.0
04/11/2030 09:00,9.50405521608167
04/11/2030 10:00,-0.0
04/11/2030 11:00,-0.0
04/11/2030 12:00,-0.0
04/11/2030 13:00,-0.0
04/11/2030 14:00,-0.0
04/11/2030 15:00,-0.0
04/11/2030 16:00,38.65927362309554
04/11/2030 17:00,-0.0
04/11/2030 18:00,128.9336582376218
04/11/2030 19:00,85.68619135094482
04/11/2030 20:00,-0.0
04/11/2030 21:00,69.82085800531027
04/11/2030 22:00,-0.0
04/11/2030 23:00,-0.0
05/11/2030 00:00,-0.0
05/11/2030 01:00,-0.0
05/11/2030 02:00,-0.0
05/11/2030 03:00,-0.0
05/11/2030 04:00,-0.0
05/11/2030 05:00,2.9120257904538707
05/11/2030 06:00,28.539170939452415
05/11/2030 07:00,63.45639260164025
05/11/2030 08:00,-0.0
05/11/2030 09:00,24.19268211569086
05/11/2030 10:00,215.20101227692626
05/11/2030 11:00,103.07087908624645
05/11/2030 12:00,323.1554502930212
05/11/2030 13:00,326.9011118902753
05/11/2030 14:00,208.776023644961
05/11/2030 15:00,468.1704829700093
05/11/2030 16:00,468.0287718961579
05/11/2030 17:00,472.8515839387706
05/11/2030 18:00,191.29618515310085
05/11/2030 19:00,466.8192728722476
05/11/2030 20:00,64.38337011851351
05/11/2030 21:00,56.079211989796214
05/11/2030 22:00,-0.0
05/11/2030 23:00,343.56971747072424
06/11/2030 00:00,434.40175236852883
06/11/2030 01:00,52.36354078324957
06/11/2030 02:00,59.01511402159907
06/11/2030 03:00,121.09915367376848
06/11/2030 04:00,215.9360835790311
06/11/2030 05:00,358.5389928218712
06/11/2030 06:00,481.9752930799812
06/11/2030 07:00,650.9891659860344
06/11/2030 08:00,895.5654823217245
06/11/2030 09:00,1153.8537017302515
06/11/2030 10:00,747.9470410873846
06/11/2030 11:00,81.43980131365902
06/11/2030 12:00,-0.0
06/11/2030 13:00,-0.0
06/11/2030 14:00,1026.2565113515177
06/11/2030 15:00,1307.9093776922728
06/11/2030 16:00,1278.2731376547454
06/11/2030 17:00,545.1784921330002
06/11/2030 18:00,759.6281237071837
06/11/2030 19:00,879.7021448133704
06/11/2030 20:00,989.5421237331313
06/11/2030 21:00,1000.1893506551056
06/11/2030 22:00,718.9114696457957
06/11/2030 23:00,395.46090243524355
07/11/2030 00:00,1196.87008239448
07/11/2030 01:00,1252.4186329969784
07/11/2030 02:00,1253.601872147525
07/11/2030 03:00,1287.5404381267351
07/11/2030 04:00,1183.107093589409
07/11/2030 05:00,1141.273582885501
07/11/2030 06:00,1044.8425929072291
07/11/2030 07:00,549.1334905160551
07/11/2030 08:00,808.0055376997315
07/11/2030 09:00,582.5309324166818
07/11/2030 10:00,339.1117142223476
07/11/2030 11:00,-0.0
07/11/2030 12:00,-0.0
07/11/2030 13:00,1268.4349377866486
07/11/2030 14:00,1365.2690568683315
07/11/2030 15:00,-0.0
07/11/2030 16:00,1496.554643179862
07/11/2030 17:00,514.1305535002822
07/11/2030 18:00,826.3741409840377
07/11/2030 19:00,1030.2522782019869
07/11/2030 20:00,1165.6013074305176
07/11/2030 21:00,1154.0805154802042
07/11/2030 22:00,758.4284240276415
07/11/2030 23:00,460.28724605631777
08/11/2030 00:00,228.70182259620066
08/11/2030 01:00,96.95401107101239
08/11/2030 02:00,65.78699809985348
08/11/2030 03:00,70.26143811448297
08/11/2030 04:00,154.55149088821796
08/11/2030 05:00,449.3327896589328
08/11/2030 06:00,469.00192891250776
08/11/2030 07:00,357.40795934744983
08/11/2030 08:00,616.8222446161958
08/11/2030 09:00,631.7135874048935
08/11/2030 10:00,340.5666378564114
08/11/2030 11:00,466.3149876511411
08/11/2030 12:00,371.98931503821973
08/11/2030 13:00,473.7440552906045
08/11/2030 14:00,644.710526788828
08/11/2030 15:00,688.5020589792682
08/11/2030 16:00,505.7965315119352
08/11/2030 17:00,171.1695956824169
08/11/2030 18:00,-0.0
08/11/2030 19:00,-0.0
08/11/2030 20:00,-0.0
08/11/2030 21:00,-0.0
08/11/2030 22:00,-0.0
08/11/2030 23:00,-0.0
09/11/2030 00:00,-0.0
09/11/2030 01:00,-0.0
09/11/2030 02:00,-0.0
09/11/2030 03:00,-0.0
09/11/2030 04:00,-0.0
09/11/2030 05:00,-0.0
09/11/2030 06:00,-0.0
09/11/2030 07:00,-0.0
09/11/2030 08:00,-0.0
09/11/2030 09:00,-0.0
09/11/2030 10:00,-0.0
09/11/2030 11:00,-0.0
09/11/2030 12:00,-0.0
09/11/2030 13:00,-0.0
09/11/2030 14:00,-0.0
09/11/2030 15:00,-0.0
09/11/2030 16:00,-0.0
09/11/2030 17:00,-0.0
09/11/2030 18:00,-0.0
09/11/2030 19:00,-0.0
09/11/2030 20:00,-0.0
09/11/2030 21:00,-0.0
09/11/2030 22:00,-0.0
09/11/2030 23:00,-0.0
10/11/2030 00:00,-0.0
10/11/2030 01:00,-0.0
10/11/2030 02:00,-0.0
10/11/2030 03:00,-0.0
10/11/2030 04:00,-0.0
10/11/2030 05:00,-0.0
10/11/2030 06:00,-0.0
10/11/2030 07:00,-0.0
10/11/2030 08:00,-0.0
10/11/2030 09:00,-0.0
10/11/2030 10:00,-0.0
10/11/2030 11:00,-0.0
10/11/2030 12:00,-0.0
10/11/2030 13:00,-0.0
10/11/2030 14:00,-0.0
10/11/2030 15:00,-0.0
10/11/2030 16:00,-0.0
10/11/2030 17:00,-0.0
10/11/2030 18:00,-0.0
10/11/2030 19:00,12.762676722420993
10/11/2030 20:00,9.612670373241826
10/11/2030 21:00,-0.0
10/11/2030 22:00,-0.0
10/11/2030 23:00,-0.0
11/11/2030 00:00,-0.0
11/11/2030 01:00,-0.0
11/11/2030 02:00,-0.0
11/11/2030 03:00,-0.0
11/11/2030 04:00,-0.0
11/11/2030 05:00,-0.0
11/11/2030 06:00,-0.0
11/11/2030 07:00,-0.0
11/11/2030 08:00,-0.0
11/11/2030 09:00,-0.0
11/11/2030 10:00,-0.0
11/11/2030 11:00,-0.0
11/11/2030 12:00,-0.0
11/11/2030 13:00,-0.0
11/11/2030 14:00,-0.0
11/11/2030 15:00,45.30380777208916
11/11/2030 16:00,-0.0
11/11/2030 17:00,-0.0
11/11/2030 18:00,-0.0
11/11/2030 19:00,-0.0
11/11/2030 20:00,-0.0
11/11/2030 21:00,-0.0
11/11/2030 22:00,-0.0
11/11/2030 23:00,-0.0
12/11/2030 00:00,67.62083744390185
12/11/2030 01:00,-0.0
12/11/2030 02:00,-0.0
12/11/2030 03:00,-0.0
12/11/2030 04:00,-0.0
12/11/2030 05:00,-0.0
12/11/2030 06:00,-0.0
12/11/2030 07:00,-0.0
12/11/2030 08:00,-0.0
12/11/2030 09:00,-0.0
12/11/2030 10:00,-0.0
12/11/2030 11:00,-0.0
12/11/2030 12:00,-0.0
12/11/2030 13:00,143.2984601683008
12/11/2030 14:00,-0.0
12/11/2030 15:00,-0.0
12/11/2030 16:00,46.65163979075406
12/11/2030 17:00,-0.0
12/11/2030 18:00,221.70471962520023
12/11/2030 19:00,252.40457766105206
12/11/2030 20:00,216.087439951789
12/11/2030 21:00,476.63084266502466
12/11/2030 22:00,463.5345882046785
12/11/2030 23:00,510.75475194877754
13/11/2030 00:00,270.61073234515897
13/11/2030 01:00,784.1497883799256
13/11/2030 02:00,832.2840938147971
13/11/2030 03:00,751.4397101428839
13/11/2030 04:00,644.5922882660175
13/11/2030 05:00,369.2412388323727
13/11/2030 06:00,662.7658259030418
13/11/2030 07:00,456.16873196239806
13/11/2030 08:00,477.1939231441959
13/11/2030 09:00,356.75063486057763
13/11/2030 10:00,468.17968391462085
13/11/2030 11:00,684.2600878314397
13/11/2030 12:00,421.86511389077174
13/11/2030 13:00,642.6443400885489
13/11/2030 14:00,608.3181334876575
13/11/2030 15:00,617.8712799549861
13/11/2030 16:00,431.4448674162942
13/11/2030 17:00,266.1482943178834
13/11/2030 18:00,542.4441837100461
13/11/2030 19:00,189.32824461391013
13/11/2030 20:00,227.7992742892424
13/11/2030 21:00,199.25487210137334
13/11/2030 22:00,526.1460998285377
13/11/2030 23:00,135.07463632300264
14/11/2030 00:00,188.18717242541643
14/11/2030 01:00,214.0841832650437
14/11/2030 02:00,297.3145007137793
14/11/2030 03:00,240.68653516685686
14/11/2030 04:00,227.6625855164024
14/11/2030 05:00,290.1601614928558
14/11/2030 06:00,255.3937169991624
14/11/2030 07:00,577.153640542183
14/11/2030 08:00,143.10014827032109
14/11/2030 09:00,619.372313372014
14/11/2030 10:00,499.70429937537125
14/11/2030 11:00,827.731809671482
14/11/2030 12:00,584.3529311198062
14/11/2030 13:00,723.2654971128196
14/11/2030 14:00,755.6261391220426
14/11/2030 15:00,819.8722625451071
14/11/2030 16:00,572.9517553318453
14/11/2030 17:00,503.93587819656483
14/11/2030 18:00,570.7748418795838
14/11/2030 19:00,524.3275098097922
14/11/2030 20:00,443.22569388793386
14/11/2030 21:00,416.38363411639995
14/11/2030 22:00,144.18053160548715
14/11/2030 23:00,178.86929617346973
15/11/2030 00:00,268.1426569755948
15/11/2030 01:00,344.36288523482517
15/11/2030 02:00,384.603900485879
15/11/2030 03:00,434.97047095535953
15/11/2030 04:00,500.30763568346015
15/11/2030 05:00,552.0953582296747
15/11/2030 06:00,519.4155652186696
15/11/2030 07:00,418.9460664744564
15/11/2030 08:00,382.21247704561927
15/11/2030 09:00,432.96424894710606
15/11/2030 10:00,718.3127399918036
15/11/2030 11:00,639.9587059604988
15/11/2030 12:00,783.9110551843595
15/11/2030 13:00,766.2502972408053
15/11/2030 14:00,686.1789179462745
15/11/2030 15:00,932.4250372678507
15/11/2030 16:00,734.5275422182002
15/11/2030 17:00,448.90972612762147
15/11/2030 18:00,259.52869800717
15/11/2030 19:00,333.88376214811626
15/11/2030 20:00,487.4889494983543
15/11/2030 21:00,450.8275254587621
15/11/2030 22:00,257.88111290601205
15/11/2030 23:00,191.2666756099112
16/11/2030 00:00,226.99168630165025
16/11/2030 01:00,221.08300192744738
16/11/2030 02:00,163.59526903749443
16/11/2030 03:00,-0.0
16/11/2030 04:00,-0.0
16/11/2030 05:00,-0.0
16/11/2030 06:00,-0.0
16/11/2030 07:00,153.9068829738894
16/11/2030 08:00,155.2996067367406
16/11/2030 09:00,-0.0
16/11/2030 10:00,137.59532412018237
16/11/2030 11:00,193.04619556701292
16/11/2030 12:00,58.524523706329674
16/11/2030 13:00,192.76641421274763
16/11/2030 14:00,378.29963634101597
16/11/2030 15:00,146.81429736162582
16/11/2030 16:00,249.42914426380668
16/11/2030 17:00,52.210328926791746
16/11/2030 18:00,-0.0
16/11/2030 19:00,-0.0
16/11/2030 20:00,-0.0
16/11/2030 21:00,241.656270383427
16/11/2030 22:00,281.9248705449639
16/11/2030 23:00,349.68817806842793
17/11/2030 00:00,45.94434353566262
17/11/2030 01:00,-0.0
17/11/2030 02:00,-0.0
17/11/2030 03:00,-0.0
17/11/2030 04:00,-0.0
17/11/2030 05:00,-0.0
17/11/2030 06:00,-0.0
17/11/2030 07:00,192.53829716076888
17/11/2030 08:00,139.2732067770085
17/11/2030 09:00,278.49917461546994
17/11/2030 10:00,8.649393059316672
17/11/2030 11:00,-0.0
17/11/2030 12:00,-0.0
17/11/2030 13:00,-0.0
17/11/2030 14:00,171.08246562333227
17/11/2030 15:00,-0.0
17/11/2030 16:00,-0.0
17/11/2030 17:00,-0.0
17/11/2030 18:00,-0.0
17/11/2030 19:00,-0.0
17/11/2030 20:00,-0.0
17/11/2030 21:00,-0.0
17/11/2030 22:00,-0.0
17/11/2030 23:00,-0.0
18/11/2030 00:00,-0.0
18/11/2030 01:00,-0.0
18/11/2030 02:00,-0.0
18/11/2030 03:00,-0.0
18/11/2030 04:00,-0.0
18/11/2030 05:00,-0.0
18/11/2030 06:00,-0.0
18/11/2030 07:00,-0.0
18/11/2030 08:00,-0.0
18/11/2030 09:00,-0.0
18/11/2030 10:00,55.3988786474446
18/11/2030 11:00,-0.0
18/11/2030 12:00,60.44933085426643
18/11/2030 13:00,87.97983210206576
18/11/2030 14:00,381.53205259081113
18/11/2030 15:00,-0.0
18/11/2030 16:00,94.73120088235432
18/11/2030 17:00,-0.0
18/11/2030 18:00,116.73145267840022
18/11/2030 19:00,-0.0
18/11/2030 20:00,140.22379556247478
18/11/2030 21:00,147.41503771859888
18/11/2030 22:00,131.69609996330158
18/11/2030 23:00,-0.0
19/11/2030 00:00,-0.0
19/11/2030 01:00,-0.0
19/11/2030 02:00,-0.0
19/11/2030 03:00,-0.0
19/11/2030 04:00,-0.0
19/11/2030 05:00,-0.0
19/11/2030 06:00,-0.0
19/11/2030 07:00,-0.0
19/11/2030 08:00,-0.0
19/11/2030 09:00,-0.0
19/11/2030 10:00,-0.0
19/11/2030 11:00,74.83473207399464
19/11/2030 12:00,-0.0
19/11/2030 13:00,13.19550481168766
19/11/2030 14:00,130.4072904625212
19/11/2030 15:00,229.25743478234872
19/11/2030 16:00,5.736366820597312
19/11/2030 17:00,-0.0
19/11/2030 18:00,-0.0
19/11/2030 19:00,151.61749764181613
19/11/2030 20:00,189.5637752084681
19/11/2030 21:00,179.03821842145302
19/11/2030 22:00,89.64009376082473
19/11/2030 23:00,-0.0
20/11/2030 00:00,-0.0
20/11/2030 01:00,-0.0
20/11/2030 02:00,-0.0
20/11/2030 03:00,-0.0
20/11/2030 04:00,-0.0
20/11/2030 05:00,-0.0
20/11/2030 06:00,-0.0
20/11/2030 07:00,161.02545862208032
20/11/2030 08:00,105.96668489810807
20/11/2030 09:00,114.50352701275735
20/11/2030 10:00,-0.0
20/11/2030 11:00,-0.0
20/11/2030 12:00,-0.0
20/11/2030 13:00,-0.0
20/11/2030 14:00,165.56341139073083
20/11/2030 15:00,-0.0
20/11/2030 16:00,-0.0
20/11/2030 17:00,225.64875943124903
20/11/2030 18:00,-0.0
20/11/2030 19:00,-0.0
20/11/2030 20:00,-0.0
20/11/2030 21:00,-0.0
20/11/2030 22:00,-0.0
20/11/2030 23:00,-0.0
21/11/2030 00:00,-0.0
21/11/2030 01:00,-0.0
21/11/2030 02:00,-0.0
21/11/2030 03:00,-0.0
21/11/2030 04:00,-0.0
21/11/2030 05:00,-0.0
21/11/2030 06:00,-0.0
21/11/2030 07:00,141.3874371873149
21/11/2030 08:00,84.45584918537891
21/11/2030 09:00,-0.0
21/11/2030 10:00,-0.0
21/11/2030 11:00,-0.0
21/11/2030 12:00,-0.0
21/11/2030 13:00,-0.0
21/11/2030 14:00,-0.0
21/11/2030 15:00,11.797044232091725
21/11/2030 16:00,-0.0
21/11/2030 17:00,231.0623338099979
21/11/2030 18:00,-0.0
21/11/2030 19:00,-0.0
21/11/2030 20:00,-0.0
21/11/2030 21:00,37.69892541333926
21/11/2030 22:00,135.73508528392878
21/11/2030 23:00,-0.0
22/11/2030 00:00,-0.0
22/11/2030 01:00,-0.0
22/11/2030 02:00,-0.0
22/11/2030 03:00,-0.0
22/11/2030 04:00,-0.0
22/11/2030 05:00,-0.0
22/11/2030 06:00,-0.0
22/11/2030 07:00,195.58051479502384
22/11/2030 08:00,161.54634256920474
22/11/2030 09:00,-0.0
22/11/2030 10:00,-0.0
22/11/2030 11:00,-0.0
22/11/2030 12:00,-0.0
22/11/2030 13:00,-0.0
22/11/2030 14:00,-0.0
22/11/2030 15:00,-0.0
22/11/2030 16:00,-0.0
22/11/2030 17:00,284.2878983762917
22/11/2030 18:00,-0.0
22/11/2030 19:00,181.7612825603631
22/11/2030 20:00,230.3432474550424
22/11/2030 21:00,325.8129287904203
22/11/2030 22:00,-0.0
22/11/2030 23:00,-0.0
23/11/2030 00:00,50.27956079469831
23/11/2030 01:00,138.72768825658392
23/11/2030 02:00,89.89743186336594
23/11/2030 03:00,-0.0
23/11/2030 04:00,-0.0
23/11/2030 05:00,35.43449147618557
23/11/2030 06:00,247.2843301098394
23/11/2030 07:00,232.58631194458772
23/11/2030 08:00,551.8833091323046
23/11/2030 09:00,560.9499016171355
23/11/2030 10:00,205.22458132376406
23/11/2030 11:00,28.375414836713905
23/11/2030 12:00,168.82759743669754
23/11/2030 13:00,65.28316139741733
23/11/2030 14:00,-0.0
23/11/2030 15:00,269.5740046540225
23/11/2030 16:00,406.23607481683484
23/11/2030 17:00,384.52840348200505
23/11/2030 18:00,170.49742917645978
23/11/2030 19:00,-0.0
23/11/2030 20:00,-0.0
23/11/2030 21:00,-0.0
23/11/2030 22:00,-0.0
23/11/2030 23:00,-0.0
24/11/2030 00:00,-0.0
24/11/2030 01:00,-0.0
24/11/2030 02:00,-0.0
24/11/2030 03:00,-0.0
24/11/2030 04:00,-0.0
24/11/2030 05:00,-0.0
24/11/2030 06:00,-0.0
24/11/2030 07:00,-0.0
24/11/2030 08:00,-0.0
24/11/2030 09:00,-0.0
24/11/2030 10:00,-0.0
24/11/2030 11:00,-0.0
24/11/2030 12:00,-0.0
24/11/2030 13:00,-0.0
24/11/2030 14:00,-0.0
24/11/2030 15:00,97.57039747496631
24/11/2030 16:00,-0.0
24/11/2030 17:00,188.59768764556026
24/11/2030 18:00,-0.0
24/11/2030 19:00,6.322912251357452
24/11/2030 20:00,5.810045656515885
24/11/2030 21:00,-0.0
24/11/2030 22:00,-0.0
24/11/2030 23:00,-0.0
25/11/2030 00:00,-0.0
25/11/2030 01:00,-0.0
25/11/2030 02:00,-0.0
25/11/2030 03:00,-0.0
25/11/2030 04:00,54.55914925147426
25/11/2030 05:00,159.80526128894496
25/11/2030 06:00,212.03197060036257
25/11/2030 07:00,294.6061066685561
25/11/2030 08:00,406.8431700509146
25/11/2030 09:00,482.9060349496393
25/11/2030 10:00,109.28575245863024
25/11/2030 11:00,358.3337766209034
25/11/2030 12:00,16.125369836866994
25/11/2030 13:00,-0.0
25/11/2030 14:00,-0.0
25/11/2030 15:00,59.1730006414907
25/11/2030 16:00,-0.0
25/11/2030 17:00,-0.0
25/11/2030 18:00,-0.0
25/11/2030 19:00,-0.0
25/11/2030 20:00,-0.0
25/11/2030 21:00,-0.0
25/11/2030 22:00,-0.0
25/11/2030 23:00,-0.0
26/11/2030 00:00,-0.0
26/11/2030 01:00,-0.0
26/11/2030 02:00,-0.0
26/11/2030 03:00,-0.0
26/11/2030 04:00,-0.0
26/11/2030 05:00,-0.0
26/11/2030 06:00,-0.0
26/11/2030 07:00,-0.0
26/11/2030 08:00,-0.0
26/11/2030 09:00,-0.0
26/11/2030 10:00,161.09948505244301
26/11/2030 11:00,520.3248102850241
26/11/2030 12:00,945.3543493037956
26/11/2030 13:00,882.8975206187715
26/11/2030 14:00,914.2889632186182
26/11/2030 15:00,887.9361110278788
26/11/2030 16:00,694.6176457341163
26/11/2030 17:00,723.7739856944095
26/11/2030 18:00,444.94172119088756
26/11/2030 19:00,334.3826349177304
26/11/2030 20:00,267.9548914048379
26/11/2030 21:00,206.9920126869122
26/11/2030 22:00,22.320870676753888
26/11/2030 23:00,-0.0
27/11/2030 00:00,42.82896343904793
27/11/2030 01:00,8.726364363983427
27/11/2030 02:00,-0.0
27/11/2030 03:00,-0.0
27/11/2030 04:00,-0.0
27/11/2030 05:00,-0.0
27/11/2030 06:00,-0.0
27/11/2030 07:00,167.8163748551193
27/11/2030 08:00,223.55927072472556
27/11/2030 09:00,235.62954568731374
27/11/2030 10:00,-0.0
27/11/2030 11:00,-0.0
27/11/2030 12:00,519.6832945430376
27/11/2030 13:00,623.1919667742417
27/11/2030 14:00,330.20337315382875
27/11/2030 15:00,688.5782131795173
27/11/2030 16:00,504.6554150208788
27/11/2030 17:00,380.85447543249137
27/11/2030 18:00,196.79708754717566
27/11/2030 19:00,293.48780718892124
27/11/2030 20:00,412.18282972245044
27/11/2030 21:00,296.1267807626485
27/11/2030 22:00,203.5706911783277
27/11/2030 23:00,198.57107487356743
28/11/2030 00:00,164.6250331778592
28/11/2030 01:00,132.99583122671177
28/11/2030 02:00,52.54245868807054
28/11/2030 03:00,1.052982503499083
28/11/2030 04:00,-0.0
28/11/2030 05:00,-0.0
28/11/2030 06:00,-0.0
28/11/2030 07:00,13.037044747795687
28/11/2030 08:00,125.58815166723639
28/11/2030 09:00,-0.0
28/11/2030 10:00,-0.0
28/11/2030 11:00,83.44671636179629
28/11/2030 12:00,-0.0
28/11/2030 13:00,131.127660518664
28/11/2030 14:00,123.62738546858206
28/11/2030 15:00,59.65612033406398
28/11/2030 16:00,248.72356025852403
28/11/2030 17:00,265.39759313683305
28/11/2030 18:00,349.75924641140426
28/11/2030 19:00,357.7096508682519
28/11/2030 20:00,373.14467069311655
28/11/2030 21:00,178.00911174045106
28/11/2030 22:00,-0.0
28/11/2030 23:00,137.44632278101966
29/11/2030 00:00,-0.0
29/11/2030 01:00,-0.0
29/11/2030 02:00,189.331905993749
29/11/2030 03:00,-0.0
29/11/2030 04:00,128.45898086873763
29/11/2030 05:00,61.896082165617415
29/11/2030 06:00,-0.0
29/11/2030 07:00,182.3464472026396
29/11/2030 08:00,121.4196278474807
29/11/2030 09:00,97.44921714033053
29/11/2030 10:00,-0.0
29/11/2030 11:00,-0.0
29/11/2030 12:00,5.7090256687539895
29/11/2030 13:00,31.78211668490337
29/11/2030 14:00,-0.0
29/11/2030 15:00,145.82135187409014
29/11/2030 16:00,33.042324351983446
29/11/2030 17:00,10.074361081009105
29/11/2030 18:00,299.30817278018077
29/11/2030 19:00,341.9851176759027
29/11/2030 20:00,430.2155420135143
29/11/2030 21:00,328.773543448818
29/11/2030 22:00,244.03804744404272
29/11/2030 23:00,305.415948507708
30/11/2030 00:00,317.6244949524074
30/11/2030 01:00,276.38239260838685
30/11/2030 02:00,164.63477652889839
30/11/2030 03:00,136.25584493078722
30/11/2030 04:00,172.05849045058278
30/11/2030 05:00,310.7729668247551
30/11/2030 06:00,303.92105643960167
30/11/2030 07:00,314.48222195021015
30/11/2030 08:00,446.3707908517664
30/11/2030 09:00,218.9123066542654
30/11/2030 10:00,196.71519109038346
30/11/2030 11:00,118.28533761440369
30/11/2030 12:00,69.51834748779257
30/11/2030 13:00,50.490184270719446
30/11/2030 14:00,111.85864824685667
30/11/2030 15:00,140.86800475312066
30/11/2030 16:00,-0.0
30/11/2030 17:00,-0.0
30/11/2030 18:00,-0.0
30/11/2030 19:00,-0.0
30/11/2030 20:00,-0.0
30/11/2030 21:00,-0.0
30/11/2030 22:00,-0.0
30/11/2030 23:00,-0.0
01/12/2030 00:00,-0.0
01/12/2030 01:00,-0.0
01/12/2030 02:00,-0.0
01/12/2030 03:00,-0.0
01/12/2030 04:00,-0.0
01/12/2030 05:00,-0.0
01/12/2030 06:00,-0.0
01/12/2030 07:00,-0.0
01/12/2030 08:00,-0.0
01/12/2030 09:00,-0.0
01/12/2030 10:00,-0.0
01/12/2030 11:00,62.47211824330028
01/12/2030 12:00,189.4184169099811
01/12/2030 13:00,246.39139386045744
01/12/2030 14:00,195.25905239191144
01/12/2030 15:00,18.666973674837106
01/12/2030 16:00,1.7732939541612307
01/12/2030 17:00,-0.0
01/12/2030 18:00,-0.0
01/12/2030 19:00,-0.0
01/12/2030 20:00,-0.0
01/12/2030 21:00,-0.0
01/12/2030 22:00,-0.0
01/12/2030 23:00,-0.0
02/12/2030 00:00,-0.0
02/12/2030 01:00,-0.0
02/12/2030 02:00,-0.0
02/12/2030 03:00,-0.0
02/12/2030 04:00,-0.0
02/12/2030 05:00,-0.0
02/12/2030 06:00,-0.0
02/12/2030 07:00,-0.0
02/12/2030 08:00,-0.0
02/12/2030 09:00,-0.0
02/12/2030 10:00,-0.0
02/12/2030 11:00,-0.0
02/12/2030 12:00,-0.0
02/12/2030 13:00,-0.0
02/12/2030 14:00,-0.0
02/12/2030 15:00,-0.0
02/12/2030 16:00,-0.0
02/12/2030 17:00,-0.0
02/12/2030 18:00,-0.0
02/12/2030 19:00,-0.0
02/12/2030 20:00,-0.0
02/12/2030 21:00,-0.0
02/12/2030 22:00,-0.0
02/12/2030 23:00,-0.0
03/12/2030 00:00,-0.0
03/12/2030 01:00,-0.0
03/12/2030 02:00,-0.0
03/12/2030 03:00,-0.0
03/12/2030 04:00,-0.0
03/12/2030 05:00,-0.0
03/12/2030 06:00,-0.0
03/12/2030 07:00,-0.0
03/12/2030 08:00,-0.0
03/12/2030 09:00,-0.0
03/12/2030 10:00,-0.0
03/12/2030 11:00,-0.0
03/12/2030 12:00,-0.0
03/12/2030 13:00,-0.0
03/12/2030 14:00,-0.0
03/12/2030 15:00,-0.0
03/12/2030 16:00,116.46459048443407
03/12/2030 17:00,-0.0
03/12/2030 18:00,141.97890413602846
03/12/2030 19:00,6.155222431098768
03/12/2030 20:00,-0.0
03/12/2030 21:00,141.6530728639022
03/12/2030 22:00,192.95658677874172
03/12/2030 23:00,3.364795907840606
04/12/2030 00:00,-0.0
04/12/2030 01:00,72.9132003949109
04/12/2030 02:00,-0.0
04/12/2030 03:00,-0.0
04/12/2030 04:00,112.83160353695881
04/12/2030 05:00,-0.0
04/12/2030 06:00,23.24545879000377
04/12/2030 07:00,313.8398233605709
04/12/2030 08:00,259.59196005872326
04/12/2030 09:00,272.0905910376201
04/12/2030 10:00,21.788284471544806
04/12/2030 11:00,182.7011847887829
04/12/2030 12:00,-0.0
04/12/2030 13:00,-0.0
04/12/2030 14:00,-0.0
04/12/2030 15:00,-0.0
04/12/2030 16:00,101.40836103809959
04/12/2030 17:00,285.59776087081934
04/12/2030 18:00,36.41742282557308
04/12/2030 19:00,99.87551488089036
04/12/2030 20:00,172.75816497744597
04/12/2030 21:00,65.80973303740699
04/12/2030 22:00,-0.0
04/12/2030 23:00,-0.0
05/12/2030 00:00,33.85172612832339
05/12/2030 01:00,-0.0
05/12/2030 02:00,-0.0
05/12/2030 03:00,-0.0
05/12/2030 04:00,-0.0
05/12/2030 05:00,-0.0
05/12/2030 06:00,64.3572143537885
05/12/2030 07:00,-0.0
05/12/2030 08:00,66.97326843027118
05/12/2030 09:00,-0.0
05/12/2030 10:00,-0.0
05/12/2030 11:00,-0.0
05/12/2030 12:00,-0.0
05/12/2030 13:00,-0.0
05/12/2030 14:00,-0.0
05/12/2030 15:00,-0.0
05/12/2030 16:00,-0.0
05/12/2030 17:00,-0.0
05/12/2030 18:00,14.512285738481332
05/12/2030 19:00,26.817564926654477
05/12/2030 20:00,181.0477539695212
05/12/2030 21:00,217.89383068740557
05/12/2030 22:00,183.18156432587963
05/12/2030 23:00,-0.0
06/12/2030 00:00,-0.0
06/12/2030 01:00,-0.0
06/12/2030 02:00,-0.0
06/12/2030 03:00,-0.0
06/12/2030 04:00,-0.0
06/12/2030 05:00,-0.0
06/12/2030 06:00,-0.0
06/12/2030 07:00,-0.0
06/12/2030 08:00,-0.0
06/12/2030 09:00,-0.0
06/12/2030 10:00,-0.0
06/12/2030 11:00,-0.0
06/12/2030 12:00,-0.0
06/12/2030 13:00,-0.0
06/12/2030 14:00,-0.0
06/12/2030 15:00,-0.0
06/12/2030 16:00,-0.0
06/12/2030 17:00,-0.0
06/12/2030 18:00,70.57375309952813
06/12/2030 19:00,61.63416407334663
06/12/2030 20:00,45.422143336776706
06/12/2030 21:00,-0.0
06/12/2030 22:00,-0.0
06/12/2030 23:00,-0.0
07/12/2030 00:00,-0.0
07/12/2030 01:00,-0.0
07/12/2030 02:00,-0.0
07/12/2030 03:00,-0.0
07/12/2030 04:00,-0.0
07/12/2030 05:00,-0.0
07/12/2030 06:00,-0.0
07/12/2030 07:00,-0.0
07/12/2030 08:00,-0.0
07/12/2030 09:00,-0.0
07/12/2030 10:00,-0.0
07/12/2030 11:00,-0.0
07/12/2030 12:00,-0.0
07/12/2030 13:00,-0.0
07/12/2030 14:00,33.28747076953669
07/12/2030 15:00,98.9288904192671
07/12/2030 16:00,15.220542429574238
07/12/2030 17:00,-0.0
07/12/2030 18:00,120.13327084584728
07/12/2030 19:00,117.9014707689005
07/12/2030 20:00,161.9264745011193
07/12/2030 21:00,120.45932333631274
07/12/2030 22:00,215.30190897887607
07/12/2030 23:00,300.0663073779318
08/12/2030 00:00,337.4378384802003
08/12/2030 01:00,137.34022248992358
08/12/2030 02:00,332.07447876176786
08/12/2030 03:00,313.31840023337264
08/12/2030 04:00,297.98406256038487
08/12/2030 05:00,-0.0
08/12/2030 06:00,-0.0
08/12/2030 07:00,31.058129892741324
08/12/2030 08:00,135.29603296166107
08/12/2030 09:00,160.40135322647933
08/12/2030 10:00,-0.0
08/12/2030 11:00,-0.0
08/12/2030 12:00,-0.0
08/12/2030 13:00,-0.0
08/12/2030 14:00,-0.0
08/12/2030 15:00,-0.0
08/12/2030 16:00,-0.0
08/12/2030 17:00,230.55311747663663
08/12/2030 18:00,-0.0
08/12/2030 19:00,-0.0
08/12/2030 20:00,105.10671859927616
08/12/2030 21:00,-0.0
08/12/2030 22:00,-0.0
08/12/2030 23:00,343.59445298383264
09/12/2030 00:00,78.96138958430168
09/12/2030 01:00,136.53353119233458
09/12/2030 02:00,148.9642495732208
09/12/2030 03:00,56.06214563602181
09/12/2030 04:00,-0.0
09/12/2030 05:00,37.072292049797205
09/12/2030 06:00,98.33881870615751
09/12/2030 07:00,23.095882609402818
09/12/2030 08:00,5.892106620196306
09/12/2030 09:00,111.07520015117213
09/12/2030 10:00,25.310213584229334
09/12/2030 11:00,91.33677478079458
09/12/2030 12:00,143.96328110978544
09/12/2030 13:00,73.30096177692027
09/12/2030 14:00,196.94144822096482
09/12/2030 15:00,458.4588292383156
09/12/2030 16:00,350.58155669404266
09/12/2030 17:00,217.43080040082464
09/12/2030 18:00,413.41618021846307
09/12/2030 19:00,344.1346995771839
09/12/2030 20:00,302.1520452542991
09/12/2030 21:00,191.15955614204194
09/12/2030 22:00,459.68591081638544
09/12/2030 23:00,532.6028989471213
10/12/2030 00:00,690.8343752883862
10/12/2030 01:00,695.019570660621
10/12/2030 02:00,751.3053543906603
10/12/2030 03:00,576.9261687742054
10/12/2030 04:00,440.40079055502713
10/12/2030 05:00,441.2945554656766
10/12/2030 06:00,899.2972437723213
10/12/2030 07:00,1315.2618786998778
10/12/2030 08:00,935.8321086666359
10/12/2030 09:00,947.8345081270587
10/12/2030 10:00,104.17400771207377
10/12/2030 11:00,-0.0
10/12/2030 12:00,-0.0
10/12/2030 13:00,727.3985029578354
10/12/2030 14:00,769.8845683336378
10/12/2030 15:00,-0.0
10/12/2030 16:00,-0.0
10/12/2030 17:00,477.1052828402415
10/12/2030 18:00,865.8916178868241
10/12/2030 19:00,1004.3605579276007
10/12/2030 20:00,975.923074561861
10/12/2030 21:00,997.8253593440583
10/12/2030 22:00,875.0884884019789
10/12/2030 23:00,623.1366784626217
11/12/2030 00:00,511.0858654448247
11/12/2030 01:00,275.7152823013893
11/12/2030 02:00,127.962952330839
11/12/2030 03:00,32.3761843854907
11/12/2030 04:00,-0.0
11/12/2030 05:00,166.9602232616525
11/12/2030 06:00,340.9032068616917
11/12/2030 07:00,292.23646451517124
11/12/2030 08:00,279.23397190707266
11/12/2030 09:00,247.3003967007429
11/12/2030 10:00,530.7719229705784
11/12/2030 11:00,262.48873770076347
11/12/2030 12:00,286.3912625772994
11/12/2030 13:00,155.46829426006883
11/12/2030 14:00,167.7050353193472
11/12/2030 15:00,390.8363127966486
11/12/2030 16:00,172.1075718167295
11/12/2030 17:00,-0.0
11/12/2030 18:00,197.04774855751273
11/12/2030 19:00,216.26913931501804
11/12/2030 20:00,282.4954731408382
11/12/2030 21:00,146.3309485283524
11/12/2030 22:00,244.36057055970795
11/12/2030 23:00,330.8053822019164
12/12/2030 00:00,378.17629584317206
12/12/2030 01:00,455.839314885496
12/12/2030 02:00,506.97206691350243
12/12/2030 03:00,620.4605930992115
12/12/2030 04:00,710.1068696270239
12/12/2030 05:00,799.8781940547706
12/12/2030 06:00,792.5189170521219
12/12/2030 07:00,770.2475235850798
12/12/2030 08:00,787.6531107046492
12/12/2030 09:00,864.0523088684856
12/12/2030 10:00,1027.0285013187915
12/12/2030 11:00,1251.294763976279
12/12/2030 12:00,1057.54009262944
12/12/2030 13:00,1364.3786999822846
12/12/2030 14:00,1413.241592853631
12/12/2030 15:00,1373.9701274148645
12/12/2030 16:00,1282.5019472552776
12/12/2030 17:00,1102.7118480775675
12/12/2030 18:00,958.9059774369854
12/12/2030 19:00,933.7348750759267
12/12/2030 20:00,898.6043967017373
12/12/2030 21:00,906.0270246476684
12/12/2030 22:00,824.3947051745847
12/12/2030 23:00,920.0689694277037
13/12/2030 00:00,926.7187108895215
13/12/2030 01:00,990.4260495111183
13/12/2030 02:00,1126.408480053951
13/12/2030 03:00,1229.2756404498239
13/12/2030 04:00,1252.7335810413676
13/12/2030 05:00,1253.0889416774312
13/12/2030 06:00,1122.2065191251074
13/12/2030 07:00,986.513169578064
13/12/2030 08:00,882.8836277190414
13/12/2030 09:00,917.8930280021692
13/12/2030 10:00,900.8133217769745
13/12/2030 11:00,1163.8433683003725
13/12/2030 12:00,1177.0833373305272
13/12/2030 13:00,1104.9693897764869
13/12/2030 14:00,1173.932694653891
13/12/2030 15:00,1304.771635081571
13/12/2030 16:00,1068.059989495519
13/12/2030 17:00,832.9058560214273
13/12/2030 18:00,548.4163058679907
13/12/2030 19:00,417.17579563859994
13/12/2030 20:00,299.6205948435146
13/12/2030 21:00,278.5534983004264
13/12/2030 22:00,383.4474688642591
13/12/2030 23:00,475.53517657787114
14/12/2030 00:00,533.1209582947926
14/12/2030 01:00,575.5782556120915
14/12/2030 02:00,573.6878048193627
14/12/2030 03:00,580.7407431468023
14/12/2030 04:00,573.6076883187767
14/12/2030 05:00,540.8585981603653
14/12/2030 06:00,458.9654523457631
14/12/2030 07:00,416.65677732291954
14/12/2030 08:00,665.400294020255
14/12/2030 09:00,420.4781828282699
14/12/2030 10:00,443.5644567516471
14/12/2030 11:00,774.489731488321
14/12/2030 12:00,568.829329010291
14/12/2030 13:00,855.15586999301
14/12/2030 14:00,929.1354098738827
14/12/2030 15:00,715.3875205193771
14/12/2030 16:00,383.42717136362967
14/12/2030 17:00,40.40670545107718
14/12/2030 18:00,-0.0
14/12/2030 19:00,-0.0
14/12/2030 20:00,-0.0
14/12/2030 21:00,-0.0
14/12/2030 22:00,-0.0
14/12/2030 23:00,-0.0
15/12/2030 00:00,-0.0
15/12/2030 01:00,-0.0
15/12/2030 02:00,-0.0
15/12/2030 03:00,-0.0
15/12/2030 04:00,-0.0
15/12/2030 05:00,-0.0
15/12/2030 06:00,-0.0
15/12/2030 07:00,-0.0
15/12/2030 08:00,-0.0
15/12/2030 09:00,-0.0
15/12/2030 10:00,-0.0
15/12/2030 11:00,-0.0
15/12/2030 12:00,-0.0
15/12/2030 13:00,139.78953338355117
15/12/2030 14:00,-0.0
15/12/2030 15:00,-0.0
15/12/2030 16:00,-0.0
15/12/2030 17:00,-0.0
15/12/2030 18:00,-0.0
15/12/2030 19:00,-0.0
15/12/2030 20:00,-0.0
15/12/2030 21:00,-0.0
15/12/2030 22:00,-0.0
15/12/2030 23:00,-0.0
16/12/2030 00:00,-0.0
16/12/2030 01:00,-0.0
16/12/2030 02:00,-0.0
16/12/2030 03:00,-0.0
16/12/2030 04:00,-0.0
16/12/2030 05:00,-0.0
16/12/2030 06:00,-0.0
16/12/2030 07:00,-0.0
16/12/2030 08:00,-0.0
16/12/2030 09:00,-0.0
16/12/2030 10:00,-0.0
16/12/2030 11:00,-0.0
16/12/2030 12:00,-0.0
16/12/2030 13:00,-0.0
16/12/2030 14:00,-0.0
16/12/2030 15:00,-0.0
16/12/2030 16:00,-0.0
16/12/2030 17:00,-0.0
16/12/2030 18:00,18.63735830250306
16/12/2030 19:00,8.371353148730222
16/12/2030 20:00,-0.0
16/12/2030 21:00,-0.0
16/12/2030 22:00,-0.0
16/12/2030 23:00,-0.0
17/12/2030 00:00,-0.0
17/12/2030 01:00,-0.0
17/12/2030 02:00,-0.0
17/12/2030 03:00,69.89898479232973
17/12/2030 04:00,223.11945972962826
17/12/2030 05:00,421.93670944635437
17/12/2030 06:00,635.1583726478159
17/12/2030 07:00,781.3018339764405
17/12/2030 08:00,943.4343130294375
17/12/2030 09:00,1070.0978338948537
17/12/2030 10:00,914.1338140486193
17/12/2030 11:00,928.7575692410002
17/12/2030 12:00,941.507610183149
17/12/2030 13:00,1350.7484871340985
17/12/2030 14:00,1403.1800646714864
17/12/2030 15:00,1376.4510177933666
17/12/2030 16:00,1243.4362345980303
17/12/2030 17:00,1118.2482045214351
17/12/2030 18:00,870.4255864214404
17/12/2030 19:00,694.7185168509495
17/12/2030 20:00,538.2159684067344
17/12/2030 21:00,470.8029715491247
17/12/2030 22:00,501.31599657755015
17/12/2030 23:00,554.4514834915872
18/12/2030 00:00,620.2300438929793
18/12/2030 01:00,685.8142869138171
18/12/2030 02:00,630.4811391320671
18/12/2030 03:00,559.5725215887161
18/12/2030 04:00,565.7052820281001
18/12/2030 05:00,558.6997116748843
18/12/2030 06:00,442.1380764774616
18/12/2030 07:00,236.73182187811875
18/12/2030 08:00,222.72173475055223
18/12/2030 09:00,-0.0
18/12/2030 10:00,313.24908074153706
18/12/2030 11:00,809.7348116173345
18/12/2030 12:00,506.4273490417053
18/12/2030 13:00,490.74864550705666
18/12/2030 14:00,737.0521509780829
18/12/2030 15:00,453.50932361222317
18/12/2030 16:00,113.29222539762088
18/12/2030 17:00,-0.0
18/12/2030 18:00,-0.0
18/12/2030 19:00,-0.0
18/12/2030 20:00,19.524219532360732
18/12/2030 21:00,-0.0
18/12/2030 22:00,-0.0
18/12/2030 23:00,-0.0
19/12/2030 00:00,-0.0
19/12/2030 01:00,-0.0
19/12/2030 02:00,-0.0
19/12/2030 03:00,-0.0
19/12/2030 04:00,-0.0
19/12/2030 05:00,-0.0
19/12/2030 06:00,-0.0
19/12/2030 07:00,-0.0
19/12/2030 08:00,-0.0
19/12/2030 09:00,-0.0
19/12/2030 10:00,-0.0
19/12/2030 11:00,-0.0
19/12/2030 12:00,-0.0
19/12/2030 13:00,-0.0
19/12/2030 14:00,-0.0
19/12/2030 15:00,-0.0
19/12/2030 16:00,-0.0
19/12/2030 17:00,-0.0
19/12/2030 18:00,-0.0
19/12/2030 19:00,-0.0
19/12/2030 20:00,-0.0
19/12/2030 21:00,-0.0
19/12/2030 22:00,54.696656451817084
19/12/2030 23:00,-0.0
20/12/2030 00:00,-0.0
20/12/2030 01:00,-0.0
20/12/2030 02:00,-0.0
20/12/2030 03:00,-0.0
20/12/2030 04:00,-0.0
20/12/2030 05:00,-0.0
20/12/2030 06:00,148.90781321086712
20/12/2030 07:00,519.4638570528958
20/12/2030 08:00,586.9057257502407
20/12/2030 09:00,448.2412552239313
20/12/2030 10:00,475.56463418551374
20/12/2030 11:00,701.6993489035003
20/12/2030 12:00,740.0718357536887
20/12/2030 13:00,827.916626434551
20/12/2030 14:00,866.5150856963368
20/12/2030 15:00,787.1632155230425
20/12/2030 16:00,1054.7105805164708
20/12/2030 17:00,835.3612658229146
20/12/2030 18:00,649.5394332740387
20/12/2030 19:00,528.2742818063754
20/12/2030 20:00,399.86176528059343
20/12/2030 21:00,316.91888323527377
20/12/2030 22:00,223.02924607742756
20/12/2030 23:00,130.33657404930466
21/12/2030 00:00,91.57694505645867
21/12/2030 01:00,98.85152287559409
21/12/2030 02:00,14.323202423095816
21/12/2030 03:00,31.837164066766107
21/12/2030 04:00,-0.0
21/12/2030 05:00,-0.0
21/12/2030 06:00,-0.0
21/12/2030 07:00,-0.0
21/12/2030 08:00,-0.0
21/12/2030 09:00,-0.0
21/12/2030 10:00,-0.0
21/12/2030 11:00,-0.0
21/12/2030 12:00,-0.0
21/12/2030 13:00,-0.0
21/12/2030 14:00,-0.0
21/12/2030 15:00,238.5146277833523
21/12/2030 16:00,300.0148448601552
21/12/2030 17:00,426.32415765903147
21/12/2030 18:00,-0.0
21/12/2030 19:00,-0.0
21/12/2030 20:00,107.54903360186151
21/12/2030 21:00,-0.0
21/12/2030 22:00,200.4356713989717
21/12/2030 23:00,-0.0
22/12/2030 00:00,90.6423275365822
22/12/2030 01:00,177.8257358268336
22/12/2030 02:00,174.2732861420928
22/12/2030 03:00,106.6108080238809
22/12/2030 04:00,57.51478835756086
22/12/2030 05:00,137.2461938986444
22/12/2030 06:00,106.06380096726323
22/12/2030 07:00,-0.0
22/12/2030 08:00,259.28762191075486
22/12/2030 09:00,181.2927685456821
22/12/2030 10:00,211.32726487744512
22/12/2030 11:00,569.4850412197891
22/12/2030 12:00,767.039279987218
22/12/2030 13:00,891.1698196183286
22/12/2030 14:00,855.2490623382772
22/12/2030 15:00,813.7675091108582
22/12/2030 16:00,732.9388603292875
22/12/2030 17:00,519.932106280953
22/12/2030 18:00,107.50151716646968
22/12/2030 19:00,564.21190117123
22/12/2030 20:00,432.82449836541434
22/12/2030 21:00,487.92832196871746
22/12/2030 22:00,453.6145459125626
22/12/2030 23:00,161.92930794216198
23/12/2030 00:00,218.62359259965982
23/12/2030 01:00,319.16131543690625
23/12/2030 02:00,386.27090231629865
23/12/2030 03:00,389.8536587604284
23/12/2030 04:00,329.53365848124645
23/12/2030 05:00,271.6302315183848
23/12/2030 06:00,259.7953146265156
23/12/2030 07:00,234.20608161906313
23/12/2030 08:00,192.75151526597597
23/12/2030 09:00,241.64657090346358
23/12/2030 10:00,342.07355857978587
23/12/2030 11:00,475.47884859245244
23/12/2030 12:00,750.5056062444553
23/12/2030 13:00,869.5506153946418
23/12/2030 14:00,1023.6720956045959
23/12/2030 15:00,641.0621873133043
23/12/2030 16:00,637.7654886960082
23/12/2030 17:00,372.76702164803805
23/12/2030 18:00,201.2746278528558
23/12/2030 19:00,595.3881056106054
23/12/2030 20:00,570.398874406555
23/12/2030 21:00,535.4586510680292
23/12/2030 22:00,71.9413337530358
23/12/2030 23:00,558.0659125728272
24/12/2030 00:00,1258.1252777709763
24/12/2030 01:00,240.67269484451583
24/12/2030 02:00,302.1393856531998
24/12/2030 03:00,325.72208367854995
24/12/2030 04:00,330.7489944262748
24/12/2030 05:00,293.6614951529538
24/12/2030 06:00,240.96577759097494
24/12/2030 07:00,189.5626545779371
24/12/2030 08:00,105.66862951783764
24/12/2030 09:00,73.67373531182838
24/12/2030 10:00,54.473172578972104
24/12/2030 11:00,179.20546340664455
24/12/2030 12:00,75.69457705884923
24/12/2030 13:00,201.05371986541746
24/12/2030 14:00,143.3335609528436
24/12/2030 15:00,160.00840432737584
24/12/2030 16:00,217.95245228329222
24/12/2030 17:00,-0.0
24/12/2030 18:00,-0.0
24/12/2030 19:00,-0.0
24/12/2030 20:00,-0.0
24/12/2030 21:00,-0.0
24/12/2030 22:00,-0.0
24/12/2030 23:00,-0.0
25/12/2030 00:00,-0.0
25/12/2030 01:00,145.11631491864114
25/12/2030 02:00,287.2740170042156
25/12/2030 03:00,-0.0
25/12/2030 04:00,-0.0
25/12/2030 05:00,-0.0
25/12/2030 06:00,-0.0
25/12/2030 07:00,-0.0
25/12/2030 08:00,224.67574723600794
25/12/2030 09:00,-0.0
25/12/2030 10:00,336.53268981478317
25/12/2030 11:00,67.0653461080538
25/12/2030 12:00,-0.0
25/12/2030 13:00,-0.0
25/12/2030 14:00,-0.0
25/12/2030 15:00,-0.0
25/12/2030 16:00,105.87104901099946
25/12/2030 17:00,-0.0
25/12/2030 18:00,-0.0
25/12/2030 19:00,-0.0
25/12/2030 20:00,-0.0
25/12/2030 21:00,13.806959998017696
25/12/2030 22:00,-0.0
25/12/2030 23:00,-0.0
26/12/2030 00:00,-0.0
26/12/2030 01:00,-0.0
26/12/2030 02:00,-0.0
26/12/2030 03:00,-0.0
26/12/2030 04:00,-0.0
26/12/2030 05:00,-0.0
26/12/2030 06:00,-0.0
26/12/2030 07:00,-0.0
26/12/2030 08:00,-0.0
26/12/2030 09:00,-0.0
26/12/2030 10:00,-0.0
26/12/2030 11:00,-0.0
26/12/2030 12:00,-0.0
26/12/2030 13:00,-0.0
26/12/2030 14:00,-0.0
26/12/2030 15:00,122.55575995304058
26/12/2030 16:00,-0.0
26/12/2030 17:00,-0.0
26/12/2030 18:00,-0.0
26/12/2030 19:00,-0.0
26/12/2030 20:00,-0.0
26/12/2030 21:00,-0.0
26/12/2030 22:00,-0.0
26/12/2030 23:00,-0.0
27/12/2030 00:00,-0.0
27/12/2030 01:00,-0.0
27/12/2030 02:00,-0.0
27/12/2030 03:00,-0.0
27/12/2030 04:00,-0.0
27/12/2030 05:00,-0.0
27/12/2030 06:00,-0.0
27/12/2030 07:00,-0.0
27/12/2030 08:00,-0.0
27/12/2030 09:00,-0.0
27/12/2030 10:00,-0.0
27/12/2030 11:00,-0.0
27/12/2030 12:00,-0.0
27/12/2030 13:00,112.7485625853875
27/12/2030 14:00,-0.0
27/12/2030 15:00,-0.0
27/12/2030 16:00,-0.0
27/12/2030 17:00,-0.0
27/12/2030 18:00,-0.0
27/12/2030 19:00,-0.0
27/12/2030 20:00,11.208622857878868
27/12/2030 21:00,-0.0
27/12/2030 22:00,-0.0
27/12/2030 23:00,-0.0
28/12/2030 00:00,-0.0
28/12/2030 01:00,-0.0
28/12/2030 02:00,-0.0
28/12/2030 03:00,-0.0
28/12/2030 04:00,-0.0
28/12/2030 05:00,-0.0
28/12/2030 06:00,-0.0
28/12/2030 07:00,-0.0
28/12/2030 08:00,-0.0
28/12/2030 09:00,-0.0
28/12/2030 10:00,-0.0
28/12/2030 11:00,-0.0
28/12/2030 12:00,-0.0
28/12/2030 13:00,-0.0
28/12/2030 14:00,87.1041882688632
28/12/2030 15:00,-0.0
28/12/2030 16:00,-0.0
28/12/2030 17:00,-0.0
28/12/2030 18:00,-0.0
28/12/2030 19:00,-0.0
28/12/2030 20:00,-0.0
28/12/2030 21:00,-0.0
28/12/2030 22:00,-0.0
28/12/2030 23:00,-0.0
29/12/2030 00:00,-0.0
29/12/2030 01:00,-0.0
29/12/2030 02:00,-0.0
29/12/2030 03:00,-0.0
29/12/2030 04:00,-0.0
29/12/2030 05:00,-0.0
29/12/2030 06:00,-0.0
29/12/2030 07:00,-0.0
29/12/2030 08:00,-0.0
29/12/2030 09:00,-0.0
29/12/2030 10:00,-0.0
29/12/2030 11:00,-0.0
29/12/2030 12:00,43.44069740525291
29/12/2030 13:00,-0.0
29/12/2030 14:00,-0.0
29/12/2030 15:00,-0.0
29/12/2030 16:00,-0.0
29/12/2030 17:00,-0.0
29/12/2030 18:00,-0.0
29/12/2030 19:00,-0.0
29/12/2030 20:00,-0.0
29/12/2030 21:00,-0.0
29/12/2030 22:00,-0.0
29/12/2030 23:00,-0.0
30/12/2030 00:00,-0.0
30/12/2030 01:00,-0.0
30/12/2030 02:00,-0.0
30/12/2030 03:00,-0.0
30/12/2030 04:00,-0.0
30/12/2030 05:00,-0.0
30/12/2030 06:00,-0.0
30/12/2030 07:00,-0.0
30/12/2030 08:00,141.5255008875805
30/12/2030 09:00,-0.0
30/12/2030 10:00,-0.0
30/12/2030 11:00,-0.0
30/12/2030 12:00,359.2048892552738
30/12/2030 13:00,25.495902937203983
30/12/2030 14:00,-0.0
30/12/2030 15:00,-0.0
30/12/2030 16:00,-0.0
30/12/2030 17:00,-0.0
30/12/2030 18:00,-0.0
30/12/2030 19:00,-0.0
30/12/2030 20:00,-0.0
30/12/2030 21:00,-0.0
30/12/2030 22:00,-0.0
30/12/2030 23:00,-0.0
31/12/2030 00:00,230.53376974970624
31/12/2030 01:00,-0.0
31/12/2030 02:00,-0.0
31/12/2030 03:00,-0.0
31/12/2030 04:00,-0.0
31/12/2030 05:00,-0.0
31/12/2030 06:00,-0.0
31/12/2030 07:00,-0.0
31/12/2030 08:00,-0.0
31/12/2030 09:00,-0.0
31/12/2030 10:00,-0.0
31/12/2030 11:00,185.20852609536215
31/12/2030 12:00,333.6575403800577
31/12/2030 13:00,-0.0
31/12/2030 14:00,350.4581036892573
31/12/2030 15:00,157.15238021423588
31/12/2030 16:00,-0.0
31/12/2030 17:00,-0.0
31/12/2030 18:00,-0.0
31/12/2030 19:00,-0.0
31/12/2030 20:00,-0.0
31/12/2030 21:00,-0.0
31/12/2030 22:00,-0.0
31/12/2030 23:00,-0.0
01/01/2031 00:00,198.76395929989854
01/01/2031 01:00,120.76829138154909
01/01/2031 02:00,118.05454475726421
01/01/2031 03:00,109.33659522138844
01/01/2031 04:00,106.55384191582543
01/01/2031 05:00,115.22062338140502
01/01/2031 06:00,145.2987522061331
01/01/2031 07:00,186.0383050709901
01/01/2031 08:00,170.28690980598228
01/01/2031 09:00,188.7871160438799
01/01/2031 10:00,340.3939120692697
01/01/2031 11:00,7.618994949085058
01/01/2031 12:00,277.9529461198049
01/01/2031 13:00,466.3208952981753
01/01/2031 14:00,398.4783170367477
01/01/2031 15:00,598.2074068945469
01/01/2031 16:00,317.88846570750457
01/01/2031 17:00,161.47529276852967
01/01/2031 18:00,183.52806452970492
01/01/2031 19:00,14.768761593575654
01/01/2031 20:00,398.3964505675468
01/01/2031 21:00,393.1827949632353
01/01/2031 22:00,330.9754899748342
01/01/2031 23:00,144.92593059961712
02/01/2031 00:00,76.95588012635103
02/01/2031 01:00,115.26531328000947
02/01/2031 02:00,167.73666430928884
02/01/2031 03:00,233.91281737187578
02/01/2031 04:00,262.07642012194543
02/01/2031 05:00,270.9313099646137
02/01/2031 06:00,246.0660541573423
02/01/2031 07:00,226.18901436730957
02/01/2031 08:00,234.57489596011155
02/01/2031 09:00,282.4295716243697
02/01/2031 10:00,371.339266323867
02/01/2031 11:00,593.403679747452
02/01/2031 12:00,463.1478372221455
02/01/2031 13:00,582.3672604880765
02/01/2031 14:00,973.1976789549192
02/01/2031 15:00,839.0148891521089
02/01/2031 16:00,544.7734268492349
02/01/2031 17:00,466.1772726857492
02/01/2031 18:00,415.4807776768215
02/01/2031 19:00,427.97368144477014
02/01/2031 20:00,432.3350266552521
02/01/2031 21:00,471.53412491761827
02/01/2031 22:00,637.1313317726127
02/01/2031 23:00,831.4280102007697
03/01/2031 00:00,967.2010671688919
03/01/2031 01:00,1011.6725142658532
03/01/2031 02:00,851.5120689561192
03/01/2031 03:00,795.2959189271141
03/01/2031 04:00,833.9875150390737
03/01/2031 05:00,853.4170363201868
03/01/2031 06:00,1224.5934799239913
03/01/2031 07:00,1383.393928316377
03/01/2031 08:00,1509.5341290706706
03/01/2031 09:00,1323.875040646788
03/01/2031 10:00,1088.2876769697764
03/01/2031 11:00,1190.1070818035184
03/01/2031 12:00,985.7083970195048
03/01/2031 13:00,953.2186796391518
03/01/2031 14:00,1009.8952096778652
03/01/2031 15:00,1356.2203532308297
03/01/2031 16:00,1391.8676461630932
03/01/2031 17:00,1362.412379979484
03/01/2031 18:00,1272.349511527235
03/01/2031 19:00,1196.6508228882076
03/01/2031 20:00,1021.9148088099398
03/01/2031 21:00,829.0871425548579
03/01/2031 22:00,687.6842380198681
03/01/2031 23:00,601.8483036306153
04/01/2031 00:00,528.6799532293593
04/01/2031 01:00,505.21684902124144
04/01/2031 02:00,460.7451260649571
04/01/2031 03:00,421.3623012791784
04/01/2031 04:00,383.5751905530391
04/01/2031 05:00,321.1371537860034
04/01/2031 06:00,225.53433278903793
04/01/2031 07:00,112.7798205684444
04/01/2031 08:00,46.88407525721365
04/01/2031 09:00,43.94211223816436
04/01/2031 10:00,-0.0
04/01/2031 11:00,135.00920189766285
04/01/2031 12:00,208.83037282316732
04/01/2031 13:00,211.11276889828181
04/01/2031 14:00,250.1137391752038
04/01/2031 15:00,195.99429058310977
04/01/2031 16:00,101.63382673926654
04/01/2031 17:00,-0.0
04/01/2031 18:00,178.3979238608604
04/01/2031 19:00,-0.0
04/01/2031 20:00,-0.0
04/01/2031 21:00,-0.0
04/01/2031 22:00,153.598164444928
04/01/2031 23:00,87.63668773630367
05/01/2031 00:00,-0.0
05/01/2031 01:00,-0.0
05/01/2031 02:00,-0.0
05/01/2031 03:00,-0.0
05/01/2031 04:00,-0.0
05/01/2031 05:00,-0.0
05/01/2031 06:00,-0.0
05/01/2031 07:00,89.96910968686603
05/01/2031 08:00,-0.0
05/01/2031 09:00,-0.0
05/01/2031 10:00,-0.0
05/01/2031 11:00,-0.0
05/01/2031 12:00,135.28712628259694
05/01/2031 13:00,99.55068956000135
05/01/2031 14:00,243.9161965146111
05/01/2031 15:00,217.13685230528006
05/01/2031 16:00,127.35833890623512
05/01/2031 17:00,-0.0
05/01/2031 18:00,207.40833674465054
05/01/2031 19:00,-0.0
05/01/2031 20:00,-0.0
05/01/2031 21:00,-0.0
05/01/2031 22:00,-0.0
05/01/2031 23:00,-0.0
06/01/2031 00:00,12.372217122399986
06/01/2031 01:00,70.43178652423302
06/01/2031 02:00,135.9348399901114
06/01/2031 03:00,170.14134038017275
06/01/2031 04:00,202.8092409836246
06/01/2031 05:00,202.50612147223094
06/01/2031 06:00,136.45121621420154
06/01/2031 07:00,90.0544382969028
06/01/2031 08:00,78.2352139072686
06/01/2031 09:00,60.64253196982
06/01/2031 10:00,97.78147814365029
06/01/2031 11:00,317.35398740854004
06/01/2031 12:00,492.81411556854954
06/01/2031 13:00,222.01395083700874
06/01/2031 14:00,273.52834497471224
06/01/2031 15:00,202.21755104653863
06/01/2031 16:00,-0.0
06/01/2031 17:00,123.01906312026752
06/01/2031 18:00,273.3909047418685
06/01/2031 19:00,-0.0
06/01/2031 20:00,195.2492186410215
06/01/2031 21:00,182.54120081866907
06/01/2031 22:00,197.5818753620736
06/01/2031 23:00,-0.0
07/01/2031 00:00,-0.0
07/01/2031 01:00,-0.0
07/01/2031 02:00,-0.0
07/01/2031 03:00,-0.0
07/01/2031 04:00,17.477210630183723
07/01/2031 05:00,15.22770264194741
07/01/2031 06:00,-0.0
07/01/2031 07:00,-0.0
07/01/2031 08:00,-0.0
07/01/2031 09:00,-0.0
07/01/2031 10:00,196.56450588908228
07/01/2031 11:00,23.501973241105723
07/01/2031 12:00,163.7301245930778
07/01/2031 13:00,494.28250482812894
07/01/2031 14:00,565.7762224243592
07/01/2031 15:00,22.464604626357925
07/01/2031 16:00,219.74849978160782
07/01/2031 17:00,-0.0
07/01/2031 18:00,37.15202906814532
07/01/2031 19:00,-0.0
07/01/2031 20:00,189.55545921569987
07/01/2031 21:00,210.3034532776409
07/01/2031 22:00,218.29577162601012
07/01/2031 23:00,23.26955021570554
08/01/2031 00:00,-0.0
08/01/2031 01:00,51.53987630980864
08/01/2031 02:00,100.08392961276971
08/01/2031 03:00,118.14254279709351
08/01/2031 04:00,130.96449815024468
08/01/2031 05:00,128.23642254353132
08/01/2031 06:00,128.55416150348162
08/01/2031 07:00,138.50515473900288
08/01/2031 08:00,169.96925053992268
08/01/2031 09:00,222.07615757016907
08/01/2031 10:00,268.46584487812447
08/01/2031 11:00,380.3722468712809
08/01/2031 12:00,110.2997309241132
08/01/2031 13:00,212.44861221445137
08/01/2031 14:00,585.1647672065255
08/01/2031 15:00,571.5274115059706
08/01/2031 16:00,481.13883736149774
08/01/2031 17:00,367.5946046602733
08/01/2031 18:00,444.5233528740221
08/01/2031 19:00,513.369983092515
08/01/2031 20:00,519.9252410520108
08/01/2031 21:00,395.7454366443767
08/01/2031 22:00,325.1817298222976
08/01/2031 23:00,437.2585597639503
09/01/2031 00:00,468.9429969833896
09/01/2031 01:00,471.2561611061345
09/01/2031 02:00,90.40245464047803
09/01/2031 03:00,-0.0
09/01/2031 04:00,356.2444371699223
09/01/2031 05:00,287.5063877052234
09/01/2031 06:00,168.4748650131323
09/01/2031 07:00,6.822302374711557
09/01/2031 08:00,323.31983881799954
09/01/2031 09:00,45.715946815558404
09/01/2031 10:00,-0.0
09/01/2031 11:00,155.84866214165118
09/01/2031 12:00,-0.0
09/01/2031 13:00,61.32474586715002
09/01/2031 14:00,142.2005939146498
09/01/2031 15:00,-0.0
09/01/2031 16:00,159.56742799763393
09/01/2031 17:00,-0.0
09/01/2031 18:00,342.71345388489334
09/01/2031 19:00,385.6431549168586
09/01/2031 20:00,309.252072733363
09/01/2031 21:00,542.1143183552132
09/01/2031 22:00,407.22853678132753
09/01/2031 23:00,397.1088362801159
10/01/2031 00:00,504.9605186595969
10/01/2031 01:00,575.8845382390545
10/01/2031 02:00,627.0803507435198
10/01/2031 03:00,676.5354717413325
10/01/2031 04:00,266.1419842276912
10/01/2031 05:00,344.2953113278886
10/01/2031 06:00,448.597055004542
10/01/2031 07:00,377.8056835157732
10/01/2031 08:00,533.0994985392741
10/01/2031 09:00,503.5435730704267
10/01/2031 10:00,555.4522474671104
10/01/2031 11:00,501.57006522443777
10/01/2031 12:00,544.0875428432286
10/01/2031 13:00,606.18422510778
10/01/2031 14:00,314.34341348327507
10/01/2031 15:00,626.1337816478729
10/01/2031 16:00,439.0181719394313
10/01/2031 17:00,372.96611974323145
10/01/2031 18:00,298.1490076821958
10/01/2031 19:00,389.91896646770584
10/01/2031 20:00,475.3315021772317
10/01/2031 21:00,674.6930034946591
10/01/2031 22:00,813.908776049682
10/01/2031 23:00,986.7540488683973
11/01/2031 00:00,1079.3405527327234
11/01/2031 01:00,642.637419813347
11/01/2031 02:00,619.5927367191415
11/01/2031 03:00,911.8812625823382
11/01/2031 04:00,512.5698595342873
11/01/2031 05:00,338.9978824750822
11/01/2031 06:00,199.4971194857762
11/01/2031 07:00,189.87817969487432
11/01/2031 08:00,326.15899794157133
11/01/2031 09:00,357.9468335751555
11/01/2031 10:00,364.03580665157915
11/01/2031 11:00,-0.0
11/01/2031 12:00,158.25117348718726
11/01/2031 13:00,-0.0
11/01/2031 14:00,-0.0
11/01/2031 15:00,-0.0
11/01/2031 16:00,4.964346344292773
11/01/2031 17:00,-0.0
11/01/2031 18:00,40.20555111976149
11/01/2031 19:00,134.34409941633092
11/01/2031 20:00,179.31163294471986
11/01/2031 21:00,186.63059820936004
11/01/2031 22:00,576.5528535587576
11/01/2031 23:00,625.7477548286837
12/01/2031 00:00,838.7632216891859
12/01/2031 01:00,947.1761056324447
12/01/2031 02:00,1101.1906375041858
12/01/2031 03:00,1221.1707943945912
12/01/2031 04:00,1250.0061332201724
12/01/2031 05:00,1261.1696045026583
12/01/2031 06:00,1197.6625571318316
12/01/2031 07:00,1121.9533398262136
12/01/2031 08:00,1106.3805971056165
12/01/2031 09:00,1161.0154363589672
12/01/2031 10:00,1034.8500969967165
12/01/2031 11:00,1166.8144910072556
12/01/2031 12:00,1357.237673400666
12/01/2031 13:00,1437.941398503983
12/01/2031 14:00,1503.042068494292
12/01/2031 15:00,1433.9002775214822
12/01/2031 16:00,1362.6466318420196
12/01/2031 17:00,1137.1397369293522
12/01/2031 18:00,982.6497633101633
12/01/2031 19:00,925.889112397211
12/01/2031 20:00,889.7050254553371
12/01/2031 21:00,873.3993418239979
12/01/2031 22:00,938.591675587033
12/01/2031 23:00,1019.4796538632432
13/01/2031 00:00,1081.4042360636731
13/01/2031 01:00,1151.6032053892707
13/01/2031 02:00,1175.9036439445497
13/01/2031 03:00,1193.6713204911616
13/01/2031 04:00,1222.8049056790808
13/01/2031 05:00,1203.8623727609222
13/01/2031 06:00,1098.228732494673
13/01/2031 07:00,926.1293660486266
13/01/2031 08:00,844.146357434632
13/01/2031 09:00,858.191894947024
13/01/2031 10:00,773.101998113955
13/01/2031 11:00,960.085885359149
13/01/2031 12:00,891.8254681615202
13/01/2031 13:00,1020.4145914386526
13/01/2031 14:00,1093.1422160790457
13/01/2031 15:00,1359.3052129747894
13/01/2031 16:00,982.963469109272
13/01/2031 17:00,729.7325384846945
13/01/2031 18:00,765.4895727359054
13/01/2031 19:00,817.5047820878361
13/01/2031 20:00,820.1004242808011
13/01/2031 21:00,728.2327351951845
13/01/2031 22:00,568.7483066707005
13/01/2031 23:00,570.3602538907248
14/01/2031 00:00,642.8343373203777
14/01/2031 01:00,702.351316953861
14/01/2031 02:00,747.3112502921904
14/01/2031 03:00,529.8407690937969
14/01/2031 04:00,761.1951969906354
14/01/2031 05:00,340.8729910541291
14/01/2031 06:00,285.8711286272076
14/01/2031 07:00,623.6027234057353
14/01/2031 08:00,546.5131948612267
14/01/2031 09:00,507.3313841981422
14/01/2031 10:00,477.24521180163924
14/01/2031 11:00,188.8943261553653
14/01/2031 12:00,791.3451477566073
14/01/2031 13:00,666.800116054385
14/01/2031 14:00,748.6606319745285
14/01/2031 15:00,455.94628840118713
14/01/2031 16:00,299.26293810989375
14/01/2031 17:00,140.94101580735042
14/01/2031 18:00,434.3136162041393
14/01/2031 19:00,5.777046916533511
14/01/2031 20:00,357.064978701612
14/01/2031 21:00,15.067123429027584
14/01/2031 22:00,369.57526573068407
14/01/2031 23:00,424.21553085128994
15/01/2031 00:00,74.63485279427519
15/01/2031 01:00,153.3866655048261
15/01/2031 02:00,146.1722214168231
15/01/2031 03:00,128.70994123361137
15/01/2031 04:00,169.66299530836596
15/01/2031 05:00,214.65505776421955
15/01/2031 06:00,291.7393744441282
15/01/2031 07:00,427.62097240253416
15/01/2031 08:00,522.1943617341587
15/01/2031 09:00,483.5594433777976
15/01/2031 10:00,330.4456944166191
15/01/2031 11:00,514.1569207688041
15/01/2031 12:00,561.6008411720792
15/01/2031 13:00,565.7968290041226
15/01/2031 14:00,533.6473087938409
15/01/2031 15:00,623.611835156323
15/01/2031 16:00,819.6386201321515
15/01/2031 17:00,710.9837115148598
15/01/2031 18:00,1020.4764057443545
15/01/2031 19:00,999.8938080783078
15/01/2031 20:00,1038.5686380838308
15/01/2031 21:00,1152.8452755503815
15/01/2031 22:00,787.5744461230726
15/01/2031 23:00,915.3723593789412
16/01/2031 00:00,900.5073507125438
16/01/2031 01:00,404.8701844901776
16/01/2031 02:00,502.83846745582406
16/01/2031 03:00,194.14004748904813
16/01/2031 04:00,100.24278807084349
16/01/2031 05:00,178.4703672826548
16/01/2031 06:00,285.6746667337747
16/01/2031 07:00,42.54679846032174
16/01/2031 08:00,-0.0
16/01/2031 09:00,-0.0
16/01/2031 10:00,-0.0
16/01/2031 11:00,-0.0
16/01/2031 12:00,100.91816029410028
16/01/2031 13:00,197.5415611481918
16/01/2031 14:00,210.31700964426724
16/01/2031 15:00,290.1445081819179
16/01/2031 16:00,165.2545217121436
16/01/2031 17:00,1.28288334950018
16/01/2031 18:00,-0.0
16/01/2031 19:00,146.47793268717996
16/01/2031 20:00,76.99966285799096
16/01/2031 21:00,193.66769448524272
16/01/2031 22:00,281.5831722878512
16/01/2031 23:00,-0.0
17/01/2031 00:00,58.32677328317635
17/01/2031 01:00,97.482504495947
17/01/2031 02:00,28.905354079439764
17/01/2031 03:00,-0.0
17/01/2031 04:00,-0.0
17/01/2031 05:00,-0.0
17/01/2031 06:00,44.95920280882161
17/01/2031 07:00,253.44561507800222
17/01/2031 08:00,-0.0
17/01/2031 09:00,-0.0
17/01/2031 10:00,197.05330113731065
17/01/2031 11:00,194.73780397205937
17/01/2031 12:00,91.63702348807644
17/01/2031 13:00,187.46655461381243
17/01/2031 14:00,164.29459550804057
17/01/2031 15:00,321.8309675029218
17/01/2031 16:00,206.061655689837
17/01/2031 17:00,-0.0
17/01/2031 18:00,-0.0
17/01/2031 19:00,233.53843427796468
17/01/2031 20:00,314.30666196921317
17/01/2031 21:00,197.21860545955312
17/01/2031 22:00,-0.0
17/01/2031 23:00,-0.0
18/01/2031 00:00,-0.0
18/01/2031 01:00,-0.0
18/01/2031 02:00,-0.0
18/01/2031 03:00,-0.0
18/01/2031 04:00,-0.0
18/01/2031 05:00,-0.0
18/01/2031 06:00,-0.0
18/01/2031 07:00,-0.0
18/01/2031 08:00,-0.0
18/01/2031 09:00,-0.0
18/01/2031 10:00,-0.0
18/01/2031 11:00,109.28310408570663
18/01/2031 12:00,-0.0
18/01/2031 13:00,42.18954370657385
18/01/2031 14:00,92.38871952156222
18/01/2031 15:00,217.43714883676572
18/01/2031 16:00,273.1752079588957
18/01/2031 17:00,356.8195051193655
18/01/2031 18:00,235.3725549451556
18/01/2031 19:00,239.44604671681242
18/01/2031 20:00,284.474204148175
18/01/2031 21:00,765.1997460268742
18/01/2031 22:00,382.2651413679507
18/01/2031 23:00,474.6486588690256
19/01/2031 00:00,296.8048067000212
19/01/2031 01:00,95.59270455094268
19/01/2031 02:00,21.631071166780277
19/01/2031 03:00,-0.0
19/01/2031 04:00,15.82764507148933
19/01/2031 05:00,126.93511809637316
19/01/2031 06:00,60.08386442935795
19/01/2031 07:00,-0.0
19/01/2031 08:00,18.487236705609465
19/01/2031 09:00,-0.0
19/01/2031 10:00,-0.0
19/01/2031 11:00,-0.0
19/01/2031 12:00,-0.0
19/01/2031 13:00,82.44952372991887
19/01/2031 14:00,163.22685552282593
19/01/2031 15:00,201.4230101250143
19/01/2031 16:00,108.57620575518806
19/01/2031 17:00,-0.0
19/01/2031 18:00,321.5917342249546
19/01/2031 19:00,518.3648043589649
19/01/2031 20:00,591.8608814650643
19/01/2031 21:00,412.3713946496518
19/01/2031 22:00,-0.0
19/01/2031 23:00,-0.0
20/01/2031 00:00,-0.0
20/01/2031 01:00,-0.0
20/01/2031 02:00,-0.0
20/01/2031 03:00,-0.0
20/01/2031 04:00,-0.0
20/01/2031 05:00,-0.0
20/01/2031 06:00,-0.0
20/01/2031 07:00,-0.0
20/01/2031 08:00,47.4732515286903
20/01/2031 09:00,-0.0
20/01/2031 10:00,-0.0
20/01/2031 11:00,-0.0
20/01/2031 12:00,-0.0
20/01/2031 13:00,-0.0
20/01/2031 14:00,-0.0
20/01/2031 15:00,-0.0
20/01/2031 16:00,-0.0
20/01/2031 17:00,-0.0
20/01/2031 18:00,-0.0
20/01/2031 19:00,-0.0
20/01/2031 20:00,10.481023883731186
20/01/2031 21:00,-0.0
20/01/2031 22:00,-0.0
20/01/2031 23:00,-0.0
21/01/2031 00:00,155.97112445609554
21/01/2031 01:00,-0.0
21/01/2031 02:00,-0.0
21/01/2031 03:00,-0.0
21/01/2031 04:00,-0.0
21/01/2031 05:00,-0.0
21/01/2031 06:00,-0.0
21/01/2031 07:00,-0.0
21/01/2031 08:00,73.57338649665472
21/01/2031 09:00,59.9422672803607
21/01/2031 10:00,-0.0
21/01/2031 11:00,63.936882242718525
21/01/2031 12:00,-0.0
21/01/2031 13:00,-0.0
21/01/2031 14:00,-0.0
21/01/2031 15:00,-0.0
21/01/2031 16:00,122.36184860532049
21/01/2031 17:00,-0.0
21/01/2031 18:00,-0.0
21/01/2031 19:00,199.90700988014365
21/01/2031 20:00,179.14088674039704
21/01/2031 21:00,183.77374212296255
21/01/2031 22:00,166.84921084247543
21/01/2031 23:00,-0.0
22/01/2031 00:00,-0.0
22/01/2031 01:00,-0.0
22/01/2031 02:00,-0.0
22/01/2031 03:00,-0.0
22/01/2031 04:00,-0.0
22/01/2031 05:00,-0.0
22/01/2031 06:00,-0.0
22/01/2031 07:00,-0.0
22/01/2031 08:00,-0.0
22/01/2031 09:00,-0.0
22/01/2031 10:00,38.075719771963634
22/01/2031 11:00,-0.0
22/01/2031 12:00,126.94281941499196
22/01/2031 13:00,300.45787376099804
22/01/2031 14:00,296.38516523758165
22/01/2031 15:00,565.2300033839325
22/01/2031 16:00,417.69092794010334
22/01/2031 17:00,138.67816622547164
22/01/2031 18:00,-0.0
22/01/2031 19:00,210.29452904345564
22/01/2031 20:00,275.05823828619816
22/01/2031 21:00,242.872121632965
22/01/2031 22:00,228.9861187955485
22/01/2031 23:00,-0.0
23/01/2031 00:00,-0.0
23/01/2031 01:00,-0.0
23/01/2031 02:00,5.1447366656826246
23/01/2031 03:00,-0.0
23/01/2031 04:00,-0.0
23/01/2031 05:00,-0.0
23/01/2031 06:00,-0.0
23/01/2031 07:00,58.399662348922135
23/01/2031 08:00,-0.0
23/01/2031 09:00,32.57337441276125
23/01/2031 10:00,-0.0
23/01/2031 11:00,-0.0
23/01/2031 12:00,173.29671597959356
23/01/2031 13:00,124.0160985542342
23/01/2031 14:00,124.11617287978795
23/01/2031 15:00,127.91905545995995
23/01/2031 16:00,234.5450811666756
23/01/2031 17:00,-0.0
23/01/2031 18:00,-0.0
23/01/2031 19:00,-0.0
23/01/2031 20:00,-0.0
23/01/2031 21:00,-0.0
23/01/2031 22:00,243.6651325420683
23/01/2031 23:00,-0.0
24/01/2031 00:00,-0.0
24/01/2031 01:00,-0.0
24/01/2031 02:00,-0.0
24/01/2031 03:00,-0.0
24/01/2031 04:00,-0.0
24/01/2031 05:00,-0.0
24/01/2031 06:00,-0.0
24/01/2031 07:00,23.814549455582576
24/01/2031 08:00,-0.0
24/01/2031 09:00,-0.0
24/01/2031 10:00,-0.0
24/01/2031 11:00,-0.0
24/01/2031 12:00,122.50103546156132
24/01/2031 13:00,3.6430953628414775
24/01/2031 14:00,11.479041402888912
24/01/2031 15:00,-0.0
24/01/2031 16:00,132.22103257210674
24/01/2031 17:00,-0.0
24/01/2031 18:00,220.81678101120727
24/01/2031 19:00,183.7443395190373
24/01/2031 20:00,-0.0
24/01/2031 21:00,191.13909208905187
24/01/2031 22:00,208.66369154307313
24/01/2031 23:00,-0.0
25/01/2031 00:00,-0.0
25/01/2031 01:00,-0.0
25/01/2031 02:00,-0.0
25/01/2031 03:00,-0.0
25/01/2031 04:00,-0.0
25/01/2031 05:00,-0.0
25/01/2031 06:00,-0.0
25/01/2031 07:00,78.00389470213818
25/01/2031 08:00,4.236788380967419
25/01/2031 09:00,107.31423782303034
25/01/2031 10:00,62.62877497168709
25/01/2031 11:00,163.23550549451167
25/01/2031 12:00,-0.0
25/01/2031 13:00,53.91674504357507
25/01/2031 14:00,45.95062075019736
25/01/2031 15:00,-0.0
25/01/2031 16:00,142.781267869629
25/01/2031 17:00,-0.0
25/01/2031 18:00,-0.0
25/01/2031 19:00,-0.0
25/01/2031 20:00,96.69321627869253
25/01/2031 21:00,-0.0
25/01/2031 22:00,371.4003005258988
25/01/2031 23:00,-0.0
26/01/2031 00:00,-0.0
26/01/2031 01:00,-0.0
26/01/2031 02:00,-0.0
26/01/2031 03:00,-0.0
26/01/2031 04:00,-0.0
26/01/2031 05:00,-0.0
26/01/2031 06:00,-0.0
26/01/2031 07:00,-0.0
26/01/2031 08:00,254.86676036129745
26/01/2031 09:00,199.67687169111113
26/01/2031 10:00,56.63825561613486
26/01/2031 11:00,83.35173171206144
26/01/2031 12:00,-0.0
26/01/2031 13:00,25.673293683745317
26/01/2031 14:00,63.49720088064532
26/01/2031 15:00,32.0291685333359
26/01/2031 16:00,232.88202028340217
26/01/2031 17:00,432.81709930060896
26/01/2031 18:00,454.4793548738702
26/01/2031 19:00,408.5599137563813
26/01/2031 20:00,351.25434303938704
26/01/2031 21:00,163.65211164654605
26/01/2031 22:00,25.2746571675527
26/01/2031 23:00,227.24339225874752
27/01/2031 00:00,438.2705361959682
27/01/2031 01:00,628.4242236095397
27/01/2031 02:00,578.9074834855566
27/01/2031 03:00,416.05033767162087
27/01/2031 04:00,417.204474675711
27/01/2031 05:00,653.7538124031239
27/01/2031 06:00,599.4897628143166
27/01/2031 07:00,1070.3383739044493
27/01/2031 08:00,963.5103846676503
27/01/2031 09:00,956.7676069564371
27/01/2031 10:00,813.2248841210522
27/01/2031 11:00,953.3121771901028
27/01/2031 12:00,848.9310245804534
27/01/2031 13:00,895.0857162592606
27/01/2031 14:00,949.437771782463
27/01/2031 15:00,918.6437038420637
27/01/2031 16:00,1068.238976517526
27/01/2031 17:00,660.4668165343923
27/01/2031 18:00,804.3030198274615
27/01/2031 19:00,717.5483045529047
27/01/2031 20:00,697.012494148592
27/01/2031 21:00,331.46778410630753
27/01/2031 22:00,786.4240763628138
27/01/2031 23:00,527.9365957882159
28/01/2031 00:00,941.6423620730021
28/01/2031 01:00,669.6589191686909
28/01/2031 02:00,663.8944848266013
28/01/2031 03:00,663.832497403821
28/01/2031 04:00,653.1940755905529
28/01/2031 05:00,633.8585603609135
28/01/2031 06:00,578.5560149967788
28/01/2031 07:00,486.8136311542953
28/01/2031 08:00,377.7506500623462
28/01/2031 09:00,357.5334654963718
28/01/2031 10:00,408.2572302919996
28/01/2031 11:00,356.73139007583796
28/01/2031 12:00,404.5451890632926
28/01/2031 13:00,520.9473153461423
28/01/2031 14:00,365.3947631856066
28/01/2031 15:00,354.4141923034903
28/01/2031 16:00,563.5112938097906
28/01/2031 17:00,235.0244393399682
28/01/2031 18:00,10.631667780546625
28/01/2031 19:00,421.75505601734153
28/01/2031 20:00,470.2206473561747
28/01/2031 21:00,532.0294428728671
28/01/2031 22:00,558.8371001314085
28/01/2031 23:00,212.96591946526615
29/01/2031 00:00,295.05234885689026
29/01/2031 01:00,361.86476242762296
29/01/2031 02:00,397.6846317847197
29/01/2031 03:00,200.34079875915123
29/01/2031 04:00,201.5893184749101
29/01/2031 05:00,484.7120813402807
29/01/2031 06:00,492.34718341135846
29/01/2031 07:00,628.5098721655551
29/01/2031 08:00,765.0087280133492
29/01/2031 09:00,462.2858675308451
29/01/2031 10:00,488.8344133994998
29/01/2031 11:00,291.43341522955905
29/01/2031 12:00,426.9326119497824
29/01/2031 13:00,438.76926461070497
29/01/2031 14:00,500.7432508378125
29/01/2031 15:00,500.40905469612306
29/01/2031 16:00,487.0254038767209
29/01/2031 17:00,147.85879375321335
29/01/2031 18:00,34.423327761130864
29/01/2031 19:00,229.7959195938696
29/01/2031 20:00,199.129971288898
29/01/2031 21:00,-0.0
29/01/2031 22:00,144.5337661685607
29/01/2031 23:00,-0.0
30/01/2031 00:00,-0.0
30/01/2031 01:00,-0.0
30/01/2031 02:00,-0.0
30/01/2031 03:00,-0.0
30/01/2031 04:00,-0.0
30/01/2031 05:00,-0.0
30/01/2031 06:00,167.93354476680582
30/01/2031 07:00,149.8258311221649
30/01/2031 08:00,54.613265615443474
30/01/2031 09:00,179.1929652283988
30/01/2031 10:00,56.74110219376925
30/01/2031 11:00,130.07231762980848
30/01/2031 12:00,-0.0
30/01/2031 13:00,67.38036699052046
30/01/2031 14:00,48.41431150863207
30/01/2031 15:00,-0.0
30/01/2031 16:00,116.07276620050213
30/01/2031 17:00,-0.0
30/01/2031 18:00,-0.0
30/01/2031 19:00,267.19008029313085
30/01/2031 20:00,409.6596967608431
30/01/2031 21:00,287.1469926061354
30/01/2031 22:00,-0.0
30/01/2031 23:00,-0.0
31/01/2031 00:00,-0.0
31/01/2031 01:00,-0.0
31/01/2031 02:00,-0.0
31/01/2031 03:00,-0.0
31/01/2031 04:00,-0.0
31/01/2031 05:00,-0.0
31/01/2031 06:00,-0.0
31/01/2031 07:00,-0.0
31/01/2031 08:00,162.16832174856236
31/01/2031 09:00,-0.0
31/01/2031 10:00,-0.0
31/01/2031 11:00,48.95121444461841
31/01/2031 12:00,-0.0
31/01/2031 13:00,51.72233081769129
31/01/2031 14:00,47.14870848260784
31/01/2031 15:00,247.24385255802238
31/01/2031 16:00,-0.0
31/01/2031 17:00,-0.0
31/01/2031 18:00,32.857353149821634
31/01/2031 19:00,432.39011482810736
31/01/2031 20:00,536.4228903707832
31/01/2031 21:00,471.7506466704831
31/01/2031 22:00,-0.0
31/01/2031 23:00,-0.0
01/02/2031 00:00,-0.0
01/02/2031 01:00,-0.0
01/02/2031 02:00,-0.0
01/02/2031 03:00,-0.0
01/02/2031 04:00,-0.0
01/02/2031 05:00,-0.0
01/02/2031 06:00,-0.0
01/02/2031 07:00,12.300895399733443
01/02/2031 08:00,304.18062383172384
01/02/2031 09:00,-0.0
01/02/2031 10:00,-0.0
01/02/2031 11:00,-0.0
01/02/2031 12:00,-0.0
01/02/2031 13:00,-0.0
01/02/2031 14:00,-0.0
01/02/2031 15:00,-0.0
01/02/2031 16:00,-0.0
01/02/2031 17:00,-0.0
01/02/2031 18:00,156.39279980387522
01/02/2031 19:00,557.231808125252
01/02/2031 20:00,537.0145100923772
01/02/2031 21:00,560.2819057319574
01/02/2031 22:00,154.391430591653
01/02/2031 23:00,-0.0
02/02/2031 00:00,-0.0
02/02/2031 01:00,-0.0
02/02/2031 02:00,-0.0
02/02/2031 03:00,-0.0
02/02/2031 04:00,-0.0
02/02/2031 05:00,-0.0
02/02/2031 06:00,-0.0
02/02/2031 07:00,26.535073199314006
02/02/2031 08:00,298.2251695459376
02/02/2031 09:00,-0.0
02/02/2031 10:00,-0.0
02/02/2031 11:00,-0.0
02/02/2031 12:00,-0.0
02/02/2031 13:00,-0.0
02/02/2031 14:00,-0.0
02/02/2031 15:00,-0.0
02/02/2031 16:00,-0.0
02/02/2031 17:00,-0.0
02/02/2031 18:00,-0.0
02/02/2031 19:00,179.71219426923648
02/02/2031 20:00,262.3298982169723
02/02/2031 21:00,405.33631865764926
02/02/2031 22:00,302.6073933497435
02/02/2031 23:00,379.0051429959607
03/02/2031 00:00,314.138657766422
03/02/2031 01:00,316.08180941376185
03/02/2031 02:00,385.3278523249419
03/02/2031 03:00,342.2724082956413
03/02/2031 04:00,390.4042460575171
03/02/2031 05:00,486.9544068619575
03/02/2031 06:00,280.99737352483686
03/02/2031 07:00,465.4460138218635
03/02/2031 08:00,332.29857770856876
03/02/2031 09:00,322.9367950285496
03/02/2031 10:00,355.22542865860487
03/02/2031 11:00,-0.0
03/02/2031 12:00,345.79433400965513
03/02/2031 13:00,198.92577831566553
03/02/2031 14:00,600.9960446260575
03/02/2031 15:00,258.34726223673465
03/02/2031 16:00,133.68016824287827
03/02/2031 17:00,421.0179906468412
03/02/2031 18:00,729.2754940771915
03/02/2031 19:00,665.4300275993506
03/02/2031 20:00,717.9574198479814
03/02/2031 21:00,856.2606147043127
03/02/2031 22:00,645.5269300430874
03/02/2031 23:00,827.7375227251321
04/02/2031 00:00,913.1668987648112
04/02/2031 01:00,967.145174108711
04/02/2031 02:00,1065.2119363969157
04/02/2031 03:00,1155.5916459568919
04/02/2031 04:00,1106.9190214249038
04/02/2031 05:00,1125.4421967440996
04/02/2031 06:00,1183.851057710478
04/02/2031 07:00,1123.0282276013886
04/02/2031 08:00,1077.4485090651604
04/02/2031 09:00,1084.936716506234
04/02/2031 10:00,1039.4207423488738
04/02/2031 11:00,1275.7001850702152
04/02/2031 12:00,1099.8329209826297
04/02/2031 13:00,1208.114865710186
04/02/2031 14:00,1284.0430512353096
04/02/2031 15:00,1337.5706519036326
04/02/2031 16:00,1479.6923895135067
04/02/2031 17:00,1153.255922663035
04/02/2031 18:00,918.8272163389938
04/02/2031 19:00,1117.2392638881854
04/02/2031 20:00,1055.4269587429394
04/02/2031 21:00,1096.268266814742
04/02/2031 22:00,1062.7533355105486
04/02/2031 23:00,859.9176312572771
05/02/2031 00:00,845.7465076471168
05/02/2031 01:00,809.9875706101344
05/02/2031 02:00,751.0302446134599
05/02/2031 03:00,735.1004872701693
05/02/2031 04:00,744.8584989781564
05/02/2031 05:00,739.2434782840595
05/02/2031 06:00,707.4267488887754
05/02/2031 07:00,672.5303833453966
05/02/2031 08:00,670.8410068312163
05/02/2031 09:00,800.4810612551933
05/02/2031 10:00,852.7662255292358
05/02/2031 11:00,990.4770794059408
05/02/2031 12:00,844.049978675183
05/02/2031 13:00,862.055940176767
05/02/2031 14:00,769.2712323471341
05/02/2031 15:00,584.7799990259302
05/02/2031 16:00,699.7361688623851
05/02/2031 17:00,359.4213292676515
05/02/2031 18:00,52.8575282079914
05/02/2031 19:00,326.0043970349658
05/02/2031 20:00,329.058884846757
05/02/2031 21:00,380.09962796662484
05/02/2031 22:00,395.7706157157852
05/02/2031 23:00,51.619907092221695
06/02/2031 00:00,28.043757837804396
06/02/2031 01:00,-0.0
06/02/2031 02:00,4.835542150738803
06/02/2031 03:00,-0.0
06/02/2031 04:00,-0.0
06/02/2031 05:00,-0.0
06/02/2031 06:00,277.9429283103622
06/02/2031 07:00,310.36706115543825
06/02/2031 08:00,266.8388092211487
06/02/2031 09:00,410.36696084183296
06/02/2031 10:00,146.90632642424103
06/02/2031 11:00,94.4031871453681
06/02/2031 12:00,94.64291509005983
06/02/2031 13:00,155.65306506049907
06/02/2031 14:00,139.21430137290363
06/02/2031 15:00,186.22797286171192
06/02/2031 16:00,221.94397209964941
06/02/2031 17:00,167.60203942458864
06/02/2031 18:00,-0.0
06/02/2031 19:00,185.8180142548634
06/02/2031 20:00,240.65379649672295
06/02/2031 21:00,53.550563881269134
06/02/2031 22:00,-0.0
06/02/2031 23:00,87.70413796771298
07/02/2031 00:00,-0.0
07/02/2031 01:00,-0.0
07/02/2031 02:00,-0.0
07/02/2031 03:00,-0.0
07/02/2031 04:00,-0.0
07/02/2031 05:00,-0.0
07/02/2031 06:00,43.2265956856775
07/02/2031 07:00,-0.0
07/02/2031 08:00,13.566973315552575
07/02/2031 09:00,-0.0
07/02/2031 10:00,-0.0
07/02/2031 11:00,-0.0
07/02/2031 12:00,-0.0
07/02/2031 13:00,-0.0
07/02/2031 14:00,-0.0
07/02/2031 15:00,-0.0
07/02/2031 16:00,-0.0
07/02/2031 17:00,-0.0
07/02/2031 18:00,239.18497822427565
07/02/2031 19:00,465.6348478859511
07/02/2031 20:00,454.7880425097372
07/02/2031 21:00,462.0415900533845
07/02/2031 22:00,-0.0
07/02/2031 23:00,-0.0
08/02/2031 00:00,-0.0
08/02/2031 01:00,-0.0
08/02/2031 02:00,-0.0
08/02/2031 03:00,-0.0
08/02/2031 04:00,-0.0
08/02/2031 05:00,-0.0
08/02/2031 06:00,-0.0
08/02/2031 07:00,-0.0
08/02/2031 08:00,176.2261254612021
08/02/2031 09:00,-0.0
08/02/2031 10:00,-0.0
08/02/2031 11:00,-0.0
08/02/2031 12:00,-0.0
08/02/2031 13:00,-0.0
08/02/2031 14:00,-0.0
08/02/2031 15:00,-0.0
08/02/2031 16:00,48.06041586142204
08/02/2031 17:00,20.22467638935624
08/02/2031 18:00,117.40438501570259
08/02/2031 19:00,436.9150802956696
08/02/2031 20:00,513.0116141950427
08/02/2031 21:00,330.43573392438446
08/02/2031 22:00,-0.0
08/02/2031 23:00,61.509899148816075
09/02/2031 00:00,163.84968230635533
09/02/2031 01:00,7.254521465597072
09/02/2031 02:00,53.867417735160544
09/02/2031 03:00,-0.0
09/02/2031 04:00,-0.0
09/02/2031 05:00,30.26841188469972
09/02/2031 06:00,33.6053229534393
09/02/2031 07:00,-0.0
09/02/2031 08:00,-0.0
09/02/2031 09:00,294.4694816030731
09/02/2031 10:00,10.398651719533579
09/02/2031 11:00,267.6995129618774
09/02/2031 12:00,21.01961320593433
09/02/2031 13:00,66.56736075631434
09/02/2031 14:00,31.388906580883308
09/02/2031 15:00,179.39664140658255
09/02/2031 16:00,-0.0
09/02/2031 17:00,26.429380647627536
09/02/2031 18:00,-0.0
09/02/2031 19:00,299.12979035825293
09/02/2031 20:00,374.466148505564
09/02/2031 21:00,193.66800774533408
09/02/2031 22:00,-0.0
09/02/2031 23:00,-0.0
10/02/2031 00:00,-0.0
10/02/2031 01:00,-0.0
10/02/2031 02:00,-0.0
10/02/2031 03:00,-0.0
10/02/2031 04:00,-0.0
10/02/2031 05:00,-0.0
10/02/2031 06:00,-0.0
10/02/2031 07:00,-0.0
10/02/2031 08:00,8.729549290073669
10/02/2031 09:00,-0.0
10/02/2031 10:00,46.62441668854254
10/02/2031 11:00,-0.0
10/02/2031 12:00,-0.0
10/02/2031 13:00,158.00972611527257
10/02/2031 14:00,93.07122713370032
10/02/2031 15:00,-0.0
10/02/2031 16:00,51.20045793183119
10/02/2031 17:00,233.20364923629504
10/02/2031 18:00,-0.0
10/02/2031 19:00,172.6143454418118
10/02/2031 20:00,217.103620145622
10/02/2031 21:00,61.67259555195195
10/02/2031 22:00,-0.0
10/02/2031 23:00,-0.0
11/02/2031 00:00,-0.0
11/02/2031 01:00,-0.0
11/02/2031 02:00,-0.0
11/02/2031 03:00,-0.0
11/02/2031 04:00,-0.0
11/02/2031 05:00,-0.0
11/02/2031 06:00,-0.0
11/02/2031 07:00,-0.0
11/02/2031 08:00,88.77995133823818
11/02/2031 09:00,97.52153709873325
11/02/2031 10:00,-0.0
11/02/2031 11:00,-0.0
11/02/2031 12:00,150.29391040407836
11/02/2031 13:00,-0.0
11/02/2031 14:00,-0.0
11/02/2031 15:00,-0.0
11/02/2031 16:00,132.1978796861052
11/02/2031 17:00,8.863532643344554
11/02/2031 18:00,-0.0
11/02/2031 19:00,-0.0
11/02/2031 20:00,70.73578275194174
11/02/2031 21:00,-0.0
11/02/2031 22:00,-0.0
11/02/2031 23:00,184.247803285934
12/02/2031 00:00,124.03861367323063
12/02/2031 01:00,-0.0
12/02/2031 02:00,-0.0
12/02/2031 03:00,-0.0
12/02/2031 04:00,-0.0
12/02/2031 05:00,-0.0
12/02/2031 06:00,-0.0
12/02/2031 07:00,-0.0
12/02/2031 08:00,-0.0
12/02/2031 09:00,-0.0
12/02/2031 10:00,23.552003126511607
12/02/2031 11:00,-0.0
12/02/2031 12:00,306.7152632111774
12/02/2031 13:00,207.22869559711083
12/02/2031 14:00,11.40857341049254
12/02/2031 15:00,15.501946685225636
12/02/2031 16:00,138.62536913032437
12/02/2031 17:00,-0.0
12/02/2031 18:00,-0.0
12/02/2031 19:00,81.92769739823555
12/02/2031 20:00,58.03837023224319
12/02/2031 21:00,97.45501659806254
12/02/2031 22:00,80.1005458185842
12/02/2031 23:00,-0.0
13/02/2031 00:00,-0.0
13/02/2031 01:00,-0.0
13/02/2031 02:00,-0.0
13/02/2031 03:00,-0.0
13/02/2031 04:00,288.02911673734366
13/02/2031 05:00,314.2284256018382
13/02/2031 06:00,143.5269185395364
13/02/2031 07:00,332.13804244876025
13/02/2031 08:00,178.2471951762186
13/02/2031 09:00,89.95535253250517
13/02/2031 10:00,258.96782217755697
13/02/2031 11:00,-0.0
13/02/2031 12:00,164.08853234833035
13/02/2031 13:00,16.05872969972389
13/02/2031 14:00,121.34452202981983
13/02/2031 15:00,366.7431577824974
13/02/2031 16:00,-0.0
13/02/2031 17:00,36.86792798280387
13/02/2031 18:00,-0.0
13/02/2031 19:00,-0.0
13/02/2031 20:00,45.17699687108163
13/02/2031 21:00,-0.0
13/02/2031 22:00,-0.0
13/02/2031 23:00,-0.0
14/02/2031 00:00,-0.0
14/02/2031 01:00,-0.0
14/02/2031 02:00,-0.0
14/02/2031 03:00,-0.0
14/02/2031 04:00,-0.0
14/02/2031 05:00,-0.0
14/02/2031 06:00,-0.0
14/02/2031 07:00,-0.0
14/02/2031 08:00,24.75997303711593
14/02/2031 09:00,-0.0
14/02/2031 10:00,26.922606228560817
14/02/2031 11:00,103.16563558723449
14/02/2031 12:00,240.79044552533415
14/02/2031 13:00,259.5537861648287
14/02/2031 14:00,736.5080594075739
14/02/2031 15:00,754.2004048417025
14/02/2031 16:00,646.8930970273875
14/02/2031 17:00,582.5884061377158
14/02/2031 18:00,831.7811364656129
14/02/2031 19:00,1118.7501852838268
14/02/2031 20:00,1048.2803191558473
14/02/2031 21:00,957.7375983837809
14/02/2031 22:00,1000.1946052349515
14/02/2031 23:00,1103.1012429481661
15/02/2031 00:00,1081.6526829659424
15/02/2031 01:00,864.1337419528477
15/02/2031 02:00,663.607913150229
15/02/2031 03:00,516.546710507729
15/02/2031 04:00,50.39985363054228
15/02/2031 05:00,41.110030077602474
15/02/2031 06:00,262.5438710153221
15/02/2031 07:00,51.937216739027356
15/02/2031 08:00,252.77157720444998
15/02/2031 09:00,178.22884618265863
15/02/2031 10:00,24.571740566371297
15/02/2031 11:00,-0.0
15/02/2031 12:00,133.7556370006718
15/02/2031 13:00,-0.0
15/02/2031 14:00,-0.0
15/02/2031 15:00,226.62206198288948
15/02/2031 16:00,-0.0
15/02/2031 17:00,-0.0
15/02/2031 18:00,-0.0
15/02/2031 19:00,-0.0
15/02/2031 20:00,-0.0
15/02/2031 21:00,-0.0
15/02/2031 22:00,-0.0
15/02/2031 23:00,-0.0
16/02/2031 00:00,-0.0
16/02/2031 01:00,-0.0
16/02/2031 02:00,-0.0
16/02/2031 03:00,-0.0
16/02/2031 04:00,-0.0
16/02/2031 05:00,-0.0
16/02/2031 06:00,-0.0
16/02/2031 07:00,120.92309494527106
16/02/2031 08:00,145.84703152344332
16/02/2031 09:00,-0.0
16/02/2031 10:00,243.81707571362395
16/02/2031 11:00,263.7870830339647
16/02/2031 12:00,553.9668313680577
16/02/2031 13:00,588.8674567462089
16/02/2031 14:00,555.910278538711
16/02/2031 15:00,750.3240398681171
16/02/2031 16:00,602.4417083228435
16/02/2031 17:00,207.6258868510677
16/02/2031 18:00,262.4395810107164
16/02/2031 19:00,57.289926620831025
16/02/2031 20:00,-0.0
16/02/2031 21:00,-0.0
16/02/2031 22:00,-0.0
16/02/2031 23:00,-0.0
17/02/2031 00:00,-0.0
17/02/2031 01:00,-0.0
17/02/2031 02:00,-0.0
17/02/2031 03:00,-0.0
17/02/2031 04:00,-0.0
17/02/2031 05:00,-0.0
17/02/2031 06:00,-0.0
17/02/2031 07:00,-0.0
17/02/2031 08:00,-0.0
17/02/2031 09:00,-0.0
17/02/2031 10:00,-0.0
17/02/2031 11:00,83.5694093534999
17/02/2031 12:00,-0.0
17/02/2031 13:00,-0.0
17/02/2031 14:00,-0.0
17/02/2031 15:00,-0.0
17/02/2031 16:00,65.56249851227373
17/02/2031 17:00,-0.0
17/02/2031 18:00,-0.0
17/02/2031 19:00,-0.0
17/02/2031 20:00,-0.0
17/02/2031 21:00,-0.0
17/02/2031 22:00,-0.0
17/02/2031 23:00,-0.0
18/02/2031 00:00,471.08082264985376
18/02/2031 01:00,224.01164011030232
18/02/2031 02:00,-0.0
18/02/2031 03:00,-0.0
18/02/2031 04:00,-0.0
18/02/2031 05:00,-0.0
18/02/2031 06:00,-0.0
18/02/2031 07:00,-0.0
18/02/2031 08:00,-0.0
18/02/2031 09:00,-0.0
18/02/2031 10:00,-0.0
18/02/2031 11:00,114.3449963622561
18/02/2031 12:00,-0.0
18/02/2031 13:00,399.378489046375
18/02/2031 14:00,-0.0
18/02/2031 15:00,-0.0
18/02/2031 16:00,-0.0
18/02/2031 17:00,2.573710079612414
18/02/2031 18:00,-0.0
18/02/2031 19:00,-0.0
18/02/2031 20:00,205.85090307834543
18/02/2031 21:00,216.52801962140472
18/02/2031 22:00,-0.0
18/02/2031 23:00,295.2297373160329
19/02/2031 00:00,250.426113787836
19/02/2031 01:00,-0.0
19/02/2031 02:00,-0.0
19/02/2031 03:00,-0.0
19/02/2031 04:00,-0.0
19/02/2031 05:00,-0.0
19/02/2031 06:00,-0.0
19/02/2031 07:00,-0.0
19/02/2031 08:00,-0.0
19/02/2031 09:00,13.77824072394152
19/02/2031 10:00,-0.0
19/02/2031 11:00,507.90605622132796
19/02/2031 12:00,404.69131452530996
19/02/2031 13:00,388.9352325087396
19/02/2031 14:00,510.5297656095516
19/02/2031 15:00,513.9728790432055
19/02/2031 16:00,101.78902394589747
19/02/2031 17:00,249.93434968852827
19/02/2031 18:00,3.727880116644176
19/02/2031 19:00,-0.0
19/02/2031 20:00,-0.0
19/02/2031 21:00,-0.0
19/02/2031 22:00,110.36671341276738
19/02/2031 23:00,-0.0
20/02/2031 00:00,-0.0
20/02/2031 01:00,-0.0
20/02/2031 02:00,-0.0
20/02/2031 03:00,-0.0
20/02/2031 04:00,-0.0
20/02/2031 05:00,-0.0
20/02/2031 06:00,162.93468070128927
20/02/2031 07:00,55.62686386213952
20/02/2031 08:00,33.93580472949287
20/02/2031 09:00,88.16894167941871
20/02/2031 10:00,-0.0
20/02/2031 11:00,193.78493881464772
20/02/2031 12:00,-0.0
20/02/2031 13:00,-0.0
20/02/2031 14:00,-0.0
20/02/2031 15:00,-0.0
20/02/2031 16:00,-0.0
20/02/2031 17:00,-0.0
20/02/2031 18:00,-0.0
20/02/2031 19:00,87.56002326814186
20/02/2031 20:00,159.6042549773059
20/02/2031 21:00,47.362330351429414
20/02/2031 22:00,-0.0
20/02/2031 23:00,254.6522066756831
21/02/2031 00:00,-0.0
21/02/2031 01:00,-0.0
21/02/2031 02:00,60.81852265204623
21/02/2031 03:00,103.75622850534307
21/02/2031 04:00,134.13747684215983
21/02/2031 05:00,154.0635385930466
21/02/2031 06:00,-0.0
21/02/2031 07:00,129.0309730056022
21/02/2031 08:00,214.32281668257338
21/02/2031 09:00,78.60357105013068
21/02/2031 10:00,160.11939796791938
21/02/2031 11:00,493.4892203045179
21/02/2031 12:00,719.6600328678122
21/02/2031 13:00,616.1026123418562
21/02/2031 14:00,649.6881462375225
21/02/2031 15:00,1070.0352706002775
21/02/2031 16:00,1022.2698170868342
21/02/2031 17:00,946.5436034741053
21/02/2031 18:00,842.5093345434435
21/02/2031 19:00,708.160124910529
21/02/2031 20:00,995.7626594311714
21/02/2031 21:00,520.173988067782
21/02/2031 22:00,406.6751346496197
21/02/2031 23:00,486.0827004673187
22/02/2031 00:00,624.9500234412009
22/02/2031 01:00,751.9381872596967
22/02/2031 02:00,767.8021570848296
22/02/2031 03:00,697.4088427118907
22/02/2031 04:00,654.1303956710873
22/02/2031 05:00,597.6456842107797
22/02/2031 06:00,482.9414608149854
22/02/2031 07:00,354.10835853606073
22/02/2031 08:00,340.4220910922882
22/02/2031 09:00,440.2243384180765
22/02/2031 10:00,912.3733723632172
22/02/2031 11:00,1142.1460727660474
22/02/2031 12:00,1456.3331929806375
22/02/2031 13:00,947.8366743280608
22/02/2031 14:00,956.2873845490957
22/02/2031 15:00,949.0267577547206
22/02/2031 16:00,968.631418953897
22/02/2031 17:00,834.5792767744166
22/02/2031 18:00,502.1037121588689
22/02/2031 19:00,726.3788123336185
22/02/2031 20:00,677.8204298291574
22/02/2031 21:00,245.01739056811084
22/02/2031 22:00,186.427719360803
22/02/2031 23:00,168.7430880110745
23/02/2031 00:00,111.84031804015954
23/02/2031 01:00,137.57867422878115
23/02/2031 02:00,180.12827092034775
23/02/2031 03:00,181.96511706860036
23/02/2031 04:00,163.63476937804816
23/02/2031 05:00,96.73356606160158
23/02/2031 06:00,-0.0
23/02/2031 07:00,270.52743736195106
23/02/2031 08:00,329.18309192442666
23/02/2031 09:00,84.10968515962321
23/02/2031 10:00,460.3823072989564
23/02/2031 11:00,242.15529022641246
23/02/2031 12:00,443.85204906599853
23/02/2031 13:00,677.5921652062931
23/02/2031 14:00,794.6599382075783
23/02/2031 15:00,1221.9728982221097
23/02/2031 16:00,1220.0788068363845
23/02/2031 17:00,999.3074534081675
23/02/2031 18:00,540.4360453548716
23/02/2031 19:00,342.7623660852804
23/02/2031 20:00,670.4395862559362
23/02/2031 21:00,223.22307942322652
23/02/2031 22:00,549.1673269394022
23/02/2031 23:00,162.25836323225138
24/02/2031 00:00,134.12924598019745
24/02/2031 01:00,148.54418835198433
24/02/2031 02:00,150.6270397392958
24/02/2031 03:00,145.0883354504079
24/02/2031 04:00,-0.0
24/02/2031 05:00,38.924482099061706
24/02/2031 06:00,72.45451394148753
24/02/2031 07:00,197.80094541206782
24/02/2031 08:00,172.01974399536678
24/02/2031 09:00,7.110489458243739
24/02/2031 10:00,159.29250742088453
24/02/2031 11:00,280.87497567659045
24/02/2031 12:00,288.0772453606949
24/02/2031 13:00,597.2485981242874
24/02/2031 14:00,459.57095371551554
24/02/2031 15:00,698.1897404129537
24/02/2031 16:00,575.9348611835352
24/02/2031 17:00,353.3394247530087
24/02/2031 18:00,196.1096281185236
24/02/2031 19:00,345.81887478412966
24/02/2031 20:00,422.1306196096157
24/02/2031 21:00,349.13999728679045
24/02/2031 22:00,59.56518004450861
24/02/2031 23:00,206.3729528969625
25/02/2031 00:00,748.5673652851525
25/02/2031 01:00,699.8338559561986
25/02/2031 02:00,996.4196215987911
25/02/2031 03:00,1189.9612282884248
25/02/2031 04:00,1266.4277522521472
25/02/2031 05:00,1379.7538993293279
25/02/2031 06:00,1413.978819263323
25/02/2031 07:00,1356.9328001788815
25/02/2031 08:00,1287.4949640606037
25/02/2031 09:00,1310.2780530429682
25/02/2031 10:00,1597.356088409781
25/02/2031 11:00,1445.1920234499094
25/02/2031 12:00,750.8932397156293
25/02/2031 13:00,244.91984641595894
25/02/2031 14:00,81.49012136755648
25/02/2031 15:00,158.9388712195991
25/02/2031 16:00,703.0526812294711
25/02/2031 17:00,945.9839345672054
25/02/2031 18:00,541.0352210385441
25/02/2031 19:00,333.8710537392912
25/02/2031 20:00,626.1242798127781
25/02/2031 21:00,220.35279609481856
25/02/2031 22:00,579.0153381719631
25/02/2031 23:00,523.481969947458
26/02/2031 00:00,133.7717675947105
26/02/2031 01:00,159.25693723329857
26/02/2031 02:00,141.12373487273328
26/02/2031 03:00,202.559040676252
26/02/2031 04:00,261.81919571749677
26/02/2031 05:00,241.4579472967843
26/02/2031 06:00,207.88068815776134
26/02/2031 07:00,176.5792619321939
26/02/2031 08:00,148.97035261926138
26/02/2031 09:00,141.27609972404815
26/02/2031 10:00,161.98930848875452
26/02/2031 11:00,333.8165578640973
26/02/2031 12:00,235.6514169357456
26/02/2031 13:00,172.05303003245595
26/02/2031 14:00,697.1525967404452
26/02/2031 15:00,652.2404417153382
26/02/2031 16:00,551.9332997930901
26/02/2031 17:00,361.7705122172501
26/02/2031 18:00,184.04824012725547
26/02/2031 19:00,93.33835196953618
26/02/2031 20:00,79.55050452027375
26/02/2031 21:00,63.47298751562119
26/02/2031 22:00,157.48876769807475
26/02/2031 23:00,145.47139816641754
27/02/2031 00:00,216.6222209417135
27/02/2031 01:00,322.2415322255343
27/02/2031 02:00,367.61014037757997
27/02/2031 03:00,394.6678934366856
27/02/2031 04:00,382.47274275969767
27/02/2031 05:00,361.8679256748014
27/02/2031 06:00,241.63123465967664
27/02/2031 07:00,102.37082117143387
27/02/2031 08:00,44.23426738221434
27/02/2031 09:00,263.9417244214272
27/02/2031 10:00,588.2374482915052
27/02/2031 11:00,706.1562389253756
27/02/2031 12:00,436.80604560290953
27/02/2031 13:00,407.49845367067513
27/02/2031 14:00,565.7526049059791
27/02/2031 15:00,421.8104070517303
27/02/2031 16:00,268.5218891510426
27/02/2031 17:00,29.573017889786918
27/02/2031 18:00,274.94572865393866
27/02/2031 19:00,165.41435262640584
27/02/2031 20:00,172.30169191329637
27/02/2031 21:00,-0.0
27/02/2031 22:00,357.1491344319886
27/02/2031 23:00,54.24948119848844
28/02/2031 00:00,-0.0
28/02/2031 01:00,-0.0
28/02/2031 02:00,-0.0
28/02/2031 03:00,-0.0
28/02/2031 04:00,-0.0
28/02/2031 05:00,-0.0
28/02/2031 06:00,266.98693424376006
28/02/2031 07:00,80.45562547584292
28/02/2031 08:00,47.50010573652497
28/02/2031 09:00,94.57821267441115
28/02/2031 10:00,-0.0
28/02/2031 11:00,-0.0
28/02/2031 12:00,-0.0
28/02/2031 13:00,-0.0
28/02/2031 14:00,-0.0
28/02/2031 15:00,-0.0
28/02/2031 16:00,45.8786954044435
28/02/2031 17:00,-0.0
28/02/2031 18:00,-0.0
28/02/2031 19:00,138.8091323177304
28/02/2031 20:00,206.6040398814973
28/02/2031 21:00,100.4888795911255
28/02/2031 22:00,130.0258338900367
28/02/2031 23:00,-0.0
01/03/2031 00:00,-0.0
01/03/2031 01:00,-0.0
01/03/2031 02:00,38.038015366034635
01/03/2031 03:00,-0.0
01/03/2031 04:00,-0.0
01/03/2031 05:00,26.302666900545024
01/03/2031 06:00,-0.0
01/03/2031 07:00,-0.0
01/03/2031 08:00,-0.0
01/03/2031 09:00,-0.0
01/03/2031 10:00,-0.0
01/03/2031 11:00,99.2335363427103
01/03/2031 12:00,-0.0
01/03/2031 13:00,93.41786150658106
01/03/2031 14:00,269.92031300203547
01/03/2031 15:00,289.2530740768383
01/03/2031 16:00,560.5525396530613
01/03/2031 17:00,346.138050284166
01/03/2031 18:00,272.27566508918613
01/03/2031 19:00,364.88393486897013
01/03/2031 20:00,452.31609709328933
01/03/2031 21:00,467.967883260794
01/03/2031 22:00,373.0394365688136
01/03/2031 23:00,49.5844803340836
02/03/2031 00:00,37.96823257423266
02/03/2031 01:00,-0.0
02/03/2031 02:00,-0.0
02/03/2031 03:00,-0.0
02/03/2031 04:00,-0.0
02/03/2031 05:00,-0.0
02/03/2031 06:00,-0.0
02/03/2031 07:00,221.83850922438873
02/03/2031 08:00,143.32904425579173
02/03/2031 09:00,-0.0
02/03/2031 10:00,121.165915081145
02/03/2031 11:00,283.0228334456978
02/03/2031 12:00,150.1559340934568
02/03/2031 13:00,230.49205553047946
02/03/2031 14:00,207.59440966455054
02/03/2031 15:00,129.61354210463506
02/03/2031 16:00,344.4678671766915
02/03/2031 17:00,65.14145662338642
02/03/2031 18:00,-0.0
02/03/2031 19:00,159.922919613713
02/03/2031 20:00,405.4441389830061
02/03/2031 21:00,264.6921277998089
02/03/2031 22:00,-0.0
02/03/2031 23:00,-0.0
03/03/2031 00:00,-0.0
03/03/2031 01:00,-0.0
03/03/2031 02:00,-0.0
03/03/2031 03:00,-0.0
03/03/2031 04:00,-0.0
03/03/2031 05:00,-0.0
03/03/2031 06:00,-0.0
03/03/2031 07:00,-0.0
03/03/2031 08:00,-0.0
03/03/2031 09:00,-0.0
03/03/2031 10:00,102.22899551877246
03/03/2031 11:00,6.5556012974492965
03/03/2031 12:00,580.130409435813
03/03/2031 13:00,372.9781498198491
03/03/2031 14:00,393.9858731310052
03/03/2031 15:00,280.75547586622275
03/03/2031 16:00,392.58743134304524
03/03/2031 17:00,249.35077266245963
03/03/2031 18:00,67.02121572018814
03/03/2031 19:00,340.46694422447854
03/03/2031 20:00,94.68186487086797
03/03/2031 21:00,344.8414089592488
03/03/2031 22:00,287.62862973725424
03/03/2031 23:00,163.46732637024346
04/03/2031 00:00,95.27311209392316
04/03/2031 01:00,84.40310516898028
04/03/2031 02:00,238.12777345668778
04/03/2031 03:00,398.9213630415884
04/03/2031 04:00,390.74308242418243
04/03/2031 05:00,360.0890265267638
04/03/2031 06:00,429.1886732977787
04/03/2031 07:00,533.3037873086773
04/03/2031 08:00,622.4702031907273
04/03/2031 09:00,768.4301496963008
04/03/2031 10:00,571.406796642277
04/03/2031 11:00,-0.0
04/03/2031 12:00,-0.0
04/03/2031 13:00,-0.0
04/03/2031 14:00,-0.0
04/03/2031 15:00,246.87413477617434
04/03/2031 16:00,-0.0
04/03/2031 17:00,1053.1826203215644
04/03/2031 18:00,725.9331226845896
04/03/2031 19:00,488.6658862480159
04/03/2031 20:00,801.7080338453978
04/03/2031 21:00,810.7733674808285
04/03/2031 22:00,784.7387042341865
04/03/2031 23:00,609.3291498820529
05/03/2031 00:00,384.86135429804256
05/03/2031 01:00,333.99502700601056
05/03/2031 02:00,362.87013361506126
05/03/2031 03:00,364.41955275485043
05/03/2031 04:00,335.51628030236463
05/03/2031 05:00,346.77907021692045
05/03/2031 06:00,380.8619301749382
05/03/2031 07:00,462.0403058412013
05/03/2031 08:00,351.1673658845086
05/03/2031 09:00,401.43047787497454
05/03/2031 10:00,127.69546260180266
05/03/2031 11:00,722.991791732295
05/03/2031 12:00,447.4853329931277
05/03/2031 13:00,788.2258233539781
05/03/2031 14:00,389.83475576590064
05/03/2031 15:00,292.52800422955073
05/03/2031 16:00,514.7456968664566
05/03/2031 17:00,356.1908815035481
05/03/2031 18:00,75.4023356557699
05/03/2031 19:00,-0.0
05/03/2031 20:00,152.69893533750627
05/03/2031 21:00,115.05360148106155
05/03/2031 22:00,-0.0
05/03/2031 23:00,29.798815505831595
06/03/2031 00:00,55.11789727007106
06/03/2031 01:00,-0.0
06/03/2031 02:00,57.78613156275078
06/03/2031 03:00,6.186939828332025
06/03/2031 04:00,-0.0
06/03/2031 05:00,-0.0
06/03/2031 06:00,-0.0
06/03/2031 07:00,167.21649276115537
06/03/2031 08:00,160.5232899487629
06/03/2031 09:00,-0.0
06/03/2031 10:00,264.6008744509497
06/03/2031 11:00,172.17473937996073
06/03/2031 12:00,293.39226168638635
06/03/2031 13:00,376.4938505361899
06/03/2031 14:00,802.8784193767001
06/03/2031 15:00,759.4218788781027
06/03/2031 16:00,662.4802468458313
06/03/2031 17:00,502.23309827479306
06/03/2031 18:00,426.0479136058984
06/03/2031 19:00,664.6644486869247
06/03/2031 20:00,686.0834837276717
06/03/2031 21:00,736.1528808891878
06/03/2031 22:00,603.9087293322725
06/03/2031 23:00,386.8872538106025
07/03/2031 00:00,389.6606947022066
07/03/2031 01:00,406.84133435681986
07/03/2031 02:00,137.55835642701996
07/03/2031 03:00,431.9758880961393
07/03/2031 04:00,43.79058708974282
07/03/2031 05:00,423.71290829521996
07/03/2031 06:00,326.8843533225399
07/03/2031 07:00,547.7601125922348
07/03/2031 08:00,464.489667823179
07/03/2031 09:00,310.99674600511906
07/03/2031 10:00,634.6819541121389
07/03/2031 11:00,440.3250894083982
07/03/2031 12:00,915.261793108588
07/03/2031 13:00,894.2756142440385
07/03/2031 14:00,625.3890846477661
07/03/2031 15:00,648.9802315361584
07/03/2031 16:00,550.9715253918432
07/03/2031 17:00,736.23321134863
07/03/2031 18:00,435.5997933042296
07/03/2031 19:00,692.4298472737551
07/03/2031 20:00,651.7369672864162
07/03/2031 21:00,629.4246441693062
07/03/2031 22:00,501.3884361360051
07/03/2031 23:00,143.25143817353543
08/03/2031 00:00,230.7843492619969
08/03/2031 01:00,229.51095684593
08/03/2031 02:00,249.59803418484395
08/03/2031 03:00,-0.0
08/03/2031 04:00,168.90947576101865
08/03/2031 05:00,-0.0
08/03/2031 06:00,160.02363363624985
08/03/2031 07:00,316.59108278567817
08/03/2031 08:00,298.9009929662063
08/03/2031 09:00,43.96465857408372
08/03/2031 10:00,323.6926640865241
08/03/2031 11:00,133.73860494198237
08/03/2031 12:00,286.18682565627165
08/03/2031 13:00,529.3573264368426
08/03/2031 14:00,322.5516235406926
08/03/2031 15:00,333.59534299009243
08/03/2031 16:00,427.71481030005424
08/03/2031 17:00,187.32591360622843
08/03/2031 18:00,7.260121749331966
08/03/2031 19:00,212.39059083901483
08/03/2031 20:00,402.94612044072005
08/03/2031 21:00,280.7825792833881
08/03/2031 22:00,14.447372690476834
08/03/2031 23:00,61.869593332720264
09/03/2031 00:00,14.129723399307897
09/03/2031 01:00,25.18247576359243
09/03/2031 02:00,35.86310193520532
09/03/2031 03:00,37.548388328108544
09/03/2031 04:00,6.894332430690071
09/03/2031 05:00,-0.0
09/03/2031 06:00,47.68920342030419
09/03/2031 07:00,-0.0
09/03/2031 08:00,-0.0
09/03/2031 09:00,112.99049366817657
09/03/2031 10:00,207.26382658535422
09/03/2031 11:00,69.10655278343712
09/03/2031 12:00,112.01688585403171
09/03/2031 13:00,147.70130197187453
09/03/2031 14:00,92.78861229467594
09/03/2031 15:00,257.2050445818741
09/03/2031 16:00,169.39478158669166
09/03/2031 17:00,11.36374125327056
09/03/2031 18:00,-0.0
09/03/2031 19:00,103.60927914179506
09/03/2031 20:00,65.05636481479755
09/03/2031 21:00,128.14908163460785
09/03/2031 22:00,-0.0
09/03/2031 23:00,-0.0
10/03/2031 00:00,-0.0
10/03/2031 01:00,-0.0
10/03/2031 02:00,-0.0
10/03/2031 03:00,-0.0
10/03/2031 04:00,-0.0
10/03/2031 05:00,-0.0
10/03/2031 06:00,-0.0
10/03/2031 07:00,-0.0
10/03/2031 08:00,-0.0
10/03/2031 09:00,-0.0
10/03/2031 10:00,48.2527826053613
10/03/2031 11:00,28.894062416596597
10/03/2031 12:00,-0.0
10/03/2031 13:00,29.191695394105363
10/03/2031 14:00,44.420652966226015
10/03/2031 15:00,190.66857569881583
10/03/2031 16:00,257.37513156873064
10/03/2031 17:00,69.87849826086604
10/03/2031 18:00,137.91260286225767
10/03/2031 19:00,244.8045978180675
10/03/2031 20:00,229.00972238412893
10/03/2031 21:00,216.29790501622742
10/03/2031 22:00,-0.0
10/03/2031 23:00,14.60387831139462
11/03/2031 00:00,-0.0
11/03/2031 01:00,-0.0
11/03/2031 02:00,-0.0
11/03/2031 03:00,-0.0
11/03/2031 04:00,6.2220387613695145
11/03/2031 05:00,16.780344074051495
11/03/2031 06:00,-0.0
11/03/2031 07:00,-0.0
11/03/2031 08:00,-0.0
11/03/2031 09:00,59.38674854956387
11/03/2031 10:00,277.00003043095387
11/03/2031 11:00,96.31814859114598
11/03/2031 12:00,667.8683493575238
11/03/2031 13:00,519.5322398102903
11/03/2031 14:00,525.4061334246938
11/03/2031 15:00,334.89140521682106
11/03/2031 16:00,181.82707657645201
11/03/2031 17:00,302.62720247401876
11/03/2031 18:00,410.9984352632647
11/03/2031 19:00,-0.0
11/03/2031 20:00,-0.0
11/03/2031 21:00,231.47952907065954
11/03/2031 22:00,229.84496825714479
11/03/2031 23:00,321.66109348791747
12/03/2031 00:00,-0.0
12/03/2031 01:00,-0.0
12/03/2031 02:00,-0.0
12/03/2031 03:00,-0.0
12/03/2031 04:00,-0.0
12/03/2031 05:00,-0.0
12/03/2031 06:00,-0.0
12/03/2031 07:00,-0.0
12/03/2031 08:00,15.983229760873229
12/03/2031 09:00,251.00740409622188
12/03/2031 10:00,483.4122775093719
12/03/2031 11:00,375.2296990269343
12/03/2031 12:00,54.97225366103196
12/03/2031 13:00,7.9125441125269225
12/03/2031 14:00,50.74449421086026
12/03/2031 15:00,512.8342820815008
12/03/2031 16:00,834.2640646756068
12/03/2031 17:00,790.3790710766524
12/03/2031 18:00,608.6073998405725
12/03/2031 19:00,842.3278917046733
12/03/2031 20:00,886.5146746096605
12/03/2031 21:00,890.4527916891582
12/03/2031 22:00,641.1097300781923
12/03/2031 23:00,579.5337273189225
13/03/2031 00:00,573.2282272562758
13/03/2031 01:00,572.9139979248791
13/03/2031 02:00,590.1566250022728
13/03/2031 03:00,624.3195575127924
13/03/2031 04:00,633.036143527471
13/03/2031 05:00,631.3048526808459
13/03/2031 06:00,544.7715417597473
13/03/2031 07:00,742.7415900371991
13/03/2031 08:00,512.3243067817606
13/03/2031 09:00,501.62292773344166
13/03/2031 10:00,585.1301571196324
13/03/2031 11:00,597.1825691928162
13/03/2031 12:00,479.62028428376135
13/03/2031 13:00,481.039500577159
13/03/2031 14:00,602.5187884946363
13/03/2031 15:00,724.5826048624464
13/03/2031 16:00,506.9006612154246
13/03/2031 17:00,223.18847379205798
13/03/2031 18:00,-0.0
13/03/2031 19:00,-0.0
13/03/2031 20:00,-0.0
13/03/2031 21:00,16.244283165122027
13/03/2031 22:00,325.13660579651724
13/03/2031 23:00,24.111102744360366
14/03/2031 00:00,35.18249506729868
14/03/2031 01:00,17.53090270936559
14/03/2031 02:00,5.786631205133443
14/03/2031 03:00,-0.0
14/03/2031 04:00,-0.0
14/03/2031 05:00,-0.0
14/03/2031 06:00,202.67263403168158
14/03/2031 07:00,238.15524716996174
14/03/2031 08:00,297.0394102793433
14/03/2031 09:00,95.3442060339573
14/03/2031 10:00,366.72833221780945
14/03/2031 11:00,230.03508956193622
14/03/2031 12:00,305.5475840985509
14/03/2031 13:00,319.4615800568775
14/03/2031 14:00,279.4065867904865
14/03/2031 15:00,459.32729628053625
14/03/2031 16:00,396.88651694634507
14/03/2031 17:00,129.38840909791267
14/03/2031 18:00,-0.0
14/03/2031 19:00,-0.0
14/03/2031 20:00,-0.0
14/03/2031 21:00,-0.0
14/03/2031 22:00,-0.0
14/03/2031 23:00,-0.0
15/03/2031 00:00,-0.0
15/03/2031 01:00,-0.0
15/03/2031 02:00,-0.0
15/03/2031 03:00,-0.0
15/03/2031 04:00,-0.0
15/03/2031 05:00,-0.0
15/03/2031 06:00,62.29216950944405
15/03/2031 07:00,39.29686471203109
15/03/2031 08:00,84.98282859955616
15/03/2031 09:00,-0.0
15/03/2031 10:00,211.80323042764888
15/03/2031 11:00,204.07886367648757
15/03/2031 12:00,230.7449747841653
15/03/2031 13:00,323.2262355248598
15/03/2031 14:00,141.94143750489158
15/03/2031 15:00,227.49412160143592
15/03/2031 16:00,342.3483945283438
15/03/2031 17:00,186.68052562228416
15/03/2031 18:00,-0.0
15/03/2031 19:00,212.89741290524387
15/03/2031 20:00,-0.0
15/03/2031 21:00,-0.0
15/03/2031 22:00,-0.0
15/03/2031 23:00,-0.0
16/03/2031 00:00,-0.0
16/03/2031 01:00,-0.0
16/03/2031 02:00,-0.0
16/03/2031 03:00,-0.0
16/03/2031 04:00,-0.0
16/03/2031 05:00,-0.0
16/03/2031 06:00,89.35506480528053
16/03/2031 07:00,112.30352888170968
16/03/2031 08:00,143.6353766150151
16/03/2031 09:00,-0.0
16/03/2031 10:00,253.94397262224248
16/03/2031 11:00,203.77192899389493
16/03/2031 12:00,259.7741279109241
16/03/2031 13:00,262.03856097986693
16/03/2031 14:00,220.9175464020644
16/03/2031 15:00,452.8609562440909
16/03/2031 16:00,418.5301261110369
16/03/2031 17:00,291.41188294550807
16/03/2031 18:00,166.15937954692927
16/03/2031 19:00,407.17588453161636
16/03/2031 20:00,470.27732094397055
16/03/2031 21:00,63.58574674361448
16/03/2031 22:00,222.48749982692107
16/03/2031 23:00,98.60141563809675
17/03/2031 00:00,89.95976925419995
17/03/2031 01:00,107.88007861053435
17/03/2031 02:00,103.96603681157586
17/03/2031 03:00,77.51559583032605
17/03/2031 04:00,40.91308777592996
17/03/2031 05:00,4.425881322662637
17/03/2031 06:00,-0.0
17/03/2031 07:00,237.96662683849578
17/03/2031 08:00,164.71612865706697
17/03/2031 09:00,29.716994543788875
17/03/2031 10:00,367.0365524801466
17/03/2031 11:00,645.0087920621146
17/03/2031 12:00,545.533524506786
17/03/2031 13:00,434.8796472595926
17/03/2031 14:00,420.6868023663391
17/03/2031 15:00,508.67213069385406
17/03/2031 16:00,742.2324432059771
17/03/2031 17:00,799.7326165853142
17/03/2031 18:00,471.5471950384624
17/03/2031 19:00,389.2726767567373
17/03/2031 20:00,658.6415169295877
17/03/2031 21:00,604.4372210670532
17/03/2031 22:00,465.99462473559834
17/03/2031 23:00,546.6081660559468
18/03/2031 00:00,143.6879308783613
18/03/2031 01:00,188.06706399424962
18/03/2031 02:00,210.33903839424343
18/03/2031 03:00,207.88971655156104
18/03/2031 04:00,234.34123058718427
18/03/2031 05:00,281.0170527353373
18/03/2031 06:00,271.41791050732564
18/03/2031 07:00,217.73135460914955
18/03/2031 08:00,201.77774636671015
18/03/2031 09:00,360.4110178256827
18/03/2031 10:00,636.543186168089
18/03/2031 11:00,813.0398473345529
18/03/2031 12:00,606.1190868495629
18/03/2031 13:00,686.6087722117095
18/03/2031 14:00,702.6835077265355
18/03/2031 15:00,780.3529020264701
18/03/2031 16:00,898.0719753098534
18/03/2031 17:00,702.7116137839007
18/03/2031 18:00,854.243725151442
18/03/2031 19:00,765.256548014253
18/03/2031 20:00,313.6219816738604
18/03/2031 21:00,299.7401810827722
18/03/2031 22:00,386.65973173569165
18/03/2031 23:00,682.3510117660913
19/03/2031 00:00,364.95531696666444
19/03/2031 01:00,209.71885249102965
19/03/2031 02:00,178.51294480215503
19/03/2031 03:00,158.4910740477522
19/03/2031 04:00,136.511109340539
19/03/2031 05:00,132.99248642724166
19/03/2031 06:00,117.83407425835645
19/03/2031 07:00,114.84021056861044
19/03/2031 08:00,146.43775867433737
19/03/2031 09:00,309.4179972279795
19/03/2031 10:00,604.5371701491927
19/03/2031 11:00,488.8830677710113
19/03/2031 12:00,600.916320827503
19/03/2031 13:00,697.623683104444
19/03/2031 14:00,740.5126303484869
19/03/2031 15:00,1123.3767543009442
19/03/2031 16:00,898.657881918304
19/03/2031 17:00,896.5229551761742
19/03/2031 18:00,628.0460166637705
19/03/2031 19:00,529.9935676589193
19/03/2031 20:00,683.4289481993276
19/03/2031 21:00,686.7270392201656
19/03/2031 22:00,640.8329151118187
19/03/2031 23:00,409.57959570886595
20/03/2031 00:00,281.9603527489144
20/03/2031 01:00,281.21444637694066
20/03/2031 02:00,282.15762649255237
20/03/2031 03:00,283.81503750884406
20/03/2031 04:00,252.4711164588034
20/03/2031 05:00,202.967900071172
20/03/2031 06:00,367.8995699868454
20/03/2031 07:00,418.89496537131356
20/03/2031 08:00,109.46478646735454
20/03/2031 09:00,214.35647184846388
20/03/2031 10:00,526.6374600293173
20/03/2031 11:00,521.9251349956683
20/03/2031 12:00,479.834065868911
20/03/2031 13:00,580.0858263616985
20/03/2031 14:00,607.9229435370154
20/03/2031 15:00,637.6244437849259
20/03/2031 16:00,879.4193165358197
20/03/2031 17:00,737.9455335397148
20/03/2031 18:00,463.21763096410626
20/03/2031 19:00,692.4476125019194
20/03/2031 20:00,755.7231983772249
20/03/2031 21:00,642.5907015618365
20/03/2031 22:00,314.91547870692676
20/03/2031 23:00,354.69177792560794
21/03/2031 00:00,342.20019383265435
21/03/2031 01:00,325.4603965858627
21/03/2031 02:00,348.76785047573566
21/03/2031 03:00,349.0939722146854
21/03/2031 04:00,340.0512644610568
21/03/2031 05:00,313.36943769
21/03/2031 06:00,193.53518481903393
21/03/2031 07:00,398.0911941430316
21/03/2031 08:00,342.15260632986724
21/03/2031 09:00,190.65355066965216
21/03/2031 10:00,504.6310441794342
21/03/2031 11:00,500.6772701547775
21/03/2031 12:00,433.2561392333619
21/03/2031 13:00,656.0444518520579
21/03/2031 14:00,596.6894201916867
21/03/2031 15:00,643.0978665746819
21/03/2031 16:00,976.2529208575202
21/03/2031 17:00,768.8341737606117
21/03/2031 18:00,481.93697008967393
21/03/2031 19:00,712.9077975820695
21/03/2031 20:00,617.1395530746817
21/03/2031 21:00,608.7926566777994
21/03/2031 22:00,136.83263396310232
21/03/2031 23:00,377.7687879776226
22/03/2031 00:00,219.13560420661508
22/03/2031 01:00,228.58913288270642
22/03/2031 02:00,223.57898769159016
22/03/2031 03:00,192.91518549467042
22/03/2031 04:00,193.06918182559005
22/03/2031 05:00,180.1332883918123
22/03/2031 06:00,108.55107913102646
22/03/2031 07:00,24.43347078785802
22/03/2031 08:00,229.18928016850356
22/03/2031 09:00,146.37348945827145
22/03/2031 10:00,491.3139897558506
22/03/2031 11:00,685.3077949003391
22/03/2031 12:00,379.69160301773195
22/03/2031 13:00,391.5732472352471
22/03/2031 14:00,765.0180368491068
22/03/2031 15:00,674.4212486347216
22/03/2031 16:00,509.54742212741985
22/03/2031 17:00,257.75197826973164
22/03/2031 18:00,13.307286696720428
22/03/2031 19:00,-0.0
22/03/2031 20:00,-0.0
22/03/2031 21:00,335.2949281029515
22/03/2031 22:00,406.6297686048719
22/03/2031 23:00,110.70079109086893
23/03/2031 00:00,174.5004782610841
23/03/2031 01:00,244.26182434198088
23/03/2031 02:00,321.86801957740306
23/03/2031 03:00,399.0996520459733
23/03/2031 04:00,462.65572137765434
23/03/2031 05:00,530.0300235054729
23/03/2031 06:00,525.9928782600334
23/03/2031 07:00,494.6253749306372
23/03/2031 08:00,564.7007366121886
23/03/2031 09:00,717.827816509707
23/03/2031 10:00,914.4988139497093
23/03/2031 11:00,792.501167421529
23/03/2031 12:00,859.8368158755931
23/03/2031 13:00,622.65301907347
23/03/2031 14:00,533.1686015384748
23/03/2031 15:00,420.6995502470181
23/03/2031 16:00,651.3831530462388
23/03/2031 17:00,402.3802962837642
23/03/2031 18:00,124.8474269119317
23/03/2031 19:00,364.6383368829644
23/03/2031 20:00,390.28874739135233
23/03/2031 21:00,538.6325072666411
23/03/2031 22:00,272.7792225530136
23/03/2031 23:00,343.79525103991506
24/03/2031 00:00,395.039032922211
24/03/2031 01:00,451.7261817420357
24/03/2031 02:00,533.6063620947116
24/03/2031 03:00,596.4760759030191
24/03/2031 04:00,648.1909916732736
24/03/2031 05:00,710.5467658316712
24/03/2031 06:00,695.4311389533877
24/03/2031 07:00,1030.677356489834
24/03/2031 08:00,648.9360169916282
24/03/2031 09:00,647.6916454036718
24/03/2031 10:00,344.28612938493706
24/03/2031 11:00,1366.2287291129746
24/03/2031 12:00,1105.7169797240765
24/03/2031 13:00,-0.0
24/03/2031 14:00,-0.0
24/03/2031 15:00,677.554381131244
24/03/2031 16:00,813.150247746831
24/03/2031 17:00,529.1949996020322
24/03/2031 18:00,345.27189127137655
24/03/2031 19:00,420.01799364252054
24/03/2031 20:00,605.6666701603874
24/03/2031 21:00,559.4427359758582
24/03/2031 22:00,669.9666433437955
24/03/2031 23:00,1164.1688206277258
25/03/2031 00:00,1787.4764261168382
25/03/2031 01:00,1028.420236178268
25/03/2031 02:00,1102.4398748748781
25/03/2031 03:00,1083.3576746075332
25/03/2031 04:00,1028.7181920744774
25/03/2031 05:00,931.9315509940136
25/03/2031 06:00,873.3455686024607
25/03/2031 07:00,829.8959817178516
25/03/2031 08:00,785.2409250674652
25/03/2031 09:00,1064.252067867644
25/03/2031 10:00,1148.1992016053991
25/03/2031 11:00,659.8564608317104
25/03/2031 12:00,511.75029657901536
25/03/2031 13:00,627.6463978819042
25/03/2031 14:00,847.9393620044447
25/03/2031 15:00,1105.8627100306219
25/03/2031 16:00,879.371091108755
25/03/2031 17:00,538.2590898013689
25/03/2031 18:00,113.46101459242422
25/03/2031 19:00,282.34623637709325
25/03/2031 20:00,11.947125925765395
25/03/2031 21:00,-0.0
25/03/2031 22:00,351.84020120556727
25/03/2031 23:00,123.99742124626951
26/03/2031 00:00,335.3278311112948
26/03/2031 01:00,158.64568405758462
26/03/2031 02:00,39.48639055246474
26/03/2031 03:00,34.874924210631946
26/03/2031 04:00,58.603235788597246
26/03/2031 05:00,70.81056933926672
26/03/2031 06:00,108.73354731852014
26/03/2031 07:00,158.84749814287346
26/03/2031 08:00,251.8133711664889
26/03/2031 09:00,439.53555361767746
26/03/2031 10:00,781.1515732944783
26/03/2031 11:00,624.4885072652477
26/03/2031 12:00,688.182091689413
26/03/2031 13:00,858.1710100378486
26/03/2031 14:00,832.0983163843996
26/03/2031 15:00,548.9030336144601
26/03/2031 16:00,718.3912746001911
26/03/2031 17:00,397.56234922615675
26/03/2031 18:00,66.05563932688575
26/03/2031 19:00,-0.0
26/03/2031 20:00,8.954227502649621
26/03/2031 21:00,-0.0
26/03/2031 22:00,-0.0
26/03/2031 23:00,137.77441059642396
27/03/2031 00:00,168.62300046555998
27/03/2031 01:00,277.7172340043632
27/03/2031 02:00,276.0829579937057
27/03/2031 03:00,339.3801542484361
27/03/2031 04:00,506.1343743012641
27/03/2031 05:00,96.70492316701811
27/03/2031 06:00,384.016923764541
27/03/2031 07:00,374.3080486220856
27/03/2031 08:00,135.05377471268517
27/03/2031 09:00,340.44633503603893
27/03/2031 10:00,504.3436980151494
27/03/2031 11:00,448.03402278128283
27/03/2031 12:00,594.5036818008211
27/03/2031 13:00,584.6449607280044
27/03/2031 14:00,514.1702870866104
27/03/2031 15:00,769.869336661147
27/03/2031 16:00,541.6375855246539
27/03/2031 17:00,197.61833638996552
27/03/2031 18:00,-0.0
27/03/2031 19:00,-0.0
27/03/2031 20:00,3.999899938871905
27/03/2031 21:00,134.34811235871453
27/03/2031 22:00,153.283045086814
27/03/2031 23:00,-0.0
28/03/2031 00:00,20.648501406192114
28/03/2031 01:00,3.8481419185412817
28/03/2031 02:00,41.70913247501433
28/03/2031 03:00,49.20349414322705
28/03/2031 04:00,61.821939082487894
28/03/2031 05:00,18.666393833567298
28/03/2031 06:00,-0.0
28/03/2031 07:00,-0.0
28/03/2031 08:00,158.3884899880327
28/03/2031 09:00,217.35964126632288
28/03/2031 10:00,377.364564036802
28/03/2031 11:00,334.3628368682329
28/03/2031 12:00,510.4632708782231
28/03/2031 13:00,874.6535369371747
28/03/2031 14:00,427.4773239325303
28/03/2031 15:00,376.6869117500751
28/03/2031 16:00,505.1555702970275
28/03/2031 17:00,260.5339291270987
28/03/2031 18:00,235.1662884712532
28/03/2031 19:00,-0.0
28/03/2031 20:00,-0.0
28/03/2031 21:00,-0.0
28/03/2031 22:00,-0.0
28/03/2031 23:00,-0.0
29/03/2031 00:00,-0.0
29/03/2031 01:00,33.44071715056204
29/03/2031 02:00,64.77732847667191
29/03/2031 03:00,105.16883043009156
29/03/2031 04:00,122.19225459135973
29/03/2031 05:00,176.98392786838102
29/03/2031 06:00,350.3314004561154
29/03/2031 07:00,-0.0
29/03/2031 08:00,72.87488038012798
29/03/2031 09:00,183.78888346879455
29/03/2031 10:00,292.37347655289585
29/03/2031 11:00,445.66776545625197
29/03/2031 12:00,489.22388749898624
29/03/2031 13:00,461.86962911548386
29/03/2031 14:00,416.32370460453916
29/03/2031 15:00,333.1470476053556
29/03/2031 16:00,234.16315709709656
29/03/2031 17:00,60.264138599688756
29/03/2031 18:00,-0.0
29/03/2031 19:00,119.57563169178614
29/03/2031 20:00,112.14908882533844
29/03/2031 21:00,-0.0
29/03/2031 22:00,-0.0
29/03/2031 23:00,-0.0
30/03/2031 00:00,135.4622196251229
30/03/2031 01:00,230.52215254188832
30/03/2031 02:00,284.3139734960251
30/03/2031 03:00,304.03867094176843
30/03/2031 04:00,312.802624930671
30/03/2031 05:00,297.9016182862809
30/03/2031 06:00,207.8242456501485
30/03/2031 07:00,190.83893616617695
30/03/2031 08:00,266.20769748361334
30/03/2031 09:00,434.85317161945017
30/03/2031 10:00,281.84082870258044
30/03/2031 11:00,373.3332868989189
30/03/2031 12:00,757.0956132922145
30/03/2031 13:00,618.2162703009703
30/03/2031 14:00,455.34030959318386
30/03/2031 15:00,674.2952687910076
30/03/2031 16:00,188.43192775265317
30/03/2031 17:00,420.93583530583675
30/03/2031 18:00,377.55209313365464
30/03/2031 19:00,253.938082338223
30/03/2031 20:00,-0.0
30/03/2031 21:00,28.327891714505252
30/03/2031 22:00,400.5807088897548
30/03/2031 23:00,304.54411377059574
31/03/2031 00:00,390.79556560134483
31/03/2031 01:00,434.1005244982579
31/03/2031 02:00,448.991002256292
31/03/2031 03:00,459.88273903185456
31/03/2031 04:00,453.9259040965728
31/03/2031 05:00,396.2896289577074
31/03/2031 06:00,720.632014554826
31/03/2031 07:00,257.92006697025744
31/03/2031 08:00,661.9188324475599
31/03/2031 09:00,364.07656635996483
31/03/2031 10:00,424.09967216070004
31/03/2031 11:00,427.9230286087395
31/03/2031 12:00,277.00728700218656
31/03/2031 13:00,280.0556256352649
31/03/2031 14:00,429.4802666626248
31/03/2031 15:00,241.09013669018515
31/03/2031 16:00,430.2913312499709
31/03/2031 17:00,376.99502010491625
31/03/2031 18:00,185.04629702562227
31/03/2031 19:00,390.87934524785635
31/03/2031 20:00,295.39794703644213
31/03/2031 21:00,173.23792993178506
31/03/2031 22:00,441.950284833381
31/03/2031 23:00,283.87804144106
01/04/2031 00:00,233.51572082758318
01/04/2031 01:00,286.045259184961
01/04/2031 02:00,343.22714552251654
01/04/2031 03:00,373.017847338086
01/04/2031 04:00,389.3754816272715
01/04/2031 05:00,380.4710777016326
01/04/2031 06:00,353.43769038988984
01/04/2031 07:00,319.8970946970504
01/04/2031 08:00,324.10261509646284
01/04/2031 09:00,638.9360711810458
01/04/2031 10:00,907.0651342032344
01/04/2031 11:00,977.3325152657684
01/04/2031 12:00,702.8429396056036
01/04/2031 13:00,759.2466640467023
01/04/2031 14:00,826.9254487668827
01/04/2031 15:00,734.8903376271925
01/04/2031 16:00,1041.9228027297518
01/04/2031 17:00,752.983698066292
01/04/2031 18:00,349.8309896282734
01/04/2031 19:00,405.6868870224388
01/04/2031 20:00,-0.0
01/04/2031 21:00,-0.0
01/04/2031 22:00,-0.0
01/04/2031 23:00,-0.0
02/04/2031 00:00,184.72018239232423
02/04/2031 01:00,-0.0
02/04/2031 02:00,22.22943577484423
02/04/2031 03:00,-0.0
02/04/2031 04:00,103.7956250122964
02/04/2031 05:00,-0.0
02/04/2031 06:00,401.1698980009436
02/04/2031 07:00,419.20956850799075
02/04/2031 08:00,155.90932412362304
02/04/2031 09:00,368.07773959119305
02/04/2031 10:00,417.43338372701066
02/04/2031 11:00,287.14062997035035
02/04/2031 12:00,599.7381683629501
02/04/2031 13:00,450.62316324991883
02/04/2031 14:00,294.4516470733509
02/04/2031 15:00,295.9382959823476
02/04/2031 16:00,561.5550701496364
02/04/2031 17:00,459.7141414346749
02/04/2031 18:00,240.77632157464257
02/04/2031 19:00,475.94608788194205
02/04/2031 20:00,213.5699797235109
02/04/2031 21:00,77.04114839348524
02/04/2031 22:00,556.8378391390015
02/04/2031 23:00,207.66401931326192
03/04/2031 00:00,557.6047734508771
03/04/2031 01:00,305.6161119584183
03/04/2031 02:00,334.280398430343
03/04/2031 03:00,359.4103694867352
03/04/2031 04:00,399.0454361811302
03/04/2031 05:00,716.1786165883005
03/04/2031 06:00,413.9611510863026
03/04/2031 07:00,447.89252260625466
03/04/2031 08:00,535.6877604543982
03/04/2031 09:00,735.4898305114277
03/04/2031 10:00,984.4842483415305
03/04/2031 11:00,1005.9221603119581
03/04/2031 12:00,1127.850193921285
03/04/2031 13:00,1297.974316205076
03/04/2031 14:00,1039.1690537961003
03/04/2031 15:00,953.2008291600728
03/04/2031 16:00,959.6690663081728
03/04/2031 17:00,660.37365557733
03/04/2031 18:00,425.5160875848804
03/04/2031 19:00,315.94918125684393
03/04/2031 20:00,485.68336870795235
03/04/2031 21:00,266.0006266738609
03/04/2031 22:00,753.3328103915615
03/04/2031 23:00,397.212680594383
04/04/2031 00:00,410.6134022787421
04/04/2031 01:00,491.0595422431769
04/04/2031 02:00,416.38711614014284
04/04/2031 03:00,423.31526420552854
04/04/2031 04:00,411.0643956042601
04/04/2031 05:00,375.3049664458558
04/04/2031 06:00,697.8443274747624
04/04/2031 07:00,318.2431675887967
04/04/2031 08:00,774.5312331915485
04/04/2031 09:00,821.7467885827324
04/04/2031 10:00,1129.1125153880778
04/04/2031 11:00,1240.7012928843865
04/04/2031 12:00,1329.6211711898836
04/04/2031 13:00,1287.8088555959362
04/04/2031 14:00,1458.6330563993897
04/04/2031 15:00,1787.4764261168382
04/04/2031 16:00,1787.4764261168382
04/04/2031 17:00,1479.2764240626962
04/04/2031 18:00,1054.3198185803058
04/04/2031 19:00,791.0209804373804
04/04/2031 20:00,944.2243365819982
04/04/2031 21:00,619.9669406338264
04/04/2031 22:00,883.4428394321741
04/04/2031 23:00,844.9584041545324
05/04/2031 00:00,523.2115127620979
05/04/2031 01:00,510.7300081303247
05/04/2031 02:00,458.05592927470514
05/04/2031 03:00,424.1536214511058
05/04/2031 04:00,372.9153141214719
05/04/2031 05:00,261.854471071391
05/04/2031 06:00,217.6019789347436
05/04/2031 07:00,284.2942773979615
05/04/2031 08:00,123.4746041394417
05/04/2031 09:00,388.3030046177465
05/04/2031 10:00,537.2255498998428
05/04/2031 11:00,422.59093263740294
05/04/2031 12:00,410.8975796653891
05/04/2031 13:00,655.6879603104112
05/04/2031 14:00,687.0510529948904
05/04/2031 15:00,726.3577967334652
05/04/2031 16:00,1029.8555752449622
05/04/2031 17:00,851.9671614073269
05/04/2031 18:00,478.7666360411835
05/04/2031 19:00,615.4700488299941
05/04/2031 20:00,162.54991316685414
05/04/2031 21:00,368.0504970763283
05/04/2031 22:00,54.309815986806825
05/04/2031 23:00,443.6491172466361
06/04/2031 00:00,7.00185533039891
06/04/2031 01:00,-0.0
06/04/2031 02:00,-0.0
06/04/2031 03:00,7.206438797967756
06/04/2031 04:00,0.41412515675342404
06/04/2031 05:00,-0.0
06/04/2031 06:00,-0.0
06/04/2031 07:00,306.2178066149019
06/04/2031 08:00,20.838916081274277
06/04/2031 09:00,238.16932652259987
06/04/2031 10:00,479.5687020173961
06/04/2031 11:00,331.31699796110155
06/04/2031 12:00,335.4109521483633
06/04/2031 13:00,360.1298413613626
06/04/2031 14:00,36.008878164470914
06/04/2031 15:00,366.99127746014693
06/04/2031 16:00,666.2523442184369
06/04/2031 17:00,429.36808615066445
06/04/2031 18:00,130.00596864264014
06/04/2031 19:00,-0.0
06/04/2031 20:00,283.6586685580449
06/04/2031 21:00,6.0447433405839615
06/04/2031 22:00,-0.0
06/04/2031 23:00,315.5858983894845
07/04/2031 00:00,378.6013869413851
07/04/2031 01:00,2.06913111932674
07/04/2031 02:00,24.507284723921593
07/04/2031 03:00,388.2410473200534
07/04/2031 04:00,28.599398134339115
07/04/2031 05:00,25.88837855105786
07/04/2031 06:00,36.86510497695691
07/04/2031 07:00,106.03886144765549
07/04/2031 08:00,243.38534615326213
07/04/2031 09:00,347.45342705820576
07/04/2031 10:00,383.84862326715347
07/04/2031 11:00,-0.0
07/04/2031 12:00,975.7899418747586
07/04/2031 13:00,-0.0
07/04/2031 14:00,-0.0
07/04/2031 15:00,-0.0
07/04/2031 16:00,467.1972780496952
07/04/2031 17:00,272.5310040265974
07/04/2031 18:00,128.06014140666207
07/04/2031 19:00,341.2599322762635
07/04/2031 20:00,264.81763190046985
07/04/2031 21:00,294.2275342782399
07/04/2031 22:00,198.6322614764646
07/04/2031 23:00,76.39379641499043
08/04/2031 00:00,-0.0
08/04/2031 01:00,-0.0
08/04/2031 02:00,-0.0
08/04/2031 03:00,1.2368422822522058
08/04/2031 04:00,-0.0
08/04/2031 05:00,-0.0
08/04/2031 06:00,-0.0
08/04/2031 07:00,-0.0
08/04/2031 08:00,133.31629726911154
08/04/2031 09:00,402.1056636993496
08/04/2031 10:00,655.4992864263896
08/04/2031 11:00,150.04245313075273
08/04/2031 12:00,-0.0
08/04/2031 13:00,-0.0
08/04/2031 14:00,-0.0
08/04/2031 15:00,237.6551031125771
08/04/2031 16:00,653.5809375094769
08/04/2031 17:00,430.4882394954994
08/04/2031 18:00,294.6040645103359
08/04/2031 19:00,-0.0
08/04/2031 20:00,20.463333593087775
08/04/2031 21:00,-0.0
08/04/2031 22:00,303.1678765977089
08/04/2031 23:00,-0.0
09/04/2031 00:00,-0.0
09/04/2031 01:00,329.1484099302378
09/04/2031 02:00,-0.0
09/04/2031 03:00,-0.0
09/04/2031 04:00,125.73474744527141
09/04/2031 05:00,373.18936131923147
09/04/2031 06:00,-0.0
09/04/2031 07:00,-0.0
09/04/2031 08:00,82.70219528285395
09/04/2031 09:00,287.32586426085066
09/04/2031 10:00,610.1795962937607
09/04/2031 11:00,141.2193806338548
09/04/2031 12:00,-0.0
09/04/2031 13:00,-0.0
09/04/2031 14:00,-0.0
09/04/2031 15:00,141.57216473380484
09/04/2031 16:00,695.5736351770818
09/04/2031 17:00,456.41824820079927
09/04/2031 18:00,134.17849754156015
09/04/2031 19:00,-0.0
09/04/2031 20:00,25.325007831613885
09/04/2031 21:00,-0.0
09/04/2031 22:00,2.182379653700722
09/04/2031 23:00,-0.0
10/04/2031 00:00,-0.0
10/04/2031 01:00,-0.0
10/04/2031 02:00,-0.0
10/04/2031 03:00,-0.0
10/04/2031 04:00,-0.0
10/04/2031 05:00,291.6764371142959
10/04/2031 06:00,242.21707907233468
10/04/2031 07:00,270.75382113336167
10/04/2031 08:00,27.357010551671124
10/04/2031 09:00,233.3118810970936
10/04/2031 10:00,385.13209414478814
10/04/2031 11:00,256.27197385883335
10/04/2031 12:00,247.58370261634653
10/04/2031 13:00,146.03899578105307
10/04/2031 14:00,230.87937943301085
10/04/2031 15:00,428.59857630368776
10/04/2031 16:00,270.3852261499083
10/04/2031 17:00,105.28352348204817
10/04/2031 18:00,48.09213213118503
10/04/2031 19:00,165.10473697738624
10/04/2031 20:00,230.35634101955074
10/04/2031 21:00,-0.0
10/04/2031 22:00,372.4286369489219
10/04/2031 23:00,384.78849146423363
11/04/2031 00:00,30.651766498802477
11/04/2031 01:00,62.512063773628356
11/04/2031 02:00,72.0603283981675
11/04/2031 03:00,38.708508844827584
11/04/2031 04:00,-0.0
11/04/2031 05:00,-0.0
11/04/2031 06:00,138.93329509474933
11/04/2031 07:00,-0.0
11/04/2031 08:00,-0.0
11/04/2031 09:00,-0.0
11/04/2031 10:00,116.51035787538868
11/04/2031 11:00,174.46071690018147
11/04/2031 12:00,-0.0
11/04/2031 13:00,25.315516541898482
11/04/2031 14:00,38.18275369730935
11/04/2031 15:00,251.07364876632994
11/04/2031 16:00,346.51100539601174
11/04/2031 17:00,181.43914352339968
11/04/2031 18:00,83.37369279392334
11/04/2031 19:00,151.64095704950444
11/04/2031 20:00,41.36770461472514
11/04/2031 21:00,-0.0
11/04/2031 22:00,94.88244052750639
11/04/2031 23:00,-0.0
12/04/2031 00:00,-0.0
12/04/2031 01:00,-0.0
12/04/2031 02:00,-0.0
12/04/2031 03:00,-0.0
12/04/2031 04:00,-0.0
12/04/2031 05:00,-0.0
12/04/2031 06:00,-0.0
12/04/2031 07:00,-0.0
12/04/2031 08:00,-0.0
12/04/2031 09:00,21.11432804483757
12/04/2031 10:00,170.1860568844195
12/04/2031 11:00,7.618180014695323
12/04/2031 12:00,-0.0
12/04/2031 13:00,3.955551212303546
12/04/2031 14:00,120.15541003522904
12/04/2031 15:00,-0.0
12/04/2031 16:00,135.41245580145386
12/04/2031 17:00,-0.0
12/04/2031 18:00,-0.0
12/04/2031 19:00,110.24350574300095
12/04/2031 20:00,46.35426808027281
12/04/2031 21:00,102.2118843975938
12/04/2031 22:00,-0.0
12/04/2031 23:00,-0.0
13/04/2031 00:00,-0.0
13/04/2031 01:00,-0.0
13/04/2031 02:00,-0.0
13/04/2031 03:00,251.185417677259
13/04/2031 04:00,18.550324724521136
13/04/2031 05:00,-0.0
13/04/2031 06:00,-0.0
13/04/2031 07:00,4.85878948054954
13/04/2031 08:00,-0.0
13/04/2031 09:00,205.43000987266518
13/04/2031 10:00,408.166305281386
13/04/2031 11:00,578.3292059452907
13/04/2031 12:00,597.9543591497817
13/04/2031 13:00,412.1158164524613
13/04/2031 14:00,327.0268400841443
13/04/2031 15:00,204.25625362272606
13/04/2031 16:00,85.2020048451564
13/04/2031 17:00,273.5386426657987
13/04/2031 18:00,447.9097767557729
13/04/2031 19:00,326.5980767939823
13/04/2031 20:00,311.08172547518626
13/04/2031 21:00,486.8250532005932
13/04/2031 22:00,305.8199925933594
13/04/2031 23:00,437.7020172855721
14/04/2031 00:00,605.9947968843995
14/04/2031 01:00,495.8463355950228
14/04/2031 02:00,809.2470473071012
14/04/2031 03:00,847.9665187956724
14/04/2031 04:00,481.4146852294704
14/04/2031 05:00,706.2574838776309
14/04/2031 06:00,1092.86363188557
14/04/2031 07:00,1128.4251441764084
14/04/2031 08:00,708.902452266804
14/04/2031 09:00,931.8148586882858
14/04/2031 10:00,-0.0
14/04/2031 11:00,-0.0
14/04/2031 12:00,977.8785865167332
14/04/2031 13:00,1014.6258086838188
14/04/2031 14:00,584.3825894313921
14/04/2031 15:00,-0.0
14/04/2031 16:00,255.990582578758
14/04/2031 17:00,781.0634105438226
14/04/2031 18:00,-0.0
14/04/2031 19:00,286.36213435960053
14/04/2031 20:00,384.3072624326221
14/04/2031 21:00,328.92880301637916
14/04/2031 22:00,192.68974862826488
14/04/2031 23:00,193.8875673556428
15/04/2031 00:00,1657.5969670883014
15/04/2031 01:00,465.49362321580844
15/04/2031 02:00,501.73346091021045
15/04/2031 03:00,518.1092242772014
15/04/2031 04:00,568.1775483836485
15/04/2031 05:00,618.4169248451426
15/04/2031 06:00,653.5560764644594
15/04/2031 07:00,647.6301009299764
15/04/2031 08:00,688.0550027089847
15/04/2031 09:00,908.9834788722043
15/04/2031 10:00,657.1516186400804
15/04/2031 11:00,646.4166813504474
15/04/2031 12:00,941.2239794322999
15/04/2031 13:00,540.3533563563243
15/04/2031 14:00,460.0133744476077
15/04/2031 15:00,619.859467709016
15/04/2031 16:00,686.1288342978917
15/04/2031 17:00,424.7693456014277
15/04/2031 18:00,131.62846047738282
15/04/2031 19:00,-0.0
15/04/2031 20:00,284.238431555294
15/04/2031 21:00,-0.0
15/04/2031 22:00,-0.0
15/04/2031 23:00,-0.0
16/04/2031 00:00,342.80680417325004
16/04/2031 01:00,-0.0
16/04/2031 02:00,264.86916723012286
16/04/2031 03:00,282.302608068985
16/04/2031 04:00,30.630620822134585
16/04/2031 05:00,16.494772026060396
16/04/2031 06:00,-0.0
16/04/2031 07:00,326.01526878089146
16/04/2031 08:00,150.70033358192407
16/04/2031 09:00,368.4348906021664
16/04/2031 10:00,199.8087825569836
16/04/2031 11:00,403.7215003935036
16/04/2031 12:00,434.2286067718666
16/04/2031 13:00,449.88741263740246
16/04/2031 14:00,727.831105209629
16/04/2031 15:00,767.3465046066422
16/04/2031 16:00,599.6363807460792
16/04/2031 17:00,465.7377985695406
16/04/2031 18:00,232.21616313413787
16/04/2031 19:00,0.2097475212777959
16/04/2031 20:00,255.61179394157415
16/04/2031 21:00,-0.0
16/04/2031 22:00,-0.0
16/04/2031 23:00,-0.0
17/04/2031 00:00,-0.0
17/04/2031 01:00,363.47316779711076
17/04/2031 02:00,-0.0
17/04/2031 03:00,-0.0
17/04/2031 04:00,-0.0
17/04/2031 05:00,-0.0
17/04/2031 06:00,151.3752822589531
17/04/2031 07:00,148.65378823674854
17/04/2031 08:00,-0.0
17/04/2031 09:00,114.4288627681947
17/04/2031 10:00,435.6223749613866
17/04/2031 11:00,533.4561482400004
17/04/2031 12:00,178.7410715793706
17/04/2031 13:00,139.49649595299152
17/04/2031 14:00,167.5801847382253
17/04/2031 15:00,137.93111408919788
17/04/2031 16:00,314.41980216468465
17/04/2031 17:00,125.77983986894434
17/04/2031 18:00,-0.0
17/04/2031 19:00,-0.0
17/04/2031 20:00,-0.0
17/04/2031 21:00,121.6419851832372
17/04/2031 22:00,-0.0
17/04/2031 23:00,-0.0
18/04/2031 00:00,-0.0
18/04/2031 01:00,338.41188857895827
18/04/2031 02:00,-0.0
18/04/2031 03:00,-0.0
18/04/2031 04:00,-0.0
18/04/2031 05:00,-0.0
18/04/2031 06:00,-0.0
18/04/2031 07:00,209.98635523781655
18/04/2031 08:00,277.32963748605846
18/04/2031 09:00,285.5585612780354
18/04/2031 10:00,433.8894596502163
18/04/2031 11:00,520.698662750781
18/04/2031 12:00,234.45573749021767
18/04/2031 13:00,327.99067146337956
18/04/2031 14:00,315.6975709430168
18/04/2031 15:00,240.9440720766398
18/04/2031 16:00,474.5579853063406
18/04/2031 17:00,321.7876783057886
18/04/2031 18:00,126.54820847445092
18/04/2031 19:00,283.1185985420914
18/04/2031 20:00,-0.0
18/04/2031 21:00,222.32364266042595
18/04/2031 22:00,305.3553866923545
18/04/2031 23:00,-0.0
19/04/2031 00:00,23.207569254491595
19/04/2031 01:00,41.90029683960437
19/04/2031 02:00,53.57039804737448
19/04/2031 03:00,42.63860302082383
19/04/2031 04:00,24.259814301674353
19/04/2031 05:00,-0.0
19/04/2031 06:00,-0.0
19/04/2031 07:00,-0.0
19/04/2031 08:00,402.86947939967604
19/04/2031 09:00,324.0748813512296
19/04/2031 10:00,343.9422485038422
19/04/2031 11:00,635.9674099674414
19/04/2031 12:00,55.44695760071737
19/04/2031 13:00,65.31142246394471
19/04/2031 14:00,97.95362135428873
19/04/2031 15:00,212.45992995547377
19/04/2031 16:00,334.52838683600146
19/04/2031 17:00,181.74427074896622
19/04/2031 18:00,-0.0
19/04/2031 19:00,231.11693163288862
19/04/2031 20:00,-0.0
19/04/2031 21:00,183.21503059406953
19/04/2031 22:00,-0.0
19/04/2031 23:00,124.40924025231088
20/04/2031 00:00,-0.0
20/04/2031 01:00,-0.0
20/04/2031 02:00,-0.0
20/04/2031 03:00,-0.0
20/04/2031 04:00,-0.0
20/04/2031 05:00,-0.0
20/04/2031 06:00,-0.0
20/04/2031 07:00,234.42026561517486
20/04/2031 08:00,5.873638964148494
20/04/2031 09:00,297.66217637675385
20/04/2031 10:00,265.42478307947744
20/04/2031 11:00,594.7869590370175
20/04/2031 12:00,519.9190149189557
20/04/2031 13:00,465.10547957507555
20/04/2031 14:00,529.6643064493883
20/04/2031 15:00,246.18731937437337
20/04/2031 16:00,255.30547672052614
20/04/2031 17:00,258.75790931231853
20/04/2031 18:00,-0.0
20/04/2031 19:00,-0.0
20/04/2031 20:00,-0.0
20/04/2031 21:00,-0.0
20/04/2031 22:00,319.7666580436778
20/04/2031 23:00,387.5964220271793
21/04/2031 00:00,21.064755830586762
21/04/2031 01:00,47.19365775581386
21/04/2031 02:00,82.44051078550503
21/04/2031 03:00,413.6614833005766
21/04/2031 04:00,270.0864779071341
21/04/2031 05:00,534.5786635304406
21/04/2031 06:00,87.8950968245268
21/04/2031 07:00,125.02360709011016
21/04/2031 08:00,223.22007098883648
21/04/2031 09:00,475.4110758916202
21/04/2031 10:00,733.6850697274049
21/04/2031 11:00,508.05348743196885
21/04/2031 12:00,537.489394825546
21/04/2031 13:00,543.2886360907429
21/04/2031 14:00,491.6878062682759
21/04/2031 15:00,615.4244423188134
21/04/2031 16:00,646.7997980213885
21/04/2031 17:00,370.5611710364772
21/04/2031 18:00,434.8268007014366
21/04/2031 19:00,234.16604717655838
21/04/2031 20:00,180.60428197467184
21/04/2031 21:00,-0.0
21/04/2031 22:00,269.1036932406487
21/04/2031 23:00,37.18613118090956
22/04/2031 00:00,26.21579055819068
22/04/2031 01:00,44.71446356209091
22/04/2031 02:00,52.035336301771814
22/04/2031 03:00,67.71148821594431
22/04/2031 04:00,101.24517947612064
22/04/2031 05:00,124.25818709903253
22/04/2031 06:00,124.97729114946326
22/04/2031 07:00,178.60495891441346
22/04/2031 08:00,257.91092848320517
22/04/2031 09:00,534.4374424371326
22/04/2031 10:00,769.0679992996877
22/04/2031 11:00,411.57517480977793
22/04/2031 12:00,259.64658448476115
22/04/2031 13:00,404.4194148616483
22/04/2031 14:00,299.3958915180186
22/04/2031 15:00,506.31629144123093
22/04/2031 16:00,578.3146374280769
22/04/2031 17:00,325.9975935731747
22/04/2031 18:00,91.92660329750738
22/04/2031 19:00,64.57600404542015
22/04/2031 20:00,-0.0
22/04/2031 21:00,229.28893434729733
22/04/2031 22:00,-0.0
22/04/2031 23:00,-0.0
23/04/2031 00:00,-0.0
23/04/2031 01:00,-0.0
23/04/2031 02:00,-0.0
23/04/2031 03:00,-0.0
23/04/2031 04:00,296.14357585025823
23/04/2031 05:00,-0.0
23/04/2031 06:00,279.9545573398542
23/04/2031 07:00,131.6330277348914
23/04/2031 08:00,70.24972151902193
23/04/2031 09:00,305.9013685134065
23/04/2031 10:00,532.2749794890826
23/04/2031 11:00,202.33723709890245
23/04/2031 12:00,271.4385317085922
23/04/2031 13:00,344.07758975352596
23/04/2031 14:00,240.48988694524476
23/04/2031 15:00,420.0695633707105
23/04/2031 16:00,460.6853505064959
23/04/2031 17:00,216.14551242627135
23/04/2031 18:00,-0.0
23/04/2031 19:00,214.4954171080027
23/04/2031 20:00,127.22861826568835
23/04/2031 21:00,-0.0
23/04/2031 22:00,-0.0
23/04/2031 23:00,-0.0
24/04/2031 00:00,281.7568359694711
24/04/2031 01:00,-0.0
24/04/2031 02:00,-0.0
24/04/2031 03:00,-0.0
24/04/2031 04:00,-0.0
24/04/2031 05:00,-0.0
24/04/2031 06:00,-0.0
24/04/2031 07:00,259.69060526757397
24/04/2031 08:00,10.340409002838923
24/04/2031 09:00,278.49067283832636
24/04/2031 10:00,486.47470285550634
24/04/2031 11:00,282.83885521676507
24/04/2031 12:00,86.16057946476666
24/04/2031 13:00,240.10685675986895
24/04/2031 14:00,190.49109841460086
24/04/2031 15:00,278.06172648950786
24/04/2031 16:00,388.48136779282135
24/04/2031 17:00,248.99192604694787
24/04/2031 18:00,-0.0
24/04/2031 19:00,243.63217579042265
24/04/2031 20:00,188.83443753190335
24/04/2031 21:00,305.1660504600207
24/04/2031 22:00,178.72874275784824
24/04/2031 23:00,373.8202690234389
25/04/2031 00:00,222.81146876617694
25/04/2031 01:00,217.3352969713581
25/04/2031 02:00,565.6208138643599
25/04/2031 03:00,696.9086920686693
25/04/2031 04:00,781.8033019835385
25/04/2031 05:00,809.8835690712916
25/04/2031 06:00,873.3890752708237
25/04/2031 07:00,927.8396161065378
25/04/2031 08:00,967.9851169379624
25/04/2031 09:00,456.49470143055703
25/04/2031 10:00,1252.7057087913774
25/04/2031 11:00,1022.3241481267634
25/04/2031 12:00,905.2166727442348
25/04/2031 13:00,-0.0
25/04/2031 14:00,-0.0
25/04/2031 15:00,518.8165937038182
25/04/2031 16:00,339.149810069443
25/04/2031 17:00,579.3526092346982
25/04/2031 18:00,588.3716899930322
25/04/2031 19:00,582.4098408184334
25/04/2031 20:00,734.3960295079845
25/04/2031 21:00,967.3772233214873
25/04/2031 22:00,914.7679598343846
25/04/2031 23:00,900.7837454175586
26/04/2031 00:00,1022.2478124316685
26/04/2031 01:00,1088.255349714779
26/04/2031 02:00,1128.508547839514
26/04/2031 03:00,1137.0892666010789
26/04/2031 04:00,754.2935467030961
26/04/2031 05:00,949.9881444359534
26/04/2031 06:00,1244.002065989008
26/04/2031 07:00,1248.8730858571935
26/04/2031 08:00,1176.1357965469188
26/04/2031 09:00,569.8156976558395
26/04/2031 10:00,-0.0
26/04/2031 11:00,-0.0
26/04/2031 12:00,-0.0
26/04/2031 13:00,-0.0
26/04/2031 14:00,-0.0
26/04/2031 15:00,-0.0
26/04/2031 16:00,113.41183152406126
26/04/2031 17:00,822.6718594086436
26/04/2031 18:00,371.02125040963665
26/04/2031 19:00,214.61650968167183
26/04/2031 20:00,281.0889926631128
26/04/2031 21:00,318.0806827131505
26/04/2031 22:00,164.26491504286344
26/04/2031 23:00,75.24067520396683
27/04/2031 00:00,190.1593926159395
27/04/2031 01:00,321.50653120133086
27/04/2031 02:00,415.0254277573065
27/04/2031 03:00,751.016057939202
27/04/2031 04:00,519.2785551293716
27/04/2031 05:00,503.1661434909997
27/04/2031 06:00,600.5283810499019
27/04/2031 07:00,570.7610258059021
27/04/2031 08:00,548.2708856227886
27/04/2031 09:00,890.4930566124607
27/04/2031 10:00,597.7139355012572
27/04/2031 11:00,1125.8252520929475
27/04/2031 12:00,84.66731100359769
27/04/2031 13:00,52.386518625324584
27/04/2031 14:00,87.35458488152658
27/04/2031 15:00,470.04071059472244
27/04/2031 16:00,507.8860788739833
27/04/2031 17:00,215.86594720763242
27/04/2031 18:00,-0.0
27/04/2031 19:00,-0.0
27/04/2031 20:00,45.532438498147584
27/04/2031 21:00,-0.0
27/04/2031 22:00,-0.0
27/04/2031 23:00,-0.0
28/04/2031 00:00,-0.0
28/04/2031 01:00,52.18835636659764
28/04/2031 02:00,102.70161344306698
28/04/2031 03:00,173.8356705721007
28/04/2031 04:00,217.76041488667937
28/04/2031 05:00,246.17782601448752
28/04/2031 06:00,522.0346352504683
28/04/2031 07:00,503.965980033017
28/04/2031 08:00,257.38542330522404
28/04/2031 09:00,450.6178542740745
28/04/2031 10:00,709.8052693349993
28/04/2031 11:00,517.1947933011737
28/04/2031 12:00,368.44292562745375
28/04/2031 13:00,334.47221872982766
28/04/2031 14:00,265.61431758217077
28/04/2031 15:00,504.8039159078325
28/04/2031 16:00,119.14377124808068
28/04/2031 17:00,123.88374835064073
28/04/2031 18:00,350.53389051396994
28/04/2031 19:00,232.9429082074722
28/04/2031 20:00,178.18795480002086
28/04/2031 21:00,116.59194663427682
28/04/2031 22:00,-0.0
28/04/2031 23:00,-0.0
29/04/2031 00:00,-0.0
29/04/2031 01:00,26.57587755271279
29/04/2031 02:00,73.95482078223796
29/04/2031 03:00,124.07645906703303
29/04/2031 04:00,177.12510068950476
29/04/2031 05:00,228.7891388569817
29/04/2031 06:00,269.25179403926495
29/04/2031 07:00,302.3727148764884
29/04/2031 08:00,350.9115883201527
29/04/2031 09:00,627.2150115519664
29/04/2031 10:00,-0.0
29/04/2031 11:00,-0.0
29/04/2031 12:00,-0.0
29/04/2031 13:00,-0.0
29/04/2031 14:00,-0.0
29/04/2031 15:00,-0.0
29/04/2031 16:00,34.2136586093773
29/04/2031 17:00,614.002833530826
29/04/2031 18:00,339.26856559150065
29/04/2031 19:00,571.1897270803536
29/04/2031 20:00,164.68208935269143
29/04/2031 21:00,221.15978133473484
29/04/2031 22:00,593.6115256864103
29/04/2031 23:00,613.7094223791987
30/04/2031 00:00,573.7746809791042
30/04/2031 01:00,411.1484911257056
30/04/2031 02:00,445.2507234034045
30/04/2031 03:00,532.495046062758
30/04/2031 04:00,573.9850879832109
30/04/2031 05:00,624.3711510509988
30/04/2031 06:00,703.1446029081374
30/04/2031 07:00,725.256831821573
30/04/2031 08:00,707.9126351695716
30/04/2031 09:00,100.17189512861599
30/04/2031 10:00,-0.0
30/04/2031 11:00,579.4597195239087
30/04/2031 12:00,441.4246411118034
30/04/2031 13:00,331.1714353726526
30/04/2031 14:00,341.3539223515855
30/04/2031 15:00,584.4811185713611
30/04/2031 16:00,-0.0
30/04/2031 17:00,339.73593548514475
30/04/2031 18:00,206.956329114135
30/04/2031 19:00,42.53022277371338
30/04/2031 20:00,375.19604236122905
30/04/2031 21:00,273.0926961166306
30/04/2031 22:00,440.1415880785839
30/04/2031 23:00,369.7795460823972
01/05/2031 00:00,265.5161823797088
01/05/2031 01:00,209.79754862908976
01/05/2031 02:00,192.88133933376403
01/05/2031 03:00,216.14300283445152
01/05/2031 04:00,287.6735519042147
01/05/2031 05:00,362.13909503567163
01/05/2031 06:00,423.81076202620716
01/05/2031 07:00,439.69198492256254
01/05/2031 08:00,440.01701670372563
01/05/2031 09:00,624.639550293496
01/05/2031 10:00,67.083114941363
01/05/2031 11:00,-0.0
01/05/2031 12:00,-0.0
01/05/2031 13:00,-0.0
01/05/2031 14:00,-0.0
01/05/2031 15:00,-0.0
01/05/2031 16:00,368.6311315557725
01/05/2031 17:00,441.4256787570037
01/05/2031 18:00,154.81143423604647
01/05/2031 19:00,-0.0
01/05/2031 20:00,256.5229405486227
01/05/2031 21:00,254.78814040280974
01/05/2031 22:00,-0.0
01/05/2031 23:00,-0.0
02/05/2031 00:00,-0.0
02/05/2031 01:00,-0.0
02/05/2031 02:00,-0.0
02/05/2031 03:00,-0.0
02/05/2031 04:00,286.59260482571
02/05/2031 05:00,-0.0
02/05/2031 06:00,164.90523303060442
02/05/2031 07:00,-0.0
02/05/2031 08:00,-0.0
02/05/2031 09:00,245.25830627066492
02/05/2031 10:00,475.1209235253188
02/05/2031 11:00,225.58392773540734
02/05/2031 12:00,305.79285516444355
02/05/2031 13:00,337.04224302155393
02/05/2031 14:00,342.34648956468
02/05/2031 15:00,671.0316423584777
02/05/2031 16:00,439.69985543923934
02/05/2031 17:00,316.37734458806256
02/05/2031 18:00,65.18668874320551
02/05/2031 19:00,93.11693787221671
02/05/2031 20:00,174.28984361718128
02/05/2031 21:00,-0.0
02/05/2031 22:00,-0.0
02/05/2031 23:00,-0.0
03/05/2031 00:00,-0.0
03/05/2031 01:00,-0.0
03/05/2031 02:00,-0.0
03/05/2031 03:00,-0.0
03/05/2031 04:00,-0.0
03/05/2031 05:00,-0.0
03/05/2031 06:00,41.01334922667302
03/05/2031 07:00,35.587985249809996
03/05/2031 08:00,-0.0
03/05/2031 09:00,133.89074477182928
03/05/2031 10:00,306.69161370162436
03/05/2031 11:00,542.898406918054
03/05/2031 12:00,277.6856699931976
03/05/2031 13:00,387.0154249514752
03/05/2031 14:00,355.1362917363097
03/05/2031 15:00,335.3293266484583
03/05/2031 16:00,584.5547051030707
03/05/2031 17:00,394.80770501708656
03/05/2031 18:00,139.09427161836385
03/05/2031 19:00,-0.0
03/05/2031 20:00,215.68151804933763
03/05/2031 21:00,185.0432804560079
03/05/2031 22:00,-0.0
03/05/2031 23:00,-0.0
04/05/2031 00:00,-0.0
04/05/2031 01:00,-0.0
04/05/2031 02:00,-0.0
04/05/2031 03:00,-0.0
04/05/2031 04:00,-0.0
04/05/2031 05:00,-0.0
04/05/2031 06:00,243.93522484116372
04/05/2031 07:00,86.86324189996914
04/05/2031 08:00,46.66565340014899
04/05/2031 09:00,403.7179411576433
04/05/2031 10:00,709.2577835471168
04/05/2031 11:00,830.8093379297334
04/05/2031 12:00,659.54582687654
04/05/2031 13:00,422.2207727195432
04/05/2031 14:00,414.3955178940161
04/05/2031 15:00,503.8451815294253
04/05/2031 16:00,986.4583179335383
04/05/2031 17:00,1352.0001648302846
04/05/2031 18:00,1142.9196263494462
04/05/2031 19:00,1296.0426244659418
04/05/2031 20:00,1270.7776714327708
04/05/2031 21:00,843.5070089751551
04/05/2031 22:00,656.5219491085996
04/05/2031 23:00,676.6379748791934
05/05/2031 00:00,645.0749076827183
05/05/2031 01:00,609.3148975913622
05/05/2031 02:00,553.7005594707063
05/05/2031 03:00,554.2801686636137
05/05/2031 04:00,422.14474685554546
05/05/2031 05:00,337.2601737056107
05/05/2031 06:00,645.0350902194847
05/05/2031 07:00,496.48979579068765
05/05/2031 08:00,468.60070348785086
05/05/2031 09:00,383.41438093808387
05/05/2031 10:00,516.8972633346824
05/05/2031 11:00,1051.0028084858404
05/05/2031 12:00,1123.0764155697611
05/05/2031 13:00,1223.8590708114596
05/05/2031 14:00,940.3191019480953
05/05/2031 15:00,1071.543837672366
05/05/2031 16:00,1355.5865021466525
05/05/2031 17:00,1264.3709018554507
05/05/2031 18:00,1332.3678769158169
05/05/2031 19:00,1282.295568849755
05/05/2031 20:00,1219.0049155716272
05/05/2031 21:00,1205.958883712371
05/05/2031 22:00,860.2817312909572
05/05/2031 23:00,689.4229462595699
06/05/2031 00:00,1787.4764261168382
06/05/2031 01:00,619.608531841733
06/05/2031 02:00,586.4724055759647
06/05/2031 03:00,600.65839873282
06/05/2031 04:00,631.7016368456473
06/05/2031 05:00,658.4503241892353
06/05/2031 06:00,633.0536945311873
06/05/2031 07:00,554.3728539205509
06/05/2031 08:00,954.1370905854645
06/05/2031 09:00,1326.743149242346
06/05/2031 10:00,1516.3889508380307
06/05/2031 11:00,1064.5591215495917
06/05/2031 12:00,798.4759336830016
06/05/2031 13:00,787.5135918305357
06/05/2031 14:00,839.1747206828087
06/05/2031 15:00,1153.4519507403393
06/05/2031 16:00,1374.7003569926776
06/05/2031 17:00,1104.9308239320278
06/05/2031 18:00,830.0026633681324
06/05/2031 19:00,1057.0927505265936
06/05/2031 20:00,1096.1199303581361
06/05/2031 21:00,1013.5177136649398
06/05/2031 22:00,893.090690300328
06/05/2031 23:00,775.9549378469765
07/05/2031 00:00,847.4603692259631
07/05/2031 01:00,922.2959940295036
07/05/2031 02:00,970.9529123587178
07/05/2031 03:00,1353.6370875295233
07/05/2031 04:00,929.6349958462948
07/05/2031 05:00,884.0601502393552
07/05/2031 06:00,878.1589783459905
07/05/2031 07:00,832.918166321223
07/05/2031 08:00,826.9611392803776
07/05/2031 09:00,366.2962497654706
07/05/2031 10:00,-0.0
07/05/2031 11:00,1172.0496772944275
07/05/2031 12:00,1119.8567858533656
07/05/2031 13:00,1132.430964448083
07/05/2031 14:00,1183.9984033411324
07/05/2031 15:00,-0.0
07/05/2031 16:00,708.5158052517971
07/05/2031 17:00,971.3257221285278
07/05/2031 18:00,643.0198688462237
07/05/2031 19:00,427.1349762303851
07/05/2031 20:00,506.00700276336727
07/05/2031 21:00,616.9902579430075
07/05/2031 22:00,528.7286011578976
07/05/2031 23:00,483.6644162249973
08/05/2031 00:00,431.49621820169205
08/05/2031 01:00,388.2138670131294
08/05/2031 02:00,366.40846428812677
08/05/2031 03:00,366.5575874699907
08/05/2031 04:00,339.26221195082564
08/05/2031 05:00,558.4711675844612
08/05/2031 06:00,559.4461186348727
08/05/2031 07:00,478.11975549228936
08/05/2031 08:00,191.02795269726076
08/05/2031 09:00,382.59297081799224
08/05/2031 10:00,665.9708015912657
08/05/2031 11:00,447.22343870552544
08/05/2031 12:00,447.9294614145093
08/05/2031 13:00,451.13112839493976
08/05/2031 14:00,400.1959733996493
08/05/2031 15:00,667.3620102695984
08/05/2031 16:00,639.2249399752126
08/05/2031 17:00,517.3824546619153
08/05/2031 18:00,377.32654947060587
08/05/2031 19:00,261.35356079984166
08/05/2031 20:00,261.54675056946303
08/05/2031 21:00,716.2722380787135
08/05/2031 22:00,260.19216815820766
08/05/2031 23:00,255.92032914900608
09/05/2031 00:00,251.76818066023299
09/05/2031 01:00,345.1565900317271
09/05/2031 02:00,447.49565379640666
09/05/2031 03:00,167.0345863333907
09/05/2031 04:00,497.5310806101239
09/05/2031 05:00,392.27551274067025
09/05/2031 06:00,-0.0
09/05/2031 07:00,-0.0
09/05/2031 08:00,-0.0
09/05/2031 09:00,266.9529728525616
09/05/2031 10:00,507.7122000332235
09/05/2031 11:00,268.46070199539236
09/05/2031 12:00,333.35057918287026
09/05/2031 13:00,291.69966932108946
09/05/2031 14:00,557.3574121079778
09/05/2031 15:00,163.65863619607578
09/05/2031 16:00,446.99583405459975
09/05/2031 17:00,348.4136100781738
09/05/2031 18:00,216.60281852274014
09/05/2031 19:00,172.8527079835313
09/05/2031 20:00,160.05259979998317
09/05/2031 21:00,204.3075557550218
09/05/2031 22:00,122.3031100892662
09/05/2031 23:00,480.5943000865179
10/05/2031 00:00,420.14290692604453
10/05/2031 01:00,-0.0
10/05/2031 02:00,308.34425036599373
10/05/2031 03:00,272.28248428305096
10/05/2031 04:00,-0.0
10/05/2031 05:00,-0.0
10/05/2031 06:00,-0.0
10/05/2031 07:00,-0.0
10/05/2031 08:00,-0.0
10/05/2031 09:00,225.11865962584997
10/05/2031 10:00,102.43746476237604
10/05/2031 11:00,258.8045127147633
10/05/2031 12:00,329.245857337072
10/05/2031 13:00,411.8776273544739
10/05/2031 14:00,844.2071988799578
10/05/2031 15:00,747.1966259039226
10/05/2031 16:00,718.7940577728658
10/05/2031 17:00,478.55529715872785
10/05/2031 18:00,175.74895668414655
10/05/2031 19:00,26.862583465806082
10/05/2031 20:00,153.10807574073363
10/05/2031 21:00,-0.0
10/05/2031 22:00,-0.0
10/05/2031 23:00,-0.0
11/05/2031 00:00,-0.0
11/05/2031 01:00,250.73269237763677
11/05/2031 02:00,-0.0
11/05/2031 03:00,324.67919079153853
11/05/2031 04:00,38.533505172585556
11/05/2031 05:00,59.20060014639039
11/05/2031 06:00,51.79737730792224
11/05/2031 07:00,112.38968687832917
11/05/2031 08:00,408.0965701623734
11/05/2031 09:00,754.0998892918899
11/05/2031 10:00,493.58732303147417
11/05/2031 11:00,1103.6766546128385
11/05/2031 12:00,1045.1761059746254
11/05/2031 13:00,-0.0
11/05/2031 14:00,-0.0
11/05/2031 15:00,80.14433864224611
11/05/2031 16:00,992.7915817661633
11/05/2031 17:00,851.3610911709912
11/05/2031 18:00,691.6664523316565
11/05/2031 19:00,582.1455177003303
11/05/2031 20:00,535.8420826195448
11/05/2031 21:00,526.6787970816023
11/05/2031 22:00,557.568821451755
11/05/2031 23:00,493.10797626742993
12/05/2031 00:00,425.67746340634
12/05/2031 01:00,793.0029783782205
12/05/2031 02:00,752.9105454657027
12/05/2031 03:00,394.54299897292367
12/05/2031 04:00,808.0728912689108
12/05/2031 05:00,379.1981324135798
12/05/2031 06:00,423.3743311318664
12/05/2031 07:00,335.37911355435267
12/05/2031 08:00,757.5096106603114
12/05/2031 09:00,758.8261772387599
12/05/2031 10:00,885.1152989021696
12/05/2031 11:00,410.4659062912565
12/05/2031 12:00,160.84262033281624
12/05/2031 13:00,-0.0
12/05/2031 14:00,51.15181148524377
12/05/2031 15:00,490.1904108987356
12/05/2031 16:00,455.96884861849355
12/05/2031 17:00,203.79706198580223
12/05/2031 18:00,427.5489958880142
12/05/2031 19:00,128.67792232020804
12/05/2031 20:00,106.24081747546863
12/05/2031 21:00,85.5115327628994
12/05/2031 22:00,-0.0
12/05/2031 23:00,-0.0
13/05/2031 00:00,1333.5282431050207
13/05/2031 01:00,-0.0
13/05/2031 02:00,-0.0
13/05/2031 03:00,-0.0
13/05/2031 04:00,-0.0
13/05/2031 05:00,-0.0
13/05/2031 06:00,-0.0
13/05/2031 07:00,-0.0
13/05/2031 08:00,88.67557427745844
13/05/2031 09:00,375.0626985511079
13/05/2031 10:00,626.0589314145343
13/05/2031 11:00,367.08186864189076
13/05/2031 12:00,460.7187605775154
13/05/2031 13:00,427.88027306752923
13/05/2031 14:00,357.58959012788495
13/05/2031 15:00,548.0850170020001
13/05/2031 16:00,551.0392683682405
13/05/2031 17:00,340.0122326078234
13/05/2031 18:00,175.41532708543568
13/05/2031 19:00,-0.0
13/05/2031 20:00,15.382791458002187
13/05/2031 21:00,80.0485064142809
13/05/2031 22:00,-0.0
13/05/2031 23:00,-0.0
14/05/2031 00:00,-0.0
14/05/2031 01:00,-0.0
14/05/2031 02:00,-0.0
14/05/2031 03:00,100.3117538766437
14/05/2031 04:00,-0.0
14/05/2031 05:00,-0.0
14/05/2031 06:00,230.4401567203723
14/05/2031 07:00,49.61477025193594
14/05/2031 08:00,67.27530312887394
14/05/2031 09:00,288.1855682114036
14/05/2031 10:00,466.1286313398776
14/05/2031 11:00,304.1716996671294
14/05/2031 12:00,225.37629894091108
14/05/2031 13:00,233.3479643669121
14/05/2031 14:00,202.42325272466977
14/05/2031 15:00,364.0319738287645
14/05/2031 16:00,560.2803664860566
14/05/2031 17:00,364.4891656158955
14/05/2031 18:00,169.28949683120567
14/05/2031 19:00,46.47940549838416
14/05/2031 20:00,-0.0
14/05/2031 21:00,32.54243571234075
14/05/2031 22:00,235.18555993969733
14/05/2031 23:00,257.26719241277226
15/05/2031 00:00,-0.0
15/05/2031 01:00,-0.0
15/05/2031 02:00,-0.0
15/05/2031 03:00,-0.0
15/05/2031 04:00,-0.0
15/05/2031 05:00,-0.0
15/05/2031 06:00,-0.0
15/05/2031 07:00,131.61052150305466
15/05/2031 08:00,-0.0
15/05/2031 09:00,130.72833178464253
15/05/2031 10:00,303.6887316067723
15/05/2031 11:00,68.98595846059365
15/05/2031 12:00,150.46163634417667
15/05/2031 13:00,604.0590890879552
15/05/2031 14:00,214.17057406404749
15/05/2031 15:00,240.2392027096742
15/05/2031 16:00,490.8349431283923
15/05/2031 17:00,333.84953365515753
15/05/2031 18:00,140.01019028871096
15/05/2031 19:00,55.12151087889086
15/05/2031 20:00,455.05323542645476
15/05/2031 21:00,-0.0
15/05/2031 22:00,249.4059257682148
15/05/2031 23:00,-0.0
16/05/2031 00:00,-0.0
16/05/2031 01:00,-0.0
16/05/2031 02:00,-0.0
16/05/2031 03:00,-0.0
16/05/2031 04:00,-0.0
16/05/2031 05:00,-0.0
16/05/2031 06:00,-0.0
16/05/2031 07:00,-0.0
16/05/2031 08:00,-0.0
16/05/2031 09:00,71.10888654782215
16/05/2031 10:00,305.51223523269164
16/05/2031 11:00,391.347544434496
16/05/2031 12:00,264.08306829960367
16/05/2031 13:00,175.7527824504144
16/05/2031 14:00,277.86496091884266
16/05/2031 15:00,336.03928929227106
16/05/2031 16:00,391.670726402365
16/05/2031 17:00,196.18238213222557
16/05/2031 18:00,21.000345893039512
16/05/2031 19:00,-0.0
16/05/2031 20:00,276.5288477510185
16/05/2031 21:00,200.15520321336274
16/05/2031 22:00,149.24730928964942
16/05/2031 23:00,-0.0
17/05/2031 00:00,-0.0
17/05/2031 01:00,-0.0
17/05/2031 02:00,-0.0
17/05/2031 03:00,-0.0
17/05/2031 04:00,-0.0
17/05/2031 05:00,-0.0
17/05/2031 06:00,-0.0
17/05/2031 07:00,97.75897927547733
17/05/2031 08:00,-0.0
17/05/2031 09:00,133.99956142177297
17/05/2031 10:00,393.51054691904596
17/05/2031 11:00,184.10869371836677
17/05/2031 12:00,232.89866498930877
17/05/2031 13:00,212.33431671347157
17/05/2031 14:00,188.57404512557704
17/05/2031 15:00,488.8940283284117
17/05/2031 16:00,328.0451919680864
17/05/2031 17:00,192.72281860418775
17/05/2031 18:00,80.58520053472041
17/05/2031 19:00,-0.0
17/05/2031 20:00,274.1632902474877
17/05/2031 21:00,-0.0
17/05/2031 22:00,-0.0
17/05/2031 23:00,245.5035857984949
18/05/2031 00:00,-0.0
18/05/2031 01:00,237.93511981010914
18/05/2031 02:00,-0.0
18/05/2031 03:00,-0.0
18/05/2031 04:00,-0.0
18/05/2031 05:00,-0.0
18/05/2031 06:00,-0.0
18/05/2031 07:00,-0.0
18/05/2031 08:00,-0.0
18/05/2031 09:00,37.29146068723599
18/05/2031 10:00,208.3263884569605
18/05/2031 11:00,293.0495625739357
18/05/2031 12:00,387.9650486090535
18/05/2031 13:00,231.72682876840489
18/05/2031 14:00,329.3886040293646
18/05/2031 15:00,350.0260001461986
18/05/2031 16:00,594.9973458205652
18/05/2031 17:00,456.8648969329205
18/05/2031 18:00,325.2682328292682
18/05/2031 19:00,418.0984989245814
18/05/2031 20:00,310.06650548179283
18/05/2031 21:00,342.76558855535455
18/05/2031 22:00,282.5191776403779
18/05/2031 23:00,216.69429465165356
19/05/2031 00:00,524.0642165305983
19/05/2031 01:00,35.02910946361063
19/05/2031 02:00,-0.0
19/05/2031 03:00,312.2331029882553
19/05/2031 04:00,-0.0
19/05/2031 05:00,234.79201390306088
19/05/2031 06:00,-0.0
19/05/2031 07:00,-0.0
19/05/2031 08:00,-0.0
19/05/2031 09:00,231.1904165541749
19/05/2031 10:00,461.238995637637
19/05/2031 11:00,221.892383914152
19/05/2031 12:00,335.32004513254594
19/05/2031 13:00,678.4347194647463
19/05/2031 14:00,398.04269437689203
19/05/2031 15:00,375.1412469123087
19/05/2031 16:00,665.477758698182
19/05/2031 17:00,526.683265365242
19/05/2031 18:00,702.7157889581756
19/05/2031 19:00,549.0482784116111
19/05/2031 20:00,529.7022403327084
19/05/2031 21:00,553.5247948572427
19/05/2031 22:00,154.48616133825155
19/05/2031 23:00,157.7414325222345
20/05/2031 00:00,1460.3631491058104
20/05/2031 01:00,141.52489933302581
20/05/2031 02:00,136.40568921103346
20/05/2031 03:00,122.36745571484538
20/05/2031 04:00,93.92373567954795
20/05/2031 05:00,70.01355239474636
20/05/2031 06:00,58.286451958157244
20/05/2031 07:00,69.65180195446696
20/05/2031 08:00,145.2448037830823
20/05/2031 09:00,384.53516072964186
20/05/2031 10:00,597.9331977591481
20/05/2031 11:00,772.0587564513692
20/05/2031 12:00,444.97773353753644
20/05/2031 13:00,907.6025726987064
20/05/2031 14:00,938.3769509930078
20/05/2031 15:00,931.4202048928599
20/05/2031 16:00,816.0368589615417
20/05/2031 17:00,633.6467874541709
20/05/2031 18:00,374.29957762864495
20/05/2031 19:00,254.03174794158446
20/05/2031 20:00,242.88455558224533
20/05/2031 21:00,272.59522860784
20/05/2031 22:00,652.7096483893948
20/05/2031 23:00,394.2091524248152
21/05/2031 00:00,297.0850471990804
21/05/2031 01:00,222.29513638313344
21/05/2031 02:00,145.70356451878126
21/05/2031 03:00,98.37413537222686
21/05/2031 04:00,60.97864343706657
21/05/2031 05:00,18.374369046650326
21/05/2031 06:00,8.251075202338532
21/05/2031 07:00,41.7157814078049
21/05/2031 08:00,175.54007319524422
21/05/2031 09:00,-0.0
21/05/2031 10:00,616.4463716756767
21/05/2031 11:00,712.6396392948515
21/05/2031 12:00,432.5372692285629
21/05/2031 13:00,492.0042799886315
21/05/2031 14:00,901.7242114205495
21/05/2031 15:00,556.6214103103704
21/05/2031 16:00,888.4514390992565
21/05/2031 17:00,707.6329788169245
21/05/2031 18:00,437.75388804328685
21/05/2031 19:00,266.26149973606437
21/05/2031 20:00,183.88093161562165
21/05/2031 21:00,127.8568271138997
21/05/2031 22:00,306.91292313978505
21/05/2031 23:00,431.2331061993825
22/05/2031 00:00,464.0739059125088
22/05/2031 01:00,108.85475187259752
22/05/2031 02:00,111.45183337594717
22/05/2031 03:00,115.42513555668239
22/05/2031 04:00,107.43009016661462
22/05/2031 05:00,20.97904185415358
22/05/2031 06:00,176.2031378499223
22/05/2031 07:00,135.563610959037
22/05/2031 08:00,41.63781958935448
22/05/2031 09:00,274.2079467994309
22/05/2031 10:00,468.5535060560021
22/05/2031 11:00,341.1401791842679
22/05/2031 12:00,487.31142246977646
22/05/2031 13:00,976.149194976581
22/05/2031 14:00,614.022776317005
22/05/2031 15:00,582.0920596597689
22/05/2031 16:00,920.2093106667764
22/05/2031 17:00,837.190576333787
22/05/2031 18:00,697.5143973061371
22/05/2031 19:00,917.3990554854798
22/05/2031 20:00,451.7242298532513
22/05/2031 21:00,827.4825011698174
22/05/2031 22:00,826.0864968781678
22/05/2031 23:00,455.8978221838379
23/05/2031 00:00,459.3339359174408
23/05/2031 01:00,496.2103245868122
23/05/2031 02:00,535.5238522251846
23/05/2031 03:00,542.4652890475678
23/05/2031 04:00,496.4103253714538
23/05/2031 05:00,410.124092742397
23/05/2031 06:00,339.23050015933256
23/05/2031 07:00,714.9813963279197
23/05/2031 08:00,514.5531236674198
23/05/2031 09:00,833.2019103049854
23/05/2031 10:00,748.4347360652488
23/05/2031 11:00,1162.9188736308963
23/05/2031 12:00,1033.581896831496
23/05/2031 13:00,1007.0135300860343
23/05/2031 14:00,1035.2982109278607
23/05/2031 15:00,995.0331084330103
23/05/2031 16:00,1257.5010269118698
23/05/2031 17:00,1108.879859884154
23/05/2031 18:00,893.2240041938585
23/05/2031 19:00,887.5013178415456
23/05/2031 20:00,1068.1799318386177
23/05/2031 21:00,936.3443091615089
23/05/2031 22:00,578.8311681245598
23/05/2031 23:00,555.8285673058188
24/05/2031 00:00,469.5491724853529
24/05/2031 01:00,453.15498957512335
24/05/2031 02:00,418.389327669675
24/05/2031 03:00,393.8607224870143
24/05/2031 04:00,345.6511737013074
24/05/2031 05:00,542.3322648185354
24/05/2031 06:00,576.6149376988877
24/05/2031 07:00,59.68496738795233
24/05/2031 08:00,219.38744276789458
24/05/2031 09:00,400.9958521878985
24/05/2031 10:00,232.42090001186725
24/05/2031 11:00,238.70360026675496
24/05/2031 12:00,661.8143851807775
24/05/2031 13:00,668.974066909819
24/05/2031 14:00,261.56490004669513
24/05/2031 15:00,207.07327059264412
24/05/2031 16:00,356.38770612797924
24/05/2031 17:00,332.4075389981896
24/05/2031 18:00,87.8957514953372
24/05/2031 19:00,-0.0
24/05/2031 20:00,248.19361848580496
24/05/2031 21:00,-0.0
24/05/2031 22:00,-0.0
24/05/2031 23:00,-0.0
25/05/2031 00:00,-0.0
25/05/2031 01:00,76.8401956555182
25/05/2031 02:00,-0.0
25/05/2031 03:00,269.8629338613774
25/05/2031 04:00,-0.0
25/05/2031 05:00,-0.0
25/05/2031 06:00,-0.0
25/05/2031 07:00,182.9756752258091
25/05/2031 08:00,-0.0
25/05/2031 09:00,289.3143094075876
25/05/2031 10:00,126.85414844097825
25/05/2031 11:00,294.6214797731423
25/05/2031 12:00,374.667885713754
25/05/2031 13:00,709.4583681217075
25/05/2031 14:00,671.5041195284587
25/05/2031 15:00,251.8725942984428
25/05/2031 16:00,459.43580542457215
25/05/2031 17:00,276.93654823299767
25/05/2031 18:00,-0.0
25/05/2031 19:00,-0.0
25/05/2031 20:00,-0.0
25/05/2031 21:00,-0.0
25/05/2031 22:00,130.5648986977169
25/05/2031 23:00,-0.0
26/05/2031 00:00,160.05031583695694
26/05/2031 01:00,-0.0
26/05/2031 02:00,-0.0
26/05/2031 03:00,-0.0
26/05/2031 04:00,-0.0
26/05/2031 05:00,-0.0
26/05/2031 06:00,-0.0
26/05/2031 07:00,-0.0
26/05/2031 08:00,-0.0
26/05/2031 09:00,-0.0
26/05/2031 10:00,152.7916167671808
26/05/2031 11:00,278.7684257774287
26/05/2031 12:00,364.0779241522835
26/05/2031 13:00,151.40295324729684
26/05/2031 14:00,245.847040231126
26/05/2031 15:00,236.81556260990456
26/05/2031 16:00,545.1183842639807
26/05/2031 17:00,369.0166869819104
26/05/2031 18:00,570.4762068522737
26/05/2031 19:00,322.84871673739684
26/05/2031 20:00,373.83231008527514
26/05/2031 21:00,462.2876106560184
26/05/2031 22:00,211.43582525131555
26/05/2031 23:00,522.8539467797546
27/05/2031 00:00,1411.655806788031
27/05/2031 01:00,69.83729311084227
27/05/2031 02:00,89.63099723716849
27/05/2031 03:00,124.42804414847718
27/05/2031 04:00,147.3961203720406
27/05/2031 05:00,168.5527892476976
27/05/2031 06:00,191.04759167820035
27/05/2031 07:00,259.8660697361821
27/05/2031 08:00,515.3955456963332
27/05/2031 09:00,702.3172103812032
27/05/2031 10:00,713.3015253619417
27/05/2031 11:00,809.9749726398093
27/05/2031 12:00,463.471150651021
27/05/2031 13:00,585.2352181786704
27/05/2031 14:00,662.0108260474667
27/05/2031 15:00,703.0741687992131
27/05/2031 16:00,533.6948473225793
27/05/2031 17:00,882.3546838050434
27/05/2031 18:00,800.5361298215886
27/05/2031 19:00,729.3388674095338
27/05/2031 20:00,954.4063272579862
27/05/2031 21:00,941.0949053829269
27/05/2031 22:00,775.6108707362391
27/05/2031 23:00,563.0034024060355
28/05/2031 00:00,511.6045909555164
28/05/2031 01:00,517.2436869308476
28/05/2031 02:00,494.1857479085872
28/05/2031 03:00,446.8284433854212
28/05/2031 04:00,466.51352390377303
28/05/2031 05:00,499.0156711041492
28/05/2031 06:00,402.4461338623355
28/05/2031 07:00,263.20092009289294
28/05/2031 08:00,398.965384397821
28/05/2031 09:00,630.7303450739138
28/05/2031 10:00,819.3956586805458
28/05/2031 11:00,545.517530924445
28/05/2031 12:00,478.47025431668254
28/05/2031 13:00,550.2901958149359
28/05/2031 14:00,532.674051469612
28/05/2031 15:00,844.4944213350632
28/05/2031 16:00,719.7654872066227
28/05/2031 17:00,567.5885848871428
28/05/2031 18:00,379.5061907169372
28/05/2031 19:00,174.53980415618295
28/05/2031 20:00,27.674315570180635
28/05/2031 21:00,-0.0
28/05/2031 22:00,-0.0
28/05/2031 23:00,-0.0
29/05/2031 00:00,-0.0
29/05/2031 01:00,-0.0
29/05/2031 02:00,-0.0
29/05/2031 03:00,-0.0
29/05/2031 04:00,-0.0
29/05/2031 05:00,-0.0
29/05/2031 06:00,-0.0
29/05/2031 07:00,-0.0
29/05/2031 08:00,-0.0
29/05/2031 09:00,-0.0
29/05/2031 10:00,-0.0
29/05/2031 11:00,52.140010100547656
29/05/2031 12:00,120.90183933262155
29/05/2031 13:00,176.9977134917768
29/05/2031 14:00,216.28359562358267
29/05/2031 15:00,192.3403462324575
29/05/2031 16:00,98.2889811461535
29/05/2031 17:00,7.657905903911044
29/05/2031 18:00,-0.0
29/05/2031 19:00,133.75562377924746
29/05/2031 20:00,79.01781388537744
29/05/2031 21:00,-0.0
29/05/2031 22:00,121.31571263380013
29/05/2031 23:00,-0.0
30/05/2031 00:00,-0.0
30/05/2031 01:00,-0.0
30/05/2031 02:00,-0.0
30/05/2031 03:00,-0.0
30/05/2031 04:00,-0.0
30/05/2031 05:00,-0.0
30/05/2031 06:00,5.756603953494399
30/05/2031 07:00,-0.0
30/05/2031 08:00,-0.0
30/05/2031 09:00,-0.0
30/05/2031 10:00,17.84429940262502
30/05/2031 11:00,69.1741630648088
30/05/2031 12:00,-0.0
30/05/2031 13:00,-0.0
30/05/2031 14:00,-0.0
30/05/2031 15:00,-0.0
30/05/2031 16:00,91.80935363788922
30/05/2031 17:00,113.72527248525344
30/05/2031 18:00,-0.0
30/05/2031 19:00,-0.0
30/05/2031 20:00,-0.0
30/05/2031 21:00,-0.0
30/05/2031 22:00,-0.0
30/05/2031 23:00,105.59752987046546
31/05/2031 00:00,-0.0
31/05/2031 01:00,-0.0
31/05/2031 02:00,-0.0
31/05/2031 03:00,-0.0
31/05/2031 04:00,-0.0
31/05/2031 05:00,70.02470131112028
31/05/2031 06:00,69.45809328851166
31/05/2031 07:00,48.04084810878305
31/05/2031 08:00,-0.0
31/05/2031 09:00,20.99040003752587
31/05/2031 10:00,148.94718719428656
31/05/2031 11:00,31.43679976043512
31/05/2031 12:00,-0.0
31/05/2031 13:00,-0.0
31/05/2031 14:00,-0.0
31/05/2031 15:00,120.5491436543555
31/05/2031 16:00,215.11813983805175
31/05/2031 17:00,157.0642922582572
31/05/2031 18:00,26.454370661103454
31/05/2031 19:00,-0.0
31/05/2031 20:00,-0.0
31/05/2031 21:00,38.54423598647731
31/05/2031 22:00,243.57206101522746
31/05/2031 23:00,101.79791939293393
01/06/2031 00:00,-0.0
01/06/2031 01:00,-0.0
01/06/2031 02:00,-0.0
01/06/2031 03:00,-0.0
01/06/2031 04:00,-0.0
01/06/2031 05:00,-0.0
01/06/2031 06:00,48.482601001201466
01/06/2031 07:00,50.168402242318656
01/06/2031 08:00,-0.0
01/06/2031 09:00,60.02653192332055
01/06/2031 10:00,54.09898417515516
01/06/2031 11:00,-0.0
01/06/2031 12:00,-0.0
01/06/2031 13:00,-0.0
01/06/2031 14:00,-0.0
01/06/2031 15:00,173.5599932829881
01/06/2031 16:00,173.22009150589506
01/06/2031 17:00,109.18046033937195
01/06/2031 18:00,87.56594554925546
01/06/2031 19:00,240.01015540132016
01/06/2031 20:00,210.3889455915768
01/06/2031 21:00,215.22490631653187
01/06/2031 22:00,-0.0
01/06/2031 23:00,-0.0
02/06/2031 00:00,-0.0
02/06/2031 01:00,-0.0
02/06/2031 02:00,-0.0
02/06/2031 03:00,-0.0
02/06/2031 04:00,-0.0
02/06/2031 05:00,-0.0
02/06/2031 06:00,-0.0
02/06/2031 07:00,-0.0
02/06/2031 08:00,-0.0
02/06/2031 09:00,35.608829677430016
02/06/2031 10:00,146.90220852614974
02/06/2031 11:00,-0.0
02/06/2031 12:00,26.30945147349398
02/06/2031 13:00,-0.0
02/06/2031 14:00,105.89440117516469
02/06/2031 15:00,195.24481856237318
02/06/2031 16:00,464.95724594392226
02/06/2031 17:00,343.10919216370695
02/06/2031 18:00,204.15785514643946
02/06/2031 19:00,395.7015340602642
02/06/2031 20:00,-0.0
02/06/2031 21:00,266.5164709971171
02/06/2031 22:00,247.592849743619
02/06/2031 23:00,214.06711825174497
03/06/2031 00:00,-0.0
03/06/2031 01:00,-0.0
03/06/2031 02:00,-0.0
03/06/2031 03:00,-0.0
03/06/2031 04:00,-0.0
03/06/2031 05:00,-0.0
03/06/2031 06:00,-0.0
03/06/2031 07:00,-0.0
03/06/2031 08:00,-0.0
03/06/2031 09:00,162.04277792767078
03/06/2031 10:00,351.5808139586806
03/06/2031 11:00,157.68032381454375
03/06/2031 12:00,174.5953696590558
03/06/2031 13:00,504.09503417400464
03/06/2031 14:00,289.89770672413493
03/06/2031 15:00,284.03395945839753
03/06/2031 16:00,638.9303647171337
03/06/2031 17:00,539.604698497671
03/06/2031 18:00,364.1985313035571
03/06/2031 19:00,580.8981732339387
03/06/2031 20:00,269.1159586467041
03/06/2031 21:00,315.784135128383
03/06/2031 22:00,102.15669574437536
03/06/2031 23:00,-0.0
04/06/2031 00:00,-0.0
04/06/2031 01:00,-0.0
04/06/2031 02:00,-0.0
04/06/2031 03:00,-0.0
04/06/2031 04:00,-0.0
04/06/2031 05:00,-0.0
04/06/2031 06:00,17.759331480230614
04/06/2031 07:00,-0.0
04/06/2031 08:00,40.347940115672095
04/06/2031 09:00,258.49085436966897
04/06/2031 10:00,59.63218876373796
04/06/2031 11:00,190.02294026632552
04/06/2031 12:00,604.0888539725198
04/06/2031 13:00,271.4078246753442
04/06/2031 14:00,696.977015015481
04/06/2031 15:00,266.03571014982293
04/06/2031 16:00,508.4122491237856
04/06/2031 17:00,355.74894049464103
04/06/2031 18:00,142.97083675065628
04/06/2031 19:00,-0.0
04/06/2031 20:00,247.92900214938896
04/06/2031 21:00,172.26860316865114
04/06/2031 22:00,-0.0
04/06/2031 23:00,-0.0
05/06/2031 00:00,-0.0
05/06/2031 01:00,-0.0
05/06/2031 02:00,-0.0
05/06/2031 03:00,-0.0
05/06/2031 04:00,-0.0
05/06/2031 05:00,-0.0
05/06/2031 06:00,27.281540353789897
05/06/2031 07:00,14.914997015703973
05/06/2031 08:00,-0.0
05/06/2031 09:00,158.52991858232463
05/06/2031 10:00,387.17594033444215
05/06/2031 11:00,448.75758806112117
05/06/2031 12:00,236.9093642083353
05/06/2031 13:00,446.2157043693028
05/06/2031 14:00,212.0969623990925
05/06/2031 15:00,131.76264237563228
05/06/2031 16:00,244.4152313423974
05/06/2031 17:00,244.02396199500583
05/06/2031 18:00,56.90786521287415
05/06/2031 19:00,-0.0
05/06/2031 20:00,164.64416775129757
05/06/2031 21:00,-0.0
05/06/2031 22:00,-0.0
05/06/2031 23:00,116.44117302199983
06/06/2031 00:00,-0.0
06/06/2031 01:00,-0.0
06/06/2031 02:00,-0.0
06/06/2031 03:00,-0.0
06/06/2031 04:00,-0.0
06/06/2031 05:00,92.34225506527142
06/06/2031 06:00,-0.0
06/06/2031 07:00,39.38656494365873
06/06/2031 08:00,-0.0
06/06/2031 09:00,-0.0
06/06/2031 10:00,91.23469190638997
06/06/2031 11:00,-0.0
06/06/2031 12:00,391.0362918834101
06/06/2031 13:00,7.994968896188962
06/06/2031 14:00,91.3185751939658
06/06/2031 15:00,108.55279215806542
06/06/2031 16:00,355.6335497872913
06/06/2031 17:00,327.9959507021722
06/06/2031 18:00,238.9072865376028
06/06/2031 19:00,307.19481655395595
06/06/2031 20:00,505.62415081003047
06/06/2031 21:00,453.05278539128517
06/06/2031 22:00,-0.0
06/06/2031 23:00,223.24149847573457
07/06/2031 00:00,-0.0
07/06/2031 01:00,-0.0
07/06/2031 02:00,-0.0
07/06/2031 03:00,-0.0
07/06/2031 04:00,-0.0
07/06/2031 05:00,196.97589182818209
07/06/2031 06:00,-0.0
07/06/2031 07:00,-0.0
07/06/2031 08:00,-0.0
07/06/2031 09:00,104.37941275779082
07/06/2031 10:00,67.26025013607689
07/06/2031 11:00,34.41414521741035
07/06/2031 12:00,108.06301553342944
07/06/2031 13:00,563.9398042493993
07/06/2031 14:00,170.0251118434121
07/06/2031 15:00,521.1562480821425
07/06/2031 16:00,185.63812752389072
07/06/2031 17:00,288.65702238524426
07/06/2031 18:00,111.39837669580206
07/06/2031 19:00,356.49074601310247
07/06/2031 20:00,-0.0
07/06/2031 21:00,-0.0
07/06/2031 22:00,256.9446220335014
07/06/2031 23:00,93.49074410879503
08/06/2031 00:00,-0.0
08/06/2031 01:00,-0.0
08/06/2031 02:00,-0.0
08/06/2031 03:00,-0.0
08/06/2031 04:00,-0.0
08/06/2031 05:00,-0.0
08/06/2031 06:00,87.97929535537102
08/06/2031 07:00,66.08541541897006
08/06/2031 08:00,-0.0
08/06/2031 09:00,77.23094891711565
08/06/2031 10:00,90.16485510551297
08/06/2031 11:00,10.79129643330691
08/06/2031 12:00,471.42311374407467
08/06/2031 13:00,89.33150049029828
08/06/2031 14:00,144.7613549080205
08/06/2031 15:00,248.45595737155807
08/06/2031 16:00,410.4989772970208
08/06/2031 17:00,286.22880906716705
08/06/2031 18:00,106.3266994636803
08/06/2031 19:00,361.2513656112637
08/06/2031 20:00,268.3347988666758
08/06/2031 21:00,-0.0
08/06/2031 22:00,-0.0
08/06/2031 23:00,-0.0
09/06/2031 00:00,48.317873075672345
09/06/2031 01:00,-0.0
09/06/2031 02:00,-0.0
09/06/2031 03:00,-0.0
09/06/2031 04:00,-0.0
09/06/2031 05:00,-0.0
09/06/2031 06:00,39.38565676863414
09/06/2031 07:00,-0.0
09/06/2031 08:00,-0.0
09/06/2031 09:00,52.66169460787372
09/06/2031 10:00,269.44016576620373
09/06/2031 11:00,17.136777376993752
09/06/2031 12:00,123.54692072510512
09/06/2031 13:00,209.32098229555956
09/06/2031 14:00,659.1665938457763
09/06/2031 15:00,256.47930990782766
09/06/2031 16:00,478.22468023706693
09/06/2031 17:00,375.7676636057828
09/06/2031 18:00,176.8848462502911
09/06/2031 19:00,23.415218043977724
09/06/2031 20:00,362.8731211822005
09/06/2031 21:00,322.3020685020855
09/06/2031 22:00,220.13042954596312
09/06/2031 23:00,178.8850293433719
10/06/2031 00:00,-0.0
10/06/2031 01:00,-0.0
10/06/2031 02:00,-0.0
10/06/2031 03:00,-0.0
10/06/2031 04:00,-0.0
10/06/2031 05:00,-0.0
10/06/2031 06:00,-0.0
10/06/2031 07:00,-0.0
10/06/2031 08:00,-0.0
10/06/2031 09:00,142.26221848315677
10/06/2031 10:00,36.294084046892316
10/06/2031 11:00,366.041616936154
10/06/2031 12:00,153.87322326832052
10/06/2031 13:00,597.257724309619
10/06/2031 14:00,443.8198686339554
10/06/2031 15:00,685.1260265386717
10/06/2031 16:00,285.0437306022552
10/06/2031 17:00,402.7568684991144
10/06/2031 18:00,344.9786445416308
10/06/2031 19:00,142.34447658910128
10/06/2031 20:00,17.64007927349523
10/06/2031 21:00,-0.0
10/06/2031 22:00,-0.0
10/06/2031 23:00,336.7019099291882
11/06/2031 00:00,-0.0
11/06/2031 01:00,-0.0
11/06/2031 02:00,312.1179765203932
11/06/2031 03:00,153.15930910039077
11/06/2031 04:00,-0.0
11/06/2031 05:00,-0.0
11/06/2031 06:00,263.95024962391307
11/06/2031 07:00,-0.0
11/06/2031 08:00,55.41491468379395
11/06/2031 09:00,154.57052004131734
11/06/2031 10:00,403.6215061806164
11/06/2031 11:00,493.34917068064436
11/06/2031 12:00,230.79790621407685
11/06/2031 13:00,353.4073948634268
11/06/2031 14:00,524.2874339379687
11/06/2031 15:00,669.3920242545109
11/06/2031 16:00,864.2043405525707
11/06/2031 17:00,860.4112475928858
11/06/2031 18:00,698.2591110058808
11/06/2031 19:00,487.8041751082489
11/06/2031 20:00,357.9376298898555
11/06/2031 21:00,485.9191067241222
11/06/2031 22:00,309.17441814277197
11/06/2031 23:00,85.25580472675364
12/06/2031 00:00,-0.0
12/06/2031 01:00,-0.0
12/06/2031 02:00,-0.0
12/06/2031 03:00,-0.0
12/06/2031 04:00,-0.0
12/06/2031 05:00,242.67049545142382
12/06/2031 06:00,164.0965793713384
12/06/2031 07:00,119.726606574268
12/06/2031 08:00,140.77882550138926
12/06/2031 09:00,75.80951707243457
12/06/2031 10:00,229.60486765461852
12/06/2031 11:00,-0.0
12/06/2031 12:00,-0.0
12/06/2031 13:00,403.8408058373541
12/06/2031 14:00,342.33190683687616
12/06/2031 15:00,-0.0
12/06/2031 16:00,10.735058434159505
12/06/2031 17:00,355.6933485664399
12/06/2031 18:00,303.8792678214815
12/06/2031 19:00,431.29336585464347
12/06/2031 20:00,518.5623655588874
12/06/2031 21:00,535.5959135357059
12/06/2031 22:00,268.294508652437
12/06/2031 23:00,206.11238864341266
13/06/2031 00:00,245.3115822325924
13/06/2031 01:00,280.7584360462301
13/06/2031 02:00,294.5224984613145
13/06/2031 03:00,288.0342145245066
13/06/2031 04:00,274.06544103708575
13/06/2031 05:00,219.617866977191
13/06/2031 06:00,377.9582985319137
13/06/2031 07:00,287.8036744070529
13/06/2031 08:00,102.7329456891529
13/06/2031 09:00,334.82327862782495
13/06/2031 10:00,377.28926403878137
13/06/2031 11:00,298.8499838676228
13/06/2031 12:00,98.34763084950596
13/06/2031 13:00,101.25749156984764
13/06/2031 14:00,136.1597355456035
13/06/2031 15:00,103.41553162516198
13/06/2031 16:00,528.4581257970852
13/06/2031 17:00,438.431723522768
13/06/2031 18:00,204.28867645689783
13/06/2031 19:00,-0.0
13/06/2031 20:00,-0.0
13/06/2031 21:00,122.38084756524931
13/06/2031 22:00,-0.0
13/06/2031 23:00,-0.0
14/06/2031 00:00,366.38518556604515
14/06/2031 01:00,-0.0
14/06/2031 02:00,349.1276485739663
14/06/2031 03:00,-0.0
14/06/2031 04:00,-0.0
14/06/2031 05:00,-0.0
14/06/2031 06:00,89.9539830527334
14/06/2031 07:00,83.16194799965672
14/06/2031 08:00,-0.0
14/06/2031 09:00,104.83831121370383
14/06/2031 10:00,257.20879184642797
14/06/2031 11:00,294.71913237804193
14/06/2031 12:00,48.96438310438244
14/06/2031 13:00,121.29812209311166
14/06/2031 14:00,200.67549122469157
14/06/2031 15:00,198.35589338320887
14/06/2031 16:00,563.0897315333505
14/06/2031 17:00,463.02613686917925
14/06/2031 18:00,718.319769982402
14/06/2031 19:00,136.80830978644715
14/06/2031 20:00,164.31086153214642
14/06/2031 21:00,484.92858668831605
14/06/2031 22:00,415.5042058734222
14/06/2031 23:00,40.656631337441745
15/06/2031 00:00,414.2989165932658
15/06/2031 01:00,-0.0
15/06/2031 02:00,-0.0
15/06/2031 03:00,-0.0
15/06/2031 04:00,-0.0
15/06/2031 05:00,-0.0
15/06/2031 06:00,-0.0
15/06/2031 07:00,-0.0
15/06/2031 08:00,-0.0
15/06/2031 09:00,96.98372941591714
15/06/2031 10:00,312.31616285489997
15/06/2031 11:00,245.02899423787434
15/06/2031 12:00,86.71281253650844
15/06/2031 13:00,102.53089295282537
15/06/2031 14:00,89.635988443818
15/06/2031 15:00,110.7330999752735
15/06/2031 16:00,283.7829910192047
15/06/2031 17:00,120.14131035932547
15/06/2031 18:00,-0.0
15/06/2031 19:00,-0.0
15/06/2031 20:00,115.74622873806344
15/06/2031 21:00,251.29586254532404
15/06/2031 22:00,284.81220731593993
15/06/2031 23:00,20.440475639592712
16/06/2031 00:00,-0.0
16/06/2031 01:00,9.163397104597937
16/06/2031 02:00,14.029001797472365
16/06/2031 03:00,-0.0
16/06/2031 04:00,386.8545263291448
16/06/2031 05:00,-0.0
16/06/2031 06:00,-0.0
16/06/2031 07:00,-0.0
16/06/2031 08:00,33.396143434123225
16/06/2031 09:00,211.50898310705847
16/06/2031 10:00,279.9012922143698
16/06/2031 11:00,292.03468671669776
16/06/2031 12:00,196.2517292105324
16/06/2031 13:00,214.85524520702668
16/06/2031 14:00,304.2140947256803
16/06/2031 15:00,328.9763801135892
16/06/2031 16:00,503.13227813819026
16/06/2031 17:00,236.36605911200465
16/06/2031 18:00,-0.0
16/06/2031 19:00,50.823971425247045
16/06/2031 20:00,-0.0
16/06/2031 21:00,-0.0
16/06/2031 22:00,32.855779025318114
16/06/2031 23:00,70.73597171327498
17/06/2031 00:00,1542.1297217215213
17/06/2031 01:00,-0.0
17/06/2031 02:00,-0.0
17/06/2031 03:00,-0.0
17/06/2031 04:00,-0.0
17/06/2031 05:00,-0.0
17/06/2031 06:00,-0.0
17/06/2031 07:00,-0.0
17/06/2031 08:00,-0.0
17/06/2031 09:00,121.27459256764867
17/06/2031 10:00,318.77530341864195
17/06/2031 11:00,628.4313859124245
17/06/2031 12:00,942.0560420453312
17/06/2031 13:00,783.7097323222575
17/06/2031 14:00,691.1531086856538
17/06/2031 15:00,726.9813246059861
17/06/2031 16:00,801.9003910384456
17/06/2031 17:00,951.68487247897
17/06/2031 18:00,652.3755433251599
17/06/2031 19:00,358.5388682511704
17/06/2031 20:00,173.10327652175116
17/06/2031 21:00,406.79655190935785
17/06/2031 22:00,131.57941644003833
17/06/2031 23:00,272.9461134193456
18/06/2031 00:00,193.45521235015048
18/06/2031 01:00,-0.0
18/06/2031 02:00,16.59506991099219
18/06/2031 03:00,34.848820734117766
18/06/2031 04:00,64.3439671001067
18/06/2031 05:00,108.74845337515154
18/06/2031 06:00,56.32901138284343
18/06/2031 07:00,136.99751856336323
18/06/2031 08:00,290.8331244436308
18/06/2031 09:00,322.61869348700554
18/06/2031 10:00,542.1154881948074
18/06/2031 11:00,428.99621221532016
18/06/2031 12:00,333.05441335565376
18/06/2031 13:00,365.80992739168875
18/06/2031 14:00,453.48459090610766
18/06/2031 15:00,537.763482260127
18/06/2031 16:00,743.5027213590187
18/06/2031 17:00,558.1994829347494
18/06/2031 18:00,323.1451119132817
18/06/2031 19:00,581.9496799288365
18/06/2031 20:00,629.5226568832957
18/06/2031 21:00,259.03785471055215
18/06/2031 22:00,623.1381199831134
18/06/2031 23:00,250.73667230126367
19/06/2031 00:00,596.446111671501
19/06/2031 01:00,121.2806223212251
19/06/2031 02:00,78.04574315996345
19/06/2031 03:00,53.456514075024415
19/06/2031 04:00,4.761974071087374
19/06/2031 05:00,-0.0
19/06/2031 06:00,-0.0
19/06/2031 07:00,-0.0
19/06/2031 08:00,-0.0
19/06/2031 09:00,12.41270311623823
19/06/2031 10:00,201.29916365152604
19/06/2031 11:00,244.37083504006705
19/06/2031 12:00,40.633813968553795
19/06/2031 13:00,89.76954173549197
19/06/2031 14:00,94.70812840578212
19/06/2031 15:00,285.5078704583731
19/06/2031 16:00,122.36757565359193
19/06/2031 17:00,282.7115623842916
19/06/2031 18:00,185.9065792600852
19/06/2031 19:00,314.1494864528242
19/06/2031 20:00,378.53195606940966
19/06/2031 21:00,-0.0
19/06/2031 22:00,-0.0
19/06/2031 23:00,251.88871016938924
20/06/2031 00:00,73.0752995959158
20/06/2031 01:00,-0.0
20/06/2031 02:00,-0.0
20/06/2031 03:00,-0.0
20/06/2031 04:00,-0.0
20/06/2031 05:00,-0.0
20/06/2031 06:00,-0.0
20/06/2031 07:00,-0.0
20/06/2031 08:00,-0.0
20/06/2031 09:00,-0.0
20/06/2031 10:00,154.14666371300146
20/06/2031 11:00,340.6214297894462
20/06/2031 12:00,106.19371553107678
20/06/2031 13:00,214.11598533966975
20/06/2031 14:00,475.76142743705174
20/06/2031 15:00,234.4487947951556
20/06/2031 16:00,284.1520972185707
20/06/2031 17:00,387.8655857329904
20/06/2031 18:00,197.93357633970587
20/06/2031 19:00,9.803835821844789
20/06/2031 20:00,-0.0
20/06/2031 21:00,-0.0
20/06/2031 22:00,-0.0
20/06/2031 23:00,219.42700478491352
21/06/2031 00:00,-0.0
21/06/2031 01:00,-0.0
21/06/2031 02:00,-0.0
21/06/2031 03:00,-0.0
21/06/2031 04:00,-0.0
21/06/2031 05:00,27.26291300500887
21/06/2031 06:00,46.67785894033775
21/06/2031 07:00,51.37861534732013
21/06/2031 08:00,-0.0
21/06/2031 09:00,-0.0
21/06/2031 10:00,28.261404920764335
21/06/2031 11:00,234.7179777935923
21/06/2031 12:00,73.67356302890549
21/06/2031 13:00,139.29761421708554
21/06/2031 14:00,272.31808641220607
21/06/2031 15:00,381.0425332419405
21/06/2031 16:00,609.1403700983325
21/06/2031 17:00,653.313766752125
21/06/2031 18:00,459.59117577769115
21/06/2031 19:00,402.2081906331849
21/06/2031 20:00,192.7330485549294
21/06/2031 21:00,389.8219716146181
21/06/2031 22:00,14.24821118780928
21/06/2031 23:00,428.5840528257921
22/06/2031 00:00,167.12660909663686
22/06/2031 01:00,127.50115331090713
22/06/2031 02:00,202.89701268490325
22/06/2031 03:00,244.52822270005595
22/06/2031 04:00,362.0637473330104
22/06/2031 05:00,589.6736349536801
22/06/2031 06:00,179.95379543104335
22/06/2031 07:00,159.43773504983977
22/06/2031 08:00,281.53373654575086
22/06/2031 09:00,221.16039651028086
22/06/2031 10:00,152.20189253042915
22/06/2031 11:00,-0.0
22/06/2031 12:00,-0.0
22/06/2031 13:00,281.12854700739257
22/06/2031 14:00,258.41013181708786
22/06/2031 15:00,202.8566301827025
22/06/2031 16:00,431.2388476939375
22/06/2031 17:00,301.85961522513367
22/06/2031 18:00,130.43376398159745
22/06/2031 19:00,-0.0
22/06/2031 20:00,138.02815046089103
22/06/2031 21:00,-0.0
22/06/2031 22:00,-0.0
22/06/2031 23:00,287.81982647405465
23/06/2031 00:00,-0.0
23/06/2031 01:00,-0.0
23/06/2031 02:00,-0.0
23/06/2031 03:00,-0.0
23/06/2031 04:00,-0.0
23/06/2031 05:00,-0.0
23/06/2031 06:00,160.00355476959024
23/06/2031 07:00,-0.0
23/06/2031 08:00,288.73824780116365
23/06/2031 09:00,74.34263196127229
23/06/2031 10:00,-0.0
23/06/2031 11:00,310.849622287986
23/06/2031 12:00,264.6495261431596
23/06/2031 13:00,83.41645078617597
23/06/2031 14:00,144.06527207078753
23/06/2031 15:00,138.87958504165871
23/06/2031 16:00,478.5581149928251
23/06/2031 17:00,515.1525583985249
23/06/2031 18:00,283.15600760296337
23/06/2031 19:00,287.6935865863601
23/06/2031 20:00,-0.0
23/06/2031 21:00,27.904789148621045
23/06/2031 22:00,383.85221260481745
23/06/2031 23:00,398.45164414120524
24/06/2031 00:00,160.3643874332437
24/06/2031 01:00,-0.0
24/06/2031 02:00,-0.0
24/06/2031 03:00,-0.0
24/06/2031 04:00,-0.0
24/06/2031 05:00,-0.0
24/06/2031 06:00,-0.0
24/06/2031 07:00,-0.0
24/06/2031 08:00,-0.0
24/06/2031 09:00,166.74050600202497
24/06/2031 10:00,355.87076529200345
24/06/2031 11:00,478.829054838548
24/06/2031 12:00,267.01296369832295
24/06/2031 13:00,213.8352085391438
24/06/2031 14:00,194.0537754148535
24/06/2031 15:00,328.27043103610725
24/06/2031 16:00,553.5655040478671
24/06/2031 17:00,778.1500591510472
24/06/2031 18:00,534.4948087875299
24/06/2031 19:00,311.55165065164033
24/06/2031 20:00,151.28926958055007
24/06/2031 21:00,345.8251036641714
24/06/2031 22:00,332.4523695739376
24/06/2031 23:00,309.7264984933607
25/06/2031 00:00,-0.0
25/06/2031 01:00,-0.0
25/06/2031 02:00,2.136930337520297
25/06/2031 03:00,210.50190185115684
25/06/2031 04:00,1.984007060973985
25/06/2031 05:00,-0.0
25/06/2031 06:00,81.94679144094542
25/06/2031 07:00,70.09640712722984
25/06/2031 08:00,178.6439045798137
25/06/2031 09:00,327.2613924852467
25/06/2031 10:00,417.5476547886468
25/06/2031 11:00,279.69422622735675
25/06/2031 12:00,395.68004434926416
25/06/2031 13:00,459.65067454293046
25/06/2031 14:00,648.8931965194085
25/06/2031 15:00,1045.6193662798587
25/06/2031 16:00,938.2753838236737
25/06/2031 17:00,749.238288939321
25/06/2031 18:00,426.42797143083254
25/06/2031 19:00,135.46402728624227
25/06/2031 20:00,-0.0
25/06/2031 21:00,64.35383957610122
25/06/2031 22:00,159.27830270782877
25/06/2031 23:00,-0.0
26/06/2031 00:00,-0.0
26/06/2031 01:00,-0.0
26/06/2031 02:00,-0.0
26/06/2031 03:00,-0.0
26/06/2031 04:00,-0.0
26/06/2031 05:00,-0.0
26/06/2031 06:00,-0.0
26/06/2031 07:00,-0.0
26/06/2031 08:00,-0.0
26/06/2031 09:00,-0.0
26/06/2031 10:00,143.45758885451627
26/06/2031 11:00,249.00266441782784
26/06/2031 12:00,253.79606536384532
26/06/2031 13:00,141.43373530444586
26/06/2031 14:00,39.55519281235612
26/06/2031 15:00,96.76852980956052
26/06/2031 16:00,373.0989614785554
26/06/2031 17:00,266.7797266499144
26/06/2031 18:00,-0.0
26/06/2031 19:00,341.0742735889935
26/06/2031 20:00,125.10529226353088
26/06/2031 21:00,-0.0
26/06/2031 22:00,-0.0
26/06/2031 23:00,-0.0
27/06/2031 00:00,22.50934451949283
27/06/2031 01:00,-0.0
27/06/2031 02:00,-0.0
27/06/2031 03:00,-0.0
27/06/2031 04:00,-0.0
27/06/2031 05:00,150.27641525504708
27/06/2031 06:00,-0.0
27/06/2031 07:00,-0.0
27/06/2031 08:00,-0.0
27/06/2031 09:00,20.207202657768672
27/06/2031 10:00,194.5838132008192
27/06/2031 11:00,337.8974285497225
27/06/2031 12:00,13.095020039867029
27/06/2031 13:00,54.08266431505189
27/06/2031 14:00,476.9088422390288
27/06/2031 15:00,51.518889983757504
27/06/2031 16:00,216.71957270409445
27/06/2031 17:00,-0.0
27/06/2031 18:00,-0.0
27/06/2031 19:00,132.12887069202108
27/06/2031 20:00,161.21865321895206
27/06/2031 21:00,192.08184837280047
27/06/2031 22:00,52.139159390761144
27/06/2031 23:00,-0.0
28/06/2031 00:00,-0.0
28/06/2031 01:00,-0.0
28/06/2031 02:00,-0.0
28/06/2031 03:00,-0.0
28/06/2031 04:00,-0.0
28/06/2031 05:00,-0.0
28/06/2031 06:00,-0.0
28/06/2031 07:00,-0.0
28/06/2031 08:00,-0.0
28/06/2031 09:00,-0.0
28/06/2031 10:00,8.752638582534559
28/06/2031 11:00,286.46228262059043
28/06/2031 12:00,-0.0
28/06/2031 13:00,384.61884206437287
28/06/2031 14:00,73.44028722109515
28/06/2031 15:00,6.765532497993387
28/06/2031 16:00,347.2381616826381
28/06/2031 17:00,258.8798533267794
28/06/2031 18:00,539.5436917327846
28/06/2031 19:00,38.58910031896724
28/06/2031 20:00,92.99415814828234
28/06/2031 21:00,106.23363654127081
28/06/2031 22:00,98.3606215440055
28/06/2031 23:00,52.64474506807261
29/06/2031 00:00,43.17112854594172
29/06/2031 01:00,41.29880682962811
29/06/2031 02:00,275.51196050325467
29/06/2031 03:00,248.23720717696827
29/06/2031 04:00,263.55486967586165
29/06/2031 05:00,-0.0
29/06/2031 06:00,-0.0
29/06/2031 07:00,122.37106621550622
29/06/2031 08:00,-0.0
29/06/2031 09:00,57.38701706252039
29/06/2031 10:00,186.75476582644964
29/06/2031 11:00,11.357108916378172
29/06/2031 12:00,98.32473094164389
29/06/2031 13:00,556.2342766896928
29/06/2031 14:00,185.1538337885662
29/06/2031 15:00,126.18005649262916
29/06/2031 16:00,424.9400638940998
29/06/2031 17:00,266.24477241055365
29/06/2031 18:00,480.30945373875574
29/06/2031 19:00,-0.0
29/06/2031 20:00,141.68138797238885
29/06/2031 21:00,-0.0
29/06/2031 22:00,-0.0
29/06/2031 23:00,-0.0
30/06/2031 00:00,-0.0
30/06/2031 01:00,-0.0
30/06/2031 02:00,232.13855251469454
30/06/2031 03:00,-0.0
30/06/2031 04:00,-0.0
30/06/2031 05:00,-0.0
30/06/2031 06:00,-0.0
30/06/2031 07:00,48.044353170286435
30/06/2031 08:00,-0.0
30/06/2031 09:00,-0.0
30/06/2031 10:00,-0.0
30/06/2031 11:00,333.8283809165463
30/06/2031 12:00,5.950311335662488
30/06/2031 13:00,49.03522391096469
30/06/2031 14:00,50.62418118464022
30/06/2031 15:00,393.85013461292806
30/06/2031 16:00,264.90565640815436
30/06/2031 17:00,-0.0
30/06/2031 18:00,265.5535036461725
30/06/2031 19:00,91.15290906195155
30/06/2031 20:00,-0.0
30/06/2031 21:00,-0.0
30/06/2031 22:00,-0.0
30/06/2031 23:00,-0.0
01/07/2031 00:00,375.31226635394296
01/07/2031 01:00,-0.0
01/07/2031 02:00,-0.0
01/07/2031 03:00,-0.0
01/07/2031 04:00,-0.0
01/07/2031 05:00,-0.0
01/07/2031 06:00,-0.0
01/07/2031 07:00,-0.0
01/07/2031 08:00,-0.0
01/07/2031 09:00,135.26595366335124
01/07/2031 10:00,363.602099337182
01/07/2031 11:00,575.9178751023402
01/07/2031 12:00,675.6849668939086
01/07/2031 13:00,599.3457780240136
01/07/2031 14:00,717.7203597301384
01/07/2031 15:00,640.9347663272902
01/07/2031 16:00,413.9140968957003
01/07/2031 17:00,470.6934519378201
01/07/2031 18:00,70.77678521870078
01/07/2031 19:00,32.86786625512363
01/07/2031 20:00,-0.0
01/07/2031 21:00,-0.0
01/07/2031 22:00,-0.0
01/07/2031 23:00,-0.0
02/07/2031 00:00,-0.0
02/07/2031 01:00,-0.0
02/07/2031 02:00,-0.0
02/07/2031 03:00,-0.0
02/07/2031 04:00,-0.0
02/07/2031 05:00,-0.0
02/07/2031 06:00,-0.0
02/07/2031 07:00,-0.0
02/07/2031 08:00,-0.0
02/07/2031 09:00,253.5789059288838
02/07/2031 10:00,647.4540111942184
02/07/2031 11:00,429.31585127266595
02/07/2031 12:00,764.3297205310714
02/07/2031 13:00,590.7949532469278
02/07/2031 14:00,653.8525453418168
02/07/2031 15:00,1091.5272046884982
02/07/2031 16:00,748.5501152688248
02/07/2031 17:00,1167.9118595345033
02/07/2031 18:00,993.2504377276117
02/07/2031 19:00,775.1406171353902
02/07/2031 20:00,592.2855614153873
02/07/2031 21:00,466.9057597575671
02/07/2031 22:00,239.10863071701806
02/07/2031 23:00,182.41008161106188
03/07/2031 00:00,99.86597034562651
03/07/2031 01:00,85.86643157922964
03/07/2031 02:00,103.50555059665784
03/07/2031 03:00,80.85872296298862
03/07/2031 04:00,48.2211343103287
03/07/2031 05:00,6.8435054680391945
03/07/2031 06:00,227.65194195510213
03/07/2031 07:00,274.05164396189014
03/07/2031 08:00,73.60906848173235
03/07/2031 09:00,-0.0
03/07/2031 10:00,-0.0
03/07/2031 11:00,299.48094547996743
03/07/2031 12:00,67.82751891732039
03/07/2031 13:00,317.39962335669685
03/07/2031 14:00,399.6218207067702
03/07/2031 15:00,403.83167778115137
03/07/2031 16:00,452.5839727080861
03/07/2031 17:00,351.8917717337275
03/07/2031 18:00,458.8502769141657
03/07/2031 19:00,81.73770522463929
03/07/2031 20:00,42.24052344714286
03/07/2031 21:00,428.29403102900716
03/07/2031 22:00,289.9818724614196
03/07/2031 23:00,231.73395783722503
04/07/2031 00:00,-0.0
04/07/2031 01:00,-0.0
04/07/2031 02:00,-0.0
04/07/2031 03:00,-0.0
04/07/2031 04:00,-0.0
04/07/2031 05:00,-0.0
04/07/2031 06:00,-0.0
04/07/2031 07:00,-0.0
04/07/2031 08:00,-0.0
04/07/2031 09:00,-0.0
04/07/2031 10:00,-0.0
04/07/2031 11:00,-0.0
04/07/2031 12:00,-0.0
04/07/2031 13:00,-0.0
04/07/2031 14:00,-0.0
04/07/2031 15:00,-0.0
04/07/2031 16:00,199.25537706124737
04/07/2031 17:00,72.04453307940294
04/07/2031 18:00,-0.0
04/07/2031 19:00,-0.0
04/07/2031 20:00,-0.0
04/07/2031 21:00,-0.0
04/07/2031 22:00,-0.0
04/07/2031 23:00,-0.0
05/07/2031 00:00,-0.0
05/07/2031 01:00,-0.0
05/07/2031 02:00,-0.0
05/07/2031 03:00,-0.0
05/07/2031 04:00,-0.0
05/07/2031 05:00,-0.0
05/07/2031 06:00,-0.0
05/07/2031 07:00,-0.0
05/07/2031 08:00,-0.0
05/07/2031 09:00,-0.0
05/07/2031 10:00,-0.0
05/07/2031 11:00,205.8760394791765
05/07/2031 12:00,-0.0
05/07/2031 13:00,148.69009900242756
05/07/2031 14:00,-0.0
05/07/2031 15:00,241.46729141255062
05/07/2031 16:00,-0.0
05/07/2031 17:00,-0.0
05/07/2031 18:00,-0.0
05/07/2031 19:00,-0.0
05/07/2031 20:00,-0.0
05/07/2031 21:00,-0.0
05/07/2031 22:00,-0.0
05/07/2031 23:00,-0.0
06/07/2031 00:00,-0.0
06/07/2031 01:00,-0.0
06/07/2031 02:00,-0.0
06/07/2031 03:00,-0.0
06/07/2031 04:00,-0.0
06/07/2031 05:00,-0.0
06/07/2031 06:00,-0.0
06/07/2031 07:00,-0.0
06/07/2031 08:00,-0.0
06/07/2031 09:00,-0.0
06/07/2031 10:00,58.58245151371364
06/07/2031 11:00,-0.0
06/07/2031 12:00,-0.0
06/07/2031 13:00,-0.0
06/07/2031 14:00,-0.0
06/07/2031 15:00,207.6300777377663
06/07/2031 16:00,103.33190279288553
06/07/2031 17:00,-0.0
06/07/2031 18:00,-0.0
06/07/2031 19:00,-0.0
06/07/2031 20:00,14.455827425909707
06/07/2031 21:00,-0.0
06/07/2031 22:00,-0.0
06/07/2031 23:00,-0.0
07/07/2031 00:00,-0.0
07/07/2031 01:00,-0.0
07/07/2031 02:00,-0.0
07/07/2031 03:00,-0.0
07/07/2031 04:00,-0.0
07/07/2031 05:00,-0.0
07/07/2031 06:00,-0.0
07/07/2031 07:00,-0.0
07/07/2031 08:00,-0.0
07/07/2031 09:00,-0.0
07/07/2031 10:00,31.216766240081828
07/07/2031 11:00,-0.0
07/07/2031 12:00,-0.0
07/07/2031 13:00,334.66740824518644
07/07/2031 14:00,-0.0
07/07/2031 15:00,-0.0
07/07/2031 16:00,230.99811484611223
07/07/2031 17:00,25.07744207028711
07/07/2031 18:00,327.8813318651659
07/07/2031 19:00,182.01608848717547
07/07/2031 20:00,-0.0
07/07/2031 21:00,-0.0
07/07/2031 22:00,-0.0
07/07/2031 23:00,-0.0
08/07/2031 00:00,1787.4764261168382
08/07/2031 01:00,-0.0
08/07/2031 02:00,-0.0
08/07/2031 03:00,-0.0
08/07/2031 04:00,-0.0
08/07/2031 05:00,-0.0
08/07/2031 06:00,-0.0
08/07/2031 07:00,-0.0
08/07/2031 08:00,-0.0
08/07/2031 09:00,73.86989792151753
08/07/2031 10:00,265.51506359566196
08/07/2031 11:00,474.92208014585464
08/07/2031 12:00,265.8802510494412
08/07/2031 13:00,304.61843925364377
08/07/2031 14:00,384.5693592586604
08/07/2031 15:00,398.8464965127581
08/07/2031 16:00,613.8890154144244
08/07/2031 17:00,600.4946047424844
08/07/2031 18:00,355.11359561777266
08/07/2031 19:00,137.9729471006323
08/07/2031 20:00,104.9161953498354
08/07/2031 21:00,302.1546471277959
08/07/2031 22:00,-0.0
08/07/2031 23:00,211.08069138617384
09/07/2031 00:00,-0.0
09/07/2031 01:00,218.57992985914262
09/07/2031 02:00,-0.0
09/07/2031 03:00,-0.0
09/07/2031 04:00,-0.0
09/07/2031 05:00,-0.0
09/07/2031 06:00,-0.0
09/07/2031 07:00,-0.0
09/07/2031 08:00,-0.0
09/07/2031 09:00,182.34677711233667
09/07/2031 10:00,398.13159562308306
09/07/2031 11:00,350.9613714378077
09/07/2031 12:00,247.33169658663365
09/07/2031 13:00,272.96501802956857
09/07/2031 14:00,300.25218597188467
09/07/2031 15:00,371.7726112551628
09/07/2031 16:00,575.0914864696955
09/07/2031 17:00,390.68873102127617
09/07/2031 18:00,159.07179335814592
09/07/2031 19:00,-0.0
09/07/2031 20:00,-0.0
09/07/2031 21:00,-0.0
09/07/2031 22:00,-0.0
09/07/2031 23:00,397.6162392561754
10/07/2031 00:00,94.06482805569816
10/07/2031 01:00,-0.0
10/07/2031 02:00,-0.0
10/07/2031 03:00,-0.0
10/07/2031 04:00,95.72352306449497
10/07/2031 05:00,-0.0
10/07/2031 06:00,16.712332821334083
10/07/2031 07:00,-0.0
10/07/2031 08:00,101.43827767198309
10/07/2031 09:00,-0.0
10/07/2031 10:00,-0.0
10/07/2031 11:00,280.8809445890905
10/07/2031 12:00,-0.0
10/07/2031 13:00,489.815503416718
10/07/2031 14:00,544.6357570481747
10/07/2031 15:00,154.22959656079922
10/07/2031 16:00,502.7810525356264
10/07/2031 17:00,38.09611802067936
10/07/2031 18:00,636.3864374304452
10/07/2031 19:00,170.3978891087202
10/07/2031 20:00,299.4847450062679
10/07/2031 21:00,434.66204998840044
10/07/2031 22:00,-0.0
10/07/2031 23:00,-0.0
11/07/2031 00:00,174.55727679670818
11/07/2031 01:00,30.68653310633957
11/07/2031 02:00,353.02230522994677
11/07/2031 03:00,125.29285981004051
11/07/2031 04:00,73.97443597982073
11/07/2031 05:00,26.685355549687806
11/07/2031 06:00,7.923243547481036
11/07/2031 07:00,-0.0
11/07/2031 08:00,48.73526914445717
11/07/2031 09:00,-0.0
11/07/2031 10:00,19.222466887462158
11/07/2031 11:00,212.18975603286572
11/07/2031 12:00,701.5755747477895
11/07/2031 13:00,764.4672450628797
11/07/2031 14:00,816.8753983818679
11/07/2031 15:00,805.987752509707
11/07/2031 16:00,373.27463880704016
11/07/2031 17:00,431.37457057283746
11/07/2031 18:00,565.1281286996796
11/07/2031 19:00,448.228610424311
11/07/2031 20:00,800.1994906910115
11/07/2031 21:00,393.56426664322004
11/07/2031 22:00,627.5294469583121
11/07/2031 23:00,245.76755256288334
12/07/2031 00:00,536.943007789609
12/07/2031 01:00,438.7942998345868
12/07/2031 02:00,367.78081836536944
12/07/2031 03:00,309.3775206066013
12/07/2031 04:00,320.1450159804019
12/07/2031 05:00,509.5119247682557
12/07/2031 06:00,194.1515070421344
12/07/2031 07:00,620.1424476550884
12/07/2031 08:00,342.15040428688565
12/07/2031 09:00,204.77039263417396
12/07/2031 10:00,142.39990034068873
12/07/2031 11:00,210.39383409151833
12/07/2031 12:00,707.3280843464865
12/07/2031 13:00,803.5415798440863
12/07/2031 14:00,842.790024062949
12/07/2031 15:00,931.7010687790079
12/07/2031 16:00,985.1160439656094
12/07/2031 17:00,947.1937453853768
12/07/2031 18:00,494.6630308468948
12/07/2031 19:00,639.1785186070151
12/07/2031 20:00,518.9025300828122
12/07/2031 21:00,440.280522936812
12/07/2031 22:00,627.9616338462536
12/07/2031 23:00,584.6269079044362
13/07/2031 00:00,429.66253044883416
13/07/2031 01:00,294.20767655996787
13/07/2031 02:00,237.38967913468773
13/07/2031 03:00,121.12007113097768
13/07/2031 04:00,280.89268496798417
13/07/2031 05:00,279.6009562946085
13/07/2031 06:00,-0.0
13/07/2031 07:00,87.09914978548218
13/07/2031 08:00,311.33815431605626
13/07/2031 09:00,-0.0
13/07/2031 10:00,-0.0
13/07/2031 11:00,319.42679225685885
13/07/2031 12:00,365.0040416164192
13/07/2031 13:00,447.9533753923159
13/07/2031 14:00,476.8480349766855
13/07/2031 15:00,121.25504652841633
13/07/2031 16:00,373.82233614304056
13/07/2031 17:00,471.97583278046085
13/07/2031 18:00,30.848821143777133
13/07/2031 19:00,592.514225825177
13/07/2031 20:00,-0.0
13/07/2031 21:00,-0.0
13/07/2031 22:00,-0.0
13/07/2031 23:00,-0.0
14/07/2031 00:00,-0.0
14/07/2031 01:00,152.47908764862254
14/07/2031 02:00,-0.0
14/07/2031 03:00,-0.0
14/07/2031 04:00,127.78422747251831
14/07/2031 05:00,-0.0
14/07/2031 06:00,8.392383504464261
14/07/2031 07:00,-0.0
14/07/2031 08:00,-0.0
14/07/2031 09:00,-0.0
14/07/2031 10:00,-0.0
14/07/2031 11:00,-0.0
14/07/2031 12:00,-0.0
14/07/2031 13:00,32.2895085568753
14/07/2031 14:00,-0.0
14/07/2031 15:00,-0.0
14/07/2031 16:00,-0.0
14/07/2031 17:00,64.55843418782835
14/07/2031 18:00,263.18663389222195
14/07/2031 19:00,143.58924028448757
14/07/2031 20:00,240.05728446058782
14/07/2031 21:00,171.13970821448203
14/07/2031 22:00,277.50400691972703
14/07/2031 23:00,-0.0
15/07/2031 00:00,-0.0
15/07/2031 01:00,45.55987974178209
15/07/2031 02:00,-0.0
15/07/2031 03:00,-0.0
15/07/2031 04:00,-0.0
15/07/2031 05:00,-0.0
15/07/2031 06:00,-0.0
15/07/2031 07:00,-0.0
15/07/2031 08:00,-0.0
15/07/2031 09:00,41.453448967688786
15/07/2031 10:00,267.9420986331214
15/07/2031 11:00,95.74641643497876
15/07/2031 12:00,68.36310805592063
15/07/2031 13:00,105.36700853439687
15/07/2031 14:00,161.88108531812094
15/07/2031 15:00,316.76034875356413
15/07/2031 16:00,432.5596045252886
15/07/2031 17:00,257.4308551294599
15/07/2031 18:00,60.23582111806364
15/07/2031 19:00,336.46059581064907
15/07/2031 20:00,339.517208104619
15/07/2031 21:00,322.9922065122483
15/07/2031 22:00,132.79453507627517
15/07/2031 23:00,-0.0
16/07/2031 00:00,-0.0
16/07/2031 01:00,-0.0
16/07/2031 02:00,-0.0
16/07/2031 03:00,-0.0
16/07/2031 04:00,-0.0
16/07/2031 05:00,-0.0
16/07/2031 06:00,-0.0
16/07/2031 07:00,-0.0
16/07/2031 08:00,-0.0
16/07/2031 09:00,102.41162681907424
16/07/2031 10:00,311.641261367249
16/07/2031 11:00,109.91468243369722
16/07/2031 12:00,82.21236874855619
16/07/2031 13:00,125.63941336685689
16/07/2031 14:00,175.41215755588695
16/07/2031 15:00,369.2506551868971
16/07/2031 16:00,436.7769086006643
16/07/2031 17:00,245.5905125350013
16/07/2031 18:00,40.101896525532084
16/07/2031 19:00,-0.0
16/07/2031 20:00,86.82418862957914
16/07/2031 21:00,-0.0
16/07/2031 22:00,90.13792010014062
16/07/2031 23:00,-0.0
17/07/2031 00:00,-0.0
17/07/2031 01:00,-0.0
17/07/2031 02:00,-0.0
17/07/2031 03:00,-0.0
17/07/2031 04:00,-0.0
17/07/2031 05:00,-0.0
17/07/2031 06:00,-0.0
17/07/2031 07:00,-0.0
17/07/2031 08:00,-0.0
17/07/2031 09:00,-0.0
17/07/2031 10:00,-0.0
17/07/2031 11:00,83.47384176562639
17/07/2031 12:00,-0.0
17/07/2031 13:00,-0.0
17/07/2031 14:00,-0.0
17/07/2031 15:00,-0.0
17/07/2031 16:00,-0.0
17/07/2031 17:00,-0.0
17/07/2031 18:00,-0.0
17/07/2031 19:00,147.02257441068838
17/07/2031 20:00,-0.0
17/07/2031 21:00,-0.0
17/07/2031 22:00,-0.0
17/07/2031 23:00,90.46892125361728
18/07/2031 00:00,-0.0
18/07/2031 01:00,-0.0
18/07/2031 02:00,-0.0
18/07/2031 03:00,-0.0
18/07/2031 04:00,-0.0
18/07/2031 05:00,-0.0
18/07/2031 06:00,-0.0
18/07/2031 07:00,6.332265545080718
18/07/2031 08:00,-0.0
18/07/2031 09:00,-0.0
18/07/2031 10:00,-0.0
18/07/2031 11:00,-0.0
18/07/2031 12:00,143.07749993071116
18/07/2031 13:00,-0.0
18/07/2031 14:00,144.55488635796507
18/07/2031 15:00,-0.0
18/07/2031 16:00,75.9527573477468
18/07/2031 17:00,-0.0
18/07/2031 18:00,26.931382740751726
18/07/2031 19:00,-0.0
18/07/2031 20:00,239.8708419824875
18/07/2031 21:00,166.49114939501715
18/07/2031 22:00,107.8052674391374
18/07/2031 23:00,-0.0
19/07/2031 00:00,-0.0
19/07/2031 01:00,-0.0
19/07/2031 02:00,-0.0
19/07/2031 03:00,-0.0
19/07/2031 04:00,-0.0
19/07/2031 05:00,-0.0
19/07/2031 06:00,23.276732076261656
19/07/2031 07:00,-0.0
19/07/2031 08:00,-0.0
19/07/2031 09:00,-0.0
19/07/2031 10:00,-0.0
19/07/2031 11:00,-0.0
19/07/2031 12:00,104.71029363620353
19/07/2031 13:00,-0.0
19/07/2031 14:00,-0.0
19/07/2031 15:00,-0.0
19/07/2031 16:00,97.67097913735067
19/07/2031 17:00,138.53525222853344
19/07/2031 18:00,170.24193472404554
19/07/2031 19:00,-0.0
19/07/2031 20:00,-0.0
19/07/2031 21:00,10.973573778235393
19/07/2031 22:00,-0.0
19/07/2031 23:00,-0.0
20/07/2031 00:00,-0.0
20/07/2031 01:00,-0.0
20/07/2031 02:00,115.55693800868819
20/07/2031 03:00,110.66961591149324
20/07/2031 04:00,-0.0
20/07/2031 05:00,-0.0
20/07/2031 06:00,-0.0
20/07/2031 07:00,-0.0
20/07/2031 08:00,-0.0
20/07/2031 09:00,-0.0
20/07/2031 10:00,-0.0
20/07/2031 11:00,-0.0
20/07/2031 12:00,-0.0
20/07/2031 13:00,-0.0
20/07/2031 14:00,-0.0
20/07/2031 15:00,-0.0
20/07/2031 16:00,57.390523760033226
20/07/2031 17:00,-0.0
20/07/2031 18:00,6.784085267110102
20/07/2031 19:00,239.2259837709452
20/07/2031 20:00,129.77049130259806
20/07/2031 21:00,-0.0
20/07/2031 22:00,-0.0
20/07/2031 23:00,-0.0
21/07/2031 00:00,-0.0
21/07/2031 01:00,-0.0
21/07/2031 02:00,46.71182478090573
21/07/2031 03:00,7.0241415151274875
21/07/2031 04:00,-0.0
21/07/2031 05:00,-0.0
21/07/2031 06:00,-0.0
21/07/2031 07:00,-0.0
21/07/2031 08:00,-0.0
21/07/2031 09:00,-0.0
21/07/2031 10:00,-0.0
21/07/2031 11:00,103.89429377502273
21/07/2031 12:00,138.79221070326813
21/07/2031 13:00,-0.0
21/07/2031 14:00,-0.0
21/07/2031 15:00,-0.0
21/07/2031 16:00,234.18606661826513
21/07/2031 17:00,-0.0
21/07/2031 18:00,51.300573470987075
21/07/2031 19:00,270.90030137190126
21/07/2031 20:00,-0.0
21/07/2031 21:00,52.82711939387321
21/07/2031 22:00,-0.0
21/07/2031 23:00,-0.0
22/07/2031 00:00,1787.4764261168382
22/07/2031 01:00,-0.0
22/07/2031 02:00,-0.0
22/07/2031 03:00,-0.0
22/07/2031 04:00,-0.0
22/07/2031 05:00,-0.0
22/07/2031 06:00,-0.0
22/07/2031 07:00,-0.0
22/07/2031 08:00,-0.0
22/07/2031 09:00,76.98815603246747
22/07/2031 10:00,274.62322274891244
22/07/2031 11:00,213.6456512690537
22/07/2031 12:00,152.31396938796667
22/07/2031 13:00,120.58548606796082
22/07/2031 14:00,145.98696154146464
22/07/2031 15:00,227.54059044751799
22/07/2031 16:00,514.5433306320357
22/07/2031 17:00,381.18540842476074
22/07/2031 18:00,221.93293248037884
22/07/2031 19:00,432.5690234084867
22/07/2031 20:00,461.2409483803703
22/07/2031 21:00,8.843419644572192
22/07/2031 22:00,243.88183507717986
22/07/2031 23:00,-0.0
23/07/2031 00:00,80.80544705223451
23/07/2031 01:00,-0.0
23/07/2031 02:00,-0.0
23/07/2031 03:00,-0.0
23/07/2031 04:00,-0.0
23/07/2031 05:00,-0.0
23/07/2031 06:00,-0.0
23/07/2031 07:00,-0.0
23/07/2031 08:00,-0.0
23/07/2031 09:00,189.0399729865147
23/07/2031 10:00,411.99976065773205
23/07/2031 11:00,419.9050687864415
23/07/2031 12:00,281.8874367062433
23/07/2031 13:00,286.3955324859164
23/07/2031 14:00,351.6509875433457
23/07/2031 15:00,387.4446221669518
23/07/2031 16:00,721.5624915429096
23/07/2031 17:00,506.9435936874391
23/07/2031 18:00,242.4222060151714
23/07/2031 19:00,121.47793770599725
23/07/2031 20:00,344.10375405564025
23/07/2031 21:00,-0.0
23/07/2031 22:00,-0.0
23/07/2031 23:00,131.93413868549385
24/07/2031 00:00,-0.0
24/07/2031 01:00,-0.0
24/07/2031 02:00,-0.0
24/07/2031 03:00,-0.0
24/07/2031 04:00,-0.0
24/07/2031 05:00,45.48193708230556
24/07/2031 06:00,-0.0
24/07/2031 07:00,-0.0
24/07/2031 08:00,-0.0
24/07/2031 09:00,-0.0
24/07/2031 10:00,88.49430037550384
24/07/2031 11:00,-0.0
24/07/2031 12:00,-0.0
24/07/2031 13:00,158.88123847738805
24/07/2031 14:00,-0.0
24/07/2031 15:00,321.4946593232328
24/07/2031 16:00,-0.0
24/07/2031 17:00,88.08735090065396
24/07/2031 18:00,-0.0
24/07/2031 19:00,-0.0
24/07/2031 20:00,-0.0
24/07/2031 21:00,-0.0
24/07/2031 22:00,-0.0
24/07/2031 23:00,-0.0
25/07/2031 00:00,-0.0
25/07/2031 01:00,6.408786562080166
25/07/2031 02:00,-0.0
25/07/2031 03:00,-0.0
25/07/2031 04:00,-0.0
25/07/2031 05:00,-0.0
25/07/2031 06:00,-0.0
25/07/2031 07:00,-0.0
25/07/2031 08:00,-0.0
25/07/2031 09:00,-0.0
25/07/2031 10:00,-0.0
25/07/2031 11:00,91.33277472847898
25/07/2031 12:00,269.4933933067059
25/07/2031 13:00,-0.0
25/07/2031 14:00,194.6616428476279
25/07/2031 15:00,323.76537789743026
25/07/2031 16:00,-0.0
25/07/2031 17:00,139.6331857264037
25/07/2031 18:00,-0.0
25/07/2031 19:00,141.99962104142057
25/07/2031 20:00,-0.0
25/07/2031 21:00,-0.0
25/07/2031 22:00,-0.0
25/07/2031 23:00,-0.0
26/07/2031 00:00,-0.0
26/07/2031 01:00,-0.0
26/07/2031 02:00,-0.0
26/07/2031 03:00,-0.0
26/07/2031 04:00,-0.0
26/07/2031 05:00,-0.0
26/07/2031 06:00,-0.0
26/07/2031 07:00,-0.0
26/07/2031 08:00,-0.0
26/07/2031 09:00,-0.0
26/07/2031 10:00,87.32212351202428
26/07/2031 11:00,237.7182098619901
26/07/2031 12:00,318.194571686462
26/07/2031 13:00,184.005579479121
26/07/2031 14:00,143.314860429869
26/07/2031 15:00,21.491257303464234
26/07/2031 16:00,333.24768278024874
26/07/2031 17:00,-0.0
26/07/2031 18:00,-0.0
26/07/2031 19:00,-0.0
26/07/2031 20:00,-0.0
26/07/2031 21:00,-0.0
26/07/2031 22:00,-0.0
26/07/2031 23:00,-0.0
27/07/2031 00:00,-0.0
27/07/2031 01:00,-0.0
27/07/2031 02:00,-0.0
27/07/2031 03:00,-0.0
27/07/2031 04:00,-0.0
27/07/2031 05:00,-0.0
27/07/2031 06:00,-0.0
27/07/2031 07:00,-0.0
27/07/2031 08:00,-0.0
27/07/2031 09:00,-0.0
27/07/2031 10:00,60.544264936426785
27/07/2031 11:00,257.63198098238195
27/07/2031 12:00,301.00362206820023
27/07/2031 13:00,126.7717010676171
27/07/2031 14:00,181.88123779038486
27/07/2031 15:00,159.35244406634519
27/07/2031 16:00,298.0792393049101
27/07/2031 17:00,299.48799563386723
27/07/2031 18:00,-0.0
27/07/2031 19:00,-0.0
27/07/2031 20:00,-0.0
27/07/2031 21:00,-0.0
27/07/2031 22:00,-0.0
27/07/2031 23:00,-0.0
28/07/2031 00:00,11.73857325666264
28/07/2031 01:00,12.634385398050528
28/07/2031 02:00,-0.0
28/07/2031 03:00,-0.0
28/07/2031 04:00,-0.0
28/07/2031 05:00,-0.0
28/07/2031 06:00,-0.0
28/07/2031 07:00,-0.0
28/07/2031 08:00,-0.0
28/07/2031 09:00,-0.0
28/07/2031 10:00,-0.0
28/07/2031 11:00,-0.0
28/07/2031 12:00,46.78383218021882
28/07/2031 13:00,-0.0
28/07/2031 14:00,-0.0
28/07/2031 15:00,93.14833272739432
28/07/2031 16:00,-0.0
28/07/2031 17:00,-0.0
28/07/2031 18:00,-0.0
28/07/2031 19:00,6.849380467106707
28/07/2031 20:00,-0.0
28/07/2031 21:00,-0.0
28/07/2031 22:00,-0.0
28/07/2031 23:00,-0.0
29/07/2031 00:00,212.7809082245481
29/07/2031 01:00,-0.0
29/07/2031 02:00,-0.0
29/07/2031 03:00,-0.0
29/07/2031 04:00,-0.0
29/07/2031 05:00,-0.0
29/07/2031 06:00,-0.0
29/07/2031 07:00,-0.0
29/07/2031 08:00,-0.0
29/07/2031 09:00,-0.0
29/07/2031 10:00,-0.0
29/07/2031 11:00,-0.0
29/07/2031 12:00,169.94726325954807
29/07/2031 13:00,-0.0
29/07/2031 14:00,-0.0
29/07/2031 15:00,177.61177573303405
29/07/2031 16:00,-0.0
29/07/2031 17:00,86.43960116193959
29/07/2031 18:00,-0.0
29/07/2031 19:00,-0.0
29/07/2031 20:00,115.99956359060519
29/07/2031 21:00,162.55558894554719
29/07/2031 22:00,-0.0
29/07/2031 23:00,177.61897469916124
30/07/2031 00:00,92.11087988097263
30/07/2031 01:00,-0.0
30/07/2031 02:00,-0.0
30/07/2031 03:00,-0.0
30/07/2031 04:00,-0.0
30/07/2031 05:00,-0.0
30/07/2031 06:00,-0.0
30/07/2031 07:00,-0.0
30/07/2031 08:00,1.918822526153035
30/07/2031 09:00,156.21421069295945
30/07/2031 10:00,319.20306760337286
30/07/2031 11:00,430.1570961193828
30/07/2031 12:00,168.5441429337503
30/07/2031 13:00,236.95536576045552
30/07/2031 14:00,250.26109689895725
30/07/2031 15:00,225.0410662158439
30/07/2031 16:00,411.08869758867206
30/07/2031 17:00,373.12991855378914
30/07/2031 18:00,107.44985979362613
30/07/2031 19:00,-0.0
30/07/2031 20:00,-0.0
30/07/2031 21:00,-0.0
30/07/2031 22:00,-0.0
30/07/2031 23:00,-0.0
31/07/2031 00:00,-0.0
31/07/2031 01:00,-0.0
31/07/2031 02:00,-0.0
31/07/2031 03:00,-0.0
31/07/2031 04:00,-0.0
31/07/2031 05:00,-0.0
31/07/2031 06:00,-0.0
31/07/2031 07:00,-0.0
31/07/2031 08:00,-0.0
31/07/2031 09:00,-0.0
31/07/2031 10:00,-0.0
31/07/2031 11:00,-0.0
31/07/2031 12:00,-0.0
31/07/2031 13:00,8.378291951084973
31/07/2031 14:00,-0.0
31/07/2031 15:00,-0.0
31/07/2031 16:00,24.222377942326652
31/07/2031 17:00,-0.0
31/07/2031 18:00,-0.0
31/07/2031 19:00,-0.0
31/07/2031 20:00,-0.0
31/07/2031 21:00,-0.0
31/07/2031 22:00,-0.0
31/07/2031 23:00,-0.0
01/08/2031 00:00,-0.0
01/08/2031 01:00,-0.0
01/08/2031 02:00,-0.0
01/08/2031 03:00,-0.0
01/08/2031 04:00,-0.0
01/08/2031 05:00,-0.0
01/08/2031 06:00,-0.0
01/08/2031 07:00,-0.0
01/08/2031 08:00,-0.0
01/08/2031 09:00,-0.0
01/08/2031 10:00,-0.0
01/08/2031 11:00,25.424549073930926
01/08/2031 12:00,-0.0
01/08/2031 13:00,-0.0
01/08/2031 14:00,-0.0
01/08/2031 15:00,-0.0
01/08/2031 16:00,230.964705531914
01/08/2031 17:00,61.23220609939074
01/08/2031 18:00,76.36879723273753
01/08/2031 19:00,-0.0
01/08/2031 20:00,-0.0
01/08/2031 21:00,-0.0
01/08/2031 22:00,-0.0
01/08/2031 23:00,-0.0
02/08/2031 00:00,-0.0
02/08/2031 01:00,-0.0
02/08/2031 02:00,-0.0
02/08/2031 03:00,-0.0
02/08/2031 04:00,-0.0
02/08/2031 05:00,-0.0
02/08/2031 06:00,-0.0
02/08/2031 07:00,-0.0
02/08/2031 08:00,-0.0
02/08/2031 09:00,-0.0
02/08/2031 10:00,-0.0
02/08/2031 11:00,-0.0
02/08/2031 12:00,9.078580035240826
02/08/2031 13:00,-0.0
02/08/2031 14:00,-0.0
02/08/2031 15:00,106.32028382807535
02/08/2031 16:00,-0.0
02/08/2031 17:00,65.7021380510847
02/08/2031 18:00,340.0056517293825
02/08/2031 19:00,169.18894153202132
02/08/2031 20:00,-0.0
02/08/2031 21:00,-0.0
02/08/2031 22:00,166.96056935043694
02/08/2031 23:00,-0.0
03/08/2031 00:00,-0.0
03/08/2031 01:00,-0.0
03/08/2031 02:00,39.06885697157322
03/08/2031 03:00,-0.0
03/08/2031 04:00,-0.0
03/08/2031 05:00,-0.0
03/08/2031 06:00,-0.0
03/08/2031 07:00,-0.0
03/08/2031 08:00,-0.0
03/08/2031 09:00,-0.0
03/08/2031 10:00,-0.0
03/08/2031 11:00,277.625657170568
03/08/2031 12:00,360.0478498173232
03/08/2031 13:00,-0.0
03/08/2031 14:00,49.54105804158721
03/08/2031 15:00,379.414199126422
03/08/2031 16:00,424.55927170880574
03/08/2031 17:00,-0.0
03/08/2031 18:00,463.1361308401172
03/08/2031 19:00,317.54389755847876
03/08/2031 20:00,-0.0
03/08/2031 21:00,-0.0
03/08/2031 22:00,7.442856506969882
03/08/2031 23:00,55.79041865384291
04/08/2031 00:00,273.84845057822025
04/08/2031 01:00,134.75150315189626
04/08/2031 02:00,28.685909153606822
04/08/2031 03:00,52.7756798302129
04/08/2031 04:00,-0.0
04/08/2031 05:00,-0.0
04/08/2031 06:00,182.07582092970264
04/08/2031 07:00,-0.0
04/08/2031 08:00,-0.0
04/08/2031 09:00,1.0342362909032214
04/08/2031 10:00,238.40554441665995
04/08/2031 11:00,409.57341008320645
04/08/2031 12:00,147.81263825393856
04/08/2031 13:00,280.5835078525886
04/08/2031 14:00,375.92196468228155
04/08/2031 15:00,416.6244818517085
04/08/2031 16:00,659.0725346849954
04/08/2031 17:00,610.6257344234672
04/08/2031 18:00,733.8638072466315
04/08/2031 19:00,655.969441060657
04/08/2031 20:00,549.9218543449199
04/08/2031 21:00,619.6577603067941
04/08/2031 22:00,235.51516599431753
04/08/2031 23:00,77.0570544602926
05/08/2031 00:00,92.25431760664347
05/08/2031 01:00,107.50717525854319
05/08/2031 02:00,102.62315102173503
05/08/2031 03:00,70.85837228360187
05/08/2031 04:00,40.55831350174464
05/08/2031 05:00,-0.0
05/08/2031 06:00,-0.0
05/08/2031 07:00,-0.0
05/08/2031 08:00,-0.0
05/08/2031 09:00,187.38168489567042
05/08/2031 10:00,424.65747426427265
05/08/2031 11:00,497.76822657902693
05/08/2031 12:00,355.5550136029344
05/08/2031 13:00,387.8097986212828
05/08/2031 14:00,437.782779172726
05/08/2031 15:00,449.7751202416457
05/08/2031 16:00,790.9879299887942
05/08/2031 17:00,690.7048146073797
05/08/2031 18:00,508.0080319564818
05/08/2031 19:00,384.7029459015894
05/08/2031 20:00,759.5570280061896
05/08/2031 21:00,290.993395276932
05/08/2031 22:00,122.06723906152402
05/08/2031 23:00,109.78086206464201
06/08/2031 00:00,513.4819005314
06/08/2031 01:00,141.07694322099638
06/08/2031 02:00,161.17133028523116
06/08/2031 03:00,401.177194836536
06/08/2031 04:00,117.92183167541299
06/08/2031 05:00,487.50397742926515
06/08/2031 06:00,95.11935416372717
06/08/2031 07:00,260.93117414678983
06/08/2031 08:00,220.7903933562694
06/08/2031 09:00,492.48149952390344
06/08/2031 10:00,685.6905285849381
06/08/2031 11:00,694.7050567683945
06/08/2031 12:00,537.2777658673059
06/08/2031 13:00,540.7744280589216
06/08/2031 14:00,574.7872518254386
06/08/2031 15:00,591.2940973362065
06/08/2031 16:00,927.4855699600106
06/08/2031 17:00,814.6123780171304
06/08/2031 18:00,603.2298725039324
06/08/2031 19:00,421.9599525561209
06/08/2031 20:00,737.6028077886779
06/08/2031 21:00,730.1805632207657
06/08/2031 22:00,642.3600230218983
06/08/2031 23:00,516.766388805971
07/08/2031 00:00,346.83817921208777
07/08/2031 01:00,215.8986411719652
07/08/2031 02:00,112.98921761617041
07/08/2031 03:00,86.60694499297043
07/08/2031 04:00,128.0940334595565
07/08/2031 05:00,199.4962312530408
07/08/2031 06:00,502.5709390304014
07/08/2031 07:00,312.02781788242834
07/08/2031 08:00,136.58364261207447
07/08/2031 09:00,221.20334954578982
07/08/2031 10:00,441.53806529283486
07/08/2031 11:00,268.3139965886858
07/08/2031 12:00,211.61663222997674
07/08/2031 13:00,195.43947212009
07/08/2031 14:00,222.08896647279246
07/08/2031 15:00,345.521986776848
07/08/2031 16:00,542.5383853893917
07/08/2031 17:00,372.2857426787275
07/08/2031 18:00,172.77333915794122
07/08/2031 19:00,479.83911713958776
07/08/2031 20:00,110.11710742968202
07/08/2031 21:00,584.678301328082
07/08/2031 22:00,230.5974550393684
07/08/2031 23:00,497.1836958320996
08/08/2031 00:00,251.00496994722502
08/08/2031 01:00,234.0263819186227
08/08/2031 02:00,185.1589109142577
08/08/2031 03:00,206.57122591145088
08/08/2031 04:00,265.6144309704526
08/08/2031 05:00,243.83536649746023
08/08/2031 06:00,570.3947082783355
08/08/2031 07:00,584.1481422526966
08/08/2031 08:00,136.75633410266846
08/08/2031 09:00,327.56569800365406
08/08/2031 10:00,463.6172062547293
08/08/2031 11:00,312.72682734150527
08/08/2031 12:00,193.61838944848006
08/08/2031 13:00,215.23104073645553
08/08/2031 14:00,221.71289780735546
08/08/2031 15:00,326.25498531634685
08/08/2031 16:00,459.02121707386465
08/08/2031 17:00,267.87087662806215
08/08/2031 18:00,445.22737977440687
08/08/2031 19:00,25.49550858849975
08/08/2031 20:00,332.292206116473
08/08/2031 21:00,52.3718268569174
08/08/2031 22:00,485.8235654282511
08/08/2031 23:00,561.0949696776695
09/08/2031 00:00,351.964684596642
09/08/2031 01:00,348.3802686739978
09/08/2031 02:00,454.38905813193503
09/08/2031 03:00,181.00725471306478
09/08/2031 04:00,231.20985994979083
09/08/2031 05:00,450.82486895994856
09/08/2031 06:00,663.143626343246
09/08/2031 07:00,676.2033645134327
09/08/2031 08:00,314.39748319606304
09/08/2031 09:00,518.5987833187663
09/08/2031 10:00,480.1388360499102
09/08/2031 11:00,284.05458430291117
09/08/2031 12:00,254.8028777138223
09/08/2031 13:00,197.05475022676075
09/08/2031 14:00,230.67833843388146
09/08/2031 15:00,455.22534084306227
09/08/2031 16:00,310.9627979602591
09/08/2031 17:00,114.10650096659431
09/08/2031 18:00,-0.0
09/08/2031 19:00,-0.0
09/08/2031 20:00,-0.0
09/08/2031 21:00,-0.0
09/08/2031 22:00,196.45700638615352
09/08/2031 23:00,-0.0
10/08/2031 00:00,393.6615013833827
10/08/2031 01:00,453.5495341551642
10/08/2031 02:00,74.2588907756006
10/08/2031 03:00,82.37518396953084
10/08/2031 04:00,473.313999384377
10/08/2031 05:00,31.272743893706377
10/08/2031 06:00,5.697840088448965
10/08/2031 07:00,-0.0
10/08/2031 08:00,5.053902549352829
10/08/2031 09:00,219.32393386311955
10/08/2031 10:00,-0.0
10/08/2031 11:00,-0.0
10/08/2031 12:00,281.71024011319594
10/08/2031 13:00,-0.0
10/08/2031 14:00,-0.0
10/08/2031 15:00,236.9643885217169
10/08/2031 16:00,98.21950523614255
10/08/2031 17:00,-0.0
10/08/2031 18:00,-0.0
10/08/2031 19:00,-0.0
10/08/2031 20:00,-0.0
10/08/2031 21:00,-0.0
10/08/2031 22:00,-0.0
10/08/2031 23:00,-0.0
11/08/2031 00:00,-0.0
11/08/2031 01:00,-0.0
11/08/2031 02:00,-0.0
11/08/2031 03:00,-0.0
11/08/2031 04:00,-0.0
11/08/2031 05:00,-0.0
11/08/2031 06:00,-0.0
11/08/2031 07:00,-0.0
11/08/2031 08:00,142.17350128151827
11/08/2031 09:00,162.9612304002597
11/08/2031 10:00,-0.0
11/08/2031 11:00,302.10831139169426
11/08/2031 12:00,-0.0
11/08/2031 13:00,348.16634142280043
11/08/2031 14:00,104.61069934320554
11/08/2031 15:00,-0.0
11/08/2031 16:00,96.8199171864796
11/08/2031 17:00,274.49781216120465
11/08/2031 18:00,-0.0
11/08/2031 19:00,-0.0
11/08/2031 20:00,-0.0
11/08/2031 21:00,-0.0
11/08/2031 22:00,-0.0
11/08/2031 23:00,-0.0
12/08/2031 00:00,385.6111705906136
12/08/2031 01:00,-0.0
12/08/2031 02:00,-0.0
12/08/2031 03:00,-0.0
12/08/2031 04:00,-0.0
12/08/2031 05:00,-0.0
12/08/2031 06:00,-0.0
12/08/2031 07:00,-0.0
12/08/2031 08:00,-0.0
12/08/2031 09:00,51.421846393947604
12/08/2031 10:00,168.98878075350584
12/08/2031 11:00,122.08513604012136
12/08/2031 12:00,12.207648431970473
12/08/2031 13:00,75.46243248802806
12/08/2031 14:00,113.75750932565843
12/08/2031 15:00,317.22095367891393
12/08/2031 16:00,362.17754582436953
12/08/2031 17:00,110.88118681002933
12/08/2031 18:00,-0.0
12/08/2031 19:00,-0.0
12/08/2031 20:00,-0.0
12/08/2031 21:00,-0.0
12/08/2031 22:00,-0.0
12/08/2031 23:00,-0.0
13/08/2031 00:00,-0.0
13/08/2031 01:00,-0.0
13/08/2031 02:00,-0.0
13/08/2031 03:00,-0.0
13/08/2031 04:00,-0.0
13/08/2031 05:00,-0.0
13/08/2031 06:00,-0.0
13/08/2031 07:00,-0.0
13/08/2031 08:00,-0.0
13/08/2031 09:00,-0.0
13/08/2031 10:00,124.40130501998463
13/08/2031 11:00,219.43978138702923
13/08/2031 12:00,56.928056683205675
13/08/2031 13:00,116.6266728859818
13/08/2031 14:00,158.55802310160703
13/08/2031 15:00,134.51920028543248
13/08/2031 16:00,453.84298117774387
13/08/2031 17:00,281.17707246471946
13/08/2031 18:00,70.70314245861891
13/08/2031 19:00,-0.0
13/08/2031 20:00,249.3855418366099
13/08/2031 21:00,217.17641062256806
13/08/2031 22:00,178.96707813870154
13/08/2031 23:00,244.43007390411478
14/08/2031 00:00,-0.0
14/08/2031 01:00,-0.0
14/08/2031 02:00,-0.0
14/08/2031 03:00,-0.0
14/08/2031 04:00,-0.0
14/08/2031 05:00,-0.0
14/08/2031 06:00,-0.0
14/08/2031 07:00,-0.0
14/08/2031 08:00,-0.0
14/08/2031 09:00,123.5440151297722
14/08/2031 10:00,356.8787853961839
14/08/2031 11:00,246.31415971634723
14/08/2031 12:00,185.6051469199568
14/08/2031 13:00,238.86707675966642
14/08/2031 14:00,297.11287112144635
14/08/2031 15:00,475.0282656451607
14/08/2031 16:00,677.906425974778
14/08/2031 17:00,588.940487960407
14/08/2031 18:00,450.66028489935997
14/08/2031 19:00,301.4262097728089
14/08/2031 20:00,589.8618164496262
14/08/2031 21:00,497.7933104279646
14/08/2031 22:00,-0.0
14/08/2031 23:00,384.27740043723736
15/08/2031 00:00,-0.0
15/08/2031 01:00,-0.0
15/08/2031 02:00,-0.0
15/08/2031 03:00,7.554283251384978
15/08/2031 04:00,24.298663181798847
15/08/2031 05:00,422.8955828945835
15/08/2031 06:00,-0.0
15/08/2031 07:00,-0.0
15/08/2031 08:00,74.7951104632565
15/08/2031 09:00,242.69046801251042
15/08/2031 10:00,491.6309325018609
15/08/2031 11:00,339.20579347100306
15/08/2031 12:00,356.8411973351875
15/08/2031 13:00,417.6947722417876
15/08/2031 14:00,431.95041294757027
15/08/2031 15:00,622.327956498003
15/08/2031 16:00,665.0329855896726
15/08/2031 17:00,482.0266988899681
15/08/2031 18:00,291.8703617151223
15/08/2031 19:00,145.08415741990746
15/08/2031 20:00,122.0526486911008
15/08/2031 21:00,479.36225408861566
15/08/2031 22:00,279.88028755418065
15/08/2031 23:00,-0.0
16/08/2031 00:00,-0.0
16/08/2031 01:00,-0.0
16/08/2031 02:00,-0.0
16/08/2031 03:00,-0.0
16/08/2031 04:00,-0.0
16/08/2031 05:00,-0.0
16/08/2031 06:00,273.47141087996624
16/08/2031 07:00,263.2250406898014
16/08/2031 08:00,-0.0
16/08/2031 09:00,101.63103144668132
16/08/2031 10:00,-0.0
16/08/2031 11:00,451.58242143386906
16/08/2031 12:00,487.20075914453423
16/08/2031 13:00,455.10569510903275
16/08/2031 14:00,416.82333842424
16/08/2031 15:00,656.3663483752888
16/08/2031 16:00,322.06690638343196
16/08/2031 17:00,598.6659715192823
16/08/2031 18:00,398.6987559831442
16/08/2031 19:00,194.18191811666534
16/08/2031 20:00,173.32721369583922
16/08/2031 21:00,500.941926060839
16/08/2031 22:00,11.347657478464805
16/08/2031 23:00,116.50079787145144
17/08/2031 00:00,-0.0
17/08/2031 01:00,-0.0
17/08/2031 02:00,-0.0
17/08/2031 03:00,-0.0
17/08/2031 04:00,-0.0
17/08/2031 05:00,113.40605216963525
17/08/2031 06:00,117.87760362033424
17/08/2031 07:00,139.69638553132978
17/08/2031 08:00,-0.0
17/08/2031 09:00,53.69927688483272
17/08/2031 10:00,-0.0
17/08/2031 11:00,41.78101210255681
17/08/2031 12:00,309.7920021319764
17/08/2031 13:00,323.24954329074325
17/08/2031 14:00,410.1871144365067
17/08/2031 15:00,487.42086561371485
17/08/2031 16:00,1.9738999505277681
17/08/2031 17:00,178.81775897809803
17/08/2031 18:00,-0.0
17/08/2031 19:00,224.83700156571524
17/08/2031 20:00,-0.0
17/08/2031 21:00,-0.0
17/08/2031 22:00,-0.0
17/08/2031 23:00,-0.0
18/08/2031 00:00,-0.0
18/08/2031 01:00,-0.0
18/08/2031 02:00,113.98602833869104
18/08/2031 03:00,-0.0
18/08/2031 04:00,-0.0
18/08/2031 05:00,-0.0
18/08/2031 06:00,-0.0
18/08/2031 07:00,-0.0
18/08/2031 08:00,80.0834140253127
18/08/2031 09:00,-0.0
18/08/2031 10:00,-0.0
18/08/2031 11:00,293.7780601825318
18/08/2031 12:00,93.76250305699547
18/08/2031 13:00,142.29577189758743
18/08/2031 14:00,140.91214688807742
18/08/2031 15:00,261.6179018045574
18/08/2031 16:00,434.8595519020916
18/08/2031 17:00,270.4615274565708
18/08/2031 18:00,386.94107174970975
18/08/2031 19:00,197.95039209830645
18/08/2031 20:00,142.50615381049434
18/08/2031 21:00,-0.0
18/08/2031 22:00,-0.0
18/08/2031 23:00,76.27256370116385
19/08/2031 00:00,183.43604570368947
19/08/2031 01:00,-0.0
19/08/2031 02:00,-0.0
19/08/2031 03:00,-0.0
19/08/2031 04:00,-0.0
19/08/2031 05:00,-0.0
19/08/2031 06:00,-0.0
19/08/2031 07:00,-0.0
19/08/2031 08:00,-0.0
19/08/2031 09:00,41.110404135654306
19/08/2031 10:00,284.39097690648515
19/08/2031 11:00,304.12891610154344
19/08/2031 12:00,139.9328155253452
19/08/2031 13:00,129.91349798730909
19/08/2031 14:00,104.62100544179691
19/08/2031 15:00,127.61581566610714
19/08/2031 16:00,391.5888318429931
19/08/2031 17:00,244.93457988107136
19/08/2031 18:00,-0.0
19/08/2031 19:00,157.184596767258
19/08/2031 20:00,124.41340794263016
19/08/2031 21:00,134.18496582503352
19/08/2031 22:00,5.866979699936107
19/08/2031 23:00,-0.0
20/08/2031 00:00,-0.0
20/08/2031 01:00,-0.0
20/08/2031 02:00,-0.0
20/08/2031 03:00,-0.0
20/08/2031 04:00,-0.0
20/08/2031 05:00,-0.0
20/08/2031 06:00,-0.0
20/08/2031 07:00,-0.0
20/08/2031 08:00,16.570028949462323
20/08/2031 09:00,179.4365046239334
20/08/2031 10:00,389.6557894097207
20/08/2031 11:00,458.489724133545
20/08/2031 12:00,305.48457018355356
20/08/2031 13:00,389.82707202705285
20/08/2031 14:00,483.97216565194014
20/08/2031 15:00,520.8488502760948
20/08/2031 16:00,835.6323957156103
20/08/2031 17:00,818.1073161982202
20/08/2031 18:00,671.9727204400541
20/08/2031 19:00,499.9222438908896
20/08/2031 20:00,587.0555530050079
20/08/2031 21:00,324.5880233010888
20/08/2031 22:00,255.52310307063334
20/08/2031 23:00,484.3335883943403
21/08/2031 00:00,509.0272446443216
21/08/2031 01:00,126.10998647495852
21/08/2031 02:00,105.52788115149015
21/08/2031 03:00,111.06522191987627
21/08/2031 04:00,85.87706353538552
21/08/2031 05:00,16.249148132727523
21/08/2031 06:00,23.93028460439019
21/08/2031 07:00,17.50946001934417
21/08/2031 08:00,-0.0
21/08/2031 09:00,54.172552925007544
21/08/2031 10:00,-0.0
21/08/2031 11:00,-0.0
21/08/2031 12:00,-0.0
21/08/2031 13:00,253.3357212730185
21/08/2031 14:00,-0.0
21/08/2031 15:00,234.91576978428873
21/08/2031 16:00,160.00200034082133
21/08/2031 17:00,-0.0
21/08/2031 18:00,-0.0
21/08/2031 19:00,-0.0
21/08/2031 20:00,-0.0
21/08/2031 21:00,-0.0
21/08/2031 22:00,-0.0
21/08/2031 23:00,-0.0
22/08/2031 00:00,-0.0
22/08/2031 01:00,-0.0
22/08/2031 02:00,-0.0
22/08/2031 03:00,-0.0
22/08/2031 04:00,-0.0
22/08/2031 05:00,-0.0
22/08/2031 06:00,-0.0
22/08/2031 07:00,-0.0
22/08/2031 08:00,-0.0
22/08/2031 09:00,-0.0
22/08/2031 10:00,-0.0
22/08/2031 11:00,105.43951546694153
22/08/2031 12:00,101.77648024826901
22/08/2031 13:00,166.52999311703113
22/08/2031 14:00,-0.0
22/08/2031 15:00,-0.0
22/08/2031 16:00,-0.0
22/08/2031 17:00,-0.0
22/08/2031 18:00,-0.0
22/08/2031 19:00,-0.0
22/08/2031 20:00,-0.0
22/08/2031 21:00,-0.0
22/08/2031 22:00,-0.0
22/08/2031 23:00,-0.0
23/08/2031 00:00,-0.0
23/08/2031 01:00,-0.0
23/08/2031 02:00,-0.0
23/08/2031 03:00,-0.0
23/08/2031 04:00,-0.0
23/08/2031 05:00,-0.0
23/08/2031 06:00,-0.0
23/08/2031 07:00,-0.0
23/08/2031 08:00,-0.0
23/08/2031 09:00,-0.0
23/08/2031 10:00,-0.0
23/08/2031 11:00,-0.0
23/08/2031 12:00,-0.0
23/08/2031 13:00,-0.0
23/08/2031 14:00,58.960215381449125
23/08/2031 15:00,-0.0
23/08/2031 16:00,8.770696891577781
23/08/2031 17:00,-0.0
23/08/2031 18:00,-0.0
23/08/2031 19:00,-0.0
23/08/2031 20:00,-0.0
23/08/2031 21:00,-0.0
23/08/2031 22:00,-0.0
23/08/2031 23:00,-0.0
24/08/2031 00:00,-0.0
24/08/2031 01:00,-0.0
24/08/2031 02:00,-0.0
24/08/2031 03:00,-0.0
24/08/2031 04:00,-0.0
24/08/2031 05:00,-0.0
24/08/2031 06:00,-0.0
24/08/2031 07:00,-0.0
24/08/2031 08:00,-0.0
24/08/2031 09:00,-0.0
24/08/2031 10:00,-0.0
24/08/2031 11:00,-0.0
24/08/2031 12:00,-0.0
24/08/2031 13:00,-0.0
24/08/2031 14:00,99.49733472834768
24/08/2031 15:00,-0.0
24/08/2031 16:00,-0.0
24/08/2031 17:00,-0.0
24/08/2031 18:00,-0.0
24/08/2031 19:00,-0.0
24/08/2031 20:00,47.755863805222674
24/08/2031 21:00,-0.0
24/08/2031 22:00,-0.0
24/08/2031 23:00,-0.0
25/08/2031 00:00,-0.0
25/08/2031 01:00,-0.0
25/08/2031 02:00,-0.0
25/08/2031 03:00,-0.0
25/08/2031 04:00,-0.0
25/08/2031 05:00,-0.0
25/08/2031 06:00,-0.0
25/08/2031 07:00,-0.0
25/08/2031 08:00,-0.0
25/08/2031 09:00,-0.0
25/08/2031 10:00,-0.0
25/08/2031 11:00,3.331094236586493
25/08/2031 12:00,-0.0
25/08/2031 13:00,-0.0
25/08/2031 14:00,-0.0
25/08/2031 15:00,-0.0
25/08/2031 16:00,-0.0
25/08/2031 17:00,-0.0
25/08/2031 18:00,-0.0
25/08/2031 19:00,-0.0
25/08/2031 20:00,-0.0
25/08/2031 21:00,-0.0
25/08/2031 22:00,-0.0
25/08/2031 23:00,8.52319497258852
26/08/2031 00:00,1787.4764261168382
26/08/2031 01:00,34.91679756955715
26/08/2031 02:00,-0.0
26/08/2031 03:00,-0.0
26/08/2031 04:00,-0.0
26/08/2031 05:00,-0.0
26/08/2031 06:00,-0.0
26/08/2031 07:00,-0.0
26/08/2031 08:00,-0.0
26/08/2031 09:00,53.89012103746355
26/08/2031 10:00,246.85236183235594
26/08/2031 11:00,460.5494612940005
26/08/2031 12:00,356.4225190975049
26/08/2031 13:00,261.94005379157045
26/08/2031 14:00,546.3657266823847
26/08/2031 15:00,665.9138094094756
26/08/2031 16:00,864.1490091684663
26/08/2031 17:00,732.8824965480292
26/08/2031 18:00,453.6296755786959
26/08/2031 19:00,299.9415582133634
26/08/2031 20:00,516.3878347313677
26/08/2031 21:00,448.0566099717171
26/08/2031 22:00,248.6270619333733
26/08/2031 23:00,108.17656522923008
27/08/2031 00:00,115.32512080403582
27/08/2031 01:00,103.53591789976012
27/08/2031 02:00,101.8698336390358
27/08/2031 03:00,148.62197219239775
27/08/2031 04:00,170.55456892538697
27/08/2031 05:00,146.54857663776406
27/08/2031 06:00,102.11827545157975
27/08/2031 07:00,87.42268975066467
27/08/2031 08:00,232.45848855791954
27/08/2031 09:00,536.4462669892516
27/08/2031 10:00,861.0736152009212
27/08/2031 11:00,891.1848096150057
27/08/2031 12:00,750.6659108685194
27/08/2031 13:00,683.0255331983083
27/08/2031 14:00,685.5143929551098
27/08/2031 15:00,700.1409170863902
27/08/2031 16:00,1071.491191942315
27/08/2031 17:00,967.3821136645334
27/08/2031 18:00,730.457135070627
27/08/2031 19:00,520.9011160918977
27/08/2031 20:00,443.4616258852099
27/08/2031 21:00,357.7207179112286
27/08/2031 22:00,183.04260069423592
27/08/2031 23:00,195.52245133937873
28/08/2031 00:00,160.1701973322077
28/08/2031 01:00,98.59035103114195
28/08/2031 02:00,53.13782628313327
28/08/2031 03:00,20.289127026523733
28/08/2031 04:00,-0.0
28/08/2031 05:00,-0.0
28/08/2031 06:00,99.1617334524476
28/08/2031 07:00,-0.0
28/08/2031 08:00,10.378455116308618
28/08/2031 09:00,-0.0
28/08/2031 10:00,-0.0
28/08/2031 11:00,-0.0
28/08/2031 12:00,-0.0
28/08/2031 13:00,-0.0
28/08/2031 14:00,-0.0
28/08/2031 15:00,-0.0
28/08/2031 16:00,-0.0
28/08/2031 17:00,-0.0
28/08/2031 18:00,-0.0
28/08/2031 19:00,-0.0
28/08/2031 20:00,-0.0
28/08/2031 21:00,-0.0
28/08/2031 22:00,-0.0
28/08/2031 23:00,-0.0
29/08/2031 00:00,-0.0
29/08/2031 01:00,-0.0
29/08/2031 02:00,-0.0
29/08/2031 03:00,-0.0
29/08/2031 04:00,-0.0
29/08/2031 05:00,-0.0
29/08/2031 06:00,-0.0
29/08/2031 07:00,-0.0
29/08/2031 08:00,-0.0
29/08/2031 09:00,-0.0
29/08/2031 10:00,89.10581183659939
29/08/2031 11:00,-0.0
29/08/2031 12:00,-0.0
29/08/2031 13:00,-0.0
29/08/2031 14:00,-0.0
29/08/2031 15:00,100.49860110756423
29/08/2031 16:00,108.41583930433471
29/08/2031 17:00,-0.0
29/08/2031 18:00,-0.0
29/08/2031 19:00,-0.0
29/08/2031 20:00,4.820612383118464
29/08/2031 21:00,-0.0
29/08/2031 22:00,-0.0
29/08/2031 23:00,-0.0
30/08/2031 00:00,-0.0
30/08/2031 01:00,-0.0
30/08/2031 02:00,-0.0
30/08/2031 03:00,-0.0
30/08/2031 04:00,49.07054969335199
30/08/2031 05:00,-0.0
30/08/2031 06:00,23.052813739613125
30/08/2031 07:00,18.21493655549443
30/08/2031 08:00,-0.0
30/08/2031 09:00,-0.0
30/08/2031 10:00,132.61890579276388
30/08/2031 11:00,-0.0
30/08/2031 12:00,517.1882181847736
30/08/2031 13:00,177.2445738411736
30/08/2031 14:00,620.9173691419941
30/08/2031 15:00,229.69734154121144
30/08/2031 16:00,126.36052159624587
30/08/2031 17:00,442.47390781556624
30/08/2031 18:00,672.6632989204943
30/08/2031 19:00,604.7022344479643
30/08/2031 20:00,210.0776465946994
30/08/2031 21:00,427.8028299825347
30/08/2031 22:00,76.61242828415565
30/08/2031 23:00,504.80301262296604
31/08/2031 00:00,200.96713877455383
31/08/2031 01:00,206.13682579598486
31/08/2031 02:00,167.7553891732982
31/08/2031 03:00,119.21266229375371
31/08/2031 04:00,98.90934016554897
31/08/2031 05:00,270.3333564366128
31/08/2031 06:00,510.81581670622984
31/08/2031 07:00,464.58708248741755
31/08/2031 08:00,256.41966159575793
31/08/2031 09:00,432.6796939963269
31/08/2031 10:00,613.5616200477758
31/08/2031 11:00,697.5836111684156
31/08/2031 12:00,308.80027322812043
31/08/2031 13:00,269.87830400371615
31/08/2031 14:00,306.5972861947475
31/08/2031 15:00,142.87799562105795
31/08/2031 16:00,249.97766563378605
31/08/2031 17:00,272.4158244946442
31/08/2031 18:00,80.5469935331558
31/08/2031 19:00,75.95792600124683
31/08/2031 20:00,550.6888086417741
31/08/2031 21:00,326.6701065809601
31/08/2031 22:00,518.9541134119207
31/08/2031 23:00,430.7794760430283
01/09/2031 00:00,515.9608443892382
01/09/2031 01:00,587.8489002031164
01/09/2031 02:00,613.7729281939513
01/09/2031 03:00,622.0456542936765
01/09/2031 04:00,572.550820685045
01/09/2031 05:00,818.1391509787069
01/09/2031 06:00,397.1861462886908
01/09/2031 07:00,765.7751595113663
01/09/2031 08:00,616.0216248589974
01/09/2031 09:00,257.8171516106767
01/09/2031 10:00,267.00077704888383
01/09/2031 11:00,633.2007324796475
01/09/2031 12:00,348.11420600234936
01/09/2031 13:00,463.2779279439741
01/09/2031 14:00,443.10222858852046
01/09/2031 15:00,387.0224618441412
01/09/2031 16:00,312.03364268556004
01/09/2031 17:00,77.1574583211525
01/09/2031 18:00,219.35354832850396
01/09/2031 19:00,133.36105106046014
01/09/2031 20:00,220.01575831466266
01/09/2031 21:00,-0.0
01/09/2031 22:00,531.6697828606201
01/09/2031 23:00,171.48541502963604
02/09/2031 00:00,742.2797250479019
02/09/2031 01:00,337.45815496518907
02/09/2031 02:00,378.1259741084595
02/09/2031 03:00,378.1974173639178
02/09/2031 04:00,388.35679416168995
02/09/2031 05:00,388.6344748720423
02/09/2031 06:00,421.73785261214357
02/09/2031 07:00,453.5644706861297
02/09/2031 08:00,399.7676175200901
02/09/2031 09:00,562.4435154210379
02/09/2031 10:00,647.0170452137644
02/09/2031 11:00,202.9518815782921
02/09/2031 12:00,665.3184057788767
02/09/2031 13:00,322.41691168899
02/09/2031 14:00,255.8056318926651
02/09/2031 15:00,132.3790565272548
02/09/2031 16:00,469.82343095017336
02/09/2031 17:00,247.60116665216387
02/09/2031 18:00,-0.0
02/09/2031 19:00,166.9693528660516
02/09/2031 20:00,277.115480957512
02/09/2031 21:00,90.20468159187688
02/09/2031 22:00,211.03968154982624
02/09/2031 23:00,314.996708667605
03/09/2031 00:00,439.4493371935761
03/09/2031 01:00,402.32059602325387
03/09/2031 02:00,394.2259415349877
03/09/2031 03:00,436.9441540053355
03/09/2031 04:00,527.4694771179271
03/09/2031 05:00,973.504890908142
03/09/2031 06:00,565.46038872339
03/09/2031 07:00,949.3889027940088
03/09/2031 08:00,488.8122663950846
03/09/2031 09:00,661.7718059659603
03/09/2031 10:00,710.0280378389106
03/09/2031 11:00,356.55956855740106
03/09/2031 12:00,308.8031548299097
03/09/2031 13:00,243.66271112794266
03/09/2031 14:00,306.31217911768624
03/09/2031 15:00,309.60160114270695
03/09/2031 16:00,341.456928593749
03/09/2031 17:00,104.59155529657048
03/09/2031 18:00,-0.0
03/09/2031 19:00,-0.0
03/09/2031 20:00,-0.0
03/09/2031 21:00,-0.0
03/09/2031 22:00,-0.0
03/09/2031 23:00,-0.0
04/09/2031 00:00,-0.0
04/09/2031 01:00,-0.0
04/09/2031 02:00,-0.0
04/09/2031 03:00,-0.0
04/09/2031 04:00,152.68531188461796
04/09/2031 05:00,-0.0
04/09/2031 06:00,-0.0
04/09/2031 07:00,-0.0
04/09/2031 08:00,28.166614467028538
04/09/2031 09:00,-0.0
04/09/2031 10:00,106.67855416861178
04/09/2031 11:00,-0.0
04/09/2031 12:00,-0.0
04/09/2031 13:00,-0.0
04/09/2031 14:00,-0.0
04/09/2031 15:00,187.68158401655984
04/09/2031 16:00,121.61315296461612
04/09/2031 17:00,-0.0
04/09/2031 18:00,-0.0
04/09/2031 19:00,-0.0
04/09/2031 20:00,-0.0
04/09/2031 21:00,-0.0
04/09/2031 22:00,-0.0
04/09/2031 23:00,-0.0
05/09/2031 00:00,-0.0
05/09/2031 01:00,-0.0
05/09/2031 02:00,-0.0
05/09/2031 03:00,-0.0
05/09/2031 04:00,-0.0
05/09/2031 05:00,-0.0
05/09/2031 06:00,-0.0
05/09/2031 07:00,-0.0
05/09/2031 08:00,-0.0
05/09/2031 09:00,-0.0
05/09/2031 10:00,-0.0
05/09/2031 11:00,275.96860378344314
05/09/2031 12:00,7.22224676022142
05/09/2031 13:00,251.0904252346395
05/09/2031 14:00,168.77334487828753
05/09/2031 15:00,150.26052336160726
05/09/2031 16:00,453.9272340786519
05/09/2031 17:00,291.67866597353367
05/09/2031 18:00,8.360041133909208
05/09/2031 19:00,252.32378840343006
05/09/2031 20:00,154.07219771710663
05/09/2031 21:00,-0.0
05/09/2031 22:00,-0.0
05/09/2031 23:00,-0.0
06/09/2031 00:00,-0.0
06/09/2031 01:00,-0.0
06/09/2031 02:00,-0.0
06/09/2031 03:00,-0.0
06/09/2031 04:00,-0.0
06/09/2031 05:00,-0.0
06/09/2031 06:00,-0.0
06/09/2031 07:00,-0.0
06/09/2031 08:00,-0.0
06/09/2031 09:00,-0.0
06/09/2031 10:00,246.04694721165436
06/09/2031 11:00,216.43715284148934
06/09/2031 12:00,126.30191600398027
06/09/2031 13:00,155.82033037465965
06/09/2031 14:00,158.95128223905417
06/09/2031 15:00,258.58175711552684
06/09/2031 16:00,427.97481127236904
06/09/2031 17:00,259.69845197002735
06/09/2031 18:00,414.36667859738
06/09/2031 19:00,-0.0
06/09/2031 20:00,-0.0
06/09/2031 21:00,214.986309191614
06/09/2031 22:00,-0.0
06/09/2031 23:00,-0.0
07/09/2031 00:00,55.17208936152766
07/09/2031 01:00,-0.0
07/09/2031 02:00,-0.0
07/09/2031 03:00,-0.0
07/09/2031 04:00,211.24497571173447
07/09/2031 05:00,-0.0
07/09/2031 06:00,-0.0
07/09/2031 07:00,-0.0
07/09/2031 08:00,-0.0
07/09/2031 09:00,-0.0
07/09/2031 10:00,-0.0
07/09/2031 11:00,367.08221067184826
07/09/2031 12:00,274.5199701361222
07/09/2031 13:00,167.38741318721299
07/09/2031 14:00,-0.0
07/09/2031 15:00,-0.0
07/09/2031 16:00,-0.0
07/09/2031 17:00,-0.0
07/09/2031 18:00,-0.0
07/09/2031 19:00,-0.0
07/09/2031 20:00,-0.0
07/09/2031 21:00,-0.0
07/09/2031 22:00,-0.0
07/09/2031 23:00,-0.0
08/09/2031 00:00,-0.0
08/09/2031 01:00,-0.0
08/09/2031 02:00,-0.0
08/09/2031 03:00,13.386001843244797
08/09/2031 04:00,-0.0
08/09/2031 05:00,-0.0
08/09/2031 06:00,-0.0
08/09/2031 07:00,-0.0
08/09/2031 08:00,46.89396319001864
08/09/2031 09:00,-0.0
08/09/2031 10:00,-0.0
08/09/2031 11:00,-0.0
08/09/2031 12:00,214.85005423994951
08/09/2031 13:00,-0.0
08/09/2031 14:00,34.732569562405075
08/09/2031 15:00,244.1142127765814
08/09/2031 16:00,-0.0
08/09/2031 17:00,-0.0
08/09/2031 18:00,2.3292638668983234
08/09/2031 19:00,-0.0
08/09/2031 20:00,-0.0
08/09/2031 21:00,-0.0
08/09/2031 22:00,-0.0
08/09/2031 23:00,-0.0
09/09/2031 00:00,120.98645956710403
09/09/2031 01:00,-0.0
09/09/2031 02:00,-0.0
09/09/2031 03:00,-0.0
09/09/2031 04:00,-0.0
09/09/2031 05:00,-0.0
09/09/2031 06:00,-0.0
09/09/2031 07:00,-0.0
09/09/2031 08:00,-0.0
09/09/2031 09:00,-0.0
09/09/2031 10:00,172.78035822491276
09/09/2031 11:00,57.63893030987811
09/09/2031 12:00,52.0787483746044
09/09/2031 13:00,99.44817539513546
09/09/2031 14:00,125.16338719746172
09/09/2031 15:00,298.07651042798983
09/09/2031 16:00,345.5030805351138
09/09/2031 17:00,121.1248678274709
09/09/2031 18:00,-0.0
09/09/2031 19:00,119.78431705366492
09/09/2031 20:00,-0.0
09/09/2031 21:00,-0.0
09/09/2031 22:00,-0.0
09/09/2031 23:00,-0.0
10/09/2031 00:00,-0.0
10/09/2031 01:00,-0.0
10/09/2031 02:00,-0.0
10/09/2031 03:00,-0.0
10/09/2031 04:00,-0.0
10/09/2031 05:00,-0.0
10/09/2031 06:00,-0.0
10/09/2031 07:00,-0.0
10/09/2031 08:00,-0.0
10/09/2031 09:00,-0.0
10/09/2031 10:00,-0.0
10/09/2031 11:00,275.2242083587149
10/09/2031 12:00,70.656095338127
10/09/2031 13:00,157.80777361824488
10/09/2031 14:00,195.62468492592998
10/09/2031 15:00,359.30422550124007
10/09/2031 16:00,361.6390044451433
10/09/2031 17:00,179.34909497393755
10/09/2031 18:00,8.239510053827585
10/09/2031 19:00,-0.0
10/09/2031 20:00,-0.0
10/09/2031 21:00,216.69783844440576
10/09/2031 22:00,79.69884007635503
10/09/2031 23:00,-0.0
11/09/2031 00:00,-0.0
11/09/2031 01:00,-0.0
11/09/2031 02:00,-0.0
11/09/2031 03:00,-0.0
11/09/2031 04:00,-0.0
11/09/2031 05:00,-0.0
11/09/2031 06:00,-0.0
11/09/2031 07:00,-0.0
11/09/2031 08:00,-0.0
11/09/2031 09:00,-0.0
11/09/2031 10:00,-0.0
11/09/2031 11:00,-0.0
11/09/2031 12:00,-0.0
11/09/2031 13:00,1.3435259385065343
11/09/2031 14:00,326.1671260775402
11/09/2031 15:00,353.3111592682588
11/09/2031 16:00,189.5329160374027
11/09/2031 17:00,-0.0
11/09/2031 18:00,159.17413394018735
11/09/2031 19:00,51.66847339967247
11/09/2031 20:00,-0.0
11/09/2031 21:00,65.78670813107892
11/09/2031 22:00,-0.0
11/09/2031 23:00,-0.0
12/09/2031 00:00,-0.0
12/09/2031 01:00,-0.0
12/09/2031 02:00,-0.0
12/09/2031 03:00,-0.0
12/09/2031 04:00,-0.0
12/09/2031 05:00,-0.0
12/09/2031 06:00,-0.0
12/09/2031 07:00,-0.0
12/09/2031 08:00,-0.0
12/09/2031 09:00,-0.0
12/09/2031 10:00,-0.0
12/09/2031 11:00,65.22182608686722
12/09/2031 12:00,250.7300124710924
12/09/2031 13:00,16.326790342626207
12/09/2031 14:00,-0.0
12/09/2031 15:00,324.60738952846975
12/09/2031 16:00,-0.0
12/09/2031 17:00,-0.0
12/09/2031 18:00,85.96070220780682
12/09/2031 19:00,-0.0
12/09/2031 20:00,-0.0
12/09/2031 21:00,-0.0
12/09/2031 22:00,-0.0
12/09/2031 23:00,-0.0
13/09/2031 00:00,-0.0
13/09/2031 01:00,-0.0
13/09/2031 02:00,-0.0
13/09/2031 03:00,-0.0
13/09/2031 04:00,-0.0
13/09/2031 05:00,-0.0
13/09/2031 06:00,-0.0
13/09/2031 07:00,25.335451753893707
13/09/2031 08:00,-0.0
13/09/2031 09:00,-0.0
13/09/2031 10:00,-0.0
13/09/2031 11:00,-0.0
13/09/2031 12:00,-0.0
13/09/2031 13:00,-0.0
13/09/2031 14:00,323.49649012917683
13/09/2031 15:00,156.3420961358403
13/09/2031 16:00,48.70161798389994
13/09/2031 17:00,-0.0
13/09/2031 18:00,-0.0
13/09/2031 19:00,-0.0
13/09/2031 20:00,-0.0
13/09/2031 21:00,-0.0
13/09/2031 22:00,-0.0
13/09/2031 23:00,-0.0
14/09/2031 00:00,-0.0
14/09/2031 01:00,-0.0
14/09/2031 02:00,-0.0
14/09/2031 03:00,-0.0
14/09/2031 04:00,-0.0
14/09/2031 05:00,-0.0
14/09/2031 06:00,-0.0
14/09/2031 07:00,-0.0
14/09/2031 08:00,-0.0
14/09/2031 09:00,-0.0
14/09/2031 10:00,-0.0
14/09/2031 11:00,374.02621120528414
14/09/2031 12:00,64.13708014526841
14/09/2031 13:00,110.89461196409297
14/09/2031 14:00,330.62697262361996
14/09/2031 15:00,-0.0
14/09/2031 16:00,82.67938715935219
14/09/2031 17:00,-0.0
14/09/2031 18:00,-0.0
14/09/2031 19:00,-0.0
14/09/2031 20:00,-0.0
14/09/2031 21:00,-0.0
14/09/2031 22:00,-0.0
14/09/2031 23:00,-0.0
15/09/2031 00:00,-0.0
15/09/2031 01:00,-0.0
15/09/2031 02:00,-0.0
15/09/2031 03:00,-0.0
15/09/2031 04:00,-0.0
15/09/2031 05:00,-0.0
15/09/2031 06:00,-0.0
15/09/2031 07:00,104.32593394950028
15/09/2031 08:00,159.73246399376418
15/09/2031 09:00,57.02231602709625
15/09/2031 10:00,184.23448477969453
15/09/2031 11:00,-0.0
15/09/2031 12:00,9.523915164291038
15/09/2031 13:00,280.9006735258269
15/09/2031 14:00,-0.0
15/09/2031 15:00,-0.0
15/09/2031 16:00,59.9245972863106
15/09/2031 17:00,-0.0
15/09/2031 18:00,-0.0
15/09/2031 19:00,-0.0
15/09/2031 20:00,-0.0
15/09/2031 21:00,-0.0
15/09/2031 22:00,-0.0
15/09/2031 23:00,-0.0
16/09/2031 00:00,-0.0
16/09/2031 01:00,-0.0
16/09/2031 02:00,-0.0
16/09/2031 03:00,-0.0
16/09/2031 04:00,-0.0
16/09/2031 05:00,-0.0
16/09/2031 06:00,-0.0
16/09/2031 07:00,-0.0
16/09/2031 08:00,-0.0
16/09/2031 09:00,-0.0
16/09/2031 10:00,139.5884166202356
16/09/2031 11:00,-0.0
16/09/2031 12:00,139.06464862203637
16/09/2031 13:00,193.15439286989496
16/09/2031 14:00,234.37849862038786
16/09/2031 15:00,401.63060513615756
16/09/2031 16:00,281.1070271671644
16/09/2031 17:00,25.339058448792787
16/09/2031 18:00,29.40315273813815
16/09/2031 19:00,-0.0
16/09/2031 20:00,-0.0
16/09/2031 21:00,-0.0
16/09/2031 22:00,-0.0
16/09/2031 23:00,-0.0
17/09/2031 00:00,-0.0
17/09/2031 01:00,-0.0
17/09/2031 02:00,-0.0
17/09/2031 03:00,-0.0
17/09/2031 04:00,-0.0
17/09/2031 05:00,-0.0
17/09/2031 06:00,-0.0
17/09/2031 07:00,186.66724661684117
17/09/2031 08:00,-0.0
17/09/2031 09:00,310.3371292902985
17/09/2031 10:00,504.5312256862522
17/09/2031 11:00,499.97656172382284
17/09/2031 12:00,447.8661869021938
17/09/2031 13:00,496.24829372149355
17/09/2031 14:00,514.1382637927412
17/09/2031 15:00,423.6624052401182
17/09/2031 16:00,444.4159957120099
17/09/2031 17:00,148.5487374878211
17/09/2031 18:00,-0.0
17/09/2031 19:00,20.616490039667784
17/09/2031 20:00,-0.0
17/09/2031 21:00,-0.0
17/09/2031 22:00,-0.0
17/09/2031 23:00,-0.0
18/09/2031 00:00,-0.0
18/09/2031 01:00,-0.0
18/09/2031 02:00,-0.0
18/09/2031 03:00,-0.0
18/09/2031 04:00,-0.0
18/09/2031 05:00,-0.0
18/09/2031 06:00,-0.0
18/09/2031 07:00,-0.0
18/09/2031 08:00,141.14075622099435
18/09/2031 09:00,409.6304077334684
18/09/2031 10:00,630.6961256455288
18/09/2031 11:00,491.2913111163412
18/09/2031 12:00,481.64754136610514
18/09/2031 13:00,497.7165605468526
18/09/2031 14:00,589.4166182836391
18/09/2031 15:00,373.0127384409421
18/09/2031 16:00,613.3941012951171
18/09/2031 17:00,433.0727763549483
18/09/2031 18:00,653.3349209497085
18/09/2031 19:00,244.7779407045437
18/09/2031 20:00,78.94966032974592
18/09/2031 21:00,449.5388511793467
18/09/2031 22:00,244.58390792720635
18/09/2031 23:00,194.62192171063148
19/09/2031 00:00,156.39693553388307
19/09/2031 01:00,127.9664714266405
19/09/2031 02:00,124.42835591573096
19/09/2031 03:00,114.3174201465562
19/09/2031 04:00,76.08537645178508
19/09/2031 05:00,364.96356174570536
19/09/2031 06:00,257.4651999538968
19/09/2031 07:00,-0.0
19/09/2031 08:00,-0.0
19/09/2031 09:00,171.60589192309047
19/09/2031 10:00,374.774828310044
19/09/2031 11:00,211.5139855619424
19/09/2031 12:00,153.0426196741752
19/09/2031 13:00,208.6784486340299
19/09/2031 14:00,142.7940480598836
19/09/2031 15:00,291.83512133509663
19/09/2031 16:00,366.36637711594386
19/09/2031 17:00,148.8122899725161
19/09/2031 18:00,-0.0
19/09/2031 19:00,-0.0
19/09/2031 20:00,-0.0
19/09/2031 21:00,86.3620373356815
19/09/2031 22:00,38.03227576824826
19/09/2031 23:00,90.1033347621158
20/09/2031 00:00,132.44295331625565
20/09/2031 01:00,47.10448348643294
20/09/2031 02:00,76.87899710025381
20/09/2031 03:00,-0.0
20/09/2031 04:00,-0.0
20/09/2031 05:00,-0.0
20/09/2031 06:00,-0.0
20/09/2031 07:00,138.37409789636715
20/09/2031 08:00,35.73836936594054
20/09/2031 09:00,207.87550341182458
20/09/2031 10:00,-0.0
20/09/2031 11:00,-0.0
20/09/2031 12:00,-0.0
20/09/2031 13:00,143.596902357445
20/09/2031 14:00,-0.0
20/09/2031 15:00,-0.0
20/09/2031 16:00,-0.0
20/09/2031 17:00,-0.0
20/09/2031 18:00,-0.0
20/09/2031 19:00,-0.0
20/09/2031 20:00,-0.0
20/09/2031 21:00,-0.0
20/09/2031 22:00,-0.0
20/09/2031 23:00,-0.0
21/09/2031 00:00,-0.0
21/09/2031 01:00,-0.0
21/09/2031 02:00,-0.0
21/09/2031 03:00,-0.0
21/09/2031 04:00,-0.0
21/09/2031 05:00,-0.0
21/09/2031 06:00,-0.0
21/09/2031 07:00,-0.0
21/09/2031 08:00,-0.0
21/09/2031 09:00,15.948778381999228
21/09/2031 10:00,-0.0
21/09/2031 11:00,-0.0
21/09/2031 12:00,-0.0
21/09/2031 13:00,-0.0
21/09/2031 14:00,-0.0
21/09/2031 15:00,163.96811345958963
21/09/2031 16:00,-0.0
21/09/2031 17:00,-0.0
21/09/2031 18:00,-0.0
21/09/2031 19:00,-0.0
21/09/2031 20:00,-0.0
21/09/2031 21:00,36.101210032921095
21/09/2031 22:00,89.60531351107588
21/09/2031 23:00,-0.0
22/09/2031 00:00,-0.0
22/09/2031 01:00,-0.0
22/09/2031 02:00,-0.0
22/09/2031 03:00,21.572987245326594
22/09/2031 04:00,-0.0
22/09/2031 05:00,-0.0
22/09/2031 06:00,-0.0
22/09/2031 07:00,-0.0
22/09/2031 08:00,-0.0
22/09/2031 09:00,-0.0
22/09/2031 10:00,-0.0
22/09/2031 11:00,-0.0
22/09/2031 12:00,-0.0
22/09/2031 13:00,-0.0
22/09/2031 14:00,-0.0
22/09/2031 15:00,-0.0
22/09/2031 16:00,-0.0
22/09/2031 17:00,306.9690374633763
22/09/2031 18:00,154.52548736239214
22/09/2031 19:00,38.31652101021679
22/09/2031 20:00,-0.0
22/09/2031 21:00,-0.0
22/09/2031 22:00,-0.0
22/09/2031 23:00,-0.0
23/09/2031 00:00,-0.0
23/09/2031 01:00,-0.0
23/09/2031 02:00,-0.0
23/09/2031 03:00,-0.0
23/09/2031 04:00,-0.0
23/09/2031 05:00,-0.0
23/09/2031 06:00,-0.0
23/09/2031 07:00,-0.0
23/09/2031 08:00,-0.0
23/09/2031 09:00,-0.0
23/09/2031 10:00,124.76528937965782
23/09/2031 11:00,-0.0
23/09/2031 12:00,65.6208079210321
23/09/2031 13:00,88.21014354446525
23/09/2031 14:00,115.94117118127322
23/09/2031 15:00,285.75333225453227
23/09/2031 16:00,180.625692894532
23/09/2031 17:00,211.656981550829
23/09/2031 18:00,-0.0
23/09/2031 19:00,-0.0
23/09/2031 20:00,26.90423426542411
23/09/2031 21:00,24.691171362299183
23/09/2031 22:00,-0.0
23/09/2031 23:00,-0.0
24/09/2031 00:00,-0.0
24/09/2031 01:00,-0.0
24/09/2031 02:00,-0.0
24/09/2031 03:00,-0.0
24/09/2031 04:00,-0.0
24/09/2031 05:00,114.02093867081322
24/09/2031 06:00,-0.0
24/09/2031 07:00,-0.0
24/09/2031 08:00,-0.0
24/09/2031 09:00,75.99130909507248
24/09/2031 10:00,405.0858650165667
24/09/2031 11:00,215.1414758756734
24/09/2031 12:00,379.05519819155535
24/09/2031 13:00,481.263331209732
24/09/2031 14:00,641.8914972842101
24/09/2031 15:00,1078.341112265313
24/09/2031 16:00,999.8356790539376
24/09/2031 17:00,984.5928999528859
24/09/2031 18:00,765.7656507036654
24/09/2031 19:00,496.995092204521
24/09/2031 20:00,497.76898077778765
24/09/2031 21:00,343.1053538350691
24/09/2031 22:00,246.11243901076617
24/09/2031 23:00,192.15414838659507
25/09/2031 00:00,243.98326993539555
25/09/2031 01:00,256.2498638678419
25/09/2031 02:00,236.32867526601066
25/09/2031 03:00,684.1099993521027
25/09/2031 04:00,334.88802896458947
25/09/2031 05:00,728.4837671968188
25/09/2031 06:00,277.7447175044686
25/09/2031 07:00,287.65270054295655
25/09/2031 08:00,604.0854031527268
25/09/2031 09:00,187.5771750254709
25/09/2031 10:00,427.4206873258944
25/09/2031 11:00,200.16381906469763
25/09/2031 12:00,94.88185394381169
25/09/2031 13:00,77.54353405889673
25/09/2031 14:00,19.325498657967053
25/09/2031 15:00,290.23167700496265
25/09/2031 16:00,253.63568320427126
25/09/2031 17:00,264.3977951046985
25/09/2031 18:00,116.30178688407534
25/09/2031 19:00,260.32748489323694
25/09/2031 20:00,112.38401628376542
25/09/2031 21:00,106.7600318784125
25/09/2031 22:00,-0.0
25/09/2031 23:00,-0.0
26/09/2031 00:00,-0.0
26/09/2031 01:00,-0.0
26/09/2031 02:00,-0.0
26/09/2031 03:00,-0.0
26/09/2031 04:00,-0.0
26/09/2031 05:00,-0.0
26/09/2031 06:00,-0.0
26/09/2031 07:00,-0.0
26/09/2031 08:00,-0.0
26/09/2031 09:00,-0.0
26/09/2031 10:00,38.12111471846678
26/09/2031 11:00,-0.0
26/09/2031 12:00,-0.0
26/09/2031 13:00,0.3551046059688077
26/09/2031 14:00,-0.0
26/09/2031 15:00,253.87021534935468
26/09/2031 16:00,61.72386768397812
26/09/2031 17:00,-0.0
26/09/2031 18:00,-0.0
26/09/2031 19:00,-0.0
26/09/2031 20:00,-0.0
26/09/2031 21:00,-0.0
26/09/2031 22:00,-0.0
26/09/2031 23:00,-0.0
27/09/2031 00:00,-0.0
27/09/2031 01:00,-0.0
27/09/2031 02:00,-0.0
27/09/2031 03:00,-0.0
27/09/2031 04:00,-0.0
27/09/2031 05:00,-0.0
27/09/2031 06:00,30.698033820614977
27/09/2031 07:00,-0.0
27/09/2031 08:00,-0.0
27/09/2031 09:00,-0.0
27/09/2031 10:00,-0.0
27/09/2031 11:00,-0.0
27/09/2031 12:00,-0.0
27/09/2031 13:00,-0.0
27/09/2031 14:00,71.30843764174203
27/09/2031 15:00,-0.0
27/09/2031 16:00,-0.0
27/09/2031 17:00,-0.0
27/09/2031 18:00,-0.0
27/09/2031 19:00,-0.0
27/09/2031 20:00,-0.0
27/09/2031 21:00,-0.0
27/09/2031 22:00,-0.0
27/09/2031 23:00,-0.0
28/09/2031 00:00,-0.0
28/09/2031 01:00,-0.0
28/09/2031 02:00,-0.0
28/09/2031 03:00,-0.0
28/09/2031 04:00,-0.0
28/09/2031 05:00,-0.0
28/09/2031 06:00,-0.0
28/09/2031 07:00,-0.0
28/09/2031 08:00,-0.0
28/09/2031 09:00,-0.0
28/09/2031 10:00,-0.0
28/09/2031 11:00,-0.0
28/09/2031 12:00,7.884512549752457
28/09/2031 13:00,-0.0
28/09/2031 14:00,-0.0
28/09/2031 15:00,-0.0
28/09/2031 16:00,-0.0
28/09/2031 17:00,-0.0
28/09/2031 18:00,-0.0
28/09/2031 19:00,-0.0
28/09/2031 20:00,-0.0
28/09/2031 21:00,-0.0
28/09/2031 22:00,-0.0
28/09/2031 23:00,-0.0
29/09/2031 00:00,-0.0
29/09/2031 01:00,-0.0
29/09/2031 02:00,-0.0
29/09/2031 03:00,-0.0
29/09/2031 04:00,-0.0
29/09/2031 05:00,-0.0
29/09/2031 06:00,-0.0
29/09/2031 07:00,-0.0
29/09/2031 08:00,-0.0
29/09/2031 09:00,-0.0
29/09/2031 10:00,-0.0
29/09/2031 11:00,-0.0
29/09/2031 12:00,-0.0
29/09/2031 13:00,-0.0
29/09/2031 14:00,-0.0
29/09/2031 15:00,-0.0
29/09/2031 16:00,117.32533280502166
29/09/2031 17:00,12.992578469269153
29/09/2031 18:00,-0.0
29/09/2031 19:00,-0.0
29/09/2031 20:00,-0.0
29/09/2031 21:00,-0.0
29/09/2031 22:00,-0.0
29/09/2031 23:00,-0.0
30/09/2031 00:00,45.343763018374986
30/09/2031 01:00,-0.0
30/09/2031 02:00,-0.0
30/09/2031 03:00,-0.0
30/09/2031 04:00,-0.0
30/09/2031 05:00,-0.0
30/09/2031 06:00,-0.0
30/09/2031 07:00,-0.0
30/09/2031 08:00,-0.0
30/09/2031 09:00,-0.0
30/09/2031 10:00,26.739081870708233
30/09/2031 11:00,148.71878029286782
30/09/2031 12:00,15.92243482449503
30/09/2031 13:00,43.963366092955894
30/09/2031 14:00,54.30449955335333
30/09/2031 15:00,313.635986692111
30/09/2031 16:00,-0.0
30/09/2031 17:00,-0.0
30/09/2031 18:00,54.95487683118321
30/09/2031 19:00,-0.0
30/09/2031 20:00,-0.0
30/09/2031 21:00,29.755006728554847
30/09/2031 22:00,54.35720127472537
30/09/2031 23:00,-0.0
01/10/2031 00:00,-0.0
01/10/2031 01:00,-0.0
01/10/2031 02:00,-0.0
01/10/2031 03:00,-0.0
01/10/2031 04:00,-0.0
01/10/2031 05:00,-0.0
01/10/2031 06:00,-0.0
01/10/2031 07:00,-0.0
01/10/2031 08:00,-0.0
01/10/2031 09:00,66.27806220590776
01/10/2031 10:00,335.47598840495584
01/10/2031 11:00,128.6211768012168
01/10/2031 12:00,223.75559188737418
01/10/2031 13:00,240.56169632850188
01/10/2031 14:00,215.07581718603979
01/10/2031 15:00,404.6755467432113
01/10/2031 16:00,260.17173857671486
01/10/2031 17:00,-0.0
01/10/2031 18:00,20.90367286119116
01/10/2031 19:00,-0.0
01/10/2031 20:00,-0.0
01/10/2031 21:00,16.655438663856767
01/10/2031 22:00,-0.0
01/10/2031 23:00,-0.0
02/10/2031 00:00,-0.0
02/10/2031 01:00,-0.0
02/10/2031 02:00,-0.0
02/10/2031 03:00,-0.0
02/10/2031 04:00,-0.0
02/10/2031 05:00,-0.0
02/10/2031 06:00,-0.0
02/10/2031 07:00,-0.0
02/10/2031 08:00,-0.0
02/10/2031 09:00,-0.0
02/10/2031 10:00,-0.0
02/10/2031 11:00,-0.0
02/10/2031 12:00,-0.0
02/10/2031 13:00,-0.0
02/10/2031 14:00,27.84538665410786
02/10/2031 15:00,-0.0
02/10/2031 16:00,-0.0
02/10/2031 17:00,114.97433793600216
02/10/2031 18:00,-0.0
02/10/2031 19:00,-0.0
02/10/2031 20:00,-0.0
02/10/2031 21:00,52.996489314869194
02/10/2031 22:00,-0.0
02/10/2031 23:00,-0.0
03/10/2031 00:00,-0.0
03/10/2031 01:00,-0.0
03/10/2031 02:00,-0.0
03/10/2031 03:00,-0.0
03/10/2031 04:00,-0.0
03/10/2031 05:00,-0.0
03/10/2031 06:00,-0.0
03/10/2031 07:00,77.55922761788881
03/10/2031 08:00,-0.0
03/10/2031 09:00,-0.0
03/10/2031 10:00,248.77727949749539
03/10/2031 11:00,520.8940663301229
03/10/2031 12:00,262.81187310458483
03/10/2031 13:00,355.66012848506216
03/10/2031 14:00,409.2436533664023
03/10/2031 15:00,367.2024062312596
03/10/2031 16:00,606.3666865085127
03/10/2031 17:00,492.5947871519318
03/10/2031 18:00,586.6746151391978
03/10/2031 19:00,158.93662848111245
03/10/2031 20:00,145.45375640493396
03/10/2031 21:00,180.05753132327516
03/10/2031 22:00,77.68209093800093
03/10/2031 23:00,481.69968629754123
04/10/2031 00:00,46.057249792749786
04/10/2031 01:00,69.08945954714561
04/10/2031 02:00,104.06594159041522
04/10/2031 03:00,108.15805500152777
04/10/2031 04:00,110.25932593207789
04/10/2031 05:00,87.31454240289403
04/10/2031 06:00,16.208941582728734
04/10/2031 07:00,367.7392036039266
04/10/2031 08:00,282.8027237450439
04/10/2031 09:00,82.47522529900122
04/10/2031 10:00,270.405999557308
04/10/2031 11:00,313.7562256948274
04/10/2031 12:00,186.38309934146548
04/10/2031 13:00,325.2414804177413
04/10/2031 14:00,447.37692344193806
04/10/2031 15:00,674.7828986617718
04/10/2031 16:00,498.0615016844254
04/10/2031 17:00,451.5574986331301
04/10/2031 18:00,692.6183453995751
04/10/2031 19:00,532.04312147466
04/10/2031 20:00,201.33944889013083
04/10/2031 21:00,456.7508729495327
04/10/2031 22:00,340.53599404773433
04/10/2031 23:00,84.53207956345923
05/10/2031 00:00,70.51776016217954
05/10/2031 01:00,-0.0
05/10/2031 02:00,-0.0
05/10/2031 03:00,-0.0
05/10/2031 04:00,34.703126394396065
05/10/2031 05:00,335.84172425070074
05/10/2031 06:00,670.670971905738
05/10/2031 07:00,615.4266140901635
05/10/2031 08:00,509.77420619026583
05/10/2031 09:00,640.2716003734007
05/10/2031 10:00,765.4328887238406
05/10/2031 11:00,975.5884232025712
05/10/2031 12:00,898.4429582016379
05/10/2031 13:00,1114.6609524725034
05/10/2031 14:00,1015.6195625162461
05/10/2031 15:00,1005.7516074953131
05/10/2031 16:00,821.3391330816876
05/10/2031 17:00,993.6590885179854
05/10/2031 18:00,660.2603562803836
05/10/2031 19:00,500.3410608831441
05/10/2031 20:00,474.0822379082317
05/10/2031 21:00,521.7493907351604
05/10/2031 22:00,193.54495202777687
05/10/2031 23:00,280.83147904547525
06/10/2031 00:00,813.1836669463105
06/10/2031 01:00,861.1312275239001
06/10/2031 02:00,444.31302505143935
06/10/2031 03:00,607.359952930972
06/10/2031 04:00,209.4432231202225
06/10/2031 05:00,498.919437597914
06/10/2031 06:00,654.3536253969222
06/10/2031 07:00,149.60230860569777
06/10/2031 08:00,627.0967264703157
06/10/2031 09:00,584.1948965543612
06/10/2031 10:00,889.7512144738486
06/10/2031 11:00,649.8830688378877
06/10/2031 12:00,-0.0
06/10/2031 13:00,-0.0
06/10/2031 14:00,-0.0
06/10/2031 15:00,3.0080971545573796
06/10/2031 16:00,494.2546503557982
06/10/2031 17:00,558.3108448102402
06/10/2031 18:00,490.9853073972171
06/10/2031 19:00,370.5852123879125
06/10/2031 20:00,346.58516630371906
06/10/2031 21:00,-0.0
06/10/2031 22:00,-0.0
06/10/2031 23:00,-0.0
07/10/2031 00:00,-0.0
07/10/2031 01:00,1.462922154207944
07/10/2031 02:00,-0.0
07/10/2031 03:00,-0.0
07/10/2031 04:00,-0.0
07/10/2031 05:00,-0.0
07/10/2031 06:00,-0.0
07/10/2031 07:00,-0.0
07/10/2031 08:00,-0.0
07/10/2031 09:00,0.3487823377777688
07/10/2031 10:00,63.05262354122157
07/10/2031 11:00,4.759100110059079
07/10/2031 12:00,-0.0
07/10/2031 13:00,-0.0
07/10/2031 14:00,45.49884410136624
07/10/2031 15:00,299.364620049779
07/10/2031 16:00,229.41506514596082
07/10/2031 17:00,-0.0
07/10/2031 18:00,-0.0
07/10/2031 19:00,87.96819407563935
07/10/2031 20:00,55.53060620762093
07/10/2031 21:00,40.25276281093949
07/10/2031 22:00,-0.0
07/10/2031 23:00,-0.0
08/10/2031 00:00,-0.0
08/10/2031 01:00,-0.0
08/10/2031 02:00,-0.0
08/10/2031 03:00,-0.0
08/10/2031 04:00,-0.0
08/10/2031 05:00,-0.0
08/10/2031 06:00,-0.0
08/10/2031 07:00,-0.0
08/10/2031 08:00,-0.0
08/10/2031 09:00,-0.0
08/10/2031 10:00,35.08448569773551
08/10/2031 11:00,-0.0
08/10/2031 12:00,-0.0
08/10/2031 13:00,-0.0
08/10/2031 14:00,-0.0
08/10/2031 15:00,-0.0
08/10/2031 16:00,-0.0
08/10/2031 17:00,-0.0
08/10/2031 18:00,-0.0
08/10/2031 19:00,-0.0
08/10/2031 20:00,-0.0
08/10/2031 21:00,-0.0
08/10/2031 22:00,21.828367247646156
08/10/2031 23:00,-0.0
09/10/2031 00:00,-0.0
09/10/2031 01:00,-0.0
09/10/2031 02:00,-0.0
09/10/2031 03:00,-0.0
09/10/2031 04:00,-0.0
09/10/2031 05:00,-0.0
09/10/2031 06:00,-0.0
09/10/2031 07:00,101.36843324659768
09/10/2031 08:00,-0.0
09/10/2031 09:00,-0.0
09/10/2031 10:00,-0.0
09/10/2031 11:00,-0.0
09/10/2031 12:00,-0.0
09/10/2031 13:00,-0.0
09/10/2031 14:00,-0.0
09/10/2031 15:00,-0.0
09/10/2031 16:00,189.1767848174583
09/10/2031 17:00,91.38432425752947
09/10/2031 18:00,-0.0
09/10/2031 19:00,-0.0
09/10/2031 20:00,-0.0
09/10/2031 21:00,-0.0
09/10/2031 22:00,97.67363383457365
09/10/2031 23:00,-0.0
10/10/2031 00:00,-0.0
10/10/2031 01:00,-0.0
10/10/2031 02:00,-0.0
10/10/2031 03:00,-0.0
10/10/2031 04:00,-0.0
10/10/2031 05:00,-0.0
10/10/2031 06:00,-0.0
10/10/2031 07:00,-0.0
10/10/2031 08:00,-0.0
10/10/2031 09:00,-0.0
10/10/2031 10:00,87.34502360111183
10/10/2031 11:00,-0.0
10/10/2031 12:00,52.74623068287318
10/10/2031 13:00,93.89819786074032
10/10/2031 14:00,-0.0
10/10/2031 15:00,202.38832937051282
10/10/2031 16:00,48.633535527765325
10/10/2031 17:00,-0.0
10/10/2031 18:00,146.0146164700232
10/10/2031 19:00,-0.0
10/10/2031 20:00,-0.0
10/10/2031 21:00,94.89866282088006
10/10/2031 22:00,-0.0
10/10/2031 23:00,-0.0
11/10/2031 00:00,-0.0
11/10/2031 01:00,-0.0
11/10/2031 02:00,-0.0
11/10/2031 03:00,-0.0
11/10/2031 04:00,-0.0
11/10/2031 05:00,-0.0
11/10/2031 06:00,-0.0
11/10/2031 07:00,-0.0
11/10/2031 08:00,-0.0
11/10/2031 09:00,-0.0
11/10/2031 10:00,-0.0
11/10/2031 11:00,173.503922731978
11/10/2031 12:00,6.6304541524347425
11/10/2031 13:00,31.928492466204226
11/10/2031 14:00,10.363634969014294
11/10/2031 15:00,-0.0
11/10/2031 16:00,24.438025271380997
11/10/2031 17:00,-0.0
11/10/2031 18:00,20.61583457004164
11/10/2031 19:00,-0.0
11/10/2031 20:00,-0.0
11/10/2031 21:00,34.11257566740078
11/10/2031 22:00,50.26960580798913
11/10/2031 23:00,-0.0
12/10/2031 00:00,-0.0
12/10/2031 01:00,-0.0
12/10/2031 02:00,-0.0
12/10/2031 03:00,-0.0
12/10/2031 04:00,-0.0
12/10/2031 05:00,-0.0
12/10/2031 06:00,-0.0
12/10/2031 07:00,-0.0
12/10/2031 08:00,-0.0
12/10/2031 09:00,27.373211043411523
12/10/2031 10:00,-0.0
12/10/2031 11:00,366.6800211976641
12/10/2031 12:00,122.70187473110613
12/10/2031 13:00,325.2134283003332
12/10/2031 14:00,233.798422625314
12/10/2031 15:00,278.87415605461075
12/10/2031 16:00,658.7275293651988
12/10/2031 17:00,480.9396782209857
12/10/2031 18:00,612.1455128963829
12/10/2031 19:00,700.0424021830175
12/10/2031 20:00,680.9943139618416
12/10/2031 21:00,603.8906912229712
12/10/2031 22:00,375.0986507107772
12/10/2031 23:00,652.2874330377757
13/10/2031 00:00,358.443875063085
13/10/2031 01:00,423.2086223477438
13/10/2031 02:00,492.23653539647694
13/10/2031 03:00,-0.0
13/10/2031 04:00,687.5072868239888
13/10/2031 05:00,1130.6313172992577
13/10/2031 06:00,651.3788211729002
13/10/2031 07:00,802.0844050233266
13/10/2031 08:00,911.9078665694401
13/10/2031 09:00,-0.0
13/10/2031 10:00,331.61114393726484
13/10/2031 11:00,-0.0
13/10/2031 12:00,-0.0
13/10/2031 13:00,-0.0
13/10/2031 14:00,-0.0
13/10/2031 15:00,-0.0
13/10/2031 16:00,-0.0
13/10/2031 17:00,615.5577042612298
13/10/2031 18:00,-0.0
13/10/2031 19:00,-0.0
13/10/2031 20:00,-0.0
13/10/2031 21:00,-0.0
13/10/2031 22:00,-0.0
13/10/2031 23:00,132.16048793966593
14/10/2031 00:00,162.09250438622686
14/10/2031 01:00,265.58434338546226
14/10/2031 02:00,260.434821311983
14/10/2031 03:00,260.9255725711189
14/10/2031 04:00,156.6043011912707
14/10/2031 05:00,-0.0
14/10/2031 06:00,94.37426194442267
14/10/2031 07:00,206.0329021837047
14/10/2031 08:00,118.15270991486662
14/10/2031 09:00,102.42028351898973
14/10/2031 10:00,382.73188901727144
14/10/2031 11:00,-0.0
14/10/2031 12:00,291.21651980878863
14/10/2031 13:00,275.8164146063611
14/10/2031 14:00,-0.0
14/10/2031 15:00,216.59318161626524
14/10/2031 16:00,-0.0
14/10/2031 17:00,92.37589052192278
14/10/2031 18:00,-0.0
14/10/2031 19:00,-0.0
14/10/2031 20:00,-0.0
14/10/2031 21:00,183.95780649275147
14/10/2031 22:00,-0.0
14/10/2031 23:00,-0.0
15/10/2031 00:00,52.17569394570147
15/10/2031 01:00,-0.0
15/10/2031 02:00,-0.0
15/10/2031 03:00,-0.0
15/10/2031 04:00,52.04343724274206
15/10/2031 05:00,-0.0
15/10/2031 06:00,82.27687106727191
15/10/2031 07:00,116.06080857207928
15/10/2031 08:00,-0.0
15/10/2031 09:00,-0.0
15/10/2031 10:00,170.84191263067234
15/10/2031 11:00,188.1145720860548
15/10/2031 12:00,127.32067420052883
15/10/2031 13:00,170.51798635496243
15/10/2031 14:00,286.6160361113935
15/10/2031 15:00,52.88401622141782
15/10/2031 16:00,249.45455121507263
15/10/2031 17:00,-0.0
15/10/2031 18:00,-0.0
15/10/2031 19:00,23.646486778329006
15/10/2031 20:00,8.182518522480052
15/10/2031 21:00,15.283270207532965
15/10/2031 22:00,-0.0
15/10/2031 23:00,-0.0
16/10/2031 00:00,-0.0
16/10/2031 01:00,-0.0
16/10/2031 02:00,-0.0
16/10/2031 03:00,-0.0
16/10/2031 04:00,-0.0
16/10/2031 05:00,-0.0
16/10/2031 06:00,-0.0
16/10/2031 07:00,48.29065035830247
16/10/2031 08:00,-0.0
16/10/2031 09:00,156.37215676813346
16/10/2031 10:00,659.9713680919214
16/10/2031 11:00,528.3419223732866
16/10/2031 12:00,530.6597026619038
16/10/2031 13:00,520.9805918004664
16/10/2031 14:00,401.46115358019495
16/10/2031 15:00,639.3042480151541
16/10/2031 16:00,528.9108297938499
16/10/2031 17:00,196.6404783199189
16/10/2031 18:00,-0.0
16/10/2031 19:00,-0.0
16/10/2031 20:00,3.4188361683919624
16/10/2031 21:00,-0.0
16/10/2031 22:00,-0.0
16/10/2031 23:00,-0.0
17/10/2031 00:00,-0.0
17/10/2031 01:00,76.63788313218845
17/10/2031 02:00,-0.0
17/10/2031 03:00,-0.0
17/10/2031 04:00,-0.0
17/10/2031 05:00,-0.0
17/10/2031 06:00,-0.0
17/10/2031 07:00,-0.0
17/10/2031 08:00,-0.0
17/10/2031 09:00,-0.0
17/10/2031 10:00,-0.0
17/10/2031 11:00,-0.0
17/10/2031 12:00,260.7908733057968
17/10/2031 13:00,15.649169561526621
17/10/2031 14:00,72.38000701283053
17/10/2031 15:00,337.9168734782258
17/10/2031 16:00,33.66698592594852
17/10/2031 17:00,537.963874581053
17/10/2031 18:00,188.96727278877324
17/10/2031 19:00,442.89957378329683
17/10/2031 20:00,421.76103398475044
17/10/2031 21:00,501.0473519971968
17/10/2031 22:00,-0.0
17/10/2031 23:00,64.40562556764937
18/10/2031 00:00,127.4031518698097
18/10/2031 01:00,126.8258612766173
18/10/2031 02:00,165.89932988074995
18/10/2031 03:00,184.55823588512715
18/10/2031 04:00,265.994846790368
18/10/2031 05:00,398.5634271353705
18/10/2031 06:00,327.8470085306139
18/10/2031 07:00,286.852598269357
18/10/2031 08:00,207.15192015555843
18/10/2031 09:00,451.05819699411734
18/10/2031 10:00,749.3327419752158
18/10/2031 11:00,718.48997575528
18/10/2031 12:00,1448.5217080809036
18/10/2031 13:00,1256.2141201776592
18/10/2031 14:00,1287.2591927467656
18/10/2031 15:00,1083.3517257965063
18/10/2031 16:00,1139.6839046460539
18/10/2031 17:00,793.4262395055497
18/10/2031 18:00,870.3130625575754
18/10/2031 19:00,725.7608806932855
18/10/2031 20:00,651.8670724848547
18/10/2031 21:00,451.40002536037525
18/10/2031 22:00,387.0599832853159
18/10/2031 23:00,110.40083548650426
19/10/2031 00:00,-0.0
19/10/2031 01:00,-0.0
19/10/2031 02:00,343.4234301820116
19/10/2031 03:00,-0.0
19/10/2031 04:00,35.7532405363477
19/10/2031 05:00,282.7079517021585
19/10/2031 06:00,508.9843946855257
19/10/2031 07:00,440.4515096213475
19/10/2031 08:00,480.69771011484823
19/10/2031 09:00,463.0764508635876
19/10/2031 10:00,116.1872416915918
19/10/2031 11:00,616.5826216920956
19/10/2031 12:00,400.7418067648998
19/10/2031 13:00,501.47929153668656
19/10/2031 14:00,635.7382076484828
19/10/2031 15:00,867.9023764451981
19/10/2031 16:00,589.9313874039128
19/10/2031 17:00,604.1445880004106
19/10/2031 18:00,14.147121436835231
19/10/2031 19:00,259.4023031025601
19/10/2031 20:00,331.21045669678216
19/10/2031 21:00,410.56555300852784
19/10/2031 22:00,93.63793142644815
19/10/2031 23:00,130.03040193126805
20/10/2031 00:00,140.77279457061564
20/10/2031 01:00,143.65837613680233
20/10/2031 02:00,23.407301257560576
20/10/2031 03:00,-0.0
20/10/2031 04:00,-0.0
20/10/2031 05:00,75.81886585449467
20/10/2031 06:00,346.1778124925292
20/10/2031 07:00,-0.0
20/10/2031 08:00,-0.0
20/10/2031 09:00,-0.0
20/10/2031 10:00,20.165977421301
20/10/2031 11:00,-0.0
20/10/2031 12:00,262.69783285456475
20/10/2031 13:00,10.833666587173033
20/10/2031 14:00,8.134950189977115
20/10/2031 15:00,-0.0
20/10/2031 16:00,-0.0
20/10/2031 17:00,-0.0
20/10/2031 18:00,101.18173973856767
20/10/2031 19:00,124.88536842874231
20/10/2031 20:00,189.116683465184
20/10/2031 21:00,261.5246245825733
20/10/2031 22:00,38.57766071638258
20/10/2031 23:00,87.29383942737365
21/10/2031 00:00,120.10040342935947
21/10/2031 01:00,-0.0
21/10/2031 02:00,56.117235780810226
21/10/2031 03:00,-0.0
21/10/2031 04:00,-0.0
21/10/2031 05:00,30.691476456191978
21/10/2031 06:00,290.84095900393595
21/10/2031 07:00,338.25291594113867
21/10/2031 08:00,334.6857588013681
21/10/2031 09:00,130.9840345972398
21/10/2031 10:00,-0.0
21/10/2031 11:00,382.1417981058266
21/10/2031 12:00,276.34645996943067
21/10/2031 13:00,448.6910841824605
21/10/2031 14:00,534.5492356159587
21/10/2031 15:00,62.10440293857351
21/10/2031 16:00,295.727624354253
21/10/2031 17:00,90.77112625173913
21/10/2031 18:00,327.07943533818053
21/10/2031 19:00,293.9092583919212
21/10/2031 20:00,293.7019478833486
21/10/2031 21:00,-0.0
21/10/2031 22:00,-0.0
21/10/2031 23:00,404.7890123220208
22/10/2031 00:00,80.43615256539782
22/10/2031 01:00,189.17652176810807
22/10/2031 02:00,279.17192226173097
22/10/2031 03:00,361.8597059437279
22/10/2031 04:00,395.05996574102346
22/10/2031 05:00,549.9416517899909
22/10/2031 06:00,747.2701062699017
22/10/2031 07:00,911.0927448655526
22/10/2031 08:00,927.379746261353
22/10/2031 09:00,1095.661132508795
22/10/2031 10:00,1014.8522144025585
22/10/2031 11:00,1597.3837674441857
22/10/2031 12:00,1589.5816728823163
22/10/2031 13:00,1582.0087748604963
22/10/2031 14:00,1462.264635654242
22/10/2031 15:00,1484.1584491399801
22/10/2031 16:00,1559.2698508576154
22/10/2031 17:00,1078.9432919885526
22/10/2031 18:00,669.3001956144021
22/10/2031 19:00,404.84730515765403
22/10/2031 20:00,175.69130192927975
22/10/2031 21:00,16.73183145162789
22/10/2031 22:00,-0.0
22/10/2031 23:00,-0.0
23/10/2031 00:00,4.960827115492159
23/10/2031 01:00,76.22207825320741
23/10/2031 02:00,285.67444238269957
23/10/2031 03:00,114.997300494307
23/10/2031 04:00,321.5227783369177
23/10/2031 05:00,60.48443056372073
23/10/2031 06:00,-0.0
23/10/2031 07:00,165.11419247311892
23/10/2031 08:00,44.56900031411413
23/10/2031 09:00,375.68581511894934
23/10/2031 10:00,326.10843409598397
23/10/2031 11:00,300.89793466974623
23/10/2031 12:00,204.28841394382383
23/10/2031 13:00,156.36153384266402
23/10/2031 14:00,97.47807121885305
23/10/2031 15:00,47.087467414949245
23/10/2031 16:00,198.4854384934296
23/10/2031 17:00,28.561423216549667
23/10/2031 18:00,210.74530916945542
23/10/2031 19:00,19.845001612172922
23/10/2031 20:00,-0.0
23/10/2031 21:00,284.67729177080867
23/10/2031 22:00,221.3571909118616
23/10/2031 23:00,-0.0
24/10/2031 00:00,-0.0
24/10/2031 01:00,-0.0
24/10/2031 02:00,-0.0
24/10/2031 03:00,-0.0
24/10/2031 04:00,-0.0
24/10/2031 05:00,-0.0
24/10/2031 06:00,-0.0
24/10/2031 07:00,-0.0
24/10/2031 08:00,-0.0
24/10/2031 09:00,-0.0
24/10/2031 10:00,40.7619698130184
24/10/2031 11:00,-0.0
24/10/2031 12:00,24.969594540300168
24/10/2031 13:00,23.360131770493954
24/10/2031 14:00,-0.0
24/10/2031 15:00,241.22958720987103
24/10/2031 16:00,65.24798572517855
24/10/2031 17:00,-0.0
24/10/2031 18:00,51.51241797577594
24/10/2031 19:00,-0.0
24/10/2031 20:00,-0.0
24/10/2031 21:00,28.76302455262609
24/10/2031 22:00,75.27588610947053
24/10/2031 23:00,-0.0
25/10/2031 00:00,-0.0
25/10/2031 01:00,-0.0
25/10/2031 02:00,117.16537467400846
25/10/2031 03:00,-0.0
25/10/2031 04:00,-0.0
25/10/2031 05:00,-0.0
25/10/2031 06:00,-0.0
25/10/2031 07:00,-0.0
25/10/2031 08:00,-0.0
25/10/2031 09:00,-0.0
25/10/2031 10:00,-0.0
25/10/2031 11:00,-0.0
25/10/2031 12:00,-0.0
25/10/2031 13:00,-0.0
25/10/2031 14:00,114.13797971963727
25/10/2031 15:00,-0.0
25/10/2031 16:00,-0.0
25/10/2031 17:00,-0.0
25/10/2031 18:00,-0.0
25/10/2031 19:00,-0.0
25/10/2031 20:00,-0.0
25/10/2031 21:00,-0.0
25/10/2031 22:00,-0.0
25/10/2031 23:00,-0.0
26/10/2031 00:00,-0.0
26/10/2031 01:00,-0.0
26/10/2031 02:00,-0.0
26/10/2031 03:00,54.41224001031664
26/10/2031 04:00,-0.0
26/10/2031 05:00,-0.0
26/10/2031 06:00,-0.0
26/10/2031 07:00,-0.0
26/10/2031 08:00,-0.0
26/10/2031 09:00,-0.0
26/10/2031 10:00,-0.0
26/10/2031 11:00,-0.0
26/10/2031 12:00,-0.0
26/10/2031 13:00,-0.0
26/10/2031 14:00,-0.0
26/10/2031 15:00,50.20328450688165
26/10/2031 16:00,-0.0
26/10/2031 17:00,-0.0
26/10/2031 18:00,-0.0
26/10/2031 19:00,-0.0
26/10/2031 20:00,-0.0
26/10/2031 21:00,-0.0
26/10/2031 22:00,-0.0
26/10/2031 23:00,-0.0
27/10/2031 00:00,-0.0
27/10/2031 01:00,-0.0
27/10/2031 02:00,-0.0
27/10/2031 03:00,-0.0
27/10/2031 04:00,-0.0
27/10/2031 05:00,-0.0
27/10/2031 06:00,-0.0
27/10/2031 07:00,-0.0
27/10/2031 08:00,-0.0
27/10/2031 09:00,-0.0
27/10/2031 10:00,-0.0
27/10/2031 11:00,-0.0
27/10/2031 12:00,-0.0
27/10/2031 13:00,-0.0
27/10/2031 14:00,-0.0
27/10/2031 15:00,75.2788702926673
27/10/2031 16:00,-0.0
27/10/2031 17:00,-0.0
27/10/2031 18:00,-0.0
27/10/2031 19:00,-0.0
27/10/2031 20:00,-0.0
27/10/2031 21:00,-0.0
27/10/2031 22:00,-0.0
27/10/2031 23:00,1.7248643786750988
28/10/2031 00:00,-0.0
28/10/2031 01:00,-0.0
28/10/2031 02:00,-0.0
28/10/2031 03:00,-0.0
28/10/2031 04:00,-0.0
28/10/2031 05:00,-0.0
28/10/2031 06:00,-0.0
28/10/2031 07:00,-0.0
28/10/2031 08:00,-0.0
28/10/2031 09:00,-0.0
28/10/2031 10:00,195.24224967090015
28/10/2031 11:00,260.3130034470514
28/10/2031 12:00,131.97987108586423
28/10/2031 13:00,158.02674027180373
28/10/2031 14:00,182.35037976785938
28/10/2031 15:00,50.59777784559009
28/10/2031 16:00,205.40276538732198
28/10/2031 17:00,-0.0
28/10/2031 18:00,-0.0
28/10/2031 19:00,-0.0
28/10/2031 20:00,-0.0
28/10/2031 21:00,110.4666490646738
28/10/2031 22:00,26.763726792432173
28/10/2031 23:00,-0.0
29/10/2031 00:00,-0.0
29/10/2031 01:00,-0.0
29/10/2031 02:00,-0.0
29/10/2031 03:00,-0.0
29/10/2031 04:00,-0.0
29/10/2031 05:00,-0.0
29/10/2031 06:00,-0.0
29/10/2031 07:00,-0.0
29/10/2031 08:00,40.15765659071319
29/10/2031 09:00,155.0649964204693
29/10/2031 10:00,268.02864980494394
29/10/2031 11:00,180.6143025350064
29/10/2031 12:00,288.0757602551281
29/10/2031 13:00,278.58141763526015
29/10/2031 14:00,152.25507387997374
29/10/2031 15:00,362.6344819347339
29/10/2031 16:00,118.16550661724418
29/10/2031 17:00,-0.0
29/10/2031 18:00,-0.0
29/10/2031 19:00,-0.0
29/10/2031 20:00,6.600427010911941
29/10/2031 21:00,50.96766771994231
29/10/2031 22:00,-0.0
29/10/2031 23:00,-0.0
30/10/2031 00:00,-0.0
30/10/2031 01:00,-0.0
30/10/2031 02:00,-0.0
30/10/2031 03:00,-0.0
30/10/2031 04:00,-0.0
30/10/2031 05:00,-0.0
30/10/2031 06:00,-0.0
30/10/2031 07:00,69.84830530985735
30/10/2031 08:00,-0.0
30/10/2031 09:00,-0.0
30/10/2031 10:00,-0.0
30/10/2031 11:00,-0.0
30/10/2031 12:00,-0.0
30/10/2031 13:00,-0.0
30/10/2031 14:00,-0.0
30/10/2031 15:00,80.38679985332895
30/10/2031 16:00,-0.0
30/10/2031 17:00,-0.0
30/10/2031 18:00,-0.0
30/10/2031 19:00,-0.0
30/10/2031 20:00,-0.0
30/10/2031 21:00,-0.0
30/10/2031 22:00,-0.0
30/10/2031 23:00,-0.0
31/10/2031 00:00,-0.0
31/10/2031 01:00,-0.0
31/10/2031 02:00,-0.0
31/10/2031 03:00,-0.0
31/10/2031 04:00,-0.0
31/10/2031 05:00,-0.0
31/10/2031 06:00,-0.0
31/10/2031 07:00,-0.0
31/10/2031 08:00,-0.0
31/10/2031 09:00,-0.0
31/10/2031 10:00,-0.0
31/10/2031 11:00,-0.0
31/10/2031 12:00,-0.0
31/10/2031 13:00,-0.0
31/10/2031 14:00,-0.0
31/10/2031 15:00,101.71574912948644
31/10/2031 16:00,-0.0
31/10/2031 17:00,-0.0
31/10/2031 18:00,-0.0
31/10/2031 19:00,-0.0
31/10/2031 20:00,-0.0
31/10/2031 21:00,27.016119800356226
31/10/2031 22:00,-0.0
31/10/2031 23:00,-0.0
01/11/2031 00:00,-0.0
01/11/2031 01:00,-0.0
01/11/2031 02:00,-0.0
01/11/2031 03:00,-0.0
01/11/2031 04:00,-0.0
01/11/2031 05:00,40.576841599805064
01/11/2031 06:00,97.11379418408724
01/11/2031 07:00,129.46911944346766
01/11/2031 08:00,185.4464999529021
01/11/2031 09:00,252.66896250919632
01/11/2031 10:00,419.3833420615569
01/11/2031 11:00,168.9324595012752
01/11/2031 12:00,246.30682512564127
01/11/2031 13:00,234.84162518655847
01/11/2031 14:00,128.38373612701707
01/11/2031 15:00,288.6623252769138
01/11/2031 16:00,115.36787959367727
01/11/2031 17:00,-0.0
01/11/2031 18:00,-0.0
01/11/2031 19:00,-0.0
01/11/2031 20:00,62.39499917487682
01/11/2031 21:00,57.93981755204551
01/11/2031 22:00,362.2733928153539
01/11/2031 23:00,157.98242709229984
02/11/2031 00:00,221.38255056539765
02/11/2031 01:00,213.59939836752446
02/11/2031 02:00,164.85856344304207
02/11/2031 03:00,117.98137698905047
02/11/2031 04:00,93.88201227278671
02/11/2031 05:00,79.78695496969702
02/11/2031 06:00,32.713858293264344
02/11/2031 07:00,-0.0
02/11/2031 08:00,323.19961789281285
02/11/2031 09:00,13.386501795957944
02/11/2031 10:00,-0.0
02/11/2031 11:00,391.111108391794
02/11/2031 12:00,221.58520666832737
02/11/2031 13:00,173.24370555002258
02/11/2031 14:00,107.67847403502907
02/11/2031 15:00,221.36350662714693
02/11/2031 16:00,-0.0
02/11/2031 17:00,-0.0
02/11/2031 18:00,-0.0
02/11/2031 19:00,-0.0
02/11/2031 20:00,-0.0
02/11/2031 21:00,-0.0
02/11/2031 22:00,-0.0
02/11/2031 23:00,-0.0
03/11/2031 00:00,-0.0
03/11/2031 01:00,-0.0
03/11/2031 02:00,-0.0
03/11/2031 03:00,-0.0
03/11/2031 04:00,-0.0
03/11/2031 05:00,-0.0
03/11/2031 06:00,-0.0
03/11/2031 07:00,-0.0
03/11/2031 08:00,-0.0
03/11/2031 09:00,-0.0
03/11/2031 10:00,-0.0
03/11/2031 11:00,-0.0
03/11/2031 12:00,-0.0
03/11/2031 13:00,-0.0
03/11/2031 14:00,101.44080222616948
03/11/2031 15:00,-0.0
03/11/2031 16:00,-0.0
03/11/2031 17:00,-0.0
03/11/2031 18:00,-0.0
03/11/2031 19:00,-0.0
03/11/2031 20:00,-0.0
03/11/2031 21:00,-0.0
03/11/2031 22:00,-0.0
03/11/2031 23:00,-0.0
04/11/2031 00:00,-0.0
04/11/2031 01:00,-0.0
04/11/2031 02:00,-0.0
04/11/2031 03:00,-0.0
04/11/2031 04:00,-0.0
04/11/2031 05:00,-0.0
04/11/2031 06:00,-0.0
04/11/2031 07:00,-0.0
04/11/2031 08:00,-0.0
04/11/2031 09:00,-0.0
04/11/2031 10:00,-0.0
04/11/2031 11:00,43.30947668239721
04/11/2031 12:00,-0.0
04/11/2031 13:00,-0.0
04/11/2031 14:00,-0.0
04/11/2031 15:00,-0.0
04/11/2031 16:00,-0.0
04/11/2031 17:00,-0.0
04/11/2031 18:00,128.93365768779384
04/11/2031 19:00,-0.0
04/11/2031 20:00,73.4656018722205
04/11/2031 21:00,69.82085800531027
04/11/2031 22:00,143.86944513221073
04/11/2031 23:00,-0.0
05/11/2031 00:00,-0.0
05/11/2031 01:00,-0.0
05/11/2031 02:00,-0.0
05/11/2031 03:00,-0.0
05/11/2031 04:00,-0.0
05/11/2031 05:00,-0.0
05/11/2031 06:00,-0.0
05/11/2031 07:00,-0.0
05/11/2031 08:00,-0.0
05/11/2031 09:00,-0.0
05/11/2031 10:00,215.20101227692626
05/11/2031 11:00,228.05893723581895
05/11/2031 12:00,323.1554502930212
05/11/2031 13:00,326.9011118902753
05/11/2031 14:00,225.10038073448862
05/11/2031 15:00,552.9338450535689
05/11/2031 16:00,468.0287718961579
05/11/2031 17:00,403.75699924564884
05/11/2031 18:00,593.9221577991487
05/11/2031 19:00,466.8192728722476
05/11/2031 20:00,64.38337011851351
05/11/2031 21:00,295.59837207802843
05/11/2031 22:00,-0.0
05/11/2031 23:00,23.34167758959303
06/11/2031 00:00,31.77577972248075
06/11/2031 01:00,241.2415620538309
06/11/2031 02:00,65.01887137140307
06/11/2031 03:00,121.09915367376848
06/11/2031 04:00,215.9360835790311
06/11/2031 05:00,358.5389928218712
06/11/2031 06:00,481.9752930799812
06/11/2031 07:00,650.9891659860344
06/11/2031 08:00,895.5654823217245
06/11/2031 09:00,1153.8537017302515
06/11/2031 10:00,747.9470410873846
06/11/2031 11:00,81.43980131365902
06/11/2031 12:00,-0.0
06/11/2031 13:00,-0.0
06/11/2031 14:00,-0.0
06/11/2031 15:00,1290.4921626569658
06/11/2031 16:00,1278.2731376547454
06/11/2031 17:00,545.1784921330002
06/11/2031 18:00,759.6281237071837
06/11/2031 19:00,879.7021448133704
06/11/2031 20:00,989.5421237331313
06/11/2031 21:00,1000.1893506551056
06/11/2031 22:00,718.9114696457957
06/11/2031 23:00,395.46090243524355
07/11/2031 00:00,1196.87008239448
07/11/2031 01:00,7.617153391882411
07/11/2031 02:00,-0.0
07/11/2031 03:00,-0.0
07/11/2031 04:00,-0.0
07/11/2031 05:00,-0.0
07/11/2031 06:00,1044.8425929072291
07/11/2031 07:00,549.1334905160551
07/11/2031 08:00,808.0055376997315
07/11/2031 09:00,582.5309324166818
07/11/2031 10:00,339.1117142223476
07/11/2031 11:00,-0.0
07/11/2031 12:00,-0.0
07/11/2031 13:00,-0.0
07/11/2031 14:00,-0.0
07/11/2031 15:00,1467.4995514366524
07/11/2031 16:00,1496.554643179862
07/11/2031 17:00,514.1305535002822
07/11/2031 18:00,826.3741409840377
07/11/2031 19:00,1030.2522782019869
07/11/2031 20:00,1165.6013074305176
07/11/2031 21:00,1150.7346694434148
07/11/2031 22:00,758.4284240276415
07/11/2031 23:00,460.28724605631777
08/11/2031 00:00,228.70182259620066
08/11/2031 01:00,1297.8562591946643
08/11/2031 02:00,65.78699809985348
08/11/2031 03:00,900.9562658477495
08/11/2031 04:00,287.79070115253603
08/11/2031 05:00,558.4438035907081
08/11/2031 06:00,469.00192891250776
08/11/2031 07:00,307.5577498363378
08/11/2031 08:00,281.902365818458
08/11/2031 09:00,229.08761475884532
08/11/2031 10:00,340.5666378564114
08/11/2031 11:00,559.4155807010427
08/11/2031 12:00,652.6246346242154
08/11/2031 13:00,754.3793748766002
08/11/2031 14:00,819.177253466828
08/11/2031 15:00,688.5020589792682
08/11/2031 16:00,505.7965315119352
08/11/2031 17:00,171.1695956824169
08/11/2031 18:00,-0.0
08/11/2031 19:00,102.93311686316983
08/11/2031 20:00,-0.0
08/11/2031 21:00,-0.0
08/11/2031 22:00,33.60881309332692
08/11/2031 23:00,-0.0
09/11/2031 00:00,-0.0
09/11/2031 01:00,-0.0
09/11/2031 02:00,-0.0
09/11/2031 03:00,-0.0
09/11/2031 04:00,-0.0
09/11/2031 05:00,-0.0
09/11/2031 06:00,-0.0
09/11/2031 07:00,-0.0
09/11/2031 08:00,-0.0
09/11/2031 09:00,-0.0
09/11/2031 10:00,-0.0
09/11/2031 11:00,-0.0
09/11/2031 12:00,-0.0
09/11/2031 13:00,-0.0
09/11/2031 14:00,-0.0
09/11/2031 15:00,-0.0
09/11/2031 16:00,-0.0
09/11/2031 17:00,-0.0
09/11/2031 18:00,-0.0
09/11/2031 19:00,-0.0
09/11/2031 20:00,-0.0
09/11/2031 21:00,-0.0
09/11/2031 22:00,-0.0
09/11/2031 23:00,-0.0
10/11/2031 00:00,-0.0
10/11/2031 01:00,-0.0
10/11/2031 02:00,-0.0
10/11/2031 03:00,-0.0
10/11/2031 04:00,-0.0
10/11/2031 05:00,-0.0
10/11/2031 06:00,-0.0
10/11/2031 07:00,-0.0
10/11/2031 08:00,-0.0
10/11/2031 09:00,-0.0
10/11/2031 10:00,-0.0
10/11/2031 11:00,-0.0
10/11/2031 12:00,-0.0
10/11/2031 13:00,-0.0
10/11/2031 14:00,-0.0
10/11/2031 15:00,-0.0
10/11/2031 16:00,-0.0
10/11/2031 17:00,-0.0
10/11/2031 18:00,-0.0
10/11/2031 19:00,-0.0
10/11/2031 20:00,-0.0
10/11/2031 21:00,-0.0
10/11/2031 22:00,-0.0
10/11/2031 23:00,-0.0
11/11/2031 00:00,338.25634653374084
11/11/2031 01:00,-0.0
11/11/2031 02:00,-0.0
11/11/2031 03:00,-0.0
11/11/2031 04:00,-0.0
11/11/2031 05:00,-0.0
11/11/2031 06:00,-0.0
11/11/2031 07:00,-0.0
11/11/2031 08:00,-0.0
11/11/2031 09:00,-0.0
11/11/2031 10:00,-0.0
11/11/2031 11:00,-0.0
11/11/2031 12:00,-0.0
11/11/2031 13:00,-0.0
11/11/2031 14:00,-0.0
11/11/2031 15:00,-0.0
11/11/2031 16:00,-0.0
11/11/2031 17:00,-0.0
11/11/2031 18:00,-0.0
11/11/2031 19:00,-0.0
11/11/2031 20:00,-0.0
11/11/2031 21:00,-0.0
11/11/2031 22:00,-0.0
11/11/2031 23:00,-0.0
12/11/2031 00:00,-0.0
12/11/2031 01:00,-0.0
12/11/2031 02:00,-0.0
12/11/2031 03:00,-0.0
12/11/2031 04:00,-0.0
12/11/2031 05:00,-0.0
12/11/2031 06:00,-0.0
12/11/2031 07:00,-0.0
12/11/2031 08:00,-0.0
12/11/2031 09:00,-0.0
12/11/2031 10:00,-0.0
12/11/2031 11:00,69.452485381911
12/11/2031 12:00,-0.0
12/11/2031 13:00,-0.0
12/11/2031 14:00,-0.0
12/11/2031 15:00,-0.0
12/11/2031 16:00,46.65163979075406
12/11/2031 17:00,66.51654229709165
12/11/2031 18:00,180.57043450790155
12/11/2031 19:00,-0.0
12/11/2031 20:00,216.087439951789
12/11/2031 21:00,476.63084266502466
12/11/2031 22:00,746.6849777721028
12/11/2031 23:00,510.75475194877754
13/11/2031 00:00,673.236704991207
13/11/2031 01:00,784.1497883799256
13/11/2031 02:00,730.4652402546981
13/11/2031 03:00,466.39756953063267
13/11/2031 04:00,829.1449068187974
13/11/2031 05:00,369.2412388323727
13/11/2031 06:00,662.7658259030418
13/11/2031 07:00,456.16873196239806
13/11/2031 08:00,477.1939231441959
13/11/2031 09:00,356.75063486057763
13/11/2031 10:00,468.17968391462085
13/11/2031 11:00,281.63411518539164
13/11/2031 12:00,421.86511389077174
13/11/2031 13:00,824.3440899634426
13/11/2031 14:00,750.6867303492486
13/11/2031 15:00,617.8712799549861
13/11/2031 16:00,309.68489629938034
13/11/2031 17:00,624.471114223382
13/11/2031 18:00,139.8182110639982
13/11/2031 19:00,189.32824461391013
13/11/2031 20:00,630.4252469352906
13/11/2031 21:00,199.25487210137334
13/11/2031 22:00,467.42695391695344
13/11/2031 23:00,135.07463632300264
14/11/2031 00:00,160.26341388061695
14/11/2031 01:00,400.00981940225427
14/11/2031 02:00,242.3349217735019
14/11/2031 03:00,240.68653516685686
14/11/2031 04:00,227.6625855164024
14/11/2031 05:00,290.1601614928558
14/11/2031 06:00,255.3937169991624
14/11/2031 07:00,174.52766789613491
14/11/2031 08:00,545.7261209163693
14/11/2031 09:00,216.746340725966
14/11/2031 10:00,499.70429937537125
14/11/2031 11:00,425.10583702543374
14/11/2031 12:00,902.2155416822948
14/11/2031 13:00,723.2654971128196
14/11/2031 14:00,755.6261391220426
14/11/2031 15:00,673.3894212297107
14/11/2031 16:00,804.1979587308014
14/11/2031 17:00,503.93587819656483
14/11/2031 18:00,611.300880990696
14/11/2031 19:00,524.3275098097922
14/11/2031 20:00,443.22569388793386
14/11/2031 21:00,375.8575950052875
14/11/2031 22:00,144.18053160548715
14/11/2031 23:00,178.86929617346973
15/11/2031 00:00,268.1426569755948
15/11/2031 01:00,344.36288523482517
15/11/2031 02:00,384.603900485879
15/11/2031 03:00,434.97047095535953
15/11/2031 04:00,500.30763568346015
15/11/2031 05:00,552.0953582296747
15/11/2031 06:00,519.4155652186696
15/11/2031 07:00,418.9460664744564
15/11/2031 08:00,382.21247704561927
15/11/2031 09:00,432.96424894710606
15/11/2031 10:00,707.492553305342
15/11/2031 11:00,639.9587059604988
15/11/2031 12:00,783.9110551843595
15/11/2031 13:00,766.2502972408053
15/11/2031 14:00,686.1789179462747
15/11/2031 15:00,943.245223954312
15/11/2031 16:00,734.5275422182002
15/11/2031 17:00,448.90972612762147
15/11/2031 18:00,259.52869800717
15/11/2031 19:00,333.88376214811626
15/11/2031 20:00,487.4889494983543
15/11/2031 21:00,450.8275254587621
15/11/2031 22:00,257.88111290601205
15/11/2031 23:00,191.2666756099112
16/11/2031 00:00,222.47976615838243
16/11/2031 01:00,47.58739511115269
16/11/2031 02:00,163.59526903749443
16/11/2031 03:00,58.51637285141433
16/11/2031 04:00,-0.0
16/11/2031 05:00,-0.0
16/11/2031 06:00,-0.0
16/11/2031 07:00,153.9068829738894
16/11/2031 08:00,155.2996067367406
16/11/2031 09:00,-0.0
16/11/2031 10:00,137.59532412018237
16/11/2031 11:00,374.7383234584286
16/11/2031 12:00,58.524523706329674
16/11/2031 13:00,56.522746829072005
16/11/2031 14:00,55.62470613651897
16/11/2031 15:00,203.45384728762906
16/11/2031 16:00,249.42914426380668
16/11/2031 17:00,82.20760708021652
16/11/2031 18:00,230.26677902253488
16/11/2031 19:00,222.63362096468225
16/11/2031 20:00,-0.0
16/11/2031 21:00,-0.0
16/11/2031 22:00,281.9248705449639
16/11/2031 23:00,-0.0
17/11/2031 00:00,45.94434353566262
17/11/2031 01:00,-0.0
17/11/2031 02:00,-0.0
17/11/2031 03:00,-0.0
17/11/2031 04:00,-0.0
17/11/2031 05:00,-0.0
17/11/2031 06:00,-0.0
17/11/2031 07:00,192.53829716076888
17/11/2031 08:00,139.2732067770085
17/11/2031 09:00,267.72624375458514
17/11/2031 10:00,8.649393059316672
17/11/2031 11:00,-0.0
17/11/2031 12:00,-0.0
17/11/2031 13:00,82.17647975225833
17/11/2031 14:00,-0.0
17/11/2031 15:00,25.675127878305567
17/11/2031 16:00,-0.0
17/11/2031 17:00,-0.0
17/11/2031 18:00,-0.0
17/11/2031 19:00,-0.0
17/11/2031 20:00,-0.0
17/11/2031 21:00,-0.0
17/11/2031 22:00,-0.0
17/11/2031 23:00,-0.0
18/11/2031 00:00,16.785213835319905
18/11/2031 01:00,-0.0
18/11/2031 02:00,-0.0
18/11/2031 03:00,-0.0
18/11/2031 04:00,-0.0
18/11/2031 05:00,-0.0
18/11/2031 06:00,-0.0
18/11/2031 07:00,-0.0
18/11/2031 08:00,-0.0
18/11/2031 09:00,-0.0
18/11/2031 10:00,87.71303687553456
18/11/2031 11:00,96.30999494179773
18/11/2031 12:00,60.4493308542663
18/11/2031 13:00,87.97983210206563
18/11/2031 14:00,103.51600006226275
18/11/2031 15:00,303.3605426097807
18/11/2031 16:00,94.73120088235432
18/11/2031 17:00,89.10544713805164
18/11/2031 18:00,-0.0
18/11/2031 19:00,57.72417562780801
18/11/2031 20:00,124.78285593080194
18/11/2031 21:00,144.1239339325348
18/11/2031 22:00,232.08201689412064
18/11/2031 23:00,25.97619289288334
19/11/2031 00:00,80.81304074245759
19/11/2031 01:00,127.7129389571818
19/11/2031 02:00,128.35546694589033
19/11/2031 03:00,80.48407902286684
19/11/2031 04:00,70.21427377302177
19/11/2031 05:00,35.09948790176289
19/11/2031 06:00,69.74287892011051
19/11/2031 07:00,50.80362813218422
19/11/2031 08:00,28.044138227778976
19/11/2031 09:00,-0.0
19/11/2031 10:00,-0.0
19/11/2031 11:00,74.83473207399464
19/11/2031 12:00,-0.0
19/11/2031 13:00,13.19550481168766
19/11/2031 14:00,130.4072904625212
19/11/2031 15:00,229.25743478234872
19/11/2031 16:00,5.736366820597312
19/11/2031 17:00,13.492189684228148
19/11/2031 18:00,-0.0
19/11/2031 19:00,151.61749764181613
19/11/2031 20:00,189.5637752084681
19/11/2031 21:00,140.15462534029623
19/11/2031 22:00,128.52368684198214
19/11/2031 23:00,-0.0
20/11/2031 00:00,-0.0
20/11/2031 01:00,-0.0
20/11/2031 02:00,-0.0
20/11/2031 03:00,-0.0
20/11/2031 04:00,-0.0
20/11/2031 05:00,-0.0
20/11/2031 06:00,-0.0
20/11/2031 07:00,161.02545862208032
20/11/2031 08:00,105.96668489810807
20/11/2031 09:00,114.50352701275735
20/11/2031 10:00,56.51062797485792
20/11/2031 11:00,-0.0
20/11/2031 12:00,-0.0
20/11/2031 13:00,55.64131409701176
20/11/2031 14:00,2.554793594780304
20/11/2031 15:00,111.672570600542
20/11/2031 16:00,127.26541868101812
20/11/2031 17:00,-0.0
20/11/2031 18:00,-0.0
20/11/2031 19:00,-0.0
20/11/2031 20:00,-0.0
20/11/2031 21:00,-0.0
20/11/2031 22:00,89.2854529356926
20/11/2031 23:00,-0.0
21/11/2031 00:00,-0.0
21/11/2031 01:00,-0.0
21/11/2031 02:00,-0.0
21/11/2031 03:00,-0.0
21/11/2031 04:00,-0.0
21/11/2031 05:00,-0.0
21/11/2031 06:00,-0.0
21/11/2031 07:00,141.3874371873149
21/11/2031 08:00,84.45584918537904
21/11/2031 09:00,-0.0
21/11/2031 10:00,-0.0
21/11/2031 11:00,-0.0
21/11/2031 12:00,-0.0
21/11/2031 13:00,-0.0
21/11/2031 14:00,-0.0
21/11/2031 15:00,-0.0
21/11/2031 16:00,103.21389286674003
21/11/2031 17:00,72.05350397181891
21/11/2031 18:00,-0.0
21/11/2031 19:00,15.713014502002382
21/11/2031 20:00,-0.0
21/11/2031 21:00,37.69892541333938
21/11/2031 22:00,135.73508528392878
21/11/2031 23:00,-0.0
22/11/2031 00:00,-0.0
22/11/2031 01:00,-0.0
22/11/2031 02:00,-0.0
22/11/2031 03:00,-0.0
22/11/2031 04:00,-0.0
22/11/2031 05:00,-0.0
22/11/2031 06:00,-0.0
22/11/2031 07:00,195.58051479502396
22/11/2031 08:00,161.54634256920474
22/11/2031 09:00,-0.0
22/11/2031 10:00,20.0432601426384
22/11/2031 11:00,-0.0
22/11/2031 12:00,-0.0
22/11/2031 13:00,-0.0
22/11/2031 14:00,-0.0
22/11/2031 15:00,-0.0
22/11/2031 16:00,95.65843209944407
22/11/2031 17:00,284.2878983762917
22/11/2031 18:00,153.82282915030984
22/11/2031 19:00,181.7612825603631
22/11/2031 20:00,230.34324745504213
22/11/2031 21:00,-0.0
22/11/2031 22:00,-0.0
22/11/2031 23:00,171.04212528201498
23/11/2031 00:00,148.19766376960388
23/11/2031 01:00,138.72768825658392
23/11/2031 02:00,89.89743186336594
23/11/2031 03:00,-0.0
23/11/2031 04:00,-0.0
23/11/2031 05:00,35.43449147618557
23/11/2031 06:00,247.2843301098394
23/11/2031 07:00,594.1280933118956
23/11/2031 08:00,672.724873029876
23/11/2031 09:00,199.4081202498273
23/11/2031 10:00,137.54882954259205
23/11/2031 11:00,28.375414836713905
23/11/2031 12:00,168.82759743669754
23/11/2031 13:00,65.28316139741733
23/11/2031 14:00,-0.0
23/11/2031 15:00,337.2497564351945
23/11/2031 16:00,406.23607481683484
23/11/2031 17:00,384.52840348200505
23/11/2031 18:00,411.8719996231951
23/11/2031 19:00,231.5212550964971
23/11/2031 20:00,333.9327616198684
23/11/2031 21:00,36.98880985089943
23/11/2031 22:00,-0.0
23/11/2031 23:00,-0.0
24/11/2031 00:00,-0.0
24/11/2031 01:00,142.39564387741987
24/11/2031 02:00,-0.0
24/11/2031 03:00,187.22415474560603
24/11/2031 04:00,-0.0
24/11/2031 05:00,-0.0
24/11/2031 06:00,-0.0
24/11/2031 07:00,92.0989030195537
24/11/2031 08:00,39.36362020985571
24/11/2031 09:00,-0.0
24/11/2031 10:00,-0.0
24/11/2031 11:00,-0.0
24/11/2031 12:00,-0.0
24/11/2031 13:00,-0.0
24/11/2031 14:00,-0.0
24/11/2031 15:00,97.57039747496631
24/11/2031 16:00,118.91641608794369
24/11/2031 17:00,177.507485977571
24/11/2031 18:00,74.04029005499659
24/11/2031 19:00,55.62660648027622
24/11/2031 20:00,-0.0
24/11/2031 21:00,-0.0
24/11/2031 22:00,-0.0
24/11/2031 23:00,-0.0
25/11/2031 00:00,-0.0
25/11/2031 01:00,-0.0
25/11/2031 02:00,-0.0
25/11/2031 03:00,-0.0
25/11/2031 04:00,54.55914925147426
25/11/2031 05:00,159.80526128894496
25/11/2031 06:00,212.03197060036257
25/11/2031 07:00,294.6061066685561
25/11/2031 08:00,406.8431700509146
25/11/2031 09:00,482.9060349496393
25/11/2031 10:00,511.9117251046783
25/11/2031 11:00,-0.0
25/11/2031 12:00,16.125369836866994
25/11/2031 13:00,-0.0
25/11/2031 14:00,-0.0
25/11/2031 15:00,30.22109070846251
25/11/2031 16:00,-0.0
25/11/2031 17:00,-0.0
25/11/2031 18:00,-0.0
25/11/2031 19:00,-0.0
25/11/2031 20:00,-0.0
25/11/2031 21:00,-0.0
25/11/2031 22:00,-0.0
25/11/2031 23:00,15.430259679626056
26/11/2031 00:00,-0.0
26/11/2031 01:00,-0.0
26/11/2031 02:00,-0.0
26/11/2031 03:00,-0.0
26/11/2031 04:00,-0.0
26/11/2031 05:00,-0.0
26/11/2031 06:00,-0.0
26/11/2031 07:00,-0.0
26/11/2031 08:00,-0.0
26/11/2031 09:00,390.4651693261261
26/11/2031 10:00,161.09948505244301
26/11/2031 11:00,520.3248102850241
26/11/2031 12:00,799.0149291212657
26/11/2031 13:00,882.8975206187712
26/11/2031 14:00,914.2889632186185
26/11/2031 15:00,887.9361110278791
26/11/2031 16:00,840.9570659166466
26/11/2031 17:00,723.7739856944095
26/11/2031 18:00,444.94172119088756
26/11/2031 19:00,334.3826349177304
26/11/2031 20:00,267.9548914048379
26/11/2031 21:00,206.9920126869122
26/11/2031 22:00,22.320870676753888
26/11/2031 23:00,1.5802354621949724
27/11/2031 00:00,42.82896343904793
27/11/2031 01:00,8.726364363983427
27/11/2031 02:00,-0.0
27/11/2031 03:00,-0.0
27/11/2031 04:00,-0.0
27/11/2031 05:00,-0.0
27/11/2031 06:00,-0.0
27/11/2031 07:00,167.8163748551193
27/11/2031 08:00,223.55927072472556
27/11/2031 09:00,235.62954568731374
27/11/2031 10:00,-0.0
27/11/2031 11:00,267.71019435511613
27/11/2031 12:00,117.05732189698949
27/11/2031 13:00,220.5659941281937
27/11/2031 14:00,697.7126671489849
27/11/2031 15:00,688.5782131795173
27/11/2031 16:00,504.6554150208788
27/11/2031 17:00,380.85447543249137
27/11/2031 18:00,196.79708754717566
27/11/2031 19:00,370.2068442753232
27/11/2031 20:00,412.18282972245044
27/11/2031 21:00,35.39833199247106
27/11/2031 22:00,203.5706911783277
27/11/2031 23:00,198.57107487356743
28/11/2031 00:00,164.6250331778592
28/11/2031 01:00,132.99583122671177
28/11/2031 02:00,52.54245868807054
28/11/2031 03:00,1.052982503499083
28/11/2031 04:00,-0.0
28/11/2031 05:00,-0.0
28/11/2031 06:00,-0.0
28/11/2031 07:00,-0.0
28/11/2031 08:00,125.58815166723639
28/11/2031 09:00,134.06602739931483
28/11/2031 10:00,-0.0
28/11/2031 11:00,83.44671636179629
28/11/2031 12:00,-0.0
28/11/2031 13:00,131.127660518664
28/11/2031 14:00,123.62738546858206
28/11/2031 15:00,59.65612033406398
28/11/2031 16:00,248.72356025852403
28/11/2031 17:00,145.0285998788724
28/11/2031 18:00,349.75924641140455
28/11/2031 19:00,357.70965086825214
28/11/2031 20:00,373.14467069311644
28/11/2031 21:00,89.67277815088103
28/11/2031 22:00,207.92886173823797
28/11/2031 23:00,137.44632278101966
29/11/2031 00:00,39.65985031515394
29/11/2031 01:00,229.7320811922966
29/11/2031 02:00,189.331905993749
29/11/2031 03:00,149.88845730569145
29/11/2031 04:00,-0.0
29/11/2031 05:00,-0.0
29/11/2031 06:00,-0.0
29/11/2031 07:00,182.3464472026396
29/11/2031 08:00,121.4196278474807
29/11/2031 09:00,97.44921714033053
29/11/2031 10:00,-0.0
29/11/2031 11:00,-0.0
29/11/2031 12:00,5.7090256687539895
29/11/2031 13:00,31.78211668490337
29/11/2031 14:00,-0.0
29/11/2031 15:00,230.5847139576498
29/11/2031 16:00,5.752189301980076
29/11/2031 17:00,-0.0
29/11/2031 18:00,244.35118572720287
29/11/2031 19:00,341.9851176759027
29/11/2031 20:00,430.2155420135143
29/11/2031 21:00,328.77354344881843
29/11/2031 22:00,244.03804744404272
29/11/2031 23:00,305.415948507708
30/11/2031 00:00,317.6244949524074
30/11/2031 01:00,276.38239260838685
30/11/2031 02:00,164.63477652889839
30/11/2031 03:00,136.25584493078722
30/11/2031 04:00,172.05849045058278
30/11/2031 05:00,310.7729668247551
30/11/2031 06:00,303.92105643960167
30/11/2031 07:00,314.48222195021015
30/11/2031 08:00,446.3707908517664
30/11/2031 09:00,392.20028283036976
30/11/2031 10:00,196.71519109038346
30/11/2031 11:00,118.28533761440369
30/11/2031 12:00,69.51834748779257
30/11/2031 13:00,50.490184270719446
30/11/2031 14:00,111.85864824685667
30/11/2031 15:00,140.86800475312066
30/11/2031 16:00,-0.0
30/11/2031 17:00,-0.0
30/11/2031 18:00,-0.0
30/11/2031 19:00,-0.0
30/11/2031 20:00,-0.0
30/11/2031 21:00,-0.0
30/11/2031 22:00,-0.0
30/11/2031 23:00,-0.0
01/12/2031 00:00,-0.0
01/12/2031 01:00,-0.0
01/12/2031 02:00,-0.0
01/12/2031 03:00,-0.0
01/12/2031 04:00,-0.0
01/12/2031 05:00,-0.0
01/12/2031 06:00,-0.0
01/12/2031 07:00,-0.0
01/12/2031 08:00,-0.0
01/12/2031 09:00,-0.0
01/12/2031 10:00,-0.0
01/12/2031 11:00,-0.0
01/12/2031 12:00,-0.0
01/12/2031 13:00,246.39139386045744
01/12/2031 14:00,-0.0
01/12/2031 15:00,18.666973674837106
01/12/2031 16:00,-0.0
01/12/2031 17:00,-0.0
01/12/2031 18:00,-0.0
01/12/2031 19:00,-0.0
01/12/2031 20:00,-0.0
01/12/2031 21:00,-0.0
01/12/2031 22:00,-0.0
01/12/2031 23:00,-0.0
02/12/2031 00:00,97.12860302364281
02/12/2031 01:00,-0.0
02/12/2031 02:00,-0.0
02/12/2031 03:00,-0.0
02/12/2031 04:00,-0.0
02/12/2031 05:00,-0.0
02/12/2031 06:00,-0.0
02/12/2031 07:00,-0.0
02/12/2031 08:00,-0.0
02/12/2031 09:00,-0.0
02/12/2031 10:00,-0.0
02/12/2031 11:00,-0.0
02/12/2031 12:00,-0.0
02/12/2031 13:00,-0.0
02/12/2031 14:00,-0.0
02/12/2031 15:00,-0.0
02/12/2031 16:00,-0.0
02/12/2031 17:00,-0.0
02/12/2031 18:00,-0.0
02/12/2031 19:00,68.21121263089583
02/12/2031 20:00,55.44988118002322
02/12/2031 21:00,67.81404339174567
02/12/2031 22:00,-0.0
02/12/2031 23:00,104.00722853522005
03/12/2031 00:00,-0.0
03/12/2031 01:00,-0.0
03/12/2031 02:00,-0.0
03/12/2031 03:00,-0.0
03/12/2031 04:00,-0.0
03/12/2031 05:00,-0.0
03/12/2031 06:00,-0.0
03/12/2031 07:00,-0.0
03/12/2031 08:00,-0.0
03/12/2031 09:00,-0.0
03/12/2031 10:00,57.40790933796908
03/12/2031 11:00,-0.0
03/12/2031 12:00,-0.0
03/12/2031 13:00,-0.0
03/12/2031 14:00,62.8674863400573
03/12/2031 15:00,309.84345624647943
03/12/2031 16:00,116.46459048443407
03/12/2031 17:00,-0.0
03/12/2031 18:00,21.349892754899717
03/12/2031 19:00,-0.0
03/12/2031 20:00,111.2282566482388
03/12/2031 21:00,141.65307286390205
03/12/2031 22:00,192.95658677874195
03/12/2031 23:00,3.364795907840606
04/12/2031 00:00,-0.0
04/12/2031 01:00,-0.0
04/12/2031 02:00,87.20338533289161
04/12/2031 03:00,-0.0
04/12/2031 04:00,-0.0
04/12/2031 05:00,103.82057125531902
04/12/2031 06:00,-0.0
04/12/2031 07:00,313.8398233605709
04/12/2031 08:00,259.59196005872326
04/12/2031 09:00,272.0905910376206
04/12/2031 10:00,-0.0
04/12/2031 11:00,182.7011847887829
04/12/2031 12:00,-0.0
04/12/2031 13:00,-0.0
04/12/2031 14:00,141.06317646612746
04/12/2031 15:00,85.0490582046767
04/12/2031 16:00,-0.0
04/12/2031 17:00,-0.0
04/12/2031 18:00,36.41742282557308
04/12/2031 19:00,99.87551488089036
04/12/2031 20:00,172.75816497744597
04/12/2031 21:00,65.80973303740699
04/12/2031 22:00,-0.0
04/12/2031 23:00,165.49394227680398
05/12/2031 00:00,-0.0
05/12/2031 01:00,-0.0
05/12/2031 02:00,-0.0
05/12/2031 03:00,-0.0
05/12/2031 04:00,-0.0
05/12/2031 05:00,-0.0
05/12/2031 06:00,64.3572143537885
05/12/2031 07:00,-0.0
05/12/2031 08:00,-0.0
05/12/2031 09:00,98.44173889110287
05/12/2031 10:00,-0.0
05/12/2031 11:00,-0.0
05/12/2031 12:00,-0.0
05/12/2031 13:00,-0.0
05/12/2031 14:00,-0.0
05/12/2031 15:00,-0.0
05/12/2031 16:00,-0.0
05/12/2031 17:00,-0.0
05/12/2031 18:00,14.512285738481332
05/12/2031 19:00,26.817564926654477
05/12/2031 20:00,48.27316305654313
05/12/2031 21:00,-0.0
05/12/2031 22:00,-0.0
05/12/2031 23:00,-0.0
06/12/2031 00:00,-0.0
06/12/2031 01:00,-0.0
06/12/2031 02:00,-0.0
06/12/2031 03:00,-0.0
06/12/2031 04:00,-0.0
06/12/2031 05:00,-0.0
06/12/2031 06:00,-0.0
06/12/2031 07:00,-0.0
06/12/2031 08:00,-0.0
06/12/2031 09:00,-0.0
06/12/2031 10:00,3.564820331818496
06/12/2031 11:00,-0.0
06/12/2031 12:00,-0.0
06/12/2031 13:00,117.62870910722843
06/12/2031 14:00,-0.0
06/12/2031 15:00,-0.0
06/12/2031 16:00,-0.0
06/12/2031 17:00,-0.0
06/12/2031 18:00,70.57375309952813
06/12/2031 19:00,61.634164073346504
06/12/2031 20:00,45.422143336776585
06/12/2031 21:00,58.01134882909586
06/12/2031 22:00,-0.0
06/12/2031 23:00,-0.0
07/12/2031 00:00,-0.0
07/12/2031 01:00,-0.0
07/12/2031 02:00,-0.0
07/12/2031 03:00,-0.0
07/12/2031 04:00,-0.0
07/12/2031 05:00,-0.0
07/12/2031 06:00,-0.0
07/12/2031 07:00,-0.0
07/12/2031 08:00,-0.0
07/12/2031 09:00,-0.0
07/12/2031 10:00,-0.0
07/12/2031 11:00,-0.0
07/12/2031 12:00,-0.0
07/12/2031 13:00,-0.0
07/12/2031 14:00,-0.0
07/12/2031 15:00,-0.0
07/12/2031 16:00,242.18975025861286
07/12/2031 17:00,513.5877986785475
07/12/2031 18:00,222.61159409164435
07/12/2031 19:00,679.3241244249188
07/12/2031 20:00,706.5808052142927
07/12/2031 21:00,764.459866429096
07/12/2031 22:00,545.0068398209571
07/12/2031 23:00,300.066307377932
08/12/2031 00:00,337.4378384802003
08/12/2031 01:00,353.0676954745224
08/12/2031 02:00,-0.0
08/12/2031 03:00,313.31840023337264
08/12/2031 04:00,-0.0
08/12/2031 05:00,-0.0
08/12/2031 06:00,137.25109687776285
08/12/2031 07:00,31.058129892741324
08/12/2031 08:00,135.29603296166107
08/12/2031 09:00,160.40135322647933
08/12/2031 10:00,-0.0
08/12/2031 11:00,-0.0
08/12/2031 12:00,-0.0
08/12/2031 13:00,-0.0
08/12/2031 14:00,-0.0
08/12/2031 15:00,-0.0
08/12/2031 16:00,-0.0
08/12/2031 17:00,137.98039096747635
08/12/2031 18:00,277.06634977505377
08/12/2031 19:00,268.227442901444
08/12/2031 20:00,73.55954359762933
08/12/2031 21:00,-0.0
08/12/2031 22:00,357.44555201723233
08/12/2031 23:00,-0.0
09/12/2031 00:00,78.96138958430168
09/12/2031 01:00,136.53353119233458
09/12/2031 02:00,177.76022138416835
09/12/2031 03:00,181.71403096729148
09/12/2031 04:00,193.51025312936957
09/12/2031 05:00,178.9458971095901
09/12/2031 06:00,98.33881870615751
09/12/2031 07:00,23.095882609402818
09/12/2031 08:00,-0.0
09/12/2031 09:00,-0.0
09/12/2031 10:00,-0.0
09/12/2031 11:00,91.33677478079458
09/12/2031 12:00,210.07954256812155
09/12/2031 13:00,139.4172232352564
09/12/2031 14:00,263.05770967930096
09/12/2031 15:00,458.4588292383156
09/12/2031 16:00,350.58155669404266
09/12/2031 17:00,167.93578260967016
09/12/2031 18:00,297.6673965196283
09/12/2031 19:00,228.38591587834912
09/12/2031 20:00,186.40326155546435
09/12/2031 21:00,191.15955614204194
09/12/2031 22:00,459.68591081638544
09/12/2031 23:00,634.032452211726
10/12/2031 00:00,690.8343752883862
10/12/2031 01:00,695.019570660621
10/12/2031 02:00,751.3053543906603
10/12/2031 03:00,716.2240795966725
10/12/2031 04:00,752.1022475038637
10/12/2031 05:00,441.2945554656766
10/12/2031 06:00,496.6712711262732
10/12/2031 07:00,835.7878012825582
10/12/2031 08:00,935.8321086666359
10/12/2031 09:00,947.8345081270587
10/12/2031 10:00,104.17400771207377
10/12/2031 11:00,-0.0
10/12/2031 12:00,-0.0
10/12/2031 13:00,727.3985029578354
10/12/2031 14:00,769.8845683336378
10/12/2031 15:00,-0.0
10/12/2031 16:00,-0.0
10/12/2031 17:00,477.1052828402415
10/12/2031 18:00,928.6974166216058
10/12/2031 19:00,1004.3605579276004
10/12/2031 20:00,975.9230745618607
10/12/2031 21:00,935.0195606092763
10/12/2031 22:00,875.0884884019789
10/12/2031 23:00,623.1366784626217
11/12/2031 00:00,443.956151678193
11/12/2031 01:00,440.3917802306524
11/12/2031 02:00,223.1658426620963
11/12/2031 03:00,207.5538242794512
11/12/2031 04:00,131.31761305116208
11/12/2031 05:00,166.9602232616525
11/12/2031 06:00,340.9032068616917
11/12/2031 07:00,292.23646451517124
11/12/2031 08:00,279.23397190707266
11/12/2031 09:00,247.30039670074265
11/12/2031 10:00,530.7719229705782
11/12/2031 11:00,262.48873770076347
11/12/2031 12:00,286.3912625772994
11/12/2031 13:00,155.46829426006883
11/12/2031 14:00,167.7050353193472
11/12/2031 15:00,390.8363127966486
11/12/2031 16:00,172.1075718167295
11/12/2031 17:00,252.4510193115038
11/12/2031 18:00,-0.0
11/12/2031 19:00,307.47067189992583
11/12/2031 20:00,176.9284628315599
11/12/2031 21:00,210.5275121022354
11/12/2031 22:00,646.9865432057559
11/12/2031 23:00,315.2172770038455
12/12/2031 00:00,378.17629584317206
12/12/2031 01:00,455.839314885496
12/12/2031 02:00,506.97206691350243
12/12/2031 03:00,217.8346204531634
12/12/2031 04:00,710.1068696270239
12/12/2031 05:00,799.8781940547706
12/12/2031 06:00,389.892944406074
12/12/2031 07:00,770.2475235850798
12/12/2031 08:00,1119.6289033551095
12/12/2031 09:00,864.0523088684856
12/12/2031 10:00,1027.0285013187915
12/12/2031 11:00,848.6687913302308
12/12/2031 12:00,1209.0099055618048
12/12/2031 13:00,1154.2727260813908
12/12/2031 14:00,1116.3002828916729
12/12/2031 15:00,1197.9220818317733
12/12/2031 16:00,1282.5019472552776
12/12/2031 17:00,1505.3378207236156
12/12/2031 18:00,958.9059774369854
12/12/2031 19:00,1056.9659173409425
12/12/2031 20:00,1301.2303693477852
12/12/2031 21:00,1308.6529972937165
12/12/2031 22:00,824.3947051745847
12/12/2031 23:00,1199.4638992589078
13/12/2031 00:00,926.7187108895215
13/12/2031 01:00,824.1147051485383
13/12/2031 02:00,723.7825074079032
13/12/2031 03:00,1229.2756404498239
13/12/2031 04:00,850.1076083953197
13/12/2031 05:00,850.4629690313831
13/12/2031 06:00,949.1364369827518
13/12/2031 07:00,1389.139142224112
13/12/2031 08:00,1285.5096003650895
13/12/2031 09:00,1320.5190006482171
13/12/2031 10:00,1152.3808978476093
13/12/2031 11:00,941.1809898861151
13/12/2031 12:00,1177.0833373305272
13/12/2031 13:00,1046.5929408967645
13/12/2031 14:00,1062.6511515411278
13/12/2031 15:00,902.1456624355233
13/12/2031 16:00,1068.059989495519
13/12/2031 17:00,832.9058560214273
13/12/2031 18:00,548.4163058679907
13/12/2031 19:00,417.17579563859994
13/12/2031 20:00,702.2465674895628
13/12/2031 21:00,391.914926618343
13/12/2031 22:00,383.4474688642591
13/12/2031 23:00,475.53517657787114
14/12/2031 00:00,533.1209582947926
14/12/2031 01:00,575.5782556120915
14/12/2031 02:00,573.6878048193627
14/12/2031 03:00,580.7407431468023
14/12/2031 04:00,573.6076883187767
14/12/2031 05:00,540.8585981603653
14/12/2031 06:00,458.9654523457631
14/12/2031 07:00,755.2184054899691
14/12/2031 08:00,649.1345451779548
14/12/2031 09:00,343.50310183432765
14/12/2031 10:00,443.5644567516471
14/12/2031 11:00,371.86375884227283
14/12/2031 12:00,568.8293290102907
14/12/2031 13:00,622.183291141955
14/12/2031 14:00,763.3569094817525
14/12/2031 15:00,715.3875205193771
14/12/2031 16:00,383.42717136362967
14/12/2031 17:00,40.40670545107718
14/12/2031 18:00,-0.0
14/12/2031 19:00,-0.0
14/12/2031 20:00,-0.0
14/12/2031 21:00,-0.0
14/12/2031 22:00,-0.0
14/12/2031 23:00,-0.0
15/12/2031 00:00,-0.0
15/12/2031 01:00,-0.0
15/12/2031 02:00,-0.0
15/12/2031 03:00,-0.0
15/12/2031 04:00,-0.0
15/12/2031 05:00,-0.0
15/12/2031 06:00,-0.0
15/12/2031 07:00,-0.0
15/12/2031 08:00,-0.0
15/12/2031 09:00,-0.0
15/12/2031 10:00,-0.0
15/12/2031 11:00,-0.0
15/12/2031 12:00,-0.0
15/12/2031 13:00,139.78953338355117
15/12/2031 14:00,-0.0
15/12/2031 15:00,-0.0
15/12/2031 16:00,-0.0
15/12/2031 17:00,-0.0
15/12/2031 18:00,-0.0
15/12/2031 19:00,-0.0
15/12/2031 20:00,-0.0
15/12/2031 21:00,-0.0
15/12/2031 22:00,-0.0
15/12/2031 23:00,-0.0
16/12/2031 00:00,42.45732385107704
16/12/2031 01:00,-0.0
16/12/2031 02:00,-0.0
16/12/2031 03:00,-0.0
16/12/2031 04:00,-0.0
16/12/2031 05:00,-0.0
16/12/2031 06:00,-0.0
16/12/2031 07:00,-0.0
16/12/2031 08:00,7.142311199060019
16/12/2031 09:00,-0.0
16/12/2031 10:00,-0.0
16/12/2031 11:00,-0.0
16/12/2031 12:00,-0.0
16/12/2031 13:00,-0.0
16/12/2031 14:00,-0.0
16/12/2031 15:00,-0.0
16/12/2031 16:00,-0.0
16/12/2031 17:00,61.322473024710796
16/12/2031 18:00,18.63735830250306
16/12/2031 19:00,-0.0
16/12/2031 20:00,-0.0
16/12/2031 21:00,-0.0
16/12/2031 22:00,112.80201043393407
16/12/2031 23:00,-0.0
17/12/2031 00:00,-0.0
17/12/2031 01:00,-0.0
17/12/2031 02:00,-0.0
17/12/2031 03:00,69.89898479232973
17/12/2031 04:00,223.11945972962826
17/12/2031 05:00,421.93670944635437
17/12/2031 06:00,635.1583726478159
17/12/2031 07:00,781.3018339764405
17/12/2031 08:00,943.4343130294375
17/12/2031 09:00,1070.0978338948537
17/12/2031 10:00,782.8620902066806
17/12/2031 11:00,1087.6907520527309
17/12/2031 12:00,1344.1335828291972
17/12/2031 13:00,1350.7484871340985
17/12/2031 14:00,1403.1800646714864
17/12/2031 15:00,973.8250451473187
17/12/2031 16:00,840.8102619519823
17/12/2031 17:00,1009.1410353511576
17/12/2031 18:00,870.4255864214404
17/12/2031 19:00,694.7185168509495
17/12/2031 20:00,538.2159684067344
17/12/2031 21:00,470.8029715491247
17/12/2031 22:00,501.31599657755015
17/12/2031 23:00,554.4514834915872
18/12/2031 00:00,620.2300438929793
18/12/2031 01:00,685.8142869138171
18/12/2031 02:00,630.4811391320671
18/12/2031 03:00,559.5725215887161
18/12/2031 04:00,596.9545979507722
18/12/2031 05:00,558.6997116748843
18/12/2031 06:00,442.1380764774616
18/12/2031 07:00,236.73182187811875
18/12/2031 08:00,448.0863650120782
18/12/2031 09:00,185.28618419009624
18/12/2031 10:00,313.24908074153706
18/12/2031 11:00,809.7348116173345
18/12/2031 12:00,506.4273490417053
18/12/2031 13:00,490.74864550705666
18/12/2031 14:00,737.0521509780829
18/12/2031 15:00,453.50932361222317
18/12/2031 16:00,113.29222539762088
18/12/2031 17:00,-0.0
18/12/2031 18:00,-0.0
18/12/2031 19:00,-0.0
18/12/2031 20:00,-0.0
18/12/2031 21:00,-0.0
18/12/2031 22:00,-0.0
18/12/2031 23:00,-0.0
19/12/2031 00:00,-0.0
19/12/2031 01:00,-0.0
19/12/2031 02:00,-0.0
19/12/2031 03:00,-0.0
19/12/2031 04:00,-0.0
19/12/2031 05:00,-0.0
19/12/2031 06:00,-0.0
19/12/2031 07:00,-0.0
19/12/2031 08:00,-0.0
19/12/2031 09:00,-0.0
19/12/2031 10:00,-0.0
19/12/2031 11:00,-0.0
19/12/2031 12:00,-0.0
19/12/2031 13:00,-0.0
19/12/2031 14:00,-0.0
19/12/2031 15:00,-0.0
19/12/2031 16:00,-0.0
19/12/2031 17:00,-0.0
19/12/2031 18:00,-0.0
19/12/2031 19:00,-0.0
19/12/2031 20:00,-0.0
19/12/2031 21:00,-0.0
19/12/2031 22:00,-0.0
19/12/2031 23:00,-0.0
20/12/2031 00:00,-0.0
20/12/2031 01:00,-0.0
20/12/2031 02:00,-0.0
20/12/2031 03:00,-0.0
20/12/2031 04:00,-0.0
20/12/2031 05:00,-0.0
20/12/2031 06:00,186.58337258272945
20/12/2031 07:00,557.3642483354602
20/12/2031 08:00,586.9057257502404
20/12/2031 09:00,512.4378187978143
20/12/2031 10:00,475.56463418551374
20/12/2031 11:00,696.8647670564405
20/12/2031 12:00,898.7723436440285
20/12/2031 13:00,827.9166264345507
20/12/2031 14:00,866.5150856963364
20/12/2031 15:00,787.1632155230423
20/12/2031 16:00,900.844654473191
20/12/2031 17:00,835.3612658229146
20/12/2031 18:00,649.5394332740387
20/12/2031 19:00,528.2742818063754
20/12/2031 20:00,464.05832885447643
20/12/2031 21:00,381.11544680915677
20/12/2031 22:00,223.02924607742756
20/12/2031 23:00,130.33657404930466
21/12/2031 00:00,91.57694505645867
21/12/2031 01:00,-0.0
21/12/2031 02:00,73.13207835232791
21/12/2031 03:00,31.837164066766107
21/12/2031 04:00,-0.0
21/12/2031 05:00,-0.0
21/12/2031 06:00,-0.0
21/12/2031 07:00,-0.0
21/12/2031 08:00,-0.0
21/12/2031 09:00,-0.0
21/12/2031 10:00,-0.0
21/12/2031 11:00,-0.0
21/12/2031 12:00,-0.0
21/12/2031 13:00,-0.0
21/12/2031 14:00,-0.0
21/12/2031 15:00,302.7111913572353
21/12/2031 16:00,300.0148448601552
21/12/2031 17:00,53.55992205888431
21/12/2031 18:00,222.1117340072409
21/12/2031 19:00,147.47610998834202
21/12/2031 20:00,107.54903360186151
21/12/2031 21:00,133.351813238311
21/12/2031 22:00,-0.0
21/12/2031 23:00,-0.0
22/12/2031 00:00,90.6423275365822
22/12/2031 01:00,18.174558605441703
22/12/2031 02:00,231.97993667483598
22/12/2031 03:00,-0.0
22/12/2031 04:00,121.71135193144386
22/12/2031 05:00,189.1209838009282
22/12/2031 06:00,106.06380096726323
22/12/2031 07:00,47.52472225935336
22/12/2031 08:00,259.28762191075486
22/12/2031 09:00,75.72575823640375
22/12/2031 10:00,211.32726487744512
22/12/2031 11:00,346.5938439693133
22/12/2031 12:00,767.0392799872183
22/12/2031 13:00,891.1698196183286
22/12/2031 14:00,855.249062338277
22/12/2031 15:00,1036.658706361334
22/12/2031 16:00,732.9388603292875
22/12/2031 17:00,338.17769936767286
22/12/2031 18:00,510.12748981251775
22/12/2031 19:00,564.2119011712302
22/12/2031 20:00,147.75636905876334
22/12/2031 21:00,487.9283219687172
22/12/2031 22:00,517.8111094864456
22/12/2031 23:00,161.92930794216198
23/12/2031 00:00,218.62359259965982
23/12/2031 01:00,319.16131543690625
23/12/2031 02:00,386.27090231629865
23/12/2031 03:00,389.8536587604284
23/12/2031 04:00,329.53365848124645
23/12/2031 05:00,45.74666713302464
23/12/2031 06:00,124.09965530904992
23/12/2031 07:00,295.6265792137828
23/12/2031 08:00,474.8312801889406
23/12/2031 09:00,241.64657090346358
23/12/2031 10:00,240.64400531518098
23/12/2031 11:00,629.6701290650486
23/12/2031 12:00,105.41481313564447
23/12/2031 13:00,768.1210621300373
23/12/2031 14:00,751.3850706863491
23/12/2031 15:00,579.5062672278156
23/12/2031 16:00,411.69894016872775
23/12/2031 17:00,372.76702164803805
23/12/2031 18:00,201.2746278528558
23/12/2031 19:00,255.27000907239565
23/12/2031 20:00,352.9761117462071
23/12/2031 21:00,382.19942631440034
23/12/2031 22:00,474.56730639908403
23/12/2031 23:00,155.43993992677903
24/12/2031 00:00,204.87564401069395
24/12/2031 01:00,240.67269484451583
24/12/2031 02:00,545.2263238221133
24/12/2031 03:00,325.72208367854995
24/12/2031 04:00,498.3603263898232
24/12/2031 05:00,293.6614951529538
24/12/2031 06:00,330.16851831348816
24/12/2031 07:00,189.5626545779371
24/12/2031 08:00,105.66862951783764
24/12/2031 09:00,73.67373531182838
24/12/2031 10:00,54.473172578972104
24/12/2031 11:00,243.40202698052752
24/12/2031 12:00,-0.0
24/12/2031 13:00,99.62416660081271
24/12/2031 14:00,41.90400768823886
24/12/2031 15:00,224.20496790125884
24/12/2031 16:00,217.95245228329222
24/12/2031 17:00,-0.0
24/12/2031 18:00,103.04735886044405
24/12/2031 19:00,199.2842445079522
24/12/2031 20:00,241.41191045705273
24/12/2031 21:00,123.30408307946729
24/12/2031 22:00,-0.0
24/12/2031 23:00,-0.0
25/12/2031 00:00,-0.0
25/12/2031 01:00,-0.0
25/12/2031 02:00,-0.0
25/12/2031 03:00,-0.0
25/12/2031 04:00,-0.0
25/12/2031 05:00,-0.0
25/12/2031 06:00,-0.0
25/12/2031 07:00,-0.0
25/12/2031 08:00,-0.0
25/12/2031 09:00,-0.0
25/12/2031 10:00,-0.0
25/12/2031 11:00,111.4099503476779
25/12/2031 12:00,-0.0
25/12/2031 13:00,-0.0
25/12/2031 14:00,-0.0
25/12/2031 15:00,-0.0
25/12/2031 16:00,105.87104901099946
25/12/2031 17:00,-0.0
25/12/2031 18:00,-0.0
25/12/2031 19:00,-0.0
25/12/2031 20:00,-0.0
25/12/2031 21:00,13.806959998017696
25/12/2031 22:00,-0.0
25/12/2031 23:00,-0.0
26/12/2031 00:00,-0.0
26/12/2031 01:00,-0.0
26/12/2031 02:00,-0.0
26/12/2031 03:00,-0.0
26/12/2031 04:00,-0.0
26/12/2031 05:00,-0.0
26/12/2031 06:00,-0.0
26/12/2031 07:00,-0.0
26/12/2031 08:00,-0.0
26/12/2031 09:00,-0.0
26/12/2031 10:00,-0.0
26/12/2031 11:00,-0.0
26/12/2031 12:00,-0.0
26/12/2031 13:00,-0.0
26/12/2031 14:00,-0.0
26/12/2031 15:00,-0.0
26/12/2031 16:00,-0.0
26/12/2031 17:00,-0.0
26/12/2031 18:00,-0.0
26/12/2031 19:00,-0.0
26/12/2031 20:00,-0.0
26/12/2031 21:00,-0.0
26/12/2031 22:00,-0.0
26/12/2031 23:00,-0.0
27/12/2031 00:00,-0.0
27/12/2031 01:00,-0.0
27/12/2031 02:00,-0.0
27/12/2031 03:00,-0.0
27/12/2031 04:00,-0.0
27/12/2031 05:00,-0.0
27/12/2031 06:00,-0.0
27/12/2031 07:00,-0.0
27/12/2031 08:00,-0.0
27/12/2031 09:00,-0.0
27/12/2031 10:00,54.66787317367311
27/12/2031 11:00,-0.0
27/12/2031 12:00,-0.0
27/12/2031 13:00,-0.0
27/12/2031 14:00,-0.0
27/12/2031 15:00,-0.0
27/12/2031 16:00,-0.0
27/12/2031 17:00,-0.0
27/12/2031 18:00,-0.0
27/12/2031 19:00,-0.0
27/12/2031 20:00,11.208622857878868
27/12/2031 21:00,-0.0
27/12/2031 22:00,-0.0
27/12/2031 23:00,-0.0
28/12/2031 00:00,-0.0
28/12/2031 01:00,-0.0
28/12/2031 02:00,-0.0
28/12/2031 03:00,-0.0
28/12/2031 04:00,-0.0
28/12/2031 05:00,-0.0
28/12/2031 06:00,-0.0
28/12/2031 07:00,-0.0
28/12/2031 08:00,-0.0
28/12/2031 09:00,-0.0
28/12/2031 10:00,-0.0
28/12/2031 11:00,-0.0
28/12/2031 12:00,-0.0
28/12/2031 13:00,8.068641329828658
28/12/2031 14:00,-0.0
28/12/2031 15:00,-0.0
28/12/2031 16:00,-0.0
28/12/2031 17:00,-0.0
28/12/2031 18:00,-0.0
28/12/2031 19:00,-0.0
28/12/2031 20:00,-0.0
28/12/2031 21:00,-0.0
28/12/2031 22:00,-0.0
28/12/2031 23:00,-0.0
29/12/2031 00:00,-0.0
29/12/2031 01:00,-0.0
29/12/2031 02:00,-0.0
29/12/2031 03:00,-0.0
29/12/2031 04:00,-0.0
29/12/2031 05:00,-0.0
29/12/2031 06:00,-0.0
29/12/2031 07:00,-0.0
29/12/2031 08:00,-0.0
29/12/2031 09:00,-0.0
29/12/2031 10:00,-0.0
29/12/2031 11:00,-0.0
29/12/2031 12:00,-0.0
29/12/2031 13:00,61.89125588417616
29/12/2031 14:00,-0.0
29/12/2031 15:00,-0.0
29/12/2031 16:00,-0.0
29/12/2031 17:00,-0.0
29/12/2031 18:00,-0.0
29/12/2031 19:00,-0.0
29/12/2031 20:00,-0.0
29/12/2031 21:00,-0.0
29/12/2031 22:00,-0.0
29/12/2031 23:00,-0.0
