date,hour,branch_id,branch_name,from_bus,to_bus,flow_mw,flow_mvar,limit_mw,loading_pct
2024-07-08,9,306,LTGES0220a,156,14,1315.31,0.0,8937.38,14.7
2024-07-08,9,1886,LTGES1236b,679,648,46.69,0.0,2457.78,1.9
2024-07-08,9,1,LTGES0001a,1,2,-75.72,0.0,2457.78,3.1
2024-07-08,9,519,LTGES0361a,806,511,-31.86,0.0,2457.78,1.3
2024-07-08,9,2243,TR_71979234,1103,1104,-207.11,0.0,750.0,27.6
2024-07-08,9,788,LTGES0543b,865,436,-239.53,0.0,2457.78,9.7
2024-07-08,9,1164,LTGES0766b,22,992,56.02,0.0,2457.78,2.3
2024-07-08,9,774,LTGES0535,424,430,-120.67,0.0,1228.89,9.8
2024-07-08,9,1881,LTGES1234a,448,621,-49.22,0.0,2457.78,2.0
2024-07-08,9,1907,LTGES1249b,447,1148,79.11,0.0,8937.38,0.9
2024-07-08,9,599,LTGES0415,1064,350,159.9,0.0,4468.69,3.6
2024-07-08,9,2057,LTGES1360a,667,57,211.14,0.0,2457.78,8.6
2024-07-08,9,491,LTGES0340,313,303,-108.0,0.0,1228.89,8.8
2024-07-08,9,1470,LTGES0964,582,575,-84.14,0.0,1228.89,6.8
2024-07-08,9,1195,LTGES0784,952,1118,1377.28,0.0,4468.69,30.8
2024-07-08,9,1377,LTGES0905b,771,567,76.55,0.0,8937.38,0.9
2024-07-08,9,228,LTGES0163b,675,198,-8.23,0.0,2457.78,0.3
2024-07-08,9,332,LTGES0231b,254,114,304.43,0.0,2457.78,12.4
2024-07-08,9,190,LTGES0139a,173,130,-876.63,0.0,8937.38,9.8
2024-07-08,9,227,LTGES0163a,675,198,-8.23,0.0,2457.78,0.3
2024-07-08,9,980,LTGES0654a,677,142,-15.32,0.0,3686.67,0.4
2024-07-08,9,1935,LTGES1267a,416,1067,34.25,0.0,2457.78,1.4
2024-07-08,9,1894,LTGES1242,494,191,-829.35,0.0,4468.69,18.6
2024-07-08,9,1305,LTGES0859b,557,451,-184.23,0.0,2457.78,7.5
2024-07-08,9,1880,LTGES1233b,647,80,488.23,0.0,8937.38,5.5
2024-07-08,9,297,LTGES0214,237,749,-1035.59,0.0,4468.69,23.2
2024-07-08,9,605,LTGES0421a,353,829,2.86,0.0,2457.78,0.1
2024-07-08,9,2078,LTGES1376,904,477,575.85,0.0,4468.69,12.9
2024-07-08,9,1106,LTGES0730b,365,508,39.39,0.0,2457.78,1.6
2024-07-08,9,24,LTGES0015a,13,24,179.83,0.0,2457.78,7.3
2024-07-08,9,1783,LTGES1175a,909,485,183.64,0.0,2457.78,7.5
2024-07-08,9,928,LTGES0624a,14,683,165.82,0.0,8937.38,1.9
2024-07-08,9,416,LTGES0286b,153,159,-60.05,0.0,2457.78,2.4
2024-07-08,9,859,LTGES0583a,882,452,9.25,0.0,2457.78,0.4
2024-07-08,9,23,LTGES0014,23,15,-213.5,0.0,1228.89,17.4
2024-07-08,9,160,LTGES0118,156,810,-935.43,0.0,4468.69,20.9
2024-07-08,9,1825,LTGES1201,473,1122,3.46,0.0,4468.69,0.1
2024-07-08,9,1863,LTGES1223a,643,645,-1221.85,0.0,8937.38,13.7
2024-07-08,9,1941,LTGES1270a,684,652,1.49,0.0,8937.38,0.0
2024-07-08,9,204,LTGES0148a,726,179,2.38,0.0,8937.38,0.0
2024-07-08,9,561,LTGES0388a,814,337,56.73,0.0,3686.67,1.5
2024-07-08,9,891,LTGES0603b,464,280,197.41,0.0,2457.78,8.0
2024-07-08,9,2208,TR_0727c58f,184,185,70.66,0.0,750.0,9.4
2024-07-08,9,1879,LTGES1233a,647,80,488.23,0.0,8937.38,5.5
2024-07-08,9,981,LTGES0654b,677,142,-15.32,0.0,3686.67,0.4
2024-07-08,9,815,LTGES0556b,446,868,-110.35,0.0,2457.78,4.5
2024-07-08,9,253,LTGES0182a,217,219,67.59,0.0,2457.78,2.7
2024-07-08,9,1282,LTGES0844a,548,547,88.6,0.0,8937.38,1.0
2024-07-08,9,916,LTGES0617,892,466,466.61,0.0,1228.89,38.0
2024-07-08,9,2270,TR_3b58070f,291,292,-74.16,0.0,500.0,14.8
2024-07-08,9,1429,LTGES0939b,97,1009,-15.22,0.0,2457.78,0.6
2024-07-08,9,1588,LTGES1045,606,1047,-73.68,0.0,1228.89,6.0
2024-07-08,9,843,LTGES0572a,434,863,14.52,0.0,2457.78,0.6
2024-07-08,9,39,LTGES0025,39,46,429.35,0.0,4468.69,9.6
2024-07-08,9,112,LTGES0078b,111,55,-533.48,0.0,8937.38,6.0
2024-07-08,9,791,LTGES0545a,437,439,-29.04,0.0,2457.78,1.2
2024-07-08,9,1918,LTGES1257a,88,916,-65.7,0.0,2457.78,2.7
2024-07-08,9,2075,LTGES1373b,696,87,-31.28,0.0,2457.78,1.3
2024-07-08,9,372,LTGES0255a,235,261,-587.98,0.0,8937.38,6.6
2024-07-08,9,34,LTGES0021a,35,36,577.23,0.0,8937.38,6.5
2024-07-08,9,1665,LTGES1098,227,1077,14.7,0.0,1228.89,1.2
2024-07-08,9,137,LTGES0099,710,712,13.06,0.0,1228.89,1.1
2024-07-08,9,590,LTGES0409a,271,350,954.97,0.0,8937.38,10.7
2024-07-08,9,55,LTGES0036,66,39,25.5,0.0,4468.69,0.6
2024-07-08,9,323,LTGES0227a,249,251,-21.23,0.0,845.93,2.5
2024-07-08,9,2128,LTGES1413a,929,506,-47.77,0.0,8937.38,0.5
2024-07-08,9,17,LTGES0011a,18,1065,17.39,0.0,2457.78,0.7
2024-07-08,9,243,LTGES0173a,731,963,-54.38,0.0,2457.78,2.2
2024-07-08,9,1628,LTGES1073a,1067,417,28.8,0.0,2457.78,1.2
2024-07-08,9,172,LTGES0127a,899,1043,397.52,0.0,2457.78,16.2
2024-07-08,9,333,LTGES0232a,253,113,21.18,0.0,845.93,2.5
2024-07-08,9,363,LTGES0248,269,763,-32.99,0.0,4468.69,0.7
2024-07-08,9,2062,LTGES1362b,126,542,-852.39,0.0,8937.38,9.5
2024-07-08,9,1296,LTGES0854a,209,3,137.11,0.0,2457.78,5.6
2024-07-08,9,1721,LTGES1132b,182,627,20.79,0.0,2457.78,0.8
2024-07-08,9,2165,LTGES1443b,1236,638,15.32,0.0,8937.38,0.2
2024-07-08,9,550,LTGES0381b,817,815,-2.95,0.0,845.93,0.3
2024-07-08,9,341,LTGES0236a,257,757,30.21,0.0,845.93,3.6
2024-07-08,9,664,LTGES0459a,387,896,20.39,0.0,8937.38,0.2
2024-07-08,9,912,LTGES0615a,466,266,32.07,0.0,2457.78,1.3
2024-07-08,9,1748,LTGES1150b,968,526,261.15,0.0,2457.78,10.6
2024-07-08,9,1966,LTGES1291,1169,1168,-6.09,0.0,4468.69,0.1
2024-07-08,9,2321,TR_23eddb22,757,758,6.02,0.0,500.0,1.2
2024-07-08,9,1598,LTGES1052b,467,479,50.26,0.0,2457.78,2.0
2024-07-08,9,2049,LTGES1353,666,406,-420.76,0.0,4468.69,9.4
2024-07-08,9,2275,TR_7644f0c2,97,98,-321.93,0.0,1200.0,26.8
2024-07-08,9,2239,TR_9925636e,192,193,218.1,0.0,1200.0,18.2
2024-07-08,9,1685,LTGES1113a,301,625,-5.16,0.0,2457.78,0.2
2024-07-08,9,1990,LTGES1311,470,626,210.51,0.0,1228.89,17.1
2024-07-08,9,598,LTGES0414,345,1064,401.41,0.0,4468.69,9.0
2024-07-08,9,1318,LTGES0868a,527,558,20.81,0.0,2457.78,0.8
2024-07-08,9,643,LTGES0445b,369,371,4.2,0.0,2457.78,0.2
2024-07-08,9,1052,LTGES0695a,923,922,21.22,0.0,2457.78,0.9
2024-07-08,9,14,LTGES0009b,14,17,-1518.73,0.0,8937.38,17.0
2024-07-08,9,167,LTGES0124a,160,714,333.88,0.0,8937.38,3.7
2024-07-08,9,1121,LTGES0741a,511,937,-96.91,0.0,2457.78,3.9
2024-07-08,9,613,LTGES0427,359,75,1177.58,0.0,4468.69,26.4
2024-07-08,9,1556,LTGES1023,96,575,118.41,0.0,1228.89,9.6
2024-07-08,9,96,LTGES0066a,44,38,-119.27,0.0,2457.78,4.9
2024-07-08,9,2334,TR_9e433286,366,367,72.65,0.0,500.0,14.5
2024-07-08,9,456,LTGES0314,125,1119,42.54,0.0,1228.89,3.5
2024-07-08,9,1078,LTGES0712b,502,192,-19.79,0.0,2457.78,0.8
2024-07-08,9,1922,LTGES1259,691,46,455.96,0.0,4468.69,10.2
2024-07-08,9,257,LTGES0185,770,223,-290.76,0.0,4468.69,6.5
2024-07-08,9,510,LTGES0354,801,802,202.19,0.0,1228.89,16.5
2024-07-08,9,19,LTGES0012a,1065,22,-31.02,0.0,2457.78,1.3
2024-07-08,9,1754,LTGES1154b,146,140,94.03,0.0,2457.78,3.8
2024-07-08,9,2013,LTGES1327c,142,679,30.86,0.0,4915.56,0.6
2024-07-08,9,2166,LTGES1444,1050,711,79.01,0.0,1228.89,6.4
2024-07-08,9,673,LTGES0464a,835,836,54.14,0.0,2457.78,2.2
2024-07-08,9,1502,LTGES0988a,734,586,53.01,0.0,2457.78,2.2
2024-07-08,9,925,LTGES0622a,467,385,-119.05,0.0,2457.78,4.8
2024-07-08,9,1824,LTGES1200,634,1121,46.02,0.0,1228.89,3.7
2024-07-08,9,2181,TR_0490c2aa,109,110,15.42,0.0,750.0,2.1
2024-07-08,9,2287,TR_41fc927f,272,273,-115.8,0.0,1200.0,9.6
2024-07-08,9,2190,TR_0e0d82af,127,128,202.53,0.0,7500.0,2.7
2024-07-08,9,2127,LTGES1412b,666,403,209.61,0.0,8937.38,2.3
2024-07-08,9,1785,LTGES1176,1112,624,-0.35,0.0,1228.89,0.0
2024-07-08,9,2288,TR_cdc06a8b,63,64,159.42,0.0,1875.0,8.5
2024-07-08,9,197,LTGES0142b,129,88,-106.46,0.0,2457.78,4.3
2024-07-08,9,1545,LTGES1016b,600,436,-4.79,0.0,2457.78,0.2
2024-07-08,9,401,LTGES0274,287,285,-77.8,0.0,1228.89,6.3
2024-07-08,9,1804,LTGES1184b,610,423,-2.02,0.0,2457.78,0.1
2024-07-08,9,276,LTGES0201b,863,3,49.48,0.0,2457.78,2.0
2024-07-08,9,778,LTGES0538b,373,433,595.46,0.0,8937.38,6.7
2024-07-08,9,2204,TR_65fab876,180,181,-12.52,0.0,500.0,2.5
2024-07-08,9,1973,LTGES1297b,660,411,35.87,0.0,2457.78,1.5
2024-07-08,9,21,LTGES0013a,18,1085,34.28,0.0,2457.78,1.4
2024-07-08,9,2096,LTGES1388b,1179,661,-0.06,0.0,2457.78,0.0
2024-07-08,9,244,LTGES0173b,731,963,-54.38,0.0,2457.78,2.2
2024-07-08,9,83,LTGES0056,91,831,-405.72,0.0,1228.89,33.0
2024-07-08,9,582,LTGES0405a,273,345,188.31,0.0,8937.38,2.1
2024-07-08,9,1043,LTGES0688b,920,487,-217.18,0.0,2457.78,8.8
2024-07-08,9,2084,LTGES1381a,702,105,-35.99,0.0,2457.78,1.5
2024-07-08,9,2011,LTGES1327a,142,679,30.86,0.0,4915.56,0.6
2024-07-08,9,868,LTGES0588b,772,457,6.82,0.0,8937.38,0.1
2024-07-08,9,2097,LTGES1389,1216,411,-2.44,0.0,1228.89,0.2
2024-07-08,9,2025,LTGES1334b,1220,1186,-34.97,0.0,2457.78,1.4
2024-07-08,9,558,LTGES0386b,823,814,71.3,0.0,2457.78,2.9
2024-07-08,9,1540,LTGES1014a,73,1033,35.9,0.0,2457.78,1.5
2024-07-08,9,1974,LTGES1298,659,463,-3.09,0.0,1228.89,0.3
2024-07-08,9,1938,LTGES1268b,415,1066,0.12,0.0,845.93,0.0
2024-07-08,9,871,LTGES0590b,277,952,1214.93,0.0,8937.38,13.6
2024-07-08,9,1615,LTGES1064b,24,296,-209.6,0.0,2457.78,8.5
2024-07-08,9,3,LTGES0002a,729,1086,20.21,0.0,2457.78,0.8
2024-07-08,9,545,LTGES0378b,333,34,-34.29,0.0,2457.78,1.4
2024-07-08,9,81,LTGES0055a,87,88,-44.24,0.0,2457.78,1.8
2024-07-08,9,1968,LTGES1293,658,1180,4.34,0.0,1228.89,0.4
2024-07-08,9,987,LTGES0658,478,84,974.29,0.0,4468.69,21.8
2024-07-08,9,2202,TR_28414610,155,156,1236.31,0.0,9375.0,13.2
2024-07-08,9,2276,TR_737e7f53,65,66,-89.72,0.0,500.0,17.9
2024-07-08,9,1516,LTGES0997,138,135,-49.78,0.0,1228.89,4.1
2024-07-08,9,964,LTGES0646,1079,475,138.94,0.0,1228.89,11.3
2024-07-08,9,751,LTGES0519a,856,1138,5.97,0.0,2457.78,0.2
2024-07-08,9,2327,TR_f70b66d0,232,233,5.86,0.0,500.0,1.2
2024-07-08,9,2163,LTGES1442,214,1195,52.1,0.0,1228.89,4.2
2024-07-08,9,1070,LTGES0708a,924,175,-21.87,0.0,2457.78,0.9
2024-07-08,9,1169,LTGES0769a,420,225,118.15,0.0,2457.78,4.8
2024-07-08,9,1493,LTGES0982a,1021,1020,44.05,0.0,2457.78,1.8
2024-07-08,9,1019,LTGES0674d,909,911,-82.52,0.0,4915.56,1.7
2024-07-08,9,1684,LTGES1112b,624,1111,-11.97,0.0,2457.78,0.5
2024-07-08,9,2259,TR_3d81e7e0,682,683,-27.1,0.0,500.0,5.4
2024-07-08,9,2196,TR_a6bded06,8,9,599.86,0.0,2362.5,25.4
2024-07-08,9,1334,LTGES0879,223,737,-495.59,0.0,4468.69,11.1
2024-07-08,9,1897,LTGES1244a,1078,620,-178.67,0.0,8937.38,2.0
2024-07-08,9,303,LTGES0218a,238,241,823.24,0.0,8937.38,9.2
2024-07-08,9,1434,LTGES0942b,851,573,237.09,0.0,8937.38,2.7
2024-07-08,9,2001,LTGES1320a,421,1230,-26.44,0.0,2457.78,1.1
2024-07-08,9,1710,LTGES1126,960,139,25.93,0.0,1228.89,2.1
2024-07-08,9,1210,LTGES0797a,181,726,-3.85,0.0,17874.76,0.0
2024-07-08,9,2203,TR_2087835e,164,165,39.38,0.0,500.0,7.9
2024-07-08,9,704,LTGES0482b,403,705,-861.37,0.0,8937.38,9.6
2024-07-08,9,1882,LTGES1234b,448,621,-49.22,0.0,2457.78,2.0
2024-07-08,9,1837,LTGES1207d,638,1131,6.88,0.0,17874.76,0.0
2024-07-08,9,2186,TR_b0d59f98,153,154,-23.55,0.0,500.0,4.7
2024-07-08,9,1468,LTGES0962,427,852,19.39,0.0,1228.89,1.6
2024-07-08,9,117,LTGES0082b,114,116,71.37,0.0,2457.78,2.9
2024-07-08,9,1166,LTGES0767b,432,420,145.89,0.0,2457.78,5.9
2024-07-08,9,1864,LTGES1223b,643,645,-1221.85,0.0,8937.38,13.7
2024-07-08,9,1050,LTGES0694a,1063,489,-3.84,0.0,2457.78,0.2
2024-07-08,9,1423,LTGES0935a,93,699,-282.06,0.0,2457.78,11.5
2024-07-08,9,1542,LTGES1015a,225,600,89.18,0.0,2457.78,3.6
2024-07-08,9,499,LTGES0346,318,319,56.85,0.0,1228.89,4.6
2024-07-08,9,1432,LTGES0941,98,851,63.26,0.0,4468.69,1.4
2024-07-08,9,1145,LTGES0754b,1038,487,675.59,0.0,2457.78,27.5
2024-07-08,9,852,LTGES0577a,210,880,12.98,0.0,2457.78,0.5
2024-07-08,9,2083,LTGES1380b,768,274,-2.75,0.0,8937.38,0.0
2024-07-08,9,182,LTGES0133b,21,156,-1673.94,0.0,8937.38,18.7
2024-07-08,9,176,LTGES0129,163,165,-0.75,0.0,1228.89,0.1
2024-07-08,9,1199,LTGES0791a,694,525,-257.54,0.0,2457.78,10.5
2024-07-08,9,1675,LTGES1105b,142,1142,2.54,0.0,2457.78,0.1
2024-07-08,9,894,LTGES0604c,280,892,109.88,0.0,3686.67,3.0
2024-07-08,9,1231,LTGES0808,529,1140,-186.54,0.0,1228.89,15.2
2024-07-08,9,1939,LTGES1269a,572,416,52.62,0.0,2457.78,2.1
2024-07-08,9,1720,LTGES1132a,182,627,20.79,0.0,2457.78,0.8
2024-07-08,9,1758,LTGES1156a,599,485,-92.29,0.0,2457.78,3.8
2024-07-08,9,2289,TR_9af01115,344,345,-240.62,0.0,1875.0,12.8
2024-07-08,9,1083,LTGES0715a,927,504,52.17,0.0,2457.78,2.1
2024-07-08,9,1780,LTGES1172,1106,272,-133.44,0.0,1228.89,10.9
2024-07-08,9,554,LTGES0384,820,336,-136.14,0.0,1228.89,11.1
2024-07-08,9,623,LTGES0433a,1145,350,-341.65,0.0,8937.38,3.8
2024-07-08,9,249,LTGES0178,876,879,74.44,0.0,1228.89,6.1
2024-07-08,9,485,LTGES0335,313,799,23.45,0.0,1228.89,1.9
2024-07-08,9,2179,TR_10cbc112,475,476,352.27,0.0,1200.0,29.4
2024-07-08,9,636,LTGES0441,833,204,-43.11,0.0,1228.89,3.5
2024-07-08,9,1736,LTGES1143a,1094,939,-18.04,0.0,2457.78,0.7
2024-07-08,9,1239,LTGES0813,215,97,26.33,0.0,1228.89,2.1
2024-07-08,9,1659,LTGES1094b,476,35,171.41,0.0,8937.38,1.9
2024-07-08,9,1290,LTGES0850a,170,552,-61.31,0.0,2457.78,2.5
2024-07-08,9,1613,LTGES1063b,1059,609,-9.56,0.0,2457.78,0.4
2024-07-08,9,2246,TR_4eff5937,485,486,-92.99,0.0,1200.0,7.7
2024-07-08,9,346,LTGES0238b,757,259,27.21,0.0,845.93,3.2
2024-07-08,9,1220,LTGES0801b,527,958,-35.05,0.0,2457.78,1.4
2024-07-08,9,542,LTGES0377a,819,333,174.67,0.0,2457.78,7.1
2024-07-08,9,638,LTGES0443a,205,80,-1404.23,0.0,8937.38,15.7
2024-07-08,9,966,LTGES0648b,31,29,-629.87,0.0,8937.38,7.0
2024-07-08,9,2265,TR_4560a61c,578,579,-110.15,0.0,500.0,22.0
2024-07-08,9,1223,LTGES0803a,150,528,-2.89,0.0,8937.38,0.0
2024-07-08,9,389,LTGES0264,773,1139,180.43,0.0,1228.89,14.7
2024-07-08,9,1149,LTGES0757,841,400,452.1,0.0,1228.89,36.8
2024-07-08,9,1923,LTGES1260a,541,544,84.92,0.0,2457.78,3.5
2024-07-08,9,219,LTGES0156,190,194,-179.15,0.0,1228.89,14.6
2024-07-08,9,559,LTGES0387a,8,823,-132.06,0.0,2457.78,5.4
2024-07-08,9,1288,LTGES0849a,553,980,51.91,0.0,2457.78,2.1
2024-07-08,9,1132,LTGES0747a,932,940,35.64,0.0,2457.78,1.5
2024-07-08,9,1985,LTGES1306,99,1176,-223.21,0.0,4468.69,5.0
2024-07-08,9,1592,LTGES1048a,606,1049,59.9,0.0,2457.78,2.4
2024-07-08,9,203,LTGES0147b,176,178,-246.69,0.0,8937.38,2.8
2024-07-08,9,1212,LTGES0797c,181,726,-3.85,0.0,17874.76,0.0
2024-07-08,9,1313,LTGES0864,454,524,3.73,0.0,1228.89,0.3
2024-07-08,9,1997,LTGES1317,1023,95,-68.06,0.0,1228.89,5.5
2024-07-08,9,1876,LTGES1231,149,133,-14.42,0.0,1228.89,1.2
2024-07-08,9,1942,LTGES1270b,684,652,1.49,0.0,8937.38,0.0
2024-07-08,9,799,LTGES0549a,435,443,-42.51,0.0,2457.78,1.7
2024-07-08,9,1110,LTGES0733,509,365,338.8,0.0,1228.89,27.6
2024-07-08,9,157,LTGES0115b,150,134,-296.77,0.0,8937.38,3.3
2024-07-08,9,1969,LTGES1294,1171,659,-2.99,0.0,1228.89,0.2
2024-07-08,9,1460,LTGES0957,579,580,-119.57,0.0,4468.69,2.7
2024-07-08,9,1049,LTGES0693,1046,489,120.63,0.0,1228.89,9.8
2024-07-08,9,793,LTGES0546a,439,441,-68.84,0.0,2457.78,2.8
2024-07-08,9,57,LTGES0038,684,686,737.03,0.0,4468.69,16.5
2024-07-08,9,165,LTGES0122,159,161,-40.82,0.0,1228.89,3.3
2024-07-08,9,2271,TR_07cc6fee,1006,1007,-119.31,0.0,500.0,23.9
2024-07-08,9,876,LTGES0593b,276,461,28.21,0.0,2457.78,1.1
2024-07-08,9,1075,LTGES0710b,498,925,26.69,0.0,2457.78,1.1
2024-07-08,9,2248,TR_63348a57,911,912,-36.28,0.0,500.0,7.3
2024-07-08,9,1162,LTGES0765,482,467,-204.82,0.0,1228.89,16.7
2024-07-08,9,2012,LTGES1327b,142,679,30.86,0.0,4915.56,0.6
2024-07-08,9,1267,LTGES0833b,540,780,-580.55,0.0,8937.38,6.5
2024-07-08,9,973,LTGES0651b,200,903,-365.69,0.0,8937.38,4.1
2024-07-08,9,885,LTGES0599b,275,463,180.93,0.0,2457.78,7.4
2024-07-08,9,1271,LTGES0836,108,543,54.62,0.0,1228.89,4.4
2024-07-08,9,1593,LTGES1048b,606,1049,59.9,0.0,2457.78,2.4
2024-07-08,9,1830,LTGES1205a,636,1098,-84.66,0.0,8937.38,0.9
2024-07-08,9,200,LTGES0145,160,725,-293.79,0.0,4468.69,6.6
2024-07-08,9,1085,LTGES0716a,927,177,-226.72,0.0,2457.78,9.2
2024-07-08,9,428,LTGES0294,785,303,196.84,0.0,1228.89,16.0
2024-07-08,9,1158,LTGES0762b,111,946,529.39,0.0,8937.38,5.9
2024-07-08,9,2005,LTGES1322,1188,57,796.32,0.0,1228.89,64.8
2024-07-08,9,641,LTGES0444b,367,205,-266.15,0.0,8937.38,3.0
2024-07-08,9,1425,LTGES0936,531,1009,-24.59,0.0,1228.89,2.0
2024-07-08,9,1074,LTGES0710a,498,925,26.69,0.0,2457.78,1.1
2024-07-08,9,1356,LTGES0894a,162,780,584.67,0.0,8937.38,6.5
2024-07-08,9,734,LTGES0506a,29,33,-616.79,0.0,8937.38,6.9
2024-07-08,9,1612,LTGES1063a,1059,609,-9.56,0.0,2457.78,0.4
2024-07-08,9,273,LTGES0199,151,745,1.37,0.0,1228.89,0.1
2024-07-08,9,2301,TR_161e09c2,249,250,-33.3,0.0,500.0,6.7
2024-07-08,9,2101,LTGES1392a,1141,237,-157.43,0.0,17874.76,0.9
2024-07-08,9,717,LTGES0493,845,407,-152.58,0.0,1228.89,12.4
2024-07-08,9,1361,LTGES0895d,562,564,151.22,0.0,4915.56,3.1
2024-07-08,9,772,LTGES0534a,70,431,15.36,0.0,2457.78,0.6
2024-07-08,9,1810,LTGES1188b,154,714,-139.16,0.0,8937.38,1.6
2024-07-08,9,2309,TR_ce97d6f4,90,91,-83.91,0.0,750.0,11.2
2024-07-08,9,1552,LTGES1020b,602,488,-696.37,0.0,2457.78,28.3
2024-07-08,9,1135,LTGES0748b,756,252,-6.87,0.0,2457.78,0.3
2024-07-08,9,1011,LTGES0672b,147,143,1453.16,0.0,8937.38,16.3
2024-07-08,9,583,LTGES0405b,273,345,188.31,0.0,8937.38,2.1
2024-07-08,9,822,LTGES0560b,702,11,-164.65,0.0,2457.78,6.7
2024-07-08,9,61,LTGES0041a,68,69,-1857.81,0.0,8937.38,20.8
2024-07-08,9,247,LTGES0176,214,215,84.91,0.0,1228.89,6.9
2024-07-08,9,2325,TR_fa1d5cde,1054,1055,-146.25,0.0,1200.0,12.2
2024-07-08,9,2226,TR_e25275d8,49,50,-94.22,0.0,500.0,18.8
2024-07-08,9,835,LTGES0566b,870,875,-104.81,0.0,8937.38,1.2
2024-07-08,9,457,LTGES0315,1119,310,16.12,0.0,1228.89,1.3
2024-07-08,9,385,LTGES0261b,277,772,-1599.82,0.0,8937.38,17.9
2024-07-08,9,1681,LTGES1111a,1084,624,-10.63,0.0,2457.78,0.4
2024-07-08,9,611,LTGES0425,356,929,1.98,0.0,4468.69,0.0
2024-07-08,9,1179,LTGES0774a,3,517,114.84,0.0,2457.78,4.7
2024-07-08,9,1949,LTGES1276,355,1154,32.57,0.0,1228.89,2.7
2024-07-08,9,1836,LTGES1207c,638,1131,6.88,0.0,17874.76,0.0
2024-07-08,9,1914,LTGES1254,1206,623,-1.27,0.0,1228.89,0.1
2024-07-08,9,1786,LTGES1177a,254,247,-129.04,0.0,2457.78,5.3
2024-07-08,9,1862,LTGES1222b,156,643,-1640.43,0.0,8937.38,18.4
2024-07-08,9,992,LTGES0661b,904,477,1153.12,0.0,8937.38,12.9
2024-07-08,9,56,LTGES0037,41,684,745.78,0.0,4468.69,16.7
2024-07-08,9,528,LTGES0367,329,901,-39.37,0.0,1228.89,3.2
2024-07-08,9,2015,LTGES1328,1140,149,-213.97,0.0,1228.89,17.4
2024-07-08,9,2126,LTGES1412a,666,403,209.61,0.0,8937.38,2.3
2024-07-08,9,438,LTGES0301b,699,306,-288.3,0.0,2457.78,11.7
2024-07-08,9,1704,LTGES1122b,626,1,-2.1,0.0,2457.78,0.1
2024-07-08,9,723,LTGES0498b,64,412,53.53,0.0,8937.38,0.6
2024-07-08,9,1731,LTGES1139b,983,557,-4.03,0.0,2457.78,0.2
2024-07-08,9,2220,TR_374f74ad,496,497,-111.63,0.0,500.0,22.3
2024-07-08,9,1285,LTGES0846,1069,549,-33.02,0.0,4468.69,0.7
2024-07-08,9,264,LTGES0191,752,1030,571.32,0.0,4468.69,12.8
2024-07-08,9,1797,LTGES1182a,90,697,13.98,0.0,1268.9,1.1
2024-07-08,9,1842,LTGES1209a,395,1130,-107.93,0.0,2457.78,4.4
2024-07-08,9,1081,LTGES0714a,192,503,-63.9,0.0,2457.78,2.6
2024-07-08,9,1807,LTGES1186,1114,1070,-9.95,0.0,1228.89,0.8
2024-07-08,9,1178,LTGES0773b,520,175,52.58,0.0,2457.78,2.1
2024-07-08,9,1735,LTGES1142,954,1093,27.18,0.0,4468.69,0.6
2024-07-08,9,106,LTGES0073,109,971,209.05,0.0,1228.89,17.0
2024-07-08,9,1841,LTGES1208d,637,1130,16.15,0.0,4915.56,0.3
2024-07-08,9,435,LTGES0299,1105,783,297.4,0.0,1228.89,24.2
2024-07-08,9,489,LTGES0339a,797,796,2.43,0.0,2457.78,0.1
2024-07-08,9,2312,TR_cf9f1601,77,78,-53.39,0.0,500.0,10.7
2024-07-08,9,1246,LTGES0819,965,534,64.17,0.0,1228.89,5.2
2024-07-08,9,2344,TR_1567d725,619,620,712.01,0.0,4725.0,15.1
2024-07-08,9,1607,LTGES1057b,259,232,2.93,0.0,845.93,0.3
2024-07-08,9,846,LTGES0573b,879,450,20.1,0.0,2457.78,0.8
2024-07-08,9,576,LTGES0399,340,825,343.04,0.0,1228.89,27.9
2024-07-08,9,584,LTGES0406a,271,346,-708.82,0.0,8937.38,7.9
2024-07-08,9,287,LTGES0208b,749,235,-549.48,0.0,8937.38,6.1
2024-07-08,9,213,LTGES0152b,177,182,-80.01,0.0,2457.78,3.3
2024-07-08,9,474,LTGES0328a,763,765,-4.93,0.0,8937.38,0.1
2024-07-08,9,1734,LTGES1141b,954,993,24.98,0.0,8937.38,0.3
2024-07-08,9,1959,LTGES1284,1163,426,197.43,0.0,1228.89,16.1
2024-07-08,9,1311,LTGES0862b,443,372,-135.92,0.0,2457.78,5.5
2024-07-08,9,356,LTGES0243,267,877,450.69,0.0,4468.69,10.1
2024-07-08,9,265,LTGES0192,227,190,-21.98,0.0,1228.89,1.8
2024-07-08,9,215,LTGES0153b,813,767,-80.63,0.0,2457.78,3.3
2024-07-08,9,1023,LTGES0676b,903,143,-497.22,0.0,8937.38,5.6
2024-07-08,9,1696,LTGES1119a,20,1089,62.39,0.0,2457.78,2.5
2024-07-08,9,443,LTGES0305a,307,706,-43.8,0.0,2457.78,1.8
2024-07-08,9,424,LTGES0291a,301,300,315.64,0.0,2457.78,12.8
2024-07-08,9,154,LTGES0114a,142,146,17.99,0.0,2457.78,0.7
2024-07-08,9,1151,LTGES0759a,91,945,101.84,0.0,2457.78,4.1
2024-07-08,9,2273,TR_c5245018,217,218,-287.46,0.0,1200.0,24.0
2024-07-08,9,682,LTGES0469a,838,839,156.52,0.0,2457.78,6.4
2024-07-08,9,49,LTGES0031,59,54,-61.61,0.0,1228.89,5.0
2024-07-08,9,2212,TR_9425d6c7,640,641,827.91,0.0,1875.0,44.2
2024-07-08,9,5,LTGES0003a,3,5,214.22,0.0,2457.78,8.7
2024-07-08,9,1345,LTGES0888a,104,998,130.82,0.0,8937.38,1.5
2024-07-08,9,990,LTGES0660,145,55,706.28,0.0,4468.69,15.8
2024-07-08,9,1546,LTGES1017a,594,601,11.38,0.0,2457.78,0.5
2024-07-08,9,196,LTGES0142a,129,88,-106.46,0.0,2457.78,4.3
2024-07-08,9,2113,LTGES1401,1224,667,-4.7,0.0,1228.89,0.4
2024-07-08,9,90,LTGES0062,98,1007,-253.04,0.0,4468.69,5.7
2024-07-08,9,707,LTGES0484,843,1150,30.97,0.0,1228.89,2.5
2024-07-08,9,2184,TR_86c7bc47,242,243,-645.14,0.0,3750.0,17.2
2024-07-08,9,404,LTGES0277,288,285,39.82,0.0,1228.89,3.2
2024-07-08,9,742,LTGES0511a,167,961,248.2,0.0,2457.78,10.1
2024-07-08,9,1089,LTGES0718,498,177,-114.08,0.0,1228.89,9.3
2024-07-08,9,2121,LTGES1409,673,1058,1.25,0.0,1228.89,0.1
2024-07-08,9,994,LTGES0662b,905,268,-911.49,0.0,8937.38,10.2
2024-07-08,9,1566,LTGES1031a,1098,547,-98.19,0.0,8937.38,1.1
2024-07-08,9,311,LTGES0222a,244,120,-11.11,0.0,1268.9,0.9
2024-07-08,9,1619,LTGES1067a,76,1061,-5.79,0.0,8937.38,0.1
2024-07-08,9,1350,LTGES0890b,973,975,41.1,0.0,8937.38,0.5
2024-07-08,9,448,LTGES0309a,308,196,-66.58,0.0,2457.78,2.7
2024-07-08,9,315,LTGES0223b,244,120,-11.11,0.0,1268.9,0.9
2024-07-08,9,201,LTGES0146,159,730,30.94,0.0,1228.89,2.5
2024-07-08,9,366,LTGES0251,270,762,-50.22,0.0,1228.89,4.1
2024-07-08,9,757,LTGES0523,725,858,-301.9,0.0,4468.69,6.8
2024-07-08,9,461,LTGES0319,784,787,-204.96,0.0,1228.89,16.7
2024-07-08,9,841,LTGES0570b,80,877,11.48,0.0,8937.38,0.1
2024-07-08,9,2141,LTGES1423a,1235,1078,-341.49,0.0,8937.38,3.8
2024-07-08,9,2131,LTGES1415,482,1193,305.45,0.0,1228.89,24.9
2024-07-08,9,657,LTGES0454b,378,834,42.07,0.0,2457.78,1.7
2024-07-08,9,1800,LTGES1183a,90,697,13.98,0.0,1268.9,1.1
2024-07-08,9,1227,LTGES0805b,959,458,-6.4,0.0,2457.78,0.3
2024-07-08,9,2137,LTGES1421a,1148,870,85.82,0.0,8937.38,1.0
2024-07-08,9,71,LTGES0047b,697,77,47.74,0.0,845.93,5.6
2024-07-08,9,1699,LTGES1120b,1,626,3.19,0.0,4915.56,0.1
2024-07-08,9,1402,LTGES0921,981,554,-946.77,0.0,4468.69,21.2
2024-07-08,9,984,LTGES0656a,477,760,942.92,0.0,8937.38,10.6
2024-07-08,9,1306,LTGES0860a,556,557,-146.98,0.0,2457.78,6.0
2024-07-08,9,1986,LTGES1307,1177,1176,102.62,0.0,4468.69,2.3
2024-07-08,9,988,LTGES0659a,31,200,-348.71,0.0,8937.38,3.9
2024-07-08,9,1446,LTGES0951a,1013,577,-17.7,0.0,2457.78,0.7
2024-07-08,9,1339,LTGES0883a,769,222,-99.91,0.0,2457.78,4.1
2024-07-08,9,997,LTGES0664a,480,468,524.21,0.0,8937.38,5.9
2024-07-08,9,934,LTGES0628a,14,681,306.39,0.0,8937.38,3.4
2024-07-08,9,1476,LTGES0969,45,582,-62.53,0.0,1228.89,5.1
2024-07-08,9,731,LTGES0503,416,417,13.6,0.0,1228.89,1.1
2024-07-08,9,266,LTGES0193,707,25,217.09,0.0,1228.89,17.7
2024-07-08,9,614,LTGES0428a,360,357,-2.16,0.0,8937.38,0.0
2024-07-08,9,2104,LTGES1392d,1141,237,-157.43,0.0,17874.76,0.9
2024-07-08,9,6,LTGES0003b,3,5,214.22,0.0,2457.78,8.7
2024-07-08,9,1847,LTGES1212a,502,192,-21.71,0.0,2457.78,0.9
2024-07-08,9,441,LTGES0303,137,54,-77.25,0.0,1228.89,6.3
2024-07-08,9,1562,LTGES1028b,118,115,-170.76,0.0,8937.38,1.9
2024-07-08,9,1109,LTGES0732,509,934,-434.32,0.0,1228.89,35.3
2024-07-08,9,920,LTGES0619b,896,894,-406.65,0.0,8937.38,4.5
2024-07-08,9,811,LTGES0554b,867,379,-25.92,0.0,2457.78,1.1
2024-07-08,9,804,LTGES0551b,440,265,-26.19,0.0,845.93,3.1
2024-07-08,9,125,LTGES0087b,124,126,-651.13,0.0,8937.38,7.3
2024-07-08,9,1205,LTGES0794a,184,182,-18.64,0.0,2457.78,0.8
2024-07-08,9,1167,LTGES0768a,432,420,143.04,0.0,2457.78,5.8
2024-07-08,9,473,LTGES0327,975,765,46.97,0.0,4468.69,1.1
2024-07-08,9,98,LTGES0067a,100,101,-66.45,0.0,2457.78,2.7
2024-07-08,9,1176,LTGES0772b,519,520,2.82,0.0,2457.78,0.1
2024-07-08,9,898,LTGES0606b,280,948,-62.64,0.0,2457.78,2.5
2024-07-08,9,2274,TR_01096471,493,494,101.23,0.0,1200.0,8.4
2024-07-08,9,2174,LTGES1450,1104,296,-412.37,0.0,1228.89,33.6
2024-07-08,9,1113,LTGES0735b,936,1091,94.28,0.0,2457.78,3.8
2024-07-08,9,174,LTGES0128a,1043,898,425.53,0.0,2457.78,17.3
2024-07-08,9,1188,LTGES0778b,870,12,144.0,0.0,8937.38,1.6
2024-07-08,9,2047,LTGES1351,1050,1202,-99.44,0.0,1228.89,8.1
2024-07-08,9,1238,LTGES0812b,962,215,81.37,0.0,2457.78,3.3
2024-07-08,9,1945,LTGES1272b,645,327,-769.85,0.0,8937.38,8.6
2024-07-08,9,607,LTGES0422,830,355,307.14,0.0,1228.89,25.0
2024-07-08,9,950,LTGES0637,408,329,308.37,0.0,1228.89,25.1
2024-07-08,9,337,LTGES0234a,113,255,26.62,0.0,845.93,3.1
2024-07-08,9,354,LTGES0241b,264,261,-1.26,0.0,8937.38,0.0
2024-07-08,9,97,LTGES0066b,44,38,-119.27,0.0,2457.78,4.9
2024-07-08,9,1567,LTGES1031b,1098,547,-98.19,0.0,8937.38,1.1
2024-07-08,9,1765,LTGES1160a,380,1185,30.96,0.0,2457.78,1.3
2024-07-08,9,1784,LTGES1175b,909,485,183.64,0.0,2457.78,7.5
2024-07-08,9,2010,LTGES1326,1192,644,-11.5,0.0,1228.89,0.9
2024-07-08,9,1265,LTGES0832b,72,540,-517.34,0.0,8937.38,5.8
2024-07-08,9,1609,LTGES1058b,1146,1057,-44.72,0.0,2457.78,1.8
2024-07-08,9,235,LTGES0167b,206,872,14.38,0.0,2457.78,0.6
2024-07-08,9,824,LTGES0561b,874,202,-174.08,0.0,2457.78,7.1
2024-07-08,9,136,LTGES0098,711,710,41.84,0.0,1228.89,3.4
2024-07-08,9,848,LTGES0575a,211,881,1.26,0.0,8937.38,0.0
2024-07-08,9,148,LTGES0111a,140,141,63.25,0.0,2457.78,2.6
2024-07-08,9,819,LTGES0559a,1214,702,-161.47,0.0,2457.78,6.6
2024-07-08,9,193,LTGES0140b,172,129,-111.35,0.0,2457.78,4.5
2024-07-08,9,518,LTGES0360b,322,127,188.02,0.0,2457.78,7.7
2024-07-08,9,1067,LTGES0706,175,498,-35.68,0.0,1228.89,2.9
2024-07-08,9,508,LTGES0352b,321,89,908.73,0.0,8937.38,10.2
2024-07-08,9,1198,LTGES0790,358,694,-371.44,0.0,1228.89,30.2
2024-07-08,9,1028,LTGES0679,471,296,-2.99,0.0,1228.89,0.2
2024-07-08,9,1108,LTGES0731b,509,933,39.46,0.0,2457.78,1.6
2024-07-08,9,2326,TR_a9eba461,748,749,-12.26,0.0,750.0,1.6
2024-07-08,9,929,LTGES0624b,14,683,165.82,0.0,8937.38,1.9
2024-07-08,9,1490,LTGES0979,1017,583,97.43,0.0,1228.89,7.9
2024-07-08,9,629,LTGES0436b,240,831,35.92,0.0,2457.78,1.5
2024-07-08,9,771,LTGES0533,430,70,-138.64,0.0,1228.89,11.3
2024-07-08,9,378,LTGES0258a,74,771,-46.76,0.0,8937.38,0.5
2024-07-08,9,116,LTGES0082a,114,116,71.37,0.0,2457.78,2.9
2024-07-08,9,1852,LTGES1215,421,1133,-116.45,0.0,1228.89,9.5
2024-07-08,9,1906,LTGES1249a,447,1148,79.11,0.0,8937.38,0.9
2024-07-08,9,2051,LTGES1356,1205,328,205.39,0.0,4468.69,4.6
2024-07-08,9,1755,LTGES1155a,1056,485,-66.91,0.0,3686.67,1.8
2024-07-08,9,376,LTGES0257a,124,274,2.75,0.0,8937.38,0.0
2024-07-08,9,1424,LTGES0935b,93,699,-282.06,0.0,2457.78,11.5
2024-07-08,9,241,LTGES0171,207,210,-24.84,0.0,1228.89,2.0
2024-07-08,9,455,LTGES0313,310,125,-39.64,0.0,1228.89,3.2
2024-07-08,9,1118,LTGES0738,364,510,-82.13,0.0,1228.89,6.7
2024-07-08,9,2342,TR_cbe8a5bf,11,12,-329.3,0.0,1200.0,27.4
2024-07-08,9,29,LTGES0018,26,706,-259.78,0.0,1228.89,21.1
2024-07-08,9,786,LTGES0542b,436,372,-249.42,0.0,2457.78,10.1
2024-07-08,9,1799,LTGES1182c,90,697,13.98,0.0,1268.9,1.1
2024-07-08,9,551,LTGES0382a,820,8,37.17,0.0,2457.78,1.5
2024-07-08,9,947,LTGES0635b,716,165,162.2,0.0,2457.78,6.6
2024-07-08,9,1713,LTGES1128a,182,186,56.3,0.0,2457.78,2.3
2024-07-08,9,367,LTGES0252,766,761,-58.67,0.0,1228.89,4.8
2024-07-08,9,1778,LTGES1171a,593,591,84.33,0.0,2457.78,3.4
2024-07-08,9,2095,LTGES1388a,1179,661,-0.06,0.0,2457.78,0.0
2024-07-08,9,1229,LTGES0806b,133,960,22.66,0.0,2457.78,0.9
2024-07-08,9,1585,LTGES1043,1044,329,55.87,0.0,1228.89,4.5
2024-07-08,9,948,LTGES0636a,715,164,-15.09,0.0,845.93,1.8
2024-07-08,9,1656,LTGES1092,1232,616,-1.12,0.0,1228.89,0.1
2024-07-08,9,1759,LTGES1156b,599,485,-92.29,0.0,2457.78,3.8
2024-07-08,9,1602,LTGES1055a,729,1062,-80.99,0.0,2457.78,3.3
2024-07-08,9,1774,LTGES1167,629,631,-82.86,0.0,1228.89,6.7
2024-07-08,9,1811,LTGES1189a,154,162,5.68,0.0,8937.38,0.1
2024-07-08,9,1708,LTGES1124b,240,609,60.38,0.0,2457.78,2.5
2024-07-08,9,515,LTGES0358,67,323,377.16,0.0,4468.69,8.4
2024-07-08,9,706,LTGES0483b,69,17,-478.58,0.0,8937.38,5.4
2024-07-08,9,497,LTGES0344b,712,317,10.41,0.0,2457.78,0.4
2024-07-08,9,1477,LTGES0970,582,45,62.41,0.0,1228.89,5.1
2024-07-08,9,1553,LTGES1021a,488,918,-726.52,0.0,2457.78,29.6
2024-07-08,9,2310,TR_60f77458,91,92,-302.47,0.0,750.0,40.3
2024-07-08,9,504,LTGES0350,112,803,3.63,0.0,1228.89,0.3
2024-07-08,9,1729,LTGES1138,83,701,85.94,0.0,1228.89,7.0
2024-07-08,9,1186,LTGES0777b,870,12,144.0,0.0,8937.38,1.6
2024-07-08,9,1189,LTGES0779,203,875,276.8,0.0,4468.69,6.2
2024-07-08,9,1753,LTGES1154a,146,140,94.03,0.0,2457.78,3.8
2024-07-08,9,914,LTGES0616a,456,883,-21.1,0.0,8937.38,0.2
2024-07-08,9,1808,LTGES1187,1084,1115,-72.52,0.0,1228.89,5.9
2024-07-08,9,2299,TR_2ab84c9d,831,832,-333.88,0.0,750.0,44.5
2024-07-08,9,615,LTGES0428b,360,357,-2.16,0.0,8937.38,0.0
2024-07-08,9,1958,LTGES1283,1162,1161,359.01,0.0,1228.89,29.2
2024-07-08,9,2199,TR_b44ed123,815,816,-5.91,0.0,500.0,1.2
2024-07-08,9,1367,LTGES0898a,70,565,33.44,0.0,2457.78,1.4
2024-07-08,9,976,LTGES0652c,678,143,-367.95,0.0,13406.07,2.7
2024-07-08,9,1577,LTGES1037b,77,244,20.23,0.0,1268.9,1.6
2024-07-08,9,374,LTGES0256a,234,260,-34.69,0.0,2457.78,1.4
2024-07-08,9,2175,TR_519b8abe,70,71,-780.85,0.0,1875.0,41.6
2024-07-08,9,1814,LTGES1191,1118,82,1413.77,0.0,4468.69,31.6
2024-07-08,9,1126,LTGES0743b,364,505,-197.2,0.0,2457.78,8.0
2024-07-08,9,2099,LTGES1391a,412,383,86.39,0.0,8937.38,1.0
2024-07-08,9,886,LTGES0600,463,889,-31.55,0.0,1228.89,2.6
2024-07-08,9,1255,LTGES0825,536,537,-14.83,0.0,1228.89,1.2
2024-07-08,9,1360,LTGES0895c,562,564,151.22,0.0,4915.56,3.1
2024-07-08,9,364,LTGES0249,270,976,-21.19,0.0,1228.89,1.7
2024-07-08,9,803,LTGES0551a,440,265,-26.19,0.0,845.93,3.1
2024-07-08,9,2336,TR_13fe3810,207,208,-324.09,0.0,1200.0,27.0
2024-07-08,9,570,LTGES0394,339,333,70.47,0.0,1228.89,5.7
2024-07-08,9,1444,LTGES0950a,575,576,44.4,0.0,2457.78,1.8
2024-07-08,9,2135,LTGES1419,152,59,-2.36,0.0,1228.89,0.2
2024-07-08,9,44,LTGES0028a,3,51,69.66,0.0,2457.78,2.8
2024-07-08,9,2162,LTGES1441,1195,167,32.48,0.0,1228.89,2.6
2024-07-08,9,189,LTGES0138b,170,101,25.09,0.0,2457.78,1.0
2024-07-08,9,429,LTGES0295,305,304,111.81,0.0,1228.89,9.1
2024-07-08,9,2278,TR_59f3a3c3,358,359,337.09,0.0,1200.0,28.1
2024-07-08,9,169,LTGES0125,163,165,-0.76,0.0,1228.89,0.1
2024-07-08,9,2006,LTGES1323,327,1190,-414.37,0.0,4468.69,9.3
2024-07-08,9,94,LTGES0065a,769,38,0.16,0.0,2457.78,0.0
2024-07-08,9,288,LTGES0209a,748,234,-40.56,0.0,2457.78,1.7
2024-07-08,9,1793,LTGES1180b,255,257,30.74,0.0,845.93,3.6
2024-07-08,9,2070,LTGES1370,668,670,6.97,0.0,1228.89,0.6
2024-07-08,9,1501,LTGES0987b,97,531,27.76,0.0,2457.78,1.1
2024-07-08,9,1594,LTGES1049,608,1158,5.84,0.0,1228.89,0.5
2024-07-08,9,1662,LTGES1096b,341,1160,11.69,0.0,2457.78,0.5
2024-07-08,9,73,LTGES0048b,79,695,0.85,0.0,8937.38,0.0
2024-07-08,9,82,LTGES0055b,87,88,-44.24,0.0,2457.78,1.8
2024-07-08,9,1354,LTGES0892b,162,160,-285.51,0.0,8937.38,3.2
2024-07-08,9,902,LTGES0609,280,891,20.94,0.0,1228.89,1.7
2024-07-08,9,79,LTGES0053b,906,905,6.58,0.0,8937.38,0.1
2024-07-08,9,974,LTGES0652a,678,143,-367.95,0.0,13406.07,2.7
2024-07-08,9,1321,LTGES0869b,987,343,-156.71,0.0,2457.78,6.4
2024-07-08,9,1092,LTGES0720b,928,501,50.72,0.0,2457.78,2.1
2024-07-08,9,2237,TR_6f82474d,596,597,-26.95,0.0,500.0,5.4
2024-07-08,9,1068,LTGES0707a,499,176,-5.4,0.0,8937.38,0.1
2024-07-08,9,2296,TR_cdbd89a4,947,948,-44.33,0.0,500.0,8.9
2024-07-08,9,1761,LTGES1157b,598,484,-8.0,0.0,845.93,0.9
2024-07-08,9,507,LTGES0352a,321,89,908.73,0.0,8937.38,10.2
2024-07-08,9,2017,LTGES1329b,149,133,-40.13,0.0,2457.78,1.6
2024-07-08,9,1389,LTGES0914,569,739,-11.72,0.0,1228.89,1.0
2024-07-08,9,427,LTGES0293,93,784,-147.64,0.0,1228.89,12.0
2024-07-08,9,1981,LTGES1303b,1174,332,-44.81,0.0,2457.78,1.8
2024-07-08,9,1947,LTGES1274,654,1064,-231.29,0.0,4468.69,5.2
2024-07-08,9,1183,LTGES0776a,47,3,-109.28,0.0,2457.78,4.4
2024-07-08,9,391,LTGES0266a,275,774,2.24,0.0,2457.78,0.1
2024-07-08,9,534,LTGES0372,330,331,176.44,0.0,1228.89,14.4
2024-07-08,9,572,LTGES0395b,340,826,-172.07,0.0,2457.78,7.0
2024-07-08,9,8,LTGES0004b,7,9,-275.69,0.0,8937.38,3.1
2024-07-08,9,1767,LTGES1161,314,604,28.46,0.0,1228.89,2.3
2024-07-08,9,64,LTGES0042b,71,72,100.86,0.0,8937.38,1.1
2024-07-08,9,1654,LTGES1090,615,616,2.53,0.0,1228.89,0.2
2024-07-08,9,1017,LTGES0674b,909,911,-82.52,0.0,4915.56,1.7
2024-07-08,9,91,LTGES0063,1007,39,-372.35,0.0,4468.69,8.3
2024-07-08,9,1120,LTGES0740,937,938,43.52,0.0,1228.89,3.5
2024-07-08,9,922,LTGES0620b,894,468,-486.39,0.0,8937.38,5.4
2024-07-08,9,1489,LTGES0978b,1019,584,-29.46,0.0,2457.78,1.2
2024-07-08,9,1898,LTGES1244b,1078,620,-178.67,0.0,8937.38,2.0
2024-07-08,9,2129,LTGES1413b,929,506,-47.77,0.0,8937.38,0.5
2024-07-08,9,1702,LTGES1121,626,597,131.3,0.0,1228.89,10.7
2024-07-08,9,1915,LTGES1255a,649,650,-64.7,0.0,2457.78,2.6
2024-07-08,9,2337,TR_a35675e3,432,433,-760.62,0.0,2362.5,32.2
2024-07-08,9,726,LTGES0500b,848,413,-8.58,0.0,2457.78,0.3
2024-07-08,9,498,LTGES0345,800,862,-94.34,0.0,1228.89,7.7
2024-07-08,9,2156,LTGES1436,1213,485,-18.13,0.0,1228.89,1.5
2024-07-08,9,1686,LTGES1113b,301,625,-5.16,0.0,2457.78,0.2
2024-07-08,9,156,LTGES0115a,150,134,-296.77,0.0,8937.38,3.3
2024-07-08,9,2317,TR_d307d820,114,115,-83.84,0.0,500.0,16.8
2024-07-08,9,220,LTGES0157,180,957,12.52,0.0,1228.89,1.0
2024-07-08,9,2122,LTGES1410a,1231,22,-32.16,0.0,2457.78,1.3
2024-07-08,9,22,LTGES0013b,18,1085,34.28,0.0,2457.78,1.4
2024-07-08,9,1745,LTGES1149a,526,987,77.3,0.0,2457.78,3.1
2024-07-08,9,878,LTGES0594b,461,885,17.37,0.0,2457.78,0.7
2024-07-08,9,383,LTGES0260b,275,276,-199.95,0.0,2457.78,8.1
2024-07-08,9,1952,LTGES1278b,222,1156,1.07,0.0,2457.78,0.0
2024-07-08,9,1417,LTGES0932,916,308,71.54,0.0,1228.89,5.8
2024-07-08,9,2169,LTGES1446a,1236,394,-45.1,0.0,8937.38,0.5
2024-07-08,9,324,LTGES0227b,249,251,-21.23,0.0,845.93,2.5
2024-07-08,9,861,LTGES0584,267,64,-556.93,0.0,4468.69,12.5
2024-07-08,9,700,LTGES0479,400,148,-0.97,0.0,1228.89,0.1
2024-07-08,9,490,LTGES0339b,797,796,2.43,0.0,2457.78,0.1
2024-07-08,9,2058,LTGES1360b,667,57,211.14,0.0,2457.78,8.6
2024-07-08,9,1967,LTGES1292,658,1170,1.13,0.0,1228.89,0.1
2024-07-08,9,506,LTGES0351b,128,321,742.91,0.0,8937.38,8.3
2024-07-08,9,875,LTGES0593a,276,461,28.21,0.0,2457.78,1.1
2024-07-08,9,72,LTGES0048a,79,695,0.85,0.0,8937.38,0.0
2024-07-08,9,860,LTGES0583b,882,452,9.25,0.0,2457.78,0.4
2024-07-08,9,1631,LTGES1075a,230,48,106.29,0.0,2457.78,4.3
2024-07-08,9,1088,LTGES0717b,500,927,-169.38,0.0,2457.78,6.9
2024-07-08,9,2331,TR_a3c83c97,370,371,-2.74,0.0,500.0,0.5
2024-07-08,9,667,LTGES0461a,389,982,1647.97,0.0,8937.38,18.4
2024-07-08,9,472,LTGES0326,792,201,-1.0,0.0,1228.89,0.1
2024-07-08,9,1037,LTGES0685a,918,487,-752.84,0.0,2457.78,30.6
2024-07-08,9,524,LTGES0363,808,99,0.0,0.0,4468.69,0.0
2024-07-08,9,1226,LTGES0805a,959,458,-6.4,0.0,2457.78,0.3
2024-07-08,9,767,LTGES0530,862,712,145.39,0.0,1228.89,11.8
2024-07-08,9,145,LTGES0108b,135,138,99.24,0.0,2457.78,4.0
2024-07-08,9,36,LTGES0022,37,39,395.6,0.0,4468.69,8.9
2024-07-08,9,1082,LTGES0714b,192,503,-63.9,0.0,2457.78,2.6
2024-07-08,9,2267,TR_d11f8e41,45,46,-264.35,0.0,1200.0,22.0
2024-07-08,9,1543,LTGES1015b,225,600,89.18,0.0,2457.78,3.6
2024-07-08,9,353,LTGES0241a,264,261,-1.26,0.0,8937.38,0.0
2024-07-08,9,1325,LTGES0872,526,1097,27.79,0.0,1228.89,2.3
2024-07-08,9,1509,LTGES0992,587,588,-120.06,0.0,1228.89,9.8
2024-07-08,9,232,LTGES0166a,205,203,769.26,0.0,8937.38,8.6
2024-07-08,9,407,LTGES0279,289,286,-22.92,0.0,1228.89,1.9
2024-07-08,9,1648,LTGES1087a,58,705,862.42,0.0,8937.38,9.6
2024-07-08,9,54,LTGES0035,690,63,63.15,0.0,1228.89,5.1
2024-07-08,9,1931,LTGES1265a,444,866,10.83,0.0,2457.78,0.4
2024-07-08,9,101,LTGES0069a,105,874,-115.11,0.0,2457.78,4.7
2024-07-08,9,724,LTGES0499,413,262,-21.25,0.0,1228.89,1.7
2024-07-08,9,792,LTGES0545b,437,439,-29.04,0.0,2457.78,1.2
2024-07-08,9,715,LTGES0491,846,405,-127.15,0.0,1228.89,10.3
2024-07-08,9,1605,LTGES1056b,260,233,34.58,0.0,2457.78,1.4
2024-07-08,9,945,LTGES0634,157,651,-424.51,0.0,1228.89,34.5
2024-07-08,9,1054,LTGES0696,491,1057,-183.12,0.0,1228.89,14.9
2024-07-08,9,1115,LTGES0736b,936,935,21.5,0.0,2457.78,0.9
2024-07-08,9,1672,LTGES1103b,894,895,40.81,0.0,8937.38,0.5
2024-07-08,9,335,LTGES0233a,114,256,250.45,0.0,2457.78,10.2
2024-07-08,9,630,LTGES0437a,238,363,1.09,0.0,8937.38,0.0
2024-07-08,9,2319,TR_c51f01d1,117,118,-314.34,0.0,1875.0,16.8
2024-07-08,9,168,LTGES0124b,160,714,333.88,0.0,8937.38,3.7
2024-07-08,9,1405,LTGES0923b,999,550,-8.26,0.0,2457.78,0.3
2024-07-08,9,403,LTGES0276,288,285,41.55,0.0,1228.89,3.4
2024-07-08,9,2315,TR_cc6607e7,266,267,70.11,0.0,750.0,9.3
2024-07-08,9,1522,LTGES1003a,1027,1028,-509.49,0.0,2457.78,20.7
2024-07-08,9,1013,LTGES0673b,910,912,-36.32,0.0,17874.76,0.2
2024-07-08,9,270,LTGES0196,343,958,100.07,0.0,1228.89,8.1
2024-07-08,9,2198,TR_39a719b5,817,818,-5.59,0.0,500.0,1.1
2024-07-08,9,476,LTGES0329a,762,764,-14.04,0.0,2457.78,0.6
2024-07-08,9,1027,LTGES0678b,913,471,-1.8,0.0,2457.78,0.1
2024-07-08,9,1435,LTGES0943,573,1082,146.23,0.0,4468.69,3.3
2024-07-08,9,1433,LTGES0942a,851,573,237.09,0.0,8937.38,2.7
2024-07-08,9,954,LTGES0639b,473,35,56.6,0.0,8937.38,0.6
2024-07-08,9,453,LTGES0312a,542,110,-882.09,0.0,8937.38,9.9
2024-07-08,9,1815,LTGES1192,76,14,-347.83,0.0,4468.69,7.8
2024-07-08,9,88,LTGES0060,98,1012,136.04,0.0,4468.69,3.0
2024-07-08,9,883,LTGES0598,462,888,4.33,0.0,1228.89,0.4
2024-07-08,9,2229,TR_8a0345e0,393,394,51.77,0.0,1875.0,2.8
2024-07-08,9,1791,LTGES1179b,256,258,233.19,0.0,2457.78,9.5
2024-07-08,9,743,LTGES0511b,167,961,248.2,0.0,2457.78,10.1
2024-07-08,9,1273,LTGES0837b,544,545,79.99,0.0,2457.78,3.3
2024-07-08,9,77,LTGES0052,85,55,-544.26,0.0,4468.69,12.2
2024-07-08,9,596,LTGES0412,349,347,-357.32,0.0,4468.69,8.0
2024-07-08,9,2003,LTGES1321a,1181,374,-0.0,0.0,8937.38,0.0
2024-07-08,9,972,LTGES0651a,200,903,-365.69,0.0,8937.38,4.1
2024-07-08,9,449,LTGES0309b,308,196,-66.58,0.0,2457.78,2.7
2024-07-08,9,1084,LTGES0715b,927,504,52.17,0.0,2457.78,2.1
2024-07-08,9,387,LTGES0262b,278,773,6.23,0.0,2457.78,0.3
2024-07-08,9,620,LTGES0431,75,357,805.61,0.0,4468.69,18.0
2024-07-08,9,2311,TR_1d98b925,697,698,-55.03,0.0,500.0,11.0
2024-07-08,9,450,LTGES0310a,677,309,71.37,0.0,2457.78,2.9
2024-07-08,9,1322,LTGES0870,6,559,-17.26,0.0,1228.89,1.4
2024-07-08,9,2305,TR_a7560d62,120,121,-66.66,0.0,750.0,8.9
2024-07-08,9,906,LTGES0611b,300,266,196.23,0.0,2457.78,8.0
2024-07-08,9,586,LTGES0407a,346,347,-667.48,0.0,8937.38,7.5
2024-07-08,9,971,LTGES0650c,904,31,-1011.32,0.0,13406.07,7.5
2024-07-08,9,635,LTGES0440,248,931,-1672.18,0.0,4468.69,37.4
2024-07-08,9,43,LTGES0027b,50,915,831.82,0.0,8937.38,9.3
2024-07-08,9,1093,LTGES0721,350,507,1307.69,0.0,4468.69,29.3
2024-07-08,9,1208,LTGES0795b,334,35,352.14,0.0,8937.38,3.9
2024-07-08,9,1445,LTGES0950b,575,576,44.4,0.0,2457.78,1.8
2024-07-08,9,2329,TR_314cfd1c,440,441,24.77,0.0,500.0,5.0
2024-07-08,9,1717,LTGES1130,492,502,-32.6,0.0,1228.89,2.7
2024-07-08,9,1004,LTGES0669a,908,13,177.21,0.0,2457.78,7.2
2024-07-08,9,893,LTGES0604b,280,892,109.88,0.0,3686.67,3.0
2024-07-08,9,1531,LTGES1008b,432,594,64.09,0.0,2457.78,2.6
2024-07-08,9,1277,LTGES0840,546,72,-575.73,0.0,4468.69,12.9
2024-07-08,9,530,LTGES0369,330,811,-127.03,0.0,1228.89,10.3
2024-07-08,9,602,LTGES0418,1124,828,221.58,0.0,1228.89,18.0
2024-07-08,9,2115,LTGES1403,671,644,487.96,0.0,1228.89,39.7
2024-07-08,9,1344,LTGES0887,724,973,125.7,0.0,4468.69,2.8
2024-07-08,9,703,LTGES0482a,403,705,-861.37,0.0,8937.38,9.6
2024-07-08,9,2330,TR_8c3372a7,368,369,-2.71,0.0,500.0,0.5
2024-07-08,9,594,LTGES0411a,827,346,50.83,0.0,8937.38,0.6
2024-07-08,9,651,LTGES0451a,367,208,813.9,0.0,8937.38,9.1
2024-07-08,9,1046,LTGES0690,487,489,-647.3,0.0,1228.89,52.7
2024-07-08,9,1976,LTGES1299b,657,411,-0.56,0.0,2457.78,0.0
2024-07-08,9,1253,LTGES0823b,968,189,-182.81,0.0,2457.78,7.4
2024-07-08,9,932,LTGES0626,469,470,295.29,0.0,1228.89,24.0
2024-07-08,9,962,LTGES0644,1079,475,140.33,0.0,1228.89,11.4
2024-07-08,9,522,LTGES0362b,807,325,35.21,0.0,3686.67,1.0
2024-07-08,9,1838,LTGES1208a,637,1130,16.15,0.0,4915.56,0.3
2024-07-08,9,9,LTGES0005,10,861,2.16,0.0,4468.69,0.0
2024-07-08,9,1117,LTGES0737b,936,364,-121.76,0.0,2457.78,5.0
2024-07-08,9,2219,TR_dd3b02ef,220,221,-100.59,0.0,750.0,13.4
2024-07-08,9,1272,LTGES0837a,544,545,79.99,0.0,2457.78,3.3
2024-07-08,9,1532,LTGES1009a,595,1030,-67.61,0.0,8937.38,0.8
2024-07-08,9,552,LTGES0382b,820,8,37.17,0.0,2457.78,1.5
2024-07-08,9,192,LTGES0140a,172,129,-111.35,0.0,2457.78,4.5
2024-07-08,9,12,LTGES0008,16,920,-419.36,0.0,1228.89,34.1
2024-07-08,9,1342,LTGES0885,974,764,14.97,0.0,1228.89,1.2
2024-07-08,9,357,LTGES0244,80,759,-542.97,0.0,4468.69,12.2
2024-07-08,9,1382,LTGES0908,541,125,60.88,0.0,1228.89,5.0
2024-07-08,9,1885,LTGES1236a,679,648,46.69,0.0,2457.78,1.9
2024-07-08,9,417,LTGES0287a,295,296,598.32,0.0,2457.78,24.3
2024-07-08,9,1700,LTGES1120c,1,626,3.19,0.0,4915.56,0.1
2024-07-08,9,1608,LTGES1058a,1146,1057,-44.72,0.0,2457.78,1.8
2024-07-08,9,694,LTGES0475,395,398,-72.86,0.0,1228.89,5.9
2024-07-08,9,2056,LTGES1359b,109,172,-112.23,0.0,2457.78,4.6
2024-07-08,9,1157,LTGES0762a,111,946,529.39,0.0,8937.38,5.9
2024-07-08,9,1260,LTGES0828,969,537,-0.65,0.0,1228.89,0.1
2024-07-08,9,426,LTGES0292,783,302,97.13,0.0,1228.89,7.9
2024-07-08,9,991,LTGES0661a,904,477,1153.12,0.0,8937.38,12.9
2024-07-08,9,539,LTGES0375a,9,334,40.12,0.0,8937.38,0.4
2024-07-08,9,2034,LTGES1340,1117,1070,22.23,0.0,1228.89,1.8
2024-07-08,9,1301,LTGES0857,522,951,2.31,0.0,1228.89,0.2
2024-07-08,9,2038,LTGES1344,1199,657,-0.53,0.0,1228.89,0.0
2024-07-08,9,1340,LTGES0883b,769,222,-99.91,0.0,2457.78,4.1
2024-07-08,9,1014,LTGES0673c,910,912,-36.32,0.0,17874.76,0.2
2024-07-08,9,761,LTGES0526,45,427,53.35,0.0,1228.89,4.3
2024-07-08,9,610,LTGES0424b,830,354,4.76,0.0,2457.78,0.2
2024-07-08,9,1660,LTGES1095,475,618,-62.83,0.0,1228.89,5.1
2024-07-08,9,739,LTGES0508b,33,19,-1507.32,0.0,8937.38,16.9
2024-07-08,9,2059,LTGES1361a,650,868,-85.14,0.0,2457.78,3.5
2024-07-08,9,1259,LTGES0827c,1005,313,-43.09,0.0,3686.67,1.2
2024-07-08,9,1317,LTGES0867b,987,527,234.92,0.0,2457.78,9.6
2024-07-08,9,1803,LTGES1184a,610,423,-2.02,0.0,2457.78,0.1
2024-07-08,9,1398,LTGES0918b,997,976,-27.35,0.0,3686.67,0.7
2024-07-08,9,1610,LTGES1061,394,10,480.76,0.0,4468.69,10.8
2024-07-08,9,179,LTGES0131,163,165,-0.76,0.0,1228.89,0.1
2024-07-08,9,993,LTGES0662a,905,268,-911.49,0.0,8937.38,10.2
2024-07-08,9,905,LTGES0611a,300,266,196.23,0.0,2457.78,8.0
2024-07-08,9,2210,TR_86452e13,186,187,46.05,0.0,500.0,9.2
2024-07-08,9,1406,LTGES0924,980,552,167.29,0.0,1228.89,13.6
2024-07-08,9,782,LTGES0540b,373,205,-1085.03,0.0,8937.38,12.1
2024-07-08,9,2263,TR_026f4709,606,607,163.03,0.0,1200.0,13.6
2024-07-08,9,1320,LTGES0869a,987,343,-156.71,0.0,2457.78,6.4
2024-07-08,9,239,LTGES0169b,208,203,288.94,0.0,8937.38,3.2
2024-07-08,9,911,LTGES0614,893,409,-0.02,0.0,1228.89,0.0
2024-07-08,9,1200,LTGES0791b,694,525,-257.54,0.0,2457.78,10.5
2024-07-08,9,737,LTGES0507b,28,32,56.52,0.0,2457.78,2.3
2024-07-08,9,1032,LTGES0681c,89,915,-749.79,0.0,13406.07,5.6
2024-07-08,9,1822,LTGES1199a,1120,1116,-8.29,0.0,2457.78,0.3
2024-07-08,9,889,LTGES0602,463,890,10.85,0.0,1228.89,0.9
2024-07-08,9,1528,LTGES1006b,592,301,241.71,0.0,2457.78,9.8
2024-07-08,9,2074,LTGES1373a,696,87,-31.28,0.0,2457.78,1.3
2024-07-08,9,2090,LTGES1385a,622,409,23.67,0.0,2457.78,1.0
2024-07-08,9,525,LTGES0364,809,1143,-0.0,0.0,4468.69,0.0
2024-07-08,9,1403,LTGES0922,550,980,166.42,0.0,1228.89,13.5
2024-07-08,9,488,LTGES0338,315,302,-30.57,0.0,1228.89,2.5
2024-07-08,9,2107,LTGES1396,275,1221,21.48,0.0,1228.89,1.7
2024-07-08,9,1817,LTGES1193b,467,632,53.81,0.0,2457.78,2.2
2024-07-08,9,2109,LTGES1398,1209,670,-0.31,0.0,1228.89,0.0
2024-07-08,9,2039,LTGES1345a,460,665,23.71,0.0,2457.78,1.0
2024-07-08,9,458,LTGES0316,125,201,208.45,0.0,1228.89,17.0
2024-07-08,9,745,LTGES0513,853,1008,49.98,0.0,1228.89,4.1
2024-07-08,9,696,LTGES0477a,840,393,2.62,0.0,2457.78,0.1
2024-07-08,9,1865,LTGES1224,693,248,1613.68,0.0,4468.69,36.1
2024-07-08,9,1450,LTGES0953a,577,576,-38.13,0.0,2457.78,1.6
2024-07-08,9,1541,LTGES1014b,73,1033,35.9,0.0,2457.78,1.5
2024-07-08,9,1877,LTGES1232a,383,1141,131.36,0.0,8937.38,1.5
2024-07-08,9,668,LTGES0461b,389,982,1647.97,0.0,8937.38,18.4
2024-07-08,9,2091,LTGES1385b,622,409,23.67,0.0,2457.78,1.0
2024-07-08,9,45,LTGES0028b,3,51,69.66,0.0,2457.78,2.8
2024-07-08,9,1427,LTGES0938,854,736,-132.21,0.0,1228.89,10.8
2024-07-08,9,1663,LTGES1097a,34,426,-200.17,0.0,2457.78,8.1
2024-07-08,9,1910,LTGES1251a,1148,869,10.23,0.0,8937.38,0.1
2024-07-08,9,436,LTGES0300,785,93,-332.06,0.0,1228.89,27.0
2024-07-08,9,527,LTGES0366,328,810,592.02,0.0,4468.69,13.2
2024-07-08,9,1581,LTGES1040,319,316,9.75,0.0,1228.89,0.8
2024-07-08,9,2153,LTGES1433,1208,25,-14.21,0.0,1228.89,1.2
2024-07-08,9,440,LTGES0302b,264,261,-1.29,0.0,8937.38,0.0
2024-07-08,9,872,LTGES0591a,459,460,11.78,0.0,2457.78,0.5
2024-07-08,9,1002,LTGES0667b,147,483,-1533.89,0.0,8937.38,17.2
2024-07-08,9,105,LTGES0072,108,107,-56.68,0.0,1228.89,4.6
2024-07-08,9,1872,LTGES1228b,184,627,-14.91,0.0,2457.78,0.6
2024-07-08,9,1916,LTGES1255b,649,650,-64.7,0.0,2457.78,2.6
2024-07-08,9,547,LTGES0380a,818,816,-26.44,0.0,2457.78,1.1
2024-07-08,9,400,LTGES0273,286,285,48.38,0.0,1228.89,3.9
2024-07-08,9,695,LTGES0476,398,840,9.12,0.0,1228.89,0.7
2024-07-08,9,480,LTGES0331a,302,784,-26.19,0.0,2457.78,1.1
2024-07-08,9,728,LTGES0501b,847,413,-0.75,0.0,2457.78,0.0
2024-07-08,9,1214,LTGES0798,182,184,12.17,0.0,1228.89,1.0
2024-07-08,9,744,LTGES0512,1008,853,-49.52,0.0,1228.89,4.0
2024-07-08,9,296,LTGES0213,751,122,-1304.92,0.0,4468.69,29.2
2024-07-08,9,1679,LTGES1109b,441,375,204.48,0.0,2457.78,8.3
2024-07-08,9,722,LTGES0498a,64,412,53.53,0.0,8937.38,0.6
2024-07-08,9,1039,LTGES0686,919,488,-14.1,0.0,1228.89,1.1
2024-07-08,9,775,LTGES0536,857,425,138.17,0.0,1228.89,11.2
2024-07-08,9,1103,LTGES0728b,241,930,609.05,0.0,8937.38,6.8
2024-07-08,9,625,LTGES0434,832,357,-799.93,0.0,4468.69,17.9
2024-07-08,9,1247,LTGES0820a,533,534,-219.57,0.0,2457.78,8.9
2024-07-08,9,1962,LTGES1287,1164,657,-0.44,0.0,1228.89,0.0
2024-07-08,9,50,LTGES0032,689,60,-97.36,0.0,1228.89,7.9
2024-07-08,9,526,LTGES0365,327,328,-348.3,0.0,4468.69,7.8
2024-07-08,9,1674,LTGES1105a,142,1142,2.54,0.0,2457.78,0.1
2024-07-08,9,624,LTGES0433b,1145,350,-341.65,0.0,8937.38,3.8
2024-07-08,9,162,LTGES0120a,156,69,310.31,0.0,8937.38,3.5
2024-07-08,9,1639,LTGES1080b,22,611,-185.86,0.0,2457.78,7.6
2024-07-08,9,392,LTGES0266b,275,774,2.24,0.0,2457.78,0.1
2024-07-08,9,63,LTGES0042a,71,72,100.86,0.0,8937.38,1.1
2024-07-08,9,92,LTGES0064a,692,769,-98.8,0.0,2457.78,4.0
2024-07-08,9,1757,LTGES1155c,1056,485,-66.91,0.0,3686.67,1.8
2024-07-08,9,2242,TR_d45a10b0,630,631,-334.81,0.0,1200.0,27.9
2024-07-08,9,1299,LTGES0855b,521,950,-8.16,0.0,2457.78,0.3
2024-07-08,9,1775,LTGES1168,628,630,18.09,0.0,422.97,4.3
2024-07-08,9,214,LTGES0153a,813,767,-80.63,0.0,2457.78,3.3
2024-07-08,9,1917,LTGES1256,955,159,-10.36,0.0,1228.89,0.8
2024-07-08,9,573,LTGES0396,339,902,-2.77,0.0,1228.89,0.2
2024-07-08,9,1387,LTGES0913a,569,996,5.16,0.0,2457.78,0.2
2024-07-08,9,780,LTGES0539b,434,432,-27.29,0.0,2457.78,1.1
2024-07-08,9,949,LTGES0636b,715,164,-15.09,0.0,845.93,1.8
2024-07-08,9,1071,LTGES0708b,924,175,-21.87,0.0,2457.78,0.9
2024-07-08,9,999,LTGES0665,956,481,-6.45,0.0,1228.89,0.5
2024-07-08,9,671,LTGES0463a,375,380,143.22,0.0,2457.78,5.8
2024-07-08,9,812,LTGES0555a,445,446,-90.36,0.0,2457.78,3.7
2024-07-08,9,2224,TR_24f95bfa,40,41,-39.26,0.0,750.0,5.2
2024-07-08,9,2029,LTGES1337,1141,647,907.69,0.0,4468.69,20.3
2024-07-08,9,1262,LTGES0830,538,994,22.72,0.0,1228.89,1.8
2024-07-08,9,719,LTGES0495,408,331,223.36,0.0,1228.89,18.2
2024-07-08,9,1409,LTGES0926b,1001,571,-0.72,0.0,2457.78,0.0
2024-07-08,9,1892,LTGES1241a,135,65,-44.86,0.0,2457.78,1.8
2024-07-08,9,1569,LTGES1032b,375,369,21.98,0.0,2457.78,0.9
2024-07-08,9,2322,TR_f8ac356f,234,235,-11.73,0.0,500.0,2.3
2024-07-08,9,544,LTGES0378a,333,34,-34.29,0.0,2457.78,1.4
2024-07-08,9,275,LTGES0201a,863,3,49.48,0.0,2457.78,2.0
2024-07-08,9,1707,LTGES1124a,240,609,60.38,0.0,2457.78,2.5
2024-07-08,9,826,LTGES0562b,419,3,-113.79,0.0,2457.78,4.6
2024-07-08,9,2266,TR_a5cf368f,427,428,-167.07,0.0,750.0,22.3
2024-07-08,9,1806,LTGES1185b,220,42,-20.38,0.0,2457.78,0.8
2024-07-08,9,1934,LTGES1266b,329,644,205.26,0.0,2457.78,8.4
2024-07-08,9,940,LTGES0631a,897,898,-25.36,0.0,2457.78,1.0
2024-07-08,9,899,LTGES0607a,279,947,18.36,0.0,845.93,2.2
2024-07-08,9,1664,LTGES1097b,34,426,-200.17,0.0,2457.78,8.1
2024-07-08,9,516,LTGES0359,324,112,50.95,0.0,1228.89,4.1
2024-07-08,9,1536,LTGES1011b,597,599,-17.51,0.0,2457.78,0.7
2024-07-08,9,2215,TR_4329bc31,177,178,67.53,0.0,750.0,9.0
2024-07-08,9,286,LTGES0208a,749,235,-549.48,0.0,8937.38,6.1
2024-07-08,9,1573,LTGES1036a,78,245,151.87,0.0,3686.67,4.1
2024-07-08,9,2037,LTGES1343,1049,402,-88.62,0.0,1228.89,7.2
2024-07-08,9,2269,TR_c22e81d6,293,294,-72.71,0.0,500.0,14.5
2024-07-08,9,1451,LTGES0953b,577,576,-38.13,0.0,2457.78,1.6
2024-07-08,9,1870,LTGES1227b,646,338,69.94,0.0,2457.78,2.8
2024-07-08,9,459,LTGES0317,310,311,42.29,0.0,1228.89,3.4
2024-07-08,9,2080,LTGES1378,477,478,848.05,0.0,4468.69,19.0
2024-07-08,9,465,LTGES0322a,306,782,-292.31,0.0,2457.78,11.9
2024-07-08,9,652,LTGES0451b,367,208,813.9,0.0,8937.38,9.1
2024-07-08,9,1012,LTGES0673a,910,912,-36.32,0.0,17874.76,0.2
2024-07-08,9,1128,LTGES0744b,508,512,32.53,0.0,2457.78,1.3
2024-07-08,9,779,LTGES0539a,434,432,-27.29,0.0,2457.78,1.1
2024-07-08,9,308,LTGES0221a,245,121,125.66,0.0,3686.67,3.4
2024-07-08,9,110,LTGES0077,55,89,-2161.79,0.0,4468.69,48.4
2024-07-08,9,1393,LTGES0916b,976,723,-30.13,0.0,2457.78,1.2
2024-07-08,9,2257,TR_4a6d455c,144,145,-48.07,0.0,750.0,6.4
2024-07-08,9,1146,LTGES0755a,400,943,690.37,0.0,2457.78,28.1
2024-07-08,9,1812,LTGES1189b,154,162,5.68,0.0,8937.38,0.1
2024-07-08,9,1090,LTGES0719,926,498,104.35,0.0,1228.89,8.5
2024-07-08,9,606,LTGES0421b,353,829,2.86,0.0,2457.78,0.1
2024-07-08,9,943,LTGES0632b,1099,469,-3.41,0.0,2457.78,0.1
2024-07-08,9,1370,LTGES0900a,990,777,508.67,0.0,8937.38,5.7
2024-07-08,9,1703,LTGES1122a,626,1,-2.1,0.0,2457.78,0.1
2024-07-08,9,1744,LTGES1148b,318,800,-33.19,0.0,2457.78,1.4
2024-07-08,9,231,LTGES0165b,203,53,175.35,0.0,8937.38,2.0
2024-07-08,9,1565,LTGES1030b,7,183,163.8,0.0,8937.38,1.8
2024-07-08,9,1034,LTGES0683,56,197,190.06,0.0,1228.89,15.5
2024-07-08,9,1641,LTGES1082,431,201,-229.68,0.0,1228.89,18.7
2024-07-08,9,1065,LTGES0704,1116,496,-34.77,0.0,1228.89,2.8
2024-07-08,9,1021,LTGES0675b,910,486,46.49,0.0,8937.38,0.5
2024-07-08,9,384,LTGES0261a,277,772,-1599.82,0.0,8937.38,17.9
2024-07-08,9,1582,LTGES1041,1042,604,-25.19,0.0,1228.89,2.0
2024-07-08,9,1374,LTGES0903,740,62,-354.41,0.0,4468.69,7.9
2024-07-08,9,1141,LTGES0752b,516,943,-3.23,0.0,2457.78,0.1
2024-07-08,9,1839,LTGES1208b,637,1130,16.15,0.0,4915.56,0.3
2024-07-08,9,173,LTGES0127b,899,1043,397.52,0.0,2457.78,16.2
2024-07-08,9,1418,LTGES0933,305,304,106.51,0.0,1228.89,8.7
2024-07-08,9,2221,TR_07f999e0,175,176,-35.78,0.0,1200.0,3.0
2024-07-08,9,233,LTGES0166b,205,203,769.26,0.0,8937.38,8.6
2024-07-08,9,1993,LTGES1313,924,767,27.51,0.0,1228.89,2.2
2024-07-08,9,798,LTGES0548b,439,442,42.99,0.0,2457.78,1.7
2024-07-08,9,1206,LTGES0794b,184,182,-18.64,0.0,2457.78,0.8
2024-07-08,9,2178,TR_3d4e3db8,541,542,-59.41,0.0,750.0,7.9
2024-07-08,9,1563,LTGES1029,1076,1122,0.0,0.0,4468.69,0.0
2024-07-08,9,130,LTGES0092,41,678,-784.53,0.0,4468.69,17.6
2024-07-08,9,1570,LTGES1033,1036,371,-5.67,0.0,1228.89,0.5
2024-07-08,9,1671,LTGES1103a,894,895,40.81,0.0,8937.38,0.5
2024-07-08,9,579,LTGES0402,901,342,-59.01,0.0,1228.89,4.8
2024-07-08,9,2151,LTGES1431,1168,61,-13.06,0.0,4468.69,0.3
2024-07-08,9,1943,LTGES1271,639,1153,-157.47,0.0,1228.89,12.8
2024-07-08,9,1225,LTGES0804,133,959,-3.67,0.0,1228.89,0.3
2024-07-08,9,1616,LTGES1065a,611,296,-258.85,0.0,2457.78,10.5
2024-07-08,9,2007,LTGES1324,1191,640,5.73,0.0,1228.89,0.5
2024-07-08,9,901,LTGES0608,465,1123,-2.0,0.0,1228.89,0.2
2024-07-08,9,1073,LTGES0709b,926,500,-103.88,0.0,2457.78,4.2
2024-07-08,9,720,LTGES0496,409,410,44.71,0.0,1228.89,3.6
2024-07-08,9,108,LTGES0075,687,720,702.25,0.0,4468.69,15.7
2024-07-08,9,1658,LTGES1094a,476,35,171.41,0.0,8937.38,1.9
2024-07-08,9,100,LTGES0068,102,103,-69.8,0.0,1228.89,5.7
2024-07-08,9,2132,LTGES1416,482,562,-522.38,0.0,1228.89,42.5
2024-07-08,9,597,LTGES0413,347,348,-348.57,0.0,4468.69,7.8
2024-07-08,9,1630,LTGES1074,206,213,295.17,0.0,1228.89,24.0
2024-07-08,9,1233,LTGES0810a,961,530,138.39,0.0,2457.78,5.6
2024-07-08,9,46,LTGES0029a,51,52,7.92,0.0,2457.78,0.3
2024-07-08,9,532,LTGES0370b,330,812,0.88,0.0,2457.78,0.0
2024-07-08,9,444,LTGES0305b,307,706,-43.8,0.0,2457.78,1.8
2024-07-08,9,735,LTGES0506b,29,33,-616.79,0.0,8937.38,6.9
2024-07-08,9,1953,LTGES1279,1218,63,-0.72,0.0,1228.89,0.1
2024-07-08,9,151,LTGES0112b,143,145,377.18,0.0,8937.38,4.2
2024-07-08,9,147,LTGES0110,41,218,567.03,0.0,4468.69,12.7
2024-07-08,9,1900,LTGES1245b,503,175,-58.04,0.0,2457.78,2.4
2024-07-08,9,1653,LTGES1089b,243,67,-1655.08,0.0,8937.38,18.5
2024-07-08,9,736,LTGES0507a,28,32,56.52,0.0,2457.78,2.3
2024-07-08,9,454,LTGES0312b,542,110,-882.09,0.0,8937.38,9.9
2024-07-08,9,342,LTGES0236b,257,757,30.21,0.0,845.93,3.6
2024-07-08,9,180,LTGES0132,718,716,241.33,0.0,1228.89,19.6
2024-07-08,9,135,LTGES0096,720,41,696.18,0.0,4468.69,15.6
2024-07-08,9,1823,LTGES1199b,1120,1116,-8.29,0.0,2457.78,0.3
2024-07-08,9,1228,LTGES0806a,133,960,22.66,0.0,2457.78,0.9
2024-07-08,9,48,LTGES0030,54,56,-244.36,0.0,1228.89,19.9
2024-07-08,9,592,LTGES0410a,348,351,-906.36,0.0,8937.38,10.1
2024-07-08,9,408,LTGES0280,284,286,127.61,0.0,1228.89,10.4
2024-07-08,9,1661,LTGES1096a,341,1160,11.69,0.0,2457.78,0.5
2024-07-08,9,262,LTGES0189,739,220,-12.96,0.0,1228.89,1.1
2024-07-08,9,1331,LTGES0876b,42,26,44.88,0.0,2457.78,1.8
2024-07-08,9,1495,LTGES0983,585,97,-53.82,0.0,1228.89,4.4
2024-07-08,9,1035,LTGES0684a,911,142,-146.89,0.0,2457.78,6.0
2024-07-08,9,32,LTGES0020a,33,29,604.83,0.0,8937.38,6.8
2024-07-08,9,405,LTGES0278a,775,289,-27.81,0.0,2457.78,1.1
2024-07-08,9,334,LTGES0232b,253,113,21.18,0.0,845.93,2.5
2024-07-08,9,1779,LTGES1171b,593,591,84.33,0.0,2457.78,3.4
2024-07-08,9,2,LTGES0001b,1,2,-75.72,0.0,2457.78,3.1
2024-07-08,9,1181,LTGES0775a,225,47,42.97,0.0,2457.78,1.7
2024-07-08,9,183,LTGES0134,165,157,-442.95,0.0,1228.89,36.0
2024-07-08,9,1122,LTGES0741b,511,937,-96.91,0.0,2457.78,3.9
2024-07-08,9,2195,TR_82ae89fc,553,554,-208.66,0.0,1200.0,17.4
2024-07-08,9,1399,LTGES0918c,997,976,-27.35,0.0,3686.67,0.7
2024-07-08,9,2063,LTGES1363a,71,429,-524.32,0.0,8937.38,5.9
2024-07-08,9,51,LTGES0033a,62,55,-886.39,0.0,8937.38,9.9
2024-07-08,9,752,LTGES0519b,856,1138,5.97,0.0,2457.78,0.2
2024-07-08,9,849,LTGES0575b,211,881,1.26,0.0,8937.38,0.0
2024-07-08,9,1957,LTGES1282,1189,17,467.08,0.0,4468.69,10.5
2024-07-08,9,2225,TR_5c931ebf,762,763,-37.41,0.0,500.0,7.5
2024-07-08,9,1515,LTGES0996,589,590,80.5,0.0,1228.89,6.6
2024-07-08,9,2035,LTGES1341,640,1134,-223.33,0.0,1228.89,18.2
2024-07-08,9,141,LTGES0105,137,86,-127.54,0.0,1228.89,10.4
2024-07-08,9,1525,LTGES1005a,212,592,229.98,0.0,2457.78,9.4
2024-07-08,9,1781,LTGES1173a,1108,1107,416.0,0.0,3574.95,11.6
2024-07-08,9,340,LTGES0235b,258,758,169.83,0.0,2457.78,6.9
2024-07-08,9,278,LTGES0203,721,154,-129.12,0.0,4468.69,2.9
2024-07-08,9,1297,LTGES0854b,209,3,137.11,0.0,2457.78,5.6
2024-07-08,9,1796,LTGES1181c,91,698,188.01,0.0,3686.67,5.1
2024-07-08,9,2119,LTGES1407,651,672,-68.48,0.0,1228.89,5.6
2024-07-08,9,1381,LTGES0907b,971,538,11.66,0.0,2457.78,0.5
2024-07-08,9,1749,LTGES1151,197,916,207.62,0.0,1228.89,16.9
2024-07-08,9,1871,LTGES1228a,184,627,-14.91,0.0,2457.78,0.6
2024-07-08,9,1549,LTGES1018b,51,601,14.42,0.0,2457.78,0.6
2024-07-08,9,1064,LTGES0703b,497,7,-252.26,0.0,8937.38,2.8
2024-07-08,9,747,LTGES0515,408,421,-374.67,0.0,1228.89,30.5
2024-07-08,9,1248,LTGES0820b,533,534,-219.57,0.0,2457.78,8.9
2024-07-08,9,1346,LTGES0888b,104,998,130.82,0.0,8937.38,1.5
2024-07-08,9,2241,TR_b47b078a,628,629,-133.82,0.0,500.0,26.8
2024-07-08,9,218,LTGES0155,191,193,-677.06,0.0,4468.69,15.2
2024-07-08,9,612,LTGES0426,356,239,1425.45,0.0,4468.69,31.9
2024-07-08,9,631,LTGES0437b,238,363,1.09,0.0,8937.38,0.0
2024-07-08,9,2335,TR_5b9e4f80,372,373,-979.12,0.0,2362.5,41.4
2024-07-08,9,877,LTGES0594a,461,885,17.37,0.0,2457.78,0.7
2024-07-08,9,1742,LTGES1147,1096,230,-106.71,0.0,1228.89,8.7
2024-07-08,9,832,LTGES0565a,870,875,-104.81,0.0,8937.38,1.2
2024-07-08,9,836,LTGES0567,267,759,149.28,0.0,4468.69,3.3
2024-07-08,9,1372,LTGES0901,62,776,-241.41,0.0,4468.69,5.4
2024-07-08,9,237,LTGES0168b,206,202,-211.36,0.0,2457.78,8.6
2024-07-08,9,2308,TR_7cb91515,253,254,-34.97,0.0,500.0,7.0
2024-07-08,9,2171,LTGES1447,1081,1018,-92.66,0.0,1228.89,7.5
2024-07-08,9,713,LTGES0490a,845,405,152.66,0.0,2457.78,6.2
2024-07-08,9,419,LTGES0288a,298,948,84.8,0.0,2457.78,3.5
2024-07-08,9,1051,LTGES0694b,1063,489,-3.84,0.0,2457.78,0.2
2024-07-08,9,1650,LTGES1088a,155,157,7.68,0.0,2457.78,0.3
2024-07-08,9,1348,LTGES0889b,103,997,-47.18,0.0,2457.78,1.9
2024-07-08,9,1899,LTGES1245a,503,175,-58.04,0.0,2457.78,2.4
2024-07-08,9,1932,LTGES1265b,444,866,10.83,0.0,2457.78,0.4
2024-07-08,9,1336,LTGES0881,229,988,78.21,0.0,1228.89,6.4
2024-07-08,9,1937,LTGES1268a,415,1066,0.12,0.0,845.93,0.0
2024-07-08,9,718,LTGES0494,331,329,346.08,0.0,1228.89,28.2
2024-07-08,9,1965,LTGES1290,1167,1166,73.48,0.0,1228.89,6.0
2024-07-08,9,37,LTGES0023,41,43,963.14,0.0,4468.69,21.6
2024-07-08,9,2031,LTGES1338b,1072,612,17.02,0.0,2457.78,0.7
2024-07-08,9,1530,LTGES1008a,432,594,64.09,0.0,2457.78,2.6
2024-07-08,9,1752,LTGES1153,899,469,362.65,0.0,1228.89,29.5
2024-07-08,9,1559,LTGES1026,597,30,135.59,0.0,1228.89,11.0
2024-07-08,9,685,LTGES0470b,837,393,27.64,0.0,2457.78,1.1
2024-07-08,9,1235,LTGES0811a,961,962,99.73,0.0,2457.78,4.1
2024-07-08,9,1249,LTGES0821,967,189,63.13,0.0,1228.89,5.1
2024-07-08,9,2191,TR_031c515e,405,406,421.42,0.0,1200.0,35.1
2024-07-08,9,755,LTGES0522a,423,26,-13.65,0.0,2457.78,0.6
2024-07-08,9,958,LTGES0641b,902,474,270.56,0.0,2457.78,11.0
2024-07-08,9,2168,LTGES1445b,283,676,-163.87,0.0,2457.78,6.7
2024-07-08,9,1712,LTGES1127b,713,139,3.33,0.0,2457.78,0.1
2024-07-08,9,1982,LTGES1304a,1175,1174,-38.68,0.0,2457.78,1.6
2024-07-08,9,1202,LTGES0792b,390,359,-82.05,0.0,8937.38,0.9
2024-07-08,9,1174,LTGES0771b,225,518,125.03,0.0,2457.78,5.1
2024-07-08,9,1368,LTGES0898b,70,565,33.44,0.0,2457.78,1.4
2024-07-08,9,1497,LTGES0985,1006,217,-14.65,0.0,1228.89,1.2
2024-07-08,9,2067,LTGES1367,668,669,-14.12,0.0,1228.89,1.1
2024-07-08,9,919,LTGES0619a,896,894,-406.65,0.0,8937.38,4.5
2024-07-08,9,1384,LTGES0910,722,781,77.58,0.0,1228.89,6.3
2024-07-08,9,1649,LTGES1087b,58,705,862.42,0.0,8937.38,9.6
2024-07-08,9,2133,LTGES1417,1085,1231,5.84,0.0,1228.89,0.5
2024-07-08,9,600,LTGES0416,349,345,265.42,0.0,4468.69,5.9
2024-07-08,9,787,LTGES0543a,865,436,-239.53,0.0,2457.78,9.7
2024-07-08,9,2149,LTGES1429,1228,407,311.71,0.0,1228.89,25.4
2024-07-08,9,672,LTGES0463b,375,380,143.22,0.0,2457.78,5.8
2024-07-08,9,1467,LTGES0961b,427,1015,116.98,0.0,2457.78,4.8
2024-07-08,9,1080,LTGES0713b,192,1132,45.53,0.0,2457.78,1.9
2024-07-08,9,272,LTGES0198,224,229,103.77,0.0,1228.89,8.4
2024-07-08,9,1534,LTGES1010,1032,1031,0.39,0.0,1228.89,0.0
2024-07-08,9,1142,LTGES0753a,943,1038,685.59,0.0,2457.78,27.9
2024-07-08,9,1076,LTGES0711,501,1073,7.18,0.0,1228.89,0.6
2024-07-08,9,1535,LTGES1011a,597,599,-17.51,0.0,2457.78,0.7
2024-07-08,9,2098,LTGES1390,411,661,1.26,0.0,1228.89,0.1
2024-07-08,9,1584,LTGES1042b,359,605,-22.44,0.0,8937.38,0.3
2024-07-08,9,1127,LTGES0744a,508,512,32.53,0.0,2457.78,1.3
2024-07-08,9,7,LTGES0004a,7,9,-275.69,0.0,8937.38,3.1
2024-07-08,9,1635,LTGES1078a,217,587,-5.77,0.0,2457.78,0.2
2024-07-08,9,1821,LTGES1198,362,633,594.49,0.0,4468.69,13.3
2024-07-08,9,1168,LTGES0768b,432,420,143.04,0.0,2457.78,5.8
2024-07-08,9,795,LTGES0547a,438,440,-13.81,0.0,845.93,1.6
2024-07-08,9,2111,LTGES1400a,708,132,-1.67,0.0,2457.78,0.1
2024-07-08,9,194,LTGES0141a,130,89,-884.05,0.0,8937.38,9.9
2024-07-08,9,1844,LTGES1210a,1131,1129,-40.87,0.0,8937.38,0.5
2024-07-08,9,1727,LTGES1137a,714,162,193.92,0.0,8937.38,2.2
2024-07-08,9,140,LTGES0101b,66,136,97.06,0.0,8937.38,1.1
2024-07-08,9,2222,TR_dd8f0a25,764,765,-37.12,0.0,500.0,7.4
2024-07-08,9,2144,LTGES1425,748,231,55.32,0.0,1228.89,4.5
2024-07-08,9,854,LTGES0578,210,451,-87.13,0.0,1228.89,7.1
2024-07-08,9,1256,LTGES0826,537,313,-16.83,0.0,1228.89,1.4
2024-07-08,9,2254,TR_53ce20b7,566,567,-55.12,0.0,500.0,11.0
2024-07-08,9,2069,LTGES1369,1210,668,-6.96,0.0,1228.89,0.6
2024-07-08,9,936,LTGES0629a,681,19,287.71,0.0,8937.38,3.2
2024-07-08,9,212,LTGES0152a,177,182,-80.01,0.0,2457.78,3.3
2024-07-08,9,2253,TR_84534c7d,142,143,-53.7,0.0,750.0,7.2
2024-07-08,9,908,LTGES0612b,300,298,74.05,0.0,2457.78,3.0
2024-07-08,9,1428,LTGES0939a,97,1009,-15.22,0.0,2457.78,0.6
2024-07-08,9,369,LTGES0253b,271,273,98.96,0.0,17874.76,0.6
2024-07-08,9,1950,LTGES1277,1155,532,164.81,0.0,1228.89,13.4
2024-07-08,9,211,LTGES0151b,183,187,-23.02,0.0,8937.38,0.3
2024-07-08,9,1312,LTGES0863,454,985,1.05,0.0,1228.89,0.1
2024-07-08,9,1763,LTGES1159a,513,941,1.8,0.0,2457.78,0.1
2024-07-08,9,1756,LTGES1155b,1056,485,-66.91,0.0,3686.67,1.8
2024-07-08,9,678,LTGES0467a,838,837,-155.42,0.0,2457.78,6.3
2024-07-08,9,1508,LTGES0991b,1022,588,-25.14,0.0,2457.78,1.0
2024-07-08,9,2280,TR_d4b90a0d,415,416,-0.25,0.0,500.0,0.0
2024-07-08,9,2089,LTGES1384,155,165,246.1,0.0,1228.89,20.0
2024-07-08,9,118,LTGES0083a,116,119,19.48,0.0,2457.78,0.8
2024-07-08,9,2055,LTGES1359a,109,172,-112.23,0.0,2457.78,4.6
2024-07-08,9,2281,TR_3a800caf,1066,1067,0.25,0.0,500.0,0.0
2024-07-08,9,283,LTGES0206a,750,231,-25.04,0.0,2457.78,1.0
2024-07-08,9,513,LTGES0356b,127,801,169.47,0.0,2457.78,6.9
2024-07-08,9,1124,LTGES0742b,828,344,-87.38,0.0,2457.78,3.6
2024-07-08,9,1022,LTGES0676a,903,143,-497.22,0.0,8937.38,5.6
2024-07-08,9,1851,LTGES1214b,946,990,525.26,0.0,8937.38,5.9
2024-07-08,9,2076,LTGES1374,422,96,-30.25,0.0,1228.89,2.5
2024-07-08,9,813,LTGES0555b,445,446,-90.36,0.0,2457.78,3.7
2024-07-08,9,1912,LTGES1252,207,209,348.93,0.0,1228.89,28.4
2024-07-08,9,425,LTGES0291b,301,300,315.64,0.0,2457.78,12.8
2024-07-08,9,1547,LTGES1017b,594,601,11.38,0.0,2457.78,0.5
2024-07-08,9,900,LTGES0607b,279,947,18.36,0.0,845.93,2.2
2024-07-08,9,1977,LTGES1300,928,498,-116.63,0.0,1228.89,9.5
2024-07-08,9,546,LTGES0379,332,818,-197.08,0.0,1228.89,16.0
2024-07-08,9,686,LTGES0471a,36,1236,-596.53,0.0,8937.38,6.7
2024-07-08,9,301,LTGES0217a,239,753,279.09,0.0,8937.38,3.1
2024-07-08,9,1153,LTGES0760a,127,242,-164.12,0.0,2457.78,6.7
2024-07-08,9,784,LTGES0541b,433,208,183.92,0.0,8937.38,2.1
2024-07-08,9,18,LTGES0011b,18,1065,17.39,0.0,2457.78,0.7
2024-07-08,9,806,LTGES0552b,444,867,-10.41,0.0,4915.56,0.2
2024-07-08,9,2304,TR_9657d8d2,251,252,-33.43,0.0,500.0,6.7
2024-07-08,9,517,LTGES0360a,322,127,188.02,0.0,2457.78,7.7
2024-07-08,9,78,LTGES0053a,906,905,6.58,0.0,8937.38,0.1
2024-07-08,9,796,LTGES0547b,438,440,-13.81,0.0,845.93,1.6
2024-07-08,9,2079,LTGES1377,665,634,47.17,0.0,1228.89,3.8
2024-07-08,9,1861,LTGES1222a,156,643,-1640.43,0.0,8937.38,18.4
2024-07-08,9,1177,LTGES0773a,520,175,52.58,0.0,2457.78,2.1
2024-07-08,9,382,LTGES0260a,275,276,-199.95,0.0,2457.78,8.1
2024-07-08,9,74,LTGES0049,80,82,-1274.79,0.0,4468.69,28.5
2024-07-08,9,1419,LTGES0934a,786,123,-48.69,0.0,4915.56,1.0
2024-07-08,9,1056,LTGES0698,921,351,-0.78,0.0,4468.69,0.0
2024-07-08,9,1513,LTGES0995a,589,1025,-84.72,0.0,2457.78,3.4
2024-07-08,9,1946,LTGES1273,653,355,227.64,0.0,1228.89,18.5
2024-07-08,9,1539,LTGES1013,1062,20,-248.86,0.0,1228.89,20.3
2024-07-08,9,33,LTGES0020b,33,29,604.83,0.0,8937.38,6.8
2024-07-08,9,52,LTGES0033b,62,55,-886.39,0.0,8937.38,9.9
2024-07-08,9,2022,LTGES1332c,501,924,-1.84,0.0,3686.67,0.0
2024-07-08,9,1363,LTGES0896b,561,563,0.13,0.0,1691.87,0.0
2024-07-08,9,1031,LTGES0681b,89,915,-749.79,0.0,13406.07,5.6
2024-07-08,9,121,LTGES0085a,116,117,67.2,0.0,2457.78,2.7
2024-07-08,9,1690,LTGES1116a,1087,1088,344.05,0.0,2457.78,14.0
2024-07-08,9,395,LTGES0269a,282,283,-159.73,0.0,2457.78,6.5
2024-07-08,9,1069,LTGES0707b,499,176,-5.4,0.0,8937.38,0.1
2024-07-08,9,1059,LTGES0701a,455,497,-216.66,0.0,8937.38,2.4
2024-07-08,9,2106,LTGES1394,63,1217,4.6,0.0,1228.89,0.4
2024-07-08,9,1669,LTGES1101b,493,491,-81.38,0.0,2457.78,3.3
2024-07-08,9,918,LTGES0618b,892,465,-65.98,0.0,2457.78,2.7
2024-07-08,9,509,LTGES0353,801,802,202.19,0.0,1228.89,16.5
2024-07-08,9,1655,LTGES1091,617,615,2.58,0.0,1228.89,0.2
2024-07-08,9,961,LTGES0643b,474,1079,237.81,0.0,2457.78,9.7
2024-07-08,9,1924,LTGES1260b,541,544,84.92,0.0,2457.78,3.5
2024-07-08,9,1383,LTGES0909,543,541,53.35,0.0,1228.89,4.3
2024-07-08,9,1625,LTGES1071b,2,20,-113.66,0.0,2457.78,4.6
2024-07-08,9,1498,LTGES0986a,97,572,43.82,0.0,2457.78,1.8
2024-07-08,9,1835,LTGES1207b,638,1131,6.88,0.0,17874.76,0.0
2024-07-08,9,1155,LTGES0761a,127,242,-158.45,0.0,2457.78,6.4
2024-07-08,9,58,LTGES0039,686,39,628.27,0.0,4468.69,14.1
2024-07-08,9,1105,LTGES0730a,365,508,39.39,0.0,2457.78,1.6
2024-07-08,9,166,LTGES0123,160,989,7.95,0.0,4468.69,0.2
2024-07-08,9,1667,LTGES1100,619,1107,-409.46,0.0,3574.95,11.5
2024-07-08,9,640,LTGES0444a,367,205,-266.15,0.0,8937.38,3.0
2024-07-08,9,2147,LTGES1427,1173,491,-6.17,0.0,1228.89,0.5
2024-07-08,9,2072,LTGES1372a,658,88,-3.26,0.0,2457.78,0.1
2024-07-08,9,1554,LTGES1021b,488,918,-726.52,0.0,2457.78,29.6
2024-07-08,9,280,LTGES0204b,5,230,167.45,0.0,2457.78,6.8
2024-07-08,9,313,LTGES0222c,244,120,-11.11,0.0,1268.9,0.9
2024-07-08,9,2112,LTGES1400b,708,132,-1.67,0.0,2457.78,0.1
2024-07-08,9,1404,LTGES0923a,999,550,-8.26,0.0,2457.78,0.3
2024-07-08,9,645,LTGES0446b,368,370,1.35,0.0,845.93,0.2
2024-07-08,9,759,LTGES0524b,857,424,-4.03,0.0,2457.78,0.2
2024-07-08,9,1453,LTGES0954b,428,579,-4.71,0.0,8937.38,0.1
2024-07-08,9,937,LTGES0629b,681,19,287.71,0.0,8937.38,3.2
2024-07-08,9,1676,LTGES1106,583,1081,71.29,0.0,1228.89,5.8
2024-07-08,9,909,LTGES0613a,299,297,-39.55,0.0,845.93,4.7
2024-07-08,9,1719,LTGES1131b,492,1071,-84.79,0.0,2457.78,3.4
2024-07-08,9,1057,LTGES0699,351,494,-1732.55,0.0,4468.69,38.8
2024-07-08,9,1486,LTGES0976,1017,583,96.43,0.0,1228.89,7.8
2024-07-08,9,1204,LTGES0793b,185,183,35.33,0.0,8937.38,0.4
2024-07-08,9,1909,LTGES1250b,447,1148,79.11,0.0,8937.38,0.9
2024-07-08,9,99,LTGES0067b,100,101,-66.45,0.0,2457.78,2.7
2024-07-08,9,1964,LTGES1289,93,305,234.73,0.0,1228.89,19.1
2024-07-08,9,2236,TR_05391fc2,18,19,-103.34,0.0,1875.0,5.5
2024-07-08,9,1632,LTGES1075b,230,48,106.29,0.0,2457.78,4.3
2024-07-08,9,437,LTGES0301a,699,306,-288.3,0.0,2457.78,11.7
2024-07-08,9,1902,LTGES1247a,871,870,-3.11,0.0,8937.38,0.0
2024-07-08,9,285,LTGES0207,748,233,-17.33,0.0,1228.89,1.4
2024-07-08,9,2223,TR_2d6a60de,498,499,-10.81,0.0,750.0,1.4
2024-07-08,9,433,LTGES0298a,783,786,99.32,0.0,2457.78,4.0
2024-07-08,9,406,LTGES0278b,775,289,-27.81,0.0,2457.78,1.1
2024-07-08,9,1583,LTGES1042a,359,605,-22.44,0.0,8937.38,0.3
2024-07-08,9,955,LTGES0640a,426,339,-28.73,0.0,2457.78,1.2
2024-07-08,9,647,LTGES0447b,369,833,16.0,0.0,2457.78,0.7
2024-07-08,9,921,LTGES0620a,894,468,-486.39,0.0,8937.38,5.4
2024-07-08,9,1100,LTGES0726,506,930,868.4,0.0,4468.69,19.4
2024-07-08,9,1310,LTGES0862a,443,372,-135.92,0.0,2457.78,5.5
2024-07-08,9,84,LTGES0057,91,755,265.28,0.0,1228.89,21.6
2024-07-08,9,325,LTGES0228a,252,755,-114.1,0.0,2457.78,4.6
2024-07-08,9,1411,LTGES0928,551,571,-206.75,0.0,1228.89,16.8
2024-07-08,9,104,LTGES0071,107,59,-57.9,0.0,1228.89,4.7
2024-07-08,9,410,LTGES0282,779,778,107.76,0.0,4468.69,2.4
2024-07-08,9,185,LTGES0136a,150,168,241.86,0.0,8937.38,2.7
2024-07-08,9,1901,LTGES1246,1057,923,-285.23,0.0,1228.89,23.2
2024-07-08,9,267,LTGES0194,54,228,230.35,0.0,1228.89,18.7
2024-07-08,9,1136,LTGES0749,513,514,193.23,0.0,1228.89,15.7
2024-07-08,9,2180,TR_e96aa377,57,58,1501.62,0.0,6000.0,25.0
2024-07-08,9,1245,LTGES0818,534,966,-314.36,0.0,1228.89,25.6
2024-07-08,9,626,LTGES0435a,241,832,-193.38,0.0,8937.38,2.2
2024-07-08,9,349,LTGES0240a,260,263,16.55,0.0,4915.56,0.3
2024-07-08,9,191,LTGES0139b,173,130,-876.63,0.0,8937.38,9.8
2024-07-08,9,807,LTGES0552c,444,867,-10.41,0.0,4915.56,0.2
2024-07-08,9,1175,LTGES0772a,519,520,2.82,0.0,2457.78,0.1
2024-07-08,9,1104,LTGES0729,937,240,-14.35,0.0,1228.89,1.2
2024-07-08,9,304,LTGES0218b,238,241,823.24,0.0,8937.38,9.2
2024-07-08,9,1276,LTGES0839,539,546,329.25,0.0,4468.69,7.4
2024-07-08,9,1983,LTGES1304b,1175,1174,-38.68,0.0,2457.78,1.6
2024-07-08,9,2216,TR_11762966,60,61,10.24,0.0,500.0,2.0
2024-07-08,9,1979,LTGES1302,709,1173,-27.74,0.0,1228.89,2.3
2024-07-08,9,2245,TR_98b6cb57,484,485,-56.82,0.0,1200.0,4.7
2024-07-08,9,1723,LTGES1134,706,137,-320.49,0.0,1228.89,26.1
2024-07-08,9,1843,LTGES1209b,395,1130,-107.93,0.0,2457.78,4.4
2024-07-08,9,1222,LTGES0802b,726,183,-21.7,0.0,8937.38,0.2
2024-07-08,9,1760,LTGES1157a,598,484,-8.0,0.0,845.93,0.9
2024-07-08,9,1998,LTGES1318,597,1213,3.77,0.0,1228.89,0.3
2024-07-08,9,1905,LTGES1248b,871,870,-3.11,0.0,8937.38,0.0
2024-07-08,9,2014,LTGES1327d,142,679,30.86,0.0,4915.56,0.6
2024-07-08,9,1533,LTGES1009b,595,1030,-67.61,0.0,8937.38,0.8
2024-07-08,9,580,LTGES0403,337,343,41.38,0.0,1228.89,3.4
2024-07-08,9,420,LTGES0288b,298,948,84.8,0.0,2457.78,3.5
2024-07-08,9,727,LTGES0501a,847,413,-0.75,0.0,2457.78,0.0
2024-07-08,9,1920,LTGES1258a,228,307,5.88,0.0,2457.78,0.2
2024-07-08,9,1798,LTGES1182b,90,697,13.98,0.0,1268.9,1.1
2024-07-08,9,856,LTGES0580,453,454,222.99,0.0,1228.89,18.1
2024-07-08,9,1951,LTGES1278a,222,1156,1.07,0.0,2457.78,0.0
2024-07-08,9,1333,LTGES0878,737,221,-526.6,0.0,4468.69,11.8
2024-07-08,9,1496,LTGES0984,584,1006,-101.75,0.0,1228.89,8.3
2024-07-08,9,838,LTGES0568b,80,449,4.47,0.0,8937.38,0.1
2024-07-08,9,1095,LTGES0723,930,931,2068.31,0.0,4468.69,46.3
2024-07-08,9,977,LTGES0653a,677,142,-15.32,0.0,3686.67,0.4
2024-07-08,9,1094,LTGES0722,507,506,1395.61,0.0,4468.69,31.2
2024-07-08,9,809,LTGES0553,379,863,126.06,0.0,1228.89,10.3
2024-07-08,9,16,LTGES0010b,19,21,-1335.39,0.0,8937.38,14.9
2024-07-08,9,1171,LTGES0770a,420,517,114.29,0.0,2457.78,4.7
2024-07-08,9,40,LTGES0026a,47,48,84.68,0.0,2457.78,3.4
2024-07-08,9,1693,LTGES1117b,24,1087,359.63,0.0,2457.78,14.6
2024-07-08,9,2173,LTGES1449,631,564,-417.67,0.0,1228.89,34.0
2024-07-08,9,1802,LTGES1183c,90,697,13.98,0.0,1268.9,1.1
2024-07-08,9,1066,LTGES0705,176,455,63.18,0.0,4468.69,1.4
2024-07-08,9,1280,LTGES0843a,979,547,18.09,0.0,8937.38,0.2
2024-07-08,9,1557,LTGES1024,27,26,-304.06,0.0,1228.89,24.7
2024-07-08,9,1954,LTGES1280,656,1198,15.23,0.0,4468.69,0.3
2024-07-08,9,810,LTGES0554a,867,379,-25.92,0.0,2457.78,1.1
2024-07-08,9,1828,LTGES1203b,539,635,160.3,0.0,8937.38,1.8
2024-07-08,9,1125,LTGES0743a,364,505,-197.2,0.0,2457.78,8.0
2024-07-08,9,1194,LTGES0783,451,986,-455.52,0.0,1228.89,37.1
2024-07-08,9,1746,LTGES1149b,526,987,77.3,0.0,2457.78,3.1
2024-07-08,9,571,LTGES0395a,340,826,-172.07,0.0,2457.78,7.0
2024-07-08,9,2117,LTGES1405,1227,667,170.17,0.0,1228.89,13.8
2024-07-08,9,138,LTGES0100,134,66,314.55,0.0,4468.69,7.0
2024-07-08,9,128,LTGES0090,704,128,-709.13,0.0,4468.69,15.9
2024-07-08,9,1538,LTGES1012b,596,598,-19.42,0.0,845.93,2.3
2024-07-08,9,1020,LTGES0675a,910,486,46.49,0.0,8937.38,0.5
2024-07-08,9,1813,LTGES1190,27,1117,26.3,0.0,1228.89,2.1
2024-07-08,9,670,LTGES0462b,389,390,-113.53,0.0,8937.38,1.3
2024-07-08,9,1475,LTGES0968b,582,1016,15.5,0.0,2457.78,0.6
2024-07-08,9,915,LTGES0616b,456,883,-21.1,0.0,8937.38,0.2
2024-07-08,9,1298,LTGES0855a,521,950,-8.16,0.0,2457.78,0.3
2024-07-08,9,1114,LTGES0736a,936,935,21.5,0.0,2457.78,0.9
2024-07-08,9,371,LTGES0253d,271,273,98.96,0.0,17874.76,0.6
2024-07-08,9,2030,LTGES1338a,1072,612,17.02,0.0,2457.78,0.7
2024-07-08,9,41,LTGES0026b,47,48,84.68,0.0,2457.78,3.4
2024-07-08,9,1695,LTGES1118b,1088,562,332.14,0.0,2457.78,13.5
2024-07-08,9,1236,LTGES0811b,961,962,99.73,0.0,2457.78,4.1
2024-07-08,9,1284,LTGES0845,549,554,633.04,0.0,4468.69,14.2
2024-07-08,9,475,LTGES0328b,763,765,-4.93,0.0,8937.38,0.1
2024-07-08,9,705,LTGES0483a,69,17,-478.58,0.0,8937.38,5.4
2024-07-08,9,447,LTGES0308,196,83,152.72,0.0,1228.89,12.4
2024-07-08,9,362,LTGES0247b,160,777,-508.08,0.0,8937.38,5.7
2024-07-08,9,593,LTGES0410b,348,351,-906.36,0.0,8937.38,10.1
2024-07-08,9,619,LTGES0430b,361,359,14.59,0.0,8937.38,0.2
2024-07-08,9,505,LTGES0351a,128,321,742.91,0.0,8937.38,8.3
2024-07-08,9,65,LTGES0043,73,692,-200.06,0.0,1228.89,16.3
2024-07-08,9,591,LTGES0409b,271,350,954.97,0.0,8937.38,10.7
2024-07-08,9,543,LTGES0377b,819,333,174.67,0.0,2457.78,7.1
2024-07-08,9,1062,LTGES0702b,455,394,207.07,0.0,8937.38,2.3
2024-07-08,9,326,LTGES0228b,252,755,-114.1,0.0,2457.78,4.6
2024-07-08,9,2284,TR_6cc3bf96,133,134,-135.94,0.0,500.0,27.2
2024-07-08,9,2042,LTGES1346b,1195,1196,8.28,0.0,2457.78,0.3
2024-07-08,9,2092,LTGES1386a,622,414,-26.2,0.0,2457.78,1.1
2024-07-08,9,1792,LTGES1180a,255,257,30.74,0.0,845.93,3.6
2024-07-08,9,1527,LTGES1006a,592,301,241.71,0.0,2457.78,9.8
2024-07-08,9,714,LTGES0490b,845,405,152.66,0.0,2457.78,6.2
2024-07-08,9,1244,LTGES0817b,964,533,-208.22,0.0,2457.78,8.5
2024-07-08,9,467,LTGES0323a,782,786,-196.58,0.0,2457.78,8.0
2024-07-08,9,1308,LTGES0861a,984,556,-21.45,0.0,2457.78,0.9
2024-07-08,9,289,LTGES0209b,748,234,-40.56,0.0,2457.78,1.7
2024-07-08,9,2185,TR_26503a3b,161,162,-28.61,0.0,750.0,3.8
2024-07-08,9,250,LTGES0179,216,202,-414.04,0.0,1228.89,33.7
2024-07-08,9,926,LTGES0622b,467,385,-119.05,0.0,2457.78,4.8
2024-07-08,9,2283,TR_3ecfe90f,149,150,-134.01,0.0,500.0,26.8
2024-07-08,9,1928,LTGES1263,651,329,-300.94,0.0,1228.89,24.5
2024-07-08,9,1991,LTGES1312a,193,663,51.7,0.0,8937.38,0.6
2024-07-08,9,1464,LTGES0960a,852,581,9.68,0.0,2457.78,0.4
2024-07-08,9,359,LTGES0246a,268,760,-912.83,0.0,8937.38,10.2
2024-07-08,9,1159,LTGES0763,949,430,-14.79,0.0,1228.89,1.2
2024-07-08,9,59,LTGES0040a,67,68,-1846.34,0.0,8937.38,20.7
2024-07-08,9,184,LTGES0135,716,166,-48.41,0.0,1228.89,3.9
2024-07-08,9,1048,LTGES0692,490,1049,-208.08,0.0,1228.89,16.9
2024-07-08,9,2338,TR_ba0a135f,3,4,-1087.76,0.0,3750.0,29.0
2024-07-08,9,415,LTGES0286a,153,159,-60.05,0.0,2457.78,2.4
2024-07-08,9,1134,LTGES0748a,756,252,-6.87,0.0,2457.78,0.3
2024-07-08,9,1558,LTGES1025,73,603,216.31,0.0,1228.89,17.6
2024-07-08,9,1855,LTGES1217,36,641,-827.91,0.0,4468.69,18.5
2024-07-08,9,1077,LTGES0712a,502,192,-19.79,0.0,2457.78,0.8
2024-07-08,9,1394,LTGES0917a,998,977,72.8,0.0,13406.07,0.5
2024-07-08,9,293,LTGES0211b,758,236,54.41,0.0,2457.78,2.2
2024-07-08,9,421,LTGES0289a,297,947,-20.92,0.0,845.93,2.5
2024-07-08,9,1243,LTGES0817a,964,533,-208.22,0.0,2457.78,8.5
2024-07-08,9,1634,LTGES1077,1109,158,-3.13,0.0,1228.89,0.3
2024-07-08,9,2214,TR_d8a27e68,974,975,-35.24,0.0,500.0,7.0
2024-07-08,9,1963,LTGES1288,1165,94,-124.35,0.0,1228.89,10.1
2024-07-08,9,2228,TR_90fa9b51,637,638,-69.23,0.0,1200.0,5.8
2024-07-08,9,2318,TR_a4b2c097,255,256,-8.23,0.0,500.0,1.6
2024-07-08,9,1309,LTGES0861b,984,556,-21.45,0.0,2457.78,0.9
2024-07-08,9,514,LTGES0357,112,56,114.96,0.0,1228.89,9.4
2024-07-08,9,1970,LTGES1295,1172,660,-4.94,0.0,1228.89,0.4
2024-07-08,9,2328,TR_f02d7b94,375,376,78.55,0.0,1200.0,6.5
2024-07-08,9,350,LTGES0240b,260,263,16.55,0.0,4915.56,0.3
2024-07-08,9,676,LTGES0466a,837,391,-162.06,0.0,2457.78,6.6
2024-07-08,9,683,LTGES0469b,838,839,156.52,0.0,2457.78,6.4
2024-07-08,9,1316,LTGES0867a,987,527,234.92,0.0,2457.78,9.6
2024-07-08,9,252,LTGES0181,217,736,149.18,0.0,1228.89,12.1
2024-07-08,9,881,LTGES0596,774,462,4.41,0.0,1228.89,0.4
2024-07-08,9,660,LTGES0457a,382,384,-16.05,0.0,2457.78,0.7
2024-07-08,9,1604,LTGES1056a,260,233,34.58,0.0,2457.78,1.4
2024-07-08,9,1555,LTGES1022,26,96,162.14,0.0,1228.89,13.2
2024-07-08,9,462,LTGES0320,787,789,47.35,0.0,1228.89,3.9
2024-07-08,9,777,LTGES0538a,373,433,595.46,0.0,8937.38,6.7
2024-07-08,9,2123,LTGES1410b,1231,22,-32.16,0.0,2457.78,1.3
2024-07-08,9,2333,TR_87714406,204,205,1445.39,0.0,7500.0,19.3
2024-07-08,9,1431,LTGES0940b,1092,531,-51.63,0.0,2457.78,2.1
2024-07-08,9,1295,LTGES0853,522,950,209.71,0.0,1228.89,17.1
2024-07-08,9,935,LTGES0628b,14,681,306.39,0.0,8937.38,3.4
2024-07-08,9,1514,LTGES0995b,589,1025,-84.72,0.0,2457.78,3.4
2024-07-08,9,1303,LTGES0858b,209,556,-68.88,0.0,2457.78,2.8
2024-07-08,9,2100,LTGES1391b,412,383,86.39,0.0,8937.38,1.0
2024-07-08,9,127,LTGES0089,79,691,458.07,0.0,4468.69,10.3
2024-07-08,9,1718,LTGES1131a,492,1071,-84.79,0.0,2457.78,3.4
2024-07-08,9,1007,LTGES0670b,14,480,2082.15,0.0,8937.38,23.3
2024-07-08,9,1827,LTGES1203a,539,635,160.3,0.0,8937.38,1.8
2024-07-08,9,944,LTGES0633,899,472,1.29,0.0,1228.89,0.1
2024-07-08,9,884,LTGES0599a,275,463,180.93,0.0,2457.78,7.4
2024-07-08,9,823,LTGES0561a,874,202,-174.08,0.0,2457.78,7.1
2024-07-08,9,633,LTGES0439a,248,122,1534.91,0.0,8937.38,17.2
2024-07-08,9,177,LTGES0130a,165,900,-36.55,0.0,2457.78,1.5
2024-07-08,9,254,LTGES0182b,217,219,67.59,0.0,2457.78,2.7
2024-07-08,9,887,LTGES0601a,464,463,-253.7,0.0,2457.78,10.3
2024-07-08,9,1237,LTGES0812a,962,215,81.37,0.0,2457.78,3.3
2024-07-08,9,2197,TR_df0161bf,6,7,-20.68,0.0,500.0,4.1
2024-07-08,9,1266,LTGES0833a,540,780,-580.55,0.0,8937.38,6.5
2024-07-08,9,1251,LTGES0822b,8,968,72.88,0.0,2457.78,3.0
2024-07-08,9,1888,LTGES1238a,511,240,-57.99,0.0,2457.78,2.4
2024-07-08,9,790,LTGES0544b,865,864,20.28,0.0,2457.78,0.8
2024-07-08,9,693,LTGES0474b,839,397,1.29,0.0,2457.78,0.1
2024-07-08,9,242,LTGES0172,963,212,-204.7,0.0,1228.89,16.7
2024-07-08,9,746,LTGES0514,855,854,-119.84,0.0,1228.89,9.8
2024-07-08,9,996,LTGES0663b,905,50,917.29,0.0,8937.38,10.3
2024-07-08,9,396,LTGES0269b,282,283,-159.73,0.0,2457.78,6.5
2024-07-08,9,834,LTGES0566a,870,875,-104.81,0.0,8937.38,1.2
2024-07-08,9,1355,LTGES0893,161,717,114.34,0.0,1228.89,9.3
2024-07-08,9,2033,LTGES1339b,321,1126,-14.76,0.0,8937.38,0.2
2024-07-08,9,260,LTGES0187b,224,738,5.17,0.0,2457.78,0.2
2024-07-08,9,680,LTGES0468a,392,838,2.29,0.0,2457.78,0.1
2024-07-08,9,495,LTGES0343,316,195,-78.44,0.0,1228.89,6.4
2024-07-08,9,740,LTGES0509,377,4,557.81,0.0,4468.69,12.5
2024-07-08,9,1364,LTGES0896c,561,563,0.13,0.0,1691.87,0.0
2024-07-08,9,2136,LTGES1420,426,1234,-157.89,0.0,1228.89,12.8
2024-07-08,9,35,LTGES0021b,35,36,577.23,0.0,8937.38,6.5
2024-07-08,9,1005,LTGES0669b,908,13,177.21,0.0,2457.78,7.2
2024-07-08,9,1459,LTGES0956b,993,46,-78.0,0.0,8937.38,0.9
2024-07-08,9,131,LTGES0093a,40,132,17.78,0.0,2457.78,0.7
2024-07-08,9,2260,TR_cee0d2e6,479,480,-23.87,0.0,1200.0,2.0
2024-07-08,9,2164,LTGES1443a,1236,638,15.32,0.0,8937.38,0.2
2024-07-08,9,2134,LTGES1418,309,199,7.65,0.0,1228.89,0.6
2024-07-08,9,1211,LTGES0797b,181,726,-3.85,0.0,17874.76,0.0
2024-07-08,9,365,LTGES0250,554,104,307.08,0.0,4468.69,6.9
2024-07-08,9,691,LTGES0473b,396,395,109.36,0.0,2457.78,4.4
2024-07-08,9,1657,LTGES1093,159,617,2.61,0.0,1228.89,0.2
2024-07-08,9,494,LTGES0342,797,798,2.59,0.0,1228.89,0.2
2024-07-08,9,1485,LTGES0975,45,583,65.67,0.0,1228.89,5.3
2024-07-08,9,556,LTGES0385b,335,821,27.5,0.0,2457.78,1.1
2024-07-08,9,1832,LTGES1206a,1128,1129,66.06,0.0,8937.38,0.7
2024-07-08,9,896,LTGES0605b,465,81,-65.55,0.0,2457.78,2.7
2024-07-08,9,1449,LTGES0952b,577,1014,12.43,0.0,2457.78,0.5
2024-07-08,9,2313,TR_ba959aa8,244,245,-78.65,0.0,750.0,10.5
2024-07-08,9,2249,TR_b592de8e,685,686,-102.7,0.0,500.0,20.5
2024-07-08,9,1148,LTGES0756,400,841,-458.61,0.0,1228.89,37.3
2024-07-08,9,2340,TR_4e681766,52,53,-350.7,0.0,1200.0,29.2
2024-07-08,9,768,LTGES0531a,70,862,125.85,0.0,2457.78,5.1
2024-07-08,9,139,LTGES0101a,66,136,97.06,0.0,8937.38,1.1
2024-07-08,9,1682,LTGES1111b,1084,624,-10.63,0.0,2457.78,0.4
2024-07-08,9,1561,LTGES1028a,118,115,-170.76,0.0,8937.38,1.9
2024-07-08,9,1724,LTGES1135,1034,979,-23.42,0.0,4468.69,0.5
2024-07-08,9,1768,LTGES1162,536,1101,8.59,0.0,1228.89,0.7
2024-07-08,9,1362,LTGES0896a,561,563,0.13,0.0,1691.87,0.0
2024-07-08,9,1589,LTGES1046,1047,1048,-71.38,0.0,1228.89,5.8
2024-07-08,9,827,LTGES0563a,732,874,-0.41,0.0,4915.56,0.0
2024-07-08,9,1568,LTGES1032a,375,369,21.98,0.0,2457.78,0.9
2024-07-08,9,413,LTGES0285a,294,292,-81.13,0.0,8937.38,0.9
2024-07-08,9,2207,TR_a1cd747b,976,977,-42.99,0.0,500.0,8.6
2024-07-08,9,1264,LTGES0832a,72,540,-517.34,0.0,8937.38,5.8
2024-07-08,9,1412,LTGES0929a,1002,551,-2.81,0.0,2457.78,0.1
2024-07-08,9,2205,TR_3ab3b8f1,103,104,-45.45,0.0,500.0,9.1
2024-07-08,9,482,LTGES0332,313,70,-76.9,0.0,1228.89,6.3
2024-07-08,9,549,LTGES0381a,817,815,-2.95,0.0,845.93,0.3
2024-07-08,9,1722,LTGES1133,793,123,-35.63,0.0,1228.89,2.9
2024-07-08,9,27,LTGES0016b,296,24,201.25,0.0,2457.78,8.2
2024-07-08,9,882,LTGES0597,887,281,-6.48,0.0,1228.89,0.5
2024-07-08,9,1447,LTGES0951b,1013,577,-17.7,0.0,2457.78,0.7
2024-07-08,9,1750,LTGES1152a,602,295,631.05,0.0,2457.78,25.7
2024-07-08,9,503,LTGES0349b,802,112,200.35,0.0,2457.78,8.2
2024-07-08,9,2192,TR_e2759977,129,130,-16.53,0.0,500.0,3.3
2024-07-08,9,1820,LTGES1197,633,356,1438.21,0.0,4468.69,32.2
2024-07-08,9,975,LTGES0652b,678,143,-367.95,0.0,13406.07,2.7
2024-07-08,9,869,LTGES0589,458,276,-37.7,0.0,1228.89,3.1
2024-07-08,9,2232,TR_18c54756,32,33,-85.55,0.0,750.0,11.4
2024-07-08,9,1033,LTGES0682,687,704,-702.41,0.0,4468.69,15.7
2024-07-08,9,1242,LTGES0816,532,835,489.25,0.0,1228.89,39.8
2024-07-08,9,1307,LTGES0860b,556,557,-146.98,0.0,2457.78,6.0
2024-07-08,9,422,LTGES0289b,297,947,-20.92,0.0,845.93,2.5
2024-07-08,9,709,LTGES0486,844,843,-15.32,0.0,1228.89,1.2
2024-07-08,9,805,LTGES0552a,444,867,-10.41,0.0,4915.56,0.2
2024-07-08,9,1715,LTGES1129a,742,184,29.34,0.0,2457.78,1.2
2024-07-08,9,1293,LTGES0852a,982,555,3.77,0.0,8937.38,0.0
2024-07-08,9,648,LTGES0448,80,374,-25.12,0.0,4468.69,0.6
2024-07-08,9,1677,LTGES1108,1083,622,-1.51,0.0,1228.89,0.1
2024-07-08,9,2182,TR_1f77d9ec,322,323,-377.16,0.0,1875.0,20.1
2024-07-08,9,1688,LTGES1115a,22,991,50.05,0.0,2457.78,2.0
2024-07-08,9,1636,LTGES1078b,217,587,-5.77,0.0,2457.78,0.2
2024-07-08,9,1463,LTGES0959,578,581,55.92,0.0,1228.89,4.6
2024-07-08,9,120,LTGES0084,115,261,1071.17,0.0,4468.69,24.0
2024-07-08,9,1601,LTGES1054b,1052,140,-26.15,0.0,2457.78,1.1
2024-07-08,9,1407,LTGES0925,570,153,-111.9,0.0,1228.89,9.1
2024-07-08,9,1887,LTGES1237,1143,327,-14.37,0.0,4468.69,0.3
2024-07-08,9,87,LTGES0059,95,44,-133.49,0.0,1228.89,10.9
2024-07-08,9,2093,LTGES1386b,622,414,-26.2,0.0,2457.78,1.1
2024-07-08,9,1439,LTGES0946a,1011,1012,-40.93,0.0,8937.38,0.5
2024-07-08,9,1652,LTGES1089a,243,67,-1655.08,0.0,8937.38,18.5
2024-07-08,9,2306,TR_0577b900,121,122,-208.07,0.0,750.0,27.7
2024-07-08,9,255,LTGES0183,741,43,83.57,0.0,4468.69,1.9
2024-07-08,9,178,LTGES0130b,165,900,-36.55,0.0,2457.78,1.5
2024-07-08,9,2230,TR_db0bb0db,1130,1131,-109.26,0.0,1875.0,5.8
2024-07-08,9,1279,LTGES0842,979,554,-62.63,0.0,4468.69,1.4
2024-07-08,9,89,LTGES0061,99,58,223.21,0.0,4468.69,5.0
2024-07-08,9,2110,LTGES1399,1222,132,-26.71,0.0,1228.89,2.2
2024-07-08,9,496,LTGES0344a,712,317,10.41,0.0,2457.78,0.4
2024-07-08,9,1375,LTGES0904,62,554,924.75,0.0,4468.69,20.7
2024-07-08,9,1933,LTGES1266a,329,644,205.26,0.0,2457.78,8.4
2024-07-08,9,2235,TR_2eceb0ce,20,21,-600.96,0.0,2362.5,25.4
2024-07-08,9,195,LTGES0141b,130,89,-884.05,0.0,8937.38,9.9
2024-07-08,9,1112,LTGES0735a,936,1091,94.28,0.0,2457.78,3.8
2024-07-08,9,2286,TR_4cb0b32d,276,277,-655.72,0.0,1200.0,54.6
2024-07-08,9,1102,LTGES0728a,241,930,609.05,0.0,8937.38,6.8
2024-07-08,9,1984,LTGES1305,885,459,13.1,0.0,1228.89,1.1
2024-07-08,9,2324,TR_c6d90e4e,260,261,-32.84,0.0,1200.0,2.7
2024-07-08,9,923,LTGES0621a,896,389,400.34,0.0,8937.38,4.5
2024-07-08,9,1079,LTGES0713a,192,1132,45.53,0.0,2457.78,1.9
2024-07-08,9,2209,TR_9b83d397,182,183,48.52,0.0,500.0,9.7
2024-07-08,9,924,LTGES0621b,896,389,400.34,0.0,8937.38,4.5
2024-07-08,9,562,LTGES0388b,814,337,56.73,0.0,3686.67,1.5
2024-07-08,9,1329,LTGES0875b,562,479,-33.39,0.0,2457.78,1.4
2024-07-08,9,442,LTGES0304,228,707,219.49,0.0,1228.89,17.9
2024-07-08,9,1221,LTGES0802a,726,183,-21.7,0.0,8937.38,0.2
2024-07-08,9,202,LTGES0147a,176,178,-246.69,0.0,8937.38,2.8
2024-07-08,9,1574,LTGES1036b,78,245,151.87,0.0,3686.67,4.1
2024-07-08,9,2158,LTGES1438,729,198,95.36,0.0,1228.89,7.8
2024-07-08,9,654,LTGES0452b,208,743,478.34,0.0,8937.38,5.4
2024-07-08,9,1196,LTGES0785,1051,464,-3.37,0.0,1228.89,0.3
2024-07-08,9,146,LTGES0109,139,138,-24.31,0.0,1228.89,2.0
2024-07-08,9,953,LTGES0639a,473,35,56.6,0.0,8937.38,0.6
2024-07-08,9,1044,LTGES0689a,399,841,455.79,0.0,2457.78,18.5
2024-07-08,9,256,LTGES0184,174,43,206.69,0.0,4468.69,4.6
2024-07-08,9,2238,TR_19887143,73,74,-93.53,0.0,750.0,12.5
2024-07-08,9,1396,LTGES0917c,998,977,72.8,0.0,13406.07,0.5
2024-07-08,9,291,LTGES0210b,367,752,-200.91,0.0,8937.38,2.2
2024-07-08,9,80,LTGES0054,696,86,254.25,0.0,1228.89,20.7
2024-07-08,9,1629,LTGES1073b,1067,417,28.8,0.0,2457.78,1.2
2024-07-08,9,360,LTGES0246b,268,760,-912.83,0.0,8937.38,10.2
2024-07-08,9,1379,LTGES0906b,567,954,42.08,0.0,8937.38,0.5
2024-07-08,9,1180,LTGES0774b,3,517,114.84,0.0,2457.78,4.7
2024-07-08,9,418,LTGES0287b,295,296,598.32,0.0,2457.78,24.3
2024-07-08,9,1343,LTGES0886,723,972,-27.69,0.0,1228.89,2.3
2024-07-08,9,1466,LTGES0961a,427,1015,116.98,0.0,2457.78,4.8
2024-07-08,9,431,LTGES0296b,785,700,55.05,0.0,2457.78,2.2
2024-07-08,9,1590,LTGES1047a,606,402,-95.84,0.0,2457.78,3.9
2024-07-08,9,1940,LTGES1269b,572,416,52.62,0.0,2457.78,2.1
2024-07-08,9,520,LTGES0361b,806,511,-31.86,0.0,2457.78,1.3
2024-07-08,9,1611,LTGES1062,10,156,480.88,0.0,4468.69,10.8
2024-07-08,9,2200,TR_ae86a0a4,333,334,680.27,0.0,2362.5,28.8
2024-07-08,9,1846,LTGES1211,192,942,-77.48,0.0,1228.89,6.3
2024-07-08,9,1666,LTGES1099,619,1107,-409.46,0.0,3574.95,11.5
2024-07-08,9,969,LTGES0650a,904,31,-1011.32,0.0,13406.07,7.5
2024-07-08,9,1160,LTGES0764a,562,24,-259.79,0.0,2457.78,10.6
2024-07-08,9,1147,LTGES0755b,400,943,690.37,0.0,2457.78,28.1
2024-07-08,9,1263,LTGES0831,72,539,653.69,0.0,4468.69,14.6
2024-07-08,9,1989,LTGES1310,137,86,-116.98,0.0,1228.89,9.5
2024-07-08,9,1930,LTGES1264b,35,327,289.9,0.0,8937.38,3.2
2024-07-08,9,1504,LTGES0989a,586,417,13.77,0.0,2457.78,0.6
2024-07-08,9,1678,LTGES1109a,441,375,204.48,0.0,2457.78,8.3
2024-07-08,9,327,LTGES0229a,251,754,-4.51,0.0,845.93,0.5
2024-07-08,9,1314,LTGES0865,986,212,-461.56,0.0,1228.89,37.6
2024-07-08,9,2060,LTGES1361b,650,868,-85.14,0.0,2457.78,3.5
2024-07-08,9,284,LTGES0206b,750,231,-25.04,0.0,2457.78,1.0
2024-07-08,9,1743,LTGES1148a,318,800,-33.19,0.0,2457.78,1.4
2024-07-08,9,818,LTGES0558,12,728,43.02,0.0,4468.69,1.0
2024-07-08,9,2161,LTGES1440,1229,673,48.25,0.0,1228.89,3.9
2024-07-08,9,1868,LTGES1226b,618,646,53.04,0.0,2457.78,2.2
2024-07-08,9,1388,LTGES0913b,569,996,5.16,0.0,2457.78,0.2
2024-07-08,9,1232,LTGES0809,214,529,-166.72,0.0,1228.89,13.6
2024-07-08,9,2157,LTGES1437,1166,1213,37.52,0.0,1228.89,3.1
2024-07-08,9,1506,LTGES0990,417,586,-5.4,0.0,1228.89,0.4
2024-07-08,9,2139,LTGES1422a,447,1235,-216.04,0.0,8937.38,2.4
2024-07-08,9,1143,LTGES0753b,943,1038,685.59,0.0,2457.78,27.9
2024-07-08,9,575,LTGES0398,825,34,152.87,0.0,1228.89,12.4
2024-07-08,9,942,LTGES0632a,1099,469,-3.41,0.0,2457.78,0.1
2024-07-08,9,675,LTGES0465,835,391,376.09,0.0,1228.89,30.6
2024-07-08,9,904,LTGES0610b,81,298,36.29,0.0,2457.78,1.5
2024-07-08,9,2043,LTGES1347,855,853,114.17,0.0,1228.89,9.3
2024-07-08,9,1386,LTGES0912,859,159,86.56,0.0,1228.89,7.0
2024-07-08,9,2142,LTGES1423b,1235,1078,-341.49,0.0,8937.38,3.8
2024-07-08,9,2251,TR_a8526d91,563,564,0.5,0.0,500.0,0.1
2024-07-08,9,1184,LTGES0776b,47,3,-109.28,0.0,2457.78,4.4
2024-07-08,9,1369,LTGES0899,858,61,-241.71,0.0,4468.69,5.4
2024-07-08,9,15,LTGES0010a,19,21,-1335.39,0.0,8937.38,14.9
2024-07-08,9,500,LTGES0347,320,70,-40.55,0.0,1228.89,3.3
2024-07-08,9,785,LTGES0542a,436,372,-249.42,0.0,2457.78,10.1
2024-07-08,9,1001,LTGES0667a,147,483,-1533.89,0.0,8937.38,17.2
2024-07-08,9,1770,LTGES1164,629,1104,-113.12,0.0,1228.89,9.2
2024-07-08,9,251,LTGES0180,98,218,-273.4,0.0,4468.69,6.1
2024-07-08,9,1578,LTGES1037c,77,244,20.23,0.0,1268.9,1.6
2024-07-08,9,2094,LTGES1387,622,1215,2.31,0.0,1228.89,0.2
2024-07-08,9,170,LTGES0126a,165,899,589.25,0.0,2457.78,24.0
2024-07-08,9,2066,LTGES1364b,1207,1119,-12.26,0.0,2457.78,0.5
2024-07-08,9,248,LTGES0177,733,735,146.25,0.0,1256.82,11.6
2024-07-08,9,656,LTGES0454a,378,834,42.07,0.0,2457.78,1.7
2024-07-08,9,890,LTGES0603a,464,280,197.41,0.0,2457.78,8.0
2024-07-08,9,68,LTGES0046a,698,78,254.5,0.0,2457.78,10.4
2024-07-08,9,529,LTGES0368,328,35,-20.72,0.0,4468.69,0.5
2024-07-08,9,1795,LTGES1181b,91,698,188.01,0.0,3686.67,5.1
2024-07-08,9,850,LTGES0576a,451,452,-115.28,0.0,2457.78,4.7
2024-07-08,9,76,LTGES0051,55,84,-859.21,0.0,4468.69,19.2
2024-07-08,9,1373,LTGES0902,62,549,704.12,0.0,4468.69,15.8
2024-07-08,9,186,LTGES0136b,150,168,241.86,0.0,8937.38,2.7
2024-07-08,9,1172,LTGES0770b,420,517,114.29,0.0,2457.78,4.7
2024-07-08,9,393,LTGES0267,281,275,-10.13,0.0,1228.89,0.8
2024-07-08,9,2155,LTGES1435,1167,1,-54.45,0.0,1228.89,4.4
2024-07-08,9,103,LTGES0070,106,52,-214.49,0.0,1228.89,17.5
2024-07-08,9,2218,TR_b42e8356,54,55,105.04,0.0,1875.0,5.6
2024-07-08,9,355,LTGES0242,752,751,-1063.26,0.0,4468.69,23.8
2024-07-08,9,982,LTGES0654c,677,142,-15.32,0.0,3686.67,0.4
2024-07-08,9,716,LTGES0492,407,845,152.88,0.0,1228.89,12.4
2024-07-08,9,2189,TR_d061a070,644,645,884.25,0.0,2362.5,37.4
2024-07-08,9,1587,LTGES1044b,607,1128,81.52,0.0,8937.38,0.9
2024-07-08,9,870,LTGES0590a,277,952,1214.93,0.0,8937.38,13.6
2024-07-08,9,1560,LTGES1027,850,851,520.0,0.0,4468.69,11.6
2024-07-08,9,53,LTGES0034,61,688,-248.33,0.0,4468.69,5.6
2024-07-08,9,650,LTGES0450,376,377,561.74,0.0,4468.69,12.6
2024-07-08,9,155,LTGES0114b,142,146,17.99,0.0,2457.78,0.7
2024-07-08,9,963,LTGES0645,341,902,557.49,0.0,1228.89,45.4
2024-07-08,9,1163,LTGES0766a,22,992,56.02,0.0,2457.78,2.3
2024-07-08,9,566,LTGES0390,337,824,63.41,0.0,1228.89,5.2
2024-07-08,9,1492,LTGES0981,1021,1019,-78.59,0.0,1228.89,6.4
2024-07-08,9,111,LTGES0078a,111,55,-533.48,0.0,8937.38,6.0
2024-07-08,9,721,LTGES0497,410,266,36.9,0.0,1228.89,3.0
2024-07-08,9,1738,LTGES1144a,939,512,-8.67,0.0,2457.78,0.4
2024-07-08,9,1469,LTGES0963,427,852,19.39,0.0,1228.89,1.6
2024-07-08,9,1254,LTGES0824,188,535,-44.84,0.0,1228.89,3.6
2024-07-08,9,1529,LTGES1007,593,372,-179.94,0.0,1228.89,14.6
2024-07-08,9,1358,LTGES0895a,562,564,151.22,0.0,4915.56,3.1
2024-07-08,9,1499,LTGES0986b,97,572,43.82,0.0,2457.78,1.8
2024-07-08,9,1443,LTGES0949,294,574,17.26,0.0,4468.69,0.4
2024-07-08,9,93,LTGES0064b,692,769,-98.8,0.0,2457.78,4.0
2024-07-08,9,1908,LTGES1250a,447,1148,79.11,0.0,8937.38,0.9
2024-07-08,9,10,LTGES0006,15,680,-248.42,0.0,1228.89,20.2
2024-07-08,9,1854,LTGES1216b,1134,639,-112.2,0.0,2457.78,4.6
2024-07-08,9,1771,LTGES1165,628,1103,5.99,0.0,422.97,1.4
2024-07-08,9,1351,LTGES0891a,972,974,3.82,0.0,2457.78,0.2
2024-07-08,9,2298,TR_0f0fff81,505,506,-409.36,0.0,1875.0,21.8
2024-07-08,9,1580,LTGES1039,317,710,-17.53,0.0,1228.89,1.4
2024-07-08,9,305,LTGES0219,753,75,-1137.21,0.0,4468.69,25.4
2024-07-08,9,770,LTGES0532,71,72,62.38,0.0,4468.69,1.4
2024-07-08,9,1130,LTGES0745b,505,939,11.24,0.0,2457.78,0.5
2024-07-08,9,2086,LTGES1382a,614,1149,72.28,0.0,2457.78,2.9
2024-07-08,9,1520,LTGES1001,212,1027,-1163.1,0.0,1228.89,94.6
2024-07-08,9,701,LTGES0480,400,401,-302.38,0.0,1228.89,24.6
2024-07-08,9,321,LTGES0226a,250,252,-82.87,0.0,2457.78,3.4
2024-07-08,9,1353,LTGES0892a,162,160,-285.51,0.0,8937.38,3.2
2024-07-08,9,1440,LTGES0946b,1011,1012,-40.93,0.0,8937.38,0.5
2024-07-08,9,1395,LTGES0917b,998,977,72.8,0.0,13406.07,0.5
2024-07-08,9,1185,LTGES0777a,870,12,144.0,0.0,8937.38,1.6
2024-07-08,9,1919,LTGES1257b,88,916,-65.7,0.0,2457.78,2.7
2024-07-08,9,62,LTGES0041b,68,69,-1857.81,0.0,8937.38,20.8
2024-07-08,9,665,LTGES0459b,387,896,20.39,0.0,8937.38,0.2
2024-07-08,9,1241,LTGES0815,531,215,-30.92,0.0,1228.89,2.5
2024-07-08,9,446,LTGES0307,308,83,175.07,0.0,1228.89,14.2
2024-07-08,9,1994,LTGES1314,1182,1043,-12.5,0.0,1228.89,1.0
2024-07-08,9,857,LTGES0581,454,452,216.22,0.0,1228.89,17.6
2024-07-08,9,1633,LTGES1076,296,1147,34.24,0.0,1228.89,2.8
2024-07-08,9,1347,LTGES0889a,103,997,-47.18,0.0,2457.78,1.9
2024-07-08,9,1518,LTGES0999,1023,590,-16.61,0.0,1228.89,1.4
2024-07-08,9,390,LTGES0265,1139,280,28.81,0.0,1228.89,2.3
2024-07-08,9,1144,LTGES0754a,1038,487,675.59,0.0,2457.78,27.5
2024-07-08,9,632,LTGES0438,365,932,250.13,0.0,1228.89,20.4
2024-07-08,9,833,LTGES0565b,870,875,-104.81,0.0,8937.38,1.2
2024-07-08,9,1473,LTGES0967,685,26,-51.78,0.0,1228.89,4.2
2024-07-08,9,86,LTGES0058b,93,94,68.56,0.0,2457.78,2.8
2024-07-08,9,523,LTGES0362c,807,325,35.21,0.0,3686.67,1.0
2024-07-08,9,1591,LTGES1047b,606,402,-95.84,0.0,2457.78,3.9
2024-07-08,9,1890,LTGES1239,635,548,294.39,0.0,4468.69,6.6
2024-07-08,9,152,LTGES0113a,142,144,-127.69,0.0,2457.78,5.2
2024-07-08,9,1921,LTGES1258b,228,307,5.88,0.0,2457.78,0.2
2024-07-08,9,910,LTGES0613b,299,297,-39.55,0.0,845.93,4.7
2024-07-08,9,2009,LTGES1325b,1047,664,-1.49,0.0,2457.78,0.1
2024-07-08,9,2252,TR_20f9f91a,680,681,1.37,0.0,750.0,0.2
2024-07-08,9,469,LTGES0324a,790,791,8.52,0.0,2457.78,0.3
2024-07-08,9,245,LTGES0174,213,169,157.09,0.0,1228.89,12.8
2024-07-08,9,521,LTGES0362a,807,325,35.21,0.0,3686.67,1.0
2024-07-08,9,399,LTGES0272,285,284,-76.92,0.0,1228.89,6.3
2024-07-08,9,487,LTGES0337,315,795,17.29,0.0,1228.89,1.4
2024-07-08,9,2073,LTGES1372b,658,88,-3.26,0.0,2457.78,0.1
2024-07-08,9,658,LTGES0455,378,266,-301.02,0.0,1228.89,24.5
2024-07-08,9,268,LTGES0195a,48,3,-108.67,0.0,2457.78,4.4
2024-07-08,9,702,LTGES0481,401,402,-311.91,0.0,1228.89,25.4
2024-07-08,9,970,LTGES0650b,904,31,-1011.32,0.0,13406.07,7.5
2024-07-08,9,2154,LTGES1434,1167,1,-54.45,0.0,1228.89,4.4
2024-07-08,9,1618,LTGES1066,24,296,-69.33,0.0,1228.89,5.6
2024-07-08,9,577,LTGES0400,825,339,156.2,0.0,1228.89,12.7
2024-07-08,9,776,LTGES0537,425,431,-206.51,0.0,1228.89,16.8
2024-07-08,9,829,LTGES0563c,732,874,-0.41,0.0,4915.56,0.0
2024-07-08,9,1091,LTGES0720a,928,501,50.72,0.0,2457.78,2.1
2024-07-08,9,1426,LTGES0937,1009,1008,-62.72,0.0,1228.89,5.1
2024-07-08,9,1047,LTGES0691,489,490,-543.67,0.0,1228.89,44.2
2024-07-08,9,379,LTGES0258b,74,771,-46.76,0.0,8937.38,0.5
2024-07-08,9,187,LTGES0137,875,743,-171.23,0.0,4468.69,3.8
2024-07-08,9,1437,LTGES0944b,1082,1010,27.86,0.0,8937.38,0.3
2024-07-08,9,1010,LTGES0672a,147,143,1453.16,0.0,8937.38,16.3
2024-07-08,9,2146,LTGES1426b,674,117,-224.37,0.0,2457.78,9.1
2024-07-08,9,261,LTGES0188,226,4,-128.96,0.0,4468.69,2.9
2024-07-08,9,938,LTGES0630a,898,296,359.58,0.0,2457.78,14.6
2024-07-08,9,1544,LTGES1016a,600,436,-4.79,0.0,2457.78,0.2
2024-07-08,9,2036,LTGES1342,1197,525,386.57,0.0,1228.89,31.5
2024-07-08,9,1218,LTGES0800b,177,527,-237.52,0.0,2457.78,9.7
2024-07-08,9,486,LTGES0336,1041,1165,-114.07,0.0,1228.89,9.3
2024-07-08,9,107,LTGES0074,55,688,257.39,0.0,4468.69,5.8
2024-07-08,9,2217,TR_317465d6,88,89,-124.45,0.0,750.0,16.6
2024-07-08,9,102,LTGES0069b,105,874,-115.11,0.0,2457.78,4.7
2024-07-08,9,69,LTGES0046b,698,78,254.5,0.0,2457.78,10.4
2024-07-08,9,2020,LTGES1332a,501,924,-1.84,0.0,3686.67,0.0
2024-07-08,9,282,LTGES0205b,747,5,-18.57,0.0,2457.78,0.8
2024-07-08,9,1278,LTGES0841,302,782,117.97,0.0,1228.89,9.6
2024-07-08,9,874,LTGES0592,885,459,17.03,0.0,1228.89,1.4
2024-07-08,9,1769,LTGES1163,198,629,-62.16,0.0,1228.89,5.1
2024-07-08,9,634,LTGES0439b,248,122,1534.91,0.0,8937.38,17.2
2024-07-08,9,1041,LTGES0687b,918,917,11.84,0.0,2457.78,0.5
2024-07-08,9,1156,LTGES0761b,127,242,-158.45,0.0,2457.78,6.4
2024-07-08,9,741,LTGES0510,718,404,-242.64,0.0,1228.89,19.7
2024-07-08,9,13,LTGES0009a,14,17,-1518.73,0.0,8937.38,17.0
2024-07-08,9,895,LTGES0605a,465,81,-65.55,0.0,2457.78,2.7
2024-07-08,9,2234,TR_089a759d,30,31,-52.07,0.0,500.0,10.4
2024-07-08,9,1332,LTGES0877,224,220,-115.97,0.0,1228.89,9.4
2024-07-08,9,2264,TR_2cf031ef,38,39,-247.66,0.0,1200.0,20.6
2024-07-08,9,1415,LTGES0931a,88,914,22.82,0.0,2457.78,0.9
2024-07-08,9,1053,LTGES0695b,923,922,21.22,0.0,2457.78,0.9
2024-07-08,9,1045,LTGES0689b,399,841,455.79,0.0,2457.78,18.5
2024-07-08,9,1319,LTGES0868b,527,558,20.81,0.0,2457.78,0.8
2024-07-08,9,2116,LTGES1404,671,1226,-145.65,0.0,1228.89,11.9
2024-07-08,9,1165,LTGES0767a,432,420,145.89,0.0,2457.78,5.9
2024-07-08,9,845,LTGES0573a,879,450,20.1,0.0,2457.78,0.8
2024-07-08,9,1606,LTGES1057a,259,232,2.93,0.0,845.93,0.3
2024-07-08,9,38,LTGES0024,44,27,-94.29,0.0,1228.89,7.7
2024-07-08,9,957,LTGES0641a,902,474,270.56,0.0,2457.78,11.0
2024-07-08,9,1454,LTGES0955a,993,568,40.1,0.0,17874.76,0.2
2024-07-08,9,2085,LTGES1381b,702,105,-35.99,0.0,2457.78,1.5
2024-07-08,9,188,LTGES0138a,170,101,25.09,0.0,2457.78,1.0
2024-07-08,9,199,LTGES0144,160,174,22.52,0.0,4468.69,0.5
2024-07-08,9,1980,LTGES1303a,1174,332,-44.81,0.0,2457.78,1.8
2024-07-08,9,697,LTGES0477b,840,393,2.62,0.0,2457.78,0.1
2024-07-08,9,763,LTGES0528a,17,36,-1750.97,0.0,8937.38,19.6
2024-07-08,9,1999,LTGES1319a,97,1187,90.87,0.0,2457.78,3.7
2024-07-08,9,66,LTGES0044,692,766,-17.16,0.0,1228.89,1.4
2024-07-08,9,2032,LTGES1339a,321,1126,-14.76,0.0,8937.38,0.2
2024-07-08,9,468,LTGES0323b,782,786,-196.58,0.0,2457.78,8.0
2024-07-08,9,1250,LTGES0822a,8,968,72.88,0.0,2457.78,3.0
2024-07-08,9,1692,LTGES1117a,24,1087,359.63,0.0,2457.78,14.6
2024-07-08,9,2018,LTGES1330,767,925,-140.82,0.0,1228.89,11.5
2024-07-08,9,548,LTGES0380b,818,816,-26.44,0.0,2457.78,1.1
2024-07-08,9,477,LTGES0329b,762,764,-14.04,0.0,2457.78,0.6
2024-07-08,9,1680,LTGES1110,623,301,-5.91,0.0,1228.89,0.5
2024-07-08,9,1576,LTGES1037a,77,244,20.23,0.0,1268.9,1.6
2024-07-08,9,388,LTGES0263,276,773,161.14,0.0,1228.89,13.1
2024-07-08,9,2177,TR_72a9d275,125,126,-165.71,0.0,2362.5,7.0
2024-07-08,9,729,LTGES0502a,382,414,26.9,0.0,2457.78,1.1
2024-07-08,9,762,LTGES0527,428,46,-157.65,0.0,4468.69,3.5
2024-07-08,9,402,LTGES0275,287,285,-78.98,0.0,1228.89,6.4
2024-07-08,9,236,LTGES0168a,206,202,-211.36,0.0,2457.78,8.6
2024-07-08,9,764,LTGES0528b,17,36,-1750.97,0.0,8937.38,19.6
2024-07-08,9,564,LTGES0389a,822,8,203.58,0.0,2457.78,8.3
2024-07-08,9,698,LTGES0478a,395,399,449.33,0.0,2457.78,18.3
2024-07-08,9,2140,LTGES1422b,447,1235,-216.04,0.0,8937.38,2.4
2024-07-08,9,1866,LTGES1225,804,322,0.0,0.0,1228.89,0.0
2024-07-08,9,1408,LTGES0926a,1001,571,-0.72,0.0,2457.78,0.0
2024-07-08,9,1376,LTGES0905a,771,567,76.55,0.0,8937.38,0.9
2024-07-08,9,814,LTGES0556a,446,868,-110.35,0.0,2457.78,4.5
2024-07-08,9,1831,LTGES1205b,636,1098,-84.66,0.0,8937.38,0.9
2024-07-08,9,578,LTGES0401,342,339,8.72,0.0,1228.89,0.7
2024-07-08,9,451,LTGES0310b,677,309,71.37,0.0,2457.78,2.9
2024-07-08,9,2170,LTGES1446b,1236,394,-45.1,0.0,8937.38,0.5
2024-07-08,9,1483,LTGES0974a,291,293,-36.35,0.0,2457.78,1.5
2024-07-08,9,115,LTGES0081,114,116,38.18,0.0,1228.89,3.1
2024-07-08,9,1647,LTGES1086b,514,614,81.52,0.0,2457.78,3.3
2024-07-08,9,1548,LTGES1018a,51,601,14.42,0.0,2457.78,0.6
2024-07-08,9,1519,LTGES1000,1025,138,-222.21,0.0,1228.89,18.1
2024-07-08,9,351,LTGES0240c,260,263,16.55,0.0,4915.56,0.3
2024-07-08,9,866,LTGES0587b,883,772,1606.65,0.0,8937.38,18.0
2024-07-08,9,960,LTGES0643a,474,1079,237.81,0.0,2457.78,9.7
2024-07-08,9,339,LTGES0235a,258,758,169.83,0.0,2457.78,6.9
2024-07-08,9,1097,LTGES0724b,92,931,-172.22,0.0,8937.38,1.9
2024-07-08,9,674,LTGES0464b,835,836,54.14,0.0,2457.78,2.2
2024-07-08,9,1479,LTGES0971b,45,1017,110.03,0.0,2457.78,4.5
2024-07-08,9,609,LTGES0424a,830,354,4.76,0.0,2457.78,0.2
2024-07-08,9,2244,TR_6b7707a8,598,599,-22.84,0.0,500.0,4.6
2024-07-08,9,1850,LTGES1214a,946,990,525.26,0.0,8937.38,5.9
2024-07-08,9,2152,LTGES1432,1202,1004,-111.7,0.0,1228.89,9.1
2024-07-08,9,1072,LTGES0709a,926,500,-103.88,0.0,2457.78,4.2
2024-07-08,9,1801,LTGES1183b,90,697,13.98,0.0,1268.9,1.1
2024-07-08,9,1015,LTGES0673d,910,912,-36.32,0.0,17874.76,0.2
2024-07-08,9,1487,LTGES0977,1019,583,-58.42,0.0,1228.89,4.8
2024-07-08,9,370,LTGES0253c,271,273,98.96,0.0,17874.76,0.6
2024-07-08,9,206,LTGES0149a,182,727,-238.47,0.0,2457.78,9.7
2024-07-08,9,595,LTGES0411b,827,346,50.83,0.0,8937.38,0.6
2024-07-08,9,279,LTGES0204a,5,230,167.45,0.0,2457.78,6.8
2024-07-08,9,2108,LTGES1397,301,1084,-85.32,0.0,1228.89,6.9
2024-07-08,9,2187,TR_3cdb5cac,159,160,-36.64,0.0,750.0,4.9
2024-07-08,9,1224,LTGES0803b,150,528,-2.89,0.0,8937.38,0.0
2024-07-08,9,1597,LTGES1052a,467,479,50.26,0.0,2457.78,2.0
2024-07-08,9,801,LTGES0550a,441,266,-264.64,0.0,2457.78,10.8
2024-07-08,9,1133,LTGES0747b,932,940,35.64,0.0,2457.78,1.5
2024-07-08,9,581,LTGES0404,337,335,50.86,0.0,1228.89,4.1
2024-07-08,9,1420,LTGES0934b,786,123,-48.69,0.0,4915.56,1.0
2024-07-08,9,754,LTGES0521,1113,26,-81.21,0.0,1228.89,6.6
2024-07-08,9,259,LTGES0187a,224,738,5.17,0.0,2457.78,0.2
2024-07-08,9,1668,LTGES1101a,493,491,-81.38,0.0,2457.78,3.3
2024-07-08,9,129,LTGES0091,127,131,68.97,0.0,1228.89,5.6
2024-07-08,9,1809,LTGES1188a,154,714,-139.16,0.0,8937.38,1.6
2024-07-08,9,1728,LTGES1137b,714,162,193.92,0.0,8937.38,2.2
2024-07-08,9,684,LTGES0470a,837,393,27.64,0.0,2457.78,1.1
2024-07-08,9,430,LTGES0296a,785,700,55.05,0.0,2457.78,2.2
2024-07-08,9,1512,LTGES0994b,1024,1023,-35.8,0.0,2457.78,1.5
2024-07-08,9,1857,LTGES1219,1055,970,-146.25,0.0,1256.82,11.6
2024-07-08,9,853,LTGES0577b,210,880,12.98,0.0,2457.78,0.5
2024-07-08,9,207,LTGES0149b,182,727,-238.47,0.0,2457.78,9.7
2024-07-08,9,1131,LTGES0746,932,510,168.39,0.0,1228.89,13.7
2024-07-08,9,47,LTGES0029b,51,52,7.92,0.0,2457.78,0.3
2024-07-08,9,2341,TR_da0a8bbb,202,203,-1234.35,0.0,3750.0,32.9
2024-07-08,9,917,LTGES0618a,892,465,-65.98,0.0,2457.78,2.7
2024-07-08,9,2323,TR_e8bfe4d3,259,260,7.78,0.0,750.0,1.0
2024-07-08,9,2193,TR_ec3a7de9,34,35,609.06,0.0,1875.0,32.5
2024-07-08,9,2233,TR_09234ca6,28,29,-54.63,0.0,500.0,10.9
2024-07-08,9,1323,LTGES0871a,526,727,240.55,0.0,2457.78,9.8
2024-07-08,9,216,LTGES0154a,188,189,110.14,0.0,2457.78,4.5
2024-07-08,9,1058,LTGES0700,193,495,-562.36,0.0,4468.69,12.6
2024-07-08,9,1883,LTGES1235a,448,621,-49.22,0.0,2457.78,2.0
2024-07-08,9,511,LTGES0355,805,243,-0.0,0.0,4468.69,0.0
2024-07-08,9,1261,LTGES0829,971,541,183.52,0.0,1228.89,14.9
2024-07-08,9,238,LTGES0169a,208,203,288.94,0.0,8937.38,3.2
2024-07-08,9,209,LTGES0150b,182,742,32.4,0.0,2457.78,1.3
2024-07-08,9,959,LTGES0642,341,1151,-68.59,0.0,1228.89,5.6
2024-07-08,9,2167,LTGES1445a,283,676,-163.87,0.0,2457.78,6.7
2024-07-08,9,1283,LTGES0844b,548,547,88.6,0.0,8937.38,1.0
2024-07-08,9,1482,LTGES0973,1018,45,-138.55,0.0,1228.89,11.3
2024-07-08,9,2124,LTGES1411a,69,403,-1070.38,0.0,8937.38,12.0
2024-07-08,9,1787,LTGES1177b,254,247,-129.04,0.0,2457.78,5.3
2024-07-08,9,941,LTGES0631b,897,898,-25.36,0.0,2457.78,1.0
2024-07-08,9,1410,LTGES0927,571,560,-214.95,0.0,1228.89,17.5
2024-07-08,9,1441,LTGES0947,1012,292,-4.99,0.0,4468.69,0.1
2024-07-08,9,979,LTGES0653c,677,142,-15.32,0.0,3686.67,0.4
2024-07-08,9,1291,LTGES0850b,170,552,-61.31,0.0,2457.78,2.5
2024-07-08,9,1240,LTGES0814,963,530,58.73,0.0,1228.89,4.8
2024-07-08,9,1129,LTGES0745a,505,939,11.24,0.0,2457.78,0.5
2024-07-08,9,343,LTGES0237a,758,260,82.06,0.0,2457.78,3.3
2024-07-08,9,222,LTGES0159a,56,127,-205.37,0.0,2457.78,8.4
2024-07-08,9,2103,LTGES1392c,1141,237,-157.43,0.0,17874.76,0.9
2024-07-08,9,1201,LTGES0792a,390,359,-82.05,0.0,8937.38,0.9
2024-07-08,9,608,LTGES0423,353,830,320.6,0.0,1228.89,26.1
2024-07-08,9,158,LTGES0116,744,151,-1.89,0.0,1228.89,0.2
2024-07-08,9,60,LTGES0040b,67,68,-1846.34,0.0,8937.38,20.7
2024-07-08,9,1524,LTGES1004,591,1035,15.28,0.0,1228.89,1.2
2024-07-08,9,229,LTGES0164,717,201,82.2,0.0,1228.89,6.7
2024-07-08,9,661,LTGES0457b,382,384,-16.05,0.0,2457.78,0.7
2024-07-08,9,2231,TR_5e46f309,222,223,-204.83,0.0,1875.0,10.9
2024-07-08,9,766,LTGES0529b,429,124,-528.56,0.0,8937.38,5.9
2024-07-08,9,587,LTGES0407b,346,347,-667.48,0.0,8937.38,7.5
2024-07-08,9,1571,LTGES1034,1037,1038,-9.57,0.0,1228.89,0.8
2024-07-08,9,11,LTGES0007,680,16,-249.8,0.0,1228.89,20.3
2024-07-08,9,2293,TR_b4c6d83c,299,300,-90.71,0.0,750.0,12.1
2024-07-08,9,2082,LTGES1380a,768,274,-2.75,0.0,8937.38,0.0
2024-07-08,9,540,LTGES0375b,9,334,40.12,0.0,8937.38,0.4
2024-07-08,9,978,LTGES0653b,677,142,-15.32,0.0,3686.67,0.4
2024-07-08,9,483,LTGES0333,314,793,-32.18,0.0,1228.89,2.6
2024-07-08,9,1944,LTGES1272a,645,327,-769.85,0.0,8937.38,8.6
2024-07-08,9,1701,LTGES1120d,1,626,3.19,0.0,4915.56,0.1
2024-07-08,9,277,LTGES0202,703,741,92.17,0.0,4468.69,2.1
2024-07-08,9,1895,LTGES1243a,1078,620,-178.67,0.0,8937.38,2.0
2024-07-08,9,398,LTGES0271,284,282,-136.94,0.0,1228.89,11.1
2024-07-08,9,1819,LTGES1195,125,541,-64.05,0.0,1228.89,5.2
2024-07-08,9,1302,LTGES0858a,209,556,-68.88,0.0,2457.78,2.8
2024-07-08,9,331,LTGES0231a,254,114,304.43,0.0,2457.78,12.4
2024-07-08,9,1472,LTGES0966,575,685,-154.48,0.0,1228.89,12.6
2024-07-08,9,2250,TR_3af63bd6,677,678,-50.81,0.0,750.0,6.8
2024-07-08,9,1289,LTGES0849b,553,980,51.91,0.0,2457.78,2.1
2024-07-08,9,627,LTGES0435b,241,832,-193.38,0.0,8937.38,2.2
2024-07-08,9,851,LTGES0576b,451,452,-115.28,0.0,2457.78,4.7
2024-07-08,9,1623,LTGES1070,76,1060,-137.83,0.0,4468.69,3.1
2024-07-08,9,769,LTGES0531b,70,862,125.85,0.0,2457.78,5.1
2024-07-08,9,2150,LTGES1430,1032,108,-0.46,0.0,1228.89,0.0
2024-07-08,9,1716,LTGES1129b,742,184,29.34,0.0,2457.78,1.2
2024-07-08,9,1003,LTGES0668,481,908,402.37,0.0,1228.89,32.7
2024-07-08,9,95,LTGES0065b,769,38,0.16,0.0,2457.78,0.0
2024-07-08,9,1614,LTGES1064a,24,296,-209.6,0.0,2457.78,8.5
2024-07-08,9,1349,LTGES0890a,973,975,41.1,0.0,8937.38,0.5
2024-07-08,9,1366,LTGES0897,860,565,-47.6,0.0,1228.89,3.9
2024-07-08,9,1971,LTGES1296,1159,660,-0.25,0.0,1228.89,0.0
2024-07-08,9,1152,LTGES0759b,91,945,101.84,0.0,2457.78,4.1
2024-07-08,9,2268,TR_871b5827,190,191,157.18,0.0,1200.0,13.1
2024-07-08,9,294,LTGES0212a,751,261,71.37,0.0,8937.38,0.8
2024-07-08,9,2024,LTGES1334a,1220,1186,-34.97,0.0,2457.78,1.4
2024-07-08,9,1213,LTGES0797d,181,726,-3.85,0.0,17874.76,0.0
2024-07-08,9,965,LTGES0648a,31,29,-629.87,0.0,8937.38,7.0
2024-07-08,9,1269,LTGES0835a,543,978,0.38,0.0,2457.78,0.0
2024-07-08,9,2050,LTGES1355,1204,328,720.89,0.0,4468.69,16.1
2024-07-08,9,153,LTGES0113b,142,144,-127.69,0.0,2457.78,5.2
2024-07-08,9,1471,LTGES0965,582,575,-83.81,0.0,1228.89,6.8
2024-07-08,9,2052,LTGES1357,1065,1219,62.96,0.0,1228.89,5.1
2024-07-08,9,464,LTGES0321b,788,311,-0.71,0.0,2457.78,0.0
2024-07-08,9,1683,LTGES1112a,624,1111,-11.97,0.0,2457.78,0.5
2024-07-08,9,2045,LTGES1349,1200,664,-20.17,0.0,1228.89,1.6
2024-07-08,9,1859,LTGES1220b,464,63,51.49,0.0,2457.78,2.1
2024-07-08,9,557,LTGES0386a,823,814,71.3,0.0,2457.78,2.9
2024-07-08,9,967,LTGES0649a,30,28,49.46,0.0,2457.78,2.0
2024-07-08,9,299,LTGES0216a,238,239,-825.0,0.0,8937.38,9.2
2024-07-08,9,159,LTGES0117,995,152,-1.06,0.0,1228.89,0.1
2024-07-08,9,1948,LTGES1275,1154,655,13.98,0.0,1228.89,1.1
2024-07-08,9,844,LTGES0572b,434,863,14.52,0.0,2457.78,0.6
2024-07-08,9,1101,LTGES0727,938,91,408.71,0.0,1228.89,33.3
2024-07-08,9,536,LTGES0373b,819,823,204.93,0.0,2457.78,8.3
2024-07-08,9,1150,LTGES0758,400,944,12.76,0.0,1228.89,1.0
2024-07-08,9,1834,LTGES1207a,638,1131,6.88,0.0,17874.76,0.0
2024-07-08,9,931,LTGES0625b,13,682,47.83,0.0,2457.78,1.9
2024-07-08,9,842,LTGES0571,743,4,735.43,0.0,4468.69,16.5
2024-07-08,9,223,LTGES0159b,56,127,-205.37,0.0,2457.78,8.4
2024-07-08,9,1488,LTGES0978a,1019,584,-29.46,0.0,2457.78,1.2
2024-07-08,9,1219,LTGES0801a,527,958,-35.05,0.0,2457.78,1.4
2024-07-08,9,531,LTGES0370a,330,812,0.88,0.0,2457.78,0.0
2024-07-08,9,817,LTGES0557b,868,865,-211.78,0.0,2457.78,8.6
2024-07-08,9,1087,LTGES0717a,500,927,-169.38,0.0,2457.78,6.9
2024-07-08,9,2064,LTGES1363b,71,429,-524.32,0.0,8937.38,5.9
2024-07-08,9,26,LTGES0016a,296,24,201.25,0.0,2457.78,8.2
2024-07-08,9,952,LTGES0638b,901,34,14.3,0.0,2457.78,0.6
2024-07-08,9,1996,LTGES1316b,566,1183,27.56,0.0,2457.78,1.1
2024-07-08,9,989,LTGES0659b,31,200,-348.71,0.0,8937.38,3.9
2024-07-08,9,1139,LTGES0751,942,840,66.13,0.0,1228.89,5.4
2024-07-08,9,230,LTGES0165a,203,53,175.35,0.0,8937.38,2.0
2024-07-08,9,1191,LTGES0780b,203,211,127.27,0.0,8937.38,1.4
2024-07-08,9,1725,LTGES1136a,1075,617,-0.01,0.0,2457.78,0.0
2024-07-08,9,2138,LTGES1421b,1148,870,85.82,0.0,8937.38,1.0
2024-07-08,9,394,LTGES0268,276,884,0.57,0.0,1228.89,0.0
2024-07-08,9,258,LTGES0186,221,43,-251.57,0.0,4468.69,5.6
2024-07-08,9,328,LTGES0229b,251,754,-4.51,0.0,845.93,0.5
2024-07-08,9,1029,LTGES0680,1003,54,-1.57,0.0,1228.89,0.1
2024-07-08,9,666,LTGES0460,386,388,-183.17,0.0,1228.89,14.9
2024-07-08,9,149,LTGES0111b,140,141,63.25,0.0,2457.78,2.6
2024-07-08,9,773,LTGES0534b,70,431,15.36,0.0,2457.78,0.6
2024-07-08,9,1645,LTGES1085b,613,501,-29.14,0.0,2457.78,1.2
2024-07-08,9,1620,LTGES1067b,76,1061,-5.79,0.0,8937.38,0.1
2024-07-08,9,1579,LTGES1038,319,1223,28.55,0.0,1228.89,2.3
2024-07-08,9,122,LTGES0085b,116,117,67.2,0.0,2457.78,2.7
2024-07-08,9,302,LTGES0217b,239,753,279.09,0.0,8937.38,3.1
2024-07-08,9,2297,TR_ad3ea85c,81,82,-138.97,0.0,750.0,18.5
2024-07-08,9,2279,TR_71f49079,572,573,-327.95,0.0,1200.0,27.3
2024-07-08,9,1926,LTGES1261b,1150,166,-11.88,0.0,2457.78,0.5
2024-07-08,9,1772,LTGES1166a,1104,1102,46.07,0.0,2457.78,1.9
2024-07-08,9,175,LTGES0128b,1043,898,425.53,0.0,2457.78,17.3
2024-07-08,9,1413,LTGES0929b,1002,551,-2.81,0.0,2457.78,0.1
2024-07-08,9,1328,LTGES0875a,562,479,-33.39,0.0,2457.78,1.4
2024-07-08,9,143,LTGES0107,54,1127,112.58,0.0,1228.89,9.2
2024-07-08,9,1252,LTGES0823a,968,189,-182.81,0.0,2457.78,7.4
2024-07-08,9,1086,LTGES0716b,927,177,-226.72,0.0,2457.78,9.2
2024-07-08,9,1740,LTGES1145,778,290,106.58,0.0,4468.69,2.4
2024-07-08,9,501,LTGES0348,243,128,2662.77,0.0,4468.69,59.6
2024-07-08,9,2046,LTGES1350,1201,490,230.1,0.0,1228.89,18.7
2024-07-08,9,1995,LTGES1316a,566,1183,27.56,0.0,2457.78,1.1
2024-07-08,9,1762,LTGES1158,511,513,202.41,0.0,1228.89,16.5
2024-07-08,9,825,LTGES0562a,419,3,-113.79,0.0,2457.78,4.6
2024-07-08,9,1190,LTGES0780a,203,211,127.27,0.0,8937.38,1.4
2024-07-08,9,2048,LTGES1352,156,1203,-666.77,0.0,4468.69,14.9
2024-07-08,9,2213,TR_2336bf3a,972,973,-35.34,0.0,500.0,7.1
2024-07-08,9,318,LTGES0224b,247,250,-66.22,0.0,2457.78,2.7
2024-07-08,9,1421,LTGES0934c,786,123,-48.69,0.0,4915.56,1.0
2024-07-08,9,292,LTGES0211a,758,236,54.41,0.0,2457.78,2.2
2024-07-08,9,1848,LTGES1212b,502,192,-21.71,0.0,2457.78,0.9
2024-07-08,9,20,LTGES0012b,1065,22,-31.02,0.0,2457.78,1.3
2024-07-08,9,2071,LTGES1371,649,650,-37.48,0.0,1228.89,3.0
2024-07-08,9,1193,LTGES0782,523,876,126.29,0.0,1228.89,10.3
2024-07-08,9,708,LTGES0485,843,842,-48.04,0.0,1228.89,3.9
2024-07-08,9,533,LTGES0371,331,326,243.25,0.0,1228.89,19.8
2024-07-08,9,837,LTGES0568a,80,449,4.47,0.0,8937.38,0.1
2024-07-08,9,749,LTGES0517,1211,856,-17.44,0.0,1228.89,1.4
2024-07-08,9,1705,LTGES1123a,350,1090,12.32,0.0,8937.38,0.1
2024-07-08,9,1098,LTGES0725a,240,938,239.98,0.0,2457.78,9.8
2024-07-08,9,1733,LTGES1141a,954,993,24.98,0.0,8937.38,0.3
2024-07-08,9,1480,LTGES0972a,45,291,-73.43,0.0,2457.78,3.0
2024-07-08,9,622,LTGES0432b,362,1145,-384.29,0.0,8937.38,4.3
2024-07-08,9,1711,LTGES1127a,713,139,3.33,0.0,2457.78,0.1
2024-07-08,9,1788,LTGES1178a,253,246,-46.67,0.0,845.93,5.5
2024-07-08,9,123,LTGES0086,115,122,-1556.83,0.0,4468.69,34.8
2024-07-08,9,616,LTGES0429a,361,362,-104.46,0.0,8937.38,1.2
2024-07-08,9,2285,TR_023fe59e,167,168,-463.92,0.0,1200.0,38.7
2024-07-08,9,1867,LTGES1226a,618,646,53.04,0.0,2457.78,2.2
2024-07-08,9,1849,LTGES1213,1127,859,86.93,0.0,1228.89,7.1
2024-07-08,9,300,LTGES0216b,238,239,-825.0,0.0,8937.38,9.2
2024-07-08,9,1000,LTGES0666,481,694,-172.92,0.0,1228.89,14.1
2024-07-08,9,2172,LTGES1448,1072,648,-48.35,0.0,1228.89,3.9
2024-07-08,9,1875,LTGES1230b,1136,1139,-70.55,0.0,2457.78,2.9
2024-07-08,9,1794,LTGES1181a,91,698,188.01,0.0,3686.67,5.1
2024-07-08,9,1018,LTGES0674c,909,911,-82.52,0.0,4915.56,1.7
2024-07-08,9,1024,LTGES0677a,903,912,128.28,0.0,8937.38,1.4
2024-07-08,9,1216,LTGES0799b,183,178,219.96,0.0,8937.38,2.5
2024-07-08,9,1992,LTGES1312b,193,663,51.7,0.0,8937.38,0.6
2024-07-08,9,601,LTGES0417,272,1124,-35.03,0.0,1228.89,2.9
2024-07-08,9,1896,LTGES1243b,1078,620,-178.67,0.0,8937.38,2.0
2024-07-08,9,1687,LTGES1114,1053,482,-282.73,0.0,1228.89,23.0
2024-07-08,9,1751,LTGES1152b,602,295,631.05,0.0,2457.78,25.7
2024-07-08,9,1217,LTGES0800a,177,527,-237.52,0.0,2457.78,9.7
2024-07-08,9,1494,LTGES0982b,1021,1020,44.05,0.0,2457.78,1.8
2024-07-08,9,1913,LTGES1253,1137,797,7.84,0.0,1228.89,0.6
2024-07-08,9,1170,LTGES0769b,420,225,118.15,0.0,2457.78,4.8
2024-07-08,9,1511,LTGES0994a,1024,1023,-35.8,0.0,2457.78,1.5
2024-07-08,9,1741,LTGES1146,1095,48,-201.77,0.0,1228.89,16.4
2024-07-08,9,423,LTGES0290,134,952,-1040.65,0.0,4468.69,23.3
2024-07-08,9,317,LTGES0224a,247,250,-66.22,0.0,2457.78,2.7
2024-07-08,9,1274,LTGES0838a,545,161,75.32,0.0,2457.78,3.1
2024-07-08,9,863,LTGES0586a,883,982,-1637.9,0.0,8937.38,18.3
2024-07-08,9,1462,LTGES0958b,580,568,-61.17,0.0,8937.38,0.7
2024-07-08,9,2262,TR_e1d8c398,467,468,-24.32,0.0,1875.0,1.3
2024-07-08,9,316,LTGES0223c,244,120,-11.11,0.0,1268.9,0.9
2024-07-08,9,617,LTGES0429b,361,362,-104.46,0.0,8937.38,1.2
2024-07-08,9,463,LTGES0321a,788,311,-0.71,0.0,2457.78,0.0
2024-07-08,9,1294,LTGES0852b,982,555,3.77,0.0,8937.38,0.0
2024-07-08,9,1458,LTGES0956a,993,46,-78.0,0.0,8937.38,0.9
2024-07-08,9,263,LTGES0190,221,740,-350.67,0.0,4468.69,7.8
2024-07-08,9,1603,LTGES1055b,729,1062,-80.99,0.0,2457.78,3.3
2024-07-08,9,2021,LTGES1332b,501,924,-1.84,0.0,3686.67,0.0
2024-07-08,9,295,LTGES0212b,751,261,71.37,0.0,8937.38,0.8
2024-07-08,9,1038,LTGES0685b,918,487,-752.84,0.0,2457.78,30.6
2024-07-08,9,181,LTGES0133a,21,156,-1673.94,0.0,8937.38,18.7
2024-07-08,9,802,LTGES0550b,441,266,-264.64,0.0,2457.78,10.8
2024-07-08,9,368,LTGES0253a,271,273,98.96,0.0,17874.76,0.6
2024-07-08,9,1987,LTGES1308,1178,661,-0.35,0.0,1228.89,0.0
2024-07-08,9,1016,LTGES0674a,909,911,-82.52,0.0,4915.56,1.7
2024-07-08,9,913,LTGES0615b,466,266,32.07,0.0,2457.78,1.3
2024-07-08,9,386,LTGES0262a,278,773,6.23,0.0,2457.78,0.3
2024-07-08,9,85,LTGES0058a,93,94,68.56,0.0,2457.78,2.8
2024-07-08,9,1782,LTGES1174b,1108,1107,416.0,0.0,3574.95,11.6
2024-07-08,9,568,LTGES0392,338,336,147.91,0.0,1228.89,12.0
2024-07-08,9,1644,LTGES1085a,613,501,-29.14,0.0,2457.78,1.2
2024-07-08,9,309,LTGES0221b,245,121,125.66,0.0,3686.67,3.4
2024-07-08,9,30,LTGES0019a,29,31,564.43,0.0,8937.38,6.3
2024-07-08,9,569,LTGES0393,338,339,-66.77,0.0,1228.89,5.4
2024-07-08,9,1422,LTGES0934d,786,123,-48.69,0.0,4915.56,1.0
2024-07-08,9,1438,LTGES0945,1082,294,6.62,0.0,4468.69,0.1
2024-07-08,9,1060,LTGES0701b,455,497,-216.66,0.0,8937.38,2.4
2024-07-08,9,2002,LTGES1320b,421,1230,-26.44,0.0,2457.78,1.1
2024-07-08,9,1845,LTGES1210b,1131,1129,-40.87,0.0,8937.38,0.5
2024-07-08,9,1391,LTGES0915b,977,724,83.57,0.0,8937.38,0.9
2024-07-08,9,642,LTGES0445a,369,371,4.2,0.0,2457.78,0.2
2024-07-08,9,828,LTGES0563b,732,874,-0.41,0.0,4915.56,0.0
2024-07-08,9,589,LTGES0408b,347,348,-708.85,0.0,8937.38,7.9
2024-07-08,9,1137,LTGES0750a,942,515,-96.24,0.0,2457.78,3.9
2024-07-08,9,1617,LTGES1065b,611,296,-258.85,0.0,2457.78,10.5
2024-07-08,9,1286,LTGES0847,550,551,-198.88,0.0,1228.89,16.2
2024-07-08,9,75,LTGES0050,83,54,220.82,0.0,1228.89,18.0
2024-07-08,9,930,LTGES0625a,13,682,47.83,0.0,2457.78,1.9
2024-07-08,9,1936,LTGES1267b,416,1067,34.25,0.0,2457.78,1.4
2024-07-08,9,1270,LTGES0835b,543,978,0.38,0.0,2457.78,0.0
2024-07-08,9,2176,TR_2ba8192a,123,124,-239.64,0.0,1200.0,20.0
2024-07-08,9,2291,TR_f79c0213,382,383,24.31,0.0,1200.0,2.0
2024-07-08,9,2303,TR_ac797598,247,248,-216.04,0.0,750.0,28.8
2024-07-08,9,2065,LTGES1364a,1207,1119,-12.26,0.0,2457.78,0.5
2024-07-08,9,2211,TR_0f7c87f6,723,724,-41.43,0.0,500.0,8.3
2024-07-08,9,460,LTGES0318,311,312,40.62,0.0,1228.89,3.3
2024-07-08,9,1642,LTGES1084a,612,1086,-5.38,0.0,2457.78,0.2
2024-07-08,9,2000,LTGES1319b,97,1187,90.87,0.0,2457.78,3.7
2024-07-08,9,1207,LTGES0795a,334,35,352.14,0.0,8937.38,3.9
2024-07-08,9,1626,LTGES1072a,170,1157,57.49,0.0,2457.78,2.3
2024-07-08,9,669,LTGES0462a,389,390,-113.53,0.0,8937.38,1.3
2024-07-08,9,1595,LTGES1050,608,396,180.67,0.0,1228.89,14.7
2024-07-08,9,537,LTGES0374a,332,819,116.14,0.0,2457.78,4.7
2024-07-08,9,2294,TR_14c8e677,411,412,65.73,0.0,1200.0,5.5
2024-07-08,9,2077,LTGES1375,1212,602,-100.08,0.0,1228.89,8.1
2024-07-08,9,1500,LTGES0987a,97,531,27.76,0.0,2457.78,1.1
2024-07-08,9,1550,LTGES1019,1030,226,402.05,0.0,4468.69,9.0
2024-07-08,9,1268,LTGES0834,103,997,-24.44,0.0,1228.89,2.0
2024-07-08,9,858,LTGES0582,394,455,-105.04,0.0,4468.69,2.4
2024-07-08,9,2201,TR_565d8e08,715,716,36.35,0.0,500.0,7.3
2024-07-08,9,1873,LTGES1229,960,1152,9.62,0.0,1228.89,0.8
2024-07-08,9,840,LTGES0570a,80,877,11.48,0.0,8937.38,0.1
2024-07-08,9,1651,LTGES1088b,155,157,7.68,0.0,2457.78,0.3
2024-07-08,9,1596,LTGES1051,386,1100,-62.32,0.0,1228.89,5.1
2024-07-08,9,208,LTGES0150a,182,742,32.4,0.0,2457.78,1.3
2024-07-08,9,1790,LTGES1179a,256,258,233.19,0.0,2457.78,9.5
2024-07-08,9,855,LTGES0579,381,453,225.35,0.0,1228.89,18.3
2024-07-08,9,224,LTGES0160,56,112,-107.45,0.0,1228.89,8.7
2024-07-08,9,688,LTGES0472a,839,395,154.47,0.0,2457.78,6.3
2024-07-08,9,1961,LTGES1286,495,176,-486.7,0.0,4468.69,10.9
2024-07-08,9,711,LTGES0488,846,57,41.42,0.0,1228.89,3.4
2024-07-08,9,1442,LTGES0948,294,574,16.28,0.0,4468.69,0.4
2024-07-08,9,797,LTGES0548a,439,442,42.99,0.0,2457.78,1.7
2024-07-08,9,1258,LTGES0827b,1005,313,-43.09,0.0,3686.67,1.2
2024-07-08,9,1257,LTGES0827a,1005,313,-43.09,0.0,3686.67,1.2
2024-07-08,9,1911,LTGES1251b,1148,869,10.23,0.0,8937.38,0.1
2024-07-08,9,867,LTGES0588a,772,457,6.82,0.0,8937.38,0.1
2024-07-08,9,2016,LTGES1329a,149,133,-40.13,0.0,2457.78,1.6
2024-07-08,9,1903,LTGES1247b,871,870,-3.11,0.0,8937.38,0.0
2024-07-08,9,1858,LTGES1220a,464,63,51.49,0.0,2457.78,2.1
2024-07-08,9,1337,LTGES0882a,222,988,1.11,0.0,2457.78,0.0
2024-07-08,9,2102,LTGES1392b,1141,237,-157.43,0.0,17874.76,0.9
2024-07-08,9,738,LTGES0508a,33,19,-1507.32,0.0,8937.38,16.9
2024-07-08,9,1575,LTGES1036c,78,245,151.87,0.0,3686.67,4.1
2024-07-08,9,879,LTGES0595a,886,461,-8.9,0.0,2457.78,0.4
2024-07-08,9,2255,TR_23a069a8,146,147,-152.08,0.0,1875.0,8.1
2024-07-08,9,1099,LTGES0725b,240,938,239.98,0.0,2457.78,9.8
2024-07-08,9,699,LTGES0478b,395,399,449.33,0.0,2457.78,18.3
2024-07-08,9,1829,LTGES1204,636,981,153.76,0.0,4468.69,3.4
2024-07-08,9,687,LTGES0471b,36,1236,-596.53,0.0,8937.38,6.7
2024-07-08,9,1860,LTGES1221,642,131,-20.34,0.0,1228.89,1.7
2024-07-08,9,830,LTGES0563d,732,874,-0.41,0.0,4915.56,0.0
2024-07-08,9,225,LTGES0161,196,197,-175.16,0.0,1228.89,14.3
2024-07-08,9,1586,LTGES1044a,607,1128,81.52,0.0,8937.38,0.9
2024-07-08,9,1732,LTGES1140,964,532,343.81,0.0,1228.89,28.0
2024-07-08,9,1840,LTGES1208c,637,1130,16.15,0.0,4915.56,0.3
2024-07-08,9,1036,LTGES0684b,911,142,-146.89,0.0,2457.78,6.0
2024-07-08,9,1192,LTGES0781,522,451,-216.25,0.0,1228.89,17.6
2024-07-08,9,1526,LTGES1005b,212,592,229.98,0.0,2457.78,9.4
2024-07-08,9,1401,LTGES0920,171,981,-1077.57,0.0,4468.69,24.1
2024-07-08,9,161,LTGES0119,157,155,-3.26,0.0,1228.89,0.3
2024-07-08,9,692,LTGES0474a,839,397,1.29,0.0,2457.78,0.1
2024-07-08,9,712,LTGES0489,405,846,127.15,0.0,1228.89,10.3
2024-07-08,9,1327,LTGES0874,1000,560,-1.82,0.0,1228.89,0.1
2024-07-08,9,1925,LTGES1261a,1150,166,-11.88,0.0,2457.78,0.5
2024-07-08,9,1430,LTGES0940a,1092,531,-51.63,0.0,2457.78,2.1
2024-07-08,9,1833,LTGES1206b,1128,1129,66.06,0.0,8937.38,0.7
2024-07-08,9,2114,LTGES1402,667,1225,-56.63,0.0,1228.89,4.6
2024-07-08,9,142,LTGES0106,54,60,107.6,0.0,1228.89,8.8
2024-07-08,9,2261,TR_9e0dda04,13,14,-100.88,0.0,1875.0,5.4
2024-07-08,9,637,LTGES0442,366,833,-72.65,0.0,1228.89,5.9
2024-07-08,9,1465,LTGES0960b,852,581,9.68,0.0,2457.78,0.4
2024-07-08,9,2145,LTGES1426a,674,117,-224.37,0.0,2457.78,9.1
2024-07-08,9,995,LTGES0663a,905,50,917.29,0.0,8937.38,10.3
2024-07-08,9,1599,LTGES1053,142,1053,-265.8,0.0,1228.89,21.6
2024-07-08,9,1359,LTGES0895b,562,564,151.22,0.0,4915.56,3.1
2024-07-08,9,968,LTGES0649b,30,28,49.46,0.0,2457.78,2.0
2024-07-08,9,432,LTGES0297,306,1040,2.77,0.0,1228.89,0.2
2024-07-08,9,1972,LTGES1297a,660,411,35.87,0.0,2457.78,1.5
2024-07-08,9,113,LTGES0079,112,54,230.81,0.0,1228.89,18.8
2024-07-08,9,492,LTGES0341a,795,794,3.46,0.0,2457.78,0.1
2024-07-08,9,445,LTGES0306,49,696,144.35,0.0,1228.89,11.7
2024-07-08,9,322,LTGES0226b,250,252,-82.87,0.0,2457.78,3.4
2024-07-08,9,2277,TR_df0fbfc7,135,136,-135.88,0.0,750.0,18.1
2024-07-08,9,1988,LTGES1309,131,662,-4.53,0.0,1228.89,0.4
2024-07-08,9,269,LTGES0195b,48,3,-108.67,0.0,2457.78,4.4
2024-07-08,9,1380,LTGES0907a,971,538,11.66,0.0,2457.78,0.5
2024-07-08,9,588,LTGES0408a,347,348,-708.85,0.0,8937.38,7.9
2024-07-08,9,555,LTGES0385a,335,821,27.5,0.0,2457.78,1.1
2024-07-08,9,1281,LTGES0843b,979,547,18.09,0.0,8937.38,0.2
2024-07-08,9,892,LTGES0604a,280,892,109.88,0.0,3686.67,3.0
2024-07-08,9,1111,LTGES0734,934,355,-496.25,0.0,1228.89,40.4
2024-07-08,9,2292,TR_fa8d5caa,279,280,-36.73,0.0,500.0,7.3
2024-07-08,9,794,LTGES0546b,439,441,-68.84,0.0,2457.78,2.8
2024-07-08,9,663,LTGES0458b,385,386,-120.01,0.0,2457.78,4.9
2024-07-08,9,1315,LTGES0866,986,1184,1.67,0.0,1228.89,0.1
2024-07-08,9,2240,TR_9238fc7c,199,200,-33.95,0.0,500.0,6.8
2024-07-08,9,1326,LTGES0873,560,153,-108.83,0.0,1228.89,8.9
2024-07-08,9,873,LTGES0591b,459,460,11.78,0.0,2457.78,0.5
2024-07-08,9,628,LTGES0436a,240,831,35.92,0.0,2457.78,1.5
2024-07-08,9,171,LTGES0126b,165,899,589.25,0.0,2457.78,24.0
2024-07-08,9,1764,LTGES1159b,513,941,1.8,0.0,2457.78,0.1
2024-07-08,9,653,LTGES0452a,208,743,478.34,0.0,8937.38,5.4
2024-07-08,9,1154,LTGES0760b,127,242,-164.12,0.0,2457.78,6.7
2024-07-08,9,345,LTGES0238a,757,259,27.21,0.0,845.93,3.2
2024-07-08,9,646,LTGES0447a,369,833,16.0,0.0,2457.78,0.7
2024-07-08,9,1904,LTGES1248a,871,870,-3.11,0.0,8937.38,0.0
2024-07-08,9,1505,LTGES0989b,586,417,13.77,0.0,2457.78,0.6
2024-07-08,9,319,LTGES0225a,246,249,-21.47,0.0,845.93,2.5
2024-07-08,9,502,LTGES0349a,802,112,200.35,0.0,2457.78,8.2
2024-07-08,9,758,LTGES0524a,857,424,-4.03,0.0,2457.78,0.2
2024-07-08,9,478,LTGES0330a,766,270,5.37,0.0,2457.78,0.2
2024-07-08,9,312,LTGES0222b,244,120,-11.11,0.0,1268.9,0.9
2024-07-08,9,1551,LTGES1020a,602,488,-696.37,0.0,2457.78,28.3
2024-07-08,9,748,LTGES0516,421,325,-174.91,0.0,1228.89,14.2
2024-07-08,9,2105,LTGES1393,849,382,45.99,0.0,1228.89,3.7
2024-07-08,9,567,LTGES0391,822,814,22.26,0.0,1228.89,1.8
2024-07-08,9,1055,LTGES0697,923,492,-146.37,0.0,1228.89,11.9
2024-07-08,9,831,LTGES0564,873,106,-19.2,0.0,1228.89,1.6
2024-07-08,9,67,LTGES0045,75,76,-483.33,0.0,4468.69,10.8
2024-07-08,9,2120,LTGES1408,672,673,-41.98,0.0,1228.89,3.4
2024-07-08,9,621,LTGES0432a,362,1145,-384.29,0.0,8937.38,4.3
2024-07-08,9,344,LTGES0237b,758,260,82.06,0.0,2457.78,3.3
2024-07-08,9,1739,LTGES1144b,939,512,-8.67,0.0,2457.78,0.4
2024-07-08,9,1414,LTGES0930,560,570,-108.63,0.0,1228.89,8.8
2024-07-08,9,1638,LTGES1080a,22,611,-185.86,0.0,2457.78,7.6
2024-07-08,9,535,LTGES0373a,819,823,204.93,0.0,2457.78,8.3
2024-07-08,9,1456,LTGES0955c,993,568,40.1,0.0,17874.76,0.2
2024-07-08,9,1523,LTGES1003b,1027,1028,-509.49,0.0,2457.78,20.7
2024-07-08,9,452,LTGES0311,126,162,227.74,0.0,4468.69,5.1
2024-07-08,9,2081,LTGES1379,131,324,-95.07,0.0,1228.89,7.7
2024-07-08,9,2258,TR_7fb6d213,482,483,-24.25,0.0,750.0,3.2
2024-07-08,9,639,LTGES0443b,205,80,-1404.23,0.0,8937.38,15.7
2024-07-08,9,109,LTGES0076,55,41,185.32,0.0,4468.69,4.1
2024-07-08,9,320,LTGES0225b,246,249,-21.47,0.0,845.93,2.5
2024-07-08,9,1119,LTGES0739,364,937,252.29,0.0,1228.89,20.5
2024-07-08,9,217,LTGES0154b,188,189,110.14,0.0,2457.78,4.5
2024-07-08,9,1187,LTGES0778a,870,12,144.0,0.0,8937.38,1.6
2024-07-08,9,1789,LTGES1178b,253,246,-46.67,0.0,845.93,5.5
2024-07-08,9,1063,LTGES0703a,497,7,-252.26,0.0,8937.38,2.8
2024-07-08,9,821,LTGES0560a,702,11,-164.65,0.0,2457.78,6.7
2024-07-08,9,2272,TR_4422f4c8,388,389,2268.21,0.0,7500.0,30.2
2024-07-08,9,2023,LTGES1333,43,37,402.18,0.0,4468.69,9.0
2024-07-08,9,2316,TR_5dccfcf1,113,114,-10.89,0.0,500.0,2.2
2024-07-08,9,2194,TR_30aa9055,170,171,-42.54,0.0,500.0,8.5
2024-07-08,9,1698,LTGES1120a,1,626,3.19,0.0,4915.56,0.1
2024-07-08,9,1341,LTGES0884,269,770,-12.4,0.0,4468.69,0.3
2024-07-08,9,2256,TR_6fc17258,561,562,-0.5,0.0,500.0,0.1
2024-07-08,9,1726,LTGES1136b,1075,617,-0.01,0.0,2457.78,0.0
2024-07-08,9,1960,LTGES1285,393,398,-3.56,0.0,1228.89,0.3
2024-07-08,9,1891,LTGES1240,273,1144,-96.57,0.0,4468.69,2.2
2024-07-08,9,933,LTGES0627,682,471,99.02,0.0,1228.89,8.1
2024-07-08,9,2040,LTGES1345b,460,665,23.71,0.0,2457.78,1.0
2024-07-08,9,760,LTGES0525,45,427,53.99,0.0,1228.89,4.4
2024-07-08,9,1478,LTGES0971a,45,1017,110.03,0.0,2457.78,4.5
2024-07-08,9,1300,LTGES0856,950,523,185.3,0.0,1228.89,15.1
2024-07-08,9,1621,LTGES1068,359,1060,-167.55,0.0,4468.69,3.7
2024-07-08,9,789,LTGES0544a,865,864,20.28,0.0,2457.78,0.8
2024-07-08,9,1600,LTGES1054a,1052,140,-26.15,0.0,2457.78,1.1
2024-07-08,9,1640,LTGES1081,789,790,41.28,0.0,1228.89,3.4
2024-07-08,9,820,LTGES0559b,1214,702,-161.47,0.0,2457.78,6.6
2024-07-08,9,1517,LTGES0998,1026,590,-21.9,0.0,1228.89,1.8
2024-07-08,9,1853,LTGES1216a,1134,639,-112.2,0.0,2457.78,4.6
2024-07-08,9,765,LTGES0529a,429,124,-528.56,0.0,8937.38,5.9
2024-07-08,9,1689,LTGES1115b,22,991,50.05,0.0,2457.78,2.0
2024-07-08,9,1385,LTGES0911,153,781,-77.08,0.0,1228.89,6.3
2024-07-08,9,1564,LTGES1030a,7,183,163.8,0.0,8937.38,1.8
2024-07-08,9,1209,LTGES0796,333,964,-63.54,0.0,1228.89,5.2
2024-07-08,9,662,LTGES0458a,385,386,-120.01,0.0,2457.78,4.9
2024-07-08,9,1484,LTGES0974b,291,293,-36.35,0.0,2457.78,1.5
2024-07-08,9,659,LTGES0456,380,381,228.9,0.0,1228.89,18.6
2024-07-08,9,2061,LTGES1362a,126,542,-852.39,0.0,8937.38,9.5
2024-07-08,9,1956,LTGES1281b,656,68,-10.33,0.0,8937.38,0.1
2024-07-08,9,358,LTGES0245,759,237,-394.14,0.0,4468.69,8.8
2024-07-08,9,2188,TR_f3d46ea1,172,173,-4.21,0.0,500.0,0.8
2024-07-08,9,1061,LTGES0702a,455,394,207.07,0.0,8937.38,2.3
2024-07-08,9,783,LTGES0541a,433,208,183.92,0.0,8937.38,2.1
2024-07-08,9,541,LTGES0376,822,816,-429.62,0.0,1228.89,35.0
2024-07-08,9,1643,LTGES1084b,612,1086,-5.38,0.0,2457.78,0.2
2024-07-08,9,862,LTGES0585,85,64,504.57,0.0,4468.69,11.3
2024-07-08,9,1673,LTGES1104,679,1080,1.76,0.0,1228.89,0.1
2024-07-08,9,234,LTGES0167a,206,872,14.38,0.0,2457.78,0.6
2024-07-08,9,1878,LTGES1232b,383,1141,131.36,0.0,8937.38,1.5
2024-07-08,9,1365,LTGES0896d,561,563,0.13,0.0,1691.87,0.0
2024-07-08,9,2054,LTGES1358b,110,173,-874.53,0.0,8937.38,9.8
2024-07-08,9,205,LTGES0148b,726,179,2.38,0.0,8937.38,0.0
2024-07-08,9,2320,TR_047a855a,257,258,1.05,0.0,500.0,0.2
2024-07-08,9,1304,LTGES0859a,557,451,-184.23,0.0,2457.78,7.5
2024-07-08,9,1747,LTGES1150a,968,526,261.15,0.0,2457.78,10.6
2024-07-08,9,816,LTGES0557a,868,865,-211.78,0.0,2457.78,8.6
2024-07-08,9,927,LTGES0623,683,907,304.54,0.0,4468.69,6.8
2024-07-08,9,2343,TR_5d89fb1a,621,1235,-250.9,0.0,750.0,33.5
2024-07-08,9,164,LTGES0121,158,955,-5.26,0.0,1228.89,0.4
2024-07-08,9,1378,LTGES0906a,567,954,42.08,0.0,8937.38,0.5
2024-07-08,9,380,LTGES0259a,771,770,-124.45,0.0,8937.38,1.4
2024-07-08,9,2206,TR_a5f948b9,997,998,-43.24,0.0,500.0,8.6
2024-07-08,9,298,LTGES0215,753,693,1664.14,0.0,4468.69,37.2
2024-07-08,9,1203,LTGES0793a,185,183,35.33,0.0,8937.38,0.4
2024-07-08,9,126,LTGES0088,43,79,460.59,0.0,4468.69,10.3
2024-07-08,9,226,LTGES0162,197,56,-188.97,0.0,1228.89,15.4
2024-07-08,9,1230,LTGES0807,133,959,-3.76,0.0,1228.89,0.3
2024-07-08,9,553,LTGES0383,335,820,-34.71,0.0,1228.89,2.8
2024-07-08,9,985,LTGES0656b,477,760,942.92,0.0,8937.38,10.6
2024-07-08,9,2008,LTGES1325a,1047,664,-1.49,0.0,2457.78,0.1
2024-07-08,9,951,LTGES0638a,901,34,14.3,0.0,2457.78,0.6
2024-07-08,9,2300,TR_8d4c74b6,240,241,-802.9,0.0,1875.0,42.8
2024-07-08,9,1030,LTGES0681a,89,915,-749.79,0.0,13406.07,5.6
2024-07-08,9,644,LTGES0446a,368,370,1.35,0.0,845.93,0.2
2024-07-08,9,2302,TR_a6acaf6d,246,247,-50.4,0.0,750.0,6.7
2024-07-08,9,1776,LTGES1169,787,1105,-265.41,0.0,1228.89,21.6
2024-07-08,9,689,LTGES0472b,839,395,154.47,0.0,2457.78,6.3
2024-07-08,9,1173,LTGES0771a,225,518,125.03,0.0,2457.78,5.1
2024-07-08,9,1161,LTGES0764b,562,24,-259.79,0.0,2457.78,10.6
2024-07-08,9,1182,LTGES0775b,225,47,42.97,0.0,2457.78,1.7
2024-07-08,9,2247,TR_3849e2ae,909,910,-37.21,0.0,500.0,7.4
2024-07-08,9,1521,LTGES1002,1027,1054,-145.11,0.0,1228.89,11.8
2024-07-08,9,1096,LTGES0724a,92,931,-172.22,0.0,8937.38,1.9
2024-07-08,9,512,LTGES0356a,127,801,169.47,0.0,2457.78,6.9
2024-07-08,9,1371,LTGES0900b,990,777,508.67,0.0,8937.38,5.7
2024-07-08,9,493,LTGES0341b,795,794,3.46,0.0,2457.78,0.1
2024-07-08,9,471,LTGES0325,201,790,-23.57,0.0,1228.89,1.9
2024-07-08,9,1390,LTGES0915a,977,724,83.57,0.0,8937.38,0.9
2024-07-08,9,361,LTGES0247a,160,777,-508.08,0.0,8937.38,5.7
2024-07-08,9,1874,LTGES1230a,1136,1139,-70.55,0.0,2457.78,2.9
2024-07-08,9,1884,LTGES1235b,448,621,-49.22,0.0,2457.78,2.0
2024-07-08,9,1397,LTGES0918a,997,976,-27.35,0.0,3686.67,0.7
2024-07-08,9,1140,LTGES0752a,516,943,-3.23,0.0,2457.78,0.1
2024-07-08,9,397,LTGES0270,284,282,-138.11,0.0,1228.89,11.2
2024-07-08,9,1503,LTGES0988b,734,586,53.01,0.0,2457.78,2.2
2024-07-08,9,808,LTGES0552d,444,867,-10.41,0.0,4915.56,0.2
2024-07-08,9,1026,LTGES0678a,913,471,-1.8,0.0,2457.78,0.1
2024-07-08,9,1452,LTGES0954a,428,579,-4.71,0.0,8937.38,0.1
2024-07-08,9,4,LTGES0002b,729,1086,20.21,0.0,2457.78,0.8
2024-07-08,9,2332,TR_585684a3,438,439,27.62,0.0,500.0,5.5
2024-07-08,9,1357,LTGES0894b,162,780,584.67,0.0,8937.38,6.5
2024-07-08,9,1646,LTGES1086a,514,614,81.52,0.0,2457.78,3.3
2024-07-08,9,1955,LTGES1281a,656,68,-10.33,0.0,8937.38,0.1
2024-07-08,9,221,LTGES0158,712,195,121.04,0.0,1228.89,9.8
2024-07-08,9,750,LTGES0518,856,422,-29.71,0.0,1228.89,2.4
2024-07-08,9,210,LTGES0151a,183,187,-23.02,0.0,8937.38,0.3
2024-07-08,9,1491,LTGES0980,585,1021,19.68,0.0,1228.89,1.6
2024-07-08,9,2339,TR_6c5e9c5a,225,226,-531.01,0.0,1875.0,28.3
2024-07-08,9,690,LTGES0473a,396,395,109.36,0.0,2457.78,4.4
2024-07-08,9,134,LTGES0095,719,720,1.79,0.0,4468.69,0.0
2024-07-08,9,329,LTGES0230a,121,254,192.88,0.0,2457.78,7.8
2024-07-08,9,240,LTGES0170,209,746,25.27,0.0,1228.89,2.1
2024-07-08,9,1537,LTGES1012a,596,598,-19.42,0.0,845.93,2.3
2024-07-08,9,1400,LTGES0919,553,102,-46.62,0.0,1228.89,3.8
2024-07-08,9,2026,LTGES1335a,520,1110,-50.65,0.0,2457.78,2.1
2024-07-08,9,373,LTGES0255b,235,261,-587.98,0.0,8937.38,6.6
2024-07-08,9,133,LTGES0094,41,128,-673.82,0.0,4468.69,15.1
2024-07-08,9,574,LTGES0397,340,341,53.13,0.0,1228.89,4.3
2024-07-08,9,246,LTGES0175,732,106,-65.2,0.0,1228.89,5.3
2024-07-08,9,466,LTGES0322b,306,782,-292.31,0.0,2457.78,11.9
2024-07-08,9,753,LTGES0520,70,857,175.47,0.0,1228.89,14.3
2024-07-08,9,560,LTGES0387b,8,823,-132.06,0.0,2457.78,5.4
2024-07-08,9,679,LTGES0467b,838,837,-155.42,0.0,2457.78,6.3
2024-07-08,9,375,LTGES0256b,234,260,-34.69,0.0,2457.78,1.4
2024-07-08,9,1637,LTGES1079,1069,1068,4.57,0.0,4468.69,0.1
2024-07-08,9,1714,LTGES1128b,182,186,56.3,0.0,2457.78,2.3
2024-07-08,9,307,LTGES0220b,156,14,1315.31,0.0,8937.38,14.7
2024-07-08,9,1773,LTGES1166b,1104,1102,46.07,0.0,2457.78,1.9
2024-07-08,9,880,LTGES0595b,886,461,-8.9,0.0,2457.78,0.4
2024-07-08,9,565,LTGES0389b,822,8,203.58,0.0,2457.78,8.3
2024-07-08,9,1706,LTGES1123b,350,1090,12.32,0.0,8937.38,0.1
2024-07-08,9,411,LTGES0283,154,779,111.51,0.0,4468.69,2.5
2024-07-08,9,538,LTGES0374b,332,819,116.14,0.0,2457.78,4.7
2024-07-08,9,1392,LTGES0916a,976,723,-30.13,0.0,2457.78,1.2
2024-07-08,9,1826,LTGES1202,1124,1125,17.29,0.0,1228.89,1.4
2024-07-08,9,2295,TR_45015848,297,298,-51.07,0.0,500.0,10.2
2024-07-08,9,1275,LTGES0838b,545,161,75.32,0.0,2457.78,3.1
2024-07-08,9,1457,LTGES0955d,993,568,40.1,0.0,17874.76,0.2
2024-07-08,9,2148,LTGES1428,1161,640,602.42,0.0,1228.89,49.0
2024-07-08,9,2088,LTGES1383,593,1029,10.82,0.0,1228.89,0.9
2024-07-08,9,132,LTGES0093b,40,132,17.78,0.0,2457.78,0.7
2024-07-08,9,1694,LTGES1118a,1088,562,332.14,0.0,2457.78,13.5
2024-07-08,9,470,LTGES0324b,790,791,8.52,0.0,2457.78,0.3
2024-07-08,9,1481,LTGES0972b,45,291,-73.43,0.0,2457.78,3.0
2024-07-08,9,1040,LTGES0687a,918,917,11.84,0.0,2457.78,0.5
2024-07-08,9,1893,LTGES1241b,135,65,-44.86,0.0,2457.78,1.8
2024-07-08,9,800,LTGES0549b,435,443,-42.51,0.0,2457.78,1.7
2024-07-08,9,618,LTGES0430a,361,359,14.59,0.0,8937.38,0.2
2024-07-08,9,1709,LTGES1125,1004,1005,-122.7,0.0,1228.89,10.0
2024-07-08,9,2160,LTGES1439b,1186,1187,-69.28,0.0,2457.78,2.8
2024-07-08,9,733,LTGES0505,419,420,-42.81,0.0,1228.89,3.5
2024-07-08,9,2087,LTGES1382b,614,1149,72.28,0.0,2457.78,2.9
2024-07-08,9,119,LTGES0083b,116,119,19.48,0.0,2457.78,0.8
2024-07-08,9,839,LTGES0569,877,376,494.88,0.0,4468.69,11.1
2024-07-08,9,42,LTGES0027a,50,915,831.82,0.0,8937.38,9.3
2024-07-08,9,28,LTGES0017,25,26,309.21,0.0,1228.89,25.2
2024-07-08,9,781,LTGES0540a,373,205,-1085.03,0.0,8937.38,12.1
2024-07-08,9,381,LTGES0259b,771,770,-124.45,0.0,8937.38,1.4
2024-07-08,9,439,LTGES0302a,264,261,-1.29,0.0,8937.38,0.0
2024-07-08,9,347,LTGES0239a,262,258,-28.86,0.0,2457.78,1.2
2024-07-08,9,2143,LTGES1424,748,750,55.38,0.0,1228.89,4.5
2024-07-08,9,1670,LTGES1102,289,286,-21.87,0.0,1228.89,1.8
2024-07-08,9,897,LTGES0606a,280,948,-62.64,0.0,2457.78,2.5
2024-07-08,9,290,LTGES0210a,367,752,-200.91,0.0,8937.38,2.2
2024-07-08,9,409,LTGES0281,290,776,102.82,0.0,4468.69,2.3
2024-07-08,9,1730,LTGES1139a,983,557,-4.03,0.0,2457.78,0.2
2024-07-08,9,314,LTGES0223a,244,120,-11.11,0.0,1268.9,0.9
2024-07-08,9,1622,LTGES1069,1060,907,-261.59,0.0,4468.69,5.9
2024-07-08,9,1507,LTGES0991a,1022,588,-25.14,0.0,2457.78,1.0
2024-07-08,9,163,LTGES0120b,156,69,310.31,0.0,8937.38,3.5
2024-07-08,9,1697,LTGES1119b,20,1089,62.39,0.0,2457.78,2.5
2024-07-08,9,481,LTGES0331b,302,784,-26.19,0.0,2457.78,1.1
2024-07-08,9,281,LTGES0205a,747,5,-18.57,0.0,2457.78,0.8
2024-07-08,9,847,LTGES0574,879,216,-12.25,0.0,1228.89,1.0
2024-07-08,9,730,LTGES0502b,382,414,26.9,0.0,2457.78,1.1
2024-07-08,9,2027,LTGES1335b,520,1110,-50.65,0.0,2457.78,2.1
2024-07-08,9,25,LTGES0015b,13,24,179.83,0.0,2457.78,7.3
2024-07-08,9,114,LTGES0080,703,721,-112.12,0.0,4468.69,2.5
2024-07-08,9,2290,TR_531ab7c5,653,654,-227.64,0.0,750.0,30.4
2024-07-08,9,1338,LTGES0882b,222,988,1.11,0.0,2457.78,0.0
2024-07-08,9,1816,LTGES1193a,467,632,53.81,0.0,2457.78,2.2
2024-07-08,9,1461,LTGES0958a,580,568,-61.17,0.0,8937.38,0.7
2024-07-08,9,681,LTGES0468b,392,838,2.29,0.0,2457.78,0.1
2024-07-08,9,31,LTGES0019b,29,31,564.43,0.0,8937.38,6.3
2024-07-08,9,274,LTGES0200,151,40,-5.39,0.0,1228.89,0.4
2024-07-08,9,865,LTGES0587a,883,772,1606.65,0.0,8937.38,18.0
2024-07-08,9,888,LTGES0601b,464,463,-253.7,0.0,2457.78,10.3
2024-07-08,9,484,LTGES0334,795,1137,9.71,0.0,1228.89,0.8
2024-07-08,9,2314,TR_62f1261f,265,266,-52.39,0.0,750.0,7.0
2024-07-08,9,986,LTGES0657,144,1193,-287.24,0.0,1228.89,23.4
2024-07-08,9,956,LTGES0640b,426,339,-28.73,0.0,2457.78,1.2
2024-07-08,9,1009,LTGES0671b,480,483,1546.01,0.0,8937.38,17.3
2024-07-08,9,412,LTGES0284,292,46,-307.33,0.0,4468.69,6.9
2024-07-08,9,1287,LTGES0848,103,102,72.79,0.0,1228.89,5.9
2024-07-08,9,479,LTGES0330b,766,270,5.37,0.0,2457.78,0.2
2024-07-08,9,352,LTGES0240d,260,263,16.55,0.0,4915.56,0.3
2024-07-08,9,150,LTGES0112a,143,145,377.18,0.0,8937.38,4.2
2024-07-08,9,1691,LTGES1116b,1087,1088,344.05,0.0,2457.78,14.0
2024-07-08,9,2227,TR_a4e0ba25,42,43,-139.06,0.0,750.0,18.5
2024-07-08,9,1436,LTGES0944a,1082,1010,27.86,0.0,8937.38,0.3
2024-07-08,9,1975,LTGES1299a,657,411,-0.56,0.0,2457.78,0.0
2024-07-08,9,983,LTGES0655,915,33,-485.85,0.0,4468.69,10.9
2024-07-08,9,1455,LTGES0955b,993,568,40.1,0.0,17874.76,0.2
2024-07-08,9,756,LTGES0522b,423,26,-13.65,0.0,2457.78,0.6
2024-07-08,9,330,LTGES0230b,121,254,192.88,0.0,2457.78,7.8
2024-07-08,9,1352,LTGES0891b,972,974,3.82,0.0,2457.78,0.2
2024-07-08,9,2130,LTGES1414,1233,482,-128.61,0.0,1228.89,10.5
2024-07-08,9,1624,LTGES1071a,2,20,-113.66,0.0,2457.78,4.6
2024-07-08,9,1510,LTGES0993,588,44,-184.2,0.0,1228.89,15.0
2024-07-08,9,864,LTGES0586b,883,982,-1637.9,0.0,8937.38,18.3
2024-07-08,9,2183,TR_b8345e3b,326,327,211.61,0.0,750.0,28.2
2024-07-08,9,2125,LTGES1411b,69,403,-1070.38,0.0,8937.38,12.0
2024-07-08,9,1025,LTGES0677b,903,912,128.28,0.0,8937.38,1.4
2024-07-08,9,310,LTGES0221c,245,121,125.66,0.0,3686.67,3.4
2024-07-08,9,677,LTGES0466b,837,391,-162.06,0.0,2457.78,6.6
2024-07-08,9,2307,TR_f4298876,754,755,-37.08,0.0,500.0,7.4
2024-07-08,9,1292,LTGES0851,553,101,151.45,0.0,1228.89,12.3
2024-07-08,9,1324,LTGES0871b,526,727,240.55,0.0,2457.78,9.8
2024-07-08,9,946,LTGES0635a,716,165,162.2,0.0,2457.78,6.6
2024-07-08,9,725,LTGES0500a,848,413,-8.58,0.0,2457.78,0.3
2024-07-08,9,377,LTGES0257b,124,274,2.75,0.0,8937.38,0.0
2024-07-08,9,2159,LTGES1439a,1186,1187,-69.28,0.0,2457.78,2.8
2024-07-08,9,2019,LTGES1331,925,926,-93.96,0.0,1228.89,7.6
2024-07-08,9,1448,LTGES0952a,577,1014,12.43,0.0,2457.78,0.5
2024-07-08,9,907,LTGES0612a,300,298,74.05,0.0,2457.78,3.0
2024-07-08,9,585,LTGES0406b,271,346,-708.82,0.0,8937.38,7.9
2024-07-08,9,124,LTGES0087a,124,126,-651.13,0.0,8937.38,7.3
2024-07-08,9,2044,LTGES1348,1074,615,-0.02,0.0,1228.89,0.0
2024-07-08,9,1818,LTGES1194,467,23,-150.54,0.0,1228.89,12.2
2024-07-08,9,1197,LTGES0786,524,953,1.86,0.0,1228.89,0.2
2024-07-08,9,1330,LTGES0876a,42,26,44.88,0.0,2457.78,1.8
2024-07-08,9,1978,LTGES1301,559,1045,5.42,0.0,1228.89,0.4
2024-07-08,9,1572,LTGES1035,1039,56,-6.7,0.0,1228.89,0.5
2024-07-08,9,1042,LTGES0688a,920,487,-217.18,0.0,2457.78,8.8
2024-07-08,9,70,LTGES0047a,697,77,47.74,0.0,845.93,5.6
2024-07-08,9,939,LTGES0630b,898,296,359.58,0.0,2457.78,14.6
2024-07-08,9,2041,LTGES1346a,1195,1196,8.28,0.0,2457.78,0.3
2024-07-08,9,1116,LTGES0737a,936,364,-121.76,0.0,2457.78,5.0
2024-07-08,9,1889,LTGES1238b,511,240,-57.99,0.0,2457.78,2.4
2024-07-08,9,1215,LTGES0799a,183,178,219.96,0.0,8937.38,2.5
2024-07-08,9,903,LTGES0610a,81,298,36.29,0.0,2457.78,1.5
2024-07-08,9,1869,LTGES1227a,646,338,69.94,0.0,2457.78,2.8
2024-07-08,9,2068,LTGES1368,1208,669,14.15,0.0,1228.89,1.2
2024-07-08,9,2282,TR_65a15878,734,735,-146.25,0.0,750.0,19.5
2024-07-08,9,1234,LTGES0810b,961,530,138.39,0.0,2457.78,5.6
2024-07-08,9,198,LTGES0143,722,689,-94.47,0.0,1228.89,7.7
2024-07-08,9,338,LTGES0234b,113,255,26.62,0.0,845.93,3.1
2024-07-08,9,1856,LTGES1218,639,1135,-7.09,0.0,1228.89,0.6
2024-07-08,9,1123,LTGES0742a,828,344,-87.38,0.0,2457.78,3.6
2024-07-08,9,1737,LTGES1143b,1094,939,-18.04,0.0,2457.78,0.7
2024-07-08,9,1927,LTGES1262,1150,165,54.86,0.0,1228.89,4.5
2024-07-08,9,1006,LTGES0670a,14,480,2082.15,0.0,8937.38,23.3
2024-07-08,9,348,LTGES0239b,262,258,-28.86,0.0,2457.78,1.2
2024-07-08,9,1335,LTGES0880,988,761,77.55,0.0,1228.89,6.3
2024-07-08,9,1929,LTGES1264a,35,327,289.9,0.0,8937.38,3.2
2024-07-08,9,144,LTGES0108a,135,138,99.24,0.0,2457.78,4.0
2024-07-08,9,649,LTGES0449,374,878,12.06,0.0,4468.69,0.3
2024-07-08,9,1008,LTGES0671a,480,483,1546.01,0.0,8937.38,17.3
2024-07-08,9,271,LTGES0197,958,186,13.95,0.0,1228.89,1.1
2024-07-08,9,2004,LTGES1321b,1181,374,-0.0,0.0,8937.38,0.0
2024-07-08,9,1416,LTGES0931b,88,914,22.82,0.0,2457.78,0.9
2024-07-08,9,2028,LTGES1336,1194,519,-19.07,0.0,1228.89,1.6
2024-07-08,9,434,LTGES0298b,783,786,99.32,0.0,2457.78,4.0
2024-07-08,9,604,LTGES0420,352,828,-369.75,0.0,1228.89,30.1
2024-07-08,9,1627,LTGES1072b,170,1157,57.49,0.0,2457.78,2.3
2024-07-08,9,1107,LTGES0731a,509,933,39.46,0.0,2457.78,1.6
2024-07-08,9,2118,LTGES1406,1229,1228,180.43,0.0,1228.89,14.7
2024-07-08,9,998,LTGES0664b,480,468,524.21,0.0,8937.38,5.9
2024-07-08,9,563,LTGES0388c,814,337,56.73,0.0,3686.67,1.5
2024-07-08,9,655,LTGES0453,378,379,213.93,0.0,1228.89,17.4
2024-07-08,9,1777,LTGES1170,312,1105,577.32,0.0,1228.89,47.0
2024-07-08,9,1805,LTGES1185a,220,42,-20.38,0.0,2457.78,0.8
2024-07-08,9,732,LTGES0504,417,418,79.72,0.0,1228.89,6.5
2024-07-08,9,336,LTGES0233b,114,256,250.45,0.0,2457.78,10.2
2024-07-08,9,603,LTGES0419,353,352,-358.19,0.0,1228.89,29.1
2024-07-08,9,414,LTGES0285b,294,292,-81.13,0.0,8937.38,0.9
2024-07-08,9,710,LTGES0487,404,846,-244.11,0.0,1228.89,19.9
2024-07-08,9,1138,LTGES0750b,942,515,-96.24,0.0,2457.78,3.9
2024-07-08,9,2053,LTGES1358a,110,173,-874.53,0.0,8937.38,9.8
2024-07-08,9,1474,LTGES0968a,582,1016,15.5,0.0,2457.78,0.6
2024-07-08,9,1766,LTGES1160b,380,1185,30.96,0.0,2457.78,1.3
2024-07-08,9,dc1,LTGES0254,674,676,437.02,0.0,866.03,50.5
2024-07-08,12,306,LTGES0220a,156,14,1623.7,0.0,8937.38,18.2
2024-07-08,12,1886,LTGES1236b,679,648,46.95,0.0,2457.78,1.9
2024-07-08,12,1,LTGES0001a,1,2,-102.79,0.0,2457.78,4.2
2024-07-08,12,519,LTGES0361a,806,511,-38.25,0.0,2457.78,1.6
2024-07-08,12,2243,TR_71979234,1103,1104,-248.84,0.0,750.0,33.2
2024-07-08,12,788,LTGES0543b,865,436,-287.51,0.0,2457.78,11.7
2024-07-08,12,1164,LTGES0766b,22,992,67.24,0.0,2457.78,2.7
2024-07-08,12,774,LTGES0535,424,430,-144.88,0.0,1228.89,11.8
2024-07-08,12,1881,LTGES1234a,448,621,-59.08,0.0,2457.78,2.4
2024-07-08,12,1907,LTGES1249b,447,1148,93.67,0.0,8937.38,1.0
2024-07-08,12,599,LTGES0415,1064,350,216.01,0.0,4468.69,4.8
2024-07-08,12,2057,LTGES1360a,667,57,157.85,0.0,2457.78,6.4
2024-07-08,12,491,LTGES0340,313,303,-118.12,0.0,1228.89,9.6
2024-07-08,12,1470,LTGES0964,582,575,-107.17,0.0,1228.89,8.7
2024-07-08,12,1195,LTGES0784,952,1118,1842.95,0.0,4468.69,41.2
2024-07-08,12,1377,LTGES0905b,771,567,99.08,0.0,8937.38,1.1
2024-07-08,12,228,LTGES0163b,675,198,-9.87,0.0,2457.78,0.4
2024-07-08,12,332,LTGES0231b,254,114,415.14,0.0,2457.78,16.9
2024-07-08,12,190,LTGES0139a,173,130,-1067.89,0.0,8937.38,11.9
2024-07-08,12,227,LTGES0163a,675,198,-9.87,0.0,2457.78,0.4
2024-07-08,12,980,LTGES0654a,677,142,-18.24,0.0,3686.67,0.5
2024-07-08,12,1935,LTGES1267a,416,1067,41.25,0.0,2457.78,1.7
2024-07-08,12,1894,LTGES1242,494,191,-1076.74,0.0,4468.69,24.1
2024-07-08,12,1305,LTGES0859b,557,451,-216.48,0.0,2457.78,8.8
2024-07-08,12,1880,LTGES1233b,647,80,611.06,0.0,8937.38,6.8
2024-07-08,12,297,LTGES0214,237,749,-1290.67,0.0,4468.69,28.9
2024-07-08,12,605,LTGES0421a,353,829,3.09,0.0,2457.78,0.1
2024-07-08,12,2078,LTGES1376,904,477,715.49,0.0,4468.69,16.0
2024-07-08,12,1106,LTGES0730b,365,508,59.97,0.0,2457.78,2.4
2024-07-08,12,24,LTGES0015a,13,24,238.53,0.0,2457.78,9.7
2024-07-08,12,1783,LTGES1175a,909,485,205.79,0.0,2457.78,8.4
2024-07-08,12,928,LTGES0624a,14,683,233.01,0.0,8937.38,2.6
2024-07-08,12,416,LTGES0286b,153,159,-67.35,0.0,2457.78,2.7
2024-07-08,12,859,LTGES0583a,882,452,8.33,0.0,2457.78,0.3
2024-07-08,12,23,LTGES0014,23,15,-276.16,0.0,1228.89,22.5
2024-07-08,12,160,LTGES0118,156,810,-974.55,0.0,4468.69,21.8
2024-07-08,12,1825,LTGES1201,473,1122,-33.28,0.0,4468.69,0.7
2024-07-08,12,1863,LTGES1223a,643,645,-1488.06,0.0,8937.38,16.6
2024-07-08,12,1941,LTGES1270a,684,652,1.79,0.0,8937.38,0.0
2024-07-08,12,204,LTGES0148a,726,179,2.85,0.0,8937.38,0.0
2024-07-08,12,561,LTGES0388a,814,337,68.13,0.0,3686.67,1.8
2024-07-08,12,891,LTGES0603b,464,280,289.74,0.0,2457.78,11.8
2024-07-08,12,2208,TR_0727c58f,184,185,100.72,0.0,750.0,13.4
2024-07-08,12,1879,LTGES1233a,647,80,611.06,0.0,8937.38,6.8
2024-07-08,12,981,LTGES0654b,677,142,-18.24,0.0,3686.67,0.5
2024-07-08,12,815,LTGES0556b,446,868,-132.46,0.0,2457.78,5.4
2024-07-08,12,253,LTGES0182a,217,219,81.12,0.0,2457.78,3.3
2024-07-08,12,1282,LTGES0844a,548,547,101.01,0.0,8937.38,1.1
2024-07-08,12,916,LTGES0617,892,466,597.88,0.0,1228.89,48.7
2024-07-08,12,2270,TR_3b58070f,291,292,-88.28,0.0,500.0,17.7
2024-07-08,12,1429,LTGES0939b,97,1009,-21.45,0.0,2457.78,0.9
2024-07-08,12,1588,LTGES1045,606,1047,46.49,0.0,1228.89,3.8
2024-07-08,12,843,LTGES0572a,434,863,14.17,0.0,2457.78,0.6
2024-07-08,12,39,LTGES0025,39,46,506.77,0.0,4468.69,11.3
2024-07-08,12,112,LTGES0078b,111,55,-648.03,0.0,8937.38,7.3
2024-07-08,12,791,LTGES0545a,437,439,-36.31,0.0,2457.78,1.5
2024-07-08,12,1918,LTGES1257a,88,916,-81.16,0.0,2457.78,3.3
2024-07-08,12,2075,LTGES1373b,696,87,-29.79,0.0,2457.78,1.2
2024-07-08,12,372,LTGES0255a,235,261,-743.2,0.0,8937.38,8.3
2024-07-08,12,34,LTGES0021a,35,36,721.93,0.0,8937.38,8.1
2024-07-08,12,1665,LTGES1098,227,1077,17.64,0.0,1228.89,1.4
2024-07-08,12,137,LTGES0099,710,712,12.74,0.0,1228.89,1.0
2024-07-08,12,590,LTGES0409a,271,350,1252.22,0.0,8937.38,14.0
2024-07-08,12,55,LTGES0036,66,39,-10.95,0.0,4468.69,0.2
2024-07-08,12,323,LTGES0227a,249,251,-27.89,0.0,845.93,3.3
2024-07-08,12,2128,LTGES1413a,929,506,-54.14,0.0,8937.38,0.6
2024-07-08,12,17,LTGES0011a,18,1065,12.32,0.0,2457.78,0.5
2024-07-08,12,243,LTGES0173a,731,963,-65.27,0.0,2457.78,2.7
2024-07-08,12,1628,LTGES1073a,1067,417,34.7,0.0,2457.78,1.4
2024-07-08,12,172,LTGES0127a,899,1043,459.85,0.0,2457.78,18.7
2024-07-08,12,333,LTGES0232a,253,113,29.01,0.0,845.93,3.4
2024-07-08,12,363,LTGES0248,269,763,-47.06,0.0,4468.69,1.1
2024-07-08,12,2062,LTGES1362b,126,542,-1040.7,0.0,8937.38,11.6
2024-07-08,12,1296,LTGES0854a,209,3,161.07,0.0,2457.78,6.6
2024-07-08,12,1721,LTGES1132b,182,627,26.48,0.0,2457.78,1.1
2024-07-08,12,2165,LTGES1443b,1236,638,25.79,0.0,8937.38,0.3
2024-07-08,12,550,LTGES0381b,817,815,-3.63,0.0,845.93,0.4
2024-07-08,12,341,LTGES0236a,257,757,37.11,0.0,845.93,4.4
2024-07-08,12,664,LTGES0459a,387,896,32.66,0.0,8937.38,0.4
2024-07-08,12,912,LTGES0615a,466,266,57.4,0.0,2457.78,2.3
2024-07-08,12,1748,LTGES1150b,968,526,304.28,0.0,2457.78,12.4
2024-07-08,12,1966,LTGES1291,1169,1168,-7.32,0.0,4468.69,0.2
2024-07-08,12,2321,TR_23eddb22,757,758,7.91,0.0,500.0,1.6
2024-07-08,12,1598,LTGES1052b,467,479,52.35,0.0,2457.78,2.1
2024-07-08,12,2049,LTGES1353,666,406,-551.77,0.0,4468.69,12.3
2024-07-08,12,2275,TR_7644f0c2,97,98,-400.53,0.0,1200.0,33.4
2024-07-08,12,2239,TR_9925636e,192,193,264.36,0.0,1200.0,22.0
2024-07-08,12,1685,LTGES1113a,301,625,-7.65,0.0,2457.78,0.3
2024-07-08,12,1990,LTGES1311,470,626,261.53,0.0,1228.89,21.3
2024-07-08,12,598,LTGES0414,345,1064,526.45,0.0,4468.69,11.8
2024-07-08,12,1318,LTGES0868a,527,558,24.97,0.0,2457.78,1.0
2024-07-08,12,643,LTGES0445b,369,371,5.04,0.0,2457.78,0.2
2024-07-08,12,1052,LTGES0695a,923,922,41.55,0.0,2457.78,1.7
2024-07-08,12,14,LTGES0009b,14,17,-1887.02,0.0,8937.38,21.1
2024-07-08,12,167,LTGES0124a,160,714,413.91,0.0,8937.38,4.6
2024-07-08,12,1121,LTGES0741a,511,937,-118.01,0.0,2457.78,4.8
2024-07-08,12,613,LTGES0427,359,75,1758.61,0.0,4468.69,39.4
2024-07-08,12,1556,LTGES1023,96,575,148.67,0.0,1228.89,12.1
2024-07-08,12,96,LTGES0066a,44,38,-145.69,0.0,2457.78,5.9
2024-07-08,12,2334,TR_9e433286,366,367,82.88,0.0,500.0,16.6
2024-07-08,12,456,LTGES0314,125,1119,80.39,0.0,1228.89,6.5
2024-07-08,12,1078,LTGES0712b,502,192,-45.15,0.0,2457.78,1.8
2024-07-08,12,1922,LTGES1259,691,46,556.99,0.0,4468.69,12.5
2024-07-08,12,257,LTGES0185,770,223,-355.93,0.0,4468.69,8.0
2024-07-08,12,510,LTGES0354,801,802,229.68,0.0,1228.89,18.7
2024-07-08,12,19,LTGES0012a,1065,22,-45.79,0.0,2457.78,1.9
2024-07-08,12,1754,LTGES1154b,146,140,181.25,0.0,2457.78,7.4
2024-07-08,12,2013,LTGES1327c,142,679,32.49,0.0,4915.56,0.7
2024-07-08,12,2166,LTGES1444,1050,711,90.34,0.0,1228.89,7.4
2024-07-08,12,673,LTGES0464a,835,836,65.85,0.0,2457.78,2.7
2024-07-08,12,1502,LTGES0988a,734,586,63.45,0.0,2457.78,2.6
2024-07-08,12,925,LTGES0622a,467,385,-150.57,0.0,2457.78,6.1
2024-07-08,12,1824,LTGES1200,634,1121,55.23,0.0,1228.89,4.5
2024-07-08,12,2181,TR_0490c2aa,109,110,23.67,0.0,750.0,3.2
2024-07-08,12,2287,TR_41fc927f,272,273,-183.61,0.0,1200.0,15.3
2024-07-08,12,2190,TR_0e0d82af,127,128,260.11,0.0,7500.0,3.5
2024-07-08,12,2127,LTGES1412b,666,403,274.96,0.0,8937.38,3.1
2024-07-08,12,1785,LTGES1176,1112,624,-0.42,0.0,1228.89,0.0
2024-07-08,12,2288,TR_cdc06a8b,63,64,239.56,0.0,1875.0,12.8
2024-07-08,12,197,LTGES0142b,129,88,-143.26,0.0,2457.78,5.8
2024-07-08,12,1545,LTGES1016b,600,436,-1.5,0.0,2457.78,0.1
2024-07-08,12,401,LTGES0274,287,285,-93.38,0.0,1228.89,7.6
2024-07-08,12,1804,LTGES1184b,610,423,-2.42,0.0,2457.78,0.1
2024-07-08,12,276,LTGES0201b,863,3,62.08,0.0,2457.78,2.5
2024-07-08,12,778,LTGES0538b,373,433,716.9,0.0,8937.38,8.0
2024-07-08,12,2204,TR_65fab876,180,181,-15.03,0.0,500.0,3.0
2024-07-08,12,1973,LTGES1297b,660,411,-3.31,0.0,2457.78,0.1
2024-07-08,12,21,LTGES0013a,18,1085,34.61,0.0,2457.78,1.4
2024-07-08,12,2096,LTGES1388b,1179,661,-0.07,0.0,2457.78,0.0
2024-07-08,12,244,LTGES0173b,731,963,-65.27,0.0,2457.78,2.7
2024-07-08,12,83,LTGES0056,91,831,-520.25,0.0,1228.89,42.3
2024-07-08,12,582,LTGES0405a,273,345,241.49,0.0,8937.38,2.7
2024-07-08,12,1043,LTGES0688b,920,487,-277.25,0.0,2457.78,11.3
2024-07-08,12,2084,LTGES1381a,702,105,-43.08,0.0,2457.78,1.8
2024-07-08,12,2011,LTGES1327a,142,679,32.49,0.0,4915.56,0.7
2024-07-08,12,868,LTGES0588b,772,457,8.19,0.0,8937.38,0.1
2024-07-08,12,2097,LTGES1389,1216,411,-2.93,0.0,1228.89,0.2
2024-07-08,12,2025,LTGES1334b,1220,1186,-41.98,0.0,2457.78,1.7
2024-07-08,12,558,LTGES0386b,823,814,82.16,0.0,2457.78,3.3
2024-07-08,12,1540,LTGES1014a,73,1033,43.09,0.0,2457.78,1.8
2024-07-08,12,1974,LTGES1298,659,463,-3.71,0.0,1228.89,0.3
2024-07-08,12,1938,LTGES1268b,415,1066,0.15,0.0,845.93,0.0
2024-07-08,12,871,LTGES0590b,277,952,1538.55,0.0,8937.38,17.2
2024-07-08,12,1615,LTGES1064b,24,296,-271.89,0.0,2457.78,11.1
2024-07-08,12,3,LTGES0002a,729,1086,33.35,0.0,2457.78,1.4
2024-07-08,12,545,LTGES0378b,333,34,-20.85,0.0,2457.78,0.8
2024-07-08,12,81,LTGES0055a,87,88,-45.34,0.0,2457.78,1.8
2024-07-08,12,1968,LTGES1293,658,1180,5.21,0.0,1228.89,0.4
2024-07-08,12,987,LTGES0658,478,84,1211.48,0.0,4468.69,27.1
2024-07-08,12,2202,TR_28414610,155,156,1350.12,0.0,9375.0,14.4
2024-07-08,12,2276,TR_737e7f53,65,66,-107.73,0.0,500.0,21.5
2024-07-08,12,1516,LTGES0997,138,135,-60.77,0.0,1228.89,4.9
2024-07-08,12,964,LTGES0646,1079,475,217.4,0.0,1228.89,17.7
2024-07-08,12,751,LTGES0519a,856,1138,7.16,0.0,2457.78,0.3
2024-07-08,12,2327,TR_f70b66d0,232,233,7.41,0.0,500.0,1.5
2024-07-08,12,2163,LTGES1442,214,1195,62.66,0.0,1228.89,5.1
2024-07-08,12,1070,LTGES0708a,924,175,-21.85,0.0,2457.78,0.9
2024-07-08,12,1169,LTGES0769a,420,225,144.98,0.0,2457.78,5.9
2024-07-08,12,1493,LTGES0982a,1021,1020,52.88,0.0,2457.78,2.2
2024-07-08,12,1019,LTGES0674d,909,911,-91.72,0.0,4915.56,1.9
2024-07-08,12,1684,LTGES1112b,624,1111,-18.71,0.0,2457.78,0.8
2024-07-08,12,2259,TR_3d81e7e0,682,683,-21.63,0.0,500.0,4.3
2024-07-08,12,2196,TR_a6bded06,8,9,822.61,0.0,2362.5,34.8
2024-07-08,12,1334,LTGES0879,223,737,-602.65,0.0,4468.69,13.5
2024-07-08,12,1897,LTGES1244a,1078,620,-213.16,0.0,8937.38,2.4
2024-07-08,12,303,LTGES0218a,238,241,1015.7,0.0,8937.38,11.4
2024-07-08,12,1434,LTGES0942b,851,573,286.22,0.0,8937.38,3.2
2024-07-08,12,2001,LTGES1320a,421,1230,4.6,0.0,2457.78,0.2
2024-07-08,12,1710,LTGES1126,960,139,-1.37,0.0,1228.89,0.1
2024-07-08,12,1210,LTGES0797a,181,726,-4.62,0.0,17874.76,0.0
2024-07-08,12,2203,TR_2087835e,164,165,56.23,0.0,500.0,11.2
2024-07-08,12,704,LTGES0482b,403,705,-1092.72,0.0,8937.38,12.2
2024-07-08,12,1882,LTGES1234b,448,621,-59.08,0.0,2457.78,2.4
2024-07-08,12,1837,LTGES1207d,638,1131,8.99,0.0,17874.76,0.1
2024-07-08,12,2186,TR_b0d59f98,153,154,-30.41,0.0,500.0,6.1
2024-07-08,12,1468,LTGES0962,427,852,23.1,0.0,1228.89,1.9
2024-07-08,12,117,LTGES0082b,114,116,132.78,0.0,2457.78,5.4
2024-07-08,12,1166,LTGES0767b,432,420,176.77,0.0,2457.78,7.2
2024-07-08,12,1864,LTGES1223b,643,645,-1488.06,0.0,8937.38,16.6
2024-07-08,12,1050,LTGES0694a,1063,489,-14.56,0.0,2457.78,0.6
2024-07-08,12,1423,LTGES0935a,93,699,-332.86,0.0,2457.78,13.5
2024-07-08,12,1542,LTGES1015a,225,600,111.29,0.0,2457.78,4.5
2024-07-08,12,499,LTGES0346,318,319,69.33,0.0,1228.89,5.6
2024-07-08,12,1432,LTGES0941,98,851,80.45,0.0,4468.69,1.8
2024-07-08,12,1145,LTGES0754b,1038,487,868.54,0.0,2457.78,35.3
2024-07-08,12,852,LTGES0577a,210,880,15.58,0.0,2457.78,0.6
2024-07-08,12,2083,LTGES1380b,768,274,-3.3,0.0,8937.38,0.0
2024-07-08,12,182,LTGES0133b,21,156,-2061.91,0.0,8937.38,23.1
2024-07-08,12,176,LTGES0129,163,165,-0.9,0.0,1228.89,0.1
2024-07-08,12,1199,LTGES0791a,694,525,-370.5,0.0,2457.78,15.1
2024-07-08,12,1675,LTGES1105b,142,1142,3.05,0.0,2457.78,0.1
2024-07-08,12,894,LTGES0604c,280,892,159.73,0.0,3686.67,4.3
2024-07-08,12,1231,LTGES0808,529,1140,-218.18,0.0,1228.89,17.8
2024-07-08,12,1939,LTGES1269a,572,416,63.33,0.0,2457.78,2.6
2024-07-08,12,1720,LTGES1132a,182,627,26.48,0.0,2457.78,1.1
2024-07-08,12,1758,LTGES1156a,599,485,-99.87,0.0,2457.78,4.1
2024-07-08,12,2289,TR_9af01115,344,345,-309.42,0.0,1875.0,16.5
2024-07-08,12,1083,LTGES0715a,927,504,62.62,0.0,2457.78,2.5
2024-07-08,12,1780,LTGES1172,1106,272,-146.1,0.0,1228.89,11.9
2024-07-08,12,554,LTGES0384,820,336,-169.52,0.0,1228.89,13.8
2024-07-08,12,623,LTGES0433a,1145,350,-420.0,0.0,8937.38,4.7
2024-07-08,12,249,LTGES0178,876,879,88.77,0.0,1228.89,7.2
2024-07-08,12,485,LTGES0335,313,799,28.15,0.0,1228.89,2.3
2024-07-08,12,2179,TR_10cbc112,475,476,510.34,0.0,1200.0,42.5
2024-07-08,12,636,LTGES0441,833,204,58.85,0.0,1228.89,4.8
2024-07-08,12,1736,LTGES1143a,1094,939,-24.85,0.0,2457.78,1.0
2024-07-08,12,1239,LTGES0813,215,97,7.09,0.0,1228.89,0.6
2024-07-08,12,1659,LTGES1094b,476,35,249.5,0.0,8937.38,2.8
2024-07-08,12,1290,LTGES0850a,170,552,-73.57,0.0,2457.78,3.0
2024-07-08,12,1613,LTGES1063b,1059,609,-11.47,0.0,2457.78,0.5
2024-07-08,12,2246,TR_4eff5937,485,486,-111.35,0.0,1200.0,9.3
2024-07-08,12,346,LTGES0238b,757,259,33.15,0.0,845.93,3.9
2024-07-08,12,1220,LTGES0801b,527,958,-44.89,0.0,2457.78,1.8
2024-07-08,12,542,LTGES0377a,819,333,310.76,0.0,2457.78,12.6
2024-07-08,12,638,LTGES0443a,205,80,-1824.97,0.0,8937.38,20.4
2024-07-08,12,966,LTGES0648b,31,29,-779.28,0.0,8937.38,8.7
2024-07-08,12,2265,TR_4560a61c,578,579,-132.55,0.0,500.0,26.5
2024-07-08,12,1223,LTGES0803a,150,528,-7.77,0.0,8937.38,0.1
2024-07-08,12,389,LTGES0264,773,1139,255.62,0.0,1228.89,20.8
2024-07-08,12,1149,LTGES0757,841,400,475.4,0.0,1228.89,38.7
2024-07-08,12,1923,LTGES1260a,541,544,93.32,0.0,2457.78,3.8
2024-07-08,12,219,LTGES0156,190,194,-262.13,0.0,1228.89,21.3
2024-07-08,12,559,LTGES0387a,8,823,-176.55,0.0,2457.78,7.2
2024-07-08,12,1288,LTGES0849a,553,980,62.99,0.0,2457.78,2.6
2024-07-08,12,1132,LTGES0747a,932,940,42.78,0.0,2457.78,1.7
2024-07-08,12,1985,LTGES1306,99,1176,-318.8,0.0,4468.69,7.1
2024-07-08,12,1592,LTGES1048a,606,1049,57.12,0.0,2457.78,2.3
2024-07-08,12,203,LTGES0147b,176,178,-292.26,0.0,8937.38,3.3
2024-07-08,12,1212,LTGES0797c,181,726,-4.62,0.0,17874.76,0.0
2024-07-08,12,1313,LTGES0864,454,524,4.48,0.0,1228.89,0.4
2024-07-08,12,1997,LTGES1317,1023,95,-95.33,0.0,1228.89,7.8
2024-07-08,12,1876,LTGES1231,149,133,-15.12,0.0,1228.89,1.2
2024-07-08,12,1942,LTGES1270b,684,652,1.79,0.0,8937.38,0.0
2024-07-08,12,799,LTGES0549a,435,443,-50.45,0.0,2457.78,2.1
2024-07-08,12,1110,LTGES0733,509,365,462.03,0.0,1228.89,37.6
2024-07-08,12,157,LTGES0115b,150,134,-361.96,0.0,8937.38,4.0
2024-07-08,12,1969,LTGES1294,1171,659,-3.59,0.0,1228.89,0.3
2024-07-08,12,1460,LTGES0957,579,580,-147.42,0.0,4468.69,3.3
2024-07-08,12,1049,LTGES0693,1046,489,85.5,0.0,1228.89,7.0
2024-07-08,12,793,LTGES0546a,439,441,-83.26,0.0,2457.78,3.4
2024-07-08,12,57,LTGES0038,684,686,899.08,0.0,4468.69,20.1
2024-07-08,12,165,LTGES0122,159,161,-27.66,0.0,1228.89,2.3
2024-07-08,12,2271,TR_07cc6fee,1006,1007,-144.92,0.0,500.0,29.0
2024-07-08,12,876,LTGES0593b,276,461,30.67,0.0,2457.78,1.2
2024-07-08,12,1075,LTGES0710b,498,925,31.19,0.0,2457.78,1.3
2024-07-08,12,2248,TR_63348a57,911,912,-43.66,0.0,500.0,8.7
2024-07-08,12,1162,LTGES0765,482,467,-267.3,0.0,1228.89,21.8
2024-07-08,12,2012,LTGES1327b,142,679,32.49,0.0,4915.56,0.7
2024-07-08,12,1267,LTGES0833b,540,780,-709.27,0.0,8937.38,7.9
2024-07-08,12,973,LTGES0651b,200,903,-455.32,0.0,8937.38,5.1
2024-07-08,12,885,LTGES0599b,275,463,263.87,0.0,2457.78,10.7
2024-07-08,12,1271,LTGES0836,108,543,72.91,0.0,1228.89,5.9
2024-07-08,12,1593,LTGES1048b,606,1049,57.12,0.0,2457.78,2.3
2024-07-08,12,1830,LTGES1205a,636,1098,-97.95,0.0,8937.38,1.1
2024-07-08,12,200,LTGES0145,160,725,-347.47,0.0,4468.69,7.8
2024-07-08,12,1085,LTGES0716a,927,177,-288.43,0.0,2457.78,11.7
2024-07-08,12,428,LTGES0294,785,303,224.75,0.0,1228.89,18.3
2024-07-08,12,1158,LTGES0762b,111,946,642.26,0.0,8937.38,7.2
2024-07-08,12,2005,LTGES1322,1188,57,1134.6,0.0,1228.89,92.3
2024-07-08,12,641,LTGES0444b,367,205,-356.59,0.0,8937.38,4.0
2024-07-08,12,1425,LTGES0936,531,1009,-36.7,0.0,1228.89,3.0
2024-07-08,12,1074,LTGES0710a,498,925,31.19,0.0,2457.78,1.3
2024-07-08,12,1356,LTGES0894a,162,780,714.22,0.0,8937.38,8.0
2024-07-08,12,734,LTGES0506a,29,33,-762.35,0.0,8937.38,8.5
2024-07-08,12,1612,LTGES1063a,1059,609,-11.47,0.0,2457.78,0.5
2024-07-08,12,273,LTGES0199,151,745,1.64,0.0,1228.89,0.1
2024-07-08,12,2301,TR_161e09c2,249,250,-42.1,0.0,500.0,8.4
2024-07-08,12,2101,LTGES1392a,1141,237,-198.06,0.0,17874.76,1.1
2024-07-08,12,717,LTGES0493,845,407,-197.02,0.0,1228.89,16.0
2024-07-08,12,1361,LTGES0895d,562,564,185.34,0.0,4915.56,3.8
2024-07-08,12,772,LTGES0534a,70,431,21.69,0.0,2457.78,0.9
2024-07-08,12,1810,LTGES1188b,154,714,-170.12,0.0,8937.38,1.9
2024-07-08,12,2309,TR_ce97d6f4,90,91,-101.71,0.0,750.0,13.6
2024-07-08,12,1552,LTGES1020b,602,488,-894.57,0.0,2457.78,36.4
2024-07-08,12,1135,LTGES0748b,756,252,-8.25,0.0,2457.78,0.3
2024-07-08,12,1011,LTGES0672b,147,143,1787.62,0.0,8937.38,20.0
2024-07-08,12,583,LTGES0405b,273,345,241.49,0.0,8937.38,2.7
2024-07-08,12,822,LTGES0560b,702,11,-197.62,0.0,2457.78,8.0
2024-07-08,12,61,LTGES0041a,68,69,-2324.72,0.0,8937.38,26.0
2024-07-08,12,247,LTGES0176,214,215,101.61,0.0,1228.89,8.3
2024-07-08,12,2325,TR_fa1d5cde,1054,1055,-175.2,0.0,1200.0,14.6
2024-07-08,12,2226,TR_e25275d8,49,50,-103.65,0.0,500.0,20.7
2024-07-08,12,835,LTGES0566b,870,875,-127.73,0.0,8937.38,1.4
2024-07-08,12,457,LTGES0315,1119,310,48.68,0.0,1228.89,4.0
2024-07-08,12,385,LTGES0261b,277,772,-2029.92,0.0,8937.38,22.7
2024-07-08,12,1681,LTGES1111a,1084,624,-17.09,0.0,2457.78,0.7
2024-07-08,12,611,LTGES0425,356,929,8.79,0.0,4468.69,0.2
2024-07-08,12,1179,LTGES0774a,3,517,137.77,0.0,2457.78,5.6
2024-07-08,12,1949,LTGES1276,355,1154,39.09,0.0,1228.89,3.2
2024-07-08,12,1836,LTGES1207c,638,1131,8.99,0.0,17874.76,0.1
2024-07-08,12,1914,LTGES1254,1206,623,-0.82,0.0,1228.89,0.1
2024-07-08,12,1786,LTGES1177a,254,247,-171.87,0.0,2457.78,7.0
2024-07-08,12,1862,LTGES1222b,156,643,-2083.71,0.0,8937.38,23.3
2024-07-08,12,992,LTGES0661b,904,477,1432.75,0.0,8937.38,16.0
2024-07-08,12,56,LTGES0037,41,684,908.25,0.0,4468.69,20.3
2024-07-08,12,528,LTGES0367,329,901,-48.96,0.0,1228.89,4.0
2024-07-08,12,2015,LTGES1328,1140,149,-251.1,0.0,1228.89,20.4
2024-07-08,12,2126,LTGES1412a,666,403,274.96,0.0,8937.38,3.1
2024-07-08,12,438,LTGES0301b,699,306,-340.35,0.0,2457.78,13.8
2024-07-08,12,1704,LTGES1122b,626,1,-4.36,0.0,2457.78,0.2
2024-07-08,12,723,LTGES0498b,64,412,112.77,0.0,8937.38,1.3
2024-07-08,12,1731,LTGES1139b,983,557,-4.83,0.0,2457.78,0.2
2024-07-08,12,2220,TR_374f74ad,496,497,-132.87,0.0,500.0,26.6
2024-07-08,12,1285,LTGES0846,1069,549,-39.64,0.0,4468.69,0.9
2024-07-08,12,264,LTGES0191,752,1030,682.77,0.0,4468.69,15.3
2024-07-08,12,1797,LTGES1182a,90,697,16.95,0.0,1268.9,1.3
2024-07-08,12,1842,LTGES1209a,395,1130,-168.52,0.0,2457.78,6.9
2024-07-08,12,1081,LTGES0714a,192,503,-97.35,0.0,2457.78,4.0
2024-07-08,12,1807,LTGES1186,1114,1070,-10.69,0.0,1228.89,0.9
2024-07-08,12,1178,LTGES0773b,520,175,74.1,0.0,2457.78,3.0
2024-07-08,12,1735,LTGES1142,954,1093,32.62,0.0,4468.69,0.7
2024-07-08,12,106,LTGES0073,109,971,266.9,0.0,1228.89,21.7
2024-07-08,12,1841,LTGES1208d,637,1130,26.0,0.0,4915.56,0.5
2024-07-08,12,435,LTGES0299,1105,783,328.08,0.0,1228.89,26.7
2024-07-08,12,489,LTGES0339a,797,796,2.92,0.0,2457.78,0.1
2024-07-08,12,2312,TR_cf9f1601,77,78,-64.15,0.0,500.0,12.8
2024-07-08,12,1246,LTGES0819,965,534,91.68,0.0,1228.89,7.5
2024-07-08,12,2344,TR_1567d725,619,620,852.65,0.0,4725.0,18.0
2024-07-08,12,1607,LTGES1057b,259,232,3.71,0.0,845.93,0.4
2024-07-08,12,846,LTGES0573b,879,450,24.13,0.0,2457.78,1.0
2024-07-08,12,576,LTGES0399,340,825,528.13,0.0,1228.89,43.0
2024-07-08,12,584,LTGES0406a,271,346,-867.09,0.0,8937.38,9.7
2024-07-08,12,287,LTGES0208b,749,235,-696.97,0.0,8937.38,7.8
2024-07-08,12,213,LTGES0152b,177,182,-100.67,0.0,2457.78,4.1
2024-07-08,12,474,LTGES0328a,763,765,-3.25,0.0,8937.38,0.0
2024-07-08,12,1734,LTGES1141b,954,993,37.18,0.0,8937.38,0.4
2024-07-08,12,1959,LTGES1284,1163,426,-9.67,0.0,1228.89,0.8
2024-07-08,12,1311,LTGES0862b,443,372,-172.57,0.0,2457.78,7.0
2024-07-08,12,356,LTGES0243,267,877,578.64,0.0,4468.69,12.9
2024-07-08,12,265,LTGES0192,227,190,-26.38,0.0,1228.89,2.1
2024-07-08,12,215,LTGES0153b,813,767,-95.45,0.0,2457.78,3.9
2024-07-08,12,1023,LTGES0676b,903,143,-613.12,0.0,8937.38,6.9
2024-07-08,12,1696,LTGES1119a,20,1089,74.88,0.0,2457.78,3.0
2024-07-08,12,443,LTGES0305a,307,706,-56.0,0.0,2457.78,2.3
2024-07-08,12,424,LTGES0291a,301,300,308.03,0.0,2457.78,12.5
2024-07-08,12,154,LTGES0114a,142,146,87.51,0.0,2457.78,3.6
2024-07-08,12,1151,LTGES0759a,91,945,122.24,0.0,2457.78,5.0
2024-07-08,12,2273,TR_c5245018,217,218,-349.73,0.0,1200.0,29.1
2024-07-08,12,682,LTGES0469a,838,839,164.78,0.0,2457.78,6.7
2024-07-08,12,49,LTGES0031,59,54,-81.3,0.0,1228.89,6.6
2024-07-08,12,2212,TR_9425d6c7,640,641,899.59,0.0,1875.0,48.0
2024-07-08,12,5,LTGES0003a,3,5,257.26,0.0,2457.78,10.5
2024-07-08,12,1345,LTGES0888a,104,998,154.97,0.0,8937.38,1.7
2024-07-08,12,990,LTGES0660,145,55,875.02,0.0,4468.69,19.6
2024-07-08,12,1546,LTGES1017a,594,601,13.81,0.0,2457.78,0.6
2024-07-08,12,196,LTGES0142a,129,88,-143.26,0.0,2457.78,5.8
2024-07-08,12,2113,LTGES1401,1224,667,-5.64,0.0,1228.89,0.5
2024-07-08,12,90,LTGES0062,98,1007,-307.71,0.0,4468.69,6.9
2024-07-08,12,707,LTGES0484,843,1150,54.53,0.0,1228.89,4.4
2024-07-08,12,2184,TR_86c7bc47,242,243,-805.66,0.0,3750.0,21.5
2024-07-08,12,404,LTGES0277,288,285,-38.98,0.0,1228.89,3.2
2024-07-08,12,742,LTGES0511a,167,961,305.75,0.0,2457.78,12.4
2024-07-08,12,1089,LTGES0718,498,177,-143.54,0.0,1228.89,11.7
2024-07-08,12,2121,LTGES1409,673,1058,1.5,0.0,1228.89,0.1
2024-07-08,12,994,LTGES0662b,905,268,-1154.45,0.0,8937.38,12.9
2024-07-08,12,1566,LTGES1031a,1098,547,-114.19,0.0,8937.38,1.3
2024-07-08,12,311,LTGES0222a,244,120,-13.1,0.0,1268.9,1.0
2024-07-08,12,1619,LTGES1067a,76,1061,-10.26,0.0,8937.38,0.1
2024-07-08,12,1350,LTGES0890b,973,975,47.04,0.0,8937.38,0.5
2024-07-08,12,448,LTGES0309a,308,196,-87.58,0.0,2457.78,3.6
2024-07-08,12,315,LTGES0223b,244,120,-13.1,0.0,1268.9,1.0
2024-07-08,12,201,LTGES0146,159,730,37.14,0.0,1228.89,3.0
2024-07-08,12,366,LTGES0251,270,762,-61.02,0.0,1228.89,5.0
2024-07-08,12,757,LTGES0523,725,858,-357.2,0.0,4468.69,8.0
2024-07-08,12,461,LTGES0319,784,787,-232.98,0.0,1228.89,19.0
2024-07-08,12,841,LTGES0570b,80,877,12.29,0.0,8937.38,0.1
2024-07-08,12,2141,LTGES1423a,1235,1078,-407.31,0.0,8937.38,4.6
2024-07-08,12,2131,LTGES1415,482,1193,418.52,0.0,1228.89,34.1
2024-07-08,12,657,LTGES0454b,378,834,50.31,0.0,2457.78,2.0
2024-07-08,12,1800,LTGES1183a,90,697,16.95,0.0,1268.9,1.3
2024-07-08,12,1227,LTGES0805b,959,458,12.22,0.0,2457.78,0.5
2024-07-08,12,2137,LTGES1421a,1148,870,100.78,0.0,8937.38,1.1
2024-07-08,12,71,LTGES0047b,697,77,58.07,0.0,845.93,6.9
2024-07-08,12,1699,LTGES1120b,1,626,6.63,0.0,4915.56,0.1
2024-07-08,12,1402,LTGES0921,981,554,-1143.75,0.0,4468.69,25.6
2024-07-08,12,984,LTGES0656a,477,760,1192.0,0.0,8937.38,13.3
2024-07-08,12,1306,LTGES0860a,556,557,-171.77,0.0,2457.78,7.0
2024-07-08,12,1986,LTGES1307,1177,1176,147.35,0.0,4468.69,3.3
2024-07-08,12,988,LTGES0659a,31,200,-434.8,0.0,8937.38,4.9
2024-07-08,12,1446,LTGES0951a,1013,577,-21.25,0.0,2457.78,0.9
2024-07-08,12,1339,LTGES0883a,769,222,-122.71,0.0,2457.78,5.0
2024-07-08,12,997,LTGES0664a,480,468,661.47,0.0,8937.38,7.4
2024-07-08,12,934,LTGES0628a,14,681,356.5,0.0,8937.38,4.0
2024-07-08,12,1476,LTGES0969,45,582,-81.23,0.0,1228.89,6.6
2024-07-08,12,731,LTGES0503,416,417,16.38,0.0,1228.89,1.3
2024-07-08,12,266,LTGES0193,707,25,259.56,0.0,1228.89,21.1
2024-07-08,12,614,LTGES0428a,360,357,-2.59,0.0,8937.38,0.0
2024-07-08,12,2104,LTGES1392d,1141,237,-198.06,0.0,17874.76,1.1
2024-07-08,12,6,LTGES0003b,3,5,257.26,0.0,2457.78,10.5
2024-07-08,12,1847,LTGES1212a,502,192,-49.53,0.0,2457.78,2.0
2024-07-08,12,441,LTGES0303,137,54,-71.72,0.0,1228.89,5.8
2024-07-08,12,1562,LTGES1028b,118,115,-220.21,0.0,8937.38,2.5
2024-07-08,12,1109,LTGES0732,509,934,-576.68,0.0,1228.89,46.9
2024-07-08,12,920,LTGES0619b,896,894,-535.67,0.0,8937.38,6.0
2024-07-08,12,811,LTGES0554b,867,379,-30.22,0.0,2457.78,1.2
2024-07-08,12,804,LTGES0551b,440,265,-37.51,0.0,845.93,4.4
2024-07-08,12,125,LTGES0087b,124,126,-796.14,0.0,8937.38,8.9
2024-07-08,12,1205,LTGES0794a,184,182,-23.85,0.0,2457.78,1.0
2024-07-08,12,1167,LTGES0768a,432,420,173.32,0.0,2457.78,7.1
2024-07-08,12,473,LTGES0327,975,765,51.61,0.0,4468.69,1.2
2024-07-08,12,98,LTGES0067a,100,101,-79.76,0.0,2457.78,3.2
2024-07-08,12,1176,LTGES0772b,519,520,2.56,0.0,2457.78,0.1
2024-07-08,12,898,LTGES0606b,280,948,-38.07,0.0,2457.78,1.5
2024-07-08,12,2274,TR_01096471,493,494,77.46,0.0,1200.0,6.5
2024-07-08,12,2174,LTGES1450,1104,296,-515.12,0.0,1228.89,41.9
2024-07-08,12,1113,LTGES0735b,936,1091,113.16,0.0,2457.78,4.6
2024-07-08,12,174,LTGES0128a,1043,898,507.07,0.0,2457.78,20.6
2024-07-08,12,1188,LTGES0778b,870,12,173.66,0.0,8937.38,1.9
2024-07-08,12,2047,LTGES1351,1050,1202,-114.86,0.0,1228.89,9.3
2024-07-08,12,1238,LTGES0812b,962,215,71.65,0.0,2457.78,2.9
2024-07-08,12,1945,LTGES1272b,645,327,-903.89,0.0,8937.38,10.1
2024-07-08,12,607,LTGES0422,830,355,403.48,0.0,1228.89,32.8
2024-07-08,12,950,LTGES0637,408,329,416.42,0.0,1228.89,33.9
2024-07-08,12,337,LTGES0234a,113,255,34.43,0.0,845.93,4.1
2024-07-08,12,354,LTGES0241b,264,261,-1.51,0.0,8937.38,0.0
2024-07-08,12,97,LTGES0066b,44,38,-145.69,0.0,2457.78,5.9
2024-07-08,12,1567,LTGES1031b,1098,547,-114.19,0.0,8937.38,1.3
2024-07-08,12,1765,LTGES1160a,380,1185,40.87,0.0,2457.78,1.7
2024-07-08,12,1784,LTGES1175b,909,485,205.79,0.0,2457.78,8.4
2024-07-08,12,2010,LTGES1326,1192,644,-13.81,0.0,1228.89,1.1
2024-07-08,12,1265,LTGES0832b,72,540,-633.4,0.0,8937.38,7.1
2024-07-08,12,1609,LTGES1058b,1146,1057,-53.05,0.0,2457.78,2.2
2024-07-08,12,235,LTGES0167b,206,872,17.26,0.0,2457.78,0.7
2024-07-08,12,824,LTGES0561b,874,202,-208.6,0.0,2457.78,8.5
2024-07-08,12,136,LTGES0098,711,710,45.72,0.0,1228.89,3.7
2024-07-08,12,848,LTGES0575a,211,881,1.51,0.0,8937.38,0.0
2024-07-08,12,148,LTGES0111a,140,141,148.31,0.0,2457.78,6.0
2024-07-08,12,819,LTGES0559a,1214,702,-193.67,0.0,2457.78,7.9
2024-07-08,12,193,LTGES0140b,172,129,-146.4,0.0,2457.78,6.0
2024-07-08,12,518,LTGES0360b,322,127,235.02,0.0,2457.78,9.6
2024-07-08,12,1067,LTGES0706,175,498,-47.23,0.0,1228.89,3.8
2024-07-08,12,508,LTGES0352b,321,89,980.45,0.0,8937.38,11.0
2024-07-08,12,1198,LTGES0790,358,694,-550.05,0.0,1228.89,44.8
2024-07-08,12,1028,LTGES0679,471,296,5.47,0.0,1228.89,0.4
2024-07-08,12,1108,LTGES0731b,509,933,47.37,0.0,2457.78,1.9
2024-07-08,12,2326,TR_a9eba461,748,749,-14.14,0.0,750.0,1.9
2024-07-08,12,929,LTGES0624b,14,683,233.01,0.0,8937.38,2.6
2024-07-08,12,1490,LTGES0979,1017,583,120.84,0.0,1228.89,9.8
2024-07-08,12,629,LTGES0436b,240,831,51.6,0.0,2457.78,2.1
2024-07-08,12,771,LTGES0533,430,70,-166.46,0.0,1228.89,13.5
2024-07-08,12,378,LTGES0258a,74,771,-56.13,0.0,8937.38,0.6
2024-07-08,12,116,LTGES0082a,114,116,132.78,0.0,2457.78,5.4
2024-07-08,12,1852,LTGES1215,421,1133,-166.49,0.0,1228.89,13.5
2024-07-08,12,1906,LTGES1249a,447,1148,93.67,0.0,8937.38,1.0
2024-07-08,12,2051,LTGES1356,1205,328,297.78,0.0,4468.69,6.7
2024-07-08,12,1755,LTGES1155a,1056,485,-80.32,0.0,3686.67,2.2
2024-07-08,12,376,LTGES0257a,124,274,3.3,0.0,8937.38,0.0
2024-07-08,12,1424,LTGES0935b,93,699,-332.86,0.0,2457.78,13.5
2024-07-08,12,241,LTGES0171,207,210,-27.26,0.0,1228.89,2.2
2024-07-08,12,455,LTGES0313,310,125,-77.37,0.0,1228.89,6.3
2024-07-08,12,1118,LTGES0738,364,510,-128.56,0.0,1228.89,10.5
2024-07-08,12,2342,TR_cbe8a5bf,11,12,-395.23,0.0,1200.0,32.9
2024-07-08,12,29,LTGES0018,26,706,-324.3,0.0,1228.89,26.4
2024-07-08,12,786,LTGES0542b,436,372,-295.13,0.0,2457.78,12.0
2024-07-08,12,1799,LTGES1182c,90,697,16.95,0.0,1268.9,1.3
2024-07-08,12,551,LTGES0382a,820,8,50.26,0.0,2457.78,2.0
2024-07-08,12,947,LTGES0635b,716,165,230.9,0.0,2457.78,9.4
2024-07-08,12,1713,LTGES1128a,182,186,68.94,0.0,2457.78,2.8
2024-07-08,12,367,LTGES0252,766,761,-70.54,0.0,1228.89,5.7
2024-07-08,12,1778,LTGES1171a,593,591,101.07,0.0,2457.78,4.1
2024-07-08,12,2095,LTGES1388a,1179,661,-0.07,0.0,2457.78,0.0
2024-07-08,12,1229,LTGES0806b,133,960,20.91,0.0,2457.78,0.9
2024-07-08,12,1585,LTGES1043,1044,329,-11.37,0.0,1228.89,0.9
2024-07-08,12,948,LTGES0636a,715,164,-21.57,0.0,845.93,2.5
2024-07-08,12,1656,LTGES1092,1232,616,-1.34,0.0,1228.89,0.1
2024-07-08,12,1759,LTGES1156b,599,485,-99.87,0.0,2457.78,4.1
2024-07-08,12,1602,LTGES1055a,729,1062,-88.24,0.0,2457.78,3.6
2024-07-08,12,1774,LTGES1167,629,631,-114.55,0.0,1228.89,9.3
2024-07-08,12,1811,LTGES1189a,154,162,9.33,0.0,8937.38,0.1
2024-07-08,12,1708,LTGES1124b,240,609,69.15,0.0,2457.78,2.8
2024-07-08,12,515,LTGES0358,67,323,471.37,0.0,4468.69,10.5
2024-07-08,12,706,LTGES0483b,69,17,-612.19,0.0,8937.38,6.8
2024-07-08,12,497,LTGES0344b,712,317,13.28,0.0,2457.78,0.5
2024-07-08,12,1477,LTGES0970,582,45,81.07,0.0,1228.89,6.6
2024-07-08,12,1553,LTGES1021a,488,918,-930.77,0.0,2457.78,37.9
2024-07-08,12,2310,TR_60f77458,91,92,-379.78,0.0,750.0,50.6
2024-07-08,12,504,LTGES0350,112,803,4.36,0.0,1228.89,0.4
2024-07-08,12,1729,LTGES1138,83,701,68.96,0.0,1228.89,5.6
2024-07-08,12,1186,LTGES0777b,870,12,173.66,0.0,8937.38,1.9
2024-07-08,12,1189,LTGES0779,203,875,336.62,0.0,4468.69,7.5
2024-07-08,12,1753,LTGES1154a,146,140,181.25,0.0,2457.78,7.4
2024-07-08,12,914,LTGES0616a,456,883,-26.2,0.0,8937.38,0.3
2024-07-08,12,1808,LTGES1187,1084,1115,-73.65,0.0,1228.89,6.0
2024-07-08,12,2299,TR_2ab84c9d,831,832,-417.05,0.0,750.0,55.6
2024-07-08,12,615,LTGES0428b,360,357,-2.59,0.0,8937.38,0.0
2024-07-08,12,1958,LTGES1283,1162,1161,555.51,0.0,1228.89,45.2
2024-07-08,12,2199,TR_b44ed123,815,816,-7.25,0.0,500.0,1.5
2024-07-08,12,1367,LTGES0898a,70,565,40.14,0.0,2457.78,1.6
2024-07-08,12,976,LTGES0652c,678,143,-450.33,0.0,13406.07,3.4
2024-07-08,12,1577,LTGES1037b,77,244,24.82,0.0,1268.9,2.0
2024-07-08,12,374,LTGES0256a,234,260,-39.79,0.0,2457.78,1.6
2024-07-08,12,2175,TR_519b8abe,70,71,-955.39,0.0,1875.0,51.0
2024-07-08,12,1814,LTGES1191,1118,82,1896.11,0.0,4468.69,42.4
2024-07-08,12,1126,LTGES0743b,364,505,-264.22,0.0,2457.78,10.8
2024-07-08,12,2099,LTGES1391a,412,383,105.86,0.0,8937.38,1.2
2024-07-08,12,886,LTGES0600,463,889,-48.68,0.0,1228.89,4.0
2024-07-08,12,1255,LTGES0825,536,537,-17.8,0.0,1228.89,1.4
2024-07-08,12,1360,LTGES0895c,562,564,185.34,0.0,4915.56,3.8
2024-07-08,12,364,LTGES0249,270,976,-25.43,0.0,1228.89,2.1
2024-07-08,12,803,LTGES0551a,440,265,-37.51,0.0,845.93,4.4
2024-07-08,12,2336,TR_13fe3810,207,208,-389.91,0.0,1200.0,32.5
2024-07-08,12,570,LTGES0394,339,333,84.15,0.0,1228.89,6.8
2024-07-08,12,1444,LTGES0950a,575,576,53.3,0.0,2457.78,2.2
2024-07-08,12,2135,LTGES1419,152,59,-2.83,0.0,1228.89,0.2
2024-07-08,12,44,LTGES0028a,3,51,83.6,0.0,2457.78,3.4
2024-07-08,12,2162,LTGES1441,1195,167,39.11,0.0,1228.89,3.2
2024-07-08,12,189,LTGES0138b,170,101,30.1,0.0,2457.78,1.2
2024-07-08,12,429,LTGES0295,305,304,132.73,0.0,1228.89,10.8
2024-07-08,12,2278,TR_59f3a3c3,358,359,508.82,0.0,1200.0,42.4
2024-07-08,12,169,LTGES0125,163,165,-0.92,0.0,1228.89,0.1
2024-07-08,12,2006,LTGES1323,327,1190,-598.7,0.0,4468.69,13.4
2024-07-08,12,94,LTGES0065a,769,38,3.4,0.0,2457.78,0.1
2024-07-08,12,288,LTGES0209a,748,234,-46.85,0.0,2457.78,1.9
2024-07-08,12,1793,LTGES1180b,255,257,38.38,0.0,845.93,4.5
2024-07-08,12,2070,LTGES1370,668,670,8.37,0.0,1228.89,0.7
2024-07-08,12,1501,LTGES0987b,97,531,43.65,0.0,2457.78,1.8
2024-07-08,12,1594,LTGES1049,608,1158,7.01,0.0,1228.89,0.6
2024-07-08,12,1662,LTGES1096b,341,1160,10.84,0.0,2457.78,0.4
2024-07-08,12,73,LTGES0048b,79,695,1.02,0.0,8937.38,0.0
2024-07-08,12,82,LTGES0055b,87,88,-45.34,0.0,2457.78,1.8
2024-07-08,12,1354,LTGES0892b,162,160,-354.7,0.0,8937.38,4.0
2024-07-08,12,902,LTGES0609,280,891,22.89,0.0,1228.89,1.9
2024-07-08,12,79,LTGES0053b,906,905,22.69,0.0,8937.38,0.3
2024-07-08,12,974,LTGES0652a,678,143,-450.33,0.0,13406.07,3.4
2024-07-08,12,1321,LTGES0869b,987,343,-231.09,0.0,2457.78,9.4
2024-07-08,12,1092,LTGES0720b,928,501,62.16,0.0,2457.78,2.5
2024-07-08,12,2237,TR_6f82474d,596,597,-33.01,0.0,500.0,6.6
2024-07-08,12,1068,LTGES0707a,499,176,-2.87,0.0,8937.38,0.0
2024-07-08,12,2296,TR_cdbd89a4,947,948,-54.45,0.0,500.0,10.9
2024-07-08,12,1761,LTGES1157b,598,484,-9.32,0.0,845.93,1.1
2024-07-08,12,507,LTGES0352a,321,89,980.45,0.0,8937.38,11.0
2024-07-08,12,2017,LTGES1329b,149,133,-42.08,0.0,2457.78,1.7
2024-07-08,12,1389,LTGES0914,569,739,-14.07,0.0,1228.89,1.1
2024-07-08,12,427,LTGES0293,93,784,-173.89,0.0,1228.89,14.1
2024-07-08,12,1981,LTGES1303b,1174,332,-53.59,0.0,2457.78,2.2
2024-07-08,12,1947,LTGES1274,654,1064,-298.17,0.0,4468.69,6.7
2024-07-08,12,1183,LTGES0776a,47,3,-131.6,0.0,2457.78,5.4
2024-07-08,12,391,LTGES0266a,275,774,2.68,0.0,2457.78,0.1
2024-07-08,12,534,LTGES0372,330,331,256.01,0.0,1228.89,20.8
2024-07-08,12,572,LTGES0395b,340,826,-249.0,0.0,2457.78,10.1
2024-07-08,12,8,LTGES0004b,7,9,-310.73,0.0,8937.38,3.5
2024-07-08,12,1767,LTGES1161,314,604,34.16,0.0,1228.89,2.8
2024-07-08,12,64,LTGES0042b,71,72,109.17,0.0,8937.38,1.2
2024-07-08,12,1654,LTGES1090,615,616,3.03,0.0,1228.89,0.2
2024-07-08,12,1017,LTGES0674b,909,911,-91.72,0.0,4915.56,1.9
2024-07-08,12,91,LTGES0063,1007,39,-452.64,0.0,4468.69,10.1
2024-07-08,12,1120,LTGES0740,937,938,57.94,0.0,1228.89,4.7
2024-07-08,12,922,LTGES0620b,894,468,-631.38,0.0,8937.38,7.1
2024-07-08,12,1489,LTGES0978b,1019,584,-36.23,0.0,2457.78,1.5
2024-07-08,12,1898,LTGES1244b,1078,620,-213.16,0.0,8937.38,2.4
2024-07-08,12,2129,LTGES1413b,929,506,-54.14,0.0,8937.38,0.6
2024-07-08,12,1702,LTGES1121,626,597,181.34,0.0,1228.89,14.8
2024-07-08,12,1915,LTGES1255a,649,650,-77.66,0.0,2457.78,3.2
2024-07-08,12,2337,TR_a35675e3,432,433,-913.34,0.0,2362.5,38.7
2024-07-08,12,726,LTGES0500b,848,413,-10.11,0.0,2457.78,0.4
2024-07-08,12,498,LTGES0345,800,862,-114.33,0.0,1228.89,9.3
2024-07-08,12,2156,LTGES1436,1213,485,-14.6,0.0,1228.89,1.2
2024-07-08,12,1686,LTGES1113b,301,625,-7.65,0.0,2457.78,0.3
2024-07-08,12,156,LTGES0115a,150,134,-361.96,0.0,8937.38,4.0
2024-07-08,12,2317,TR_d307d820,114,115,-107.82,0.0,500.0,21.6
2024-07-08,12,220,LTGES0157,180,957,15.03,0.0,1228.89,1.2
2024-07-08,12,2122,LTGES1410a,1231,22,-45.13,0.0,2457.78,1.8
2024-07-08,12,22,LTGES0013b,18,1085,34.61,0.0,2457.78,1.4
2024-07-08,12,1745,LTGES1149a,526,987,68.26,0.0,2457.78,2.8
2024-07-08,12,878,LTGES0594b,461,885,17.65,0.0,2457.78,0.7
2024-07-08,12,383,LTGES0260b,275,276,-284.41,0.0,2457.78,11.6
2024-07-08,12,1952,LTGES1278b,222,1156,1.28,0.0,2457.78,0.1
2024-07-08,12,1417,LTGES0932,916,308,77.23,0.0,1228.89,6.3
2024-07-08,12,2169,LTGES1446a,1236,394,6.55,0.0,8937.38,0.1
2024-07-08,12,324,LTGES0227b,249,251,-27.89,0.0,845.93,3.3
2024-07-08,12,861,LTGES0584,267,64,-712.24,0.0,4468.69,15.9
2024-07-08,12,700,LTGES0479,400,148,-15.21,0.0,1228.89,1.2
2024-07-08,12,490,LTGES0339b,797,796,2.92,0.0,2457.78,0.1
2024-07-08,12,2058,LTGES1360b,667,57,157.85,0.0,2457.78,6.4
2024-07-08,12,1967,LTGES1292,658,1170,1.36,0.0,1228.89,0.1
2024-07-08,12,506,LTGES0351b,128,321,964.42,0.0,8937.38,10.8
2024-07-08,12,875,LTGES0593a,276,461,30.67,0.0,2457.78,1.2
2024-07-08,12,72,LTGES0048a,79,695,1.02,0.0,8937.38,0.0
2024-07-08,12,860,LTGES0583b,882,452,8.33,0.0,2457.78,0.3
2024-07-08,12,1631,LTGES1075a,230,48,127.71,0.0,2457.78,5.2
2024-07-08,12,1088,LTGES0717b,500,927,-207.92,0.0,2457.78,8.5
2024-07-08,12,2331,TR_a3c83c97,370,371,-3.28,0.0,500.0,0.7
2024-07-08,12,667,LTGES0461a,389,982,2088.59,0.0,8937.38,23.4
2024-07-08,12,472,LTGES0326,792,201,-1.2,0.0,1228.89,0.1
2024-07-08,12,1037,LTGES0685a,918,487,-957.52,0.0,2457.78,39.0
2024-07-08,12,524,LTGES0363,808,99,0.0,0.0,4468.69,0.0
2024-07-08,12,1226,LTGES0805a,959,458,12.22,0.0,2457.78,0.5
2024-07-08,12,767,LTGES0530,862,712,177.92,0.0,1228.89,14.5
2024-07-08,12,145,LTGES0108b,135,138,121.15,0.0,2457.78,4.9
2024-07-08,12,36,LTGES0022,37,39,493.37,0.0,4468.69,11.0
2024-07-08,12,1082,LTGES0714b,192,503,-97.35,0.0,2457.78,4.0
2024-07-08,12,2267,TR_d11f8e41,45,46,-318.07,0.0,1200.0,26.5
2024-07-08,12,1543,LTGES1015b,225,600,111.29,0.0,2457.78,4.5
2024-07-08,12,353,LTGES0241a,264,261,-1.51,0.0,8937.38,0.0
2024-07-08,12,1325,LTGES0872,526,1097,61.41,0.0,1228.89,5.0
2024-07-08,12,1509,LTGES0992,587,588,-152.59,0.0,1228.89,12.4
2024-07-08,12,232,LTGES0166a,205,203,927.25,0.0,8937.38,10.4
2024-07-08,12,407,LTGES0279,289,286,-19.4,0.0,1228.89,1.6
2024-07-08,12,1648,LTGES1087a,58,705,1093.97,0.0,8937.38,12.2
2024-07-08,12,54,LTGES0035,690,63,94.45,0.0,1228.89,7.7
2024-07-08,12,1931,LTGES1265a,444,866,13.0,0.0,2457.78,0.5
2024-07-08,12,101,LTGES0069a,105,874,-138.05,0.0,2457.78,5.6
2024-07-08,12,724,LTGES0499,413,262,-23.98,0.0,1228.89,2.0
2024-07-08,12,792,LTGES0545b,437,439,-36.31,0.0,2457.78,1.5
2024-07-08,12,715,LTGES0491,846,405,-184.06,0.0,1228.89,15.0
2024-07-08,12,1605,LTGES1056b,260,233,40.78,0.0,2457.78,1.7
2024-07-08,12,945,LTGES0634,157,651,-543.45,0.0,1228.89,44.2
2024-07-08,12,1054,LTGES0696,491,1057,-193.02,0.0,1228.89,15.7
2024-07-08,12,1115,LTGES0736b,936,935,25.81,0.0,2457.78,1.1
2024-07-08,12,1672,LTGES1103b,894,895,48.98,0.0,8937.38,0.5
2024-07-08,12,335,LTGES0233a,114,256,295.33,0.0,2457.78,12.0
2024-07-08,12,630,LTGES0437a,238,363,1.31,0.0,8937.38,0.0
2024-07-08,12,2319,TR_c51f01d1,117,118,-407.8,0.0,1875.0,21.7
2024-07-08,12,168,LTGES0124b,160,714,413.91,0.0,8937.38,4.6
2024-07-08,12,1405,LTGES0923b,999,550,-9.91,0.0,2457.78,0.4
2024-07-08,12,403,LTGES0276,288,285,-40.67,0.0,1228.89,3.3
2024-07-08,12,2315,TR_cc6607e7,266,267,95.82,0.0,750.0,12.8
2024-07-08,12,1522,LTGES1003a,1027,1028,-508.95,0.0,2457.78,20.7
2024-07-08,12,1013,LTGES0673b,910,912,-43.53,0.0,17874.76,0.2
2024-07-08,12,270,LTGES0196,343,958,133.69,0.0,1228.89,10.9
2024-07-08,12,2198,TR_39a719b5,817,818,-6.56,0.0,500.0,1.3
2024-07-08,12,476,LTGES0329a,762,764,-16.93,0.0,2457.78,0.7
2024-07-08,12,1027,LTGES0678b,913,471,-2.16,0.0,2457.78,0.1
2024-07-08,12,1435,LTGES0943,573,1082,168.0,0.0,4468.69,3.8
2024-07-08,12,1433,LTGES0942a,851,573,286.22,0.0,8937.38,3.2
2024-07-08,12,954,LTGES0639b,473,35,7.27,0.0,8937.38,0.1
2024-07-08,12,453,LTGES0312a,542,110,-1079.2,0.0,8937.38,12.1
2024-07-08,12,1815,LTGES1192,76,14,-503.68,0.0,4468.69,11.3
2024-07-08,12,88,LTGES0060,98,1012,155.46,0.0,4468.69,3.5
2024-07-08,12,883,LTGES0598,462,888,5.19,0.0,1228.89,0.4
2024-07-08,12,2229,TR_8a0345e0,393,394,6.3,0.0,1875.0,0.3
2024-07-08,12,1791,LTGES1179b,256,258,275.87,0.0,2457.78,11.2
2024-07-08,12,743,LTGES0511b,167,961,305.75,0.0,2457.78,12.4
2024-07-08,12,1273,LTGES0837b,544,545,87.4,0.0,2457.78,3.6
2024-07-08,12,77,LTGES0052,85,55,-736.83,0.0,4468.69,16.5
2024-07-08,12,596,LTGES0412,349,347,-461.99,0.0,4468.69,10.3
2024-07-08,12,2003,LTGES1321a,1181,374,-0.0,0.0,8937.38,0.0
2024-07-08,12,972,LTGES0651a,200,903,-455.32,0.0,8937.38,5.1
2024-07-08,12,449,LTGES0309b,308,196,-87.58,0.0,2457.78,3.6
2024-07-08,12,1084,LTGES0715b,927,504,62.62,0.0,2457.78,2.5
2024-07-08,12,387,LTGES0262b,278,773,13.97,0.0,2457.78,0.6
2024-07-08,12,620,LTGES0431,75,357,1003.87,0.0,4468.69,22.5
2024-07-08,12,2311,TR_1d98b925,697,698,-66.6,0.0,500.0,13.3
2024-07-08,12,450,LTGES0310a,677,309,85.53,0.0,2457.78,3.5
2024-07-08,12,1322,LTGES0870,6,559,8.93,0.0,1228.89,0.7
2024-07-08,12,2305,TR_a7560d62,120,121,-78.58,0.0,750.0,10.5
2024-07-08,12,906,LTGES0611b,300,266,242.78,0.0,2457.78,9.9
2024-07-08,12,586,LTGES0407a,346,347,-902.23,0.0,8937.38,10.1
2024-07-08,12,971,LTGES0650c,904,31,-1254.43,0.0,13406.07,9.4
2024-07-08,12,635,LTGES0440,248,931,-2118.83,0.0,4468.69,47.4
2024-07-08,12,43,LTGES0027b,50,915,1078.94,0.0,8937.38,12.1
2024-07-08,12,1093,LTGES0721,350,507,1766.67,0.0,4468.69,39.5
2024-07-08,12,1208,LTGES0795b,334,35,508.38,0.0,8937.38,5.7
2024-07-08,12,1445,LTGES0950b,575,576,53.3,0.0,2457.78,2.2
2024-07-08,12,2329,TR_314cfd1c,440,441,36.48,0.0,500.0,7.3
2024-07-08,12,1717,LTGES1130,492,502,-128.85,0.0,1228.89,10.5
2024-07-08,12,1004,LTGES0669a,908,13,265.89,0.0,2457.78,10.8
2024-07-08,12,893,LTGES0604b,280,892,159.73,0.0,3686.67,4.3
2024-07-08,12,1531,LTGES1008b,432,594,77.08,0.0,2457.78,3.1
2024-07-08,12,1277,LTGES0840,546,72,-688.91,0.0,4468.69,15.4
2024-07-08,12,530,LTGES0369,330,811,-177.77,0.0,1228.89,14.5
2024-07-08,12,602,LTGES0418,1124,828,282.4,0.0,1228.89,23.0
2024-07-08,12,2115,LTGES1403,671,644,665.34,0.0,1228.89,54.1
2024-07-08,12,1344,LTGES0887,724,973,146.44,0.0,4468.69,3.3
2024-07-08,12,703,LTGES0482a,403,705,-1092.72,0.0,8937.38,12.2
2024-07-08,12,2330,TR_8c3372a7,368,369,-3.25,0.0,500.0,0.6
2024-07-08,12,594,LTGES0411a,827,346,-29.24,0.0,8937.38,0.3
2024-07-08,12,651,LTGES0451a,367,208,969.91,0.0,8937.38,10.9
2024-07-08,12,1046,LTGES0690,487,489,-802.58,0.0,1228.89,65.3
2024-07-08,12,1976,LTGES1299b,657,411,-0.67,0.0,2457.78,0.0
2024-07-08,12,1253,LTGES0823b,968,189,-196.82,0.0,2457.78,8.0
2024-07-08,12,932,LTGES0626,469,470,363.29,0.0,1228.89,29.6
2024-07-08,12,962,LTGES0644,1079,475,219.59,0.0,1228.89,17.9
2024-07-08,12,522,LTGES0362b,807,325,51.17,0.0,3686.67,1.4
2024-07-08,12,1838,LTGES1208a,637,1130,26.0,0.0,4915.56,0.5
2024-07-08,12,9,LTGES0005,10,861,2.59,0.0,4468.69,0.1
2024-07-08,12,1117,LTGES0737b,936,364,-146.15,0.0,2457.78,5.9
2024-07-08,12,2219,TR_dd3b02ef,220,221,-117.45,0.0,750.0,15.7
2024-07-08,12,1272,LTGES0837a,544,545,87.4,0.0,2457.78,3.6
2024-07-08,12,1532,LTGES1009a,595,1030,-81.15,0.0,8937.38,0.9
2024-07-08,12,552,LTGES0382b,820,8,50.26,0.0,2457.78,2.0
2024-07-08,12,192,LTGES0140a,172,129,-146.4,0.0,2457.78,6.0
2024-07-08,12,12,LTGES0008,16,920,-536.83,0.0,1228.89,43.7
2024-07-08,12,1342,LTGES0885,974,764,17.56,0.0,1228.89,1.4
2024-07-08,12,357,LTGES0244,80,759,-684.19,0.0,4468.69,15.3
2024-07-08,12,1382,LTGES0908,541,125,95.6,0.0,1228.89,7.8
2024-07-08,12,1885,LTGES1236a,679,648,46.95,0.0,2457.78,1.9
2024-07-08,12,417,LTGES0287a,295,296,776.89,0.0,2457.78,31.6
2024-07-08,12,1700,LTGES1120c,1,626,6.63,0.0,4915.56,0.1
2024-07-08,12,1608,LTGES1058a,1146,1057,-53.05,0.0,2457.78,2.2
2024-07-08,12,694,LTGES0475,395,398,-62.2,0.0,1228.89,5.1
2024-07-08,12,2056,LTGES1359b,109,172,-145.29,0.0,2457.78,5.9
2024-07-08,12,1157,LTGES0762a,111,946,642.26,0.0,8937.38,7.2
2024-07-08,12,1260,LTGES0828,969,537,-0.78,0.0,1228.89,0.1
2024-07-08,12,426,LTGES0292,783,302,120.65,0.0,1228.89,9.8
2024-07-08,12,991,LTGES0661a,904,477,1432.75,0.0,8937.38,16.0
2024-07-08,12,539,LTGES0375a,9,334,89.98,0.0,8937.38,1.0
2024-07-08,12,2034,LTGES1340,1117,1070,25.43,0.0,1228.89,2.1
2024-07-08,12,1301,LTGES0857,522,951,2.77,0.0,1228.89,0.2
2024-07-08,12,2038,LTGES1344,1199,657,-0.63,0.0,1228.89,0.1
2024-07-08,12,1340,LTGES0883b,769,222,-122.71,0.0,2457.78,5.0
2024-07-08,12,1014,LTGES0673c,910,912,-43.53,0.0,17874.76,0.2
2024-07-08,12,761,LTGES0526,45,427,63.61,0.0,1228.89,5.2
2024-07-08,12,610,LTGES0424b,830,354,5.72,0.0,2457.78,0.2
2024-07-08,12,1660,LTGES1095,475,618,-58.89,0.0,1228.89,4.8
2024-07-08,12,739,LTGES0508b,33,19,-1871.41,0.0,8937.38,20.9
2024-07-08,12,2059,LTGES1361a,650,868,-102.19,0.0,2457.78,4.2
2024-07-08,12,1259,LTGES0827c,1005,313,-50.22,0.0,3686.67,1.4
2024-07-08,12,1317,LTGES0867b,987,527,301.42,0.0,2457.78,12.3
2024-07-08,12,1803,LTGES1184a,610,423,-2.42,0.0,2457.78,0.1
2024-07-08,12,1398,LTGES0918b,997,976,-33.15,0.0,3686.67,0.9
2024-07-08,12,1610,LTGES1061,394,10,622.62,0.0,4468.69,13.9
2024-07-08,12,179,LTGES0131,163,165,-0.91,0.0,1228.89,0.1
2024-07-08,12,993,LTGES0662a,905,268,-1154.45,0.0,8937.38,12.9
2024-07-08,12,905,LTGES0611a,300,266,242.78,0.0,2457.78,9.9
2024-07-08,12,2210,TR_86452e13,186,187,65.94,0.0,500.0,13.2
2024-07-08,12,1406,LTGES0924,980,552,200.76,0.0,1228.89,16.3
2024-07-08,12,782,LTGES0540b,373,205,-1309.36,0.0,8937.38,14.7
2024-07-08,12,2263,TR_026f4709,606,607,234.65,0.0,1200.0,19.6
2024-07-08,12,1320,LTGES0869a,987,343,-231.09,0.0,2457.78,9.4
2024-07-08,12,239,LTGES0169b,208,203,347.28,0.0,8937.38,3.9
2024-07-08,12,911,LTGES0614,893,409,-0.02,0.0,1228.89,0.0
2024-07-08,12,1200,LTGES0791b,694,525,-370.5,0.0,2457.78,15.1
2024-07-08,12,737,LTGES0507b,28,32,68.47,0.0,2457.78,2.8
2024-07-08,12,1032,LTGES0681c,89,915,-976.03,0.0,13406.07,7.3
2024-07-08,12,1822,LTGES1199a,1120,1116,-9.96,0.0,2457.78,0.4
2024-07-08,12,889,LTGES0602,463,890,13.02,0.0,1228.89,1.1
2024-07-08,12,1528,LTGES1006b,592,301,223.65,0.0,2457.78,9.1
2024-07-08,12,2074,LTGES1373a,696,87,-29.79,0.0,2457.78,1.2
2024-07-08,12,2090,LTGES1385a,622,409,32.52,0.0,2457.78,1.3
2024-07-08,12,525,LTGES0364,809,1143,0.0,0.0,4468.69,0.0
2024-07-08,12,1403,LTGES0922,550,980,198.36,0.0,1228.89,16.1
2024-07-08,12,488,LTGES0338,315,302,-36.69,0.0,1228.89,3.0
2024-07-08,12,2107,LTGES1396,275,1221,21.2,0.0,1228.89,1.7
2024-07-08,12,1817,LTGES1193b,467,632,64.58,0.0,2457.78,2.6
2024-07-08,12,2109,LTGES1398,1209,670,-0.37,0.0,1228.89,0.0
2024-07-08,12,2039,LTGES1345a,460,665,28.46,0.0,2457.78,1.2
2024-07-08,12,458,LTGES0316,125,201,261.74,0.0,1228.89,21.3
2024-07-08,12,745,LTGES0513,853,1008,66.8,0.0,1228.89,5.4
2024-07-08,12,696,LTGES0477a,840,393,-24.0,0.0,2457.78,1.0
2024-07-08,12,1865,LTGES1224,693,248,2029.94,0.0,4468.69,45.4
2024-07-08,12,1450,LTGES0953a,577,576,-45.76,0.0,2457.78,1.9
2024-07-08,12,1541,LTGES1014b,73,1033,43.09,0.0,2457.78,1.8
2024-07-08,12,1877,LTGES1232a,383,1141,179.91,0.0,8937.38,2.0
2024-07-08,12,668,LTGES0461b,389,982,2088.59,0.0,8937.38,23.4
2024-07-08,12,2091,LTGES1385b,622,409,32.52,0.0,2457.78,1.3
2024-07-08,12,45,LTGES0028b,3,51,83.6,0.0,2457.78,3.4
2024-07-08,12,1427,LTGES0938,854,736,-171.85,0.0,1228.89,14.0
2024-07-08,12,1663,LTGES1097a,34,426,-232.96,0.0,2457.78,9.5
2024-07-08,12,1910,LTGES1251a,1148,869,12.28,0.0,8937.38,0.1
2024-07-08,12,436,LTGES0300,785,93,-386.73,0.0,1228.89,31.5
2024-07-08,12,527,LTGES0366,328,810,1002.31,0.0,4468.69,22.4
2024-07-08,12,1581,LTGES1040,319,316,12.79,0.0,1228.89,1.0
2024-07-08,12,2153,LTGES1433,1208,25,-17.06,0.0,1228.89,1.4
2024-07-08,12,440,LTGES0302b,264,261,-1.55,0.0,8937.38,0.0
2024-07-08,12,872,LTGES0591a,459,460,11.23,0.0,2457.78,0.5
2024-07-08,12,1002,LTGES0667b,147,483,-1886.99,0.0,8937.38,21.1
2024-07-08,12,105,LTGES0072,108,107,-75.38,0.0,1228.89,6.1
2024-07-08,12,1872,LTGES1228b,184,627,-19.42,0.0,2457.78,0.8
2024-07-08,12,1916,LTGES1255b,649,650,-77.66,0.0,2457.78,3.2
2024-07-08,12,547,LTGES0380a,818,816,-47.8,0.0,2457.78,1.9
2024-07-08,12,400,LTGES0273,286,285,143.77,0.0,1228.89,11.7
2024-07-08,12,695,LTGES0476,398,840,-65.23,0.0,1228.89,5.3
2024-07-08,12,480,LTGES0331a,302,784,-26.59,0.0,2457.78,1.1
2024-07-08,12,728,LTGES0501b,847,413,-0.9,0.0,2457.78,0.0
2024-07-08,12,1214,LTGES0798,182,184,15.57,0.0,1228.89,1.3
2024-07-08,12,744,LTGES0512,1008,853,-66.18,0.0,1228.89,5.4
2024-07-08,12,296,LTGES0213,751,122,-1646.62,0.0,4468.69,36.8
2024-07-08,12,1679,LTGES1109b,441,375,312.38,0.0,2457.78,12.7
2024-07-08,12,722,LTGES0498a,64,412,112.77,0.0,8937.38,1.3
2024-07-08,12,1039,LTGES0686,919,488,-16.93,0.0,1228.89,1.4
2024-07-08,12,775,LTGES0536,857,425,165.96,0.0,1228.89,13.5
2024-07-08,12,1103,LTGES0728b,241,930,750.93,0.0,8937.38,8.4
2024-07-08,12,625,LTGES0434,832,357,-997.05,0.0,4468.69,22.3
2024-07-08,12,1247,LTGES0820a,533,534,-161.0,0.0,2457.78,6.6
2024-07-08,12,1962,LTGES1287,1164,657,-0.53,0.0,1228.89,0.0
2024-07-08,12,50,LTGES0032,689,60,-122.79,0.0,1228.89,10.0
2024-07-08,12,526,LTGES0365,327,328,-218.46,0.0,4468.69,4.9
2024-07-08,12,1674,LTGES1105a,142,1142,3.05,0.0,2457.78,0.1
2024-07-08,12,624,LTGES0433b,1145,350,-420.0,0.0,8937.38,4.7
2024-07-08,12,162,LTGES0120a,156,69,345.73,0.0,8937.38,3.9
2024-07-08,12,1639,LTGES1080b,22,611,-238.18,0.0,2457.78,9.7
2024-07-08,12,392,LTGES0266b,275,774,2.68,0.0,2457.78,0.1
2024-07-08,12,63,LTGES0042a,71,72,109.17,0.0,8937.38,1.2
2024-07-08,12,92,LTGES0064a,692,769,-118.17,0.0,2457.78,4.8
2024-07-08,12,1757,LTGES1155c,1056,485,-80.32,0.0,3686.67,2.2
2024-07-08,12,2242,TR_d45a10b0,630,631,-402.09,0.0,1200.0,33.5
2024-07-08,12,1299,LTGES0855b,521,950,-9.8,0.0,2457.78,0.4
2024-07-08,12,1775,LTGES1168,628,630,21.49,0.0,422.97,5.1
2024-07-08,12,214,LTGES0153a,813,767,-95.45,0.0,2457.78,3.9
2024-07-08,12,1917,LTGES1256,955,159,-12.44,0.0,1228.89,1.0
2024-07-08,12,573,LTGES0396,339,902,-32.19,0.0,1228.89,2.6
2024-07-08,12,1387,LTGES0913a,569,996,6.19,0.0,2457.78,0.3
2024-07-08,12,780,LTGES0539b,434,432,-29.5,0.0,2457.78,1.2
2024-07-08,12,949,LTGES0636b,715,164,-21.57,0.0,845.93,2.5
2024-07-08,12,1071,LTGES0708b,924,175,-21.85,0.0,2457.78,0.9
2024-07-08,12,999,LTGES0665,956,481,-7.75,0.0,1228.89,0.6
2024-07-08,12,671,LTGES0463a,375,380,194.99,0.0,2457.78,7.9
2024-07-08,12,812,LTGES0555a,445,446,-108.46,0.0,2457.78,4.4
2024-07-08,12,2224,TR_24f95bfa,40,41,-46.45,0.0,750.0,6.2
2024-07-08,12,2029,LTGES1337,1141,647,1121.55,0.0,4468.69,25.1
2024-07-08,12,1262,LTGES0830,538,994,27.27,0.0,1228.89,2.2
2024-07-08,12,719,LTGES0495,408,331,277.98,0.0,1228.89,22.6
2024-07-08,12,1409,LTGES0926b,1001,571,-0.87,0.0,2457.78,0.0
2024-07-08,12,1892,LTGES1241a,135,65,-53.87,0.0,2457.78,2.2
2024-07-08,12,1569,LTGES1032b,375,369,79.35,0.0,2457.78,3.2
2024-07-08,12,2322,TR_f8ac356f,234,235,-14.12,0.0,500.0,2.8
2024-07-08,12,544,LTGES0378a,333,34,-20.85,0.0,2457.78,0.8
2024-07-08,12,275,LTGES0201a,863,3,62.08,0.0,2457.78,2.5
2024-07-08,12,1707,LTGES1124a,240,609,69.15,0.0,2457.78,2.8
2024-07-08,12,826,LTGES0562b,419,3,-136.53,0.0,2457.78,5.6
2024-07-08,12,2266,TR_a5cf368f,427,428,-201.04,0.0,750.0,26.8
2024-07-08,12,1806,LTGES1185b,220,42,-28.16,0.0,2457.78,1.1
2024-07-08,12,1934,LTGES1266b,329,644,246.01,0.0,2457.78,10.0
2024-07-08,12,940,LTGES0631a,897,898,-30.44,0.0,2457.78,1.2
2024-07-08,12,899,LTGES0607a,279,947,23.6,0.0,845.93,2.8
2024-07-08,12,1664,LTGES1097b,34,426,-232.96,0.0,2457.78,9.5
2024-07-08,12,516,LTGES0359,324,112,76.6,0.0,1228.89,6.2
2024-07-08,12,1536,LTGES1011b,597,599,-10.16,0.0,2457.78,0.4
2024-07-08,12,2215,TR_4329bc31,177,178,95.65,0.0,750.0,12.8
2024-07-08,12,286,LTGES0208a,749,235,-696.97,0.0,8937.38,7.8
2024-07-08,12,1573,LTGES1036a,78,245,200.33,0.0,3686.67,5.4
2024-07-08,12,2037,LTGES1343,1049,402,-131.95,0.0,1228.89,10.7
2024-07-08,12,2269,TR_c22e81d6,293,294,-86.53,0.0,500.0,17.3
2024-07-08,12,1451,LTGES0953b,577,576,-45.76,0.0,2457.78,1.9
2024-07-08,12,1870,LTGES1227b,646,338,111.97,0.0,2457.78,4.6
2024-07-08,12,459,LTGES0317,310,311,109.89,0.0,1228.89,8.9
2024-07-08,12,2080,LTGES1378,477,478,1019.13,0.0,4468.69,22.8
2024-07-08,12,465,LTGES0322a,306,782,-345.16,0.0,2457.78,14.0
2024-07-08,12,652,LTGES0451b,367,208,969.91,0.0,8937.38,10.9
2024-07-08,12,1012,LTGES0673a,910,912,-43.53,0.0,17874.76,0.2
2024-07-08,12,1128,LTGES0744b,508,512,51.74,0.0,2457.78,2.1
2024-07-08,12,779,LTGES0539a,434,432,-29.5,0.0,2457.78,1.2
2024-07-08,12,308,LTGES0221a,245,121,168.92,0.0,3686.67,4.6
2024-07-08,12,110,LTGES0077,55,89,-2596.64,0.0,4468.69,58.1
2024-07-08,12,1393,LTGES0916b,976,723,-36.59,0.0,2457.78,1.5
2024-07-08,12,2257,TR_4a6d455c,144,145,-57.81,0.0,750.0,7.7
2024-07-08,12,1146,LTGES0755a,400,943,883.52,0.0,2457.78,35.9
2024-07-08,12,1812,LTGES1189b,154,162,9.33,0.0,8937.38,0.1
2024-07-08,12,1090,LTGES0719,926,498,131.14,0.0,1228.89,10.7
2024-07-08,12,606,LTGES0421b,353,829,3.09,0.0,2457.78,0.1
2024-07-08,12,943,LTGES0632b,1099,469,-4.09,0.0,2457.78,0.2
2024-07-08,12,1370,LTGES0900a,990,777,617.39,0.0,8937.38,6.9
2024-07-08,12,1703,LTGES1122a,626,1,-4.36,0.0,2457.78,0.2
2024-07-08,12,1744,LTGES1148b,318,800,-40.38,0.0,2457.78,1.6
2024-07-08,12,231,LTGES0165b,203,53,210.56,0.0,8937.38,2.4
2024-07-08,12,1565,LTGES1030b,7,183,166.78,0.0,8937.38,1.9
2024-07-08,12,1034,LTGES0683,56,197,215.81,0.0,1228.89,17.6
2024-07-08,12,1641,LTGES1082,431,201,-269.06,0.0,1228.89,21.9
2024-07-08,12,1065,LTGES0704,1116,496,-40.61,0.0,1228.89,3.3
2024-07-08,12,1021,LTGES0675b,910,486,55.68,0.0,8937.38,0.6
2024-07-08,12,384,LTGES0261a,277,772,-2029.92,0.0,8937.38,22.7
2024-07-08,12,1582,LTGES1041,1042,604,-30.23,0.0,1228.89,2.5
2024-07-08,12,1374,LTGES0903,740,62,-416.93,0.0,4468.69,9.3
2024-07-08,12,1141,LTGES0752b,516,943,-3.88,0.0,2457.78,0.2
2024-07-08,12,1839,LTGES1208b,637,1130,26.0,0.0,4915.56,0.5
2024-07-08,12,173,LTGES0127b,899,1043,459.85,0.0,2457.78,18.7
2024-07-08,12,1418,LTGES0933,305,304,126.44,0.0,1228.89,10.3
2024-07-08,12,2221,TR_07f999e0,175,176,-33.37,0.0,1200.0,2.8
2024-07-08,12,233,LTGES0166b,205,203,927.25,0.0,8937.38,10.4
2024-07-08,12,1993,LTGES1313,924,767,26.79,0.0,1228.89,2.2
2024-07-08,12,798,LTGES0548b,439,442,53.49,0.0,2457.78,2.2
2024-07-08,12,1206,LTGES0794b,184,182,-23.85,0.0,2457.78,1.0
2024-07-08,12,2178,TR_3d4e3db8,541,542,-77.0,0.0,750.0,10.3
2024-07-08,12,1563,LTGES1029,1076,1122,0.0,0.0,4468.69,0.0
2024-07-08,12,130,LTGES0092,41,678,-967.08,0.0,4468.69,21.6
2024-07-08,12,1570,LTGES1033,1036,371,-6.8,0.0,1228.89,0.6
2024-07-08,12,1671,LTGES1103a,894,895,48.98,0.0,8937.38,0.5
2024-07-08,12,579,LTGES0402,901,342,-83.43,0.0,1228.89,6.8
2024-07-08,12,2151,LTGES1431,1168,61,-15.68,0.0,4468.69,0.4
2024-07-08,12,1943,LTGES1271,639,1153,0.66,0.0,1228.89,0.1
2024-07-08,12,1225,LTGES0804,133,959,13.3,0.0,1228.89,1.1
2024-07-08,12,1616,LTGES1065a,611,296,-325.78,0.0,2457.78,13.3
2024-07-08,12,2007,LTGES1324,1191,640,8.21,0.0,1228.89,0.7
2024-07-08,12,901,LTGES0608,465,1123,6.74,0.0,1228.89,0.5
2024-07-08,12,1073,LTGES0709b,926,500,-129.3,0.0,2457.78,5.3
2024-07-08,12,720,LTGES0496,409,410,61.89,0.0,1228.89,5.0
2024-07-08,12,108,LTGES0075,687,720,851.29,0.0,4468.69,19.1
2024-07-08,12,1658,LTGES1094a,476,35,249.5,0.0,8937.38,2.8
2024-07-08,12,100,LTGES0068,102,103,-84.36,0.0,1228.89,6.9
2024-07-08,12,2132,LTGES1416,482,562,-707.81,0.0,1228.89,57.6
2024-07-08,12,597,LTGES0413,347,348,-465.3,0.0,4468.69,10.4
2024-07-08,12,1630,LTGES1074,206,213,354.3,0.0,1228.89,28.8
2024-07-08,12,1233,LTGES0810a,961,530,199.97,0.0,2457.78,8.1
2024-07-08,12,46,LTGES0029a,51,52,9.64,0.0,2457.78,0.4
2024-07-08,12,532,LTGES0370b,330,812,1.06,0.0,2457.78,0.0
2024-07-08,12,444,LTGES0305b,307,706,-56.0,0.0,2457.78,2.3
2024-07-08,12,735,LTGES0506b,29,33,-762.35,0.0,8937.38,8.5
2024-07-08,12,1953,LTGES1279,1218,63,-0.86,0.0,1228.89,0.1
2024-07-08,12,151,LTGES0112b,143,145,466.42,0.0,8937.38,5.2
2024-07-08,12,147,LTGES0110,41,218,692.1,0.0,4468.69,15.5
2024-07-08,12,1900,LTGES1245b,503,175,-82.46,0.0,2457.78,3.4
2024-07-08,12,1653,LTGES1089b,243,67,-2072.4,0.0,8937.38,23.2
2024-07-08,12,736,LTGES0507a,28,32,68.47,0.0,2457.78,2.8
2024-07-08,12,454,LTGES0312b,542,110,-1079.2,0.0,8937.38,12.1
2024-07-08,12,342,LTGES0236b,257,757,37.11,0.0,845.93,4.4
2024-07-08,12,180,LTGES0132,718,716,334.93,0.0,1228.89,27.3
2024-07-08,12,135,LTGES0096,720,41,846.32,0.0,4468.69,18.9
2024-07-08,12,1823,LTGES1199b,1120,1116,-9.96,0.0,2457.78,0.4
2024-07-08,12,1228,LTGES0806a,133,960,20.91,0.0,2457.78,0.9
2024-07-08,12,48,LTGES0030,54,56,-292.91,0.0,1228.89,23.8
2024-07-08,12,592,LTGES0410a,348,351,-1206.75,0.0,8937.38,13.5
2024-07-08,12,408,LTGES0280,284,286,214.32,0.0,1228.89,17.4
2024-07-08,12,1661,LTGES1096a,341,1160,10.84,0.0,2457.78,0.4
2024-07-08,12,262,LTGES0189,739,220,-15.56,0.0,1228.89,1.3
2024-07-08,12,1331,LTGES0876b,42,26,48.31,0.0,2457.78,2.0
2024-07-08,12,1495,LTGES0983,585,97,-50.37,0.0,1228.89,4.1
2024-07-08,12,1035,LTGES0684a,911,142,-161.62,0.0,2457.78,6.6
2024-07-08,12,32,LTGES0020a,33,29,747.58,0.0,8937.38,8.4
2024-07-08,12,405,LTGES0278a,775,289,-31.7,0.0,2457.78,1.3
2024-07-08,12,334,LTGES0232b,253,113,29.01,0.0,845.93,3.4
2024-07-08,12,1779,LTGES1171b,593,591,101.07,0.0,2457.78,4.1
2024-07-08,12,2,LTGES0001b,1,2,-102.79,0.0,2457.78,4.2
2024-07-08,12,1181,LTGES0775a,225,47,50.92,0.0,2457.78,2.1
2024-07-08,12,183,LTGES0134,165,157,-452.56,0.0,1228.89,36.8
2024-07-08,12,1122,LTGES0741b,511,937,-118.01,0.0,2457.78,4.8
2024-07-08,12,2195,TR_82ae89fc,553,554,-250.66,0.0,1200.0,20.9
2024-07-08,12,1399,LTGES0918c,997,976,-33.15,0.0,3686.67,0.9
2024-07-08,12,2063,LTGES1363a,71,429,-622.84,0.0,8937.38,7.0
2024-07-08,12,51,LTGES0033a,62,55,-1072.73,0.0,8937.38,12.0
2024-07-08,12,752,LTGES0519b,856,1138,7.16,0.0,2457.78,0.3
2024-07-08,12,849,LTGES0575b,211,881,1.51,0.0,8937.38,0.0
2024-07-08,12,1957,LTGES1282,1189,17,666.4,0.0,4468.69,14.9
2024-07-08,12,2225,TR_5c931ebf,762,763,-45.48,0.0,500.0,9.1
2024-07-08,12,1515,LTGES0996,589,590,78.97,0.0,1228.89,6.4
2024-07-08,12,2035,LTGES1341,640,1134,3.68,0.0,1228.89,0.3
2024-07-08,12,141,LTGES0105,137,86,-160.98,0.0,1228.89,13.1
2024-07-08,12,1525,LTGES1005a,212,592,209.44,0.0,2457.78,8.5
2024-07-08,12,1781,LTGES1173a,1108,1107,498.34,0.0,3574.95,13.9
2024-07-08,12,340,LTGES0235b,258,758,199.48,0.0,2457.78,8.1
2024-07-08,12,278,LTGES0203,721,154,-149.27,0.0,4468.69,3.3
2024-07-08,12,1297,LTGES0854b,209,3,161.07,0.0,2457.78,6.6
2024-07-08,12,1796,LTGES1181c,91,698,243.91,0.0,3686.67,6.6
2024-07-08,12,2119,LTGES1407,651,672,-165.43,0.0,1228.89,13.5
2024-07-08,12,1381,LTGES0907b,971,538,13.99,0.0,2457.78,0.6
2024-07-08,12,1749,LTGES1151,197,916,245.17,0.0,1228.89,20.0
2024-07-08,12,1871,LTGES1228a,184,627,-19.42,0.0,2457.78,0.8
2024-07-08,12,1549,LTGES1018b,51,601,17.15,0.0,2457.78,0.7
2024-07-08,12,1064,LTGES0703b,497,7,-284.91,0.0,8937.38,3.2
2024-07-08,12,747,LTGES0515,408,421,-456.71,0.0,1228.89,37.2
2024-07-08,12,1248,LTGES0820b,533,534,-161.0,0.0,2457.78,6.6
2024-07-08,12,1346,LTGES0888b,104,998,154.97,0.0,8937.38,1.7
2024-07-08,12,2241,TR_b47b078a,628,629,-160.17,0.0,500.0,32.0
2024-07-08,12,218,LTGES0155,191,193,-846.85,0.0,4468.69,19.0
2024-07-08,12,612,LTGES0426,356,239,1949.72,0.0,4468.69,43.6
2024-07-08,12,631,LTGES0437b,238,363,1.31,0.0,8937.38,0.0
2024-07-08,12,2335,TR_5b9e4f80,372,373,-1184.92,0.0,2362.5,50.2
2024-07-08,12,877,LTGES0594a,461,885,17.65,0.0,2457.78,0.7
2024-07-08,12,1742,LTGES1147,1096,230,-128.09,0.0,1228.89,10.4
2024-07-08,12,832,LTGES0565a,870,875,-127.73,0.0,8937.38,1.4
2024-07-08,12,836,LTGES0567,267,759,196.92,0.0,4468.69,4.4
2024-07-08,12,1372,LTGES0901,62,776,-267.01,0.0,4468.69,6.0
2024-07-08,12,237,LTGES0168b,206,202,-253.69,0.0,2457.78,10.3
2024-07-08,12,2308,TR_7cb91515,253,254,-43.65,0.0,500.0,8.7
2024-07-08,12,2171,LTGES1447,1081,1018,-113.49,0.0,1228.89,9.2
2024-07-08,12,713,LTGES0490a,845,405,197.13,0.0,2457.78,8.0
2024-07-08,12,419,LTGES0288a,298,948,65.3,0.0,2457.78,2.7
2024-07-08,12,1051,LTGES0694b,1063,489,-14.56,0.0,2457.78,0.6
2024-07-08,12,1650,LTGES1088a,155,157,-37.39,0.0,2457.78,1.5
2024-07-08,12,1348,LTGES0889b,103,997,-57.06,0.0,2457.78,2.3
2024-07-08,12,1899,LTGES1245a,503,175,-82.46,0.0,2457.78,3.4
2024-07-08,12,1932,LTGES1265b,444,866,13.0,0.0,2457.78,0.5
2024-07-08,12,1336,LTGES0881,229,988,98.7,0.0,1228.89,8.0
2024-07-08,12,1937,LTGES1268a,415,1066,0.15,0.0,845.93,0.0
2024-07-08,12,718,LTGES0494,331,329,477.56,0.0,1228.89,38.9
2024-07-08,12,1965,LTGES1290,1167,1166,97.13,0.0,1228.89,7.9
2024-07-08,12,37,LTGES0023,41,43,1161.88,0.0,4468.69,26.0
2024-07-08,12,2031,LTGES1338b,1072,612,11.33,0.0,2457.78,0.5
2024-07-08,12,1530,LTGES1008a,432,594,77.08,0.0,2457.78,3.1
2024-07-08,12,1752,LTGES1153,899,469,444.15,0.0,1228.89,36.1
2024-07-08,12,1559,LTGES1026,597,30,165.9,0.0,1228.89,13.5
2024-07-08,12,685,LTGES0470b,837,393,46.91,0.0,2457.78,1.9
2024-07-08,12,1235,LTGES0811a,961,962,93.69,0.0,2457.78,3.8
2024-07-08,12,1249,LTGES0821,967,189,-9.25,0.0,1228.89,0.8
2024-07-08,12,2191,TR_031c515e,405,406,552.56,0.0,1200.0,46.0
2024-07-08,12,755,LTGES0522a,423,26,-16.15,0.0,2457.78,0.7
2024-07-08,12,958,LTGES0641b,902,474,375.64,0.0,2457.78,15.3
2024-07-08,12,2168,LTGES1445b,283,676,-272.42,0.0,2457.78,11.1
2024-07-08,12,1712,LTGES1127b,713,139,8.76,0.0,2457.78,0.4
2024-07-08,12,1982,LTGES1304a,1175,1174,-46.43,0.0,2457.78,1.9
2024-07-08,12,1202,LTGES0792b,390,359,-30.71,0.0,8937.38,0.3
2024-07-08,12,1174,LTGES0771b,225,518,150.08,0.0,2457.78,6.1
2024-07-08,12,1368,LTGES0898b,70,565,40.14,0.0,2457.78,1.6
2024-07-08,12,1497,LTGES0985,1006,217,-17.6,0.0,1228.89,1.4
2024-07-08,12,2067,LTGES1367,668,669,-16.95,0.0,1228.89,1.4
2024-07-08,12,919,LTGES0619a,896,894,-535.67,0.0,8937.38,6.0
2024-07-08,12,1384,LTGES0910,722,781,99.04,0.0,1228.89,8.1
2024-07-08,12,1649,LTGES1087b,58,705,1093.97,0.0,8937.38,12.2
2024-07-08,12,2133,LTGES1417,1085,1231,-6.05,0.0,1228.89,0.5
2024-07-08,12,600,LTGES0416,349,345,352.88,0.0,4468.69,7.9
2024-07-08,12,787,LTGES0543a,865,436,-287.51,0.0,2457.78,11.7
2024-07-08,12,2149,LTGES1429,1228,407,401.93,0.0,1228.89,32.7
2024-07-08,12,672,LTGES0463b,375,380,194.99,0.0,2457.78,7.9
2024-07-08,12,1467,LTGES0961b,427,1015,140.41,0.0,2457.78,5.7
2024-07-08,12,1080,LTGES0713b,192,1132,47.16,0.0,2457.78,1.9
2024-07-08,12,272,LTGES0198,224,229,129.39,0.0,1228.89,10.5
2024-07-08,12,1534,LTGES1010,1032,1031,0.46,0.0,1228.89,0.0
2024-07-08,12,1142,LTGES0753a,943,1038,877.79,0.0,2457.78,35.7
2024-07-08,12,1076,LTGES0711,501,1073,8.62,0.0,1228.89,0.7
2024-07-08,12,1535,LTGES1011a,597,599,-10.16,0.0,2457.78,0.4
2024-07-08,12,2098,LTGES1390,411,661,1.52,0.0,1228.89,0.1
2024-07-08,12,1584,LTGES1042b,359,605,-34.01,0.0,8937.38,0.4
2024-07-08,12,1127,LTGES0744a,508,512,51.74,0.0,2457.78,2.1
2024-07-08,12,7,LTGES0004a,7,9,-310.73,0.0,8937.38,3.5
2024-07-08,12,1635,LTGES1078a,217,587,-11.17,0.0,2457.78,0.5
2024-07-08,12,1821,LTGES1198,362,633,766.84,0.0,4468.69,17.2
2024-07-08,12,1168,LTGES0768b,432,420,173.32,0.0,2457.78,7.1
2024-07-08,12,795,LTGES0547a,438,440,-19.28,0.0,845.93,2.3
2024-07-08,12,2111,LTGES1400a,708,132,-2.01,0.0,2457.78,0.1
2024-07-08,12,194,LTGES0141a,130,89,-1073.88,0.0,8937.38,12.0
2024-07-08,12,1844,LTGES1210a,1131,1129,-68.53,0.0,8937.38,0.8
2024-07-08,12,1727,LTGES1137a,714,162,242.84,0.0,8937.38,2.7
2024-07-08,12,140,LTGES0101b,66,136,116.53,0.0,8937.38,1.3
2024-07-08,12,2222,TR_dd8f0a25,764,765,-45.12,0.0,500.0,9.0
2024-07-08,12,2144,LTGES1425,748,231,63.75,0.0,1228.89,5.2
2024-07-08,12,854,LTGES0578,210,451,-102.03,0.0,1228.89,8.3
2024-07-08,12,1256,LTGES0826,537,313,-20.2,0.0,1228.89,1.6
2024-07-08,12,2254,TR_53ce20b7,566,567,-66.16,0.0,500.0,13.2
2024-07-08,12,2069,LTGES1369,1210,668,-8.36,0.0,1228.89,0.7
2024-07-08,12,936,LTGES0629a,681,19,342.68,0.0,8937.38,3.8
2024-07-08,12,212,LTGES0152a,177,182,-100.67,0.0,2457.78,4.1
2024-07-08,12,2253,TR_84534c7d,142,143,-65.18,0.0,750.0,8.7
2024-07-08,12,908,LTGES0612b,300,298,13.01,0.0,2457.78,0.5
2024-07-08,12,1428,LTGES0939a,97,1009,-21.45,0.0,2457.78,0.9
2024-07-08,12,369,LTGES0253b,271,273,128.99,0.0,17874.76,0.7
2024-07-08,12,1950,LTGES1277,1155,532,241.93,0.0,1228.89,19.7
2024-07-08,12,211,LTGES0151b,183,187,-32.97,0.0,8937.38,0.4
2024-07-08,12,1312,LTGES0863,454,985,1.26,0.0,1228.89,0.1
2024-07-08,12,1763,LTGES1159a,513,941,2.16,0.0,2457.78,0.1
2024-07-08,12,1756,LTGES1155b,1056,485,-80.32,0.0,3686.67,2.2
2024-07-08,12,678,LTGES0467a,838,837,-162.14,0.0,2457.78,6.6
2024-07-08,12,1508,LTGES0991b,1022,588,-30.18,0.0,2457.78,1.2
2024-07-08,12,2280,TR_d4b90a0d,415,416,-0.3,0.0,500.0,0.1
2024-07-08,12,2089,LTGES1384,155,165,241.57,0.0,1228.89,19.7
2024-07-08,12,118,LTGES0083a,116,119,23.39,0.0,2457.78,1.0
2024-07-08,12,2055,LTGES1359a,109,172,-145.29,0.0,2457.78,5.9
2024-07-08,12,2281,TR_3a800caf,1066,1067,0.3,0.0,500.0,0.1
2024-07-08,12,283,LTGES0206a,750,231,-28.74,0.0,2457.78,1.2
2024-07-08,12,513,LTGES0356b,127,801,230.11,0.0,2457.78,9.4
2024-07-08,12,1124,LTGES0742b,828,344,-115.18,0.0,2457.78,4.7
2024-07-08,12,1022,LTGES0676a,903,143,-613.12,0.0,8937.38,6.9
2024-07-08,12,1851,LTGES1214b,946,990,637.3,0.0,8937.38,7.1
2024-07-08,12,2076,LTGES1374,422,96,-35.96,0.0,1228.89,2.9
2024-07-08,12,813,LTGES0555b,445,446,-108.46,0.0,2457.78,4.4
2024-07-08,12,1912,LTGES1252,207,209,417.17,0.0,1228.89,33.9
2024-07-08,12,425,LTGES0291b,301,300,308.03,0.0,2457.78,12.5
2024-07-08,12,1547,LTGES1017b,594,601,13.81,0.0,2457.78,0.6
2024-07-08,12,900,LTGES0607b,279,947,23.6,0.0,845.93,2.8
2024-07-08,12,1977,LTGES1300,928,498,-142.55,0.0,1228.89,11.6
2024-07-08,12,546,LTGES0379,332,818,-301.93,0.0,1228.89,24.6
2024-07-08,12,686,LTGES0471a,36,1236,-981.64,0.0,8937.38,11.0
2024-07-08,12,301,LTGES0217a,239,753,348.06,0.0,8937.38,3.9
2024-07-08,12,1153,LTGES0760a,127,242,-204.95,0.0,2457.78,8.3
2024-07-08,12,784,LTGES0541b,433,208,222.74,0.0,8937.38,2.5
2024-07-08,12,18,LTGES0011b,18,1065,12.32,0.0,2457.78,0.5
2024-07-08,12,806,LTGES0552b,444,867,-12.5,0.0,4915.56,0.3
2024-07-08,12,2304,TR_9657d8d2,251,252,-42.35,0.0,500.0,8.5
2024-07-08,12,517,LTGES0360a,322,127,235.02,0.0,2457.78,9.6
2024-07-08,12,78,LTGES0053a,906,905,22.69,0.0,8937.38,0.3
2024-07-08,12,796,LTGES0547b,438,440,-19.28,0.0,845.93,2.3
2024-07-08,12,2079,LTGES1377,665,634,56.62,0.0,1228.89,4.6
2024-07-08,12,1861,LTGES1222a,156,643,-2083.71,0.0,8937.38,23.3
2024-07-08,12,1177,LTGES0773a,520,175,74.1,0.0,2457.78,3.0
2024-07-08,12,382,LTGES0260a,275,276,-284.41,0.0,2457.78,11.6
2024-07-08,12,74,LTGES0049,80,82,-1706.08,0.0,4468.69,38.2
2024-07-08,12,1419,LTGES0934a,786,123,-68.99,0.0,4915.56,1.4
2024-07-08,12,1056,LTGES0698,921,351,-0.94,0.0,4468.69,0.0
2024-07-08,12,1513,LTGES0995a,589,1025,-92.87,0.0,2457.78,3.8
2024-07-08,12,1946,LTGES1273,653,355,293.79,0.0,1228.89,23.9
2024-07-08,12,1539,LTGES1013,1062,20,-280.75,0.0,1228.89,22.8
2024-07-08,12,33,LTGES0020b,33,29,747.58,0.0,8937.38,8.4
2024-07-08,12,52,LTGES0033b,62,55,-1072.73,0.0,8937.38,12.0
2024-07-08,12,2022,LTGES1332c,501,924,-1.36,0.0,3686.67,0.0
2024-07-08,12,1363,LTGES0896b,561,563,0.15,0.0,1691.87,0.0
2024-07-08,12,1031,LTGES0681b,89,915,-976.03,0.0,13406.07,7.3
2024-07-08,12,121,LTGES0085a,116,117,140.39,0.0,2457.78,5.7
2024-07-08,12,1690,LTGES1116a,1087,1088,450.43,0.0,2457.78,18.3
2024-07-08,12,395,LTGES0269a,282,283,-267.45,0.0,2457.78,10.9
2024-07-08,12,1069,LTGES0707b,499,176,-2.87,0.0,8937.38,0.0
2024-07-08,12,1059,LTGES0701a,455,497,-238.69,0.0,8937.38,2.7
2024-07-08,12,2106,LTGES1394,63,1217,5.53,0.0,1228.89,0.4
2024-07-08,12,1669,LTGES1101b,493,491,-75.66,0.0,2457.78,3.1
2024-07-08,12,918,LTGES0618b,892,465,-54.9,0.0,2457.78,2.2
2024-07-08,12,509,LTGES0353,801,802,229.68,0.0,1228.89,18.7
2024-07-08,12,1655,LTGES1091,617,615,3.1,0.0,1228.89,0.3
2024-07-08,12,961,LTGES0643b,474,1079,336.33,0.0,2457.78,13.7
2024-07-08,12,1924,LTGES1260b,541,544,93.32,0.0,2457.78,3.8
2024-07-08,12,1383,LTGES0909,543,541,71.38,0.0,1228.89,5.8
2024-07-08,12,1625,LTGES1071b,2,20,-148.33,0.0,2457.78,6.0
2024-07-08,12,1498,LTGES0986a,97,572,47.36,0.0,2457.78,1.9
2024-07-08,12,1835,LTGES1207b,638,1131,8.99,0.0,17874.76,0.1
2024-07-08,12,1155,LTGES0761a,127,242,-197.88,0.0,2457.78,8.1
2024-07-08,12,58,LTGES0039,686,39,772.89,0.0,4468.69,17.3
2024-07-08,12,1105,LTGES0730a,365,508,59.97,0.0,2457.78,2.4
2024-07-08,12,166,LTGES0123,160,989,9.54,0.0,4468.69,0.2
2024-07-08,12,1667,LTGES1100,619,1107,-490.49,0.0,3574.95,13.7
2024-07-08,12,640,LTGES0444a,367,205,-356.59,0.0,8937.38,4.0
2024-07-08,12,2147,LTGES1427,1173,491,14.71,0.0,1228.89,1.2
2024-07-08,12,2072,LTGES1372a,658,88,-3.92,0.0,2457.78,0.2
2024-07-08,12,1554,LTGES1021b,488,918,-930.77,0.0,2457.78,37.9
2024-07-08,12,280,LTGES0204b,5,230,201.12,0.0,2457.78,8.2
2024-07-08,12,313,LTGES0222c,244,120,-13.1,0.0,1268.9,1.0
2024-07-08,12,2112,LTGES1400b,708,132,-2.01,0.0,2457.78,0.1
2024-07-08,12,1404,LTGES0923a,999,550,-9.91,0.0,2457.78,0.4
2024-07-08,12,645,LTGES0446b,368,370,1.62,0.0,845.93,0.2
2024-07-08,12,759,LTGES0524b,857,424,-4.86,0.0,2457.78,0.2
2024-07-08,12,1453,LTGES0954b,428,579,-7.44,0.0,8937.38,0.1
2024-07-08,12,937,LTGES0629b,681,19,342.68,0.0,8937.38,3.8
2024-07-08,12,1676,LTGES1106,583,1081,83.3,0.0,1228.89,6.8
2024-07-08,12,909,LTGES0613a,299,297,-49.66,0.0,845.93,5.9
2024-07-08,12,1719,LTGES1131b,492,1071,-125.19,0.0,2457.78,5.1
2024-07-08,12,1057,LTGES0699,351,494,-2293.97,0.0,4468.69,51.3
2024-07-08,12,1486,LTGES0976,1017,583,119.61,0.0,1228.89,9.7
2024-07-08,12,1204,LTGES0793b,185,183,50.36,0.0,8937.38,0.6
2024-07-08,12,1909,LTGES1250b,447,1148,93.67,0.0,8937.38,1.0
2024-07-08,12,99,LTGES0067b,100,101,-79.76,0.0,2457.78,3.2
2024-07-08,12,1964,LTGES1289,93,305,278.86,0.0,1228.89,22.7
2024-07-08,12,2236,TR_05391fc2,18,19,-93.87,0.0,1875.0,5.0
2024-07-08,12,1632,LTGES1075b,230,48,127.71,0.0,2457.78,5.2
2024-07-08,12,437,LTGES0301a,699,306,-340.35,0.0,2457.78,13.8
2024-07-08,12,1902,LTGES1247a,871,870,-3.74,0.0,8937.38,0.0
2024-07-08,12,285,LTGES0207,748,233,-19.71,0.0,1228.89,1.6
2024-07-08,12,2223,TR_2d6a60de,498,499,-5.74,0.0,750.0,0.8
2024-07-08,12,433,LTGES0298a,783,786,102.74,0.0,2457.78,4.2
2024-07-08,12,406,LTGES0278b,775,289,-31.7,0.0,2457.78,1.3
2024-07-08,12,1583,LTGES1042a,359,605,-34.01,0.0,8937.38,0.4
2024-07-08,12,955,LTGES0640a,426,339,-131.79,0.0,2457.78,5.4
2024-07-08,12,647,LTGES0447b,369,833,72.35,0.0,2457.78,2.9
2024-07-08,12,921,LTGES0620a,894,468,-631.38,0.0,8937.38,7.1
2024-07-08,12,1100,LTGES0726,506,930,1130.71,0.0,4468.69,25.3
2024-07-08,12,1310,LTGES0862a,443,372,-172.57,0.0,2457.78,7.0
2024-07-08,12,84,LTGES0057,91,755,350.11,0.0,1228.89,28.5
2024-07-08,12,325,LTGES0228a,252,755,-151.5,0.0,2457.78,6.2
2024-07-08,12,1411,LTGES0928,551,571,-246.77,0.0,1228.89,20.1
2024-07-08,12,104,LTGES0071,107,59,-76.84,0.0,1228.89,6.3
2024-07-08,12,410,LTGES0282,779,778,134.04,0.0,4468.69,3.0
2024-07-08,12,185,LTGES0136a,150,168,298.07,0.0,8937.38,3.3
2024-07-08,12,1901,LTGES1246,1057,923,-314.32,0.0,1228.89,25.6
2024-07-08,12,267,LTGES0194,54,228,267.24,0.0,1228.89,21.7
2024-07-08,12,1136,LTGES0749,513,514,231.45,0.0,1228.89,18.8
2024-07-08,12,2180,TR_e96aa377,57,58,1869.14,0.0,6000.0,31.2
2024-07-08,12,1245,LTGES0818,534,966,-226.15,0.0,1228.89,18.4
2024-07-08,12,626,LTGES0435a,241,832,-242.68,0.0,8937.38,2.7
2024-07-08,12,349,LTGES0240a,260,263,19.86,0.0,4915.56,0.4
2024-07-08,12,191,LTGES0139b,173,130,-1067.89,0.0,8937.38,11.9
2024-07-08,12,807,LTGES0552c,444,867,-12.5,0.0,4915.56,0.3
2024-07-08,12,1175,LTGES0772a,519,520,2.56,0.0,2457.78,0.1
2024-07-08,12,1104,LTGES0729,937,240,-15.55,0.0,1228.89,1.3
2024-07-08,12,304,LTGES0218b,238,241,1015.7,0.0,8937.38,11.4
2024-07-08,12,1276,LTGES0839,539,546,397.33,0.0,4468.69,8.9
2024-07-08,12,1983,LTGES1304b,1175,1174,-46.43,0.0,2457.78,1.9
2024-07-08,12,2216,TR_11762966,60,61,17.19,0.0,500.0,3.4
2024-07-08,12,1979,LTGES1302,709,1173,-32.58,0.0,1228.89,2.7
2024-07-08,12,2245,TR_98b6cb57,484,485,-67.65,0.0,1200.0,5.6
2024-07-08,12,1723,LTGES1134,706,137,-378.82,0.0,1228.89,30.8
2024-07-08,12,1843,LTGES1209b,395,1130,-168.52,0.0,2457.78,6.9
2024-07-08,12,1222,LTGES0802b,726,183,-26.05,0.0,8937.38,0.3
2024-07-08,12,1760,LTGES1157a,598,484,-9.32,0.0,845.93,1.1
2024-07-08,12,1998,LTGES1318,597,1213,2.75,0.0,1228.89,0.2
2024-07-08,12,1905,LTGES1248b,871,870,-3.74,0.0,8937.38,0.0
2024-07-08,12,2014,LTGES1327d,142,679,32.49,0.0,4915.56,0.7
2024-07-08,12,1533,LTGES1009b,595,1030,-81.15,0.0,8937.38,0.9
2024-07-08,12,580,LTGES0403,337,343,46.21,0.0,1228.89,3.8
2024-07-08,12,420,LTGES0288b,298,948,65.3,0.0,2457.78,2.7
2024-07-08,12,727,LTGES0501a,847,413,-0.9,0.0,2457.78,0.0
2024-07-08,12,1920,LTGES1258a,228,307,3.5,0.0,2457.78,0.1
2024-07-08,12,1798,LTGES1182b,90,697,16.95,0.0,1268.9,1.3
2024-07-08,12,856,LTGES0580,453,454,264.36,0.0,1228.89,21.5
2024-07-08,12,1951,LTGES1278a,222,1156,1.28,0.0,2457.78,0.1
2024-07-08,12,1333,LTGES0878,737,221,-639.87,0.0,4468.69,14.3
2024-07-08,12,1496,LTGES0984,584,1006,-123.87,0.0,1228.89,10.1
2024-07-08,12,838,LTGES0568b,80,449,3.66,0.0,8937.38,0.0
2024-07-08,12,1095,LTGES0723,930,931,2610.74,0.0,4468.69,58.4
2024-07-08,12,977,LTGES0653a,677,142,-18.24,0.0,3686.67,0.5
2024-07-08,12,1094,LTGES0722,507,506,1791.52,0.0,4468.69,40.1
2024-07-08,12,809,LTGES0553,379,863,163.21,0.0,1228.89,13.3
2024-07-08,12,16,LTGES0010b,19,21,-1652.63,0.0,8937.38,18.5
2024-07-08,12,1171,LTGES0770a,420,517,137.26,0.0,2457.78,5.6
2024-07-08,12,40,LTGES0026a,47,48,101.42,0.0,2457.78,4.1
2024-07-08,12,1693,LTGES1117b,24,1087,469.13,0.0,2457.78,19.1
2024-07-08,12,2173,LTGES1449,631,564,-516.64,0.0,1228.89,42.0
2024-07-08,12,1802,LTGES1183c,90,697,16.95,0.0,1268.9,1.3
2024-07-08,12,1066,LTGES0705,176,455,68.95,0.0,4468.69,1.5
2024-07-08,12,1280,LTGES0843a,979,547,23.38,0.0,8937.38,0.3
2024-07-08,12,1557,LTGES1024,27,26,-374.03,0.0,1228.89,30.4
2024-07-08,12,1954,LTGES1280,656,1198,18.29,0.0,4468.69,0.4
2024-07-08,12,810,LTGES0554a,867,379,-30.22,0.0,2457.78,1.2
2024-07-08,12,1828,LTGES1203b,539,635,187.11,0.0,8937.38,2.1
2024-07-08,12,1125,LTGES0743a,364,505,-264.22,0.0,2457.78,10.8
2024-07-08,12,1194,LTGES0783,451,986,-540.51,0.0,1228.89,44.0
2024-07-08,12,1746,LTGES1149b,526,987,68.26,0.0,2457.78,2.8
2024-07-08,12,571,LTGES0395a,340,826,-249.0,0.0,2457.78,10.1
2024-07-08,12,2117,LTGES1405,1227,667,247.27,0.0,1228.89,20.1
2024-07-08,12,138,LTGES0100,134,66,336.09,0.0,4468.69,7.5
2024-07-08,12,128,LTGES0090,704,128,-857.56,0.0,4468.69,19.2
2024-07-08,12,1538,LTGES1012b,596,598,-22.98,0.0,845.93,2.7
2024-07-08,12,1020,LTGES0675a,910,486,55.68,0.0,8937.38,0.6
2024-07-08,12,1813,LTGES1190,27,1117,30.31,0.0,1228.89,2.5
2024-07-08,12,670,LTGES0462b,389,390,-79.79,0.0,8937.38,0.9
2024-07-08,12,1475,LTGES0968b,582,1016,18.6,0.0,2457.78,0.8
2024-07-08,12,915,LTGES0616b,456,883,-26.2,0.0,8937.38,0.3
2024-07-08,12,1298,LTGES0855a,521,950,-9.8,0.0,2457.78,0.4
2024-07-08,12,1114,LTGES0736a,936,935,25.81,0.0,2457.78,1.1
2024-07-08,12,371,LTGES0253d,271,273,128.99,0.0,17874.76,0.7
2024-07-08,12,2030,LTGES1338a,1072,612,11.33,0.0,2457.78,0.5
2024-07-08,12,41,LTGES0026b,47,48,101.42,0.0,2457.78,4.1
2024-07-08,12,1695,LTGES1118b,1088,562,436.12,0.0,2457.78,17.7
2024-07-08,12,1236,LTGES0811b,961,962,93.69,0.0,2457.78,3.8
2024-07-08,12,1284,LTGES0845,549,554,762.79,0.0,4468.69,17.1
2024-07-08,12,475,LTGES0328b,763,765,-3.25,0.0,8937.38,0.0
2024-07-08,12,705,LTGES0483a,69,17,-612.19,0.0,8937.38,6.8
2024-07-08,12,447,LTGES0308,196,83,190.21,0.0,1228.89,15.5
2024-07-08,12,362,LTGES0247b,160,777,-616.68,0.0,8937.38,6.9
2024-07-08,12,593,LTGES0410b,348,351,-1206.75,0.0,8937.38,13.5
2024-07-08,12,619,LTGES0430b,361,359,-38.14,0.0,8937.38,0.4
2024-07-08,12,505,LTGES0351a,128,321,964.42,0.0,8937.38,10.8
2024-07-08,12,65,LTGES0043,73,692,-240.13,0.0,1228.89,19.5
2024-07-08,12,591,LTGES0409b,271,350,1252.22,0.0,8937.38,14.0
2024-07-08,12,543,LTGES0377b,819,333,310.76,0.0,2457.78,12.6
2024-07-08,12,1062,LTGES0702b,455,394,240.6,0.0,8937.38,2.7
2024-07-08,12,326,LTGES0228b,252,755,-151.5,0.0,2457.78,6.2
2024-07-08,12,2284,TR_6cc3bf96,133,134,-172.06,0.0,500.0,34.4
2024-07-08,12,2042,LTGES1346b,1195,1196,9.94,0.0,2457.78,0.4
2024-07-08,12,2092,LTGES1386a,622,414,-35.56,0.0,2457.78,1.4
2024-07-08,12,1792,LTGES1180a,255,257,38.38,0.0,845.93,4.5
2024-07-08,12,1527,LTGES1006a,592,301,223.65,0.0,2457.78,9.1
2024-07-08,12,714,LTGES0490b,845,405,197.13,0.0,2457.78,8.0
2024-07-08,12,1244,LTGES0817b,964,533,-149.45,0.0,2457.78,6.1
2024-07-08,12,467,LTGES0323a,782,786,-240.57,0.0,2457.78,9.8
2024-07-08,12,1308,LTGES0861a,984,556,-25.75,0.0,2457.78,1.0
2024-07-08,12,289,LTGES0209b,748,234,-46.85,0.0,2457.78,1.9
2024-07-08,12,2185,TR_26503a3b,161,162,-40.21,0.0,750.0,5.4
2024-07-08,12,250,LTGES0179,216,202,-498.85,0.0,1228.89,40.6
2024-07-08,12,926,LTGES0622b,467,385,-150.57,0.0,2457.78,6.1
2024-07-08,12,2283,TR_3ecfe90f,149,150,-169.48,0.0,500.0,33.9
2024-07-08,12,1928,LTGES1263,651,329,-393.66,0.0,1228.89,32.0
2024-07-08,12,1991,LTGES1312a,193,663,60.76,0.0,8937.38,0.7
2024-07-08,12,1464,LTGES0960a,852,581,11.45,0.0,2457.78,0.5
2024-07-08,12,359,LTGES0246a,268,760,-1155.88,0.0,8937.38,12.9
2024-07-08,12,1159,LTGES0763,949,430,-17.75,0.0,1228.89,1.4
2024-07-08,12,59,LTGES0040a,67,68,-2311.3,0.0,8937.38,25.9
2024-07-08,12,184,LTGES0135,716,166,-76.99,0.0,1228.89,6.3
2024-07-08,12,1048,LTGES0692,490,1049,-245.79,0.0,1228.89,20.0
2024-07-08,12,2338,TR_ba0a135f,3,4,-1308.3,0.0,3750.0,34.9
2024-07-08,12,415,LTGES0286a,153,159,-67.35,0.0,2457.78,2.7
2024-07-08,12,1134,LTGES0748a,756,252,-8.25,0.0,2457.78,0.3
2024-07-08,12,1558,LTGES1025,73,603,259.64,0.0,1228.89,21.1
2024-07-08,12,1855,LTGES1217,36,641,-899.59,0.0,4468.69,20.1
2024-07-08,12,1077,LTGES0712a,502,192,-45.15,0.0,2457.78,1.8
2024-07-08,12,1394,LTGES0917a,998,977,85.98,0.0,13406.07,0.6
2024-07-08,12,293,LTGES0211b,758,236,64.46,0.0,2457.78,2.6
2024-07-08,12,421,LTGES0289a,297,947,-27.29,0.0,845.93,3.2
2024-07-08,12,1243,LTGES0817a,964,533,-149.45,0.0,2457.78,6.1
2024-07-08,12,1634,LTGES1077,1109,158,-3.76,0.0,1228.89,0.3
2024-07-08,12,2214,TR_d8a27e68,974,975,-42.46,0.0,500.0,8.5
2024-07-08,12,1963,LTGES1288,1165,94,-149.26,0.0,1228.89,12.1
2024-07-08,12,2228,TR_90fa9b51,637,638,-109.59,0.0,1200.0,9.1
2024-07-08,12,2318,TR_a4b2c097,255,256,-7.9,0.0,500.0,1.6
2024-07-08,12,1309,LTGES0861b,984,556,-25.75,0.0,2457.78,1.0
2024-07-08,12,514,LTGES0357,112,56,133.84,0.0,1228.89,10.9
2024-07-08,12,1970,LTGES1295,1172,660,-5.93,0.0,1228.89,0.5
2024-07-08,12,2328,TR_f02d7b94,375,376,76.09,0.0,1200.0,6.3
2024-07-08,12,350,LTGES0240b,260,263,19.86,0.0,4915.56,0.4
2024-07-08,12,676,LTGES0466a,837,391,-177.16,0.0,2457.78,7.2
2024-07-08,12,683,LTGES0469b,838,839,164.78,0.0,2457.78,6.7
2024-07-08,12,1316,LTGES0867a,987,527,301.42,0.0,2457.78,12.3
2024-07-08,12,252,LTGES0181,217,736,192.22,0.0,1228.89,15.6
2024-07-08,12,881,LTGES0596,774,462,5.29,0.0,1228.89,0.4
2024-07-08,12,660,LTGES0457a,382,384,-27.72,0.0,2457.78,1.1
2024-07-08,12,1604,LTGES1056a,260,233,40.78,0.0,2457.78,1.7
2024-07-08,12,1555,LTGES1022,26,96,200.82,0.0,1228.89,16.3
2024-07-08,12,462,LTGES0320,787,789,28.17,0.0,1228.89,2.3
2024-07-08,12,777,LTGES0538a,373,433,716.9,0.0,8937.38,8.0
2024-07-08,12,2123,LTGES1410b,1231,22,-45.13,0.0,2457.78,1.8
2024-07-08,12,2333,TR_87714406,204,205,1552.04,0.0,7500.0,20.7
2024-07-08,12,1431,LTGES0940b,1092,531,-61.97,0.0,2457.78,2.5
2024-07-08,12,1295,LTGES0853,522,950,250.49,0.0,1228.89,20.4
2024-07-08,12,935,LTGES0628b,14,681,356.5,0.0,8937.38,4.0
2024-07-08,12,1514,LTGES0995b,589,1025,-92.87,0.0,2457.78,3.8
2024-07-08,12,1303,LTGES0858b,209,556,-78.02,0.0,2457.78,3.2
2024-07-08,12,2100,LTGES1391b,412,383,105.86,0.0,8937.38,1.2
2024-07-08,12,127,LTGES0089,79,691,559.51,0.0,4468.69,12.5
2024-07-08,12,1718,LTGES1131a,492,1071,-125.19,0.0,2457.78,5.1
2024-07-08,12,1007,LTGES0670b,14,480,2562.95,0.0,8937.38,28.7
2024-07-08,12,1827,LTGES1203a,539,635,187.11,0.0,8937.38,2.1
2024-07-08,12,944,LTGES0633,899,472,15.79,0.0,1228.89,1.3
2024-07-08,12,884,LTGES0599a,275,463,263.87,0.0,2457.78,10.7
2024-07-08,12,823,LTGES0561a,874,202,-208.6,0.0,2457.78,8.5
2024-07-08,12,633,LTGES0439a,248,122,1938.65,0.0,8937.38,21.7
2024-07-08,12,177,LTGES0130a,165,900,-53.23,0.0,2457.78,2.2
2024-07-08,12,254,LTGES0182b,217,219,81.12,0.0,2457.78,3.3
2024-07-08,12,887,LTGES0601a,464,463,-371.46,0.0,2457.78,15.1
2024-07-08,12,1237,LTGES0812a,962,215,71.65,0.0,2457.78,2.9
2024-07-08,12,2197,TR_df0161bf,6,7,-54.47,0.0,500.0,10.9
2024-07-08,12,1266,LTGES0833a,540,780,-709.27,0.0,8937.38,7.9
2024-07-08,12,1251,LTGES0822b,8,968,98.27,0.0,2457.78,4.0
2024-07-08,12,1888,LTGES1238a,511,240,-67.67,0.0,2457.78,2.8
2024-07-08,12,790,LTGES0544b,865,864,24.34,0.0,2457.78,1.0
2024-07-08,12,693,LTGES0474b,839,397,1.55,0.0,2457.78,0.1
2024-07-08,12,242,LTGES0172,963,212,-177.97,0.0,1228.89,14.5
2024-07-08,12,746,LTGES0514,855,854,-157.0,0.0,1228.89,12.8
2024-07-08,12,996,LTGES0663b,905,50,1176.8,0.0,8937.38,13.2
2024-07-08,12,396,LTGES0269b,282,283,-267.45,0.0,2457.78,10.9
2024-07-08,12,834,LTGES0566a,870,875,-127.73,0.0,8937.38,1.4
2024-07-08,12,1355,LTGES0893,161,717,147.22,0.0,1228.89,12.0
2024-07-08,12,2033,LTGES1339b,321,1126,-22.2,0.0,8937.38,0.2
2024-07-08,12,260,LTGES0187b,224,738,5.85,0.0,2457.78,0.2
2024-07-08,12,680,LTGES0468a,392,838,4.06,0.0,2457.78,0.2
2024-07-08,12,495,LTGES0343,316,195,-93.05,0.0,1228.89,7.6
2024-07-08,12,740,LTGES0509,377,4,691.31,0.0,4468.69,15.5
2024-07-08,12,1364,LTGES0896c,561,563,0.15,0.0,1691.87,0.0
2024-07-08,12,2136,LTGES1420,426,1234,-226.94,0.0,1228.89,18.5
2024-07-08,12,35,LTGES0021b,35,36,721.93,0.0,8937.38,8.1
2024-07-08,12,1005,LTGES0669b,908,13,265.89,0.0,2457.78,10.8
2024-07-08,12,1459,LTGES0956b,993,46,-88.37,0.0,8937.38,1.0
2024-07-08,12,131,LTGES0093a,40,132,21.2,0.0,2457.78,0.9
2024-07-08,12,2260,TR_cee0d2e6,479,480,-9.0,0.0,1200.0,0.7
2024-07-08,12,2164,LTGES1443a,1236,638,25.79,0.0,8937.38,0.3
2024-07-08,12,2134,LTGES1418,309,199,8.91,0.0,1228.89,0.7
2024-07-08,12,1211,LTGES0797b,181,726,-4.62,0.0,17874.76,0.0
2024-07-08,12,365,LTGES0250,554,104,364.59,0.0,4468.69,8.2
2024-07-08,12,691,LTGES0473b,396,395,31.6,0.0,2457.78,1.3
2024-07-08,12,1657,LTGES1093,159,617,3.13,0.0,1228.89,0.3
2024-07-08,12,494,LTGES0342,797,798,3.11,0.0,1228.89,0.3
2024-07-08,12,1485,LTGES0975,45,583,81.28,0.0,1228.89,6.6
2024-07-08,12,556,LTGES0385b,335,821,33.01,0.0,2457.78,1.3
2024-07-08,12,1832,LTGES1206a,1128,1129,98.78,0.0,8937.38,1.1
2024-07-08,12,896,LTGES0605b,465,81,-58.97,0.0,2457.78,2.4
2024-07-08,12,1449,LTGES0952b,577,1014,14.92,0.0,2457.78,0.6
2024-07-08,12,2313,TR_ba959aa8,244,245,-94.21,0.0,750.0,12.6
2024-07-08,12,2249,TR_b592de8e,685,686,-118.93,0.0,500.0,23.8
2024-07-08,12,1148,LTGES0756,400,841,-482.24,0.0,1228.89,39.2
2024-07-08,12,2340,TR_4e681766,52,53,-421.12,0.0,1200.0,35.1
2024-07-08,12,768,LTGES0531a,70,862,153.31,0.0,2457.78,6.2
2024-07-08,12,139,LTGES0101a,66,136,116.53,0.0,8937.38,1.3
2024-07-08,12,1682,LTGES1111b,1084,624,-17.09,0.0,2457.78,0.7
2024-07-08,12,1561,LTGES1028a,118,115,-220.21,0.0,8937.38,2.5
2024-07-08,12,1724,LTGES1135,1034,979,-28.11,0.0,4468.69,0.6
2024-07-08,12,1768,LTGES1162,536,1101,10.31,0.0,1228.89,0.8
2024-07-08,12,1362,LTGES0896a,561,563,0.15,0.0,1691.87,0.0
2024-07-08,12,1589,LTGES1046,1047,1048,57.9,0.0,1228.89,4.7
2024-07-08,12,827,LTGES0563a,732,874,-0.38,0.0,4915.56,0.0
2024-07-08,12,1568,LTGES1032a,375,369,79.35,0.0,2457.78,3.2
2024-07-08,12,413,LTGES0285a,294,292,-100.77,0.0,8937.38,1.1
2024-07-08,12,2207,TR_a1cd747b,976,977,-51.71,0.0,500.0,10.3
2024-07-08,12,1264,LTGES0832a,72,540,-633.4,0.0,8937.38,7.1
2024-07-08,12,1412,LTGES0929a,1002,551,-3.37,0.0,2457.78,0.1
2024-07-08,12,2205,TR_3ab3b8f1,103,104,-54.66,0.0,500.0,10.9
2024-07-08,12,482,LTGES0332,313,70,-99.31,0.0,1228.89,8.1
2024-07-08,12,549,LTGES0381a,817,815,-3.63,0.0,845.93,0.4
2024-07-08,12,1722,LTGES1133,793,123,-42.76,0.0,1228.89,3.5
2024-07-08,12,27,LTGES0016b,296,24,261.06,0.0,2457.78,10.6
2024-07-08,12,882,LTGES0597,887,281,-7.78,0.0,1228.89,0.6
2024-07-08,12,1447,LTGES0951b,1013,577,-21.25,0.0,2457.78,0.9
2024-07-08,12,1750,LTGES1152a,602,295,816.18,0.0,2457.78,33.2
2024-07-08,12,503,LTGES0349b,802,112,227.48,0.0,2457.78,9.3
2024-07-08,12,2192,TR_e2759977,129,130,-14.39,0.0,500.0,2.9
2024-07-08,12,1820,LTGES1197,633,356,1971.45,0.0,4468.69,44.1
2024-07-08,12,975,LTGES0652b,678,143,-450.33,0.0,13406.07,3.4
2024-07-08,12,869,LTGES0589,458,276,1.47,0.0,1228.89,0.1
2024-07-08,12,2232,TR_18c54756,32,33,-101.44,0.0,750.0,13.5
2024-07-08,12,1033,LTGES0682,687,704,-849.5,0.0,4468.69,19.0
2024-07-08,12,1242,LTGES0816,532,835,547.31,0.0,1228.89,44.5
2024-07-08,12,1307,LTGES0860b,556,557,-171.77,0.0,2457.78,7.0
2024-07-08,12,422,LTGES0289b,297,947,-27.29,0.0,845.93,3.2
2024-07-08,12,709,LTGES0486,844,843,-18.38,0.0,1228.89,1.5
2024-07-08,12,805,LTGES0552a,444,867,-12.5,0.0,4915.56,0.3
2024-07-08,12,1715,LTGES1129a,742,184,37.72,0.0,2457.78,1.5
2024-07-08,12,1293,LTGES0852a,982,555,4.53,0.0,8937.38,0.1
2024-07-08,12,648,LTGES0448,80,374,-38.87,0.0,4468.69,0.9
2024-07-08,12,1677,LTGES1108,1083,622,-1.81,0.0,1228.89,0.1
2024-07-08,12,2182,TR_1f77d9ec,322,323,-471.37,0.0,1875.0,25.1
2024-07-08,12,1688,LTGES1115a,22,991,60.08,0.0,2457.78,2.4
2024-07-08,12,1636,LTGES1078b,217,587,-11.17,0.0,2457.78,0.5
2024-07-08,12,1463,LTGES0959,578,581,67.46,0.0,1228.89,5.5
2024-07-08,12,120,LTGES0084,115,261,1348.88,0.0,4468.69,30.2
2024-07-08,12,1601,LTGES1054b,1052,140,-31.39,0.0,2457.78,1.3
2024-07-08,12,1407,LTGES0925,570,153,-133.62,0.0,1228.89,10.9
2024-07-08,12,1887,LTGES1237,1143,327,-17.24,0.0,4468.69,0.4
2024-07-08,12,87,LTGES0059,95,44,-167.13,0.0,1228.89,13.6
2024-07-08,12,2093,LTGES1386b,622,414,-35.56,0.0,2457.78,1.4
2024-07-08,12,1439,LTGES0946a,1011,1012,-49.13,0.0,8937.38,0.5
2024-07-08,12,1652,LTGES1089a,243,67,-2072.4,0.0,8937.38,23.2
2024-07-08,12,2306,TR_0577b900,121,122,-261.19,0.0,750.0,34.8
2024-07-08,12,255,LTGES0183,741,43,96.39,0.0,4468.69,2.2
2024-07-08,12,178,LTGES0130b,165,900,-53.23,0.0,2457.78,2.2
2024-07-08,12,2230,TR_db0bb0db,1130,1131,-173.03,0.0,1875.0,9.2
2024-07-08,12,1279,LTGES0842,979,554,-78.51,0.0,4468.69,1.8
2024-07-08,12,89,LTGES0061,99,58,318.8,0.0,4468.69,7.1
2024-07-08,12,2110,LTGES1399,1222,132,-31.76,0.0,1228.89,2.6
2024-07-08,12,496,LTGES0344a,712,317,13.28,0.0,2457.78,0.5
2024-07-08,12,1375,LTGES0904,62,554,1113.91,0.0,4468.69,24.9
2024-07-08,12,1933,LTGES1266a,329,644,246.01,0.0,2457.78,10.0
2024-07-08,12,2235,TR_2eceb0ce,20,21,-727.19,0.0,2362.5,30.8
2024-07-08,12,195,LTGES0141b,130,89,-1073.88,0.0,8937.38,12.0
2024-07-08,12,1112,LTGES0735a,936,1091,113.16,0.0,2457.78,4.6
2024-07-08,12,2286,TR_4cb0b32d,276,277,-846.62,0.0,1200.0,70.6
2024-07-08,12,1102,LTGES0728a,241,930,750.93,0.0,8937.38,8.4
2024-07-08,12,1984,LTGES1305,885,459,12.95,0.0,1228.89,1.1
2024-07-08,12,2324,TR_c6d90e4e,260,261,-39.99,0.0,1200.0,3.3
2024-07-08,12,923,LTGES0621a,896,389,536.28,0.0,8937.38,6.0
2024-07-08,12,1079,LTGES0713a,192,1132,47.16,0.0,2457.78,1.9
2024-07-08,12,2209,TR_9b83d397,182,183,69.02,0.0,500.0,13.8
2024-07-08,12,924,LTGES0621b,896,389,536.28,0.0,8937.38,6.0
2024-07-08,12,562,LTGES0388b,814,337,68.13,0.0,3686.67,1.8
2024-07-08,12,1329,LTGES0875b,562,479,-22.28,0.0,2457.78,0.9
2024-07-08,12,442,LTGES0304,228,707,262.43,0.0,1228.89,21.4
2024-07-08,12,1221,LTGES0802a,726,183,-26.05,0.0,8937.38,0.3
2024-07-08,12,202,LTGES0147a,176,178,-292.26,0.0,8937.38,3.3
2024-07-08,12,1574,LTGES1036b,78,245,200.33,0.0,3686.67,5.4
2024-07-08,12,2158,LTGES1438,729,198,78.32,0.0,1228.89,6.4
2024-07-08,12,654,LTGES0452b,208,743,568.2,0.0,8937.38,6.4
2024-07-08,12,1196,LTGES0785,1051,464,-4.04,0.0,1228.89,0.3
2024-07-08,12,146,LTGES0109,139,138,-47.87,0.0,1228.89,3.9
2024-07-08,12,953,LTGES0639a,473,35,7.27,0.0,8937.38,0.1
2024-07-08,12,1044,LTGES0689a,399,841,478.63,0.0,2457.78,19.5
2024-07-08,12,256,LTGES0184,174,43,275.91,0.0,4468.69,6.2
2024-07-08,12,2238,TR_19887143,73,74,-112.25,0.0,750.0,15.0
2024-07-08,12,1396,LTGES0917c,998,977,85.98,0.0,13406.07,0.6
2024-07-08,12,291,LTGES0210b,367,752,-277.23,0.0,8937.38,3.1
2024-07-08,12,80,LTGES0054,696,86,308.67,0.0,1228.89,25.1
2024-07-08,12,1629,LTGES1073b,1067,417,34.7,0.0,2457.78,1.4
2024-07-08,12,360,LTGES0246b,268,760,-1155.88,0.0,8937.38,12.9
2024-07-08,12,1379,LTGES0906b,567,954,57.71,0.0,8937.38,0.6
2024-07-08,12,1180,LTGES0774b,3,517,137.77,0.0,2457.78,5.6
2024-07-08,12,418,LTGES0287b,295,296,776.89,0.0,2457.78,31.6
2024-07-08,12,1343,LTGES0886,723,972,-33.97,0.0,1228.89,2.8
2024-07-08,12,1466,LTGES0961a,427,1015,140.41,0.0,2457.78,5.7
2024-07-08,12,431,LTGES0296b,785,700,65.92,0.0,2457.78,2.7
2024-07-08,12,1590,LTGES1047a,606,402,-184.96,0.0,2457.78,7.5
2024-07-08,12,1940,LTGES1269b,572,416,63.33,0.0,2457.78,2.6
2024-07-08,12,520,LTGES0361b,806,511,-38.25,0.0,2457.78,1.6
2024-07-08,12,1611,LTGES1062,10,156,623.7,0.0,4468.69,14.0
2024-07-08,12,2200,TR_ae86a0a4,333,334,904.28,0.0,2362.5,38.3
2024-07-08,12,1846,LTGES1211,192,942,-81.49,0.0,1228.89,6.6
2024-07-08,12,1666,LTGES1099,619,1107,-490.49,0.0,3574.95,13.7
2024-07-08,12,969,LTGES0650a,904,31,-1254.43,0.0,13406.07,9.4
2024-07-08,12,1160,LTGES0764a,562,24,-340.22,0.0,2457.78,13.8
2024-07-08,12,1147,LTGES0755b,400,943,883.52,0.0,2457.78,35.9
2024-07-08,12,1263,LTGES0831,72,539,780.51,0.0,4468.69,17.5
2024-07-08,12,1989,LTGES1310,137,86,-147.65,0.0,1228.89,12.0
2024-07-08,12,1930,LTGES1264b,35,327,359.88,0.0,8937.38,4.0
2024-07-08,12,1504,LTGES0989a,586,417,16.38,0.0,2457.78,0.7
2024-07-08,12,1678,LTGES1109a,441,375,312.38,0.0,2457.78,12.7
2024-07-08,12,327,LTGES0229a,251,754,-6.72,0.0,845.93,0.8
2024-07-08,12,1314,LTGES0865,986,212,-547.76,0.0,1228.89,44.6
2024-07-08,12,2060,LTGES1361b,650,868,-102.19,0.0,2457.78,4.2
2024-07-08,12,284,LTGES0206b,750,231,-28.74,0.0,2457.78,1.2
2024-07-08,12,1743,LTGES1148a,318,800,-40.38,0.0,2457.78,1.6
2024-07-08,12,818,LTGES0558,12,728,53.89,0.0,4468.69,1.2
2024-07-08,12,2161,LTGES1440,1229,673,133.12,0.0,1228.89,10.8
2024-07-08,12,1868,LTGES1226b,618,646,82.85,0.0,2457.78,3.4
2024-07-08,12,1388,LTGES0913b,569,996,6.19,0.0,2457.78,0.3
2024-07-08,12,1232,LTGES0809,214,529,-199.54,0.0,1228.89,16.2
2024-07-08,12,2157,LTGES1437,1166,1213,53.97,0.0,1228.89,4.4
2024-07-08,12,1506,LTGES0990,417,586,-6.42,0.0,1228.89,0.5
2024-07-08,12,2139,LTGES1422a,447,1235,-256.73,0.0,8937.38,2.9
2024-07-08,12,1143,LTGES0753b,943,1038,877.79,0.0,2457.78,35.7
2024-07-08,12,575,LTGES0398,825,34,228.89,0.0,1228.89,18.6
2024-07-08,12,942,LTGES0632a,1099,469,-4.09,0.0,2457.78,0.2
2024-07-08,12,675,LTGES0465,835,391,413.92,0.0,1228.89,33.7
2024-07-08,12,904,LTGES0610b,81,298,82.96,0.0,2457.78,3.4
2024-07-08,12,2043,LTGES1347,855,853,150.6,0.0,1228.89,12.3
2024-07-08,12,1386,LTGES0912,859,159,112.29,0.0,1228.89,9.1
2024-07-08,12,2142,LTGES1423b,1235,1078,-407.31,0.0,8937.38,4.6
2024-07-08,12,2251,TR_a8526d91,563,564,0.61,0.0,500.0,0.1
2024-07-08,12,1184,LTGES0776b,47,3,-131.6,0.0,2457.78,5.4
2024-07-08,12,1369,LTGES0899,858,61,-299.35,0.0,4468.69,6.7
2024-07-08,12,15,LTGES0010a,19,21,-1652.63,0.0,8937.38,18.5
2024-07-08,12,500,LTGES0347,320,70,-48.67,0.0,1228.89,4.0
2024-07-08,12,785,LTGES0542a,436,372,-295.13,0.0,2457.78,12.0
2024-07-08,12,1001,LTGES0667a,147,483,-1886.99,0.0,8937.38,21.1
2024-07-08,12,1770,LTGES1164,629,1104,-156.37,0.0,1228.89,12.7
2024-07-08,12,251,LTGES0180,98,218,-334.96,0.0,4468.69,7.5
2024-07-08,12,1578,LTGES1037c,77,244,24.82,0.0,1268.9,2.0
2024-07-08,12,2094,LTGES1387,622,1215,2.77,0.0,1228.89,0.2
2024-07-08,12,170,LTGES0126a,165,899,701.53,0.0,2457.78,28.5
2024-07-08,12,2066,LTGES1364b,1207,1119,-14.72,0.0,2457.78,0.6
2024-07-08,12,248,LTGES0177,733,735,175.2,0.0,1256.82,13.9
2024-07-08,12,656,LTGES0454a,378,834,50.31,0.0,2457.78,2.0
2024-07-08,12,890,LTGES0603a,464,280,289.74,0.0,2457.78,11.8
2024-07-08,12,68,LTGES0046a,698,78,332.56,0.0,2457.78,13.5
2024-07-08,12,529,LTGES0368,328,35,-150.63,0.0,4468.69,3.4
2024-07-08,12,1795,LTGES1181b,91,698,243.91,0.0,3686.67,6.6
2024-07-08,12,850,LTGES0576a,451,452,-134.18,0.0,2457.78,5.5
2024-07-08,12,76,LTGES0051,55,84,-1076.55,0.0,4468.69,24.1
2024-07-08,12,1373,LTGES0902,62,549,848.1,0.0,4468.69,19.0
2024-07-08,12,186,LTGES0136b,150,168,298.07,0.0,8937.38,3.3
2024-07-08,12,1172,LTGES0770b,420,517,137.26,0.0,2457.78,5.6
2024-07-08,12,393,LTGES0267,281,275,-12.16,0.0,1228.89,1.0
2024-07-08,12,2155,LTGES1435,1167,1,-69.82,0.0,1228.89,5.7
2024-07-08,12,103,LTGES0070,106,52,-257.91,0.0,1228.89,21.0
2024-07-08,12,2218,TR_b42e8356,54,55,159.01,0.0,1875.0,8.5
2024-07-08,12,355,LTGES0242,752,751,-1345.4,0.0,4468.69,30.1
2024-07-08,12,982,LTGES0654c,677,142,-18.24,0.0,3686.67,0.5
2024-07-08,12,716,LTGES0492,407,845,197.41,0.0,1228.89,16.1
2024-07-08,12,2189,TR_d061a070,644,645,1140.28,0.0,2362.5,48.3
2024-07-08,12,1587,LTGES1044b,607,1128,117.33,0.0,8937.38,1.3
2024-07-08,12,870,LTGES0590a,277,952,1538.55,0.0,8937.38,17.2
2024-07-08,12,1560,LTGES1027,850,851,622.92,0.0,4468.69,13.9
2024-07-08,12,53,LTGES0034,61,688,-302.4,0.0,4468.69,6.8
2024-07-08,12,650,LTGES0450,376,377,696.03,0.0,4468.69,15.6
2024-07-08,12,155,LTGES0114b,142,146,87.51,0.0,2457.78,3.6
2024-07-08,12,963,LTGES0645,341,902,799.8,0.0,1228.89,65.1
2024-07-08,12,1163,LTGES0766a,22,992,67.24,0.0,2457.78,2.7
2024-07-08,12,566,LTGES0390,337,824,76.11,0.0,1228.89,6.2
2024-07-08,12,1492,LTGES0981,1021,1019,-108.56,0.0,1228.89,8.8
2024-07-08,12,111,LTGES0078a,111,55,-648.03,0.0,8937.38,7.3
2024-07-08,12,721,LTGES0497,410,266,52.52,0.0,1228.89,4.3
2024-07-08,12,1738,LTGES1144a,939,512,-23.1,0.0,2457.78,0.9
2024-07-08,12,1469,LTGES0963,427,852,23.1,0.0,1228.89,1.9
2024-07-08,12,1254,LTGES0824,188,535,6.99,0.0,1228.89,0.6
2024-07-08,12,1529,LTGES1007,593,372,-215.31,0.0,1228.89,17.5
2024-07-08,12,1358,LTGES0895a,562,564,185.34,0.0,4915.56,3.8
2024-07-08,12,1499,LTGES0986b,97,572,47.36,0.0,2457.78,1.9
2024-07-08,12,1443,LTGES0949,294,574,20.71,0.0,4468.69,0.5
2024-07-08,12,93,LTGES0064b,692,769,-118.17,0.0,2457.78,4.8
2024-07-08,12,1908,LTGES1250a,447,1148,93.67,0.0,8937.38,1.0
2024-07-08,12,10,LTGES0006,15,680,-317.81,0.0,1228.89,25.9
2024-07-08,12,1854,LTGES1216b,1134,639,1.19,0.0,2457.78,0.0
2024-07-08,12,1771,LTGES1165,628,1103,6.95,0.0,422.97,1.6
2024-07-08,12,1351,LTGES0891a,972,974,4.3,0.0,2457.78,0.2
2024-07-08,12,2298,TR_0f0fff81,505,506,-525.75,0.0,1875.0,28.0
2024-07-08,12,1580,LTGES1039,317,710,-19.47,0.0,1228.89,1.6
2024-07-08,12,305,LTGES0219,753,75,-1424.13,0.0,4468.69,31.9
2024-07-08,12,770,LTGES0532,71,72,67.53,0.0,4468.69,1.5
2024-07-08,12,1130,LTGES0745b,505,939,3.99,0.0,2457.78,0.2
2024-07-08,12,2086,LTGES1382a,614,1149,86.76,0.0,2457.78,3.5
2024-07-08,12,1520,LTGES1001,212,1027,-1190.54,0.0,1228.89,96.9
2024-07-08,12,701,LTGES0480,400,401,-554.03,0.0,1228.89,45.1
2024-07-08,12,321,LTGES0226a,250,252,-112.9,0.0,2457.78,4.6
2024-07-08,12,1353,LTGES0892a,162,160,-354.7,0.0,8937.38,4.0
2024-07-08,12,1440,LTGES0946b,1011,1012,-49.13,0.0,8937.38,0.5
2024-07-08,12,1395,LTGES0917b,998,977,85.98,0.0,13406.07,0.6
2024-07-08,12,1185,LTGES0777a,870,12,173.66,0.0,8937.38,1.9
2024-07-08,12,1919,LTGES1257b,88,916,-81.16,0.0,2457.78,3.3
2024-07-08,12,62,LTGES0041b,68,69,-2324.72,0.0,8937.38,26.0
2024-07-08,12,665,LTGES0459b,387,896,32.66,0.0,8937.38,0.4
2024-07-08,12,1241,LTGES0815,531,215,-9.28,0.0,1228.89,0.8
2024-07-08,12,446,LTGES0307,308,83,216.82,0.0,1228.89,17.6
2024-07-08,12,1994,LTGES1314,1182,1043,-15.0,0.0,1228.89,1.2
2024-07-08,12,857,LTGES0581,454,452,256.23,0.0,1228.89,20.9
2024-07-08,12,1633,LTGES1076,296,1147,41.09,0.0,1228.89,3.3
2024-07-08,12,1347,LTGES0889a,103,997,-57.06,0.0,2457.78,2.3
2024-07-08,12,1518,LTGES0999,1023,590,-5.42,0.0,1228.89,0.4
2024-07-08,12,390,LTGES0265,1139,280,73.98,0.0,1228.89,6.0
2024-07-08,12,1144,LTGES0754a,1038,487,868.54,0.0,2457.78,35.3
2024-07-08,12,632,LTGES0438,365,932,330.2,0.0,1228.89,26.9
2024-07-08,12,833,LTGES0565b,870,875,-127.73,0.0,8937.38,1.4
2024-07-08,12,1473,LTGES0967,685,26,-72.28,0.0,1228.89,5.9
2024-07-08,12,86,LTGES0058b,93,94,82.29,0.0,2457.78,3.3
2024-07-08,12,523,LTGES0362c,807,325,51.17,0.0,3686.67,1.4
2024-07-08,12,1591,LTGES1047b,606,402,-184.96,0.0,2457.78,7.5
2024-07-08,12,1890,LTGES1239,635,548,342.68,0.0,4468.69,7.7
2024-07-08,12,152,LTGES0113a,142,144,-173.95,0.0,2457.78,7.1
2024-07-08,12,1921,LTGES1258b,228,307,3.5,0.0,2457.78,0.1
2024-07-08,12,910,LTGES0613b,299,297,-49.66,0.0,845.93,5.9
2024-07-08,12,2009,LTGES1325b,1047,664,-6.11,0.0,2457.78,0.2
2024-07-08,12,2252,TR_20f9f91a,680,681,18.86,0.0,750.0,2.5
2024-07-08,12,469,LTGES0324a,790,791,10.23,0.0,2457.78,0.4
2024-07-08,12,245,LTGES0174,213,169,188.56,0.0,1228.89,15.3
2024-07-08,12,521,LTGES0362a,807,325,51.17,0.0,3686.67,1.4
2024-07-08,12,399,LTGES0272,285,284,-182.63,0.0,1228.89,14.9
2024-07-08,12,487,LTGES0337,315,795,20.75,0.0,1228.89,1.7
2024-07-08,12,2073,LTGES1372b,658,88,-3.92,0.0,2457.78,0.2
2024-07-08,12,658,LTGES0455,378,266,-371.04,0.0,1228.89,30.2
2024-07-08,12,268,LTGES0195a,48,3,-130.53,0.0,2457.78,5.3
2024-07-08,12,702,LTGES0481,401,402,-343.48,0.0,1228.89,28.0
2024-07-08,12,970,LTGES0650b,904,31,-1254.43,0.0,13406.07,9.4
2024-07-08,12,2154,LTGES1434,1167,1,-69.82,0.0,1228.89,5.7
2024-07-08,12,1618,LTGES1066,24,296,-89.94,0.0,1228.89,7.3
2024-07-08,12,577,LTGES0400,825,339,258.47,0.0,1228.89,21.0
2024-07-08,12,776,LTGES0537,425,431,-247.75,0.0,1228.89,20.2
2024-07-08,12,829,LTGES0563c,732,874,-0.38,0.0,4915.56,0.0
2024-07-08,12,1091,LTGES0720a,928,501,62.16,0.0,2457.78,2.5
2024-07-08,12,1426,LTGES0937,1009,1008,-88.84,0.0,1228.89,7.2
2024-07-08,12,1047,LTGES0691,489,490,-757.39,0.0,1228.89,61.6
2024-07-08,12,379,LTGES0258b,74,771,-56.13,0.0,8937.38,0.6
2024-07-08,12,187,LTGES0137,875,743,-208.88,0.0,4468.69,4.7
2024-07-08,12,1437,LTGES0944b,1082,1010,33.45,0.0,8937.38,0.4
2024-07-08,12,1010,LTGES0672a,147,143,1787.62,0.0,8937.38,20.0
2024-07-08,12,2146,LTGES1426b,674,117,-344.28,0.0,2457.78,14.0
2024-07-08,12,261,LTGES0188,226,4,-158.63,0.0,4468.69,3.5
2024-07-08,12,938,LTGES0630a,898,296,436.67,0.0,2457.78,17.8
2024-07-08,12,1544,LTGES1016a,600,436,-1.5,0.0,2457.78,0.1
2024-07-08,12,2036,LTGES1342,1197,525,549.89,0.0,1228.89,44.7
2024-07-08,12,1218,LTGES0800b,177,527,-307.35,0.0,2457.78,12.5
2024-07-08,12,486,LTGES0336,1041,1165,-136.91,0.0,1228.89,11.1
2024-07-08,12,107,LTGES0074,55,688,313.28,0.0,4468.69,7.0
2024-07-08,12,2217,TR_317465d6,88,89,-129.63,0.0,750.0,17.3
2024-07-08,12,102,LTGES0069b,105,874,-138.05,0.0,2457.78,5.6
2024-07-08,12,69,LTGES0046b,698,78,332.56,0.0,2457.78,13.5
2024-07-08,12,2020,LTGES1332a,501,924,-1.36,0.0,3686.67,0.0
2024-07-08,12,282,LTGES0205b,747,5,-22.29,0.0,2457.78,0.9
2024-07-08,12,1278,LTGES0841,302,782,135.97,0.0,1228.89,11.1
2024-07-08,12,874,LTGES0592,885,459,16.83,0.0,1228.89,1.4
2024-07-08,12,1769,LTGES1163,198,629,-110.75,0.0,1228.89,9.0
2024-07-08,12,634,LTGES0439b,248,122,1938.65,0.0,8937.38,21.7
2024-07-08,12,1041,LTGES0687b,918,917,12.85,0.0,2457.78,0.5
2024-07-08,12,1156,LTGES0761b,127,242,-197.88,0.0,2457.78,8.1
2024-07-08,12,741,LTGES0510,718,404,-336.5,0.0,1228.89,27.4
2024-07-08,12,13,LTGES0009a,14,17,-1887.02,0.0,8937.38,21.1
2024-07-08,12,895,LTGES0605a,465,81,-58.97,0.0,2457.78,2.4
2024-07-08,12,2234,TR_089a759d,30,31,-61.51,0.0,500.0,12.3
2024-07-08,12,1332,LTGES0877,224,220,-143.3,0.0,1228.89,11.7
2024-07-08,12,2264,TR_2cf031ef,38,39,-295.9,0.0,1200.0,24.7
2024-07-08,12,1415,LTGES0931a,88,914,27.39,0.0,2457.78,1.1
2024-07-08,12,1053,LTGES0695b,923,922,41.55,0.0,2457.78,1.7
2024-07-08,12,1045,LTGES0689b,399,841,478.63,0.0,2457.78,19.5
2024-07-08,12,1319,LTGES0868b,527,558,24.97,0.0,2457.78,1.0
2024-07-08,12,2116,LTGES1404,671,1226,-214.95,0.0,1228.89,17.5
2024-07-08,12,1165,LTGES0767a,432,420,176.77,0.0,2457.78,7.2
2024-07-08,12,845,LTGES0573a,879,450,24.13,0.0,2457.78,1.0
2024-07-08,12,1606,LTGES1057a,259,232,3.71,0.0,845.93,0.4
2024-07-08,12,38,LTGES0024,44,27,-123.5,0.0,1228.89,10.0
2024-07-08,12,957,LTGES0641a,902,474,375.64,0.0,2457.78,15.3
2024-07-08,12,1454,LTGES0955a,993,568,49.11,0.0,17874.76,0.3
2024-07-08,12,2085,LTGES1381b,702,105,-43.08,0.0,2457.78,1.8
2024-07-08,12,188,LTGES0138a,170,101,30.1,0.0,2457.78,1.2
2024-07-08,12,199,LTGES0144,160,174,-18.26,0.0,4468.69,0.4
2024-07-08,12,1980,LTGES1303a,1174,332,-53.59,0.0,2457.78,2.2
2024-07-08,12,697,LTGES0477b,840,393,-24.0,0.0,2457.78,1.0
2024-07-08,12,763,LTGES0528a,17,36,-2145.76,0.0,8937.38,24.0
2024-07-08,12,1999,LTGES1319a,97,1187,109.07,0.0,2457.78,4.4
2024-07-08,12,66,LTGES0044,692,766,-21.46,0.0,1228.89,1.7
2024-07-08,12,2032,LTGES1339a,321,1126,-22.2,0.0,8937.38,0.2
2024-07-08,12,468,LTGES0323b,782,786,-240.57,0.0,2457.78,9.8
2024-07-08,12,1250,LTGES0822a,8,968,98.27,0.0,2457.78,4.0
2024-07-08,12,1692,LTGES1117a,24,1087,469.13,0.0,2457.78,19.1
2024-07-08,12,2018,LTGES1330,767,925,-170.68,0.0,1228.89,13.9
2024-07-08,12,548,LTGES0380b,818,816,-47.8,0.0,2457.78,1.9
2024-07-08,12,477,LTGES0329b,762,764,-16.93,0.0,2457.78,0.7
2024-07-08,12,1680,LTGES1110,623,301,-6.4,0.0,1228.89,0.5
2024-07-08,12,1576,LTGES1037a,77,244,24.82,0.0,1268.9,2.0
2024-07-08,12,388,LTGES0263,276,773,217.26,0.0,1228.89,17.7
2024-07-08,12,2177,TR_72a9d275,125,126,-223.31,0.0,2362.5,9.5
2024-07-08,12,729,LTGES0502a,382,414,36.4,0.0,2457.78,1.5
2024-07-08,12,762,LTGES0527,428,46,-186.17,0.0,4468.69,4.2
2024-07-08,12,402,LTGES0275,287,285,-94.8,0.0,1228.89,7.7
2024-07-08,12,236,LTGES0168a,206,202,-253.69,0.0,2457.78,10.3
2024-07-08,12,764,LTGES0528b,17,36,-2145.76,0.0,8937.38,24.0
2024-07-08,12,564,LTGES0389a,822,8,282.77,0.0,2457.78,11.5
2024-07-08,12,698,LTGES0478a,395,399,457.62,0.0,2457.78,18.6
2024-07-08,12,2140,LTGES1422b,447,1235,-256.73,0.0,8937.38,2.9
2024-07-08,12,1866,LTGES1225,804,322,0.0,0.0,1228.89,0.0
2024-07-08,12,1408,LTGES0926a,1001,571,-0.87,0.0,2457.78,0.0
2024-07-08,12,1376,LTGES0905a,771,567,99.08,0.0,8937.38,1.1
2024-07-08,12,814,LTGES0556a,446,868,-132.46,0.0,2457.78,5.4
2024-07-08,12,1831,LTGES1205b,636,1098,-97.95,0.0,8937.38,1.1
2024-07-08,12,578,LTGES0401,342,339,37.72,0.0,1228.89,3.1
2024-07-08,12,451,LTGES0310b,677,309,85.53,0.0,2457.78,3.5
2024-07-08,12,2170,LTGES1446b,1236,394,6.55,0.0,8937.38,0.1
2024-07-08,12,1483,LTGES0974a,291,293,-43.26,0.0,2457.78,1.8
2024-07-08,12,115,LTGES0081,114,116,71.03,0.0,1228.89,5.8
2024-07-08,12,1647,LTGES1086b,514,614,97.61,0.0,2457.78,4.0
2024-07-08,12,1548,LTGES1018a,51,601,17.15,0.0,2457.78,0.7
2024-07-08,12,1519,LTGES1000,1025,138,-253.12,0.0,1228.89,20.6
2024-07-08,12,351,LTGES0240c,260,263,19.86,0.0,4915.56,0.4
2024-07-08,12,866,LTGES0587b,883,772,2038.12,0.0,8937.38,22.8
2024-07-08,12,960,LTGES0643a,474,1079,336.33,0.0,2457.78,13.7
2024-07-08,12,339,LTGES0235a,258,758,199.48,0.0,2457.78,8.1
2024-07-08,12,1097,LTGES0724b,92,931,-215.09,0.0,8937.38,2.4
2024-07-08,12,674,LTGES0464b,835,836,65.85,0.0,2457.78,2.7
2024-07-08,12,1479,LTGES0971b,45,1017,135.95,0.0,2457.78,5.5
2024-07-08,12,609,LTGES0424a,830,354,5.72,0.0,2457.78,0.2
2024-07-08,12,2244,TR_6b7707a8,598,599,-27.31,0.0,500.0,5.5
2024-07-08,12,1850,LTGES1214a,946,990,637.3,0.0,8937.38,7.1
2024-07-08,12,2152,LTGES1432,1202,1004,-129.57,0.0,1228.89,10.5
2024-07-08,12,1072,LTGES0709a,926,500,-129.3,0.0,2457.78,5.3
2024-07-08,12,1801,LTGES1183b,90,697,16.95,0.0,1268.9,1.3
2024-07-08,12,1015,LTGES0673d,910,912,-43.53,0.0,17874.76,0.2
2024-07-08,12,1487,LTGES0977,1019,583,-82.61,0.0,1228.89,6.7
2024-07-08,12,370,LTGES0253c,271,273,128.99,0.0,17874.76,0.7
2024-07-08,12,206,LTGES0149a,182,727,-303.62,0.0,2457.78,12.4
2024-07-08,12,595,LTGES0411b,827,346,-29.24,0.0,8937.38,0.3
2024-07-08,12,279,LTGES0204a,5,230,201.12,0.0,2457.78,8.2
2024-07-08,12,2108,LTGES1397,301,1084,-97.68,0.0,1228.89,7.9
2024-07-08,12,2187,TR_3cdb5cac,159,160,-47.45,0.0,750.0,6.3
2024-07-08,12,1224,LTGES0803b,150,528,-7.77,0.0,8937.38,0.1
2024-07-08,12,1597,LTGES1052a,467,479,52.35,0.0,2457.78,2.1
2024-07-08,12,801,LTGES0550a,441,266,-381.87,0.0,2457.78,15.5
2024-07-08,12,1133,LTGES0747b,932,940,42.78,0.0,2457.78,1.7
2024-07-08,12,581,LTGES0404,337,335,64.62,0.0,1228.89,5.3
2024-07-08,12,1420,LTGES0934b,786,123,-68.99,0.0,4915.56,1.4
2024-07-08,12,754,LTGES0521,1113,26,-97.48,0.0,1228.89,7.9
2024-07-08,12,259,LTGES0187a,224,738,5.85,0.0,2457.78,0.2
2024-07-08,12,1668,LTGES1101a,493,491,-75.66,0.0,2457.78,3.1
2024-07-08,12,129,LTGES0091,127,131,79.28,0.0,1228.89,6.5
2024-07-08,12,1809,LTGES1188a,154,714,-170.12,0.0,8937.38,1.9
2024-07-08,12,1728,LTGES1137b,714,162,242.84,0.0,8937.38,2.7
2024-07-08,12,684,LTGES0470a,837,393,46.91,0.0,2457.78,1.9
2024-07-08,12,430,LTGES0296a,785,700,65.92,0.0,2457.78,2.7
2024-07-08,12,1512,LTGES0994b,1024,1023,-42.53,0.0,2457.78,1.7
2024-07-08,12,1857,LTGES1219,1055,970,-175.2,0.0,1256.82,13.9
2024-07-08,12,853,LTGES0577b,210,880,15.58,0.0,2457.78,0.6
2024-07-08,12,207,LTGES0149b,182,727,-303.62,0.0,2457.78,12.4
2024-07-08,12,1131,LTGES0746,932,510,232.1,0.0,1228.89,18.9
2024-07-08,12,47,LTGES0029b,51,52,9.64,0.0,2457.78,0.4
2024-07-08,12,2341,TR_da0a8bbb,202,203,-1482.76,0.0,3750.0,39.5
2024-07-08,12,917,LTGES0618a,892,465,-54.9,0.0,2457.78,2.2
2024-07-08,12,2323,TR_e8bfe4d3,259,260,9.96,0.0,750.0,1.3
2024-07-08,12,2193,TR_ec3a7de9,34,35,801.21,0.0,1875.0,42.7
2024-07-08,12,2233,TR_09234ca6,28,29,-64.67,0.0,500.0,12.9
2024-07-08,12,1323,LTGES0871a,526,727,306.11,0.0,2457.78,12.5
2024-07-08,12,216,LTGES0154a,188,189,129.81,0.0,2457.78,5.3
2024-07-08,12,1058,LTGES0700,193,495,-704.0,0.0,4468.69,15.8
2024-07-08,12,1883,LTGES1235a,448,621,-59.08,0.0,2457.78,2.4
2024-07-08,12,511,LTGES0355,805,243,-0.0,0.0,4468.69,0.0
2024-07-08,12,1261,LTGES0829,971,541,236.27,0.0,1228.89,19.2
2024-07-08,12,238,LTGES0169a,208,203,347.28,0.0,8937.38,3.9
2024-07-08,12,209,LTGES0150b,182,742,41.39,0.0,2457.78,1.7
2024-07-08,12,959,LTGES0642,341,1151,-111.73,0.0,1228.89,9.1
2024-07-08,12,2167,LTGES1445a,283,676,-272.42,0.0,2457.78,11.1
2024-07-08,12,1283,LTGES0844b,548,547,101.01,0.0,8937.38,1.1
2024-07-08,12,1482,LTGES0973,1018,45,-168.57,0.0,1228.89,13.7
2024-07-08,12,2124,LTGES1411a,69,403,-1368.56,0.0,8937.38,15.3
2024-07-08,12,1787,LTGES1177b,254,247,-171.87,0.0,2457.78,7.0
2024-07-08,12,941,LTGES0631b,897,898,-30.44,0.0,2457.78,1.2
2024-07-08,12,1410,LTGES0927,571,560,-256.61,0.0,1228.89,20.9
2024-07-08,12,1441,LTGES0947,1012,292,-13.83,0.0,4468.69,0.3
2024-07-08,12,979,LTGES0653c,677,142,-18.24,0.0,3686.67,0.5
2024-07-08,12,1291,LTGES0850b,170,552,-73.57,0.0,2457.78,3.0
2024-07-08,12,1240,LTGES0814,963,530,2.77,0.0,1228.89,0.2
2024-07-08,12,1129,LTGES0745a,505,939,3.99,0.0,2457.78,0.2
2024-07-08,12,343,LTGES0237a,758,260,95.31,0.0,2457.78,3.9
2024-07-08,12,222,LTGES0159a,56,127,-238.04,0.0,2457.78,9.7
2024-07-08,12,2103,LTGES1392c,1141,237,-198.06,0.0,17874.76,1.1
2024-07-08,12,1201,LTGES0792a,390,359,-30.71,0.0,8937.38,0.3
2024-07-08,12,608,LTGES0423,353,830,419.63,0.0,1228.89,34.1
2024-07-08,12,158,LTGES0116,744,151,-2.27,0.0,1228.89,0.2
2024-07-08,12,60,LTGES0040b,67,68,-2311.3,0.0,8937.38,25.9
2024-07-08,12,1524,LTGES1004,591,1035,18.05,0.0,1228.89,1.5
2024-07-08,12,229,LTGES0164,717,201,108.64,0.0,1228.89,8.8
2024-07-08,12,661,LTGES0457b,382,384,-27.72,0.0,2457.78,1.1
2024-07-08,12,2231,TR_5e46f309,222,223,-246.73,0.0,1875.0,13.2
2024-07-08,12,766,LTGES0529b,429,124,-627.93,0.0,8937.38,7.0
2024-07-08,12,587,LTGES0407b,346,347,-902.23,0.0,8937.38,10.1
2024-07-08,12,1571,LTGES1034,1037,1038,-11.49,0.0,1228.89,0.9
2024-07-08,12,11,LTGES0007,680,16,-336.67,0.0,1228.89,27.4
2024-07-08,12,2293,TR_b4c6d83c,299,300,-104.49,0.0,750.0,13.9
2024-07-08,12,2082,LTGES1380a,768,274,-3.3,0.0,8937.38,0.0
2024-07-08,12,540,LTGES0375b,9,334,89.98,0.0,8937.38,1.0
2024-07-08,12,978,LTGES0653b,677,142,-18.24,0.0,3686.67,0.5
2024-07-08,12,483,LTGES0333,314,793,-38.62,0.0,1228.89,3.1
2024-07-08,12,1944,LTGES1272a,645,327,-903.89,0.0,8937.38,10.1
2024-07-08,12,1701,LTGES1120d,1,626,6.63,0.0,4915.56,0.1
2024-07-08,12,277,LTGES0202,703,741,106.71,0.0,4468.69,2.4
2024-07-08,12,1895,LTGES1243a,1078,620,-213.16,0.0,8937.38,2.4
2024-07-08,12,398,LTGES0271,284,282,-239.77,0.0,1228.89,19.5
2024-07-08,12,1819,LTGES1195,125,541,-100.59,0.0,1228.89,8.2
2024-07-08,12,1302,LTGES0858a,209,556,-78.02,0.0,2457.78,3.2
2024-07-08,12,331,LTGES0231a,254,114,415.14,0.0,2457.78,16.9
2024-07-08,12,1472,LTGES0966,575,685,-191.21,0.0,1228.89,15.6
2024-07-08,12,2250,TR_3af63bd6,677,678,-61.62,0.0,750.0,8.2
2024-07-08,12,1289,LTGES0849b,553,980,62.99,0.0,2457.78,2.6
2024-07-08,12,627,LTGES0435b,241,832,-242.68,0.0,8937.38,2.7
2024-07-08,12,851,LTGES0576b,451,452,-134.18,0.0,2457.78,5.5
2024-07-08,12,1623,LTGES1070,76,1060,-204.29,0.0,4468.69,4.6
2024-07-08,12,769,LTGES0531b,70,862,153.31,0.0,2457.78,6.2
2024-07-08,12,2150,LTGES1430,1032,108,-0.56,0.0,1228.89,0.0
2024-07-08,12,1716,LTGES1129b,742,184,37.72,0.0,2457.78,1.5
2024-07-08,12,1003,LTGES0668,481,908,589.33,0.0,1228.89,48.0
2024-07-08,12,95,LTGES0065b,769,38,3.4,0.0,2457.78,0.1
2024-07-08,12,1614,LTGES1064a,24,296,-271.89,0.0,2457.78,11.1
2024-07-08,12,1349,LTGES0890a,973,975,47.04,0.0,8937.38,0.5
2024-07-08,12,1366,LTGES0897,860,565,-57.14,0.0,1228.89,4.6
2024-07-08,12,1971,LTGES1296,1159,660,-0.3,0.0,1228.89,0.0
2024-07-08,12,1152,LTGES0759b,91,945,122.24,0.0,2457.78,5.0
2024-07-08,12,2268,TR_871b5827,190,191,235.76,0.0,1200.0,19.6
2024-07-08,12,294,LTGES0212a,751,261,91.82,0.0,8937.38,1.0
2024-07-08,12,2024,LTGES1334a,1220,1186,-41.98,0.0,2457.78,1.7
2024-07-08,12,1213,LTGES0797d,181,726,-4.62,0.0,17874.76,0.0
2024-07-08,12,965,LTGES0648a,31,29,-779.28,0.0,8937.38,8.7
2024-07-08,12,1269,LTGES0835a,543,978,0.45,0.0,2457.78,0.0
2024-07-08,12,2050,LTGES1355,1204,328,780.37,0.0,4468.69,17.5
2024-07-08,12,153,LTGES0113b,142,144,-173.95,0.0,2457.78,7.1
2024-07-08,12,1471,LTGES0965,582,575,-106.75,0.0,1228.89,8.7
2024-07-08,12,2052,LTGES1357,1065,1219,75.57,0.0,1228.89,6.1
2024-07-08,12,464,LTGES0321b,788,311,-0.85,0.0,2457.78,0.0
2024-07-08,12,1683,LTGES1112a,624,1111,-18.71,0.0,2457.78,0.8
2024-07-08,12,2045,LTGES1349,1200,664,-22.07,0.0,1228.89,1.8
2024-07-08,12,1859,LTGES1220b,464,63,76.58,0.0,2457.78,3.1
2024-07-08,12,557,LTGES0386a,823,814,82.16,0.0,2457.78,3.3
2024-07-08,12,967,LTGES0649a,30,28,60.45,0.0,2457.78,2.5
2024-07-08,12,299,LTGES0216a,238,239,-1017.81,0.0,8937.38,11.4
2024-07-08,12,159,LTGES0117,995,152,-1.27,0.0,1228.89,0.1
2024-07-08,12,1948,LTGES1275,1154,655,16.78,0.0,1228.89,1.4
2024-07-08,12,844,LTGES0572b,434,863,14.17,0.0,2457.78,0.6
2024-07-08,12,1101,LTGES0727,938,91,527.99,0.0,1228.89,43.0
2024-07-08,12,536,LTGES0373b,819,823,260.58,0.0,2457.78,10.6
2024-07-08,12,1150,LTGES0758,400,944,15.31,0.0,1228.89,1.2
2024-07-08,12,1834,LTGES1207a,638,1131,8.99,0.0,17874.76,0.1
2024-07-08,12,931,LTGES0625b,13,682,67.39,0.0,2457.78,2.7
2024-07-08,12,842,LTGES0571,743,4,867.47,0.0,4468.69,19.4
2024-07-08,12,223,LTGES0159b,56,127,-238.04,0.0,2457.78,9.7
2024-07-08,12,1488,LTGES0978a,1019,584,-36.23,0.0,2457.78,1.5
2024-07-08,12,1219,LTGES0801a,527,958,-44.89,0.0,2457.78,1.8
2024-07-08,12,531,LTGES0370a,330,812,1.06,0.0,2457.78,0.0
2024-07-08,12,817,LTGES0557b,868,865,-254.2,0.0,2457.78,10.3
2024-07-08,12,1087,LTGES0717a,500,927,-207.92,0.0,2457.78,8.5
2024-07-08,12,2064,LTGES1363b,71,429,-622.84,0.0,8937.38,7.0
2024-07-08,12,26,LTGES0016a,296,24,261.06,0.0,2457.78,10.6
2024-07-08,12,952,LTGES0638b,901,34,26.13,0.0,2457.78,1.1
2024-07-08,12,1996,LTGES1316b,566,1183,33.08,0.0,2457.78,1.3
2024-07-08,12,989,LTGES0659b,31,200,-434.8,0.0,8937.38,4.9
2024-07-08,12,1139,LTGES0751,942,840,100.28,0.0,1228.89,8.2
2024-07-08,12,230,LTGES0165a,203,53,210.56,0.0,8937.38,2.4
2024-07-08,12,1191,LTGES0780b,203,211,154.28,0.0,8937.38,1.7
2024-07-08,12,1725,LTGES1136a,1075,617,-0.01,0.0,2457.78,0.0
2024-07-08,12,2138,LTGES1421b,1148,870,100.78,0.0,8937.38,1.1
2024-07-08,12,394,LTGES0268,276,884,0.68,0.0,1228.89,0.1
2024-07-08,12,258,LTGES0186,221,43,-307.14,0.0,4468.69,6.9
2024-07-08,12,328,LTGES0229b,251,754,-6.72,0.0,845.93,0.8
2024-07-08,12,1029,LTGES0680,1003,54,-1.88,0.0,1228.89,0.2
2024-07-08,12,666,LTGES0460,386,388,-219.01,0.0,1228.89,17.8
2024-07-08,12,149,LTGES0111b,140,141,148.31,0.0,2457.78,6.0
2024-07-08,12,773,LTGES0534b,70,431,21.69,0.0,2457.78,0.9
2024-07-08,12,1645,LTGES1085b,613,501,-34.97,0.0,2457.78,1.4
2024-07-08,12,1620,LTGES1067b,76,1061,-10.26,0.0,8937.38,0.1
2024-07-08,12,1579,LTGES1038,319,1223,34.27,0.0,1228.89,2.8
2024-07-08,12,122,LTGES0085b,116,117,140.39,0.0,2457.78,5.7
2024-07-08,12,302,LTGES0217b,239,753,348.06,0.0,8937.38,3.9
2024-07-08,12,2297,TR_ad3ea85c,81,82,-190.03,0.0,750.0,25.3
2024-07-08,12,2279,TR_71f49079,572,573,-404.44,0.0,1200.0,33.7
2024-07-08,12,1926,LTGES1261b,1150,166,-14.46,0.0,2457.78,0.6
2024-07-08,12,1772,LTGES1166a,1104,1102,54.95,0.0,2457.78,2.2
2024-07-08,12,175,LTGES0128b,1043,898,507.07,0.0,2457.78,20.6
2024-07-08,12,1413,LTGES0929b,1002,551,-3.37,0.0,2457.78,0.1
2024-07-08,12,1328,LTGES0875a,562,479,-22.28,0.0,2457.78,0.9
2024-07-08,12,143,LTGES0107,54,1127,142.05,0.0,1228.89,11.6
2024-07-08,12,1252,LTGES0823a,968,189,-196.82,0.0,2457.78,8.0
2024-07-08,12,1086,LTGES0716b,927,177,-288.43,0.0,2457.78,11.7
2024-07-08,12,1740,LTGES1145,778,290,132.63,0.0,4468.69,3.0
2024-07-08,12,501,LTGES0348,243,128,3336.44,0.0,4468.69,74.7
2024-07-08,12,2046,LTGES1350,1201,490,357.88,0.0,1228.89,29.1
2024-07-08,12,1995,LTGES1316a,566,1183,33.08,0.0,2457.78,1.3
2024-07-08,12,1762,LTGES1158,511,513,242.47,0.0,1228.89,19.7
2024-07-08,12,825,LTGES0562a,419,3,-136.53,0.0,2457.78,5.6
2024-07-08,12,1190,LTGES0780a,203,211,154.28,0.0,8937.38,1.7
2024-07-08,12,2048,LTGES1352,156,1203,-948.26,0.0,4468.69,21.2
2024-07-08,12,2213,TR_2336bf3a,972,973,-42.57,0.0,500.0,8.5
2024-07-08,12,318,LTGES0224b,247,250,-91.85,0.0,2457.78,3.7
2024-07-08,12,1421,LTGES0934c,786,123,-68.99,0.0,4915.56,1.4
2024-07-08,12,292,LTGES0211a,758,236,64.46,0.0,2457.78,2.6
2024-07-08,12,1848,LTGES1212b,502,192,-49.53,0.0,2457.78,2.0
2024-07-08,12,20,LTGES0012b,1065,22,-45.79,0.0,2457.78,1.9
2024-07-08,12,2071,LTGES1371,649,650,-44.98,0.0,1228.89,3.7
2024-07-08,12,1193,LTGES0782,523,876,151.0,0.0,1228.89,12.3
2024-07-08,12,708,LTGES0485,843,842,-75.02,0.0,1228.89,6.1
2024-07-08,12,533,LTGES0371,331,326,326.09,0.0,1228.89,26.5
2024-07-08,12,837,LTGES0568a,80,449,3.66,0.0,8937.38,0.0
2024-07-08,12,749,LTGES0517,1211,856,-20.59,0.0,1228.89,1.7
2024-07-08,12,1705,LTGES1123a,350,1090,26.13,0.0,8937.38,0.3
2024-07-08,12,1098,LTGES0725a,240,938,303.91,0.0,2457.78,12.4
2024-07-08,12,1733,LTGES1141a,954,993,37.18,0.0,8937.38,0.4
2024-07-08,12,1480,LTGES0972a,45,291,-87.4,0.0,2457.78,3.6
2024-07-08,12,622,LTGES0432b,362,1145,-485.84,0.0,8937.38,5.4
2024-07-08,12,1711,LTGES1127a,713,139,8.76,0.0,2457.78,0.4
2024-07-08,12,1788,LTGES1178a,253,246,-58.77,0.0,845.93,6.9
2024-07-08,12,123,LTGES0086,115,122,-1969.5,0.0,4468.69,44.1
2024-07-08,12,616,LTGES0429a,361,362,-69.73,0.0,8937.38,0.8
2024-07-08,12,2285,TR_023fe59e,167,168,-572.38,0.0,1200.0,47.7
2024-07-08,12,1867,LTGES1226a,618,646,82.85,0.0,2457.78,3.4
2024-07-08,12,1849,LTGES1213,1127,859,112.74,0.0,1228.89,9.2
2024-07-08,12,300,LTGES0216b,238,239,-1017.81,0.0,8937.38,11.4
2024-07-08,12,1000,LTGES0666,481,694,-238.76,0.0,1228.89,19.4
2024-07-08,12,2172,LTGES1448,1072,648,-39.85,0.0,1228.89,3.2
2024-07-08,12,1875,LTGES1230b,1136,1139,-84.5,0.0,2457.78,3.4
2024-07-08,12,1794,LTGES1181a,91,698,243.91,0.0,3686.67,6.6
2024-07-08,12,1018,LTGES0674c,909,911,-91.72,0.0,4915.56,1.9
2024-07-08,12,1024,LTGES0677a,903,912,153.91,0.0,8937.38,1.7
2024-07-08,12,1216,LTGES0799b,183,178,252.88,0.0,8937.38,2.8
2024-07-08,12,1992,LTGES1312b,193,663,60.76,0.0,8937.38,0.7
2024-07-08,12,601,LTGES0417,272,1124,-98.26,0.0,1228.89,8.0
2024-07-08,12,1896,LTGES1243b,1078,620,-213.16,0.0,8937.38,2.4
2024-07-08,12,1687,LTGES1114,1053,482,-380.6,0.0,1228.89,31.0
2024-07-08,12,1751,LTGES1152b,602,295,816.18,0.0,2457.78,33.2
2024-07-08,12,1217,LTGES0800a,177,527,-307.35,0.0,2457.78,12.5
2024-07-08,12,1494,LTGES0982b,1021,1020,52.88,0.0,2457.78,2.2
2024-07-08,12,1913,LTGES1253,1137,797,9.41,0.0,1228.89,0.8
2024-07-08,12,1170,LTGES0769b,420,225,144.98,0.0,2457.78,5.9
2024-07-08,12,1511,LTGES0994a,1024,1023,-42.53,0.0,2457.78,1.7
2024-07-08,12,1741,LTGES1146,1095,48,-242.18,0.0,1228.89,19.7
2024-07-08,12,423,LTGES0290,134,952,-1227.26,0.0,4468.69,27.5
2024-07-08,12,317,LTGES0224a,247,250,-91.85,0.0,2457.78,3.7
2024-07-08,12,1274,LTGES0838a,545,161,81.79,0.0,2457.78,3.3
2024-07-08,12,863,LTGES0586a,883,982,-2076.5,0.0,8937.38,23.2
2024-07-08,12,1462,LTGES0958b,580,568,-75.38,0.0,8937.38,0.8
2024-07-08,12,2262,TR_e1d8c398,467,468,1.42,0.0,1875.0,0.1
2024-07-08,12,316,LTGES0223c,244,120,-13.1,0.0,1268.9,1.0
2024-07-08,12,617,LTGES0429b,361,362,-69.73,0.0,8937.38,0.8
2024-07-08,12,463,LTGES0321a,788,311,-0.85,0.0,2457.78,0.0
2024-07-08,12,1294,LTGES0852b,982,555,4.53,0.0,8937.38,0.1
2024-07-08,12,1458,LTGES0956a,993,46,-88.37,0.0,8937.38,1.0
2024-07-08,12,263,LTGES0190,221,740,-412.43,0.0,4468.69,9.2
2024-07-08,12,1603,LTGES1055b,729,1062,-88.24,0.0,2457.78,3.6
2024-07-08,12,2021,LTGES1332b,501,924,-1.36,0.0,3686.67,0.0
2024-07-08,12,295,LTGES0212b,751,261,91.82,0.0,8937.38,1.0
2024-07-08,12,1038,LTGES0685b,918,487,-957.52,0.0,2457.78,39.0
2024-07-08,12,181,LTGES0133a,21,156,-2061.91,0.0,8937.38,23.1
2024-07-08,12,802,LTGES0550b,441,266,-381.87,0.0,2457.78,15.5
2024-07-08,12,368,LTGES0253a,271,273,128.99,0.0,17874.76,0.7
2024-07-08,12,1987,LTGES1308,1178,661,-0.42,0.0,1228.89,0.0
2024-07-08,12,1016,LTGES0674a,909,911,-91.72,0.0,4915.56,1.9
2024-07-08,12,913,LTGES0615b,466,266,57.4,0.0,2457.78,2.3
2024-07-08,12,386,LTGES0262a,278,773,13.97,0.0,2457.78,0.6
2024-07-08,12,85,LTGES0058a,93,94,82.29,0.0,2457.78,3.3
2024-07-08,12,1782,LTGES1174b,1108,1107,498.34,0.0,3574.95,13.9
2024-07-08,12,568,LTGES0392,338,336,179.85,0.0,1228.89,14.6
2024-07-08,12,1644,LTGES1085a,613,501,-34.97,0.0,2457.78,1.4
2024-07-08,12,309,LTGES0221b,245,121,168.92,0.0,3686.67,4.6
2024-07-08,12,30,LTGES0019a,29,31,698.32,0.0,8937.38,7.8
2024-07-08,12,569,LTGES0393,338,339,-26.43,0.0,1228.89,2.2
2024-07-08,12,1422,LTGES0934d,786,123,-68.99,0.0,4915.56,1.4
2024-07-08,12,1438,LTGES0945,1082,294,0.42,0.0,4468.69,0.0
2024-07-08,12,1060,LTGES0701b,455,497,-238.69,0.0,8937.38,2.7
2024-07-08,12,2002,LTGES1320b,421,1230,4.6,0.0,2457.78,0.2
2024-07-08,12,1845,LTGES1210b,1131,1129,-68.53,0.0,8937.38,0.8
2024-07-08,12,1391,LTGES0915b,977,724,98.14,0.0,8937.38,1.1
2024-07-08,12,642,LTGES0445a,369,371,5.04,0.0,2457.78,0.2
2024-07-08,12,828,LTGES0563b,732,874,-0.38,0.0,4915.56,0.0
2024-07-08,12,589,LTGES0408b,347,348,-946.23,0.0,8937.38,10.6
2024-07-08,12,1137,LTGES0750a,942,515,-120.22,0.0,2457.78,4.9
2024-07-08,12,1617,LTGES1065b,611,296,-325.78,0.0,2457.78,13.3
2024-07-08,12,1286,LTGES0847,550,551,-237.32,0.0,1228.89,19.3
2024-07-08,12,75,LTGES0050,83,54,293.97,0.0,1228.89,23.9
2024-07-08,12,930,LTGES0625a,13,682,67.39,0.0,2457.78,2.7
2024-07-08,12,1936,LTGES1267b,416,1067,41.25,0.0,2457.78,1.7
2024-07-08,12,1270,LTGES0835b,543,978,0.45,0.0,2457.78,0.0
2024-07-08,12,2176,TR_2ba8192a,123,124,-329.82,0.0,1200.0,27.5
2024-07-08,12,2291,TR_f79c0213,382,383,54.49,0.0,1200.0,4.5
2024-07-08,12,2303,TR_ac797598,247,248,-271.46,0.0,750.0,36.2
2024-07-08,12,2065,LTGES1364a,1207,1119,-14.72,0.0,2457.78,0.6
2024-07-08,12,2211,TR_0f7c87f6,723,724,-49.85,0.0,500.0,10.0
2024-07-08,12,460,LTGES0318,311,312,107.88,0.0,1228.89,8.8
2024-07-08,12,1642,LTGES1084a,612,1086,-15.55,0.0,2457.78,0.6
2024-07-08,12,2000,LTGES1319b,97,1187,109.07,0.0,2457.78,4.4
2024-07-08,12,1207,LTGES0795a,334,35,508.38,0.0,8937.38,5.7
2024-07-08,12,1626,LTGES1072a,170,1157,69.01,0.0,2457.78,2.8
2024-07-08,12,669,LTGES0462a,389,390,-79.79,0.0,8937.38,0.9
2024-07-08,12,1595,LTGES1050,608,396,71.32,0.0,1228.89,5.8
2024-07-08,12,537,LTGES0374a,332,819,187.16,0.0,2457.78,7.6
2024-07-08,12,2294,TR_14c8e677,411,412,-13.83,0.0,1200.0,1.2
2024-07-08,12,2077,LTGES1375,1212,602,-120.12,0.0,1228.89,9.8
2024-07-08,12,1500,LTGES0987a,97,531,43.65,0.0,2457.78,1.8
2024-07-08,12,1550,LTGES1019,1030,226,479.6,0.0,4468.69,10.7
2024-07-08,12,1268,LTGES0834,103,997,-29.55,0.0,1228.89,2.4
2024-07-08,12,858,LTGES0582,394,455,-122.04,0.0,4468.69,2.7
2024-07-08,12,2201,TR_565d8e08,715,716,51.92,0.0,500.0,10.4
2024-07-08,12,1873,LTGES1229,960,1152,11.54,0.0,1228.89,0.9
2024-07-08,12,840,LTGES0570a,80,877,12.29,0.0,8937.38,0.1
2024-07-08,12,1651,LTGES1088b,155,157,-37.39,0.0,2457.78,1.5
2024-07-08,12,1596,LTGES1051,386,1100,-90.18,0.0,1228.89,7.3
2024-07-08,12,208,LTGES0150a,182,742,41.39,0.0,2457.78,1.7
2024-07-08,12,1790,LTGES1179a,256,258,275.87,0.0,2457.78,11.2
2024-07-08,12,855,LTGES0579,381,453,267.18,0.0,1228.89,21.7
2024-07-08,12,224,LTGES0160,56,112,-125.1,0.0,1228.89,10.2
2024-07-08,12,688,LTGES0472a,839,395,162.31,0.0,2457.78,6.6
2024-07-08,12,1961,LTGES1286,495,176,-582.42,0.0,4468.69,13.0
2024-07-08,12,711,LTGES0488,846,57,74.83,0.0,1228.89,6.1
2024-07-08,12,1442,LTGES0948,294,574,19.54,0.0,4468.69,0.4
2024-07-08,12,797,LTGES0548a,439,442,53.49,0.0,2457.78,2.2
2024-07-08,12,1258,LTGES0827b,1005,313,-50.22,0.0,3686.67,1.4
2024-07-08,12,1257,LTGES0827a,1005,313,-50.22,0.0,3686.67,1.4
2024-07-08,12,1911,LTGES1251b,1148,869,12.28,0.0,8937.38,0.1
2024-07-08,12,867,LTGES0588a,772,457,8.19,0.0,8937.38,0.1
2024-07-08,12,2016,LTGES1329a,149,133,-42.08,0.0,2457.78,1.7
2024-07-08,12,1903,LTGES1247b,871,870,-3.74,0.0,8937.38,0.0
2024-07-08,12,1858,LTGES1220a,464,63,76.58,0.0,2457.78,3.1
2024-07-08,12,1337,LTGES0882a,222,988,-1.03,0.0,2457.78,0.0
2024-07-08,12,2102,LTGES1392b,1141,237,-198.06,0.0,17874.76,1.1
2024-07-08,12,738,LTGES0508a,33,19,-1871.41,0.0,8937.38,20.9
2024-07-08,12,1575,LTGES1036c,78,245,200.33,0.0,3686.67,5.4
2024-07-08,12,879,LTGES0595a,886,461,-10.68,0.0,2457.78,0.4
2024-07-08,12,2255,TR_23a069a8,146,147,-187.48,0.0,1875.0,10.0
2024-07-08,12,1099,LTGES0725b,240,938,303.91,0.0,2457.78,12.4
2024-07-08,12,699,LTGES0478b,395,399,457.62,0.0,2457.78,18.6
2024-07-08,12,1829,LTGES1204,636,981,177.23,0.0,4468.69,4.0
2024-07-08,12,687,LTGES0471b,36,1236,-981.64,0.0,8937.38,11.0
2024-07-08,12,1860,LTGES1221,642,131,-51.3,0.0,1228.89,4.2
2024-07-08,12,830,LTGES0563d,732,874,-0.38,0.0,4915.56,0.0
2024-07-08,12,225,LTGES0161,196,197,-204.76,0.0,1228.89,16.7
2024-07-08,12,1586,LTGES1044a,607,1128,117.33,0.0,8937.38,1.3
2024-07-08,12,1732,LTGES1140,964,532,327.0,0.0,1228.89,26.6
2024-07-08,12,1840,LTGES1208c,637,1130,26.0,0.0,4915.56,0.5
2024-07-08,12,1036,LTGES0684b,911,142,-161.62,0.0,2457.78,6.6
2024-07-08,12,1192,LTGES0781,522,451,-258.33,0.0,1228.89,21.0
2024-07-08,12,1526,LTGES1005b,212,592,209.44,0.0,2457.78,8.5
2024-07-08,12,1401,LTGES0920,171,981,-1293.41,0.0,4468.69,28.9
2024-07-08,12,161,LTGES0119,157,155,15.89,0.0,1228.89,1.3
2024-07-08,12,692,LTGES0474a,839,397,1.55,0.0,2457.78,0.1
2024-07-08,12,712,LTGES0489,405,846,184.06,0.0,1228.89,15.0
2024-07-08,12,1327,LTGES0874,1000,560,-2.18,0.0,1228.89,0.2
2024-07-08,12,1925,LTGES1261a,1150,166,-14.46,0.0,2457.78,0.6
2024-07-08,12,1430,LTGES0940a,1092,531,-61.97,0.0,2457.78,2.5
2024-07-08,12,1833,LTGES1206b,1128,1129,98.78,0.0,8937.38,1.1
2024-07-08,12,2114,LTGES1402,667,1225,-75.64,0.0,1228.89,6.2
2024-07-08,12,142,LTGES0106,54,60,139.97,0.0,1228.89,11.4
2024-07-08,12,2261,TR_9e0dda04,13,14,-80.06,0.0,1875.0,4.3
2024-07-08,12,637,LTGES0442,366,833,-82.88,0.0,1228.89,6.7
2024-07-08,12,1465,LTGES0960b,852,581,11.45,0.0,2457.78,0.5
2024-07-08,12,2145,LTGES1426a,674,117,-344.28,0.0,2457.78,14.0
2024-07-08,12,995,LTGES0663a,905,50,1176.8,0.0,8937.38,13.2
2024-07-08,12,1599,LTGES1053,142,1053,-360.28,0.0,1228.89,29.3
2024-07-08,12,1359,LTGES0895b,562,564,185.34,0.0,4915.56,3.8
2024-07-08,12,968,LTGES0649b,30,28,60.45,0.0,2457.78,2.5
2024-07-08,12,432,LTGES0297,306,1040,3.32,0.0,1228.89,0.3
2024-07-08,12,1972,LTGES1297a,660,411,-3.31,0.0,2457.78,0.1
2024-07-08,12,113,LTGES0079,112,54,276.31,0.0,1228.89,22.5
2024-07-08,12,492,LTGES0341a,795,794,4.16,0.0,2457.78,0.2
2024-07-08,12,445,LTGES0306,49,696,174.89,0.0,1228.89,14.2
2024-07-08,12,322,LTGES0226b,250,252,-112.9,0.0,2457.78,4.6
2024-07-08,12,2277,TR_df0fbfc7,135,136,-163.16,0.0,750.0,21.8
2024-07-08,12,1988,LTGES1309,131,662,-10.92,0.0,1228.89,0.9
2024-07-08,12,269,LTGES0195b,48,3,-130.53,0.0,2457.78,5.3
2024-07-08,12,1380,LTGES0907a,971,538,13.99,0.0,2457.78,0.6
2024-07-08,12,588,LTGES0408a,347,348,-946.23,0.0,8937.38,10.6
2024-07-08,12,555,LTGES0385a,335,821,33.01,0.0,2457.78,1.3
2024-07-08,12,1281,LTGES0843b,979,547,23.38,0.0,8937.38,0.3
2024-07-08,12,892,LTGES0604a,280,892,159.73,0.0,3686.67,4.3
2024-07-08,12,1111,LTGES0734,934,355,-651.02,0.0,1228.89,53.0
2024-07-08,12,2292,TR_fa8d5caa,279,280,-47.2,0.0,500.0,9.4
2024-07-08,12,794,LTGES0546b,439,441,-83.26,0.0,2457.78,3.4
2024-07-08,12,663,LTGES0458b,385,386,-151.31,0.0,2457.78,6.2
2024-07-08,12,1315,LTGES0866,986,1184,2.0,0.0,1228.89,0.2
2024-07-08,12,2240,TR_9238fc7c,199,200,-41.02,0.0,500.0,8.2
2024-07-08,12,1326,LTGES0873,560,153,-129.93,0.0,1228.89,10.6
2024-07-08,12,873,LTGES0591b,459,460,11.23,0.0,2457.78,0.5
2024-07-08,12,628,LTGES0436a,240,831,51.6,0.0,2457.78,2.1
2024-07-08,12,171,LTGES0126b,165,899,701.53,0.0,2457.78,28.5
2024-07-08,12,1764,LTGES1159b,513,941,2.16,0.0,2457.78,0.1
2024-07-08,12,653,LTGES0452a,208,743,568.2,0.0,8937.38,6.4
2024-07-08,12,1154,LTGES0760b,127,242,-204.95,0.0,2457.78,8.3
2024-07-08,12,345,LTGES0238a,757,259,33.15,0.0,845.93,3.9
2024-07-08,12,646,LTGES0447a,369,833,72.35,0.0,2457.78,2.9
2024-07-08,12,1904,LTGES1248a,871,870,-3.74,0.0,8937.38,0.0
2024-07-08,12,1505,LTGES0989b,586,417,16.38,0.0,2457.78,0.7
2024-07-08,12,319,LTGES0225a,246,249,-27.08,0.0,845.93,3.2
2024-07-08,12,502,LTGES0349a,802,112,227.48,0.0,2457.78,9.3
2024-07-08,12,758,LTGES0524a,857,424,-4.86,0.0,2457.78,0.2
2024-07-08,12,478,LTGES0330a,766,270,6.07,0.0,2457.78,0.2
2024-07-08,12,312,LTGES0222b,244,120,-13.1,0.0,1268.9,1.0
2024-07-08,12,1551,LTGES1020a,602,488,-894.57,0.0,2457.78,36.4
2024-07-08,12,748,LTGES0516,421,325,-254.86,0.0,1228.89,20.7
2024-07-08,12,2105,LTGES1393,849,382,71.84,0.0,1228.89,5.8
2024-07-08,12,567,LTGES0391,822,814,31.03,0.0,1228.89,2.5
2024-07-08,12,1055,LTGES0697,923,492,-314.02,0.0,1228.89,25.6
2024-07-08,12,831,LTGES0564,873,106,-23.05,0.0,1228.89,1.9
2024-07-08,12,67,LTGES0045,75,76,-711.79,0.0,4468.69,15.9
2024-07-08,12,2120,LTGES1408,672,673,-125.59,0.0,1228.89,10.2
2024-07-08,12,621,LTGES0432a,362,1145,-485.84,0.0,8937.38,5.4
2024-07-08,12,344,LTGES0237b,758,260,95.31,0.0,2457.78,3.9
2024-07-08,12,1739,LTGES1144b,939,512,-23.1,0.0,2457.78,0.9
2024-07-08,12,1414,LTGES0930,560,570,-129.69,0.0,1228.89,10.6
2024-07-08,12,1638,LTGES1080a,22,611,-238.18,0.0,2457.78,9.7
2024-07-08,12,535,LTGES0373a,819,823,260.58,0.0,2457.78,10.6
2024-07-08,12,1456,LTGES0955c,993,568,49.11,0.0,17874.76,0.3
2024-07-08,12,1523,LTGES1003b,1027,1028,-508.95,0.0,2457.78,20.7
2024-07-08,12,452,LTGES0311,126,162,254.91,0.0,4468.69,5.7
2024-07-08,12,2081,LTGES1379,131,324,-132.75,0.0,1228.89,10.8
2024-07-08,12,2258,TR_7fb6d213,482,483,-19.99,0.0,750.0,2.7
2024-07-08,12,639,LTGES0443b,205,80,-1824.97,0.0,8937.38,20.4
2024-07-08,12,109,LTGES0076,55,41,208.85,0.0,4468.69,4.7
2024-07-08,12,320,LTGES0225b,246,249,-27.08,0.0,845.93,3.2
2024-07-08,12,1119,LTGES0739,364,937,313.6,0.0,1228.89,25.5
2024-07-08,12,217,LTGES0154b,188,189,129.81,0.0,2457.78,5.3
2024-07-08,12,1187,LTGES0778a,870,12,173.66,0.0,8937.38,1.9
2024-07-08,12,1789,LTGES1178b,253,246,-58.77,0.0,845.93,6.9
2024-07-08,12,1063,LTGES0703a,497,7,-284.91,0.0,8937.38,3.2
2024-07-08,12,821,LTGES0560a,702,11,-197.62,0.0,2457.78,8.0
2024-07-08,12,2272,TR_4422f4c8,388,389,2945.04,0.0,7500.0,39.3
2024-07-08,12,2023,LTGES1333,43,37,501.28,0.0,4468.69,11.2
2024-07-08,12,2316,TR_5dccfcf1,113,114,-10.84,0.0,500.0,2.2
2024-07-08,12,2194,TR_30aa9055,170,171,-51.07,0.0,500.0,10.2
2024-07-08,12,1698,LTGES1120a,1,626,6.63,0.0,4915.56,0.1
2024-07-08,12,1341,LTGES0884,269,770,-7.43,0.0,4468.69,0.2
2024-07-08,12,2256,TR_6fc17258,561,562,-0.61,0.0,500.0,0.1
2024-07-08,12,1726,LTGES1136b,1075,617,-0.01,0.0,2457.78,0.0
2024-07-08,12,1960,LTGES1285,393,398,27.84,0.0,1228.89,2.3
2024-07-08,12,1891,LTGES1240,273,1144,-150.62,0.0,4468.69,3.4
2024-07-08,12,933,LTGES0627,682,471,127.91,0.0,1228.89,10.4
2024-07-08,12,2040,LTGES1345b,460,665,28.46,0.0,2457.78,1.2
2024-07-08,12,760,LTGES0525,45,427,64.37,0.0,1228.89,5.2
2024-07-08,12,1478,LTGES0971a,45,1017,135.95,0.0,2457.78,5.5
2024-07-08,12,1300,LTGES0856,950,523,221.18,0.0,1228.89,18.0
2024-07-08,12,1621,LTGES1068,359,1060,-235.1,0.0,4468.69,5.3
2024-07-08,12,789,LTGES0544a,865,864,24.34,0.0,2457.78,1.0
2024-07-08,12,1600,LTGES1054a,1052,140,-31.39,0.0,2457.78,1.3
2024-07-08,12,1640,LTGES1081,789,790,20.88,0.0,1228.89,1.7
2024-07-08,12,820,LTGES0559b,1214,702,-193.67,0.0,2457.78,7.9
2024-07-08,12,1517,LTGES0998,1026,590,-26.29,0.0,1228.89,2.1
2024-07-08,12,1853,LTGES1216a,1134,639,1.19,0.0,2457.78,0.0
2024-07-08,12,765,LTGES0529a,429,124,-627.93,0.0,8937.38,7.0
2024-07-08,12,1689,LTGES1115b,22,991,60.08,0.0,2457.78,2.4
2024-07-08,12,1385,LTGES0911,153,781,-98.45,0.0,1228.89,8.0
2024-07-08,12,1564,LTGES1030a,7,183,166.78,0.0,8937.38,1.9
2024-07-08,12,1209,LTGES0796,333,964,37.32,0.0,1228.89,3.0
2024-07-08,12,662,LTGES0458a,385,386,-151.31,0.0,2457.78,6.2
2024-07-08,12,1484,LTGES0974b,291,293,-43.26,0.0,2457.78,1.8
2024-07-08,12,659,LTGES0456,380,381,269.77,0.0,1228.89,22.0
2024-07-08,12,2061,LTGES1362a,126,542,-1040.7,0.0,8937.38,11.6
2024-07-08,12,1956,LTGES1281b,656,68,-12.27,0.0,8937.38,0.1
2024-07-08,12,358,LTGES0245,759,237,-487.81,0.0,4468.69,10.9
2024-07-08,12,2188,TR_f3d46ea1,172,173,-0.69,0.0,500.0,0.1
2024-07-08,12,1061,LTGES0702a,455,394,240.6,0.0,8937.38,2.7
2024-07-08,12,783,LTGES0541a,433,208,222.74,0.0,8937.38,2.5
2024-07-08,12,541,LTGES0376,822,816,-596.82,0.0,1228.89,48.6
2024-07-08,12,1643,LTGES1084b,612,1086,-15.55,0.0,2457.78,0.6
2024-07-08,12,862,LTGES0585,85,64,698.22,0.0,4468.69,15.6
2024-07-08,12,1673,LTGES1104,679,1080,2.11,0.0,1228.89,0.2
2024-07-08,12,234,LTGES0167a,206,872,17.26,0.0,2457.78,0.7
2024-07-08,12,1878,LTGES1232b,383,1141,179.91,0.0,8937.38,2.0
2024-07-08,12,1365,LTGES0896d,561,563,0.15,0.0,1691.87,0.0
2024-07-08,12,2054,LTGES1358b,110,173,-1067.54,0.0,8937.38,11.9
2024-07-08,12,205,LTGES0148b,726,179,2.85,0.0,8937.38,0.0
2024-07-08,12,2320,TR_047a855a,257,258,2.54,0.0,500.0,0.5
2024-07-08,12,1304,LTGES0859a,557,451,-216.48,0.0,2457.78,8.8
2024-07-08,12,1747,LTGES1150a,968,526,304.28,0.0,2457.78,12.4
2024-07-08,12,816,LTGES0557a,868,865,-254.2,0.0,2457.78,10.3
2024-07-08,12,927,LTGES0623,683,907,444.38,0.0,4468.69,9.9
2024-07-08,12,2343,TR_5d89fb1a,621,1235,-301.15,0.0,750.0,40.2
2024-07-08,12,164,LTGES0121,158,955,-6.31,0.0,1228.89,0.5
2024-07-08,12,1378,LTGES0906a,567,954,57.71,0.0,8937.38,0.6
2024-07-08,12,380,LTGES0259a,771,770,-156.57,0.0,8937.38,1.8
2024-07-08,12,2206,TR_a5f948b9,997,998,-52.01,0.0,500.0,10.4
2024-07-08,12,298,LTGES0215,753,693,2088.52,0.0,4468.69,46.7
2024-07-08,12,1203,LTGES0793a,185,183,50.36,0.0,8937.38,0.6
2024-07-08,12,126,LTGES0088,43,79,562.54,0.0,4468.69,12.6
2024-07-08,12,226,LTGES0162,197,56,-214.57,0.0,1228.89,17.5
2024-07-08,12,1230,LTGES0807,133,959,13.61,0.0,1228.89,1.1
2024-07-08,12,553,LTGES0383,335,820,-38.09,0.0,1228.89,3.1
2024-07-08,12,985,LTGES0656b,477,760,1192.0,0.0,8937.38,13.3
2024-07-08,12,2008,LTGES1325a,1047,664,-6.11,0.0,2457.78,0.2
2024-07-08,12,951,LTGES0638a,901,34,26.13,0.0,2457.78,1.1
2024-07-08,12,2300,TR_8d4c74b6,240,241,-1000.21,0.0,1875.0,53.3
2024-07-08,12,1030,LTGES0681a,89,915,-976.03,0.0,13406.07,7.3
2024-07-08,12,644,LTGES0446a,368,370,1.62,0.0,845.93,0.2
2024-07-08,12,2302,TR_a6acaf6d,246,247,-63.38,0.0,750.0,8.5
2024-07-08,12,1776,LTGES1169,787,1105,-276.87,0.0,1228.89,22.5
2024-07-08,12,689,LTGES0472b,839,395,162.31,0.0,2457.78,6.6
2024-07-08,12,1173,LTGES0771a,225,518,150.08,0.0,2457.78,6.1
2024-07-08,12,1161,LTGES0764b,562,24,-340.22,0.0,2457.78,13.8
2024-07-08,12,1182,LTGES0775b,225,47,50.92,0.0,2457.78,2.1
2024-07-08,12,2247,TR_3849e2ae,909,910,-44.68,0.0,500.0,8.9
2024-07-08,12,1521,LTGES1002,1027,1054,-173.83,0.0,1228.89,14.1
2024-07-08,12,1096,LTGES0724a,92,931,-215.09,0.0,8937.38,2.4
2024-07-08,12,512,LTGES0356a,127,801,230.11,0.0,2457.78,9.4
2024-07-08,12,1371,LTGES0900b,990,777,617.39,0.0,8937.38,6.9
2024-07-08,12,493,LTGES0341b,795,794,4.16,0.0,2457.78,0.2
2024-07-08,12,471,LTGES0325,201,790,0.37,0.0,1228.89,0.0
2024-07-08,12,1390,LTGES0915a,977,724,98.14,0.0,8937.38,1.1
2024-07-08,12,361,LTGES0247a,160,777,-616.68,0.0,8937.38,6.9
2024-07-08,12,1874,LTGES1230a,1136,1139,-84.5,0.0,2457.78,3.4
2024-07-08,12,1884,LTGES1235b,448,621,-59.08,0.0,2457.78,2.4
2024-07-08,12,1397,LTGES0918a,997,976,-33.15,0.0,3686.67,0.9
2024-07-08,12,1140,LTGES0752a,516,943,-3.88,0.0,2457.78,0.2
2024-07-08,12,397,LTGES0270,284,282,-241.82,0.0,1228.89,19.7
2024-07-08,12,1503,LTGES0988b,734,586,63.45,0.0,2457.78,2.6
2024-07-08,12,808,LTGES0552d,444,867,-12.5,0.0,4915.56,0.3
2024-07-08,12,1026,LTGES0678a,913,471,-2.16,0.0,2457.78,0.1
2024-07-08,12,1452,LTGES0954a,428,579,-7.44,0.0,8937.38,0.1
2024-07-08,12,4,LTGES0002b,729,1086,33.35,0.0,2457.78,1.4
2024-07-08,12,2332,TR_585684a3,438,439,38.56,0.0,500.0,7.7
2024-07-08,12,1357,LTGES0894b,162,780,714.22,0.0,8937.38,8.0
2024-07-08,12,1646,LTGES1086a,514,614,97.61,0.0,2457.78,4.0
2024-07-08,12,1955,LTGES1281a,656,68,-12.27,0.0,8937.38,0.1
2024-07-08,12,221,LTGES0158,712,195,144.19,0.0,1228.89,11.7
2024-07-08,12,750,LTGES0518,856,422,-35.32,0.0,1228.89,2.9
2024-07-08,12,210,LTGES0151a,183,187,-32.97,0.0,8937.38,0.4
2024-07-08,12,1491,LTGES0980,585,1021,9.39,0.0,1228.89,0.8
2024-07-08,12,2339,TR_6c5e9c5a,225,226,-638.23,0.0,1875.0,34.0
2024-07-08,12,690,LTGES0473a,396,395,31.6,0.0,2457.78,1.3
2024-07-08,12,134,LTGES0095,719,720,4.48,0.0,4468.69,0.1
2024-07-08,12,329,LTGES0230a,121,254,265.09,0.0,2457.78,10.8
2024-07-08,12,240,LTGES0170,209,746,30.33,0.0,1228.89,2.5
2024-07-08,12,1537,LTGES1012a,596,598,-22.98,0.0,845.93,2.7
2024-07-08,12,1400,LTGES0919,553,102,-57.14,0.0,1228.89,4.6
2024-07-08,12,2026,LTGES1335a,520,1110,-72.3,0.0,2457.78,2.9
2024-07-08,12,373,LTGES0255b,235,261,-743.2,0.0,8937.38,8.3
2024-07-08,12,133,LTGES0094,41,128,-815.99,0.0,4468.69,18.3
2024-07-08,12,574,LTGES0397,340,341,49.54,0.0,1228.89,4.0
2024-07-08,12,246,LTGES0175,732,106,-78.71,0.0,1228.89,6.4
2024-07-08,12,466,LTGES0322b,306,782,-345.16,0.0,2457.78,14.0
2024-07-08,12,753,LTGES0520,70,857,210.69,0.0,1228.89,17.1
2024-07-08,12,560,LTGES0387b,8,823,-176.55,0.0,2457.78,7.2
2024-07-08,12,679,LTGES0467b,838,837,-162.14,0.0,2457.78,6.6
2024-07-08,12,375,LTGES0256b,234,260,-39.79,0.0,2457.78,1.6
2024-07-08,12,1637,LTGES1079,1069,1068,5.49,0.0,4468.69,0.1
2024-07-08,12,1714,LTGES1128b,182,186,68.94,0.0,2457.78,2.8
2024-07-08,12,307,LTGES0220b,156,14,1623.7,0.0,8937.38,18.2
2024-07-08,12,1773,LTGES1166b,1104,1102,54.95,0.0,2457.78,2.2
2024-07-08,12,880,LTGES0595b,886,461,-10.68,0.0,2457.78,0.4
2024-07-08,12,565,LTGES0389b,822,8,282.77,0.0,2457.78,11.5
2024-07-08,12,1706,LTGES1123b,350,1090,26.13,0.0,8937.38,0.3
2024-07-08,12,411,LTGES0283,154,779,138.54,0.0,4468.69,3.1
2024-07-08,12,538,LTGES0374b,332,819,187.16,0.0,2457.78,7.6
2024-07-08,12,1392,LTGES0916a,976,723,-36.59,0.0,2457.78,1.5
2024-07-08,12,1826,LTGES1202,1124,1125,20.75,0.0,1228.89,1.7
2024-07-08,12,2295,TR_45015848,297,298,-61.33,0.0,500.0,12.3
2024-07-08,12,1275,LTGES0838b,545,161,81.79,0.0,2457.78,3.3
2024-07-08,12,1457,LTGES0955d,993,568,49.11,0.0,17874.76,0.3
2024-07-08,12,2148,LTGES1428,1161,640,899.33,0.0,1228.89,73.2
2024-07-08,12,2088,LTGES1383,593,1029,12.62,0.0,1228.89,1.0
2024-07-08,12,132,LTGES0093b,40,132,21.2,0.0,2457.78,0.9
2024-07-08,12,1694,LTGES1118a,1088,562,436.12,0.0,2457.78,17.7
2024-07-08,12,470,LTGES0324b,790,791,10.23,0.0,2457.78,0.4
2024-07-08,12,1481,LTGES0972b,45,291,-87.4,0.0,2457.78,3.6
2024-07-08,12,1040,LTGES0687a,918,917,12.85,0.0,2457.78,0.5
2024-07-08,12,1893,LTGES1241b,135,65,-53.87,0.0,2457.78,2.2
2024-07-08,12,800,LTGES0549b,435,443,-50.45,0.0,2457.78,2.1
2024-07-08,12,618,LTGES0430a,361,359,-38.14,0.0,8937.38,0.4
2024-07-08,12,1709,LTGES1125,1004,1005,-142.77,0.0,1228.89,11.6
2024-07-08,12,2160,LTGES1439b,1186,1187,-83.15,0.0,2457.78,3.4
2024-07-08,12,733,LTGES0505,419,420,-51.48,0.0,1228.89,4.2
2024-07-08,12,2087,LTGES1382b,614,1149,86.76,0.0,2457.78,3.5
2024-07-08,12,119,LTGES0083b,116,119,23.39,0.0,2457.78,1.0
2024-07-08,12,839,LTGES0569,877,376,633.42,0.0,4468.69,14.2
2024-07-08,12,42,LTGES0027a,50,915,1078.94,0.0,8937.38,12.1
2024-07-08,12,28,LTGES0017,25,26,394.68,0.0,1228.89,32.1
2024-07-08,12,781,LTGES0540a,373,205,-1309.36,0.0,8937.38,14.7
2024-07-08,12,381,LTGES0259b,771,770,-156.57,0.0,8937.38,1.8
2024-07-08,12,439,LTGES0302a,264,261,-1.55,0.0,8937.38,0.0
2024-07-08,12,347,LTGES0239a,262,258,-35.62,0.0,2457.78,1.4
2024-07-08,12,2143,LTGES1424,748,750,63.8,0.0,1228.89,5.2
2024-07-08,12,1670,LTGES1102,289,286,-18.51,0.0,1228.89,1.5
2024-07-08,12,897,LTGES0606a,280,948,-38.07,0.0,2457.78,1.5
2024-07-08,12,290,LTGES0210a,367,752,-277.23,0.0,8937.38,3.1
2024-07-08,12,409,LTGES0281,290,776,128.12,0.0,4468.69,2.9
2024-07-08,12,1730,LTGES1139a,983,557,-4.83,0.0,2457.78,0.2
2024-07-08,12,314,LTGES0223a,244,120,-13.1,0.0,1268.9,1.0
2024-07-08,12,1622,LTGES1069,1060,907,-374.52,0.0,4468.69,8.4
2024-07-08,12,1507,LTGES0991a,1022,588,-30.18,0.0,2457.78,1.2
2024-07-08,12,163,LTGES0120b,156,69,345.73,0.0,8937.38,3.9
2024-07-08,12,1697,LTGES1119b,20,1089,74.88,0.0,2457.78,3.0
2024-07-08,12,481,LTGES0331b,302,784,-26.59,0.0,2457.78,1.1
2024-07-08,12,281,LTGES0205a,747,5,-22.29,0.0,2457.78,0.9
2024-07-08,12,847,LTGES0574,879,216,-17.33,0.0,1228.89,1.4
2024-07-08,12,730,LTGES0502b,382,414,36.4,0.0,2457.78,1.5
2024-07-08,12,2027,LTGES1335b,520,1110,-72.3,0.0,2457.78,2.9
2024-07-08,12,25,LTGES0015b,13,24,238.53,0.0,2457.78,9.7
2024-07-08,12,114,LTGES0080,703,721,-130.65,0.0,4468.69,2.9
2024-07-08,12,2290,TR_531ab7c5,653,654,-293.79,0.0,750.0,39.2
2024-07-08,12,1338,LTGES0882b,222,988,-1.03,0.0,2457.78,0.0
2024-07-08,12,1816,LTGES1193a,467,632,64.58,0.0,2457.78,2.6
2024-07-08,12,1461,LTGES0958a,580,568,-75.38,0.0,8937.38,0.8
2024-07-08,12,681,LTGES0468b,392,838,4.06,0.0,2457.78,0.2
2024-07-08,12,31,LTGES0019b,29,31,698.32,0.0,8937.38,7.8
2024-07-08,12,274,LTGES0200,151,40,-6.47,0.0,1228.89,0.5
2024-07-08,12,865,LTGES0587a,883,772,2038.12,0.0,8937.38,22.8
2024-07-08,12,888,LTGES0601b,464,463,-371.46,0.0,2457.78,15.1
2024-07-08,12,484,LTGES0334,795,1137,11.66,0.0,1228.89,0.9
2024-07-08,12,2314,TR_62f1261f,265,266,-75.03,0.0,750.0,10.0
2024-07-08,12,986,LTGES0657,144,1193,-386.04,0.0,1228.89,31.4
2024-07-08,12,956,LTGES0640b,426,339,-131.79,0.0,2457.78,5.4
2024-07-08,12,1009,LTGES0671b,480,483,1896.98,0.0,8937.38,21.2
2024-07-08,12,412,LTGES0284,292,46,-382.77,0.0,4468.69,8.6
2024-07-08,12,1287,LTGES0848,103,102,87.97,0.0,1228.89,7.2
2024-07-08,12,479,LTGES0330b,766,270,6.07,0.0,2457.78,0.2
2024-07-08,12,352,LTGES0240d,260,263,19.86,0.0,4915.56,0.4
2024-07-08,12,150,LTGES0112a,143,145,466.42,0.0,8937.38,5.2
2024-07-08,12,1691,LTGES1116b,1087,1088,450.43,0.0,2457.78,18.3
2024-07-08,12,2227,TR_a4e0ba25,42,43,-163.21,0.0,750.0,21.8
2024-07-08,12,1436,LTGES0944a,1082,1010,33.45,0.0,8937.38,0.4
2024-07-08,12,1975,LTGES1299a,657,411,-0.67,0.0,2457.78,0.0
2024-07-08,12,983,LTGES0655,915,33,-621.53,0.0,4468.69,13.9
2024-07-08,12,1455,LTGES0955b,993,568,49.11,0.0,17874.76,0.3
2024-07-08,12,756,LTGES0522b,423,26,-16.15,0.0,2457.78,0.7
2024-07-08,12,330,LTGES0230b,121,254,265.09,0.0,2457.78,10.8
2024-07-08,12,1352,LTGES0891b,972,974,4.3,0.0,2457.78,0.2
2024-07-08,12,2130,LTGES1414,1233,482,-154.37,0.0,1228.89,12.6
2024-07-08,12,1624,LTGES1071a,2,20,-148.33,0.0,2457.78,6.0
2024-07-08,12,1510,LTGES0993,588,44,-229.58,0.0,1228.89,18.7
2024-07-08,12,864,LTGES0586b,883,982,-2076.5,0.0,8937.38,23.2
2024-07-08,12,2183,TR_b8345e3b,326,327,288.12,0.0,750.0,38.4
2024-07-08,12,2125,LTGES1411b,69,403,-1368.56,0.0,8937.38,15.3
2024-07-08,12,1025,LTGES0677b,903,912,153.91,0.0,8937.38,1.7
2024-07-08,12,310,LTGES0221c,245,121,168.92,0.0,3686.67,4.6
2024-07-08,12,677,LTGES0466b,837,391,-177.16,0.0,2457.78,7.2
2024-07-08,12,2307,TR_f4298876,754,755,-47.1,0.0,500.0,9.4
2024-07-08,12,1292,LTGES0851,553,101,181.82,0.0,1228.89,14.8
2024-07-08,12,1324,LTGES0871b,526,727,306.11,0.0,2457.78,12.5
2024-07-08,12,946,LTGES0635a,716,165,230.9,0.0,2457.78,9.4
2024-07-08,12,725,LTGES0500a,848,413,-10.11,0.0,2457.78,0.4
2024-07-08,12,377,LTGES0257b,124,274,3.3,0.0,8937.38,0.0
2024-07-08,12,2159,LTGES1439a,1186,1187,-83.15,0.0,2457.78,3.4
2024-07-08,12,2019,LTGES1331,925,926,-116.14,0.0,1228.89,9.5
2024-07-08,12,1448,LTGES0952a,577,1014,14.92,0.0,2457.78,0.6
2024-07-08,12,907,LTGES0612a,300,298,13.01,0.0,2457.78,0.5
2024-07-08,12,585,LTGES0406b,271,346,-867.09,0.0,8937.38,9.7
2024-07-08,12,124,LTGES0087a,124,126,-796.14,0.0,8937.38,8.9
2024-07-08,12,2044,LTGES1348,1074,615,-0.02,0.0,1228.89,0.0
2024-07-08,12,1818,LTGES1194,467,23,-201.44,0.0,1228.89,16.4
2024-07-08,12,1197,LTGES0786,524,953,2.24,0.0,1228.89,0.2
2024-07-08,12,1330,LTGES0876a,42,26,48.31,0.0,2457.78,2.0
2024-07-08,12,1978,LTGES1301,559,1045,6.5,0.0,1228.89,0.5
2024-07-08,12,1572,LTGES1035,1039,56,-8.04,0.0,1228.89,0.7
2024-07-08,12,1042,LTGES0688a,920,487,-277.25,0.0,2457.78,11.3
2024-07-08,12,70,LTGES0047a,697,77,58.07,0.0,845.93,6.9
2024-07-08,12,939,LTGES0630b,898,296,436.67,0.0,2457.78,17.8
2024-07-08,12,2041,LTGES1346a,1195,1196,9.94,0.0,2457.78,0.4
2024-07-08,12,1116,LTGES0737a,936,364,-146.15,0.0,2457.78,5.9
2024-07-08,12,1889,LTGES1238b,511,240,-67.67,0.0,2457.78,2.8
2024-07-08,12,1215,LTGES0799a,183,178,252.88,0.0,8937.38,2.8
2024-07-08,12,903,LTGES0610a,81,298,82.96,0.0,2457.78,3.4
2024-07-08,12,1869,LTGES1227a,646,338,111.97,0.0,2457.78,4.6
2024-07-08,12,2068,LTGES1368,1208,669,16.99,0.0,1228.89,1.4
2024-07-08,12,2282,TR_65a15878,734,735,-175.2,0.0,750.0,23.4
2024-07-08,12,1234,LTGES0810b,961,530,199.97,0.0,2457.78,8.1
2024-07-08,12,198,LTGES0143,722,689,-119.31,0.0,1228.89,9.7
2024-07-08,12,338,LTGES0234b,113,255,34.43,0.0,845.93,4.1
2024-07-08,12,1856,LTGES1218,639,1135,0.5,0.0,1228.89,0.0
2024-07-08,12,1123,LTGES0742a,828,344,-115.18,0.0,2457.78,4.7
2024-07-08,12,1737,LTGES1143b,1094,939,-24.85,0.0,2457.78,1.0
2024-07-08,12,1927,LTGES1262,1150,165,87.17,0.0,1228.89,7.1
2024-07-08,12,1006,LTGES0670a,14,480,2562.95,0.0,8937.38,28.7
2024-07-08,12,348,LTGES0239b,262,258,-35.62,0.0,2457.78,1.4
2024-07-08,12,1335,LTGES0880,988,761,93.2,0.0,1228.89,7.6
2024-07-08,12,1929,LTGES1264a,35,327,359.88,0.0,8937.38,4.0
2024-07-08,12,144,LTGES0108a,135,138,121.15,0.0,2457.78,4.9
2024-07-08,12,649,LTGES0449,374,878,14.48,0.0,4468.69,0.3
2024-07-08,12,1008,LTGES0671a,480,483,1896.98,0.0,8937.38,21.2
2024-07-08,12,271,LTGES0197,958,186,24.69,0.0,1228.89,2.0
2024-07-08,12,2004,LTGES1321b,1181,374,-0.0,0.0,8937.38,0.0
2024-07-08,12,1416,LTGES0931b,88,914,27.39,0.0,2457.78,1.1
2024-07-08,12,2028,LTGES1336,1194,519,-31.16,0.0,1228.89,2.5
2024-07-08,12,434,LTGES0298b,783,786,102.74,0.0,2457.78,4.2
2024-07-08,12,604,LTGES0420,352,828,-475.63,0.0,1228.89,38.7
2024-07-08,12,1627,LTGES1072b,170,1157,69.01,0.0,2457.78,2.8
2024-07-08,12,1107,LTGES0731a,509,933,47.37,0.0,2457.78,1.9
2024-07-08,12,2118,LTGES1406,1229,1228,214.74,0.0,1228.89,17.5
2024-07-08,12,998,LTGES0664b,480,468,661.47,0.0,8937.38,7.4
2024-07-08,12,563,LTGES0388c,814,337,68.13,0.0,3686.67,1.8
2024-07-08,12,655,LTGES0453,378,379,266.89,0.0,1228.89,21.7
2024-07-08,12,1777,LTGES1170,312,1105,622.38,0.0,1228.89,50.6
2024-07-08,12,1805,LTGES1185a,220,42,-28.16,0.0,2457.78,1.1
2024-07-08,12,732,LTGES0504,417,418,95.68,0.0,1228.89,7.8
2024-07-08,12,336,LTGES0233b,114,256,295.33,0.0,2457.78,12.0
2024-07-08,12,603,LTGES0419,353,352,-464.05,0.0,1228.89,37.8
2024-07-08,12,414,LTGES0285b,294,292,-100.77,0.0,8937.38,1.1
2024-07-08,12,710,LTGES0487,404,846,-338.26,0.0,1228.89,27.5
2024-07-08,12,1138,LTGES0750b,942,515,-120.22,0.0,2457.78,4.9
2024-07-08,12,2053,LTGES1358a,110,173,-1067.54,0.0,8937.38,11.9
2024-07-08,12,1474,LTGES0968a,582,1016,18.6,0.0,2457.78,0.8
2024-07-08,12,1766,LTGES1160b,380,1185,40.87,0.0,2457.78,1.7
2024-07-08,12,dc1,LTGES0254,674,676,674.51,0.0,866.03,77.9
2024-07-08,14,306,LTGES0220a,156,14,1711.85,0.0,8937.38,19.2
2024-07-08,14,1886,LTGES1236b,679,648,45.63,0.0,2457.78,1.9
2024-07-08,14,1,LTGES0001a,1,2,-109.05,0.0,2457.78,4.4
2024-07-08,14,519,LTGES0361a,806,511,-39.26,0.0,2457.78,1.6
2024-07-08,14,2243,TR_71979234,1103,1104,-255.54,0.0,750.0,34.1
2024-07-08,14,788,LTGES0543b,865,436,-295.12,0.0,2457.78,12.0
2024-07-08,14,1164,LTGES0766b,22,992,69.01,0.0,2457.78,2.8
2024-07-08,14,774,LTGES0535,424,430,-148.71,0.0,1228.89,12.1
2024-07-08,14,1881,LTGES1234a,448,621,-60.64,0.0,2457.78,2.5
2024-07-08,14,1907,LTGES1249b,447,1148,-89.53,0.0,8937.38,1.0
2024-07-08,14,599,LTGES0415,1064,350,263.95,0.0,4468.69,5.9
2024-07-08,14,2057,LTGES1360a,667,57,307.02,0.0,2457.78,12.5
2024-07-08,14,491,LTGES0340,313,303,-121.26,0.0,1228.89,9.9
2024-07-08,14,1470,LTGES0964,582,575,-129.32,0.0,1228.89,10.5
2024-07-08,14,1195,LTGES0784,952,1118,2055.61,0.0,4468.69,46.0
2024-07-08,14,1377,LTGES0905b,771,567,169.69,0.0,8937.38,1.9
2024-07-08,14,228,LTGES0163b,675,198,-10.13,0.0,2457.78,0.4
2024-07-08,14,332,LTGES0231b,254,114,464.6,0.0,2457.78,18.9
2024-07-08,14,190,LTGES0139a,173,130,-1144.68,0.0,8937.38,12.8
2024-07-08,14,227,LTGES0163a,675,198,-10.13,0.0,2457.78,0.4
2024-07-08,14,980,LTGES0654a,677,142,-19.8,0.0,3686.67,0.5
2024-07-08,14,1935,LTGES1267a,416,1067,96.17,0.0,2457.78,3.9
2024-07-08,14,1894,LTGES1242,494,191,-1060.06,0.0,4468.69,23.7
2024-07-08,14,1305,LTGES0859b,557,451,-227.94,0.0,2457.78,9.3
2024-07-08,14,1880,LTGES1233b,647,80,718.18,0.0,8937.38,8.0
2024-07-08,14,297,LTGES0214,237,749,-1557.13,0.0,4468.69,34.8
2024-07-08,14,605,LTGES0421a,353,829,3.18,0.0,2457.78,0.1
2024-07-08,14,2078,LTGES1376,904,477,753.21,0.0,4468.69,16.9
2024-07-08,14,1106,LTGES0730b,365,508,71.33,0.0,2457.78,2.9
2024-07-08,14,24,LTGES0015a,13,24,241.38,0.0,2457.78,9.8
2024-07-08,14,1783,LTGES1175a,909,485,209.96,0.0,2457.78,8.5
2024-07-08,14,928,LTGES0624a,14,683,229.77,0.0,8937.38,2.6
2024-07-08,14,416,LTGES0286b,153,159,-73.89,0.0,2457.78,3.0
2024-07-08,14,859,LTGES0583a,882,452,8.18,0.0,2457.78,0.3
2024-07-08,14,23,LTGES0014,23,15,-297.12,0.0,1228.89,24.2
2024-07-08,14,160,LTGES0118,156,810,-1096.56,0.0,4468.69,24.5
2024-07-08,14,1825,LTGES1201,473,1122,4.26,0.0,4468.69,0.1
2024-07-08,14,1863,LTGES1223a,643,645,-1651.03,0.0,8937.38,18.5
2024-07-08,14,1941,LTGES1270a,684,652,1.84,0.0,8937.38,0.0
2024-07-08,14,204,LTGES0148a,726,179,2.93,0.0,8937.38,0.0
2024-07-08,14,561,LTGES0388a,814,337,70.34,0.0,3686.67,1.9
2024-07-08,14,891,LTGES0603b,464,280,346.55,0.0,2457.78,14.1
2024-07-08,14,2208,TR_0727c58f,184,185,123.31,0.0,750.0,16.4
2024-07-08,14,1879,LTGES1233a,647,80,718.18,0.0,8937.38,8.0
2024-07-08,14,981,LTGES0654b,677,142,-19.8,0.0,3686.67,0.5
2024-07-08,14,815,LTGES0556b,446,868,-135.96,0.0,2457.78,5.5
2024-07-08,14,253,LTGES0182a,217,219,83.27,0.0,2457.78,3.4
2024-07-08,14,1282,LTGES0844a,548,547,123.98,0.0,8937.38,1.4
2024-07-08,14,916,LTGES0617,892,466,642.07,0.0,1228.89,52.2
2024-07-08,14,2270,TR_3b58070f,291,292,-79.88,0.0,500.0,16.0
2024-07-08,14,1429,LTGES0939b,97,1009,-40.58,0.0,2457.78,1.7
2024-07-08,14,1588,LTGES1045,606,1047,-38.82,0.0,1228.89,3.2
2024-07-08,14,843,LTGES0572a,434,863,14.18,0.0,2457.78,0.6
2024-07-08,14,39,LTGES0025,39,46,548.4,0.0,4468.69,12.3
2024-07-08,14,112,LTGES0078b,111,55,-684.09,0.0,8937.38,7.7
2024-07-08,14,791,LTGES0545a,437,439,-37.27,0.0,2457.78,1.5
2024-07-08,14,1918,LTGES1257a,88,916,-93.05,0.0,2457.78,3.8
2024-07-08,14,2075,LTGES1373b,696,87,-36.92,0.0,2457.78,1.5
2024-07-08,14,372,LTGES0255a,235,261,-843.31,0.0,8937.38,9.4
2024-07-08,14,34,LTGES0021a,35,36,846.83,0.0,8937.38,9.5
2024-07-08,14,1665,LTGES1098,227,1077,18.11,0.0,1228.89,1.5
2024-07-08,14,137,LTGES0099,710,712,13.08,0.0,1228.89,1.1
2024-07-08,14,590,LTGES0409a,271,350,1405.26,0.0,8937.38,15.7
2024-07-08,14,55,LTGES0036,66,39,-9.72,0.0,4468.69,0.2
2024-07-08,14,323,LTGES0227a,249,251,-30.01,0.0,845.93,3.5
2024-07-08,14,2128,LTGES1413a,929,506,-81.09,0.0,8937.38,0.9
2024-07-08,14,17,LTGES0011a,18,1065,9.36,0.0,2457.78,0.4
2024-07-08,14,243,LTGES0173a,731,963,-67.0,0.0,2457.78,2.7
2024-07-08,14,1628,LTGES1073a,1067,417,89.64,0.0,2457.78,3.6
2024-07-08,14,172,LTGES0127a,899,1043,483.74,0.0,2457.78,19.7
2024-07-08,14,333,LTGES0232a,253,113,35.78,0.0,845.93,4.2
2024-07-08,14,363,LTGES0248,269,763,-116.08,0.0,4468.69,2.6
2024-07-08,14,2062,LTGES1362b,126,542,-1114.85,0.0,8937.38,12.5
2024-07-08,14,1296,LTGES0854a,209,3,170.51,0.0,2457.78,6.9
2024-07-08,14,1721,LTGES1132b,182,627,29.73,0.0,2457.78,1.2
2024-07-08,14,2165,LTGES1443b,1236,638,-14.1,0.0,8937.38,0.2
2024-07-08,14,550,LTGES0381b,817,815,-3.72,0.0,845.93,0.4
2024-07-08,14,341,LTGES0236a,257,757,43.01,0.0,845.93,5.1
2024-07-08,14,664,LTGES0459a,387,896,33.21,0.0,8937.38,0.4
2024-07-08,14,912,LTGES0615a,466,266,73.1,0.0,2457.78,3.0
2024-07-08,14,1748,LTGES1150b,968,526,375.76,0.0,2457.78,15.3
2024-07-08,14,1966,LTGES1291,1169,1168,-7.51,0.0,4468.69,0.2
2024-07-08,14,2321,TR_23eddb22,757,758,10.28,0.0,500.0,2.1
2024-07-08,14,1598,LTGES1052b,467,479,41.28,0.0,2457.78,1.7
2024-07-08,14,2049,LTGES1353,666,406,-579.13,0.0,4468.69,13.0
2024-07-08,14,2275,TR_7644f0c2,97,98,-423.92,0.0,1200.0,35.3
2024-07-08,14,2239,TR_9925636e,192,193,288.25,0.0,1200.0,24.0
2024-07-08,14,1685,LTGES1113a,301,625,-7.6,0.0,2457.78,0.3
2024-07-08,14,1990,LTGES1311,470,626,275.86,0.0,1228.89,22.4
2024-07-08,14,598,LTGES0414,345,1064,590.3,0.0,4468.69,13.2
2024-07-08,14,1318,LTGES0868a,527,558,25.64,0.0,2457.78,1.0
2024-07-08,14,643,LTGES0445b,369,371,5.18,0.0,2457.78,0.2
2024-07-08,14,1052,LTGES0695a,923,922,42.98,0.0,2457.78,1.7
2024-07-08,14,14,LTGES0009b,14,17,-1935.27,0.0,8937.38,21.7
2024-07-08,14,167,LTGES0124a,160,714,429.96,0.0,8937.38,4.8
2024-07-08,14,1121,LTGES0741a,511,937,-128.7,0.0,2457.78,5.2
2024-07-08,14,613,LTGES0427,359,75,1892.69,0.0,4468.69,42.4
2024-07-08,14,1556,LTGES1023,96,575,171.73,0.0,1228.89,14.0
2024-07-08,14,96,LTGES0066a,44,38,-166.05,0.0,2457.78,6.8
2024-07-08,14,2334,TR_9e433286,366,367,88.79,0.0,500.0,17.8
2024-07-08,14,456,LTGES0314,125,1119,87.12,0.0,1228.89,7.1
2024-07-08,14,1078,LTGES0712b,502,192,-27.12,0.0,2457.78,1.1
2024-07-08,14,1922,LTGES1259,691,46,639.7,0.0,4468.69,14.3
2024-07-08,14,257,LTGES0185,770,223,-429.12,0.0,4468.69,9.6
2024-07-08,14,510,LTGES0354,801,802,249.44,0.0,1228.89,20.3
2024-07-08,14,19,LTGES0012a,1065,22,-50.29,0.0,2457.78,2.0
2024-07-08,14,1754,LTGES1154b,146,140,186.2,0.0,2457.78,7.6
2024-07-08,14,2013,LTGES1327c,142,679,32.07,0.0,4915.56,0.7
2024-07-08,14,2166,LTGES1444,1050,711,92.73,0.0,1228.89,7.5
2024-07-08,14,673,LTGES0464a,835,836,66.53,0.0,2457.78,2.7
2024-07-08,14,1502,LTGES0988a,734,586,-1.0,0.0,2457.78,0.0
2024-07-08,14,925,LTGES0622a,467,385,-143.33,0.0,2457.78,5.8
2024-07-08,14,1824,LTGES1200,634,1121,28.08,0.0,1228.89,2.3
2024-07-08,14,2181,TR_0490c2aa,109,110,24.41,0.0,750.0,3.3
2024-07-08,14,2287,TR_41fc927f,272,273,-140.82,0.0,1200.0,11.7
2024-07-08,14,2190,TR_0e0d82af,127,128,318.87,0.0,7500.0,4.3
2024-07-08,14,2127,LTGES1412b,666,403,288.62,0.0,8937.38,3.2
2024-07-08,14,1785,LTGES1176,1112,624,-0.43,0.0,1228.89,0.0
2024-07-08,14,2288,TR_cdc06a8b,63,64,233.77,0.0,1875.0,12.5
2024-07-08,14,197,LTGES0142b,129,88,-150.64,0.0,2457.78,6.1
2024-07-08,14,1545,LTGES1016b,600,436,-18.19,0.0,2457.78,0.7
2024-07-08,14,401,LTGES0274,287,285,-95.86,0.0,1228.89,7.8
2024-07-08,14,1804,LTGES1184b,610,423,-2.49,0.0,2457.78,0.1
2024-07-08,14,276,LTGES0201b,863,3,70.01,0.0,2457.78,2.8
2024-07-08,14,778,LTGES0538b,373,433,815.14,0.0,8937.38,9.1
2024-07-08,14,2204,TR_65fab876,180,181,-15.43,0.0,500.0,3.1
2024-07-08,14,1973,LTGES1297b,660,411,-3.39,0.0,2457.78,0.1
2024-07-08,14,21,LTGES0013a,18,1085,33.02,0.0,2457.78,1.3
2024-07-08,14,2096,LTGES1388b,1179,661,-0.07,0.0,2457.78,0.0
2024-07-08,14,244,LTGES0173b,731,963,-67.0,0.0,2457.78,2.7
2024-07-08,14,83,LTGES0056,91,831,-567.88,0.0,1228.89,46.2
2024-07-08,14,582,LTGES0405a,273,345,257.26,0.0,8937.38,2.9
2024-07-08,14,1043,LTGES0688b,920,487,-296.39,0.0,2457.78,12.1
2024-07-08,14,2084,LTGES1381a,702,105,-58.98,0.0,2457.78,2.4
2024-07-08,14,2011,LTGES1327a,142,679,32.07,0.0,4915.56,0.7
2024-07-08,14,868,LTGES0588b,772,457,8.41,0.0,8937.38,0.1
2024-07-08,14,2097,LTGES1389,1216,411,-3.01,0.0,1228.89,0.2
2024-07-08,14,2025,LTGES1334b,1220,1186,-43.09,0.0,2457.78,1.8
2024-07-08,14,558,LTGES0386b,823,814,85.12,0.0,2457.78,3.5
2024-07-08,14,1540,LTGES1014a,73,1033,44.23,0.0,2457.78,1.8
2024-07-08,14,1974,LTGES1298,659,463,-3.81,0.0,1228.89,0.3
2024-07-08,14,1938,LTGES1268b,415,1066,0.35,0.0,845.93,0.0
2024-07-08,14,871,LTGES0590b,277,952,1700.5,0.0,8937.38,19.0
2024-07-08,14,1615,LTGES1064b,24,296,-295.71,0.0,2457.78,12.0
2024-07-08,14,3,LTGES0002a,729,1086,36.8,0.0,2457.78,1.5
2024-07-08,14,545,LTGES0378b,333,34,-10.64,0.0,2457.78,0.4
2024-07-08,14,81,LTGES0055a,87,88,-52.89,0.0,2457.78,2.2
2024-07-08,14,1968,LTGES1293,658,1180,5.35,0.0,1228.89,0.4
2024-07-08,14,987,LTGES0658,478,84,1295.69,0.0,4468.69,29.0
2024-07-08,14,2202,TR_28414610,155,156,1361.16,0.0,9375.0,14.5
2024-07-08,14,2276,TR_737e7f53,65,66,-113.81,0.0,500.0,22.8
2024-07-08,14,1516,LTGES0997,138,135,-63.97,0.0,1228.89,5.2
2024-07-08,14,964,LTGES0646,1079,475,210.86,0.0,1228.89,17.2
2024-07-08,14,751,LTGES0519a,856,1138,7.35,0.0,2457.78,0.3
2024-07-08,14,2327,TR_f70b66d0,232,233,10.62,0.0,500.0,2.1
2024-07-08,14,2163,LTGES1442,214,1195,77.33,0.0,1228.89,6.3
2024-07-08,14,1070,LTGES0708a,924,175,-11.26,0.0,2457.78,0.5
2024-07-08,14,1169,LTGES0769a,420,225,139.52,0.0,2457.78,5.7
2024-07-08,14,1493,LTGES0982a,1021,1020,54.28,0.0,2457.78,2.2
2024-07-08,14,1019,LTGES0674d,909,911,-94.15,0.0,4915.56,1.9
2024-07-08,14,1684,LTGES1112b,624,1111,-19.03,0.0,2457.78,0.8
2024-07-08,14,2259,TR_3d81e7e0,682,683,-19.02,0.0,500.0,3.8
2024-07-08,14,2196,TR_a6bded06,8,9,895.38,0.0,2362.5,37.9
2024-07-08,14,1334,LTGES0879,223,737,-684.26,0.0,4468.69,15.3
2024-07-08,14,1897,LTGES1244a,1078,620,-31.67,0.0,8937.38,0.4
2024-07-08,14,303,LTGES0218a,238,241,1080.82,0.0,8937.38,12.1
2024-07-08,14,1434,LTGES0942b,851,573,204.54,0.0,8937.38,2.3
2024-07-08,14,2001,LTGES1320a,421,1230,-39.18,0.0,2457.78,1.6
2024-07-08,14,1710,LTGES1126,960,139,-9.28,0.0,1228.89,0.8
2024-07-08,14,1210,LTGES0797a,181,726,-4.74,0.0,17874.76,0.0
2024-07-08,14,2203,TR_2087835e,164,165,57.42,0.0,500.0,11.5
2024-07-08,14,704,LTGES0482b,403,705,-1239.8,0.0,8937.38,13.9
2024-07-08,14,1882,LTGES1234b,448,621,-60.64,0.0,2457.78,2.5
2024-07-08,14,1837,LTGES1207d,638,1131,-6.17,0.0,17874.76,0.0
2024-07-08,14,2186,TR_b0d59f98,153,154,-29.08,0.0,500.0,5.8
2024-07-08,14,1468,LTGES0962,427,852,21.21,0.0,1228.89,1.7
2024-07-08,14,117,LTGES0082b,114,116,143.7,0.0,2457.78,5.8
2024-07-08,14,1166,LTGES0767b,432,420,180.51,0.0,2457.78,7.3
2024-07-08,14,1864,LTGES1223b,643,645,-1651.03,0.0,8937.38,18.5
2024-07-08,14,1050,LTGES0694a,1063,489,-14.95,0.0,2457.78,0.6
2024-07-08,14,1423,LTGES0935a,93,699,-341.42,0.0,2457.78,13.9
2024-07-08,14,1542,LTGES1015a,225,600,97.58,0.0,2457.78,4.0
2024-07-08,14,499,LTGES0346,318,319,71.17,0.0,1228.89,5.8
2024-07-08,14,1432,LTGES0941,98,851,374.3,0.0,4468.69,8.4
2024-07-08,14,1145,LTGES0754b,1038,487,929.14,0.0,2457.78,37.8
2024-07-08,14,852,LTGES0577a,210,880,15.99,0.0,2457.78,0.7
2024-07-08,14,2083,LTGES1380b,768,274,-3.39,0.0,8937.38,0.0
2024-07-08,14,182,LTGES0133b,21,156,-2168.76,0.0,8937.38,24.3
2024-07-08,14,176,LTGES0129,163,165,-0.93,0.0,1228.89,0.1
2024-07-08,14,1199,LTGES0791a,694,525,-375.5,0.0,2457.78,15.3
2024-07-08,14,1675,LTGES1105b,142,1142,3.13,0.0,2457.78,0.1
2024-07-08,14,894,LTGES0604c,280,892,184.94,0.0,3686.67,5.0
2024-07-08,14,1231,LTGES0808,529,1140,-251.04,0.0,1228.89,20.4
2024-07-08,14,1939,LTGES1269a,572,416,131.13,0.0,2457.78,5.3
2024-07-08,14,1720,LTGES1132a,182,627,29.73,0.0,2457.78,1.2
2024-07-08,14,1758,LTGES1156a,599,485,-99.48,0.0,2457.78,4.0
2024-07-08,14,2289,TR_9af01115,344,345,-308.99,0.0,1875.0,16.5
2024-07-08,14,1083,LTGES0715a,927,504,64.28,0.0,2457.78,2.6
2024-07-08,14,1780,LTGES1172,1106,272,-150.51,0.0,1228.89,12.2
2024-07-08,14,554,LTGES0384,820,336,-165.29,0.0,1228.89,13.5
2024-07-08,14,623,LTGES0433a,1145,350,-496.85,0.0,8937.38,5.6
2024-07-08,14,249,LTGES0178,876,879,95.11,0.0,1228.89,7.7
2024-07-08,14,485,LTGES0335,313,799,28.9,0.0,1228.89,2.4
2024-07-08,14,2179,TR_10cbc112,475,476,520.87,0.0,1200.0,43.4
2024-07-08,14,636,LTGES0441,833,204,127.54,0.0,1228.89,10.4
2024-07-08,14,1736,LTGES1143a,1094,939,-21.48,0.0,2457.78,0.9
2024-07-08,14,1239,LTGES0813,215,97,25.02,0.0,1228.89,2.0
2024-07-08,14,1659,LTGES1094b,476,35,254.61,0.0,8937.38,2.8
2024-07-08,14,1290,LTGES0850a,170,552,-75.03,0.0,2457.78,3.1
2024-07-08,14,1613,LTGES1063b,1059,609,-11.78,0.0,2457.78,0.5
2024-07-08,14,2246,TR_4eff5937,485,486,-108.23,0.0,1200.0,9.0
2024-07-08,14,346,LTGES0238b,757,259,37.87,0.0,845.93,4.5
2024-07-08,14,1220,LTGES0801b,527,958,-48.69,0.0,2457.78,2.0
2024-07-08,14,542,LTGES0377a,819,333,313.29,0.0,2457.78,12.7
2024-07-08,14,638,LTGES0443a,205,80,-2074.96,0.0,8937.38,23.2
2024-07-08,14,966,LTGES0648b,31,29,-824.74,0.0,8937.38,9.2
2024-07-08,14,2265,TR_4560a61c,578,579,-141.06,0.0,500.0,28.2
2024-07-08,14,1223,LTGES0803a,150,528,-7.81,0.0,8937.38,0.1
2024-07-08,14,389,LTGES0264,773,1139,292.98,0.0,1228.89,23.8
2024-07-08,14,1149,LTGES0757,841,400,516.3,0.0,1228.89,42.0
2024-07-08,14,1923,LTGES1260a,541,544,100.81,0.0,2457.78,4.1
2024-07-08,14,219,LTGES0156,190,194,-269.0,0.0,1228.89,21.9
2024-07-08,14,559,LTGES0387a,8,823,-181.14,0.0,2457.78,7.4
2024-07-08,14,1288,LTGES0849a,553,980,58.99,0.0,2457.78,2.4
2024-07-08,14,1132,LTGES0747a,932,940,43.91,0.0,2457.78,1.8
2024-07-08,14,1985,LTGES1306,99,1176,-325.25,0.0,4468.69,7.3
2024-07-08,14,1592,LTGES1048a,606,1049,73.56,0.0,2457.78,3.0
2024-07-08,14,203,LTGES0147b,176,178,-352.51,0.0,8937.38,3.9
2024-07-08,14,1212,LTGES0797c,181,726,-4.74,0.0,17874.76,0.0
2024-07-08,14,1313,LTGES0864,454,524,4.59,0.0,1228.89,0.4
2024-07-08,14,1997,LTGES1317,1023,95,-99.01,0.0,1228.89,8.1
2024-07-08,14,1876,LTGES1231,149,133,-18.23,0.0,1228.89,1.5
2024-07-08,14,1942,LTGES1270b,684,652,1.84,0.0,8937.38,0.0
2024-07-08,14,799,LTGES0549a,435,443,-51.65,0.0,2457.78,2.1
2024-07-08,14,1110,LTGES0733,509,365,512.24,0.0,1228.89,41.7
2024-07-08,14,157,LTGES0115b,150,134,-401.14,0.0,8937.38,4.5
2024-07-08,14,1969,LTGES1294,1171,659,-3.69,0.0,1228.89,0.3
2024-07-08,14,1460,LTGES0957,579,580,-190.34,0.0,4468.69,4.3
2024-07-08,14,1049,LTGES0693,1046,489,87.24,0.0,1228.89,7.1
2024-07-08,14,793,LTGES0546a,439,441,-84.77,0.0,2457.78,3.4
2024-07-08,14,57,LTGES0038,684,686,1013.33,0.0,4468.69,22.7
2024-07-08,14,165,LTGES0122,159,161,-37.33,0.0,1228.89,3.0
2024-07-08,14,2271,TR_07cc6fee,1006,1007,-150.95,0.0,500.0,30.2
2024-07-08,14,876,LTGES0593b,276,461,17.33,0.0,2457.78,0.7
2024-07-08,14,1075,LTGES0710b,498,925,30.21,0.0,2457.78,1.2
2024-07-08,14,2248,TR_63348a57,911,912,-42.28,0.0,500.0,8.5
2024-07-08,14,1162,LTGES0765,482,467,-275.67,0.0,1228.89,22.4
2024-07-08,14,2012,LTGES1327b,142,679,32.07,0.0,4915.56,0.7
2024-07-08,14,1267,LTGES0833b,540,780,-727.88,0.0,8937.38,8.1
2024-07-08,14,973,LTGES0651b,200,903,-465.17,0.0,8937.38,5.2
2024-07-08,14,885,LTGES0599b,275,463,315.92,0.0,2457.78,12.9
2024-07-08,14,1271,LTGES0836,108,543,76.66,0.0,1228.89,6.2
2024-07-08,14,1593,LTGES1048b,606,1049,73.56,0.0,2457.78,3.0
2024-07-08,14,1830,LTGES1205a,636,1098,-114.58,0.0,8937.38,1.3
2024-07-08,14,200,LTGES0145,160,725,-365.65,0.0,4468.69,8.2
2024-07-08,14,1085,LTGES0716a,927,177,-315.89,0.0,2457.78,12.9
2024-07-08,14,428,LTGES0294,785,303,230.7,0.0,1228.89,18.8
2024-07-08,14,1158,LTGES0762b,111,946,678.16,0.0,8937.38,7.6
2024-07-08,14,2005,LTGES1322,1188,57,1157.65,0.0,1228.89,94.2
2024-07-08,14,641,LTGES0444b,367,205,-389.83,0.0,8937.38,4.4
2024-07-08,14,1425,LTGES0936,531,1009,-45.89,0.0,1228.89,3.7
2024-07-08,14,1074,LTGES0710a,498,925,30.21,0.0,2457.78,1.2
2024-07-08,14,1356,LTGES0894a,162,780,732.96,0.0,8937.38,8.2
2024-07-08,14,734,LTGES0506a,29,33,-805.88,0.0,8937.38,9.0
2024-07-08,14,1612,LTGES1063a,1059,609,-11.78,0.0,2457.78,0.5
2024-07-08,14,273,LTGES0199,151,745,1.68,0.0,1228.89,0.1
2024-07-08,14,2301,TR_161e09c2,249,250,-44.22,0.0,500.0,8.8
2024-07-08,14,2101,LTGES1392a,1141,237,-241.26,0.0,17874.76,1.3
2024-07-08,14,717,LTGES0493,845,407,-195.89,0.0,1228.89,15.9
2024-07-08,14,1361,LTGES0895d,562,564,191.13,0.0,4915.56,3.9
2024-07-08,14,772,LTGES0534a,70,431,21.73,0.0,2457.78,0.9
2024-07-08,14,1810,LTGES1188b,154,714,-189.65,0.0,8937.38,2.1
2024-07-08,14,2309,TR_ce97d6f4,90,91,-105.36,0.0,750.0,14.0
2024-07-08,14,1552,LTGES1020b,602,488,-958.04,0.0,2457.78,39.0
2024-07-08,14,1135,LTGES0748b,756,252,-8.47,0.0,2457.78,0.3
2024-07-08,14,1011,LTGES0672b,147,143,1870.3,0.0,8937.38,20.9
2024-07-08,14,583,LTGES0405b,273,345,257.26,0.0,8937.38,2.9
2024-07-08,14,822,LTGES0560b,702,11,-188.23,0.0,2457.78,7.7
2024-07-08,14,61,LTGES0041a,68,69,-2413.0,0.0,8937.38,27.0
2024-07-08,14,247,LTGES0176,214,215,119.71,0.0,1228.89,9.7
2024-07-08,14,2325,TR_fa1d5cde,1054,1055,-47.58,0.0,1200.0,4.0
2024-07-08,14,2226,TR_e25275d8,49,50,-113.07,0.0,500.0,22.6
2024-07-08,14,835,LTGES0566b,870,875,-309.6,0.0,8937.38,3.5
2024-07-08,14,457,LTGES0315,1119,310,54.56,0.0,1228.89,4.4
2024-07-08,14,385,LTGES0261b,277,772,-2240.09,0.0,8937.38,25.1
2024-07-08,14,1681,LTGES1111a,1084,624,-17.37,0.0,2457.78,0.7
2024-07-08,14,611,LTGES0425,356,929,-42.03,0.0,4468.69,0.9
2024-07-08,14,1179,LTGES0774a,3,517,136.84,0.0,2457.78,5.6
2024-07-08,14,1949,LTGES1276,355,1154,40.13,0.0,1228.89,3.3
2024-07-08,14,1836,LTGES1207c,638,1131,-6.17,0.0,17874.76,0.0
2024-07-08,14,1914,LTGES1254,1206,623,-0.87,0.0,1228.89,0.1
2024-07-08,14,1786,LTGES1177a,254,247,-188.9,0.0,2457.78,7.7
2024-07-08,14,1862,LTGES1222b,156,643,-2258.8,0.0,8937.38,25.3
2024-07-08,14,992,LTGES0661b,904,477,1508.29,0.0,8937.38,16.9
2024-07-08,14,56,LTGES0037,41,684,1022.8,0.0,4468.69,22.9
2024-07-08,14,528,LTGES0367,329,901,-61.69,0.0,1228.89,5.0
2024-07-08,14,2015,LTGES1328,1140,149,-284.83,0.0,1228.89,23.2
2024-07-08,14,2126,LTGES1412a,666,403,288.62,0.0,8937.38,3.2
2024-07-08,14,438,LTGES0301b,699,306,-349.11,0.0,2457.78,14.2
2024-07-08,14,1704,LTGES1122b,626,1,-4.91,0.0,2457.78,0.2
2024-07-08,14,723,LTGES0498b,64,412,108.53,0.0,8937.38,1.2
2024-07-08,14,1731,LTGES1139b,983,557,-4.96,0.0,2457.78,0.2
2024-07-08,14,2220,TR_374f74ad,496,497,-136.43,0.0,500.0,27.3
2024-07-08,14,1285,LTGES0846,1069,549,-40.69,0.0,4468.69,0.9
2024-07-08,14,264,LTGES0191,752,1030,743.94,0.0,4468.69,16.6
2024-07-08,14,1797,LTGES1182a,90,697,17.56,0.0,1268.9,1.4
2024-07-08,14,1842,LTGES1209a,395,1130,-148.32,0.0,2457.78,6.0
2024-07-08,14,1081,LTGES0714a,192,503,-109.91,0.0,2457.78,4.5
2024-07-08,14,1807,LTGES1186,1114,1070,-11.02,0.0,1228.89,0.9
2024-07-08,14,1178,LTGES0773b,520,175,78.17,0.0,2457.78,3.2
2024-07-08,14,1735,LTGES1142,954,1093,33.49,0.0,4468.69,0.7
2024-07-08,14,106,LTGES0073,109,971,283.71,0.0,1228.89,23.1
2024-07-08,14,1841,LTGES1208d,637,1130,21.66,0.0,4915.56,0.4
2024-07-08,14,435,LTGES0299,1105,783,333.57,0.0,1228.89,27.1
2024-07-08,14,489,LTGES0339a,797,796,3.0,0.0,2457.78,0.1
2024-07-08,14,2312,TR_cf9f1601,77,78,-65.92,0.0,500.0,13.2
2024-07-08,14,1246,LTGES0819,965,534,93.54,0.0,1228.89,7.6
2024-07-08,14,2344,TR_1567d725,619,620,122.83,0.0,4725.0,2.6
2024-07-08,14,1607,LTGES1057b,259,232,5.31,0.0,845.93,0.6
2024-07-08,14,846,LTGES0573b,879,450,24.77,0.0,2457.78,1.0
2024-07-08,14,576,LTGES0399,340,825,311.31,0.0,1228.89,25.3
2024-07-08,14,584,LTGES0406a,271,346,-1005.6,0.0,8937.38,11.3
2024-07-08,14,287,LTGES0208b,749,235,-802.99,0.0,8937.38,9.0
2024-07-08,14,213,LTGES0152b,177,182,-111.17,0.0,2457.78,4.5
2024-07-08,14,474,LTGES0328a,763,765,-37.02,0.0,8937.38,0.4
2024-07-08,14,1734,LTGES1141b,954,993,106.16,0.0,8937.38,1.2
2024-07-08,14,1959,LTGES1284,1163,426,288.07,0.0,1228.89,23.4
2024-07-08,14,1311,LTGES0862b,443,372,-161.04,0.0,2457.78,6.6
2024-07-08,14,356,LTGES0243,267,877,654.62,0.0,4468.69,14.6
2024-07-08,14,265,LTGES0192,227,190,-27.08,0.0,1228.89,2.2
2024-07-08,14,215,LTGES0153b,813,767,-98.41,0.0,2457.78,4.0
2024-07-08,14,1023,LTGES0676b,903,143,-621.59,0.0,8937.38,7.0
2024-07-08,14,1696,LTGES1119a,20,1089,76.86,0.0,2457.78,3.1
2024-07-08,14,443,LTGES0305a,307,706,-61.51,0.0,2457.78,2.5
2024-07-08,14,424,LTGES0291a,301,300,254.74,0.0,2457.78,10.4
2024-07-08,14,154,LTGES0114a,142,146,94.56,0.0,2457.78,3.8
2024-07-08,14,1151,LTGES0759a,91,945,125.47,0.0,2457.78,5.1
2024-07-08,14,2273,TR_c5245018,217,218,-356.4,0.0,1200.0,29.7
2024-07-08,14,682,LTGES0469a,838,839,209.97,0.0,2457.78,8.5
2024-07-08,14,49,LTGES0031,59,54,-85.27,0.0,1228.89,6.9
2024-07-08,14,2212,TR_9425d6c7,640,641,901.85,0.0,1875.0,48.1
2024-07-08,14,5,LTGES0003a,3,5,262.57,0.0,2457.78,10.7
2024-07-08,14,1345,LTGES0888a,104,998,194.87,0.0,8937.38,2.2
2024-07-08,14,990,LTGES0660,145,55,936.98,0.0,4468.69,21.0
2024-07-08,14,1546,LTGES1017a,594,601,16.77,0.0,2457.78,0.7
2024-07-08,14,196,LTGES0142a,129,88,-150.64,0.0,2457.78,6.1
2024-07-08,14,2113,LTGES1401,1224,667,-5.79,0.0,1228.89,0.5
2024-07-08,14,90,LTGES0062,98,1007,-453.34,0.0,4468.69,10.1
2024-07-08,14,707,LTGES0484,843,1150,50.26,0.0,1228.89,4.1
2024-07-08,14,2184,TR_86c7bc47,242,243,-821.34,0.0,3750.0,21.9
2024-07-08,14,404,LTGES0277,288,285,-40.01,0.0,1228.89,3.3
2024-07-08,14,742,LTGES0511a,167,961,345.03,0.0,2457.78,14.0
2024-07-08,14,1089,LTGES0718,498,177,-159.63,0.0,1228.89,13.0
2024-07-08,14,2121,LTGES1409,673,1058,1.54,0.0,1228.89,0.1
2024-07-08,14,994,LTGES0662b,905,268,-1205.13,0.0,8937.38,13.5
2024-07-08,14,1566,LTGES1031a,1098,547,-131.26,0.0,8937.38,1.5
2024-07-08,14,311,LTGES0222a,244,120,-13.21,0.0,1268.9,1.0
2024-07-08,14,1619,LTGES1067a,76,1061,-10.4,0.0,8937.38,0.1
2024-07-08,14,1350,LTGES0890b,973,975,81.82,0.0,8937.38,0.9
2024-07-08,14,448,LTGES0309a,308,196,-93.35,0.0,2457.78,3.8
2024-07-08,14,315,LTGES0223b,244,120,-13.21,0.0,1268.9,1.0
2024-07-08,14,201,LTGES0146,159,730,38.12,0.0,1228.89,3.1
2024-07-08,14,366,LTGES0251,270,762,-74.22,0.0,1228.89,6.0
2024-07-08,14,757,LTGES0523,725,858,-375.63,0.0,4468.69,8.4
2024-07-08,14,461,LTGES0319,784,787,-237.78,0.0,1228.89,19.3
2024-07-08,14,841,LTGES0570b,80,877,14.89,0.0,8937.38,0.2
2024-07-08,14,2141,LTGES1423a,1235,1078,-46.72,0.0,8937.38,0.5
2024-07-08,14,2131,LTGES1415,482,1193,440.8,0.0,1228.89,35.9
2024-07-08,14,657,LTGES0454b,378,834,51.65,0.0,2457.78,2.1
2024-07-08,14,1800,LTGES1183a,90,697,17.56,0.0,1268.9,1.4
2024-07-08,14,1227,LTGES0805b,959,458,24.27,0.0,2457.78,1.0
2024-07-08,14,2137,LTGES1421a,1148,870,-267.94,0.0,8937.38,3.0
2024-07-08,14,71,LTGES0047b,697,77,60.35,0.0,845.93,7.1
2024-07-08,14,1699,LTGES1120b,1,626,7.46,0.0,4915.56,0.2
2024-07-08,14,1402,LTGES0921,981,554,-1148.12,0.0,4468.69,25.7
2024-07-08,14,984,LTGES0656a,477,760,1243.68,0.0,8937.38,13.9
2024-07-08,14,1306,LTGES0860a,556,557,-182.05,0.0,2457.78,7.4
2024-07-08,14,1986,LTGES1307,1177,1176,150.31,0.0,4468.69,3.4
2024-07-08,14,988,LTGES0659a,31,200,-445.33,0.0,8937.38,5.0
2024-07-08,14,1446,LTGES0951a,1013,577,-21.81,0.0,2457.78,0.9
2024-07-08,14,1339,LTGES0883a,769,222,-136.58,0.0,2457.78,5.6
2024-07-08,14,997,LTGES0664a,480,468,733.81,0.0,8937.38,8.2
2024-07-08,14,934,LTGES0628a,14,681,355.26,0.0,8937.38,4.0
2024-07-08,14,1476,LTGES0969,45,582,-102.68,0.0,1228.89,8.4
2024-07-08,14,731,LTGES0503,416,417,41.04,0.0,1228.89,3.3
2024-07-08,14,266,LTGES0193,707,25,294.69,0.0,1228.89,24.0
2024-07-08,14,614,LTGES0428a,360,357,-2.66,0.0,8937.38,0.0
2024-07-08,14,2104,LTGES1392d,1141,237,-241.26,0.0,17874.76,1.3
2024-07-08,14,6,LTGES0003b,3,5,262.57,0.0,2457.78,10.7
2024-07-08,14,1847,LTGES1212a,502,192,-29.75,0.0,2457.78,1.2
2024-07-08,14,441,LTGES0303,137,54,-84.75,0.0,1228.89,6.9
2024-07-08,14,1562,LTGES1028b,118,115,-218.81,0.0,8937.38,2.4
2024-07-08,14,1109,LTGES0732,509,934,-629.92,0.0,1228.89,51.3
2024-07-08,14,920,LTGES0619b,896,894,-612.08,0.0,8937.38,6.8
2024-07-08,14,811,LTGES0554b,867,379,-31.05,0.0,2457.78,1.3
2024-07-08,14,804,LTGES0551b,440,265,-40.13,0.0,845.93,4.7
2024-07-08,14,125,LTGES0087b,124,126,-840.35,0.0,8937.38,9.4
2024-07-08,14,1205,LTGES0794a,184,182,-26.97,0.0,2457.78,1.1
2024-07-08,14,1167,LTGES0768a,432,420,176.99,0.0,2457.78,7.2
2024-07-08,14,473,LTGES0327,975,765,119.46,0.0,4468.69,2.7
2024-07-08,14,98,LTGES0067a,100,101,-81.87,0.0,2457.78,3.3
2024-07-08,14,1176,LTGES0772b,519,520,5.19,0.0,2457.78,0.2
2024-07-08,14,898,LTGES0606b,280,948,-7.74,0.0,2457.78,0.3
2024-07-08,14,2274,TR_01096471,493,494,131.56,0.0,1200.0,11.0
2024-07-08,14,2174,LTGES1450,1104,296,-535.81,0.0,1228.89,43.6
2024-07-08,14,1113,LTGES0735b,936,1091,116.15,0.0,2457.78,4.7
2024-07-08,14,174,LTGES0128a,1043,898,527.74,0.0,2457.78,21.5
2024-07-08,14,1188,LTGES0778b,870,12,171.06,0.0,8937.38,1.9
2024-07-08,14,2047,LTGES1351,1050,1202,-117.91,0.0,1228.89,9.6
2024-07-08,14,1238,LTGES0812b,962,215,84.7,0.0,2457.78,3.4
2024-07-08,14,1945,LTGES1272b,645,327,-1033.6,0.0,8937.38,11.6
2024-07-08,14,607,LTGES0422,830,355,444.43,0.0,1228.89,36.2
2024-07-08,14,950,LTGES0637,408,329,460.48,0.0,1228.89,37.5
2024-07-08,14,337,LTGES0234a,113,255,41.12,0.0,845.93,4.9
2024-07-08,14,354,LTGES0241b,264,261,-1.55,0.0,8937.38,0.0
2024-07-08,14,97,LTGES0066b,44,38,-166.05,0.0,2457.78,6.8
2024-07-08,14,1567,LTGES1031b,1098,547,-131.26,0.0,8937.38,1.5
2024-07-08,14,1765,LTGES1160a,380,1185,37.28,0.0,2457.78,1.5
2024-07-08,14,1784,LTGES1175b,909,485,209.96,0.0,2457.78,8.5
2024-07-08,14,2010,LTGES1326,1192,644,-14.17,0.0,1228.89,1.2
2024-07-08,14,1265,LTGES0832b,72,540,-650.0,0.0,8937.38,7.3
2024-07-08,14,1609,LTGES1058b,1146,1057,-54.48,0.0,2457.78,2.2
2024-07-08,14,235,LTGES0167b,206,872,17.72,0.0,2457.78,0.7
2024-07-08,14,824,LTGES0561b,874,202,-212.33,0.0,2457.78,8.6
2024-07-08,14,136,LTGES0098,711,710,46.93,0.0,1228.89,3.8
2024-07-08,14,848,LTGES0575a,211,881,1.55,0.0,8937.38,0.0
2024-07-08,14,148,LTGES0111a,140,141,152.23,0.0,2457.78,6.2
2024-07-08,14,819,LTGES0559a,1214,702,-198.94,0.0,2457.78,8.1
2024-07-08,14,193,LTGES0140b,172,129,-154.76,0.0,2457.78,6.3
2024-07-08,14,518,LTGES0360b,322,127,241.01,0.0,2457.78,9.8
2024-07-08,14,1067,LTGES0706,175,498,-61.77,0.0,1228.89,5.0
2024-07-08,14,508,LTGES0352b,321,89,1221.39,0.0,8937.38,13.7
2024-07-08,14,1198,LTGES0790,358,694,-558.68,0.0,1228.89,45.5
2024-07-08,14,1028,LTGES0679,471,296,1.58,0.0,1228.89,0.1
2024-07-08,14,1108,LTGES0731b,509,933,48.62,0.0,2457.78,2.0
2024-07-08,14,2326,TR_a9eba461,748,749,7.66,0.0,750.0,1.0
2024-07-08,14,929,LTGES0624b,14,683,229.77,0.0,8937.38,2.6
2024-07-08,14,1490,LTGES0979,1017,583,137.06,0.0,1228.89,11.2
2024-07-08,14,629,LTGES0436b,240,831,63.58,0.0,2457.78,2.6
2024-07-08,14,771,LTGES0533,430,70,-170.86,0.0,1228.89,13.9
2024-07-08,14,378,LTGES0258a,74,771,-55.4,0.0,8937.38,0.6
2024-07-08,14,116,LTGES0082a,114,116,143.7,0.0,2457.78,5.8
2024-07-08,14,1852,LTGES1215,421,1133,-169.86,0.0,1228.89,13.8
2024-07-08,14,1906,LTGES1249a,447,1148,-89.53,0.0,8937.38,1.0
2024-07-08,14,2051,LTGES1356,1205,328,303.66,0.0,4468.69,6.8
2024-07-08,14,1755,LTGES1155a,1056,485,-82.44,0.0,3686.67,2.2
2024-07-08,14,376,LTGES0257a,124,274,3.39,0.0,8937.38,0.0
2024-07-08,14,1424,LTGES0935b,93,699,-341.42,0.0,2457.78,13.9
2024-07-08,14,241,LTGES0171,207,210,-31.27,0.0,1228.89,2.5
2024-07-08,14,455,LTGES0313,310,125,-84.08,0.0,1228.89,6.8
2024-07-08,14,1118,LTGES0738,364,510,-150.4,0.0,1228.89,12.2
2024-07-08,14,2342,TR_cbe8a5bf,11,12,-376.46,0.0,1200.0,31.4
2024-07-08,14,29,LTGES0018,26,706,-359.86,0.0,1228.89,29.3
2024-07-08,14,786,LTGES0542b,436,372,-319.6,0.0,2457.78,13.0
2024-07-08,14,1799,LTGES1182c,90,697,17.56,0.0,1268.9,1.4
2024-07-08,14,551,LTGES0382a,820,8,48.72,0.0,2457.78,2.0
2024-07-08,14,947,LTGES0635b,716,165,242.28,0.0,2457.78,9.9
2024-07-08,14,1713,LTGES1128a,182,186,76.45,0.0,2457.78,3.1
2024-07-08,14,367,LTGES0252,766,761,-62.9,0.0,1228.89,5.1
2024-07-08,14,1778,LTGES1171a,593,591,103.75,0.0,2457.78,4.2
2024-07-08,14,2095,LTGES1388a,1179,661,-0.07,0.0,2457.78,0.0
2024-07-08,14,1229,LTGES0806b,133,960,5.5,0.0,2457.78,0.2
2024-07-08,14,1585,LTGES1043,1044,329,-11.67,0.0,1228.89,0.9
2024-07-08,14,948,LTGES0636a,715,164,-21.98,0.0,845.93,2.6
2024-07-08,14,1656,LTGES1092,1232,616,-1.38,0.0,1228.89,0.1
2024-07-08,14,1759,LTGES1156b,599,485,-99.48,0.0,2457.78,4.0
2024-07-08,14,1602,LTGES1055a,729,1062,-87.95,0.0,2457.78,3.6
2024-07-08,14,1774,LTGES1167,629,631,-121.09,0.0,1228.89,9.9
2024-07-08,14,1811,LTGES1189a,154,162,-2.57,0.0,8937.38,0.0
2024-07-08,14,1708,LTGES1124b,240,609,70.18,0.0,2457.78,2.9
2024-07-08,14,515,LTGES0358,67,323,483.4,0.0,4468.69,10.8
2024-07-08,14,706,LTGES0483b,69,17,-456.15,0.0,8937.38,5.1
2024-07-08,14,497,LTGES0344b,712,317,13.63,0.0,2457.78,0.6
2024-07-08,14,1477,LTGES0970,582,45,102.48,0.0,1228.89,8.3
2024-07-08,14,1553,LTGES1021a,488,918,-995.2,0.0,2457.78,40.5
2024-07-08,14,2310,TR_60f77458,91,92,-399.47,0.0,750.0,53.3
2024-07-08,14,504,LTGES0350,112,803,4.47,0.0,1228.89,0.4
2024-07-08,14,1729,LTGES1138,83,701,72.12,0.0,1228.89,5.9
2024-07-08,14,1186,LTGES0777b,870,12,171.06,0.0,8937.38,1.9
2024-07-08,14,1189,LTGES0779,203,875,848.32,0.0,4468.69,19.0
2024-07-08,14,1753,LTGES1154a,146,140,186.2,0.0,2457.78,7.6
2024-07-08,14,914,LTGES0616a,456,883,-25.84,0.0,8937.38,0.3
2024-07-08,14,1808,LTGES1187,1084,1115,-73.69,0.0,1228.89,6.0
2024-07-08,14,2299,TR_2ab84c9d,831,832,-440.71,0.0,750.0,58.8
2024-07-08,14,615,LTGES0428b,360,357,-2.66,0.0,8937.38,0.0
2024-07-08,14,1958,LTGES1283,1162,1161,536.6,0.0,1228.89,43.7
2024-07-08,14,2199,TR_b44ed123,815,816,-7.43,0.0,500.0,1.5
2024-07-08,14,1367,LTGES0898a,70,565,41.2,0.0,2457.78,1.7
2024-07-08,14,976,LTGES0652c,678,143,-480.74,0.0,13406.07,3.6
2024-07-08,14,1577,LTGES1037b,77,244,26.0,0.0,1268.9,2.0
2024-07-08,14,374,LTGES0256a,234,260,-55.66,0.0,2457.78,2.3
2024-07-08,14,2175,TR_519b8abe,70,71,-979.58,0.0,1875.0,52.2
2024-07-08,14,1814,LTGES1191,1118,82,2109.8,0.0,4468.69,47.2
2024-07-08,14,1126,LTGES0743b,364,505,-278.37,0.0,2457.78,11.3
2024-07-08,14,2099,LTGES1391a,412,383,101.43,0.0,8937.38,1.1
2024-07-08,14,886,LTGES0600,463,889,-50.36,0.0,1228.89,4.1
2024-07-08,14,1255,LTGES0825,536,537,-18.27,0.0,1228.89,1.5
2024-07-08,14,1360,LTGES0895c,562,564,191.13,0.0,4915.56,3.9
2024-07-08,14,364,LTGES0249,270,976,-37.59,0.0,1228.89,3.1
2024-07-08,14,803,LTGES0551a,440,265,-40.13,0.0,845.93,4.7
2024-07-08,14,2336,TR_13fe3810,207,208,-395.98,0.0,1200.0,33.0
2024-07-08,14,570,LTGES0394,339,333,84.82,0.0,1228.89,6.9
2024-07-08,14,1444,LTGES0950a,575,576,54.71,0.0,2457.78,2.2
2024-07-08,14,2135,LTGES1419,152,59,-2.9,0.0,1228.89,0.2
2024-07-08,14,44,LTGES0028a,3,51,107.75,0.0,2457.78,4.4
2024-07-08,14,2162,LTGES1441,1195,167,53.16,0.0,1228.89,4.3
2024-07-08,14,189,LTGES0138b,170,101,31.5,0.0,2457.78,1.3
2024-07-08,14,429,LTGES0295,305,304,135.88,0.0,1228.89,11.1
2024-07-08,14,2278,TR_59f3a3c3,358,359,516.36,0.0,1200.0,43.0
2024-07-08,14,169,LTGES0125,163,165,-0.94,0.0,1228.89,0.1
2024-07-08,14,2006,LTGES1323,327,1190,-610.58,0.0,4468.69,13.7
2024-07-08,14,94,LTGES0065a,769,38,18.69,0.0,2457.78,0.8
2024-07-08,14,288,LTGES0209a,748,234,-55.78,0.0,2457.78,2.3
2024-07-08,14,1793,LTGES1180b,255,257,44.89,0.0,845.93,5.3
2024-07-08,14,2070,LTGES1370,668,670,8.59,0.0,1228.89,0.7
2024-07-08,14,1501,LTGES0987b,97,531,30.71,0.0,2457.78,1.2
2024-07-08,14,1594,LTGES1049,608,1158,7.2,0.0,1228.89,0.6
2024-07-08,14,1662,LTGES1096b,341,1160,11.26,0.0,2457.78,0.5
2024-07-08,14,73,LTGES0048b,79,695,1.04,0.0,8937.38,0.0
2024-07-08,14,82,LTGES0055b,87,88,-52.89,0.0,2457.78,2.2
2024-07-08,14,1354,LTGES0892b,162,160,-364.45,0.0,8937.38,4.1
2024-07-08,14,902,LTGES0609,280,891,23.58,0.0,1228.89,1.9
2024-07-08,14,79,LTGES0053b,906,905,22.71,0.0,8937.38,0.3
2024-07-08,14,974,LTGES0652a,678,143,-480.74,0.0,13406.07,3.6
2024-07-08,14,1321,LTGES0869b,987,343,-230.74,0.0,2457.78,9.4
2024-07-08,14,1092,LTGES0720b,928,501,69.33,0.0,2457.78,2.8
2024-07-08,14,2237,TR_6f82474d,596,597,-34.07,0.0,500.0,6.8
2024-07-08,14,1068,LTGES0707a,499,176,5.0,0.0,8937.38,0.1
2024-07-08,14,2296,TR_cdbd89a4,947,948,-56.94,0.0,500.0,11.4
2024-07-08,14,1761,LTGES1157b,598,484,-9.49,0.0,845.93,1.1
2024-07-08,14,507,LTGES0352a,321,89,1221.39,0.0,8937.38,13.7
2024-07-08,14,2017,LTGES1329b,149,133,-50.71,0.0,2457.78,2.1
2024-07-08,14,1389,LTGES0914,569,739,-14.44,0.0,1228.89,1.2
2024-07-08,14,427,LTGES0293,93,784,-178.31,0.0,1228.89,14.5
2024-07-08,14,1981,LTGES1303b,1174,332,-55.01,0.0,2457.78,2.2
2024-07-08,14,1947,LTGES1274,654,1064,-313.76,0.0,4468.69,7.0
2024-07-08,14,1183,LTGES0776a,47,3,-130.04,0.0,2457.78,5.3
2024-07-08,14,391,LTGES0266a,275,774,2.75,0.0,2457.78,0.1
2024-07-08,14,534,LTGES0372,330,331,252.74,0.0,1228.89,20.6
2024-07-08,14,572,LTGES0395b,340,826,-122.38,0.0,2457.78,5.0
2024-07-08,14,8,LTGES0004b,7,9,-381.77,0.0,8937.38,4.3
2024-07-08,14,1767,LTGES1161,314,604,35.06,0.0,1228.89,2.9
2024-07-08,14,64,LTGES0042b,71,72,127.91,0.0,8937.38,1.4
2024-07-08,14,1654,LTGES1090,615,616,3.11,0.0,1228.89,0.3
2024-07-08,14,1017,LTGES0674b,909,911,-94.15,0.0,4915.56,1.9
2024-07-08,14,91,LTGES0063,1007,39,-604.29,0.0,4468.69,13.5
2024-07-08,14,1120,LTGES0740,937,938,70.31,0.0,1228.89,5.7
2024-07-08,14,922,LTGES0620b,894,468,-710.33,0.0,8937.38,7.9
2024-07-08,14,1489,LTGES0978b,1019,584,-40.28,0.0,2457.78,1.6
2024-07-08,14,1898,LTGES1244b,1078,620,-31.67,0.0,8937.38,0.4
2024-07-08,14,2129,LTGES1413b,929,506,-81.09,0.0,8937.38,0.9
2024-07-08,14,1702,LTGES1121,626,597,197.02,0.0,1228.89,16.0
2024-07-08,14,1915,LTGES1255a,649,650,-79.72,0.0,2457.78,3.2
2024-07-08,14,2337,TR_a35675e3,432,433,-938.27,0.0,2362.5,39.7
2024-07-08,14,726,LTGES0500b,848,413,-10.39,0.0,2457.78,0.4
2024-07-08,14,498,LTGES0345,800,862,-117.35,0.0,1228.89,9.5
2024-07-08,14,2156,LTGES1436,1213,485,-12.59,0.0,1228.89,1.0
2024-07-08,14,1686,LTGES1113b,301,625,-7.6,0.0,2457.78,0.3
2024-07-08,14,156,LTGES0115a,150,134,-401.14,0.0,8937.38,4.5
2024-07-08,14,2317,TR_d307d820,114,115,-106.59,0.0,500.0,21.3
2024-07-08,14,220,LTGES0157,180,957,15.43,0.0,1228.89,1.3
2024-07-08,14,2122,LTGES1410a,1231,22,-48.83,0.0,2457.78,2.0
2024-07-08,14,22,LTGES0013b,18,1085,33.02,0.0,2457.78,1.3
2024-07-08,14,1745,LTGES1149a,526,987,102.53,0.0,2457.78,4.2
2024-07-08,14,878,LTGES0594b,461,885,3.97,0.0,2457.78,0.2
2024-07-08,14,383,LTGES0260b,275,276,-337.76,0.0,2457.78,13.7
2024-07-08,14,1952,LTGES1278b,222,1156,1.31,0.0,2457.78,0.1
2024-07-08,14,1417,LTGES0932,916,308,77.18,0.0,1228.89,6.3
2024-07-08,14,2169,LTGES1446a,1236,394,-39.49,0.0,8937.38,0.4
2024-07-08,14,324,LTGES0227b,249,251,-30.01,0.0,845.93,3.5
2024-07-08,14,861,LTGES0584,267,64,-810.2,0.0,4468.69,18.1
2024-07-08,14,700,LTGES0479,400,148,-19.01,0.0,1228.89,1.5
2024-07-08,14,490,LTGES0339b,797,796,3.0,0.0,2457.78,0.1
2024-07-08,14,2058,LTGES1360b,667,57,307.02,0.0,2457.78,12.5
2024-07-08,14,1967,LTGES1292,658,1170,1.4,0.0,1228.89,0.1
2024-07-08,14,506,LTGES0351b,128,321,978.59,0.0,8937.38,10.9
2024-07-08,14,875,LTGES0593a,276,461,17.33,0.0,2457.78,0.7
2024-07-08,14,72,LTGES0048a,79,695,1.04,0.0,8937.38,0.0
2024-07-08,14,860,LTGES0583b,882,452,8.18,0.0,2457.78,0.3
2024-07-08,14,1631,LTGES1075a,230,48,129.59,0.0,2457.78,5.3
2024-07-08,14,1088,LTGES0717b,500,927,-233.25,0.0,2457.78,9.5
2024-07-08,14,2331,TR_a3c83c97,370,371,-3.37,0.0,500.0,0.7
2024-07-08,14,667,LTGES0461a,389,982,2299.26,0.0,8937.38,25.7
2024-07-08,14,472,LTGES0326,792,201,-1.23,0.0,1228.89,0.1
2024-07-08,14,1037,LTGES0685a,918,487,-1022.84,0.0,2457.78,41.6
2024-07-08,14,524,LTGES0363,808,99,0.0,0.0,4468.69,0.0
2024-07-08,14,1226,LTGES0805a,959,458,24.27,0.0,2457.78,1.0
2024-07-08,14,767,LTGES0530,862,712,182.63,0.0,1228.89,14.9
2024-07-08,14,145,LTGES0108b,135,138,127.53,0.0,2457.78,5.2
2024-07-08,14,36,LTGES0022,37,39,585.83,0.0,4468.69,13.1
2024-07-08,14,1082,LTGES0714b,192,503,-109.91,0.0,2457.78,4.5
2024-07-08,14,2267,TR_d11f8e41,45,46,-338.73,0.0,1200.0,28.2
2024-07-08,14,1543,LTGES1015b,225,600,97.58,0.0,2457.78,4.0
2024-07-08,14,353,LTGES0241a,264,261,-1.55,0.0,8937.38,0.0
2024-07-08,14,1325,LTGES0872,526,1097,63.03,0.0,1228.89,5.1
2024-07-08,14,1509,LTGES0992,587,588,-208.54,0.0,1228.89,17.0
2024-07-08,14,232,LTGES0166a,205,203,1063.85,0.0,8937.38,11.9
2024-07-08,14,407,LTGES0279,289,286,-22.08,0.0,1228.89,1.8
2024-07-08,14,1648,LTGES1087a,58,705,1241.08,0.0,8937.38,13.9
2024-07-08,14,54,LTGES0035,690,63,93.79,0.0,1228.89,7.6
2024-07-08,14,1931,LTGES1265a,444,866,13.35,0.0,2457.78,0.5
2024-07-08,14,101,LTGES0069a,105,874,-156.46,0.0,2457.78,6.4
2024-07-08,14,724,LTGES0499,413,262,-24.67,0.0,1228.89,2.0
2024-07-08,14,792,LTGES0545b,437,439,-37.27,0.0,2457.78,1.5
2024-07-08,14,715,LTGES0491,846,405,-174.6,0.0,1228.89,14.2
2024-07-08,14,1605,LTGES1056b,260,233,43.66,0.0,2457.78,1.8
2024-07-08,14,945,LTGES0634,157,651,-578.16,0.0,1228.89,47.0
2024-07-08,14,1054,LTGES0696,491,1057,-208.19,0.0,1228.89,16.9
2024-07-08,14,1115,LTGES0736b,936,935,26.49,0.0,2457.78,1.1
2024-07-08,14,1672,LTGES1103b,894,895,50.28,0.0,8937.38,0.6
2024-07-08,14,335,LTGES0233a,114,256,330.41,0.0,2457.78,13.4
2024-07-08,14,630,LTGES0437a,238,363,1.34,0.0,8937.38,0.0
2024-07-08,14,2319,TR_c51f01d1,117,118,-404.13,0.0,1875.0,21.6
2024-07-08,14,168,LTGES0124b,160,714,429.96,0.0,8937.38,4.8
2024-07-08,14,1405,LTGES0923b,999,550,-10.17,0.0,2457.78,0.4
2024-07-08,14,403,LTGES0276,288,285,-41.75,0.0,1228.89,3.4
2024-07-08,14,2315,TR_cc6607e7,266,267,92.49,0.0,750.0,12.3
2024-07-08,14,1522,LTGES1003a,1027,1028,-508.86,0.0,2457.78,20.7
2024-07-08,14,1013,LTGES0673b,910,912,-42.53,0.0,17874.76,0.2
2024-07-08,14,270,LTGES0196,343,958,144.31,0.0,1228.89,11.7
2024-07-08,14,2198,TR_39a719b5,817,818,-6.74,0.0,500.0,1.3
2024-07-08,14,476,LTGES0329a,762,764,-23.64,0.0,2457.78,1.0
2024-07-08,14,1027,LTGES0678b,913,471,-2.21,0.0,2457.78,0.1
2024-07-08,14,1435,LTGES0943,573,1082,5.38,0.0,4468.69,0.1
2024-07-08,14,1433,LTGES0942a,851,573,204.54,0.0,8937.38,2.3
2024-07-08,14,954,LTGES0639b,473,35,84.57,0.0,8937.38,0.9
2024-07-08,14,453,LTGES0312a,542,110,-1155.9,0.0,8937.38,12.9
2024-07-08,14,1815,LTGES1192,76,14,-500.26,0.0,4468.69,11.2
2024-07-08,14,88,LTGES0060,98,1012,97.58,0.0,4468.69,2.2
2024-07-08,14,883,LTGES0598,462,888,5.33,0.0,1228.89,0.4
2024-07-08,14,2229,TR_8a0345e0,393,394,77.36,0.0,1875.0,4.1
2024-07-08,14,1791,LTGES1179b,256,258,310.7,0.0,2457.78,12.6
2024-07-08,14,743,LTGES0511b,167,961,345.03,0.0,2457.78,14.0
2024-07-08,14,1273,LTGES0837b,544,545,94.74,0.0,2457.78,3.9
2024-07-08,14,77,LTGES0052,85,55,-833.47,0.0,4468.69,18.7
2024-07-08,14,596,LTGES0412,349,347,-496.48,0.0,4468.69,11.1
2024-07-08,14,2003,LTGES1321a,1181,374,-0.0,0.0,8937.38,0.0
2024-07-08,14,972,LTGES0651a,200,903,-465.17,0.0,8937.38,5.2
2024-07-08,14,449,LTGES0309b,308,196,-93.35,0.0,2457.78,3.8
2024-07-08,14,1084,LTGES0715b,927,504,64.28,0.0,2457.78,2.6
2024-07-08,14,387,LTGES0262b,278,773,14.57,0.0,2457.78,0.6
2024-07-08,14,620,LTGES0431,75,357,1064.55,0.0,4468.69,23.8
2024-07-08,14,2311,TR_1d98b925,697,698,-68.89,0.0,500.0,13.8
2024-07-08,14,450,LTGES0310a,677,309,89.01,0.0,2457.78,3.6
2024-07-08,14,1322,LTGES0870,6,559,-28.19,0.0,1228.89,2.3
2024-07-08,14,2305,TR_a7560d62,120,121,-79.29,0.0,750.0,10.6
2024-07-08,14,906,LTGES0611b,300,266,253.13,0.0,2457.78,10.3
2024-07-08,14,586,LTGES0407a,346,347,-928.15,0.0,8937.38,10.4
2024-07-08,14,971,LTGES0650c,904,31,-1318.97,0.0,13406.07,9.8
2024-07-08,14,635,LTGES0440,248,931,-2350.72,0.0,4468.69,52.6
2024-07-08,14,43,LTGES0027b,50,915,1123.68,0.0,8937.38,12.6
2024-07-08,14,1093,LTGES0721,350,507,1963.83,0.0,4468.69,43.9
2024-07-08,14,1208,LTGES0795b,334,35,557.69,0.0,8937.38,6.2
2024-07-08,14,1445,LTGES0950b,575,576,54.71,0.0,2457.78,2.2
2024-07-08,14,2329,TR_314cfd1c,440,441,39.3,0.0,500.0,7.9
2024-07-08,14,1717,LTGES1130,492,502,-51.64,0.0,1228.89,4.2
2024-07-08,14,1004,LTGES0669a,908,13,275.08,0.0,2457.78,11.2
2024-07-08,14,893,LTGES0604b,280,892,184.94,0.0,3686.67,5.0
2024-07-08,14,1531,LTGES1008b,432,594,81.71,0.0,2457.78,3.3
2024-07-08,14,1277,LTGES0840,546,72,-721.23,0.0,4468.69,16.1
2024-07-08,14,530,LTGES0369,330,811,-178.66,0.0,1228.89,14.5
2024-07-08,14,602,LTGES0418,1124,828,328.89,0.0,1228.89,26.8
2024-07-08,14,2115,LTGES1403,671,644,678.61,0.0,1228.89,55.2
2024-07-08,14,1344,LTGES0887,724,973,218.0,0.0,4468.69,4.9
2024-07-08,14,703,LTGES0482a,403,705,-1239.8,0.0,8937.38,13.9
2024-07-08,14,2330,TR_8c3372a7,368,369,-3.33,0.0,500.0,0.7
2024-07-08,14,594,LTGES0411a,827,346,83.71,0.0,8937.38,0.9
2024-07-08,14,651,LTGES0451a,367,208,1088.57,0.0,8937.38,12.2
2024-07-08,14,1046,LTGES0690,487,489,-852.18,0.0,1228.89,69.3
2024-07-08,14,1976,LTGES1299b,657,411,-0.69,0.0,2457.78,0.0
2024-07-08,14,1253,LTGES0823b,968,189,-294.99,0.0,2457.78,12.0
2024-07-08,14,932,LTGES0626,469,470,380.32,0.0,1228.89,30.9
2024-07-08,14,962,LTGES0644,1079,475,212.98,0.0,1228.89,17.3
2024-07-08,14,522,LTGES0362b,807,325,52.37,0.0,3686.67,1.4
2024-07-08,14,1838,LTGES1208a,637,1130,21.66,0.0,4915.56,0.4
2024-07-08,14,9,LTGES0005,10,861,2.66,0.0,4468.69,0.1
2024-07-08,14,1117,LTGES0737b,936,364,-150.02,0.0,2457.78,6.1
2024-07-08,14,2219,TR_dd3b02ef,220,221,-127.75,0.0,750.0,17.0
2024-07-08,14,1272,LTGES0837a,544,545,94.74,0.0,2457.78,3.9
2024-07-08,14,1532,LTGES1009a,595,1030,-83.3,0.0,8937.38,0.9
2024-07-08,14,552,LTGES0382b,820,8,48.72,0.0,2457.78,2.0
2024-07-08,14,192,LTGES0140a,172,129,-154.76,0.0,2457.78,6.3
2024-07-08,14,12,LTGES0008,16,920,-574.63,0.0,1228.89,46.8
2024-07-08,14,1342,LTGES0885,974,764,31.43,0.0,1228.89,2.6
2024-07-08,14,357,LTGES0244,80,759,-794.76,0.0,4468.69,17.8
2024-07-08,14,1382,LTGES0908,541,125,100.36,0.0,1228.89,8.2
2024-07-08,14,1885,LTGES1236a,679,648,45.63,0.0,2457.78,1.9
2024-07-08,14,417,LTGES0287a,295,296,837.24,0.0,2457.78,34.1
2024-07-08,14,1700,LTGES1120c,1,626,7.46,0.0,4915.56,0.2
2024-07-08,14,1608,LTGES1058a,1146,1057,-54.48,0.0,2457.78,2.2
2024-07-08,14,694,LTGES0475,395,398,-91.03,0.0,1228.89,7.4
2024-07-08,14,2056,LTGES1359b,109,172,-154.06,0.0,2457.78,6.3
2024-07-08,14,1157,LTGES0762a,111,946,678.16,0.0,8937.38,7.6
2024-07-08,14,1260,LTGES0828,969,537,-0.81,0.0,1228.89,0.1
2024-07-08,14,426,LTGES0292,783,302,124.55,0.0,1228.89,10.1
2024-07-08,14,991,LTGES0661a,904,477,1508.29,0.0,8937.38,16.9
2024-07-08,14,539,LTGES0375a,9,334,100.56,0.0,8937.38,1.1
2024-07-08,14,2034,LTGES1340,1117,1070,26.15,0.0,1228.89,2.1
2024-07-08,14,1301,LTGES0857,522,951,2.85,0.0,1228.89,0.2
2024-07-08,14,2038,LTGES1344,1199,657,-0.65,0.0,1228.89,0.1
2024-07-08,14,1340,LTGES0883b,769,222,-136.58,0.0,2457.78,5.6
2024-07-08,14,1014,LTGES0673c,910,912,-42.53,0.0,17874.76,0.2
2024-07-08,14,761,LTGES0526,45,427,59.01,0.0,1228.89,4.8
2024-07-08,14,610,LTGES0424b,830,354,5.87,0.0,2457.78,0.2
2024-07-08,14,1660,LTGES1095,475,618,-82.28,0.0,1228.89,6.7
2024-07-08,14,739,LTGES0508b,33,19,-1971.36,0.0,8937.38,22.1
2024-07-08,14,2059,LTGES1361a,650,868,-104.9,0.0,2457.78,4.3
2024-07-08,14,1259,LTGES0827c,1005,313,-51.55,0.0,3686.67,1.4
2024-07-08,14,1317,LTGES0867b,987,527,335.35,0.0,2457.78,13.6
2024-07-08,14,1803,LTGES1184a,610,423,-2.49,0.0,2457.78,0.1
2024-07-08,14,1398,LTGES0918b,997,976,-26.99,0.0,3686.67,0.7
2024-07-08,14,1610,LTGES1061,394,10,677.47,0.0,4468.69,15.2
2024-07-08,14,179,LTGES0131,163,165,-0.94,0.0,1228.89,0.1
2024-07-08,14,993,LTGES0662a,905,268,-1205.13,0.0,8937.38,13.5
2024-07-08,14,905,LTGES0611a,300,266,253.13,0.0,2457.78,10.3
2024-07-08,14,2210,TR_86452e13,186,187,80.92,0.0,500.0,16.2
2024-07-08,14,1406,LTGES0924,980,552,205.09,0.0,1228.89,16.7
2024-07-08,14,782,LTGES0540b,373,205,-1423.8,0.0,8937.38,15.9
2024-07-08,14,2263,TR_026f4709,606,607,270.95,0.0,1200.0,22.6
2024-07-08,14,1320,LTGES0869a,987,343,-230.74,0.0,2457.78,9.4
2024-07-08,14,239,LTGES0169b,208,203,482.95,0.0,8937.38,5.4
2024-07-08,14,911,LTGES0614,893,409,-0.02,0.0,1228.89,0.0
2024-07-08,14,1200,LTGES0791b,694,525,-375.5,0.0,2457.78,15.3
2024-07-08,14,737,LTGES0507b,28,32,71.49,0.0,2457.78,2.9
2024-07-08,14,1032,LTGES0681c,89,915,-959.88,0.0,13406.07,7.2
2024-07-08,14,1822,LTGES1199a,1120,1116,-10.22,0.0,2457.78,0.4
2024-07-08,14,889,LTGES0602,463,890,13.36,0.0,1228.89,1.1
2024-07-08,14,1528,LTGES1006b,592,301,170.79,0.0,2457.78,6.9
2024-07-08,14,2074,LTGES1373a,696,87,-36.92,0.0,2457.78,1.5
2024-07-08,14,2090,LTGES1385a,622,409,39.96,0.0,2457.78,1.6
2024-07-08,14,525,LTGES0364,809,1143,-0.0,0.0,4468.69,0.0
2024-07-08,14,1403,LTGES0922,550,980,213.96,0.0,1228.89,17.4
2024-07-08,14,488,LTGES0338,315,302,-37.66,0.0,1228.89,3.1
2024-07-08,14,2107,LTGES1396,275,1221,23.26,0.0,1228.89,1.9
2024-07-08,14,1817,LTGES1193b,467,632,66.29,0.0,2457.78,2.7
2024-07-08,14,2109,LTGES1398,1209,670,-0.38,0.0,1228.89,0.0
2024-07-08,14,2039,LTGES1345a,460,665,14.91,0.0,2457.78,0.6
2024-07-08,14,458,LTGES0316,125,201,272.09,0.0,1228.89,22.1
2024-07-08,14,745,LTGES0513,853,1008,91.34,0.0,1228.89,7.4
2024-07-08,14,696,LTGES0477a,840,393,-6.4,0.0,2457.78,0.3
2024-07-08,14,1865,LTGES1224,693,248,2215.21,0.0,4468.69,49.6
2024-07-08,14,1450,LTGES0953a,577,576,-46.97,0.0,2457.78,1.9
2024-07-08,14,1541,LTGES1014b,73,1033,44.23,0.0,2457.78,1.8
2024-07-08,14,1877,LTGES1232a,383,1141,170.56,0.0,8937.38,1.9
2024-07-08,14,668,LTGES0461b,389,982,2299.26,0.0,8937.38,25.7
2024-07-08,14,2091,LTGES1385b,622,409,39.96,0.0,2457.78,1.6
2024-07-08,14,45,LTGES0028b,3,51,107.75,0.0,2457.78,4.4
2024-07-08,14,1427,LTGES0938,854,736,-221.74,0.0,1228.89,18.0
2024-07-08,14,1663,LTGES1097a,34,426,-290.64,0.0,2457.78,11.8
2024-07-08,14,1910,LTGES1251a,1148,869,12.61,0.0,8937.38,0.1
2024-07-08,14,436,LTGES0300,785,93,-396.99,0.0,1228.89,32.3
2024-07-08,14,527,LTGES0366,328,810,1125.04,0.0,4468.69,25.2
2024-07-08,14,1581,LTGES1040,319,316,13.13,0.0,1228.89,1.1
2024-07-08,14,2153,LTGES1433,1208,25,-17.51,0.0,1228.89,1.4
2024-07-08,14,440,LTGES0302b,264,261,-1.59,0.0,8937.38,0.0
2024-07-08,14,872,LTGES0591a,459,460,-2.67,0.0,2457.78,0.1
2024-07-08,14,1002,LTGES0667b,147,483,-1967.72,0.0,8937.38,22.0
2024-07-08,14,105,LTGES0072,108,107,-79.2,0.0,1228.89,6.4
2024-07-08,14,1872,LTGES1228b,184,627,-22.48,0.0,2457.78,0.9
2024-07-08,14,1916,LTGES1255b,649,650,-79.72,0.0,2457.78,3.2
2024-07-08,14,547,LTGES0380a,818,816,-47.98,0.0,2457.78,2.0
2024-07-08,14,400,LTGES0273,286,285,146.83,0.0,1228.89,11.9
2024-07-08,14,695,LTGES0476,398,840,-5.76,0.0,1228.89,0.5
2024-07-08,14,480,LTGES0331a,302,784,-26.7,0.0,2457.78,1.1
2024-07-08,14,728,LTGES0501b,847,413,-0.92,0.0,2457.78,0.0
2024-07-08,14,1214,LTGES0798,182,184,17.61,0.0,1228.89,1.4
2024-07-08,14,744,LTGES0512,1008,853,-90.49,0.0,1228.89,7.4
2024-07-08,14,296,LTGES0213,751,122,-1853.36,0.0,4468.69,41.5
2024-07-08,14,1679,LTGES1109b,441,375,339.58,0.0,2457.78,13.8
2024-07-08,14,722,LTGES0498a,64,412,108.53,0.0,8937.38,1.2
2024-07-08,14,1039,LTGES0686,919,488,-17.37,0.0,1228.89,1.4
2024-07-08,14,775,LTGES0536,857,425,170.33,0.0,1228.89,13.9
2024-07-08,14,1103,LTGES0728b,241,930,806.54,0.0,8937.38,9.0
2024-07-08,14,625,LTGES0434,832,357,-1057.56,0.0,4468.69,23.7
2024-07-08,14,1247,LTGES0820a,533,534,-262.57,0.0,2457.78,10.7
2024-07-08,14,1962,LTGES1287,1164,657,-0.55,0.0,1228.89,0.0
2024-07-08,14,50,LTGES0032,689,60,-128.99,0.0,1228.89,10.5
2024-07-08,14,526,LTGES0365,327,328,-341.69,0.0,4468.69,7.6
2024-07-08,14,1674,LTGES1105a,142,1142,3.13,0.0,2457.78,0.1
2024-07-08,14,624,LTGES0433b,1145,350,-496.85,0.0,8937.38,5.6
2024-07-08,14,162,LTGES0120a,156,69,429.41,0.0,8937.38,4.8
2024-07-08,14,1639,LTGES1080b,22,611,-250.28,0.0,2457.78,10.2
2024-07-08,14,392,LTGES0266b,275,774,2.75,0.0,2457.78,0.1
2024-07-08,14,63,LTGES0042a,71,72,127.91,0.0,8937.38,1.4
2024-07-08,14,92,LTGES0064a,692,769,-116.73,0.0,2457.78,4.7
2024-07-08,14,1757,LTGES1155c,1056,485,-82.44,0.0,3686.67,2.2
2024-07-08,14,2242,TR_d45a10b0,630,631,-412.75,0.0,1200.0,34.4
2024-07-08,14,1299,LTGES0855b,521,950,-10.06,0.0,2457.78,0.4
2024-07-08,14,1775,LTGES1168,628,630,22.05,0.0,422.97,5.2
2024-07-08,14,214,LTGES0153a,813,767,-98.41,0.0,2457.78,4.0
2024-07-08,14,1917,LTGES1256,955,159,-12.77,0.0,1228.89,1.0
2024-07-08,14,573,LTGES0396,339,902,-15.11,0.0,1228.89,1.2
2024-07-08,14,1387,LTGES0913a,569,996,6.36,0.0,2457.78,0.3
2024-07-08,14,780,LTGES0539b,434,432,-29.92,0.0,2457.78,1.2
2024-07-08,14,949,LTGES0636b,715,164,-21.98,0.0,845.93,2.6
2024-07-08,14,1071,LTGES0708b,924,175,-11.26,0.0,2457.78,0.5
2024-07-08,14,999,LTGES0665,956,481,21.72,0.0,1228.89,1.8
2024-07-08,14,671,LTGES0463a,375,380,183.98,0.0,2457.78,7.5
2024-07-08,14,812,LTGES0555a,445,446,-111.33,0.0,2457.78,4.5
2024-07-08,14,2224,TR_24f95bfa,40,41,-47.71,0.0,750.0,6.4
2024-07-08,14,2029,LTGES1337,1141,647,1333.84,0.0,4468.69,29.8
2024-07-08,14,1262,LTGES0830,538,994,27.99,0.0,1228.89,2.3
2024-07-08,14,719,LTGES0495,408,331,333.27,0.0,1228.89,27.1
2024-07-08,14,1409,LTGES0926b,1001,571,-0.89,0.0,2457.78,0.0
2024-07-08,14,1892,LTGES1241a,135,65,-56.91,0.0,2457.78,2.3
2024-07-08,14,1569,LTGES1032b,375,369,116.87,0.0,2457.78,4.8
2024-07-08,14,2322,TR_f8ac356f,234,235,-0.24,0.0,500.0,0.0
2024-07-08,14,544,LTGES0378a,333,34,-10.64,0.0,2457.78,0.4
2024-07-08,14,275,LTGES0201a,863,3,70.01,0.0,2457.78,2.8
2024-07-08,14,1707,LTGES1124a,240,609,70.18,0.0,2457.78,2.9
2024-07-08,14,826,LTGES0562b,419,3,-137.27,0.0,2457.78,5.6
2024-07-08,14,2266,TR_a5cf368f,427,428,-213.98,0.0,750.0,28.5
2024-07-08,14,1806,LTGES1185b,220,42,-30.22,0.0,2457.78,1.2
2024-07-08,14,1934,LTGES1266b,329,644,272.58,0.0,2457.78,11.1
2024-07-08,14,940,LTGES0631a,897,898,-31.25,0.0,2457.78,1.3
2024-07-08,14,899,LTGES0607a,279,947,25.53,0.0,845.93,3.0
2024-07-08,14,1664,LTGES1097b,34,426,-290.64,0.0,2457.78,11.8
2024-07-08,14,516,LTGES0359,324,112,96.69,0.0,1228.89,7.9
2024-07-08,14,1536,LTGES1011b,597,599,-7.41,0.0,2457.78,0.3
2024-07-08,14,2215,TR_4329bc31,177,178,119.06,0.0,750.0,15.9
2024-07-08,14,286,LTGES0208a,749,235,-802.99,0.0,8937.38,9.0
2024-07-08,14,1573,LTGES1036a,78,245,222.95,0.0,3686.67,6.0
2024-07-08,14,2037,LTGES1343,1049,402,-138.72,0.0,1228.89,11.3
2024-07-08,14,2269,TR_c22e81d6,293,294,-77.8,0.0,500.0,15.6
2024-07-08,14,1451,LTGES0953b,577,576,-46.97,0.0,2457.78,1.9
2024-07-08,14,1870,LTGES1227b,646,338,102.9,0.0,2457.78,4.2
2024-07-08,14,459,LTGES0317,310,311,122.06,0.0,1228.89,9.9
2024-07-08,14,2080,LTGES1378,477,478,1099.84,0.0,4468.69,24.6
2024-07-08,14,465,LTGES0322a,306,782,-354.04,0.0,2457.78,14.4
2024-07-08,14,652,LTGES0451b,367,208,1088.57,0.0,8937.38,12.2
2024-07-08,14,1012,LTGES0673a,910,912,-42.53,0.0,17874.76,0.2
2024-07-08,14,1128,LTGES0744b,508,512,62.88,0.0,2457.78,2.6
2024-07-08,14,779,LTGES0539a,434,432,-29.92,0.0,2457.78,1.2
2024-07-08,14,308,LTGES0221a,245,121,190.78,0.0,3686.67,5.2
2024-07-08,14,110,LTGES0077,55,89,-2860.06,0.0,4468.69,64.0
2024-07-08,14,1393,LTGES0916b,976,723,-32.07,0.0,2457.78,1.3
2024-07-08,14,2257,TR_4a6d455c,144,145,-55.24,0.0,750.0,7.4
2024-07-08,14,1146,LTGES0755a,400,943,944.62,0.0,2457.78,38.4
2024-07-08,14,1812,LTGES1189b,154,162,-2.57,0.0,8937.38,0.0
2024-07-08,14,1090,LTGES0719,926,498,158.96,0.0,1228.89,12.9
2024-07-08,14,606,LTGES0421b,353,829,3.18,0.0,2457.78,0.1
2024-07-08,14,943,LTGES0632b,1099,469,-4.2,0.0,2457.78,0.2
2024-07-08,14,1370,LTGES0900a,990,777,652.64,0.0,8937.38,7.3
2024-07-08,14,1703,LTGES1122a,626,1,-4.91,0.0,2457.78,0.2
2024-07-08,14,1744,LTGES1148b,318,800,-41.45,0.0,2457.78,1.7
2024-07-08,14,231,LTGES0165b,203,53,208.14,0.0,8937.38,2.3
2024-07-08,14,1565,LTGES1030b,7,183,189.93,0.0,8937.38,2.1
2024-07-08,14,1034,LTGES0683,56,197,236.81,0.0,1228.89,19.3
2024-07-08,14,1641,LTGES1082,431,201,-277.27,0.0,1228.89,22.6
2024-07-08,14,1065,LTGES0704,1116,496,-41.73,0.0,1228.89,3.4
2024-07-08,14,1021,LTGES0675b,910,486,54.11,0.0,8937.38,0.6
2024-07-08,14,384,LTGES0261a,277,772,-2240.09,0.0,8937.38,25.1
2024-07-08,14,1582,LTGES1041,1042,604,-31.03,0.0,1228.89,2.5
2024-07-08,14,1374,LTGES0903,740,62,-505.25,0.0,4468.69,11.3
2024-07-08,14,1141,LTGES0752b,516,943,-3.98,0.0,2457.78,0.2
2024-07-08,14,1839,LTGES1208b,637,1130,21.66,0.0,4915.56,0.4
2024-07-08,14,173,LTGES0127b,899,1043,483.74,0.0,2457.78,19.7
2024-07-08,14,1418,LTGES0933,305,304,129.44,0.0,1228.89,10.5
2024-07-08,14,2221,TR_07f999e0,175,176,-15.03,0.0,1200.0,1.3
2024-07-08,14,233,LTGES0166b,205,203,1063.85,0.0,8937.38,11.9
2024-07-08,14,1993,LTGES1313,924,767,16.22,0.0,1228.89,1.3
2024-07-08,14,798,LTGES0548b,439,442,54.91,0.0,2457.78,2.2
2024-07-08,14,1206,LTGES0794b,184,182,-26.97,0.0,2457.78,1.1
2024-07-08,14,2178,TR_3d4e3db8,541,542,-82.1,0.0,750.0,10.9
2024-07-08,14,1563,LTGES1029,1076,1122,-0.0,0.0,4468.69,0.0
2024-07-08,14,130,LTGES0092,41,678,-1052.18,0.0,4468.69,23.5
2024-07-08,14,1570,LTGES1033,1036,371,-6.98,0.0,1228.89,0.6
2024-07-08,14,1671,LTGES1103a,894,895,50.28,0.0,8937.38,0.6
2024-07-08,14,579,LTGES0402,901,342,-88.68,0.0,1228.89,7.2
2024-07-08,14,2151,LTGES1431,1168,61,-16.09,0.0,4468.69,0.4
2024-07-08,14,1943,LTGES1271,639,1153,0.67,0.0,1228.89,0.1
2024-07-08,14,1225,LTGES0804,133,959,25.31,0.0,1228.89,2.1
2024-07-08,14,1616,LTGES1065a,611,296,-340.2,0.0,2457.78,13.8
2024-07-08,14,2007,LTGES1324,1191,640,8.38,0.0,1228.89,0.7
2024-07-08,14,901,LTGES0608,465,1123,6.92,0.0,1228.89,0.6
2024-07-08,14,1073,LTGES0709b,926,500,-152.55,0.0,2457.78,6.2
2024-07-08,14,720,LTGES0496,409,410,76.68,0.0,1228.89,6.2
2024-07-08,14,108,LTGES0075,687,720,942.33,0.0,4468.69,21.1
2024-07-08,14,1658,LTGES1094a,476,35,254.61,0.0,8937.38,2.8
2024-07-08,14,100,LTGES0068,102,103,-77.57,0.0,1228.89,6.3
2024-07-08,14,2132,LTGES1416,482,562,-752.32,0.0,1228.89,61.2
2024-07-08,14,597,LTGES0413,347,348,-477.43,0.0,4468.69,10.7
2024-07-08,14,1630,LTGES1074,206,213,363.67,0.0,1228.89,29.6
2024-07-08,14,1233,LTGES0810a,961,530,225.3,0.0,2457.78,9.2
2024-07-08,14,46,LTGES0029a,51,52,34.44,0.0,2457.78,1.4
2024-07-08,14,532,LTGES0370b,330,812,1.09,0.0,2457.78,0.0
2024-07-08,14,444,LTGES0305b,307,706,-61.51,0.0,2457.78,2.5
2024-07-08,14,735,LTGES0506b,29,33,-805.88,0.0,8937.38,9.0
2024-07-08,14,1953,LTGES1279,1218,63,-0.88,0.0,1228.89,0.1
2024-07-08,14,151,LTGES0112b,143,145,496.11,0.0,8937.38,5.6
2024-07-08,14,147,LTGES0110,41,218,812.88,0.0,4468.69,18.2
2024-07-08,14,1900,LTGES1245b,503,175,-94.96,0.0,2457.78,3.9
2024-07-08,14,1653,LTGES1089b,243,67,-2154.25,0.0,8937.38,24.1
2024-07-08,14,736,LTGES0507a,28,32,71.49,0.0,2457.78,2.9
2024-07-08,14,454,LTGES0312b,542,110,-1155.9,0.0,8937.38,12.9
2024-07-08,14,342,LTGES0236b,257,757,43.01,0.0,845.93,5.1
2024-07-08,14,180,LTGES0132,718,716,357.4,0.0,1228.89,29.1
2024-07-08,14,135,LTGES0096,720,41,937.15,0.0,4468.69,21.0
2024-07-08,14,1823,LTGES1199b,1120,1116,-10.22,0.0,2457.78,0.4
2024-07-08,14,1228,LTGES0806a,133,960,5.5,0.0,2457.78,0.2
2024-07-08,14,48,LTGES0030,54,56,-320.0,0.0,1228.89,26.0
2024-07-08,14,592,LTGES0410a,348,351,-1238.2,0.0,8937.38,13.9
2024-07-08,14,408,LTGES0280,284,286,223.82,0.0,1228.89,18.2
2024-07-08,14,1661,LTGES1096a,341,1160,11.26,0.0,2457.78,0.5
2024-07-08,14,262,LTGES0189,739,220,-15.97,0.0,1228.89,1.3
2024-07-08,14,1331,LTGES0876b,42,26,51.46,0.0,2457.78,2.1
2024-07-08,14,1495,LTGES0983,585,97,-3.85,0.0,1228.89,0.3
2024-07-08,14,1035,LTGES0684a,911,142,-167.15,0.0,2457.78,6.8
2024-07-08,14,32,LTGES0020a,33,29,790.26,0.0,8937.38,8.8
2024-07-08,14,405,LTGES0278a,775,289,-32.6,0.0,2457.78,1.3
2024-07-08,14,334,LTGES0232b,253,113,35.78,0.0,845.93,4.2
2024-07-08,14,1779,LTGES1171b,593,591,103.75,0.0,2457.78,4.2
2024-07-08,14,2,LTGES0001b,1,2,-109.05,0.0,2457.78,4.4
2024-07-08,14,1181,LTGES0775a,225,47,59.86,0.0,2457.78,2.4
2024-07-08,14,183,LTGES0134,165,157,-468.88,0.0,1228.89,38.2
2024-07-08,14,1122,LTGES0741b,511,937,-128.7,0.0,2457.78,5.2
2024-07-08,14,2195,TR_82ae89fc,553,554,-263.19,0.0,1200.0,21.9
2024-07-08,14,1399,LTGES0918c,997,976,-26.99,0.0,3686.67,0.7
2024-07-08,14,2063,LTGES1363a,71,429,-659.53,0.0,8937.38,7.4
2024-07-08,14,51,LTGES0033a,62,55,-1151.82,0.0,8937.38,12.9
2024-07-08,14,752,LTGES0519b,856,1138,7.35,0.0,2457.78,0.3
2024-07-08,14,849,LTGES0575b,211,881,1.55,0.0,8937.38,0.0
2024-07-08,14,1957,LTGES1282,1189,17,-14.42,0.0,4468.69,0.3
2024-07-08,14,2225,TR_5c931ebf,762,763,-45.76,0.0,500.0,9.2
2024-07-08,14,1515,LTGES0996,589,590,80.06,0.0,1228.89,6.5
2024-07-08,14,2035,LTGES1341,640,1134,-7.08,0.0,1228.89,0.6
2024-07-08,14,141,LTGES0105,137,86,-174.53,0.0,1228.89,14.2
2024-07-08,14,1525,LTGES1005a,212,592,157.34,0.0,2457.78,6.4
2024-07-08,14,1781,LTGES1173a,1108,1107,135.34,0.0,3574.95,3.8
2024-07-08,14,340,LTGES0235b,258,758,234.94,0.0,2457.78,9.6
2024-07-08,14,278,LTGES0203,721,154,-189.4,0.0,4468.69,4.2
2024-07-08,14,1297,LTGES0854b,209,3,170.51,0.0,2457.78,6.9
2024-07-08,14,1796,LTGES1181c,91,698,267.89,0.0,3686.67,7.3
2024-07-08,14,2119,LTGES1407,651,672,-159.09,0.0,1228.89,12.9
2024-07-08,14,1381,LTGES0907b,971,538,14.36,0.0,2457.78,0.6
2024-07-08,14,1749,LTGES1151,197,916,269.06,0.0,1228.89,21.9
2024-07-08,14,1871,LTGES1228a,184,627,-22.48,0.0,2457.78,0.9
2024-07-08,14,1549,LTGES1018b,51,601,15.01,0.0,2457.78,0.6
2024-07-08,14,1064,LTGES0703b,497,7,-325.55,0.0,8937.38,3.6
2024-07-08,14,747,LTGES0515,408,421,-551.69,0.0,1228.89,44.9
2024-07-08,14,1248,LTGES0820b,533,534,-262.57,0.0,2457.78,10.7
2024-07-08,14,1346,LTGES0888b,104,998,194.87,0.0,8937.38,2.2
2024-07-08,14,2241,TR_b47b078a,628,629,-164.28,0.0,500.0,32.9
2024-07-08,14,218,LTGES0155,191,193,-824.16,0.0,4468.69,18.4
2024-07-08,14,612,LTGES0426,356,239,2173.94,0.0,4468.69,48.6
2024-07-08,14,631,LTGES0437b,238,363,1.34,0.0,8937.38,0.0
2024-07-08,14,2335,TR_5b9e4f80,372,373,-1217.32,0.0,2362.5,51.5
2024-07-08,14,877,LTGES0594a,461,885,3.97,0.0,2457.78,0.2
2024-07-08,14,1742,LTGES1147,1096,230,-131.48,0.0,1228.89,10.7
2024-07-08,14,832,LTGES0565a,870,875,-309.6,0.0,8937.38,3.5
2024-07-08,14,836,LTGES0567,267,759,214.71,0.0,4468.69,4.8
2024-07-08,14,1372,LTGES0901,62,776,-290.54,0.0,4468.69,6.5
2024-07-08,14,237,LTGES0168b,206,202,-260.41,0.0,2457.78,10.6
2024-07-08,14,2308,TR_7cb91515,253,254,-46.14,0.0,500.0,9.2
2024-07-08,14,2171,LTGES1447,1081,1018,-124.08,0.0,1228.89,10.1
2024-07-08,14,713,LTGES0490a,845,405,195.99,0.0,2457.78,8.0
2024-07-08,14,419,LTGES0288a,298,948,36.21,0.0,2457.78,1.5
2024-07-08,14,1051,LTGES0694b,1063,489,-14.95,0.0,2457.78,0.6
2024-07-08,14,1650,LTGES1088a,155,157,-44.97,0.0,2457.78,1.8
2024-07-08,14,1348,LTGES0889b,103,997,-50.71,0.0,2457.78,2.1
2024-07-08,14,1899,LTGES1245a,503,175,-94.96,0.0,2457.78,3.9
2024-07-08,14,1932,LTGES1265b,444,866,13.35,0.0,2457.78,0.5
2024-07-08,14,1336,LTGES0881,229,988,111.17,0.0,1228.89,9.0
2024-07-08,14,1937,LTGES1268a,415,1066,0.35,0.0,845.93,0.0
2024-07-08,14,718,LTGES0494,331,329,516.9,0.0,1228.89,42.1
2024-07-08,14,1965,LTGES1290,1167,1166,103.32,0.0,1228.89,8.4
2024-07-08,14,37,LTGES0023,41,43,1272.11,0.0,4468.69,28.5
2024-07-08,14,2031,LTGES1338b,1072,612,9.06,0.0,2457.78,0.4
2024-07-08,14,1530,LTGES1008a,432,594,81.71,0.0,2457.78,3.3
2024-07-08,14,1752,LTGES1153,899,469,461.56,0.0,1228.89,37.6
2024-07-08,14,1559,LTGES1026,597,30,176.17,0.0,1228.89,14.3
2024-07-08,14,685,LTGES0470b,837,393,53.32,0.0,2457.78,2.2
2024-07-08,14,1235,LTGES0811a,961,962,107.32,0.0,2457.78,4.4
2024-07-08,14,1249,LTGES0821,967,189,93.23,0.0,1228.89,7.6
2024-07-08,14,2191,TR_031c515e,405,406,579.94,0.0,1200.0,48.3
2024-07-08,14,755,LTGES0522a,423,26,-16.58,0.0,2457.78,0.7
2024-07-08,14,958,LTGES0641b,902,474,373.23,0.0,2457.78,15.2
2024-07-08,14,2168,LTGES1445b,283,676,-281.76,0.0,2457.78,11.5
2024-07-08,14,1712,LTGES1127b,713,139,8.8,0.0,2457.78,0.4
2024-07-08,14,1982,LTGES1304a,1175,1174,-47.66,0.0,2457.78,1.9
2024-07-08,14,1202,LTGES0792b,390,359,-147.72,0.0,8937.38,1.7
2024-07-08,14,1174,LTGES0771b,225,518,154.05,0.0,2457.78,6.3
2024-07-08,14,1368,LTGES0898b,70,565,41.2,0.0,2457.78,1.7
2024-07-08,14,1497,LTGES0985,1006,217,-22.06,0.0,1228.89,1.8
2024-07-08,14,2067,LTGES1367,668,669,-17.4,0.0,1228.89,1.4
2024-07-08,14,919,LTGES0619a,896,894,-612.08,0.0,8937.38,6.8
2024-07-08,14,1384,LTGES0910,722,781,104.62,0.0,1228.89,8.5
2024-07-08,14,1649,LTGES1087b,58,705,1241.08,0.0,8937.38,13.9
2024-07-08,14,2133,LTGES1417,1085,1231,-11.23,0.0,1228.89,0.9
2024-07-08,14,600,LTGES0416,349,345,384.78,0.0,4468.69,8.6
2024-07-08,14,787,LTGES0543a,865,436,-295.12,0.0,2457.78,12.0
2024-07-08,14,2149,LTGES1429,1228,407,399.86,0.0,1228.89,32.5
2024-07-08,14,672,LTGES0463b,375,380,183.98,0.0,2457.78,7.5
2024-07-08,14,1467,LTGES0961b,427,1015,144.13,0.0,2457.78,5.9
2024-07-08,14,1080,LTGES0713b,192,1132,97.87,0.0,2457.78,4.0
2024-07-08,14,272,LTGES0198,224,229,142.67,0.0,1228.89,11.6
2024-07-08,14,1534,LTGES1010,1032,1031,0.48,0.0,1228.89,0.0
2024-07-08,14,1142,LTGES0753a,943,1038,938.74,0.0,2457.78,38.2
2024-07-08,14,1076,LTGES0711,501,1073,8.85,0.0,1228.89,0.7
2024-07-08,14,1535,LTGES1011a,597,599,-7.41,0.0,2457.78,0.3
2024-07-08,14,2098,LTGES1390,411,661,1.56,0.0,1228.89,0.1
2024-07-08,14,1584,LTGES1042b,359,605,-34.64,0.0,8937.38,0.4
2024-07-08,14,1127,LTGES0744a,508,512,62.88,0.0,2457.78,2.6
2024-07-08,14,7,LTGES0004a,7,9,-381.77,0.0,8937.38,4.3
2024-07-08,14,1635,LTGES1078a,217,587,-37.42,0.0,2457.78,1.5
2024-07-08,14,1821,LTGES1198,362,633,916.2,0.0,4468.69,20.5
2024-07-08,14,1168,LTGES0768b,432,420,176.99,0.0,2457.78,7.2
2024-07-08,14,795,LTGES0547a,438,440,-20.48,0.0,845.93,2.4
2024-07-08,14,2111,LTGES1400a,708,132,-2.06,0.0,2457.78,0.1
2024-07-08,14,194,LTGES0141a,130,89,-1151.73,0.0,8937.38,12.9
2024-07-08,14,1844,LTGES1210a,1131,1129,-85.39,0.0,8937.38,1.0
2024-07-08,14,1727,LTGES1137a,714,162,239.32,0.0,8937.38,2.7
2024-07-08,14,140,LTGES0101b,66,136,122.06,0.0,8937.38,1.4
2024-07-08,14,2222,TR_dd8f0a25,764,765,-45.42,0.0,500.0,9.1
2024-07-08,14,2144,LTGES1425,748,231,65.34,0.0,1228.89,5.3
2024-07-08,14,854,LTGES0578,210,451,-108.01,0.0,1228.89,8.8
2024-07-08,14,1256,LTGES0826,537,313,-20.74,0.0,1228.89,1.7
2024-07-08,14,2254,TR_53ce20b7,566,567,-67.92,0.0,500.0,13.6
2024-07-08,14,2069,LTGES1369,1210,668,-8.58,0.0,1228.89,0.7
2024-07-08,14,936,LTGES0629a,681,19,345.01,0.0,8937.38,3.9
2024-07-08,14,212,LTGES0152a,177,182,-111.17,0.0,2457.78,4.5
2024-07-08,14,2253,TR_84534c7d,142,143,-62.99,0.0,750.0,8.4
2024-07-08,14,908,LTGES0612b,300,298,-50.17,0.0,2457.78,2.0
2024-07-08,14,1428,LTGES0939a,97,1009,-40.58,0.0,2457.78,1.7
2024-07-08,14,369,LTGES0253b,271,273,128.04,0.0,17874.76,0.7
2024-07-08,14,1950,LTGES1277,1155,532,246.61,0.0,1228.89,20.1
2024-07-08,14,211,LTGES0151b,183,187,-40.46,0.0,8937.38,0.5
2024-07-08,14,1312,LTGES0863,454,985,1.29,0.0,1228.89,0.1
2024-07-08,14,1763,LTGES1159a,513,941,2.21,0.0,2457.78,0.1
2024-07-08,14,1756,LTGES1155b,1056,485,-82.44,0.0,3686.67,2.2
2024-07-08,14,678,LTGES0467a,838,837,-207.31,0.0,2457.78,8.4
2024-07-08,14,1508,LTGES0991b,1022,588,-30.97,0.0,2457.78,1.3
2024-07-08,14,2280,TR_d4b90a0d,415,416,-0.69,0.0,500.0,0.1
2024-07-08,14,2089,LTGES1384,155,165,248.93,0.0,1228.89,20.3
2024-07-08,14,118,LTGES0083a,116,119,24.01,0.0,2457.78,1.0
2024-07-08,14,2055,LTGES1359a,109,172,-154.06,0.0,2457.78,6.3
2024-07-08,14,2281,TR_3a800caf,1066,1067,0.69,0.0,500.0,0.1
2024-07-08,14,283,LTGES0206a,750,231,-29.45,0.0,2457.78,1.2
2024-07-08,14,513,LTGES0356b,127,801,202.65,0.0,2457.78,8.2
2024-07-08,14,1124,LTGES0742b,828,344,-113.92,0.0,2457.78,4.6
2024-07-08,14,1022,LTGES0676a,903,143,-621.59,0.0,8937.38,7.0
2024-07-08,14,1851,LTGES1214b,946,990,673.07,0.0,8937.38,7.5
2024-07-08,14,2076,LTGES1374,422,96,-36.83,0.0,1228.89,3.0
2024-07-08,14,813,LTGES0555b,445,446,-111.33,0.0,2457.78,4.5
2024-07-08,14,1912,LTGES1252,207,209,427.25,0.0,1228.89,34.8
2024-07-08,14,425,LTGES0291b,301,300,254.74,0.0,2457.78,10.4
2024-07-08,14,1547,LTGES1017b,594,601,16.77,0.0,2457.78,0.7
2024-07-08,14,900,LTGES0607b,279,947,25.53,0.0,845.93,3.0
2024-07-08,14,1977,LTGES1300,928,498,-157.38,0.0,1228.89,12.8
2024-07-08,14,546,LTGES0379,332,818,-306.43,0.0,1228.89,24.9
2024-07-08,14,686,LTGES0471a,36,1236,-1088.08,0.0,8937.38,12.2
2024-07-08,14,301,LTGES0217a,239,753,394.87,0.0,8937.38,4.4
2024-07-08,14,1153,LTGES0760a,127,242,-208.94,0.0,2457.78,8.5
2024-07-08,14,784,LTGES0541b,433,208,307.53,0.0,8937.38,3.4
2024-07-08,14,18,LTGES0011b,18,1065,9.36,0.0,2457.78,0.4
2024-07-08,14,806,LTGES0552b,444,867,-12.83,0.0,4915.56,0.3
2024-07-08,14,2304,TR_9657d8d2,251,252,-44.64,0.0,500.0,8.9
2024-07-08,14,517,LTGES0360a,322,127,241.01,0.0,2457.78,9.8
2024-07-08,14,78,LTGES0053a,906,905,22.71,0.0,8937.38,0.3
2024-07-08,14,796,LTGES0547b,438,440,-20.48,0.0,845.93,2.4
2024-07-08,14,2079,LTGES1377,665,634,29.5,0.0,1228.89,2.4
2024-07-08,14,1861,LTGES1222a,156,643,-2258.8,0.0,8937.38,25.3
2024-07-08,14,1177,LTGES0773a,520,175,78.17,0.0,2457.78,3.2
2024-07-08,14,382,LTGES0260a,275,276,-337.76,0.0,2457.78,13.7
2024-07-08,14,74,LTGES0049,80,82,-1883.38,0.0,4468.69,42.1
2024-07-08,14,1419,LTGES0934a,786,123,-72.28,0.0,4915.56,1.5
2024-07-08,14,1056,LTGES0698,921,351,-0.96,0.0,4468.69,0.0
2024-07-08,14,1513,LTGES0995a,589,1025,-94.82,0.0,2457.78,3.9
2024-07-08,14,1946,LTGES1273,653,355,309.26,0.0,1228.89,25.2
2024-07-08,14,1539,LTGES1013,1062,20,-282.94,0.0,1228.89,23.0
2024-07-08,14,33,LTGES0020b,33,29,790.26,0.0,8937.38,8.8
2024-07-08,14,52,LTGES0033b,62,55,-1151.82,0.0,8937.38,12.9
2024-07-08,14,2022,LTGES1332c,501,924,2.29,0.0,3686.67,0.1
2024-07-08,14,1363,LTGES0896b,561,563,0.16,0.0,1691.87,0.0
2024-07-08,14,1031,LTGES0681b,89,915,-959.88,0.0,13406.07,7.2
2024-07-08,14,121,LTGES0085a,116,117,153.49,0.0,2457.78,6.2
2024-07-08,14,1690,LTGES1116a,1087,1088,480.49,0.0,2457.78,19.5
2024-07-08,14,395,LTGES0269a,282,283,-276.66,0.0,2457.78,11.3
2024-07-08,14,1069,LTGES0707b,499,176,5.0,0.0,8937.38,0.1
2024-07-08,14,1059,LTGES0701a,455,497,-277.55,0.0,8937.38,3.1
2024-07-08,14,2106,LTGES1394,63,1217,5.67,0.0,1228.89,0.5
2024-07-08,14,1669,LTGES1101b,493,491,-103.68,0.0,2457.78,4.2
2024-07-08,14,918,LTGES0618b,892,465,-39.01,0.0,2457.78,1.6
2024-07-08,14,509,LTGES0353,801,802,249.44,0.0,1228.89,20.3
2024-07-08,14,1655,LTGES1091,617,615,3.18,0.0,1228.89,0.3
2024-07-08,14,961,LTGES0643b,474,1079,332.88,0.0,2457.78,13.5
2024-07-08,14,1924,LTGES1260b,541,544,100.81,0.0,2457.78,4.1
2024-07-08,14,1383,LTGES0909,543,541,75.09,0.0,1228.89,6.1
2024-07-08,14,1625,LTGES1071b,2,20,-155.81,0.0,2457.78,6.3
2024-07-08,14,1498,LTGES0986a,97,572,120.46,0.0,2457.78,4.9
2024-07-08,14,1835,LTGES1207b,638,1131,-6.17,0.0,17874.76,0.0
2024-07-08,14,1155,LTGES0761a,127,242,-201.73,0.0,2457.78,8.2
2024-07-08,14,58,LTGES0039,686,39,882.94,0.0,4468.69,19.8
2024-07-08,14,1105,LTGES0730a,365,508,71.33,0.0,2457.78,2.9
2024-07-08,14,166,LTGES0123,160,989,9.79,0.0,4468.69,0.2
2024-07-08,14,1667,LTGES1100,619,1107,-127.28,0.0,3574.95,3.6
2024-07-08,14,640,LTGES0444a,367,205,-389.83,0.0,8937.38,4.4
2024-07-08,14,2147,LTGES1427,1173,491,9.5,0.0,1228.89,0.8
2024-07-08,14,2072,LTGES1372a,658,88,-4.02,0.0,2457.78,0.2
2024-07-08,14,1554,LTGES1021b,488,918,-995.2,0.0,2457.78,40.5
2024-07-08,14,280,LTGES0204b,5,230,204.94,0.0,2457.78,8.3
2024-07-08,14,313,LTGES0222c,244,120,-13.21,0.0,1268.9,1.0
2024-07-08,14,2112,LTGES1400b,708,132,-2.06,0.0,2457.78,0.1
2024-07-08,14,1404,LTGES0923a,999,550,-10.17,0.0,2457.78,0.4
2024-07-08,14,645,LTGES0446b,368,370,1.67,0.0,845.93,0.2
2024-07-08,14,759,LTGES0524b,857,424,-4.99,0.0,2457.78,0.2
2024-07-08,14,1453,LTGES0954b,428,579,-24.64,0.0,8937.38,0.3
2024-07-08,14,937,LTGES0629b,681,19,345.01,0.0,8937.38,3.9
2024-07-08,14,1676,LTGES1106,583,1081,77.92,0.0,1228.89,6.3
2024-07-08,14,909,LTGES0613a,299,297,-52.82,0.0,845.93,6.2
2024-07-08,14,1719,LTGES1131b,492,1071,-127.59,0.0,2457.78,5.2
2024-07-08,14,1057,LTGES0699,351,494,-2354.64,0.0,4468.69,52.7
2024-07-08,14,1486,LTGES0976,1017,583,135.66,0.0,1228.89,11.0
2024-07-08,14,1204,LTGES0793b,185,183,61.66,0.0,8937.38,0.7
2024-07-08,14,1909,LTGES1250b,447,1148,-89.53,0.0,8937.38,1.0
2024-07-08,14,99,LTGES0067b,100,101,-81.87,0.0,2457.78,3.3
2024-07-08,14,1964,LTGES1289,93,305,285.54,0.0,1228.89,23.2
2024-07-08,14,2236,TR_05391fc2,18,19,-84.75,0.0,1875.0,4.5
2024-07-08,14,1632,LTGES1075b,230,48,129.59,0.0,2457.78,5.3
2024-07-08,14,437,LTGES0301a,699,306,-349.11,0.0,2457.78,14.2
2024-07-08,14,1902,LTGES1247a,871,870,-3.84,0.0,8937.38,0.0
2024-07-08,14,285,LTGES0207,748,233,-26.84,0.0,1228.89,2.2
2024-07-08,14,2223,TR_2d6a60de,498,499,9.99,0.0,750.0,1.3
2024-07-08,14,433,LTGES0298a,783,786,103.51,0.0,2457.78,4.2
2024-07-08,14,406,LTGES0278b,775,289,-32.6,0.0,2457.78,1.3
2024-07-08,14,1583,LTGES1042a,359,605,-34.64,0.0,8937.38,0.4
2024-07-08,14,955,LTGES0640a,426,339,-38.52,0.0,2457.78,1.6
2024-07-08,14,647,LTGES0447b,369,833,109.69,0.0,2457.78,4.5
2024-07-08,14,921,LTGES0620a,894,468,-710.33,0.0,8937.38,7.9
2024-07-08,14,1100,LTGES0726,506,930,1274.63,0.0,4468.69,28.5
2024-07-08,14,1310,LTGES0862a,443,372,-161.04,0.0,2457.78,6.6
2024-07-08,14,84,LTGES0057,91,755,388.91,0.0,1228.89,31.6
2024-07-08,14,325,LTGES0228a,252,755,-169.49,0.0,2457.78,6.9
2024-07-08,14,1411,LTGES0928,551,571,-263.64,0.0,1228.89,21.5
2024-07-08,14,104,LTGES0071,107,59,-80.7,0.0,1228.89,6.6
2024-07-08,14,410,LTGES0282,779,778,157.91,0.0,4468.69,3.5
2024-07-08,14,185,LTGES0136a,150,168,330.64,0.0,8937.38,3.7
2024-07-08,14,1901,LTGES1246,1057,923,-332.75,0.0,1228.89,27.1
2024-07-08,14,267,LTGES0194,54,228,296.5,0.0,1228.89,24.1
2024-07-08,14,1136,LTGES0749,513,514,237.6,0.0,1228.89,19.3
2024-07-08,14,2180,TR_e96aa377,57,58,2156.92,0.0,6000.0,35.9
2024-07-08,14,1245,LTGES0818,534,966,-427.49,0.0,1228.89,34.8
2024-07-08,14,626,LTGES0435a,241,832,-259.83,0.0,8937.38,2.9
2024-07-08,14,349,LTGES0240a,260,263,20.39,0.0,4915.56,0.4
2024-07-08,14,191,LTGES0139b,173,130,-1144.68,0.0,8937.38,12.8
2024-07-08,14,807,LTGES0552c,444,867,-12.83,0.0,4915.56,0.3
2024-07-08,14,1175,LTGES0772a,519,520,5.19,0.0,2457.78,0.2
2024-07-08,14,1104,LTGES0729,937,240,-9.2,0.0,1228.89,0.7
2024-07-08,14,304,LTGES0218b,238,241,1080.82,0.0,8937.38,12.1
2024-07-08,14,1276,LTGES0839,539,546,393.76,0.0,4468.69,8.8
2024-07-08,14,1983,LTGES1304b,1175,1174,-47.66,0.0,2457.78,1.9
2024-07-08,14,2216,TR_11762966,60,61,20.57,0.0,500.0,4.1
2024-07-08,14,1979,LTGES1302,709,1173,-38.2,0.0,1228.89,3.1
2024-07-08,14,2245,TR_98b6cb57,484,485,-69.28,0.0,1200.0,5.8
2024-07-08,14,1723,LTGES1134,706,137,-417.79,0.0,1228.89,34.0
2024-07-08,14,1843,LTGES1209b,395,1130,-148.32,0.0,2457.78,6.0
2024-07-08,14,1222,LTGES0802b,726,183,-26.74,0.0,8937.38,0.3
2024-07-08,14,1760,LTGES1157a,598,484,-9.49,0.0,845.93,1.1
2024-07-08,14,1998,LTGES1318,597,1213,1.6,0.0,1228.89,0.1
2024-07-08,14,1905,LTGES1248b,871,870,-3.84,0.0,8937.38,0.0
2024-07-08,14,2014,LTGES1327d,142,679,32.07,0.0,4915.56,0.7
2024-07-08,14,1533,LTGES1009b,595,1030,-83.3,0.0,8937.38,0.9
2024-07-08,14,580,LTGES0403,337,343,45.6,0.0,1228.89,3.7
2024-07-08,14,420,LTGES0288b,298,948,36.21,0.0,2457.78,1.5
2024-07-08,14,727,LTGES0501a,847,413,-0.92,0.0,2457.78,0.0
2024-07-08,14,1920,LTGES1258a,228,307,0.52,0.0,2457.78,0.0
2024-07-08,14,1798,LTGES1182b,90,697,17.56,0.0,1268.9,1.4
2024-07-08,14,856,LTGES0580,453,454,295.29,0.0,1228.89,24.0
2024-07-08,14,1951,LTGES1278a,222,1156,1.31,0.0,2457.78,0.1
2024-07-08,14,1333,LTGES0878,737,221,-722.47,0.0,4468.69,16.2
2024-07-08,14,1496,LTGES0984,584,1006,-133.32,0.0,1228.89,10.8
2024-07-08,14,838,LTGES0568b,80,449,3.82,0.0,8937.38,0.0
2024-07-08,14,1095,LTGES0723,930,931,2865.3,0.0,4468.69,64.1
2024-07-08,14,977,LTGES0653a,677,142,-19.8,0.0,3686.67,0.5
2024-07-08,14,1094,LTGES0722,507,506,1988.82,0.0,4468.69,44.5
2024-07-08,14,809,LTGES0553,379,863,180.86,0.0,1228.89,14.7
2024-07-08,14,16,LTGES0010b,19,21,-1747.72,0.0,8937.38,19.6
2024-07-08,14,1171,LTGES0770a,420,517,145.46,0.0,2457.78,5.9
2024-07-08,14,40,LTGES0026a,47,48,106.65,0.0,2457.78,4.3
2024-07-08,14,1693,LTGES1117b,24,1087,499.68,0.0,2457.78,20.3
2024-07-08,14,2173,LTGES1449,631,564,-533.85,0.0,1228.89,43.4
2024-07-08,14,1802,LTGES1183c,90,697,17.56,0.0,1268.9,1.4
2024-07-08,14,1066,LTGES0705,176,455,66.76,0.0,4468.69,1.5
2024-07-08,14,1280,LTGES0843a,979,547,17.74,0.0,8937.38,0.2
2024-07-08,14,1557,LTGES1024,27,26,-404.31,0.0,1228.89,32.9
2024-07-08,14,1954,LTGES1280,656,1198,18.77,0.0,4468.69,0.4
2024-07-08,14,810,LTGES0554a,867,379,-31.05,0.0,2457.78,1.3
2024-07-08,14,1828,LTGES1203b,539,635,212.36,0.0,8937.38,2.4
2024-07-08,14,1125,LTGES0743a,364,505,-278.37,0.0,2457.78,11.3
2024-07-08,14,1194,LTGES0783,451,986,-550.6,0.0,1228.89,44.8
2024-07-08,14,1746,LTGES1149b,526,987,102.53,0.0,2457.78,4.2
2024-07-08,14,571,LTGES0395a,340,826,-122.38,0.0,2457.78,5.0
2024-07-08,14,2117,LTGES1405,1227,667,252.13,0.0,1228.89,20.5
2024-07-08,14,138,LTGES0100,134,66,354.64,0.0,4468.69,7.9
2024-07-08,14,128,LTGES0090,704,128,-948.85,0.0,4468.69,21.2
2024-07-08,14,1538,LTGES1012b,596,598,-23.49,0.0,845.93,2.8
2024-07-08,14,1020,LTGES0675a,910,486,54.11,0.0,8937.38,0.6
2024-07-08,14,1813,LTGES1190,27,1117,31.17,0.0,1228.89,2.5
2024-07-08,14,670,LTGES0462b,389,390,-197.66,0.0,8937.38,2.2
2024-07-08,14,1475,LTGES0968b,582,1016,19.09,0.0,2457.78,0.8
2024-07-08,14,915,LTGES0616b,456,883,-25.84,0.0,8937.38,0.3
2024-07-08,14,1298,LTGES0855a,521,950,-10.06,0.0,2457.78,0.4
2024-07-08,14,1114,LTGES0736a,936,935,26.49,0.0,2457.78,1.1
2024-07-08,14,371,LTGES0253d,271,273,128.04,0.0,17874.76,0.7
2024-07-08,14,2030,LTGES1338a,1072,612,9.06,0.0,2457.78,0.4
2024-07-08,14,41,LTGES0026b,47,48,106.65,0.0,2457.78,4.3
2024-07-08,14,1695,LTGES1118b,1088,562,465.81,0.0,2457.78,19.0
2024-07-08,14,1236,LTGES0811b,961,962,107.32,0.0,2457.78,4.4
2024-07-08,14,1284,LTGES0845,549,554,800.29,0.0,4468.69,17.9
2024-07-08,14,475,LTGES0328b,763,765,-37.02,0.0,8937.38,0.4
2024-07-08,14,705,LTGES0483a,69,17,-456.15,0.0,8937.38,5.1
2024-07-08,14,447,LTGES0308,196,83,199.78,0.0,1228.89,16.3
2024-07-08,14,362,LTGES0247b,160,777,-651.9,0.0,8937.38,7.3
2024-07-08,14,593,LTGES0410b,348,351,-1238.2,0.0,8937.38,13.9
2024-07-08,14,619,LTGES0430b,361,359,145.53,0.0,8937.38,1.6
2024-07-08,14,505,LTGES0351a,128,321,978.59,0.0,8937.38,10.9
2024-07-08,14,65,LTGES0043,73,692,-250.92,0.0,1228.89,20.4
2024-07-08,14,591,LTGES0409b,271,350,1405.26,0.0,8937.38,15.7
2024-07-08,14,543,LTGES0377b,819,333,313.29,0.0,2457.78,12.7
2024-07-08,14,1062,LTGES0702b,455,394,270.85,0.0,8937.38,3.0
2024-07-08,14,326,LTGES0228b,252,755,-169.49,0.0,2457.78,6.9
2024-07-08,14,2284,TR_6cc3bf96,133,134,-186.03,0.0,500.0,37.2
2024-07-08,14,2042,LTGES1346b,1195,1196,10.2,0.0,2457.78,0.4
2024-07-08,14,2092,LTGES1386a,622,414,-43.08,0.0,2457.78,1.8
2024-07-08,14,1792,LTGES1180a,255,257,44.89,0.0,845.93,5.3
2024-07-08,14,1527,LTGES1006a,592,301,170.79,0.0,2457.78,6.9
2024-07-08,14,714,LTGES0490b,845,405,195.99,0.0,2457.78,8.0
2024-07-08,14,1244,LTGES0817b,964,533,-250.64,0.0,2457.78,10.2
2024-07-08,14,467,LTGES0323a,782,786,-247.92,0.0,2457.78,10.1
2024-07-08,14,1308,LTGES0861a,984,556,-26.43,0.0,2457.78,1.1
2024-07-08,14,289,LTGES0209b,748,234,-55.78,0.0,2457.78,2.3
2024-07-08,14,2185,TR_26503a3b,161,162,-36.97,0.0,750.0,4.9
2024-07-08,14,250,LTGES0179,216,202,-505.52,0.0,1228.89,41.1
2024-07-08,14,926,LTGES0622b,467,385,-143.33,0.0,2457.78,5.8
2024-07-08,14,2283,TR_3ecfe90f,149,150,-183.31,0.0,500.0,36.7
2024-07-08,14,1928,LTGES1263,651,329,-435.12,0.0,1228.89,35.4
2024-07-08,14,1991,LTGES1312a,193,663,62.58,0.0,8937.38,0.7
2024-07-08,14,1464,LTGES0960a,852,581,9.25,0.0,2457.78,0.4
2024-07-08,14,359,LTGES0246a,268,760,-1206.61,0.0,8937.38,13.5
2024-07-08,14,1159,LTGES0763,949,430,-18.22,0.0,1228.89,1.5
2024-07-08,14,59,LTGES0040a,67,68,-2399.25,0.0,8937.38,26.8
2024-07-08,14,184,LTGES0135,716,166,-76.32,0.0,1228.89,6.2
2024-07-08,14,1048,LTGES0692,490,1049,-285.42,0.0,1228.89,23.2
2024-07-08,14,2338,TR_ba0a135f,3,4,-1333.77,0.0,3750.0,35.6
2024-07-08,14,415,LTGES0286a,153,159,-73.89,0.0,2457.78,3.0
2024-07-08,14,1134,LTGES0748a,756,252,-8.47,0.0,2457.78,0.3
2024-07-08,14,1558,LTGES1025,73,603,266.51,0.0,1228.89,21.7
2024-07-08,14,1855,LTGES1217,36,641,-901.85,0.0,4468.69,20.2
2024-07-08,14,1077,LTGES0712a,502,192,-27.12,0.0,2457.78,1.1
2024-07-08,14,1394,LTGES0917a,998,977,111.67,0.0,13406.07,0.8
2024-07-08,14,293,LTGES0211b,758,236,66.14,0.0,2457.78,2.7
2024-07-08,14,421,LTGES0289a,297,947,-29.84,0.0,845.93,3.5
2024-07-08,14,1243,LTGES0817a,964,533,-250.64,0.0,2457.78,10.2
2024-07-08,14,1634,LTGES1077,1109,158,-3.86,0.0,1228.89,0.3
2024-07-08,14,2214,TR_d8a27e68,974,975,-44.17,0.0,500.0,8.8
2024-07-08,14,1963,LTGES1288,1165,94,-153.21,0.0,1228.89,12.5
2024-07-08,14,2228,TR_90fa9b51,637,638,-92.37,0.0,1200.0,7.7
2024-07-08,14,2318,TR_a4b2c097,255,256,-7.55,0.0,500.0,1.5
2024-07-08,14,1309,LTGES0861b,984,556,-26.43,0.0,2457.78,1.1
2024-07-08,14,514,LTGES0357,112,56,151.16,0.0,1228.89,12.3
2024-07-08,14,1970,LTGES1295,1172,660,-6.09,0.0,1228.89,0.5
2024-07-08,14,2328,TR_f02d7b94,375,376,77.45,0.0,1200.0,6.5
2024-07-08,14,350,LTGES0240b,260,263,20.39,0.0,4915.56,0.4
2024-07-08,14,676,LTGES0466a,837,391,-228.16,0.0,2457.78,9.3
2024-07-08,14,683,LTGES0469b,838,839,209.97,0.0,2457.78,8.5
2024-07-08,14,1316,LTGES0867a,987,527,335.35,0.0,2457.78,13.6
2024-07-08,14,252,LTGES0181,217,736,242.65,0.0,1228.89,19.7
2024-07-08,14,881,LTGES0596,774,462,5.43,0.0,1228.89,0.4
2024-07-08,14,660,LTGES0457a,382,384,-28.76,0.0,2457.78,1.2
2024-07-08,14,1604,LTGES1056a,260,233,43.66,0.0,2457.78,1.8
2024-07-08,14,1555,LTGES1022,26,96,225.17,0.0,1228.89,18.3
2024-07-08,14,462,LTGES0320,787,789,25.6,0.0,1228.89,2.1
2024-07-08,14,777,LTGES0538a,373,433,815.14,0.0,8937.38,9.1
2024-07-08,14,2123,LTGES1410b,1231,22,-48.83,0.0,2457.78,2.0
2024-07-08,14,2333,TR_87714406,204,205,1621.05,0.0,7500.0,21.6
2024-07-08,14,1431,LTGES0940b,1092,531,-63.61,0.0,2457.78,2.6
2024-07-08,14,1295,LTGES0853,522,950,261.13,0.0,1228.89,21.2
2024-07-08,14,935,LTGES0628b,14,681,355.26,0.0,8937.38,4.0
2024-07-08,14,1514,LTGES0995b,589,1025,-94.82,0.0,2457.78,3.9
2024-07-08,14,1303,LTGES0858b,209,556,-85.82,0.0,2457.78,3.5
2024-07-08,14,2100,LTGES1391b,412,383,101.43,0.0,8937.38,1.1
2024-07-08,14,127,LTGES0089,79,691,642.29,0.0,4468.69,14.4
2024-07-08,14,1718,LTGES1131a,492,1071,-127.59,0.0,2457.78,5.2
2024-07-08,14,1007,LTGES0670b,14,480,2708.76,0.0,8937.38,30.3
2024-07-08,14,1827,LTGES1203a,539,635,212.36,0.0,8937.38,2.4
2024-07-08,14,944,LTGES0633,899,472,-1.0,0.0,1228.89,0.1
2024-07-08,14,884,LTGES0599a,275,463,315.92,0.0,2457.78,12.9
2024-07-08,14,823,LTGES0561a,874,202,-212.33,0.0,2457.78,8.6
2024-07-08,14,633,LTGES0439a,248,122,2143.23,0.0,8937.38,24.0
2024-07-08,14,177,LTGES0130a,165,900,-54.28,0.0,2457.78,2.2
2024-07-08,14,254,LTGES0182b,217,219,83.27,0.0,2457.78,3.4
2024-07-08,14,887,LTGES0601a,464,463,-425.98,0.0,2457.78,17.3
2024-07-08,14,1237,LTGES0812a,962,215,84.7,0.0,2457.78,3.4
2024-07-08,14,2197,TR_df0161bf,6,7,-18.55,0.0,500.0,3.7
2024-07-08,14,1266,LTGES0833a,540,780,-727.88,0.0,8937.38,8.1
2024-07-08,14,1251,LTGES0822b,8,968,71.44,0.0,2457.78,2.9
2024-07-08,14,1888,LTGES1238a,511,240,-61.91,0.0,2457.78,2.5
2024-07-08,14,790,LTGES0544b,865,864,24.99,0.0,2457.78,1.0
2024-07-08,14,693,LTGES0474b,839,397,1.59,0.0,2457.78,0.1
2024-07-08,14,242,LTGES0172,963,212,-142.61,0.0,1228.89,11.6
2024-07-08,14,746,LTGES0514,855,854,-206.5,0.0,1228.89,16.8
2024-07-08,14,996,LTGES0663b,905,50,1227.47,0.0,8937.38,13.7
2024-07-08,14,396,LTGES0269b,282,283,-276.66,0.0,2457.78,11.3
2024-07-08,14,834,LTGES0566a,870,875,-309.6,0.0,8937.38,3.5
2024-07-08,14,1355,LTGES0893,161,717,147.93,0.0,1228.89,12.0
2024-07-08,14,2033,LTGES1339b,321,1126,-22.61,0.0,8937.38,0.3
2024-07-08,14,260,LTGES0187b,224,738,5.99,0.0,2457.78,0.2
2024-07-08,14,680,LTGES0468a,392,838,4.11,0.0,2457.78,0.2
2024-07-08,14,495,LTGES0343,316,195,-95.52,0.0,1228.89,7.8
2024-07-08,14,740,LTGES0509,377,4,773.96,0.0,4468.69,17.3
2024-07-08,14,1364,LTGES0896c,561,563,0.16,0.0,1691.87,0.0
2024-07-08,14,2136,LTGES1420,426,1234,-231.49,0.0,1228.89,18.8
2024-07-08,14,35,LTGES0021b,35,36,846.83,0.0,8937.38,9.5
2024-07-08,14,1005,LTGES0669b,908,13,275.08,0.0,2457.78,11.2
2024-07-08,14,1459,LTGES0956b,993,46,-42.23,0.0,8937.38,0.5
2024-07-08,14,131,LTGES0093a,40,132,21.76,0.0,2457.78,0.9
2024-07-08,14,2260,TR_cee0d2e6,479,480,0.3,0.0,1200.0,0.0
2024-07-08,14,2164,LTGES1443a,1236,638,-14.1,0.0,8937.38,0.2
2024-07-08,14,2134,LTGES1418,309,199,11.57,0.0,1228.89,0.9
2024-07-08,14,1211,LTGES0797b,181,726,-4.74,0.0,17874.76,0.0
2024-07-08,14,365,LTGES0250,554,104,447.19,0.0,4468.69,10.0
2024-07-08,14,691,LTGES0473b,396,395,32.18,0.0,2457.78,1.3
2024-07-08,14,1657,LTGES1093,159,617,3.22,0.0,1228.89,0.3
2024-07-08,14,494,LTGES0342,797,798,3.2,0.0,1228.89,0.3
2024-07-08,14,1485,LTGES0975,45,583,91.61,0.0,1228.89,7.5
2024-07-08,14,556,LTGES0385b,335,821,33.88,0.0,2457.78,1.4
2024-07-08,14,1832,LTGES1206a,1128,1129,116.43,0.0,8937.38,1.3
2024-07-08,14,896,LTGES0605b,465,81,-43.19,0.0,2457.78,1.8
2024-07-08,14,1449,LTGES0952b,577,1014,15.31,0.0,2457.78,0.6
2024-07-08,14,2313,TR_ba959aa8,244,245,-96.53,0.0,750.0,12.9
2024-07-08,14,2249,TR_b592de8e,685,686,-122.93,0.0,500.0,24.6
2024-07-08,14,1148,LTGES0756,400,841,-523.73,0.0,1228.89,42.6
2024-07-08,14,2340,TR_4e681766,52,53,-416.27,0.0,1200.0,34.7
2024-07-08,14,768,LTGES0531a,70,862,157.36,0.0,2457.78,6.4
2024-07-08,14,139,LTGES0101a,66,136,122.06,0.0,8937.38,1.4
2024-07-08,14,1682,LTGES1111b,1084,624,-17.37,0.0,2457.78,0.7
2024-07-08,14,1561,LTGES1028a,118,115,-218.81,0.0,8937.38,2.4
2024-07-08,14,1724,LTGES1135,1034,979,-28.85,0.0,4468.69,0.6
2024-07-08,14,1768,LTGES1162,536,1101,10.58,0.0,1228.89,0.9
2024-07-08,14,1362,LTGES0896a,561,563,0.16,0.0,1691.87,0.0
2024-07-08,14,1589,LTGES1046,1047,1048,-28.3,0.0,1228.89,2.3
2024-07-08,14,827,LTGES0563a,732,874,7.88,0.0,4915.56,0.2
2024-07-08,14,1568,LTGES1032a,375,369,116.87,0.0,2457.78,4.8
2024-07-08,14,413,LTGES0285a,294,292,-181.46,0.0,8937.38,2.0
2024-07-08,14,2207,TR_a1cd747b,976,977,-54.42,0.0,500.0,10.9
2024-07-08,14,1264,LTGES0832a,72,540,-650.0,0.0,8937.38,7.3
2024-07-08,14,1412,LTGES0929a,1002,551,-3.46,0.0,2457.78,0.1
2024-07-08,14,2205,TR_3ab3b8f1,103,104,-57.46,0.0,500.0,11.5
2024-07-08,14,482,LTGES0332,313,70,-101.94,0.0,1228.89,8.3
2024-07-08,14,549,LTGES0381a,817,815,-3.72,0.0,845.93,0.4
2024-07-08,14,1722,LTGES1133,793,123,-43.89,0.0,1228.89,3.6
2024-07-08,14,27,LTGES0016b,296,24,283.94,0.0,2457.78,11.6
2024-07-08,14,882,LTGES0597,887,281,-7.99,0.0,1228.89,0.6
2024-07-08,14,1447,LTGES0951b,1013,577,-21.81,0.0,2457.78,0.9
2024-07-08,14,1750,LTGES1152a,602,295,877.57,0.0,2457.78,35.7
2024-07-08,14,503,LTGES0349b,802,112,247.17,0.0,2457.78,10.1
2024-07-08,14,2192,TR_e2759977,129,130,-16.56,0.0,500.0,3.3
2024-07-08,14,1820,LTGES1197,633,356,2145.19,0.0,4468.69,48.0
2024-07-08,14,975,LTGES0652b,678,143,-480.74,0.0,13406.07,3.6
2024-07-08,14,869,LTGES0589,458,276,24.68,0.0,1228.89,2.0
2024-07-08,14,2232,TR_18c54756,32,33,-101.71,0.0,750.0,13.6
2024-07-08,14,1033,LTGES0682,687,704,-940.57,0.0,4468.69,21.0
2024-07-08,14,1242,LTGES0816,532,835,651.38,0.0,1228.89,53.0
2024-07-08,14,1307,LTGES0860b,556,557,-182.05,0.0,2457.78,7.4
2024-07-08,14,422,LTGES0289b,297,947,-29.84,0.0,845.93,3.5
2024-07-08,14,709,LTGES0486,844,843,-18.87,0.0,1228.89,1.5
2024-07-08,14,805,LTGES0552a,444,867,-12.83,0.0,4915.56,0.3
2024-07-08,14,1715,LTGES1129a,742,184,42.92,0.0,2457.78,1.7
2024-07-08,14,1293,LTGES0852a,982,555,4.65,0.0,8937.38,0.1
2024-07-08,14,648,LTGES0448,80,374,-42.02,0.0,4468.69,0.9
2024-07-08,14,1677,LTGES1108,1083,622,-1.86,0.0,1228.89,0.2
2024-07-08,14,2182,TR_1f77d9ec,322,323,-483.4,0.0,1875.0,25.8
2024-07-08,14,1688,LTGES1115a,22,991,61.67,0.0,2457.78,2.5
2024-07-08,14,1636,LTGES1078b,217,587,-37.42,0.0,2457.78,1.5
2024-07-08,14,1463,LTGES0959,578,581,74.25,0.0,1228.89,6.0
2024-07-08,14,120,LTGES0084,115,261,1546.71,0.0,4468.69,34.6
2024-07-08,14,1601,LTGES1054b,1052,140,-32.22,0.0,2457.78,1.3
2024-07-08,14,1407,LTGES0925,570,153,-142.34,0.0,1228.89,11.6
2024-07-08,14,1887,LTGES1237,1143,327,-17.7,0.0,4468.69,0.4
2024-07-08,14,87,LTGES0059,95,44,-172.97,0.0,1228.89,14.1
2024-07-08,14,2093,LTGES1386b,622,414,-43.08,0.0,2457.78,1.8
2024-07-08,14,1439,LTGES0946a,1011,1012,-50.43,0.0,8937.38,0.6
2024-07-08,14,1652,LTGES1089a,243,67,-2154.25,0.0,8937.38,24.1
2024-07-08,14,2306,TR_0577b900,121,122,-267.9,0.0,750.0,35.7
2024-07-08,14,255,LTGES0183,741,43,135.05,0.0,4468.69,3.0
2024-07-08,14,178,LTGES0130b,165,900,-54.28,0.0,2457.78,2.2
2024-07-08,14,2230,TR_db0bb0db,1130,1131,-146.08,0.0,1875.0,7.8
2024-07-08,14,1279,LTGES0842,979,554,-68.08,0.0,4468.69,1.5
2024-07-08,14,89,LTGES0061,99,58,325.25,0.0,4468.69,7.3
2024-07-08,14,2110,LTGES1399,1222,132,-32.61,0.0,1228.89,2.7
2024-07-08,14,496,LTGES0344a,712,317,13.63,0.0,2457.78,0.6
2024-07-08,14,1375,LTGES0904,62,554,1166.51,0.0,4468.69,26.1
2024-07-08,14,1933,LTGES1266a,329,644,272.58,0.0,2457.78,11.1
2024-07-08,14,2235,TR_2eceb0ce,20,21,-748.28,0.0,2362.5,31.7
2024-07-08,14,195,LTGES0141b,130,89,-1151.73,0.0,8937.38,12.9
2024-07-08,14,1112,LTGES0735a,936,1091,116.15,0.0,2457.78,4.7
2024-07-08,14,2286,TR_4cb0b32d,276,277,-939.43,0.0,1200.0,78.3
2024-07-08,14,1102,LTGES0728a,241,930,806.54,0.0,8937.38,9.0
2024-07-08,14,1984,LTGES1305,885,459,0.99,0.0,1228.89,0.1
2024-07-08,14,2324,TR_c6d90e4e,260,261,-7.02,0.0,1200.0,0.6
2024-07-08,14,923,LTGES0621a,896,389,612.39,0.0,8937.38,6.9
2024-07-08,14,1079,LTGES0713a,192,1132,97.87,0.0,2457.78,4.0
2024-07-08,14,2209,TR_9b83d397,182,183,84.38,0.0,500.0,16.9
2024-07-08,14,924,LTGES0621b,896,389,612.39,0.0,8937.38,6.9
2024-07-08,14,562,LTGES0388b,814,337,70.34,0.0,3686.67,1.9
2024-07-08,14,1329,LTGES0875b,562,479,-5.64,0.0,2457.78,0.2
2024-07-08,14,442,LTGES0304,228,707,297.65,0.0,1228.89,24.2
2024-07-08,14,1221,LTGES0802a,726,183,-26.74,0.0,8937.38,0.3
2024-07-08,14,202,LTGES0147a,176,178,-352.51,0.0,8937.38,3.9
2024-07-08,14,1574,LTGES1036b,78,245,222.95,0.0,3686.67,6.0
2024-07-08,14,2158,LTGES1438,729,198,70.02,0.0,1228.89,5.7
2024-07-08,14,654,LTGES0452b,208,743,630.77,0.0,8937.38,7.1
2024-07-08,14,1196,LTGES0785,1051,464,-4.15,0.0,1228.89,0.3
2024-07-08,14,146,LTGES0109,139,138,-57.55,0.0,1228.89,4.7
2024-07-08,14,953,LTGES0639a,473,35,84.57,0.0,8937.38,0.9
2024-07-08,14,1044,LTGES0689a,399,841,519.65,0.0,2457.78,21.1
2024-07-08,14,256,LTGES0184,174,43,319.48,0.0,4468.69,7.1
2024-07-08,14,2238,TR_19887143,73,74,-110.79,0.0,750.0,14.8
2024-07-08,14,1396,LTGES0917c,998,977,111.67,0.0,13406.07,0.8
2024-07-08,14,291,LTGES0210b,367,752,-362.22,0.0,8937.38,4.1
2024-07-08,14,80,LTGES0054,696,86,335.1,0.0,1228.89,27.3
2024-07-08,14,1629,LTGES1073b,1067,417,89.64,0.0,2457.78,3.6
2024-07-08,14,360,LTGES0246b,268,760,-1206.61,0.0,8937.38,13.5
2024-07-08,14,1379,LTGES0906b,567,954,127.23,0.0,8937.38,1.4
2024-07-08,14,1180,LTGES0774b,3,517,136.84,0.0,2457.78,5.6
2024-07-08,14,418,LTGES0287b,295,296,837.24,0.0,2457.78,34.1
2024-07-08,14,1343,LTGES0886,723,972,-22.67,0.0,1228.89,1.8
2024-07-08,14,1466,LTGES0961a,427,1015,144.13,0.0,2457.78,5.9
2024-07-08,14,431,LTGES0296b,785,700,67.67,0.0,2457.78,2.8
2024-07-08,14,1590,LTGES1047a,606,402,-176.64,0.0,2457.78,7.2
2024-07-08,14,1940,LTGES1269b,572,416,131.13,0.0,2457.78,5.3
2024-07-08,14,520,LTGES0361b,806,511,-39.26,0.0,2457.78,1.6
2024-07-08,14,1611,LTGES1062,10,156,678.54,0.0,4468.69,15.2
2024-07-08,14,2200,TR_ae86a0a4,333,334,983.54,0.0,2362.5,41.6
2024-07-08,14,1846,LTGES1211,192,942,-100.73,0.0,1228.89,8.2
2024-07-08,14,1666,LTGES1099,619,1107,-127.28,0.0,3574.95,3.6
2024-07-08,14,969,LTGES0650a,904,31,-1318.97,0.0,13406.07,9.8
2024-07-08,14,1160,LTGES0764a,562,24,-362.97,0.0,2457.78,14.8
2024-07-08,14,1147,LTGES0755b,400,943,944.62,0.0,2457.78,38.4
2024-07-08,14,1263,LTGES0831,72,539,828.26,0.0,4468.69,18.5
2024-07-08,14,1989,LTGES1310,137,86,-160.07,0.0,1228.89,13.0
2024-07-08,14,1930,LTGES1264b,35,327,413.67,0.0,8937.38,4.6
2024-07-08,14,1504,LTGES0989a,586,417,-38.48,0.0,2457.78,1.6
2024-07-08,14,1678,LTGES1109a,441,375,339.58,0.0,2457.78,13.8
2024-07-08,14,327,LTGES0229a,251,754,-7.69,0.0,845.93,0.9
2024-07-08,14,1314,LTGES0865,986,212,-558.04,0.0,1228.89,45.4
2024-07-08,14,2060,LTGES1361b,650,868,-104.9,0.0,2457.78,4.3
2024-07-08,14,284,LTGES0206b,750,231,-29.45,0.0,2457.78,1.2
2024-07-08,14,1743,LTGES1148a,318,800,-41.45,0.0,2457.78,1.7
2024-07-08,14,818,LTGES0558,12,728,55.61,0.0,4468.69,1.2
2024-07-08,14,2161,LTGES1440,1229,673,126.24,0.0,1228.89,10.3
2024-07-08,14,1868,LTGES1226b,618,646,73.37,0.0,2457.78,3.0
2024-07-08,14,1388,LTGES0913b,569,996,6.36,0.0,2457.78,0.3
2024-07-08,14,1232,LTGES0809,214,529,-233.26,0.0,1228.89,19.0
2024-07-08,14,2157,LTGES1437,1166,1213,59.02,0.0,1228.89,4.8
2024-07-08,14,1506,LTGES0990,417,586,15.08,0.0,1228.89,1.2
2024-07-08,14,2139,LTGES1422a,447,1235,107.84,0.0,8937.38,1.2
2024-07-08,14,1143,LTGES0753b,943,1038,938.74,0.0,2457.78,38.2
2024-07-08,14,575,LTGES0398,825,34,164.45,0.0,1228.89,13.4
2024-07-08,14,942,LTGES0632a,1099,469,-4.2,0.0,2457.78,0.2
2024-07-08,14,675,LTGES0465,835,391,517.6,0.0,1228.89,42.1
2024-07-08,14,904,LTGES0610b,81,298,117.86,0.0,2457.78,4.8
2024-07-08,14,2043,LTGES1347,855,853,199.91,0.0,1228.89,16.3
2024-07-08,14,1386,LTGES0912,859,159,119.1,0.0,1228.89,9.7
2024-07-08,14,2142,LTGES1423b,1235,1078,-46.72,0.0,8937.38,0.5
2024-07-08,14,2251,TR_a8526d91,563,564,0.63,0.0,500.0,0.1
2024-07-08,14,1184,LTGES0776b,47,3,-130.04,0.0,2457.78,5.3
2024-07-08,14,1369,LTGES0899,858,61,-318.16,0.0,4468.69,7.1
2024-07-08,14,15,LTGES0010a,19,21,-1747.72,0.0,8937.38,19.6
2024-07-08,14,500,LTGES0347,320,70,-49.96,0.0,1228.89,4.1
2024-07-08,14,785,LTGES0542a,436,372,-319.6,0.0,2457.78,13.0
2024-07-08,14,1001,LTGES0667a,147,483,-1967.72,0.0,8937.38,22.0
2024-07-08,14,1770,LTGES1164,629,1104,-167.24,0.0,1228.89,13.6
2024-07-08,14,251,LTGES0180,98,218,-448.88,0.0,4468.69,10.0
2024-07-08,14,1578,LTGES1037c,77,244,26.0,0.0,1268.9,2.0
2024-07-08,14,2094,LTGES1387,622,1215,2.84,0.0,1228.89,0.2
2024-07-08,14,170,LTGES0126a,165,899,726.05,0.0,2457.78,29.5
2024-07-08,14,2066,LTGES1364b,1207,1119,-15.11,0.0,2457.78,0.6
2024-07-08,14,248,LTGES0177,733,735,47.58,0.0,1256.82,3.8
2024-07-08,14,656,LTGES0454a,378,834,51.65,0.0,2457.78,2.1
2024-07-08,14,890,LTGES0603a,464,280,346.55,0.0,2457.78,14.1
2024-07-08,14,68,LTGES0046a,698,78,367.39,0.0,2457.78,14.9
2024-07-08,14,529,LTGES0368,328,35,-120.26,0.0,4468.69,2.7
2024-07-08,14,1795,LTGES1181b,91,698,267.89,0.0,3686.67,7.3
2024-07-08,14,850,LTGES0576a,451,452,-149.26,0.0,2457.78,6.1
2024-07-08,14,76,LTGES0051,55,84,-1157.96,0.0,4468.69,25.9
2024-07-08,14,1373,LTGES0902,62,549,887.86,0.0,4468.69,19.9
2024-07-08,14,186,LTGES0136b,150,168,330.64,0.0,8937.38,3.7
2024-07-08,14,1172,LTGES0770b,420,517,145.46,0.0,2457.78,5.9
2024-07-08,14,393,LTGES0267,281,275,-12.48,0.0,1228.89,1.0
2024-07-08,14,2155,LTGES1435,1167,1,-73.48,0.0,1228.89,6.0
2024-07-08,14,103,LTGES0070,106,52,-297.82,0.0,1228.89,24.2
2024-07-08,14,2218,TR_b42e8356,54,55,180.06,0.0,1875.0,9.6
2024-07-08,14,355,LTGES0242,752,751,-1579.4,0.0,4468.69,35.3
2024-07-08,14,982,LTGES0654c,677,142,-19.8,0.0,3686.67,0.5
2024-07-08,14,716,LTGES0492,407,845,196.27,0.0,1228.89,16.0
2024-07-08,14,2189,TR_d061a070,644,645,1206.24,0.0,2362.5,51.1
2024-07-08,14,1587,LTGES1044b,607,1128,135.47,0.0,8937.38,1.5
2024-07-08,14,870,LTGES0590a,277,952,1700.5,0.0,8937.38,19.0
2024-07-08,14,1560,LTGES1027,850,851,169.17,0.0,4468.69,3.8
2024-07-08,14,53,LTGES0034,61,688,-318.37,0.0,4468.69,7.1
2024-07-08,14,650,LTGES0450,376,377,778.8,0.0,4468.69,17.4
2024-07-08,14,155,LTGES0114b,142,146,94.56,0.0,2457.78,3.8
2024-07-08,14,963,LTGES0645,341,902,778.31,0.0,1228.89,63.3
2024-07-08,14,1163,LTGES0766a,22,992,69.01,0.0,2457.78,2.8
2024-07-08,14,566,LTGES0390,337,824,78.12,0.0,1228.89,6.4
2024-07-08,14,1492,LTGES0981,1021,1019,-159.29,0.0,1228.89,13.0
2024-07-08,14,111,LTGES0078a,111,55,-684.09,0.0,8937.38,7.7
2024-07-08,14,721,LTGES0497,410,266,67.06,0.0,1228.89,5.5
2024-07-08,14,1738,LTGES1144a,939,512,-34.45,0.0,2457.78,1.4
2024-07-08,14,1469,LTGES0963,427,852,21.21,0.0,1228.89,1.7
2024-07-08,14,1254,LTGES0824,188,535,-80.16,0.0,1228.89,6.5
2024-07-08,14,1529,LTGES1007,593,372,-220.93,0.0,1228.89,18.0
2024-07-08,14,1358,LTGES0895a,562,564,191.13,0.0,4915.56,3.9
2024-07-08,14,1499,LTGES0986b,97,572,120.46,0.0,2457.78,4.9
2024-07-08,14,1443,LTGES0949,294,574,21.26,0.0,4468.69,0.5
2024-07-08,14,93,LTGES0064b,692,769,-116.73,0.0,2457.78,4.7
2024-07-08,14,1908,LTGES1250a,447,1148,-89.53,0.0,8937.38,1.0
2024-07-08,14,10,LTGES0006,15,680,-341.82,0.0,1228.89,27.8
2024-07-08,14,1854,LTGES1216b,1134,639,-4.21,0.0,2457.78,0.2
2024-07-08,14,1771,LTGES1165,628,1103,7.02,0.0,422.97,1.7
2024-07-08,14,1351,LTGES0891a,972,974,10.82,0.0,2457.78,0.4
2024-07-08,14,2298,TR_0f0fff81,505,506,-524.51,0.0,1875.0,28.0
2024-07-08,14,1580,LTGES1039,317,710,-19.99,0.0,1228.89,1.6
2024-07-08,14,305,LTGES0219,753,75,-1518.48,0.0,4468.69,34.0
2024-07-08,14,770,LTGES0532,71,72,79.12,0.0,4468.69,1.8
2024-07-08,14,1130,LTGES0745b,505,939,-10.67,0.0,2457.78,0.4
2024-07-08,14,2086,LTGES1382a,614,1149,89.06,0.0,2457.78,3.6
2024-07-08,14,1520,LTGES1001,212,1027,-1062.68,0.0,1228.89,86.5
2024-07-08,14,701,LTGES0480,400,401,-585.24,0.0,1228.89,47.6
2024-07-08,14,321,LTGES0226a,250,252,-129.28,0.0,2457.78,5.3
2024-07-08,14,1353,LTGES0892a,162,160,-364.45,0.0,8937.38,4.1
2024-07-08,14,1440,LTGES0946b,1011,1012,-50.43,0.0,8937.38,0.6
2024-07-08,14,1395,LTGES0917b,998,977,111.67,0.0,13406.07,0.8
2024-07-08,14,1185,LTGES0777a,870,12,171.06,0.0,8937.38,1.9
2024-07-08,14,1919,LTGES1257b,88,916,-93.05,0.0,2457.78,3.8
2024-07-08,14,62,LTGES0041b,68,69,-2413.0,0.0,8937.38,27.0
2024-07-08,14,665,LTGES0459b,387,896,33.21,0.0,8937.38,0.4
2024-07-08,14,1241,LTGES0815,531,215,-29.5,0.0,1228.89,2.4
2024-07-08,14,446,LTGES0307,308,83,227.36,0.0,1228.89,18.5
2024-07-08,14,1994,LTGES1314,1182,1043,-15.4,0.0,1228.89,1.3
2024-07-08,14,857,LTGES0581,454,452,286.95,0.0,1228.89,23.4
2024-07-08,14,1633,LTGES1076,296,1147,42.18,0.0,1228.89,3.4
2024-07-08,14,1347,LTGES0889a,103,997,-50.71,0.0,2457.78,2.1
2024-07-08,14,1518,LTGES0999,1023,590,-4.44,0.0,1228.89,0.4
2024-07-08,14,390,LTGES0265,1139,280,106.52,0.0,1228.89,8.7
2024-07-08,14,1144,LTGES0754a,1038,487,929.14,0.0,2457.78,37.8
2024-07-08,14,632,LTGES0438,365,932,357.38,0.0,1228.89,29.1
2024-07-08,14,833,LTGES0565b,870,875,-309.6,0.0,8937.38,3.5
2024-07-08,14,1473,LTGES0967,685,26,-92.78,0.0,1228.89,7.6
2024-07-08,14,86,LTGES0058b,93,94,84.47,0.0,2457.78,3.4
2024-07-08,14,523,LTGES0362c,807,325,52.37,0.0,3686.67,1.4
2024-07-08,14,1591,LTGES1047b,606,402,-176.64,0.0,2457.78,7.2
2024-07-08,14,1890,LTGES1239,635,548,392.35,0.0,4468.69,8.8
2024-07-08,14,152,LTGES0113a,142,144,-182.11,0.0,2457.78,7.4
2024-07-08,14,1921,LTGES1258b,228,307,0.52,0.0,2457.78,0.0
2024-07-08,14,910,LTGES0613b,299,297,-52.82,0.0,845.93,6.2
2024-07-08,14,2009,LTGES1325b,1047,664,-5.68,0.0,2457.78,0.2
2024-07-08,14,2252,TR_20f9f91a,680,681,27.23,0.0,750.0,3.6
2024-07-08,14,469,LTGES0324a,790,791,10.5,0.0,2457.78,0.4
2024-07-08,14,245,LTGES0174,213,169,193.55,0.0,1228.89,15.7
2024-07-08,14,521,LTGES0362a,807,325,52.37,0.0,3686.67,1.4
2024-07-08,14,399,LTGES0272,285,284,-187.89,0.0,1228.89,15.3
2024-07-08,14,487,LTGES0337,315,795,21.3,0.0,1228.89,1.7
2024-07-08,14,2073,LTGES1372b,658,88,-4.02,0.0,2457.78,0.2
2024-07-08,14,658,LTGES0455,378,266,-394.27,0.0,1228.89,32.1
2024-07-08,14,268,LTGES0195a,48,3,-132.93,0.0,2457.78,5.4
2024-07-08,14,702,LTGES0481,401,402,-370.46,0.0,1228.89,30.1
2024-07-08,14,970,LTGES0650b,904,31,-1318.97,0.0,13406.07,9.8
2024-07-08,14,2154,LTGES1434,1167,1,-73.48,0.0,1228.89,6.0
2024-07-08,14,1618,LTGES1066,24,296,-97.82,0.0,1228.89,8.0
2024-07-08,14,577,LTGES0400,825,339,105.01,0.0,1228.89,8.5
2024-07-08,14,776,LTGES0537,425,431,-254.33,0.0,1228.89,20.7
2024-07-08,14,829,LTGES0563c,732,874,7.88,0.0,4915.56,0.2
2024-07-08,14,1091,LTGES0720a,928,501,69.33,0.0,2457.78,2.8
2024-07-08,14,1426,LTGES0937,1009,1008,-136.52,0.0,1228.89,11.1
2024-07-08,14,1047,LTGES0691,489,490,-806.32,0.0,1228.89,65.6
2024-07-08,14,379,LTGES0258b,74,771,-55.4,0.0,8937.38,0.6
2024-07-08,14,187,LTGES0137,875,743,-425.59,0.0,4468.69,9.5
2024-07-08,14,1437,LTGES0944b,1082,1010,34.33,0.0,8937.38,0.4
2024-07-08,14,1010,LTGES0672a,147,143,1870.3,0.0,8937.38,20.9
2024-07-08,14,2146,LTGES1426b,674,117,-355.56,0.0,2457.78,14.5
2024-07-08,14,261,LTGES0188,226,4,-120.22,0.0,4468.69,2.7
2024-07-08,14,938,LTGES0630a,898,296,455.13,0.0,2457.78,18.5
2024-07-08,14,1544,LTGES1016a,600,436,-18.19,0.0,2457.78,0.7
2024-07-08,14,2036,LTGES1342,1197,525,561.09,0.0,1228.89,45.7
2024-07-08,14,1218,LTGES0800b,177,527,-344.06,0.0,2457.78,14.0
2024-07-08,14,486,LTGES0336,1041,1165,-140.54,0.0,1228.89,11.4
2024-07-08,14,107,LTGES0074,55,688,329.53,0.0,4468.69,7.4
2024-07-08,14,2217,TR_317465d6,88,89,-143.52,0.0,750.0,19.1
2024-07-08,14,102,LTGES0069b,105,874,-156.46,0.0,2457.78,6.4
2024-07-08,14,69,LTGES0046b,698,78,367.39,0.0,2457.78,14.9
2024-07-08,14,2020,LTGES1332a,501,924,2.29,0.0,3686.67,0.1
2024-07-08,14,282,LTGES0205b,747,5,-22.88,0.0,2457.78,0.9
2024-07-08,14,1278,LTGES0841,302,782,139.08,0.0,1228.89,11.3
2024-07-08,14,874,LTGES0592,885,459,1.29,0.0,1228.89,0.1
2024-07-08,14,1769,LTGES1163,198,629,-124.05,0.0,1228.89,10.1
2024-07-08,14,634,LTGES0439b,248,122,2143.23,0.0,8937.38,24.0
2024-07-08,14,1041,LTGES0687b,918,917,13.24,0.0,2457.78,0.5
2024-07-08,14,1156,LTGES0761b,127,242,-201.73,0.0,2457.78,8.2
2024-07-08,14,741,LTGES0510,718,404,-359.01,0.0,1228.89,29.2
2024-07-08,14,13,LTGES0009a,14,17,-1935.27,0.0,8937.38,21.7
2024-07-08,14,895,LTGES0605a,465,81,-43.19,0.0,2457.78,1.8
2024-07-08,14,2234,TR_089a759d,30,31,-61.35,0.0,500.0,12.3
2024-07-08,14,1332,LTGES0877,224,220,-156.92,0.0,1228.89,12.8
2024-07-08,14,2264,TR_2cf031ef,38,39,-306.36,0.0,1200.0,25.5
2024-07-08,14,1415,LTGES0931a,88,914,28.12,0.0,2457.78,1.1
2024-07-08,14,1053,LTGES0695b,923,922,42.98,0.0,2457.78,1.7
2024-07-08,14,1045,LTGES0689b,399,841,519.65,0.0,2457.78,21.1
2024-07-08,14,1319,LTGES0868b,527,558,25.64,0.0,2457.78,1.0
2024-07-08,14,2116,LTGES1404,671,1226,-219.07,0.0,1228.89,17.8
2024-07-08,14,1165,LTGES0767a,432,420,180.51,0.0,2457.78,7.3
2024-07-08,14,845,LTGES0573a,879,450,24.77,0.0,2457.78,1.0
2024-07-08,14,1606,LTGES1057a,259,232,5.31,0.0,845.93,0.6
2024-07-08,14,38,LTGES0024,44,27,-147.1,0.0,1228.89,12.0
2024-07-08,14,957,LTGES0641a,902,474,373.23,0.0,2457.78,15.2
2024-07-08,14,1454,LTGES0955a,993,568,60.17,0.0,17874.76,0.3
2024-07-08,14,2085,LTGES1381b,702,105,-58.98,0.0,2457.78,2.4
2024-07-08,14,188,LTGES0138a,170,101,31.5,0.0,2457.78,1.3
2024-07-08,14,199,LTGES0144,160,174,20.38,0.0,4468.69,0.5
2024-07-08,14,1980,LTGES1303a,1174,332,-55.01,0.0,2457.78,2.2
2024-07-08,14,697,LTGES0477b,840,393,-6.4,0.0,2457.78,0.3
2024-07-08,14,763,LTGES0528a,17,36,-2378.03,0.0,8937.38,26.6
2024-07-08,14,1999,LTGES1319a,97,1187,111.95,0.0,2457.78,4.6
2024-07-08,14,66,LTGES0044,692,766,-35.59,0.0,1228.89,2.9
2024-07-08,14,2032,LTGES1339a,321,1126,-22.61,0.0,8937.38,0.3
2024-07-08,14,468,LTGES0323b,782,786,-247.92,0.0,2457.78,10.1
2024-07-08,14,1250,LTGES0822a,8,968,71.44,0.0,2457.78,2.9
2024-07-08,14,1692,LTGES1117a,24,1087,499.68,0.0,2457.78,20.3
2024-07-08,14,2018,LTGES1330,767,925,-186.89,0.0,1228.89,15.2
2024-07-08,14,548,LTGES0380b,818,816,-47.98,0.0,2457.78,2.0
2024-07-08,14,477,LTGES0329b,762,764,-23.64,0.0,2457.78,1.0
2024-07-08,14,1680,LTGES1110,623,301,-6.59,0.0,1228.89,0.5
2024-07-08,14,1576,LTGES1037a,77,244,26.0,0.0,1268.9,2.0
2024-07-08,14,388,LTGES0263,276,773,253.23,0.0,1228.89,20.6
2024-07-08,14,2177,TR_72a9d275,125,126,-237.33,0.0,2362.5,10.0
2024-07-08,14,729,LTGES0502a,382,414,43.94,0.0,2457.78,1.8
2024-07-08,14,762,LTGES0527,428,46,-164.7,0.0,4468.69,3.7
2024-07-08,14,402,LTGES0275,287,285,-97.31,0.0,1228.89,7.9
2024-07-08,14,236,LTGES0168a,206,202,-260.41,0.0,2457.78,10.6
2024-07-08,14,764,LTGES0528b,17,36,-2378.03,0.0,8937.38,26.6
2024-07-08,14,564,LTGES0389a,822,8,289.27,0.0,2457.78,11.8
2024-07-08,14,698,LTGES0478a,395,399,498.6,0.0,2457.78,20.3
2024-07-08,14,2140,LTGES1422b,447,1235,107.84,0.0,8937.38,1.2
2024-07-08,14,1866,LTGES1225,804,322,0.0,0.0,1228.89,0.0
2024-07-08,14,1408,LTGES0926a,1001,571,-0.89,0.0,2457.78,0.0
2024-07-08,14,1376,LTGES0905a,771,567,169.69,0.0,8937.38,1.9
2024-07-08,14,814,LTGES0556a,446,868,-135.96,0.0,2457.78,5.5
2024-07-08,14,1831,LTGES1205b,636,1098,-114.58,0.0,8937.38,1.3
2024-07-08,14,578,LTGES0401,342,339,34.12,0.0,1228.89,2.8
2024-07-08,14,451,LTGES0310b,677,309,89.01,0.0,2457.78,3.6
2024-07-08,14,2170,LTGES1446b,1236,394,-39.49,0.0,8937.38,0.4
2024-07-08,14,1483,LTGES0974a,291,293,-38.9,0.0,2457.78,1.6
2024-07-08,14,115,LTGES0081,114,116,76.88,0.0,1228.89,6.3
2024-07-08,14,1647,LTGES1086b,514,614,100.2,0.0,2457.78,4.1
2024-07-08,14,1548,LTGES1018a,51,601,15.01,0.0,2457.78,0.6
2024-07-08,14,1519,LTGES1000,1025,138,-259.35,0.0,1228.89,21.1
2024-07-08,14,351,LTGES0240c,260,263,20.39,0.0,4915.56,0.4
2024-07-08,14,866,LTGES0587b,883,772,2248.51,0.0,8937.38,25.2
2024-07-08,14,960,LTGES0643a,474,1079,332.88,0.0,2457.78,13.5
2024-07-08,14,339,LTGES0235a,258,758,234.94,0.0,2457.78,9.6
2024-07-08,14,1097,LTGES0724b,92,931,-225.6,0.0,8937.38,2.5
2024-07-08,14,674,LTGES0464b,835,836,66.53,0.0,2457.78,2.7
2024-07-08,14,1479,LTGES0971b,45,1017,152.51,0.0,2457.78,6.2
2024-07-08,14,609,LTGES0424a,830,354,5.87,0.0,2457.78,0.2
2024-07-08,14,2244,TR_6b7707a8,598,599,-28.01,0.0,500.0,5.6
2024-07-08,14,1850,LTGES1214a,946,990,673.07,0.0,8937.38,7.5
2024-07-08,14,2152,LTGES1432,1202,1004,-133.01,0.0,1228.89,10.8
2024-07-08,14,1072,LTGES0709a,926,500,-152.55,0.0,2457.78,6.2
2024-07-08,14,1801,LTGES1183b,90,697,17.56,0.0,1268.9,1.4
2024-07-08,14,1015,LTGES0673d,910,912,-42.53,0.0,17874.76,0.2
2024-07-08,14,1487,LTGES0977,1019,583,-126.48,0.0,1228.89,10.3
2024-07-08,14,370,LTGES0253c,271,273,128.04,0.0,17874.76,0.7
2024-07-08,14,206,LTGES0149a,182,727,-341.99,0.0,2457.78,13.9
2024-07-08,14,595,LTGES0411b,827,346,83.71,0.0,8937.38,0.9
2024-07-08,14,279,LTGES0204a,5,230,204.94,0.0,2457.78,8.3
2024-07-08,14,2108,LTGES1397,301,1084,-98.02,0.0,1228.89,8.0
2024-07-08,14,2187,TR_3cdb5cac,159,160,-45.47,0.0,750.0,6.1
2024-07-08,14,1224,LTGES0803b,150,528,-7.81,0.0,8937.38,0.1
2024-07-08,14,1597,LTGES1052a,467,479,41.28,0.0,2457.78,1.7
2024-07-08,14,801,LTGES0550a,441,266,-409.28,0.0,2457.78,16.7
2024-07-08,14,1133,LTGES0747b,932,940,43.91,0.0,2457.78,1.8
2024-07-08,14,581,LTGES0404,337,335,69.37,0.0,1228.89,5.6
2024-07-08,14,1420,LTGES0934b,786,123,-72.28,0.0,4915.56,1.5
2024-07-08,14,754,LTGES0521,1113,26,-100.06,0.0,1228.89,8.1
2024-07-08,14,259,LTGES0187a,224,738,5.99,0.0,2457.78,0.2
2024-07-08,14,1668,LTGES1101a,493,491,-103.68,0.0,2457.78,4.2
2024-07-08,14,129,LTGES0091,127,131,67.36,0.0,1228.89,5.5
2024-07-08,14,1809,LTGES1188a,154,714,-189.65,0.0,8937.38,2.1
2024-07-08,14,1728,LTGES1137b,714,162,239.32,0.0,8937.38,2.7
2024-07-08,14,684,LTGES0470a,837,393,53.32,0.0,2457.78,2.2
2024-07-08,14,430,LTGES0296a,785,700,67.67,0.0,2457.78,2.8
2024-07-08,14,1512,LTGES0994b,1024,1023,-43.67,0.0,2457.78,1.8
2024-07-08,14,1857,LTGES1219,1055,970,-47.58,0.0,1256.82,3.8
2024-07-08,14,853,LTGES0577b,210,880,15.99,0.0,2457.78,0.7
2024-07-08,14,207,LTGES0149b,182,727,-341.99,0.0,2457.78,13.9
2024-07-08,14,1131,LTGES0746,932,510,256.68,0.0,1228.89,20.9
2024-07-08,14,47,LTGES0029b,51,52,34.44,0.0,2457.78,1.4
2024-07-08,14,2341,TR_da0a8bbb,202,203,-1511.9,0.0,3750.0,40.3
2024-07-08,14,917,LTGES0618a,892,465,-39.01,0.0,2457.78,1.6
2024-07-08,14,2323,TR_e8bfe4d3,259,260,14.89,0.0,750.0,2.0
2024-07-08,14,2193,TR_ec3a7de9,34,35,865.25,0.0,1875.0,46.1
2024-07-08,14,2233,TR_09234ca6,28,29,-64.7,0.0,500.0,12.9
2024-07-08,14,1323,LTGES0871a,526,727,344.55,0.0,2457.78,14.0
2024-07-08,14,216,LTGES0154a,188,189,175.71,0.0,2457.78,7.1
2024-07-08,14,1058,LTGES0700,193,495,-661.08,0.0,4468.69,14.8
2024-07-08,14,1883,LTGES1235a,448,621,-60.64,0.0,2457.78,2.5
2024-07-08,14,511,LTGES0355,805,243,-0.0,0.0,4468.69,0.0
2024-07-08,14,1261,LTGES0829,971,541,252.27,0.0,1228.89,20.5
2024-07-08,14,238,LTGES0169a,208,203,482.95,0.0,8937.38,5.4
2024-07-08,14,209,LTGES0150b,182,742,46.68,0.0,2457.78,1.9
2024-07-08,14,959,LTGES0642,341,1151,-113.54,0.0,1228.89,9.2
2024-07-08,14,2167,LTGES1445a,283,676,-281.76,0.0,2457.78,11.5
2024-07-08,14,1283,LTGES0844b,548,547,123.98,0.0,8937.38,1.4
2024-07-08,14,1482,LTGES0973,1018,45,-180.62,0.0,1228.89,14.7
2024-07-08,14,2124,LTGES1411a,69,403,-1529.26,0.0,8937.38,17.1
2024-07-08,14,1787,LTGES1177b,254,247,-188.9,0.0,2457.78,7.7
2024-07-08,14,941,LTGES0631b,897,898,-31.25,0.0,2457.78,1.3
2024-07-08,14,1410,LTGES0927,571,560,-273.74,0.0,1228.89,22.3
2024-07-08,14,1441,LTGES0947,1012,292,-76.18,0.0,4468.69,1.7
2024-07-08,14,979,LTGES0653c,677,142,-19.8,0.0,3686.67,0.5
2024-07-08,14,1291,LTGES0850b,170,552,-75.03,0.0,2457.78,3.1
2024-07-08,14,1240,LTGES0814,963,530,-37.24,0.0,1228.89,3.0
2024-07-08,14,1129,LTGES0745a,505,939,-10.67,0.0,2457.78,0.4
2024-07-08,14,343,LTGES0237a,758,260,129.13,0.0,2457.78,5.3
2024-07-08,14,222,LTGES0159a,56,127,-255.92,0.0,2457.78,10.4
2024-07-08,14,2103,LTGES1392c,1141,237,-241.26,0.0,17874.76,1.3
2024-07-08,14,1201,LTGES0792a,390,359,-147.72,0.0,8937.38,1.7
2024-07-08,14,608,LTGES0423,353,830,461.02,0.0,1228.89,37.5
2024-07-08,14,158,LTGES0116,744,151,-2.33,0.0,1228.89,0.2
2024-07-08,14,60,LTGES0040b,67,68,-2399.25,0.0,8937.38,26.8
2024-07-08,14,1524,LTGES1004,591,1035,18.54,0.0,1228.89,1.5
2024-07-08,14,229,LTGES0164,717,201,112.37,0.0,1228.89,9.1
2024-07-08,14,661,LTGES0457b,382,384,-28.76,0.0,2457.78,1.2
2024-07-08,14,2231,TR_5e46f309,222,223,-255.14,0.0,1875.0,13.6
2024-07-08,14,766,LTGES0529b,429,124,-664.75,0.0,8937.38,7.4
2024-07-08,14,587,LTGES0407b,346,347,-928.15,0.0,8937.38,10.4
2024-07-08,14,1571,LTGES1034,1037,1038,-11.79,0.0,1228.89,1.0
2024-07-08,14,11,LTGES0007,680,16,-369.05,0.0,1228.89,30.0
2024-07-08,14,2293,TR_b4c6d83c,299,300,-103.56,0.0,750.0,13.8
2024-07-08,14,2082,LTGES1380a,768,274,-3.39,0.0,8937.38,0.0
2024-07-08,14,540,LTGES0375b,9,334,100.56,0.0,8937.38,1.1
2024-07-08,14,978,LTGES0653b,677,142,-19.8,0.0,3686.67,0.5
2024-07-08,14,483,LTGES0333,314,793,-39.64,0.0,1228.89,3.2
2024-07-08,14,1944,LTGES1272a,645,327,-1033.6,0.0,8937.38,11.6
2024-07-08,14,1701,LTGES1120d,1,626,7.46,0.0,4915.56,0.2
2024-07-08,14,277,LTGES0202,703,741,145.65,0.0,4468.69,3.3
2024-07-08,14,1895,LTGES1243a,1078,620,-31.67,0.0,8937.38,0.4
2024-07-08,14,398,LTGES0271,284,282,-248.23,0.0,1228.89,20.2
2024-07-08,14,1819,LTGES1195,125,541,-105.59,0.0,1228.89,8.6
2024-07-08,14,1302,LTGES0858a,209,556,-85.82,0.0,2457.78,3.5
2024-07-08,14,331,LTGES0231a,254,114,464.6,0.0,2457.78,18.9
2024-07-08,14,1472,LTGES0966,575,685,-215.71,0.0,1228.89,17.6
2024-07-08,14,2250,TR_3af63bd6,677,678,-59.21,0.0,750.0,7.9
2024-07-08,14,1289,LTGES0849b,553,980,58.99,0.0,2457.78,2.4
2024-07-08,14,627,LTGES0435b,241,832,-259.83,0.0,8937.38,2.9
2024-07-08,14,851,LTGES0576b,451,452,-149.26,0.0,2457.78,6.1
2024-07-08,14,1623,LTGES1070,76,1060,-229.94,0.0,4468.69,5.1
2024-07-08,14,769,LTGES0531b,70,862,157.36,0.0,2457.78,6.4
2024-07-08,14,2150,LTGES1430,1032,108,-0.57,0.0,1228.89,0.0
2024-07-08,14,1716,LTGES1129b,742,184,42.92,0.0,2457.78,1.7
2024-07-08,14,1003,LTGES0668,481,908,609.22,0.0,1228.89,49.6
2024-07-08,14,95,LTGES0065b,769,38,18.69,0.0,2457.78,0.8
2024-07-08,14,1614,LTGES1064a,24,296,-295.71,0.0,2457.78,12.0
2024-07-08,14,1349,LTGES0890a,973,975,81.82,0.0,8937.38,0.9
2024-07-08,14,1366,LTGES0897,860,565,-58.65,0.0,1228.89,4.8
2024-07-08,14,1971,LTGES1296,1159,660,-0.31,0.0,1228.89,0.0
2024-07-08,14,1152,LTGES0759b,91,945,125.47,0.0,2457.78,5.1
2024-07-08,14,2268,TR_871b5827,190,191,241.93,0.0,1200.0,20.2
2024-07-08,14,294,LTGES0212a,751,261,76.62,0.0,8937.38,0.9
2024-07-08,14,2024,LTGES1334a,1220,1186,-43.09,0.0,2457.78,1.8
2024-07-08,14,1213,LTGES0797d,181,726,-4.74,0.0,17874.76,0.0
2024-07-08,14,965,LTGES0648a,31,29,-824.74,0.0,8937.38,9.2
2024-07-08,14,1269,LTGES0835a,543,978,0.46,0.0,2457.78,0.0
2024-07-08,14,2050,LTGES1355,1204,328,1051.05,0.0,4468.69,23.5
2024-07-08,14,153,LTGES0113b,142,144,-182.11,0.0,2457.78,7.4
2024-07-08,14,1471,LTGES0965,582,575,-128.82,0.0,1228.89,10.5
2024-07-08,14,2052,LTGES1357,1065,1219,77.57,0.0,1228.89,6.3
2024-07-08,14,464,LTGES0321b,788,311,-0.87,0.0,2457.78,0.0
2024-07-08,14,1683,LTGES1112a,624,1111,-19.03,0.0,2457.78,0.8
2024-07-08,14,2045,LTGES1349,1200,664,-22.73,0.0,1228.89,1.8
2024-07-08,14,1859,LTGES1220b,464,63,74.12,0.0,2457.78,3.0
2024-07-08,14,557,LTGES0386a,823,814,85.12,0.0,2457.78,3.5
2024-07-08,14,967,LTGES0649a,30,28,64.09,0.0,2457.78,2.6
2024-07-08,14,299,LTGES0216a,238,239,-1082.98,0.0,8937.38,12.1
2024-07-08,14,159,LTGES0117,995,152,-1.3,0.0,1228.89,0.1
2024-07-08,14,1948,LTGES1275,1154,655,17.23,0.0,1228.89,1.4
2024-07-08,14,844,LTGES0572b,434,863,14.18,0.0,2457.78,0.6
2024-07-08,14,1101,LTGES0727,938,91,581.53,0.0,1228.89,47.3
2024-07-08,14,536,LTGES0373b,819,823,268.19,0.0,2457.78,10.9
2024-07-08,14,1150,LTGES0758,400,944,15.72,0.0,1228.89,1.3
2024-07-08,14,1834,LTGES1207a,638,1131,-6.17,0.0,17874.76,0.0
2024-07-08,14,931,LTGES0625b,13,682,68.74,0.0,2457.78,2.8
2024-07-08,14,842,LTGES0571,743,4,774.32,0.0,4468.69,17.3
2024-07-08,14,223,LTGES0159b,56,127,-255.92,0.0,2457.78,10.4
2024-07-08,14,1488,LTGES0978a,1019,584,-40.28,0.0,2457.78,1.6
2024-07-08,14,1219,LTGES0801a,527,958,-48.69,0.0,2457.78,2.0
2024-07-08,14,531,LTGES0370a,330,812,1.09,0.0,2457.78,0.0
2024-07-08,14,817,LTGES0557b,868,865,-260.93,0.0,2457.78,10.6
2024-07-08,14,1087,LTGES0717a,500,927,-233.25,0.0,2457.78,9.5
2024-07-08,14,2064,LTGES1363b,71,429,-659.53,0.0,8937.38,7.4
2024-07-08,14,26,LTGES0016a,296,24,283.94,0.0,2457.78,11.6
2024-07-08,14,952,LTGES0638b,901,34,22.5,0.0,2457.78,0.9
2024-07-08,14,1996,LTGES1316b,566,1183,33.96,0.0,2457.78,1.4
2024-07-08,14,989,LTGES0659b,31,200,-445.33,0.0,8937.38,5.0
2024-07-08,14,1139,LTGES0751,942,840,79.43,0.0,1228.89,6.5
2024-07-08,14,230,LTGES0165a,203,53,208.14,0.0,8937.38,2.3
2024-07-08,14,1191,LTGES0780b,203,211,158.56,0.0,8937.38,1.8
2024-07-08,14,1725,LTGES1136a,1075,617,-0.01,0.0,2457.78,0.0
2024-07-08,14,2138,LTGES1421b,1148,870,-267.94,0.0,8937.38,3.0
2024-07-08,14,394,LTGES0268,276,884,0.7,0.0,1228.89,0.1
2024-07-08,14,258,LTGES0186,221,43,-313.41,0.0,4468.69,7.0
2024-07-08,14,328,LTGES0229b,251,754,-7.69,0.0,845.93,0.9
2024-07-08,14,1029,LTGES0680,1003,54,-1.93,0.0,1228.89,0.2
2024-07-08,14,666,LTGES0460,386,388,-202.99,0.0,1228.89,16.5
2024-07-08,14,149,LTGES0111b,140,141,152.23,0.0,2457.78,6.2
2024-07-08,14,773,LTGES0534b,70,431,21.73,0.0,2457.78,0.9
2024-07-08,14,1645,LTGES1085b,613,501,-35.9,0.0,2457.78,1.5
2024-07-08,14,1620,LTGES1067b,76,1061,-10.4,0.0,8937.38,0.1
2024-07-08,14,1579,LTGES1038,319,1223,35.18,0.0,1228.89,2.9
2024-07-08,14,122,LTGES0085b,116,117,153.49,0.0,2457.78,6.2
2024-07-08,14,302,LTGES0217b,239,753,394.87,0.0,8937.38,4.4
2024-07-08,14,2297,TR_ad3ea85c,81,82,-226.43,0.0,750.0,30.2
2024-07-08,14,2279,TR_71f49079,572,573,-403.7,0.0,1200.0,33.6
2024-07-08,14,1926,LTGES1261b,1150,166,-15.82,0.0,2457.78,0.6
2024-07-08,14,1772,LTGES1166a,1104,1102,56.52,0.0,2457.78,2.3
2024-07-08,14,175,LTGES0128b,1043,898,527.74,0.0,2457.78,21.5
2024-07-08,14,1413,LTGES0929b,1002,551,-3.46,0.0,2457.78,0.1
2024-07-08,14,1328,LTGES0875a,562,479,-5.64,0.0,2457.78,0.2
2024-07-08,14,143,LTGES0107,54,1127,149.71,0.0,1228.89,12.2
2024-07-08,14,1252,LTGES0823a,968,189,-294.99,0.0,2457.78,12.0
2024-07-08,14,1086,LTGES0716b,927,177,-315.89,0.0,2457.78,12.9
2024-07-08,14,1740,LTGES1145,778,290,156.46,0.0,4468.69,3.5
2024-07-08,14,501,LTGES0348,243,128,3484.4,0.0,4468.69,78.0
2024-07-08,14,2046,LTGES1350,1201,490,364.16,0.0,1228.89,29.6
2024-07-08,14,1995,LTGES1316a,566,1183,33.96,0.0,2457.78,1.4
2024-07-08,14,1762,LTGES1158,511,513,248.9,0.0,1228.89,20.3
2024-07-08,14,825,LTGES0562a,419,3,-137.27,0.0,2457.78,5.6
2024-07-08,14,1190,LTGES0780a,203,211,158.56,0.0,8937.38,1.8
2024-07-08,14,2048,LTGES1352,156,1203,-967.57,0.0,4468.69,21.7
2024-07-08,14,2213,TR_2336bf3a,972,973,-44.31,0.0,500.0,8.9
2024-07-08,14,318,LTGES0224b,247,250,-107.17,0.0,2457.78,4.4
2024-07-08,14,1421,LTGES0934c,786,123,-72.28,0.0,4915.56,1.5
2024-07-08,14,292,LTGES0211a,758,236,66.14,0.0,2457.78,2.7
2024-07-08,14,1848,LTGES1212b,502,192,-29.75,0.0,2457.78,1.2
2024-07-08,14,20,LTGES0012b,1065,22,-50.29,0.0,2457.78,2.0
2024-07-08,14,2071,LTGES1371,649,650,-46.17,0.0,1228.89,3.8
2024-07-08,14,1193,LTGES0782,523,876,158.99,0.0,1228.89,12.9
2024-07-08,14,708,LTGES0485,843,842,-71.29,0.0,1228.89,5.8
2024-07-08,14,533,LTGES0371,331,326,344.25,0.0,1228.89,28.0
2024-07-08,14,837,LTGES0568a,80,449,3.82,0.0,8937.38,0.0
2024-07-08,14,749,LTGES0517,1211,856,-21.05,0.0,1228.89,1.7
2024-07-08,14,1705,LTGES1123a,350,1090,26.82,0.0,8937.38,0.3
2024-07-08,14,1098,LTGES0725a,240,938,326.31,0.0,2457.78,13.3
2024-07-08,14,1733,LTGES1141a,954,993,106.16,0.0,8937.38,1.2
2024-07-08,14,1480,LTGES0972a,45,291,-78.84,0.0,2457.78,3.2
2024-07-08,14,622,LTGES0432b,362,1145,-563.86,0.0,8937.38,6.3
2024-07-08,14,1711,LTGES1127a,713,139,8.8,0.0,2457.78,0.4
2024-07-08,14,1788,LTGES1178a,253,246,-65.66,0.0,845.93,7.8
2024-07-08,14,123,LTGES0086,115,122,-2165.2,0.0,4468.69,48.5
2024-07-08,14,616,LTGES0429a,361,362,-72.21,0.0,8937.38,0.8
2024-07-08,14,2285,TR_023fe59e,167,168,-636.9,0.0,1200.0,53.1
2024-07-08,14,1867,LTGES1226a,618,646,73.37,0.0,2457.78,3.0
2024-07-08,14,1849,LTGES1213,1127,859,119.56,0.0,1228.89,9.7
2024-07-08,14,300,LTGES0216b,238,239,-1082.98,0.0,8937.38,12.1
2024-07-08,14,1000,LTGES0666,481,694,-244.47,0.0,1228.89,19.9
2024-07-08,14,2172,LTGES1448,1072,648,-35.77,0.0,1228.89,2.9
2024-07-08,14,1875,LTGES1230b,1136,1139,-86.74,0.0,2457.78,3.5
2024-07-08,14,1794,LTGES1181a,91,698,267.89,0.0,3686.67,7.3
2024-07-08,14,1018,LTGES0674c,909,911,-94.15,0.0,4915.56,1.9
2024-07-08,14,1024,LTGES0677a,903,912,152.41,0.0,8937.38,1.7
2024-07-08,14,1216,LTGES0799b,183,178,301.65,0.0,8937.38,3.4
2024-07-08,14,1992,LTGES1312b,193,663,62.58,0.0,8937.38,0.7
2024-07-08,14,601,LTGES0417,272,1124,-59.01,0.0,1228.89,4.8
2024-07-08,14,1896,LTGES1243b,1078,620,-31.67,0.0,8937.38,0.4
2024-07-08,14,1687,LTGES1114,1053,482,-400.79,0.0,1228.89,32.6
2024-07-08,14,1751,LTGES1152b,602,295,877.57,0.0,2457.78,35.7
2024-07-08,14,1217,LTGES0800a,177,527,-344.06,0.0,2457.78,14.0
2024-07-08,14,1494,LTGES0982b,1021,1020,54.28,0.0,2457.78,2.2
2024-07-08,14,1913,LTGES1253,1137,797,9.66,0.0,1228.89,0.8
2024-07-08,14,1170,LTGES0769b,420,225,139.52,0.0,2457.78,5.7
2024-07-08,14,1511,LTGES0994a,1024,1023,-43.67,0.0,2457.78,1.8
2024-07-08,14,1741,LTGES1146,1095,48,-248.59,0.0,1228.89,20.2
2024-07-08,14,423,LTGES0290,134,952,-1338.04,0.0,4468.69,29.9
2024-07-08,14,317,LTGES0224a,247,250,-107.17,0.0,2457.78,4.4
2024-07-08,14,1274,LTGES0838a,545,161,88.98,0.0,2457.78,3.6
2024-07-08,14,863,LTGES0586a,883,982,-2286.85,0.0,8937.38,25.6
2024-07-08,14,1462,LTGES0958b,580,568,-96.88,0.0,8937.38,1.1
2024-07-08,14,2262,TR_e1d8c398,467,468,16.26,0.0,1875.0,0.9
2024-07-08,14,316,LTGES0223c,244,120,-13.21,0.0,1268.9,1.0
2024-07-08,14,617,LTGES0429b,361,362,-72.21,0.0,8937.38,0.8
2024-07-08,14,463,LTGES0321a,788,311,-0.87,0.0,2457.78,0.0
2024-07-08,14,1294,LTGES0852b,982,555,4.65,0.0,8937.38,0.1
2024-07-08,14,1458,LTGES0956a,993,46,-42.23,0.0,8937.38,0.5
2024-07-08,14,263,LTGES0190,221,740,-500.64,0.0,4468.69,11.2
2024-07-08,14,1603,LTGES1055b,729,1062,-87.95,0.0,2457.78,3.6
2024-07-08,14,2021,LTGES1332b,501,924,2.29,0.0,3686.67,0.1
2024-07-08,14,295,LTGES0212b,751,261,76.62,0.0,8937.38,0.9
2024-07-08,14,1038,LTGES0685b,918,487,-1022.84,0.0,2457.78,41.6
2024-07-08,14,181,LTGES0133a,21,156,-2168.76,0.0,8937.38,24.3
2024-07-08,14,802,LTGES0550b,441,266,-409.28,0.0,2457.78,16.7
2024-07-08,14,368,LTGES0253a,271,273,128.04,0.0,17874.76,0.7
2024-07-08,14,1987,LTGES1308,1178,661,-0.43,0.0,1228.89,0.0
2024-07-08,14,1016,LTGES0674a,909,911,-94.15,0.0,4915.56,1.9
2024-07-08,14,913,LTGES0615b,466,266,73.1,0.0,2457.78,3.0
2024-07-08,14,386,LTGES0262a,278,773,14.57,0.0,2457.78,0.6
2024-07-08,14,85,LTGES0058a,93,94,84.47,0.0,2457.78,3.4
2024-07-08,14,1782,LTGES1174b,1108,1107,135.34,0.0,3574.95,3.8
2024-07-08,14,568,LTGES0392,338,336,176.04,0.0,1228.89,14.3
2024-07-08,14,1644,LTGES1085a,613,501,-35.9,0.0,2457.78,1.5
2024-07-08,14,309,LTGES0221b,245,121,190.78,0.0,3686.67,5.2
2024-07-08,14,30,LTGES0019a,29,31,739.06,0.0,8937.38,8.3
2024-07-08,14,569,LTGES0393,338,339,-42.61,0.0,1228.89,3.5
2024-07-08,14,1422,LTGES0934d,786,123,-72.28,0.0,4915.56,1.5
2024-07-08,14,1438,LTGES0945,1082,294,-166.64,0.0,4468.69,3.7
2024-07-08,14,1060,LTGES0701b,455,497,-277.55,0.0,8937.38,3.1
2024-07-08,14,2002,LTGES1320b,421,1230,-39.18,0.0,2457.78,1.6
2024-07-08,14,1845,LTGES1210b,1131,1129,-85.39,0.0,8937.38,1.0
2024-07-08,14,1391,LTGES0915b,977,724,135.21,0.0,8937.38,1.5
2024-07-08,14,642,LTGES0445a,369,371,5.18,0.0,2457.78,0.2
2024-07-08,14,828,LTGES0563b,732,874,7.88,0.0,4915.56,0.2
2024-07-08,14,589,LTGES0408b,347,348,-970.88,0.0,8937.38,10.9
2024-07-08,14,1137,LTGES0750a,942,515,-120.19,0.0,2457.78,4.9
2024-07-08,14,1617,LTGES1065b,611,296,-340.2,0.0,2457.78,13.8
2024-07-08,14,1286,LTGES0847,550,551,-253.95,0.0,1228.89,20.7
2024-07-08,14,75,LTGES0050,83,54,325.47,0.0,1228.89,26.5
2024-07-08,14,930,LTGES0625a,13,682,68.74,0.0,2457.78,2.8
2024-07-08,14,1936,LTGES1267b,416,1067,96.17,0.0,2457.78,3.9
2024-07-08,14,1270,LTGES0835b,543,978,0.46,0.0,2457.78,0.0
2024-07-08,14,2176,TR_2ba8192a,123,124,-344.41,0.0,1200.0,28.7
2024-07-08,14,2291,TR_f79c0213,382,383,42.74,0.0,1200.0,3.6
2024-07-08,14,2303,TR_ac797598,247,248,-279.47,0.0,750.0,37.3
2024-07-08,14,2065,LTGES1364a,1207,1119,-15.11,0.0,2457.78,0.6
2024-07-08,14,2211,TR_0f7c87f6,723,724,-52.41,0.0,500.0,10.5
2024-07-08,14,460,LTGES0318,311,312,120.0,0.0,1228.89,9.8
2024-07-08,14,1642,LTGES1084a,612,1086,-18.53,0.0,2457.78,0.8
2024-07-08,14,2000,LTGES1319b,97,1187,111.95,0.0,2457.78,4.6
2024-07-08,14,1207,LTGES0795a,334,35,557.69,0.0,8937.38,6.2
2024-07-08,14,1626,LTGES1072a,170,1157,70.83,0.0,2457.78,2.9
2024-07-08,14,669,LTGES0462a,389,390,-197.66,0.0,8937.38,2.2
2024-07-08,14,1595,LTGES1050,608,396,72.68,0.0,1228.89,5.9
2024-07-08,14,537,LTGES0374a,332,819,189.78,0.0,2457.78,7.7
2024-07-08,14,2294,TR_14c8e677,411,412,-14.2,0.0,1200.0,1.2
2024-07-08,14,2077,LTGES1375,1212,602,-123.3,0.0,1228.89,10.0
2024-07-08,14,1500,LTGES0987a,97,531,30.71,0.0,2457.78,1.2
2024-07-08,14,1550,LTGES1019,1030,226,535.39,0.0,4468.69,12.0
2024-07-08,14,1268,LTGES0834,103,997,-26.27,0.0,1228.89,2.1
2024-07-08,14,858,LTGES0582,394,455,-137.39,0.0,4468.69,3.1
2024-07-08,14,2201,TR_565d8e08,715,716,52.92,0.0,500.0,10.6
2024-07-08,14,1873,LTGES1229,960,1152,11.85,0.0,1228.89,1.0
2024-07-08,14,840,LTGES0570a,80,877,14.89,0.0,8937.38,0.2
2024-07-08,14,1651,LTGES1088b,155,157,-44.97,0.0,2457.78,1.8
2024-07-08,14,1596,LTGES1051,386,1100,-91.97,0.0,1228.89,7.5
2024-07-08,14,208,LTGES0150a,182,742,46.68,0.0,2457.78,1.9
2024-07-08,14,1790,LTGES1179a,256,258,310.7,0.0,2457.78,12.6
2024-07-08,14,855,LTGES0579,381,453,298.2,0.0,1228.89,24.3
2024-07-08,14,224,LTGES0160,56,112,-141.29,0.0,1228.89,11.5
2024-07-08,14,688,LTGES0472a,839,395,207.44,0.0,2457.78,8.4
2024-07-08,14,1961,LTGES1286,495,176,-739.42,0.0,4468.69,16.5
2024-07-08,14,711,LTGES0488,846,57,34.24,0.0,1228.89,2.8
2024-07-08,14,1442,LTGES0948,294,574,20.05,0.0,4468.69,0.4
2024-07-08,14,797,LTGES0548a,439,442,54.91,0.0,2457.78,2.2
2024-07-08,14,1258,LTGES0827b,1005,313,-51.55,0.0,3686.67,1.4
2024-07-08,14,1257,LTGES0827a,1005,313,-51.55,0.0,3686.67,1.4
2024-07-08,14,1911,LTGES1251b,1148,869,12.61,0.0,8937.38,0.1
2024-07-08,14,867,LTGES0588a,772,457,8.41,0.0,8937.38,0.1
2024-07-08,14,2016,LTGES1329a,149,133,-50.71,0.0,2457.78,2.1
2024-07-08,14,1903,LTGES1247b,871,870,-3.84,0.0,8937.38,0.0
2024-07-08,14,1858,LTGES1220a,464,63,74.12,0.0,2457.78,3.0
2024-07-08,14,1337,LTGES0882a,222,988,-10.73,0.0,2457.78,0.4
2024-07-08,14,2102,LTGES1392b,1141,237,-241.26,0.0,17874.76,1.3
2024-07-08,14,738,LTGES0508a,33,19,-1971.36,0.0,8937.38,22.1
2024-07-08,14,1575,LTGES1036c,78,245,222.95,0.0,3686.67,6.0
2024-07-08,14,879,LTGES0595a,886,461,-10.96,0.0,2457.78,0.4
2024-07-08,14,2255,TR_23a069a8,146,147,-183.28,0.0,1875.0,9.8
2024-07-08,14,1099,LTGES0725b,240,938,326.31,0.0,2457.78,13.3
2024-07-08,14,699,LTGES0478b,395,399,498.6,0.0,2457.78,20.3
2024-07-08,14,1829,LTGES1204,636,981,210.0,0.0,4468.69,4.7
2024-07-08,14,687,LTGES0471b,36,1236,-1088.08,0.0,8937.38,12.2
2024-07-08,14,1860,LTGES1221,642,131,-18.78,0.0,1228.89,1.5
2024-07-08,14,830,LTGES0563d,732,874,7.88,0.0,4915.56,0.2
2024-07-08,14,225,LTGES0161,196,197,-222.69,0.0,1228.89,18.1
2024-07-08,14,1586,LTGES1044a,607,1128,135.47,0.0,8937.38,1.5
2024-07-08,14,1732,LTGES1140,964,532,427.03,0.0,1228.89,34.7
2024-07-08,14,1840,LTGES1208c,637,1130,21.66,0.0,4915.56,0.4
2024-07-08,14,1036,LTGES0684b,911,142,-167.15,0.0,2457.78,6.8
2024-07-08,14,1192,LTGES0781,522,451,-269.18,0.0,1228.89,21.9
2024-07-08,14,1526,LTGES1005b,212,592,157.34,0.0,2457.78,6.4
2024-07-08,14,1401,LTGES0920,171,981,-1329.83,0.0,4468.69,29.8
2024-07-08,14,161,LTGES0119,157,155,19.11,0.0,1228.89,1.6
2024-07-08,14,692,LTGES0474a,839,397,1.59,0.0,2457.78,0.1
2024-07-08,14,712,LTGES0489,405,846,174.6,0.0,1228.89,14.2
2024-07-08,14,1327,LTGES0874,1000,560,-2.24,0.0,1228.89,0.2
2024-07-08,14,1925,LTGES1261a,1150,166,-15.82,0.0,2457.78,0.6
2024-07-08,14,1430,LTGES0940a,1092,531,-63.61,0.0,2457.78,2.6
2024-07-08,14,1833,LTGES1206b,1128,1129,116.43,0.0,8937.38,1.3
2024-07-08,14,2114,LTGES1402,667,1225,-77.1,0.0,1228.89,6.3
2024-07-08,14,142,LTGES0106,54,60,149.56,0.0,1228.89,12.2
2024-07-08,14,2261,TR_9e0dda04,13,14,-70.09,0.0,1875.0,3.7
2024-07-08,14,637,LTGES0442,366,833,-88.79,0.0,1228.89,7.2
2024-07-08,14,1465,LTGES0960b,852,581,9.25,0.0,2457.78,0.4
2024-07-08,14,2145,LTGES1426a,674,117,-355.56,0.0,2457.78,14.5
2024-07-08,14,995,LTGES0663a,905,50,1227.47,0.0,8937.38,13.7
2024-07-08,14,1599,LTGES1053,142,1053,-379.94,0.0,1228.89,30.9
2024-07-08,14,1359,LTGES0895b,562,564,191.13,0.0,4915.56,3.9
2024-07-08,14,968,LTGES0649b,30,28,64.09,0.0,2457.78,2.6
2024-07-08,14,432,LTGES0297,306,1040,3.41,0.0,1228.89,0.3
2024-07-08,14,1972,LTGES1297a,660,411,-3.39,0.0,2457.78,0.1
2024-07-08,14,113,LTGES0079,112,54,302.31,0.0,1228.89,24.6
2024-07-08,14,492,LTGES0341a,795,794,4.27,0.0,2457.78,0.2
2024-07-08,14,445,LTGES0306,49,696,185.77,0.0,1228.89,15.1
2024-07-08,14,322,LTGES0226b,250,252,-129.28,0.0,2457.78,5.3
2024-07-08,14,2277,TR_df0fbfc7,135,136,-172.38,0.0,750.0,23.0
2024-07-08,14,1988,LTGES1309,131,662,-10.99,0.0,1228.89,0.9
2024-07-08,14,269,LTGES0195b,48,3,-132.93,0.0,2457.78,5.4
2024-07-08,14,1380,LTGES0907a,971,538,14.36,0.0,2457.78,0.6
2024-07-08,14,588,LTGES0408a,347,348,-970.88,0.0,8937.38,10.9
2024-07-08,14,555,LTGES0385a,335,821,33.88,0.0,2457.78,1.4
2024-07-08,14,1281,LTGES0843b,979,547,17.74,0.0,8937.38,0.2
2024-07-08,14,892,LTGES0604a,280,892,184.94,0.0,3686.67,5.0
2024-07-08,14,1111,LTGES0734,934,355,-706.23,0.0,1228.89,57.5
2024-07-08,14,2292,TR_fa8d5caa,279,280,-51.07,0.0,500.0,10.2
2024-07-08,14,794,LTGES0546b,439,441,-84.77,0.0,2457.78,3.4
2024-07-08,14,663,LTGES0458b,385,386,-144.11,0.0,2457.78,5.9
2024-07-08,14,1315,LTGES0866,986,1184,2.06,0.0,1228.89,0.2
2024-07-08,14,2240,TR_9238fc7c,199,200,-39.69,0.0,500.0,7.9
2024-07-08,14,1326,LTGES0873,560,153,-138.53,0.0,1228.89,11.3
2024-07-08,14,873,LTGES0591b,459,460,-2.67,0.0,2457.78,0.1
2024-07-08,14,628,LTGES0436a,240,831,63.58,0.0,2457.78,2.6
2024-07-08,14,171,LTGES0126b,165,899,726.05,0.0,2457.78,29.5
2024-07-08,14,1764,LTGES1159b,513,941,2.21,0.0,2457.78,0.1
2024-07-08,14,653,LTGES0452a,208,743,630.77,0.0,8937.38,7.1
2024-07-08,14,1154,LTGES0760b,127,242,-208.94,0.0,2457.78,8.5
2024-07-08,14,345,LTGES0238a,757,259,37.87,0.0,845.93,4.5
2024-07-08,14,646,LTGES0447a,369,833,109.69,0.0,2457.78,4.5
2024-07-08,14,1904,LTGES1248a,871,870,-3.84,0.0,8937.38,0.0
2024-07-08,14,1505,LTGES0989b,586,417,-38.48,0.0,2457.78,1.6
2024-07-08,14,319,LTGES0225a,246,249,-32.31,0.0,845.93,3.8
2024-07-08,14,502,LTGES0349a,802,112,247.17,0.0,2457.78,10.1
2024-07-08,14,758,LTGES0524a,857,424,-4.99,0.0,2457.78,0.2
2024-07-08,14,478,LTGES0330a,766,270,-5.3,0.0,2457.78,0.2
2024-07-08,14,312,LTGES0222b,244,120,-13.21,0.0,1268.9,1.0
2024-07-08,14,1551,LTGES1020a,602,488,-958.04,0.0,2457.78,39.0
2024-07-08,14,748,LTGES0516,421,325,-258.06,0.0,1228.89,21.0
2024-07-08,14,2105,LTGES1393,849,382,73.09,0.0,1228.89,5.9
2024-07-08,14,567,LTGES0391,822,814,31.57,0.0,1228.89,2.6
2024-07-08,14,1055,LTGES0697,923,492,-239.81,0.0,1228.89,19.5
2024-07-08,14,831,LTGES0564,873,106,-23.66,0.0,1228.89,1.9
2024-07-08,14,67,LTGES0045,75,76,-733.87,0.0,4468.69,16.4
2024-07-08,14,2120,LTGES1408,672,673,-118.51,0.0,1228.89,9.6
2024-07-08,14,621,LTGES0432a,362,1145,-563.86,0.0,8937.38,6.3
2024-07-08,14,344,LTGES0237b,758,260,129.13,0.0,2457.78,5.3
2024-07-08,14,1739,LTGES1144b,939,512,-34.45,0.0,2457.78,1.4
2024-07-08,14,1414,LTGES0930,560,570,-138.31,0.0,1228.89,11.3
2024-07-08,14,1638,LTGES1080a,22,611,-250.28,0.0,2457.78,10.2
2024-07-08,14,535,LTGES0373a,819,823,268.19,0.0,2457.78,10.9
2024-07-08,14,1456,LTGES0955c,993,568,60.17,0.0,17874.76,0.3
2024-07-08,14,1523,LTGES1003b,1027,1028,-508.86,0.0,2457.78,20.7
2024-07-08,14,452,LTGES0311,126,162,300.49,0.0,4468.69,6.7
2024-07-08,14,2081,LTGES1379,131,324,-116.86,0.0,1228.89,9.5
2024-07-08,14,2258,TR_7fb6d213,482,483,-14.77,0.0,750.0,2.0
2024-07-08,14,639,LTGES0443b,205,80,-2074.96,0.0,8937.38,23.2
2024-07-08,14,109,LTGES0076,55,41,293.34,0.0,4468.69,6.6
2024-07-08,14,320,LTGES0225b,246,249,-32.31,0.0,845.93,3.8
2024-07-08,14,1119,LTGES0739,364,937,354.64,0.0,1228.89,28.9
2024-07-08,14,217,LTGES0154b,188,189,175.71,0.0,2457.78,7.1
2024-07-08,14,1187,LTGES0778a,870,12,171.06,0.0,8937.38,1.9
2024-07-08,14,1789,LTGES1178b,253,246,-65.66,0.0,845.93,7.8
2024-07-08,14,1063,LTGES0703a,497,7,-325.55,0.0,8937.38,3.6
2024-07-08,14,821,LTGES0560a,702,11,-188.23,0.0,2457.78,7.7
2024-07-08,14,2272,TR_4422f4c8,388,389,2978.43,0.0,7500.0,39.7
2024-07-08,14,2023,LTGES1333,43,37,593.94,0.0,4468.69,13.3
2024-07-08,14,2316,TR_5dccfcf1,113,114,-10.68,0.0,500.0,2.1
2024-07-08,14,2194,TR_30aa9055,170,171,-54.6,0.0,500.0,10.9
2024-07-08,14,1698,LTGES1120a,1,626,7.46,0.0,4915.56,0.2
2024-07-08,14,1341,LTGES0884,269,770,60.16,0.0,4468.69,1.3
2024-07-08,14,2256,TR_6fc17258,561,562,-0.63,0.0,500.0,0.1
2024-07-08,14,1726,LTGES1136b,1075,617,-0.01,0.0,2457.78,0.0
2024-07-08,14,1960,LTGES1285,393,398,4.37,0.0,1228.89,0.4
2024-07-08,14,1891,LTGES1240,273,1144,-143.17,0.0,4468.69,3.2
2024-07-08,14,933,LTGES0627,682,471,127.26,0.0,1228.89,10.4
2024-07-08,14,2040,LTGES1345b,460,665,14.91,0.0,2457.78,0.6
2024-07-08,14,760,LTGES0525,45,427,59.73,0.0,1228.89,4.9
2024-07-08,14,1478,LTGES0971a,45,1017,152.51,0.0,2457.78,6.2
2024-07-08,14,1300,LTGES0856,950,523,231.06,0.0,1228.89,18.8
2024-07-08,14,1621,LTGES1068,359,1060,-204.97,0.0,4468.69,4.6
2024-07-08,14,789,LTGES0544a,865,864,24.99,0.0,2457.78,1.0
2024-07-08,14,1600,LTGES1054a,1052,140,-32.22,0.0,2457.78,1.3
2024-07-08,14,1640,LTGES1081,789,790,18.11,0.0,1228.89,1.5
2024-07-08,14,820,LTGES0559b,1214,702,-198.94,0.0,2457.78,8.1
2024-07-08,14,1517,LTGES0998,1026,590,-26.99,0.0,1228.89,2.2
2024-07-08,14,1853,LTGES1216a,1134,639,-4.21,0.0,2457.78,0.2
2024-07-08,14,765,LTGES0529a,429,124,-664.75,0.0,8937.38,7.4
2024-07-08,14,1689,LTGES1115b,22,991,61.67,0.0,2457.78,2.5
2024-07-08,14,1385,LTGES0911,153,781,-104.0,0.0,1228.89,8.5
2024-07-08,14,1564,LTGES1030a,7,183,189.93,0.0,8937.38,2.1
2024-07-08,14,1209,LTGES0796,333,964,-64.72,0.0,1228.89,5.3
2024-07-08,14,662,LTGES0458a,385,386,-144.11,0.0,2457.78,5.9
2024-07-08,14,1484,LTGES0974b,291,293,-38.9,0.0,2457.78,1.6
2024-07-08,14,659,LTGES0456,380,381,300.91,0.0,1228.89,24.5
2024-07-08,14,2061,LTGES1362a,126,542,-1114.85,0.0,8937.38,12.5
2024-07-08,14,1956,LTGES1281b,656,68,-12.56,0.0,8937.38,0.1
2024-07-08,14,358,LTGES0245,759,237,-580.6,0.0,4468.69,13.0
2024-07-08,14,2188,TR_f3d46ea1,172,173,-1.61,0.0,500.0,0.3
2024-07-08,14,1061,LTGES0702a,455,394,270.85,0.0,8937.38,3.0
2024-07-08,14,783,LTGES0541a,433,208,307.53,0.0,8937.38,3.4
2024-07-08,14,541,LTGES0376,822,816,-610.38,0.0,1228.89,49.7
2024-07-08,14,1643,LTGES1084b,612,1086,-18.53,0.0,2457.78,0.8
2024-07-08,14,862,LTGES0585,85,64,793.49,0.0,4468.69,17.8
2024-07-08,14,1673,LTGES1104,679,1080,2.17,0.0,1228.89,0.2
2024-07-08,14,234,LTGES0167a,206,872,17.72,0.0,2457.78,0.7
2024-07-08,14,1878,LTGES1232b,383,1141,170.56,0.0,8937.38,1.9
2024-07-08,14,1365,LTGES0896d,561,563,0.16,0.0,1691.87,0.0
2024-07-08,14,2054,LTGES1358b,110,173,-1143.88,0.0,8937.38,12.8
2024-07-08,14,205,LTGES0148b,726,179,2.93,0.0,8937.38,0.0
2024-07-08,14,2320,TR_047a855a,257,258,3.76,0.0,500.0,0.8
2024-07-08,14,1304,LTGES0859a,557,451,-227.94,0.0,2457.78,9.3
2024-07-08,14,1747,LTGES1150a,968,526,375.76,0.0,2457.78,15.3
2024-07-08,14,816,LTGES0557a,868,865,-260.93,0.0,2457.78,10.6
2024-07-08,14,927,LTGES0623,683,907,440.51,0.0,4468.69,9.9
2024-07-08,14,2343,TR_5d89fb1a,621,1235,-309.12,0.0,750.0,41.2
2024-07-08,14,164,LTGES0121,158,955,-6.48,0.0,1228.89,0.5
2024-07-08,14,1378,LTGES0906a,567,954,127.23,0.0,8937.38,1.4
2024-07-08,14,380,LTGES0259a,771,770,-226.5,0.0,8937.38,2.5
2024-07-08,14,2206,TR_a5f948b9,997,998,-54.72,0.0,500.0,10.9
2024-07-08,14,298,LTGES0215,753,693,2275.43,0.0,4468.69,50.9
2024-07-08,14,1203,LTGES0793a,185,183,61.66,0.0,8937.38,0.7
2024-07-08,14,126,LTGES0088,43,79,645.4,0.0,4468.69,14.4
2024-07-08,14,226,LTGES0162,197,56,-235.46,0.0,1228.89,19.2
2024-07-08,14,1230,LTGES0807,133,959,25.9,0.0,1228.89,2.1
2024-07-08,14,553,LTGES0383,335,820,-36.06,0.0,1228.89,2.9
2024-07-08,14,985,LTGES0656b,477,760,1243.68,0.0,8937.38,13.9
2024-07-08,14,2008,LTGES1325a,1047,664,-5.68,0.0,2457.78,0.2
2024-07-08,14,951,LTGES0638a,901,34,22.5,0.0,2457.78,0.9
2024-07-08,14,2300,TR_8d4c74b6,240,241,-1053.16,0.0,1875.0,56.2
2024-07-08,14,1030,LTGES0681a,89,915,-959.88,0.0,13406.07,7.2
2024-07-08,14,644,LTGES0446a,368,370,1.67,0.0,845.93,0.2
2024-07-08,14,2302,TR_a6acaf6d,246,247,-66.7,0.0,750.0,8.9
2024-07-08,14,1776,LTGES1169,787,1105,-279.51,0.0,1228.89,22.7
2024-07-08,14,689,LTGES0472b,839,395,207.44,0.0,2457.78,8.4
2024-07-08,14,1173,LTGES0771a,225,518,154.05,0.0,2457.78,6.3
2024-07-08,14,1161,LTGES0764b,562,24,-362.97,0.0,2457.78,14.8
2024-07-08,14,1182,LTGES0775b,225,47,59.86,0.0,2457.78,2.4
2024-07-08,14,2247,TR_3849e2ae,909,910,-43.34,0.0,500.0,8.7
2024-07-08,14,1521,LTGES1002,1027,1054,-46.18,0.0,1228.89,3.8
2024-07-08,14,1096,LTGES0724a,92,931,-225.6,0.0,8937.38,2.5
2024-07-08,14,512,LTGES0356a,127,801,202.65,0.0,2457.78,8.2
2024-07-08,14,1371,LTGES0900b,990,777,652.64,0.0,8937.38,7.3
2024-07-08,14,493,LTGES0341b,795,794,4.27,0.0,2457.78,0.2
2024-07-08,14,471,LTGES0325,201,790,3.7,0.0,1228.89,0.3
2024-07-08,14,1390,LTGES0915a,977,724,135.21,0.0,8937.38,1.5
2024-07-08,14,361,LTGES0247a,160,777,-651.9,0.0,8937.38,7.3
2024-07-08,14,1874,LTGES1230a,1136,1139,-86.74,0.0,2457.78,3.5
2024-07-08,14,1884,LTGES1235b,448,621,-60.64,0.0,2457.78,2.5
2024-07-08,14,1397,LTGES0918a,997,976,-26.99,0.0,3686.67,0.7
2024-07-08,14,1140,LTGES0752a,516,943,-3.98,0.0,2457.78,0.2
2024-07-08,14,397,LTGES0270,284,282,-250.36,0.0,1228.89,20.4
2024-07-08,14,1503,LTGES0988b,734,586,-1.0,0.0,2457.78,0.0
2024-07-08,14,808,LTGES0552d,444,867,-12.83,0.0,4915.56,0.3
2024-07-08,14,1026,LTGES0678a,913,471,-2.21,0.0,2457.78,0.1
2024-07-08,14,1452,LTGES0954a,428,579,-24.64,0.0,8937.38,0.3
2024-07-08,14,4,LTGES0002b,729,1086,36.8,0.0,2457.78,1.5
2024-07-08,14,2332,TR_585684a3,438,439,40.97,0.0,500.0,8.2
2024-07-08,14,1357,LTGES0894b,162,780,732.96,0.0,8937.38,8.2
2024-07-08,14,1646,LTGES1086a,514,614,100.2,0.0,2457.78,4.1
2024-07-08,14,1955,LTGES1281a,656,68,-12.56,0.0,8937.38,0.1
2024-07-08,14,221,LTGES0158,712,195,148.01,0.0,1228.89,12.0
2024-07-08,14,750,LTGES0518,856,422,-36.17,0.0,1228.89,2.9
2024-07-08,14,210,LTGES0151a,183,187,-40.46,0.0,8937.38,0.5
2024-07-08,14,1491,LTGES0980,585,1021,-38.21,0.0,1228.89,3.1
2024-07-08,14,2339,TR_6c5e9c5a,225,226,-655.6,0.0,1875.0,35.0
2024-07-08,14,690,LTGES0473a,396,395,32.18,0.0,2457.78,1.3
2024-07-08,14,134,LTGES0095,719,720,4.5,0.0,4468.69,0.1
2024-07-08,14,329,LTGES0230a,121,254,298.77,0.0,2457.78,12.2
2024-07-08,14,240,LTGES0170,209,746,31.13,0.0,1228.89,2.5
2024-07-08,14,1537,LTGES1012a,596,598,-23.49,0.0,845.93,2.8
2024-07-08,14,1400,LTGES0919,553,102,-40.22,0.0,1228.89,3.3
2024-07-08,14,2026,LTGES1335a,520,1110,-73.76,0.0,2457.78,3.0
2024-07-08,14,373,LTGES0255b,235,261,-843.31,0.0,8937.38,9.4
2024-07-08,14,133,LTGES0094,41,128,-903.18,0.0,4468.69,20.2
2024-07-08,14,574,LTGES0397,340,341,13.86,0.0,1228.89,1.1
2024-07-08,14,246,LTGES0175,732,106,-113.88,0.0,1228.89,9.3
2024-07-08,14,466,LTGES0322b,306,782,-354.04,0.0,2457.78,14.4
2024-07-08,14,753,LTGES0520,70,857,216.25,0.0,1228.89,17.6
2024-07-08,14,560,LTGES0387b,8,823,-181.14,0.0,2457.78,7.4
2024-07-08,14,679,LTGES0467b,838,837,-207.31,0.0,2457.78,8.4
2024-07-08,14,375,LTGES0256b,234,260,-55.66,0.0,2457.78,2.3
2024-07-08,14,1637,LTGES1079,1069,1068,5.63,0.0,4468.69,0.1
2024-07-08,14,1714,LTGES1128b,182,186,76.45,0.0,2457.78,3.1
2024-07-08,14,307,LTGES0220b,156,14,1711.85,0.0,8937.38,19.2
2024-07-08,14,1773,LTGES1166b,1104,1102,56.52,0.0,2457.78,2.3
2024-07-08,14,880,LTGES0595b,886,461,-10.96,0.0,2457.78,0.4
2024-07-08,14,565,LTGES0389b,822,8,289.27,0.0,2457.78,11.8
2024-07-08,14,1706,LTGES1123b,350,1090,26.82,0.0,8937.38,0.3
2024-07-08,14,411,LTGES0283,154,779,162.53,0.0,4468.69,3.6
2024-07-08,14,538,LTGES0374b,332,819,189.78,0.0,2457.78,7.7
2024-07-08,14,1392,LTGES0916a,976,723,-32.07,0.0,2457.78,1.3
2024-07-08,14,1826,LTGES1202,1124,1125,21.3,0.0,1228.89,1.7
2024-07-08,14,2295,TR_45015848,297,298,-62.98,0.0,500.0,12.6
2024-07-08,14,1275,LTGES0838b,545,161,88.98,0.0,2457.78,3.6
2024-07-08,14,1457,LTGES0955d,993,568,60.17,0.0,17874.76,0.3
2024-07-08,14,2148,LTGES1428,1161,640,890.77,0.0,1228.89,72.5
2024-07-08,14,2088,LTGES1383,593,1029,12.86,0.0,1228.89,1.0
2024-07-08,14,132,LTGES0093b,40,132,21.76,0.0,2457.78,0.9
2024-07-08,14,1694,LTGES1118a,1088,562,465.81,0.0,2457.78,19.0
2024-07-08,14,470,LTGES0324b,790,791,10.5,0.0,2457.78,0.4
2024-07-08,14,1481,LTGES0972b,45,291,-78.84,0.0,2457.78,3.2
2024-07-08,14,1040,LTGES0687a,918,917,13.24,0.0,2457.78,0.5
2024-07-08,14,1893,LTGES1241b,135,65,-56.91,0.0,2457.78,2.3
2024-07-08,14,800,LTGES0549b,435,443,-51.65,0.0,2457.78,2.1
2024-07-08,14,618,LTGES0430a,361,359,145.53,0.0,8937.38,1.6
2024-07-08,14,1709,LTGES1125,1004,1005,-146.56,0.0,1228.89,11.9
2024-07-08,14,2160,LTGES1439b,1186,1187,-85.35,0.0,2457.78,3.5
2024-07-08,14,733,LTGES0505,419,420,-58.59,0.0,1228.89,4.8
2024-07-08,14,2087,LTGES1382b,614,1149,89.06,0.0,2457.78,3.6
2024-07-08,14,119,LTGES0083b,116,119,24.01,0.0,2457.78,1.0
2024-07-08,14,839,LTGES0569,877,376,715.21,0.0,4468.69,16.0
2024-07-08,14,42,LTGES0027a,50,915,1123.68,0.0,8937.38,12.6
2024-07-08,14,28,LTGES0017,25,26,432.43,0.0,1228.89,35.2
2024-07-08,14,781,LTGES0540a,373,205,-1423.8,0.0,8937.38,15.9
2024-07-08,14,381,LTGES0259b,771,770,-226.5,0.0,8937.38,2.5
2024-07-08,14,439,LTGES0302a,264,261,-1.59,0.0,8937.38,0.0
2024-07-08,14,347,LTGES0239a,262,258,-34.49,0.0,2457.78,1.4
2024-07-08,14,2143,LTGES1424,748,750,65.4,0.0,1228.89,5.3
2024-07-08,14,1670,LTGES1102,289,286,-21.07,0.0,1228.89,1.7
2024-07-08,14,897,LTGES0606a,280,948,-7.74,0.0,2457.78,0.3
2024-07-08,14,290,LTGES0210a,367,752,-362.22,0.0,8937.38,4.1
2024-07-08,14,409,LTGES0281,290,776,151.83,0.0,4468.69,3.4
2024-07-08,14,1730,LTGES1139a,983,557,-4.96,0.0,2457.78,0.2
2024-07-08,14,314,LTGES0223a,244,120,-13.21,0.0,1268.9,1.0
2024-07-08,14,1622,LTGES1069,1060,907,-368.8,0.0,4468.69,8.3
2024-07-08,14,1507,LTGES0991a,1022,588,-30.97,0.0,2457.78,1.3
2024-07-08,14,163,LTGES0120b,156,69,429.41,0.0,8937.38,4.8
2024-07-08,14,1697,LTGES1119b,20,1089,76.86,0.0,2457.78,3.1
2024-07-08,14,481,LTGES0331b,302,784,-26.7,0.0,2457.78,1.1
2024-07-08,14,281,LTGES0205a,747,5,-22.88,0.0,2457.78,0.9
2024-07-08,14,847,LTGES0574,879,216,-11.23,0.0,1228.89,0.9
2024-07-08,14,730,LTGES0502b,382,414,43.94,0.0,2457.78,1.8
2024-07-08,14,2027,LTGES1335b,520,1110,-73.76,0.0,2457.78,3.0
2024-07-08,14,25,LTGES0015b,13,24,241.38,0.0,2457.78,9.8
2024-07-08,14,114,LTGES0080,703,721,-170.22,0.0,4468.69,3.8
2024-07-08,14,2290,TR_531ab7c5,653,654,-309.26,0.0,750.0,41.2
2024-07-08,14,1338,LTGES0882b,222,988,-10.73,0.0,2457.78,0.4
2024-07-08,14,1816,LTGES1193a,467,632,66.29,0.0,2457.78,2.7
2024-07-08,14,1461,LTGES0958a,580,568,-96.88,0.0,8937.38,1.1
2024-07-08,14,681,LTGES0468b,392,838,4.11,0.0,2457.78,0.2
2024-07-08,14,31,LTGES0019b,29,31,739.06,0.0,8937.38,8.3
2024-07-08,14,274,LTGES0200,151,40,-6.64,0.0,1228.89,0.5
2024-07-08,14,865,LTGES0587a,883,772,2248.51,0.0,8937.38,25.2
2024-07-08,14,888,LTGES0601b,464,463,-425.98,0.0,2457.78,17.3
2024-07-08,14,484,LTGES0334,795,1137,11.96,0.0,1228.89,1.0
2024-07-08,14,2314,TR_62f1261f,265,266,-80.26,0.0,750.0,10.7
2024-07-08,14,986,LTGES0657,144,1193,-407.47,0.0,1228.89,33.2
2024-07-08,14,956,LTGES0640b,426,339,-38.52,0.0,2457.78,1.6
2024-07-08,14,1009,LTGES0671b,480,483,1975.1,0.0,8937.38,22.1
2024-07-08,14,412,LTGES0284,292,46,-600.2,0.0,4468.69,13.4
2024-07-08,14,1287,LTGES0848,103,102,80.89,0.0,1228.89,6.6
2024-07-08,14,479,LTGES0330b,766,270,-5.3,0.0,2457.78,0.2
2024-07-08,14,352,LTGES0240d,260,263,20.39,0.0,4915.56,0.4
2024-07-08,14,150,LTGES0112a,143,145,496.11,0.0,8937.38,5.6
2024-07-08,14,1691,LTGES1116b,1087,1088,480.49,0.0,2457.78,19.5
2024-07-08,14,2227,TR_a4e0ba25,42,43,-173.9,0.0,750.0,23.2
2024-07-08,14,1436,LTGES0944a,1082,1010,34.33,0.0,8937.38,0.4
2024-07-08,14,1975,LTGES1299a,657,411,-0.69,0.0,2457.78,0.0
2024-07-08,14,983,LTGES0655,915,33,-648.71,0.0,4468.69,14.5
2024-07-08,14,1455,LTGES0955b,993,568,60.17,0.0,17874.76,0.3
2024-07-08,14,756,LTGES0522b,423,26,-16.58,0.0,2457.78,0.7
2024-07-08,14,330,LTGES0230b,121,254,298.77,0.0,2457.78,12.2
2024-07-08,14,1352,LTGES0891b,972,974,10.82,0.0,2457.78,0.4
2024-07-08,14,2130,LTGES1414,1233,482,-158.46,0.0,1228.89,12.9
2024-07-08,14,1624,LTGES1071a,2,20,-155.81,0.0,2457.78,6.3
2024-07-08,14,1510,LTGES0993,588,44,-287.57,0.0,1228.89,23.4
2024-07-08,14,864,LTGES0586b,883,982,-2286.85,0.0,8937.38,25.6
2024-07-08,14,2183,TR_b8345e3b,326,327,305.27,0.0,750.0,40.7
2024-07-08,14,2125,LTGES1411b,69,403,-1529.26,0.0,8937.38,17.1
2024-07-08,14,1025,LTGES0677b,903,912,152.41,0.0,8937.38,1.7
2024-07-08,14,310,LTGES0221c,245,121,190.78,0.0,3686.67,5.2
2024-07-08,14,677,LTGES0466b,837,391,-228.16,0.0,2457.78,9.3
2024-07-08,14,2307,TR_f4298876,754,755,-49.93,0.0,500.0,10.0
2024-07-08,14,1292,LTGES0851,553,101,185.43,0.0,1228.89,15.1
2024-07-08,14,1324,LTGES0871b,526,727,344.55,0.0,2457.78,14.0
2024-07-08,14,946,LTGES0635a,716,165,242.28,0.0,2457.78,9.9
2024-07-08,14,725,LTGES0500a,848,413,-10.39,0.0,2457.78,0.4
2024-07-08,14,377,LTGES0257b,124,274,3.39,0.0,8937.38,0.0
2024-07-08,14,2159,LTGES1439a,1186,1187,-85.35,0.0,2457.78,3.5
2024-07-08,14,2019,LTGES1331,925,926,-134.5,0.0,1228.89,10.9
2024-07-08,14,1448,LTGES0952a,577,1014,15.31,0.0,2457.78,0.6
2024-07-08,14,907,LTGES0612a,300,298,-50.17,0.0,2457.78,2.0
2024-07-08,14,585,LTGES0406b,271,346,-1005.6,0.0,8937.38,11.3
2024-07-08,14,124,LTGES0087a,124,126,-840.35,0.0,8937.38,9.4
2024-07-08,14,2044,LTGES1348,1074,615,-0.02,0.0,1228.89,0.0
2024-07-08,14,1818,LTGES1194,467,23,-220.4,0.0,1228.89,17.9
2024-07-08,14,1197,LTGES0786,524,953,2.3,0.0,1228.89,0.2
2024-07-08,14,1330,LTGES0876a,42,26,51.46,0.0,2457.78,2.1
2024-07-08,14,1978,LTGES1301,559,1045,6.67,0.0,1228.89,0.5
2024-07-08,14,1572,LTGES1035,1039,56,-8.26,0.0,1228.89,0.7
2024-07-08,14,1042,LTGES0688a,920,487,-296.39,0.0,2457.78,12.1
2024-07-08,14,70,LTGES0047a,697,77,60.35,0.0,845.93,7.1
2024-07-08,14,939,LTGES0630b,898,296,455.13,0.0,2457.78,18.5
2024-07-08,14,2041,LTGES1346a,1195,1196,10.2,0.0,2457.78,0.4
2024-07-08,14,1116,LTGES0737a,936,364,-150.02,0.0,2457.78,6.1
2024-07-08,14,1889,LTGES1238b,511,240,-61.91,0.0,2457.78,2.5
2024-07-08,14,1215,LTGES0799a,183,178,301.65,0.0,8937.38,3.4
2024-07-08,14,903,LTGES0610a,81,298,117.86,0.0,2457.78,4.8
2024-07-08,14,1869,LTGES1227a,646,338,102.9,0.0,2457.78,4.2
2024-07-08,14,2068,LTGES1368,1208,669,17.44,0.0,1228.89,1.4
2024-07-08,14,2282,TR_65a15878,734,735,-47.58,0.0,750.0,6.3
2024-07-08,14,1234,LTGES0810b,961,530,225.3,0.0,2457.78,9.2
2024-07-08,14,198,LTGES0143,722,689,-125.42,0.0,1228.89,10.2
2024-07-08,14,338,LTGES0234b,113,255,41.12,0.0,845.93,4.9
2024-07-08,14,1856,LTGES1218,639,1135,-10.37,0.0,1228.89,0.8
2024-07-08,14,1123,LTGES0742a,828,344,-113.92,0.0,2457.78,4.6
2024-07-08,14,1737,LTGES1143b,1094,939,-21.48,0.0,2457.78,0.9
2024-07-08,14,1927,LTGES1262,1150,165,86.57,0.0,1228.89,7.0
2024-07-08,14,1006,LTGES0670a,14,480,2708.76,0.0,8937.38,30.3
2024-07-08,14,348,LTGES0239b,262,258,-34.49,0.0,2457.78,1.4
2024-07-08,14,1335,LTGES0880,988,761,86.16,0.0,1228.89,7.0
2024-07-08,14,1929,LTGES1264a,35,327,413.67,0.0,8937.38,4.6
2024-07-08,14,144,LTGES0108a,135,138,127.53,0.0,2457.78,5.2
2024-07-08,14,649,LTGES0449,374,878,14.86,0.0,4468.69,0.3
2024-07-08,14,1008,LTGES0671a,480,483,1975.1,0.0,8937.38,22.1
2024-07-08,14,271,LTGES0197,958,186,27.19,0.0,1228.89,2.2
2024-07-08,14,2004,LTGES1321b,1181,374,-0.0,0.0,8937.38,0.0
2024-07-08,14,1416,LTGES0931b,88,914,28.12,0.0,2457.78,1.1
2024-07-08,14,2028,LTGES1336,1194,519,-26.59,0.0,1228.89,2.2
2024-07-08,14,434,LTGES0298b,783,786,103.51,0.0,2457.78,4.2
2024-07-08,14,604,LTGES0420,352,828,-518.62,0.0,1228.89,42.2
2024-07-08,14,1627,LTGES1072b,170,1157,70.83,0.0,2457.78,2.9
2024-07-08,14,1107,LTGES0731a,509,933,48.62,0.0,2457.78,2.0
2024-07-08,14,2118,LTGES1406,1229,1228,206.64,0.0,1228.89,16.8
2024-07-08,14,998,LTGES0664b,480,468,733.81,0.0,8937.38,8.2
2024-07-08,14,563,LTGES0388c,814,337,70.34,0.0,3686.67,1.9
2024-07-08,14,655,LTGES0453,378,379,287.34,0.0,1228.89,23.4
2024-07-08,14,1777,LTGES1170,312,1105,630.98,0.0,1228.89,51.3
2024-07-08,14,1805,LTGES1185a,220,42,-30.22,0.0,2457.78,1.2
2024-07-08,14,732,LTGES0504,417,418,98.22,0.0,1228.89,8.0
2024-07-08,14,336,LTGES0233b,114,256,330.41,0.0,2457.78,13.4
2024-07-08,14,603,LTGES0419,353,352,-506.64,0.0,1228.89,41.2
2024-07-08,14,414,LTGES0285b,294,292,-181.46,0.0,8937.38,2.0
2024-07-08,14,710,LTGES0487,404,846,-360.82,0.0,1228.89,29.4
2024-07-08,14,1138,LTGES0750b,942,515,-120.19,0.0,2457.78,4.9
2024-07-08,14,2053,LTGES1358a,110,173,-1143.88,0.0,8937.38,12.8
2024-07-08,14,1474,LTGES0968a,582,1016,19.09,0.0,2457.78,0.8
2024-07-08,14,1766,LTGES1160b,380,1185,37.28,0.0,2457.78,1.5
2024-07-08,14,dc1,LTGES0254,674,676,696.68,0.0,866.03,80.4
2024-07-08,16,306,LTGES0220a,156,14,1717.3,0.0,8937.38,19.2
2024-07-08,16,1886,LTGES1236b,679,648,49.36,0.0,2457.78,2.0
2024-07-08,16,1,LTGES0001a,1,2,-101.36,0.0,2457.78,4.1
2024-07-08,16,519,LTGES0361a,806,511,-39.27,0.0,2457.78,1.6
2024-07-08,16,2243,TR_71979234,1103,1104,-255.64,0.0,750.0,34.1
2024-07-08,16,788,LTGES0543b,865,436,-295.17,0.0,2457.78,12.0
2024-07-08,16,1164,LTGES0766b,22,992,69.03,0.0,2457.78,2.8
2024-07-08,16,774,LTGES0535,424,430,-148.73,0.0,1228.89,12.1
2024-07-08,16,1881,LTGES1234a,448,621,-60.65,0.0,2457.78,2.5
2024-07-08,16,1907,LTGES1249b,447,1148,-158.71,0.0,8937.38,1.8
2024-07-08,16,599,LTGES0415,1064,350,262.13,0.0,4468.69,5.9
2024-07-08,16,2057,LTGES1360a,667,57,295.44,0.0,2457.78,12.0
2024-07-08,16,491,LTGES0340,313,303,-122.01,0.0,1228.89,9.9
2024-07-08,16,1470,LTGES0964,582,575,-137.66,0.0,1228.89,11.2
2024-07-08,16,1195,LTGES0784,952,1118,2149.68,0.0,4468.69,48.1
2024-07-08,16,1377,LTGES0905b,771,567,196.79,0.0,8937.38,2.2
2024-07-08,16,228,LTGES0163b,675,198,-10.14,0.0,2457.78,0.4
2024-07-08,16,332,LTGES0231b,254,114,488.47,0.0,2457.78,19.9
2024-07-08,16,190,LTGES0139a,173,130,-1154.53,0.0,8937.38,12.9
2024-07-08,16,227,LTGES0163a,675,198,-10.14,0.0,2457.78,0.4
2024-07-08,16,980,LTGES0654a,677,142,-22.93,0.0,3686.67,0.6
2024-07-08,16,1935,LTGES1267a,416,1067,115.55,0.0,2457.78,4.7
2024-07-08,16,1894,LTGES1242,494,191,-1235.42,0.0,4468.69,27.6
2024-07-08,16,1305,LTGES0859b,557,451,-230.06,0.0,2457.78,9.4
2024-07-08,16,1880,LTGES1233b,647,80,744.46,0.0,8937.38,8.3
2024-07-08,16,297,LTGES0214,237,749,-1692.83,0.0,4468.69,37.9
2024-07-08,16,605,LTGES0421a,353,829,3.26,0.0,2457.78,0.1
2024-07-08,16,2078,LTGES1376,904,477,767.79,0.0,4468.69,17.2
2024-07-08,16,1106,LTGES0730b,365,508,66.09,0.0,2457.78,2.7
2024-07-08,16,24,LTGES0015a,13,24,222.96,0.0,2457.78,9.1
2024-07-08,16,1783,LTGES1175a,909,485,228.07,0.0,2457.78,9.3
2024-07-08,16,928,LTGES0624a,14,683,229.73,0.0,8937.38,2.6
2024-07-08,16,416,LTGES0286b,153,159,-76.41,0.0,2457.78,3.1
2024-07-08,16,859,LTGES0583a,882,452,8.18,0.0,2457.78,0.3
2024-07-08,16,23,LTGES0014,23,15,-308.44,0.0,1228.89,25.1
2024-07-08,16,160,LTGES0118,156,810,-1048.31,0.0,4468.69,23.5
2024-07-08,16,1825,LTGES1201,473,1122,-33.17,0.0,4468.69,0.7
2024-07-08,16,1863,LTGES1223a,643,645,-1543.18,0.0,8937.38,17.3
2024-07-08,16,1941,LTGES1270a,684,652,1.84,0.0,8937.38,0.0
2024-07-08,16,204,LTGES0148a,726,179,2.93,0.0,8937.38,0.0
2024-07-08,16,561,LTGES0388a,814,337,77.7,0.0,3686.67,2.1
2024-07-08,16,891,LTGES0603b,464,280,352.89,0.0,2457.78,14.4
2024-07-08,16,2208,TR_0727c58f,184,185,108.48,0.0,750.0,14.5
2024-07-08,16,1879,LTGES1233a,647,80,744.46,0.0,8937.38,8.3
2024-07-08,16,981,LTGES0654b,677,142,-22.93,0.0,3686.67,0.6
2024-07-08,16,815,LTGES0556b,446,868,-135.99,0.0,2457.78,5.5
2024-07-08,16,253,LTGES0182a,217,219,83.28,0.0,2457.78,3.4
2024-07-08,16,1282,LTGES0844a,548,547,134.02,0.0,8937.38,1.5
2024-07-08,16,916,LTGES0617,892,466,682.66,0.0,1228.89,55.6
2024-07-08,16,2270,TR_3b58070f,291,292,-75.88,0.0,500.0,15.2
2024-07-08,16,1429,LTGES0939b,97,1009,-47.73,0.0,2457.78,1.9
2024-07-08,16,1588,LTGES1045,606,1047,-33.56,0.0,1228.89,2.7
2024-07-08,16,843,LTGES0572a,434,863,14.04,0.0,2457.78,0.6
2024-07-08,16,39,LTGES0025,39,46,555.23,0.0,4468.69,12.4
2024-07-08,16,112,LTGES0078b,111,55,-689.05,0.0,8937.38,7.7
2024-07-08,16,791,LTGES0545a,437,439,-37.28,0.0,2457.78,1.5
2024-07-08,16,1918,LTGES1257a,88,916,-39.98,0.0,2457.78,1.6
2024-07-08,16,2075,LTGES1373b,696,87,-77.25,0.0,2457.78,3.1
2024-07-08,16,372,LTGES0255a,235,261,-902.4,0.0,8937.38,10.1
2024-07-08,16,34,LTGES0021a,35,36,744.44,0.0,8937.38,8.3
2024-07-08,16,1665,LTGES1098,227,1077,18.11,0.0,1228.89,1.5
2024-07-08,16,137,LTGES0099,710,712,13.27,0.0,1228.89,1.1
2024-07-08,16,590,LTGES0409a,271,350,1395.43,0.0,8937.38,15.6
2024-07-08,16,55,LTGES0036,66,39,-21.12,0.0,4468.69,0.5
2024-07-08,16,323,LTGES0227a,249,251,-31.35,0.0,845.93,3.7
2024-07-08,16,2128,LTGES1413a,929,506,-98.52,0.0,8937.38,1.1
2024-07-08,16,17,LTGES0011a,18,1065,4.39,0.0,2457.78,0.2
2024-07-08,16,243,LTGES0173a,731,963,-67.01,0.0,2457.78,2.7
2024-07-08,16,1628,LTGES1073a,1067,417,109.09,0.0,2457.78,4.4
2024-07-08,16,172,LTGES0127a,899,1043,504.79,0.0,2457.78,20.5
2024-07-08,16,333,LTGES0232a,253,113,39.05,0.0,845.93,4.6
2024-07-08,16,363,LTGES0248,269,763,-143.43,0.0,4468.69,3.2
2024-07-08,16,2062,LTGES1362b,126,542,-1136.89,0.0,8937.38,12.7
2024-07-08,16,1296,LTGES0854a,209,3,172.38,0.0,2457.78,7.0
2024-07-08,16,1721,LTGES1132b,182,627,27.96,0.0,2457.78,1.1
2024-07-08,16,2165,LTGES1443b,1236,638,-46.97,0.0,8937.38,0.5
2024-07-08,16,550,LTGES0381b,817,815,-3.68,0.0,845.93,0.4
2024-07-08,16,341,LTGES0236a,257,757,45.85,0.0,845.93,5.4
2024-07-08,16,664,LTGES0459a,387,896,31.33,0.0,8937.38,0.4
2024-07-08,16,912,LTGES0615a,466,266,93.36,0.0,2457.78,3.8
2024-07-08,16,1748,LTGES1150b,968,526,330.89,0.0,2457.78,13.5
2024-07-08,16,1966,LTGES1291,1169,1168,-7.51,0.0,4468.69,0.2
2024-07-08,16,2321,TR_23eddb22,757,758,11.53,0.0,500.0,2.3
2024-07-08,16,1598,LTGES1052b,467,479,28.2,0.0,2457.78,1.1
2024-07-08,16,2049,LTGES1353,666,406,-570.83,0.0,4468.69,12.8
2024-07-08,16,2275,TR_7644f0c2,97,98,-431.54,0.0,1200.0,36.0
2024-07-08,16,2239,TR_9925636e,192,193,285.82,0.0,1200.0,23.8
2024-07-08,16,1685,LTGES1113a,301,625,-7.31,0.0,2457.78,0.3
2024-07-08,16,1990,LTGES1311,470,626,285.98,0.0,1228.89,23.3
2024-07-08,16,598,LTGES0414,345,1064,583.82,0.0,4468.69,13.1
2024-07-08,16,1318,LTGES0868a,527,558,25.64,0.0,2457.78,1.0
2024-07-08,16,643,LTGES0445b,369,371,5.18,0.0,2457.78,0.2
2024-07-08,16,1052,LTGES0695a,923,922,43.09,0.0,2457.78,1.8
2024-07-08,16,14,LTGES0009b,14,17,-1963.62,0.0,8937.38,22.0
2024-07-08,16,167,LTGES0124a,160,714,429.07,0.0,8937.38,4.8
2024-07-08,16,1121,LTGES0741a,511,937,-134.51,0.0,2457.78,5.5
2024-07-08,16,613,LTGES0427,359,75,1705.98,0.0,4468.69,38.2
2024-07-08,16,1556,LTGES1023,96,575,180.04,0.0,1228.89,14.7
2024-07-08,16,96,LTGES0066a,44,38,-174.21,0.0,2457.78,7.1
2024-07-08,16,2334,TR_9e433286,366,367,89.38,0.0,500.0,17.9
2024-07-08,16,456,LTGES0314,125,1119,88.34,0.0,1228.89,7.2
2024-07-08,16,1078,LTGES0712b,502,192,-33.1,0.0,2457.78,1.3
2024-07-08,16,1922,LTGES1259,691,46,666.31,0.0,4468.69,14.9
2024-07-08,16,257,LTGES0185,770,223,-454.57,0.0,4468.69,10.2
2024-07-08,16,510,LTGES0354,801,802,250.52,0.0,1228.89,20.4
2024-07-08,16,19,LTGES0012a,1065,22,-55.27,0.0,2457.78,2.2
2024-07-08,16,1754,LTGES1154b,146,140,109.1,0.0,2457.78,4.4
2024-07-08,16,2013,LTGES1327c,142,679,33.93,0.0,4915.56,0.7
2024-07-08,16,2166,LTGES1444,1050,711,93.03,0.0,1228.89,7.6
2024-07-08,16,673,LTGES0464a,835,836,67.6,0.0,2457.78,2.8
2024-07-08,16,1502,LTGES0988a,734,586,-24.79,0.0,2457.78,1.0
2024-07-08,16,925,LTGES0622a,467,385,-129.26,0.0,2457.78,5.3
2024-07-08,16,1824,LTGES1200,634,1121,29.08,0.0,1228.89,2.4
2024-07-08,16,2181,TR_0490c2aa,109,110,37.51,0.0,750.0,5.0
2024-07-08,16,2287,TR_41fc927f,272,273,-200.6,0.0,1200.0,16.7
2024-07-08,16,2190,TR_0e0d82af,127,128,310.84,0.0,7500.0,4.1
2024-07-08,16,2127,LTGES1412b,666,403,284.46,0.0,8937.38,3.2
2024-07-08,16,1785,LTGES1176,1112,624,-0.43,0.0,1228.89,0.0
2024-07-08,16,2288,TR_cdc06a8b,63,64,243.44,0.0,1875.0,13.0
2024-07-08,16,197,LTGES0142b,129,88,-177.73,0.0,2457.78,7.2
2024-07-08,16,1545,LTGES1016b,600,436,-20.85,0.0,2457.78,0.8
2024-07-08,16,401,LTGES0274,287,285,-95.87,0.0,1228.89,7.8
2024-07-08,16,1804,LTGES1184b,610,423,-2.49,0.0,2457.78,0.1
2024-07-08,16,276,LTGES0201b,863,3,72.01,0.0,2457.78,2.9
2024-07-08,16,778,LTGES0538b,373,433,844.27,0.0,8937.38,9.4
2024-07-08,16,2204,TR_65fab876,180,181,-15.43,0.0,500.0,3.1
2024-07-08,16,1973,LTGES1297b,660,411,-3.39,0.0,2457.78,0.1
2024-07-08,16,21,LTGES0013a,18,1085,29.24,0.0,2457.78,1.2
2024-07-08,16,2096,LTGES1388b,1179,661,-0.07,0.0,2457.78,0.0
2024-07-08,16,244,LTGES0173b,731,963,-67.01,0.0,2457.78,2.7
2024-07-08,16,83,LTGES0056,91,831,-589.18,0.0,1228.89,47.9
2024-07-08,16,582,LTGES0405a,273,345,255.68,0.0,8937.38,2.9
2024-07-08,16,1043,LTGES0688b,920,487,-306.41,0.0,2457.78,12.5
2024-07-08,16,2084,LTGES1381a,702,105,-64.16,0.0,2457.78,2.6
2024-07-08,16,2011,LTGES1327a,142,679,33.93,0.0,4915.56,0.7
2024-07-08,16,868,LTGES0588b,772,457,8.41,0.0,8937.38,0.1
2024-07-08,16,2097,LTGES1389,1216,411,-3.01,0.0,1228.89,0.2
2024-07-08,16,2025,LTGES1334b,1220,1186,-43.1,0.0,2457.78,1.8
2024-07-08,16,558,LTGES0386b,823,814,107.48,0.0,2457.78,4.4
2024-07-08,16,1540,LTGES1014a,73,1033,44.24,0.0,2457.78,1.8
2024-07-08,16,1974,LTGES1298,659,463,-3.81,0.0,1228.89,0.3
2024-07-08,16,1938,LTGES1268b,415,1066,0.41,0.0,845.93,0.0
2024-07-08,16,871,LTGES0590b,277,952,1746.0,0.0,8937.38,19.5
2024-07-08,16,1615,LTGES1064b,24,296,-311.83,0.0,2457.78,12.7
2024-07-08,16,3,LTGES0002a,729,1086,33.09,0.0,2457.78,1.3
2024-07-08,16,545,LTGES0378b,333,34,32.48,0.0,2457.78,1.3
2024-07-08,16,81,LTGES0055a,87,88,-93.21,0.0,2457.78,3.8
2024-07-08,16,1968,LTGES1293,658,1180,-6.05,0.0,1228.89,0.5
2024-07-08,16,987,LTGES0658,478,84,1319.17,0.0,4468.69,29.5
2024-07-08,16,2202,TR_28414610,155,156,1657.7,0.0,9375.0,17.7
2024-07-08,16,2276,TR_737e7f53,65,66,-116.62,0.0,500.0,23.3
2024-07-08,16,1516,LTGES0997,138,135,-65.16,0.0,1228.89,5.3
2024-07-08,16,964,LTGES0646,1079,475,201.76,0.0,1228.89,16.4
2024-07-08,16,751,LTGES0519a,856,1138,7.35,0.0,2457.78,0.3
2024-07-08,16,2327,TR_f70b66d0,232,233,12.35,0.0,500.0,2.5
2024-07-08,16,2163,LTGES1442,214,1195,76.33,0.0,1228.89,6.2
2024-07-08,16,1070,LTGES0708a,924,175,-29.25,0.0,2457.78,1.2
2024-07-08,16,1169,LTGES0769a,420,225,137.83,0.0,2457.78,5.6
2024-07-08,16,1493,LTGES0982a,1021,1020,54.29,0.0,2457.78,2.2
2024-07-08,16,1019,LTGES0674d,909,911,-104.94,0.0,4915.56,2.1
2024-07-08,16,1684,LTGES1112b,624,1111,-18.04,0.0,2457.78,0.7
2024-07-08,16,2259,TR_3d81e7e0,682,683,-15.54,0.0,500.0,3.1
2024-07-08,16,2196,TR_a6bded06,8,9,892.76,0.0,2362.5,37.8
2024-07-08,16,1334,LTGES0879,223,737,-711.26,0.0,4468.69,15.9
2024-07-08,16,1897,LTGES1244a,1078,620,36.03,0.0,8937.38,0.4
2024-07-08,16,303,LTGES0218a,238,241,1094.26,0.0,8937.38,12.2
2024-07-08,16,1434,LTGES0942b,851,573,172.77,0.0,8937.38,1.9
2024-07-08,16,2001,LTGES1320a,421,1230,-37.65,0.0,2457.78,1.5
2024-07-08,16,1710,LTGES1126,960,139,-16.96,0.0,1228.89,1.4
2024-07-08,16,1210,LTGES0797a,181,726,-4.74,0.0,17874.76,0.0
2024-07-08,16,2203,TR_2087835e,164,165,55.3,0.0,500.0,11.1
2024-07-08,16,704,LTGES0482b,403,705,-1200.45,0.0,8937.38,13.4
2024-07-08,16,1882,LTGES1234b,448,621,-60.65,0.0,2457.78,2.5
2024-07-08,16,1837,LTGES1207d,638,1131,-15.71,0.0,17874.76,0.1
2024-07-08,16,2186,TR_b0d59f98,153,154,-26.75,0.0,500.0,5.4
2024-07-08,16,1468,LTGES0962,427,852,20.26,0.0,1228.89,1.6
2024-07-08,16,117,LTGES0082b,114,116,147.98,0.0,2457.78,6.0
2024-07-08,16,1166,LTGES0767b,432,420,180.73,0.0,2457.78,7.4
2024-07-08,16,1864,LTGES1223b,643,645,-1543.18,0.0,8937.38,17.3
2024-07-08,16,1050,LTGES0694a,1063,489,-14.95,0.0,2457.78,0.6
2024-07-08,16,1423,LTGES0935a,93,699,-342.38,0.0,2457.78,13.9
2024-07-08,16,1542,LTGES1015a,225,600,94.94,0.0,2457.78,3.9
2024-07-08,16,499,LTGES0346,318,319,71.11,0.0,1228.89,5.8
2024-07-08,16,1432,LTGES0941,98,851,479.95,0.0,4468.69,10.7
2024-07-08,16,1145,LTGES0754b,1038,487,954.21,0.0,2457.78,38.8
2024-07-08,16,852,LTGES0577a,210,880,15.99,0.0,2457.78,0.7
2024-07-08,16,2083,LTGES1380b,768,274,-3.39,0.0,8937.38,0.0
2024-07-08,16,182,LTGES0133b,21,156,-2173.51,0.0,8937.38,24.3
2024-07-08,16,176,LTGES0129,163,165,-0.93,0.0,1228.89,0.1
2024-07-08,16,1199,LTGES0791a,694,525,-362.03,0.0,2457.78,14.7
2024-07-08,16,1675,LTGES1105b,142,1142,3.13,0.0,2457.78,0.1
2024-07-08,16,894,LTGES0604c,280,892,197.67,0.0,3686.67,5.4
2024-07-08,16,1231,LTGES0808,529,1140,-257.02,0.0,1228.89,20.9
2024-07-08,16,1939,LTGES1269a,572,416,154.95,0.0,2457.78,6.3
2024-07-08,16,1720,LTGES1132a,182,627,27.96,0.0,2457.78,1.1
2024-07-08,16,1758,LTGES1156a,599,485,-107.34,0.0,2457.78,4.4
2024-07-08,16,2289,TR_9af01115,344,345,-334.28,0.0,1875.0,17.8
2024-07-08,16,1083,LTGES0715a,927,504,64.29,0.0,2457.78,2.6
2024-07-08,16,1780,LTGES1172,1106,272,-153.77,0.0,1228.89,12.5
2024-07-08,16,554,LTGES0384,820,336,-126.98,0.0,1228.89,10.3
2024-07-08,16,623,LTGES0433a,1145,350,-524.74,0.0,8937.38,5.9
2024-07-08,16,249,LTGES0178,876,879,96.79,0.0,1228.89,7.9
2024-07-08,16,485,LTGES0335,313,799,28.9,0.0,1228.89,2.4
2024-07-08,16,2179,TR_10cbc112,475,476,510.09,0.0,1200.0,42.5
2024-07-08,16,636,LTGES0441,833,204,135.85,0.0,1228.89,11.1
2024-07-08,16,1736,LTGES1143a,1094,939,-21.78,0.0,2457.78,0.9
2024-07-08,16,1239,LTGES0813,215,97,26.56,0.0,1228.89,2.2
2024-07-08,16,1659,LTGES1094b,476,35,249.23,0.0,8937.38,2.8
2024-07-08,16,1290,LTGES0850a,170,552,-74.88,0.0,2457.78,3.0
2024-07-08,16,1613,LTGES1063b,1059,609,-11.78,0.0,2457.78,0.5
2024-07-08,16,2246,TR_4eff5937,485,486,-91.99,0.0,1200.0,7.7
2024-07-08,16,346,LTGES0238b,757,259,40.09,0.0,845.93,4.7
2024-07-08,16,1220,LTGES0801b,527,958,-43.87,0.0,2457.78,1.8
2024-07-08,16,542,LTGES0377a,819,333,277.61,0.0,2457.78,11.3
2024-07-08,16,638,LTGES0443a,205,80,-2148.37,0.0,8937.38,24.0
2024-07-08,16,966,LTGES0648b,31,29,-835.92,0.0,8937.38,9.4
2024-07-08,16,2265,TR_4560a61c,578,579,-142.99,0.0,500.0,28.6
2024-07-08,16,1223,LTGES0803a,150,528,-6.82,0.0,8937.38,0.1
2024-07-08,16,389,LTGES0264,773,1139,301.16,0.0,1228.89,24.5
2024-07-08,16,1149,LTGES0757,841,400,558.58,0.0,1228.89,45.5
2024-07-08,16,1923,LTGES1260a,541,544,106.7,0.0,2457.78,4.3
2024-07-08,16,219,LTGES0156,190,194,-165.72,0.0,1228.89,13.5
2024-07-08,16,559,LTGES0387a,8,823,-205.87,0.0,2457.78,8.4
2024-07-08,16,1288,LTGES0849a,553,980,56.04,0.0,2457.78,2.3
2024-07-08,16,1132,LTGES0747a,932,940,43.92,0.0,2457.78,1.8
2024-07-08,16,1985,LTGES1306,99,1176,-313.62,0.0,4468.69,7.0
2024-07-08,16,1592,LTGES1048a,606,1049,68.57,0.0,2457.78,2.8
2024-07-08,16,203,LTGES0147b,176,178,-280.01,0.0,8937.38,3.1
2024-07-08,16,1212,LTGES0797c,181,726,-4.74,0.0,17874.76,0.0
2024-07-08,16,1313,LTGES0864,454,524,4.6,0.0,1228.89,0.4
2024-07-08,16,1997,LTGES1317,1023,95,-104.93,0.0,1228.89,8.5
2024-07-08,16,1876,LTGES1231,149,133,-18.05,0.0,1228.89,1.5
2024-07-08,16,1942,LTGES1270b,684,652,1.84,0.0,8937.38,0.0
2024-07-08,16,799,LTGES0549a,435,443,-51.95,0.0,2457.78,2.1
2024-07-08,16,1110,LTGES0733,509,365,481.92,0.0,1228.89,39.2
2024-07-08,16,157,LTGES0115b,150,134,-415.89,0.0,8937.38,4.7
2024-07-08,16,1969,LTGES1294,1171,659,-3.69,0.0,1228.89,0.3
2024-07-08,16,1460,LTGES0957,579,580,-205.81,0.0,4468.69,4.6
2024-07-08,16,1049,LTGES0693,1046,489,168.93,0.0,1228.89,13.7
2024-07-08,16,793,LTGES0546a,439,441,-84.44,0.0,2457.78,3.4
2024-07-08,16,57,LTGES0038,684,686,1049.72,0.0,4468.69,23.5
2024-07-08,16,165,LTGES0122,159,161,-41.69,0.0,1228.89,3.4
2024-07-08,16,2271,TR_07cc6fee,1006,1007,-152.19,0.0,500.0,30.4
2024-07-08,16,876,LTGES0593b,276,461,18.56,0.0,2457.78,0.8
2024-07-08,16,1075,LTGES0710b,498,925,31.64,0.0,2457.78,1.3
2024-07-08,16,2248,TR_63348a57,911,912,-35.19,0.0,500.0,7.0
2024-07-08,16,1162,LTGES0765,482,467,-265.43,0.0,1228.89,21.6
2024-07-08,16,2012,LTGES1327b,142,679,33.93,0.0,4915.56,0.7
2024-07-08,16,1267,LTGES0833b,540,780,-725.64,0.0,8937.38,8.1
2024-07-08,16,973,LTGES0651b,200,903,-474.69,0.0,8937.38,5.3
2024-07-08,16,885,LTGES0599b,275,463,334.13,0.0,2457.78,13.6
2024-07-08,16,1271,LTGES0836,108,543,78.91,0.0,1228.89,6.4
2024-07-08,16,1593,LTGES1048b,606,1049,68.57,0.0,2457.78,2.8
2024-07-08,16,1830,LTGES1205a,636,1098,-121.52,0.0,8937.38,1.4
2024-07-08,16,200,LTGES0145,160,725,-369.81,0.0,4468.69,8.3
2024-07-08,16,1085,LTGES0716a,927,177,-290.13,0.0,2457.78,11.8
2024-07-08,16,428,LTGES0294,785,303,231.48,0.0,1228.89,18.8
2024-07-08,16,1158,LTGES0762b,111,946,684.13,0.0,8937.38,7.7
2024-07-08,16,2005,LTGES1322,1188,57,1116.79,0.0,1228.89,90.9
2024-07-08,16,641,LTGES0444b,367,205,-390.63,0.0,8937.38,4.4
2024-07-08,16,1425,LTGES0936,531,1009,-50.18,0.0,1228.89,4.1
2024-07-08,16,1074,LTGES0710a,498,925,31.64,0.0,2457.78,1.3
2024-07-08,16,1356,LTGES0894a,162,780,730.73,0.0,8937.38,8.2
2024-07-08,16,734,LTGES0506a,29,33,-815.54,0.0,8937.38,9.1
2024-07-08,16,1612,LTGES1063a,1059,609,-11.78,0.0,2457.78,0.5
2024-07-08,16,273,LTGES0199,151,745,1.68,0.0,1228.89,0.1
2024-07-08,16,2301,TR_161e09c2,249,250,-45.39,0.0,500.0,9.1
2024-07-08,16,2101,LTGES1392a,1141,237,-268.47,0.0,17874.76,1.5
2024-07-08,16,717,LTGES0493,845,407,-191.91,0.0,1228.89,15.6
2024-07-08,16,1361,LTGES0895d,562,564,190.61,0.0,4915.56,3.9
2024-07-08,16,772,LTGES0534a,70,431,21.04,0.0,2457.78,0.9
2024-07-08,16,1810,LTGES1188b,154,714,-195.86,0.0,8937.38,2.2
2024-07-08,16,2309,TR_ce97d6f4,90,91,-105.97,0.0,750.0,14.1
2024-07-08,16,1552,LTGES1020b,602,488,-990.79,0.0,2457.78,40.3
2024-07-08,16,1135,LTGES0748b,756,252,-8.47,0.0,2457.78,0.3
2024-07-08,16,1011,LTGES0672b,147,143,1872.35,0.0,8937.38,20.9
2024-07-08,16,583,LTGES0405b,273,345,255.68,0.0,8937.38,2.9
2024-07-08,16,822,LTGES0560b,702,11,-182.98,0.0,2457.78,7.4
2024-07-08,16,61,LTGES0041a,68,69,-2444.39,0.0,8937.38,27.4
2024-07-08,16,247,LTGES0176,214,215,121.19,0.0,1228.89,9.9
2024-07-08,16,2325,TR_fa1d5cde,1054,1055,0.0,0.0,1200.0,0.0
2024-07-08,16,2226,TR_e25275d8,49,50,-98.18,0.0,500.0,19.6
2024-07-08,16,835,LTGES0566b,870,875,-376.22,0.0,8937.38,4.2
2024-07-08,16,457,LTGES0315,1119,310,55.78,0.0,1228.89,4.5
2024-07-08,16,385,LTGES0261b,277,772,-2305.46,0.0,8937.38,25.8
2024-07-08,16,1681,LTGES1111a,1084,624,-16.38,0.0,2457.78,0.7
2024-07-08,16,611,LTGES0425,356,929,-76.86,0.0,4468.69,1.7
2024-07-08,16,1179,LTGES0774a,3,517,135.59,0.0,2457.78,5.5
2024-07-08,16,1949,LTGES1276,355,1154,40.14,0.0,1228.89,3.3
2024-07-08,16,1836,LTGES1207c,638,1131,-15.71,0.0,17874.76,0.1
2024-07-08,16,1914,LTGES1254,1206,623,-1.03,0.0,1228.89,0.1
2024-07-08,16,1786,LTGES1177a,254,247,-196.42,0.0,2457.78,8.0
2024-07-08,16,1862,LTGES1222b,156,643,-2129.65,0.0,8937.38,23.8
2024-07-08,16,992,LTGES0661b,904,477,1537.47,0.0,8937.38,17.2
2024-07-08,16,56,LTGES0037,41,684,1059.49,0.0,4468.69,23.7
2024-07-08,16,528,LTGES0367,329,901,-74.49,0.0,1228.89,6.1
2024-07-08,16,2015,LTGES1328,1140,149,-290.82,0.0,1228.89,23.7
2024-07-08,16,2126,LTGES1412a,666,403,284.46,0.0,8937.38,3.2
2024-07-08,16,438,LTGES0301b,699,306,-350.07,0.0,2457.78,14.2
2024-07-08,16,1704,LTGES1122b,626,1,-3.33,0.0,2457.78,0.1
2024-07-08,16,723,LTGES0498b,64,412,124.02,0.0,8937.38,1.4
2024-07-08,16,1731,LTGES1139b,983,557,-4.96,0.0,2457.78,0.2
2024-07-08,16,2220,TR_374f74ad,496,497,-136.71,0.0,500.0,27.3
2024-07-08,16,1285,LTGES0846,1069,549,-40.69,0.0,4468.69,0.9
2024-07-08,16,264,LTGES0191,752,1030,762.47,0.0,4468.69,17.1
2024-07-08,16,1797,LTGES1182a,90,697,17.66,0.0,1268.9,1.4
2024-07-08,16,1842,LTGES1209a,395,1130,-106.04,0.0,2457.78,4.3
2024-07-08,16,1081,LTGES0714a,192,503,-76.4,0.0,2457.78,3.1
2024-07-08,16,1807,LTGES1186,1114,1070,-11.31,0.0,1228.89,0.9
2024-07-08,16,1178,LTGES0773b,520,175,71.78,0.0,2457.78,2.9
2024-07-08,16,1735,LTGES1142,954,1093,33.49,0.0,4468.69,0.7
2024-07-08,16,106,LTGES0073,109,971,301.6,0.0,1228.89,24.5
2024-07-08,16,1841,LTGES1208d,637,1130,13.93,0.0,4915.56,0.3
2024-07-08,16,435,LTGES0299,1105,783,335.05,0.0,1228.89,27.3
2024-07-08,16,489,LTGES0339a,797,796,3.0,0.0,2457.78,0.1
2024-07-08,16,2312,TR_cf9f1601,77,78,-65.97,0.0,500.0,13.2
2024-07-08,16,1246,LTGES0819,965,534,82.06,0.0,1228.89,6.7
2024-07-08,16,2344,TR_1567d725,619,620,-147.86,0.0,4725.0,3.1
2024-07-08,16,1607,LTGES1057b,259,232,6.18,0.0,845.93,0.7
2024-07-08,16,846,LTGES0573b,879,450,24.77,0.0,2457.78,1.0
2024-07-08,16,576,LTGES0399,340,825,277.17,0.0,1228.89,22.6
2024-07-08,16,584,LTGES0406a,271,346,-1052.12,0.0,8937.38,11.8
2024-07-08,16,287,LTGES0208b,749,235,-865.98,0.0,8937.38,9.7
2024-07-08,16,213,LTGES0152b,177,182,-100.55,0.0,2457.78,4.1
2024-07-08,16,474,LTGES0328a,763,765,-52.0,0.0,8937.38,0.6
2024-07-08,16,1734,LTGES1141b,954,993,133.25,0.0,8937.38,1.5
2024-07-08,16,1959,LTGES1284,1163,426,277.69,0.0,1228.89,22.6
2024-07-08,16,1311,LTGES0862b,443,372,-162.69,0.0,2457.78,6.6
2024-07-08,16,356,LTGES0243,267,877,673.46,0.0,4468.69,15.1
2024-07-08,16,265,LTGES0192,227,190,-27.08,0.0,1228.89,2.2
2024-07-08,16,215,LTGES0153b,813,767,-98.65,0.0,2457.78,4.0
2024-07-08,16,1023,LTGES0676b,903,143,-615.98,0.0,8937.38,6.9
2024-07-08,16,1696,LTGES1119a,20,1089,76.88,0.0,2457.78,3.1
2024-07-08,16,443,LTGES0305a,307,706,-63.24,0.0,2457.78,2.6
2024-07-08,16,424,LTGES0291a,301,300,235.39,0.0,2457.78,9.6
2024-07-08,16,154,LTGES0114a,142,146,33.05,0.0,2457.78,1.3
2024-07-08,16,1151,LTGES0759a,91,945,125.5,0.0,2457.78,5.1
2024-07-08,16,2273,TR_c5245018,217,218,-356.91,0.0,1200.0,29.7
2024-07-08,16,682,LTGES0469a,838,839,245.15,0.0,2457.78,10.0
2024-07-08,16,49,LTGES0031,59,54,-87.53,0.0,1228.89,7.1
2024-07-08,16,2212,TR_9425d6c7,640,641,855.44,0.0,1875.0,45.6
2024-07-08,16,5,LTGES0003a,3,5,262.24,0.0,2457.78,10.7
2024-07-08,16,1345,LTGES0888a,104,998,210.66,0.0,8937.38,2.4
2024-07-08,16,990,LTGES0660,145,55,956.38,0.0,4468.69,21.4
2024-07-08,16,1546,LTGES1017a,594,601,17.63,0.0,2457.78,0.7
2024-07-08,16,196,LTGES0142a,129,88,-177.73,0.0,2457.78,7.2
2024-07-08,16,2113,LTGES1401,1224,667,-5.79,0.0,1228.89,0.5
2024-07-08,16,90,LTGES0062,98,1007,-503.04,0.0,4468.69,11.3
2024-07-08,16,707,LTGES0484,843,1150,47.46,0.0,1228.89,3.9
2024-07-08,16,2184,TR_86c7bc47,242,243,-835.81,0.0,3750.0,22.3
2024-07-08,16,404,LTGES0277,288,285,-40.02,0.0,1228.89,3.3
2024-07-08,16,742,LTGES0511a,167,961,354.26,0.0,2457.78,14.4
2024-07-08,16,1089,LTGES0718,498,177,-143.81,0.0,1228.89,11.7
2024-07-08,16,2121,LTGES1409,673,1058,1.54,0.0,1228.89,0.1
2024-07-08,16,994,LTGES0662b,905,268,-1225.13,0.0,8937.38,13.7
2024-07-08,16,1566,LTGES1031a,1098,547,-138.2,0.0,8937.38,1.5
2024-07-08,16,311,LTGES0222a,244,120,-13.08,0.0,1268.9,1.0
2024-07-08,16,1619,LTGES1067a,76,1061,-9.64,0.0,8937.38,0.1
2024-07-08,16,1350,LTGES0890b,973,975,96.7,0.0,8937.38,1.1
2024-07-08,16,448,LTGES0309a,308,196,-74.81,0.0,2457.78,3.0
2024-07-08,16,315,LTGES0223b,244,120,-13.08,0.0,1268.9,1.0
2024-07-08,16,201,LTGES0146,159,730,38.13,0.0,1228.89,3.1
2024-07-08,16,366,LTGES0251,270,762,-79.35,0.0,1228.89,6.5
2024-07-08,16,757,LTGES0523,725,858,-379.8,0.0,4468.69,8.5
2024-07-08,16,461,LTGES0319,784,787,-238.82,0.0,1228.89,19.4
2024-07-08,16,841,LTGES0570b,80,877,19.67,0.0,8937.38,0.2
2024-07-08,16,2141,LTGES1423a,1235,1078,91.6,0.0,8937.38,1.0
2024-07-08,16,2131,LTGES1415,482,1193,428.73,0.0,1228.89,34.9
2024-07-08,16,657,LTGES0454b,378,834,51.7,0.0,2457.78,2.1
2024-07-08,16,1800,LTGES1183a,90,697,17.66,0.0,1268.9,1.4
2024-07-08,16,1227,LTGES0805b,959,458,31.44,0.0,2457.78,1.3
2024-07-08,16,2137,LTGES1421a,1148,870,-406.39,0.0,8937.38,4.5
2024-07-08,16,71,LTGES0047b,697,77,60.82,0.0,845.93,7.2
2024-07-08,16,1699,LTGES1120b,1,626,5.05,0.0,4915.56,0.1
2024-07-08,16,1402,LTGES0921,981,554,-1135.31,0.0,4468.69,25.4
2024-07-08,16,984,LTGES0656a,477,760,1263.73,0.0,8937.38,14.1
2024-07-08,16,1306,LTGES0860a,556,557,-184.16,0.0,2457.78,7.5
2024-07-08,16,1986,LTGES1307,1177,1176,144.78,0.0,4468.69,3.2
2024-07-08,16,988,LTGES0659a,31,200,-458.51,0.0,8937.38,5.1
2024-07-08,16,1446,LTGES0951a,1013,577,-21.82,0.0,2457.78,0.9
2024-07-08,16,1339,LTGES0883a,769,222,-141.72,0.0,2457.78,5.8
2024-07-08,16,997,LTGES0664a,480,468,804.73,0.0,8937.38,9.0
2024-07-08,16,934,LTGES0628a,14,681,348.01,0.0,8937.38,3.9
2024-07-08,16,1476,LTGES0969,45,582,-111.0,0.0,1228.89,9.0
2024-07-08,16,731,LTGES0503,416,417,49.76,0.0,1228.89,4.0
2024-07-08,16,266,LTGES0193,707,25,314.04,0.0,1228.89,25.6
2024-07-08,16,614,LTGES0428a,360,357,-2.66,0.0,8937.38,0.0
2024-07-08,16,2104,LTGES1392d,1141,237,-268.47,0.0,17874.76,1.5
2024-07-08,16,6,LTGES0003b,3,5,262.24,0.0,2457.78,10.7
2024-07-08,16,1847,LTGES1212a,502,192,-36.3,0.0,2457.78,1.5
2024-07-08,16,441,LTGES0303,137,54,-60.32,0.0,1228.89,4.9
2024-07-08,16,1562,LTGES1028b,118,115,-215.64,0.0,8937.38,2.4
2024-07-08,16,1109,LTGES0732,509,934,-599.62,0.0,1228.89,48.8
2024-07-08,16,920,LTGES0619b,896,894,-692.64,0.0,8937.38,7.7
2024-07-08,16,811,LTGES0554b,867,379,-31.27,0.0,2457.78,1.3
2024-07-08,16,804,LTGES0551b,440,265,-40.95,0.0,845.93,4.8
2024-07-08,16,125,LTGES0087b,124,126,-851.75,0.0,8937.38,9.5
2024-07-08,16,1205,LTGES0794a,184,182,-25.25,0.0,2457.78,1.0
2024-07-08,16,1167,LTGES0768a,432,420,177.2,0.0,2457.78,7.2
2024-07-08,16,473,LTGES0327,975,765,149.01,0.0,4468.69,3.3
2024-07-08,16,98,LTGES0067a,100,101,-81.89,0.0,2457.78,3.3
2024-07-08,16,1176,LTGES0772b,519,520,1.51,0.0,2457.78,0.1
2024-07-08,16,898,LTGES0606b,280,948,-18.61,0.0,2457.78,0.8
2024-07-08,16,2274,TR_01096471,493,494,142.91,0.0,1200.0,11.9
2024-07-08,16,2174,LTGES1450,1104,296,-536.66,0.0,1228.89,43.7
2024-07-08,16,1113,LTGES0735b,936,1091,116.17,0.0,2457.78,4.7
2024-07-08,16,174,LTGES0128a,1043,898,546.59,0.0,2457.78,22.2
2024-07-08,16,1188,LTGES0778b,870,12,168.45,0.0,8937.38,1.9
2024-07-08,16,2047,LTGES1351,1050,1202,-118.21,0.0,1228.89,9.6
2024-07-08,16,1238,LTGES0812b,962,215,85.59,0.0,2457.78,3.5
2024-07-08,16,1945,LTGES1272b,645,327,-927.62,0.0,8937.38,10.4
2024-07-08,16,607,LTGES0422,830,355,418.83,0.0,1228.89,34.1
2024-07-08,16,950,LTGES0637,408,329,451.11,0.0,1228.89,36.7
2024-07-08,16,337,LTGES0234a,113,255,44.36,0.0,845.93,5.2
2024-07-08,16,354,LTGES0241b,264,261,-1.56,0.0,8937.38,0.0
2024-07-08,16,97,LTGES0066b,44,38,-174.21,0.0,2457.78,7.1
2024-07-08,16,1567,LTGES1031b,1098,547,-138.2,0.0,8937.38,1.5
2024-07-08,16,1765,LTGES1160a,380,1185,41.96,0.0,2457.78,1.7
2024-07-08,16,1784,LTGES1175b,909,485,228.07,0.0,2457.78,9.3
2024-07-08,16,2010,LTGES1326,1192,644,-14.18,0.0,1228.89,1.2
2024-07-08,16,1265,LTGES0832b,72,540,-647.75,0.0,8937.38,7.2
2024-07-08,16,1609,LTGES1058b,1146,1057,-54.64,0.0,2457.78,2.2
2024-07-08,16,235,LTGES0167b,206,872,17.72,0.0,2457.78,0.7
2024-07-08,16,824,LTGES0561b,874,202,-211.85,0.0,2457.78,8.6
2024-07-08,16,136,LTGES0098,711,710,47.23,0.0,1228.89,3.8
2024-07-08,16,848,LTGES0575a,211,881,1.55,0.0,8937.38,0.0
2024-07-08,16,148,LTGES0111a,140,141,74.21,0.0,2457.78,3.0
2024-07-08,16,819,LTGES0559a,1214,702,-198.87,0.0,2457.78,8.1
2024-07-08,16,193,LTGES0140b,172,129,-175.48,0.0,2457.78,7.1
2024-07-08,16,518,LTGES0360b,322,127,244.9,0.0,2457.78,10.0
2024-07-08,16,1067,LTGES0706,175,498,-40.57,0.0,1228.89,3.3
2024-07-08,16,508,LTGES0352b,321,89,1208.63,0.0,8937.38,13.5
2024-07-08,16,1198,LTGES0790,358,694,-544.85,0.0,1228.89,44.3
2024-07-08,16,1028,LTGES0679,471,296,-10.51,0.0,1228.89,0.9
2024-07-08,16,1108,LTGES0731b,509,933,48.63,0.0,2457.78,2.0
2024-07-08,16,2326,TR_a9eba461,748,749,20.0,0.0,750.0,2.7
2024-07-08,16,929,LTGES0624b,14,683,229.73,0.0,8937.38,2.6
2024-07-08,16,1490,LTGES0979,1017,583,142.68,0.0,1228.89,11.6
2024-07-08,16,629,LTGES0436b,240,831,69.81,0.0,2457.78,2.8
2024-07-08,16,771,LTGES0533,430,70,-170.88,0.0,1228.89,13.9
2024-07-08,16,378,LTGES0258a,74,771,-54.69,0.0,8937.38,0.6
2024-07-08,16,116,LTGES0082a,114,116,147.98,0.0,2457.78,6.0
2024-07-08,16,1852,LTGES1215,421,1133,-169.51,0.0,1228.89,13.8
2024-07-08,16,1906,LTGES1249a,447,1148,-158.71,0.0,8937.38,1.8
2024-07-08,16,2051,LTGES1356,1205,328,291.94,0.0,4468.69,6.5
2024-07-08,16,1755,LTGES1155a,1056,485,-82.46,0.0,3686.67,2.2
2024-07-08,16,376,LTGES0257a,124,274,3.39,0.0,8937.38,0.0
2024-07-08,16,1424,LTGES0935b,93,699,-342.38,0.0,2457.78,13.9
2024-07-08,16,241,LTGES0171,207,210,-32.42,0.0,1228.89,2.6
2024-07-08,16,455,LTGES0313,310,125,-85.33,0.0,1228.89,6.9
2024-07-08,16,1118,LTGES0738,364,510,-130.52,0.0,1228.89,10.6
2024-07-08,16,2342,TR_cbe8a5bf,11,12,-365.97,0.0,1200.0,30.5
2024-07-08,16,29,LTGES0018,26,706,-375.65,0.0,1228.89,30.6
2024-07-08,16,786,LTGES0542b,436,372,-322.32,0.0,2457.78,13.1
2024-07-08,16,1799,LTGES1182c,90,697,17.66,0.0,1268.9,1.4
2024-07-08,16,551,LTGES0382a,820,8,38.53,0.0,2457.78,1.6
2024-07-08,16,947,LTGES0635b,716,165,224.63,0.0,2457.78,9.1
2024-07-08,16,1713,LTGES1128a,182,186,71.21,0.0,2457.78,2.9
2024-07-08,16,367,LTGES0252,766,761,-58.7,0.0,1228.89,4.8
2024-07-08,16,1778,LTGES1171a,593,591,103.8,0.0,2457.78,4.2
2024-07-08,16,2095,LTGES1388a,1179,661,-0.07,0.0,2457.78,0.0
2024-07-08,16,1229,LTGES0806b,133,960,2.08,0.0,2457.78,0.1
2024-07-08,16,1585,LTGES1043,1044,329,-11.67,0.0,1228.89,0.9
2024-07-08,16,948,LTGES0636a,715,164,-21.22,0.0,845.93,2.5
2024-07-08,16,1656,LTGES1092,1232,616,-1.38,0.0,1228.89,0.1
2024-07-08,16,1759,LTGES1156b,599,485,-107.34,0.0,2457.78,4.4
2024-07-08,16,1602,LTGES1055a,729,1062,-85.02,0.0,2457.78,3.5
2024-07-08,16,1774,LTGES1167,629,631,-119.02,0.0,1228.89,9.7
2024-07-08,16,1811,LTGES1189a,154,162,-8.82,0.0,8937.38,0.1
2024-07-08,16,1708,LTGES1124b,240,609,71.89,0.0,2457.78,2.9
2024-07-08,16,515,LTGES0358,67,323,491.18,0.0,4468.69,11.0
2024-07-08,16,706,LTGES0483b,69,17,-545.46,0.0,8937.38,6.1
2024-07-08,16,497,LTGES0344b,712,317,13.58,0.0,2457.78,0.6
2024-07-08,16,1477,LTGES0970,582,45,110.79,0.0,1228.89,9.0
2024-07-08,16,1553,LTGES1021a,488,918,-1027.95,0.0,2457.78,41.8
2024-07-08,16,2310,TR_60f77458,91,92,-405.84,0.0,750.0,54.1
2024-07-08,16,504,LTGES0350,112,803,4.47,0.0,1228.89,0.4
2024-07-08,16,1729,LTGES1138,83,701,79.99,0.0,1228.89,6.5
2024-07-08,16,1186,LTGES0777b,870,12,168.45,0.0,8937.38,1.9
2024-07-08,16,1189,LTGES0779,203,875,1036.14,0.0,4468.69,23.2
2024-07-08,16,1753,LTGES1154a,146,140,109.1,0.0,2457.78,4.4
2024-07-08,16,914,LTGES0616a,456,883,-25.88,0.0,8937.38,0.3
2024-07-08,16,1808,LTGES1187,1084,1115,-73.49,0.0,1228.89,6.0
2024-07-08,16,2299,TR_2ab84c9d,831,832,-449.56,0.0,750.0,59.9
2024-07-08,16,615,LTGES0428b,360,357,-2.66,0.0,8937.38,0.0
2024-07-08,16,1958,LTGES1283,1162,1161,514.5,0.0,1228.89,41.9
2024-07-08,16,2199,TR_b44ed123,815,816,-7.35,0.0,500.0,1.5
2024-07-08,16,1367,LTGES0898a,70,565,41.21,0.0,2457.78,1.7
2024-07-08,16,976,LTGES0652c,678,143,-486.96,0.0,13406.07,3.6
2024-07-08,16,1577,LTGES1037b,77,244,26.32,0.0,1268.9,2.1
2024-07-08,16,374,LTGES0256a,234,260,-64.52,0.0,2457.78,2.6
2024-07-08,16,2175,TR_519b8abe,70,71,-977.62,0.0,1875.0,52.1
2024-07-08,16,1814,LTGES1191,1118,82,2201.74,0.0,4468.69,49.3
2024-07-08,16,1126,LTGES0743b,364,505,-257.24,0.0,2457.78,10.5
2024-07-08,16,2099,LTGES1391a,412,383,116.92,0.0,8937.38,1.3
2024-07-08,16,886,LTGES0600,463,889,-47.07,0.0,1228.89,3.8
2024-07-08,16,1255,LTGES0825,536,537,-18.27,0.0,1228.89,1.5
2024-07-08,16,1360,LTGES0895c,562,564,190.61,0.0,4915.56,3.9
2024-07-08,16,364,LTGES0249,270,976,-42.72,0.0,1228.89,3.5
2024-07-08,16,803,LTGES0551a,440,265,-40.95,0.0,845.93,4.8
2024-07-08,16,2336,TR_13fe3810,207,208,-395.34,0.0,1200.0,32.9
2024-07-08,16,570,LTGES0394,339,333,60.18,0.0,1228.89,4.9
2024-07-08,16,1444,LTGES0950a,575,576,54.72,0.0,2457.78,2.2
2024-07-08,16,2135,LTGES1419,152,59,-2.9,0.0,1228.89,0.2
2024-07-08,16,44,LTGES0028a,3,51,115.19,0.0,2457.78,4.7
2024-07-08,16,2162,LTGES1441,1195,167,52.15,0.0,1228.89,4.2
2024-07-08,16,189,LTGES0138b,170,101,31.75,0.0,2457.78,1.3
2024-07-08,16,429,LTGES0295,305,304,136.66,0.0,1228.89,11.1
2024-07-08,16,2278,TR_59f3a3c3,358,359,502.53,0.0,1200.0,41.9
2024-07-08,16,169,LTGES0125,163,165,-0.94,0.0,1228.89,0.1
2024-07-08,16,2006,LTGES1323,327,1190,54.61,0.0,4468.69,1.2
2024-07-08,16,94,LTGES0065a,769,38,26.1,0.0,2457.78,1.1
2024-07-08,16,288,LTGES0209a,748,234,-60.72,0.0,2457.78,2.5
2024-07-08,16,1793,LTGES1180b,255,257,48.05,0.0,845.93,5.7
2024-07-08,16,2070,LTGES1370,668,670,8.59,0.0,1228.89,0.7
2024-07-08,16,1501,LTGES0987b,97,531,27.74,0.0,2457.78,1.1
2024-07-08,16,1594,LTGES1049,608,1158,-93.98,0.0,1228.89,7.6
2024-07-08,16,1662,LTGES1096b,341,1160,11.99,0.0,2457.78,0.5
2024-07-08,16,73,LTGES0048b,79,695,1.04,0.0,8937.38,0.0
2024-07-08,16,82,LTGES0055b,87,88,-93.21,0.0,2457.78,3.8
2024-07-08,16,1354,LTGES0892b,162,160,-361.64,0.0,8937.38,4.0
2024-07-08,16,902,LTGES0609,280,891,24.1,0.0,1228.89,2.0
2024-07-08,16,79,LTGES0053b,906,905,19.32,0.0,8937.38,0.2
2024-07-08,16,974,LTGES0652a,678,143,-486.96,0.0,13406.07,3.6
2024-07-08,16,1321,LTGES0869b,987,343,-225.29,0.0,2457.78,9.2
2024-07-08,16,1092,LTGES0720b,928,501,60.64,0.0,2457.78,2.5
2024-07-08,16,2237,TR_6f82474d,596,597,-33.6,0.0,500.0,6.7
2024-07-08,16,1068,LTGES0707a,499,176,-0.4,0.0,8937.38,0.0
2024-07-08,16,2296,TR_cdbd89a4,947,948,-58.25,0.0,500.0,11.6
2024-07-08,16,1761,LTGES1157b,598,484,-9.69,0.0,845.93,1.1
2024-07-08,16,507,LTGES0352a,321,89,1208.63,0.0,8937.38,13.5
2024-07-08,16,2017,LTGES1329b,149,133,-50.24,0.0,2457.78,2.0
2024-07-08,16,1389,LTGES0914,569,739,-14.45,0.0,1228.89,1.2
2024-07-08,16,427,LTGES0293,93,784,-178.83,0.0,1228.89,14.6
2024-07-08,16,1981,LTGES1303b,1174,332,-55.07,0.0,2457.78,2.2
2024-07-08,16,1947,LTGES1274,654,1064,-309.09,0.0,4468.69,6.9
2024-07-08,16,1183,LTGES0776a,47,3,-128.79,0.0,2457.78,5.2
2024-07-08,16,391,LTGES0266a,275,774,2.75,0.0,2457.78,0.1
2024-07-08,16,534,LTGES0372,330,331,242.78,0.0,1228.89,19.8
2024-07-08,16,572,LTGES0395b,340,826,-117.79,0.0,2457.78,4.8
2024-07-08,16,8,LTGES0004b,7,9,-261.26,0.0,8937.38,2.9
2024-07-08,16,1767,LTGES1161,314,604,35.07,0.0,1228.89,2.9
2024-07-08,16,64,LTGES0042b,71,72,137.39,0.0,8937.38,1.5
2024-07-08,16,1654,LTGES1090,615,616,3.11,0.0,1228.89,0.3
2024-07-08,16,1017,LTGES0674b,909,911,-104.94,0.0,4915.56,2.1
2024-07-08,16,91,LTGES0063,1007,39,-655.23,0.0,4468.69,14.7
2024-07-08,16,1120,LTGES0740,937,938,77.95,0.0,1228.89,6.3
2024-07-08,16,922,LTGES0620b,894,468,-790.91,0.0,8937.38,8.8
2024-07-08,16,1489,LTGES0978b,1019,584,-41.39,0.0,2457.78,1.7
2024-07-08,16,1898,LTGES1244b,1078,620,36.03,0.0,8937.38,0.4
2024-07-08,16,2129,LTGES1413b,929,506,-98.52,0.0,8937.38,1.1
2024-07-08,16,1702,LTGES1121,626,597,194.31,0.0,1228.89,15.8
2024-07-08,16,1915,LTGES1255a,649,650,-79.73,0.0,2457.78,3.2
2024-07-08,16,2337,TR_a35675e3,432,433,-940.57,0.0,2362.5,39.8
2024-07-08,16,726,LTGES0500b,848,413,-10.43,0.0,2457.78,0.4
2024-07-08,16,498,LTGES0345,800,862,-117.3,0.0,1228.89,9.5
2024-07-08,16,2156,LTGES1436,1213,485,-16.4,0.0,1228.89,1.3
2024-07-08,16,1686,LTGES1113b,301,625,-7.31,0.0,2457.78,0.3
2024-07-08,16,156,LTGES0115a,150,134,-415.89,0.0,8937.38,4.7
2024-07-08,16,2317,TR_d307d820,114,115,-104.77,0.0,500.0,21.0
2024-07-08,16,220,LTGES0157,180,957,15.43,0.0,1228.89,1.3
2024-07-08,16,2122,LTGES1410a,1231,22,-52.63,0.0,2457.78,2.1
2024-07-08,16,22,LTGES0013b,18,1085,29.24,0.0,2457.78,1.2
2024-07-08,16,1745,LTGES1149a,526,987,81.85,0.0,2457.78,3.3
2024-07-08,16,878,LTGES0594b,461,885,5.2,0.0,2457.78,0.2
2024-07-08,16,383,LTGES0260b,275,276,-356.35,0.0,2457.78,14.5
2024-07-08,16,1952,LTGES1278b,222,1156,1.31,0.0,2457.78,0.1
2024-07-08,16,1417,LTGES0932,916,308,144.89,0.0,1228.89,11.8
2024-07-08,16,2169,LTGES1446a,1236,394,-50.63,0.0,8937.38,0.6
2024-07-08,16,324,LTGES0227b,249,251,-31.35,0.0,845.93,3.7
2024-07-08,16,861,LTGES0584,267,64,-836.09,0.0,4468.69,18.7
2024-07-08,16,700,LTGES0479,400,148,-11.84,0.0,1228.89,1.0
2024-07-08,16,490,LTGES0339b,797,796,3.0,0.0,2457.78,0.1
2024-07-08,16,2058,LTGES1360b,667,57,295.44,0.0,2457.78,12.0
2024-07-08,16,1967,LTGES1292,658,1170,1.4,0.0,1228.89,0.1
2024-07-08,16,506,LTGES0351b,128,321,974.74,0.0,8937.38,10.9
2024-07-08,16,875,LTGES0593a,276,461,18.56,0.0,2457.78,0.8
2024-07-08,16,72,LTGES0048a,79,695,1.04,0.0,8937.38,0.0
2024-07-08,16,860,LTGES0583b,882,452,8.18,0.0,2457.78,0.3
2024-07-08,16,1631,LTGES1075a,230,48,129.24,0.0,2457.78,5.3
2024-07-08,16,1088,LTGES0717b,500,927,-207.93,0.0,2457.78,8.5
2024-07-08,16,2331,TR_a3c83c97,370,371,-3.37,0.0,500.0,0.7
2024-07-08,16,667,LTGES0461a,389,982,2364.68,0.0,8937.38,26.5
2024-07-08,16,472,LTGES0326,792,201,-1.23,0.0,1228.89,0.1
2024-07-08,16,1037,LTGES0685a,918,487,-1056.71,0.0,2457.78,43.0
2024-07-08,16,524,LTGES0363,808,99,-0.0,0.0,4468.69,0.0
2024-07-08,16,1226,LTGES0805a,959,458,31.44,0.0,2457.78,1.3
2024-07-08,16,767,LTGES0530,862,712,182.44,0.0,1228.89,14.8
2024-07-08,16,145,LTGES0108b,135,138,129.9,0.0,2457.78,5.3
2024-07-08,16,36,LTGES0022,37,39,619.33,0.0,4468.69,13.9
2024-07-08,16,1082,LTGES0714b,192,503,-76.4,0.0,2457.78,3.1
2024-07-08,16,2267,TR_d11f8e41,45,46,-343.43,0.0,1200.0,28.6
2024-07-08,16,1543,LTGES1015b,225,600,94.94,0.0,2457.78,3.9
2024-07-08,16,353,LTGES0241a,264,261,-1.56,0.0,8937.38,0.0
2024-07-08,16,1325,LTGES0872,526,1097,63.04,0.0,1228.89,5.1
2024-07-08,16,1509,LTGES0992,587,588,-227.78,0.0,1228.89,18.5
2024-07-08,16,232,LTGES0166a,205,203,1106.7,0.0,8937.38,12.4
2024-07-08,16,407,LTGES0279,289,286,-22.77,0.0,1228.89,1.9
2024-07-08,16,1648,LTGES1087a,58,705,1201.74,0.0,8937.38,13.4
2024-07-08,16,54,LTGES0035,690,63,90.09,0.0,1228.89,7.3
2024-07-08,16,1931,LTGES1265a,444,866,13.35,0.0,2457.78,0.5
2024-07-08,16,101,LTGES0069a,105,874,-161.67,0.0,2457.78,6.6
2024-07-08,16,724,LTGES0499,413,262,-25.03,0.0,1228.89,2.0
2024-07-08,16,792,LTGES0545b,437,439,-37.28,0.0,2457.78,1.5
2024-07-08,16,715,LTGES0491,846,405,-165.42,0.0,1228.89,13.5
2024-07-08,16,1605,LTGES1056b,260,233,44.84,0.0,2457.78,1.8
2024-07-08,16,945,LTGES0634,157,651,-538.32,0.0,1228.89,43.8
2024-07-08,16,1054,LTGES0696,491,1057,-221.56,0.0,1228.89,18.0
2024-07-08,16,1115,LTGES0736b,936,935,26.5,0.0,2457.78,1.1
2024-07-08,16,1672,LTGES1103b,894,895,50.29,0.0,8937.38,0.6
2024-07-08,16,335,LTGES0233a,114,256,347.98,0.0,2457.78,14.2
2024-07-08,16,630,LTGES0437a,238,363,1.34,0.0,8937.38,0.0
2024-07-08,16,2319,TR_c51f01d1,117,118,-397.77,0.0,1875.0,21.2
2024-07-08,16,168,LTGES0124b,160,714,429.07,0.0,8937.38,4.8
2024-07-08,16,1405,LTGES0923b,999,550,-10.18,0.0,2457.78,0.4
2024-07-08,16,403,LTGES0276,288,285,-41.76,0.0,1228.89,3.4
2024-07-08,16,2315,TR_cc6607e7,266,267,88.61,0.0,750.0,11.8
2024-07-08,16,1522,LTGES1003a,1027,1028,-509.98,0.0,2457.78,20.7
2024-07-08,16,1013,LTGES0673b,910,912,-36.74,0.0,17874.76,0.2
2024-07-08,16,270,LTGES0196,343,958,135.36,0.0,1228.89,11.0
2024-07-08,16,2198,TR_39a719b5,817,818,-6.82,0.0,500.0,1.4
2024-07-08,16,476,LTGES0329a,762,764,-26.42,0.0,2457.78,1.1
2024-07-08,16,1027,LTGES0678b,913,471,-2.21,0.0,2457.78,0.1
2024-07-08,16,1435,LTGES0943,573,1082,-56.42,0.0,4468.69,1.3
2024-07-08,16,1433,LTGES0942a,851,573,172.77,0.0,8937.38,1.9
2024-07-08,16,954,LTGES0639b,473,35,99.93,0.0,8937.38,1.1
2024-07-08,16,453,LTGES0312a,542,110,-1177.52,0.0,8937.38,13.2
2024-07-08,16,1815,LTGES1192,76,14,-501.27,0.0,4468.69,11.2
2024-07-08,16,88,LTGES0060,98,1012,73.31,0.0,4468.69,1.6
2024-07-08,16,883,LTGES0598,462,888,5.33,0.0,1228.89,0.4
2024-07-08,16,2229,TR_8a0345e0,393,394,160.14,0.0,1875.0,8.5
2024-07-08,16,1791,LTGES1179b,256,258,328.29,0.0,2457.78,13.4
2024-07-08,16,743,LTGES0511b,167,961,354.26,0.0,2457.78,14.4
2024-07-08,16,1273,LTGES0837b,544,545,100.62,0.0,2457.78,4.1
2024-07-08,16,77,LTGES0052,85,55,-882.74,0.0,4468.69,19.8
2024-07-08,16,596,LTGES0412,349,347,-519.07,0.0,4468.69,11.6
2024-07-08,16,2003,LTGES1321a,1181,374,-0.0,0.0,8937.38,0.0
2024-07-08,16,972,LTGES0651a,200,903,-474.69,0.0,8937.38,5.3
2024-07-08,16,449,LTGES0309b,308,196,-74.81,0.0,2457.78,3.0
2024-07-08,16,1084,LTGES0715b,927,504,64.29,0.0,2457.78,2.6
2024-07-08,16,387,LTGES0262b,278,773,12.6,0.0,2457.78,0.5
2024-07-08,16,620,LTGES0431,75,357,1145.47,0.0,4468.69,25.6
2024-07-08,16,2311,TR_1d98b925,697,698,-69.23,0.0,500.0,13.8
2024-07-08,16,450,LTGES0310a,677,309,92.69,0.0,2457.78,3.8
2024-07-08,16,1322,LTGES0870,6,559,9.17,0.0,1228.89,0.7
2024-07-08,16,2305,TR_a7560d62,120,121,-78.45,0.0,750.0,10.5
2024-07-08,16,906,LTGES0611b,300,266,272.84,0.0,2457.78,11.1
2024-07-08,16,586,LTGES0407a,346,347,-984.41,0.0,8937.38,11.0
2024-07-08,16,971,LTGES0650c,904,31,-1343.29,0.0,13406.07,10.0
2024-07-08,16,635,LTGES0440,248,931,-2451.2,0.0,4468.69,54.9
2024-07-08,16,43,LTGES0027b,50,915,1147.59,0.0,8937.38,12.8
2024-07-08,16,1093,LTGES0721,350,507,1885.76,0.0,4468.69,42.2
2024-07-08,16,1208,LTGES0795b,334,35,646.1,0.0,8937.38,7.2
2024-07-08,16,1445,LTGES0950b,575,576,54.72,0.0,2457.78,2.2
2024-07-08,16,2329,TR_314cfd1c,440,441,40.23,0.0,500.0,8.0
2024-07-08,16,1717,LTGES1130,492,502,-76.68,0.0,1228.89,6.2
2024-07-08,16,1004,LTGES0669a,908,13,258.7,0.0,2457.78,10.5
2024-07-08,16,893,LTGES0604b,280,892,197.67,0.0,3686.67,5.4
2024-07-08,16,1531,LTGES1008b,432,594,82.58,0.0,2457.78,3.4
2024-07-08,16,1277,LTGES0840,546,72,-728.21,0.0,4468.69,16.3
2024-07-08,16,530,LTGES0369,330,811,-171.76,0.0,1228.89,14.0
2024-07-08,16,602,LTGES0418,1124,828,278.72,0.0,1228.89,22.7
2024-07-08,16,2115,LTGES1403,671,644,653.22,0.0,1228.89,53.2
2024-07-08,16,1344,LTGES0887,724,973,248.01,0.0,4468.69,5.5
2024-07-08,16,703,LTGES0482a,403,705,-1200.45,0.0,8937.38,13.4
2024-07-08,16,2330,TR_8c3372a7,368,369,-3.33,0.0,500.0,0.7
2024-07-08,16,594,LTGES0411a,827,346,75.23,0.0,8937.38,0.8
2024-07-08,16,651,LTGES0451a,367,208,1127.1,0.0,8937.38,12.6
2024-07-08,16,1046,LTGES0690,487,489,-889.83,0.0,1228.89,72.4
2024-07-08,16,1976,LTGES1299b,657,411,-0.69,0.0,2457.78,0.0
2024-07-08,16,1253,LTGES0823b,968,189,-228.63,0.0,2457.78,9.3
2024-07-08,16,932,LTGES0626,469,470,390.45,0.0,1228.89,31.8
2024-07-08,16,962,LTGES0644,1079,475,203.79,0.0,1228.89,16.6
2024-07-08,16,522,LTGES0362b,807,325,50.14,0.0,3686.67,1.4
2024-07-08,16,1838,LTGES1208a,637,1130,13.93,0.0,4915.56,0.3
2024-07-08,16,9,LTGES0005,10,861,2.66,0.0,4468.69,0.1
2024-07-08,16,1117,LTGES0737b,936,364,-150.04,0.0,2457.78,6.1
2024-07-08,16,2219,TR_dd3b02ef,220,221,-130.17,0.0,750.0,17.4
2024-07-08,16,1272,LTGES0837a,544,545,100.62,0.0,2457.78,4.1
2024-07-08,16,1532,LTGES1009a,595,1030,-83.31,0.0,8937.38,0.9
2024-07-08,16,552,LTGES0382b,820,8,38.53,0.0,2457.78,1.6
2024-07-08,16,192,LTGES0140a,172,129,-175.48,0.0,2457.78,7.1
2024-07-08,16,12,LTGES0008,16,920,-594.59,0.0,1228.89,48.4
2024-07-08,16,1342,LTGES0885,974,764,37.42,0.0,1228.89,3.0
2024-07-08,16,357,LTGES0244,80,759,-824.07,0.0,4468.69,18.4
2024-07-08,16,1382,LTGES0908,541,125,104.03,0.0,1228.89,8.5
2024-07-08,16,1885,LTGES1236a,679,648,49.36,0.0,2457.78,2.0
2024-07-08,16,417,LTGES0287a,295,296,869.97,0.0,2457.78,35.4
2024-07-08,16,1700,LTGES1120c,1,626,5.05,0.0,4915.56,0.1
2024-07-08,16,1608,LTGES1058a,1146,1057,-54.64,0.0,2457.78,2.2
2024-07-08,16,694,LTGES0475,395,398,-106.42,0.0,1228.89,8.7
2024-07-08,16,2056,LTGES1359b,109,172,-169.55,0.0,2457.78,6.9
2024-07-08,16,1157,LTGES0762a,111,946,684.13,0.0,8937.38,7.7
2024-07-08,16,1260,LTGES0828,969,537,-0.81,0.0,1228.89,0.1
2024-07-08,16,426,LTGES0292,783,302,124.7,0.0,1228.89,10.1
2024-07-08,16,991,LTGES0661a,904,477,1537.47,0.0,8937.38,17.2
2024-07-08,16,539,LTGES0375a,9,334,172.45,0.0,8937.38,1.9
2024-07-08,16,2034,LTGES1340,1117,1070,26.44,0.0,1228.89,2.2
2024-07-08,16,1301,LTGES0857,522,951,2.85,0.0,1228.89,0.2
2024-07-08,16,2038,LTGES1344,1199,657,-0.65,0.0,1228.89,0.1
2024-07-08,16,1340,LTGES0883b,769,222,-141.72,0.0,2457.78,5.8
2024-07-08,16,1014,LTGES0673c,910,912,-36.74,0.0,17874.76,0.2
2024-07-08,16,761,LTGES0526,45,427,56.64,0.0,1228.89,4.6
2024-07-08,16,610,LTGES0424b,830,354,5.87,0.0,2457.78,0.2
2024-07-08,16,1660,LTGES1095,475,618,-90.31,0.0,1228.89,7.3
2024-07-08,16,739,LTGES0508b,33,19,-1993.02,0.0,8937.38,22.3
2024-07-08,16,2059,LTGES1361a,650,868,-104.92,0.0,2457.78,4.3
2024-07-08,16,1259,LTGES0827c,1005,313,-51.66,0.0,3686.67,1.4
2024-07-08,16,1317,LTGES0867b,987,527,309.0,0.0,2457.78,12.6
2024-07-08,16,1803,LTGES1184a,610,423,-2.49,0.0,2457.78,0.1
2024-07-08,16,1398,LTGES0918b,997,976,-23.78,0.0,3686.67,0.6
2024-07-08,16,1610,LTGES1061,394,10,713.79,0.0,4468.69,16.0
2024-07-08,16,179,LTGES0131,163,165,-0.94,0.0,1228.89,0.1
2024-07-08,16,993,LTGES0662a,905,268,-1225.13,0.0,8937.38,13.7
2024-07-08,16,905,LTGES0611a,300,266,272.84,0.0,2457.78,11.1
2024-07-08,16,2210,TR_86452e13,186,187,71.11,0.0,500.0,14.2
2024-07-08,16,1406,LTGES0924,980,552,204.79,0.0,1228.89,16.7
2024-07-08,16,782,LTGES0540b,373,205,-1457.45,0.0,8937.38,16.3
2024-07-08,16,2263,TR_026f4709,606,607,260.37,0.0,1200.0,21.7
2024-07-08,16,1320,LTGES0869a,987,343,-225.29,0.0,2457.78,9.2
2024-07-08,16,239,LTGES0169b,208,203,530.49,0.0,8937.38,5.9
2024-07-08,16,911,LTGES0614,893,409,-0.02,0.0,1228.89,0.0
2024-07-08,16,1200,LTGES0791b,694,525,-362.03,0.0,2457.78,14.7
2024-07-08,16,737,LTGES0507b,28,32,74.56,0.0,2457.78,3.0
2024-07-08,16,1032,LTGES0681c,89,915,-979.54,0.0,13406.07,7.3
2024-07-08,16,1822,LTGES1199a,1120,1116,-10.22,0.0,2457.78,0.4
2024-07-08,16,889,LTGES0602,463,890,13.37,0.0,1228.89,1.1
2024-07-08,16,1528,LTGES1006b,592,301,153.17,0.0,2457.78,6.2
2024-07-08,16,2074,LTGES1373a,696,87,-77.25,0.0,2457.78,3.1
2024-07-08,16,2090,LTGES1385a,622,409,21.63,0.0,2457.78,0.9
2024-07-08,16,525,LTGES0364,809,1143,0.0,0.0,4468.69,0.0
2024-07-08,16,1403,LTGES0922,550,980,219.59,0.0,1228.89,17.9
2024-07-08,16,488,LTGES0338,315,302,-37.67,0.0,1228.89,3.1
2024-07-08,16,2107,LTGES1396,275,1221,24.01,0.0,1228.89,2.0
2024-07-08,16,1817,LTGES1193b,467,632,66.3,0.0,2457.78,2.7
2024-07-08,16,2109,LTGES1398,1209,670,-0.38,0.0,1228.89,0.0
2024-07-08,16,2039,LTGES1345a,460,665,15.41,0.0,2457.78,0.6
2024-07-08,16,458,LTGES0316,125,201,274.61,0.0,1228.89,22.3
2024-07-08,16,745,LTGES0513,853,1008,100.69,0.0,1228.89,8.2
2024-07-08,16,696,LTGES0477a,840,393,1.76,0.0,2457.78,0.1
2024-07-08,16,1865,LTGES1224,693,248,2302.25,0.0,4468.69,51.5
2024-07-08,16,1450,LTGES0953a,577,576,-46.98,0.0,2457.78,1.9
2024-07-08,16,1541,LTGES1014b,73,1033,44.24,0.0,2457.78,1.8
2024-07-08,16,1877,LTGES1232a,383,1141,145.5,0.0,8937.38,1.6
2024-07-08,16,668,LTGES0461b,389,982,2364.68,0.0,8937.38,26.5
2024-07-08,16,2091,LTGES1385b,622,409,21.63,0.0,2457.78,0.9
2024-07-08,16,45,LTGES0028b,3,51,115.19,0.0,2457.78,4.7
2024-07-08,16,1427,LTGES0938,854,736,-240.44,0.0,1228.89,19.6
2024-07-08,16,1663,LTGES1097a,34,426,-272.31,0.0,2457.78,11.1
2024-07-08,16,1910,LTGES1251a,1148,869,12.61,0.0,8937.38,0.1
2024-07-08,16,436,LTGES0300,785,93,-397.87,0.0,1228.89,32.4
2024-07-08,16,527,LTGES0366,328,810,1076.8,0.0,4468.69,24.1
2024-07-08,16,1581,LTGES1040,319,316,13.06,0.0,1228.89,1.1
2024-07-08,16,2153,LTGES1433,1208,25,-17.51,0.0,1228.89,1.4
2024-07-08,16,440,LTGES0302b,264,261,-1.59,0.0,8937.38,0.0
2024-07-08,16,872,LTGES0591a,459,460,-1.5,0.0,2457.78,0.1
2024-07-08,16,1002,LTGES0667b,147,483,-1954.19,0.0,8937.38,21.9
2024-07-08,16,105,LTGES0072,108,107,-81.45,0.0,1228.89,6.6
2024-07-08,16,1872,LTGES1228b,184,627,-20.72,0.0,2457.78,0.8
2024-07-08,16,1916,LTGES1255b,649,650,-79.73,0.0,2457.78,3.2
2024-07-08,16,547,LTGES0380a,818,816,-39.83,0.0,2457.78,1.6
2024-07-08,16,400,LTGES0273,286,285,146.73,0.0,1228.89,11.9
2024-07-08,16,695,LTGES0476,398,840,28.0,0.0,1228.89,2.3
2024-07-08,16,480,LTGES0331a,302,784,-26.96,0.0,2457.78,1.1
2024-07-08,16,728,LTGES0501b,847,413,-0.92,0.0,2457.78,0.0
2024-07-08,16,1214,LTGES0798,182,184,16.48,0.0,1228.89,1.3
2024-07-08,16,744,LTGES0512,1008,853,-99.75,0.0,1228.89,8.1
2024-07-08,16,296,LTGES0213,751,122,-1950.77,0.0,4468.69,43.7
2024-07-08,16,1679,LTGES1109b,441,375,349.13,0.0,2457.78,14.2
2024-07-08,16,722,LTGES0498a,64,412,124.02,0.0,8937.38,1.4
2024-07-08,16,1039,LTGES0686,919,488,-17.38,0.0,1228.89,1.4
2024-07-08,16,775,LTGES0536,857,425,170.34,0.0,1228.89,13.9
2024-07-08,16,1103,LTGES0728b,241,930,847.76,0.0,8937.38,9.5
2024-07-08,16,625,LTGES0434,832,357,-1138.48,0.0,4468.69,25.5
2024-07-08,16,1247,LTGES0820a,533,534,-430.85,0.0,2457.78,17.5
2024-07-08,16,1962,LTGES1287,1164,657,-0.55,0.0,1228.89,0.0
2024-07-08,16,50,LTGES0032,689,60,-131.93,0.0,1228.89,10.7
2024-07-08,16,526,LTGES0365,327,328,-422.41,0.0,4468.69,9.5
2024-07-08,16,1674,LTGES1105a,142,1142,3.13,0.0,2457.78,0.1
2024-07-08,16,624,LTGES0433b,1145,350,-524.74,0.0,8937.38,5.9
2024-07-08,16,162,LTGES0120a,156,69,415.35,0.0,8937.38,4.6
2024-07-08,16,1639,LTGES1080b,22,611,-259.08,0.0,2457.78,10.5
2024-07-08,16,392,LTGES0266b,275,774,2.75,0.0,2457.78,0.1
2024-07-08,16,63,LTGES0042a,71,72,137.39,0.0,8937.38,1.5
2024-07-08,16,92,LTGES0064a,692,769,-114.46,0.0,2457.78,4.7
2024-07-08,16,1757,LTGES1155c,1056,485,-82.46,0.0,3686.67,2.2
2024-07-08,16,2242,TR_d45a10b0,630,631,-412.73,0.0,1200.0,34.4
2024-07-08,16,1299,LTGES0855b,521,950,-10.06,0.0,2457.78,0.4
2024-07-08,16,1775,LTGES1168,628,630,22.14,0.0,422.97,5.2
2024-07-08,16,214,LTGES0153a,813,767,-98.65,0.0,2457.78,4.0
2024-07-08,16,1917,LTGES1256,955,159,-12.77,0.0,1228.89,1.0
2024-07-08,16,573,LTGES0396,339,902,-5.94,0.0,1228.89,0.5
2024-07-08,16,1387,LTGES0913a,569,996,6.36,0.0,2457.78,0.3
2024-07-08,16,780,LTGES0539b,434,432,-29.78,0.0,2457.78,1.2
2024-07-08,16,949,LTGES0636b,715,164,-21.22,0.0,845.93,2.5
2024-07-08,16,1071,LTGES0708b,924,175,-29.25,0.0,2457.78,1.2
2024-07-08,16,999,LTGES0665,956,481,20.68,0.0,1228.89,1.7
2024-07-08,16,671,LTGES0463a,375,380,191.07,0.0,2457.78,7.8
2024-07-08,16,812,LTGES0555a,445,446,-111.35,0.0,2457.78,4.5
2024-07-08,16,2224,TR_24f95bfa,40,41,-49.73,0.0,750.0,6.6
2024-07-08,16,2029,LTGES1337,1141,647,1390.51,0.0,4468.69,31.1
2024-07-08,16,1262,LTGES0830,538,994,28.0,0.0,1228.89,2.3
2024-07-08,16,719,LTGES0495,408,331,315.86,0.0,1228.89,25.7
2024-07-08,16,1409,LTGES0926b,1001,571,-0.89,0.0,2457.78,0.0
2024-07-08,16,1892,LTGES1241a,135,65,-58.31,0.0,2457.78,2.4
2024-07-08,16,1569,LTGES1032b,375,369,121.37,0.0,2457.78,4.9
2024-07-08,16,2322,TR_f8ac356f,234,235,7.59,0.0,500.0,1.5
2024-07-08,16,544,LTGES0378a,333,34,32.48,0.0,2457.78,1.3
2024-07-08,16,275,LTGES0201a,863,3,72.01,0.0,2457.78,2.9
2024-07-08,16,1707,LTGES1124a,240,609,71.89,0.0,2457.78,2.9
2024-07-08,16,826,LTGES0562b,419,3,-136.49,0.0,2457.78,5.6
2024-07-08,16,2266,TR_a5cf368f,427,428,-216.92,0.0,750.0,28.9
2024-07-08,16,1806,LTGES1185b,220,42,-31.39,0.0,2457.78,1.3
2024-07-08,16,1934,LTGES1266b,329,644,283.91,0.0,2457.78,11.6
2024-07-08,16,940,LTGES0631a,897,898,-31.25,0.0,2457.78,1.3
2024-07-08,16,899,LTGES0607a,279,947,25.84,0.0,845.93,3.1
2024-07-08,16,1664,LTGES1097b,34,426,-272.31,0.0,2457.78,11.1
2024-07-08,16,516,LTGES0359,324,112,53.38,0.0,1228.89,4.3
2024-07-08,16,1536,LTGES1011b,597,599,-15.22,0.0,2457.78,0.6
2024-07-08,16,2215,TR_4329bc31,177,178,102.77,0.0,750.0,13.7
2024-07-08,16,286,LTGES0208a,749,235,-865.98,0.0,8937.38,9.7
2024-07-08,16,1573,LTGES1036a,78,245,233.67,0.0,3686.67,6.3
2024-07-08,16,2037,LTGES1343,1049,402,-131.77,0.0,1228.89,10.7
2024-07-08,16,2269,TR_c22e81d6,293,294,-73.69,0.0,500.0,14.7
2024-07-08,16,1451,LTGES0953b,577,576,-46.98,0.0,2457.78,1.9
2024-07-08,16,1870,LTGES1227b,646,338,92.39,0.0,2457.78,3.8
2024-07-08,16,459,LTGES0317,310,311,124.52,0.0,1228.89,10.1
2024-07-08,16,2080,LTGES1378,477,478,1132.66,0.0,4468.69,25.3
2024-07-08,16,465,LTGES0322a,306,782,-355.01,0.0,2457.78,14.4
2024-07-08,16,652,LTGES0451b,367,208,1127.1,0.0,8937.38,12.6
2024-07-08,16,1012,LTGES0673a,910,912,-36.74,0.0,17874.76,0.2
2024-07-08,16,1128,LTGES0744b,508,512,57.64,0.0,2457.78,2.3
2024-07-08,16,779,LTGES0539a,434,432,-29.78,0.0,2457.78,1.2
2024-07-08,16,308,LTGES0221a,245,121,201.53,0.0,3686.67,5.5
2024-07-08,16,110,LTGES0077,55,89,-2927.4,0.0,4468.69,65.5
2024-07-08,16,1393,LTGES0916b,976,723,-29.55,0.0,2457.78,1.2
2024-07-08,16,2257,TR_4a6d455c,144,145,-44.01,0.0,750.0,5.9
2024-07-08,16,1146,LTGES0755a,400,943,970.33,0.0,2457.78,39.5
2024-07-08,16,1812,LTGES1189b,154,162,-8.82,0.0,8937.38,0.1
2024-07-08,16,1090,LTGES0719,926,498,128.26,0.0,1228.89,10.4
2024-07-08,16,606,LTGES0421b,353,829,3.26,0.0,2457.78,0.1
2024-07-08,16,943,LTGES0632b,1099,469,-4.2,0.0,2457.78,0.2
2024-07-08,16,1370,LTGES0900a,990,777,658.61,0.0,8937.38,7.4
2024-07-08,16,1703,LTGES1122a,626,1,-3.33,0.0,2457.78,0.1
2024-07-08,16,1744,LTGES1148b,318,800,-41.42,0.0,2457.78,1.7
2024-07-08,16,231,LTGES0165b,203,53,205.6,0.0,8937.38,2.3
2024-07-08,16,1565,LTGES1030b,7,183,142.94,0.0,8937.38,1.6
2024-07-08,16,1034,LTGES0683,56,197,214.08,0.0,1228.89,17.4
2024-07-08,16,1641,LTGES1082,431,201,-278.72,0.0,1228.89,22.7
2024-07-08,16,1065,LTGES0704,1116,496,-41.99,0.0,1228.89,3.4
2024-07-08,16,1021,LTGES0675b,910,486,45.99,0.0,8937.38,0.5
2024-07-08,16,384,LTGES0261a,277,772,-2305.46,0.0,8937.38,25.8
2024-07-08,16,1582,LTGES1041,1042,604,-31.04,0.0,1228.89,2.5
2024-07-08,16,1374,LTGES0903,740,62,-539.37,0.0,4468.69,12.1
2024-07-08,16,1141,LTGES0752b,516,943,-3.98,0.0,2457.78,0.2
2024-07-08,16,1839,LTGES1208b,637,1130,13.93,0.0,4915.56,0.3
2024-07-08,16,173,LTGES0127b,899,1043,504.79,0.0,2457.78,20.5
2024-07-08,16,1418,LTGES0933,305,304,130.18,0.0,1228.89,10.6
2024-07-08,16,2221,TR_07f999e0,175,176,-21.9,0.0,1200.0,1.8
2024-07-08,16,233,LTGES0166b,205,203,1106.7,0.0,8937.38,12.4
2024-07-08,16,1993,LTGES1313,924,767,34.78,0.0,1228.89,2.8
2024-07-08,16,798,LTGES0548b,439,442,54.92,0.0,2457.78,2.2
2024-07-08,16,1206,LTGES0794b,184,182,-25.25,0.0,2457.78,1.0
2024-07-08,16,2178,TR_3d4e3db8,541,542,-81.26,0.0,750.0,10.8
2024-07-08,16,1563,LTGES1029,1076,1122,-0.0,0.0,4468.69,0.0
2024-07-08,16,130,LTGES0092,41,678,-1082.23,0.0,4468.69,24.2
2024-07-08,16,1570,LTGES1033,1036,371,-6.98,0.0,1228.89,0.6
2024-07-08,16,1671,LTGES1103a,894,895,50.29,0.0,8937.38,0.6
2024-07-08,16,579,LTGES0402,901,342,-83.02,0.0,1228.89,6.8
2024-07-08,16,2151,LTGES1431,1168,61,-16.1,0.0,4468.69,0.4
2024-07-08,16,1943,LTGES1271,639,1153,0.67,0.0,1228.89,0.1
2024-07-08,16,1225,LTGES0804,133,959,32.85,0.0,1228.89,2.7
2024-07-08,16,1616,LTGES1065a,611,296,-349.02,0.0,2457.78,14.2
2024-07-08,16,2007,LTGES1324,1191,640,8.07,0.0,1228.89,0.7
2024-07-08,16,901,LTGES0608,465,1123,-3.58,0.0,1228.89,0.3
2024-07-08,16,1073,LTGES0709b,926,500,-127.21,0.0,2457.78,5.2
2024-07-08,16,720,LTGES0496,409,410,40.01,0.0,1228.89,3.3
2024-07-08,16,108,LTGES0075,687,720,962.23,0.0,4468.69,21.5
2024-07-08,16,1658,LTGES1094a,476,35,249.23,0.0,8937.38,2.8
2024-07-08,16,100,LTGES0068,102,103,-73.38,0.0,1228.89,6.0
2024-07-08,16,2132,LTGES1416,482,562,-747.52,0.0,1228.89,60.8
2024-07-08,16,597,LTGES0413,347,348,-505.23,0.0,4468.69,11.3
2024-07-08,16,1630,LTGES1074,206,213,363.74,0.0,1228.89,29.6
2024-07-08,16,1233,LTGES0810a,961,530,233.63,0.0,2457.78,9.5
2024-07-08,16,46,LTGES0029a,51,52,42.71,0.0,2457.78,1.7
2024-07-08,16,532,LTGES0370b,330,812,1.09,0.0,2457.78,0.0
2024-07-08,16,444,LTGES0305b,307,706,-63.24,0.0,2457.78,2.6
2024-07-08,16,735,LTGES0506b,29,33,-815.54,0.0,8937.38,9.1
2024-07-08,16,1953,LTGES1279,1218,63,-0.88,0.0,1228.89,0.1
2024-07-08,16,151,LTGES0112b,143,145,500.19,0.0,8937.38,5.6
2024-07-08,16,147,LTGES0110,41,218,852.7,0.0,4468.69,19.1
2024-07-08,16,1900,LTGES1245b,503,175,-63.42,0.0,2457.78,2.6
2024-07-08,16,1653,LTGES1089b,243,67,-2181.63,0.0,8937.38,24.4
2024-07-08,16,736,LTGES0507a,28,32,74.56,0.0,2457.78,3.0
2024-07-08,16,454,LTGES0312b,542,110,-1177.52,0.0,8937.38,13.2
2024-07-08,16,342,LTGES0236b,257,757,45.85,0.0,845.93,5.4
2024-07-08,16,180,LTGES0132,718,716,328.05,0.0,1228.89,26.7
2024-07-08,16,135,LTGES0096,720,41,956.51,0.0,4468.69,21.4
2024-07-08,16,1823,LTGES1199b,1120,1116,-10.22,0.0,2457.78,0.4
2024-07-08,16,1228,LTGES0806a,133,960,2.08,0.0,2457.78,0.1
2024-07-08,16,48,LTGES0030,54,56,-317.09,0.0,1228.89,25.8
2024-07-08,16,592,LTGES0410a,348,351,-1308.65,0.0,8937.38,14.6
2024-07-08,16,408,LTGES0280,284,286,227.08,0.0,1228.89,18.5
2024-07-08,16,1661,LTGES1096a,341,1160,11.99,0.0,2457.78,0.5
2024-07-08,16,262,LTGES0189,739,220,-15.97,0.0,1228.89,1.3
2024-07-08,16,1331,LTGES0876b,42,26,50.96,0.0,2457.78,2.1
2024-07-08,16,1495,LTGES0983,585,97,16.24,0.0,1228.89,1.3
2024-07-08,16,1035,LTGES0684a,911,142,-192.28,0.0,2457.78,7.8
2024-07-08,16,32,LTGES0020a,33,29,799.73,0.0,8937.38,8.9
2024-07-08,16,405,LTGES0278a,775,289,-32.27,0.0,2457.78,1.3
2024-07-08,16,334,LTGES0232b,253,113,39.05,0.0,845.93,4.6
2024-07-08,16,1779,LTGES1171b,593,591,103.8,0.0,2457.78,4.2
2024-07-08,16,2,LTGES0001b,1,2,-101.36,0.0,2457.78,4.1
2024-07-08,16,1181,LTGES0775a,225,47,61.79,0.0,2457.78,2.5
2024-07-08,16,183,LTGES0134,165,157,-494.29,0.0,1228.89,40.2
2024-07-08,16,1122,LTGES0741b,511,937,-134.51,0.0,2457.78,5.5
2024-07-08,16,2195,TR_82ae89fc,553,554,-265.41,0.0,1200.0,22.1
2024-07-08,16,1399,LTGES0918c,997,976,-23.78,0.0,3686.67,0.6
2024-07-08,16,2063,LTGES1363a,71,429,-670.96,0.0,8937.38,7.5
2024-07-08,16,51,LTGES0033a,62,55,-1172.2,0.0,8937.38,13.1
2024-07-08,16,752,LTGES0519b,856,1138,7.35,0.0,2457.78,0.3
2024-07-08,16,849,LTGES0575b,211,881,1.55,0.0,8937.38,0.0
2024-07-08,16,1957,LTGES1282,1189,17,-14.42,0.0,4468.69,0.3
2024-07-08,16,2225,TR_5c931ebf,762,763,-45.32,0.0,500.0,9.1
2024-07-08,16,1515,LTGES0996,589,590,75.09,0.0,1228.89,6.1
2024-07-08,16,2035,LTGES1341,640,1134,-2.85,0.0,1228.89,0.2
2024-07-08,16,141,LTGES0105,137,86,-204.03,0.0,1228.89,16.6
2024-07-08,16,1525,LTGES1005a,212,592,140.48,0.0,2457.78,5.7
2024-07-08,16,1781,LTGES1173a,1108,1107,-0.0,0.0,3574.95,0.0
2024-07-08,16,340,LTGES0235b,258,758,252.59,0.0,2457.78,10.3
2024-07-08,16,278,LTGES0203,721,154,-206.78,0.0,4468.69,4.6
2024-07-08,16,1297,LTGES0854b,209,3,172.38,0.0,2457.78,7.0
2024-07-08,16,1796,LTGES1181c,91,698,278.74,0.0,3686.67,7.6
2024-07-08,16,2119,LTGES1407,651,672,-144.4,0.0,1228.89,11.8
2024-07-08,16,1381,LTGES0907b,971,538,14.37,0.0,2457.78,0.6
2024-07-08,16,1749,LTGES1151,197,916,230.63,0.0,1228.89,18.8
2024-07-08,16,1871,LTGES1228a,184,627,-20.72,0.0,2457.78,0.8
2024-07-08,16,1549,LTGES1018b,51,601,14.16,0.0,2457.78,0.6
2024-07-08,16,1064,LTGES0703b,497,7,-269.17,0.0,8937.38,3.0
2024-07-08,16,747,LTGES0515,408,421,-536.16,0.0,1228.89,43.6
2024-07-08,16,1248,LTGES0820b,533,534,-430.85,0.0,2457.78,17.5
2024-07-08,16,1346,LTGES0888b,104,998,210.66,0.0,8937.38,2.4
2024-07-08,16,2241,TR_b47b078a,628,629,-164.34,0.0,500.0,32.9
2024-07-08,16,218,LTGES0155,191,193,-838.91,0.0,4468.69,18.8
2024-07-08,16,612,LTGES0426,356,239,2148.65,0.0,4468.69,48.1
2024-07-08,16,631,LTGES0437b,238,363,1.34,0.0,8937.38,0.0
2024-07-08,16,2335,TR_5b9e4f80,372,373,-1226.35,0.0,2362.5,51.9
2024-07-08,16,877,LTGES0594a,461,885,5.2,0.0,2457.78,0.2
2024-07-08,16,1742,LTGES1147,1096,230,-131.5,0.0,1228.89,10.7
2024-07-08,16,832,LTGES0565a,870,875,-376.22,0.0,8937.38,4.2
2024-07-08,16,836,LTGES0567,267,759,217.88,0.0,4468.69,4.9
2024-07-08,16,1372,LTGES0901,62,776,-300.11,0.0,4468.69,6.7
2024-07-08,16,237,LTGES0168b,206,202,-260.45,0.0,2457.78,10.6
2024-07-08,16,2308,TR_7cb91515,253,254,-47.35,0.0,500.0,9.5
2024-07-08,16,2171,LTGES1447,1081,1018,-127.36,0.0,1228.89,10.4
2024-07-08,16,713,LTGES0490a,845,405,192.0,0.0,2457.78,7.8
2024-07-08,16,419,LTGES0288a,298,948,5.36,0.0,2457.78,0.2
2024-07-08,16,1051,LTGES0694b,1063,489,-14.95,0.0,2457.78,0.6
2024-07-08,16,1650,LTGES1088a,155,157,-18.06,0.0,2457.78,0.7
2024-07-08,16,1348,LTGES0889b,103,997,-47.1,0.0,2457.78,1.9
2024-07-08,16,1899,LTGES1245a,503,175,-63.42,0.0,2457.78,2.6
2024-07-08,16,1932,LTGES1265b,444,866,13.35,0.0,2457.78,0.5
2024-07-08,16,1336,LTGES0881,229,988,115.71,0.0,1228.89,9.4
2024-07-08,16,1937,LTGES1268a,415,1066,0.41,0.0,845.93,0.0
2024-07-08,16,718,LTGES0494,331,329,510.98,0.0,1228.89,41.6
2024-07-08,16,1965,LTGES1290,1167,1166,100.71,0.0,1228.89,8.2
2024-07-08,16,37,LTGES0023,41,43,1302.88,0.0,4468.69,29.2
2024-07-08,16,2031,LTGES1338b,1072,612,12.78,0.0,2457.78,0.5
2024-07-08,16,1530,LTGES1008a,432,594,82.58,0.0,2457.78,3.4
2024-07-08,16,1752,LTGES1153,899,469,471.77,0.0,1228.89,38.4
2024-07-08,16,1559,LTGES1026,597,30,190.73,0.0,1228.89,15.5
2024-07-08,16,685,LTGES0470b,837,393,81.25,0.0,2457.78,3.3
2024-07-08,16,1235,LTGES0811a,961,962,108.21,0.0,2457.78,4.4
2024-07-08,16,1249,LTGES0821,967,189,-9.5,0.0,1228.89,0.8
2024-07-08,16,2191,TR_031c515e,405,406,571.64,0.0,1200.0,47.6
2024-07-08,16,755,LTGES0522a,423,26,-16.64,0.0,2457.78,0.7
2024-07-08,16,958,LTGES0641b,902,474,364.11,0.0,2457.78,14.8
2024-07-08,16,2168,LTGES1445b,283,676,-283.81,0.0,2457.78,11.5
2024-07-08,16,1712,LTGES1127b,713,139,7.71,0.0,2457.78,0.3
2024-07-08,16,1982,LTGES1304a,1175,1174,-47.66,0.0,2457.78,1.9
2024-07-08,16,1202,LTGES0792b,390,359,-151.89,0.0,8937.38,1.7
2024-07-08,16,1174,LTGES0771b,225,518,154.08,0.0,2457.78,6.3
2024-07-08,16,1368,LTGES0898b,70,565,41.21,0.0,2457.78,1.7
2024-07-08,16,1497,LTGES0985,1006,217,-23.04,0.0,1228.89,1.9
2024-07-08,16,2067,LTGES1367,668,669,-17.4,0.0,1228.89,1.4
2024-07-08,16,919,LTGES0619a,896,894,-692.64,0.0,8937.38,7.7
2024-07-08,16,1384,LTGES0910,722,781,107.55,0.0,1228.89,8.8
2024-07-08,16,1649,LTGES1087b,58,705,1201.74,0.0,8937.38,13.4
2024-07-08,16,2133,LTGES1417,1085,1231,-18.81,0.0,1228.89,1.5
2024-07-08,16,600,LTGES0416,349,345,406.74,0.0,4468.69,9.1
2024-07-08,16,787,LTGES0543a,865,436,-295.17,0.0,2457.78,12.0
2024-07-08,16,2149,LTGES1429,1228,407,391.89,0.0,1228.89,31.9
2024-07-08,16,672,LTGES0463b,375,380,191.07,0.0,2457.78,7.8
2024-07-08,16,1467,LTGES0961b,427,1015,144.15,0.0,2457.78,5.9
2024-07-08,16,1080,LTGES0713b,192,1132,50.43,0.0,2457.78,2.1
2024-07-08,16,272,LTGES0198,224,229,147.21,0.0,1228.89,12.0
2024-07-08,16,1534,LTGES1010,1032,1031,0.48,0.0,1228.89,0.0
2024-07-08,16,1142,LTGES0753a,943,1038,964.45,0.0,2457.78,39.2
2024-07-08,16,1076,LTGES0711,501,1073,8.85,0.0,1228.89,0.7
2024-07-08,16,1535,LTGES1011a,597,599,-15.22,0.0,2457.78,0.6
2024-07-08,16,2098,LTGES1390,411,661,1.56,0.0,1228.89,0.1
2024-07-08,16,1584,LTGES1042b,359,605,-33.02,0.0,8937.38,0.4
2024-07-08,16,1127,LTGES0744a,508,512,57.64,0.0,2457.78,2.3
2024-07-08,16,7,LTGES0004a,7,9,-261.26,0.0,8937.38,2.9
2024-07-08,16,1635,LTGES1078a,217,587,-47.03,0.0,2457.78,1.9
2024-07-08,16,1821,LTGES1198,362,633,899.93,0.0,4468.69,20.1
2024-07-08,16,1168,LTGES0768b,432,420,177.2,0.0,2457.78,7.2
2024-07-08,16,795,LTGES0547a,438,440,-20.83,0.0,845.93,2.5
2024-07-08,16,2111,LTGES1400a,708,132,-2.06,0.0,2457.78,0.1
2024-07-08,16,194,LTGES0141a,130,89,-1156.44,0.0,8937.38,12.9
2024-07-08,16,1844,LTGES1210a,1131,1129,-80.09,0.0,8937.38,0.9
2024-07-08,16,1727,LTGES1137a,714,162,232.22,0.0,8937.38,2.6
2024-07-08,16,140,LTGES0101b,66,136,124.2,0.0,8937.38,1.4
2024-07-08,16,2222,TR_dd8f0a25,764,765,-45.01,0.0,500.0,9.0
2024-07-08,16,2144,LTGES1425,748,231,66.16,0.0,1228.89,5.4
2024-07-08,16,854,LTGES0578,210,451,-109.18,0.0,1228.89,8.9
2024-07-08,16,1256,LTGES0826,537,313,-20.74,0.0,1228.89,1.7
2024-07-08,16,2254,TR_53ce20b7,566,567,-67.93,0.0,500.0,13.6
2024-07-08,16,2069,LTGES1369,1210,668,-8.58,0.0,1228.89,0.7
2024-07-08,16,936,LTGES0629a,681,19,342.6,0.0,8937.38,3.8
2024-07-08,16,212,LTGES0152a,177,182,-100.55,0.0,2457.78,4.1
2024-07-08,16,2253,TR_84534c7d,142,143,-51.49,0.0,750.0,6.9
2024-07-08,16,908,LTGES0612b,300,298,-88.22,0.0,2457.78,3.6
2024-07-08,16,1428,LTGES0939a,97,1009,-47.73,0.0,2457.78,1.9
2024-07-08,16,369,LTGES0253b,271,273,143.6,0.0,17874.76,0.8
2024-07-08,16,1950,LTGES1277,1155,532,236.52,0.0,1228.89,19.2
2024-07-08,16,211,LTGES0151b,183,187,-35.55,0.0,8937.38,0.4
2024-07-08,16,1312,LTGES0863,454,985,1.29,0.0,1228.89,0.1
2024-07-08,16,1763,LTGES1159a,513,941,2.21,0.0,2457.78,0.1
2024-07-08,16,1756,LTGES1155b,1056,485,-82.46,0.0,3686.67,2.2
2024-07-08,16,678,LTGES0467a,838,837,-242.8,0.0,2457.78,9.9
2024-07-08,16,1508,LTGES0991b,1022,588,-30.98,0.0,2457.78,1.3
2024-07-08,16,2280,TR_d4b90a0d,415,416,-0.83,0.0,500.0,0.2
2024-07-08,16,2089,LTGES1384,155,165,268.82,0.0,1228.89,21.9
2024-07-08,16,118,LTGES0083a,116,119,24.01,0.0,2457.78,1.0
2024-07-08,16,2055,LTGES1359a,109,172,-169.55,0.0,2457.78,6.9
2024-07-08,16,2281,TR_3a800caf,1066,1067,0.83,0.0,500.0,0.2
2024-07-08,16,283,LTGES0206a,750,231,-29.86,0.0,2457.78,1.2
2024-07-08,16,513,LTGES0356b,127,801,205.37,0.0,2457.78,8.4
2024-07-08,16,1124,LTGES0742b,828,344,-126.56,0.0,2457.78,5.1
2024-07-08,16,1022,LTGES0676a,903,143,-615.98,0.0,8937.38,6.9
2024-07-08,16,1851,LTGES1214b,946,990,679.05,0.0,8937.38,7.6
2024-07-08,16,2076,LTGES1374,422,96,-37.02,0.0,1228.89,3.0
2024-07-08,16,813,LTGES0555b,445,446,-111.35,0.0,2457.78,4.5
2024-07-08,16,1912,LTGES1252,207,209,427.77,0.0,1228.89,34.8
2024-07-08,16,425,LTGES0291b,301,300,235.39,0.0,2457.78,9.6
2024-07-08,16,1547,LTGES1017b,594,601,17.63,0.0,2457.78,0.7
2024-07-08,16,900,LTGES0607b,279,947,25.84,0.0,845.93,3.1
2024-07-08,16,1977,LTGES1300,928,498,-140.01,0.0,1228.89,11.4
2024-07-08,16,546,LTGES0379,332,818,-282.49,0.0,1228.89,23.0
2024-07-08,16,686,LTGES0471a,36,1236,-1095.08,0.0,8937.38,12.3
2024-07-08,16,301,LTGES0217a,239,753,368.69,0.0,8937.38,4.1
2024-07-08,16,1153,LTGES0760a,127,242,-212.62,0.0,2457.78,8.7
2024-07-08,16,784,LTGES0541b,433,208,335.5,0.0,8937.38,3.8
2024-07-08,16,18,LTGES0011b,18,1065,4.39,0.0,2457.78,0.2
2024-07-08,16,806,LTGES0552b,444,867,-12.83,0.0,4915.56,0.3
2024-07-08,16,2304,TR_9657d8d2,251,252,-45.87,0.0,500.0,9.2
2024-07-08,16,517,LTGES0360a,322,127,244.9,0.0,2457.78,10.0
2024-07-08,16,78,LTGES0053a,906,905,19.32,0.0,8937.38,0.2
2024-07-08,16,796,LTGES0547b,438,440,-20.83,0.0,845.93,2.5
2024-07-08,16,2079,LTGES1377,665,634,30.5,0.0,1228.89,2.5
2024-07-08,16,1861,LTGES1222a,156,643,-2129.65,0.0,8937.38,23.8
2024-07-08,16,1177,LTGES0773a,520,175,71.78,0.0,2457.78,2.9
2024-07-08,16,382,LTGES0260a,275,276,-356.35,0.0,2457.78,14.5
2024-07-08,16,74,LTGES0049,80,82,-1964.29,0.0,4468.69,44.0
2024-07-08,16,1419,LTGES0934a,786,123,-72.26,0.0,4915.56,1.5
2024-07-08,16,1056,LTGES0698,921,351,-0.96,0.0,4468.69,0.0
2024-07-08,16,1513,LTGES0995a,589,1025,-92.35,0.0,2457.78,3.8
2024-07-08,16,1946,LTGES1273,653,355,304.59,0.0,1228.89,24.8
2024-07-08,16,1539,LTGES1013,1062,20,-277.1,0.0,1228.89,22.5
2024-07-08,16,33,LTGES0020b,33,29,799.73,0.0,8937.38,8.9
2024-07-08,16,52,LTGES0033b,62,55,-1172.2,0.0,8937.38,13.1
2024-07-08,16,2022,LTGES1332c,501,924,-3.51,0.0,3686.67,0.1
2024-07-08,16,1363,LTGES0896b,561,563,0.16,0.0,1691.87,0.0
2024-07-08,16,1031,LTGES0681b,89,915,-979.54,0.0,13406.07,7.3
2024-07-08,16,121,LTGES0085a,116,117,158.91,0.0,2457.78,6.5
2024-07-08,16,1690,LTGES1116a,1087,1088,489.49,0.0,2457.78,19.9
2024-07-08,16,395,LTGES0269a,282,283,-278.72,0.0,2457.78,11.3
2024-07-08,16,1069,LTGES0707b,499,176,-0.4,0.0,8937.38,0.0
2024-07-08,16,1059,LTGES0701a,455,497,-261.79,0.0,8937.38,2.9
2024-07-08,16,2106,LTGES1394,63,1217,5.67,0.0,1228.89,0.5
2024-07-08,16,1669,LTGES1101b,493,491,-109.37,0.0,2457.78,4.4
2024-07-08,16,918,LTGES0618b,892,465,-40.64,0.0,2457.78,1.7
2024-07-08,16,509,LTGES0353,801,802,250.52,0.0,1228.89,20.4
2024-07-08,16,1655,LTGES1091,617,615,3.18,0.0,1228.89,0.3
2024-07-08,16,961,LTGES0643b,474,1079,323.75,0.0,2457.78,13.2
2024-07-08,16,1924,LTGES1260b,541,544,106.7,0.0,2457.78,4.3
2024-07-08,16,1383,LTGES0909,543,541,77.34,0.0,1228.89,6.3
2024-07-08,16,1625,LTGES1071b,2,20,-148.12,0.0,2457.78,6.0
2024-07-08,16,1498,LTGES0986a,97,572,145.19,0.0,2457.78,5.9
2024-07-08,16,1835,LTGES1207b,638,1131,-15.71,0.0,17874.76,0.1
2024-07-08,16,1155,LTGES0761a,127,242,-205.28,0.0,2457.78,8.4
2024-07-08,16,58,LTGES0039,686,39,920.11,0.0,4468.69,20.6
2024-07-08,16,1105,LTGES0730a,365,508,66.09,0.0,2457.78,2.7
2024-07-08,16,166,LTGES0123,160,989,9.79,0.0,4468.69,0.2
2024-07-08,16,1667,LTGES1100,619,1107,8.06,0.0,3574.95,0.2
2024-07-08,16,640,LTGES0444a,367,205,-390.63,0.0,8937.38,4.4
2024-07-08,16,2147,LTGES1427,1173,491,9.16,0.0,1228.89,0.7
2024-07-08,16,2072,LTGES1372a,658,88,1.68,0.0,2457.78,0.1
2024-07-08,16,1554,LTGES1021b,488,918,-1027.95,0.0,2457.78,41.8
2024-07-08,16,280,LTGES0204b,5,230,204.6,0.0,2457.78,8.3
2024-07-08,16,313,LTGES0222c,244,120,-13.08,0.0,1268.9,1.0
2024-07-08,16,2112,LTGES1400b,708,132,-2.06,0.0,2457.78,0.1
2024-07-08,16,1404,LTGES0923a,999,550,-10.18,0.0,2457.78,0.4
2024-07-08,16,645,LTGES0446b,368,370,1.67,0.0,845.93,0.2
2024-07-08,16,759,LTGES0524b,857,424,-4.98,0.0,2457.78,0.2
2024-07-08,16,1453,LTGES0954b,428,579,-31.41,0.0,8937.38,0.4
2024-07-08,16,937,LTGES0629b,681,19,342.6,0.0,8937.38,3.8
2024-07-08,16,1676,LTGES1106,583,1081,74.67,0.0,1228.89,6.1
2024-07-08,16,909,LTGES0613a,299,297,-53.85,0.0,845.93,6.4
2024-07-08,16,1719,LTGES1131b,492,1071,-122.24,0.0,2457.78,5.0
2024-07-08,16,1057,LTGES0699,351,494,-2500.86,0.0,4468.69,56.0
2024-07-08,16,1486,LTGES0976,1017,583,141.22,0.0,1228.89,11.5
2024-07-08,16,1204,LTGES0793b,185,183,54.24,0.0,8937.38,0.6
2024-07-08,16,1909,LTGES1250b,447,1148,-158.71,0.0,8937.38,1.8
2024-07-08,16,99,LTGES0067b,100,101,-81.89,0.0,2457.78,3.3
2024-07-08,16,1964,LTGES1289,93,305,287.07,0.0,1228.89,23.4
2024-07-08,16,2236,TR_05391fc2,18,19,-67.26,0.0,1875.0,3.6
2024-07-08,16,1632,LTGES1075b,230,48,129.24,0.0,2457.78,5.3
2024-07-08,16,437,LTGES0301a,699,306,-350.07,0.0,2457.78,14.2
2024-07-08,16,1902,LTGES1247a,871,870,-3.84,0.0,8937.38,0.0
2024-07-08,16,285,LTGES0207,748,233,-30.94,0.0,1228.89,2.5
2024-07-08,16,2223,TR_2d6a60de,498,499,-0.8,0.0,750.0,0.1
2024-07-08,16,433,LTGES0298a,783,786,104.17,0.0,2457.78,4.2
2024-07-08,16,406,LTGES0278b,775,289,-32.27,0.0,2457.78,1.3
2024-07-08,16,1583,LTGES1042a,359,605,-33.02,0.0,8937.38,0.4
2024-07-08,16,955,LTGES0640a,426,339,-29.66,0.0,2457.78,1.2
2024-07-08,16,647,LTGES0447b,369,833,114.14,0.0,2457.78,4.6
2024-07-08,16,921,LTGES0620a,894,468,-790.91,0.0,8937.38,8.8
2024-07-08,16,1100,LTGES0726,506,930,1299.12,0.0,4468.69,29.1
2024-07-08,16,1310,LTGES0862a,443,372,-162.69,0.0,2457.78,6.6
2024-07-08,16,84,LTGES0057,91,755,408.06,0.0,1228.89,33.2
2024-07-08,16,325,LTGES0228a,252,755,-178.33,0.0,2457.78,7.3
2024-07-08,16,1411,LTGES0928,551,571,-269.28,0.0,1228.89,21.9
2024-07-08,16,104,LTGES0071,107,59,-82.95,0.0,1228.89,6.7
2024-07-08,16,410,LTGES0282,779,778,167.79,0.0,4468.69,3.8
2024-07-08,16,185,LTGES0136a,150,168,340.38,0.0,8937.38,3.8
2024-07-08,16,1901,LTGES1246,1057,923,-346.44,0.0,1228.89,28.2
2024-07-08,16,267,LTGES0194,54,228,310.8,0.0,1228.89,25.3
2024-07-08,16,1136,LTGES0749,513,514,237.75,0.0,1228.89,19.3
2024-07-08,16,2180,TR_e96aa377,57,58,2089.86,0.0,6000.0,34.8
2024-07-08,16,1245,LTGES0818,534,966,-776.47,0.0,1228.89,63.2
2024-07-08,16,626,LTGES0435a,241,832,-295.8,0.0,8937.38,3.3
2024-07-08,16,349,LTGES0240a,260,263,20.39,0.0,4915.56,0.4
2024-07-08,16,191,LTGES0139b,173,130,-1154.53,0.0,8937.38,12.9
2024-07-08,16,807,LTGES0552c,444,867,-12.83,0.0,4915.56,0.3
2024-07-08,16,1175,LTGES0772a,519,520,1.51,0.0,2457.78,0.1
2024-07-08,16,1104,LTGES0729,937,240,-4.05,0.0,1228.89,0.3
2024-07-08,16,304,LTGES0218b,238,241,1094.26,0.0,8937.38,12.2
2024-07-08,16,1276,LTGES0839,539,546,386.98,0.0,4468.69,8.7
2024-07-08,16,1983,LTGES1304b,1175,1174,-47.66,0.0,2457.78,1.9
2024-07-08,16,2216,TR_11762966,60,61,25.62,0.0,500.0,5.1
2024-07-08,16,1979,LTGES1302,709,1173,-33.64,0.0,1228.89,2.7
2024-07-08,16,2245,TR_98b6cb57,484,485,-69.69,0.0,1200.0,5.8
2024-07-08,16,1723,LTGES1134,706,137,-449.91,0.0,1228.89,36.6
2024-07-08,16,1843,LTGES1209b,395,1130,-106.04,0.0,2457.78,4.3
2024-07-08,16,1222,LTGES0802b,726,183,-26.74,0.0,8937.38,0.3
2024-07-08,16,1760,LTGES1157a,598,484,-9.69,0.0,845.93,1.1
2024-07-08,16,1998,LTGES1318,597,1213,0.43,0.0,1228.89,0.0
2024-07-08,16,1905,LTGES1248b,871,870,-3.84,0.0,8937.38,0.0
2024-07-08,16,2014,LTGES1327d,142,679,33.93,0.0,4915.56,0.7
2024-07-08,16,1533,LTGES1009b,595,1030,-83.31,0.0,8937.38,0.9
2024-07-08,16,580,LTGES0403,337,343,49.33,0.0,1228.89,4.0
2024-07-08,16,420,LTGES0288b,298,948,5.36,0.0,2457.78,0.2
2024-07-08,16,727,LTGES0501a,847,413,-0.92,0.0,2457.78,0.0
2024-07-08,16,1920,LTGES1258a,228,307,-2.12,0.0,2457.78,0.1
2024-07-08,16,1798,LTGES1182b,90,697,17.66,0.0,1268.9,1.4
2024-07-08,16,856,LTGES0580,453,454,298.05,0.0,1228.89,24.3
2024-07-08,16,1951,LTGES1278a,222,1156,1.31,0.0,2457.78,0.1
2024-07-08,16,1333,LTGES0878,737,221,-749.47,0.0,4468.69,16.8
2024-07-08,16,1496,LTGES0984,584,1006,-135.55,0.0,1228.89,11.0
2024-07-08,16,838,LTGES0568b,80,449,4.22,0.0,8937.38,0.0
2024-07-08,16,1095,LTGES0723,930,931,2972.23,0.0,4468.69,66.5
2024-07-08,16,977,LTGES0653a,677,142,-22.93,0.0,3686.67,0.6
2024-07-08,16,1094,LTGES0722,507,506,2017.33,0.0,4468.69,45.1
2024-07-08,16,809,LTGES0553,379,863,185.14,0.0,1228.89,15.1
2024-07-08,16,16,LTGES0010b,19,21,-1763.06,0.0,8937.38,19.7
2024-07-08,16,1171,LTGES0770a,420,517,146.77,0.0,2457.78,6.0
2024-07-08,16,40,LTGES0026a,47,48,107.32,0.0,2457.78,4.4
2024-07-08,16,1693,LTGES1117b,24,1087,508.69,0.0,2457.78,20.7
2024-07-08,16,2173,LTGES1449,631,564,-531.75,0.0,1228.89,43.3
2024-07-08,16,1802,LTGES1183c,90,697,17.66,0.0,1268.9,1.4
2024-07-08,16,1066,LTGES0705,176,455,80.9,0.0,4468.69,1.8
2024-07-08,16,1280,LTGES0843a,979,547,14.65,0.0,8937.38,0.2
2024-07-08,16,1557,LTGES1024,27,26,-415.06,0.0,1228.89,33.8
2024-07-08,16,1954,LTGES1280,656,1198,18.77,0.0,4468.69,0.4
2024-07-08,16,810,LTGES0554a,867,379,-31.27,0.0,2457.78,1.3
2024-07-08,16,1828,LTGES1203b,539,635,222.41,0.0,8937.38,2.5
2024-07-08,16,1125,LTGES0743a,364,505,-257.24,0.0,2457.78,10.5
2024-07-08,16,1194,LTGES0783,451,986,-555.53,0.0,1228.89,45.2
2024-07-08,16,1746,LTGES1149b,526,987,81.85,0.0,2457.78,3.3
2024-07-08,16,571,LTGES0395a,340,826,-117.79,0.0,2457.78,4.8
2024-07-08,16,2117,LTGES1405,1227,667,242.3,0.0,1228.89,19.7
2024-07-08,16,138,LTGES0100,134,66,350.33,0.0,4468.69,7.8
2024-07-08,16,128,LTGES0090,704,128,-969.2,0.0,4468.69,21.7
2024-07-08,16,1538,LTGES1012b,596,598,-23.74,0.0,845.93,2.8
2024-07-08,16,1020,LTGES0675a,910,486,45.99,0.0,8937.38,0.5
2024-07-08,16,1813,LTGES1190,27,1117,31.46,0.0,1228.89,2.6
2024-07-08,16,670,LTGES0462b,389,390,-199.25,0.0,8937.38,2.2
2024-07-08,16,1475,LTGES0968b,582,1016,19.1,0.0,2457.78,0.8
2024-07-08,16,915,LTGES0616b,456,883,-25.88,0.0,8937.38,0.3
2024-07-08,16,1298,LTGES0855a,521,950,-10.06,0.0,2457.78,0.4
2024-07-08,16,1114,LTGES0736a,936,935,26.5,0.0,2457.78,1.1
2024-07-08,16,371,LTGES0253d,271,273,143.6,0.0,17874.76,0.8
2024-07-08,16,2030,LTGES1338a,1072,612,12.78,0.0,2457.78,0.5
2024-07-08,16,41,LTGES0026b,47,48,107.32,0.0,2457.78,4.4
2024-07-08,16,1695,LTGES1118b,1088,562,474.81,0.0,2457.78,19.3
2024-07-08,16,1236,LTGES0811b,961,962,108.21,0.0,2457.78,4.4
2024-07-08,16,1284,LTGES0845,549,554,806.86,0.0,4468.69,18.1
2024-07-08,16,475,LTGES0328b,763,765,-52.0,0.0,8937.38,0.6
2024-07-08,16,705,LTGES0483a,69,17,-545.46,0.0,8937.38,6.1
2024-07-08,16,447,LTGES0308,196,83,220.17,0.0,1228.89,17.9
2024-07-08,16,362,LTGES0247b,160,777,-657.88,0.0,8937.38,7.4
2024-07-08,16,593,LTGES0410b,348,351,-1308.65,0.0,8937.38,14.6
2024-07-08,16,619,LTGES0430b,361,359,66.49,0.0,8937.38,0.7
2024-07-08,16,505,LTGES0351a,128,321,974.74,0.0,8937.38,10.9
2024-07-08,16,65,LTGES0043,73,692,-252.4,0.0,1228.89,20.5
2024-07-08,16,591,LTGES0409b,271,350,1395.43,0.0,8937.38,15.6
2024-07-08,16,543,LTGES0377b,819,333,277.61,0.0,2457.78,11.3
2024-07-08,16,1062,LTGES0702b,455,394,261.21,0.0,8937.38,2.9
2024-07-08,16,326,LTGES0228b,252,755,-178.33,0.0,2457.78,7.3
2024-07-08,16,2284,TR_6cc3bf96,133,134,-193.32,0.0,500.0,38.7
2024-07-08,16,2042,LTGES1346b,1195,1196,10.21,0.0,2457.78,0.4
2024-07-08,16,2092,LTGES1386a,622,414,-24.75,0.0,2457.78,1.0
2024-07-08,16,1792,LTGES1180a,255,257,48.05,0.0,845.93,5.7
2024-07-08,16,1527,LTGES1006a,592,301,153.17,0.0,2457.78,6.2
2024-07-08,16,714,LTGES0490b,845,405,192.0,0.0,2457.78,7.8
2024-07-08,16,1244,LTGES0817b,964,533,-418.44,0.0,2457.78,17.0
2024-07-08,16,467,LTGES0323a,782,786,-248.55,0.0,2457.78,10.1
2024-07-08,16,1308,LTGES0861a,984,556,-26.43,0.0,2457.78,1.1
2024-07-08,16,289,LTGES0209b,748,234,-60.72,0.0,2457.78,2.5
2024-07-08,16,2185,TR_26503a3b,161,162,-32.93,0.0,750.0,4.4
2024-07-08,16,250,LTGES0179,216,202,-504.32,0.0,1228.89,41.0
2024-07-08,16,926,LTGES0622b,467,385,-129.26,0.0,2457.78,5.3
2024-07-08,16,2283,TR_3ecfe90f,149,150,-190.42,0.0,500.0,38.1
2024-07-08,16,1928,LTGES1263,651,329,-409.98,0.0,1228.89,33.4
2024-07-08,16,1991,LTGES1312a,193,663,62.85,0.0,8937.38,0.7
2024-07-08,16,1464,LTGES0960a,852,581,8.3,0.0,2457.78,0.3
2024-07-08,16,359,LTGES0246a,268,760,-1226.64,0.0,8937.38,13.7
2024-07-08,16,1159,LTGES0763,949,430,-18.22,0.0,1228.89,1.5
2024-07-08,16,59,LTGES0040a,67,68,-2430.52,0.0,8937.38,27.2
2024-07-08,16,184,LTGES0135,716,166,-72.22,0.0,1228.89,5.9
2024-07-08,16,1048,LTGES0692,490,1049,-268.49,0.0,1228.89,21.8
2024-07-08,16,2338,TR_ba0a135f,3,4,-1333.22,0.0,3750.0,35.6
2024-07-08,16,415,LTGES0286a,153,159,-76.41,0.0,2457.78,3.1
2024-07-08,16,1134,LTGES0748a,756,252,-8.47,0.0,2457.78,0.3
2024-07-08,16,1558,LTGES1025,73,603,266.56,0.0,1228.89,21.7
2024-07-08,16,1855,LTGES1217,36,641,-855.44,0.0,4468.69,19.1
2024-07-08,16,1077,LTGES0712a,502,192,-33.1,0.0,2457.78,1.3
2024-07-08,16,1394,LTGES0917a,998,977,122.02,0.0,13406.07,0.9
2024-07-08,16,293,LTGES0211b,758,236,66.4,0.0,2457.78,2.7
2024-07-08,16,421,LTGES0289a,297,947,-30.79,0.0,845.93,3.6
2024-07-08,16,1243,LTGES0817a,964,533,-418.44,0.0,2457.78,17.0
2024-07-08,16,1634,LTGES1077,1109,158,-3.86,0.0,1228.89,0.3
2024-07-08,16,2214,TR_d8a27e68,974,975,-44.39,0.0,500.0,8.9
2024-07-08,16,1963,LTGES1288,1165,94,-153.24,0.0,1228.89,12.5
2024-07-08,16,2228,TR_90fa9b51,637,638,-61.44,0.0,1200.0,5.1
2024-07-08,16,2318,TR_a4b2c097,255,256,-7.38,0.0,500.0,1.5
2024-07-08,16,1309,LTGES0861b,984,556,-26.43,0.0,2457.78,1.1
2024-07-08,16,514,LTGES0357,112,56,131.91,0.0,1228.89,10.7
2024-07-08,16,1970,LTGES1295,1172,660,-6.09,0.0,1228.89,0.5
2024-07-08,16,2328,TR_f02d7b94,375,376,73.39,0.0,1200.0,6.1
2024-07-08,16,350,LTGES0240b,260,263,20.39,0.0,4915.56,0.4
2024-07-08,16,676,LTGES0466a,837,391,-277.17,0.0,2457.78,11.3
2024-07-08,16,683,LTGES0469b,838,839,245.15,0.0,2457.78,10.0
2024-07-08,16,1316,LTGES0867a,987,527,309.0,0.0,2457.78,12.6
2024-07-08,16,252,LTGES0181,217,736,261.36,0.0,1228.89,21.3
2024-07-08,16,881,LTGES0596,774,462,5.43,0.0,1228.89,0.4
2024-07-08,16,660,LTGES0457a,382,384,-26.19,0.0,2457.78,1.1
2024-07-08,16,1604,LTGES1056a,260,233,44.84,0.0,2457.78,1.8
2024-07-08,16,1555,LTGES1022,26,96,233.67,0.0,1228.89,19.0
2024-07-08,16,462,LTGES0320,787,789,25.52,0.0,1228.89,2.1
2024-07-08,16,777,LTGES0538a,373,433,844.27,0.0,8937.38,9.4
2024-07-08,16,2123,LTGES1410b,1231,22,-52.63,0.0,2457.78,2.1
2024-07-08,16,2333,TR_87714406,204,205,1628.8,0.0,7500.0,21.7
2024-07-08,16,1431,LTGES0940b,1092,531,-63.62,0.0,2457.78,2.6
2024-07-08,16,1295,LTGES0853,522,950,262.99,0.0,1228.89,21.4
2024-07-08,16,935,LTGES0628b,14,681,348.01,0.0,8937.38,3.9
2024-07-08,16,1514,LTGES0995b,589,1025,-92.35,0.0,2457.78,3.8
2024-07-08,16,1303,LTGES0858b,209,556,-87.91,0.0,2457.78,3.6
2024-07-08,16,2100,LTGES1391b,412,383,116.92,0.0,8937.38,1.3
2024-07-08,16,127,LTGES0089,79,691,668.9,0.0,4468.69,15.0
2024-07-08,16,1718,LTGES1131a,492,1071,-122.24,0.0,2457.78,5.0
2024-07-08,16,1007,LTGES0670b,14,480,2755.67,0.0,8937.38,30.8
2024-07-08,16,1827,LTGES1203a,539,635,222.41,0.0,8937.38,2.5
2024-07-08,16,944,LTGES0633,899,472,-0.4,0.0,1228.89,0.0
2024-07-08,16,884,LTGES0599a,275,463,334.13,0.0,2457.78,13.6
2024-07-08,16,823,LTGES0561a,874,202,-211.85,0.0,2457.78,8.6
2024-07-08,16,633,LTGES0439a,248,122,2236.25,0.0,8937.38,25.0
2024-07-08,16,177,LTGES0130a,165,900,-52.14,0.0,2457.78,2.1
2024-07-08,16,254,LTGES0182b,217,219,83.28,0.0,2457.78,3.4
2024-07-08,16,887,LTGES0601a,464,463,-439.15,0.0,2457.78,17.9
2024-07-08,16,1237,LTGES0812a,962,215,85.59,0.0,2457.78,3.5
2024-07-08,16,2197,TR_df0161bf,6,7,-55.92,0.0,500.0,11.2
2024-07-08,16,1266,LTGES0833a,540,780,-725.64,0.0,8937.38,8.1
2024-07-08,16,1251,LTGES0822b,8,968,93.53,0.0,2457.78,3.8
2024-07-08,16,1888,LTGES1238a,511,240,-56.19,0.0,2457.78,2.3
2024-07-08,16,790,LTGES0544b,865,864,24.99,0.0,2457.78,1.0
2024-07-08,16,693,LTGES0474b,839,397,1.59,0.0,2457.78,0.1
2024-07-08,16,242,LTGES0172,963,212,-126.05,0.0,1228.89,10.3
2024-07-08,16,746,LTGES0514,855,854,-225.2,0.0,1228.89,18.3
2024-07-08,16,996,LTGES0663b,905,50,1243.94,0.0,8937.38,13.9
2024-07-08,16,396,LTGES0269b,282,283,-278.72,0.0,2457.78,11.3
2024-07-08,16,834,LTGES0566a,870,875,-376.22,0.0,8937.38,4.2
2024-07-08,16,1355,LTGES0893,161,717,151.28,0.0,1228.89,12.3
2024-07-08,16,2033,LTGES1339b,321,1126,-21.59,0.0,8937.38,0.2
2024-07-08,16,260,LTGES0187b,224,738,6.1,0.0,2457.78,0.2
2024-07-08,16,680,LTGES0468a,392,838,3.81,0.0,2457.78,0.2
2024-07-08,16,495,LTGES0343,316,195,-95.6,0.0,1228.89,7.8
2024-07-08,16,740,LTGES0509,377,4,797.1,0.0,4468.69,17.8
2024-07-08,16,1364,LTGES0896c,561,563,0.16,0.0,1691.87,0.0
2024-07-08,16,2136,LTGES1420,426,1234,-222.93,0.0,1228.89,18.1
2024-07-08,16,35,LTGES0021b,35,36,744.44,0.0,8937.38,8.3
2024-07-08,16,1005,LTGES0669b,908,13,258.7,0.0,2457.78,10.5
2024-07-08,16,1459,LTGES0956b,993,46,-22.88,0.0,8937.38,0.3
2024-07-08,16,131,LTGES0093a,40,132,22.73,0.0,2457.78,0.9
2024-07-08,16,2260,TR_cee0d2e6,479,480,12.6,0.0,1200.0,1.0
2024-07-08,16,2164,LTGES1443a,1236,638,-46.97,0.0,8937.38,0.5
2024-07-08,16,2134,LTGES1418,309,199,18.91,0.0,1228.89,1.5
2024-07-08,16,1211,LTGES0797b,181,726,-4.74,0.0,17874.76,0.0
2024-07-08,16,365,LTGES0250,554,104,479.32,0.0,4468.69,10.7
2024-07-08,16,691,LTGES0473b,396,395,81.24,0.0,2457.78,3.3
2024-07-08,16,1657,LTGES1093,159,617,3.22,0.0,1228.89,0.3
2024-07-08,16,494,LTGES0342,797,798,3.2,0.0,1228.89,0.3
2024-07-08,16,1485,LTGES0975,45,583,95.13,0.0,1228.89,7.7
2024-07-08,16,556,LTGES0385b,335,821,33.89,0.0,2457.78,1.4
2024-07-08,16,1832,LTGES1206a,1128,1129,111.14,0.0,8937.38,1.2
2024-07-08,16,896,LTGES0605b,465,81,-39.56,0.0,2457.78,1.6
2024-07-08,16,1449,LTGES0952b,577,1014,15.32,0.0,2457.78,0.6
2024-07-08,16,2313,TR_ba959aa8,244,245,-96.44,0.0,750.0,12.9
2024-07-08,16,2249,TR_b592de8e,685,686,-122.15,0.0,500.0,24.4
2024-07-08,16,1148,LTGES0756,400,841,-566.62,0.0,1228.89,46.1
2024-07-08,16,2340,TR_4e681766,52,53,-411.21,0.0,1200.0,34.3
2024-07-08,16,768,LTGES0531a,70,862,157.25,0.0,2457.78,6.4
2024-07-08,16,139,LTGES0101a,66,136,124.2,0.0,8937.38,1.4
2024-07-08,16,1682,LTGES1111b,1084,624,-16.38,0.0,2457.78,0.7
2024-07-08,16,1561,LTGES1028a,118,115,-215.64,0.0,8937.38,2.4
2024-07-08,16,1724,LTGES1135,1034,979,-28.86,0.0,4468.69,0.6
2024-07-08,16,1768,LTGES1162,536,1101,10.58,0.0,1228.89,0.9
2024-07-08,16,1362,LTGES0896a,561,563,0.16,0.0,1691.87,0.0
2024-07-08,16,1589,LTGES1046,1047,1048,-24.83,0.0,1228.89,2.0
2024-07-08,16,827,LTGES0563a,732,874,10.73,0.0,4915.56,0.2
2024-07-08,16,1568,LTGES1032a,375,369,121.37,0.0,2457.78,4.9
2024-07-08,16,413,LTGES0285a,294,292,-210.33,0.0,8937.38,2.4
2024-07-08,16,2207,TR_a1cd747b,976,977,-54.95,0.0,500.0,11.0
2024-07-08,16,1264,LTGES0832a,72,540,-647.75,0.0,8937.38,7.2
2024-07-08,16,1412,LTGES0929a,1002,551,-3.46,0.0,2457.78,0.1
2024-07-08,16,2205,TR_3ab3b8f1,103,104,-58.0,0.0,500.0,11.6
2024-07-08,16,482,LTGES0332,313,70,-101.51,0.0,1228.89,8.3
2024-07-08,16,549,LTGES0381a,817,815,-3.68,0.0,845.93,0.4
2024-07-08,16,1722,LTGES1133,793,123,-43.9,0.0,1228.89,3.6
2024-07-08,16,27,LTGES0016b,296,24,299.41,0.0,2457.78,12.2
2024-07-08,16,882,LTGES0597,887,281,-7.99,0.0,1228.89,0.6
2024-07-08,16,1447,LTGES0951b,1013,577,-21.82,0.0,2457.78,0.9
2024-07-08,16,1750,LTGES1152a,602,295,910.3,0.0,2457.78,37.0
2024-07-08,16,503,LTGES0349b,802,112,248.26,0.0,2457.78,10.1
2024-07-08,16,2192,TR_e2759977,129,130,-3.83,0.0,500.0,0.8
2024-07-08,16,1820,LTGES1197,633,356,2085.07,0.0,4468.69,46.7
2024-07-08,16,975,LTGES0652b,678,143,-486.96,0.0,13406.07,3.6
2024-07-08,16,869,LTGES0589,458,276,37.43,0.0,1228.89,3.0
2024-07-08,16,2232,TR_18c54756,32,33,-95.6,0.0,750.0,12.7
2024-07-08,16,1033,LTGES0682,687,704,-960.92,0.0,4468.69,21.5
2024-07-08,16,1242,LTGES0816,532,835,754.35,0.0,1228.89,61.4
2024-07-08,16,1307,LTGES0860b,556,557,-184.16,0.0,2457.78,7.5
2024-07-08,16,422,LTGES0289b,297,947,-30.79,0.0,845.93,3.6
2024-07-08,16,709,LTGES0486,844,843,-18.87,0.0,1228.89,1.5
2024-07-08,16,805,LTGES0552a,444,867,-12.83,0.0,4915.56,0.3
2024-07-08,16,1715,LTGES1129a,742,184,40.01,0.0,2457.78,1.6
2024-07-08,16,1293,LTGES0852a,982,555,4.65,0.0,8937.38,0.1
2024-07-08,16,648,LTGES0448,80,374,-37.57,0.0,4468.69,0.8
2024-07-08,16,1677,LTGES1108,1083,622,-1.86,0.0,1228.89,0.2
2024-07-08,16,2182,TR_1f77d9ec,322,323,-491.18,0.0,1875.0,26.2
2024-07-08,16,1688,LTGES1115a,22,991,61.68,0.0,2457.78,2.5
2024-07-08,16,1636,LTGES1078b,217,587,-47.03,0.0,2457.78,1.9
2024-07-08,16,1463,LTGES0959,578,581,76.17,0.0,1228.89,6.2
2024-07-08,16,120,LTGES0084,115,261,1642.66,0.0,4468.69,36.8
2024-07-08,16,1601,LTGES1054b,1052,140,-32.23,0.0,2457.78,1.3
2024-07-08,16,1407,LTGES0925,570,153,-145.17,0.0,1228.89,11.8
2024-07-08,16,1887,LTGES1237,1143,327,-17.7,0.0,4468.69,0.4
2024-07-08,16,87,LTGES0059,95,44,-180.45,0.0,1228.89,14.7
2024-07-08,16,2093,LTGES1386b,622,414,-24.75,0.0,2457.78,1.0
2024-07-08,16,1439,LTGES0946a,1011,1012,-50.43,0.0,8937.38,0.6
2024-07-08,16,1652,LTGES1089a,243,67,-2181.63,0.0,8937.38,24.4
2024-07-08,16,2306,TR_0577b900,121,122,-268.73,0.0,750.0,35.8
2024-07-08,16,255,LTGES0183,741,43,152.0,0.0,4468.69,3.4
2024-07-08,16,178,LTGES0130b,165,900,-52.14,0.0,2457.78,2.1
2024-07-08,16,2230,TR_db0bb0db,1130,1131,-97.35,0.0,1875.0,5.2
2024-07-08,16,1279,LTGES0842,979,554,-61.89,0.0,4468.69,1.4
2024-07-08,16,89,LTGES0061,99,58,313.62,0.0,4468.69,7.0
2024-07-08,16,2110,LTGES1399,1222,132,-34.55,0.0,1228.89,2.8
2024-07-08,16,496,LTGES0344a,712,317,13.58,0.0,2457.78,0.6
2024-07-08,16,1375,LTGES0904,62,554,1175.31,0.0,4468.69,26.3
2024-07-08,16,1933,LTGES1266a,329,644,283.91,0.0,2457.78,11.6
2024-07-08,16,2235,TR_2eceb0ce,20,21,-727.09,0.0,2362.5,30.8
2024-07-08,16,195,LTGES0141b,130,89,-1156.44,0.0,8937.38,12.9
2024-07-08,16,1112,LTGES0735a,936,1091,116.17,0.0,2457.78,4.7
2024-07-08,16,2286,TR_4cb0b32d,276,277,-978.95,0.0,1200.0,81.6
2024-07-08,16,1102,LTGES0728a,241,930,847.76,0.0,8937.38,9.5
2024-07-08,16,1984,LTGES1305,885,459,2.06,0.0,1228.89,0.2
2024-07-08,16,2324,TR_c6d90e4e,260,261,11.53,0.0,1200.0,1.0
2024-07-08,16,923,LTGES0621a,896,389,691.07,0.0,8937.38,7.7
2024-07-08,16,1079,LTGES0713a,192,1132,50.43,0.0,2457.78,2.1
2024-07-08,16,2209,TR_9b83d397,182,183,74.31,0.0,500.0,14.9
2024-07-08,16,924,LTGES0621b,896,389,691.07,0.0,8937.38,7.7
2024-07-08,16,562,LTGES0388b,814,337,77.7,0.0,3686.67,2.1
2024-07-08,16,1329,LTGES0875b,562,479,13.6,0.0,2457.78,0.6
2024-07-08,16,442,LTGES0304,228,707,317.0,0.0,1228.89,25.8
2024-07-08,16,1221,LTGES0802a,726,183,-26.74,0.0,8937.38,0.3
2024-07-08,16,202,LTGES0147a,176,178,-280.01,0.0,8937.38,3.1
2024-07-08,16,1574,LTGES1036b,78,245,233.67,0.0,3686.67,6.3
2024-07-08,16,2158,LTGES1438,729,198,71.58,0.0,1228.89,5.8
2024-07-08,16,654,LTGES0452b,208,743,650.04,0.0,8937.38,7.3
2024-07-08,16,1196,LTGES0785,1051,464,-4.15,0.0,1228.89,0.3
2024-07-08,16,146,LTGES0109,139,138,-68.41,0.0,1228.89,5.6
2024-07-08,16,953,LTGES0639a,473,35,99.93,0.0,8937.38,1.1
2024-07-08,16,1044,LTGES0689a,399,841,562.6,0.0,2457.78,22.9
2024-07-08,16,256,LTGES0184,174,43,329.8,0.0,4468.69,7.4
2024-07-08,16,2238,TR_19887143,73,74,-109.37,0.0,750.0,14.6
2024-07-08,16,1396,LTGES0917c,998,977,122.02,0.0,13406.07,0.9
2024-07-08,16,291,LTGES0210b,367,752,-399.67,0.0,8937.38,4.5
2024-07-08,16,80,LTGES0054,696,86,394.34,0.0,1228.89,32.1
2024-07-08,16,1629,LTGES1073b,1067,417,109.09,0.0,2457.78,4.4
2024-07-08,16,360,LTGES0246b,268,760,-1226.64,0.0,8937.38,13.7
2024-07-08,16,1379,LTGES0906b,567,954,154.32,0.0,8937.38,1.7
2024-07-08,16,1180,LTGES0774b,3,517,135.59,0.0,2457.78,5.5
2024-07-08,16,418,LTGES0287b,295,296,869.97,0.0,2457.78,35.4
2024-07-08,16,1343,LTGES0886,723,972,-17.12,0.0,1228.89,1.4
2024-07-08,16,1466,LTGES0961a,427,1015,144.15,0.0,2457.78,5.9
2024-07-08,16,431,LTGES0296b,785,700,67.72,0.0,2457.78,2.8
2024-07-08,16,1590,LTGES1047a,606,402,-169.5,0.0,2457.78,6.9
2024-07-08,16,1940,LTGES1269b,572,416,154.95,0.0,2457.78,6.3
2024-07-08,16,520,LTGES0361b,806,511,-39.27,0.0,2457.78,1.6
2024-07-08,16,1611,LTGES1062,10,156,714.65,0.0,4468.69,16.0
2024-07-08,16,2200,TR_ae86a0a4,333,334,1016.6,0.0,2362.5,43.0
2024-07-08,16,1846,LTGES1211,192,942,-106.37,0.0,1228.89,8.7
2024-07-08,16,1666,LTGES1099,619,1107,8.06,0.0,3574.95,0.2
2024-07-08,16,969,LTGES0650a,904,31,-1343.29,0.0,13406.07,10.0
2024-07-08,16,1160,LTGES0764a,562,24,-369.79,0.0,2457.78,15.0
2024-07-08,16,1147,LTGES0755b,400,943,970.33,0.0,2457.78,39.5
2024-07-08,16,1263,LTGES0831,72,539,841.59,0.0,4468.69,18.8
2024-07-08,16,1989,LTGES1310,137,86,-187.13,0.0,1228.89,15.2
2024-07-08,16,1930,LTGES1264b,35,327,580.57,0.0,8937.38,6.5
2024-07-08,16,1504,LTGES0989a,586,417,-58.38,0.0,2457.78,2.4
2024-07-08,16,1678,LTGES1109a,441,375,349.13,0.0,2457.78,14.2
2024-07-08,16,327,LTGES0229a,251,754,-8.42,0.0,845.93,1.0
2024-07-08,16,1314,LTGES0865,986,212,-562.97,0.0,1228.89,45.8
2024-07-08,16,2060,LTGES1361b,650,868,-104.92,0.0,2457.78,4.3
2024-07-08,16,284,LTGES0206b,750,231,-29.86,0.0,2457.78,1.2
2024-07-08,16,1743,LTGES1148a,318,800,-41.42,0.0,2457.78,1.7
2024-07-08,16,818,LTGES0558,12,728,55.62,0.0,4468.69,1.2
2024-07-08,16,2161,LTGES1440,1229,673,113.38,0.0,1228.89,9.2
2024-07-08,16,1868,LTGES1226b,618,646,64.87,0.0,2457.78,2.6
2024-07-08,16,1388,LTGES0913b,569,996,6.36,0.0,2457.78,0.3
2024-07-08,16,1232,LTGES0809,214,529,-236.37,0.0,1228.89,19.2
2024-07-08,16,2157,LTGES1437,1166,1213,56.41,0.0,1228.89,4.6
2024-07-08,16,1506,LTGES0990,417,586,22.88,0.0,1228.89,1.9
2024-07-08,16,2139,LTGES1422a,447,1235,246.19,0.0,8937.38,2.8
2024-07-08,16,1143,LTGES0753b,943,1038,964.45,0.0,2457.78,39.2
2024-07-08,16,575,LTGES0398,825,34,149.07,0.0,1228.89,12.1
2024-07-08,16,942,LTGES0632a,1099,469,-4.2,0.0,2457.78,0.2
2024-07-08,16,675,LTGES0465,835,391,616.28,0.0,1228.89,50.1
2024-07-08,16,904,LTGES0610b,81,298,125.15,0.0,2457.78,5.1
2024-07-08,16,2043,LTGES1347,855,853,218.52,0.0,1228.89,17.8
2024-07-08,16,1386,LTGES0912,859,159,123.34,0.0,1228.89,10.0
2024-07-08,16,2142,LTGES1423b,1235,1078,91.6,0.0,8937.38,1.0
2024-07-08,16,2251,TR_a8526d91,563,564,0.63,0.0,500.0,0.1
2024-07-08,16,1184,LTGES0776b,47,3,-128.79,0.0,2457.78,5.2
2024-07-08,16,1369,LTGES0899,858,61,-322.33,0.0,4468.69,7.2
2024-07-08,16,15,LTGES0010a,19,21,-1763.06,0.0,8937.38,19.7
2024-07-08,16,500,LTGES0347,320,70,-49.97,0.0,1228.89,4.1
2024-07-08,16,785,LTGES0542a,436,372,-322.32,0.0,2457.78,13.1
2024-07-08,16,1001,LTGES0667a,147,483,-1954.19,0.0,8937.38,21.9
2024-07-08,16,1770,LTGES1164,629,1104,-167.86,0.0,1228.89,13.7
2024-07-08,16,251,LTGES0180,98,218,-488.18,0.0,4468.69,10.9
2024-07-08,16,1578,LTGES1037c,77,244,26.32,0.0,1268.9,2.1
2024-07-08,16,2094,LTGES1387,622,1215,2.84,0.0,1228.89,0.2
2024-07-08,16,170,LTGES0126a,165,899,725.4,0.0,2457.78,29.5
2024-07-08,16,2066,LTGES1364b,1207,1119,-15.11,0.0,2457.78,0.6
2024-07-08,16,248,LTGES0177,733,735,-0.0,0.0,1256.82,0.0
2024-07-08,16,656,LTGES0454a,378,834,51.7,0.0,2457.78,2.1
2024-07-08,16,890,LTGES0603a,464,280,352.89,0.0,2457.78,14.4
2024-07-08,16,68,LTGES0046a,698,78,383.5,0.0,2457.78,15.6
2024-07-08,16,529,LTGES0368,328,35,-202.14,0.0,4468.69,4.5
2024-07-08,16,1795,LTGES1181b,91,698,278.74,0.0,3686.67,7.6
2024-07-08,16,850,LTGES0576a,451,452,-150.6,0.0,2457.78,6.1
2024-07-08,16,76,LTGES0051,55,84,-1179.78,0.0,4468.69,26.4
2024-07-08,16,1373,LTGES0902,62,549,894.44,0.0,4468.69,20.0
2024-07-08,16,186,LTGES0136b,150,168,340.38,0.0,8937.38,3.8
2024-07-08,16,1172,LTGES0770b,420,517,146.77,0.0,2457.78,6.0
2024-07-08,16,393,LTGES0267,281,275,-12.48,0.0,1228.89,1.0
2024-07-08,16,2155,LTGES1435,1167,1,-72.18,0.0,1228.89,5.9
2024-07-08,16,103,LTGES0070,106,52,-309.27,0.0,1228.89,25.2
2024-07-08,16,2218,TR_b42e8356,54,55,211.27,0.0,1875.0,11.3
2024-07-08,16,355,LTGES0242,752,751,-1672.86,0.0,4468.69,37.4
2024-07-08,16,982,LTGES0654c,677,142,-22.93,0.0,3686.67,0.6
2024-07-08,16,716,LTGES0492,407,845,192.29,0.0,1228.89,15.6
2024-07-08,16,2189,TR_d061a070,644,645,1203.49,0.0,2362.5,50.9
2024-07-08,16,1587,LTGES1044b,607,1128,130.18,0.0,8937.38,1.5
2024-07-08,16,870,LTGES0590a,277,952,1746.0,0.0,8937.38,19.5
2024-07-08,16,1560,LTGES1027,850,851,0.0,0.0,4468.69,0.0
2024-07-08,16,53,LTGES0034,61,688,-317.49,0.0,4468.69,7.1
2024-07-08,16,650,LTGES0450,376,377,801.94,0.0,4468.69,17.9
2024-07-08,16,155,LTGES0114b,142,146,33.05,0.0,2457.78,1.3
2024-07-08,16,963,LTGES0645,341,902,750.92,0.0,1228.89,61.1
2024-07-08,16,1163,LTGES0766a,22,992,69.03,0.0,2457.78,2.8
2024-07-08,16,566,LTGES0390,337,824,78.14,0.0,1228.89,6.4
2024-07-08,16,1492,LTGES0981,1021,1019,-179.4,0.0,1228.89,14.6
2024-07-08,16,111,LTGES0078a,111,55,-689.05,0.0,8937.38,7.7
2024-07-08,16,721,LTGES0497,410,266,30.39,0.0,1228.89,2.5
2024-07-08,16,1738,LTGES1144a,939,512,-29.23,0.0,2457.78,1.2
2024-07-08,16,1469,LTGES0963,427,852,20.26,0.0,1228.89,1.6
2024-07-08,16,1254,LTGES0824,188,535,-74.38,0.0,1228.89,6.1
2024-07-08,16,1529,LTGES1007,593,372,-221.23,0.0,1228.89,18.0
2024-07-08,16,1358,LTGES0895a,562,564,190.61,0.0,4915.56,3.9
2024-07-08,16,1499,LTGES0986b,97,572,145.19,0.0,2457.78,5.9
2024-07-08,16,1443,LTGES0949,294,574,21.27,0.0,4468.69,0.5
2024-07-08,16,93,LTGES0064b,692,769,-114.46,0.0,2457.78,4.7
2024-07-08,16,1908,LTGES1250a,447,1148,-158.71,0.0,8937.38,1.8
2024-07-08,16,10,LTGES0006,15,680,-351.28,0.0,1228.89,28.6
2024-07-08,16,1854,LTGES1216b,1134,639,-2.09,0.0,2457.78,0.1
2024-07-08,16,1771,LTGES1165,628,1103,6.96,0.0,422.97,1.6
2024-07-08,16,1351,LTGES0891a,972,974,13.71,0.0,2457.78,0.6
2024-07-08,16,2298,TR_0f0fff81,505,506,-493.68,0.0,1875.0,26.3
2024-07-08,16,1580,LTGES1039,317,710,-20.09,0.0,1228.89,1.6
2024-07-08,16,305,LTGES0219,753,75,-1659.68,0.0,4468.69,37.1
2024-07-08,16,770,LTGES0532,71,72,84.98,0.0,4468.69,1.9
2024-07-08,16,1130,LTGES0745b,505,939,-5.15,0.0,2457.78,0.2
2024-07-08,16,2086,LTGES1382a,614,1149,89.07,0.0,2457.78,3.6
2024-07-08,16,1520,LTGES1001,212,1027,-1017.34,0.0,1228.89,82.8
2024-07-08,16,701,LTGES0480,400,401,-567.83,0.0,1228.89,46.2
2024-07-08,16,321,LTGES0226a,250,252,-137.51,0.0,2457.78,5.6
2024-07-08,16,1353,LTGES0892a,162,160,-361.64,0.0,8937.38,4.0
2024-07-08,16,1440,LTGES0946b,1011,1012,-50.43,0.0,8937.38,0.6
2024-07-08,16,1395,LTGES0917b,998,977,122.02,0.0,13406.07,0.9
2024-07-08,16,1185,LTGES0777a,870,12,168.45,0.0,8937.38,1.9
2024-07-08,16,1919,LTGES1257b,88,916,-39.98,0.0,2457.78,1.6
2024-07-08,16,62,LTGES0041b,68,69,-2444.39,0.0,8937.38,27.4
2024-07-08,16,665,LTGES0459b,387,896,31.33,0.0,8937.38,0.4
2024-07-08,16,1241,LTGES0815,531,215,-31.18,0.0,1228.89,2.5
2024-07-08,16,446,LTGES0307,308,83,257.99,0.0,1228.89,21.0
2024-07-08,16,1994,LTGES1314,1182,1043,-15.4,0.0,1228.89,1.3
2024-07-08,16,857,LTGES0581,454,452,289.71,0.0,1228.89,23.6
2024-07-08,16,1633,LTGES1076,296,1147,42.19,0.0,1228.89,3.4
2024-07-08,16,1347,LTGES0889a,103,997,-47.1,0.0,2457.78,1.9
2024-07-08,16,1518,LTGES0999,1023,590,1.26,0.0,1228.89,0.1
2024-07-08,16,390,LTGES0265,1139,280,114.58,0.0,1228.89,9.3
2024-07-08,16,1144,LTGES0754a,1038,487,954.21,0.0,2457.78,38.8
2024-07-08,16,632,LTGES0438,365,932,337.54,0.0,1228.89,27.5
2024-07-08,16,833,LTGES0565b,870,875,-376.22,0.0,8937.38,4.2
2024-07-08,16,1473,LTGES0967,685,26,-101.92,0.0,1228.89,8.3
2024-07-08,16,86,LTGES0058b,93,94,84.48,0.0,2457.78,3.4
2024-07-08,16,523,LTGES0362c,807,325,50.14,0.0,3686.67,1.4
2024-07-08,16,1591,LTGES1047b,606,402,-169.5,0.0,2457.78,6.9
2024-07-08,16,1890,LTGES1239,635,548,412.45,0.0,4468.69,9.2
2024-07-08,16,152,LTGES0113a,142,144,-170.44,0.0,2457.78,6.9
2024-07-08,16,1921,LTGES1258b,228,307,-2.12,0.0,2457.78,0.1
2024-07-08,16,910,LTGES0613b,299,297,-53.85,0.0,845.93,6.4
2024-07-08,16,2009,LTGES1325b,1047,664,-4.79,0.0,2457.78,0.2
2024-07-08,16,2252,TR_20f9f91a,680,681,36.92,0.0,750.0,4.9
2024-07-08,16,469,LTGES0324a,790,791,10.5,0.0,2457.78,0.4
2024-07-08,16,245,LTGES0174,213,169,193.58,0.0,1228.89,15.8
2024-07-08,16,521,LTGES0362a,807,325,50.14,0.0,3686.67,1.4
2024-07-08,16,399,LTGES0272,285,284,-188.72,0.0,1228.89,15.4
2024-07-08,16,487,LTGES0337,315,795,21.31,0.0,1228.89,1.7
2024-07-08,16,2073,LTGES1372b,658,88,1.68,0.0,2457.78,0.1
2024-07-08,16,658,LTGES0455,378,266,-399.09,0.0,1228.89,32.5
2024-07-08,16,268,LTGES0195a,48,3,-132.69,0.0,2457.78,5.4
2024-07-08,16,702,LTGES0481,401,402,-360.95,0.0,1228.89,29.4
2024-07-08,16,970,LTGES0650b,904,31,-1343.29,0.0,13406.07,10.0
2024-07-08,16,2154,LTGES1434,1167,1,-72.18,0.0,1228.89,5.9
2024-07-08,16,1618,LTGES1066,24,296,-103.15,0.0,1228.89,8.4
2024-07-08,16,577,LTGES0400,825,339,89.79,0.0,1228.89,7.3
2024-07-08,16,776,LTGES0537,425,431,-254.4,0.0,1228.89,20.7
2024-07-08,16,829,LTGES0563c,732,874,10.73,0.0,4915.56,0.2
2024-07-08,16,1091,LTGES0720a,928,501,60.64,0.0,2457.78,2.5
2024-07-08,16,1426,LTGES0937,1009,1008,-155.12,0.0,1228.89,12.6
2024-07-08,16,1047,LTGES0691,489,490,-762.29,0.0,1228.89,62.0
2024-07-08,16,379,LTGES0258b,74,771,-54.69,0.0,8937.38,0.6
2024-07-08,16,187,LTGES0137,875,743,-504.24,0.0,4468.69,11.3
2024-07-08,16,1437,LTGES0944b,1082,1010,34.34,0.0,8937.38,0.4
2024-07-08,16,1010,LTGES0672a,147,143,1872.35,0.0,8937.38,20.9
2024-07-08,16,2146,LTGES1426b,674,117,-357.8,0.0,2457.78,14.6
2024-07-08,16,261,LTGES0188,226,4,-103.78,0.0,4468.69,2.3
2024-07-08,16,938,LTGES0630a,898,296,471.95,0.0,2457.78,19.2
2024-07-08,16,1544,LTGES1016a,600,436,-20.85,0.0,2457.78,0.8
2024-07-08,16,2036,LTGES1342,1197,525,541.46,0.0,1228.89,44.1
2024-07-08,16,1218,LTGES0800b,177,527,-312.88,0.0,2457.78,12.7
2024-07-08,16,486,LTGES0336,1041,1165,-140.56,0.0,1228.89,11.4
2024-07-08,16,107,LTGES0074,55,688,328.65,0.0,4468.69,7.4
2024-07-08,16,2217,TR_317465d6,88,89,-100.24,0.0,750.0,13.4
2024-07-08,16,102,LTGES0069b,105,874,-161.67,0.0,2457.78,6.6
2024-07-08,16,69,LTGES0046b,698,78,383.5,0.0,2457.78,15.6
2024-07-08,16,2020,LTGES1332a,501,924,-3.51,0.0,3686.67,0.1
2024-07-08,16,282,LTGES0205b,747,5,-22.88,0.0,2457.78,0.9
2024-07-08,16,1278,LTGES0841,302,782,139.74,0.0,1228.89,11.4
2024-07-08,16,874,LTGES0592,885,459,2.67,0.0,1228.89,0.2
2024-07-08,16,1769,LTGES1163,198,629,-122.53,0.0,1228.89,10.0
2024-07-08,16,634,LTGES0439b,248,122,2236.25,0.0,8937.38,25.0
2024-07-08,16,1041,LTGES0687b,918,917,13.56,0.0,2457.78,0.6
2024-07-08,16,1156,LTGES0761b,127,242,-205.28,0.0,2457.78,8.4
2024-07-08,16,741,LTGES0510,718,404,-329.65,0.0,1228.89,26.8
2024-07-08,16,13,LTGES0009a,14,17,-1963.62,0.0,8937.38,22.0
2024-07-08,16,895,LTGES0605a,465,81,-39.56,0.0,2457.78,1.6
2024-07-08,16,2234,TR_089a759d,30,31,-57.11,0.0,500.0,11.4
2024-07-08,16,1332,LTGES0877,224,220,-161.69,0.0,1228.89,13.2
2024-07-08,16,2264,TR_2cf031ef,38,39,-307.85,0.0,1200.0,25.7
2024-07-08,16,1415,LTGES0931a,88,914,-110.77,0.0,2457.78,4.5
2024-07-08,16,1053,LTGES0695b,923,922,43.09,0.0,2457.78,1.8
2024-07-08,16,1045,LTGES0689b,399,841,562.6,0.0,2457.78,22.9
2024-07-08,16,1319,LTGES0868b,527,558,25.64,0.0,2457.78,1.0
2024-07-08,16,2116,LTGES1404,671,1226,-209.89,0.0,1228.89,17.1
2024-07-08,16,1165,LTGES0767a,432,420,180.73,0.0,2457.78,7.4
2024-07-08,16,845,LTGES0573a,879,450,24.77,0.0,2457.78,1.0
2024-07-08,16,1606,LTGES1057a,259,232,6.18,0.0,845.93,0.7
2024-07-08,16,38,LTGES0024,44,27,-157.51,0.0,1228.89,12.8
2024-07-08,16,957,LTGES0641a,902,474,364.11,0.0,2457.78,14.8
2024-07-08,16,1454,LTGES0955a,993,568,64.03,0.0,17874.76,0.4
2024-07-08,16,2085,LTGES1381b,702,105,-64.16,0.0,2457.78,2.6
2024-07-08,16,188,LTGES0138a,170,101,31.75,0.0,2457.78,1.3
2024-07-08,16,199,LTGES0144,160,174,47.43,0.0,4468.69,1.1
2024-07-08,16,1980,LTGES1303a,1174,332,-55.07,0.0,2457.78,2.2
2024-07-08,16,697,LTGES0477b,840,393,1.76,0.0,2457.78,0.1
2024-07-08,16,763,LTGES0528a,17,36,-2496.81,0.0,8937.38,27.9
2024-07-08,16,1999,LTGES1319a,97,1187,111.97,0.0,2457.78,4.6
2024-07-08,16,66,LTGES0044,692,766,-41.63,0.0,1228.89,3.4
2024-07-08,16,2032,LTGES1339a,321,1126,-21.59,0.0,8937.38,0.2
2024-07-08,16,468,LTGES0323b,782,786,-248.55,0.0,2457.78,10.1
2024-07-08,16,1250,LTGES0822a,8,968,93.53,0.0,2457.78,3.8
2024-07-08,16,1692,LTGES1117a,24,1087,508.69,0.0,2457.78,20.7
2024-07-08,16,2018,LTGES1330,767,925,-169.77,0.0,1228.89,13.8
2024-07-08,16,548,LTGES0380b,818,816,-39.83,0.0,2457.78,1.6
2024-07-08,16,477,LTGES0329b,762,764,-26.42,0.0,2457.78,1.1
2024-07-08,16,1680,LTGES1110,623,301,-6.76,0.0,1228.89,0.5
2024-07-08,16,1576,LTGES1037a,77,244,26.32,0.0,1268.9,2.1
2024-07-08,16,388,LTGES0263,276,773,265.86,0.0,1228.89,21.6
2024-07-08,16,2177,TR_72a9d275,125,126,-234.8,0.0,2362.5,9.9
2024-07-08,16,729,LTGES0502a,382,414,25.6,0.0,2457.78,1.0
2024-07-08,16,762,LTGES0527,428,46,-154.11,0.0,4468.69,3.4
2024-07-08,16,402,LTGES0275,287,285,-97.33,0.0,1228.89,7.9
2024-07-08,16,236,LTGES0168a,206,202,-260.45,0.0,2457.78,10.6
2024-07-08,16,764,LTGES0528b,17,36,-2496.81,0.0,8937.38,27.9
2024-07-08,16,564,LTGES0389a,822,8,295.51,0.0,2457.78,12.0
2024-07-08,16,698,LTGES0478a,395,399,544.59,0.0,2457.78,22.2
2024-07-08,16,2140,LTGES1422b,447,1235,246.19,0.0,8937.38,2.8
2024-07-08,16,1866,LTGES1225,804,322,0.0,0.0,1228.89,0.0
2024-07-08,16,1408,LTGES0926a,1001,571,-0.89,0.0,2457.78,0.0
2024-07-08,16,1376,LTGES0905a,771,567,196.79,0.0,8937.38,2.2
2024-07-08,16,814,LTGES0556a,446,868,-135.99,0.0,2457.78,5.5
2024-07-08,16,1831,LTGES1205b,636,1098,-121.52,0.0,8937.38,1.4
2024-07-08,16,578,LTGES0401,342,339,30.65,0.0,1228.89,2.5
2024-07-08,16,451,LTGES0310b,677,309,92.69,0.0,2457.78,3.8
2024-07-08,16,2170,LTGES1446b,1236,394,-50.63,0.0,8937.38,0.6
2024-07-08,16,1483,LTGES0974a,291,293,-36.84,0.0,2457.78,1.5
2024-07-08,16,115,LTGES0081,114,116,79.17,0.0,1228.89,6.4
2024-07-08,16,1647,LTGES1086b,514,614,100.27,0.0,2457.78,4.1
2024-07-08,16,1548,LTGES1018a,51,601,14.16,0.0,2457.78,0.6
2024-07-08,16,1519,LTGES1000,1025,138,-254.43,0.0,1228.89,20.7
2024-07-08,16,351,LTGES0240c,260,263,20.39,0.0,4915.56,0.4
2024-07-08,16,866,LTGES0587b,883,772,2313.88,0.0,8937.38,25.9
2024-07-08,16,960,LTGES0643a,474,1079,323.75,0.0,2457.78,13.2
2024-07-08,16,339,LTGES0235a,258,758,252.59,0.0,2457.78,10.3
2024-07-08,16,1097,LTGES0724b,92,931,-228.79,0.0,8937.38,2.6
2024-07-08,16,674,LTGES0464b,835,836,67.6,0.0,2457.78,2.8
2024-07-08,16,1479,LTGES0971b,45,1017,158.1,0.0,2457.78,6.4
2024-07-08,16,609,LTGES0424a,830,354,5.87,0.0,2457.78,0.2
2024-07-08,16,2244,TR_6b7707a8,598,599,-28.08,0.0,500.0,5.6
2024-07-08,16,1850,LTGES1214a,946,990,679.05,0.0,8937.38,7.6
2024-07-08,16,2152,LTGES1432,1202,1004,-133.32,0.0,1228.89,10.8
2024-07-08,16,1072,LTGES0709a,926,500,-127.21,0.0,2457.78,5.2
2024-07-08,16,1801,LTGES1183b,90,697,17.66,0.0,1268.9,1.4
2024-07-08,16,1015,LTGES0673d,910,912,-36.74,0.0,17874.76,0.2
2024-07-08,16,1487,LTGES0977,1019,583,-144.39,0.0,1228.89,11.7
2024-07-08,16,370,LTGES0253c,271,273,143.6,0.0,17874.76,0.8
2024-07-08,16,206,LTGES0149a,182,727,-314.13,0.0,2457.78,12.8
2024-07-08,16,595,LTGES0411b,827,346,75.23,0.0,8937.38,0.8
2024-07-08,16,279,LTGES0204a,5,230,204.6,0.0,2457.78,8.3
2024-07-08,16,2108,LTGES1397,301,1084,-95.83,0.0,1228.89,7.8
2024-07-08,16,2187,TR_3cdb5cac,159,160,-41.91,0.0,750.0,5.6
2024-07-08,16,1224,LTGES0803b,150,528,-6.82,0.0,8937.38,0.1
2024-07-08,16,1597,LTGES1052a,467,479,28.2,0.0,2457.78,1.1
2024-07-08,16,801,LTGES0550a,441,266,-418.03,0.0,2457.78,17.0
2024-07-08,16,1133,LTGES0747b,932,940,43.92,0.0,2457.78,1.8
2024-07-08,16,581,LTGES0404,337,335,87.7,0.0,1228.89,7.1
2024-07-08,16,1420,LTGES0934b,786,123,-72.26,0.0,4915.56,1.5
2024-07-08,16,754,LTGES0521,1113,26,-100.07,0.0,1228.89,8.1
2024-07-08,16,259,LTGES0187a,224,738,6.1,0.0,2457.78,0.2
2024-07-08,16,1668,LTGES1101a,493,491,-109.37,0.0,2457.78,4.4
2024-07-08,16,129,LTGES0091,127,131,103.19,0.0,1228.89,8.4
2024-07-08,16,1809,LTGES1188a,154,714,-195.86,0.0,8937.38,2.2
2024-07-08,16,1728,LTGES1137b,714,162,232.22,0.0,8937.38,2.6
2024-07-08,16,684,LTGES0470a,837,393,81.25,0.0,2457.78,3.3
2024-07-08,16,430,LTGES0296a,785,700,67.72,0.0,2457.78,2.8
2024-07-08,16,1512,LTGES0994b,1024,1023,-43.78,0.0,2457.78,1.8
2024-07-08,16,1857,LTGES1219,1055,970,0.0,0.0,1256.82,0.0
2024-07-08,16,853,LTGES0577b,210,880,15.99,0.0,2457.78,0.7
2024-07-08,16,207,LTGES0149b,182,727,-314.13,0.0,2457.78,12.8
2024-07-08,16,1131,LTGES0746,932,510,236.82,0.0,1228.89,19.3
2024-07-08,16,47,LTGES0029b,51,52,42.71,0.0,2457.78,1.7
2024-07-08,16,2341,TR_da0a8bbb,202,203,-1509.83,0.0,3750.0,40.3
2024-07-08,16,917,LTGES0618a,892,465,-40.64,0.0,2457.78,1.7
2024-07-08,16,2323,TR_e8bfe4d3,259,260,17.58,0.0,750.0,2.3
2024-07-08,16,2193,TR_ec3a7de9,34,35,879.38,0.0,1875.0,46.9
2024-07-08,16,2233,TR_09234ca6,28,29,-60.56,0.0,500.0,12.1
2024-07-08,16,1323,LTGES0871a,526,727,316.69,0.0,2457.78,12.9
2024-07-08,16,216,LTGES0154a,188,189,165.82,0.0,2457.78,6.7
2024-07-08,16,1058,LTGES0700,193,495,-678.8,0.0,4468.69,15.2
2024-07-08,16,1883,LTGES1235a,448,621,-60.65,0.0,2457.78,2.5
2024-07-08,16,511,LTGES0355,805,243,-0.0,0.0,4468.69,0.0
2024-07-08,16,1261,LTGES0829,971,541,270.15,0.0,1228.89,22.0
2024-07-08,16,238,LTGES0169a,208,203,530.49,0.0,8937.38,5.9
2024-07-08,16,209,LTGES0150b,182,742,43.77,0.0,2457.78,1.8
2024-07-08,16,959,LTGES0642,341,1151,-106.81,0.0,1228.89,8.7
2024-07-08,16,2167,LTGES1445a,283,676,-283.81,0.0,2457.78,11.5
2024-07-08,16,1283,LTGES0844b,548,547,134.02,0.0,8937.38,1.5
2024-07-08,16,1482,LTGES0973,1018,45,-183.91,0.0,1228.89,15.0
2024-07-08,16,2124,LTGES1411a,69,403,-1485.39,0.0,8937.38,16.6
2024-07-08,16,1787,LTGES1177b,254,247,-196.42,0.0,2457.78,8.0
2024-07-08,16,941,LTGES0631b,897,898,-31.25,0.0,2457.78,1.3
2024-07-08,16,1410,LTGES0927,571,560,-279.38,0.0,1228.89,22.7
2024-07-08,16,1441,LTGES0947,1012,292,-100.48,0.0,4468.69,2.2
2024-07-08,16,979,LTGES0653c,677,142,-22.93,0.0,3686.67,0.6
2024-07-08,16,1291,LTGES0850b,170,552,-74.88,0.0,2457.78,3.0
2024-07-08,16,1240,LTGES0814,963,530,-53.82,0.0,1228.89,4.4
2024-07-08,16,1129,LTGES0745a,505,939,-5.15,0.0,2457.78,0.2
2024-07-08,16,343,LTGES0237a,758,260,147.12,0.0,2457.78,6.0
2024-07-08,16,222,LTGES0159a,56,127,-250.42,0.0,2457.78,10.2
2024-07-08,16,2103,LTGES1392c,1141,237,-268.47,0.0,17874.76,1.5
2024-07-08,16,1201,LTGES0792a,390,359,-151.89,0.0,8937.38,1.7
2024-07-08,16,608,LTGES0423,353,830,435.42,0.0,1228.89,35.4
2024-07-08,16,158,LTGES0116,744,151,-2.33,0.0,1228.89,0.2
2024-07-08,16,60,LTGES0040b,67,68,-2430.52,0.0,8937.38,27.2
2024-07-08,16,1524,LTGES1004,591,1035,18.61,0.0,1228.89,1.5
2024-07-08,16,229,LTGES0164,717,201,111.68,0.0,1228.89,9.1
2024-07-08,16,661,LTGES0457b,382,384,-26.19,0.0,2457.78,1.1
2024-07-08,16,2231,TR_5e46f309,222,223,-256.69,0.0,1875.0,13.7
2024-07-08,16,766,LTGES0529b,429,124,-676.19,0.0,8937.38,7.6
2024-07-08,16,587,LTGES0407b,346,347,-984.41,0.0,8937.38,11.0
2024-07-08,16,1571,LTGES1034,1037,1038,-11.8,0.0,1228.89,1.0
2024-07-08,16,11,LTGES0007,680,16,-388.2,0.0,1228.89,31.6
2024-07-08,16,2293,TR_b4c6d83c,299,300,-101.54,0.0,750.0,13.5
2024-07-08,16,2082,LTGES1380a,768,274,-3.39,0.0,8937.38,0.0
2024-07-08,16,540,LTGES0375b,9,334,172.45,0.0,8937.38,1.9
2024-07-08,16,978,LTGES0653b,677,142,-22.93,0.0,3686.67,0.6
2024-07-08,16,483,LTGES0333,314,793,-39.65,0.0,1228.89,3.2
2024-07-08,16,1944,LTGES1272a,645,327,-927.62,0.0,8937.38,10.4
2024-07-08,16,1701,LTGES1120d,1,626,5.05,0.0,4915.56,0.1
2024-07-08,16,277,LTGES0202,703,741,162.6,0.0,4468.69,3.6
2024-07-08,16,1895,LTGES1243a,1078,620,36.03,0.0,8937.38,0.4
2024-07-08,16,398,LTGES0271,284,282,-250.28,0.0,1228.89,20.4
2024-07-08,16,1819,LTGES1195,125,541,-109.45,0.0,1228.89,8.9
2024-07-08,16,1302,LTGES0858a,209,556,-87.91,0.0,2457.78,3.6
2024-07-08,16,331,LTGES0231a,254,114,488.47,0.0,2457.78,19.9
2024-07-08,16,1472,LTGES0966,575,685,-224.07,0.0,1228.89,18.2
2024-07-08,16,2250,TR_3af63bd6,677,678,-47.77,0.0,750.0,6.4
2024-07-08,16,1289,LTGES0849b,553,980,56.04,0.0,2457.78,2.3
2024-07-08,16,627,LTGES0435b,241,832,-295.8,0.0,8937.38,3.3
2024-07-08,16,851,LTGES0576b,451,452,-150.6,0.0,2457.78,6.1
2024-07-08,16,1623,LTGES1070,76,1060,-195.24,0.0,4468.69,4.4
2024-07-08,16,769,LTGES0531b,70,862,157.25,0.0,2457.78,6.4
2024-07-08,16,2150,LTGES1430,1032,108,-0.57,0.0,1228.89,0.0
2024-07-08,16,1716,LTGES1129b,742,184,40.01,0.0,2457.78,1.6
2024-07-08,16,1003,LTGES0668,481,908,576.48,0.0,1228.89,46.9
2024-07-08,16,95,LTGES0065b,769,38,26.1,0.0,2457.78,1.1
2024-07-08,16,1614,LTGES1064a,24,296,-311.83,0.0,2457.78,12.7
2024-07-08,16,1349,LTGES0890a,973,975,96.7,0.0,8937.38,1.1
2024-07-08,16,1366,LTGES0897,860,565,-58.66,0.0,1228.89,4.8
2024-07-08,16,1971,LTGES1296,1159,660,-0.31,0.0,1228.89,0.0
2024-07-08,16,1152,LTGES0759b,91,945,125.5,0.0,2457.78,5.1
2024-07-08,16,2268,TR_871b5827,190,191,402.54,0.0,1200.0,33.5
2024-07-08,16,294,LTGES0212a,751,261,78.45,0.0,8937.38,0.9
2024-07-08,16,2024,LTGES1334a,1220,1186,-43.1,0.0,2457.78,1.8
2024-07-08,16,1213,LTGES0797d,181,726,-4.74,0.0,17874.76,0.0
2024-07-08,16,965,LTGES0648a,31,29,-835.92,0.0,8937.38,9.4
2024-07-08,16,1269,LTGES0835a,543,978,0.46,0.0,2457.78,0.0
2024-07-08,16,2050,LTGES1355,1204,328,1013.35,0.0,4468.69,22.7
2024-07-08,16,153,LTGES0113b,142,144,-170.44,0.0,2457.78,6.9
2024-07-08,16,1471,LTGES0965,582,575,-137.13,0.0,1228.89,11.2
2024-07-08,16,2052,LTGES1357,1065,1219,77.59,0.0,1228.89,6.3
2024-07-08,16,464,LTGES0321b,788,311,-0.87,0.0,2457.78,0.0
2024-07-08,16,1683,LTGES1112a,624,1111,-18.04,0.0,2457.78,0.7
2024-07-08,16,2045,LTGES1349,1200,664,-23.23,0.0,1228.89,1.9
2024-07-08,16,1859,LTGES1220b,464,63,80.81,0.0,2457.78,3.3
2024-07-08,16,557,LTGES0386a,823,814,107.48,0.0,2457.78,4.4
2024-07-08,16,967,LTGES0649a,30,28,69.24,0.0,2457.78,2.8
2024-07-08,16,299,LTGES0216a,238,239,-1096.43,0.0,8937.38,12.3
2024-07-08,16,159,LTGES0117,995,152,-1.3,0.0,1228.89,0.1
2024-07-08,16,1948,LTGES1275,1154,655,17.23,0.0,1228.89,1.4
2024-07-08,16,844,LTGES0572b,434,863,14.04,0.0,2457.78,0.6
2024-07-08,16,1101,LTGES0727,938,91,606.23,0.0,1228.89,49.3
2024-07-08,16,536,LTGES0373b,819,823,272.9,0.0,2457.78,11.1
2024-07-08,16,1150,LTGES0758,400,944,15.72,0.0,1228.89,1.3
2024-07-08,16,1834,LTGES1207a,638,1131,-15.71,0.0,17874.76,0.1
2024-07-08,16,931,LTGES0625b,13,682,64.46,0.0,2457.78,2.6
2024-07-08,16,842,LTGES0571,743,4,734.19,0.0,4468.69,16.4
2024-07-08,16,223,LTGES0159b,56,127,-250.42,0.0,2457.78,10.2
2024-07-08,16,1488,LTGES0978a,1019,584,-41.39,0.0,2457.78,1.7
2024-07-08,16,1219,LTGES0801a,527,958,-43.87,0.0,2457.78,1.8
2024-07-08,16,531,LTGES0370a,330,812,1.09,0.0,2457.78,0.0
2024-07-08,16,817,LTGES0557b,868,865,-260.97,0.0,2457.78,10.6
2024-07-08,16,1087,LTGES0717a,500,927,-207.93,0.0,2457.78,8.5
2024-07-08,16,2064,LTGES1363b,71,429,-670.96,0.0,8937.38,7.5
2024-07-08,16,26,LTGES0016a,296,24,299.41,0.0,2457.78,12.2
2024-07-08,16,952,LTGES0638b,901,34,12.46,0.0,2457.78,0.5
2024-07-08,16,1996,LTGES1316b,566,1183,33.96,0.0,2457.78,1.4
2024-07-08,16,989,LTGES0659b,31,200,-458.51,0.0,8937.38,5.1
2024-07-08,16,1139,LTGES0751,942,840,63.51,0.0,1228.89,5.2
2024-07-08,16,230,LTGES0165a,203,53,205.6,0.0,8937.38,2.3
2024-07-08,16,1191,LTGES0780b,203,211,158.59,0.0,8937.38,1.8
2024-07-08,16,1725,LTGES1136a,1075,617,-0.01,0.0,2457.78,0.0
2024-07-08,16,2138,LTGES1421b,1148,870,-406.39,0.0,8937.38,4.5
2024-07-08,16,394,LTGES0268,276,884,0.7,0.0,1228.89,0.1
2024-07-08,16,258,LTGES0186,221,43,-309.97,0.0,4468.69,6.9
2024-07-08,16,328,LTGES0229b,251,754,-8.42,0.0,845.93,1.0
2024-07-08,16,1029,LTGES0680,1003,54,-1.93,0.0,1228.89,0.2
2024-07-08,16,666,LTGES0460,386,388,-178.55,0.0,1228.89,14.5
2024-07-08,16,149,LTGES0111b,140,141,74.21,0.0,2457.78,3.0
2024-07-08,16,773,LTGES0534b,70,431,21.04,0.0,2457.78,0.9
2024-07-08,16,1645,LTGES1085b,613,501,-35.9,0.0,2457.78,1.5
2024-07-08,16,1620,LTGES1067b,76,1061,-9.64,0.0,8937.38,0.1
2024-07-08,16,1579,LTGES1038,319,1223,35.19,0.0,1228.89,2.9
2024-07-08,16,122,LTGES0085b,116,117,158.91,0.0,2457.78,6.5
2024-07-08,16,302,LTGES0217b,239,753,368.69,0.0,8937.38,4.1
2024-07-08,16,2297,TR_ad3ea85c,81,82,-237.45,0.0,750.0,31.7
2024-07-08,16,2279,TR_71f49079,572,573,-401.95,0.0,1200.0,33.5
2024-07-08,16,1926,LTGES1261b,1150,166,-15.67,0.0,2457.78,0.6
2024-07-08,16,1772,LTGES1166a,1104,1102,56.58,0.0,2457.78,2.3
2024-07-08,16,175,LTGES0128b,1043,898,546.59,0.0,2457.78,22.2
2024-07-08,16,1413,LTGES0929b,1002,551,-3.46,0.0,2457.78,0.1
2024-07-08,16,1328,LTGES0875a,562,479,13.6,0.0,2457.78,0.6
2024-07-08,16,143,LTGES0107,54,1127,154.29,0.0,1228.89,12.6
2024-07-08,16,1252,LTGES0823a,968,189,-228.63,0.0,2457.78,9.3
2024-07-08,16,1086,LTGES0716b,927,177,-290.13,0.0,2457.78,11.8
2024-07-08,16,1740,LTGES1145,778,290,166.34,0.0,4468.69,3.7
2024-07-08,16,501,LTGES0348,243,128,3524.69,0.0,4468.69,78.9
2024-07-08,16,2046,LTGES1350,1201,490,345.46,0.0,1228.89,28.1
2024-07-08,16,1995,LTGES1316a,566,1183,33.96,0.0,2457.78,1.4
2024-07-08,16,1762,LTGES1158,511,513,249.06,0.0,1228.89,20.3
2024-07-08,16,825,LTGES0562a,419,3,-136.49,0.0,2457.78,5.6
2024-07-08,16,1190,LTGES0780a,203,211,158.59,0.0,8937.38,1.8
2024-07-08,16,2048,LTGES1352,156,1203,-933.77,0.0,4468.69,20.9
2024-07-08,16,2213,TR_2336bf3a,972,973,-44.55,0.0,500.0,8.9
2024-07-08,16,318,LTGES0224b,247,250,-114.81,0.0,2457.78,4.7
2024-07-08,16,1421,LTGES0934c,786,123,-72.26,0.0,4915.56,1.5
2024-07-08,16,292,LTGES0211a,758,236,66.4,0.0,2457.78,2.7
2024-07-08,16,1848,LTGES1212b,502,192,-36.3,0.0,2457.78,1.5
2024-07-08,16,20,LTGES0012b,1065,22,-55.27,0.0,2457.78,2.2
2024-07-08,16,2071,LTGES1371,649,650,-46.18,0.0,1228.89,3.8
2024-07-08,16,1193,LTGES0782,523,876,160.68,0.0,1228.89,13.1
2024-07-08,16,708,LTGES0485,843,842,-68.49,0.0,1228.89,5.6
2024-07-08,16,533,LTGES0371,331,326,313.16,0.0,1228.89,25.5
2024-07-08,16,837,LTGES0568a,80,449,4.22,0.0,8937.38,0.0
2024-07-08,16,749,LTGES0517,1211,856,-21.23,0.0,1228.89,1.7
2024-07-08,16,1705,LTGES1123a,350,1090,26.82,0.0,8937.38,0.3
2024-07-08,16,1098,LTGES0725a,240,938,334.85,0.0,2457.78,13.6
2024-07-08,16,1733,LTGES1141a,954,993,133.25,0.0,8937.38,1.5
2024-07-08,16,1480,LTGES0972a,45,291,-74.78,0.0,2457.78,3.0
2024-07-08,16,622,LTGES0432b,362,1145,-588.39,0.0,8937.38,6.6
2024-07-08,16,1711,LTGES1127a,713,139,7.71,0.0,2457.78,0.3
2024-07-08,16,1788,LTGES1178a,253,246,-68.34,0.0,845.93,8.1
2024-07-08,16,123,LTGES0086,115,122,-2253.0,0.0,4468.69,50.4
2024-07-08,16,616,LTGES0429a,361,362,-177.24,0.0,8937.38,2.0
2024-07-08,16,2285,TR_023fe59e,167,168,-656.37,0.0,1200.0,54.7
2024-07-08,16,1867,LTGES1226a,618,646,64.87,0.0,2457.78,2.6
2024-07-08,16,1849,LTGES1213,1127,859,123.8,0.0,1228.89,10.1
2024-07-08,16,300,LTGES0216b,238,239,-1096.43,0.0,8937.38,12.3
2024-07-08,16,1000,LTGES0666,481,694,-224.89,0.0,1228.89,18.3
2024-07-08,16,2172,LTGES1448,1072,648,-43.22,0.0,1228.89,3.5
2024-07-08,16,1875,LTGES1230b,1136,1139,-86.8,0.0,2457.78,3.5
2024-07-08,16,1794,LTGES1181a,91,698,278.74,0.0,3686.67,7.6
2024-07-08,16,1018,LTGES0674c,909,911,-104.94,0.0,4915.56,2.1
2024-07-08,16,1024,LTGES0677a,903,912,137.28,0.0,8937.38,1.5
2024-07-08,16,1216,LTGES0799b,183,178,237.3,0.0,8937.38,2.7
2024-07-08,16,1992,LTGES1312b,193,663,62.85,0.0,8937.38,0.7
2024-07-08,16,601,LTGES0417,272,1124,-92.56,0.0,1228.89,7.5
2024-07-08,16,1896,LTGES1243b,1078,620,36.03,0.0,8937.38,0.4
2024-07-08,16,1687,LTGES1114,1053,482,-389.14,0.0,1228.89,31.7
2024-07-08,16,1751,LTGES1152b,602,295,910.3,0.0,2457.78,37.0
2024-07-08,16,1217,LTGES0800a,177,527,-312.88,0.0,2457.78,12.7
2024-07-08,16,1494,LTGES0982b,1021,1020,54.29,0.0,2457.78,2.2
2024-07-08,16,1913,LTGES1253,1137,797,9.66,0.0,1228.89,0.8
2024-07-08,16,1170,LTGES0769b,420,225,137.83,0.0,2457.78,5.6
2024-07-08,16,1511,LTGES0994a,1024,1023,-43.78,0.0,2457.78,1.8
2024-07-08,16,1741,LTGES1146,1095,48,-248.64,0.0,1228.89,20.2
2024-07-08,16,423,LTGES0290,134,952,-1370.69,0.0,4468.69,30.7
2024-07-08,16,317,LTGES0224a,247,250,-114.81,0.0,2457.78,4.7
2024-07-08,16,1274,LTGES0838a,545,161,94.86,0.0,2457.78,3.9
2024-07-08,16,863,LTGES0586a,883,982,-2352.26,0.0,8937.38,26.3
2024-07-08,16,1462,LTGES0958b,580,568,-104.62,0.0,8937.38,1.2
2024-07-08,16,2262,TR_e1d8c398,467,468,35.59,0.0,1875.0,1.9
2024-07-08,16,316,LTGES0223c,244,120,-13.08,0.0,1268.9,1.0
2024-07-08,16,617,LTGES0429b,361,362,-177.24,0.0,8937.38,2.0
2024-07-08,16,463,LTGES0321a,788,311,-0.87,0.0,2457.78,0.0
2024-07-08,16,1294,LTGES0852b,982,555,4.65,0.0,8937.38,0.1
2024-07-08,16,1458,LTGES0956a,993,46,-22.88,0.0,8937.38,0.3
2024-07-08,16,263,LTGES0190,221,740,-534.76,0.0,4468.69,12.0
2024-07-08,16,1603,LTGES1055b,729,1062,-85.02,0.0,2457.78,3.5
2024-07-08,16,2021,LTGES1332b,501,924,-3.51,0.0,3686.67,0.1
2024-07-08,16,295,LTGES0212b,751,261,78.45,0.0,8937.38,0.9
2024-07-08,16,1038,LTGES0685b,918,487,-1056.71,0.0,2457.78,43.0
2024-07-08,16,181,LTGES0133a,21,156,-2173.51,0.0,8937.38,24.3
2024-07-08,16,802,LTGES0550b,441,266,-418.03,0.0,2457.78,17.0
2024-07-08,16,368,LTGES0253a,271,273,143.6,0.0,17874.76,0.8
2024-07-08,16,1987,LTGES1308,1178,661,-0.43,0.0,1228.89,0.0
2024-07-08,16,1016,LTGES0674a,909,911,-104.94,0.0,4915.56,2.1
2024-07-08,16,913,LTGES0615b,466,266,93.36,0.0,2457.78,3.8
2024-07-08,16,386,LTGES0262a,278,773,12.6,0.0,2457.78,0.5
2024-07-08,16,85,LTGES0058a,93,94,84.48,0.0,2457.78,3.4
2024-07-08,16,1782,LTGES1174b,1108,1107,0.0,0.0,3574.95,0.0
2024-07-08,16,568,LTGES0392,338,336,162.67,0.0,1228.89,13.2
2024-07-08,16,1644,LTGES1085a,613,501,-35.9,0.0,2457.78,1.5
2024-07-08,16,309,LTGES0221b,245,121,201.53,0.0,3686.67,5.5
2024-07-08,16,30,LTGES0019a,29,31,749.07,0.0,8937.38,8.4
2024-07-08,16,569,LTGES0393,338,339,-50.29,0.0,1228.89,4.1
2024-07-08,16,1422,LTGES0934d,786,123,-72.26,0.0,4915.56,1.5
2024-07-08,16,1438,LTGES0945,1082,294,-228.46,0.0,4468.69,5.1
2024-07-08,16,1060,LTGES0701b,455,497,-261.79,0.0,8937.38,2.9
2024-07-08,16,2002,LTGES1320b,421,1230,-37.65,0.0,2457.78,1.5
2024-07-08,16,1845,LTGES1210b,1131,1129,-80.09,0.0,8937.38,0.9
2024-07-08,16,1391,LTGES0915b,977,724,150.46,0.0,8937.38,1.7
2024-07-08,16,642,LTGES0445a,369,371,5.18,0.0,2457.78,0.2
2024-07-08,16,828,LTGES0563b,732,874,10.73,0.0,4915.56,0.2
2024-07-08,16,589,LTGES0408b,347,348,-1027.43,0.0,8937.38,11.5
2024-07-08,16,1137,LTGES0750a,942,515,-115.05,0.0,2457.78,4.7
2024-07-08,16,1617,LTGES1065b,611,296,-349.02,0.0,2457.78,14.2
2024-07-08,16,1286,LTGES0847,550,551,-259.59,0.0,1228.89,21.1
2024-07-08,16,75,LTGES0050,83,54,368.61,0.0,1228.89,30.0
2024-07-08,16,930,LTGES0625a,13,682,64.46,0.0,2457.78,2.6
2024-07-08,16,1936,LTGES1267b,416,1067,115.55,0.0,2457.78,4.7
2024-07-08,16,1270,LTGES0835b,543,978,0.46,0.0,2457.78,0.0
2024-07-08,16,2176,TR_2ba8192a,123,124,-344.36,0.0,1200.0,28.7
2024-07-08,16,2291,TR_f79c0213,382,383,-34.96,0.0,1200.0,2.9
2024-07-08,16,2303,TR_ac797598,247,248,-280.94,0.0,750.0,37.5
2024-07-08,16,2065,LTGES1364a,1207,1119,-15.11,0.0,2457.78,0.6
2024-07-08,16,2211,TR_0f7c87f6,723,724,-52.91,0.0,500.0,10.6
2024-07-08,16,460,LTGES0318,311,312,122.46,0.0,1228.89,10.0
2024-07-08,16,1642,LTGES1084a,612,1086,-14.81,0.0,2457.78,0.6
2024-07-08,16,2000,LTGES1319b,97,1187,111.97,0.0,2457.78,4.6
2024-07-08,16,1207,LTGES0795a,334,35,646.1,0.0,8937.38,7.2
2024-07-08,16,1626,LTGES1072a,170,1157,70.85,0.0,2457.78,2.9
2024-07-08,16,669,LTGES0462a,389,390,-199.25,0.0,8937.38,2.2
2024-07-08,16,1595,LTGES1050,608,396,170.8,0.0,1228.89,13.9
2024-07-08,16,537,LTGES0374a,332,819,174.35,0.0,2457.78,7.1
2024-07-08,16,2294,TR_14c8e677,411,412,-14.2,0.0,1200.0,1.2
2024-07-08,16,2077,LTGES1375,1212,602,-123.33,0.0,1228.89,10.0
2024-07-08,16,1500,LTGES0987a,97,531,27.74,0.0,2457.78,1.1
2024-07-08,16,1550,LTGES1019,1030,226,553.88,0.0,4468.69,12.4
2024-07-08,16,1268,LTGES0834,103,997,-24.39,0.0,1228.89,2.0
2024-07-08,16,858,LTGES0582,394,455,-132.5,0.0,4468.69,3.0
2024-07-08,16,2201,TR_565d8e08,715,716,51.09,0.0,500.0,10.2
2024-07-08,16,1873,LTGES1229,960,1152,11.85,0.0,1228.89,1.0
2024-07-08,16,840,LTGES0570a,80,877,19.67,0.0,8937.38,0.2
2024-07-08,16,1651,LTGES1088b,155,157,-18.06,0.0,2457.78,0.7
2024-07-08,16,1596,LTGES1051,386,1100,-88.45,0.0,1228.89,7.2
2024-07-08,16,208,LTGES0150a,182,742,43.77,0.0,2457.78,1.8
2024-07-08,16,1790,LTGES1179a,256,258,328.29,0.0,2457.78,13.4
2024-07-08,16,855,LTGES0579,381,453,300.96,0.0,1228.89,24.5
2024-07-08,16,224,LTGES0160,56,112,-123.3,0.0,1228.89,10.0
2024-07-08,16,688,LTGES0472a,839,395,242.62,0.0,2457.78,9.9
2024-07-08,16,1961,LTGES1286,495,176,-562.25,0.0,4468.69,12.6
2024-07-08,16,711,LTGES0488,846,57,43.52,0.0,1228.89,3.5
2024-07-08,16,1442,LTGES0948,294,574,20.06,0.0,4468.69,0.4
2024-07-08,16,797,LTGES0548a,439,442,54.92,0.0,2457.78,2.2
2024-07-08,16,1258,LTGES0827b,1005,313,-51.66,0.0,3686.67,1.4
2024-07-08,16,1257,LTGES0827a,1005,313,-51.66,0.0,3686.67,1.4
2024-07-08,16,1911,LTGES1251b,1148,869,12.61,0.0,8937.38,0.1
2024-07-08,16,867,LTGES0588a,772,457,8.41,0.0,8937.38,0.1
2024-07-08,16,2016,LTGES1329a,149,133,-50.24,0.0,2457.78,2.0
2024-07-08,16,1903,LTGES1247b,871,870,-3.84,0.0,8937.38,0.0
2024-07-08,16,1858,LTGES1220a,464,63,80.81,0.0,2457.78,3.3
2024-07-08,16,1337,LTGES0882a,222,988,-15.1,0.0,2457.78,0.6
2024-07-08,16,2102,LTGES1392b,1141,237,-268.47,0.0,17874.76,1.5
2024-07-08,16,738,LTGES0508a,33,19,-1993.02,0.0,8937.38,22.3
2024-07-08,16,1575,LTGES1036c,78,245,233.67,0.0,3686.67,6.3
2024-07-08,16,879,LTGES0595a,886,461,-10.97,0.0,2457.78,0.4
2024-07-08,16,2255,TR_23a069a8,146,147,-152.11,0.0,1875.0,8.1
2024-07-08,16,1099,LTGES0725b,240,938,334.85,0.0,2457.78,13.6
2024-07-08,16,699,LTGES0478b,395,399,544.59,0.0,2457.78,22.2
2024-07-08,16,1829,LTGES1204,636,981,223.87,0.0,4468.69,5.0
2024-07-08,16,687,LTGES0471b,36,1236,-1095.08,0.0,8937.38,12.3
2024-07-08,16,1860,LTGES1221,642,131,-52.67,0.0,1228.89,4.3
2024-07-08,16,830,LTGES0563d,732,874,10.73,0.0,4915.56,0.2
2024-07-08,16,225,LTGES0161,196,197,-212.33,0.0,1228.89,17.3
2024-07-08,16,1586,LTGES1044a,607,1128,130.18,0.0,8937.38,1.5
2024-07-08,16,1732,LTGES1140,964,532,540.47,0.0,1228.89,44.0
2024-07-08,16,1840,LTGES1208c,637,1130,13.93,0.0,4915.56,0.3
2024-07-08,16,1036,LTGES0684b,911,142,-192.28,0.0,2457.78,7.8
2024-07-08,16,1192,LTGES0781,522,451,-271.04,0.0,1228.89,22.1
2024-07-08,16,1526,LTGES1005b,212,592,140.48,0.0,2457.78,5.7
2024-07-08,16,1401,LTGES0920,171,981,-1330.89,0.0,4468.69,29.8
2024-07-08,16,161,LTGES0119,157,155,7.67,0.0,1228.89,0.6
2024-07-08,16,692,LTGES0474a,839,397,1.59,0.0,2457.78,0.1
2024-07-08,16,712,LTGES0489,405,846,165.42,0.0,1228.89,13.5
2024-07-08,16,1327,LTGES0874,1000,560,-2.24,0.0,1228.89,0.2
2024-07-08,16,1925,LTGES1261a,1150,166,-15.67,0.0,2457.78,0.6
2024-07-08,16,1430,LTGES0940a,1092,531,-63.62,0.0,2457.78,2.6
2024-07-08,16,1833,LTGES1206b,1128,1129,111.14,0.0,8937.38,1.2
2024-07-08,16,2114,LTGES1402,667,1225,-73.96,0.0,1228.89,6.0
2024-07-08,16,142,LTGES0106,54,60,157.55,0.0,1228.89,12.8
2024-07-08,16,2261,TR_9e0dda04,13,14,-57.42,0.0,1875.0,3.1
2024-07-08,16,637,LTGES0442,366,833,-89.38,0.0,1228.89,7.3
2024-07-08,16,1465,LTGES0960b,852,581,8.3,0.0,2457.78,0.3
2024-07-08,16,2145,LTGES1426a,674,117,-357.8,0.0,2457.78,14.6
2024-07-08,16,995,LTGES0663a,905,50,1243.94,0.0,8937.38,13.9
2024-07-08,16,1599,LTGES1053,142,1053,-368.28,0.0,1228.89,30.0
2024-07-08,16,1359,LTGES0895b,562,564,190.61,0.0,4915.56,3.9
2024-07-08,16,968,LTGES0649b,30,28,69.24,0.0,2457.78,2.8
2024-07-08,16,432,LTGES0297,306,1040,3.41,0.0,1228.89,0.3
2024-07-08,16,1972,LTGES1297a,660,411,-3.39,0.0,2457.78,0.1
2024-07-08,16,113,LTGES0079,112,54,297.98,0.0,1228.89,24.2
2024-07-08,16,492,LTGES0341a,795,794,4.27,0.0,2457.78,0.2
2024-07-08,16,445,LTGES0306,49,696,168.34,0.0,1228.89,13.7
2024-07-08,16,322,LTGES0226b,250,252,-137.51,0.0,2457.78,5.6
2024-07-08,16,2277,TR_df0fbfc7,135,136,-176.65,0.0,750.0,23.6
2024-07-08,16,1988,LTGES1309,131,662,25.01,0.0,1228.89,2.0
2024-07-08,16,269,LTGES0195b,48,3,-132.69,0.0,2457.78,5.4
2024-07-08,16,1380,LTGES0907a,971,538,14.37,0.0,2457.78,0.6
2024-07-08,16,588,LTGES0408a,347,348,-1027.43,0.0,8937.38,11.5
2024-07-08,16,555,LTGES0385a,335,821,33.89,0.0,2457.78,1.4
2024-07-08,16,1281,LTGES0843b,979,547,14.65,0.0,8937.38,0.2
2024-07-08,16,892,LTGES0604a,280,892,197.67,0.0,3686.67,5.4
2024-07-08,16,1111,LTGES0734,934,355,-675.94,0.0,1228.89,55.0
2024-07-08,16,2292,TR_fa8d5caa,279,280,-51.67,0.0,500.0,10.3
2024-07-08,16,794,LTGES0546b,439,441,-84.44,0.0,2457.78,3.4
2024-07-08,16,663,LTGES0458b,385,386,-130.13,0.0,2457.78,5.3
2024-07-08,16,1315,LTGES0866,986,1184,2.06,0.0,1228.89,0.2
2024-07-08,16,2240,TR_9238fc7c,199,200,-32.36,0.0,500.0,6.5
2024-07-08,16,1326,LTGES0873,560,153,-141.34,0.0,1228.89,11.5
2024-07-08,16,873,LTGES0591b,459,460,-1.5,0.0,2457.78,0.1
2024-07-08,16,628,LTGES0436a,240,831,69.81,0.0,2457.78,2.8
2024-07-08,16,171,LTGES0126b,165,899,725.4,0.0,2457.78,29.5
2024-07-08,16,1764,LTGES1159b,513,941,2.21,0.0,2457.78,0.1
2024-07-08,16,653,LTGES0452a,208,743,650.04,0.0,8937.38,7.3
2024-07-08,16,1154,LTGES0760b,127,242,-212.62,0.0,2457.78,8.7
2024-07-08,16,345,LTGES0238a,757,259,40.09,0.0,845.93,4.7
2024-07-08,16,646,LTGES0447a,369,833,114.14,0.0,2457.78,4.6
2024-07-08,16,1904,LTGES1248a,871,870,-3.84,0.0,8937.38,0.0
2024-07-08,16,1505,LTGES0989b,586,417,-58.38,0.0,2457.78,2.4
2024-07-08,16,319,LTGES0225a,246,249,-34.14,0.0,845.93,4.0
2024-07-08,16,502,LTGES0349a,802,112,248.26,0.0,2457.78,10.1
2024-07-08,16,758,LTGES0524a,857,424,-4.98,0.0,2457.78,0.2
2024-07-08,16,478,LTGES0330a,766,270,-10.42,0.0,2457.78,0.4
2024-07-08,16,312,LTGES0222b,244,120,-13.08,0.0,1268.9,1.0
2024-07-08,16,1551,LTGES1020a,602,488,-990.79,0.0,2457.78,40.3
2024-07-08,16,748,LTGES0516,421,325,-247.76,0.0,1228.89,20.2
2024-07-08,16,2105,LTGES1393,849,382,-36.14,0.0,1228.89,2.9
2024-07-08,16,567,LTGES0391,822,814,9.55,0.0,1228.89,0.8
2024-07-08,16,1055,LTGES0697,923,492,-253.72,0.0,1228.89,20.6
2024-07-08,16,831,LTGES0564,873,106,-23.66,0.0,1228.89,1.9
2024-07-08,16,67,LTGES0045,75,76,-698.65,0.0,4468.69,15.6
2024-07-08,16,2120,LTGES1408,672,673,-105.65,0.0,1228.89,8.6
2024-07-08,16,621,LTGES0432a,362,1145,-588.39,0.0,8937.38,6.6
2024-07-08,16,344,LTGES0237b,758,260,147.12,0.0,2457.78,6.0
2024-07-08,16,1739,LTGES1144b,939,512,-29.23,0.0,2457.78,1.2
2024-07-08,16,1414,LTGES0930,560,570,-141.14,0.0,1228.89,11.5
2024-07-08,16,1638,LTGES1080a,22,611,-259.08,0.0,2457.78,10.5
2024-07-08,16,535,LTGES0373a,819,823,272.9,0.0,2457.78,11.1
2024-07-08,16,1456,LTGES0955c,993,568,64.03,0.0,17874.76,0.4
2024-07-08,16,1523,LTGES1003b,1027,1028,-509.98,0.0,2457.78,20.7
2024-07-08,16,452,LTGES0311,126,162,324.3,0.0,4468.69,7.3
2024-07-08,16,2081,LTGES1379,131,324,-152.38,0.0,1228.89,12.4
2024-07-08,16,2258,TR_7fb6d213,482,483,-6.1,0.0,750.0,0.8
2024-07-08,16,639,LTGES0443b,205,80,-2148.37,0.0,8937.38,24.0
2024-07-08,16,109,LTGES0076,55,41,334.02,0.0,4468.69,7.5
2024-07-08,16,320,LTGES0225b,246,249,-34.14,0.0,845.93,4.0
2024-07-08,16,1119,LTGES0739,364,937,379.05,0.0,1228.89,30.8
2024-07-08,16,217,LTGES0154b,188,189,165.82,0.0,2457.78,6.7
2024-07-08,16,1187,LTGES0778a,870,12,168.45,0.0,8937.38,1.9
2024-07-08,16,1789,LTGES1178b,253,246,-68.34,0.0,845.93,8.1
2024-07-08,16,1063,LTGES0703a,497,7,-269.17,0.0,8937.38,3.0
2024-07-08,16,821,LTGES0560a,702,11,-182.98,0.0,2457.78,7.4
2024-07-08,16,2272,TR_4422f4c8,388,389,2948.71,0.0,7500.0,39.3
2024-07-08,16,2023,LTGES1333,43,37,627.44,0.0,4468.69,14.0
2024-07-08,16,2316,TR_5dccfcf1,113,114,-10.61,0.0,500.0,2.1
2024-07-08,16,2194,TR_30aa9055,170,171,-55.44,0.0,500.0,11.1
2024-07-08,16,1698,LTGES1120a,1,626,5.05,0.0,4915.56,0.1
2024-07-08,16,1341,LTGES0884,269,770,87.5,0.0,4468.69,2.0
2024-07-08,16,2256,TR_6fc17258,561,562,-0.63,0.0,500.0,0.1
2024-07-08,16,1726,LTGES1136b,1075,617,-0.01,0.0,2457.78,0.0
2024-07-08,16,1960,LTGES1285,393,398,-8.13,0.0,1228.89,0.7
2024-07-08,16,1891,LTGES1240,273,1144,-137.57,0.0,4468.69,3.1
2024-07-08,16,933,LTGES0627,682,471,115.2,0.0,1228.89,9.4
2024-07-08,16,2040,LTGES1345b,460,665,15.41,0.0,2457.78,0.6
2024-07-08,16,760,LTGES0525,45,427,57.32,0.0,1228.89,4.7
2024-07-08,16,1478,LTGES0971a,45,1017,158.1,0.0,2457.78,6.4
2024-07-08,16,1300,LTGES0856,950,523,232.91,0.0,1228.89,19.0
2024-07-08,16,1621,LTGES1068,359,1060,-240.25,0.0,4468.69,5.4
2024-07-08,16,789,LTGES0544a,865,864,24.99,0.0,2457.78,1.0
2024-07-08,16,1600,LTGES1054a,1052,140,-32.23,0.0,2457.78,1.3
2024-07-08,16,1640,LTGES1081,789,790,18.03,0.0,1228.89,1.5
2024-07-08,16,820,LTGES0559b,1214,702,-198.87,0.0,2457.78,8.1
2024-07-08,16,1517,LTGES0998,1026,590,-26.99,0.0,1228.89,2.2
2024-07-08,16,1853,LTGES1216a,1134,639,-2.09,0.0,2457.78,0.1
2024-07-08,16,765,LTGES0529a,429,124,-676.19,0.0,8937.38,7.6
2024-07-08,16,1689,LTGES1115b,22,991,61.68,0.0,2457.78,2.5
2024-07-08,16,1385,LTGES0911,153,781,-106.94,0.0,1228.89,8.7
2024-07-08,16,1564,LTGES1030a,7,183,142.94,0.0,8937.38,1.6
2024-07-08,16,1209,LTGES0796,333,964,-286.5,0.0,1228.89,23.3
2024-07-08,16,662,LTGES0458a,385,386,-130.13,0.0,2457.78,5.3
2024-07-08,16,1484,LTGES0974b,291,293,-36.84,0.0,2457.78,1.5
2024-07-08,16,659,LTGES0456,380,381,304.06,0.0,1228.89,24.7
2024-07-08,16,2061,LTGES1362a,126,542,-1136.89,0.0,8937.38,12.7
2024-07-08,16,1956,LTGES1281b,656,68,-12.63,0.0,8937.38,0.1
2024-07-08,16,358,LTGES0245,759,237,-606.75,0.0,4468.69,13.6
2024-07-08,16,2188,TR_f3d46ea1,172,173,8.86,0.0,500.0,1.8
2024-07-08,16,1061,LTGES0702a,455,394,261.21,0.0,8937.38,2.9
2024-07-08,16,783,LTGES0541a,433,208,335.5,0.0,8937.38,3.8
2024-07-08,16,541,LTGES0376,822,816,-600.83,0.0,1228.89,48.9
2024-07-08,16,1643,LTGES1084b,612,1086,-14.81,0.0,2457.78,0.6
2024-07-08,16,862,LTGES0585,85,64,840.68,0.0,4468.69,18.8
2024-07-08,16,1673,LTGES1104,679,1080,2.17,0.0,1228.89,0.2
2024-07-08,16,234,LTGES0167a,206,872,17.72,0.0,2457.78,0.7
2024-07-08,16,1878,LTGES1232b,383,1141,145.5,0.0,8937.38,1.6
2024-07-08,16,1365,LTGES0896d,561,563,0.16,0.0,1691.87,0.0
2024-07-08,16,2054,LTGES1358b,110,173,-1158.95,0.0,8937.38,13.0
2024-07-08,16,205,LTGES0148b,726,179,2.93,0.0,8937.38,0.0
2024-07-08,16,2320,TR_047a855a,257,258,4.4,0.0,500.0,0.9
2024-07-08,16,1304,LTGES0859a,557,451,-230.06,0.0,2457.78,9.4
2024-07-08,16,1747,LTGES1150a,968,526,330.89,0.0,2457.78,13.5
2024-07-08,16,816,LTGES0557a,868,865,-260.97,0.0,2457.78,10.6
2024-07-08,16,927,LTGES0623,683,907,443.92,0.0,4468.69,9.9
2024-07-08,16,2343,TR_5d89fb1a,621,1235,-309.18,0.0,750.0,41.2
2024-07-08,16,164,LTGES0121,158,955,-6.48,0.0,1228.89,0.5
2024-07-08,16,1378,LTGES0906a,567,954,154.32,0.0,8937.38,1.7
2024-07-08,16,380,LTGES0259a,771,770,-252.88,0.0,8937.38,2.8
2024-07-08,16,2206,TR_a5f948b9,997,998,-55.25,0.0,500.0,11.1
2024-07-08,16,298,LTGES0215,753,693,2362.93,0.0,4468.69,52.9
2024-07-08,16,1203,LTGES0793a,185,183,54.24,0.0,8937.38,0.6
2024-07-08,16,126,LTGES0088,43,79,672.01,0.0,4468.69,15.0
2024-07-08,16,226,LTGES0162,197,56,-212.86,0.0,1228.89,17.3
2024-07-08,16,1230,LTGES0807,133,959,33.62,0.0,1228.89,2.7
2024-07-08,16,553,LTGES0383,335,820,-17.74,0.0,1228.89,1.4
2024-07-08,16,985,LTGES0656b,477,760,1263.73,0.0,8937.38,14.1
2024-07-08,16,2008,LTGES1325a,1047,664,-4.79,0.0,2457.78,0.2
2024-07-08,16,951,LTGES0638a,901,34,12.46,0.0,2457.78,0.5
2024-07-08,16,2300,TR_8d4c74b6,240,241,-1069.53,0.0,1875.0,57.0
2024-07-08,16,1030,LTGES0681a,89,915,-979.54,0.0,13406.07,7.3
2024-07-08,16,644,LTGES0446a,368,370,1.67,0.0,845.93,0.2
2024-07-08,16,2302,TR_a6acaf6d,246,247,-68.4,0.0,750.0,9.1
2024-07-08,16,1776,LTGES1169,787,1105,-280.47,0.0,1228.89,22.8
2024-07-08,16,689,LTGES0472b,839,395,242.62,0.0,2457.78,9.9
2024-07-08,16,1173,LTGES0771a,225,518,154.08,0.0,2457.78,6.3
2024-07-08,16,1161,LTGES0764b,562,24,-369.79,0.0,2457.78,15.0
2024-07-08,16,1182,LTGES0775b,225,47,61.79,0.0,2457.78,2.5
2024-07-08,16,2247,TR_3849e2ae,909,910,-36.4,0.0,500.0,7.3
2024-07-08,16,1521,LTGES1002,1027,1054,1.4,0.0,1228.89,0.1
2024-07-08,16,1096,LTGES0724a,92,931,-228.79,0.0,8937.38,2.6
2024-07-08,16,512,LTGES0356a,127,801,205.37,0.0,2457.78,8.4
2024-07-08,16,1371,LTGES0900b,990,777,658.61,0.0,8937.38,7.4
2024-07-08,16,493,LTGES0341b,795,794,4.27,0.0,2457.78,0.2
2024-07-08,16,471,LTGES0325,201,790,3.79,0.0,1228.89,0.3
2024-07-08,16,1390,LTGES0915a,977,724,150.46,0.0,8937.38,1.7
2024-07-08,16,361,LTGES0247a,160,777,-657.88,0.0,8937.38,7.4
2024-07-08,16,1874,LTGES1230a,1136,1139,-86.8,0.0,2457.78,3.5
2024-07-08,16,1884,LTGES1235b,448,621,-60.65,0.0,2457.78,2.5
2024-07-08,16,1397,LTGES0918a,997,976,-23.78,0.0,3686.67,0.6
2024-07-08,16,1140,LTGES0752a,516,943,-3.98,0.0,2457.78,0.2
2024-07-08,16,397,LTGES0270,284,282,-252.42,0.0,1228.89,20.5
2024-07-08,16,1503,LTGES0988b,734,586,-24.79,0.0,2457.78,1.0
2024-07-08,16,808,LTGES0552d,444,867,-12.83,0.0,4915.56,0.3
2024-07-08,16,1026,LTGES0678a,913,471,-2.21,0.0,2457.78,0.1
2024-07-08,16,1452,LTGES0954a,428,579,-31.41,0.0,8937.38,0.4
2024-07-08,16,4,LTGES0002b,729,1086,33.09,0.0,2457.78,1.3
2024-07-08,16,2332,TR_585684a3,438,439,41.67,0.0,500.0,8.3
2024-07-08,16,1357,LTGES0894b,162,780,730.73,0.0,8937.38,8.2
2024-07-08,16,1646,LTGES1086a,514,614,100.27,0.0,2457.78,4.1
2024-07-08,16,1955,LTGES1281a,656,68,-12.63,0.0,8937.38,0.1
2024-07-08,16,221,LTGES0158,712,195,148.11,0.0,1228.89,12.1
2024-07-08,16,750,LTGES0518,856,422,-36.35,0.0,1228.89,3.0
2024-07-08,16,210,LTGES0151a,183,187,-35.55,0.0,8937.38,0.4
2024-07-08,16,1491,LTGES0980,585,1021,-58.31,0.0,1228.89,4.7
2024-07-08,16,2339,TR_6c5e9c5a,225,226,-657.65,0.0,1875.0,35.1
2024-07-08,16,690,LTGES0473a,396,395,81.24,0.0,2457.78,3.3
2024-07-08,16,134,LTGES0095,719,720,3.97,0.0,4468.69,0.1
2024-07-08,16,329,LTGES0230a,121,254,315.72,0.0,2457.78,12.8
2024-07-08,16,240,LTGES0170,209,746,31.14,0.0,1228.89,2.5
2024-07-08,16,1537,LTGES1012a,596,598,-23.74,0.0,845.93,2.8
2024-07-08,16,1400,LTGES0919,553,102,-31.64,0.0,1228.89,2.6
2024-07-08,16,2026,LTGES1335a,520,1110,-71.13,0.0,2457.78,2.9
2024-07-08,16,373,LTGES0255b,235,261,-902.4,0.0,8937.38,10.1
2024-07-08,16,133,LTGES0094,41,128,-922.4,0.0,4468.69,20.6
2024-07-08,16,574,LTGES0397,340,341,19.6,0.0,1228.89,1.6
2024-07-08,16,246,LTGES0175,732,106,-125.3,0.0,1228.89,10.2
2024-07-08,16,466,LTGES0322b,306,782,-355.01,0.0,2457.78,14.4
2024-07-08,16,753,LTGES0520,70,857,216.28,0.0,1228.89,17.6
2024-07-08,16,560,LTGES0387b,8,823,-205.87,0.0,2457.78,8.4
2024-07-08,16,679,LTGES0467b,838,837,-242.8,0.0,2457.78,9.9
2024-07-08,16,375,LTGES0256b,234,260,-64.52,0.0,2457.78,2.6
2024-07-08,16,1637,LTGES1079,1069,1068,5.64,0.0,4468.69,0.1
2024-07-08,16,1714,LTGES1128b,182,186,71.21,0.0,2457.78,2.9
2024-07-08,16,307,LTGES0220b,156,14,1717.3,0.0,8937.38,19.2
2024-07-08,16,1773,LTGES1166b,1104,1102,56.58,0.0,2457.78,2.3
2024-07-08,16,880,LTGES0595b,886,461,-10.97,0.0,2457.78,0.4
2024-07-08,16,565,LTGES0389b,822,8,295.51,0.0,2457.78,12.0
2024-07-08,16,1706,LTGES1123b,350,1090,26.82,0.0,8937.38,0.3
2024-07-08,16,411,LTGES0283,154,779,172.41,0.0,4468.69,3.9
2024-07-08,16,538,LTGES0374b,332,819,174.35,0.0,2457.78,7.1
2024-07-08,16,1392,LTGES0916a,976,723,-29.55,0.0,2457.78,1.2
2024-07-08,16,1826,LTGES1202,1124,1125,21.31,0.0,1228.89,1.7
2024-07-08,16,2295,TR_45015848,297,298,-63.13,0.0,500.0,12.6
2024-07-08,16,1275,LTGES0838b,545,161,94.86,0.0,2457.78,3.9
2024-07-08,16,1457,LTGES0955d,993,568,64.03,0.0,17874.76,0.4
2024-07-08,16,2148,LTGES1428,1161,640,848.91,0.0,1228.89,69.1
2024-07-08,16,2088,LTGES1383,593,1029,13.05,0.0,1228.89,1.1
2024-07-08,16,132,LTGES0093b,40,132,22.73,0.0,2457.78,0.9
2024-07-08,16,1694,LTGES1118a,1088,562,474.81,0.0,2457.78,19.3
2024-07-08,16,470,LTGES0324b,790,791,10.5,0.0,2457.78,0.4
2024-07-08,16,1481,LTGES0972b,45,291,-74.78,0.0,2457.78,3.0
2024-07-08,16,1040,LTGES0687a,918,917,13.56,0.0,2457.78,0.6
2024-07-08,16,1893,LTGES1241b,135,65,-58.31,0.0,2457.78,2.4
2024-07-08,16,800,LTGES0549b,435,443,-51.95,0.0,2457.78,2.1
2024-07-08,16,618,LTGES0430a,361,359,66.49,0.0,8937.38,0.7
2024-07-08,16,1709,LTGES1125,1004,1005,-146.87,0.0,1228.89,12.0
2024-07-08,16,2160,LTGES1439b,1186,1187,-85.37,0.0,2457.78,3.5
2024-07-08,16,733,LTGES0505,419,420,-60.21,0.0,1228.89,4.9
2024-07-08,16,2087,LTGES1382b,614,1149,89.07,0.0,2457.78,3.6
2024-07-08,16,119,LTGES0083b,116,119,24.01,0.0,2457.78,1.0
2024-07-08,16,839,LTGES0569,877,376,742.54,0.0,4468.69,16.6
2024-07-08,16,42,LTGES0027a,50,915,1147.59,0.0,8937.38,12.8
2024-07-08,16,28,LTGES0017,25,26,446.16,0.0,1228.89,36.3
2024-07-08,16,781,LTGES0540a,373,205,-1457.45,0.0,8937.38,16.3
2024-07-08,16,381,LTGES0259b,771,770,-252.88,0.0,8937.38,2.8
2024-07-08,16,439,LTGES0302a,264,261,-1.59,0.0,8937.38,0.0
2024-07-08,16,347,LTGES0239a,262,258,-34.74,0.0,2457.78,1.4
2024-07-08,16,2143,LTGES1424,748,750,66.22,0.0,1228.89,5.4
2024-07-08,16,1670,LTGES1102,289,286,-21.73,0.0,1228.89,1.8
2024-07-08,16,897,LTGES0606a,280,948,-18.61,0.0,2457.78,0.8
2024-07-08,16,290,LTGES0210a,367,752,-399.67,0.0,8937.38,4.5
2024-07-08,16,409,LTGES0281,290,776,161.7,0.0,4468.69,3.6
2024-07-08,16,1730,LTGES1139a,983,557,-4.96,0.0,2457.78,0.2
2024-07-08,16,314,LTGES0223a,244,120,-13.08,0.0,1268.9,1.0
2024-07-08,16,1622,LTGES1069,1060,907,-372.19,0.0,4468.69,8.3
2024-07-08,16,1507,LTGES0991a,1022,588,-30.98,0.0,2457.78,1.3
2024-07-08,16,163,LTGES0120b,156,69,415.35,0.0,8937.38,4.6
2024-07-08,16,1697,LTGES1119b,20,1089,76.88,0.0,2457.78,3.1
2024-07-08,16,481,LTGES0331b,302,784,-26.96,0.0,2457.78,1.1
2024-07-08,16,281,LTGES0205a,747,5,-22.88,0.0,2457.78,0.9
2024-07-08,16,847,LTGES0574,879,216,-9.76,0.0,1228.89,0.8
2024-07-08,16,730,LTGES0502b,382,414,25.6,0.0,2457.78,1.0
2024-07-08,16,2027,LTGES1335b,520,1110,-71.13,0.0,2457.78,2.9
2024-07-08,16,25,LTGES0015b,13,24,222.96,0.0,2457.78,9.1
2024-07-08,16,114,LTGES0080,703,721,-187.18,0.0,4468.69,4.2
2024-07-08,16,2290,TR_531ab7c5,653,654,-304.59,0.0,750.0,40.6
2024-07-08,16,1338,LTGES0882b,222,988,-15.1,0.0,2457.78,0.6
2024-07-08,16,1816,LTGES1193a,467,632,66.3,0.0,2457.78,2.7
2024-07-08,16,1461,LTGES0958a,580,568,-104.62,0.0,8937.38,1.2
2024-07-08,16,681,LTGES0468b,392,838,3.81,0.0,2457.78,0.2
2024-07-08,16,31,LTGES0019b,29,31,749.07,0.0,8937.38,8.4
2024-07-08,16,274,LTGES0200,151,40,-6.64,0.0,1228.89,0.5
2024-07-08,16,865,LTGES0587a,883,772,2313.88,0.0,8937.38,25.9
2024-07-08,16,888,LTGES0601b,464,463,-439.15,0.0,2457.78,17.9
2024-07-08,16,484,LTGES0334,795,1137,11.97,0.0,1228.89,1.0
2024-07-08,16,2314,TR_62f1261f,265,266,-81.9,0.0,750.0,10.9
2024-07-08,16,986,LTGES0657,144,1193,-395.39,0.0,1228.89,32.2
2024-07-08,16,956,LTGES0640b,426,339,-29.66,0.0,2457.78,1.2
2024-07-08,16,1009,LTGES0671b,480,483,1957.24,0.0,8937.38,21.9
2024-07-08,16,412,LTGES0284,292,46,-678.24,0.0,4468.69,15.2
2024-07-08,16,1287,LTGES0848,103,102,76.52,0.0,1228.89,6.2
2024-07-08,16,479,LTGES0330b,766,270,-10.42,0.0,2457.78,0.4
2024-07-08,16,352,LTGES0240d,260,263,20.39,0.0,4915.56,0.4
2024-07-08,16,150,LTGES0112a,143,145,500.19,0.0,8937.38,5.6
2024-07-08,16,1691,LTGES1116b,1087,1088,489.49,0.0,2457.78,19.9
2024-07-08,16,2227,TR_a4e0ba25,42,43,-175.25,0.0,750.0,23.4
2024-07-08,16,1436,LTGES0944a,1082,1010,34.34,0.0,8937.38,0.4
2024-07-08,16,1975,LTGES1299a,657,411,-0.69,0.0,2457.78,0.0
2024-07-08,16,983,LTGES0655,915,33,-659.9,0.0,4468.69,14.8
2024-07-08,16,1455,LTGES0955b,993,568,64.03,0.0,17874.76,0.4
2024-07-08,16,756,LTGES0522b,423,26,-16.64,0.0,2457.78,0.7
2024-07-08,16,330,LTGES0230b,121,254,315.72,0.0,2457.78,12.8
2024-07-08,16,1352,LTGES0891b,972,974,13.71,0.0,2457.78,0.6
2024-07-08,16,2130,LTGES1414,1233,482,-158.48,0.0,1228.89,12.9
2024-07-08,16,1624,LTGES1071a,2,20,-148.12,0.0,2457.78,6.0
2024-07-08,16,1510,LTGES0993,588,44,-306.82,0.0,1228.89,25.0
2024-07-08,16,864,LTGES0586b,883,982,-2352.26,0.0,8937.38,26.3
2024-07-08,16,2183,TR_b8345e3b,326,327,344.0,0.0,750.0,45.9
2024-07-08,16,2125,LTGES1411b,69,403,-1485.39,0.0,8937.38,16.6
2024-07-08,16,1025,LTGES0677b,903,912,137.28,0.0,8937.38,1.5
2024-07-08,16,310,LTGES0221c,245,121,201.53,0.0,3686.67,5.5
2024-07-08,16,677,LTGES0466b,837,391,-277.17,0.0,2457.78,11.3
2024-07-08,16,2307,TR_f4298876,754,755,-51.4,0.0,500.0,10.3
2024-07-08,16,1292,LTGES0851,553,101,184.97,0.0,1228.89,15.1
2024-07-08,16,1324,LTGES0871b,526,727,316.69,0.0,2457.78,12.9
2024-07-08,16,946,LTGES0635a,716,165,224.63,0.0,2457.78,9.1
2024-07-08,16,725,LTGES0500a,848,413,-10.43,0.0,2457.78,0.4
2024-07-08,16,377,LTGES0257b,124,274,3.39,0.0,8937.38,0.0
2024-07-08,16,2159,LTGES1439a,1186,1187,-85.37,0.0,2457.78,3.5
2024-07-08,16,2019,LTGES1331,925,926,-114.53,0.0,1228.89,9.3
2024-07-08,16,1448,LTGES0952a,577,1014,15.32,0.0,2457.78,0.6
2024-07-08,16,907,LTGES0612a,300,298,-88.22,0.0,2457.78,3.6
2024-07-08,16,585,LTGES0406b,271,346,-1052.12,0.0,8937.38,11.8
2024-07-08,16,124,LTGES0087a,124,126,-851.75,0.0,8937.38,9.5
2024-07-08,16,2044,LTGES1348,1074,615,-0.02,0.0,1228.89,0.0
2024-07-08,16,1818,LTGES1194,467,23,-231.5,0.0,1228.89,18.8
2024-07-08,16,1197,LTGES0786,524,953,2.3,0.0,1228.89,0.2
2024-07-08,16,1330,LTGES0876a,42,26,50.96,0.0,2457.78,2.1
2024-07-08,16,1978,LTGES1301,559,1045,6.67,0.0,1228.89,0.5
2024-07-08,16,1572,LTGES1035,1039,56,-8.26,0.0,1228.89,0.7
2024-07-08,16,1042,LTGES0688a,920,487,-306.41,0.0,2457.78,12.5
2024-07-08,16,70,LTGES0047a,697,77,60.82,0.0,845.93,7.2
2024-07-08,16,939,LTGES0630b,898,296,471.95,0.0,2457.78,19.2
2024-07-08,16,2041,LTGES1346a,1195,1196,10.21,0.0,2457.78,0.4
2024-07-08,16,1116,LTGES0737a,936,364,-150.04,0.0,2457.78,6.1
2024-07-08,16,1889,LTGES1238b,511,240,-56.19,0.0,2457.78,2.3
2024-07-08,16,1215,LTGES0799a,183,178,237.3,0.0,8937.38,2.7
2024-07-08,16,903,LTGES0610a,81,298,125.15,0.0,2457.78,5.1
2024-07-08,16,1869,LTGES1227a,646,338,92.39,0.0,2457.78,3.8
2024-07-08,16,2068,LTGES1368,1208,669,17.44,0.0,1228.89,1.4
2024-07-08,16,2282,TR_65a15878,734,735,0.0,0.0,750.0,0.0
2024-07-08,16,1234,LTGES0810b,961,530,233.63,0.0,2457.78,9.5
2024-07-08,16,198,LTGES0143,722,689,-128.36,0.0,1228.89,10.4
2024-07-08,16,338,LTGES0234b,113,255,44.36,0.0,845.93,5.2
2024-07-08,16,1856,LTGES1218,639,1135,-9.99,0.0,1228.89,0.8
2024-07-08,16,1123,LTGES0742a,828,344,-126.56,0.0,2457.78,5.1
2024-07-08,16,1737,LTGES1143b,1094,939,-21.78,0.0,2457.78,0.9
2024-07-08,16,1927,LTGES1262,1150,165,81.64,0.0,1228.89,6.6
2024-07-08,16,1006,LTGES0670a,14,480,2755.67,0.0,8937.38,30.8
2024-07-08,16,348,LTGES0239b,262,258,-34.74,0.0,2457.78,1.4
2024-07-08,16,1335,LTGES0880,988,761,81.96,0.0,1228.89,6.7
2024-07-08,16,1929,LTGES1264a,35,327,580.57,0.0,8937.38,6.5
2024-07-08,16,144,LTGES0108a,135,138,129.9,0.0,2457.78,5.3
2024-07-08,16,649,LTGES0449,374,878,14.86,0.0,4468.69,0.3
2024-07-08,16,1008,LTGES0671a,480,483,1957.24,0.0,8937.38,21.9
2024-07-08,16,271,LTGES0197,958,186,27.89,0.0,1228.89,2.3
2024-07-08,16,2004,LTGES1321b,1181,374,-0.0,0.0,8937.38,0.0
2024-07-08,16,1416,LTGES0931b,88,914,-110.77,0.0,2457.78,4.5
2024-07-08,16,2028,LTGES1336,1194,519,-32.46,0.0,1228.89,2.6
2024-07-08,16,434,LTGES0298b,783,786,104.17,0.0,2457.78,4.2
2024-07-08,16,604,LTGES0420,352,828,-493.71,0.0,1228.89,40.2
2024-07-08,16,1627,LTGES1072b,170,1157,70.85,0.0,2457.78,2.9
2024-07-08,16,1107,LTGES0731a,509,933,48.63,0.0,2457.78,2.0
2024-07-08,16,2118,LTGES1406,1229,1228,207.66,0.0,1228.89,16.9
2024-07-08,16,998,LTGES0664b,480,468,804.73,0.0,8937.38,9.0
2024-07-08,16,563,LTGES0388c,814,337,77.7,0.0,3686.67,2.1
2024-07-08,16,655,LTGES0453,378,379,292.06,0.0,1228.89,23.8
2024-07-08,16,1777,LTGES1170,312,1105,633.41,0.0,1228.89,51.5
2024-07-08,16,1805,LTGES1185a,220,42,-31.39,0.0,2457.78,1.3
2024-07-08,16,732,LTGES0504,417,418,98.23,0.0,1228.89,8.0
2024-07-08,16,336,LTGES0233b,114,256,347.98,0.0,2457.78,14.2
2024-07-08,16,603,LTGES0419,353,352,-481.21,0.0,1228.89,39.2
2024-07-08,16,414,LTGES0285b,294,292,-210.33,0.0,8937.38,2.4
2024-07-08,16,710,LTGES0487,404,846,-331.46,0.0,1228.89,27.0
2024-07-08,16,1138,LTGES0750b,942,515,-115.05,0.0,2457.78,4.7
2024-07-08,16,2053,LTGES1358a,110,173,-1158.95,0.0,8937.38,13.0
2024-07-08,16,1474,LTGES0968a,582,1016,19.1,0.0,2457.78,0.8
2024-07-08,16,1766,LTGES1160b,380,1185,41.96,0.0,2457.78,1.7
2024-07-08,16,dc1,LTGES0254,674,676,701.16,0.0,866.03,81.0
