date,hour,bus_id,vm_pu,va_deg
2024-07-08,9,ES00001,1.0,-1.095
2024-07-08,9,ES00522,1.0,30.553
2024-07-08,9,ES00797,1.0,-18.8
2024-07-08,9,ES01184,1.0,-30.529
2024-07-08,9,ES00783,1.0,-27.799
2024-07-08,9,ES00604,1.0,-1.226
2024-07-08,9,ES00494,1.0,18.096
2024-07-08,9,ES01215,1.0,-30.464
2024-07-08,9,ES00231,1.0,-17.168
2024-07-08,9,ES00335,1.0,40.224
2024-07-08,9,ES00193,1.0,23.291
2024-07-08,9,ES00230,1.0,23.155
2024-07-08,9,ES00994,1.0,-28.461
2024-07-08,9,ES00300,1.0,-31.7
2024-07-08,9,ES00610,1.0,1.138
2024-07-08,9,ES01124,1.0,3.167
2024-07-08,9,ES00024,1.0,2.321
2024-07-08,9,ES00939,1.0,30.288
2024-07-08,9,ES00419,1.0,-32.592
2024-07-08,9,ES00868,1.0,-18.574
2024-07-08,9,ES00023,1.0,2.406
2024-07-08,9,ES00163,1.0,-18.014
2024-07-08,9,ES00207,1.0,-36.159
2024-07-08,9,ES00566,1.0,1.769
2024-07-08,9,ES00900,1.0,-30.216
2024-07-08,9,ES00995,1.0,-25.386
2024-07-08,9,ES00824,1.0,40.293
2024-07-08,9,ES00256,1.0,-24.365
2024-07-08,9,ES00927,1.0,-9.755
2024-07-08,9,ES00039,1.0,-24.068
2024-07-08,9,ES00852,1.0,21.43
2024-07-08,9,ES00112,1.0,-2.801
2024-07-08,9,ES00800,1.0,-22.193
2024-07-08,9,ES00375,1.0,-51.166
2024-07-08,9,ES00034,1.0,39.564
2024-07-08,9,ES00140,1.0,-12.94
2024-07-08,9,ES00595,1.0,-29.439
2024-07-08,9,ES00055,1.0,-13.632
2024-07-08,9,ES00326,1.0,4.583
2024-07-08,9,ES00017,1.0,18.475
2024-07-08,9,ES00246,1.0,3.066
2024-07-08,9,ES00175,1.0,-13.023
2024-07-08,9,ES00336,1.0,39.355
2024-07-08,9,ES00366,1.0,-9.251
2024-07-08,9,ES00555,1.0,-28.037
2024-07-08,9,ES00344,1.0,40.955
2024-07-08,9,ES00671,1.0,32.68
2024-07-08,9,ES00923,1.0,0.378
2024-07-08,9,ES00603,1.0,-2.011
2024-07-08,9,ES00649,1.0,26.695
2024-07-08,9,ES01066,1.0,-1.093
2024-07-08,9,ES00014,1.0,4.067
2024-07-08,9,ES00170,1.0,-30.644
2024-07-08,9,ES01141,1.0,-27.791
2024-07-08,9,ES00618,1.0,30.233
2024-07-08,9,ES00096,1.0,-27.442
2024-07-08,9,ES00459,1.0,-9.146
2024-07-08,9,ES01094,1.0,-45.473
2024-07-08,9,ES00260,1.0,-24.982
2024-07-08,9,ES00513,1.0,-11.207
2024-07-08,9,ES00019,1.0,3.435
2024-07-08,9,ES00680,1.0,28.347
2024-07-08,9,ES00936,1.0,30.646
2024-07-08,9,ES00200,1.0,-4.82
2024-07-08,9,ES00404,1.0,25.814
2024-07-08,9,ES00279,1.0,-27.033
2024-07-08,9,ES00787,1.0,-18.406
2024-07-08,9,ES00021,1.0,4.278
2024-07-08,9,ES00247,1.0,-24.611
2024-07-08,9,ES00083,1.0,-10.606
2024-07-08,9,ES00587,1.0,-30.717
2024-07-08,9,ES01057,1.0,11.178
2024-07-08,9,ES00877,1.0,-53.161
2024-07-08,9,ES00563,1.0,33.952
2024-07-08,9,ES00880,1.0,-46.021
2024-07-08,9,ES00550,1.0,-18.384
2024-07-08,9,ES00003,1.0,-51.563
2024-07-08,9,ES00081,1.0,-29.921
2024-07-08,9,ES01001,1.0,36.434
2024-07-08,9,ES00975,1.0,40.623
2024-07-08,9,ES00760,1.0,-25.085
2024-07-08,9,ES01085,1.0,-26.097
2024-07-08,9,ES01189,1.0,-14.662
2024-07-08,9,ES01033,1.0,-31.812
2024-07-08,9,ES00306,1.0,-29.113
2024-07-08,9,ES01231,1.0,-19.844
2024-07-08,9,ES00711,1.0,-6.799
2024-07-08,9,ES00117,1.0,-24.323
2024-07-08,9,ES01186,1.0,-1.229
2024-07-08,9,ES01064,1.0,-32.131
2024-07-08,9,ES00502,1.0,30.987
2024-07-08,9,ES01165,1.0,2.043
2024-07-08,9,ES00861,1.0,-31.002
2024-07-08,9,ES00185,1.0,34.223
2024-07-08,9,ES00179,1.0,30.994
2024-07-08,9,ES01219,1.0,-30.529
2024-07-08,9,ES00903,1.0,1.648
2024-07-08,9,ES01254,1.0,2.287
2024-07-08,9,ES01101,1.0,-31.445
2024-07-08,9,ES00559,1.0,-24.915
2024-07-08,9,ES00629,1.0,-27.701
2024-07-08,9,ES00252,1.0,-24.083
2024-07-08,9,ES00488,1.0,-1.184
2024-07-08,9,ES00642,1.0,-25.285
2024-07-08,9,ES00349,1.0,6.541
2024-07-08,9,ES01243,1.0,-32.772
2024-07-08,9,ES00547,1.0,-16.363
2024-07-08,9,ES00644,1.0,29.573
2024-07-08,9,ES00977,1.0,43.243
2024-07-08,9,ES00392,1.0,0.458
2024-07-08,9,ES01246,1.0,-33.024
2024-07-08,9,ES01169,1.0,-21.354
2024-07-08,9,ES00222,1.0,-30.781
2024-07-08,9,ES00564,1.0,32.069
2024-07-08,9,ES01152,1.0,28.974
2024-07-08,9,ES00206,1.0,-45.691
2024-07-08,9,ES01233,1.0,3.633
2024-07-08,9,ES00808,1.0,-31.346
2024-07-08,9,ES00160,1.0,20.728
2024-07-08,9,ES01128,1.0,30.546
2024-07-08,9,ES01063,1.0,32.485
2024-07-08,9,ES00802,1.0,-22.879
2024-07-08,9,ES00057,1.0,26.055
2024-07-08,9,ES00168,1.0,20.352
2024-07-08,9,ES00885,1.0,-57.339
2024-07-08,9,ES01091,1.0,-19.005
2024-07-08,9,ES01182,1.0,40.921
2024-07-08,9,ES00984,1.0,-26.002
2024-07-08,9,ES00894,1.0,-27.25
2024-07-08,9,ES00203,1.0,0.279
2024-07-08,9,ES01178,1.0,28.82
2024-07-08,9,ES01103,1.0,2.292
2024-07-08,9,ES00431,1.0,-26.52
2024-07-08,9,ES00647,1.0,28.797
2024-07-08,9,ES01090,1.0,-19.013
2024-07-08,9,ES00781,1.0,-14.296
2024-07-08,9,ES00743,1.0,-32.591
2024-07-08,9,ES00276,1.0,5.469
2024-07-08,9,ES00726,1.0,-19.383
2024-07-08,9,ES00831,1.0,38.89
2024-07-08,9,ES01155,1.0,37.89
2024-07-08,9,ES01025,1.0,-27.466
2024-07-08,9,ES00588,1.0,-31.166
2024-07-08,9,ES00061,1.0,-14.641
2024-07-08,9,ES00250,1.0,-23.003
2024-07-08,9,ES00844,1.0,33.542
2024-07-08,9,ES00460,1.0,-14.297
2024-07-08,9,ES00388,1.0,2.983
2024-07-08,9,ES00616,1.0,2.38
2024-07-08,9,ES01199,1.0,-30.532
2024-07-08,9,ES01006,1.0,2.27
2024-07-08,9,ES00056,1.0,-3.227
2024-07-08,9,ES00533,1.0,-22.174
2024-07-08,9,ES00441,1.0,-35.28
2024-07-08,9,ES00732,1.0,-27.528
2024-07-08,9,ES00267,1.0,-25.093
2024-07-08,9,ES01097,1.0,-31.285
2024-07-08,9,ES01198,1.0,-30.533
2024-07-08,9,ES00106,1.0,-52.281
2024-07-08,9,ES00438,1.0,-52.106
2024-07-08,9,ES00492,1.0,24.371
2024-07-08,9,ES00855,1.0,26.835
2024-07-08,9,ES00581,1.0,-30.567
2024-07-08,9,ES00589,1.0,-31.794
2024-07-08,9,ES00290,1.0,600.471
2024-07-08,9,ES00216,1.0,-53.296
2024-07-08,9,ES00477,1.0,40.02
2024-07-08,9,ES00359,1.0,-5.867
2024-07-08,9,ES00268,1.0,-33.903
2024-07-08,9,ES00218,1.0,-31.561
2024-07-08,9,ES01037,1.0,-29.593
2024-07-08,9,ES00446,1.0,-51.97
2024-07-08,9,ES00427,1.0,-31.359
2024-07-08,9,ES00157,1.0,-18.098
2024-07-08,9,ES01171,1.0,41.134
2024-07-08,9,ES00689,1.0,2.94
2024-07-08,9,ES00049,1.0,-8.008
2024-07-08,9,ES00005,1.0,-51.748
2024-07-08,9,ES01004,1.0,-16.15
2024-07-08,9,ES00199,1.0,-10.344
2024-07-08,9,ES00090,1.0,-24.454
2024-07-08,9,ES00714,1.0,-17.432
2024-07-08,9,ES01008,1.0,-16.479
2024-07-08,9,ES00407,1.0,22.9
2024-07-08,9,ES00751,1.0,34.194
2024-07-08,9,ES01107,1.0,-0.85
2024-07-08,9,ES00204,1.0,-22.218
2024-07-08,9,ES00314,1.0,-18.8
2024-07-08,9,ES00318,1.0,-23.087
2024-07-08,9,ES00451,1.0,-52.521
2024-07-08,9,ES00464,1.0,-27.186
2024-07-08,9,ES00369,1.0,-37.594
2024-07-08,9,ES00766,1.0,-25.282
2024-07-08,9,ES00850,1.0,24.287
2024-07-08,9,ES00663,1.0,-30.527
2024-07-08,9,ES01250,1.0,28.418
2024-07-08,9,ES00071,1.0,-21.695
2024-07-08,9,ES00998,1.0,-50.975
2024-07-08,9,ES01002,1.0,-27.859
2024-07-08,9,ES01011,1.0,-27.571
2024-07-08,9,ES00945,1.0,-5.45
2024-07-08,9,ES00619,1.0,-21.298
2024-07-08,9,ES00740,1.0,-30.777
2024-07-08,9,ES00269,1.0,-32.702
2024-07-08,9,ES00006,1.0,31.952
2024-07-08,9,ES00444,1.0,-35.882
2024-07-08,9,ES00931,1.0,8.355
2024-07-08,9,ES01127,1.0,-19.062
2024-07-08,9,ES00820,1.0,43.374
2024-07-08,9,ES00813,1.0,0.549
2024-07-08,9,ES00125,1.0,-18.12
2024-07-08,9,ES01226,1.0,33.002
2024-07-08,9,ES01187,1.0,-1.145
2024-07-08,9,ES00476,1.0,33.386
2024-07-08,9,ES00098,1.0,-26.85
2024-07-08,9,ES01196,1.0,22.47
2024-07-08,9,ES00907,1.0,7.143
2024-07-08,9,ES01131,1.0,-25.173
2024-07-08,9,ES00177,1.0,-18.194
2024-07-08,9,ES01208,1.0,32.324
2024-07-08,9,ES00612,1.0,29.834
2024-07-08,9,ES00961,1.0,-52.363
2024-07-08,9,ES00340,1.0,38.846
2024-07-08,9,ES00357,1.0,-2.722
2024-07-08,9,ES00097,1.0,-32.23
2024-07-08,9,ES00833,1.0,38.652
2024-07-08,9,ES00238,1.0,-25.196
2024-07-08,9,ES00137,1.0,-23.87
2024-07-08,9,ES00857,1.0,-25.418
2024-07-08,9,ES00151,1.0,23.822
2024-07-08,9,ES00828,1.0,39.874
2024-07-08,9,ES00196,1.0,25.514
2024-07-08,9,ES00521,1.0,-51.868
2024-07-08,9,ES01082,1.0,-32.609
2024-07-08,9,ES00511,1.0,-10.237
2024-07-08,9,ES01218,1.0,8.716
2024-07-08,9,ES01042,1.0,-18.794
2024-07-08,9,ES01126,1.0,-39.814
2024-07-08,9,ES00940,1.0,-5.875
2024-07-08,9,ES00635,1.0,-1.453
2024-07-08,9,ES00780,1.0,-26.342
2024-07-08,9,ES00381,1.0,-43.985
2024-07-08,9,ES00116,1.0,-24.3
2024-07-08,9,ES00379,1.0,-37.414
2024-07-08,9,ES00244,1.0,-10.859
2024-07-08,9,ES00458,1.0,30.576
2024-07-08,9,ES01136,1.0,-21.699
2024-07-08,9,ES00029,1.0,0.0
2024-07-08,9,ES00795,1.0,-22.853
2024-07-08,9,ES00556,1.0,-25.376
2024-07-08,9,ES00958,1.0,-31.591
2024-07-08,9,ES00370,1.0,-40.508
2024-07-08,9,ES01252,1.0,28.794
2024-07-08,9,ES00959,1.0,-30.067
2024-07-08,9,ES00518,1.0,31.241
2024-07-08,9,ES00713,1.0,-17.141
2024-07-08,9,ES00500,1.0,31.008
2024-07-08,9,ES00507,1.0,31.693
2024-07-08,9,ES01206,1.0,-32.64
2024-07-08,9,ES01209,1.0,19.455
2024-07-08,9,ES00925,1.0,-9.934
2024-07-08,9,ES00620,1.0,-19.013
2024-07-08,9,ES00987,1.0,-27.566
2024-07-08,9,ES00377,1.0,-34.974
2024-07-08,9,ES01146,1.0,-5.163
2024-07-08,9,ES00895,1.0,-27.186
2024-07-08,9,ES00367,1.0,-11.618
2024-07-08,9,ES00812,1.0,-2.819
2024-07-08,9,ES00575,1.0,-19.362
2024-07-08,9,ES00044,1.0,-28.544
2024-07-08,9,ES00172,1.0,-53.582
2024-07-08,9,ES00192,1.0,38.295
2024-07-08,9,ES00432,1.0,-20.419
2024-07-08,9,ES00094,1.0,-25.464
2024-07-08,9,ES00291,1.0,601.225
2024-07-08,9,ES00073,1.0,-28.85
2024-07-08,9,ES00082,1.0,-26.205
2024-07-08,9,ES00911,1.0,40.427
2024-07-08,9,ES00079,1.0,-23.175
2024-07-08,9,ES00985,1.0,-27.422
2024-07-08,9,ES01110,1.0,-32.264
2024-07-08,9,ES01083,1.0,-24.084
2024-07-08,9,ES00510,1.0,-3.031
2024-07-08,9,ES00430,1.0,-30.987
2024-07-08,9,ES01203,1.0,-28.678
2024-07-08,9,ES00394,1.0,31.476
2024-07-08,9,ES00539,1.0,41.545
2024-07-08,9,ES00577,1.0,-32.566
2024-07-08,9,ES00008,1.0,38.754
2024-07-08,9,ES00064,1.0,-31.517
2024-07-08,9,ES01031,1.0,-31.026
2024-07-08,9,ES00091,1.0,-22.531
2024-07-08,9,ES01140,1.0,26.292
2024-07-08,9,ES00933,1.0,26.626
2024-07-08,9,ES00735,1.0,32.246
2024-07-08,9,ES00501,1.0,30.699
2024-07-08,9,ES00159,1.0,18.086
2024-07-08,9,ES00223,1.0,-24.174
2024-07-08,9,ES00022,1.0,2.308
2024-07-08,9,ES00887,1.0,-34.982
2024-07-08,9,ES00386,1.0,-31.786
2024-07-08,9,ES00327,1.0,-2.01
2024-07-08,9,ES00870,1.0,20.617
2024-07-08,9,ES00707,1.0,-27.375
2024-07-08,9,ES00493,1.0,30.509
2024-07-08,9,ES00509,1.0,-5.868
2024-07-08,9,ES00884,1.0,-45.821
2024-07-08,9,ES00072,1.0,-22.013
2024-07-08,9,ES00869,1.0,-30.246
2024-07-08,9,ES01106,1.0,2.033
2024-07-08,9,ES00674,1.0,28.201
2024-07-08,9,ES00475,1.0,12.252
2024-07-08,9,ES01051,1.0,12.75
2024-07-08,9,ES00527,1.0,-43.627
2024-07-08,9,ES01249,1.0,37.739
2024-07-08,9,ES00776,1.0,30.23
2024-07-08,9,ES00148,1.0,0.416
2024-07-08,9,ES00036,1.0,27.183
2024-07-08,9,ES01100,1.0,-27.435
2024-07-08,9,ES00356,1.0,-2.062
2024-07-08,9,ES00235,1.0,-25.473
2024-07-08,9,ES00410,1.0,27.785
2024-07-08,9,ES00054,1.0,-12.508
2024-07-08,9,ES00733,1.0,-25.866
2024-07-08,9,ES00101,1.0,-30.372
2024-07-08,9,ES00801,1.0,-22.226
2024-07-08,9,ES00724,1.0,21.68
2024-07-08,9,ES00956,1.0,-22.704
2024-07-08,9,ES01068,1.0,-17.216
2024-07-08,9,ES01133,1.0,-27.11
2024-07-08,9,ES00338,1.0,38.803
2024-07-08,9,ES00636,1.0,-6.139
2024-07-08,9,ES00171,1.0,-22.892
2024-07-08,9,ES00406,1.0,19.024
2024-07-08,9,ES01027,1.0,-30.603
2024-07-08,9,ES00273,1.0,-28.55
2024-07-08,9,ES00479,1.0,33.879
2024-07-08,9,ES01041,1.0,-18.995
2024-07-08,9,ES00965,1.0,-26.442
2024-07-08,9,ES00456,1.0,-42.205
2024-07-08,9,ES00892,1.0,-9.142
2024-07-08,9,ES00088,1.0,-9.82
2024-07-08,9,ES00752,1.0,-45.449
2024-07-08,9,ES00077,1.0,-24.581
2024-07-08,9,ES00601,1.0,-2.2
2024-07-08,9,ES00983,1.0,-27.42
2024-07-08,9,ES00452,1.0,-34.989
2024-07-08,9,ES01102,1.0,-27.395
2024-07-08,9,ES00390,1.0,1.339
2024-07-08,9,ES00625,1.0,-45.45
2024-07-08,9,ES00453,1.0,-58.125
2024-07-08,9,ES00917,1.0,-2.114
2024-07-08,9,ES00591,1.0,-32.636
2024-07-08,9,ES00982,1.0,-16.446
2024-07-08,9,ES00641,1.0,-24.587
2024-07-08,9,ES00043,1.0,-20.256
2024-07-08,9,ES01111,1.0,-26.447
2024-07-08,9,ES01229,1.0,-19.805
2024-07-08,9,ES01018,1.0,-31.463
2024-07-08,9,ES00902,1.0,-31.47
2024-07-08,9,ES00535,1.0,-31.582
2024-07-08,9,ES00607,1.0,3.729
2024-07-08,9,ES00710,1.0,-19.968
2024-07-08,9,ES00599,1.0,-51.77
2024-07-08,9,ES00657,1.0,28.246
2024-07-08,9,ES01060,1.0,26.535
2024-07-08,9,ES00943,1.0,-10.494
2024-07-08,9,ES00973,1.0,-31.51
2024-07-08,9,ES00525,1.0,-50.311
2024-07-08,9,ES00009,1.0,33.662
2024-07-08,9,ES01135,1.0,-26.082
2024-07-08,9,ES00557,1.0,-30.251
2024-07-08,9,ES00195,1.0,29.158
2024-07-08,9,ES00012,1.0,-46.089
2024-07-08,9,ES00360,1.0,-8.291
2024-07-08,9,ES00420,1.0,-32.647
2024-07-08,9,ES00701,1.0,14.01
2024-07-08,9,ES01177,1.0,-30.324
2024-07-08,9,ES00429,1.0,40.292
2024-07-08,9,ES01005,1.0,2.279
2024-07-08,9,ES00544,1.0,-24.05
2024-07-08,9,ES01028,1.0,-30.582
2024-07-08,9,ES00770,1.0,-28.213
2024-07-08,9,ES00615,1.0,-24.53
2024-07-08,9,ES00748,1.0,-24.204
2024-07-08,9,ES00182,1.0,32.245
2024-07-08,9,ES01007,1.0,-26.477
2024-07-08,9,ES00916,1.0,-2.116
2024-07-08,9,ES00791,1.0,-23.057
2024-07-08,9,ES00242,1.0,-8.665
2024-07-08,9,ES00922,1.0,-1.077
2024-07-08,9,ES01220,1.0,32.521
2024-07-08,9,ES00746,1.0,-24.436
2024-07-08,9,ES01046,1.0,-17.19
2024-07-08,9,ES00898,1.0,-28.876
2024-07-08,9,ES00530,1.0,14.143
2024-07-08,9,ES00491,1.0,5.632
2024-07-08,9,ES00461,1.0,-27.489
2024-07-08,9,ES00754,1.0,-15.582
2024-07-08,9,ES00703,1.0,-10.079
2024-07-08,9,ES00675,1.0,-19.83
2024-07-08,9,ES00045,1.0,-30.838
2024-07-08,9,ES00439,1.0,-52.157
2024-07-08,9,ES00532,1.0,33.97
2024-07-08,9,ES00881,1.0,-52.702
2024-07-08,9,ES00443,1.0,-35.031
2024-07-08,9,ES01016,1.0,-25.376
2024-07-08,9,ES00105,1.0,-52.726
2024-07-08,9,ES00552,1.0,-25.158
2024-07-08,9,ES00403,1.0,23.815
2024-07-08,9,ES00702,1.0,-23.175
2024-07-08,9,ES00483,1.0,2.23
2024-07-08,9,ES00737,1.0,-46.295
2024-07-08,9,ES01235,1.0,-52.998
2024-07-08,9,ES00753,1.0,-15.59
2024-07-08,9,ES00299,1.0,2.489
2024-07-08,9,ES00731,1.0,-17.233
2024-07-08,9,ES00395,1.0,30.311
2024-07-08,9,ES01053,1.0,-3.335
2024-07-08,9,ES00784,1.0,601.465
2024-07-08,9,ES01121,1.0,-6.077
2024-07-08,9,ES00631,1.0,-27.668
2024-07-08,9,ES00630,1.0,-27.381
2024-07-08,9,ES00050,1.0,-4.229
2024-07-08,9,ES00531,1.0,36.527
2024-07-08,9,ES00165,1.0,-18.099
2024-07-08,9,ES00063,1.0,-29.812
2024-07-08,9,ES00092,1.0,-14.444
2024-07-08,9,ES00217,1.0,-30.29
2024-07-08,9,ES00578,1.0,-27.085
2024-07-08,9,ES00789,1.0,-18.534
2024-07-08,9,ES00960,1.0,-30.293
2024-07-08,9,ES01086,1.0,28.996
2024-07-08,9,ES01013,1.0,-28.039
2024-07-08,9,ES00678,1.0,37.407
2024-07-08,9,ES00821,1.0,43.232
2024-07-08,9,ES00728,1.0,-12.726
2024-07-08,9,ES00549,1.0,-18.157
2024-07-08,9,ES00278,1.0,-27.797
2024-07-08,9,ES00835,1.0,42.27
2024-07-08,9,ES00951,1.0,-10.553
2024-07-08,9,ES00908,1.0,12.264
2024-07-08,9,ES00519,1.0,18.528
2024-07-08,9,ES00289,1.0,601.522
2024-07-08,9,ES00462,1.0,-27.316
2024-07-08,9,ES00468,1.0,-30.192
2024-07-08,9,ES00658,1.0,-19.273
2024-07-08,9,ES01026,1.0,-27.458
2024-07-08,9,ES01148,1.0,29.746
2024-07-08,9,ES00788,1.0,-18.267
2024-07-08,9,ES00311,1.0,-10.368
2024-07-08,9,ES00110,1.0,-14.096
2024-07-08,9,ES01166,1.0,21.797
2024-07-08,9,ES01108,1.0,2.959
2024-07-08,9,ES00611,1.0,32.558
2024-07-08,9,ES00954,1.0,18.532
2024-07-08,9,ES00234,1.0,-26.121
2024-07-08,9,ES01048,1.0,-25.157
2024-07-08,9,ES01080,1.0,2.292
2024-07-08,9,ES01035,1.0,-32.375
2024-07-08,9,ES00387,1.0,-31.225
2024-07-08,9,ES01161,1.0,-32.167
2024-07-08,9,ES00176,1.0,-12.855
2024-07-08,9,ES00236,1.0,-25.675
2024-07-08,9,ES00807,1.0,-23.254
2024-07-08,9,ES01227,1.0,-27.707
2024-07-08,9,ES00130,1.0,-11.811
2024-07-08,9,ES00584,1.0,-26.519
2024-07-08,9,ES01248,1.0,28.484
2024-07-08,9,ES00910,1.0,39.583
2024-07-08,9,ES01089,1.0,30.235
2024-07-08,9,ES00729,1.0,-12.728
2024-07-08,9,ES00108,1.0,-17.187
2024-07-08,9,ES00100,1.0,-30.432
2024-07-08,9,ES00602,1.0,-1.273
2024-07-08,9,ES01256,1.0,0.709
2024-07-08,9,ES00046,1.0,-26.42
2024-07-08,9,ES00537,1.0,37.775
2024-07-08,9,ES00447,1.0,-48.156
2024-07-08,9,ES00744,1.0,-29.239
2024-07-08,9,ES00154,1.0,-15.582
2024-07-08,9,ES00150,1.0,0.662
2024-07-08,9,ES00745,1.0,-30.987
2024-07-08,9,ES00457,1.0,-43.595
2024-07-08,9,ES00345,1.0,40.353
2024-07-08,9,ES00183,1.0,31.743
2024-07-08,9,ES00136,1.0,-27.503
2024-07-08,9,ES01251,1.0,28.363
2024-07-08,9,ES00048,1.0,-52.004
2024-07-08,9,ES00265,1.0,-25.151
2024-07-08,9,ES00597,1.0,-26.348
2024-07-08,9,ES00411,1.0,44.503
2024-07-08,9,ES00032,1.0,-2.218
2024-07-08,9,ES00408,1.0,27.075
2024-07-08,9,ES01049,1.0,-51.983
2024-07-08,9,ES00337,1.0,33.581
2024-07-08,9,ES00002,1.0,-1.018
2024-07-08,9,ES01201,1.0,-34.974
2024-07-08,9,ES00186,1.0,32.277
2024-07-08,9,ES01142,1.0,33.378
2024-07-08,9,ES00761,1.0,-40.445
2024-07-08,9,ES00051,1.0,-51.647
2024-07-08,9,ES00858,1.0,-31.273
2024-07-08,9,ES00144,1.0,-1.269
2024-07-08,9,ES00343,1.0,42.26
2024-07-08,9,ES00281,1.0,-28.504
2024-07-08,9,ES01079,1.0,3.299
2024-07-08,9,ES00756,1.0,-51.751
2024-07-08,9,ES00221,1.0,-25.896
2024-07-08,9,ES00617,1.0,-1.378
2024-07-08,9,ES00637,1.0,-1.343
2024-07-08,9,ES00886,1.0,-34.981
2024-07-08,9,ES00841,1.0,-10.667
2024-07-08,9,ES00845,1.0,33.502
2024-07-08,9,ES00240,1.0,-32.048
2024-07-08,9,ES00722,1.0,-27.842
2024-07-08,9,ES00422,1.0,-51.706
2024-07-08,9,ES01065,1.0,-29.508
2024-07-08,9,ES00727,1.0,21.071
2024-07-08,9,ES00037,1.0,-21.847
2024-07-08,9,ES00692,1.0,-24.872
2024-07-08,9,ES01258,1.0,-45.763
2024-07-08,9,ES00764,1.0,-22.738
2024-07-08,9,ES00969,1.0,34.151
2024-07-08,9,ES01222,1.0,-32.125
2024-07-08,9,ES01194,1.0,40.208
2024-07-08,9,ES00930,1.0,5.631
2024-07-08,9,ES00605,1.0,-52.186
2024-07-08,9,ES00796,1.0,-21.584
2024-07-08,9,ES01096,1.0,-0.965
2024-07-08,9,ES00679,1.0,28.301
2024-07-08,9,ES00275,1.0,3.534
2024-07-08,9,ES01162,1.0,-0.959
2024-07-08,9,ES01092,1.0,33.378
2024-07-08,9,ES01147,1.0,-16.007
2024-07-08,9,ES00007,1.0,32.781
2024-07-08,9,ES01188,1.0,-14.658
2024-07-08,9,ES00804,1.0,-23.214
2024-07-08,9,ES00197,1.0,24.222
2024-07-08,9,ES00143,1.0,-1.091
2024-07-08,9,ES00863,1.0,-31.57
2024-07-08,9,ES00947,1.0,-11.672
2024-07-08,9,ES00215,1.0,-24.369
2024-07-08,9,ES00919,1.0,3.195
2024-07-08,9,ES00372,1.0,-36.19
2024-07-08,9,ES00214,1.0,-45.838
2024-07-08,9,ES00685,1.0,0.385
2024-07-08,9,ES00118,1.0,-20.962
2024-07-08,9,ES00286,1.0,603.031
2024-07-08,9,ES00516,1.0,-19.985
2024-07-08,9,ES01144,1.0,3.902
2024-07-08,9,ES01036,1.0,-30.512
2024-07-08,9,ES00822,1.0,30.104
2024-07-08,9,ES00428,1.0,-31.505
2024-07-08,9,ES00909,1.0,20.482
2024-07-08,9,ES00551,1.0,-24.564
2024-07-08,9,ES00693,1.0,-20.753
2024-07-08,9,ES00304,1.0,-27.679
2024-07-08,9,ES01173,1.0,38.041
2024-07-08,9,ES00793,1.0,-22.91
2024-07-08,9,ES00018,1.0,2.329
2024-07-08,9,ES00815,1.0,-19.664
2024-07-08,9,ES00805,1.0,-23.25
2024-07-08,9,ES00520,1.0,-51.84
2024-07-08,9,ES00078,1.0,-22.746
2024-07-08,9,ES01197,1.0,22.52
2024-07-08,9,ES00385,1.0,-31.38
2024-07-08,9,ES00074,1.0,-26.35
2024-07-08,9,ES01070,1.0,-1.211
2024-07-08,9,ES00033,1.0,0.07
2024-07-08,9,ES00052,1.0,-51.654
2024-07-08,9,ES01045,1.0,-17.19
2024-07-08,9,ES00121,1.0,-23.017
2024-07-08,9,ES00398,1.0,28.344
2024-07-08,9,ES01084,1.0,-24.063
2024-07-08,9,ES01074,1.0,-19.795
2024-07-08,9,ES00512,1.0,-9.832
2024-07-08,9,ES00929,1.0,7.99
2024-07-08,9,ES00972,1.0,-31.453
2024-07-08,9,ES01175,1.0,38.424
2024-07-08,9,ES00058,1.0,21.036
2024-07-08,9,ES01123,1.0,-21.13
2024-07-08,9,ES00169,1.0,21.185
2024-07-08,9,ES00646,1.0,37.652
2024-07-08,9,ES00283,1.0,-30.195
2024-07-08,9,ES00316,1.0,-31.217
2024-07-08,9,ES00651,1.0,28.849
2024-07-08,9,ES00768,1.0,-34.745
2024-07-08,9,ES00948,1.0,-19.515
2024-07-08,9,ES00920,1.0,-1.118
2024-07-08,9,ES01071,1.0,21.938
2024-07-08,9,ES01225,1.0,33.762
2024-07-08,9,ES00099,1.0,22.411
2024-07-08,9,ES00440,1.0,-36.311
2024-07-08,9,ES00288,1.0,600.953
2024-07-08,9,ES00436,1.0,-44.898
2024-07-08,9,ES00966,1.0,-19.01
2024-07-08,9,ES00409,1.0,20.032
2024-07-08,9,ES00653,1.0,-34.443
2024-07-08,9,ES00932,1.0,9.971
2024-07-08,9,ES01118,1.0,3.788
2024-07-08,9,ES00084,1.0,-8.916
2024-07-08,9,ES00328,1.0,49.399
2024-07-08,9,ES00104,1.0,-25.802
2024-07-08,9,ES00413,1.0,-32.485
2024-07-08,9,ES00188,1.0,32.295
2024-07-08,9,ES00270,1.0,-34.577
2024-07-08,9,ES01156,1.0,-30.048
2024-07-08,9,ES00632,1.0,-1.096
2024-07-08,9,ES00352,1.0,5.259
2024-07-08,9,ES00194,1.0,20.664
2024-07-08,9,ES00816,1.0,49.443
2024-07-08,9,ES01195,1.0,40.154
2024-07-08,9,ES01122,1.0,-1.33
2024-07-08,9,ES00307,1.0,-25.678
2024-07-08,9,ES01245,1.0,-15.687
2024-07-08,9,ES00585,1.0,-26.496
2024-07-08,9,ES00423,1.0,-51.572
2024-07-08,9,ES00736,1.0,34.722
2024-07-08,9,ES00865,1.0,-27.606
2024-07-08,9,ES00818,1.0,31.301
2024-07-08,9,ES00847,1.0,30.31
2024-07-08,9,ES01113,1.0,-52.272
2024-07-08,9,ES00988,1.0,-25.841
2024-07-08,9,ES01112,1.0,-10.329
2024-07-08,9,ES00016,1.0,4.393
2024-07-08,9,ES01191,1.0,-28.954
2024-07-08,9,ES00040,1.0,-15.519
2024-07-08,9,ES01081,1.0,-32.601
2024-07-08,9,ES00819,1.0,29.76
2024-07-08,9,ES00128,1.0,-1.538
2024-07-08,9,ES01145,1.0,3.854
2024-07-08,9,ES01214,1.0,30.429
2024-07-08,9,ES00576,1.0,-22.037
2024-07-08,9,ES00141,1.0,-27.62
2024-07-08,9,ES01034,1.0,-32.405
2024-07-08,9,ES00677,1.0,-19.844
2024-07-08,9,ES00926,1.0,-6.433
2024-07-08,9,ES01132,1.0,-26.136
2024-07-08,9,ES00374,1.0,-36.197
2024-07-08,9,ES00041,1.0,-14.469
2024-07-08,9,ES01259,1.0,29.607
2024-07-08,9,ES00478,1.0,39.766
2024-07-08,9,ES00065,1.0,-27.43
2024-07-08,9,ES00712,1.0,20.921
2024-07-08,9,ES00450,1.0,-45.956
2024-07-08,9,ES00365,1.0,1.354
2024-07-08,9,ES00598,1.0,-51.752
2024-07-08,9,ES00624,1.0,-42.428
2024-07-08,9,ES00508,1.0,-10.246
2024-07-08,9,ES00596,1.0,-51.882
2024-07-08,9,ES00548,1.0,-17.628
2024-07-08,9,ES01077,1.0,-1.194
2024-07-08,9,ES00329,1.0,37.016
2024-07-08,9,ES00470,1.0,1.875
2024-07-08,9,ES00723,1.0,-18.081
2024-07-08,9,ES00292,1.0,601.483
2024-07-08,9,ES00253,1.0,-22.939
2024-07-08,9,ES00937,1.0,30.869
2024-07-08,9,ES00362,1.0,1.116
2024-07-08,9,ES01179,1.0,-30.378
2024-07-08,9,ES00059,1.0,-16.108
2024-07-08,9,ES00187,1.0,34.184
2024-07-08,9,ES01062,1.0,33.0
2024-07-08,9,ES00418,1.0,-32.6
2024-07-08,9,ES01154,1.0,37.798
2024-07-08,9,ES01093,1.0,23.105
2024-07-08,9,ES00296,1.0,-30.386
2024-07-08,9,ES00424,1.0,46.842
2024-07-08,9,ES00517,1.0,-21.126
2024-07-08,9,ES00353,1.0,2.962
2024-07-08,9,ES00683,1.0,603.152
2024-07-08,9,ES00690,1.0,4.027
2024-07-08,9,ES00255,1.0,-22.884
2024-07-08,9,ES00890,1.0,-45.846
2024-07-08,9,ES00666,1.0,-30.377
2024-07-08,9,ES00465,1.0,-27.803
2024-07-08,9,ES00786,1.0,-17.155
2024-07-08,9,ES00946,1.0,-11.706
2024-07-08,9,ES00127,1.0,-0.996
2024-07-08,9,ES01021,1.0,-25.954
2024-07-08,9,ES00955,1.0,23.645
2024-07-08,9,ES00893,1.0,-27.034
2024-07-08,9,ES00832,1.0,38.91
2024-07-08,9,ES00639,1.0,-0.993
2024-07-08,9,ES00180,1.0,33.768
2024-07-08,9,ES00257,1.0,-23.163
2024-07-08,9,ES00896,1.0,-27.839
2024-07-08,9,ES00799,1.0,-22.189
2024-07-08,9,ES00700,1.0,-12.421
2024-07-08,9,ES00245,1.0,-0.384
2024-07-08,9,ES00755,1.0,-51.35
2024-07-08,9,ES01010,1.0,-24.292
2024-07-08,9,ES00399,1.0,28.627
2024-07-08,9,ES00843,1.0,-43.987
2024-07-08,9,ES00263,1.0,-25.642
2024-07-08,9,ES00687,1.0,3.844
2024-07-08,9,ES00498,1.0,29.054
2024-07-08,9,ES00749,1.0,-21.329
2024-07-08,9,ES00035,1.0,33.05
2024-07-08,9,ES01019,1.0,-31.275
2024-07-08,9,ES00131,1.0,-3.083
2024-07-08,9,ES01232,1.0,-27.705
2024-07-08,9,ES00368,1.0,-10.196
2024-07-08,9,ES00698,1.0,-23.26
2024-07-08,9,ES00497,1.0,15.868
2024-07-08,9,ES00561,1.0,-50.972
2024-07-08,9,ES00905,1.0,1.309
2024-07-08,9,ES00777,1.0,-18.846
2024-07-08,9,ES01168,1.0,-45.969
2024-07-08,9,ES00142,1.0,-27.842
2024-07-08,9,ES00836,1.0,6.544
2024-07-08,9,ES00416,1.0,-25.414
2024-07-08,9,ES00485,1.0,0.979
2024-07-08,9,ES00554,1.0,-24.047
2024-07-08,9,ES00027,1.0,-25.935
2024-07-08,9,ES00891,1.0,-46.538
2024-07-08,9,ES00506,1.0,29.35
2024-07-08,9,ES00986,1.0,-26.009
2024-07-08,9,ES00878,1.0,-45.974
2024-07-08,9,ES01047,1.0,-28.905
2024-07-08,9,ES00425,1.0,-27.515
2024-07-08,9,ES00716,1.0,18.062
2024-07-08,9,ES00814,1.0,3.066
2024-07-08,9,ES00654,1.0,-1.019
2024-07-08,9,ES00120,1.0,-24.545
2024-07-08,9,ES00087,1.0,-10.055
2024-07-08,9,ES00258,1.0,-24.696
2024-07-08,9,ES00181,1.0,31.963
2024-07-08,9,ES00089,1.0,-6.492
2024-07-08,9,ES00499,1.0,26.531
2024-07-08,9,ES00198,1.0,-32.595
2024-07-08,9,ES01130,1.0,-27.381
2024-07-08,9,ES01120,1.0,-1.347
2024-07-08,9,ES00934,1.0,26.633
2024-07-08,9,ES01095,1.0,39.921
2024-07-08,9,ES00445,1.0,-36.381
2024-07-08,9,ES00935,1.0,30.259
2024-07-08,9,ES00567,1.0,1.786
2024-07-08,9,ES01244,1.0,-27.859
2024-07-08,9,ES00205,1.0,-52.292
2024-07-08,9,ES00660,1.0,3.252
2024-07-08,9,ES01216,1.0,-30.464
2024-07-08,9,ES00149,1.0,-0.965
2024-07-08,9,ES00964,1.0,-43.632
2024-07-08,9,ES01058,1.0,37.707
2024-07-08,9,ES00259,1.0,-24.413
2024-07-08,9,ES00294,1.0,-30.427
2024-07-08,9,ES00080,1.0,-34.98
2024-07-08,9,ES00363,1.0,-8.291
2024-07-08,9,ES01200,1.0,-9.855
2024-07-08,9,ES00421,1.0,-32.82
2024-07-08,9,ES00434,1.0,-30.054
2024-07-08,9,ES00523,1.0,30.543
2024-07-08,9,ES01180,1.0,40.876
2024-07-08,9,ES00980,1.0,-31.255
2024-07-08,9,ES01167,1.0,2.453
2024-07-08,9,ES00330,1.0,31.358
2024-07-08,9,ES00287,1.0,602.011
2024-07-08,9,ES00827,1.0,40.478
2024-07-08,9,ES01163,1.0,31.301
2024-07-08,9,ES01255,1.0,-19.019
2024-07-08,9,ES00580,1.0,-30.478
2024-07-08,9,ES00953,1.0,31.09
2024-07-08,9,ES00682,1.0,-1.55
2024-07-08,9,ES00915,1.0,-0.201
2024-07-08,9,ES00015,1.0,3.66
2024-07-08,9,ES01204,1.0,-33.187
2024-07-08,9,ES00503,1.0,30.994
2024-07-08,9,ES00794,1.0,-27.272
2024-07-08,9,ES01015,1.0,-22.037
2024-07-08,9,ES00254,1.0,-24.033
2024-07-08,9,ES00173,1.0,-30.296
2024-07-08,9,ES00251,1.0,-17.226
2024-07-08,9,ES00662,1.0,8.722
2024-07-08,9,ES00899,1.0,-28.942
2024-07-08,9,ES00068,1.0,8.724
2024-07-08,9,ES00534,1.0,-29.634
2024-07-08,9,ES00859,1.0,-25.929
2024-07-08,9,ES00076,1.0,2.673
2024-07-08,9,ES00189,1.0,34.135
2024-07-08,9,ES01192,1.0,-30.397
2024-07-08,9,ES00396,1.0,30.391
2024-07-08,9,ES00103,1.0,-27.624
2024-07-08,9,ES00358,1.0,-4.084
2024-07-08,9,ES00996,1.0,-4.057
2024-07-08,9,ES00725,1.0,20.43
2024-07-08,9,ES00879,1.0,-46.021
2024-07-08,9,ES00158,1.0,20.731
2024-07-08,9,ES00053,1.0,-45.793
2024-07-08,9,ES00656,1.0,-53.211
2024-07-08,9,ES00974,1.0,-30.74
2024-07-08,9,ES01183,1.0,40.551
2024-07-08,9,ES00571,1.0,-28.632
2024-07-08,9,ES00111,1.0,-14.176
2024-07-08,9,ES00730,1.0,-19.179
2024-07-08,9,ES00093,1.0,-25.342
2024-07-08,9,ES00010,1.0,20.617
2024-07-08,9,ES00308,1.0,-25.503
2024-07-08,9,ES00779,1.0,-26.315
2024-07-08,9,ES01150,1.0,28.403
2024-07-08,9,ES00708,1.0,-10.661
2024-07-08,9,ES00324,1.0,-5.164
2024-07-08,9,ES01205,1.0,-38.145
2024-07-08,9,ES00062,1.0,-19.149
2024-07-08,9,ES00672,1.0,-27.433
2024-07-08,9,ES00449,1.0,-53.319
2024-07-08,9,ES00866,1.0,-31.364
2024-07-08,9,ES00393,1.0,0.926
2024-07-08,9,ES01164,1.0,5.667
2024-07-08,9,ES00638,1.0,1.687
2024-07-08,9,ES00842,1.0,-36.224
2024-07-08,9,ES00086,1.0,-11.438
2024-07-08,9,ES00526,1.0,-56.227
2024-07-08,9,ES00155,1.0,-16.112
2024-07-08,9,ES00921,1.0,0.374
2024-07-08,9,ES00472,1.0,10.583
2024-07-08,9,ES00248,1.0,-22.809
2024-07-08,9,ES00524,1.0,-52.371
2024-07-08,9,ES00402,1.0,27.679
2024-07-08,9,ES00490,1.0,8.736
2024-07-08,9,ES00271,1.0,-1.579
2024-07-08,9,ES00664,1.0,-9.83
2024-07-08,9,ES00709,1.0,-52.748
2024-07-08,9,ES00981,1.0,-14.206
2024-07-08,9,ES00582,1.0,-30.581
2024-07-08,9,ES00785,1.0,-18.765
2024-07-08,9,ES00838,1.0,-2.063
2024-07-08,9,ES01109,1.0,-12.301
2024-07-08,9,ES01061,1.0,32.68
2024-07-08,9,ES00382,1.0,-48.123
2024-07-08,9,ES00190,1.0,32.288
2024-07-08,9,ES01024,1.0,-27.439
2024-07-08,9,ES00264,1.0,-25.093
2024-07-08,9,ES00949,1.0,-19.71
2024-07-08,9,ES01239,1.0,-29.815
2024-07-08,9,ES00489,1.0,0.37
2024-07-08,9,ES00107,1.0,-16.652
2024-07-08,9,ES00102,1.0,-28.153
2024-07-08,9,ES00069,1.0,17.49
2024-07-08,9,ES00285,1.0,602.849
2024-07-08,9,ES00883,1.0,-52.507
2024-07-08,9,ES00640,1.0,-27.525
2024-07-08,9,ES01055,1.0,-25.789
2024-07-08,9,ES01176,1.0,-27.86
2024-07-08,9,ES00750,1.0,-20.201
2024-07-08,9,ES00013,1.0,2.988
2024-07-08,9,ES00904,1.0,1.635
2024-07-08,9,ES01067,1.0,0.666
2024-07-08,9,ES01059,1.0,32.049
2024-07-08,9,ES01185,1.0,-25.61
2024-07-08,9,ES00854,1.0,27.209
2024-07-08,9,ES00038,1.0,-28.207
2024-07-08,9,ES00968,1.0,31.661
2024-07-08,9,ES00191,1.0,38.692
2024-07-08,9,ES00202,1.0,-1.083
2024-07-08,9,ES00704,1.0,-24.466
2024-07-08,9,ES00772,1.0,-26.254
2024-07-08,9,ES00066,1.0,-23.831
2024-07-08,9,ES00471,1.0,2.135
2024-07-08,9,ES00553,1.0,-24.937
2024-07-08,9,ES00480,1.0,-0.619
2024-07-08,9,ES00391,1.0,6.523
2024-07-08,9,ES00738,1.0,-1.359
2024-07-08,9,ES00771,1.0,-27.754
2024-07-08,9,ES00405,1.0,32.647
2024-07-08,9,ES00239,1.0,-25.548
2024-07-08,9,ES00773,1.0,-27.741
2024-07-08,9,ES00569,1.0,1.752
2024-07-08,9,ES00705,1.0,-22.574
2024-07-08,9,ES00823,1.0,38.876
2024-07-08,9,ES00583,1.0,-30.936
2024-07-08,9,ES00454,1.0,-47.211
2024-07-08,9,ES00875,1.0,-48.157
2024-07-08,9,ES00115,1.0,-20.903
2024-07-08,9,ES00354,1.0,9.971
2024-07-08,9,ES00971,1.0,-27.512
2024-07-08,9,ES00342,1.0,40.335
2024-07-08,9,ES01115,1.0,36.178
2024-07-08,9,ES00681,1.0,-24.49
2024-07-08,9,ES00614,1.0,-19.757
2024-07-08,9,ES01088,1.0,-1.377
2024-07-08,9,ES01029,1.0,-31.089
2024-07-08,9,ES00373,1.0,-36.291
2024-07-08,9,ES00209,1.0,-52.701
2024-07-08,9,ES00600,1.0,-44.966
2024-07-08,9,ES00282,1.0,-31.457
2024-07-08,9,ES01247,1.0,28.197
2024-07-08,9,ES00810,1.0,-1.178
2024-07-08,9,ES01153,1.0,47.245
2024-07-08,9,ES00586,1.0,-31.006
2024-07-08,9,ES00763,1.0,-24.012
2024-07-08,9,ES00262,1.0,-25.463
2024-07-08,9,ES00129,1.0,-12.474
2024-07-08,9,ES00691,1.0,-19.273
2024-07-08,9,ES00433,1.0,-30.272
2024-07-08,9,ES00862,1.0,-31.906
2024-07-08,9,ES00210,1.0,-50.52
2024-07-08,9,ES01151,1.0,29.572
2024-07-08,9,ES00047,1.0,-51.793
2024-07-08,9,ES00928,1.0,7.982
2024-07-08,9,ES00219,1.0,-57.946
2024-07-08,9,ES01073,1.0,28.346
2024-07-08,9,ES00514,1.0,-19.629
2024-07-08,9,ES00241,1.0,-9.251
2024-07-08,9,ES00212,1.0,-51.257
2024-07-08,9,ES00970,1.0,-27.493
2024-07-08,9,ES00952,1.0,-19.985
2024-07-08,9,ES00991,1.0,-25.15
2024-07-08,9,ES01149,1.0,29.732
2024-07-08,9,ES00225,1.0,-27.859
2024-07-08,9,ES00346,1.0,37.301
2024-07-08,9,ES01221,1.0,32.521
2024-07-08,9,ES00613,1.0,28.828
2024-07-08,9,ES00161,1.0,-19.054
2024-07-08,9,ES00060,1.0,-14.23
2024-07-08,9,ES00775,1.0,-28.548
2024-07-08,9,ES00232,1.0,-26.92
2024-07-08,9,ES00667,1.0,-30.532
2024-07-08,9,ES00592,1.0,-30.685
2024-07-08,9,ES00011,1.0,-51.592
2024-07-08,9,ES00545,1.0,-20.749
2024-07-08,9,ES00989,1.0,-17.628
2024-07-08,9,ES00486,1.0,1.627
2024-07-08,9,ES00280,1.0,-16.075
2024-07-08,9,ES00401,1.0,30.424
2024-07-08,9,ES00334,1.0,42.936
2024-07-08,9,ES00633,1.0,34.193
2024-07-08,9,ES00860,1.0,-27.059
2024-07-08,9,ES00778,1.0,-28.205
2024-07-08,9,ES01017,1.0,-12.517
2024-07-08,9,ES00095,1.0,-29.251
2024-07-08,9,ES01172,1.0,-27.63
2024-07-08,9,ES00297,1.0,-27.47
2024-07-08,9,ES01234,1.0,-1.285
2024-07-08,9,ES00976,1.0,41.55
2024-07-08,9,ES00156,1.0,-19.042
2024-07-08,9,ES00467,1.0,-29.498
2024-07-08,9,ES00562,1.0,-50.306
2024-07-08,9,ES00978,1.0,38.37
2024-07-08,9,ES00302,1.0,-31.912
2024-07-08,9,ES00162,1.0,-18.993
2024-07-08,9,ES00853,1.0,21.411
2024-07-08,9,ES01119,1.0,-31.365
2024-07-08,9,ES00541,1.0,-31.36
2024-07-08,9,ES01170,1.0,21.154
2024-07-08,9,ES00851,1.0,21.472
2024-07-08,9,ES00942,1.0,-14.377
2024-07-08,9,ES00226,1.0,-25.668
2024-07-08,9,ES01240,1.0,2.251
2024-07-08,9,ES00826,1.0,40.286
2024-07-08,9,ES00536,1.0,-32.246
2024-07-08,9,ES01105,1.0,2.162
2024-07-08,9,ES00026,1.0,-24.515
2024-07-08,9,ES00963,1.0,-17.936
2024-07-08,9,ES01003,1.0,-18.038
2024-07-08,9,ES01159,1.0,-30.008
2024-07-08,9,ES00233,1.0,-51.87
2024-07-08,9,ES01211,1.0,37.67
2024-07-08,9,ES00397,1.0,29.837
2024-07-08,9,ES00261,1.0,-25.018
2024-07-08,9,ES00331,1.0,32.894
2024-07-08,9,ES01043,1.0,-51.753
2024-07-08,9,ES00673,1.0,19.052
2024-07-08,9,ES00152,1.0,-27.549
2024-07-08,9,ES00782,1.0,-28.509
2024-07-08,9,ES00122,1.0,-17.454
2024-07-08,9,ES00305,1.0,-22.928
2024-07-08,9,ES00178,1.0,30.396
2024-07-08,9,ES00146,1.0,0.479
2024-07-08,9,ES01104,1.0,-1.37
2024-07-08,9,ES00504,1.0,30.259
2024-07-08,9,ES00834,1.0,41.041
2024-07-08,9,ES01210,1.0,32.23
2024-07-08,9,ES00321,1.0,-32.366
2024-07-08,9,ES00295,1.0,-27.452
2024-07-08,9,ES00020,1.0,-0.823
2024-07-08,9,ES01213,1.0,0.304
2024-07-08,9,ES00715,1.0,-15.614
2024-07-08,9,ES00538,1.0,41.334
2024-07-08,9,ES00846,1.0,30.569
2024-07-08,9,ES00758,1.0,-25.402
2024-07-08,9,ES01116,1.0,-25.263
2024-07-08,9,ES00628,1.0,-31.44
2024-07-08,9,ES00123,1.0,-22.844
2024-07-08,9,ES00621,1.0,-19.015
2024-07-08,9,ES00303,1.0,-29.833
2024-07-08,9,ES01014,1.0,-20.21
2024-07-08,9,ES01038,1.0,-29.659
2024-07-08,9,ES01032,1.0,-31.148
2024-07-08,9,ES01237,1.0,-30.538
2024-07-08,9,ES00606,1.0,-51.789
2024-07-08,9,ES01238,1.0,-29.819
2024-07-08,9,ES01190,1.0,-9.831
2024-07-08,9,ES00426,1.0,-24.529
2024-07-08,9,ES00320,1.0,-32.346
2024-07-08,9,ES00872,1.0,-51.398
2024-07-08,9,ES00319,1.0,-32.986
2024-07-08,9,ES00622,1.0,-19.005
2024-07-08,9,ES00466,1.0,-28.91
2024-07-08,9,ES00266,1.0,-25.645
2024-07-08,9,ES00298,1.0,3.505
2024-07-08,9,ES01052,1.0,12.778
2024-07-08,9,ES00184,1.0,32.245
2024-07-08,9,ES00811,1.0,-1.387
2024-07-08,9,ES00371,1.0,-36.283
2024-07-08,9,ES01030,1.0,-30.726
2024-07-08,9,ES00924,1.0,2.484
2024-07-08,9,ES00389,1.0,3.091
2024-07-08,9,ES00085,1.0,-24.734
2024-07-08,9,ES00573,1.0,-26.486
2024-07-08,9,ES00030,1.0,-2.166
2024-07-08,9,ES00312,1.0,-1.076
2024-07-08,9,ES00574,1.0,-24.291
2024-07-08,9,ES01075,1.0,2.719
2024-07-08,9,ES00648,1.0,-3.253
2024-07-08,9,ES00837,1.0,2.306
2024-07-08,9,ES00594,1.0,-29.12
2024-07-08,9,ES01157,1.0,-23.222
2024-07-08,9,ES00941,1.0,-10.952
2024-07-08,9,ES00075,1.0,-4.282
2024-07-08,9,ES01228,1.0,-18.634
2024-07-08,9,ES00676,1.0,-19.806
2024-07-08,9,ES00463,1.0,-27.377
2024-07-08,9,ES00542,1.0,-31.255
2024-07-08,9,ES00867,1.0,-16.439
2024-07-08,9,ES00211,1.0,-45.104
2024-07-08,9,ES00849,1.0,30.402
2024-07-08,9,ES00864,1.0,-31.674
2024-07-08,9,ES00695,1.0,-14.536
2024-07-08,9,ES00227,1.0,-26.565
2024-07-08,9,ES00719,1.0,-32.248
2024-07-08,9,ES00806,1.0,-23.248
2024-07-08,9,ES00876,1.0,-48.15
2024-07-08,9,ES00747,1.0,-26.565
2024-07-08,9,ES00888,1.0,-58.09
2024-07-08,9,ES01117,1.0,10.575
2024-07-08,9,ES00706,1.0,-24.575
2024-07-08,9,ES00694,1.0,-9.156
2024-07-08,9,ES00839,1.0,-2.72
2024-07-08,9,ES00228,1.0,-51.681
2024-07-08,9,ES01050,1.0,-36.197
2024-07-08,9,ES01212,1.0,36.333
2024-07-08,9,ES00164,1.0,-18.864
2024-07-08,9,ES00699,1.0,-28.695
2024-07-08,9,ES00720,1.0,-32.331
2024-07-08,9,ES00145,1.0,-0.957
2024-07-08,9,ES00643,1.0,28.416
2024-07-08,9,ES01009,1.0,-16.116
2024-07-08,9,ES00979,1.0,37.697
2024-07-08,9,ES00435,1.0,-51.355
2024-07-08,9,ES00113,1.0,-24.64
2024-07-08,9,ES00495,1.0,28.986
2024-07-08,9,ES00448,1.0,-53.449
2024-07-08,9,ES00325,1.0,0.549
2024-07-08,9,ES00272,1.0,-26.348
2024-07-08,9,ES00593,1.0,-30.51
2024-07-08,9,ES00560,1.0,-4.058
2024-07-08,9,ES00901,1.0,-30.228
2024-07-08,9,ES01129,1.0,-27.368
2024-07-08,9,ES00803,1.0,-23.217
2024-07-08,9,ES00669,1.0,25.204
2024-07-08,9,ES00882,1.0,-52.284
2024-07-08,9,ES00634,1.0,-6.053
2024-07-08,9,ES00174,1.0,-28.59
2024-07-08,9,ES01174,1.0,-4.167
2024-07-08,9,ES00659,1.0,-2.835
2024-07-08,9,ES00348,1.0,5.008
2024-07-08,9,ES00652,1.0,40.438
2024-07-08,9,ES00322,1.0,-32.92
2024-07-08,9,ES00505,1.0,29.137
2024-07-08,9,ES00767,1.0,-25.489
2024-07-08,9,ES00481,1.0,-3.222
2024-07-08,9,ES00315,1.0,-19.053
2024-07-08,9,ES00757,1.0,-25.73
2024-07-08,9,ES00572,1.0,-26.421
2024-07-08,9,ES01069,1.0,-15.122
2024-07-08,9,ES00840,1.0,-19.594
2024-07-08,9,ES00067,1.0,4.819
2024-07-08,9,ES00626,1.0,-52.472
2024-07-08,9,ES00347,1.0,2.435
2024-07-08,9,ES00540,1.0,39.608
2024-07-08,9,ES00455,1.0,-46.578
2024-07-08,9,ES00645,1.0,37.885
2024-07-08,9,ES00109,1.0,-13.684
2024-07-08,9,ES00323,1.0,-31.091
2024-07-08,9,ES01137,1.0,-18.628
2024-07-08,9,ES00220,1.0,-30.699
2024-07-08,9,ES01207,1.0,-32.589
2024-07-08,9,ES01078,1.0,24.368
2024-07-08,9,ES00830,1.0,38.765
2024-07-08,9,ES00944,1.0,-9.834
2024-07-08,9,ES00769,1.0,-1.172
2024-07-08,9,ES00798,1.0,-21.987
2024-07-08,9,ES00829,1.0,38.852
2024-07-08,9,ES00774,1.0,-26.253
2024-07-08,9,ES01230,1.0,-19.844
2024-07-08,9,ES00668,1.0,-3.036
2024-07-08,9,ES00665,1.0,-28.946
2024-07-08,9,ES00361,1.0,6.749
2024-07-08,9,ES01076,1.0,2.675
2024-07-08,9,ES00792,1.0,-22.815
2024-07-08,9,ES00546,1.0,-17.951
2024-07-08,9,ES00871,1.0,-30.101
2024-07-08,9,ES00237,1.0,-25.667
2024-07-08,9,ES00208,1.0,-40.023
2024-07-08,9,ES00825,1.0,40.496
2024-07-08,9,ES00938,1.0,31.823
2024-07-08,9,ES00301,1.0,-29.944
2024-07-08,9,ES00167,1.0,21.706
2024-07-08,9,ES00383,1.0,-38.133
2024-07-08,9,ES01223,1.0,20.104
2024-07-08,9,ES00126,1.0,-16.713
2024-07-08,9,ES00229,1.0,-46.002
2024-07-08,9,ES01253,1.0,46.879
2024-07-08,9,ES00558,1.0,-28.402
2024-07-08,9,ES00999,1.0,-43.595
2024-07-08,9,ES00962,1.0,-50.328
2024-07-08,9,ES01044,1.0,-44.96
2024-07-08,9,ES00650,1.0,36.355
2024-07-08,9,ES00696,1.0,-14.329
2024-07-08,9,ES01193,1.0,18.073
2024-07-08,9,ES01181,1.0,38.422
2024-07-08,9,ES01202,1.0,11.169
2024-07-08,9,ES01114,1.0,-51.885
2024-07-08,9,ES00515,1.0,-10.304
2024-07-08,9,ES00496,1.0,17.56
2024-07-08,9,ES00474,1.0,2.484
2024-07-08,9,ES00364,1.0,1.17
2024-07-08,9,ES01160,1.0,-27.899
2024-07-08,9,ES00400,1.0,28.812
2024-07-08,9,ES00817,1.0,22.411
2024-07-08,9,ES01040,1.0,-29.62
2024-07-08,9,ES00004,1.0,-45.747
2024-07-08,9,ES00224,1.0,-21.485
2024-07-08,9,ES00759,1.0,-26.147
2024-07-08,9,ES00213,1.0,-50.272
2024-07-08,9,ES00697,1.0,-29.201
2024-07-08,9,ES00135,1.0,-22.046
2024-07-08,9,ES00332,1.0,37.318
2024-07-08,9,ES00243,1.0,-19.446
2024-07-08,9,ES00134,1.0,-27.498
2024-07-08,9,ES00376,1.0,-42.854
2024-07-08,9,ES00579,1.0,-27.486
2024-07-08,9,ES00249,1.0,-24.158
2024-07-08,9,ES00469,1.0,-32.429
2024-07-08,9,ES00762,1.0,-9.118
2024-07-08,9,ES00565,1.0,-20.209
2024-07-08,9,ES00686,1.0,-0.962
2024-07-08,9,ES00378,1.0,-36.101
2024-07-08,9,ES00310,1.0,-17.176
2024-07-08,9,ES00889,1.0,-50.272
2024-07-08,9,ES00570,1.0,-30.243
2024-07-08,9,ES00543,1.0,-16.46
2024-07-08,9,ES00414,1.0,-30.526
2024-07-08,9,ES00132,1.0,-15.613
2024-07-08,9,ES00473,1.0,-0.936
2024-07-08,9,ES01054,1.0,-23.77
2024-07-08,9,ES00809,1.0,-32.351
2024-07-08,9,ES00623,1.0,40.747
2024-07-08,9,ES00742,1.0,-27.719
2024-07-08,9,ES00119,1.0,-24.307
2024-07-08,9,ES00848,1.0,28.816
2024-07-08,9,ES00042,1.0,-23.974
2024-07-08,9,ES00028,1.0,-2.191
2024-07-08,9,ES00790,1.0,-18.073
2024-07-08,9,ES00384,1.0,-40.532
2024-07-08,9,ES00442,1.0,-36.23
2024-07-08,9,ES00350,1.0,7.972
2024-07-08,9,ES00906,1.0,7.101
2024-07-08,9,ES00293,1.0,-18.546
2024-07-08,9,ES00412,1.0,-31.47
2024-07-08,9,ES00317,1.0,-23.075
2024-07-08,9,ES00166,1.0,20.35
2024-07-08,9,ES00484,1.0,11.163
2024-07-08,9,ES00284,1.0,-27.831
2024-07-08,9,ES00856,1.0,-25.414
2024-07-08,9,ES00739,1.0,-19.033
2024-07-08,9,ES00025,1.0,-19.796
2024-07-08,9,ES00114,1.0,-24.266
2024-07-08,9,ES00688,1.0,3.807
2024-07-08,9,ES00031,1.0,-0.078
2024-07-08,9,ES00277,1.0,-18.846
2024-07-08,9,ES00874,1.0,-52.646
2024-07-08,9,ES00897,1.0,-27.812
2024-07-08,9,ES00487,1.0,-1.998
2024-07-08,9,ES01000,1.0,-33.181
2024-07-08,9,ES00967,1.0,11.115
2024-07-08,9,ES01023,1.0,-32.214
2024-07-08,9,ES00415,1.0,-31.625
2024-07-08,9,ES00482,1.0,1.831
2024-07-08,9,ES00355,1.0,0.019
2024-07-08,9,ES00153,1.0,-22.174
2024-07-08,9,ES00997,1.0,-50.307
2024-07-08,9,ES00765,1.0,-22.886
2024-07-08,9,ES00333,1.0,43.232
2024-07-08,9,ES00873,1.0,-52.656
2024-07-08,9,ES01039,1.0,-29.013
2024-07-08,9,ES00313,1.0,-18.657
2024-07-08,9,ES00684,1.0,-0.973
2024-07-08,9,ES00957,1.0,-14.768
2024-07-08,9,ES00734,1.0,-17.706
2024-07-08,9,ES00380,1.0,-38.532
2024-07-08,9,ES00918,1.0,3.243
2024-07-08,9,ES00590,1.0,-32.326
2024-07-08,9,ES00124,1.0,-18.839
2024-07-08,9,ES01217,1.0,16.254
2024-07-08,9,ES00950,1.0,-10.318
2024-07-08,9,ES00070,1.0,-30.047
2024-07-08,9,ES01056,1.0,-23.364
2024-07-08,9,ES01134,1.0,26.308
2024-07-08,9,ES01236,1.0,-31.451
2024-07-08,9,ES00914,1.0,0.39
2024-07-08,9,ES01257,1.0,40.925
2024-07-08,9,ES00201,1.0,-1.543
2024-07-08,9,ES00341,1.0,40.007
2024-07-08,9,ES01143,1.0,-30.191
2024-07-08,9,ES01020,1.0,-30.739
2024-07-08,9,ES00351,1.0,9.879
2024-07-08,9,ES00147,1.0,-0.869
2024-07-08,9,ES00655,1.0,-53.239
2024-07-08,9,ES01022,1.0,-32.044
2024-07-08,9,ES00274,1.0,5.526
2024-07-08,9,ES00437,1.0,-51.389
2024-07-08,9,ES00609,1.0,-23.199
2024-07-08,9,ES01125,1.0,-40.4
2024-07-08,9,ES01012,1.0,-25.837
2024-07-08,9,ES00568,1.0,1.769
2024-07-08,9,ES00661,1.0,-4.2
2024-07-08,9,ES00741,1.0,-52.507
2024-07-08,9,ES00339,1.0,39.33
2024-07-08,9,ES00608,1.0,-30.113
2024-07-08,9,ES00417,1.0,-31.431
2024-07-08,9,ES00718,1.0,-32.313
2024-07-08,9,ES01158,1.0,-27.61
2024-07-08,9,ES00309,1.0,-23.759
2024-07-08,12,ES00001,1.0,-1.223
2024-07-08,12,ES00522,1.0,38.512
2024-07-08,12,ES00797,1.0,-24.073
2024-07-08,12,ES01184,1.0,-41.764
2024-07-08,12,ES00783,1.0,-35.791
2024-07-08,12,ES00604,1.0,-1.443
2024-07-08,12,ES00494,1.0,21.601
2024-07-08,12,ES01215,1.0,-38.146
2024-07-08,12,ES00231,1.0,-20.591
2024-07-08,12,ES00335,1.0,50.85
2024-07-08,12,ES00193,1.0,29.974
2024-07-08,12,ES00230,1.0,29.811
2024-07-08,12,ES00994,1.0,-34.769
2024-07-08,12,ES00300,1.0,-41.232
2024-07-08,12,ES00610,1.0,0.843
2024-07-08,12,ES01124,1.0,2.612
2024-07-08,12,ES00024,1.0,3.269
2024-07-08,12,ES00939,1.0,38.196
2024-07-08,12,ES00419,1.0,-40.033
2024-07-08,12,ES00868,1.0,-22.928
2024-07-08,12,ES00023,1.0,3.355
2024-07-08,12,ES00163,1.0,-22.203
2024-07-08,12,ES00207,1.0,-48.138
2024-07-08,12,ES00566,1.0,2.547
2024-07-08,12,ES00900,1.0,-39.319
2024-07-08,12,ES00995,1.0,-31.077
2024-07-08,12,ES00824,1.0,51.023
2024-07-08,12,ES00256,1.0,-32.469
2024-07-08,12,ES00927,1.0,-11.696
2024-07-08,12,ES00039,1.0,-29.563
2024-07-08,12,ES00852,1.0,26.593
2024-07-08,12,ES00112,1.0,-3.563
2024-07-08,12,ES00800,1.0,-27.804
2024-07-08,12,ES00375,1.0,-65.762
2024-07-08,12,ES00034,1.0,49.49
2024-07-08,12,ES00140,1.0,-15.586
2024-07-08,12,ES00595,1.0,-36.234
2024-07-08,12,ES00055,1.0,-16.885
2024-07-08,12,ES00326,1.0,5.499
2024-07-08,12,ES00017,1.0,22.912
2024-07-08,12,ES00246,1.0,3.599
2024-07-08,12,ES00175,1.0,-16.07
2024-07-08,12,ES00336,1.0,49.363
2024-07-08,12,ES00366,1.0,-13.466
2024-07-08,12,ES00555,1.0,-34.263
2024-07-08,12,ES00344,1.0,52.362
2024-07-08,12,ES00671,1.0,41.776
2024-07-08,12,ES00923,1.0,0.473
2024-07-08,12,ES00603,1.0,-2.382
2024-07-08,12,ES00649,1.0,33.251
2024-07-08,12,ES01066,1.0,-1.43
2024-07-08,12,ES00014,1.0,5.01
2024-07-08,12,ES00170,1.0,-38.364
2024-07-08,12,ES01141,1.0,-35.554
2024-07-08,12,ES00618,1.0,38.129
2024-07-08,12,ES00096,1.0,-33.382
2024-07-08,12,ES00459,1.0,-11.764
2024-07-08,12,ES01094,1.0,-58.87
2024-07-08,12,ES00260,1.0,-33.275
2024-07-08,12,ES00513,1.0,-15.762
2024-07-08,12,ES00019,1.0,4.264
2024-07-08,12,ES00680,1.0,35.111
2024-07-08,12,ES00936,1.0,38.636
2024-07-08,12,ES00200,1.0,-5.868
2024-07-08,12,ES00404,1.0,34.497
2024-07-08,12,ES00279,1.0,-34.703
2024-07-08,12,ES00787,1.0,-22.69
2024-07-08,12,ES00021,1.0,5.308
2024-07-08,12,ES00247,1.0,-32.648
2024-07-08,12,ES00083,1.0,-12.653
2024-07-08,12,ES00587,1.0,-37.498
2024-07-08,12,ES01057,1.0,13.947
2024-07-08,12,ES00877,1.0,-68.14
2024-07-08,12,ES00563,1.0,42.798
2024-07-08,12,ES00880,1.0,-59.521
2024-07-08,12,ES00550,1.0,-22.863
2024-07-08,12,ES00003,1.0,-66.171
2024-07-08,12,ES00081,1.0,-39.071
2024-07-08,12,ES01001,1.0,45.981
2024-07-08,12,ES00975,1.0,48.618
2024-07-08,12,ES00760,1.0,-33.414
2024-07-08,12,ES01085,1.0,-31.689
2024-07-08,12,ES01189,1.0,-18.138
2024-07-08,12,ES01033,1.0,-38.975
2024-07-08,12,ES00306,1.0,-36.179
2024-07-08,12,ES01231,1.0,-23.79
2024-07-08,12,ES00711,1.0,-8.532
2024-07-08,12,ES00117,1.0,-32.585
2024-07-08,12,ES01186,1.0,-1.399
2024-07-08,12,ES01064,1.0,-39.542
2024-07-08,12,ES00502,1.0,38.85
2024-07-08,12,ES01165,1.0,1.665
2024-07-08,12,ES00861,1.0,-37.85
2024-07-08,12,ES00185,1.0,43.131
2024-07-08,12,ES00179,1.0,38.854
2024-07-08,12,ES01219,1.0,-41.764
2024-07-08,12,ES00903,1.0,1.997
2024-07-08,12,ES01254,1.0,3.228
2024-07-08,12,ES01101,1.0,-40.904
2024-07-08,12,ES00559,1.0,-30.507
2024-07-08,12,ES00629,1.0,-37.025
2024-07-08,12,ES00252,1.0,-32.114
2024-07-08,12,ES00488,1.0,-1.398
2024-07-08,12,ES00642,1.0,-30.961
2024-07-08,12,ES00349,1.0,7.398
2024-07-08,12,ES01243,1.0,-40.289
2024-07-08,12,ES00547,1.0,-20.331
2024-07-08,12,ES00644,1.0,37.515
2024-07-08,12,ES00977,1.0,50.505
2024-07-08,12,ES00392,1.0,0.411
2024-07-08,12,ES01246,1.0,-40.581
2024-07-08,12,ES01169,1.0,-28.427
2024-07-08,12,ES00222,1.0,-37.718
2024-07-08,12,ES00564,1.0,38.631
2024-07-08,12,ES01152,1.0,36.328
2024-07-08,12,ES00206,1.0,-59.12
2024-07-08,12,ES01233,1.0,4.981
2024-07-08,12,ES00808,1.0,-38.635
2024-07-08,12,ES00160,1.0,25.216
2024-07-08,12,ES01128,1.0,38.508
2024-07-08,12,ES01063,1.0,41.781
2024-07-08,12,ES00802,1.0,-28.912
2024-07-08,12,ES00057,1.0,32.413
2024-07-08,12,ES00168,1.0,24.832
2024-07-08,12,ES00885,1.0,-73.169
2024-07-08,12,ES01091,1.0,-23.486
2024-07-08,12,ES01182,1.0,49.975
2024-07-08,12,ES00984,1.0,-31.796
2024-07-08,12,ES00894,1.0,-34.934
2024-07-08,12,ES00203,1.0,0.348
2024-07-08,12,ES01178,1.0,35.722
2024-07-08,12,ES01103,1.0,3.222
2024-07-08,12,ES00431,1.0,-32.458
2024-07-08,12,ES00647,1.0,35.337
2024-07-08,12,ES01090,1.0,-23.495
2024-07-08,12,ES00781,1.0,-18.297
2024-07-08,12,ES00743,1.0,-40.032
2024-07-08,12,ES00276,1.0,6.082
2024-07-08,12,ES00726,1.0,-24.053
2024-07-08,12,ES00831,1.0,49.041
2024-07-08,12,ES01155,1.0,44.955
2024-07-08,12,ES01025,1.0,-33.649
2024-07-08,12,ES00588,1.0,-38.061
2024-07-08,12,ES00061,1.0,-18.114
2024-07-08,12,ES00250,1.0,-30.756
2024-07-08,12,ES00844,1.0,41.175
2024-07-08,12,ES00460,1.0,-18.298
2024-07-08,12,ES00388,1.0,4.045
2024-07-08,12,ES00616,1.0,3.35
2024-07-08,12,ES01199,1.0,-41.767
2024-07-08,12,ES01006,1.0,3.212
2024-07-08,12,ES00056,1.0,-4.06
2024-07-08,12,ES00533,1.0,-27.913
2024-07-08,12,ES00441,1.0,-46.336
2024-07-08,12,ES00732,1.0,-33.636
2024-07-08,12,ES00267,1.0,-33.425
2024-07-08,12,ES01097,1.0,-38.2
2024-07-08,12,ES01198,1.0,-41.768
2024-07-08,12,ES00106,1.0,-67.033
2024-07-08,12,ES00438,1.0,-66.945
2024-07-08,12,ES00492,1.0,30.896
2024-07-08,12,ES00855,1.0,33.822
2024-07-08,12,ES00581,1.0,-37.3
2024-07-08,12,ES00589,1.0,-38.952
2024-07-08,12,ES00290,1.0,6.209
2024-07-08,12,ES00216,1.0,-68.254
2024-07-08,12,ES00477,1.0,51.038
2024-07-08,12,ES00359,1.0,-8.915
2024-07-08,12,ES00268,1.0,-44.373
2024-07-08,12,ES00218,1.0,-39.458
2024-07-08,12,ES01037,1.0,-36.284
2024-07-08,12,ES00446,1.0,-66.783
2024-07-08,12,ES00427,1.0,-38.545
2024-07-08,12,ES00157,1.0,-22.307
2024-07-08,12,ES01171,1.0,52.653
2024-07-08,12,ES00689,1.0,4.086
2024-07-08,12,ES00049,1.0,-9.531
2024-07-08,12,ES00005,1.0,-66.392
2024-07-08,12,ES01004,1.0,-19.941
2024-07-08,12,ES00199,1.0,-12.326
2024-07-08,12,ES00090,1.0,-32.456
2024-07-08,12,ES00714,1.0,-20.907
2024-07-08,12,ES01008,1.0,-20.491
2024-07-08,12,ES00407,1.0,28.369
2024-07-08,12,ES00751,1.0,43.095
2024-07-08,12,ES01107,1.0,-0.897
2024-07-08,12,ES00204,1.0,-27.799
2024-07-08,12,ES00314,1.0,-24.073
2024-07-08,12,ES00318,1.0,-29.174
2024-07-08,12,ES00451,1.0,-67.327
2024-07-08,12,ES00464,1.0,-34.868
2024-07-08,12,ES00369,1.0,-49.612
2024-07-08,12,ES00766,1.0,-33.644
2024-07-08,12,ES00850,1.0,31.332
2024-07-08,12,ES00663,1.0,-41.762
2024-07-08,12,ES01250,1.0,34.332
2024-07-08,12,ES00071,1.0,-26.751
2024-07-08,12,ES00998,1.0,-65.492
2024-07-08,12,ES01002,1.0,-34.033
2024-07-08,12,ES01011,1.0,-33.688
2024-07-08,12,ES00945,1.0,-8.072
2024-07-08,12,ES00619,1.0,-28.359
2024-07-08,12,ES00740,1.0,-39.551
2024-07-08,12,ES00269,1.0,-42.653
2024-07-08,12,ES00006,1.0,38.692
2024-07-08,12,ES00444,1.0,-47.242
2024-07-08,12,ES00931,1.0,11.023
2024-07-08,12,ES01127,1.0,-23.555
2024-07-08,12,ES00820,1.0,55.089
2024-07-08,12,ES00813,1.0,0.458
2024-07-08,12,ES00125,1.0,-22.654
2024-07-08,12,ES01226,1.0,39.941
2024-07-08,12,ES01187,1.0,-1.288
2024-07-08,12,ES00476,1.0,40.964
2024-07-08,12,ES00098,1.0,-32.945
2024-07-08,12,ES01196,1.0,28.214
2024-07-08,12,ES00907,1.0,9.138
2024-07-08,12,ES01131,1.0,-30.546
2024-07-08,12,ES00177,1.0,-22.057
2024-07-08,12,ES01208,1.0,41.345
2024-07-08,12,ES00612,1.0,37.929
2024-07-08,12,ES00961,1.0,-67.227
2024-07-08,12,ES00340,1.0,48.986
2024-07-08,12,ES00357,1.0,-4.489
2024-07-08,12,ES00097,1.0,-39.638
2024-07-08,12,ES00833,1.0,48.752
2024-07-08,12,ES00238,1.0,-33.555
2024-07-08,12,ES00137,1.0,-29.711
2024-07-08,12,ES00857,1.0,-33.828
2024-07-08,12,ES00151,1.0,30.949
2024-07-08,12,ES00828,1.0,50.287
2024-07-08,12,ES00196,1.0,32.1
2024-07-08,12,ES00521,1.0,-66.539
2024-07-08,12,ES01082,1.0,-40.054
2024-07-08,12,ES00511,1.0,-14.448
2024-07-08,12,ES01218,1.0,10.673
2024-07-08,12,ES01042,1.0,-28.266
2024-07-08,12,ES01126,1.0,-52.092
2024-07-08,12,ES00940,1.0,-8.952
2024-07-08,12,ES00635,1.0,-1.454
2024-07-08,12,ES00780,1.0,-32.221
2024-07-08,12,ES00381,1.0,-56.561
2024-07-08,12,ES00116,1.0,-32.537
2024-07-08,12,ES00379,1.0,-48.848
2024-07-08,12,ES00244,1.0,-15.449
2024-07-08,12,ES00458,1.0,38.398
2024-07-08,12,ES01136,1.0,-27.947
2024-07-08,12,ES00029,1.0,0.0
2024-07-08,12,ES00795,1.0,-28.883
2024-07-08,12,ES00556,1.0,-31.088
2024-07-08,12,ES00958,1.0,-41.09
2024-07-08,12,ES00370,1.0,-52.936
2024-07-08,12,ES01252,1.0,36.344
2024-07-08,12,ES00959,1.0,-39.218
2024-07-08,12,ES00518,1.0,38.738
2024-07-08,12,ES00713,1.0,-20.551
2024-07-08,12,ES00500,1.0,38.873
2024-07-08,12,ES00507,1.0,39.928
2024-07-08,12,ES01206,1.0,-40.131
2024-07-08,12,ES01209,1.0,24.311
2024-07-08,12,ES00925,1.0,-11.913
2024-07-08,12,ES00620,1.0,-23.495
2024-07-08,12,ES00987,1.0,-33.682
2024-07-08,12,ES00377,1.0,-45.725
2024-07-08,12,ES01146,1.0,-6.875
2024-07-08,12,ES00895,1.0,-34.869
2024-07-08,12,ES00367,1.0,-16.405
2024-07-08,12,ES00812,1.0,-3.585
2024-07-08,12,ES00575,1.0,-23.909
2024-07-08,12,ES00044,1.0,-34.919
2024-07-08,12,ES00172,1.0,-68.597
2024-07-08,12,ES00192,1.0,48.07
2024-07-08,12,ES00432,1.0,-25.235
2024-07-08,12,ES00094,1.0,-31.976
2024-07-08,12,ES00291,1.0,6.52
2024-07-08,12,ES00073,1.0,-35.231
2024-07-08,12,ES00082,1.0,-33.99
2024-07-08,12,ES00911,1.0,51.603
2024-07-08,12,ES00079,1.0,-28.375
2024-07-08,12,ES00985,1.0,-33.506
2024-07-08,12,ES01110,1.0,-39.686
2024-07-08,12,ES01083,1.0,-29.506
2024-07-08,12,ES00510,1.0,-5.302
2024-07-08,12,ES00430,1.0,-37.833
2024-07-08,12,ES01203,1.0,-35.032
2024-07-08,12,ES00394,1.0,38.901
2024-07-08,12,ES00539,1.0,49.283
2024-07-08,12,ES00577,1.0,-40.001
2024-07-08,12,ES00008,1.0,48.852
2024-07-08,12,ES00064,1.0,-41.302
2024-07-08,12,ES01031,1.0,-37.887
2024-07-08,12,ES00091,1.0,-30.125
2024-07-08,12,ES01140,1.0,33.265
2024-07-08,12,ES00933,1.0,30.81
2024-07-08,12,ES00735,1.0,40.325
2024-07-08,12,ES00501,1.0,38.697
2024-07-08,12,ES00159,1.0,22.316
2024-07-08,12,ES00223,1.0,-29.45
2024-07-08,12,ES00022,1.0,3.257
2024-07-08,12,ES00887,1.0,-45.734
2024-07-08,12,ES00386,1.0,-41.727
2024-07-08,12,ES00327,1.0,-2.375
2024-07-08,12,ES00870,1.0,25.598
2024-07-08,12,ES00707,1.0,-34.201
2024-07-08,12,ES00493,1.0,39.446
2024-07-08,12,ES00509,1.0,-8.944
2024-07-08,12,ES00884,1.0,-59.278
2024-07-08,12,ES00072,1.0,-27.095
2024-07-08,12,ES00869,1.0,-37.208
2024-07-08,12,ES01106,1.0,2.893
2024-07-08,12,ES00674,1.0,34.017
2024-07-08,12,ES00475,1.0,15.06
2024-07-08,12,ES01051,1.0,16.673
2024-07-08,12,ES00527,1.0,-56.839
2024-07-08,12,ES01249,1.0,47.478
2024-07-08,12,ES00776,1.0,38.131
2024-07-08,12,ES00148,1.0,0.519
2024-07-08,12,ES00036,1.0,33.583
2024-07-08,12,ES01100,1.0,-33.645
2024-07-08,12,ES00356,1.0,-3.626
2024-07-08,12,ES00235,1.0,-33.877
2024-07-08,12,ES00410,1.0,35.087
2024-07-08,12,ES00054,1.0,-15.185
2024-07-08,12,ES00733,1.0,-31.637
2024-07-08,12,ES00101,1.0,-37.061
2024-07-08,12,ES00801,1.0,-27.809
2024-07-08,12,ES00724,1.0,26.728
2024-07-08,12,ES00956,1.0,-30.333
2024-07-08,12,ES01068,1.0,-26.336
2024-07-08,12,ES01133,1.0,-36.386
2024-07-08,12,ES00338,1.0,48.93
2024-07-08,12,ES00636,1.0,-7.062
2024-07-08,12,ES00171,1.0,-28.798
2024-07-08,12,ES00406,1.0,23.614
2024-07-08,12,ES01027,1.0,-37.343
2024-07-08,12,ES00273,1.0,-34.863
2024-07-08,12,ES00479,1.0,42.128
2024-07-08,12,ES01041,1.0,-28.467
2024-07-08,12,ES00965,1.0,-32.351
2024-07-08,12,ES00456,1.0,-55.153
2024-07-08,12,ES00892,1.0,-11.759
2024-07-08,12,ES00088,1.0,-11.776
2024-07-08,12,ES00752,1.0,-58.824
2024-07-08,12,ES00077,1.0,-32.611
2024-07-08,12,ES00601,1.0,-2.606
2024-07-08,12,ES00983,1.0,-33.503
2024-07-08,12,ES00452,1.0,-45.74
2024-07-08,12,ES01102,1.0,-36.677
2024-07-08,12,ES00390,1.0,1.598
2024-07-08,12,ES00625,1.0,-58.842
2024-07-08,12,ES00453,1.0,-74.107
2024-07-08,12,ES00917,1.0,-2.655
2024-07-08,12,ES00591,1.0,-40.087
2024-07-08,12,ES00982,1.0,-20.451
2024-07-08,12,ES00641,1.0,-30.153
2024-07-08,12,ES00043,1.0,-24.81
2024-07-08,12,ES01111,1.0,-32.357
2024-07-08,12,ES01229,1.0,-23.744
2024-07-08,12,ES01018,1.0,-38.767
2024-07-08,12,ES00902,1.0,-40.939
2024-07-08,12,ES00535,1.0,-39.546
2024-07-08,12,ES00607,1.0,5.096
2024-07-08,12,ES00710,1.0,-24.477
2024-07-08,12,ES00599,1.0,-66.417
2024-07-08,12,ES00657,1.0,34.84
2024-07-08,12,ES01060,1.0,32.43
2024-07-08,12,ES00943,1.0,-14.78
2024-07-08,12,ES00973,1.0,-39.413
2024-07-08,12,ES00525,1.0,-64.776
2024-07-08,12,ES00009,1.0,41.869
2024-07-08,12,ES01135,1.0,-31.672
2024-07-08,12,ES00557,1.0,-36.916
2024-07-08,12,ES00195,1.0,36.518
2024-07-08,12,ES00012,1.0,-59.603
2024-07-08,12,ES00360,1.0,-12.247
2024-07-08,12,ES00420,1.0,-40.1
2024-07-08,12,ES00701,1.0,20.065
2024-07-08,12,ES01177,1.0,-37.005
2024-07-08,12,ES00429,1.0,50.337
2024-07-08,12,ES01005,1.0,3.222
2024-07-08,12,ES00544,1.0,-29.527
2024-07-08,12,ES01028,1.0,-37.318
2024-07-08,12,ES00770,1.0,-34.458
2024-07-08,12,ES00615,1.0,-29.774
2024-07-08,12,ES00748,1.0,-29.486
2024-07-08,12,ES00182,1.0,40.325
2024-07-08,12,ES01007,1.0,-32.404
2024-07-08,12,ES00916,1.0,-2.663
2024-07-08,12,ES00791,1.0,-29.133
2024-07-08,12,ES00242,1.0,-12.743
2024-07-08,12,ES00922,1.0,-1.278
2024-07-08,12,ES01220,1.0,41.602
2024-07-08,12,ES00746,1.0,-29.897
2024-07-08,12,ES01046,1.0,-21.371
2024-07-08,12,ES00898,1.0,-37.359
2024-07-08,12,ES00530,1.0,20.256
2024-07-08,12,ES00491,1.0,7.54
2024-07-08,12,ES00461,1.0,-34.685
2024-07-08,12,ES00754,1.0,-19.147
2024-07-08,12,ES00703,1.0,-12.04
2024-07-08,12,ES00675,1.0,-23.774
2024-07-08,12,ES00045,1.0,-37.655
2024-07-08,12,ES00439,1.0,-66.935
2024-07-08,12,ES00532,1.0,42.82
2024-07-08,12,ES00881,1.0,-67.541
2024-07-08,12,ES00443,1.0,-45.988
2024-07-08,12,ES01016,1.0,-31.088
2024-07-08,12,ES00105,1.0,-67.569
2024-07-08,12,ES00552,1.0,-30.813
2024-07-08,12,ES00403,1.0,30.835
2024-07-08,12,ES00702,1.0,-28.375
2024-07-08,12,ES00483,1.0,2.749
2024-07-08,12,ES00737,1.0,-59.861
2024-07-08,12,ES01235,1.0,-67.896
2024-07-08,12,ES00753,1.0,-19.156
2024-07-08,12,ES00299,1.0,3.487
2024-07-08,12,ES00731,1.0,-21.217
2024-07-08,12,ES00395,1.0,37.641
2024-07-08,12,ES01053,1.0,-4.189
2024-07-08,12,ES00784,1.0,8.425
2024-07-08,12,ES01121,1.0,-6.987
2024-07-08,12,ES00631,1.0,-36.984
2024-07-08,12,ES00630,1.0,-36.653
2024-07-08,12,ES00050,1.0,-5.374
2024-07-08,12,ES00531,1.0,46.064
2024-07-08,12,ES00165,1.0,-22.309
2024-07-08,12,ES00063,1.0,-38.74
2024-07-08,12,ES00092,1.0,-19.971
2024-07-08,12,ES00217,1.0,-37.937
2024-07-08,12,ES00578,1.0,-33.243
2024-07-08,12,ES00789,1.0,-22.84
2024-07-08,12,ES00960,1.0,-37.265
2024-07-08,12,ES01086,1.0,35.888
2024-07-08,12,ES01013,1.0,-34.265
2024-07-08,12,ES00678,1.0,46.989
2024-07-08,12,ES00821,1.0,54.89
2024-07-08,12,ES00728,1.0,-15.706
2024-07-08,12,ES00549,1.0,-22.615
2024-07-08,12,ES00278,1.0,-35.789
2024-07-08,12,ES00835,1.0,53.592
2024-07-08,12,ES00951,1.0,-14.85
2024-07-08,12,ES00908,1.0,15.203
2024-07-08,12,ES00519,1.0,24.069
2024-07-08,12,ES00289,1.0,8.477
2024-07-08,12,ES00462,1.0,-34.999
2024-07-08,12,ES00468,1.0,-39.315
2024-07-08,12,ES00658,1.0,-23.68
2024-07-08,12,ES01026,1.0,-33.639
2024-07-08,12,ES01148,1.0,37.803
2024-07-08,12,ES00788,1.0,-22.518
2024-07-08,12,ES00311,1.0,-12.358
2024-07-08,12,ES00110,1.0,-17.557
2024-07-08,12,ES01166,1.0,25.484
2024-07-08,12,ES01108,1.0,2.787
2024-07-08,12,ES00611,1.0,41.85
2024-07-08,12,ES00954,1.0,24.074
2024-07-08,12,ES00234,1.0,-34.646
2024-07-08,12,ES01048,1.0,-30.811
2024-07-08,12,ES01080,1.0,3.233
2024-07-08,12,ES01035,1.0,-39.751
2024-07-08,12,ES00387,1.0,-40.548
2024-07-08,12,ES01161,1.0,-42.249
2024-07-08,12,ES00176,1.0,-16.042
2024-07-08,12,ES00236,1.0,-34.132
2024-07-08,12,ES00807,1.0,-29.375
2024-07-08,12,ES01227,1.0,-37.029
2024-07-08,12,ES00130,1.0,-14.77
2024-07-08,12,ES00584,1.0,-32.455
2024-07-08,12,ES01248,1.0,34.394
2024-07-08,12,ES00910,1.0,49.525
2024-07-08,12,ES01089,1.0,38.131
2024-07-08,12,ES00729,1.0,-15.713
2024-07-08,12,ES00108,1.0,-21.368
2024-07-08,12,ES00100,1.0,-37.133
2024-07-08,12,ES00602,1.0,-1.471
2024-07-08,12,ES01256,1.0,1.151
2024-07-08,12,ES00046,1.0,-32.34
2024-07-08,12,ES00537,1.0,45.91
2024-07-08,12,ES00447,1.0,-61.762
2024-07-08,12,ES00744,1.0,-36.017
2024-07-08,12,ES00154,1.0,-19.147
2024-07-08,12,ES00150,1.0,0.822
2024-07-08,12,ES00745,1.0,-37.991
2024-07-08,12,ES00457,1.0,-56.801
2024-07-08,12,ES00345,1.0,50.614
2024-07-08,12,ES00183,1.0,39.722
2024-07-08,12,ES00136,1.0,-34.074
2024-07-08,12,ES01251,1.0,35.831
2024-07-08,12,ES00048,1.0,-66.699
2024-07-08,12,ES00265,1.0,-33.526
2024-07-08,12,ES00597,1.0,-35.77
2024-07-08,12,ES00411,1.0,56.41
2024-07-08,12,ES00032,1.0,-2.626
2024-07-08,12,ES00408,1.0,34.169
2024-07-08,12,ES01049,1.0,-66.739
2024-07-08,12,ES00337,1.0,41.687
2024-07-08,12,ES00002,1.0,-1.12
2024-07-08,12,ES01201,1.0,-45.725
2024-07-08,12,ES00186,1.0,40.363
2024-07-08,12,ES01142,1.0,41.044
2024-07-08,12,ES00761,1.0,-52.851
2024-07-08,12,ES00051,1.0,-66.271
2024-07-08,12,ES00858,1.0,-40.649
2024-07-08,12,ES00144,1.0,-1.845
2024-07-08,12,ES00343,1.0,53.578
2024-07-08,12,ES00281,1.0,-36.68
2024-07-08,12,ES01079,1.0,3.249
2024-07-08,12,ES00756,1.0,-66.396
2024-07-08,12,ES00221,1.0,-31.776
2024-07-08,12,ES00617,1.0,-1.505
2024-07-08,12,ES00637,1.0,-1.302
2024-07-08,12,ES00886,1.0,-45.735
2024-07-08,12,ES00841,1.0,-15.208
2024-07-08,12,ES00845,1.0,41.126
2024-07-08,12,ES00240,1.0,-42.099
2024-07-08,12,ES00722,1.0,-34.653
2024-07-08,12,ES00422,1.0,-66.342
2024-07-08,12,ES01065,1.0,-38.285
2024-07-08,12,ES00727,1.0,25.833
2024-07-08,12,ES00037,1.0,-26.794
2024-07-08,12,ES00692,1.0,-30.255
2024-07-08,12,ES01258,1.0,-59.216
2024-07-08,12,ES00764,1.0,-30.398
2024-07-08,12,ES00969,1.0,43.052
2024-07-08,12,ES01222,1.0,-39.535
2024-07-08,12,ES01194,1.0,50.831
2024-07-08,12,ES00930,1.0,7.539
2024-07-08,12,ES00605,1.0,-66.944
2024-07-08,12,ES00796,1.0,-27.458
2024-07-08,12,ES01096,1.0,-1.156
2024-07-08,12,ES00679,1.0,34.975
2024-07-08,12,ES00275,1.0,3.014
2024-07-08,12,ES01162,1.0,-1.148
2024-07-08,12,ES01092,1.0,41.044
2024-07-08,12,ES01147,1.0,-19.6
2024-07-08,12,ES00007,1.0,40.876
2024-07-08,12,ES01188,1.0,-18.134
2024-07-08,12,ES00804,1.0,-29.327
2024-07-08,12,ES00197,1.0,31.338
2024-07-08,12,ES00143,1.0,-1.428
2024-07-08,12,ES00863,1.0,-38.748
2024-07-08,12,ES00947,1.0,-16.47
2024-07-08,12,ES00215,1.0,-33.967
2024-07-08,12,ES00919,1.0,4.464
2024-07-08,12,ES00372,1.0,-47.896
2024-07-08,12,ES00214,1.0,-59.297
2024-07-08,12,ES00685,1.0,0.482
2024-07-08,12,ES00118,1.0,-28.224
2024-07-08,12,ES00286,1.0,11.071
2024-07-08,12,ES00516,1.0,-26.787
2024-07-08,12,ES01144,1.0,4.046
2024-07-08,12,ES01036,1.0,-37.372
2024-07-08,12,ES00822,1.0,37.982
2024-07-08,12,ES00428,1.0,-38.72
2024-07-08,12,ES00909,1.0,25.022
2024-07-08,12,ES00551,1.0,-30.148
2024-07-08,12,ES00693,1.0,-25.485
2024-07-08,12,ES00304,1.0,-37.002
2024-07-08,12,ES01173,1.0,44.955
2024-07-08,12,ES00793,1.0,-28.965
2024-07-08,12,ES00018,1.0,3.26
2024-07-08,12,ES00815,1.0,-26.402
2024-07-08,12,ES00805,1.0,-29.37
2024-07-08,12,ES00520,1.0,-66.502
2024-07-08,12,ES00078,1.0,-30.406
2024-07-08,12,ES01197,1.0,28.285
2024-07-08,12,ES00385,1.0,-40.817
2024-07-08,12,ES00074,1.0,-32.229
2024-07-08,12,ES01070,1.0,-1.431
2024-07-08,12,ES00033,1.0,0.086
2024-07-08,12,ES00052,1.0,-66.279
2024-07-08,12,ES01045,1.0,-21.371
2024-07-08,12,ES00121,1.0,-30.769
2024-07-08,12,ES00398,1.0,35.57
2024-07-08,12,ES01084,1.0,-29.481
2024-07-08,12,ES01074,1.0,-26.548
2024-07-08,12,ES00512,1.0,-13.889
2024-07-08,12,ES00929,1.0,10.561
2024-07-08,12,ES00972,1.0,-39.359
2024-07-08,12,ES01175,1.0,46.863
2024-07-08,12,ES00058,1.0,26.166
2024-07-08,12,ES01123,1.0,-26.984
2024-07-08,12,ES00169,1.0,26.144
2024-07-08,12,ES00646,1.0,44.959
2024-07-08,12,ES00283,1.0,-39.295
2024-07-08,12,ES00316,1.0,-38.481
2024-07-08,12,ES00651,1.0,35.875
2024-07-08,12,ES00768,1.0,-45.437
2024-07-08,12,ES00948,1.0,-26.222
2024-07-08,12,ES00920,1.0,-1.324
2024-07-08,12,ES01071,1.0,25.65
2024-07-08,12,ES01225,1.0,40.724
2024-07-08,12,ES00099,1.0,28.13
2024-07-08,12,ES00440,1.0,-47.763
2024-07-08,12,ES00288,1.0,6.786
2024-07-08,12,ES00436,1.0,-58.165
2024-07-08,12,ES00966,1.0,-23.492
2024-07-08,12,ES00409,1.0,24.935
2024-07-08,12,ES00653,1.0,-45.061
2024-07-08,12,ES00932,1.0,12.001
2024-07-08,12,ES01118,1.0,5.19
2024-07-08,12,ES00084,1.0,-10.977
2024-07-08,12,ES00328,1.0,62.988
2024-07-08,12,ES00104,1.0,-31.561
2024-07-08,12,ES00413,1.0,-42.344
2024-07-08,12,ES00188,1.0,40.388
2024-07-08,12,ES00270,1.0,-45.215
2024-07-08,12,ES01156,1.0,-38.864
2024-07-08,12,ES00632,1.0,-1.226
2024-07-08,12,ES00352,1.0,5.824
2024-07-08,12,ES00194,1.0,26.034
2024-07-08,12,ES00816,1.0,63.051
2024-07-08,12,ES01195,1.0,50.766
2024-07-08,12,ES01122,1.0,-1.284
2024-07-08,12,ES00307,1.0,-32.228
2024-07-08,12,ES01245,1.0,-19.271
2024-07-08,12,ES00585,1.0,-32.427
2024-07-08,12,ES00423,1.0,-66.18
2024-07-08,12,ES00736,1.0,43.767
2024-07-08,12,ES00865,1.0,-33.577
2024-07-08,12,ES00818,1.0,38.752
2024-07-08,12,ES00847,1.0,37.639
2024-07-08,12,ES01113,1.0,-67.022
2024-07-08,12,ES00988,1.0,-31.608
2024-07-08,12,ES01112,1.0,-14.607
2024-07-08,12,ES00016,1.0,5.952
2024-07-08,12,ES01191,1.0,-37.465
2024-07-08,12,ES00040,1.0,-19.071
2024-07-08,12,ES01081,1.0,-40.043
2024-07-08,12,ES00819,1.0,34.478
2024-07-08,12,ES00128,1.0,-2.17
2024-07-08,12,ES01145,1.0,3.989
2024-07-08,12,ES01214,1.0,38.311
2024-07-08,12,ES00576,1.0,-27.102
2024-07-08,12,ES00141,1.0,-34.217
2024-07-08,12,ES01034,1.0,-39.788
2024-07-08,12,ES00677,1.0,-23.79
2024-07-08,12,ES00926,1.0,-8.232
2024-07-08,12,ES01132,1.0,-31.731
2024-07-08,12,ES00374,1.0,-47.904
2024-07-08,12,ES00041,1.0,-17.829
2024-07-08,12,ES01259,1.0,37.573
2024-07-08,12,ES00478,1.0,50.656
2024-07-08,12,ES00065,1.0,-33.986
2024-07-08,12,ES00712,1.0,26.019
2024-07-08,12,ES00450,1.0,-59.445
2024-07-08,12,ES00365,1.0,0.793
2024-07-08,12,ES00598,1.0,-66.464
2024-07-08,12,ES00624,1.0,-55.223
2024-07-08,12,ES00508,1.0,-14.567
2024-07-08,12,ES00596,1.0,-66.619
2024-07-08,12,ES00548,1.0,-21.957
2024-07-08,12,ES01077,1.0,-1.283
2024-07-08,12,ES00329,1.0,46.524
2024-07-08,12,ES00470,1.0,2.644
2024-07-08,12,ES00723,1.0,-22.287
2024-07-08,12,ES00292,1.0,8.445
2024-07-08,12,ES00253,1.0,-30.666
2024-07-08,12,ES00937,1.0,38.911
2024-07-08,12,ES00362,1.0,0.81
2024-07-08,12,ES01179,1.0,-41.775
2024-07-08,12,ES00059,1.0,-19.935
2024-07-08,12,ES00187,1.0,43.081
2024-07-08,12,ES01062,1.0,41.514
2024-07-08,12,ES00418,1.0,-40.043
2024-07-08,12,ES01154,1.0,44.956
2024-07-08,12,ES01093,1.0,29.752
2024-07-08,12,ES00296,1.0,-37.117
2024-07-08,12,ES00424,1.0,59.261
2024-07-08,12,ES00517,1.0,-28.153
2024-07-08,12,ES00353,1.0,2.794
2024-07-08,12,ES00683,1.0,11.273
2024-07-08,12,ES00690,1.0,4.954
2024-07-08,12,ES00255,1.0,-30.592
2024-07-08,12,ES00890,1.0,-59.307
2024-07-08,12,ES00666,1.0,-41.774
2024-07-08,12,ES00465,1.0,-35.796
2024-07-08,12,ES00786,1.0,-21.161
2024-07-08,12,ES00946,1.0,-16.511
2024-07-08,12,ES00127,1.0,-1.474
2024-07-08,12,ES01021,1.0,-31.856
2024-07-08,12,ES00955,1.0,30.631
2024-07-08,12,ES00893,1.0,-34.704
2024-07-08,12,ES00832,1.0,49.06
2024-07-08,12,ES00639,1.0,-2.235
2024-07-08,12,ES00180,1.0,42.559
2024-07-08,12,ES00257,1.0,-30.969
2024-07-08,12,ES00896,1.0,-35.839
2024-07-08,12,ES00799,1.0,-27.8
2024-07-08,12,ES00700,1.0,-17.452
2024-07-08,12,ES00245,1.0,-0.709
2024-07-08,12,ES00755,1.0,-65.922
2024-07-08,12,ES01010,1.0,-29.591
2024-07-08,12,ES00399,1.0,35.652
2024-07-08,12,ES00843,1.0,-56.564
2024-07-08,12,ES00263,1.0,-34.093
2024-07-08,12,ES00687,1.0,5.212
2024-07-08,12,ES00498,1.0,36.532
2024-07-08,12,ES00749,1.0,-26.127
2024-07-08,12,ES00035,1.0,40.921
2024-07-08,12,ES01019,1.0,-38.548
2024-07-08,12,ES00131,1.0,-3.873
2024-07-08,12,ES01232,1.0,-33.693
2024-07-08,12,ES00368,1.0,-14.386
2024-07-08,12,ES00698,1.0,-28.479
2024-07-08,12,ES00497,1.0,19.808
2024-07-08,12,ES00561,1.0,-65.488
2024-07-08,12,ES00905,1.0,1.55
2024-07-08,12,ES00777,1.0,-23.366
2024-07-08,12,ES01168,1.0,-59.46
2024-07-08,12,ES00142,1.0,-34.654
2024-07-08,12,ES00836,1.0,7.396
2024-07-08,12,ES00416,1.0,-33.823
2024-07-08,12,ES00485,1.0,1.475
2024-07-08,12,ES00554,1.0,-29.462
2024-07-08,12,ES00027,1.0,-31.503
2024-07-08,12,ES00891,1.0,-60.3
2024-07-08,12,ES00506,1.0,36.81
2024-07-08,12,ES00986,1.0,-31.803
2024-07-08,12,ES00878,1.0,-59.467
2024-07-08,12,ES01047,1.0,-35.296
2024-07-08,12,ES00425,1.0,-33.468
2024-07-08,12,ES00716,1.0,21.642
2024-07-08,12,ES00814,1.0,3.599
2024-07-08,12,ES00654,1.0,-1.209
2024-07-08,12,ES00120,1.0,-32.57
2024-07-08,12,ES00087,1.0,-12.017
2024-07-08,12,ES00258,1.0,-32.918
2024-07-08,12,ES00181,1.0,40.002
2024-07-08,12,ES00089,1.0,-8.31
2024-07-08,12,ES00499,1.0,33.545
2024-07-08,12,ES00198,1.0,-40.078
2024-07-08,12,ES01130,1.0,-36.653
2024-07-08,12,ES01120,1.0,-1.305
2024-07-08,12,ES00934,1.0,30.824
2024-07-08,12,ES01095,1.0,50.899
2024-07-08,12,ES00445,1.0,-47.85
2024-07-08,12,ES00935,1.0,38.16
2024-07-08,12,ES00567,1.0,2.568
2024-07-08,12,ES01244,1.0,-35.85
2024-07-08,12,ES00205,1.0,-67.049
2024-07-08,12,ES00660,1.0,3.189
2024-07-08,12,ES01216,1.0,-38.147
2024-07-08,12,ES00149,1.0,-1.183
2024-07-08,12,ES00964,1.0,-56.845
2024-07-08,12,ES01058,1.0,46.628
2024-07-08,12,ES00259,1.0,-32.647
2024-07-08,12,ES00294,1.0,-37.165
2024-07-08,12,ES00080,1.0,-45.733
2024-07-08,12,ES00363,1.0,-12.247
2024-07-08,12,ES01200,1.0,-11.818
2024-07-08,12,ES00421,1.0,-40.308
2024-07-08,12,ES00434,1.0,-36.979
2024-07-08,12,ES00523,1.0,38.504
2024-07-08,12,ES01180,1.0,52.288
2024-07-08,12,ES00980,1.0,-38.526
2024-07-08,12,ES01167,1.0,3.443
2024-07-08,12,ES00330,1.0,38.821
2024-07-08,12,ES00287,1.0,9.299
2024-07-08,12,ES00827,1.0,51.24
2024-07-08,12,ES01163,1.0,38.752
2024-07-08,12,ES01255,1.0,-23.503
2024-07-08,12,ES00580,1.0,-37.193
2024-07-08,12,ES00953,1.0,38.55
2024-07-08,12,ES00682,1.0,-1.623
2024-07-08,12,ES00915,1.0,-0.249
2024-07-08,12,ES00015,1.0,4.977
2024-07-08,12,ES01204,1.0,-44.433
2024-07-08,12,ES00503,1.0,39.066
2024-07-08,12,ES00794,1.0,-34.078
2024-07-08,12,ES01015,1.0,-27.102
2024-07-08,12,ES00254,1.0,-32.048
2024-07-08,12,ES00173,1.0,-36.971
2024-07-08,12,ES00251,1.0,-23.497
2024-07-08,12,ES00662,1.0,10.68
2024-07-08,12,ES00899,1.0,-37.45
2024-07-08,12,ES00068,1.0,10.683
2024-07-08,12,ES00534,1.0,-37.152
2024-07-08,12,ES00859,1.0,-31.857
2024-07-08,12,ES00076,1.0,2.992
2024-07-08,12,ES00189,1.0,43.023
2024-07-08,12,ES01192,1.0,-41.799
2024-07-08,12,ES00396,1.0,37.607
2024-07-08,12,ES00103,1.0,-33.753
2024-07-08,12,ES00358,1.0,-6.28
2024-07-08,12,ES00996,1.0,-5.312
2024-07-08,12,ES00725,1.0,24.944
2024-07-08,12,ES00879,1.0,-59.521
2024-07-08,12,ES00158,1.0,25.204
2024-07-08,12,ES00053,1.0,-59.242
2024-07-08,12,ES00656,1.0,-68.201
2024-07-08,12,ES00974,1.0,-39.507
2024-07-08,12,ES01183,1.0,50.325
2024-07-08,12,ES00571,1.0,-34.976
2024-07-08,12,ES00111,1.0,-17.546
2024-07-08,12,ES00730,1.0,-23.557
2024-07-08,12,ES00093,1.0,-31.83
2024-07-08,12,ES00010,1.0,25.598
2024-07-08,12,ES00308,1.0,-32.021
2024-07-08,12,ES00779,1.0,-32.186
2024-07-08,12,ES01150,1.0,35.663
2024-07-08,12,ES00708,1.0,-12.696
2024-07-08,12,ES00324,1.0,-6.876
2024-07-08,12,ES01205,1.0,-50.359
2024-07-08,12,ES00062,1.0,-23.562
2024-07-08,12,ES00672,1.0,-35.125
2024-07-08,12,ES00449,1.0,-68.329
2024-07-08,12,ES00866,1.0,-38.55
2024-07-08,12,ES00393,1.0,0.739
2024-07-08,12,ES01164,1.0,6.391
2024-07-08,12,ES00638,1.0,2.418
2024-07-08,12,ES00842,1.0,-48.049
2024-07-08,12,ES00086,1.0,-13.69
2024-07-08,12,ES00526,1.0,-71.84
2024-07-08,12,ES00155,1.0,-19.94
2024-07-08,12,ES00921,1.0,0.468
2024-07-08,12,ES00472,1.0,13.144
2024-07-08,12,ES00248,1.0,-30.488
2024-07-08,12,ES00524,1.0,-67.237
2024-07-08,12,ES00402,1.0,34.893
2024-07-08,12,ES00490,1.0,11.51
2024-07-08,12,ES00271,1.0,-1.983
2024-07-08,12,ES00664,1.0,-11.789
2024-07-08,12,ES00709,1.0,-67.596
2024-07-08,12,ES00981,1.0,-22.73
2024-07-08,12,ES00582,1.0,-37.317
2024-07-08,12,ES00785,1.0,-23.138
2024-07-08,12,ES00838,1.0,-3.627
2024-07-08,12,ES01109,1.0,-17.225
2024-07-08,12,ES01061,1.0,41.774
2024-07-08,12,ES00382,1.0,-61.723
2024-07-08,12,ES00190,1.0,40.378
2024-07-08,12,ES01024,1.0,-33.649
2024-07-08,12,ES00264,1.0,-33.424
2024-07-08,12,ES00949,1.0,-26.481
2024-07-08,12,ES01239,1.0,-38.743
2024-07-08,12,ES00489,1.0,0.463
2024-07-08,12,ES00107,1.0,-20.657
2024-07-08,12,ES00102,1.0,-34.392
2024-07-08,12,ES00069,1.0,21.652
2024-07-08,12,ES00285,1.0,10.766
2024-07-08,12,ES00883,1.0,-67.306
2024-07-08,12,ES00640,1.0,-35.234
2024-07-08,12,ES01055,1.0,-32.366
2024-07-08,12,ES01176,1.0,-34.034
2024-07-08,12,ES00750,1.0,-24.746
2024-07-08,12,ES00013,1.0,4.154
2024-07-08,12,ES00904,1.0,1.981
2024-07-08,12,ES01067,1.0,1.053
2024-07-08,12,ES01059,1.0,38.607
2024-07-08,12,ES01185,1.0,-32.151
2024-07-08,12,ES00854,1.0,34.343
2024-07-08,12,ES00038,1.0,-34.508
2024-07-08,12,ES00968,1.0,39.624
2024-07-08,12,ES00191,1.0,48.538
2024-07-08,12,ES00202,1.0,-1.297
2024-07-08,12,ES00704,1.0,-32.47
2024-07-08,12,ES00772,1.0,-32.071
2024-07-08,12,ES00066,1.0,-29.665
2024-07-08,12,ES00471,1.0,2.629
2024-07-08,12,ES00553,1.0,-30.561
2024-07-08,12,ES00480,1.0,-0.769
2024-07-08,12,ES00391,1.0,8.285
2024-07-08,12,ES00738,1.0,-1.464
2024-07-08,12,ES00771,1.0,-33.896
2024-07-08,12,ES00405,1.0,42.021
2024-07-08,12,ES00239,1.0,-33.985
2024-07-08,12,ES00773,1.0,-33.88
2024-07-08,12,ES00569,1.0,2.526
2024-07-08,12,ES00705,1.0,-30.181
2024-07-08,12,ES00823,1.0,49.021
2024-07-08,12,ES00583,1.0,-37.771
2024-07-08,12,ES00454,1.0,-61.074
2024-07-08,12,ES00875,1.0,-61.763
2024-07-08,12,ES00115,1.0,-28.148
2024-07-08,12,ES00354,1.0,12.001
2024-07-08,12,ES00971,1.0,-34.672
2024-07-08,12,ES00342,1.0,50.532
2024-07-08,12,ES01115,1.0,45.292
2024-07-08,12,ES00681,1.0,-32.84
2024-07-08,12,ES00614,1.0,-26.502
2024-07-08,12,ES01088,1.0,-1.504
2024-07-08,12,ES01029,1.0,-37.955
2024-07-08,12,ES00373,1.0,-48.017
2024-07-08,12,ES00209,1.0,-67.54
2024-07-08,12,ES00600,1.0,-58.253
2024-07-08,12,ES00282,1.0,-40.918
2024-07-08,12,ES01247,1.0,34.012
2024-07-08,12,ES00810,1.0,-1.72
2024-07-08,12,ES01153,1.0,59.838
2024-07-08,12,ES00586,1.0,-37.855
2024-07-08,12,ES00763,1.0,-32.017
2024-07-08,12,ES00262,1.0,-33.864
2024-07-08,12,ES00129,1.0,-15.347
2024-07-08,12,ES00691,1.0,-23.68
2024-07-08,12,ES00433,1.0,-37.24
2024-07-08,12,ES00862,1.0,-39.191
2024-07-08,12,ES00210,1.0,-64.929
2024-07-08,12,ES01151,1.0,37.513
2024-07-08,12,ES00047,1.0,-66.447
2024-07-08,12,ES00928,1.0,10.552
2024-07-08,12,ES00219,1.0,-73.861
2024-07-08,12,ES01073,1.0,35.111
2024-07-08,12,ES00514,1.0,-26.36
2024-07-08,12,ES00241,1.0,-13.466
2024-07-08,12,ES00212,1.0,-65.81
2024-07-08,12,ES00970,1.0,-34.678
2024-07-08,12,ES00952,1.0,-26.787
2024-07-08,12,ES00991,1.0,-30.802
2024-07-08,12,ES01149,1.0,37.781
2024-07-08,12,ES00225,1.0,-34.033
2024-07-08,12,ES00346,1.0,47.259
2024-07-08,12,ES01221,1.0,42.577
2024-07-08,12,ES00613,1.0,35.731
2024-07-08,12,ES00161,1.0,-23.545
2024-07-08,12,ES00060,1.0,-17.424
2024-07-08,12,ES00775,1.0,-34.86
2024-07-08,12,ES00232,1.0,-32.848
2024-07-08,12,ES00667,1.0,-41.767
2024-07-08,12,ES00592,1.0,-37.593
2024-07-08,12,ES00011,1.0,-66.208
2024-07-08,12,ES00545,1.0,-25.547
2024-07-08,12,ES00989,1.0,-21.957
2024-07-08,12,ES00486,1.0,2.009
2024-07-08,12,ES00280,1.0,-20.554
2024-07-08,12,ES00401,1.0,37.346
2024-07-08,12,ES00334,1.0,54.46
2024-07-08,12,ES00633,1.0,43.092
2024-07-08,12,ES00860,1.0,-33.211
2024-07-08,12,ES00778,1.0,-34.458
2024-07-08,12,ES01017,1.0,-15.195
2024-07-08,12,ES00095,1.0,-35.805
2024-07-08,12,ES01172,1.0,-34.812
2024-07-08,12,ES00297,1.0,-33.647
2024-07-08,12,ES01234,1.0,-1.479
2024-07-08,12,ES00976,1.0,49.292
2024-07-08,12,ES00156,1.0,-23.527
2024-07-08,12,ES00467,1.0,-38.273
2024-07-08,12,ES00562,1.0,-64.71
2024-07-08,12,ES00978,1.0,48.06
2024-07-08,12,ES00302,1.0,-41.498
2024-07-08,12,ES00162,1.0,-23.472
2024-07-08,12,ES00853,1.0,26.57
2024-07-08,12,ES01119,1.0,-38.658
2024-07-08,12,ES00541,1.0,-38.652
2024-07-08,12,ES01170,1.0,26.106
2024-07-08,12,ES00851,1.0,26.659
2024-07-08,12,ES00942,1.0,-19.887
2024-07-08,12,ES00226,1.0,-31.395
2024-07-08,12,ES01240,1.0,3.184
2024-07-08,12,ES00826,1.0,51.014
2024-07-08,12,ES00536,1.0,-39.664
2024-07-08,12,ES01105,1.0,3.061
2024-07-08,12,ES00026,1.0,-29.756
2024-07-08,12,ES00963,1.0,-22.911
2024-07-08,12,ES01003,1.0,-22.233
2024-07-08,12,ES01159,1.0,-38.815
2024-07-08,12,ES00233,1.0,-66.54
2024-07-08,12,ES01211,1.0,44.985
2024-07-08,12,ES00397,1.0,37.539
2024-07-08,12,ES00261,1.0,-33.362
2024-07-08,12,ES00331,1.0,39.784
2024-07-08,12,ES01043,1.0,-66.465
2024-07-08,12,ES00673,1.0,23.65
2024-07-08,12,ES00152,1.0,-34.711
2024-07-08,12,ES00782,1.0,-36.692
2024-07-08,12,ES00122,1.0,-23.785
2024-07-08,12,ES00305,1.0,-28.984
2024-07-08,12,ES00178,1.0,38.296
2024-07-08,12,ES00146,1.0,0.596
2024-07-08,12,ES01104,1.0,-1.48
2024-07-08,12,ES00504,1.0,38.16
2024-07-08,12,ES00834,1.0,51.702
2024-07-08,12,ES01210,1.0,40.081
2024-07-08,12,ES00321,1.0,-39.78
2024-07-08,12,ES00295,1.0,-33.625
2024-07-08,12,ES00020,1.0,-0.865
2024-07-08,12,ES01213,1.0,0.549
2024-07-08,12,ES00715,1.0,-19.184
2024-07-08,12,ES00538,1.0,49.129
2024-07-08,12,ES00846,1.0,37.91
2024-07-08,12,ES00758,1.0,-33.816
2024-07-08,12,ES01116,1.0,-30.935
2024-07-08,12,ES00628,1.0,-40.897
2024-07-08,12,ES00123,1.0,-28.87
2024-07-08,12,ES00621,1.0,-23.498
2024-07-08,12,ES00303,1.0,-39.104
2024-07-08,12,ES01014,1.0,-24.921
2024-07-08,12,ES01038,1.0,-36.363
2024-07-08,12,ES01032,1.0,-38.032
2024-07-08,12,ES01237,1.0,-41.775
2024-07-08,12,ES00606,1.0,-66.44
2024-07-08,12,ES01238,1.0,-38.748
2024-07-08,12,ES01190,1.0,-11.789
2024-07-08,12,ES00426,1.0,-29.773
2024-07-08,12,ES00320,1.0,-39.783
2024-07-08,12,ES00872,1.0,-65.964
2024-07-08,12,ES00319,1.0,-40.542
2024-07-08,12,ES00622,1.0,-23.486
2024-07-08,12,ES00466,1.0,-37.413
2024-07-08,12,ES00266,1.0,-34.097
2024-07-08,12,ES00298,1.0,4.805
2024-07-08,12,ES01052,1.0,16.706
2024-07-08,12,ES00184,1.0,40.325
2024-07-08,12,ES00811,1.0,-1.958
2024-07-08,12,ES00371,1.0,-48.008
2024-07-08,12,ES01030,1.0,-37.509
2024-07-08,12,ES00924,1.0,3.497
2024-07-08,12,ES00389,1.0,4.182
2024-07-08,12,ES00085,1.0,-31.916
2024-07-08,12,ES00573,1.0,-32.415
2024-07-08,12,ES00030,1.0,-2.563
2024-07-08,12,ES00312,1.0,-1.288
2024-07-08,12,ES00574,1.0,-29.591
2024-07-08,12,ES01075,1.0,3.059
2024-07-08,12,ES00648,1.0,-4.301
2024-07-08,12,ES00837,1.0,2.012
2024-07-08,12,ES00594,1.0,-35.921
2024-07-08,12,ES01157,1.0,-29.336
2024-07-08,12,ES00941,1.0,-15.564
2024-07-08,12,ES00075,1.0,-7.251
2024-07-08,12,ES01228,1.0,-23.622
2024-07-08,12,ES00676,1.0,-23.745
2024-07-08,12,ES00463,1.0,-35.057
2024-07-08,12,ES00542,1.0,-38.526
2024-07-08,12,ES00867,1.0,-20.341
2024-07-08,12,ES00211,1.0,-58.414
2024-07-08,12,ES00849,1.0,37.506
2024-07-08,12,ES00864,1.0,-38.884
2024-07-08,12,ES00695,1.0,-17.986
2024-07-08,12,ES00227,1.0,-32.405
2024-07-08,12,ES00719,1.0,-39.676
2024-07-08,12,ES00806,1.0,-29.367
2024-07-08,12,ES00876,1.0,-61.755
2024-07-08,12,ES00747,1.0,-32.405
2024-07-08,12,ES00888,1.0,-74.065
2024-07-08,12,ES01117,1.0,13.134
2024-07-08,12,ES00706,1.0,-30.924
2024-07-08,12,ES00694,1.0,-11.382
2024-07-08,12,ES00839,1.0,-4.487
2024-07-08,12,ES00228,1.0,-66.315
2024-07-08,12,ES01050,1.0,-47.904
2024-07-08,12,ES01212,1.0,45.528
2024-07-08,12,ES00164,1.0,-23.385
2024-07-08,12,ES00699,1.0,-35.044
2024-07-08,12,ES00720,1.0,-39.764
2024-07-08,12,ES00145,1.0,-1.146
2024-07-08,12,ES00643,1.0,35.684
2024-07-08,12,ES01009,1.0,-19.944
2024-07-08,12,ES00979,1.0,47.427
2024-07-08,12,ES00435,1.0,-65.917
2024-07-08,12,ES00113,1.0,-32.846
2024-07-08,12,ES00495,1.0,35.873
2024-07-08,12,ES00448,1.0,-68.486
2024-07-08,12,ES00325,1.0,0.458
2024-07-08,12,ES00272,1.0,-32.206
2024-07-08,12,ES00593,1.0,-37.371
2024-07-08,12,ES00560,1.0,-5.313
2024-07-08,12,ES00901,1.0,-39.345
2024-07-08,12,ES01129,1.0,-36.634
2024-07-08,12,ES00803,1.0,-29.33
2024-07-08,12,ES00669,1.0,31.737
2024-07-08,12,ES00882,1.0,-67.037
2024-07-08,12,ES00634,1.0,-6.96
2024-07-08,12,ES00174,1.0,-34.923
2024-07-08,12,ES01174,1.0,-6.379
2024-07-08,12,ES00659,1.0,-4.667
2024-07-08,12,ES00348,1.0,5.491
2024-07-08,12,ES00652,1.0,51.092
2024-07-08,12,ES00322,1.0,-40.455
2024-07-08,12,ES00505,1.0,36.47
2024-07-08,12,ES00767,1.0,-33.916
2024-07-08,12,ES00481,1.0,-3.897
2024-07-08,12,ES00315,1.0,-24.745
2024-07-08,12,ES00757,1.0,-34.194
2024-07-08,12,ES00572,1.0,-32.322
2024-07-08,12,ES01069,1.0,-23.827
2024-07-08,12,ES00840,1.0,-26.359
2024-07-08,12,ES00067,1.0,5.795
2024-07-08,12,ES00626,1.0,-67.268
2024-07-08,12,ES00347,1.0,2.182
2024-07-08,12,ES00540,1.0,48.396
2024-07-08,12,ES00455,1.0,-60.336
2024-07-08,12,ES00645,1.0,44.955
2024-07-08,12,ES00109,1.0,-16.924
2024-07-08,12,ES00323,1.0,-38.223
2024-07-08,12,ES01137,1.0,-23.615
2024-07-08,12,ES00220,1.0,-37.62
2024-07-08,12,ES01207,1.0,-40.069
2024-07-08,12,ES01078,1.0,30.883
2024-07-08,12,ES00830,1.0,48.885
2024-07-08,12,ES00944,1.0,-13.892
2024-07-08,12,ES00769,1.0,-1.467
2024-07-08,12,ES00798,1.0,-27.698
2024-07-08,12,ES00829,1.0,48.984
2024-07-08,12,ES00774,1.0,-32.071
2024-07-08,12,ES01230,1.0,-23.791
2024-07-08,12,ES00668,1.0,-3.76
2024-07-08,12,ES00665,1.0,-37.455
2024-07-08,12,ES00361,1.0,9.313
2024-07-08,12,ES01076,1.0,2.995
2024-07-08,12,ES00792,1.0,-28.844
2024-07-08,12,ES00546,1.0,-22.389
2024-07-08,12,ES00871,1.0,-37.035
2024-07-08,12,ES00237,1.0,-34.122
2024-07-08,12,ES00208,1.0,-52.288
2024-07-08,12,ES00825,1.0,51.272
2024-07-08,12,ES00938,1.0,40.085
2024-07-08,12,ES00301,1.0,-39.123
2024-07-08,12,ES00167,1.0,26.766
2024-07-08,12,ES00383,1.0,-50.342
2024-07-08,12,ES01223,1.0,25.186
2024-07-08,12,ES00126,1.0,-20.758
2024-07-08,12,ES00229,1.0,-59.489
2024-07-08,12,ES01253,1.0,59.254
2024-07-08,12,ES00558,1.0,-34.696
2024-07-08,12,ES00999,1.0,-56.801
2024-07-08,12,ES00962,1.0,-64.797
2024-07-08,12,ES01044,1.0,-58.246
2024-07-08,12,ES00650,1.0,45.554
2024-07-08,12,ES00696,1.0,-17.549
2024-07-08,12,ES01193,1.0,21.655
2024-07-08,12,ES01181,1.0,46.108
2024-07-08,12,ES01202,1.0,13.936
2024-07-08,12,ES01114,1.0,-66.557
2024-07-08,12,ES00515,1.0,-14.555
2024-07-08,12,ES00496,1.0,21.103
2024-07-08,12,ES00474,1.0,3.497
2024-07-08,12,ES00364,1.0,0.67
2024-07-08,12,ES01160,1.0,-35.123
2024-07-08,12,ES00400,1.0,36.061
2024-07-08,12,ES00817,1.0,28.13
2024-07-08,12,ES01040,1.0,-36.451
2024-07-08,12,ES00004,1.0,-59.175
2024-07-08,12,ES00224,1.0,-26.31
2024-07-08,12,ES00759,1.0,-34.675
2024-07-08,12,ES00213,1.0,-64.657
2024-07-08,12,ES00697,1.0,-37.826
2024-07-08,12,ES00135,1.0,-27.758
2024-07-08,12,ES00332,1.0,46.707
2024-07-08,12,ES00243,1.0,-26.147
2024-07-08,12,ES00134,1.0,-34.658
2024-07-08,12,ES00376,1.0,-55.704
2024-07-08,12,ES00579,1.0,-33.666
2024-07-08,12,ES00249,1.0,-32.208
2024-07-08,12,ES00469,1.0,-42.164
2024-07-08,12,ES00762,1.0,-13.307
2024-07-08,12,ES00565,1.0,-24.92
2024-07-08,12,ES00686,1.0,-1.152
2024-07-08,12,ES00378,1.0,-47.577
2024-07-08,12,ES00310,1.0,-20.595
2024-07-08,12,ES00889,1.0,-64.658
2024-07-08,12,ES00570,1.0,-37.204
2024-07-08,12,ES00543,1.0,-20.468
2024-07-08,12,ES00414,1.0,-41.761
2024-07-08,12,ES00132,1.0,-19.184
2024-07-08,12,ES00473,1.0,-1.027
2024-07-08,12,ES01054,1.0,-29.974
2024-07-08,12,ES00809,1.0,-39.761
2024-07-08,12,ES00623,1.0,51.576
2024-07-08,12,ES00742,1.0,-34.196
2024-07-08,12,ES00119,1.0,-32.545
2024-07-08,12,ES00848,1.0,36.066
2024-07-08,12,ES00042,1.0,-29.173
2024-07-08,12,ES00028,1.0,-2.594
2024-07-08,12,ES00790,1.0,-22.289
2024-07-08,12,ES00384,1.0,-53.17
2024-07-08,12,ES00442,1.0,-47.662
2024-07-08,12,ES00350,1.0,9.332
2024-07-08,12,ES00906,1.0,9.088
2024-07-08,12,ES00293,1.0,-22.864
2024-07-08,12,ES00412,1.0,-40.939
2024-07-08,12,ES00317,1.0,-29.146
2024-07-08,12,ES00166,1.0,24.83
2024-07-08,12,ES00484,1.0,16.134
2024-07-08,12,ES00284,1.0,-35.83
2024-07-08,12,ES00856,1.0,-33.823
2024-07-08,12,ES00739,1.0,-23.52
2024-07-08,12,ES00025,1.0,-23.733
2024-07-08,12,ES00114,1.0,-32.473
2024-07-08,12,ES00688,1.0,4.708
2024-07-08,12,ES00031,1.0,-0.096
2024-07-08,12,ES00277,1.0,-23.366
2024-07-08,12,ES00874,1.0,-67.522
2024-07-08,12,ES00897,1.0,-35.807
2024-07-08,12,ES00487,1.0,-2.367
2024-07-08,12,ES01000,1.0,-44.425
2024-07-08,12,ES00967,1.0,16.077
2024-07-08,12,ES01023,1.0,-39.617
2024-07-08,12,ES00415,1.0,-41.529
2024-07-08,12,ES00482,1.0,2.598
2024-07-08,12,ES00355,1.0,-0.93
2024-07-08,12,ES00153,1.0,-27.914
2024-07-08,12,ES00997,1.0,-64.711
2024-07-08,12,ES00765,1.0,-30.594
2024-07-08,12,ES00333,1.0,54.89
2024-07-08,12,ES00873,1.0,-67.535
2024-07-08,12,ES01039,1.0,-35.804
2024-07-08,12,ES00313,1.0,-23.703
2024-07-08,12,ES00684,1.0,-1.166
2024-07-08,12,ES00957,1.0,-18.265
2024-07-08,12,ES00734,1.0,-21.84
2024-07-08,12,ES00380,1.0,-50.234
2024-07-08,12,ES00918,1.0,3.81
2024-07-08,12,ES00590,1.0,-39.728
2024-07-08,12,ES00124,1.0,-23.358
2024-07-08,12,ES01217,1.0,23.259
2024-07-08,12,ES00950,1.0,-14.593
2024-07-08,12,ES00070,1.0,-36.969
2024-07-08,12,ES01056,1.0,-29.494
2024-07-08,12,ES01134,1.0,33.285
2024-07-08,12,ES01236,1.0,-40.911
2024-07-08,12,ES00914,1.0,0.487
2024-07-08,12,ES01257,1.0,51.247
2024-07-08,12,ES00201,1.0,-1.614
2024-07-08,12,ES00341,1.0,50.403
2024-07-08,12,ES01143,1.0,-39.32
2024-07-08,12,ES01020,1.0,-37.668
2024-07-08,12,ES00351,1.0,11.877
2024-07-08,12,ES00147,1.0,-1.027
2024-07-08,12,ES00655,1.0,-68.235
2024-07-08,12,ES01022,1.0,-39.376
2024-07-08,12,ES00274,1.0,6.156
2024-07-08,12,ES00437,1.0,-65.955
2024-07-08,12,ES00609,1.0,-29.295
2024-07-08,12,ES01125,1.0,-52.794
2024-07-08,12,ES01012,1.0,-31.603
2024-07-08,12,ES00568,1.0,2.547
2024-07-08,12,ES00661,1.0,-6.419
2024-07-08,12,ES00741,1.0,-67.307
2024-07-08,12,ES00339,1.0,49.58
2024-07-08,12,ES00608,1.0,-36.746
2024-07-08,12,ES00417,1.0,-40.886
2024-07-08,12,ES00718,1.0,-39.746
2024-07-08,12,ES01158,1.0,-33.582
2024-07-08,12,ES00309,1.0,-29.961
2024-07-08,14,ES00001,1.0,-1.133
2024-07-08,14,ES00522,1.0,41.443
2024-07-08,14,ES00797,1.0,-25.577
2024-07-08,14,ES01184,1.0,-46.241
2024-07-08,14,ES00783,1.0,-39.901
2024-07-08,14,ES00604,1.0,-1.382
2024-07-08,14,ES00494,1.0,25.196
2024-07-08,14,ES01215,1.0,-42.301
2024-07-08,14,ES00231,1.0,-22.185
2024-07-08,14,ES00335,1.0,54.725
2024-07-08,14,ES00193,1.0,32.488
2024-07-08,14,ES00230,1.0,32.32
2024-07-08,14,ES00994,1.0,-37.022
2024-07-08,14,ES00300,1.0,-46.149
2024-07-08,14,ES00610,1.0,1.384
2024-07-08,14,ES01124,1.0,5.292
2024-07-08,14,ES00024,1.0,3.595
2024-07-08,14,ES00939,1.0,41.177
2024-07-08,14,ES00419,1.0,-45.459
2024-07-08,14,ES00868,1.0,-24.37
2024-07-08,14,ES00023,1.0,3.669
2024-07-08,14,ES00163,1.0,-23.731
2024-07-08,14,ES00207,1.0,-53.937
2024-07-08,14,ES00566,1.0,2.826
2024-07-08,14,ES00900,1.0,-44.076
2024-07-08,14,ES00995,1.0,-33.127
2024-07-08,14,ES00824,1.0,54.898
2024-07-08,14,ES00256,1.0,-34.188
2024-07-08,14,ES00927,1.0,-12.413
2024-07-08,14,ES00039,1.0,-32.721
2024-07-08,14,ES00852,1.0,27.728
2024-07-08,14,ES00112,1.0,-3.472
2024-07-08,14,ES00800,1.0,-29.384
2024-07-08,14,ES00375,1.0,-72.319
2024-07-08,14,ES00034,1.0,53.287
2024-07-08,14,ES00140,1.0,-16.661
2024-07-08,14,ES00595,1.0,-39.682
2024-07-08,14,ES00055,1.0,-18.113
2024-07-08,14,ES00326,1.0,5.898
2024-07-08,14,ES00017,1.0,23.6
2024-07-08,14,ES00246,1.0,3.919
2024-07-08,14,ES00175,1.0,-17.024
2024-07-08,14,ES00336,1.0,53.223
2024-07-08,14,ES00366,1.0,-13.911
2024-07-08,14,ES00555,1.0,-36.476
2024-07-08,14,ES00344,1.0,55.642
2024-07-08,14,ES00671,1.0,44.98
2024-07-08,14,ES00923,1.0,0.481
2024-07-08,14,ES00603,1.0,-2.345
2024-07-08,14,ES00649,1.0,35.339
2024-07-08,14,ES01066,1.0,-1.372
2024-07-08,14,ES00014,1.0,5.24
2024-07-08,14,ES00170,1.0,-42.596
2024-07-08,14,ES01141,1.0,-38.964
2024-07-08,14,ES00618,1.0,41.105
2024-07-08,14,ES00096,1.0,-36.417
2024-07-08,14,ES00459,1.0,-13.21
2024-07-08,14,ES01094,1.0,-67.329
2024-07-08,14,ES00260,1.0,-35.156
2024-07-08,14,ES00513,1.0,-15.477
2024-07-08,14,ES00019,1.0,4.492
2024-07-08,14,ES00680,1.0,36.909
2024-07-08,14,ES00936,1.0,41.671
2024-07-08,14,ES00200,1.0,-6.018
2024-07-08,14,ES00404,1.0,36.961
2024-07-08,14,ES00279,1.0,-38.609
2024-07-08,14,ES00787,1.0,-24.291
2024-07-08,14,ES00021,1.0,5.596
2024-07-08,14,ES00247,1.0,-34.272
2024-07-08,14,ES00083,1.0,-13.384
2024-07-08,14,ES00587,1.0,-41.187
2024-07-08,14,ES01057,1.0,14.727
2024-07-08,14,ES00877,1.0,-74.827
2024-07-08,14,ES00563,1.0,46.295
2024-07-08,14,ES00880,1.0,-67.097
2024-07-08,14,ES00550,1.0,-24.262
2024-07-08,14,ES00003,1.0,-73.029
2024-07-08,14,ES00081,1.0,-43.909
2024-07-08,14,ES01001,1.0,49.835
2024-07-08,14,ES00975,1.0,54.514
2024-07-08,14,ES00760,1.0,-36.052
2024-07-08,14,ES01085,1.0,-34.431
2024-07-08,14,ES01189,1.0,-19.431
2024-07-08,14,ES01033,1.0,-43.242
2024-07-08,14,ES00306,1.0,-38.014
2024-07-08,14,ES01231,1.0,-25.811
2024-07-08,14,ES00711,1.0,-9.146
2024-07-08,14,ES00117,1.0,-34.407
2024-07-08,14,ES01186,1.0,-1.32
2024-07-08,14,ES01064,1.0,-41.466
2024-07-08,14,ES00502,1.0,41.463
2024-07-08,14,ES01165,1.0,3.024
2024-07-08,14,ES00861,1.0,-41.566
2024-07-08,14,ES00185,1.0,46.657
2024-07-08,14,ES00179,1.0,41.457
2024-07-08,14,ES01219,1.0,-46.241
2024-07-08,14,ES00903,1.0,2.006
2024-07-08,14,ES01254,1.0,3.559
2024-07-08,14,ES01101,1.0,-45.58
2024-07-08,14,ES00559,1.0,-32.555
2024-07-08,14,ES00629,1.0,-42.345
2024-07-08,14,ES00252,1.0,-33.784
2024-07-08,14,ES00488,1.0,-1.337
2024-07-08,14,ES00642,1.0,-32.989
2024-07-08,14,ES00349,1.0,9.573
2024-07-08,14,ES01243,1.0,-45.138
2024-07-08,14,ES00547,1.0,-21.553
2024-07-08,14,ES00644,1.0,39.88
2024-07-08,14,ES00977,1.0,57.931
2024-07-08,14,ES00392,1.0,0.194
2024-07-08,14,ES01246,1.0,-42.532
2024-07-08,14,ES01169,1.0,-29.602
2024-07-08,14,ES00222,1.0,-41.876
2024-07-08,14,ES00564,1.0,43.306
2024-07-08,14,ES01152,1.0,38.77
2024-07-08,14,ES00206,1.0,-66.11
2024-07-08,14,ES01233,1.0,5.447
2024-07-08,14,ES00808,1.0,-40.535
2024-07-08,14,ES00160,1.0,26.412
2024-07-08,14,ES01128,1.0,41.429
2024-07-08,14,ES01063,1.0,44.824
2024-07-08,14,ES00802,1.0,-30.555
2024-07-08,14,ES00057,1.0,34.957
2024-07-08,14,ES00168,1.0,26.014
2024-07-08,14,ES00885,1.0,-80.271
2024-07-08,14,ES01091,1.0,-24.962
2024-07-08,14,ES01182,1.0,51.704
2024-07-08,14,ES00984,1.0,-34.183
2024-07-08,14,ES00894,1.0,-38.717
2024-07-08,14,ES00203,1.0,0.354
2024-07-08,14,ES01178,1.0,38.392
2024-07-08,14,ES01103,1.0,3.549
2024-07-08,14,ES00431,1.0,-35.829
2024-07-08,14,ES00647,1.0,37.185
2024-07-08,14,ES01090,1.0,-24.971
2024-07-08,14,ES00781,1.0,-20.418
2024-07-08,14,ES00743,1.0,-45.657
2024-07-08,14,ES00276,1.0,8.06
2024-07-08,14,ES00726,1.0,-25.5
2024-07-08,14,ES00831,1.0,52.872
2024-07-08,14,ES01155,1.0,46.844
2024-07-08,14,ES01025,1.0,-37.832
2024-07-08,14,ES00588,1.0,-41.843
2024-07-08,14,ES00061,1.0,-19.405
2024-07-08,14,ES00250,1.0,-32.368
2024-07-08,14,ES00844,1.0,45.341
2024-07-08,14,ES00460,1.0,-20.419
2024-07-08,14,ES00388,1.0,4.225
2024-07-08,14,ES00616,1.0,3.689
2024-07-08,14,ES01199,1.0,-46.244
2024-07-08,14,ES01006,1.0,3.545
2024-07-08,14,ES00056,1.0,-4.033
2024-07-08,14,ES00533,1.0,-30.971
2024-07-08,14,ES00441,1.0,-51.697
2024-07-08,14,ES00732,1.0,-36.049
2024-07-08,14,ES00267,1.0,-36.061
2024-07-08,14,ES01097,1.0,-41.973
2024-07-08,14,ES01198,1.0,-46.246
2024-07-08,14,ES00106,1.0,-74.058
2024-07-08,14,ES00438,1.0,-73.438
2024-07-08,14,ES00492,1.0,33.011
2024-07-08,14,ES00855,1.0,35.602
2024-07-08,14,ES00581,1.0,-40.929
2024-07-08,14,ES00589,1.0,-43.217
2024-07-08,14,ES00290,1.0,-266.306
2024-07-08,14,ES00216,1.0,-75.431
2024-07-08,14,ES00477,1.0,54.343
2024-07-08,14,ES00359,1.0,-8.874
2024-07-08,14,ES00268,1.0,-49.6
2024-07-08,14,ES00218,1.0,-43.835
2024-07-08,14,ES01037,1.0,-39.724
2024-07-08,14,ES00446,1.0,-73.272
2024-07-08,14,ES00427,1.0,-40.442
2024-07-08,14,ES00157,1.0,-23.841
2024-07-08,14,ES01171,1.0,55.938
2024-07-08,14,ES00689,1.0,4.422
2024-07-08,14,ES00049,1.0,-10.149
2024-07-08,14,ES00005,1.0,-73.255
2024-07-08,14,ES01004,1.0,-21.34
2024-07-08,14,ES00199,1.0,-13.041
2024-07-08,14,ES00090,1.0,-34.073
2024-07-08,14,ES00714,1.0,-22.543
2024-07-08,14,ES01008,1.0,-21.72
2024-07-08,14,ES00407,1.0,29.786
2024-07-08,14,ES00751,1.0,46.616
2024-07-08,14,ES01107,1.0,-0.789
2024-07-08,14,ES00204,1.0,-29.375
2024-07-08,14,ES00314,1.0,-25.577
2024-07-08,14,ES00318,1.0,-30.826
2024-07-08,14,ES00451,1.0,-75.694
2024-07-08,14,ES00464,1.0,-38.702
2024-07-08,14,ES00369,1.0,-55.419
2024-07-08,14,ES00766,1.0,-35.584
2024-07-08,14,ES00850,1.0,33.633
2024-07-08,14,ES00663,1.0,-46.239
2024-07-08,14,ES01250,1.0,38.399
2024-07-08,14,ES00071,1.0,-28.348
2024-07-08,14,ES00998,1.0,-72.297
2024-07-08,14,ES01002,1.0,-37.087
2024-07-08,14,ES01011,1.0,-36.094
2024-07-08,14,ES00945,1.0,-7.059
2024-07-08,14,ES00619,1.0,-29.533
2024-07-08,14,ES00740,1.0,-44.51
2024-07-08,14,ES00269,1.0,-47.76
2024-07-08,14,ES00006,1.0,43.113
2024-07-08,14,ES00444,1.0,-52.678
2024-07-08,14,ES00931,1.0,11.906
2024-07-08,14,ES01127,1.0,-25.032
2024-07-08,14,ES00820,1.0,58.784
2024-07-08,14,ES00813,1.0,0.728
2024-07-08,14,ES00125,1.0,-24.026
2024-07-08,14,ES01226,1.0,43.286
2024-07-08,14,ES01187,1.0,-1.202
2024-07-08,14,ES00476,1.0,44.535
2024-07-08,14,ES00098,1.0,-37.386
2024-07-08,14,ES01196,1.0,29.838
2024-07-08,14,ES00907,1.0,9.722
2024-07-08,14,ES01131,1.0,-33.162
2024-07-08,14,ES00177,1.0,-23.894
2024-07-08,14,ES01208,1.0,44.071
2024-07-08,14,ES00612,1.0,40.386
2024-07-08,14,ES00961,1.0,-74.052
2024-07-08,14,ES00340,1.0,52.814
2024-07-08,14,ES00357,1.0,-3.142
2024-07-08,14,ES00097,1.0,-44.47
2024-07-08,14,ES00833,1.0,52.575
2024-07-08,14,ES00238,1.0,-36.209
2024-07-08,14,ES00137,1.0,-32.86
2024-07-08,14,ES00857,1.0,-35.755
2024-07-08,14,ES00151,1.0,33.236
2024-07-08,14,ES00828,1.0,54.154
2024-07-08,14,ES00196,1.0,34.348
2024-07-08,14,ES00521,1.0,-73.377
2024-07-08,14,ES01082,1.0,-45.507
2024-07-08,14,ES00511,1.0,-14.038
2024-07-08,14,ES01218,1.0,11.265
2024-07-08,14,ES01042,1.0,-34.916
2024-07-08,14,ES01126,1.0,-65.983
2024-07-08,14,ES00940,1.0,-8.695
2024-07-08,14,ES00635,1.0,-1.312
2024-07-08,14,ES00780,1.0,-35.367
2024-07-08,14,ES00381,1.0,-62.538
2024-07-08,14,ES00116,1.0,-34.355
2024-07-08,14,ES00379,1.0,-54.336
2024-07-08,14,ES00244,1.0,-16.022
2024-07-08,14,ES00458,1.0,41.016
2024-07-08,14,ES01136,1.0,-31.131
2024-07-08,14,ES00029,1.0,0.0
2024-07-08,14,ES00795,1.0,-30.525
2024-07-08,14,ES00556,1.0,-33.078
2024-07-08,14,ES00958,1.0,-45.994
2024-07-08,14,ES00370,1.0,-58.981
2024-07-08,14,ES01252,1.0,38.078
2024-07-08,14,ES00959,1.0,-44.037
2024-07-08,14,ES00518,1.0,41.865
2024-07-08,14,ES00713,1.0,-22.137
2024-07-08,14,ES00500,1.0,41.569
2024-07-08,14,ES00507,1.0,43.155
2024-07-08,14,ES01206,1.0,-44.975
2024-07-08,14,ES01209,1.0,23.57
2024-07-08,14,ES00925,1.0,-12.645
2024-07-08,14,ES00620,1.0,-24.971
2024-07-08,14,ES00987,1.0,-36.089
2024-07-08,14,ES00377,1.0,-50.81
2024-07-08,14,ES01146,1.0,-6.88
2024-07-08,14,ES00895,1.0,-38.703
2024-07-08,14,ES00367,1.0,-16.229
2024-07-08,14,ES00812,1.0,-3.495
2024-07-08,14,ES00575,1.0,-25.414
2024-07-08,14,ES00044,1.0,-38.309
2024-07-08,14,ES00172,1.0,-75.784
2024-07-08,14,ES00192,1.0,52.607
2024-07-08,14,ES00432,1.0,-26.743
2024-07-08,14,ES00094,1.0,-33.699
2024-07-08,14,ES00291,1.0,-265.987
2024-07-08,14,ES00073,1.0,-38.338
2024-07-08,14,ES00082,1.0,-37.855
2024-07-08,14,ES00911,1.0,54.904
2024-07-08,14,ES00079,1.0,-31.172
2024-07-08,14,ES00985,1.0,-35.967
2024-07-08,14,ES01110,1.0,-44.51
2024-07-08,14,ES01083,1.0,-31.504
2024-07-08,14,ES00510,1.0,-4.639
2024-07-08,14,ES00430,1.0,-41.551
2024-07-08,14,ES01203,1.0,-38.322
2024-07-08,14,ES00394,1.0,42.498
2024-07-08,14,ES00539,1.0,55.622
2024-07-08,14,ES00577,1.0,-45.394
2024-07-08,14,ES00008,1.0,52.678
2024-07-08,14,ES00064,1.0,-45.781
2024-07-08,14,ES01031,1.0,-41.646
2024-07-08,14,ES00091,1.0,-31.659
2024-07-08,14,ES01140,1.0,35.81
2024-07-08,14,ES00933,1.0,35.027
2024-07-08,14,ES00735,1.0,43.234
2024-07-08,14,ES00501,1.0,41.73
2024-07-08,14,ES00159,1.0,23.485
2024-07-08,14,ES00223,1.0,-32.028
2024-07-08,14,ES00022,1.0,3.591
2024-07-08,14,ES00887,1.0,-50.819
2024-07-08,14,ES00386,1.0,-46.19
2024-07-08,14,ES00327,1.0,-1.972
2024-07-08,14,ES00870,1.0,27.056
2024-07-08,14,ES00707,1.0,-35.983
2024-07-08,14,ES00493,1.0,42.113
2024-07-08,14,ES00509,1.0,-8.683
2024-07-08,14,ES00884,1.0,-66.507
2024-07-08,14,ES00072,1.0,-28.751
2024-07-08,14,ES00869,1.0,-39.07
2024-07-08,14,ES01106,1.0,3.194
2024-07-08,14,ES00674,1.0,38.078
2024-07-08,14,ES00475,1.0,16.057
2024-07-08,14,ES01051,1.0,17.951
2024-07-08,14,ES00527,1.0,-62.899
2024-07-08,14,ES01249,1.0,50.452
2024-07-08,14,ES00776,1.0,41.118
2024-07-08,14,ES00148,1.0,0.524
2024-07-08,14,ES00036,1.0,35.426
2024-07-08,14,ES01100,1.0,-38.66
2024-07-08,14,ES00356,1.0,-2.194
2024-07-08,14,ES00235,1.0,-35.854
2024-07-08,14,ES00410,1.0,36.844
2024-07-08,14,ES00054,1.0,-16.187
2024-07-08,14,ES00733,1.0,-33.947
2024-07-08,14,ES00101,1.0,-39.365
2024-07-08,14,ES00801,1.0,-29.385
2024-07-08,14,ES00724,1.0,27.95
2024-07-08,14,ES00956,1.0,-31.871
2024-07-08,14,ES01068,1.0,-34.55
2024-07-08,14,ES01133,1.0,-41.704
2024-07-08,14,ES00338,1.0,52.755
2024-07-08,14,ES00636,1.0,-7.064
2024-07-08,14,ES00171,1.0,-31.953
2024-07-08,14,ES00406,1.0,24.853
2024-07-08,14,ES01027,1.0,-40.973
2024-07-08,14,ES00273,1.0,-37.836
2024-07-08,14,ES00479,1.0,45.265
2024-07-08,14,ES01041,1.0,-35.117
2024-07-08,14,ES00965,1.0,-35.605
2024-07-08,14,ES00456,1.0,-61.019
2024-07-08,14,ES00892,1.0,-13.206
2024-07-08,14,ES00088,1.0,-12.505
2024-07-08,14,ES00752,1.0,-65.583
2024-07-08,14,ES00077,1.0,-34.234
2024-07-08,14,ES00601,1.0,-2.573
2024-07-08,14,ES00983,1.0,-35.96
2024-07-08,14,ES00452,1.0,-50.826
2024-07-08,14,ES01102,1.0,-41.995
2024-07-08,14,ES00390,1.0,1.544
2024-07-08,14,ES00625,1.0,-67.325
2024-07-08,14,ES00453,1.0,-81.273
2024-07-08,14,ES00917,1.0,-2.778
2024-07-08,14,ES00591,1.0,-45.656
2024-07-08,14,ES00982,1.0,-21.679
2024-07-08,14,ES00641,1.0,-32.043
2024-07-08,14,ES00043,1.0,-27.081
2024-07-08,14,ES01111,1.0,-35.611
2024-07-08,14,ES01229,1.0,-25.764
2024-07-08,14,ES01018,1.0,-40.67
2024-07-08,14,ES00902,1.0,-45.625
2024-07-08,14,ES00535,1.0,-43.931
2024-07-08,14,ES00607,1.0,5.565
2024-07-08,14,ES00710,1.0,-26.625
2024-07-08,14,ES00599,1.0,-73.278
2024-07-08,14,ES00657,1.0,36.651
2024-07-08,14,ES01060,1.0,34.576
2024-07-08,14,ES00943,1.0,-14.39
2024-07-08,14,ES00973,1.0,-43.781
2024-07-08,14,ES00525,1.0,-71.497
2024-07-08,14,ES00009,1.0,45.077
2024-07-08,14,ES01135,1.0,-34.413
2024-07-08,14,ES00557,1.0,-39.215
2024-07-08,14,ES00195,1.0,39.165
2024-07-08,14,ES00012,1.0,-67.178
2024-07-08,14,ES00360,1.0,-12.623
2024-07-08,14,ES00420,1.0,-45.626
2024-07-08,14,ES00701,1.0,20.9
2024-07-08,14,ES01177,1.0,-39.306
2024-07-08,14,ES00429,1.0,54.344
2024-07-08,14,ES01005,1.0,3.556
2024-07-08,14,ES00544,1.0,-31.332
2024-07-08,14,ES01028,1.0,-40.947
2024-07-08,14,ES00770,1.0,-37.48
2024-07-08,14,ES00615,1.0,-32.37
2024-07-08,14,ES00748,1.0,-32.065
2024-07-08,14,ES00182,1.0,43.233
2024-07-08,14,ES01007,1.0,-35.756
2024-07-08,14,ES00916,1.0,-2.787
2024-07-08,14,ES00791,1.0,-30.782
2024-07-08,14,ES00242,1.0,-13.142
2024-07-08,14,ES00922,1.0,-1.215
2024-07-08,14,ES01220,1.0,44.8
2024-07-08,14,ES00746,1.0,-32.662
2024-07-08,14,ES01046,1.0,-22.678
2024-07-08,14,ES00898,1.0,-41.787
2024-07-08,14,ES00530,1.0,21.094
2024-07-08,14,ES00491,1.0,8.183
2024-07-08,14,ES00461,1.0,-38.31
2024-07-08,14,ES00754,1.0,-20.792
2024-07-08,14,ES00703,1.0,-12.814
2024-07-08,14,ES00675,1.0,-25.794
2024-07-08,14,ES00045,1.0,-41.386
2024-07-08,14,ES00439,1.0,-73.59
2024-07-08,14,ES00532,1.0,46.318
2024-07-08,14,ES00881,1.0,-74.7
2024-07-08,14,ES00443,1.0,-51.327
2024-07-08,14,ES01016,1.0,-33.078
2024-07-08,14,ES00105,1.0,-74.755
2024-07-08,14,ES00552,1.0,-32.819
2024-07-08,14,ES00403,1.0,33.093
2024-07-08,14,ES00702,1.0,-31.172
2024-07-08,14,ES00483,1.0,2.85
2024-07-08,14,ES00737,1.0,-67.445
2024-07-08,14,ES01235,1.0,-75.099
2024-07-08,14,ES00753,1.0,-20.801
2024-07-08,14,ES00299,1.0,3.832
2024-07-08,14,ES00731,1.0,-22.566
2024-07-08,14,ES00395,1.0,40.877
2024-07-08,14,ES01053,1.0,-4.166
2024-07-08,14,ES00784,1.0,-264.044
2024-07-08,14,ES01121,1.0,-6.987
2024-07-08,14,ES00631,1.0,-42.303
2024-07-08,14,ES00630,1.0,-41.97
2024-07-08,14,ES00050,1.0,-5.614
2024-07-08,14,ES00531,1.0,49.958
2024-07-08,14,ES00165,1.0,-23.84
2024-07-08,14,ES00063,1.0,-43.281
2024-07-08,14,ES00092,1.0,-20.978
2024-07-08,14,ES00217,1.0,-42.043
2024-07-08,14,ES00578,1.0,-38.647
2024-07-08,14,ES00789,1.0,-24.385
2024-07-08,14,ES00960,1.0,-39.129
2024-07-08,14,ES01086,1.0,38.912
2024-07-08,14,ES01013,1.0,-36.478
2024-07-08,14,ES00678,1.0,49.953
2024-07-08,14,ES00821,1.0,58.583
2024-07-08,14,ES00728,1.0,-17.089
2024-07-08,14,ES00549,1.0,-23.992
2024-07-08,14,ES00278,1.0,-39.899
2024-07-08,14,ES00835,1.0,55.989
2024-07-08,14,ES00951,1.0,-14.462
2024-07-08,14,ES00908,1.0,16.048
2024-07-08,14,ES00519,1.0,25.86
2024-07-08,14,ES00289,1.0,-263.986
2024-07-08,14,ES00462,1.0,-38.722
2024-07-08,14,ES00468,1.0,-44.088
2024-07-08,14,ES00658,1.0,-26.027
2024-07-08,14,ES01026,1.0,-37.822
2024-07-08,14,ES01148,1.0,40.241
2024-07-08,14,ES00788,1.0,-24.088
2024-07-08,14,ES00311,1.0,-13.075
2024-07-08,14,ES00110,1.0,-18.583
2024-07-08,14,ES01166,1.0,29.393
2024-07-08,14,ES01108,1.0,4.352
2024-07-08,14,ES00611,1.0,44.914
2024-07-08,14,ES00954,1.0,25.865
2024-07-08,14,ES00234,1.0,-36.767
2024-07-08,14,ES01048,1.0,-32.819
2024-07-08,14,ES01080,1.0,3.565
2024-07-08,14,ES01035,1.0,-44.382
2024-07-08,14,ES00387,1.0,-45.197
2024-07-08,14,ES01161,1.0,-46.685
2024-07-08,14,ES00176,1.0,-16.959
2024-07-08,14,ES00236,1.0,-36.219
2024-07-08,14,ES00807,1.0,-31.032
2024-07-08,14,ES01227,1.0,-42.349
2024-07-08,14,ES00130,1.0,-15.596
2024-07-08,14,ES00584,1.0,-35.821
2024-07-08,14,ES01248,1.0,38.463
2024-07-08,14,ES00910,1.0,53.317
2024-07-08,14,ES01089,1.0,41.107
2024-07-08,14,ES00729,1.0,-17.095
2024-07-08,14,ES00108,1.0,-22.674
2024-07-08,14,ES00100,1.0,-39.439
2024-07-08,14,ES00602,1.0,-1.402
2024-07-08,14,ES01256,1.0,1.352
2024-07-08,14,ES00046,1.0,-35.725
2024-07-08,14,ES00537,1.0,50.976
2024-07-08,14,ES00447,1.0,-68.136
2024-07-08,14,ES00744,1.0,-44.566
2024-07-08,14,ES00154,1.0,-20.792
2024-07-08,14,ES00150,1.0,0.842
2024-07-08,14,ES00745,1.0,-42.244
2024-07-08,14,ES00457,1.0,-62.859
2024-07-08,14,ES00345,1.0,54.475
2024-07-08,14,ES00183,1.0,42.615
2024-07-08,14,ES00136,1.0,-37.469
2024-07-08,14,ES01251,1.0,37.584
2024-07-08,14,ES00048,1.0,-73.567
2024-07-08,14,ES00265,1.0,-35.444
2024-07-08,14,ES00597,1.0,-41.38
2024-07-08,14,ES00411,1.0,60.497
2024-07-08,14,ES00032,1.0,-2.628
2024-07-08,14,ES00408,1.0,35.932
2024-07-08,14,ES01049,1.0,-73.322
2024-07-08,14,ES00337,1.0,44.874
2024-07-08,14,ES00002,1.0,-1.024
2024-07-08,14,ES01201,1.0,-50.81
2024-07-08,14,ES00186,1.0,43.273
2024-07-08,14,ES01142,1.0,44.525
2024-07-08,14,ES00761,1.0,-58.868
2024-07-08,14,ES00051,1.0,-73.158
2024-07-08,14,ES00858,1.0,-45.305
2024-07-08,14,ES00144,1.0,-1.797
2024-07-08,14,ES00343,1.0,55.982
2024-07-08,14,ES00281,1.0,-40.915
2024-07-08,14,ES01079,1.0,4.916
2024-07-08,14,ES00756,1.0,-73.259
2024-07-08,14,ES00221,1.0,-35.819
2024-07-08,14,ES00617,1.0,-1.405
2024-07-08,14,ES00637,1.0,-1.152
2024-07-08,14,ES00886,1.0,-50.821
2024-07-08,14,ES00841,1.0,-15.764
2024-07-08,14,ES00845,1.0,45.291
2024-07-08,14,ES00240,1.0,-46.502
2024-07-08,14,ES00722,1.0,-38.144
2024-07-08,14,ES00422,1.0,-73.201
2024-07-08,14,ES01065,1.0,-42.842
2024-07-08,14,ES00727,1.0,27.08
2024-07-08,14,ES00037,1.0,-29.432
2024-07-08,14,ES00692,1.0,-32.992
2024-07-08,14,ES01258,1.0,-67.369
2024-07-08,14,ES00764,1.0,-31.961
2024-07-08,14,ES00969,1.0,46.569
2024-07-08,14,ES01222,1.0,-41.459
2024-07-08,14,ES01194,1.0,54.706
2024-07-08,14,ES00930,1.0,8.182
2024-07-08,14,ES00605,1.0,-73.698
2024-07-08,14,ES00796,1.0,-29.073
2024-07-08,14,ES01096,1.0,-1.088
2024-07-08,14,ES00679,1.0,36.78
2024-07-08,14,ES00275,1.0,5.706
2024-07-08,14,ES01162,1.0,-1.081
2024-07-08,14,ES01092,1.0,44.525
2024-07-08,14,ES01147,1.0,-20.84
2024-07-08,14,ES00007,1.0,43.857
2024-07-08,14,ES01188,1.0,-19.426
2024-07-08,14,ES00804,1.0,-30.982
2024-07-08,14,ES00197,1.0,33.887
2024-07-08,14,ES00143,1.0,-1.37
2024-07-08,14,ES00863,1.0,-43.22
2024-07-08,14,ES00947,1.0,-16.295
2024-07-08,14,ES00215,1.0,-40.026
2024-07-08,14,ES00919,1.0,4.811
2024-07-08,14,ES00372,1.0,-53.512
2024-07-08,14,ES00214,1.0,-66.292
2024-07-08,14,ES00685,1.0,0.484
2024-07-08,14,ES00118,1.0,-30.085
2024-07-08,14,ES00286,1.0,-261.294
2024-07-08,14,ES00516,1.0,-27.919
2024-07-08,14,ES01144,1.0,6.326
2024-07-08,14,ES01036,1.0,-41.381
2024-07-08,14,ES00822,1.0,40.964
2024-07-08,14,ES00428,1.0,-40.622
2024-07-08,14,ES00909,1.0,26.207
2024-07-08,14,ES00551,1.0,-31.947
2024-07-08,14,ES00693,1.0,-28.062
2024-07-08,14,ES00304,1.0,-42.321
2024-07-08,14,ES01173,1.0,46.837
2024-07-08,14,ES00793,1.0,-30.611
2024-07-08,14,ES00018,1.0,3.586
2024-07-08,14,ES00815,1.0,-27.524
2024-07-08,14,ES00805,1.0,-31.026
2024-07-08,14,ES00520,1.0,-73.358
2024-07-08,14,ES00078,1.0,-31.968
2024-07-08,14,ES01197,1.0,29.91
2024-07-08,14,ES00385,1.0,-45.476
2024-07-08,14,ES00074,1.0,-35.376
2024-07-08,14,ES01070,1.0,-1.371
2024-07-08,14,ES00033,1.0,0.091
2024-07-08,14,ES00052,1.0,-73.187
2024-07-08,14,ES01045,1.0,-22.678
2024-07-08,14,ES00121,1.0,-32.377
2024-07-08,14,ES00398,1.0,38.237
2024-07-08,14,ES01084,1.0,-31.478
2024-07-08,14,ES01074,1.0,-27.694
2024-07-08,14,ES00512,1.0,-13.413
2024-07-08,14,ES00929,1.0,11.413
2024-07-08,14,ES00972,1.0,-43.72
2024-07-08,14,ES01175,1.0,51.948
2024-07-08,14,ES00058,1.0,27.748
2024-07-08,14,ES01123,1.0,-28.595
2024-07-08,14,ES00169,1.0,27.321
2024-07-08,14,ES00646,1.0,46.83
2024-07-08,14,ES00283,1.0,-44.052
2024-07-08,14,ES00316,1.0,-40.377
2024-07-08,14,ES00651,1.0,38.251
2024-07-08,14,ES00768,1.0,-50.475
2024-07-08,14,ES00948,1.0,-27.33
2024-07-08,14,ES00920,1.0,-1.262
2024-07-08,14,ES01071,1.0,29.564
2024-07-08,14,ES01225,1.0,44.392
2024-07-08,14,ES00099,1.0,29.752
2024-07-08,14,ES00440,1.0,-53.21
2024-07-08,14,ES00288,1.0,-265.713
2024-07-08,14,ES00436,1.0,-64.784
2024-07-08,14,ES00966,1.0,-24.967
2024-07-08,14,ES00409,1.0,26.24
2024-07-08,14,ES00653,1.0,-50.029
2024-07-08,14,ES00932,1.0,14.301
2024-07-08,14,ES01118,1.0,5.383
2024-07-08,14,ES00084,1.0,-11.758
2024-07-08,14,ES00328,1.0,67.714
2024-07-08,14,ES00104,1.0,-33.847
2024-07-08,14,ES00413,1.0,-47.366
2024-07-08,14,ES00188,1.0,43.304
2024-07-08,14,ES00270,1.0,-50.233
2024-07-08,14,ES01156,1.0,-43.411
2024-07-08,14,ES00632,1.0,-1.136
2024-07-08,14,ES00352,1.0,7.793
2024-07-08,14,ES00194,1.0,28.445
2024-07-08,14,ES00816,1.0,67.779
2024-07-08,14,ES01195,1.0,54.639
2024-07-08,14,ES01122,1.0,-1.13
2024-07-08,14,ES00307,1.0,-33.957
2024-07-08,14,ES01245,1.0,-20.92
2024-07-08,14,ES00585,1.0,-35.784
2024-07-08,14,ES00423,1.0,-73.017
2024-07-08,14,ES00736,1.0,47.373
2024-07-08,14,ES00865,1.0,-36.617
2024-07-08,14,ES00818,1.0,41.548
2024-07-08,14,ES00847,1.0,40.875
2024-07-08,14,ES01113,1.0,-73.898
2024-07-08,14,ES00988,1.0,-33.906
2024-07-08,14,ES01112,1.0,-14.237
2024-07-08,14,ES00016,1.0,6.478
2024-07-08,14,ES01191,1.0,-41.897
2024-07-08,14,ES00040,1.0,-20.714
2024-07-08,14,ES01081,1.0,-45.484
2024-07-08,14,ES00819,1.0,37.17
2024-07-08,14,ES00128,1.0,-2.106
2024-07-08,14,ES01145,1.0,6.267
2024-07-08,14,ES01214,1.0,41.27
2024-07-08,14,ES00576,1.0,-28.82
2024-07-08,14,ES00141,1.0,-37.619
2024-07-08,14,ES01034,1.0,-44.419
2024-07-08,14,ES00677,1.0,-25.811
2024-07-08,14,ES00926,1.0,-8.591
2024-07-08,14,ES01132,1.0,-34.475
2024-07-08,14,ES00374,1.0,-53.521
2024-07-08,14,ES00041,1.0,-19.439
2024-07-08,14,ES01259,1.0,39.848
2024-07-08,14,ES00478,1.0,53.969
2024-07-08,14,ES00065,1.0,-37.376
2024-07-08,14,ES00712,1.0,27.582
2024-07-08,14,ES00450,1.0,-67.273
2024-07-08,14,ES00365,1.0,2.013
2024-07-08,14,ES00598,1.0,-73.039
2024-07-08,14,ES00624,1.0,-66.804
2024-07-08,14,ES00508,1.0,-14.292
2024-07-08,14,ES00596,1.0,-73.199
2024-07-08,14,ES00548,1.0,-23.294
2024-07-08,14,ES01077,1.0,-1.177
2024-07-08,14,ES00329,1.0,49.781
2024-07-08,14,ES00470,1.0,2.891
2024-07-08,14,ES00723,1.0,-23.818
2024-07-08,14,ES00292,1.0,-264.024
2024-07-08,14,ES00253,1.0,-32.264
2024-07-08,14,ES00937,1.0,41.99
2024-07-08,14,ES00362,1.0,1.351
2024-07-08,14,ES01179,1.0,-46.253
2024-07-08,14,ES00059,1.0,-21.169
2024-07-08,14,ES00187,1.0,46.601
2024-07-08,14,ES01062,1.0,45.105
2024-07-08,14,ES00418,1.0,-45.483
2024-07-08,14,ES01154,1.0,46.835
2024-07-08,14,ES01093,1.0,32.259
2024-07-08,14,ES00296,1.0,-40.901
2024-07-08,14,ES00424,1.0,63.941
2024-07-08,14,ES00517,1.0,-29.321
2024-07-08,14,ES00353,1.0,4.36
2024-07-08,14,ES00683,1.0,-261.085
2024-07-08,14,ES00690,1.0,5.185
2024-07-08,14,ES00255,1.0,-32.178
2024-07-08,14,ES00890,1.0,-66.303
2024-07-08,14,ES00666,1.0,-46.252
2024-07-08,14,ES00465,1.0,-39.906
2024-07-08,14,ES00786,1.0,-22.629
2024-07-08,14,ES00946,1.0,-16.337
2024-07-08,14,ES00127,1.0,-1.253
2024-07-08,14,ES01021,1.0,-35.781
2024-07-08,14,ES00955,1.0,32.884
2024-07-08,14,ES00893,1.0,-38.61
2024-07-08,14,ES00832,1.0,52.892
2024-07-08,14,ES00639,1.0,-1.605
2024-07-08,14,ES00180,1.0,46.025
2024-07-08,14,ES00257,1.0,-32.602
2024-07-08,14,ES00896,1.0,-39.951
2024-07-08,14,ES00799,1.0,-29.38
2024-07-08,14,ES00700,1.0,-18.299
2024-07-08,14,ES00245,1.0,-0.473
2024-07-08,14,ES00755,1.0,-72.762
2024-07-08,14,ES01010,1.0,-32.173
2024-07-08,14,ES00399,1.0,38.321
2024-07-08,14,ES00843,1.0,-62.541
2024-07-08,14,ES00263,1.0,-36.177
2024-07-08,14,ES00687,1.0,5.667
2024-07-08,14,ES00498,1.0,38.51
2024-07-08,14,ES00749,1.0,-28.39
2024-07-08,14,ES00035,1.0,44.033
2024-07-08,14,ES01019,1.0,-40.445
2024-07-08,14,ES00131,1.0,-3.291
2024-07-08,14,ES01232,1.0,-36.735
2024-07-08,14,ES00368,1.0,-13.964
2024-07-08,14,ES00698,1.0,-31.291
2024-07-08,14,ES00497,1.0,22.315
2024-07-08,14,ES00561,1.0,-72.292
2024-07-08,14,ES00905,1.0,1.495
2024-07-08,14,ES00777,1.0,-24.764
2024-07-08,14,ES01168,1.0,-67.259
2024-07-08,14,ES00142,1.0,-38.145
2024-07-08,14,ES00836,1.0,9.578
2024-07-08,14,ES00416,1.0,-35.749
2024-07-08,14,ES00485,1.0,1.685
2024-07-08,14,ES00554,1.0,-31.458
2024-07-08,14,ES00027,1.0,-34.24
2024-07-08,14,ES00891,1.0,-66.783
2024-07-08,14,ES00506,1.0,39.495
2024-07-08,14,ES00986,1.0,-34.196
2024-07-08,14,ES00878,1.0,-67.265
2024-07-08,14,ES01047,1.0,-38.406
2024-07-08,14,ES00425,1.0,-36.505
2024-07-08,14,ES00716,1.0,25.216
2024-07-08,14,ES00814,1.0,3.919
2024-07-08,14,ES00654,1.0,-1.139
2024-07-08,14,ES00120,1.0,-34.194
2024-07-08,14,ES00087,1.0,-12.786
2024-07-08,14,ES00258,1.0,-34.739
2024-07-08,14,ES00181,1.0,42.842
2024-07-08,14,ES00089,1.0,-8.668
2024-07-08,14,ES00499,1.0,36.097
2024-07-08,14,ES00198,1.0,-42.016
2024-07-08,14,ES01130,1.0,-41.971
2024-07-08,14,ES01120,1.0,-1.152
2024-07-08,14,ES00934,1.0,35.041
2024-07-08,14,ES01095,1.0,54.205
2024-07-08,14,ES00445,1.0,-53.299
2024-07-08,14,ES00935,1.0,41.136
2024-07-08,14,ES00567,1.0,2.848
2024-07-08,14,ES01244,1.0,-39.966
2024-07-08,14,ES00205,1.0,-74.195
2024-07-08,14,ES00660,1.0,4.852
2024-07-08,14,ES01216,1.0,-42.301
2024-07-08,14,ES00149,1.0,-1.118
2024-07-08,14,ES00964,1.0,-62.905
2024-07-08,14,ES01058,1.0,49.687
2024-07-08,14,ES00259,1.0,-34.48
2024-07-08,14,ES00294,1.0,-40.944
2024-07-08,14,ES00080,1.0,-50.819
2024-07-08,14,ES00363,1.0,-12.623
2024-07-08,14,ES01200,1.0,-12.548
2024-07-08,14,ES00421,1.0,-45.839
2024-07-08,14,ES00434,1.0,-38.835
2024-07-08,14,ES00523,1.0,41.425
2024-07-08,14,ES01180,1.0,55.566
2024-07-08,14,ES00980,1.0,-40.423
2024-07-08,14,ES01167,1.0,3.787
2024-07-08,14,ES00330,1.0,41.619
2024-07-08,14,ES00287,1.0,-263.128
2024-07-08,14,ES00827,1.0,55.12
2024-07-08,14,ES01163,1.0,41.548
2024-07-08,14,ES01255,1.0,-24.979
2024-07-08,14,ES00580,1.0,-40.819
2024-07-08,14,ES00953,1.0,41.677
2024-07-08,14,ES00682,1.0,-1.501
2024-07-08,14,ES00915,1.0,-0.263
2024-07-08,14,ES00015,1.0,5.414
2024-07-08,14,ES01204,1.0,-50.688
2024-07-08,14,ES00503,1.0,42.173
2024-07-08,14,ES00794,1.0,-35.857
2024-07-08,14,ES01015,1.0,-28.82
2024-07-08,14,ES00254,1.0,-33.713
2024-07-08,14,ES00173,1.0,-39.271
2024-07-08,14,ES00251,1.0,-24.895
2024-07-08,14,ES00662,1.0,11.273
2024-07-08,14,ES00899,1.0,-41.881
2024-07-08,14,ES00068,1.0,11.275
2024-07-08,14,ES00534,1.0,-41.124
2024-07-08,14,ES00859,1.0,-38.257
2024-07-08,14,ES00076,1.0,3.235
2024-07-08,14,ES00189,1.0,46.537
2024-07-08,14,ES01192,1.0,-46.277
2024-07-08,14,ES00396,1.0,40.877
2024-07-08,14,ES00103,1.0,-36.151
2024-07-08,14,ES00358,1.0,-5.115
2024-07-08,14,ES00996,1.0,-6.106
2024-07-08,14,ES00725,1.0,26.131
2024-07-08,14,ES00879,1.0,-67.097
2024-07-08,14,ES00158,1.0,26.397
2024-07-08,14,ES00053,1.0,-66.231
2024-07-08,14,ES00656,1.0,-74.889
2024-07-08,14,ES00974,1.0,-44.465
2024-07-08,14,ES01183,1.0,54.722
2024-07-08,14,ES00571,1.0,-38.265
2024-07-08,14,ES00111,1.0,-18.81
2024-07-08,14,ES00730,1.0,-25.427
2024-07-08,14,ES00093,1.0,-33.549
2024-07-08,14,ES00010,1.0,27.057
2024-07-08,14,ES00308,1.0,-33.745
2024-07-08,14,ES00779,1.0,-35.317
2024-07-08,14,ES01150,1.0,38.319
2024-07-08,14,ES00708,1.0,-13.429
2024-07-08,14,ES00324,1.0,-6.882
2024-07-08,14,ES01205,1.0,-55.667
2024-07-08,14,ES00062,1.0,-25.282
2024-07-08,14,ES00672,1.0,-38.744
2024-07-08,14,ES00449,1.0,-75.021
2024-07-08,14,ES00866,1.0,-40.448
2024-07-08,14,ES00393,1.0,1.008
2024-07-08,14,ES01164,1.0,8.353
2024-07-08,14,ES00638,1.0,2.659
2024-07-08,14,ES00842,1.0,-53.745
2024-07-08,14,ES00086,1.0,-14.606
2024-07-08,14,ES00526,1.0,-78.871
2024-07-08,14,ES00155,1.0,-21.174
2024-07-08,14,ES00921,1.0,0.476
2024-07-08,14,ES00472,1.0,13.909
2024-07-08,14,ES00248,1.0,-32.06
2024-07-08,14,ES00524,1.0,-74.062
2024-07-08,14,ES00402,1.0,37.499
2024-07-08,14,ES00490,1.0,12.426
2024-07-08,14,ES00271,1.0,-2.076
2024-07-08,14,ES00664,1.0,-12.518
2024-07-08,14,ES00709,1.0,-74.791
2024-07-08,14,ES00981,1.0,-33.571
2024-07-08,14,ES00582,1.0,-40.946
2024-07-08,14,ES00785,1.0,-24.82
2024-07-08,14,ES00838,1.0,-2.195
2024-07-08,14,ES01109,1.0,-17.071
2024-07-08,14,ES01061,1.0,44.978
2024-07-08,14,ES00382,1.0,-68.096
2024-07-08,14,ES00190,1.0,43.292
2024-07-08,14,ES01024,1.0,-38.664
2024-07-08,14,ES00264,1.0,-36.06
2024-07-08,14,ES00949,1.0,-27.645
2024-07-08,14,ES01239,1.0,-43.285
2024-07-08,14,ES00489,1.0,0.471
2024-07-08,14,ES00107,1.0,-21.927
2024-07-08,14,ES00102,1.0,-36.739
2024-07-08,14,ES00069,1.0,22.661
2024-07-08,14,ES00285,1.0,-261.61
2024-07-08,14,ES00883,1.0,-74.457
2024-07-08,14,ES00640,1.0,-38.801
2024-07-08,14,ES01055,1.0,-34.099
2024-07-08,14,ES01176,1.0,-37.092
2024-07-08,14,ES00750,1.0,-26.992
2024-07-08,14,ES00013,1.0,4.491
2024-07-08,14,ES00904,1.0,1.99
2024-07-08,14,ES01067,1.0,1.241
2024-07-08,14,ES01059,1.0,43.281
2024-07-08,14,ES01185,1.0,-33.878
2024-07-08,14,ES00854,1.0,36.104
2024-07-08,14,ES00038,1.0,-37.84
2024-07-08,14,ES00968,1.0,42.514
2024-07-08,14,ES00191,1.0,53.24
2024-07-08,14,ES00202,1.0,-1.238
2024-07-08,14,ES00704,1.0,-34.088
2024-07-08,14,ES00772,1.0,-34.824
2024-07-08,14,ES00066,1.0,-32.811
2024-07-08,14,ES00471,1.0,2.718
2024-07-08,14,ES00553,1.0,-32.51
2024-07-08,14,ES00480,1.0,-0.81
2024-07-08,14,ES00391,1.0,8.158
2024-07-08,14,ES00738,1.0,-1.357
2024-07-08,14,ES00771,1.0,-36.659
2024-07-08,14,ES00405,1.0,45.077
2024-07-08,14,ES00239,1.0,-36.009
2024-07-08,14,ES00773,1.0,-36.637
2024-07-08,14,ES00569,1.0,2.804
2024-07-08,14,ES00705,1.0,-31.719
2024-07-08,14,ES00823,1.0,52.851
2024-07-08,14,ES00583,1.0,-41.478
2024-07-08,14,ES00454,1.0,-67.639
2024-07-08,14,ES00875,1.0,-68.137
2024-07-08,14,ES00115,1.0,-30.01
2024-07-08,14,ES00354,1.0,14.301
2024-07-08,14,ES00971,1.0,-38.263
2024-07-08,14,ES00342,1.0,54.401
2024-07-08,14,ES01115,1.0,49.166
2024-07-08,14,ES00681,1.0,-34.671
2024-07-08,14,ES00614,1.0,-27.646
2024-07-08,14,ES01088,1.0,-1.404
2024-07-08,14,ES01029,1.0,-41.676
2024-07-08,14,ES00373,1.0,-53.636
2024-07-08,14,ES00209,1.0,-74.699
2024-07-08,14,ES00600,1.0,-64.754
2024-07-08,14,ES00282,1.0,-45.808
2024-07-08,14,ES01247,1.0,38.073
2024-07-08,14,ES00810,1.0,-1.47
2024-07-08,14,ES01153,1.0,64.529
2024-07-08,14,ES00586,1.0,-41.57
2024-07-08,14,ES00763,1.0,-33.678
2024-07-08,14,ES00262,1.0,-35.836
2024-07-08,14,ES00129,1.0,-16.26
2024-07-08,14,ES00691,1.0,-26.027
2024-07-08,14,ES00433,1.0,-39.103
2024-07-08,14,ES00862,1.0,-43.806
2024-07-08,14,ES00210,1.0,-71.745
2024-07-08,14,ES01151,1.0,39.881
2024-07-08,14,ES00047,1.0,-73.302
2024-07-08,14,ES00928,1.0,11.404
2024-07-08,14,ES00219,1.0,-81.098
2024-07-08,14,ES01073,1.0,36.908
2024-07-08,14,ES00514,1.0,-27.481
2024-07-08,14,ES00241,1.0,-13.911
2024-07-08,14,ES00212,1.0,-72.647
2024-07-08,14,ES00970,1.0,-38.296
2024-07-08,14,ES00952,1.0,-27.919
2024-07-08,14,ES00991,1.0,-32.811
2024-07-08,14,ES01149,1.0,40.215
2024-07-08,14,ES00225,1.0,-37.092
2024-07-08,14,ES00346,1.0,51.111
2024-07-08,14,ES01221,1.0,45.298
2024-07-08,14,ES00613,1.0,38.401
2024-07-08,14,ES00161,1.0,-25.022
2024-07-08,14,ES00060,1.0,-18.58
2024-07-08,14,ES00775,1.0,-37.838
2024-07-08,14,ES00232,1.0,-35.752
2024-07-08,14,ES00667,1.0,-46.244
2024-07-08,14,ES00592,1.0,-41.683
2024-07-08,14,ES00011,1.0,-73.469
2024-07-08,14,ES00545,1.0,-27.162
2024-07-08,14,ES00989,1.0,-23.294
2024-07-08,14,ES00486,1.0,2.08
2024-07-08,14,ES00280,1.0,-22.91
2024-07-08,14,ES00401,1.0,40.836
2024-07-08,14,ES00334,1.0,58.159
2024-07-08,14,ES00633,1.0,46.614
2024-07-08,14,ES00860,1.0,-38.625
2024-07-08,14,ES00778,1.0,-37.564
2024-07-08,14,ES01017,1.0,-16.198
2024-07-08,14,ES00095,1.0,-39.225
2024-07-08,14,ES01172,1.0,-38.407
2024-07-08,14,ES00297,1.0,-37.781
2024-07-08,14,ES01234,1.0,-1.407
2024-07-08,14,ES00976,1.0,55.63
2024-07-08,14,ES00156,1.0,-25.007
2024-07-08,14,ES00467,1.0,-42.83
2024-07-08,14,ES00562,1.0,-71.468
2024-07-08,14,ES00978,1.0,52.717
2024-07-08,14,ES00302,1.0,-46.433
2024-07-08,14,ES00162,1.0,-24.947
2024-07-08,14,ES00853,1.0,27.705
2024-07-08,14,ES01119,1.0,-40.558
2024-07-08,14,ES00541,1.0,-40.552
2024-07-08,14,ES01170,1.0,27.279
2024-07-08,14,ES00851,1.0,27.79
2024-07-08,14,ES00942,1.0,-20.89
2024-07-08,14,ES00226,1.0,-34.363
2024-07-08,14,ES01240,1.0,3.515
2024-07-08,14,ES00826,1.0,54.889
2024-07-08,14,ES00536,1.0,-44.488
2024-07-08,14,ES01105,1.0,3.373
2024-07-08,14,ES00026,1.0,-32.351
2024-07-08,14,ES00963,1.0,-25.515
2024-07-08,14,ES01003,1.0,-23.761
2024-07-08,14,ES01159,1.0,-43.361
2024-07-08,14,ES00233,1.0,-73.405
2024-07-08,14,ES01211,1.0,46.857
2024-07-08,14,ES00397,1.0,40.05
2024-07-08,14,ES00261,1.0,-35.286
2024-07-08,14,ES00331,1.0,43.125
2024-07-08,14,ES01043,1.0,-73.04
2024-07-08,14,ES00673,1.0,24.892
2024-07-08,14,ES00152,1.0,-38.323
2024-07-08,14,ES00782,1.0,-40.928
2024-07-08,14,ES00122,1.0,-25.214
2024-07-08,14,ES00305,1.0,-30.63
2024-07-08,14,ES00178,1.0,41.206
2024-07-08,14,ES00146,1.0,0.606
2024-07-08,14,ES01104,1.0,-1.376
2024-07-08,14,ES00504,1.0,41.137
2024-07-08,14,ES00834,1.0,54.876
2024-07-08,14,ES01210,1.0,42.904
2024-07-08,14,ES00321,1.0,-41.71
2024-07-08,14,ES00295,1.0,-37.74
2024-07-08,14,ES00020,1.0,-0.756
2024-07-08,14,ES01213,1.0,0.71
2024-07-08,14,ES00715,1.0,-20.83
2024-07-08,14,ES00538,1.0,55.37
2024-07-08,14,ES00846,1.0,41.221
2024-07-08,14,ES00758,1.0,-36.509
2024-07-08,14,ES01116,1.0,-32.959
2024-07-08,14,ES00628,1.0,-45.573
2024-07-08,14,ES00123,1.0,-30.511
2024-07-08,14,ES00621,1.0,-24.973
2024-07-08,14,ES00303,1.0,-44.059
2024-07-08,14,ES01014,1.0,-26.493
2024-07-08,14,ES01038,1.0,-39.804
2024-07-08,14,ES01032,1.0,-41.789
2024-07-08,14,ES01237,1.0,-46.252
2024-07-08,14,ES00606,1.0,-73.306
2024-07-08,14,ES01238,1.0,-43.29
2024-07-08,14,ES01190,1.0,-12.518
2024-07-08,14,ES00426,1.0,-32.369
2024-07-08,14,ES00320,1.0,-41.713
2024-07-08,14,ES00872,1.0,-72.795
2024-07-08,14,ES00319,1.0,-42.492
2024-07-08,14,ES00622,1.0,-24.962
2024-07-08,14,ES00466,1.0,-41.843
2024-07-08,14,ES00266,1.0,-36.181
2024-07-08,14,ES00298,1.0,5.253
2024-07-08,14,ES01052,1.0,17.986
2024-07-08,14,ES00184,1.0,43.234
2024-07-08,14,ES00811,1.0,-1.728
2024-07-08,14,ES00371,1.0,-53.627
2024-07-08,14,ES01030,1.0,-41.199
2024-07-08,14,ES00924,1.0,3.835
2024-07-08,14,ES00389,1.0,4.355
2024-07-08,14,ES00085,1.0,-35.115
2024-07-08,14,ES00573,1.0,-35.769
2024-07-08,14,ES00030,1.0,-2.562
2024-07-08,14,ES00312,1.0,-1.227
2024-07-08,14,ES00574,1.0,-32.172
2024-07-08,14,ES01075,1.0,3.312
2024-07-08,14,ES00648,1.0,-3.448
2024-07-08,14,ES00837,1.0,3.958
2024-07-08,14,ES00594,1.0,-39.365
2024-07-08,14,ES01157,1.0,-30.992
2024-07-08,14,ES00941,1.0,-16.146
2024-07-08,14,ES00075,1.0,-7.325
2024-07-08,14,ES01228,1.0,-25.075
2024-07-08,14,ES00676,1.0,-25.765
2024-07-08,14,ES00463,1.0,-38.708
2024-07-08,14,ES00542,1.0,-40.423
2024-07-08,14,ES00867,1.0,-21.772
2024-07-08,14,ES00211,1.0,-65.128
2024-07-08,14,ES00849,1.0,40.85
2024-07-08,14,ES00864,1.0,-43.399
2024-07-08,14,ES00695,1.0,-19.271
2024-07-08,14,ES00227,1.0,-35.263
2024-07-08,14,ES00719,1.0,-41.603
2024-07-08,14,ES00806,1.0,-31.024
2024-07-08,14,ES00876,1.0,-68.129
2024-07-08,14,ES00747,1.0,-35.264
2024-07-08,14,ES00888,1.0,-81.23
2024-07-08,14,ES01117,1.0,13.899
2024-07-08,14,ES00706,1.0,-32.62
2024-07-08,14,ES00694,1.0,-12.302
2024-07-08,14,ES00839,1.0,-3.14
2024-07-08,14,ES00228,1.0,-73.146
2024-07-08,14,ES01050,1.0,-53.521
2024-07-08,14,ES01212,1.0,48.463
2024-07-08,14,ES00164,1.0,-24.829
2024-07-08,14,ES00699,1.0,-38.143
2024-07-08,14,ES00720,1.0,-41.693
2024-07-08,14,ES00145,1.0,-1.078
2024-07-08,14,ES00643,1.0,38.336
2024-07-08,14,ES01009,1.0,-21.179
2024-07-08,14,ES00979,1.0,51.642
2024-07-08,14,ES00435,1.0,-72.748
2024-07-08,14,ES00113,1.0,-34.653
2024-07-08,14,ES00495,1.0,38.897
2024-07-08,14,ES00448,1.0,-75.181
2024-07-08,14,ES00325,1.0,0.728
2024-07-08,14,ES00272,1.0,-35.156
2024-07-08,14,ES00593,1.0,-41.379
2024-07-08,14,ES00560,1.0,-6.107
2024-07-08,14,ES00901,1.0,-44.109
2024-07-08,14,ES01129,1.0,-41.951
2024-07-08,14,ES00803,1.0,-30.985
2024-07-08,14,ES00669,1.0,33.974
2024-07-08,14,ES00882,1.0,-74.061
2024-07-08,14,ES00634,1.0,-6.959
2024-07-08,14,ES00174,1.0,-37.081
2024-07-08,14,ES01174,1.0,-5.217
2024-07-08,14,ES00659,1.0,-3.417
2024-07-08,14,ES00348,1.0,7.43
2024-07-08,14,ES00652,1.0,54.826
2024-07-08,14,ES00322,1.0,-42.403
2024-07-08,14,ES00505,1.0,39.136
2024-07-08,14,ES00767,1.0,-35.938
2024-07-08,14,ES00481,1.0,-4.185
2024-07-08,14,ES00315,1.0,-26.325
2024-07-08,14,ES00757,1.0,-36.305
2024-07-08,14,ES00572,1.0,-35.541
2024-07-08,14,ES01069,1.0,-33.869
2024-07-08,14,ES00840,1.0,-27.548
2024-07-08,14,ES00067,1.0,6.201
2024-07-08,14,ES00626,1.0,-75.634
2024-07-08,14,ES00347,1.0,4.125
2024-07-08,14,ES00540,1.0,54.878
2024-07-08,14,ES00455,1.0,-66.818
2024-07-08,14,ES00645,1.0,46.838
2024-07-08,14,ES00109,1.0,-17.93
2024-07-08,14,ES00323,1.0,-40.112
2024-07-08,14,ES01137,1.0,-25.067
2024-07-08,14,ES00220,1.0,-41.775
2024-07-08,14,ES01207,1.0,-44.912
2024-07-08,14,ES01078,1.0,32.997
2024-07-08,14,ES00830,1.0,52.708
2024-07-08,14,ES00944,1.0,-13.416
2024-07-08,14,ES00769,1.0,-1.539
2024-07-08,14,ES00798,1.0,-29.291
2024-07-08,14,ES00829,1.0,52.806
2024-07-08,14,ES00774,1.0,-34.815
2024-07-08,14,ES01230,1.0,-25.811
2024-07-08,14,ES00668,1.0,-3.177
2024-07-08,14,ES00665,1.0,-41.887
2024-07-08,14,ES00361,1.0,9.98
2024-07-08,14,ES01076,1.0,3.239
2024-07-08,14,ES00792,1.0,-30.486
2024-07-08,14,ES00546,1.0,-23.749
2024-07-08,14,ES00871,1.0,-38.892
2024-07-08,14,ES00237,1.0,-36.218
2024-07-08,14,ES00208,1.0,-58.271
2024-07-08,14,ES00825,1.0,55.153
2024-07-08,14,ES00938,1.0,43.316
2024-07-08,14,ES00301,1.0,-43.984
2024-07-08,14,ES00167,1.0,27.988
2024-07-08,14,ES00383,1.0,-55.652
2024-07-08,14,ES01223,1.0,26.414
2024-07-08,14,ES00126,1.0,-22.012
2024-07-08,14,ES00229,1.0,-66.134
2024-07-08,14,ES01253,1.0,63.997
2024-07-08,14,ES00558,1.0,-36.954
2024-07-08,14,ES00999,1.0,-62.859
2024-07-08,14,ES00962,1.0,-71.518
2024-07-08,14,ES01044,1.0,-64.747
2024-07-08,14,ES00650,1.0,48.49
2024-07-08,14,ES00696,1.0,-18.711
2024-07-08,14,ES01193,1.0,25.231
2024-07-08,14,ES01181,1.0,47.969
2024-07-08,14,ES01202,1.0,14.715
2024-07-08,14,ES01114,1.0,-73.423
2024-07-08,14,ES00515,1.0,-14.168
2024-07-08,14,ES00496,1.0,24.513
2024-07-08,14,ES00474,1.0,3.835
2024-07-08,14,ES00364,1.0,1.885
2024-07-08,14,ES01160,1.0,-38.79
2024-07-08,14,ES00400,1.0,38.866
2024-07-08,14,ES00817,1.0,29.752
2024-07-08,14,ES01040,1.0,-39.905
2024-07-08,14,ES00004,1.0,-65.896
2024-07-08,14,ES00224,1.0,-28.612
2024-07-08,14,ES00759,1.0,-36.797
2024-07-08,14,ES00213,1.0,-71.433
2024-07-08,14,ES00697,1.0,-42.374
2024-07-08,14,ES00135,1.0,-30.798
2024-07-08,14,ES00332,1.0,49.768
2024-07-08,14,ES00243,1.0,-27.286
2024-07-08,14,ES00134,1.0,-38.26
2024-07-08,14,ES00376,1.0,-61.986
2024-07-08,14,ES00579,1.0,-37.8
2024-07-08,14,ES00249,1.0,-33.897
2024-07-08,14,ES00469,1.0,-47.138
2024-07-08,14,ES00762,1.0,-13.782
2024-07-08,14,ES00565,1.0,-26.492
2024-07-08,14,ES00686,1.0,-1.084
2024-07-08,14,ES00378,1.0,-53.042
2024-07-08,14,ES00310,1.0,-22.185
2024-07-08,14,ES00889,1.0,-71.433
2024-07-08,14,ES00570,1.0,-39.066
2024-07-08,14,ES00543,1.0,-21.696
2024-07-08,14,ES00414,1.0,-46.238
2024-07-08,14,ES00132,1.0,-20.83
2024-07-08,14,ES00473,1.0,-0.926
2024-07-08,14,ES01054,1.0,-31.646
2024-07-08,14,ES00809,1.0,-41.691
2024-07-08,14,ES00623,1.0,55.254
2024-07-08,14,ES00742,1.0,-44.072
2024-07-08,14,ES00119,1.0,-34.363
2024-07-08,14,ES00848,1.0,38.871
2024-07-08,14,ES00042,1.0,-31.731
2024-07-08,14,ES00028,1.0,-2.595
2024-07-08,14,ES00790,1.0,-23.699
2024-07-08,14,ES00384,1.0,-58.805
2024-07-08,14,ES00442,1.0,-53.106
2024-07-08,14,ES00350,1.0,11.563
2024-07-08,14,ES00906,1.0,9.671
2024-07-08,14,ES00293,1.0,-24.496
2024-07-08,14,ES00412,1.0,-45.625
2024-07-08,14,ES00317,1.0,-30.795
2024-07-08,14,ES00166,1.0,26.012
2024-07-08,14,ES00484,1.0,16.875
2024-07-08,14,ES00284,1.0,-39.941
2024-07-08,14,ES00856,1.0,-35.749
2024-07-08,14,ES00739,1.0,-24.996
2024-07-08,14,ES00025,1.0,-25.752
2024-07-08,14,ES00114,1.0,-34.285
2024-07-08,14,ES00688,1.0,4.939
2024-07-08,14,ES00031,1.0,-0.102
2024-07-08,14,ES00277,1.0,-24.763
2024-07-08,14,ES00874,1.0,-74.192
2024-07-08,14,ES00897,1.0,-39.917
2024-07-08,14,ES00487,1.0,-2.33
2024-07-08,14,ES01000,1.0,-50.68
2024-07-08,14,ES00967,1.0,17.034
2024-07-08,14,ES01023,1.0,-44.429
2024-07-08,14,ES00415,1.0,-46.001
2024-07-08,14,ES00482,1.0,2.855
2024-07-08,14,ES00355,1.0,0.749
2024-07-08,14,ES00153,1.0,-30.972
2024-07-08,14,ES00997,1.0,-71.469
2024-07-08,14,ES00765,1.0,-32.181
2024-07-08,14,ES00333,1.0,58.584
2024-07-08,14,ES00873,1.0,-74.205
2024-07-08,14,ES01039,1.0,-39.245
2024-07-08,14,ES00313,1.0,-25.167
2024-07-08,14,ES00684,1.0,-1.099
2024-07-08,14,ES00957,1.0,-19.569
2024-07-08,14,ES00734,1.0,-23.349
2024-07-08,14,ES00380,1.0,-55.887
2024-07-08,14,ES00918,1.0,4.051
2024-07-08,14,ES00590,1.0,-44.477
2024-07-08,14,ES00124,1.0,-24.756
2024-07-08,14,ES01217,1.0,24.158
2024-07-08,14,ES00950,1.0,-14.224
2024-07-08,14,ES00070,1.0,-38.825
2024-07-08,14,ES01056,1.0,-31.152
2024-07-08,14,ES01134,1.0,35.83
2024-07-08,14,ES01236,1.0,-45.587
2024-07-08,14,ES00914,1.0,0.495
2024-07-08,14,ES01257,1.0,55.272
2024-07-08,14,ES00201,1.0,-1.492
2024-07-08,14,ES00341,1.0,54.192
2024-07-08,14,ES01143,1.0,-44.093
2024-07-08,14,ES01020,1.0,-41.835
2024-07-08,14,ES00351,1.0,14.174
2024-07-08,14,ES00147,1.0,-0.953
2024-07-08,14,ES00655,1.0,-74.923
2024-07-08,14,ES01022,1.0,-44.059
2024-07-08,14,ES00274,1.0,8.133
2024-07-08,14,ES00437,1.0,-72.786
2024-07-08,14,ES00609,1.0,-30.948
2024-07-08,14,ES01125,1.0,-66.174
2024-07-08,14,ES01012,1.0,-33.9
2024-07-08,14,ES00568,1.0,2.826
2024-07-08,14,ES00661,1.0,-5.257
2024-07-08,14,ES00741,1.0,-74.453
2024-07-08,14,ES00339,1.0,53.387
2024-07-08,14,ES00608,1.0,-39.893
2024-07-08,14,ES00417,1.0,-45.559
2024-07-08,14,ES00718,1.0,-41.675
2024-07-08,14,ES01158,1.0,-36.621
2024-07-08,14,ES00309,1.0,-31.632
2024-07-08,16,ES00001,1.0,-0.874
2024-07-08,16,ES00522,1.0,42.341
2024-07-08,16,ES00797,1.0,-25.857
2024-07-08,16,ES01184,1.0,-48.285
2024-07-08,16,ES00783,1.0,-41.627
2024-07-08,16,ES00604,1.0,-1.097
2024-07-08,16,ES00494,1.0,25.942
2024-07-08,16,ES01215,1.0,-43.859
2024-07-08,16,ES00231,1.0,-22.513
2024-07-08,16,ES00335,1.0,54.846
2024-07-08,16,ES00193,1.0,36.705
2024-07-08,16,ES00230,1.0,36.537
2024-07-08,16,ES00994,1.0,-37.61
2024-07-08,16,ES00300,1.0,-48.067
2024-07-08,16,ES00610,1.0,1.069
2024-07-08,16,ES01124,1.0,3.95
2024-07-08,16,ES00024,1.0,3.839
2024-07-08,16,ES00939,1.0,41.987
2024-07-08,16,ES00419,1.0,-47.284
2024-07-08,16,ES00868,1.0,-24.676
2024-07-08,16,ES00023,1.0,3.901
2024-07-08,16,ES00163,1.0,-24.153
2024-07-08,16,ES00207,1.0,-56.35
2024-07-08,16,ES00566,1.0,3.056
2024-07-08,16,ES00900,1.0,-45.967
2024-07-08,16,ES00995,1.0,-33.675
2024-07-08,16,ES00824,1.0,54.984
2024-07-08,16,ES00256,1.0,-34.769
2024-07-08,16,ES00927,1.0,-11.458
2024-07-08,16,ES00039,1.0,-33.783
2024-07-08,16,ES00852,1.0,28.333
2024-07-08,16,ES00112,1.0,-3.693
2024-07-08,16,ES00800,1.0,-29.689
2024-07-08,16,ES00375,1.0,-74.918
2024-07-08,16,ES00034,1.0,53.298
2024-07-08,16,ES00140,1.0,-16.563
2024-07-08,16,ES00595,1.0,-40.915
2024-07-08,16,ES00055,1.0,-18.486
2024-07-08,16,ES00326,1.0,5.804
2024-07-08,16,ES00017,1.0,23.909
2024-07-08,16,ES00246,1.0,3.801
2024-07-08,16,ES00175,1.0,-16.794
2024-07-08,16,ES00336,1.0,53.495
2024-07-08,16,ES00366,1.0,-14.021
2024-07-08,16,ES00555,1.0,-37.05
2024-07-08,16,ES00344,1.0,55.241
2024-07-08,16,ES00671,1.0,45.77
2024-07-08,16,ES00923,1.0,0.498
2024-07-08,16,ES00603,1.0,-2.062
2024-07-08,16,ES00649,1.0,34.76
2024-07-08,16,ES01066,1.0,-0.92
2024-07-08,16,ES00014,1.0,5.28
2024-07-08,16,ES00170,1.0,-44.149
2024-07-08,16,ES01141,1.0,-40.65
2024-07-08,16,ES00618,1.0,41.92
2024-07-08,16,ES00096,1.0,-37.342
2024-07-08,16,ES00459,1.0,-13.922
2024-07-08,16,ES01094,1.0,-70.63
2024-07-08,16,ES00260,1.0,-35.816
2024-07-08,16,ES00513,1.0,-15.099
2024-07-08,16,ES00019,1.0,4.541
2024-07-08,16,ES00680,1.0,36.901
2024-07-08,16,ES00936,1.0,42.418
2024-07-08,16,ES00200,1.0,-5.976
2024-07-08,16,ES00404,1.0,37.962
2024-07-08,16,ES00279,1.0,-40.263
2024-07-08,16,ES00787,1.0,-24.741
2024-07-08,16,ES00021,1.0,5.655
2024-07-08,16,ES00247,1.0,-34.779
2024-07-08,16,ES00083,1.0,-13.051
2024-07-08,16,ES00587,1.0,-42.349
2024-07-08,16,ES01057,1.0,15.381
2024-07-08,16,ES00877,1.0,-77.436
2024-07-08,16,ES00563,1.0,46.592
2024-07-08,16,ES00880,1.0,-70.062
2024-07-08,16,ES00550,1.0,-24.537
2024-07-08,16,ES00003,1.0,-75.677
2024-07-08,16,ES00081,1.0,-45.818
2024-07-08,16,ES01001,1.0,49.856
2024-07-08,16,ES00975,1.0,59.211
2024-07-08,16,ES00760,1.0,-37.125
2024-07-08,16,ES01085,1.0,-35.255
2024-07-08,16,ES01189,1.0,-19.8
2024-07-08,16,ES01033,1.0,-44.636
2024-07-08,16,ES00306,1.0,-38.347
2024-07-08,16,ES01231,1.0,-26.373
2024-07-08,16,ES00711,1.0,-9.484
2024-07-08,16,ES00117,1.0,-35.037
2024-07-08,16,ES01186,1.0,-1.056
2024-07-08,16,ES01064,1.0,-41.816
2024-07-08,16,ES00502,1.0,42.501
2024-07-08,16,ES01165,1.0,2.65
2024-07-08,16,ES00861,1.0,-42.737
2024-07-08,16,ES00185,1.0,46.92
2024-07-08,16,ES00179,1.0,42.501
2024-07-08,16,ES01219,1.0,-48.284
2024-07-08,16,ES00903,1.0,1.912
2024-07-08,16,ES01254,1.0,3.807
2024-07-08,16,ES01101,1.0,-48.91
2024-07-08,16,ES00559,1.0,-33.11
2024-07-08,16,ES00629,1.0,-44.447
2024-07-08,16,ES00252,1.0,-34.346
2024-07-08,16,ES00488,1.0,-1.048
2024-07-08,16,ES00642,1.0,-33.528
2024-07-08,16,ES00349,1.0,9.315
2024-07-08,16,ES01243,1.0,-46.762
2024-07-08,16,ES00547,1.0,-21.821
2024-07-08,16,ES00644,1.0,40.881
2024-07-08,16,ES00977,1.0,65.248
2024-07-08,16,ES00392,1.0,-0.135
2024-07-08,16,ES01246,1.0,-42.885
2024-07-08,16,ES01169,1.0,-29.897
2024-07-08,16,ES00222,1.0,-43.243
2024-07-08,16,ES00564,1.0,42.075
2024-07-08,16,ES01152,1.0,40.56
2024-07-08,16,ES00206,1.0,-68.86
2024-07-08,16,ES01233,1.0,5.771
2024-07-08,16,ES00808,1.0,-40.883
2024-07-08,16,ES00160,1.0,27.136
2024-07-08,16,ES01128,1.0,42.341
2024-07-08,16,ES01063,1.0,45.63
2024-07-08,16,ES00802,1.0,-30.867
2024-07-08,16,ES00057,1.0,34.704
2024-07-08,16,ES00168,1.0,26.716
2024-07-08,16,ES00885,1.0,-82.959
2024-07-08,16,ES01091,1.0,-25.288
2024-07-08,16,ES01182,1.0,51.81
2024-07-08,16,ES00984,1.0,-34.872
2024-07-08,16,ES00894,1.0,-40.383
2024-07-08,16,ES00203,1.0,0.366
2024-07-08,16,ES01178,1.0,40.31
2024-07-08,16,ES01103,1.0,3.79
2024-07-08,16,ES00431,1.0,-36.922
2024-07-08,16,ES00647,1.0,37.994
2024-07-08,16,ES01090,1.0,-25.298
2024-07-08,16,ES00781,1.0,-21.339
2024-07-08,16,ES00743,1.0,-47.553
2024-07-08,16,ES00276,1.0,7.726
2024-07-08,16,ES00726,1.0,-25.828
2024-07-08,16,ES00831,1.0,52.991
2024-07-08,16,ES01155,1.0,47.153
2024-07-08,16,ES01025,1.0,-39.219
2024-07-08,16,ES00588,1.0,-43.039
2024-07-08,16,ES00061,1.0,-19.774
2024-07-08,16,ES00250,1.0,-32.898
2024-07-08,16,ES00844,1.0,48.208
2024-07-08,16,ES00460,1.0,-21.34
2024-07-08,16,ES00388,1.0,4.286
2024-07-08,16,ES00616,1.0,3.942
2024-07-08,16,ES01199,1.0,-48.288
2024-07-08,16,ES01006,1.0,3.795
2024-07-08,16,ES00056,1.0,-4.182
2024-07-08,16,ES00533,1.0,-32.17
2024-07-08,16,ES00441,1.0,-54.035
2024-07-08,16,ES00732,1.0,-36.726
2024-07-08,16,ES00267,1.0,-37.135
2024-07-08,16,ES01097,1.0,-43.163
2024-07-08,16,ES01198,1.0,-48.289
2024-07-08,16,ES00106,1.0,-76.755
2024-07-08,16,ES00438,1.0,-76.048
2024-07-08,16,ES00492,1.0,34.474
2024-07-08,16,ES00855,1.0,35.523
2024-07-08,16,ES00581,1.0,-42.067
2024-07-08,16,ES00589,1.0,-44.61
2024-07-08,16,ES00290,1.0,-4465.908
2024-07-08,16,ES00216,1.0,-78.171
2024-07-08,16,ES00477,1.0,53.982
2024-07-08,16,ES00359,1.0,-9.024
2024-07-08,16,ES00268,1.0,-51.895
2024-07-08,16,ES00218,1.0,-45.419
2024-07-08,16,ES01037,1.0,-40.903
2024-07-08,16,ES00446,1.0,-75.88
2024-07-08,16,ES00427,1.0,-40.797
2024-07-08,16,ES00157,1.0,-24.263
2024-07-08,16,ES01171,1.0,55.52
2024-07-08,16,ES00689,1.0,4.602
2024-07-08,16,ES00049,1.0,-9.637
2024-07-08,16,ES00005,1.0,-75.902
2024-07-08,16,ES01004,1.0,-21.74
2024-07-08,16,ES00199,1.0,-12.673
2024-07-08,16,ES00090,1.0,-34.578
2024-07-08,16,ES00714,1.0,-22.895
2024-07-08,16,ES01008,1.0,-21.818
2024-07-08,16,ES00407,1.0,30.18
2024-07-08,16,ES00751,1.0,46.882
2024-07-08,16,ES01107,1.0,-0.55
2024-07-08,16,ES00204,1.0,-29.679
2024-07-08,16,ES00314,1.0,-25.857
2024-07-08,16,ES00318,1.0,-31.138
2024-07-08,16,ES00451,1.0,-78.879
2024-07-08,16,ES00464,1.0,-40.363
2024-07-08,16,ES00369,1.0,-57.831
2024-07-08,16,ES00766,1.0,-36.272
2024-07-08,16,ES00850,1.0,34.793
2024-07-08,16,ES00663,1.0,-48.282
2024-07-08,16,ES01250,1.0,38.015
2024-07-08,16,ES00071,1.0,-28.723
2024-07-08,16,ES00998,1.0,-74.932
2024-07-08,16,ES01002,1.0,-38.044
2024-07-08,16,ES01011,1.0,-36.767
2024-07-08,16,ES00945,1.0,-7.126
2024-07-08,16,ES00619,1.0,-29.827
2024-07-08,16,ES00740,1.0,-46.339
2024-07-08,16,ES00269,1.0,-50.018
2024-07-08,16,ES00006,1.0,42.137
2024-07-08,16,ES00444,1.0,-55.042
2024-07-08,16,ES00931,1.0,12.442
2024-07-08,16,ES01127,1.0,-25.359
2024-07-08,16,ES00820,1.0,57.923
2024-07-08,16,ES00813,1.0,0.551
2024-07-08,16,ES00125,1.0,-24.281
2024-07-08,16,ES01226,1.0,42.521
2024-07-08,16,ES01187,1.0,-0.94
2024-07-08,16,ES00476,1.0,44.485
2024-07-08,16,ES00098,1.0,-38.882
2024-07-08,16,ES01196,1.0,29.734
2024-07-08,16,ES00907,1.0,10.197
2024-07-08,16,ES01131,1.0,-33.934
2024-07-08,16,ES00177,1.0,-24.533
2024-07-08,16,ES01208,1.0,43.496
2024-07-08,16,ES00612,1.0,41.362
2024-07-08,16,ES00961,1.0,-76.687
2024-07-08,16,ES00340,1.0,52.944
2024-07-08,16,ES00357,1.0,-3.407
2024-07-08,16,ES00097,1.0,-46.093
2024-07-08,16,ES00833,1.0,52.705
2024-07-08,16,ES00238,1.0,-37.293
2024-07-08,16,ES00137,1.0,-34.029
2024-07-08,16,ES00857,1.0,-36.442
2024-07-08,16,ES00151,1.0,34.298
2024-07-08,16,ES00828,1.0,54.321
2024-07-08,16,ES00196,1.0,35.987
2024-07-08,16,ES00521,1.0,-76.017
2024-07-08,16,ES01082,1.0,-47.342
2024-07-08,16,ES00511,1.0,-13.762
2024-07-08,16,ES01218,1.0,11.242
2024-07-08,16,ES01042,1.0,-37.469
2024-07-08,16,ES01126,1.0,-71.302
2024-07-08,16,ES00940,1.0,-8.696
2024-07-08,16,ES00635,1.0,-1.063
2024-07-08,16,ES00780,1.0,-36.373
2024-07-08,16,ES00381,1.0,-64.977
2024-07-08,16,ES00116,1.0,-34.982
2024-07-08,16,ES00379,1.0,-56.642
2024-07-08,16,ES00244,1.0,-16.158
2024-07-08,16,ES00458,1.0,41.966
2024-07-08,16,ES01136,1.0,-32.451
2024-07-08,16,ES00029,1.0,0.0
2024-07-08,16,ES00795,1.0,-30.838
2024-07-08,16,ES00556,1.0,-33.576
2024-07-08,16,ES00958,1.0,-47.907
2024-07-08,16,ES00370,1.0,-61.416
2024-07-08,16,ES01252,1.0,37.951
2024-07-08,16,ES00959,1.0,-45.905
2024-07-08,16,ES00518,1.0,43.596
2024-07-08,16,ES00713,1.0,-22.46
2024-07-08,16,ES00500,1.0,42.488
2024-07-08,16,ES00507,1.0,43.7
2024-07-08,16,ES01206,1.0,-46.599
2024-07-08,16,ES01209,1.0,23.879
2024-07-08,16,ES00925,1.0,-10.946
2024-07-08,16,ES00620,1.0,-25.298
2024-07-08,16,ES00987,1.0,-36.762
2024-07-08,16,ES00377,1.0,-52.981
2024-07-08,16,ES01146,1.0,-7.049
2024-07-08,16,ES00895,1.0,-40.364
2024-07-08,16,ES00367,1.0,-15.751
2024-07-08,16,ES00812,1.0,-3.716
2024-07-08,16,ES00575,1.0,-25.751
2024-07-08,16,ES00044,1.0,-39.419
2024-07-08,16,ES00172,1.0,-78.523
2024-07-08,16,ES00192,1.0,52.184
2024-07-08,16,ES00432,1.0,-27.091
2024-07-08,16,ES00094,1.0,-34.02
2024-07-08,16,ES00291,1.0,-4465.589
2024-07-08,16,ES00073,1.0,-39.305
2024-07-08,16,ES00082,1.0,-39.469
2024-07-08,16,ES00911,1.0,54.529
2024-07-08,16,ES00079,1.0,-32.082
2024-07-08,16,ES00985,1.0,-36.667
2024-07-08,16,ES01110,1.0,-46.132
2024-07-08,16,ES01083,1.0,-32.049
2024-07-08,16,ES00510,1.0,-4.58
2024-07-08,16,ES00430,1.0,-42.722
2024-07-08,16,ES01203,1.0,-39.356
2024-07-08,16,ES00394,1.0,44.822
2024-07-08,16,ES00539,1.0,61.054
2024-07-08,16,ES00577,1.0,-47.207
2024-07-08,16,ES00008,1.0,52.793
2024-07-08,16,ES00064,1.0,-47.793
2024-07-08,16,ES01031,1.0,-42.834
2024-07-08,16,ES00091,1.0,-32.149
2024-07-08,16,ES01140,1.0,36.716
2024-07-08,16,ES00933,1.0,36.279
2024-07-08,16,ES00735,1.0,43.902
2024-07-08,16,ES00501,1.0,42.48
2024-07-08,16,ES00159,1.0,23.584
2024-07-08,16,ES00223,1.0,-32.817
2024-07-08,16,ES00022,1.0,3.841
2024-07-08,16,ES00887,1.0,-52.991
2024-07-08,16,ES00386,1.0,-48.262
2024-07-08,16,ES00327,1.0,-2.865
2024-07-08,16,ES00870,1.0,27.345
2024-07-08,16,ES00707,1.0,-36.309
2024-07-08,16,ES00493,1.0,43.079
2024-07-08,16,ES00509,1.0,-8.682
2024-07-08,16,ES00884,1.0,-69.345
2024-07-08,16,ES00072,1.0,-29.157
2024-07-08,16,ES00869,1.0,-39.424
2024-07-08,16,ES01106,1.0,3.431
2024-07-08,16,ES00674,1.0,37.707
2024-07-08,16,ES00475,1.0,16.763
2024-07-08,16,ES01051,1.0,18.655
2024-07-08,16,ES00527,1.0,-65.444
2024-07-08,16,ES01249,1.0,49.584
2024-07-08,16,ES00776,1.0,41.916
2024-07-08,16,ES00148,1.0,0.537
2024-07-08,16,ES00036,1.0,36.326
2024-07-08,16,ES01100,1.0,-40.354
2024-07-08,16,ES00356,1.0,-2.511
2024-07-08,16,ES00235,1.0,-36.56
2024-07-08,16,ES00410,1.0,36.729
2024-07-08,16,ES00054,1.0,-16.226
2024-07-08,16,ES00733,1.0,-34.603
2024-07-08,16,ES00101,1.0,-39.951
2024-07-08,16,ES00801,1.0,-29.689
2024-07-08,16,ES00724,1.0,28.581
2024-07-08,16,ES00956,1.0,-32.362
2024-07-08,16,ES01068,1.0,-37.687
2024-07-08,16,ES01133,1.0,-43.814
2024-07-08,16,ES00338,1.0,52.869
2024-07-08,16,ES00636,1.0,-6.818
2024-07-08,16,ES00171,1.0,-33.18
2024-07-08,16,ES00406,1.0,24.915
2024-07-08,16,ES01027,1.0,-42.112
2024-07-08,16,ES00273,1.0,-38.748
2024-07-08,16,ES00479,1.0,45.098
2024-07-08,16,ES01041,1.0,-37.67
2024-07-08,16,ES00965,1.0,-36.651
2024-07-08,16,ES00456,1.0,-63.547
2024-07-08,16,ES00892,1.0,-13.917
2024-07-08,16,ES00088,1.0,-11.498
2024-07-08,16,ES00752,1.0,-68.251
2024-07-08,16,ES00077,1.0,-34.74
2024-07-08,16,ES00601,1.0,-2.293
2024-07-08,16,ES00983,1.0,-36.659
2024-07-08,16,ES00452,1.0,-52.997
2024-07-08,16,ES01102,1.0,-44.104
2024-07-08,16,ES00390,1.0,1.379
2024-07-08,16,ES00625,1.0,-70.634
2024-07-08,16,ES00453,1.0,-83.978
2024-07-08,16,ES00917,1.0,-2.827
2024-07-08,16,ES00591,1.0,-47.532
2024-07-08,16,ES00982,1.0,-21.777
2024-07-08,16,ES00641,1.0,-32.524
2024-07-08,16,ES00043,1.0,-27.823
2024-07-08,16,ES01111,1.0,-36.658
2024-07-08,16,ES01229,1.0,-26.326
2024-07-08,16,ES01018,1.0,-41.019
2024-07-08,16,ES00902,1.0,-48.931
2024-07-08,16,ES00535,1.0,-45.521
2024-07-08,16,ES00607,1.0,5.889
2024-07-08,16,ES00710,1.0,-27.312
2024-07-08,16,ES00599,1.0,-75.925
2024-07-08,16,ES00657,1.0,36.669
2024-07-08,16,ES01060,1.0,37.504
2024-07-08,16,ES00943,1.0,-14.096
2024-07-08,16,ES00973,1.0,-45.365
2024-07-08,16,ES00525,1.0,-74.114
2024-07-08,16,ES00009,1.0,45.215
2024-07-08,16,ES01135,1.0,-35.237
2024-07-08,16,ES00557,1.0,-39.8
2024-07-08,16,ES00195,1.0,40.763
2024-07-08,16,ES00012,1.0,-70.141
2024-07-08,16,ES00360,1.0,-12.483
2024-07-08,16,ES00420,1.0,-47.486
2024-07-08,16,ES00701,1.0,20.086
2024-07-08,16,ES01177,1.0,-39.89
2024-07-08,16,ES00429,1.0,54.288
2024-07-08,16,ES01005,1.0,3.805
2024-07-08,16,ES00544,1.0,-31.779
2024-07-08,16,ES01028,1.0,-42.085
2024-07-08,16,ES00770,1.0,-38.418
2024-07-08,16,ES00615,1.0,-33.142
2024-07-08,16,ES00748,1.0,-32.854
2024-07-08,16,ES00182,1.0,43.901
2024-07-08,16,ES01007,1.0,-36.841
2024-07-08,16,ES00916,1.0,-2.834
2024-07-08,16,ES00791,1.0,-31.096
2024-07-08,16,ES00242,1.0,-13.242
2024-07-08,16,ES00922,1.0,-0.914
2024-07-08,16,ES01220,1.0,45.587
2024-07-08,16,ES00746,1.0,-33.538
2024-07-08,16,ES01046,1.0,-22.891
2024-07-08,16,ES00898,1.0,-43.628
2024-07-08,16,ES00530,1.0,20.273
2024-07-08,16,ES00491,1.0,8.596
2024-07-08,16,ES00461,1.0,-39.81
2024-07-08,16,ES00754,1.0,-21.403
2024-07-08,16,ES00703,1.0,-12.052
2024-07-08,16,ES00675,1.0,-26.356
2024-07-08,16,ES00045,1.0,-42.564
2024-07-08,16,ES00439,1.0,-76.199
2024-07-08,16,ES00532,1.0,46.615
2024-07-08,16,ES00881,1.0,-77.439
2024-07-08,16,ES00443,1.0,-53.658
2024-07-08,16,ES01016,1.0,-33.576
2024-07-08,16,ES00105,1.0,-77.503
2024-07-08,16,ES00552,1.0,-33.349
2024-07-08,16,ES00403,1.0,34.209
2024-07-08,16,ES00702,1.0,-32.082
2024-07-08,16,ES00483,1.0,2.849
2024-07-08,16,ES00737,1.0,-70.408
2024-07-08,16,ES01235,1.0,-77.85
2024-07-08,16,ES00753,1.0,-21.412
2024-07-08,16,ES00299,1.0,4.089
2024-07-08,16,ES00731,1.0,-22.827
2024-07-08,16,ES00395,1.0,42.868
2024-07-08,16,ES01053,1.0,-4.315
2024-07-08,16,ES00784,1.0,-4463.648
2024-07-08,16,ES01121,1.0,-6.74
2024-07-08,16,ES00631,1.0,-44.406
2024-07-08,16,ES00630,1.0,-44.081
2024-07-08,16,ES00050,1.0,-5.7
2024-07-08,16,ES00531,1.0,49.954
2024-07-08,16,ES00165,1.0,-24.261
2024-07-08,16,ES00063,1.0,-45.19
2024-07-08,16,ES00092,1.0,-21.298
2024-07-08,16,ES00217,1.0,-43.605
2024-07-08,16,ES00578,1.0,-40.489
2024-07-08,16,ES00789,1.0,-24.804
2024-07-08,16,ES00960,1.0,-39.483
2024-07-08,16,ES01086,1.0,40.387
2024-07-08,16,ES01013,1.0,-37.052
2024-07-08,16,ES00678,1.0,49.105
2024-07-08,16,ES00821,1.0,57.731
2024-07-08,16,ES00728,1.0,-17.597
2024-07-08,16,ES00549,1.0,-24.251
2024-07-08,16,ES00278,1.0,-41.625
2024-07-08,16,ES00835,1.0,55.73
2024-07-08,16,ES00951,1.0,-14.168
2024-07-08,16,ES00908,1.0,16.759
2024-07-08,16,ES00519,1.0,26.779
2024-07-08,16,ES00289,1.0,-4463.59
2024-07-08,16,ES00462,1.0,-40.393
2024-07-08,16,ES00468,1.0,-45.981
2024-07-08,16,ES00658,1.0,-26.82
2024-07-08,16,ES01026,1.0,-39.209
2024-07-08,16,ES01148,1.0,41.223
2024-07-08,16,ES00788,1.0,-24.526
2024-07-08,16,ES00311,1.0,-12.7
2024-07-08,16,ES00110,1.0,-18.795
2024-07-08,16,ES01166,1.0,30.42
2024-07-08,16,ES01108,1.0,4.054
2024-07-08,16,ES00611,1.0,45.713
2024-07-08,16,ES00954,1.0,26.784
2024-07-08,16,ES00234,1.0,-37.551
2024-07-08,16,ES01048,1.0,-33.351
2024-07-08,16,ES01080,1.0,3.813
2024-07-08,16,ES01035,1.0,-45.919
2024-07-08,16,ES00387,1.0,-48.593
2024-07-08,16,ES01161,1.0,-48.684
2024-07-08,16,ES00176,1.0,-17.15
2024-07-08,16,ES00236,1.0,-36.984
2024-07-08,16,ES00807,1.0,-31.344
2024-07-08,16,ES01227,1.0,-44.452
2024-07-08,16,ES00130,1.0,-15.775
2024-07-08,16,ES00584,1.0,-36.911
2024-07-08,16,ES01248,1.0,38.076
2024-07-08,16,ES00910,1.0,53.314
2024-07-08,16,ES01089,1.0,41.923
2024-07-08,16,ES00729,1.0,-17.603
2024-07-08,16,ES00108,1.0,-22.887
2024-07-08,16,ES00100,1.0,-40.025
2024-07-08,16,ES00602,1.0,-1.138
2024-07-08,16,ES01256,1.0,1.59
2024-07-08,16,ES00046,1.0,-36.824
2024-07-08,16,ES00537,1.0,54.734
2024-07-08,16,ES00447,1.0,-70.667
2024-07-08,16,ES00744,1.0,-47.553
2024-07-08,16,ES00154,1.0,-21.403
2024-07-08,16,ES00150,1.0,0.856
2024-07-08,16,ES00745,1.0,-43.647
2024-07-08,16,ES00457,1.0,-65.404
2024-07-08,16,ES00345,1.0,54.398
2024-07-08,16,ES00183,1.0,43.282
2024-07-08,16,ES00136,1.0,-38.752
2024-07-08,16,ES01251,1.0,37.455
2024-07-08,16,ES00048,1.0,-76.214
2024-07-08,16,ES00265,1.0,-36.127
2024-07-08,16,ES00597,1.0,-43.579
2024-07-08,16,ES00411,1.0,59.539
2024-07-08,16,ES00032,1.0,-2.464
2024-07-08,16,ES00408,1.0,35.836
2024-07-08,16,ES01049,1.0,-75.922
2024-07-08,16,ES00337,1.0,44.866
2024-07-08,16,ES00002,1.0,-0.771
2024-07-08,16,ES01201,1.0,-52.981
2024-07-08,16,ES00186,1.0,43.94
2024-07-08,16,ES01142,1.0,44.565
2024-07-08,16,ES00761,1.0,-61.293
2024-07-08,16,ES00051,1.0,-75.815
2024-07-08,16,ES00858,1.0,-48.931
2024-07-08,16,ES00144,1.0,-1.127
2024-07-08,16,ES00343,1.0,55.723
2024-07-08,16,ES00281,1.0,-42.687
2024-07-08,16,ES01079,1.0,4.613
2024-07-08,16,ES00756,1.0,-75.906
2024-07-08,16,ES00221,1.0,-37.178
2024-07-08,16,ES00617,1.0,-1.143
2024-07-08,16,ES00637,1.0,-0.906
2024-07-08,16,ES00886,1.0,-52.992
2024-07-08,16,ES00841,1.0,-15.864
2024-07-08,16,ES00845,1.0,48.158
2024-07-08,16,ES00240,1.0,-48.481
2024-07-08,16,ES00722,1.0,-39.529
2024-07-08,16,ES00422,1.0,-75.848
2024-07-08,16,ES01065,1.0,-44.71
2024-07-08,16,ES00727,1.0,27.696
2024-07-08,16,ES00037,1.0,-30.306
2024-07-08,16,ES00692,1.0,-33.827
2024-07-08,16,ES01258,1.0,-70.552
2024-07-08,16,ES00764,1.0,-32.467
2024-07-08,16,ES00969,1.0,46.841
2024-07-08,16,ES01222,1.0,-41.809
2024-07-08,16,ES01194,1.0,54.826
2024-07-08,16,ES00930,1.0,8.595
2024-07-08,16,ES00605,1.0,-76.323
2024-07-08,16,ES00796,1.0,-29.379
2024-07-08,16,ES01096,1.0,-0.766
2024-07-08,16,ES00679,1.0,36.786
2024-07-08,16,ES00275,1.0,4.373
2024-07-08,16,ES01162,1.0,-0.759
2024-07-08,16,ES01092,1.0,44.565
2024-07-08,16,ES01147,1.0,-21.021
2024-07-08,16,ES00007,1.0,44.38
2024-07-08,16,ES01188,1.0,-19.795
2024-07-08,16,ES00804,1.0,-31.295
2024-07-08,16,ES00197,1.0,37.567
2024-07-08,16,ES00143,1.0,-0.918
2024-07-08,16,ES00863,1.0,-44.706
2024-07-08,16,ES00947,1.0,-15.817
2024-07-08,16,ES00215,1.0,-42.37
2024-07-08,16,ES00919,1.0,4.968
2024-07-08,16,ES00372,1.0,-55.904
2024-07-08,16,ES00214,1.0,-69.042
2024-07-08,16,ES00685,1.0,0.496
2024-07-08,16,ES00118,1.0,-30.783
2024-07-08,16,ES00286,1.0,-4460.87
2024-07-08,16,ES00516,1.0,-28.212
2024-07-08,16,ES01144,1.0,5.346
2024-07-08,16,ES01036,1.0,-42.697
2024-07-08,16,ES00822,1.0,41.761
2024-07-08,16,ES00428,1.0,-40.977
2024-07-08,16,ES00909,1.0,26.902
2024-07-08,16,ES00551,1.0,-32.383
2024-07-08,16,ES00693,1.0,-28.928
2024-07-08,16,ES00304,1.0,-44.423
2024-07-08,16,ES01173,1.0,47.146
2024-07-08,16,ES00793,1.0,-30.924
2024-07-08,16,ES00018,1.0,3.822
2024-07-08,16,ES00815,1.0,-27.817
2024-07-08,16,ES00805,1.0,-31.339
2024-07-08,16,ES00520,1.0,-76.003
2024-07-08,16,ES00078,1.0,-32.472
2024-07-08,16,ES01197,1.0,29.803
2024-07-08,16,ES00385,1.0,-48.847
2024-07-08,16,ES00074,1.0,-36.381
2024-07-08,16,ES01070,1.0,-1.082
2024-07-08,16,ES00033,1.0,0.092
2024-07-08,16,ES00052,1.0,-75.851
2024-07-08,16,ES01045,1.0,-22.891
2024-07-08,16,ES00121,1.0,-32.903
2024-07-08,16,ES00398,1.0,39.785
2024-07-08,16,ES01084,1.0,-32.023
2024-07-08,16,ES01074,1.0,-28.013
2024-07-08,16,ES00512,1.0,-13.175
2024-07-08,16,ES00929,1.0,11.933
2024-07-08,16,ES00972,1.0,-45.303
2024-07-08,16,ES01175,1.0,55.666
2024-07-08,16,ES00058,1.0,27.719
2024-07-08,16,ES01123,1.0,-28.899
2024-07-08,16,ES00169,1.0,27.951
2024-07-08,16,ES00646,1.0,47.143
2024-07-08,16,ES00283,1.0,-45.943
2024-07-08,16,ES00316,1.0,-40.725
2024-07-08,16,ES00651,1.0,37.481
2024-07-08,16,ES00768,1.0,-52.633
2024-07-08,16,ES00948,1.0,-27.616
2024-07-08,16,ES00920,1.0,-0.967
2024-07-08,16,ES01071,1.0,30.591
2024-07-08,16,ES01225,1.0,43.588
2024-07-08,16,ES00099,1.0,29.651
2024-07-08,16,ES00440,1.0,-55.572
2024-07-08,16,ES00288,1.0,-4465.316
2024-07-08,16,ES00436,1.0,-67.406
2024-07-08,16,ES00966,1.0,-25.294
2024-07-08,16,ES00409,1.0,26.283
2024-07-08,16,ES00653,1.0,-52.17
2024-07-08,16,ES00932,1.0,14.322
2024-07-08,16,ES01118,1.0,5.393
2024-07-08,16,ES00084,1.0,-12.01
2024-07-08,16,ES00328,1.0,66.509
2024-07-08,16,ES00104,1.0,-34.494
2024-07-08,16,ES00413,1.0,-49.84
2024-07-08,16,ES00188,1.0,43.967
2024-07-08,16,ES00270,1.0,-52.387
2024-07-08,16,ES01156,1.0,-45.249
2024-07-08,16,ES00632,1.0,-0.875
2024-07-08,16,ES00352,1.0,7.484
2024-07-08,16,ES00194,1.0,29.978
2024-07-08,16,ES00816,1.0,66.57
2024-07-08,16,ES01195,1.0,54.759
2024-07-08,16,ES01122,1.0,-0.881
2024-07-08,16,ES00307,1.0,-34.28
2024-07-08,16,ES01245,1.0,-21.541
2024-07-08,16,ES00585,1.0,-36.872
2024-07-08,16,ES00423,1.0,-75.659
2024-07-08,16,ES00736,1.0,47.578
2024-07-08,16,ES00865,1.0,-37.543
2024-07-08,16,ES00818,1.0,40.433
2024-07-08,16,ES00847,1.0,42.866
2024-07-08,16,ES01113,1.0,-76.545
2024-07-08,16,ES00988,1.0,-34.558
2024-07-08,16,ES01112,1.0,-13.941
2024-07-08,16,ES00016,1.0,6.825
2024-07-08,16,ES01191,1.0,-43.734
2024-07-08,16,ES00040,1.0,-21.325
2024-07-08,16,ES01081,1.0,-47.313
2024-07-08,16,ES00819,1.0,36.666
2024-07-08,16,ES00128,1.0,-2.293
2024-07-08,16,ES01145,1.0,5.287
2024-07-08,16,ES01214,1.0,42.131
2024-07-08,16,ES00576,1.0,-29.227
2024-07-08,16,ES00141,1.0,-38.905
2024-07-08,16,ES01034,1.0,-45.957
2024-07-08,16,ES00677,1.0,-26.373
2024-07-08,16,ES00926,1.0,-8.74
2024-07-08,16,ES01132,1.0,-35.3
2024-07-08,16,ES00374,1.0,-55.912
2024-07-08,16,ES00041,1.0,-19.995
2024-07-08,16,ES01259,1.0,40.776
2024-07-08,16,ES00478,1.0,53.622
2024-07-08,16,ES00065,1.0,-38.656
2024-07-08,16,ES00712,1.0,27.558
2024-07-08,16,ES00450,1.0,-70.332
2024-07-08,16,ES00365,1.0,1.595
2024-07-08,16,ES00598,1.0,-75.639
2024-07-08,16,ES00624,1.0,-71.262
2024-07-08,16,ES00508,1.0,-13.962
2024-07-08,16,ES00596,1.0,-75.799
2024-07-08,16,ES00548,1.0,-23.525
2024-07-08,16,ES01077,1.0,-0.929
2024-07-08,16,ES00329,1.0,49.702
2024-07-08,16,ES00470,1.0,3.084
2024-07-08,16,ES00723,1.0,-24.24
2024-07-08,16,ES00292,1.0,-4463.628
2024-07-08,16,ES00253,1.0,-32.786
2024-07-08,16,ES00937,1.0,42.689
2024-07-08,16,ES00362,1.0,1.038
2024-07-08,16,ES01179,1.0,-48.296
2024-07-08,16,ES00059,1.0,-21.34
2024-07-08,16,ES00187,1.0,46.868
2024-07-08,16,ES01062,1.0,45.88
2024-07-08,16,ES00418,1.0,-47.313
2024-07-08,16,ES01154,1.0,47.145
2024-07-08,16,ES01093,1.0,36.476
2024-07-08,16,ES00296,1.0,-42.104
2024-07-08,16,ES00424,1.0,62.886
2024-07-08,16,ES00517,1.0,-29.615
2024-07-08,16,ES00353,1.0,4.062
2024-07-08,16,ES00683,1.0,-4460.66
2024-07-08,16,ES00690,1.0,5.225
2024-07-08,16,ES00255,1.0,-32.695
2024-07-08,16,ES00890,1.0,-69.053
2024-07-08,16,ES00666,1.0,-48.295
2024-07-08,16,ES00465,1.0,-41.631
2024-07-08,16,ES00786,1.0,-23.041
2024-07-08,16,ES00946,1.0,-15.859
2024-07-08,16,ES00127,1.0,-1.462
2024-07-08,16,ES01021,1.0,-37.101
2024-07-08,16,ES00955,1.0,34.0
2024-07-08,16,ES00893,1.0,-40.264
2024-07-08,16,ES00832,1.0,53.036
2024-07-08,16,ES00639,1.0,-1.959
2024-07-08,16,ES00180,1.0,46.349
2024-07-08,16,ES00257,1.0,-33.141
2024-07-08,16,ES00896,1.0,-41.676
2024-07-08,16,ES00799,1.0,-29.684
2024-07-08,16,ES00700,1.0,-18.53
2024-07-08,16,ES00245,1.0,-0.669
2024-07-08,16,ES00755,1.0,-75.406
2024-07-08,16,ES01010,1.0,-32.962
2024-07-08,16,ES00399,1.0,39.996
2024-07-08,16,ES00843,1.0,-64.98
2024-07-08,16,ES00263,1.0,-36.941
2024-07-08,16,ES00687,1.0,5.972
2024-07-08,16,ES00498,1.0,40.26
2024-07-08,16,ES00749,1.0,-29.1
2024-07-08,16,ES00035,1.0,43.892
2024-07-08,16,ES01019,1.0,-40.793
2024-07-08,16,ES00131,1.0,-4.584
2024-07-08,16,ES01232,1.0,-37.662
2024-07-08,16,ES00368,1.0,-13.693
2024-07-08,16,ES00698,1.0,-32.206
2024-07-08,16,ES00497,1.0,22.834
2024-07-08,16,ES00561,1.0,-74.928
2024-07-08,16,ES00905,1.0,1.333
2024-07-08,16,ES00777,1.0,-25.077
2024-07-08,16,ES01168,1.0,-70.307
2024-07-08,16,ES00142,1.0,-39.53
2024-07-08,16,ES00836,1.0,9.319
2024-07-08,16,ES00416,1.0,-36.437
2024-07-08,16,ES00485,1.0,1.923
2024-07-08,16,ES00554,1.0,-32.004
2024-07-08,16,ES00027,1.0,-35.062
2024-07-08,16,ES00891,1.0,-69.366
2024-07-08,16,ES00506,1.0,40.992
2024-07-08,16,ES00986,1.0,-34.887
2024-07-08,16,ES00878,1.0,-70.314
2024-07-08,16,ES01047,1.0,-39.373
2024-07-08,16,ES00425,1.0,-37.431
2024-07-08,16,ES00716,1.0,25.963
2024-07-08,16,ES00814,1.0,3.801
2024-07-08,16,ES00654,1.0,-0.822
2024-07-08,16,ES00120,1.0,-34.701
2024-07-08,16,ES00087,1.0,-11.993
2024-07-08,16,ES00258,1.0,-35.37
2024-07-08,16,ES00181,1.0,43.601
2024-07-08,16,ES00089,1.0,-8.818
2024-07-08,16,ES00499,1.0,37.005
2024-07-08,16,ES00198,1.0,-42.368
2024-07-08,16,ES01130,1.0,-44.081
2024-07-08,16,ES01120,1.0,-0.902
2024-07-08,16,ES00934,1.0,36.293
2024-07-08,16,ES01095,1.0,53.848
2024-07-08,16,ES00445,1.0,-55.661
2024-07-08,16,ES00935,1.0,41.953
2024-07-08,16,ES00567,1.0,3.078
2024-07-08,16,ES01244,1.0,-41.694
2024-07-08,16,ES00205,1.0,-76.934
2024-07-08,16,ES00660,1.0,4.551
2024-07-08,16,ES01216,1.0,-43.86
2024-07-08,16,ES00149,1.0,-0.771
2024-07-08,16,ES00964,1.0,-65.45
2024-07-08,16,ES01058,1.0,48.947
2024-07-08,16,ES00259,1.0,-35.116
2024-07-08,16,ES00294,1.0,-42.144
2024-07-08,16,ES00080,1.0,-52.989
2024-07-08,16,ES00363,1.0,-12.483
2024-07-08,16,ES01200,1.0,-11.459
2024-07-08,16,ES00421,1.0,-47.7
2024-07-08,16,ES00434,1.0,-39.189
2024-07-08,16,ES00523,1.0,42.336
2024-07-08,16,ES01180,1.0,55.16
2024-07-08,16,ES00980,1.0,-40.771
2024-07-08,16,ES01167,1.0,4.044
2024-07-08,16,ES00330,1.0,40.504
2024-07-08,16,ES00287,1.0,-4462.719
2024-07-08,16,ES00827,1.0,55.21
2024-07-08,16,ES01163,1.0,40.433
2024-07-08,16,ES01255,1.0,-25.305
2024-07-08,16,ES00580,1.0,-41.957
2024-07-08,16,ES00953,1.0,43.415
2024-07-08,16,ES00682,1.0,-1.25
2024-07-08,16,ES00915,1.0,-0.267
2024-07-08,16,ES00015,1.0,5.712
2024-07-08,16,ES01204,1.0,-53.126
2024-07-08,16,ES00503,1.0,42.842
2024-07-08,16,ES00794,1.0,-36.183
2024-07-08,16,ES01015,1.0,-29.227
2024-07-08,16,ES00254,1.0,-34.272
2024-07-08,16,ES00173,1.0,-39.856
2024-07-08,16,ES00251,1.0,-25.386
2024-07-08,16,ES00662,1.0,11.25
2024-07-08,16,ES00899,1.0,-43.719
2024-07-08,16,ES00068,1.0,11.252
2024-07-08,16,ES00534,1.0,-42.674
2024-07-08,16,ES00859,1.0,-40.47
2024-07-08,16,ES00076,1.0,3.271
2024-07-08,16,ES00189,1.0,46.809
2024-07-08,16,ES01192,1.0,-48.32
2024-07-08,16,ES00396,1.0,42.747
2024-07-08,16,ES00103,1.0,-36.82
2024-07-08,16,ES00358,1.0,-5.266
2024-07-08,16,ES00996,1.0,-6.614
2024-07-08,16,ES00725,1.0,26.824
2024-07-08,16,ES00879,1.0,-70.062
2024-07-08,16,ES00158,1.0,27.13
2024-07-08,16,ES00053,1.0,-68.979
2024-07-08,16,ES00656,1.0,-77.498
2024-07-08,16,ES00974,1.0,-46.293
2024-07-08,16,ES01183,1.0,54.652
2024-07-08,16,ES00571,1.0,-39.298
2024-07-08,16,ES00111,1.0,-19.188
2024-07-08,16,ES00730,1.0,-25.995
2024-07-08,16,ES00093,1.0,-33.87
2024-07-08,16,ES00010,1.0,27.345
2024-07-08,16,ES00308,1.0,-34.067
2024-07-08,16,ES00779,1.0,-36.317
2024-07-08,16,ES01150,1.0,39.843
2024-07-08,16,ES00708,1.0,-13.102
2024-07-08,16,ES00324,1.0,-7.051
2024-07-08,16,ES01205,1.0,-58.142
2024-07-08,16,ES00062,1.0,-25.782
2024-07-08,16,ES00672,1.0,-40.422
2024-07-08,16,ES00449,1.0,-77.63
2024-07-08,16,ES00866,1.0,-40.803
2024-07-08,16,ES00393,1.0,0.685
2024-07-08,16,ES01164,1.0,8.008
2024-07-08,16,ES00638,1.0,2.852
2024-07-08,16,ES00842,1.0,-56.146
2024-07-08,16,ES00086,1.0,-14.16
2024-07-08,16,ES00526,1.0,-81.544
2024-07-08,16,ES00155,1.0,-21.345
2024-07-08,16,ES00921,1.0,0.493
2024-07-08,16,ES00472,1.0,14.573
2024-07-08,16,ES00248,1.0,-32.569
2024-07-08,16,ES00524,1.0,-76.697
2024-07-08,16,ES00402,1.0,38.979
2024-07-08,16,ES00490,1.0,12.98
2024-07-08,16,ES00271,1.0,-2.112
2024-07-08,16,ES00664,1.0,-11.493
2024-07-08,16,ES00709,1.0,-77.542
2024-07-08,16,ES00981,1.0,-37.687
2024-07-08,16,ES00582,1.0,-42.084
2024-07-08,16,ES00785,1.0,-25.305
2024-07-08,16,ES00838,1.0,-2.512
2024-07-08,16,ES01109,1.0,-16.593
2024-07-08,16,ES01061,1.0,45.768
2024-07-08,16,ES00382,1.0,-70.626
2024-07-08,16,ES00190,1.0,43.957
2024-07-08,16,ES01024,1.0,-40.358
2024-07-08,16,ES00264,1.0,-37.134
2024-07-08,16,ES00949,1.0,-27.965
2024-07-08,16,ES01239,1.0,-45.194
2024-07-08,16,ES00489,1.0,0.489
2024-07-08,16,ES00107,1.0,-22.119
2024-07-08,16,ES00102,1.0,-37.376
2024-07-08,16,ES00069,1.0,22.787
2024-07-08,16,ES00285,1.0,-4461.188
2024-07-08,16,ES00883,1.0,-77.195
2024-07-08,16,ES00640,1.0,-40.481
2024-07-08,16,ES01055,1.0,-34.42
2024-07-08,16,ES01176,1.0,-38.052
2024-07-08,16,ES00750,1.0,-27.722
2024-07-08,16,ES00013,1.0,4.666
2024-07-08,16,ES00904,1.0,1.895
2024-07-08,16,ES01067,1.0,1.492
2024-07-08,16,ES01059,1.0,42.05
2024-07-08,16,ES01185,1.0,-34.199
2024-07-08,16,ES00854,1.0,36.005
2024-07-08,16,ES00038,1.0,-38.927
2024-07-08,16,ES00968,1.0,43.181
2024-07-08,16,ES00191,1.0,52.782
2024-07-08,16,ES00202,1.0,-0.932
2024-07-08,16,ES00704,1.0,-34.592
2024-07-08,16,ES00772,1.0,-35.672
2024-07-08,16,ES00066,1.0,-33.979
2024-07-08,16,ES00471,1.0,2.704
2024-07-08,16,ES00553,1.0,-33.014
2024-07-08,16,ES00480,1.0,-0.825
2024-07-08,16,ES00391,1.0,7.75
2024-07-08,16,ES00738,1.0,-1.103
2024-07-08,16,ES00771,1.0,-37.489
2024-07-08,16,ES00405,1.0,45.869
2024-07-08,16,ES00239,1.0,-36.74
2024-07-08,16,ES00773,1.0,-37.465
2024-07-08,16,ES00569,1.0,3.034
2024-07-08,16,ES00705,1.0,-32.213
2024-07-08,16,ES00823,1.0,52.985
2024-07-08,16,ES00583,1.0,-42.646
2024-07-08,16,ES00454,1.0,-70.229
2024-07-08,16,ES00875,1.0,-70.667
2024-07-08,16,ES00115,1.0,-30.709
2024-07-08,16,ES00354,1.0,14.322
2024-07-08,16,ES00971,1.0,-39.746
2024-07-08,16,ES00342,1.0,54.332
2024-07-08,16,ES01115,1.0,49.162
2024-07-08,16,ES00681,1.0,-35.302
2024-07-08,16,ES00614,1.0,-27.966
2024-07-08,16,ES01088,1.0,-1.143
2024-07-08,16,ES01029,1.0,-42.848
2024-07-08,16,ES00373,1.0,-56.028
2024-07-08,16,ES00209,1.0,-77.437
2024-07-08,16,ES00600,1.0,-67.325
2024-07-08,16,ES00282,1.0,-47.719
2024-07-08,16,ES01247,1.0,37.702
2024-07-08,16,ES00810,1.0,-1.682
2024-07-08,16,ES01153,1.0,63.473
2024-07-08,16,ES00586,1.0,-42.74
2024-07-08,16,ES00763,1.0,-34.234
2024-07-08,16,ES00262,1.0,-36.539
2024-07-08,16,ES00129,1.0,-15.929
2024-07-08,16,ES00691,1.0,-26.82
2024-07-08,16,ES00433,1.0,-39.457
2024-07-08,16,ES00862,1.0,-45.346
2024-07-08,16,ES00210,1.0,-74.388
2024-07-08,16,ES01151,1.0,40.885
2024-07-08,16,ES00047,1.0,-75.947
2024-07-08,16,ES00928,1.0,11.923
2024-07-08,16,ES00219,1.0,-83.821
2024-07-08,16,ES01073,1.0,36.9
2024-07-08,16,ES00514,1.0,-27.774
2024-07-08,16,ES00241,1.0,-14.021
2024-07-08,16,ES00212,1.0,-75.291
2024-07-08,16,ES00970,1.0,-39.792
2024-07-08,16,ES00952,1.0,-28.212
2024-07-08,16,ES00991,1.0,-33.342
2024-07-08,16,ES01149,1.0,41.198
2024-07-08,16,ES00225,1.0,-38.051
2024-07-08,16,ES00346,1.0,51.102
2024-07-08,16,ES01221,1.0,46.101
2024-07-08,16,ES00613,1.0,40.185
2024-07-08,16,ES00161,1.0,-25.349
2024-07-08,16,ES00060,1.0,-18.747
2024-07-08,16,ES00775,1.0,-38.753
2024-07-08,16,ES00232,1.0,-36.655
2024-07-08,16,ES00667,1.0,-48.288
2024-07-08,16,ES00592,1.0,-43.027
2024-07-08,16,ES00011,1.0,-76.257
2024-07-08,16,ES00545,1.0,-27.573
2024-07-08,16,ES00989,1.0,-23.525
2024-07-08,16,ES00486,1.0,2.086
2024-07-08,16,ES00280,1.0,-23.903
2024-07-08,16,ES00401,1.0,42.823
2024-07-08,16,ES00334,1.0,57.323
2024-07-08,16,ES00633,1.0,46.88
2024-07-08,16,ES00860,1.0,-40.47
2024-07-08,16,ES00778,1.0,-38.541
2024-07-08,16,ES01017,1.0,-16.237
2024-07-08,16,ES00095,1.0,-40.375
2024-07-08,16,ES01172,1.0,-39.89
2024-07-08,16,ES00297,1.0,-39.148
2024-07-08,16,ES01234,1.0,-1.139
2024-07-08,16,ES00976,1.0,61.061
2024-07-08,16,ES00156,1.0,-25.336
2024-07-08,16,ES00467,1.0,-44.698
2024-07-08,16,ES00562,1.0,-74.094
2024-07-08,16,ES00978,1.0,52.173
2024-07-08,16,ES00302,1.0,-48.356
2024-07-08,16,ES00162,1.0,-25.274
2024-07-08,16,ES00853,1.0,28.309
2024-07-08,16,ES01119,1.0,-40.907
2024-07-08,16,ES00541,1.0,-40.9
2024-07-08,16,ES01170,1.0,27.909
2024-07-08,16,ES00851,1.0,28.393
2024-07-08,16,ES00942,1.0,-21.209
2024-07-08,16,ES00226,1.0,-35.306
2024-07-08,16,ES01240,1.0,3.763
2024-07-08,16,ES00826,1.0,54.975
2024-07-08,16,ES00536,1.0,-46.109
2024-07-08,16,ES01105,1.0,3.613
2024-07-08,16,ES00026,1.0,-33.123
2024-07-08,16,ES00963,1.0,-26.578
2024-07-08,16,ES01003,1.0,-24.183
2024-07-08,16,ES01159,1.0,-45.199
2024-07-08,16,ES00233,1.0,-76.052
2024-07-08,16,ES01211,1.0,47.169
2024-07-08,16,ES00397,1.0,41.034
2024-07-08,16,ES00261,1.0,-35.967
2024-07-08,16,ES00331,1.0,42.366
2024-07-08,16,ES01043,1.0,-75.64
2024-07-08,16,ES00673,1.0,24.953
2024-07-08,16,ES00152,1.0,-39.808
2024-07-08,16,ES00782,1.0,-42.698
2024-07-08,16,ES00122,1.0,-25.718
2024-07-08,16,ES00305,1.0,-30.943
2024-07-08,16,ES00178,1.0,42.135
2024-07-08,16,ES00146,1.0,0.62
2024-07-08,16,ES01104,1.0,-1.12
2024-07-08,16,ES00504,1.0,41.952
2024-07-08,16,ES00834,1.0,54.738
2024-07-08,16,ES01210,1.0,40.389
2024-07-08,16,ES00321,1.0,-42.064
2024-07-08,16,ES00295,1.0,-39.101
2024-07-08,16,ES00020,1.0,-0.517
2024-07-08,16,ES01213,1.0,0.975
2024-07-08,16,ES00715,1.0,-21.446
2024-07-08,16,ES00538,1.0,60.641
2024-07-08,16,ES00846,1.0,43.272
2024-07-08,16,ES00758,1.0,-37.617
2024-07-08,16,ES01116,1.0,-33.496
2024-07-08,16,ES00628,1.0,-48.903
2024-07-08,16,ES00123,1.0,-30.824
2024-07-08,16,ES00621,1.0,-25.3
2024-07-08,16,ES00303,1.0,-46.029
2024-07-08,16,ES01014,1.0,-26.852
2024-07-08,16,ES01038,1.0,-40.984
2024-07-08,16,ES01032,1.0,-42.974
2024-07-08,16,ES01237,1.0,-48.296
2024-07-08,16,ES00606,1.0,-75.955
2024-07-08,16,ES01238,1.0,-45.198
2024-07-08,16,ES01190,1.0,-11.493
2024-07-08,16,ES00426,1.0,-33.14
2024-07-08,16,ES00320,1.0,-42.065
2024-07-08,16,ES00872,1.0,-75.436
2024-07-08,16,ES00319,1.0,-42.844
2024-07-08,16,ES00622,1.0,-25.288
2024-07-08,16,ES00466,1.0,-43.68
2024-07-08,16,ES00266,1.0,-36.945
2024-07-08,16,ES00298,1.0,5.566
2024-07-08,16,ES01052,1.0,18.689
2024-07-08,16,ES00184,1.0,43.901
2024-07-08,16,ES00811,1.0,-1.941
2024-07-08,16,ES00371,1.0,-56.019
2024-07-08,16,ES01030,1.0,-42.361
2024-07-08,16,ES00924,1.0,4.071
2024-07-08,16,ES00389,1.0,4.404
2024-07-08,16,ES00085,1.0,-36.493
2024-07-08,16,ES00573,1.0,-36.856
2024-07-08,16,ES00030,1.0,-2.394
2024-07-08,16,ES00312,1.0,-0.914
2024-07-08,16,ES00574,1.0,-32.961
2024-07-08,16,ES01075,1.0,3.336
2024-07-08,16,ES00648,1.0,-5.024
2024-07-08,16,ES00837,1.0,3.339
2024-07-08,16,ES00594,1.0,-40.617
2024-07-08,16,ES01157,1.0,-31.304
2024-07-08,16,ES00941,1.0,-16.288
2024-07-08,16,ES00075,1.0,-6.782
2024-07-08,16,ES01228,1.0,-25.344
2024-07-08,16,ES00676,1.0,-26.327
2024-07-08,16,ES00463,1.0,-40.385
2024-07-08,16,ES00542,1.0,-40.771
2024-07-08,16,ES00867,1.0,-22.172
2024-07-08,16,ES00211,1.0,-67.781
2024-07-08,16,ES00849,1.0,42.755
2024-07-08,16,ES00864,1.0,-44.901
2024-07-08,16,ES00695,1.0,-19.64
2024-07-08,16,ES00227,1.0,-36.151
2024-07-08,16,ES00719,1.0,-41.954
2024-07-08,16,ES00806,1.0,-31.337
2024-07-08,16,ES00876,1.0,-70.659
2024-07-08,16,ES00747,1.0,-36.151
2024-07-08,16,ES00888,1.0,-83.935
2024-07-08,16,ES01117,1.0,14.562
2024-07-08,16,ES00706,1.0,-32.938
2024-07-08,16,ES00694,1.0,-12.708
2024-07-08,16,ES00839,1.0,-3.405
2024-07-08,16,ES00228,1.0,-75.787
2024-07-08,16,ES01050,1.0,-55.913
2024-07-08,16,ES01212,1.0,47.67
2024-07-08,16,ES00164,1.0,-25.142
2024-07-08,16,ES00699,1.0,-39.109
2024-07-08,16,ES00720,1.0,-42.045
2024-07-08,16,ES00145,1.0,-0.757
2024-07-08,16,ES00643,1.0,39.855
2024-07-08,16,ES01009,1.0,-21.349
2024-07-08,16,ES00979,1.0,51.437
2024-07-08,16,ES00435,1.0,-75.39
2024-07-08,16,ES00113,1.0,-35.276
2024-07-08,16,ES00495,1.0,40.373
2024-07-08,16,ES00448,1.0,-77.791
2024-07-08,16,ES00325,1.0,0.551
2024-07-08,16,ES00272,1.0,-36.082
2024-07-08,16,ES00593,1.0,-42.695
2024-07-08,16,ES00560,1.0,-6.615
2024-07-08,16,ES00901,1.0,-46.004
2024-07-08,16,ES01129,1.0,-44.063
2024-07-08,16,ES00803,1.0,-31.298
2024-07-08,16,ES00669,1.0,35.611
2024-07-08,16,ES00882,1.0,-76.758
2024-07-08,16,ES00634,1.0,-6.713
2024-07-08,16,ES00174,1.0,-37.632
2024-07-08,16,ES01174,1.0,-5.368
2024-07-08,16,ES00659,1.0,-3.593
2024-07-08,16,ES00348,1.0,7.1
2024-07-08,16,ES00652,1.0,54.654
2024-07-08,16,ES00322,1.0,-42.756
2024-07-08,16,ES00505,1.0,40.728
2024-07-08,16,ES00767,1.0,-36.668
2024-07-08,16,ES00481,1.0,-4.301
2024-07-08,16,ES00315,1.0,-26.62
2024-07-08,16,ES00757,1.0,-37.083
2024-07-08,16,ES00572,1.0,-36.574
2024-07-08,16,ES01069,1.0,-37.687
2024-07-08,16,ES00840,1.0,-27.884
2024-07-08,16,ES00067,1.0,6.112
2024-07-08,16,ES00626,1.0,-78.819
2024-07-08,16,ES00347,1.0,3.524
2024-07-08,16,ES00540,1.0,54.302
2024-07-08,16,ES00455,1.0,-69.401
2024-07-08,16,ES00645,1.0,47.146
2024-07-08,16,ES00109,1.0,-17.792
2024-07-08,16,ES00323,1.0,-40.466
2024-07-08,16,ES01137,1.0,-25.337
2024-07-08,16,ES00220,1.0,-43.142
2024-07-08,16,ES01207,1.0,-46.536
2024-07-08,16,ES01078,1.0,34.46
2024-07-08,16,ES00830,1.0,52.823
2024-07-08,16,ES00944,1.0,-13.178
2024-07-08,16,ES00769,1.0,-1.565
2024-07-08,16,ES00798,1.0,-29.596
2024-07-08,16,ES00829,1.0,52.894
2024-07-08,16,ES00774,1.0,-35.66
2024-07-08,16,ES01230,1.0,-26.373
2024-07-08,16,ES00668,1.0,-4.844
2024-07-08,16,ES00665,1.0,-43.724
2024-07-08,16,ES00361,1.0,9.436
2024-07-08,16,ES01076,1.0,3.275
2024-07-08,16,ES00792,1.0,-30.798
2024-07-08,16,ES00546,1.0,-23.993
2024-07-08,16,ES00871,1.0,-39.247
2024-07-08,16,ES00237,1.0,-36.988
2024-07-08,16,ES00208,1.0,-60.706
2024-07-08,16,ES00825,1.0,55.237
2024-07-08,16,ES00938,1.0,43.86
2024-07-08,16,ES00301,1.0,-45.897
2024-07-08,16,ES00167,1.0,28.617
2024-07-08,16,ES00383,1.0,-58.125
2024-07-08,16,ES01223,1.0,26.41
2024-07-08,16,ES00126,1.0,-22.288
2024-07-08,16,ES00229,1.0,-68.753
2024-07-08,16,ES01253,1.0,62.939
2024-07-08,16,ES00558,1.0,-37.545
2024-07-08,16,ES00999,1.0,-65.404
2024-07-08,16,ES00962,1.0,-74.135
2024-07-08,16,ES01044,1.0,-67.318
2024-07-08,16,ES00650,1.0,47.697
2024-07-08,16,ES00696,1.0,-18.88
2024-07-08,16,ES01193,1.0,25.976
2024-07-08,16,ES01181,1.0,48.228
2024-07-08,16,ES01202,1.0,15.369
2024-07-08,16,ES01114,1.0,-76.07
2024-07-08,16,ES00515,1.0,-13.881
2024-07-08,16,ES00496,1.0,25.222
2024-07-08,16,ES00474,1.0,4.071
2024-07-08,16,ES00364,1.0,1.282
2024-07-08,16,ES01160,1.0,-40.284
2024-07-08,16,ES00400,1.0,40.521
2024-07-08,16,ES00817,1.0,29.651
2024-07-08,16,ES01040,1.0,-41.137
2024-07-08,16,ES00004,1.0,-68.547
2024-07-08,16,ES00224,1.0,-29.337
2024-07-08,16,ES00759,1.0,-37.581
2024-07-08,16,ES00213,1.0,-74.064
2024-07-08,16,ES00697,1.0,-44.319
2024-07-08,16,ES00135,1.0,-31.991
2024-07-08,16,ES00332,1.0,49.028
2024-07-08,16,ES00243,1.0,-27.597
2024-07-08,16,ES00134,1.0,-39.745
2024-07-08,16,ES00376,1.0,-64.508
2024-07-08,16,ES00579,1.0,-39.168
2024-07-08,16,ES00249,1.0,-34.465
2024-07-08,16,ES00469,1.0,-49.223
2024-07-08,16,ES00762,1.0,-13.84
2024-07-08,16,ES00565,1.0,-26.851
2024-07-08,16,ES00686,1.0,-0.762
2024-07-08,16,ES00378,1.0,-55.415
2024-07-08,16,ES00310,1.0,-22.51
2024-07-08,16,ES00889,1.0,-74.065
2024-07-08,16,ES00570,1.0,-39.421
2024-07-08,16,ES00543,1.0,-21.794
2024-07-08,16,ES00414,1.0,-48.281
2024-07-08,16,ES00132,1.0,-21.446
2024-07-08,16,ES00473,1.0,-0.658
2024-07-08,16,ES01054,1.0,-31.962
2024-07-08,16,ES00809,1.0,-42.044
2024-07-08,16,ES00623,1.0,55.033
2024-07-08,16,ES00742,1.0,-47.553
2024-07-08,16,ES00119,1.0,-34.99
2024-07-08,16,ES00848,1.0,40.526
2024-07-08,16,ES00042,1.0,-32.509
2024-07-08,16,ES00028,1.0,-2.429
2024-07-08,16,ES00790,1.0,-23.991
2024-07-08,16,ES00384,1.0,-61.312
2024-07-08,16,ES00442,1.0,-55.467
2024-07-08,16,ES00350,1.0,11.425
2024-07-08,16,ES00906,1.0,10.146
2024-07-08,16,ES00293,1.0,-24.959
2024-07-08,16,ES00412,1.0,-48.931
2024-07-08,16,ES00317,1.0,-31.108
2024-07-08,16,ES00166,1.0,26.714
2024-07-08,16,ES00484,1.0,16.383
2024-07-08,16,ES00284,1.0,-41.666
2024-07-08,16,ES00856,1.0,-36.437
2024-07-08,16,ES00739,1.0,-25.323
2024-07-08,16,ES00025,1.0,-26.314
2024-07-08,16,ES00114,1.0,-34.911
2024-07-08,16,ES00688,1.0,4.985
2024-07-08,16,ES00031,1.0,-0.103
2024-07-08,16,ES00277,1.0,-25.077
2024-07-08,16,ES00874,1.0,-76.802
2024-07-08,16,ES00897,1.0,-41.642
2024-07-08,16,ES00487,1.0,-2.046
2024-07-08,16,ES01000,1.0,-53.118
2024-07-08,16,ES00967,1.0,16.535
2024-07-08,16,ES01023,1.0,-46.045
2024-07-08,16,ES00415,1.0,-48.044
2024-07-08,16,ES00482,1.0,3.059
2024-07-08,16,ES00355,1.0,0.284
2024-07-08,16,ES00153,1.0,-32.17
2024-07-08,16,ES00997,1.0,-74.094
2024-07-08,16,ES00765,1.0,-32.698
2024-07-08,16,ES00333,1.0,57.731
2024-07-08,16,ES00873,1.0,-76.815
2024-07-08,16,ES01039,1.0,-40.5
2024-07-08,16,ES00313,1.0,-25.438
2024-07-08,16,ES00684,1.0,-0.781
2024-07-08,16,ES00957,1.0,-19.954
2024-07-08,16,ES00734,1.0,-23.766
2024-07-08,16,ES00380,1.0,-58.238
2024-07-08,16,ES00918,1.0,4.082
2024-07-08,16,ES00590,1.0,-46.064
2024-07-08,16,ES00124,1.0,-25.069
2024-07-08,16,ES01217,1.0,23.23
2024-07-08,16,ES00950,1.0,-13.929
2024-07-08,16,ES00070,1.0,-39.179
2024-07-08,16,ES01056,1.0,-31.465
2024-07-08,16,ES01134,1.0,36.736
2024-07-08,16,ES01236,1.0,-48.917
2024-07-08,16,ES00914,1.0,0.51
2024-07-08,16,ES01257,1.0,55.181
2024-07-08,16,ES00201,1.0,-1.241
2024-07-08,16,ES00341,1.0,54.085
2024-07-08,16,ES01143,1.0,-45.979
2024-07-08,16,ES01020,1.0,-43.205
2024-07-08,16,ES00351,1.0,14.188
2024-07-08,16,ES00147,1.0,-0.64
2024-07-08,16,ES00655,1.0,-77.533
2024-07-08,16,ES01022,1.0,-45.625
2024-07-08,16,ES00274,1.0,7.808
2024-07-08,16,ES00437,1.0,-75.428
2024-07-08,16,ES00609,1.0,-31.261
2024-07-08,16,ES01125,1.0,-71.302
2024-07-08,16,ES01012,1.0,-34.551
2024-07-08,16,ES00568,1.0,3.056
2024-07-08,16,ES00661,1.0,-5.408
2024-07-08,16,ES00741,1.0,-77.19
2024-07-08,16,ES00339,1.0,53.341
2024-07-08,16,ES00608,1.0,-40.861
2024-07-08,16,ES00417,1.0,-48.895
2024-07-08,16,ES00718,1.0,-42.027
2024-07-08,16,ES01158,1.0,-37.548
2024-07-08,16,ES00309,1.0,-31.947
